name,num_images,mean_psnr,mean_ssim,gain_vs_lfv1_psnr,gain_vs_baseline_psnr,median_delta_lfv1_psnr,p10_delta_lfv1_psnr,p90_delta_lfv1_psnr,three_way_accuracy,two_way_accuracy_on_pair_rows,residual_selection_count,lfv1_selection_count,baseline_selection_count,residual_precision_vs_lfv1,residual_recall_vs_lfv1,lost_lfv1_gain_selected_count,residual_worst_selected_count,residual_beats_both_selected_count,mitigates_lfv1_regression_selected_count,feature,threshold,op,feature_class,selected_fraction
rule,20,31.801926952040255,0.9834922462701797,0.5439058973206556,0.264620921023611,0.0,0.0,1.4852778838082745,0.65,1.0,9,11,0,1.0,1.0,0,0,7,1,rescalib_from_lfv1_residual_error_ratio,0.9824388059479605,<=,gt_aware_diagnostic,0.45
rule,20,31.801926952040255,0.9834922462701797,0.5439058973206556,0.264620921023611,0.0,0.0,1.4852778838082745,0.65,1.0,9,11,0,1.0,1.0,0,0,7,1,rescalib_from_lfv1_lf_mse_delta,-4.614243880496353e-06,<=,gt_aware_diagnostic,0.45
rule,20,31.797706230968153,0.983443534374237,0.5396851762485528,0.26040019995150826,0.0,0.0,1.4852778838082745,0.65,0.95,10,10,0,0.9,1.0,0,0,7,1,rescalib_from_lfv1_residual_error_ratio,1.0082598147080999,<=,gt_aware_diagnostic,0.5
rule,20,31.797706230968153,0.983443534374237,0.5396851762485528,0.26040019995150826,0.0,0.0,1.4852778838082745,0.65,0.95,10,10,0,0.9,1.0,0,0,7,1,rescalib_from_lfv1_lf_mse_delta,6.556219886988401e-07,<=,gt_aware_diagnostic,0.5
rule,20,31.794215727624163,0.9834696978330613,0.5361946729045677,0.25690969660752305,0.0,-0.006981006687970399,1.4852778838082745,0.6,0.9,11,9,0,0.8181818181818182,1.0,0,0,7,1,rescalib_from_lfv1_residual_cosine,0.26059222146868705,>=,gt_aware_diagnostic,0.55
rule,20,31.794215727624163,0.9834696978330613,0.5361946729045677,0.25690969660752305,0.0,-0.006981006687970399,1.4852778838082745,0.6,0.9,11,9,0,0.8181818181818182,1.0,0,0,7,1,rescalib_from_lfv1_residual_error_ratio,1.0345998369639884,<=,gt_aware_diagnostic,0.55
rule,20,31.794215727624163,0.9834696978330613,0.5361946729045677,0.25690969660752305,0.0,-0.006981006687970399,1.4852778838082745,0.6,0.9,11,9,0,0.8181818181818182,1.0,0,0,7,1,rescalib_from_lfv1_lf_mse_delta,4.075533070135858e-06,<=,gt_aware_diagnostic,0.55
rule,20,31.789689465079228,0.9834840923547745,0.5316684103596284,0.2523834340625838,0.0,0.0,1.4852778838082745,0.65,0.95,8,12,0,1.0,0.8888888888888888,0,0,7,1,rescalib_from_lfv1_lf_mse_delta,-3.886825725203383e-05,<=,gt_aware_diagnostic,0.4
rule,20,31.789689465079228,0.9834840923547745,0.5316684103596284,0.2523834340625838,0.0,0.0,1.4852778838082745,0.65,0.95,8,12,0,1.0,0.8888888888888888,0,0,7,1,residual_color_regression_vs_lfv1,-0.03826589584350588,<=,gt_aware_diagnostic,0.4
rule,20,31.785848630913883,0.9834916651248932,0.5278275761942842,0.24854259989723956,0.0,0.0,1.4852778838082745,0.6,0.95,8,12,0,1.0,0.8888888888888888,0,0,6,1,rescalib_from_lfv1_residual_error_ratio,0.9600234399364727,<=,gt_aware_diagnostic,0.4
rule,20,31.782358127569893,0.9835178285837174,0.524337072850299,0.24505209655325438,0.0,0.0,1.4852778838082745,0.55,0.9,9,11,0,0.8888888888888888,0.8888888888888888,0,0,6,1,rescalib_from_lfv1_residual_cosine,0.32276965528726576,>=,gt_aware_diagnostic,0.45
rule,20,31.782358127569893,0.9835178285837174,0.524337072850299,0.24505209655325438,0.0,0.0,1.4852778838082745,0.55,0.9,9,11,0,0.8888888888888888,0.8888888888888888,0,0,6,1,rescalib_from_lfv1_luma_residual_cosine,0.32728985399007793,>=,gt_aware_diagnostic,0.45
rule,20,31.77813740649779,0.9834691166877747,0.5201163517781963,0.2408313754811516,0.0,-0.006981006687970399,1.4852778838082745,0.55,0.85,10,10,0,0.8,0.8888888888888888,0,0,6,1,rescalib_from_lfv1_residual_cosine,0.2952583581209183,>=,gt_aware_diagnostic,0.5
rule,20,31.77764670186095,0.9835476011037827,0.5196256471413505,0.24034067084430594,0.0,-0.07127050233593905,1.4852778838082745,0.55,0.85,12,8,0,0.75,1.0,1,0,7,1,rescalib_from_lfv1_residual_error_ratio,1.060601706939806,<=,gt_aware_diagnostic,0.6
rule,20,31.77764670186095,0.9835476011037827,0.5196256471413505,0.24034067084430594,0.0,-0.07127050233593905,1.4852778838082745,0.55,0.85,12,8,0,0.75,1.0,1,0,7,1,rescalib_from_lfv1_lf_mse_delta,2.3478321963921203e-05,<=,gt_aware_diagnostic,0.6
rule,20,31.773611143952856,0.983483511209488,0.515590089233257,0.2363051129362123,0.0,0.0,1.4852778838082745,0.6,0.9,7,13,0,1.0,0.7777777777777778,0,0,6,1,rescalib_from_lfv1_residual_error_ratio,0.951032889645463,<=,gt_aware_diagnostic,0.35
rule,20,31.770120640608866,0.9835096746683121,0.5120995858892717,0.23281460959222713,0.0,0.0,1.4852778838082745,0.55,0.85,8,12,0,0.875,0.7777777777777778,0,0,6,1,rescalib_from_lfv1_residual_cosine,0.3391371488571167,>=,gt_aware_diagnostic,0.4
rule,20,31.770120640608866,0.9835096746683121,0.5120995858892717,0.23281460959222713,0.0,0.0,1.4852778838082745,0.55,0.85,8,12,0,0.875,0.7777777777777778,0,0,6,1,rescalib_from_lfv1_luma_residual_cosine,0.34055808186531067,>=,gt_aware_diagnostic,0.4
rule,20,31.76198866058449,0.9834354788064956,0.5039676058648908,0.22468262956784618,0.0,0.0,1.4852778838082745,0.6,0.9,7,13,0,1.0,0.7777777777777778,0,0,6,1,residual_color_regression_vs_lfv1,-0.07632493376731872,<=,gt_aware_diagnostic,0.35
rule,20,31.751638301554387,0.9835080951452255,0.4936172468347856,0.21433227053774093,0.0,0.0,1.4852778838082745,0.65,0.95,10,10,0,0.9,1.0,0,1,7,1,residual_color_regression_vs_lfv1,-0.0018946528434753418,<=,gt_aware_diagnostic,0.5
rule,20,31.7490605932936,0.9835442572832107,0.49103953857400506,0.21175456227696046,0.0,-0.109111030824284,1.4852778838082745,0.5,0.8,13,7,0,0.6923076923076923,1.0,2,0,7,1,rescalib_from_lfv1_residual_error_ratio,1.0970908026680468,<=,gt_aware_diagnostic,0.65
rule,20,31.74814779821039,0.9835342586040496,0.4901267434908004,0.21084176719375575,0.0,-0.006981006687970399,1.4852778838082745,0.6,0.9,11,9,0,0.8181818181818182,1.0,0,1,7,1,residual_color_regression_vs_lfv1,0.004503333568572996,<=,gt_aware_diagnostic,0.55
rule,20,31.745910339458117,0.9834348976612091,0.48788928473851934,0.20860430844147473,0.0,0.0,1.4852778838082745,0.55,0.85,6,14,0,1.0,0.6666666666666666,0,0,5,1,rescalib_from_lfv1_residual_cosine,0.4568734765052796,>=,gt_aware_diagnostic,0.3
rule,20,31.745910339458117,0.9834348976612091,0.48788928473851934,0.20860430844147473,0.0,0.0,1.4852778838082745,0.55,0.85,6,14,0,1.0,0.6666666666666666,0,0,5,1,rescalib_from_lfv1_luma_residual_cosine,0.45121596753597265,>=,gt_aware_diagnostic,0.3
rule,20,31.745910339458117,0.9834348976612091,0.48788928473851934,0.20860430844147473,0.0,0.0,1.4852778838082745,0.55,0.85,6,14,0,1.0,0.6666666666666666,0,0,5,1,rescalib_from_lfv1_residual_error_ratio,0.9313821838685554,<=,gt_aware_diagnostic,0.3
rule,20,31.743927077138288,0.983485546708107,0.4859060224186976,0.20662104612165297,0.0,-0.07127050233593905,1.4852778838082745,0.6,0.85,12,8,0,0.75,1.0,0,1,7,1,rescalib_from_lfv1_residual_cosine,0.24417098462581635,>=,gt_aware_diagnostic,0.6
rule,20,31.743927077138288,0.983485546708107,0.4859060224186976,0.20662104612165297,0.0,-0.07127050233593905,1.4852778838082745,0.6,0.85,12,8,0,0.75,1.0,0,1,7,1,rescalib_from_lfv1_luma_residual_cosine,0.25111246705055235,>=,gt_aware_diagnostic,0.6
rule,20,31.74241983611413,0.9834610611200333,0.4843987813945342,0.20511380509748953,0.0,0.0,1.4852778838082745,0.5,0.8,7,13,0,0.8571428571428571,0.6666666666666666,0,0,5,1,rescalib_from_lfv1_residual_cosine,0.38014759421348565,>=,gt_aware_diagnostic,0.35
rule,20,31.74241983611413,0.9834610611200333,0.4843987813945342,0.20511380509748953,0.0,0.0,1.4852778838082745,0.5,0.8,7,13,0,0.8571428571428571,0.6666666666666666,0,0,5,1,rescalib_from_lfv1_luma_residual_cosine,0.3762329950928688,>=,gt_aware_diagnostic,0.35
rule,20,31.739400814593353,0.9834999412298202,0.4813797598737583,0.20209478357671368,0.0,0.0,1.4852778838082745,0.65,0.9,9,11,0,0.8888888888888888,0.8888888888888888,0,1,7,1,residual_color_regression_vs_lfv1,-0.012915641069412223,<=,gt_aware_diagnostic,0.45
rule,20,31.738382203161507,0.9835052788257599,0.4803611484419143,0.20107617214486967,0.0,0.0,1.4852778838082745,0.55,0.9,9,11,0,0.8888888888888888,0.8888888888888888,0,0,6,1,residual_luma_abs_bias_regression_vs_lfv1,8.008033037185679e-05,<=,gt_aware_diagnostic,0.45
rule,20,31.734161482089405,0.9834565669298172,0.47614042736981155,0.19685545107276692,0.0,-0.006981006687970399,1.4852778838082745,0.55,0.85,10,10,0,0.8,0.8888888888888888,0,0,6,1,residual_luma_abs_bias_regression_vs_lfv1,0.0005046427249908447,<=,gt_aware_diagnostic,0.5
rule,20,31.732069477084018,0.9835336774587631,0.4740484223644289,0.1947634460673843,0.0,-0.006981006687970399,1.4852778838082745,0.55,0.85,10,10,0,0.8,0.8888888888888888,0,1,6,1,rescalib_from_lfv1_luma_residual_cosine,0.31409652531147003,>=,gt_aware_diagnostic,0.5
rule,20,31.731578772447175,0.9836121618747711,0.47355771772758326,0.1942727414305386,0.0,-0.0959671117181678,1.4852778838082745,0.55,0.85,12,8,0,0.75,1.0,1,1,7,1,residual_color_regression_vs_lfv1,0.016050100326538096,<=,gt_aware_diagnostic,0.6
rule,20,31.72963521954447,0.9834709614515305,0.4716141648248723,0.19232918852782763,0.0,0.0,1.4852778838082745,0.6,0.9,7,13,0,1.0,0.7777777777777778,0,0,6,1,residual_luma_abs_bias_regression_vs_lfv1,-0.0005818948149681087,<=,gt_aware_diagnostic,0.35
rule,20,31.728480016624435,0.983420318365097,0.4704589619048388,0.19117398560779417,0.0,0.0,1.4852778838082745,0.6,0.9,7,13,0,1.0,0.7777777777777778,0,0,6,1,rescalib_from_lfv1_lf_mse_delta,-8.525223747710698e-05,<=,gt_aware_diagnostic,0.35
rule,20,31.727848756011916,0.9834849655628204,0.46982770129232615,0.19054272499528152,0.0,-0.07127050233593905,1.4852778838082745,0.55,0.8,11,9,0,0.7272727272727273,0.8888888888888888,0,1,6,1,rescalib_from_lfv1_luma_residual_cosine,0.28702952414751054,>=,gt_aware_diagnostic,0.55
rule,20,31.727358051375074,0.9835634499788284,0.46933699665548045,0.19005202035843585,0.0,-0.109111030824284,1.4852778838082745,0.55,0.8,13,7,0,0.6923076923076923,1.0,1,1,7,1,rescalib_from_lfv1_residual_cosine,0.2277494378387928,>=,gt_aware_diagnostic,0.65
rule,20,31.727358051375074,0.9835634499788284,0.46933699665548045,0.19005202035843585,0.0,-0.109111030824284,1.4852778838082745,0.55,0.8,13,7,0,0.6923076923076923,1.0,1,1,7,1,rescalib_from_lfv1_luma_residual_cosine,0.21421391591429711,>=,gt_aware_diagnostic,0.65
rule,20,31.727358051375074,0.9835634499788284,0.46933699665548045,0.19005202035843585,0.0,-0.109111030824284,1.4852778838082745,0.55,0.8,13,7,0,0.6923076923076923,1.0,1,1,7,1,residual_color_regression_vs_lfv1,0.0911263227462768,<=,gt_aware_diagnostic,0.65
rule,20,31.72614471620048,0.9834971249103546,0.4681236614808871,0.18883868518384245,0.0,0.0,1.4852778838082745,0.55,0.85,8,12,0,0.875,0.7777777777777778,0,0,6,1,residual_luma_abs_bias_regression_vs_lfv1,-6.644725799560553e-05,<=,gt_aware_diagnostic,0.4
rule,20,31.72374189208665,0.9835367292165756,0.4657208373670521,0.18643586107000748,0.0,-0.109111030824284,1.4852778838082745,0.5,0.8,13,7,0,0.6923076923076923,1.0,1,1,7,1,rescalib_from_lfv1_lf_mse_delta,6.997037271503357e-05,<=,gt_aware_diagnostic,0.65
rule,20,31.71759245632619,0.9835344702005386,0.45957140160659443,0.1802864253095498,0.0,-0.07127050233593905,1.4852778838082745,0.5,0.8,11,9,0,0.7272727272727273,0.8888888888888888,1,0,6,1,residual_luma_abs_bias_regression_vs_lfv1,0.0014382749795913688,<=,gt_aware_diagnostic,0.55
rule,20,31.706612165526735,0.9832642793655395,0.44859111080714165,0.16930613451009702,0.0,0.0,1.4852778838082745,0.5,0.8,5,15,0,1.0,0.5555555555555556,0,0,4,1,rescalib_from_lfv1_residual_error_ratio,0.8997494742707094,<=,gt_aware_diagnostic,0.25
rule,20,31.700779212129696,0.9833717048168182,0.4427581574101012,0.1634731811130566,0.0,0.0,1.4852778838082745,0.55,0.85,6,14,0,1.0,0.6666666666666666,0,0,5,1,rescalib_from_lfv1_lf_mse_delta,-0.0001152613927843049,<=,gt_aware_diagnostic,0.3
rule,20,31.700779212129696,0.9833717048168182,0.4427581574101012,0.1634731811130566,0.0,0.0,1.4852778838082745,0.55,0.85,6,14,0,1.0,0.6666666666666666,0,0,5,1,residual_color_regression_vs_lfv1,-0.13410571813583372,<=,gt_aware_diagnostic,0.3
rule,20,31.69877194280773,0.9835601061582565,0.440750888088135,0.16146591179109038,0.0,-0.35541468087259925,1.4852778838082745,0.5,0.75,14,6,0,0.6428571428571429,1.0,2,1,7,1,rescalib_from_lfv1_residual_error_ratio,1.1716993167228846,<=,gt_aware_diagnostic,0.7
rule,20,31.68585609392336,0.9834217667579651,0.4278350392037632,0.1485500629067186,0.0,0.0,1.4852778838082745,0.5,0.8,5,15,0,1.0,0.5555555555555556,0,0,4,1,rescalib_from_lfv1_residual_cosine,0.5418144166469574,>=,gt_aware_diagnostic,0.25
rule,20,31.68585609392336,0.9834217667579651,0.4278350392037632,0.1485500629067186,0.0,0.0,1.4852778838082745,0.5,0.8,5,15,0,1.0,0.5555555555555556,0,0,4,1,rescalib_from_lfv1_luma_residual_cosine,0.5496224015951157,>=,gt_aware_diagnostic,0.25
rule,20,31.679962766465543,0.9834875345230103,0.4219417117459431,0.14265673544889843,0.0,-0.109111030824284,1.4852778838082745,0.4,0.7,11,9,0,0.6363636363636364,0.7777777777777778,1,1,5,1,baseline_saturation_mean,0.22326794862747196,>=,proxy_or_output_feature,0.55
rule,20,31.679962766465543,0.9834875345230103,0.4219417117459431,0.14265673544889843,0.0,-0.109111030824284,1.4852778838082745,0.4,0.7,11,9,0,0.6363636363636364,0.7777777777777778,1,1,5,1,lfv1_saturation_mean,0.22698003649711612,>=,proxy_or_output_feature,0.55
rule,20,31.679962766465543,0.9834875345230103,0.4219417117459431,0.14265673544889843,0.0,-0.109111030824284,1.4852778838082745,0.4,0.7,11,9,0,0.6363636363636364,0.7777777777777778,1,1,5,1,residual_saturation_mean,0.23055696487426763,>=,proxy_or_output_feature,0.55
rule,20,31.679346569058602,0.9834868103265763,0.42132551433900217,0.14204053804195754,0.0,0.0,1.4852778838082745,0.6,0.85,8,12,0,0.875,0.7777777777777778,0,1,6,1,residual_dark_channel_abs_bias_regression_vs_lfv1,-0.0017714619636535645,<=,gt_aware_diagnostic,0.4
rule,20,31.673453241600782,0.9835525780916214,0.415432186881182,0.1361472105841374,0.0,-0.3988197647096485,1.4852778838082745,0.5,0.75,14,6,0,0.6428571428571429,1.0,1,2,7,1,rescalib_from_lfv1_residual_cosine,0.05874563455581673,>=,gt_aware_diagnostic,0.7
rule,20,31.673453241600782,0.9835525780916214,0.415432186881182,0.1361472105841374,0.0,-0.3988197647096485,1.4852778838082745,0.5,0.75,14,6,0,0.6428571428571429,1.0,1,2,7,1,rescalib_from_lfv1_luma_residual_cosine,0.04825732409954078,>=,gt_aware_diagnostic,0.7
rule,20,31.673453241600782,0.9835525780916214,0.415432186881182,0.1361472105841374,0.0,-0.3988197647096485,1.4852778838082745,0.5,0.75,14,6,0,0.6428571428571429,1.0,1,2,7,1,rescalib_from_lfv1_lf_mse_delta,0.0002596054488094527,<=,gt_aware_diagnostic,0.7
rule,20,31.673453241600782,0.9835525780916214,0.415432186881182,0.1361472105841374,0.0,-0.3988197647096485,1.4852778838082745,0.5,0.75,14,6,0,0.6428571428571429,1.0,1,2,7,1,residual_color_regression_vs_lfv1,0.24602901935577404,<=,gt_aware_diagnostic,0.7
rule,20,31.667303805840323,0.9835503190755844,0.4092827511207243,0.12999777482367972,0.0,-0.109111030824284,1.4852778838082745,0.5,0.75,12,8,0,0.6666666666666666,0.8888888888888888,1,1,6,1,residual_dark_channel_abs_bias_regression_vs_lfv1,0.0008125483989715587,<=,gt_aware_diagnostic,0.6
rule,20,31.664326131783078,0.9835325121879578,0.406305077063484,0.12702010076643938,0.0,-0.35541468087259925,1.4852778838082745,0.45,0.8,13,7,0,0.6923076923076923,1.0,3,0,7,1,rescalib_from_baseline_lf_mse_delta,4.1523360414430494e-05,<=,gt_aware_diagnostic,0.65
rule,20,31.663687646551892,0.9835235983133316,0.405666591832296,0.12638161553525135,0.0,-0.109111030824284,1.4852778838082745,0.45,0.75,12,8,0,0.6666666666666666,0.8888888888888888,1,1,6,1,residual_luma_abs_bias_regression_vs_lfv1,0.0023891866207122804,<=,gt_aware_diagnostic,0.6
rule,20,31.662777543295384,0.9835647135972977,0.40475648857578506,0.12547151227874043,0.0,-0.03313805152643428,1.4852778838082745,0.55,0.8,9,11,0,0.7777777777777778,0.7777777777777778,1,1,6,1,residual_dark_channel_abs_bias_regression_vs_lfv1,-0.0014673866331577298,<=,gt_aware_diagnostic,0.45
rule,20,31.658556822223282,0.983516001701355,0.4005357675036823,0.12125079120663766,0.0,-0.109111030824284,1.4852778838082745,0.55,0.75,10,10,0,0.7,0.7777777777777778,1,1,6,1,residual_dark_channel_abs_bias_regression_vs_lfv1,-0.0008803531527519226,<=,gt_aware_diagnostic,0.5
rule,20,31.65506631887929,0.9835421651601791,0.3970452641596971,0.11776028786265247,0.0,-0.109111030824284,1.4852778838082745,0.5,0.7,11,9,0,0.6363636363636364,0.7777777777777778,1,1,6,1,residual_dark_channel_abs_bias_regression_vs_lfv1,-0.0004511341452598572,<=,gt_aware_diagnostic,0.55
rule,20,31.65208864482205,0.9835243582725525,0.39406759010245673,0.11478261380541213,0.0,-0.35541468087259925,1.4852778838082745,0.45,0.75,12,8,0,0.6666666666666666,0.8888888888888888,3,0,7,1,rescalib_from_baseline_residual_error_ratio,1.0824525355191952,<=,gt_aware_diagnostic,0.6
rule,20,31.646557919991984,0.9832511484622956,0.3885368652723855,0.10925188897534088,0.0,0.0,1.4852778838082745,0.45,0.75,4,16,0,1.0,0.4444444444444444,0,0,3,1,rescalib_from_lfv1_residual_cosine,0.6145562171936035,>=,gt_aware_diagnostic,0.2
rule,20,31.646557919991984,0.9832511484622956,0.3885368652723855,0.10925188897534088,0.0,0.0,1.4852778838082745,0.45,0.75,4,16,0,1.0,0.4444444444444444,0,0,3,1,rescalib_from_lfv1_residual_error_ratio,0.8591754961710495,<=,gt_aware_diagnostic,0.2
rule,20,31.644867133033426,0.9835492342710495,0.38684607831383655,0.10756110201679192,0.0,-0.6151272551839586,1.4852778838082745,0.45,0.7,15,5,0,0.6,1.0,2,2,7,1,rescalib_from_lfv1_residual_error_ratio,1.2261157983307083,<=,gt_aware_diagnostic,0.75
rule,20,31.644867133033426,0.9835492342710495,0.38684607831383655,0.10756110201679192,0.0,-0.6151272551839586,1.4852778838082745,0.45,0.7,15,5,0,0.6,1.0,2,2,7,1,residual_color_regression_vs_lfv1,0.41313934326171875,<=,gt_aware_diagnostic,0.75
rule,20,31.64414552091037,0.9834625422954559,0.38612446619077756,0.10683948989373296,0.0,-0.07127050233593905,1.4852778838082745,0.45,0.7,9,11,0,0.6666666666666666,0.6666666666666666,1,0,5,1,residual_lfv1_edge_mean_delta,0.0007633909583091736,<=,proxy_or_output_feature,0.45
rule,20,31.64414552091037,0.9834625422954559,0.38612446619077756,0.10683948989373296,0.0,-0.07127050233593905,1.4852778838082745,0.45,0.7,9,11,0,0.6666666666666666,0.6666666666666666,1,0,5,1,residual_lfv1_highfreq_abs_mean_delta,0.00016479417681694033,<=,proxy_or_output_feature,0.45
rule,20,31.640724966594938,0.9833585739135742,0.3827039118753451,0.10341893557830044,0.0,0.0,1.4852778838082745,0.5,0.8,5,15,0,1.0,0.5555555555555556,0,0,4,1,residual_color_regression_vs_lfv1,-0.24203908443450928,<=,gt_aware_diagnostic,0.25
rule,20,31.63246148668756,0.9833304673433304,0.3744404319679674,0.09515545567092279,0.0,0.0,1.3365352454754769,0.5,0.8,5,15,0,1.0,0.5555555555555556,0,0,4,1,rescalib_from_lfv1_lf_mse_delta,-0.00018756547797238454,<=,gt_aware_diagnostic,0.25
rule,20,31.624646645468566,0.9833579927682876,0.3666255907489736,0.087340614451929,0.0,0.0,1.4852778838082745,0.45,0.75,4,16,0,1.0,0.4444444444444444,0,0,3,1,rescalib_from_lfv1_luma_residual_cosine,0.6366892457008362,>=,gt_aware_diagnostic,0.2
rule,20,31.618076746543032,0.9833813786506653,0.3600556918234329,0.08077071552638823,0.0,-0.3988197647096485,1.4852778838082745,0.4,0.65,12,8,0,0.5833333333333334,0.7777777777777778,1,2,5,1,residual_mae,0.025428390502929686,<=,gt_aware_diagnostic,0.6
rule,20,31.618076746543032,0.9833813786506653,0.3600556918234329,0.08077071552638823,0.0,-0.3988197647096485,1.4852778838082745,0.4,0.65,12,8,0,0.5833333333333334,0.7777777777777778,1,2,5,1,residual_rmse,0.034192059934139256,<=,gt_aware_diagnostic,0.6
rule,20,31.618076746543032,0.9833813786506653,0.3600556918234329,0.08077071552638823,0.0,-0.3988197647096485,1.4852778838082745,0.4,0.65,12,8,0,0.5833333333333334,0.7777777777777778,1,2,5,1,residual_delta_e_mean,3.072916412353516,<=,gt_aware_diagnostic,0.6
rule,20,31.618076746543032,0.9833813786506653,0.3600556918234329,0.08077071552638823,0.0,-0.3988197647096485,1.4852778838082745,0.4,0.65,12,8,0,0.5833333333333334,0.7777777777777778,1,2,5,1,residual_delta_e_p95,7.036159992218018,<=,gt_aware_diagnostic,0.6
rule,20,31.61638316556119,0.9833298861980438,0.35836211084159597,0.07907713454455134,0.0,0.0,1.3365352454754769,0.45,0.75,4,16,0,1.0,0.4444444444444444,0,0,3,1,rescalib_from_lfv1_lf_mse_delta,-0.00024228519177995622,<=,gt_aware_diagnostic,0.2
rule,20,31.615559412343025,0.983459198474884,0.3575383576234321,0.07825338132638748,0.0,-0.109111030824284,1.4852778838082745,0.4,0.65,10,10,0,0.6,0.6666666666666666,2,0,5,1,residual_lfv1_edge_mean_delta,0.0010746829211711884,<=,proxy_or_output_feature,0.5
rule,20,31.614680061007583,0.9833412319421768,0.35665900628798947,0.07737402999094485,0.0,0.0,1.2384055230704805,0.55,0.8,5,15,0,1.0,0.5555555555555556,0,0,5,0,rescalib_from_baseline_residual_error_ratio,0.9322790693729168,<=,gt_aware_diagnostic,0.25
rule,20,31.613398996066017,0.9835394471883774,0.35537794134642586,0.07609296504938126,0.0,-0.3988197647096485,1.4852778838082745,0.45,0.7,13,7,0,0.6153846153846154,0.8888888888888888,1,2,6,1,residual_dark_channel_abs_bias_regression_vs_lfv1,0.002938401699066162,<=,gt_aware_diagnostic,0.65
rule,20,31.61042132200878,0.9835216403007507,0.35240026728918555,0.07311529099214091,0.0,-0.6223595737608154,1.4852778838082745,0.4,0.75,14,6,0,0.6428571428571429,1.0,3,1,7,1,rescalib_from_baseline_lf_mse_delta,5.3367952932603675e-05,<=,gt_aware_diagnostic,0.7
rule,20,31.609813548954143,0.9834911495447158,0.3517924942345507,0.0725075179375061,0.0,-0.0959671117181678,1.2384055230704805,0.5,0.75,10,10,0,0.7,0.7777777777777778,2,0,7,0,rescalib_from_baseline_residual_cosine,0.2823617309331894,>=,gt_aware_diagnostic,0.5
rule,20,31.608337850322982,0.9832657605409623,0.3503167956033851,0.07103181930634044,0.0,-0.008441442144205532,1.4852778838082745,0.45,0.7,7,13,0,0.7142857142857143,0.5555555555555556,1,0,4,1,residual_lfv1_edge_mean_delta,0.00027588903903961185,<=,proxy_or_output_feature,0.35
rule,20,31.606200600936678,0.983472928404808,0.3481795462170828,0.06889456992003815,0.0,-0.6223595737608154,1.4852778838082745,0.4,0.7,15,5,0,0.6,1.0,3,1,7,1,rescalib_from_baseline_residual_cosine,0.052509046625345945,>=,gt_aware_diagnostic,0.75
rule,20,31.606200600936678,0.983472928404808,0.3481795462170828,0.06889456992003815,0.0,-0.6223595737608154,1.4852778838082745,0.4,0.7,15,5,0,0.6,1.0,3,1,7,1,rescalib_from_baseline_lf_mse_delta,0.00011667523722280748,<=,gt_aware_diagnostic,0.75
rule,20,31.604847346978993,0.9832919239997864,0.34682629225939987,0.06754131596235524,0.0,-0.07127050233593905,1.4852778838082745,0.4,0.65,8,12,0,0.625,0.5555555555555556,1,0,4,1,residual_lfv1_edge_mean_delta,0.0005363643169403074,<=,proxy_or_output_feature,0.4
rule,20,31.604847346978993,0.9832919239997864,0.34682629225939987,0.06754131596235524,0.0,-0.07127050233593905,1.4852778838082745,0.4,0.65,8,12,0,0.625,0.5555555555555556,1,0,4,1,residual_lfv1_highfreq_abs_mean_delta,0.00010955110192298887,<=,proxy_or_output_feature,0.4
rule,20,31.601855806619533,0.9832972407341003,0.34383475189994,0.06454977560289539,0.0,0.0,1.2384055230704805,0.55,0.85,6,14,0,1.0,0.6666666666666666,0,0,5,1,residual_luma_abs_bias_regression_vs_lfv1,-0.0018171221017837522,<=,gt_aware_diagnostic,0.3
rule,20,31.600541488590956,0.9832332253456115,0.3425204338713595,0.06323545757431485,0.0,0.0,1.4852778838082745,0.45,0.75,6,14,0,0.8333333333333334,0.5555555555555556,1,0,4,1,residual_lfv1_luma_mean_delta,0.0010100424289703372,>=,proxy_or_output_feature,0.3
rule,20,31.600541488590956,0.9832332253456115,0.3425204338713595,0.06323545757431485,0.0,0.0,1.4852778838082745,0.45,0.75,6,14,0,0.8333333333333334,0.5555555555555556,1,0,4,1,residual_lfv1_dark_channel_mean_delta,0.0017448157072067262,>=,proxy_or_output_feature,0.3
rule,20,31.598183835047752,0.9835134863853454,0.3401627803281583,0.06087780403111367,0.0,-0.6223595737608154,1.4852778838082745,0.4,0.7,13,7,0,0.6153846153846154,0.8888888888888888,3,1,7,1,rescalib_from_baseline_luma_residual_cosine,0.1677699215710163,>=,gt_aware_diagnostic,0.65
rule,20,31.59811103524437,0.9834191352128983,0.34008998052477235,0.06080500422772772,0.0,0.0,1.2384055230704805,0.5,0.75,6,14,0,0.8333333333333334,0.5555555555555556,1,0,5,0,rescalib_from_baseline_residual_error_ratio,0.9513578359414949,<=,gt_aware_diagnostic,0.3
rule,20,31.594620531900386,0.9834452986717224,0.33659947718078714,0.05731450088374253,0.0,-0.006981006687970399,1.2384055230704805,0.45,0.7,7,13,0,0.7142857142857143,0.5555555555555556,1,0,5,0,rescalib_from_baseline_residual_cosine,0.3802002131938934,>=,gt_aware_diagnostic,0.35
rule,20,31.594620531900386,0.9834452986717224,0.33659947718078714,0.05731450088374253,0.0,-0.006981006687970399,1.2384055230704805,0.45,0.7,7,13,0,0.7142857142857143,0.5555555555555556,1,0,5,0,rescalib_from_baseline_luma_residual_cosine,0.3702142834663391,>=,gt_aware_diagnostic,0.35
rule,20,31.59396311397565,0.9834647744894027,0.3359420592560555,0.05665708295901091,0.0,-0.6223595737608154,1.4852778838082745,0.4,0.65,14,6,0,0.5714285714285714,0.8888888888888888,3,1,7,1,rescalib_from_baseline_residual_cosine,0.12169492840766907,>=,gt_aware_diagnostic,0.7
rule,20,31.59396311397565,0.9834647744894027,0.3359420592560555,0.05665708295901091,0.0,-0.6223595737608154,1.4852778838082745,0.4,0.65,14,6,0,0.5714285714285714,0.8888888888888888,3,1,7,1,rescalib_from_baseline_luma_residual_cosine,0.15769934505224228,>=,gt_aware_diagnostic,0.7
rule,20,31.59373522782777,0.9834905683994293,0.3357141731081793,0.05642919681113465,0.0,-0.0959671117181678,1.2384055230704805,0.45,0.7,9,11,0,0.6666666666666666,0.6666666666666666,2,0,6,0,rescalib_from_baseline_residual_cosine,0.3064422070980072,>=,gt_aware_diagnostic,0.45
rule,20,31.59373522782777,0.9834905683994293,0.3357141731081793,0.05642919681113465,0.0,-0.0959671117181678,1.2384055230704805,0.45,0.7,9,11,0,0.6666666666666666,0.6666666666666666,2,0,6,0,rescalib_from_baseline_luma_residual_cosine,0.3004847109317779,>=,gt_aware_diagnostic,0.45
rule,20,31.59271944644478,0.9833454459905624,0.3346983917251844,0.05541341542813978,0.0,-0.0959671117181678,1.4852778838082745,0.35,0.7,9,11,0,0.6666666666666666,0.6666666666666666,2,0,4,1,residual_lfv1_luma_mean_delta,-7.750540971755993e-05,>=,proxy_or_output_feature,0.45
rule,20,31.590375942048286,0.9833327651023864,0.3323548873286953,0.05306991103165064,0.0,-0.3988197647096485,1.4852778838082745,0.35,0.6,11,9,0,0.5454545454545454,0.6666666666666666,1,2,4,1,residual_delta_e_p95,6.697236371040344,<=,gt_aware_diagnostic,0.55
rule,20,31.588498725372677,0.9832967340946197,0.33047767065308165,0.051192694356037016,0.0,-0.109111030824284,1.4852778838082745,0.35,0.65,10,10,0,0.6,0.6666666666666666,2,0,4,1,residual_lfv1_luma_mean_delta,-0.0011404752731323242,>=,proxy_or_output_feature,0.5
rule,20,31.588498725372677,0.9832967340946197,0.33047767065308165,0.051192694356037016,0.0,-0.109111030824284,1.4852778838082745,0.35,0.65,10,10,0,0.6,0.6666666666666666,2,0,4,1,residual_lfv1_dark_channel_mean_delta,-0.0015738457441329956,>=,proxy_or_output_feature,0.5
rule,20,31.58560324780339,0.9834163725376129,0.3275821930837983,0.048297216786753694,0.0,-0.03313805152643428,1.2384055230704805,0.5,0.75,8,12,0,0.75,0.6666666666666666,2,0,6,0,rescalib_from_baseline_residual_error_ratio,0.959981304048529,<=,gt_aware_diagnostic,0.4
rule,20,31.58534847153719,0.9831873744726181,0.3273274168175959,0.04804244052055129,0.0,0.0,1.4852778838082745,0.4,0.7,3,17,0,1.0,0.3333333333333333,0,0,2,1,rescalib_from_lfv1_residual_cosine,0.6331249237060547,>=,gt_aware_diagnostic,0.15
rule,20,31.583972462827738,0.983311128616333,0.3259514081081424,0.04666643181109773,0.0,-0.03313805152643428,1.4852778838082745,0.4,0.7,7,13,0,0.7142857142857143,0.5555555555555556,2,0,4,1,residual_lfv1_luma_mean_delta,0.0004138752818107603,>=,proxy_or_output_feature,0.35
rule,20,31.583972462827738,0.983311128616333,0.3259514081081424,0.04666643181109773,0.0,-0.03313805152643428,1.4852778838082745,0.4,0.7,7,13,0,0.7142857142857143,0.5555555555555556,2,0,4,1,residual_lfv1_dark_channel_mean_delta,0.0014314793050289151,>=,proxy_or_output_feature,0.35
rule,20,31.580610346999407,0.9833037853240967,0.3225892922798092,0.04330431598276459,0.0,-0.109111030824284,1.4852778838082745,0.3,0.6,9,11,0,0.5555555555555556,0.5555555555555556,1,1,3,1,residual_mae,0.017554377065971495,<=,gt_aware_diagnostic,0.45
rule,20,31.580610346999407,0.9833037853240967,0.3225892922798092,0.04330431598276459,0.0,-0.109111030824284,1.4852778838082745,0.3,0.6,9,11,0,0.5555555555555556,0.5555555555555556,1,1,3,1,residual_delta_e_mean,2.4324879527091983,<=,gt_aware_diagnostic,0.45
rule,20,31.580481959483752,0.9833372920751572,0.3224609047641572,0.04317592846711253,0.0,-0.0959671117181678,1.4852778838082745,0.35,0.65,8,12,0,0.625,0.5555555555555556,2,0,4,1,residual_lfv1_luma_mean_delta,6.988048553466803e-05,>=,proxy_or_output_feature,0.4
rule,20,31.579751741755636,0.9832624167203903,0.3217306870360396,0.04244571073899497,0.0,-0.109111030824284,1.4852778838082745,0.4,0.65,8,12,0,0.625,0.5555555555555556,2,0,4,1,residual_lfv1_dark_channel_mean_delta,0.0007952630519866946,>=,proxy_or_output_feature,0.4
rule,20,31.578348623257693,0.9834898620843887,0.3203275685381005,0.041042592241055866,0.0,-0.3988197647096485,1.4852778838082745,0.45,0.7,13,7,0,0.6153846153846154,0.8888888888888888,2,1,6,1,residual_edge_error_regression_vs_lfv1,0.0006081103347241877,<=,gt_aware_diagnostic,0.65
rule,20,31.578240194549846,0.9832099109888077,0.32021913983025174,0.04093416353320709,0.0,0.0,1.3573288980360791,0.4,0.7,3,17,0,1.0,0.3333333333333333,0,0,2,1,rescalib_from_lfv1_residual_error_ratio,0.846213113026027,<=,gt_aware_diagnostic,0.15
rule,20,31.5773746499578,0.9833110004663468,0.3193535952382092,0.04006861894116458,0.0,-1.0130053282942584,1.4852778838082745,0.45,0.7,15,5,0,0.6,1.0,2,2,7,1,rescalib_from_lfv1_lf_mse_delta,0.0006191684515215456,<=,gt_aware_diagnostic,0.75
rule,20,31.57626123841165,0.9832885801792145,0.3182401836920544,0.038955207395009774,0.0,-0.109111030824284,1.4852778838082745,0.35,0.6,9,11,0,0.5555555555555556,0.5555555555555556,2,0,4,1,residual_lfv1_dark_channel_mean_delta,-4.088431596756045e-05,>=,proxy_or_output_feature,0.45
rule,20,31.574155002124797,0.9832486271858215,0.3161339474052024,0.03684897110815779,0.0,0.0,1.2384055230704805,0.5,0.8,5,15,0,1.0,0.5555555555555556,0,0,4,1,residual_luma_abs_bias_regression_vs_lfv1,-0.0029883533716201782,<=,gt_aware_diagnostic,0.25
rule,20,31.572407241152803,0.9833173364400863,0.31438618643321126,0.03510121013616665,0.0,0.0,0.9629259566146658,0.45,0.75,4,16,0,1.0,0.4444444444444444,0,0,3,1,residual_color_regression_vs_lfv1,-0.32240142822265627,<=,gt_aware_diagnostic,0.2
rule,20,31.56952492667702,0.9834157913923264,0.3115038719574269,0.03221889566038225,0.0,-0.03313805152643428,1.2384055230704805,0.45,0.7,7,13,0,0.7142857142857143,0.5555555555555556,2,0,5,0,rescalib_from_baseline_residual_error_ratio,0.9592222813017302,<=,gt_aware_diagnostic,0.35
rule,20,31.567609054908917,0.9832820206880569,0.30958800018932314,0.030303023892278524,0.0,-0.40605208328650527,1.4852778838082745,0.4,0.7,13,7,0,0.6153846153846154,0.8888888888888888,2,1,6,1,residual_luma_abs_bias_regression_vs_lfv1,0.0032542586326599118,<=,gt_aware_diagnostic,0.65
rule,20,31.56705411302236,0.9834736257791519,0.3090330583027635,0.029748082005718858,0.0,-0.109111030824284,1.3573288980360791,0.35,0.6,9,11,0,0.5555555555555556,0.5555555555555556,1,1,4,1,baseline_dark_channel_mean,0.2795461654663086,<=,proxy_or_output_feature,0.45
rule,20,31.56705411302236,0.9834736257791519,0.3090330583027635,0.029748082005718858,0.0,-0.109111030824284,1.3573288980360791,0.35,0.6,9,11,0,0.5555555555555556,0.5555555555555556,1,1,4,1,lfv1_dark_channel_mean,0.2805535987019539,<=,proxy_or_output_feature,0.45
rule,20,31.56705411302236,0.9834736257791519,0.3090330583027635,0.029748082005718858,0.0,-0.109111030824284,1.3573288980360791,0.35,0.6,9,11,0,0.5555555555555556,0.5555555555555556,1,1,4,1,residual_dark_channel_mean,0.27482838928699493,<=,proxy_or_output_feature,0.45
rule,20,31.566111136296673,0.9834817081689835,0.30809008157707324,0.02880510528002862,0.0,-0.3988197647096485,1.4852778838082745,0.45,0.65,12,8,0,0.5833333333333334,0.7777777777777778,2,1,6,1,residual_edge_error_regression_vs_lfv1,0.0005186602473258972,<=,gt_aware_diagnostic,0.6
rule,20,31.566034423333036,0.9834419548511505,0.3080133686134417,0.028728392316397056,0.0,-0.0959671117181678,1.2384055230704805,0.4,0.65,8,12,0,0.625,0.5555555555555556,2,0,5,0,rescalib_from_baseline_residual_cosine,0.3440521895885468,>=,gt_aware_diagnostic,0.4
rule,20,31.566034423333036,0.9834419548511505,0.3080133686134417,0.028728392316397056,0.0,-0.0959671117181678,1.2384055230704805,0.4,0.65,8,12,0,0.625,0.5555555555555556,2,0,5,0,rescalib_from_baseline_luma_residual_cosine,0.34451099634170534,>=,gt_aware_diagnostic,0.4
rule,20,31.56047108646492,0.9835074156522751,0.3024500317453313,0.023165055448286686,0.0,-0.6151272551839586,1.3573288980360791,0.35,0.6,13,7,0,0.5384615384615384,0.7777777777777778,2,2,5,1,residual_luma_bias,-0.010746634006500243,>=,gt_aware_diagnostic,0.65
rule,20,31.55802250100827,0.9833682477474213,0.30000144628867675,0.020716469991632104,0.0,-0.3988197647096485,1.4852778838082745,0.35,0.6,11,9,0,0.5454545454545454,0.6666666666666666,1,2,4,1,residual_mae,0.02267559859901666,<=,gt_aware_diagnostic,0.55
rule,20,31.55802250100827,0.9833682477474213,0.30000144628867675,0.020716469991632104,0.0,-0.3988197647096485,1.4852778838082745,0.35,0.6,11,9,0,0.5454545454545454,0.6666666666666666,1,2,4,1,residual_rmse,0.029581664782017465,<=,gt_aware_diagnostic,0.55
rule,20,31.55802250100827,0.9833682477474213,0.30000144628867675,0.020716469991632104,0.0,-0.3988197647096485,1.4852778838082745,0.35,0.6,11,9,0,0.5454545454545454,0.6666666666666666,1,2,4,1,residual_delta_e_mean,2.8023117184638977,<=,gt_aware_diagnostic,0.55
rule,20,31.55632892002643,0.9833167552947998,0.29830786530683984,0.019022889009795207,0.0,0.0,0.9629259566146658,0.4,0.7,3,17,0,1.0,0.3333333333333333,0,0,2,1,rescalib_from_lfv1_luma_residual_cosine,0.6545998007059096,>=,gt_aware_diagnostic,0.15
rule,20,31.55601005317908,0.9832827806472778,0.29798899845948396,0.018704022162439316,0.0,-0.6924603193774662,1.4852778838082745,0.4,0.7,13,7,0,0.6153846153846154,0.8888888888888888,4,0,7,1,rescalib_from_baseline_residual_error_ratio,1.1279649020216165,<=,gt_aware_diagnostic,0.65
rule,20,31.55591195045081,0.9834887772798538,0.2978908957312127,0.01860591943416807,0.0,-1.0130053282942584,1.4852778838082745,0.4,0.65,16,4,0,0.5625,1.0,3,2,7,1,rescalib_from_baseline_residual_cosine,0.011846376955509177,>=,gt_aware_diagnostic,0.8
rule,20,31.55591195045081,0.9834887772798538,0.2978908957312127,0.01860591943416807,0.0,-1.0130053282942584,1.4852778838082745,0.4,0.65,16,4,0,0.5625,1.0,3,2,7,1,rescalib_from_baseline_luma_residual_cosine,0.044460851140320286,>=,gt_aware_diagnostic,0.8
rule,20,31.55591195045081,0.9834887772798538,0.2978908957312127,0.01860591943416807,0.0,-1.0130053282942584,1.4852778838082745,0.4,0.65,16,4,0,0.5625,1.0,3,2,7,1,rescalib_from_baseline_lf_mse_delta,0.00026228396454825993,<=,gt_aware_diagnostic,0.8
rule,20,31.55591195045081,0.9834887772798538,0.2978908957312127,0.01860591943416807,0.0,-1.0130053282942584,1.4852778838082745,0.4,0.65,16,4,0,0.5625,1.0,3,2,7,1,residual_color_regression_vs_lfv1,0.6368097305297851,<=,gt_aware_diagnostic,0.8
rule,20,31.554926212488134,0.983527147769928,0.29690515776854803,0.017620181471503394,0.0,-0.35541468087259925,1.3573288980360791,0.3,0.65,10,10,0,0.6,0.6666666666666666,2,1,4,1,residual_luma_bias,-0.005526386201381683,>=,gt_aware_diagnostic,0.5
rule,20,31.554625815472825,0.9833281010389328,0.29660476075323333,0.017319784456188713,0.0,0.0,1.2384055230704805,0.5,0.75,4,16,0,1.0,0.4444444444444444,0,0,4,0,rescalib_from_baseline_residual_error_ratio,0.9216099728503967,<=,gt_aware_diagnostic,0.2
rule,20,31.552183353540606,0.9833138138055801,0.2941622988210108,0.014877322523966185,0.0,-0.109111030824284,1.2384055230704805,0.35,0.65,10,10,0,0.6,0.6666666666666666,1,1,4,1,baseline_saturation_mean,0.2555582597851753,>=,proxy_or_output_feature,0.5
rule,20,31.552183353540606,0.9833138138055801,0.2941622988210108,0.014877322523966185,0.0,-0.109111030824284,1.2384055230704805,0.35,0.65,10,10,0,0.6,0.6666666666666666,1,1,4,1,lfv1_saturation_mean,0.25777944922447205,>=,proxy_or_output_feature,0.5
rule,20,31.552183353540606,0.9833138138055801,0.2941622988210108,0.014877322523966185,0.0,-0.109111030824284,1.2384055230704805,0.35,0.65,10,10,0,0.6,0.6666666666666666,1,1,4,1,residual_saturation_mean,0.2608945369720459,>=,proxy_or_output_feature,0.5
rule,20,31.552063269321234,0.9833199739456177,0.29404221460164043,0.014757238304595788,0.0,-0.008441442144205532,1.3573288980360791,0.45,0.7,7,13,0,0.7142857142857143,0.5555555555555556,1,0,4,1,baseline_edge_error,0.015241239638999104,>=,gt_aware_diagnostic,0.35
rule,20,31.551789332106978,0.9832340687513351,0.2937682773873812,0.014483301090336553,0.0,-0.6924603193774662,1.4852778838082745,0.4,0.65,14,6,0,0.5714285714285714,0.8888888888888888,4,0,7,1,rescalib_from_baseline_residual_error_ratio,1.1879527167653414,<=,gt_aware_diagnostic,0.7
rule,20,31.55156715613366,0.9833130896091461,0.29354610141406995,0.014261125117025309,0.0,0.0,1.2384055230704805,0.55,0.8,7,13,0,0.8571428571428571,0.6666666666666666,0,1,5,1,residual_dark_channel_abs_bias_regression_vs_lfv1,-0.002899475395679473,<=,gt_aware_diagnostic,0.35
rule,20,31.550705491416032,0.9834784358739853,0.2926844366964453,0.01339946039940063,0.0,-0.35541468087259925,1.3573288980360791,0.3,0.6,11,9,0,0.5454545454545454,0.6666666666666666,2,1,4,1,residual_luma_bias,-0.0073215223848819705,>=,gt_aware_diagnostic,0.55
rule,20,31.5500328151703,0.9834811270236969,0.2920117604507018,0.012726784153657179,0.0,-0.3988197647096485,1.4852778838082745,0.4,0.6,11,9,0,0.5454545454545454,0.6666666666666666,2,1,5,1,residual_edge_error_regression_vs_lfv1,0.0005109509453177451,<=,gt_aware_diagnostic,0.55
rule,20,31.549759021100897,0.9833401411771774,0.29173796638129906,0.012452990084254444,0.0,-0.3988197647096485,1.3573288980360791,0.35,0.6,11,9,0,0.5454545454545454,0.6666666666666666,1,2,4,1,residual_luma_abs_bias,0.010827553272247313,<=,gt_aware_diagnostic,0.55
rule,20,31.548788541390458,0.9833076566457748,0.2907674866708637,0.01148251037381911,0.0,-1.0130053282942584,1.4852778838082745,0.4,0.65,16,4,0,0.5625,1.0,3,2,7,1,rescalib_from_lfv1_residual_error_ratio,1.2500013400848593,<=,gt_aware_diagnostic,0.8
rule,20,31.54421414712411,0.9833598732948303,0.2861930924045158,0.0069081161074711515,0.0,-0.0959671117181678,1.3573288980360791,0.3,0.65,8,12,0,0.625,0.5555555555555556,1,1,3,1,residual_luma_abs_bias,0.005535641312599182,<=,gt_aware_diagnostic,0.4
rule,20,31.543674463489776,0.9834806233644485,0.28565340877018547,0.006368432473140828,0.0,-1.0130053282942584,1.4852778838082745,0.4,0.6,15,5,0,0.5333333333333333,0.8888888888888888,3,2,7,1,rescalib_from_baseline_luma_residual_cosine,0.13171448186039925,>=,gt_aware_diagnostic,0.75
rule,20,31.54091789547872,0.9833266258239746,0.2828968407591292,0.0036118644620845687,0.0,-0.05717221713469099,1.2384055230704805,0.55,0.8,9,11,0,0.7777777777777778,0.7777777777777778,2,0,7,0,rescalib_from_baseline_lf_mse_delta,-2.874361125577704e-05,<=,gt_aware_diagnostic,0.45
rule,20,31.539993426052007,0.9833111613988876,0.28197237133241304,0.0026873950353683896,0.0,-0.109111030824284,1.3573288980360791,0.3,0.6,9,11,0,0.5555555555555556,0.5555555555555556,1,1,3,1,residual_luma_abs_bias,0.007710158079862597,<=,gt_aware_diagnostic,0.45
rule,20,31.53994586657958,0.9833056598901748,0.2819248118599836,0.0026398355629389412,0.0,-0.109111030824284,1.2384055230704805,0.35,0.6,9,11,0,0.5555555555555556,0.5555555555555556,1,1,4,1,baseline_saturation_mean,0.2661000266671181,>=,proxy_or_output_feature,0.45
rule,20,31.53994586657958,0.9833056598901748,0.2819248118599836,0.0026398355629389412,0.0,-0.109111030824284,1.2384055230704805,0.35,0.6,9,11,0,0.5555555555555556,0.5555555555555556,1,1,4,1,lfv1_saturation_mean,0.26509684622287755,>=,proxy_or_output_feature,0.45
rule,20,31.53994586657958,0.9833056598901748,0.2819248118599836,0.0026398355629389412,0.0,-0.109111030824284,1.2384055230704805,0.35,0.6,9,11,0,0.5555555555555556,0.5555555555555556,1,1,4,1,residual_saturation_mean,0.2691914454102516,>=,proxy_or_output_feature,0.45
rule,20,31.53935330852762,0.9834250122308731,0.2813322538080259,0.00204727751098126,0.0,-0.109111030824284,1.3573288980360791,0.3,0.55,8,12,0,0.5,0.4444444444444444,1,1,3,1,residual_dark_channel_mean,0.26249184608459475,<=,proxy_or_output_feature,0.4
rule,20,31.53929324682152,0.9832732856273652,0.28127219210192445,0.001987215804879838,0.0,-0.40605208328650527,1.4852778838082745,0.35,0.6,11,9,0,0.5454545454545454,0.6666666666666666,2,1,5,1,baseline_dark_channel_mean,0.3071760624647141,<=,proxy_or_output_feature,0.55
rule,20,31.53929324682152,0.9832732856273652,0.28127219210192445,0.001987215804879838,0.0,-0.40605208328650527,1.4852778838082745,0.35,0.6,11,9,0,0.5454545454545454,0.6666666666666666,2,1,5,1,lfv1_dark_channel_mean,0.30998656153678894,<=,proxy_or_output_feature,0.55
rule,20,31.53929324682152,0.9832732856273652,0.28127219210192445,0.001987215804879838,0.0,-0.40605208328650527,1.4852778838082745,0.35,0.6,11,9,0,0.5454545454545454,0.6666666666666666,2,1,5,1,residual_dark_channel_mean,0.30785091519355773,<=,proxy_or_output_feature,0.55
rule,20,31.538708117861052,0.9832346946001053,0.2806870631414554,0.0014020868444108102,0.0,-1.14819694110262,1.4852778838082745,0.4,0.7,15,5,0,0.6,1.0,3,1,7,1,baseline_dark_channel_mean,0.4183144196867943,<=,proxy_or_output_feature,0.75
rule,20,31.538708117861052,0.9832346946001053,0.2806870631414554,0.0014020868444108102,0.0,-1.14819694110262,1.4852778838082745,0.4,0.7,15,5,0,0.6,1.0,3,1,7,1,lfv1_dark_channel_mean,0.41489411890506744,<=,proxy_or_output_feature,0.75
rule,20,31.53459391559838,0.9832858622074128,0.2765728608787832,-0.0027121154182614404,0.0,-0.35541468087259925,1.4852778838082745,0.3,0.6,11,9,0,0.5454545454545454,0.6666666666666666,2,1,4,1,residual_lfv1_luma_mean_delta,-0.00242062360048294,>=,proxy_or_output_feature,0.55
rule,20,31.53459391559838,0.9832858622074128,0.2765728608787832,-0.0027121154182614404,0.0,-0.35541468087259925,1.4852778838082745,0.3,0.6,11,9,0,0.5454545454545454,0.6666666666666666,2,1,4,1,residual_lfv1_dark_channel_mean_delta,-0.003006184101104736,>=,proxy_or_output_feature,0.55
rule,20,31.533109067221424,0.9831467181444168,0.27508801250183357,-0.004196963795211062,0.0,0.0,0.5449686061245536,0.4,0.7,3,17,0,1.0,0.3333333333333333,0,0,2,1,residual_color_regression_vs_lfv1,-0.4380586206912994,<=,gt_aware_diagnostic,0.15
rule,20,31.533095853332547,0.9834388464689254,0.27507479861295414,-0.004210177684090511,0.0,-0.35541468087259925,1.2384055230704805,0.45,0.75,12,8,0,0.6666666666666666,0.8888888888888888,3,0,7,0,rescalib_from_baseline_lf_mse_delta,3.722972760442645e-05,<=,gt_aware_diagnostic,0.6
rule,20,31.530321696513532,0.9833196341991425,0.27230064179393915,-0.006984334503105494,0.0,-0.3988197647096485,1.4852778838082745,0.3,0.55,10,10,0,0.5,0.5555555555555556,1,2,3,1,residual_mae,0.019815757870674133,<=,gt_aware_diagnostic,0.5
rule,20,31.530321696513532,0.9833196341991425,0.27230064179393915,-0.006984334503105494,0.0,-0.3988197647096485,1.4852778838082745,0.3,0.55,10,10,0,0.5,0.5555555555555556,1,2,3,1,residual_rmse,0.025390898808836937,<=,gt_aware_diagnostic,0.5
rule,20,31.530321696513532,0.9833196341991425,0.27230064179393915,-0.006984334503105494,0.0,-0.3988197647096485,1.4852778838082745,0.3,0.55,10,10,0,0.5,0.5555555555555556,1,2,3,1,residual_delta_e_mean,2.566618323326111,<=,gt_aware_diagnostic,0.5
rule,20,31.530321696513532,0.9833196341991425,0.27230064179393915,-0.006984334503105494,0.0,-0.3988197647096485,1.4852778838082745,0.3,0.55,10,10,0,0.5,0.5555555555555556,1,2,3,1,residual_delta_e_p95,6.244030237197876,<=,gt_aware_diagnostic,0.5
rule,20,31.529121563960405,0.9833209216594696,0.27110050924080903,-0.00818446705623561,0.0,-1.0130053282942584,1.4852778838082745,0.35,0.6,13,7,0,0.5384615384615384,0.7777777777777778,2,2,5,1,residual_delta_e_p95,7.6671666383743275,<=,gt_aware_diagnostic,0.65
rule,20,31.52775593909098,0.9833030074834823,0.26973488437138576,-0.009550091925658855,0.0,-0.109111030824284,1.3573288980360791,0.3,0.55,8,12,0,0.5,0.4444444444444444,1,1,3,1,baseline_dark_channel_mean,0.2693567514419556,<=,proxy_or_output_feature,0.4
rule,20,31.52775593909098,0.9833030074834823,0.26973488437138576,-0.009550091925658855,0.0,-0.109111030824284,1.3573288980360791,0.3,0.55,8,12,0,0.5,0.4444444444444444,1,1,3,1,lfv1_dark_channel_mean,0.26569121479988095,<=,proxy_or_output_feature,0.4
rule,20,31.52630280645825,0.9834040611982345,0.2682817517386534,-0.011003224558391266,0.0,-0.006981006687970399,1.2033953165351896,0.4,0.65,6,14,0,0.6666666666666666,0.4444444444444444,1,0,4,0,rescalib_from_baseline_residual_cosine,0.4160161703824997,>=,gt_aware_diagnostic,0.3
rule,20,31.52630280645825,0.9834040611982345,0.2682817517386534,-0.011003224558391266,0.0,-0.006981006687970399,1.2033953165351896,0.4,0.65,6,14,0,0.6666666666666666,0.4444444444444444,1,0,4,0,rescalib_from_baseline_luma_residual_cosine,0.3865695357322693,>=,gt_aware_diagnostic,0.3
rule,20,31.5244438134834,0.9834789901971817,0.26642275876380206,-0.012862217533242593,0.0,-1.0130053282942584,1.4852778838082745,0.4,0.65,14,6,0,0.5714285714285714,0.8888888888888888,2,2,6,1,residual_edge_error_regression_vs_lfv1,0.0007733688689768314,<=,gt_aware_diagnostic,0.7
rule,20,31.524348869715503,0.983404529094696,0.26632781499591207,-0.012957161301132558,0.0,-0.35541468087259925,1.2384055230704805,0.5,0.75,10,10,0,0.7,0.7777777777777778,3,0,7,0,rescalib_from_baseline_residual_error_ratio,0.9684322475659288,<=,gt_aware_diagnostic,0.5
rule,20,31.524348869715503,0.983404529094696,0.26632781499591207,-0.012957161301132558,0.0,-0.35541468087259925,1.2384055230704805,0.5,0.75,10,10,0,0.7,0.7777777777777778,3,0,7,0,rescalib_from_baseline_lf_mse_delta,-6.242393283173442e-06,<=,gt_aware_diagnostic,0.5
rule,20,31.524094093449303,0.9831755310297012,0.26607303872970967,-0.013211937567334964,0.0,0.0,1.4852778838082745,0.4,0.7,5,15,0,0.8,0.4444444444444444,1,0,3,1,residual_edge_error_regression_vs_lfv1,-0.0006430090870708227,<=,gt_aware_diagnostic,0.25
rule,20,31.52262979673468,0.9832341134548187,0.264608742015084,-0.014676234281960632,0.0,-1.14819694110262,1.4852778838082745,0.35,0.65,14,6,0,0.5714285714285714,0.8888888888888888,3,1,6,1,baseline_dark_channel_mean,0.36853769123554236,<=,proxy_or_output_feature,0.7
rule,20,31.52262979673468,0.9832341134548187,0.264608742015084,-0.014676234281960632,0.0,-1.14819694110262,1.4852778838082745,0.35,0.65,14,6,0,0.5714285714285714,0.8888888888888888,3,1,6,1,lfv1_dark_channel_mean,0.37295617461204533,<=,proxy_or_output_feature,0.7
rule,20,31.52262979673468,0.9832341134548187,0.264608742015084,-0.014676234281960632,0.0,-1.14819694110262,1.4852778838082745,0.35,0.65,14,6,0,0.5714285714285714,0.8888888888888888,3,1,6,1,residual_dark_channel_mean,0.3691649496555329,<=,proxy_or_output_feature,0.7
rule,20,31.52085836637152,0.9834306925535202,0.26283731165192686,-0.016447664645117755,0.0,-0.35541468087259925,1.2384055230704805,0.45,0.7,11,9,0,0.6363636363636364,0.7777777777777778,3,0,7,0,rescalib_from_baseline_residual_cosine,0.2496155939996243,>=,gt_aware_diagnostic,0.55
rule,20,31.52085836637152,0.9834306925535202,0.26283731165192686,-0.016447664645117755,0.0,-0.35541468087259925,1.2384055230704805,0.45,0.7,11,9,0,0.6363636363636364,0.7777777777777778,3,0,7,0,rescalib_from_baseline_luma_residual_cosine,0.23220859244465836,>=,gt_aware_diagnostic,0.55
rule,20,31.52085836637152,0.9834306925535202,0.26283731165192686,-0.016447664645117755,0.0,-0.35541468087259925,1.2384055230704805,0.45,0.7,11,9,0,0.6363636363636364,0.7777777777777778,3,0,7,0,rescalib_from_baseline_residual_error_ratio,1.0171366635282664,<=,gt_aware_diagnostic,0.55
rule,20,31.52085836637152,0.9834306925535202,0.26283731165192686,-0.016447664645117755,0.0,-0.35541468087259925,1.2384055230704805,0.45,0.7,11,9,0,0.6363636363636364,0.7777777777777778,3,0,7,0,rescalib_from_baseline_lf_mse_delta,1.463375047023871e-05,<=,gt_aware_diagnostic,0.55
rule,20,31.51732040442305,0.9832978695631027,0.2592993497034531,-0.019985626593591554,0.0,-1.0130053282942584,1.4852778838082745,0.4,0.65,14,6,0,0.5714285714285714,0.8888888888888888,2,2,6,1,residual_dark_channel_abs_bias_regression_vs_lfv1,0.0036859661340713505,<=,gt_aware_diagnostic,0.7
rule,20,31.517030746095053,0.9831461369991302,0.25900969137546215,-0.020275284921582502,0.0,0.0,0.2555588258498681,0.35,0.65,2,18,0,1.0,0.2222222222222222,0,0,1,1,rescalib_from_lfv1_residual_cosine,0.6600734353065492,>=,gt_aware_diagnostic,0.1
rule,20,31.517030746095053,0.9831461369991302,0.25900969137546215,-0.020275284921582502,0.0,0.0,0.2555588258498681,0.35,0.65,2,18,0,1.0,0.2222222222222222,0,0,1,1,rescalib_from_lfv1_luma_residual_cosine,0.6911929786205291,>=,gt_aware_diagnostic,0.1
rule,20,31.517030746095053,0.9831461369991302,0.25900969137546215,-0.020275284921582502,0.0,0.0,0.2555588258498681,0.35,0.65,2,18,0,1.0,0.2222222222222222,0,0,1,1,rescalib_from_lfv1_residual_error_ratio,0.815470936309234,<=,gt_aware_diagnostic,0.1
rule,20,31.513217090983982,0.9832780122756958,0.2551960362643916,-0.02408894003265303,0.0,-0.05717221713469099,1.2384055230704805,0.5,0.75,8,12,0,0.75,0.6666666666666666,2,0,6,0,rescalib_from_baseline_lf_mse_delta,-6.412119837477805e-05,<=,gt_aware_diagnostic,0.4
rule,20,31.513103616894806,0.9833619982004166,0.2550825621752173,-0.02420241412182733,0.0,-0.10057730097174025,1.4852778838082745,0.45,0.7,7,13,0,0.7142857142857143,0.5555555555555556,1,1,4,1,residual_edge_error_regression_vs_lfv1,-0.00018196846358478058,<=,gt_aware_diagnostic,0.35
rule,20,31.512945553670004,0.9831848531961441,0.2549244989504128,-0.024360477346631805,0.0,0.0,0.8440025816490673,0.45,0.75,4,16,0,1.0,0.4444444444444444,0,0,3,1,residual_luma_abs_bias_regression_vs_lfv1,-0.003350663185119629,<=,gt_aware_diagnostic,0.2
rule,20,31.510392309773653,0.9832259595394135,0.2523712550540568,-0.026913721242987874,0.0,-1.14819694110262,1.4852778838082745,0.35,0.6,13,7,0,0.5384615384615384,0.7777777777777778,3,1,6,1,residual_dark_channel_mean,0.34566098004579543,<=,proxy_or_output_feature,0.65
rule,20,31.510122009293706,0.9832313507795334,0.25210095457410997,-0.02718402172293466,0.0,-1.14819694110262,1.4852778838082745,0.35,0.65,16,4,0,0.5625,1.0,4,1,7,1,baseline_dark_channel_mean,0.42845417857170104,<=,proxy_or_output_feature,0.8
rule,20,31.510122009293706,0.9832313507795334,0.25210095457410997,-0.02718402172293466,0.0,-1.14819694110262,1.4852778838082745,0.35,0.65,16,4,0,0.5625,1.0,4,1,7,1,lfv1_dark_channel_mean,0.4253915190696716,<=,proxy_or_output_feature,0.8
rule,20,31.510122009293706,0.9832313507795334,0.25210095457410997,-0.02718402172293466,0.0,-1.14819694110262,1.4852778838082745,0.35,0.65,16,4,0,0.5625,1.0,4,1,7,1,rescalib_from_baseline_residual_error_ratio,1.267180418262911,<=,gt_aware_diagnostic,0.8
rule,20,31.509613113550824,0.9833881616592407,0.2515920588312321,-0.02769291746581253,0.0,-0.1634063611634738,1.4852778838082745,0.4,0.65,8,12,0,0.625,0.5555555555555556,1,1,4,1,residual_edge_error_regression_vs_lfv1,8.701551705598821e-05,<=,gt_aware_diagnostic,0.4
rule,20,31.50836549235703,0.9834784090518951,0.2503444376374306,-0.028940538659614035,0.0,-1.0130053282942584,1.4852778838082745,0.35,0.6,13,7,0,0.5384615384615384,0.7777777777777778,2,2,5,1,lfv1_highfreq_abs_mean,0.03073177970945835,>=,proxy_or_output_feature,0.65
rule,20,31.50836549235703,0.9834784090518951,0.2503444376374306,-0.028940538659614035,0.0,-1.0130053282942584,1.4852778838082745,0.35,0.6,13,7,0,0.5384615384615384,0.7777777777777778,2,2,5,1,residual_highfreq_abs_mean,0.030969721358269454,>=,proxy_or_output_feature,0.65
rule,20,31.50478004524515,0.9834301114082337,0.24675899052555544,-0.0325259857714892,0.0,-0.35541468087259925,1.2384055230704805,0.4,0.65,10,10,0,0.6,0.6666666666666666,3,0,6,0,rescalib_from_baseline_luma_residual_cosine,0.2751637399196625,>=,gt_aware_diagnostic,0.5
rule,20,31.501774618835363,0.9833358228206635,0.24375356411577034,-0.03553141218127429,0.0,-0.17655028026958997,1.3573288980360791,0.45,0.65,8,12,0,0.625,0.5555555555555556,1,1,4,1,baseline_edge_error,0.014846491627395153,>=,gt_aware_diagnostic,0.4
rule,20,31.501774618835363,0.9833358228206635,0.24375356411577034,-0.03553141218127429,0.0,-0.17655028026958997,1.3573288980360791,0.45,0.65,8,12,0,0.625,0.5555555555555556,1,1,4,1,lfv1_edge_error,0.015163221769034863,>=,gt_aware_diagnostic,0.4
rule,20,31.501348184233365,0.9830628484487534,0.24332712951377272,-0.03595784678327192,0.0,0.0,0.6352499317895455,0.45,0.75,4,16,0,1.0,0.4444444444444444,0,0,3,1,residual_lfv1_saturation_mean_delta,-0.00018400326371192962,<=,proxy_or_output_feature,0.2
rule,20,31.501348184233365,0.9830628484487534,0.24332712951377272,-0.03595784678327192,0.0,0.0,0.6352499317895455,0.45,0.75,4,16,0,1.0,0.4444444444444444,0,0,3,1,residual_lfv1_dark_channel_mean_delta,0.0044612884521484375,>=,proxy_or_output_feature,0.2
rule,20,31.500416840930164,0.9834942847490311,0.24239578621057517,-0.036889190086469445,0.0,-0.6151272551839586,1.3573288980360791,0.3,0.55,12,8,0,0.5,0.6666666666666666,2,2,4,1,residual_luma_bias,-0.009860777854919435,>=,gt_aware_diagnostic,0.6
rule,20,31.500055134596245,0.9832543939352035,0.24203407987664818,-0.03725089642039645,0.0,-0.109111030824284,1.3573288980360791,0.25,0.5,7,13,0,0.42857142857142855,0.3333333333333333,1,1,2,1,baseline_dark_channel_mean,0.2520579501986504,<=,proxy_or_output_feature,0.35
rule,20,31.500055134596245,0.9832543939352035,0.24203407987664818,-0.03725089642039645,0.0,-0.109111030824284,1.3573288980360791,0.25,0.5,7,13,0,0.42857142857142855,0.3333333333333333,1,1,2,1,lfv1_dark_channel_mean,0.25017561092972757,<=,proxy_or_output_feature,0.35
rule,20,31.500055134596245,0.9832543939352035,0.24203407987664818,-0.03725089642039645,0.0,-0.109111030824284,1.3573288980360791,0.25,0.5,7,13,0,0.42857142857142855,0.3333333333333333,1,1,2,1,residual_dark_channel_mean,0.25120110586285593,<=,proxy_or_output_feature,0.35
rule,20,31.499724772410197,0.9831080585718155,0.24170371769059998,-0.03758125860644466,0.0,-0.6223595737608154,1.4852778838082745,0.3,0.6,13,7,0,0.5384615384615384,0.7777777777777778,3,1,5,1,residual_lfv1_luma_mean_delta,-0.0035391747951507564,>=,proxy_or_output_feature,0.65
rule,20,31.499724772410197,0.9831080585718155,0.24170371769059998,-0.03758125860644466,0.0,-0.6223595737608154,1.4852778838082745,0.3,0.6,13,7,0,0.5384615384615384,0.7777777777777778,3,1,5,1,residual_lfv1_dark_channel_mean_delta,-0.0061557337641716,>=,proxy_or_output_feature,0.65
rule,20,31.49788452233268,0.9832231968641281,0.23986346761308272,-0.0394215086839619,0.0,-1.14819694110262,1.4852778838082745,0.35,0.6,15,5,0,0.5333333333333333,0.8888888888888888,4,1,7,1,rescalib_from_baseline_residual_error_ratio,1.2103380018203993,<=,gt_aware_diagnostic,0.75
rule,20,31.497755131937566,0.983143812417984,0.23973407721797207,-0.03955089907907254,0.0,-0.40605208328650527,1.4852778838082745,0.4,0.65,12,8,0,0.5833333333333334,0.7777777777777778,1,2,5,1,baseline_saturation_mean,0.1902461141347885,>=,proxy_or_output_feature,0.6
rule,20,31.497755131937566,0.983143812417984,0.23973407721797207,-0.03955089907907254,0.0,-0.40605208328650527,1.4852778838082745,0.4,0.65,12,8,0,0.5833333333333334,0.7777777777777778,1,2,5,1,lfv1_saturation_mean,0.191276079416275,>=,proxy_or_output_feature,0.6
rule,20,31.497755131937566,0.983143812417984,0.23973407721797207,-0.03955089907907254,0.0,-0.40605208328650527,1.4852778838082745,0.4,0.65,12,8,0,0.5833333333333334,0.7777777777777778,1,2,5,1,residual_saturation_mean,0.19439150094985963,>=,proxy_or_output_feature,0.6
rule,20,31.496648065220768,0.9833559155464172,0.23862701050117446,-0.04065796579587015,0.0,-0.35541468087259925,1.2384055230704805,0.45,0.7,9,11,0,0.6666666666666666,0.6666666666666666,3,0,6,0,rescalib_from_baseline_residual_error_ratio,0.9621262032622753,<=,gt_aware_diagnostic,0.45
rule,20,31.49608664786684,0.9830201297998429,0.23806559314724574,-0.041219383149798894,0.0,-0.109111030824284,1.4852778838082745,0.45,0.7,11,9,0,0.6363636363636364,0.7777777777777778,1,1,5,1,residual_lfv1_lap_var_delta,0.0004950301721692085,<=,proxy_or_output_feature,0.55
rule,20,31.495857704916045,0.9834756463766098,0.23783665019645656,-0.04144832610058806,0.0,-1.0130053282942584,1.4852778838082745,0.35,0.6,15,5,0,0.5333333333333333,0.8888888888888888,3,2,6,1,residual_edge_error_regression_vs_lfv1,0.0008021355606615543,<=,gt_aware_diagnostic,0.75
rule,20,31.49304408778761,0.9834660649299621,0.23502303306801497,-0.044261943229029654,0.0,-0.3988197647096485,1.4852778838082745,0.35,0.6,9,11,0,0.5555555555555556,0.5555555555555556,2,1,4,1,residual_edge_error_regression_vs_lfv1,0.000240241875872016,<=,gt_aware_diagnostic,0.45
rule,20,31.491245607072802,0.9832088559865951,0.23322455235321105,-0.046060423943833584,0.0,-1.0130053282942584,1.4852778838082745,0.5,0.7,15,5,0,0.6,1.0,1,3,7,1,rescalib_from_lfv1_residual_cosine,-0.28229715675115585,>=,gt_aware_diagnostic,0.75
rule,20,31.491245607072802,0.9832088559865951,0.23322455235321105,-0.046060423943833584,0.0,-1.0130053282942584,1.4852778838082745,0.5,0.7,15,5,0,0.6,1.0,1,3,7,1,rescalib_from_lfv1_luma_residual_cosine,-0.27908554673194885,>=,gt_aware_diagnostic,0.75
rule,20,31.489704775566132,0.9833270102739334,0.23168372084654293,-0.04760125545050169,0.0,-0.3988197647096485,1.3573288980360791,0.3,0.55,10,10,0,0.5,0.5555555555555556,1,2,3,1,residual_luma_abs_bias,0.009961217641830444,<=,gt_aware_diagnostic,0.5
rule,20,31.489435159037207,0.9833689749240875,0.23141410431761286,-0.04787087197943176,0.0,-0.006981006687970399,0.8440025816490673,0.4,0.65,6,14,0,0.6666666666666666,0.4444444444444444,1,0,4,0,residual_lfv1_edge_mean_delta_abs,0.0007823139429092407,<=,proxy_or_output_feature,0.3
rule,20,31.489435159037207,0.9833689749240875,0.23141410431761286,-0.04787087197943176,0.0,-0.006981006687970399,0.8440025816490673,0.4,0.65,6,14,0,0.6666666666666666,0.4444444444444444,1,0,4,0,residual_lfv1_highfreq_abs_mean_delta_abs,0.00017104819416999817,<=,proxy_or_output_feature,0.3
rule,20,31.488823366715508,0.9834173530340194,0.23080231199591222,-0.04848266430113242,0.0,-0.3988197647096485,1.4852778838082745,0.35,0.55,10,10,0,0.5,0.5555555555555556,2,1,4,1,residual_edge_error_regression_vs_lfv1,0.0003902800381183624,<=,gt_aware_diagnostic,0.5
rule,20,31.488734295855703,0.9832945257425308,0.2307132411361076,-0.048571735160937025,0.0,-1.0130053282942584,1.4852778838082745,0.35,0.6,15,5,0,0.5333333333333333,0.8888888888888888,3,2,6,1,residual_dark_channel_abs_bias_regression_vs_lfv1,0.004841923713684082,<=,gt_aware_diagnostic,0.75
rule,20,31.488419467375184,0.9832505434751511,0.23039841265558536,-0.04888656364145927,0.0,-1.14819694110262,1.4852778838082745,0.4,0.65,16,4,0,0.5625,1.0,3,2,7,1,rescalib_from_lfv1_lf_mse_delta,0.0006765848607756197,<=,gt_aware_diagnostic,0.8
rule,20,31.48630809003069,0.9832868635654449,0.22828703531109956,-0.05099794098594508,0.0,0.0,0.8297860276743787,0.45,0.7,3,17,0,1.0,0.3333333333333333,0,0,3,0,rescalib_from_baseline_residual_cosine,0.5311741232872007,>=,gt_aware_diagnostic,0.15
rule,20,31.48630809003069,0.9832868635654449,0.22828703531109956,-0.05099794098594508,0.0,0.0,0.8297860276743787,0.45,0.7,3,17,0,1.0,0.3333333333333333,0,0,3,0,rescalib_from_baseline_luma_residual_cosine,0.5268555268645284,>=,gt_aware_diagnostic,0.15
rule,20,31.48630809003069,0.9832868635654449,0.22828703531109956,-0.05099794098594508,0.0,0.0,0.8297860276743787,0.45,0.7,3,17,0,1.0,0.3333333333333333,0,0,3,0,rescalib_from_baseline_residual_error_ratio,0.915215451880339,<=,gt_aware_diagnostic,0.15
rule,20,31.48563634418887,0.9832298874855041,0.22761528946927,-0.05166968682777462,0.0,-1.0130053282942584,1.4852778838082745,0.35,0.6,11,9,0,0.5454545454545454,0.6666666666666666,1,2,4,1,baseline_highfreq_abs_mean,0.03376154936850071,>=,proxy_or_output_feature,0.55
rule,20,31.48563634418887,0.9832298874855041,0.22761528946927,-0.05166968682777462,0.0,-1.0130053282942584,1.4852778838082745,0.35,0.6,11,9,0,0.5454545454545454,0.6666666666666666,1,2,4,1,lfv1_highfreq_abs_mean,0.0338156457990408,>=,proxy_or_output_feature,0.55
rule,20,31.48563634418887,0.9832298874855041,0.22761528946927,-0.05166968682777462,0.0,-1.0130053282942584,1.4852778838082745,0.35,0.6,11,9,0,0.5454545454545454,0.6666666666666666,1,2,4,1,residual_highfreq_abs_mean,0.03379207216203213,>=,proxy_or_output_feature,0.55
rule,20,31.485269863106993,0.9830622673034668,0.22724880838740127,-0.05203616790964336,0.0,0.0,0.6352499317895455,0.4,0.7,3,17,0,1.0,0.3333333333333333,0,0,2,1,residual_lfv1_saturation_mean_delta,-0.001541438139975071,<=,proxy_or_output_feature,0.15
rule,20,31.485152887110655,0.9832362204790115,0.2271318323910661,-0.05215314390597854,0.0,0.0,0.8274756218343117,0.45,0.7,3,17,0,1.0,0.3333333333333333,0,0,3,0,rescalib_from_lfv1_lf_mse_delta,-0.000294561694317963,<=,gt_aware_diagnostic,0.15
rule,20,31.484359445102662,0.9831815093755722,0.22633839038306736,-0.05294658591397727,0.0,0.0,0.8440025816490673,0.4,0.7,5,15,0,0.8,0.4444444444444444,1,0,3,1,lfv1_dark_channel_abs_bias,0.027230866253376007,>=,gt_aware_diagnostic,0.25
rule,20,31.483849160905812,0.9830119758844376,0.22582810618621849,-0.05345687011082614,0.0,-0.109111030824284,1.4852778838082745,0.45,0.65,10,10,0,0.6,0.6666666666666666,1,1,5,1,residual_lfv1_lap_var_delta,-1.344829797744751e-05,<=,proxy_or_output_feature,0.5
rule,20,31.483249430691522,0.9832718521356583,0.22522837597193615,-0.054056600325108485,0.0,0.0,0.8297860276743787,0.5,0.75,6,14,0,0.8333333333333334,0.5555555555555556,0,1,4,1,residual_dark_channel_abs_bias_regression_vs_lfv1,-0.00499294102191925,<=,gt_aware_diagnostic,0.3
rule,20,31.482966999574252,0.9832776606082916,0.2249459448546558,-0.05433903144238883,0.0,-0.006981006687970399,0.6210333778148569,0.4,0.7,7,13,0,0.7142857142857143,0.5555555555555556,1,0,4,0,residual_saturation_abs_bias,0.00514255166053772,<=,gt_aware_diagnostic,0.35
rule,20,31.48055843739805,0.9830920398235321,0.22253738267845283,-0.05674759361859181,0.0,-0.008441442144205532,0.6352499317895455,0.4,0.65,6,14,0,0.6666666666666666,0.4444444444444444,1,0,3,1,residual_lfv1_edge_mean_delta,7.364898920059214e-05,<=,proxy_or_output_feature,0.3
rule,20,31.48055843739805,0.9830920398235321,0.22253738267845283,-0.05674759361859181,0.0,-0.008441442144205532,0.6352499317895455,0.4,0.65,6,14,0,0.6666666666666666,0.4444444444444444,1,0,3,1,residual_lfv1_highfreq_abs_mean_delta,5.077570676803765e-07,<=,proxy_or_output_feature,0.3
rule,20,31.47989162104482,0.9832925289869309,0.22187056632522745,-0.057414409971817196,0.0,-0.109111030824284,1.2384055230704805,0.3,0.55,8,12,0,0.5,0.4444444444444444,1,1,3,1,baseline_saturation_mean,0.27639321088790897,>=,proxy_or_output_feature,0.4
rule,20,31.47989162104482,0.9832925289869309,0.22187056632522745,-0.057414409971817196,0.0,-0.109111030824284,1.2384055230704805,0.3,0.55,8,12,0,0.5,0.4444444444444444,1,1,3,1,lfv1_saturation_mean,0.27501859068870543,>=,proxy_or_output_feature,0.4
rule,20,31.47989162104482,0.9832925289869309,0.22187056632522745,-0.057414409971817196,0.0,-0.109111030824284,1.2384055230704805,0.3,0.55,8,12,0,0.5,0.4444444444444444,1,1,3,1,residual_saturation_mean,0.28273380994796754,>=,proxy_or_output_feature,0.4
rule,20,31.478161586119647,0.9830848038196563,0.22014053140005707,-0.05914444489698756,0.0,0.0,0.6210333778148569,0.4,0.7,3,17,0,1.0,0.3333333333333333,0,0,2,1,residual_lfv1_lap_var_delta,-0.0021245963871479034,<=,proxy_or_output_feature,0.15
rule,20,31.47706793405406,0.9831182032823562,0.21904687933446762,-0.060238096962577,0.0,-0.07127050233593905,0.6352499317895455,0.35,0.6,7,13,0,0.5714285714285714,0.4444444444444444,1,0,3,1,residual_lfv1_highfreq_abs_mean_delta,5.027856677770616e-05,<=,proxy_or_output_feature,0.35
rule,20,31.47380544296343,0.983191379904747,0.21578438824383958,-0.06350058805320505,0.0,-0.10057730097174025,1.4852778838082745,0.4,0.65,6,14,0,0.6666666666666666,0.4444444444444444,1,1,3,1,residual_edge_error_regression_vs_lfv1,-0.000431784987449646,<=,gt_aware_diagnostic,0.3
rule,20,31.47276207566602,0.9830595046281815,0.21474102094642725,-0.06454395535061738,0.0,0.0,0.6352499317895455,0.4,0.7,5,15,0,0.8,0.4444444444444444,1,0,3,1,residual_lfv1_luma_mean_delta,0.001738615334033966,>=,proxy_or_output_feature,0.25
rule,20,31.47276207566602,0.9830595046281815,0.21474102094642725,-0.06454395535061738,0.0,0.0,0.6352499317895455,0.4,0.7,5,15,0,0.8,0.4444444444444444,1,0,3,1,residual_lfv1_saturation_mean_delta,0.0009305514395236969,<=,proxy_or_output_feature,0.25
rule,20,31.47276207566602,0.9830595046281815,0.21474102094642725,-0.06454395535061738,0.0,0.0,0.6352499317895455,0.4,0.7,5,15,0,0.8,0.4444444444444444,1,0,3,1,residual_lfv1_dark_channel_mean_delta,0.0025490671396255493,>=,proxy_or_output_feature,0.25
rule,20,31.472645099669684,0.9832334578037262,0.21462404495009207,-0.06466093134695257,0.0,0.0,0.8274756218343117,0.45,0.7,5,15,0,0.8,0.4444444444444444,1,0,4,0,rescalib_from_baseline_lf_mse_delta,-0.00015443359734490514,<=,gt_aware_diagnostic,0.25
rule,20,31.472341146248812,0.9832499623298645,0.2143200915292139,-0.06496488476783072,0.0,-1.14819694110262,1.4852778838082745,0.35,0.6,15,5,0,0.5333333333333333,0.8888888888888888,3,2,6,1,baseline_edge_mean,0.1560005322098732,>=,proxy_or_output_feature,0.75
rule,20,31.472341146248812,0.9832499623298645,0.2143200915292139,-0.06496488476783072,0.0,-1.14819694110262,1.4852778838082745,0.35,0.6,15,5,0,0.5333333333333333,0.8888888888888888,3,2,6,1,baseline_highfreq_abs_mean,0.026139171794056892,>=,proxy_or_output_feature,0.75
rule,20,31.472341146248812,0.9832499623298645,0.2143200915292139,-0.06496488476783072,0.0,-1.14819694110262,1.4852778838082745,0.35,0.6,15,5,0,0.5333333333333333,0.8888888888888888,3,2,6,1,lfv1_edge_mean,0.15595866367220879,>=,proxy_or_output_feature,0.75
rule,20,31.472341146248812,0.9832499623298645,0.2143200915292139,-0.06496488476783072,0.0,-1.14819694110262,1.4852778838082745,0.35,0.6,15,5,0,0.5333333333333333,0.8888888888888888,3,2,6,1,lfv1_highfreq_abs_mean,0.0260908342897892,>=,proxy_or_output_feature,0.75
rule,20,31.472341146248812,0.9832499623298645,0.2143200915292139,-0.06496488476783072,0.0,-1.14819694110262,1.4852778838082745,0.35,0.6,15,5,0,0.5333333333333333,0.8888888888888888,3,2,6,1,residual_edge_mean,0.15835854411125183,>=,proxy_or_output_feature,0.75
rule,20,31.472341146248812,0.9832499623298645,0.2143200915292139,-0.06496488476783072,0.0,-1.14819694110262,1.4852778838082745,0.35,0.6,15,5,0,0.5333333333333333,0.8888888888888888,3,2,6,1,residual_highfreq_abs_mean,0.026477458886802197,>=,proxy_or_output_feature,0.75
rule,20,31.471220217250067,0.9831910222768784,0.21319916253047425,-0.06608581376657038,0.0,0.0,0.6210333778148569,0.4,0.65,4,16,0,0.75,0.3333333333333333,0,0,3,0,baseline_dark_channel_abs_bias,0.0027911484241485594,<=,gt_aware_diagnostic,0.2
rule,20,31.47097552137938,0.9832320481538772,0.21295446665979068,-0.06633050963725395,0.0,-0.40605208328650527,1.3573288980360791,0.3,0.55,10,10,0,0.5,0.5555555555555556,2,1,4,1,baseline_dark_channel_mean,0.2908909469842911,<=,proxy_or_output_feature,0.5
rule,20,31.47097552137938,0.9832320481538772,0.21295446665979068,-0.06633050963725395,0.0,-0.40605208328650527,1.3573288980360791,0.3,0.55,10,10,0,0.5,0.5555555555555556,2,1,4,1,lfv1_dark_channel_mean,0.29091861844062805,<=,proxy_or_output_feature,0.5
rule,20,31.47097552137938,0.9832320481538772,0.21295446665979068,-0.06633050963725395,0.0,-0.40605208328650527,1.3573288980360791,0.3,0.55,10,10,0,0.5,0.5555555555555556,2,1,4,1,residual_dark_channel_mean,0.29157784581184387,<=,proxy_or_output_feature,0.5
rule,20,31.469739064267475,0.9833647668361664,0.21171800954788242,-0.06756696674916221,0.0,0.0,0.8297860276743787,0.4,0.65,4,16,0,0.75,0.3333333333333333,1,0,3,0,rescalib_from_baseline_residual_cosine,0.46278140544891355,>=,gt_aware_diagnostic,0.2
rule,20,31.469739064267475,0.9833647668361664,0.21171800954788242,-0.06756696674916221,0.0,0.0,0.8297860276743787,0.4,0.65,4,16,0,0.75,0.3333333333333333,1,0,3,0,rescalib_from_baseline_luma_residual_cosine,0.47089168429374695,>=,gt_aware_diagnostic,0.2
rule,20,31.46906731842565,0.9833077907562255,0.2110462637060529,-0.06823871259099175,0.0,-1.0130053282942584,1.4852778838082745,0.3,0.55,12,8,0,0.5,0.6666666666666666,2,2,4,1,baseline_highfreq_abs_mean,0.032529596239328384,>=,proxy_or_output_feature,0.6
rule,20,31.46906731842565,0.9833077907562255,0.2110462637060529,-0.06823871259099175,0.0,-1.0130053282942584,1.4852778838082745,0.3,0.55,12,8,0,0.5,0.6666666666666666,2,2,4,1,lfv1_highfreq_abs_mean,0.03230536431074142,>=,proxy_or_output_feature,0.6
rule,20,31.46906731842565,0.9833077907562255,0.2110462637060529,-0.06823871259099175,0.0,-1.0130053282942584,1.4852778838082745,0.3,0.55,12,8,0,0.5,0.6666666666666666,2,2,4,1,residual_highfreq_abs_mean,0.03228588327765465,>=,proxy_or_output_feature,0.6
rule,20,31.46843053686383,0.9831455618143081,0.21040948214423735,-0.06887549415280728,0.0,-0.03313805152643428,0.6352499317895455,0.35,0.7,7,13,0,0.7142857142857143,0.5555555555555556,2,0,3,1,residual_lfv1_saturation_mean_delta,0.0014406129717826842,<=,proxy_or_output_feature,0.35
rule,20,31.466953556597225,0.9834198206663132,0.2089325018776284,-0.07035247441941621,0.0,-0.6223595737608154,1.2384055230704805,0.4,0.65,12,8,0,0.5833333333333334,0.7777777777777778,3,1,7,0,rescalib_from_baseline_residual_cosine,0.1949137836694717,>=,gt_aware_diagnostic,0.6
rule,20,31.466953556597225,0.9834198206663132,0.2089325018776284,-0.07035247441941621,0.0,-0.6223595737608154,1.2384055230704805,0.4,0.65,12,8,0,0.5833333333333334,0.7777777777777778,3,1,7,0,rescalib_from_baseline_luma_residual_cosine,0.1775603860616684,>=,gt_aware_diagnostic,0.6
rule,20,31.466706010869046,0.9831204533576965,0.2086849561494523,-0.07060002014759234,0.0,0.0,0.42604523115895504,0.4,0.65,4,16,0,0.75,0.3333333333333333,0,0,3,0,residual_lfv1_edge_mean_delta_abs,0.00045245885848999023,<=,proxy_or_output_feature,0.2
rule,20,31.466706010869046,0.9831204533576965,0.2086849561494523,-0.07060002014759234,0.0,0.0,0.42604523115895504,0.4,0.65,4,16,0,0.75,0.3333333333333333,0,0,3,0,residual_lfv1_highfreq_abs_mean_delta_abs,0.00011753290891647339,<=,proxy_or_output_feature,0.2
rule,20,31.466248560923493,0.9833909302949906,0.20822750620389724,-0.0710574700931474,0.0,-0.006981006687970399,0.8297860276743787,0.35,0.6,5,15,0,0.6,0.3333333333333333,1,0,3,0,rescalib_from_baseline_residual_cosine,0.4256162568926811,>=,gt_aware_diagnostic,0.25
rule,20,31.466248560923493,0.9833909302949906,0.20822750620389724,-0.0710574700931474,0.0,-0.006981006687970399,0.8297860276743787,0.35,0.6,5,15,0,0.6,0.3333333333333333,1,0,3,0,rescalib_from_baseline_luma_residual_cosine,0.4197816923260689,>=,gt_aware_diagnostic,0.25
rule,20,31.464940033519845,0.9831717252731323,0.20691897880025217,-0.07236599749679247,0.0,-0.0959671117181678,0.6352499317895455,0.3,0.65,8,12,0,0.625,0.5555555555555556,2,0,3,1,residual_lfv1_saturation_mean_delta,0.0018007993698120116,<=,proxy_or_output_feature,0.4
rule,20,31.464480116271677,0.9830914586782455,0.20645906155208138,-0.07282591474496325,0.0,-0.008441442144205532,0.6352499317895455,0.35,0.6,5,15,0,0.6,0.3333333333333333,1,0,2,1,residual_lfv1_edge_mean_delta,-0.0003168918192386627,<=,proxy_or_output_feature,0.25
rule,20,31.464480116271677,0.9830914586782455,0.20645906155208138,-0.07282591474496325,0.0,-0.008441442144205532,0.6352499317895455,0.35,0.6,5,15,0,0.6,0.3333333333333333,1,0,2,1,residual_lfv1_highfreq_abs_mean_delta,-7.14743509888649e-05,<=,proxy_or_output_feature,0.25
rule,20,31.462732835525124,0.9833711087703705,0.20471178080552566,-0.07457319549151897,0.0,-0.6223595737608154,1.2384055230704805,0.4,0.6,13,7,0,0.5384615384615384,0.7777777777777778,3,1,7,0,rescalib_from_baseline_residual_cosine,0.160624860227108,>=,gt_aware_diagnostic,0.65
rule,20,31.462659498505456,0.9832055121660233,0.20463844378586557,-0.07464653251117906,0.0,-1.0130053282942584,1.4852778838082745,0.45,0.65,16,4,0,0.5625,1.0,2,3,7,1,rescalib_from_lfv1_residual_cosine,-0.3246741354465485,>=,gt_aware_diagnostic,0.8
rule,20,31.462659498505456,0.9832055121660233,0.20463844378586557,-0.07464653251117906,0.0,-1.0130053282942584,1.4852778838082745,0.45,0.65,16,4,0,0.5625,1.0,2,3,7,1,rescalib_from_lfv1_luma_residual_cosine,-0.32337353229522703,>=,gt_aware_diagnostic,0.8
rule,20,31.462575551199922,0.9832209825515748,0.20455449648032786,-0.07473047981671677,0.0,-1.14819694110262,1.4852778838082745,0.3,0.6,13,7,0,0.5384615384615384,0.7777777777777778,3,1,5,1,baseline_dark_channel_mean,0.3469292983412743,<=,proxy_or_output_feature,0.65
rule,20,31.462575551199922,0.9832209825515748,0.20455449648032786,-0.07473047981671677,0.0,-1.14819694110262,1.4852778838082745,0.3,0.6,13,7,0,0.5384615384615384,0.7777777777777778,3,1,5,1,lfv1_dark_channel_mean,0.35057208985090255,<=,proxy_or_output_feature,0.65
rule,20,31.461937886382394,0.9831188201904297,0.2039168316628066,-0.07536814463423802,0.0,-0.109111030824284,1.4852778838082745,0.45,0.65,10,10,0,0.6,0.6666666666666666,1,1,5,1,residual_lfv1_highfreq_abs_mean_delta,0.00019435817375779152,<=,proxy_or_output_feature,0.5
rule,20,31.461103117053046,0.9827856898307801,0.20308206233345327,-0.07620291396359136,0.0,-0.008441442144205532,1.2176118705098782,0.45,0.7,7,13,0,0.7142857142857143,0.5555555555555556,1,0,4,1,lfv1_saturation_bias,0.004288544133305549,>=,gt_aware_diagnostic,0.35
rule,20,31.460849050469864,0.9833656311035156,0.2028279957502674,-0.07645698054677723,0.0,-0.0959671117181678,0.8440025816490673,0.35,0.6,7,13,0,0.5714285714285714,0.4444444444444444,2,0,4,0,residual_lfv1_edge_mean_delta_abs,0.0011510398238897327,<=,proxy_or_output_feature,0.35
rule,20,31.45983335880784,0.9832471996545792,0.20181230408823989,-0.07747267220880474,0.0,-1.14819694110262,1.4852778838082745,0.35,0.6,17,3,0,0.5294117647058824,1.0,4,2,7,1,rescalib_from_baseline_lf_mse_delta,0.0003828010871075085,<=,gt_aware_diagnostic,0.85
rule,20,31.45983335880784,0.9832471996545792,0.20181230408823989,-0.07747267220880474,0.0,-1.14819694110262,1.4852778838082745,0.35,0.6,17,3,0,0.5294117647058824,1.0,4,2,7,1,rescalib_from_lfv1_residual_error_ratio,1.2739615810433345,<=,gt_aware_diagnostic,0.85
rule,20,31.45983335880784,0.9832471996545792,0.20181230408823989,-0.07747267220880474,0.0,-1.14819694110262,1.4852778838082745,0.35,0.6,17,3,0,0.5294117647058824,1.0,4,2,7,1,residual_color_regression_vs_lfv1,0.8018196702003476,<=,gt_aware_diagnostic,0.85
rule,20,31.457569058612258,0.983013653755188,0.19954800389266367,-0.07973697240438096,0.0,0.0,0.13663545088426954,0.35,0.65,2,18,0,1.0,0.2222222222222222,0,0,1,1,lfv1_saturation_bias,0.012991690635681154,>=,gt_aware_diagnostic,0.1
rule,20,31.457569058612258,0.983013653755188,0.19954800389266367,-0.07973697240438096,0.0,0.0,0.13663545088426954,0.35,0.65,2,18,0,1.0,0.2222222222222222,0,0,1,1,lfv1_from_baseline_residual_cosine,-0.20701361447572708,<=,gt_aware_diagnostic,0.1
rule,20,31.457569058612258,0.983013653755188,0.19954800389266367,-0.07973697240438096,0.0,0.0,0.13663545088426954,0.35,0.65,2,18,0,1.0,0.2222222222222222,0,0,1,1,lfv1_from_baseline_luma_residual_cosine,-0.20532948821783067,<=,gt_aware_diagnostic,0.1
rule,20,31.456193049902804,0.9831374078989029,0.1981719951832101,-0.08111298111383451,0.0,-0.03313805152643428,0.6352499317895455,0.35,0.65,6,14,0,0.6666666666666666,0.4444444444444444,2,0,3,1,residual_lfv1_saturation_mean_delta,0.001321566104888916,<=,proxy_or_output_feature,0.3
rule,20,31.455796922996807,0.9831041097640991,0.1977758682772155,-0.08150910801982914,0.0,-0.008441442144205532,0.8274756218343117,0.35,0.6,5,15,0,0.6,0.3333333333333333,1,0,2,1,residual_saturation_abs_bias,0.013926487416028976,>=,gt_aware_diagnostic,0.25
rule,20,31.455548626196787,0.9832232385873795,0.19752757147719854,-0.08175740481984609,0.0,0.0,0.8297860276743787,0.45,0.7,5,15,0,0.8,0.4444444444444444,0,1,3,1,residual_dark_channel_abs_bias_regression_vs_lfv1,-0.005800060927867889,<=,gt_aware_diagnostic,0.25
rule,20,31.453348337540156,0.9829649418592453,0.19532728282056092,-0.08395769347648371,0.0,0.0,0.13663545088426954,0.35,0.6,3,17,0,0.6666666666666666,0.2222222222222222,0,0,1,1,lfv1_saturation_bias,0.009761537984013552,>=,gt_aware_diagnostic,0.15
rule,20,31.452830934074473,0.9831300646066665,0.19480987935487698,-0.08447509694216766,0.0,-0.109111030824284,1.2384055230704805,0.25,0.55,8,12,0,0.5,0.4444444444444444,1,1,2,1,residual_mae,0.015348686091601848,<=,gt_aware_diagnostic,0.4
rule,20,31.452830934074473,0.9831300646066665,0.19480987935487698,-0.08447509694216766,0.0,-0.109111030824284,1.2384055230704805,0.25,0.55,8,12,0,0.5,0.4444444444444444,1,1,2,1,residual_rmse,0.02261626683175564,<=,gt_aware_diagnostic,0.4
rule,20,31.45043047041475,0.9832202136516571,0.19240941569515435,-0.08687556060189028,0.0,-0.07127050233593905,0.6210333778148569,0.35,0.55,6,14,0,0.5,0.3333333333333333,1,0,3,0,baseline_luma_mean,0.42927990257740023,<=,proxy_or_output_feature,0.3
rule,20,31.450338064238895,0.9832128286361694,0.1923170095193006,-0.08696796677774402,0.0,-1.14819694110262,1.4852778838082745,0.3,0.55,12,8,0,0.5,0.6666666666666666,3,1,5,1,baseline_dark_channel_mean,0.3301452696323395,<=,proxy_or_output_feature,0.6
rule,20,31.450338064238895,0.9832128286361694,0.1923170095193006,-0.08696796677774402,0.0,-1.14819694110262,1.4852778838082745,0.3,0.55,12,8,0,0.5,0.6666666666666666,3,1,5,1,lfv1_dark_channel_mean,0.33689231872558595,<=,proxy_or_output_feature,0.6
rule,20,31.450338064238895,0.9832128286361694,0.1923170095193006,-0.08696796677774402,0.0,-1.14819694110262,1.4852778838082745,0.3,0.55,12,8,0,0.5,0.6666666666666666,3,1,5,1,residual_dark_channel_mean,0.32952313423156737,<=,proxy_or_output_feature,0.6
rule,20,31.450136985105832,0.9831983566284179,0.19211593038623515,-0.08716904591080947,0.0,-0.006981006687970399,0.42604523115895504,0.35,0.6,5,15,0,0.6,0.3333333333333333,1,0,3,0,residual_lfv1_edge_mean_delta_abs,0.000637836754322052,<=,proxy_or_output_feature,0.25
rule,20,31.450136985105832,0.9831983566284179,0.19211593038623515,-0.08716904591080947,0.0,-0.006981006687970399,0.42604523115895504,0.35,0.6,5,15,0,0.6,0.3333333333333333,1,0,3,0,residual_lfv1_highfreq_abs_mean_delta_abs,0.00013815797865390778,<=,proxy_or_output_feature,0.25
rule,20,31.44989993931717,0.9833957403898239,0.191878884597579,-0.08740609169946563,0.0,-0.0959671117181678,0.8297860276743787,0.3,0.6,7,13,0,0.5714285714285714,0.4444444444444444,2,0,3,0,residual_luma_bias,-0.0028082594275474554,>=,gt_aware_diagnostic,0.35
rule,20,31.449380068548873,0.9832101196050644,0.19135901382927933,-0.0879259624677653,0.0,-0.109111030824284,1.2384055230704805,0.3,0.55,8,12,0,0.5,0.4444444444444444,1,1,3,0,residual_delta_e_mean,2.1668505668640137,<=,gt_aware_diagnostic,0.4
rule,20,31.447869809061068,0.9833249509334564,0.1898487543414719,-0.08943622195557274,0.0,-1.0130053282942584,1.3573288980360791,0.4,0.6,9,11,0,0.5555555555555556,0.5555555555555556,1,2,4,1,baseline_edge_error,0.014608540385961533,>=,gt_aware_diagnostic,0.45
rule,20,31.44700991609931,0.9831162452697754,0.18898886137972185,-0.09029611491732278,0.0,0.0,0.12241889690958092,0.4,0.65,2,18,0,1.0,0.2222222222222222,0,0,2,0,baseline_dark_channel_abs_bias,0.0017589777708053589,<=,gt_aware_diagnostic,0.1
rule,20,31.44700991609931,0.9831162452697754,0.18898886137972185,-0.09029611491732278,0.0,0.0,0.12241889690958092,0.4,0.65,2,18,0,1.0,0.2222222222222222,0,0,2,0,rescalib_from_baseline_residual_error_ratio,0.8795923490080773,<=,gt_aware_diagnostic,0.1
rule,20,31.446581177379084,0.9832049310207367,0.18856012265949412,-0.09072485363755049,0.0,-1.0130053282942584,1.4852778838082745,0.4,0.6,15,5,0,0.5333333333333333,0.8888888888888888,2,3,6,1,baseline_luma_bias,-0.015471473336219788,>=,gt_aware_diagnostic,0.75
rule,20,31.446581177379084,0.9832049310207367,0.18856012265949412,-0.09072485363755049,0.0,-1.0130053282942584,1.4852778838082745,0.4,0.6,15,5,0,0.5333333333333333,0.8888888888888888,2,3,6,1,lfv1_luma_bias,-0.016876906156539917,>=,gt_aware_diagnostic,0.75
rule,20,31.446581177379084,0.9832049310207367,0.18856012265949412,-0.09072485363755049,0.0,-1.0130053282942584,1.4852778838082745,0.4,0.6,15,5,0,0.5333333333333333,0.8888888888888888,2,3,6,1,residual_luma_bias,-0.016243331134319305,>=,gt_aware_diagnostic,0.75
rule,20,31.446144371507273,0.9832173347473144,0.18812331678767932,-0.0911616595093653,0.0,-1.0130053282942584,1.2384055230704805,0.45,0.65,14,6,0,0.5714285714285714,0.8888888888888888,2,2,7,0,residual_lfv1_luma_std_delta_abs,0.0031058669090271007,<=,proxy_or_output_feature,0.7
rule,20,31.44508485763277,0.9829368352890014,0.18706380291318325,-0.09222117338386138,0.0,0.0,0.12010849106951398,0.35,0.6,3,17,0,0.6666666666666666,0.2222222222222222,0,0,1,1,residual_saturation_bias,0.013763362914323805,>=,gt_aware_diagnostic,0.15
rule,20,31.445061271171284,0.9830108910799027,0.18704021645168964,-0.09224475984535499,0.0,0.0,0.42604523115895504,0.35,0.65,4,16,0,0.75,0.3333333333333333,1,0,2,1,residual_lfv1_luma_mean_delta,0.0031198263168334952,>=,proxy_or_output_feature,0.2
rule,20,31.445024795926674,0.9827851086854935,0.18700374120708183,-0.0922812350899628,0.0,-0.008441442144205532,1.2176118705098782,0.4,0.65,6,14,0,0.6666666666666666,0.4444444444444444,1,0,3,1,lfv1_saturation_bias,0.0057474724948406225,>=,gt_aware_diagnostic,0.3
rule,20,31.444899365541847,0.983236774802208,0.1868783108222578,-0.09240666547478682,0.0,-0.05717221713469099,1.2033953165351896,0.45,0.7,7,13,0,0.7142857142857143,0.5555555555555556,2,0,5,0,rescalib_from_baseline_lf_mse_delta,-9.401734641869552e-05,<=,gt_aware_diagnostic,0.35
rule,20,31.44478589145267,0.9833207607269288,0.1867648367330835,-0.09252013956396113,0.0,-0.10057730097174025,0.9629259566146658,0.4,0.65,6,14,0,0.6666666666666666,0.4444444444444444,1,1,3,1,lfv1_edge_error,0.01571713052690029,>=,gt_aware_diagnostic,0.3
rule,20,31.44462782822787,0.9831436157226563,0.18660677350827903,-0.0926782027887656,0.0,0.0,0.36800612813744205,0.4,0.7,3,17,0,1.0,0.3333333333333333,0,0,2,1,residual_luma_abs_bias_regression_vs_lfv1,-0.004574789106845855,<=,gt_aware_diagnostic,0.15
rule,20,31.44462782822787,0.9831436157226563,0.18660677350827903,-0.0926782027887656,0.0,0.0,0.36800612813744205,0.4,0.7,3,17,0,1.0,0.3333333333333333,0,0,2,1,residual_dark_channel_abs_bias_regression_vs_lfv1,-0.007305450737476349,<=,gt_aware_diagnostic,0.15
rule,20,31.44351941275533,0.9831424087285996,0.18549835803573664,-0.09378661826130799,0.0,0.0,0.12241889690958092,0.35,0.6,3,17,0,0.6666666666666666,0.2222222222222222,0,0,2,0,baseline_dark_channel_abs_bias,0.0020462095737457274,<=,gt_aware_diagnostic,0.15
rule,20,31.44056517038057,0.9832720488309861,0.18254411566098075,-0.09674086063606388,0.0,-0.17655028026958997,0.9629259566146658,0.4,0.6,7,13,0,0.5714285714285714,0.4444444444444444,1,1,3,1,lfv1_edge_error,0.015665200911462306,>=,gt_aware_diagnostic,0.35
rule,20,31.438845686141452,0.9831906199455261,0.1808246314218586,-0.09846034487518604,0.0,-0.109111030824284,0.2555588258498681,0.2,0.45,6,14,0,0.3333333333333333,0.2222222222222222,1,1,1,1,baseline_dark_channel_mean,0.22882741689682007,<=,proxy_or_output_feature,0.3
rule,20,31.438845686141452,0.9831906199455261,0.1808246314218586,-0.09846034487518604,0.0,-0.109111030824284,0.2555588258498681,0.2,0.45,6,14,0,0.3333333333333333,0.2222222222222222,1,1,1,1,lfv1_dark_channel_mean,0.23170447200536728,<=,proxy_or_output_feature,0.3
rule,20,31.438845686141452,0.9831906199455261,0.1808246314218586,-0.09846034487518604,0.0,-0.109111030824284,0.2555588258498681,0.2,0.45,6,14,0,0.3333333333333333,0.2222222222222222,1,1,1,1,residual_dark_channel_mean,0.2279768243432045,<=,proxy_or_output_feature,0.3
rule,20,31.438681129327573,0.9827530235052109,0.18066007460798444,-0.09862490168906017,0.0,-0.6223595737608154,1.2384055230704805,0.4,0.7,13,7,0,0.6153846153846154,0.8888888888888888,2,2,6,1,lfv1_luma_std_delta,-0.0024073496460914607,>=,gt_aware_diagnostic,0.65
rule,20,31.438515323955404,0.9830442845821381,0.18049426923581038,-0.09879070706123425,0.0,-0.6223595737608154,1.4852778838082745,0.25,0.55,12,8,0,0.5,0.6666666666666666,3,1,4,1,residual_lfv1_luma_mean_delta,-0.0029417634010314945,>=,proxy_or_output_feature,0.6
rule,20,31.438515323955404,0.9830442845821381,0.18049426923581038,-0.09879070706123425,0.0,-0.6223595737608154,1.4852778838082745,0.25,0.55,12,8,0,0.5,0.6666666666666666,3,1,4,1,residual_lfv1_dark_channel_mean_delta,-0.004488563537597657,>=,proxy_or_output_feature,0.6
rule,20,31.438326576882673,0.9831359833478928,0.18030552216308332,-0.0989794541339613,0.0,0.0,0.3448113892641615,0.4,0.7,5,15,0,0.8,0.4444444444444444,0,0,3,0,residual_saturation_abs_bias,0.004065380431711674,<=,gt_aware_diagnostic,0.25
rule,20,31.43586911201505,0.983037656545639,0.17784805729546188,-0.10143691900158273,0.0,-1.0130053282942584,1.4852778838082745,0.4,0.6,13,7,0,0.5384615384615384,0.7777777777777778,1,3,5,1,baseline_luma_abs_bias,0.015756532549858093,<=,gt_aware_diagnostic,0.65
rule,20,31.43586911201505,0.983037656545639,0.17784805729546188,-0.10143691900158273,0.0,-1.0130053282942584,1.4852778838082745,0.4,0.6,13,7,0,0.5384615384615384,0.7777777777777778,1,3,5,1,lfv1_luma_abs_bias,0.01693006157875061,<=,gt_aware_diagnostic,0.65
rule,20,31.43586911201505,0.983037656545639,0.17784805729546188,-0.10143691900158273,0.0,-1.0130053282942584,1.4852778838082745,0.4,0.6,13,7,0,0.5384615384615384,0.7777777777777778,1,3,5,1,residual_mae,0.02794217253103852,<=,gt_aware_diagnostic,0.65
rule,20,31.43586911201505,0.983037656545639,0.17784805729546188,-0.10143691900158273,0.0,-1.0130053282942584,1.4852778838082745,0.4,0.6,13,7,0,0.5384615384615384,0.7777777777777778,1,3,5,1,residual_rmse,0.038845401629805563,<=,gt_aware_diagnostic,0.65
rule,20,31.43586911201505,0.983037656545639,0.17784805729546188,-0.10143691900158273,0.0,-1.0130053282942584,1.4852778838082745,0.4,0.6,13,7,0,0.5384615384615384,0.7777777777777778,1,3,5,1,residual_delta_e_mean,3.217044603824615,<=,gt_aware_diagnostic,0.65
rule,20,31.43586911201505,0.983037656545639,0.17784805729546188,-0.10143691900158273,0.0,-1.0130053282942584,1.4852778838082745,0.4,0.6,13,7,0,0.5384615384615384,0.7777777777777778,1,3,5,1,residual_luma_abs_bias,0.017616762220859523,<=,gt_aware_diagnostic,0.65
rule,20,31.435251198353246,0.9831508517265319,0.17723014363365497,-0.10205483266338966,0.0,-0.07127050233593905,0.8440025816490673,0.3,0.55,6,14,0,0.5,0.3333333333333333,0,1,2,1,lfv1_saturation_mean,0.2989848792552948,>=,proxy_or_output_feature,0.3
rule,20,31.43393699642673,0.9825451821088791,0.17591594170714142,-0.10336903458990321,0.0,-0.780381878890004,1.4852778838082745,0.5,0.7,15,5,0,0.6,1.0,2,2,7,1,residual_lfv1_lap_var_delta,0.0017468556761741638,<=,proxy_or_output_feature,0.75
rule,20,31.43335177781505,0.9831154763698577,0.17533072309546113,-0.1039542532015835,0.0,-0.35541468087259925,1.4852778838082745,0.4,0.6,11,9,0,0.5454545454545454,0.6666666666666666,2,1,5,1,residual_lfv1_edge_mean_delta,0.001373358443379402,<=,proxy_or_output_feature,0.55
rule,20,31.43335177781505,0.9831154763698577,0.17533072309546113,-0.1039542532015835,0.0,-0.35541468087259925,1.4852778838082745,0.4,0.6,11,9,0,0.5454545454545454,0.6666666666666666,2,1,5,1,residual_lfv1_highfreq_abs_mean_delta,0.00021554152481257914,<=,proxy_or_output_feature,0.55
rule,20,31.433042972317434,0.983079344034195,0.1750219175978362,-0.10426305869920842,0.0,-1.14819694110262,1.4852778838082745,0.3,0.55,14,6,0,0.5,0.7777777777777778,3,2,5,1,residual_delta_e_p95,8.58721742630005,<=,gt_aware_diagnostic,0.7
rule,20,31.43303045879123,0.9830216109752655,0.17500940407163892,-0.1042755722254057,0.0,0.0,0.3448113892641615,0.4,0.7,3,17,0,1.0,0.3333333333333333,0,0,2,1,residual_lfv1_dark_channel_mean_delta,0.004845191538333892,>=,proxy_or_output_feature,0.15
rule,20,31.432960321120333,0.9833026766777039,0.17493926640074414,-0.1043457098963005,0.0,-0.006981006687970399,0.5772108287680324,0.35,0.65,6,14,0,0.6666666666666666,0.4444444444444444,1,0,3,0,baseline_luma_bias,0.000582131743431093,>=,gt_aware_diagnostic,0.3
rule,20,31.43225677786807,0.982952481508255,0.17423572314847924,-0.10504925314856539,0.0,-0.05717221713469099,1.2176118705098782,0.35,0.65,6,14,0,0.6666666666666666,0.4444444444444444,2,0,3,1,baseline_saturation_abs_bias,0.01060590445995331,>=,gt_aware_diagnostic,0.3
rule,20,31.431677347448005,0.9830614298582077,0.17365629272841296,-0.10562868356863167,0.0,-0.40605208328650527,1.3573288980360791,0.25,0.5,9,11,0,0.4444444444444444,0.4444444444444444,2,1,3,1,lfv1_luma_mean,0.49885024279356005,<=,proxy_or_output_feature,0.45
rule,20,31.43024478256269,0.9827567040920258,0.17222372784309314,-0.10706124845395149,0.0,-1.2361185006151576,1.4852778838082745,0.45,0.7,15,5,0,0.6,1.0,2,3,7,1,residual_luma_std_delta,-0.0025046318769454956,>=,gt_aware_diagnostic,0.75
rule,20,31.42924080801439,0.9834137499332428,0.17121975329480144,-0.1080652230022432,0.0,-0.6151272551839586,1.2033953165351896,0.35,0.55,12,8,0,0.5,0.6666666666666666,2,2,5,0,lfv1_luma_bias,-0.00693507194519043,>=,gt_aware_diagnostic,0.6
rule,20,31.428855926477276,0.983158928155899,0.17083487175767492,-0.10845010453936972,0.0,-1.14819694110262,1.4852778838082745,0.35,0.6,13,7,0,0.5384615384615384,0.7777777777777778,2,2,5,1,baseline_edge_mean,0.18054382726550103,>=,proxy_or_output_feature,0.65
rule,20,31.428855926477276,0.983158928155899,0.17083487175767492,-0.10845010453936972,0.0,-1.14819694110262,1.4852778838082745,0.35,0.6,13,7,0,0.5384615384615384,0.7777777777777778,2,2,5,1,lfv1_edge_mean,0.18099835216999055,>=,proxy_or_output_feature,0.65
rule,20,31.428855926477276,0.983158928155899,0.17083487175767492,-0.10845010453936972,0.0,-1.14819694110262,1.4852778838082745,0.35,0.6,13,7,0,0.5384615384615384,0.7777777777777778,2,2,5,1,residual_edge_mean,0.18098443001508713,>=,proxy_or_output_feature,0.65
rule,20,31.428783038890288,0.983059537410736,0.1707619841706979,-0.10852299212634672,0.0,-0.07127050233593905,0.6210333778148569,0.3,0.6,7,13,0,0.5714285714285714,0.4444444444444444,0,1,2,1,baseline_highfreq_abs_mean,0.036557373031973844,>=,proxy_or_output_feature,0.35
rule,20,31.428783038890288,0.983059537410736,0.1707619841706979,-0.10852299212634672,0.0,-0.07127050233593905,0.6210333778148569,0.3,0.6,7,13,0,0.5714285714285714,0.4444444444444444,0,1,2,1,lfv1_highfreq_abs_mean,0.0366831773892045,>=,proxy_or_output_feature,0.35
rule,20,31.428783038890288,0.983059537410736,0.1707619841706979,-0.10852299212634672,0.0,-0.07127050233593905,0.6210333778148569,0.3,0.6,7,13,0,0.5714285714285714,0.4444444444444444,0,1,2,1,residual_highfreq_abs_mean,0.03707609903067351,>=,proxy_or_output_feature,0.35
rule,20,31.428549507101497,0.9831430345773697,0.17052845238190759,-0.10875652391513704,0.0,0.0,0.07859634786275654,0.35,0.65,2,18,0,1.0,0.2222222222222222,0,0,1,1,residual_dark_channel_abs_bias_regression_vs_lfv1,-0.009141981601715088,<=,gt_aware_diagnostic,0.1
rule,20,31.428504577468402,0.9831949651241303,0.17048352274881093,-0.1088014535482337,0.0,0.0,0.8297860276743787,0.4,0.7,5,15,0,0.8,0.4444444444444444,1,0,3,1,baseline_edge_error,0.016261860728263855,>=,gt_aware_diagnostic,0.25
rule,20,31.428036056795968,0.9829037696123123,0.1700150020763765,-0.10926997422066816,0.0,-0.1331451964325407,1.2176118705098782,0.35,0.6,7,13,0,0.5714285714285714,0.4444444444444444,2,0,3,1,baseline_saturation_abs_bias,0.009683911502361297,>=,gt_aware_diagnostic,0.35
rule,20,31.426950386992115,0.983220311999321,0.16892933227251952,-0.1103556440245251,0.0,-0.006981006687970399,0.12241889690958092,0.3,0.55,4,16,0,0.5,0.2222222222222222,1,0,2,0,residual_luma_abs_bias,0.0033767998218536374,<=,gt_aware_diagnostic,0.2
rule,20,31.426024061490587,0.9827079921960831,0.1680030067709904,-0.11128196952605425,0.0,-1.2361185006151576,1.4852778838082745,0.45,0.65,16,4,0,0.5625,1.0,2,3,7,1,residual_luma_std_delta,-0.004439628124237061,>=,gt_aware_diagnostic,0.8
rule,20,31.425098641575897,0.9832230895757675,0.16707758685630997,-0.11220738944073468,0.0,0.0,0.07859634786275654,0.4,0.65,2,18,0,1.0,0.2222222222222222,0,0,2,0,rescalib_from_lfv1_lf_mse_delta,-0.00033487879554741087,<=,gt_aware_diagnostic,0.1
rule,20,31.4242838563963,0.9831462532281876,0.16626280167670818,-0.11302217462033645,0.0,-0.008441442144205532,0.8297860276743787,0.4,0.65,6,14,0,0.6666666666666666,0.4444444444444444,1,0,3,1,baseline_edge_error,0.01574603281915188,>=,gt_aware_diagnostic,0.3
rule,20,31.423695934037607,0.9834334820508956,0.16567487931801814,-0.11361009697902649,0.0,-0.35541468087259925,0.8297860276743787,0.3,0.6,9,11,0,0.5555555555555556,0.5555555555555556,2,1,4,0,residual_luma_bias,-0.004769352078437807,>=,gt_aware_diagnostic,0.45
rule,20,31.422995988111914,0.9828334242105484,0.16497493339232,-0.11431004290472462,0.0,-1.14819694110262,1.4852778838082745,0.4,0.6,17,3,0,0.5294117647058824,1.0,3,3,7,1,residual_edge_error_regression_vs_lfv1,0.0012149191927164783,<=,gt_aware_diagnostic,0.85
rule,20,31.422729665920013,0.9831716001033783,0.16470861120041674,-0.11457636509662787,0.0,-0.07127050233593905,0.12241889690958092,0.3,0.5,5,15,0,0.4,0.2222222222222222,1,0,2,0,baseline_luma_mean,0.4274105578660965,<=,proxy_or_output_feature,0.25
rule,20,31.4222482557563,0.9831354022026062,0.1642272010367119,-0.11505777526033274,0.0,0.0,0.27567637428796604,0.35,0.65,4,16,0,0.75,0.3333333333333333,0,0,2,0,residual_saturation_abs_bias,0.003962013125419617,<=,gt_aware_diagnostic,0.2
rule,20,31.42175755111946,0.9832138866186142,0.1637364963998662,-0.11554847989717842,0.0,-0.006981006687970399,0.3448113892641615,0.35,0.65,6,14,0,0.6666666666666666,0.4444444444444444,1,0,3,0,residual_saturation_abs_bias,0.004184621572494507,<=,gt_aware_diagnostic,0.3
rule,20,31.421544712504037,0.9827852070331573,0.163523657784447,-0.11576131851259763,0.0,0.0,1.2176118705098782,0.35,0.65,4,16,0,0.75,0.3333333333333333,1,0,2,1,baseline_saturation_bias,0.010406595468521115,>=,gt_aware_diagnostic,0.2
rule,20,31.42095307509008,0.9832201480865479,0.16293202037048093,-0.1163529559265637,0.0,-0.109111030824284,1.2033953165351896,0.35,0.6,9,11,0,0.5555555555555556,0.5555555555555556,1,1,4,0,residual_lfv1_luma_std_delta_abs,0.0012929499149322513,<=,proxy_or_output_feature,0.45
rule,20,31.420931566764192,0.9832068711519242,0.16291051204460416,-0.11637446425244047,0.0,-0.006981006687970399,0.6210333778148569,0.4,0.6,5,15,0,0.6,0.3333333333333333,0,1,3,0,baseline_dark_channel_abs_bias,0.0033627785742282867,<=,gt_aware_diagnostic,0.25
rule,20,31.41868217259003,0.9832287549972534,0.16066111787043785,-0.11862385842660679,0.0,-0.109111030824284,0.8440025816490673,0.25,0.5,7,13,0,0.42857142857142855,0.3333333333333333,1,1,2,1,baseline_saturation_mean,0.2903573408722877,>=,proxy_or_output_feature,0.35
rule,20,31.41868217259003,0.9832287549972534,0.16066111787043785,-0.11862385842660679,0.0,-0.109111030824284,0.8440025816490673,0.25,0.5,7,13,0,0.42857142857142855,0.3333333333333333,1,1,2,1,lfv1_saturation_mean,0.29119187742471697,>=,proxy_or_output_feature,0.35
rule,20,31.41852874265036,0.9832464754581451,0.1605076879307692,-0.11877728836627544,0.0,-0.3988197647096485,1.2033953165351896,0.35,0.55,10,10,0,0.5,0.5555555555555556,1,2,4,0,lfv1_luma_abs_bias,0.006964623928070068,<=,gt_aware_diagnostic,0.5
rule,20,31.417992473490415,0.9831967771053314,0.15997141877082582,-0.11931355752621879,0.0,-0.05717221713469099,0.8440025816490673,0.35,0.6,5,15,0,0.6,0.3333333333333333,1,1,2,1,lfv1_saturation_abs_bias,0.01328587532043457,>=,gt_aware_diagnostic,0.25
rule,20,31.417323991431935,0.9827364951372146,0.15930293671234425,-0.1199820395847004,0.0,-0.008441442144205532,1.2176118705098782,0.35,0.6,5,15,0,0.6,0.3333333333333333,1,0,2,1,baseline_saturation_bias,0.009634055197238922,>=,gt_aware_diagnostic,0.25
rule,20,31.417323991431935,0.9827364951372146,0.15930293671234425,-0.1199820395847004,0.0,-0.008441442144205532,1.2176118705098782,0.35,0.6,5,15,0,0.6,0.3333333333333333,1,0,2,1,lfv1_saturation_bias,0.006928231567144394,>=,gt_aware_diagnostic,0.25
rule,20,31.416952137664858,0.983021029829979,0.15893108294526748,-0.12035389335177715,0.0,0.0,0.05540160898947598,0.35,0.65,2,18,0,1.0,0.2222222222222222,0,0,1,1,residual_edge_error_regression_vs_lfv1,-0.0015793083235621454,<=,gt_aware_diagnostic,0.1
rule,20,31.416952137664858,0.983021029829979,0.15893108294526748,-0.12035389335177715,0.0,0.0,0.05540160898947598,0.35,0.65,2,18,0,1.0,0.2222222222222222,0,0,1,1,residual_lfv1_saturation_mean_delta,-0.002150580286979676,<=,proxy_or_output_feature,0.1
rule,20,31.416952137664858,0.983021029829979,0.15893108294526748,-0.12035389335177715,0.0,0.0,0.05540160898947598,0.35,0.65,2,18,0,1.0,0.2222222222222222,0,0,1,1,residual_lfv1_edge_mean_delta,-0.0022318318486213686,<=,proxy_or_output_feature,0.1
rule,20,31.416952137664858,0.983021029829979,0.15893108294526748,-0.12035389335177715,0.0,0.0,0.05540160898947598,0.35,0.65,2,18,0,1.0,0.2222222222222222,0,0,1,1,residual_lfv1_lap_var_delta,-0.002688530832529068,<=,proxy_or_output_feature,0.1
rule,20,31.416952137664858,0.983021029829979,0.15893108294526748,-0.12035389335177715,0.0,0.0,0.05540160898947598,0.35,0.65,2,18,0,1.0,0.2222222222222222,0,0,1,1,residual_lfv1_highfreq_abs_mean_delta,-0.0003340169787406922,<=,proxy_or_output_feature,0.1
rule,20,31.41671084569209,0.9831581592559815,0.1586897909725014,-0.12059518532454323,0.0,-0.07127050233593905,0.6210333778148569,0.4,0.55,6,14,0,0.5,0.3333333333333333,0,1,3,0,baseline_dark_channel_abs_bias,0.0035134270787239076,<=,gt_aware_diagnostic,0.3
rule,20,31.416041719660523,0.9831402719020843,0.15802066494093356,-0.12126431135611107,0.0,0.0,0.36800612813744205,0.35,0.65,4,16,0,0.75,0.3333333333333333,1,0,2,1,lfv1_dark_channel_abs_bias,0.028259527683258054,>=,gt_aware_diagnostic,0.2
rule,20,31.413771752418313,0.9831480652093887,0.15575069769872307,-0.12353427859832156,0.0,-0.1331451964325407,0.8440025816490673,0.35,0.55,6,14,0,0.5,0.3333333333333333,1,1,2,1,lfv1_saturation_abs_bias,0.011999018490314485,>=,gt_aware_diagnostic,0.3
rule,20,31.413183412186886,0.983100974559784,0.15516235746729362,-0.12412261882975102,0.0,0.0,0.8274756218343117,0.45,0.7,5,15,0,0.8,0.4444444444444444,1,0,4,0,rescalib_from_baseline_residual_norm_ratio,0.28321030877043185,<=,gt_aware_diagnostic,0.25
rule,20,31.413183412186886,0.983100974559784,0.15516235746729362,-0.12412261882975102,0.0,0.0,0.8274756218343117,0.45,0.7,5,15,0,0.8,0.4444444444444444,1,0,4,0,rescalib_from_lfv1_residual_norm_ratio,0.4156947489666549,<=,gt_aware_diagnostic,0.25
rule,20,31.412983868673575,0.9832662075757981,0.1549628139539859,-0.12432216234305873,0.0,-0.0959671117181678,0.6210333778148569,0.3,0.6,7,13,0,0.5714285714285714,0.4444444444444444,1,1,3,0,residual_luma_abs_bias,0.004973006248474122,<=,gt_aware_diagnostic,0.35
rule,20,31.412731416592756,0.9829723179340363,0.15471036187316473,-0.12457461442387992,0.0,0.0,0.05540160898947598,0.35,0.6,3,17,0,0.6666666666666666,0.2222222222222222,0,0,1,1,residual_lfv1_edge_mean_delta,-0.000717661529779434,<=,proxy_or_output_feature,0.15
rule,20,31.412731416592756,0.9829723179340363,0.15471036187316473,-0.12457461442387992,0.0,0.0,0.05540160898947598,0.35,0.6,3,17,0,0.6666666666666666,0.2222222222222222,0,0,1,1,residual_lfv1_highfreq_abs_mean_delta,-0.00015549454838037488,<=,proxy_or_output_feature,0.15
rule,20,31.412590854134926,0.9832203269004822,0.15456979941533594,-0.1247151768817087,0.0,0.0,0.36800612813744205,0.4,0.65,4,16,0,0.75,0.3333333333333333,1,0,3,0,rescalib_from_baseline_lf_mse_delta,-0.00018161647021770478,<=,gt_aware_diagnostic,0.2
rule,20,31.41237930688991,0.9832442164421081,0.15435825217031152,-0.12492672412673311,0.0,-0.109111030824284,0.6210333778148569,0.35,0.55,8,12,0,0.5,0.4444444444444444,1,1,3,0,residual_dark_channel_abs_bias,0.0060051709413528435,<=,gt_aware_diagnostic,0.4
rule,20,31.412286900714047,0.9832368314266204,0.15426584599445778,-0.12501913030258685,0.0,-1.14819694110262,1.4852778838082745,0.3,0.55,14,6,0,0.5,0.7777777777777778,3,2,5,1,baseline_edge_mean,0.17057476043701172,>=,proxy_or_output_feature,0.7
rule,20,31.412286900714047,0.9832368314266204,0.15426584599445778,-0.12501913030258685,0.0,-1.14819694110262,1.4852778838082745,0.3,0.55,14,6,0,0.5,0.7777777777777778,3,2,5,1,baseline_lap_var,0.0959736205637455,>=,proxy_or_output_feature,0.7
rule,20,31.412286900714047,0.9832368314266204,0.15426584599445778,-0.12501913030258685,0.0,-1.14819694110262,1.4852778838082745,0.3,0.55,14,6,0,0.5,0.7777777777777778,3,2,5,1,baseline_highfreq_abs_mean,0.029811998642981053,>=,proxy_or_output_feature,0.7
rule,20,31.412286900714047,0.9832368314266204,0.15426584599445778,-0.12501913030258685,0.0,-1.14819694110262,1.4852778838082745,0.3,0.55,14,6,0,0.5,0.7777777777777778,3,2,5,1,lfv1_edge_mean,0.1700572580099106,>=,proxy_or_output_feature,0.7
rule,20,31.412286900714047,0.9832368314266204,0.15426584599445778,-0.12501913030258685,0.0,-1.14819694110262,1.4852778838082745,0.3,0.55,14,6,0,0.5,0.7777777777777778,3,2,5,1,lfv1_lap_var,0.09799891337752342,>=,proxy_or_output_feature,0.7
rule,20,31.412286900714047,0.9832368314266204,0.15426584599445778,-0.12501913030258685,0.0,-1.14819694110262,1.4852778838082745,0.3,0.55,14,6,0,0.5,0.7777777777777778,3,2,5,1,lfv1_highfreq_abs_mean,0.029453151486814023,>=,proxy_or_output_feature,0.7
rule,20,31.412286900714047,0.9832368314266204,0.15426584599445778,-0.12501913030258685,0.0,-1.14819694110262,1.4852778838082745,0.3,0.55,14,6,0,0.5,0.7777777777777778,3,2,5,1,residual_edge_mean,0.17054594904184342,>=,proxy_or_output_feature,0.7
rule,20,31.412286900714047,0.9832368314266204,0.15426584599445778,-0.12501913030258685,0.0,-1.14819694110262,1.4852778838082745,0.3,0.55,14,6,0,0.5,0.7777777777777778,3,2,5,1,residual_lap_var,0.0976762093603611,>=,proxy_or_output_feature,0.7
rule,20,31.412286900714047,0.9832368314266204,0.15426584599445778,-0.12501913030258685,0.0,-1.14819694110262,1.4852778838082745,0.3,0.55,14,6,0,0.5,0.7777777777777778,3,2,5,1,residual_highfreq_abs_mean,0.029880907386541367,>=,proxy_or_output_feature,0.7
rule,20,31.408799949354936,0.9830833554267884,0.15077889463534824,-0.1285060816616964,0.0,-1.14819694110262,1.4852778838082745,0.35,0.6,13,7,0,0.5384615384615384,0.7777777777777778,2,2,5,1,baseline_saturation_mean,0.17992012351751327,>=,proxy_or_output_feature,0.65
rule,20,31.408799949354936,0.9830833554267884,0.15077889463534824,-0.1285060816616964,0.0,-1.14819694110262,1.4852778838082745,0.35,0.6,13,7,0,0.5384615384615384,0.7777777777777778,2,2,5,1,lfv1_saturation_mean,0.17439060583710672,>=,proxy_or_output_feature,0.65
rule,20,31.408799949354936,0.9830833554267884,0.15077889463534824,-0.1285060816616964,0.0,-1.14819694110262,1.4852778838082745,0.35,0.6,13,7,0,0.5384615384615384,0.7777777777777778,2,2,5,1,residual_saturation_mean,0.1803535856306553,>=,proxy_or_output_feature,0.65
rule,20,31.4081455817498,0.9830403178930283,0.15012452703020784,-0.12916044926683679,0.0,-0.1837825988464467,1.2384055230704805,0.3,0.6,9,11,0,0.5555555555555556,0.5555555555555556,1,1,3,1,lfv1_highfreq_abs_mean,0.03585912119597197,>=,proxy_or_output_feature,0.45
rule,20,31.405760724591754,0.9834138482809067,0.1477396698721666,-0.13154530642487802,0.0,-0.6151272551839586,1.2033953165351896,0.3,0.55,10,10,0,0.5,0.5555555555555556,2,2,4,0,lfv1_luma_bias,-0.004026047885417938,>=,gt_aware_diagnostic,0.5
rule,20,31.40532965429649,0.9829729974269867,0.14730859957690132,-0.1319763767201433,0.0,0.0,0.03215664225274334,0.35,0.65,2,18,0,1.0,0.2222222222222222,0,0,1,1,residual_color_regression_vs_lfv1,-0.4691623330116272,<=,gt_aware_diagnostic,0.1
rule,20,31.40532965429649,0.9829729974269867,0.14730859957690132,-0.1319763767201433,0.0,0.0,0.03215664225274334,0.35,0.65,2,18,0,1.0,0.2222222222222222,0,0,1,1,residual_lfv1_luma_mean_delta,0.0049627929925918635,>=,proxy_or_output_feature,0.1
rule,20,31.40532965429649,0.9829729974269867,0.14730859957690132,-0.1319763767201433,0.0,0.0,0.03215664225274334,0.35,0.65,2,18,0,1.0,0.2222222222222222,0,0,1,1,residual_lfv1_dark_channel_mean_delta,0.006025698781013494,>=,proxy_or_output_feature,0.1
rule,20,31.40309123888066,0.9830580860376358,0.14507018416106748,-0.13421479213597715,0.0,-0.6223595737608154,1.3573288980360791,0.2,0.45,10,10,0,0.4,0.4444444444444444,3,1,3,1,lfv1_luma_mean,0.5063733160495758,<=,proxy_or_output_feature,0.5
rule,20,31.402542283588605,0.9831459134817123,0.1445212288690069,-0.13476374742803773,0.0,-0.3988197647096485,1.2384055230704805,0.25,0.5,9,11,0,0.4444444444444444,0.4444444444444444,1,2,2,1,residual_rmse,0.023040068708360194,<=,gt_aware_diagnostic,0.45
rule,20,31.402542283588605,0.9831459134817123,0.1445212288690069,-0.13476374742803773,0.0,-0.3988197647096485,1.2384055230704805,0.25,0.5,9,11,0,0.4444444444444444,0.4444444444444444,1,2,2,1,residual_delta_e_p95,5.597699689865113,<=,gt_aware_diagnostic,0.45
rule,20,31.40249235817123,0.9830646544694901,0.1444713034516319,-0.13481367284541274,0.0,-1.793350469773175,1.4852778838082745,0.4,0.65,16,4,0,0.5625,1.0,3,2,7,1,residual_dark_channel_mean,0.4225206553936005,<=,proxy_or_output_feature,0.8
rule,20,31.401878788770894,0.9830530524253845,0.1438577340513037,-0.13542724224574093,0.0,0.0,0.03215664225274334,0.4,0.65,2,18,0,1.0,0.2222222222222222,0,0,2,0,residual_lfv1_edge_mean_delta_abs,0.0002993300557136536,<=,proxy_or_output_feature,0.1
rule,20,31.401540003519653,0.983365136384964,0.14351894880006383,-0.1357660274969808,0.0,-0.6151272551839586,1.2033953165351896,0.3,0.5,11,9,0,0.45454545454545453,0.5555555555555556,2,2,4,0,lfv1_luma_bias,-0.006053759902715682,>=,gt_aware_diagnostic,0.55
rule,20,31.401082234395552,0.9830109238624573,0.1430611796759603,-0.13622379662108433,0.0,-0.07127050233593905,0.34269366220807096,0.25,0.55,6,14,0,0.5,0.3333333333333333,0,1,1,1,residual_highfreq_abs_mean,0.03768908753991127,>=,proxy_or_output_feature,0.3
rule,20,31.400746381712548,0.9832580536603928,0.14272532699295865,-0.13655964930408598,0.0,-0.0959671117181678,0.6210333778148569,0.3,0.55,6,14,0,0.5,0.3333333333333333,1,1,3,0,residual_luma_abs_bias,0.00399206280708313,<=,gt_aware_diagnostic,0.3
rule,20,31.400141819928876,0.9832360625267029,0.14212076520928427,-0.13716421108776036,0.0,-0.109111030824284,0.6210333778148569,0.35,0.5,7,13,0,0.42857142857142855,0.3333333333333333,1,1,3,0,residual_dark_channel_abs_bias,0.005190040171146393,<=,gt_aware_diagnostic,0.35
rule,20,31.39996339853415,0.9831396907567977,0.1419423438145621,-0.13734263248248252,0.0,0.0,0.07859634786275654,0.3,0.6,3,17,0,0.6666666666666666,0.2222222222222222,1,0,1,1,lfv1_saturation_abs_bias,0.01890050321817397,>=,gt_aware_diagnostic,0.15
rule,20,31.39838828542691,0.9830792158842087,0.1403672307073185,-0.13891774558972614,0.0,0.0,0.03215664225274334,0.35,0.6,3,17,0,0.6666666666666666,0.2222222222222222,0,0,2,0,residual_lfv1_edge_mean_delta_abs,0.00037222355604171753,<=,proxy_or_output_feature,0.15
rule,20,31.39838828542691,0.9830792158842087,0.1403672307073185,-0.13891774558972614,0.0,0.0,0.03215664225274334,0.35,0.6,3,17,0,0.6666666666666666,0.2222222222222222,0,0,2,0,residual_lfv1_highfreq_abs_mean_delta_abs,7.788706570863724e-05,<=,proxy_or_output_feature,0.15
rule,20,31.39803795460555,0.9830606251955032,0.1400168998859595,-0.13926807641108513,0.0,0.0,0.024474973922054836,0.35,0.65,2,18,0,1.0,0.2222222222222222,0,0,1,0,lfv1_saturation_abs_bias,0.0015317559242248534,<=,gt_aware_diagnostic,0.1
rule,20,31.397155105195303,0.9832267850637436,0.13913405047571548,-0.14015092582132915,0.0,-1.0130053282942584,1.2384055230704805,0.35,0.6,11,9,0,0.5454545454545454,0.6666666666666666,1,2,4,1,lfv1_edge_mean,0.1938321955502033,>=,proxy_or_output_feature,0.55
rule,20,31.397155105195303,0.9832267850637436,0.13913405047571548,-0.14015092582132915,0.0,-1.0130053282942584,1.2384055230704805,0.35,0.6,11,9,0,0.5454545454545454,0.6666666666666666,1,2,4,1,residual_edge_mean,0.19539769887924194,>=,proxy_or_output_feature,0.55
rule,20,31.396944828769147,0.9823795855045319,0.13892377404955436,-0.14036120224749027,0.0,0.0,1.2176118705098782,0.4,0.7,5,15,0,0.8,0.4444444444444444,0,1,2,1,lfv1_from_baseline_residual_cosine,0.061425660736858845,<=,gt_aware_diagnostic,0.25
rule,20,31.396944828769147,0.9823795855045319,0.13892377404955436,-0.14036120224749027,0.0,0.0,1.2176118705098782,0.4,0.7,5,15,0,0.8,0.4444444444444444,0,1,2,1,lfv1_from_baseline_luma_residual_cosine,0.05113841500133276,<=,gt_aware_diagnostic,0.25
rule,20,31.396512533008554,0.9832197457551957,0.1384914782889645,-0.14079349800808014,0.0,0.0,0.07859634786275654,0.35,0.6,3,17,0,0.6666666666666666,0.2222222222222222,1,0,2,0,rescalib_from_baseline_lf_mse_delta,-0.00026200495776720347,<=,gt_aware_diagnostic,0.15
rule,20,31.39631468052437,0.9830018103122711,0.13829362580477741,-0.14099135049226721,0.0,0.0,0.6352499317895455,0.35,0.65,4,16,0,0.75,0.3333333333333333,1,0,2,1,residual_edge_error_regression_vs_lfv1,-0.0008521014824509621,<=,gt_aware_diagnostic,0.2
rule,20,31.396162390829538,0.9830502212047577,0.13814133610994758,-0.14114364018709705,0.0,-0.008441442144205532,0.05540160898947598,0.3,0.55,4,16,0,0.5,0.2222222222222222,1,0,1,1,residual_lfv1_edge_mean_delta,-0.0004018545150756836,<=,proxy_or_output_feature,0.2
rule,20,31.396162390829538,0.9830502212047577,0.13814133610994758,-0.14114364018709705,0.0,-0.008441442144205532,0.05540160898947598,0.3,0.55,4,16,0,0.5,0.2222222222222222,1,0,1,1,residual_lfv1_highfreq_abs_mean_delta,-8.90009105205536e-05,<=,proxy_or_output_feature,0.2
rule,20,31.396004099554652,0.9826828509569168,0.13798304483505533,-0.1413019314619893,0.0,-0.35541468087259925,1.2176118705098782,0.4,0.6,11,9,0,0.5454545454545454,0.6666666666666666,2,1,5,0,residual_lfv1_lap_var_delta_abs,0.0017916545271873473,<=,proxy_or_output_feature,0.55
rule,20,31.39599512954287,0.9833848685026169,0.13797407482328056,-0.14131090147376407,0.0,-0.35541468087259925,0.8297860276743787,0.25,0.55,8,12,0,0.5,0.4444444444444444,2,1,3,0,residual_luma_bias,-0.0037935853004455564,>=,gt_aware_diagnostic,0.4
rule,20,31.394547451261566,0.9830867886543274,0.1365263965419743,-0.14275857975507034,0.0,0.0,0.024474973922054836,0.3,0.6,3,17,0,0.6666666666666666,0.2222222222222222,0,0,1,0,lfv1_saturation_abs_bias,0.0026700524613261223,<=,gt_aware_diagnostic,0.15
rule,20,31.394339177741994,0.983159464597702,0.13631812302240895,-0.14296685327463568,0.0,0.0,0.36800612813744205,0.4,0.65,4,16,0,0.75,0.3333333333333333,0,1,2,1,residual_dark_channel_abs_bias_regression_vs_lfv1,-0.006319564580917359,<=,gt_aware_diagnostic,0.2
rule,20,31.394181658453626,0.9824677407741547,0.13616060373403122,-0.1431243725630134,0.0,-1.793350469773175,1.4852778838082745,0.45,0.75,12,8,0,0.6666666666666666,0.8888888888888888,3,1,6,1,rescalib_from_lfv1_residual_norm_ratio,0.6207297941246173,<=,gt_aware_diagnostic,0.6
rule,20,31.393780797803366,0.9829721301794052,0.1357597430837812,-0.14352523321326344,0.0,-1.0831060739109093,1.2384055230704805,0.45,0.65,12,8,0,0.5833333333333334,0.7777777777777778,3,1,6,1,lfv1_saturation_abs_bias,0.0038724541664123535,>=,gt_aware_diagnostic,0.6
rule,20,31.392724107697045,0.9823308736085892,0.1347030529774516,-0.14458192331959302,0.0,-0.008441442144205532,1.2176118705098782,0.4,0.65,6,14,0,0.6666666666666666,0.4444444444444444,0,1,2,1,lfv1_from_baseline_residual_cosine,0.06737435534596443,<=,gt_aware_diagnostic,0.3
rule,20,31.392724107697045,0.9823308736085892,0.1347030529774516,-0.14458192331959302,0.0,-0.008441442144205532,1.2176118705098782,0.4,0.65,6,14,0,0.6666666666666666,0.4444444444444444,0,1,2,1,lfv1_from_baseline_luma_residual_cosine,0.06199372932314873,<=,gt_aware_diagnostic,0.3
rule,20,31.391009595410083,0.9831143617630005,0.1329885406904973,-0.14629643560654734,0.0,-0.10057730097174025,1.2033953165351896,0.5,0.7,7,13,0,0.7142857142857143,0.5555555555555556,0,2,4,1,residual_lfv1_saturation_mean_delta_abs,0.006692658364772796,>=,proxy_or_output_feature,0.35
rule,20,31.39082793815562,0.9831978619098664,0.1328068834360316,-0.14647809286101304,0.0,-0.3988197647096485,1.2033953165351896,0.3,0.5,9,11,0,0.4444444444444444,0.4444444444444444,1,2,3,0,lfv1_luma_abs_bias,0.006249831616878511,<=,gt_aware_diagnostic,0.45
rule,20,31.390199606624826,0.9829736143350601,0.1321785519052403,-0.14710642439180432,0.0,0.0,0.9629259566146658,0.45,0.7,5,15,0,0.8,0.4444444444444444,0,1,3,1,airlight,0.87,>=,proxy_or_output_feature,0.25
rule,20,31.389960937381524,0.982419028878212,0.13193988266192846,-0.14734509363511616,0.0,-1.793350469773175,1.4852778838082745,0.45,0.7,13,7,0,0.6153846153846154,0.8888888888888888,3,1,6,1,rescalib_from_lfv1_residual_norm_ratio,0.6331756700411448,<=,gt_aware_diagnostic,0.65
rule,20,31.38937560550404,0.982521602511406,0.13135455078443936,-0.14793042551260527,0.0,-1.171027633423447,1.4852778838082745,0.55,0.7,11,9,0,0.6363636363636364,0.7777777777777778,0,3,5,1,lfv1_from_baseline_residual_cosine,0.2810965359210968,<=,gt_aware_diagnostic,0.55
rule,20,31.38922102195996,0.9831564396619796,0.13119996724036476,-0.14808500905667987,0.0,-0.07127050233593905,0.05540160898947598,0.3,0.5,5,15,0,0.4,0.2222222222222222,1,0,2,0,lfv1_luma_mean,0.426443450152874,<=,proxy_or_output_feature,0.25
rule,20,31.38922102195996,0.9831564396619796,0.13119996724036476,-0.14808500905667987,0.0,-0.07127050233593905,0.05540160898947598,0.3,0.5,5,15,0,0.4,0.2222222222222222,1,0,2,0,residual_luma_mean,0.42509768158197403,<=,proxy_or_output_feature,0.25
rule,20,31.388280853459683,0.9829399317502976,0.13025979874009455,-0.14902517755695008,0.0,-0.05717221713469099,0.8440025816490673,0.35,0.65,6,14,0,0.6666666666666666,0.4444444444444444,2,0,3,1,lfv1_dark_channel_abs_bias,0.024720591306686406,>=,gt_aware_diagnostic,0.3
rule,20,31.387898888749117,0.9829753071069718,0.12987783402952574,-0.1494071422675189,0.0,-0.1331451964325407,1.2176118705098782,0.4,0.6,7,13,0,0.5714285714285714,0.4444444444444444,1,1,3,1,residual_saturation_abs_bias,0.012020162120461463,>=,gt_aware_diagnostic,0.35
rule,20,31.386414037044858,0.9830640733242035,0.12839298232526045,-0.15089199397178418,0.0,-1.793350469773175,1.4852778838082745,0.35,0.6,15,5,0,0.5333333333333333,0.8888888888888888,3,2,6,1,residual_dark_channel_mean,0.42077110707759857,<=,proxy_or_output_feature,0.75
rule,20,31.38621210336381,0.983147817850113,0.12819104864421577,-0.15109392765282886,0.0,-1.14819694110262,1.4852778838082745,0.4,0.6,15,5,0,0.5333333333333333,0.8888888888888888,2,3,6,1,baseline_saturation_mean,0.14645417779684067,>=,proxy_or_output_feature,0.75
rule,20,31.38621210336381,0.983147817850113,0.12819104864421577,-0.15109392765282886,0.0,-1.14819694110262,1.4852778838082745,0.4,0.6,15,5,0,0.5333333333333333,0.8888888888888888,2,3,6,1,lfv1_saturation_mean,0.14554644376039505,>=,proxy_or_output_feature,0.75
rule,20,31.38621210336381,0.983147817850113,0.12819104864421577,-0.15109392765282886,0.0,-1.14819694110262,1.4852778838082745,0.4,0.6,15,5,0,0.5333333333333333,0.8888888888888888,2,3,6,1,residual_saturation_mean,0.14009901508688927,>=,proxy_or_output_feature,0.75
rule,20,31.385873045996128,0.9826327294111252,0.12785199127653685,-0.15143298502050778,0.0,-1.171027633423447,1.3573288980360791,0.55,0.7,9,11,0,0.6666666666666666,0.6666666666666666,0,3,5,1,residual_lfv1_saturation_mean_delta_abs,0.0048018313944339745,>=,proxy_or_output_feature,0.45
rule,20,31.38540142038094,0.9829382985830307,0.1273803656613522,-0.15190461063569244,0.0,-1.1624437592233179,1.4852778838082745,0.4,0.65,14,6,0,0.5714285714285714,0.8888888888888888,2,2,6,1,residual_luma_abs_bias_regression_vs_lfv1,0.0042929410934448246,<=,gt_aware_diagnostic,0.7
rule,20,31.38470734180812,0.9823714315891265,0.1266862870885271,-0.15259868920851752,0.0,0.0,1.2176118705098782,0.4,0.65,4,16,0,0.75,0.3333333333333333,0,1,2,1,lfv1_from_baseline_residual_cosine,0.03906776690855621,<=,gt_aware_diagnostic,0.2
rule,20,31.38470734180812,0.9823714315891265,0.1266862870885271,-0.15259868920851752,0.0,0.0,1.2176118705098782,0.4,0.65,4,16,0,0.75,0.3333333333333333,0,1,2,1,lfv1_from_baseline_luma_residual_cosine,0.029040569439530362,<=,gt_aware_diagnostic,0.2
rule,20,31.384522257171806,0.9827855437994003,0.12650120245221022,-0.1527837738448344,0.0,-0.7067071374981642,1.4852778838082745,0.35,0.6,7,13,0,0.5714285714285714,0.4444444444444444,2,1,3,1,residual_lap_var_ratio_gt,1.0085087060928344,>=,gt_aware_diagnostic,0.35
rule,20,31.384513208632335,0.9830888271331787,0.12649215391274318,-0.15279282238430145,0.0,-0.109111030824284,0.34269366220807096,0.2,0.5,7,13,0,0.42857142857142855,0.3333333333333333,1,1,1,1,residual_mae,0.014862323179841042,<=,gt_aware_diagnostic,0.35
rule,20,31.384513208632335,0.9830888271331787,0.12649215391274318,-0.15279282238430145,0.0,-0.109111030824284,0.34269366220807096,0.2,0.5,7,13,0,0.42857142857142855,0.3333333333333333,1,1,1,1,residual_rmse,0.0211881497874856,<=,gt_aware_diagnostic,0.35
rule,20,31.38368991708706,0.9831730008125306,0.12566886236746821,-0.15361611392957641,0.0,-0.05717221713469099,0.8274756218343117,0.4,0.65,6,14,0,0.6666666666666666,0.4444444444444444,2,0,4,0,rescalib_from_baseline_lf_mse_delta,-0.0001262825433514081,<=,gt_aware_diagnostic,0.3
rule,20,31.38316985726228,0.9832873404026031,0.12514880254269709,-0.15413617375434754,0.0,-1.0130053282942584,0.9629259566146658,0.3,0.5,9,11,0,0.4444444444444444,0.4444444444444444,1,2,3,1,baseline_lap_var,0.14328064695000647,>=,proxy_or_output_feature,0.45
rule,20,31.38316985726228,0.9832873404026031,0.12514880254269709,-0.15413617375434754,0.0,-1.0130053282942584,0.9629259566146658,0.3,0.5,9,11,0,0.4444444444444444,0.4444444444444444,1,2,3,1,lfv1_lap_var,0.14407630413770675,>=,proxy_or_output_feature,0.45
rule,20,31.38316985726228,0.9832873404026031,0.12514880254269709,-0.15413617375434754,0.0,-1.0130053282942584,0.9629259566146658,0.3,0.5,9,11,0,0.4444444444444444,0.4444444444444444,1,2,3,1,residual_lap_var,0.14173368662595748,>=,proxy_or_output_feature,0.45
rule,20,31.382671670634465,0.9833185255527497,0.12465061591487406,-0.15463436038217057,0.0,-0.12000127732642452,0.5772108287680324,0.35,0.6,7,13,0,0.5714285714285714,0.4444444444444444,1,1,3,0,baseline_luma_bias,-0.0005963847041130069,>=,gt_aware_diagnostic,0.35
rule,20,31.38230996430054,0.9830786347389221,0.12428890958094704,-0.15499606671609759,0.0,0.0,0.0,0.3,0.55,2,18,0,0.5,0.1111111111111111,0,0,1,0,residual_luma_abs_bias,0.0015240728855133057,<=,gt_aware_diagnostic,0.1
rule,20,31.38230996430054,0.9830786347389221,0.12428890958094704,-0.15499606671609759,0.0,0.0,0.0,0.3,0.55,2,18,0,0.5,0.1111111111111111,0,0,1,0,residual_lfv1_highfreq_abs_mean_delta_abs,6.803050637245178e-05,<=,proxy_or_output_feature,0.1
rule,20,31.38100228140064,0.9830171555280686,0.12298122668104412,-0.15630374961600052,0.0,-0.40605208328650527,1.2384055230704805,0.3,0.55,10,10,0,0.5,0.5555555555555556,2,1,4,0,residual_lfv1_luma_mean_delta_abs,0.0040472447872161865,<=,proxy_or_output_feature,0.5
rule,20,31.380301536099704,0.9827368319034576,0.12228048138010746,-0.1570044949169372,0.0,-0.7067071374981642,1.4852778838082745,0.35,0.55,8,12,0,0.5,0.4444444444444444,2,1,3,1,residual_lap_var_ratio_gt,1.0038278579711915,>=,gt_aware_diagnostic,0.4
rule,20,31.380032186652432,0.982534310221672,0.12201113193284296,-0.15727384436420166,0.0,-1.2361185006151576,1.4852778838082745,0.45,0.65,16,4,0,0.5625,1.0,2,3,7,1,lfv1_luma_std_delta,-0.005242860317230225,>=,gt_aware_diagnostic,0.8
rule,20,31.379862210553608,0.9831701695919037,0.12184115583401542,-0.1574438204630292,0.0,-0.40605208328650527,1.2033953165351896,0.3,0.55,10,10,0,0.5,0.5555555555555556,2,1,4,0,lfv1_dark_channel_abs_bias,0.00915876030921936,<=,gt_aware_diagnostic,0.5
rule,20,31.37849438840442,0.9830753862857818,0.12047333368482782,-0.1588116426122168,0.0,-0.17655028026958997,0.6210333778148569,0.3,0.55,8,12,0,0.5,0.4444444444444444,0,2,2,1,baseline_highfreq_abs_mean,0.03609200417995453,>=,proxy_or_output_feature,0.4
rule,20,31.37826345193695,0.9831636935472489,0.12024239721736034,-0.15904257907968428,0.0,-1.0130053282942584,1.3573288980360791,0.35,0.55,14,6,0,0.5,0.7777777777777778,2,3,5,1,baseline_luma_bias,-0.010373669862747192,>=,gt_aware_diagnostic,0.7
rule,20,31.37826345193695,0.9831636935472489,0.12024239721736034,-0.15904257907968428,0.0,-1.0130053282942584,1.3573288980360791,0.35,0.55,14,6,0,0.5,0.7777777777777778,2,3,5,1,lfv1_luma_bias,-0.014602383971214293,>=,gt_aware_diagnostic,0.7
rule,20,31.37826345193695,0.9831636935472489,0.12024239721736034,-0.15904257907968428,0.0,-1.0130053282942584,1.3573288980360791,0.35,0.55,14,6,0,0.5,0.7777777777777778,2,3,5,1,residual_luma_bias,-0.011733752489089967,>=,gt_aware_diagnostic,0.7
rule,20,31.37752240889231,0.983088031411171,0.11950135417271479,-0.15978362212432984,0.0,-1.793350469773175,1.4852778838082745,0.4,0.6,17,3,0,0.5294117647058824,1.0,4,2,7,1,baseline_saturation_abs_bias,0.002039624750614166,>=,gt_aware_diagnostic,0.85
rule,20,31.377206046954814,0.982575997710228,0.11918499223521728,-0.16009998406182735,0.0,-1.793350469773175,1.4852778838082745,0.35,0.6,17,3,0,0.5294117647058824,1.0,4,2,7,1,rescalib_from_baseline_residual_error_ratio,1.4371524358704821,<=,gt_aware_diagnostic,0.85
rule,20,31.377186823385085,0.9828080326318741,0.11916576866549349,-0.16011920763155113,0.0,-0.008441442144205532,1.2176118705098782,0.4,0.6,5,15,0,0.6,0.3333333333333333,0,1,2,1,residual_saturation_bias,0.011841727420687675,>=,gt_aware_diagnostic,0.25
rule,20,31.37674354572915,0.9829696536064148,0.11872249100955586,-0.1605624852874888,0.0,0.0,0.03215664225274334,0.3,0.6,3,17,0,0.6666666666666666,0.2222222222222222,1,0,1,1,residual_lfv1_luma_mean_delta,0.004034516215324401,>=,proxy_or_output_feature,0.15
rule,20,31.3758148664803,0.9830245256423951,0.11779381176070576,-0.16149116453633888,0.0,-1.0130053282942584,1.4852778838082745,0.35,0.55,12,8,0,0.5,0.6666666666666666,1,3,4,1,baseline_delta_e_p95,6.685781764984132,<=,gt_aware_diagnostic,0.6
rule,20,31.3758148664803,0.9830245256423951,0.11779381176070576,-0.16149116453633888,0.0,-1.0130053282942584,1.4852778838082745,0.35,0.55,12,8,0,0.5,0.6666666666666666,1,3,4,1,lfv1_mae,0.022016560658812523,<=,gt_aware_diagnostic,0.6
rule,20,31.37504352287882,0.9831554412841796,0.11702246815923019,-0.16226250813781445,0.0,-0.17655028026958997,0.6210333778148569,0.35,0.55,8,12,0,0.5,0.4444444444444444,0,2,3,0,baseline_dark_channel_abs_bias,0.004926276206970215,<=,gt_aware_diagnostic,0.4
rule,20,31.37390624960388,0.9830613106489181,0.11588519488428642,-0.1633997814127582,0.0,-1.793350469773175,1.4852778838082745,0.35,0.6,17,3,0,0.5294117647058824,1.0,4,2,7,1,baseline_luma_mean,0.5749328732490538,<=,proxy_or_output_feature,0.85
rule,20,31.37390624960388,0.9830613106489181,0.11588519488428642,-0.1633997814127582,0.0,-1.793350469773175,1.4852778838082745,0.35,0.6,17,3,0,0.5294117647058824,1.0,4,2,7,1,baseline_dark_channel_mean,0.4363746553659439,<=,proxy_or_output_feature,0.85
rule,20,31.37390624960388,0.9830613106489181,0.11588519488428642,-0.1633997814127582,0.0,-1.793350469773175,1.4852778838082745,0.35,0.6,17,3,0,0.5294117647058824,1.0,4,2,7,1,lfv1_luma_mean,0.574902069568634,<=,proxy_or_output_feature,0.85
rule,20,31.37390624960388,0.9830613106489181,0.11588519488428642,-0.1633997814127582,0.0,-1.793350469773175,1.4852778838082745,0.35,0.6,17,3,0,0.5294117647058824,1.0,4,2,7,1,lfv1_dark_channel_mean,0.43749845474958415,<=,proxy_or_output_feature,0.85
rule,20,31.37390624960388,0.9830613106489181,0.11588519488428642,-0.1633997814127582,0.0,-1.793350469773175,1.4852778838082745,0.35,0.6,17,3,0,0.5294117647058824,1.0,4,2,7,1,residual_luma_mean,0.5736893087625503,<=,proxy_or_output_feature,0.85
rule,20,31.37390624960388,0.9830613106489181,0.11588519488428642,-0.1633997814127582,0.0,-1.793350469773175,1.4852778838082745,0.35,0.6,17,3,0,0.5294117647058824,1.0,4,2,7,1,residual_dark_channel_mean,0.42907274812459945,<=,proxy_or_output_feature,0.85
rule,20,31.373882750891976,0.982532051205635,0.11586169617238529,-0.16342328012465934,0.0,-0.780381878890004,1.4852778838082745,0.45,0.65,14,6,0,0.5714285714285714,0.8888888888888888,2,2,6,1,residual_lfv1_lap_var_delta,0.0013560645282268526,<=,proxy_or_output_feature,0.7
rule,20,31.373757704426247,0.9831159800291062,0.1157366497066544,-0.16354832659039023,0.0,-0.07127050233593905,0.024474973922054836,0.25,0.5,5,15,0,0.4,0.2222222222222222,1,0,1,0,residual_lfv1_luma_mean_delta_abs,0.0019397884607315063,<=,proxy_or_output_feature,0.25
rule,20,31.373757704426247,0.9831159800291062,0.1157366497066544,-0.16354832659039023,0.0,-0.07127050233593905,0.024474973922054836,0.25,0.5,5,15,0,0.4,0.2222222222222222,1,0,1,0,residual_lfv1_dark_channel_mean_delta_abs,0.002508707344532013,<=,proxy_or_output_feature,0.25
rule,20,31.37370431592283,0.9831450551748275,0.11568326120324172,-0.1636017150938029,0.0,-1.14819694110262,1.4852778838082745,0.4,0.6,17,3,0,0.5294117647058824,1.0,3,3,7,1,rescalib_from_baseline_residual_cosine,-0.036693352460861195,>=,gt_aware_diagnostic,0.85
rule,20,31.37370431592283,0.9831450551748275,0.11568326120324172,-0.1636017150938029,0.0,-1.14819694110262,1.4852778838082745,0.4,0.6,17,3,0,0.5294117647058824,1.0,3,3,7,1,rescalib_from_baseline_luma_residual_cosine,-0.033605278981849535,>=,gt_aware_diagnostic,0.85
rule,20,31.373045577217813,0.983209440112114,0.11502452249822107,-0.16426045379882356,0.0,-0.0959671117181678,0.12241889690958092,0.25,0.5,5,15,0,0.4,0.2222222222222222,1,1,2,0,residual_luma_abs_bias,0.0038337334990501404,<=,gt_aware_diagnostic,0.25
rule,20,31.372988726782673,0.9830662131309509,0.11496767206308008,-0.16431730423396457,0.0,-1.14819694110262,1.4852778838082745,0.25,0.5,13,7,0,0.46153846153846156,0.6666666666666666,3,2,4,1,baseline_highfreq_abs_mean,0.031124373991042377,>=,proxy_or_output_feature,0.65
rule,20,31.371890374297777,0.9831587970256805,0.1138693195781876,-0.16541565671885702,0.0,-0.0959671117181678,0.12010849106951398,0.25,0.5,5,15,0,0.4,0.2222222222222222,1,1,2,0,lfv1_luma_abs_bias,0.0026682689785957336,<=,gt_aware_diagnostic,0.25
rule,20,31.371794311507596,0.9830444753170013,0.11377325678801106,-0.16551171950903357,0.0,-0.006981006687970399,0.27567637428796604,0.25,0.6,5,15,0,0.6,0.3333333333333333,0,1,1,1,baseline_edge_mean,0.23509887978434563,>=,proxy_or_output_feature,0.25
rule,20,31.371794311507596,0.9830444753170013,0.11377325678801106,-0.16551171950903357,0.0,-0.006981006687970399,0.27567637428796604,0.25,0.6,5,15,0,0.6,0.3333333333333333,0,1,1,1,lfv1_edge_mean,0.2348095402121544,>=,proxy_or_output_feature,0.25
rule,20,31.371794311507596,0.9830444753170013,0.11377325678801106,-0.16551171950903357,0.0,-0.006981006687970399,0.27567637428796604,0.25,0.6,5,15,0,0.6,0.3333333333333333,0,1,1,1,residual_edge_mean,0.23658505454659462,>=,proxy_or_output_feature,0.25
rule,20,31.371708294906,0.9831680417060852,0.11368724018640446,-0.16559773611064016,0.0,-1.14819694110262,1.3573288980360791,0.45,0.6,11,9,0,0.5454545454545454,0.6666666666666666,1,3,5,1,residual_edge_error,0.014937070850282909,>=,gt_aware_diagnostic,0.55
rule,20,31.367573590435494,0.9829957634210587,0.10955253571590831,-0.16973244058113632,0.0,-0.07127050233593905,0.27567637428796604,0.25,0.55,6,14,0,0.5,0.3333333333333333,0,1,1,1,baseline_highfreq_abs_mean,0.037379907071590425,>=,proxy_or_output_feature,0.3
rule,20,31.367573590435494,0.9829957634210587,0.10955253571590831,-0.16973244058113632,0.0,-0.07127050233593905,0.27567637428796604,0.25,0.55,6,14,0,0.5,0.3333333333333333,0,1,1,1,lfv1_highfreq_abs_mean,0.037721641734242445,>=,proxy_or_output_feature,0.3
rule,20,31.367551386572917,0.9829964190721512,0.1095303318533281,-0.16975464444371652,0.0,-1.0130053282942584,1.3573288980360791,0.35,0.55,12,8,0,0.5,0.6666666666666666,1,3,4,1,baseline_luma_abs_bias,0.011000120639801027,<=,gt_aware_diagnostic,0.6
rule,20,31.367551386572917,0.9829964190721512,0.1095303318533281,-0.16975464444371652,0.0,-1.0130053282942584,1.3573288980360791,0.35,0.55,12,8,0,0.5,0.6666666666666666,1,3,4,1,lfv1_luma_abs_bias,0.014908331632614137,<=,gt_aware_diagnostic,0.6
rule,20,31.367551386572917,0.9829964190721512,0.1095303318533281,-0.16975464444371652,0.0,-1.0130053282942584,1.3573288980360791,0.35,0.55,12,8,0,0.5,0.6666666666666666,1,3,4,1,residual_luma_abs_bias,0.011887466907501221,<=,gt_aware_diagnostic,0.6
rule,20,31.36729512901361,0.9831311911344528,0.10927407429402133,-0.1700109020030233,0.0,0.0,0.5772108287680324,0.35,0.65,4,16,0,0.75,0.3333333333333333,1,0,2,1,lfv1_edge_error,0.01699181906878948,>=,gt_aware_diagnostic,0.2
rule,20,31.36729512901361,0.9831311911344528,0.10927407429402133,-0.1700109020030233,0.0,0.0,0.5772108287680324,0.35,0.65,4,16,0,0.75,0.3333333333333333,1,0,2,1,residual_edge_error,0.017022682726383208,>=,gt_aware_diagnostic,0.2
rule,20,31.366600831499067,0.9833652436733246,0.10857977677947997,-0.17070519951756466,0.0,-1.0130053282942584,0.9629259566146658,0.25,0.45,10,10,0,0.4,0.4444444444444444,2,2,3,1,lfv1_lap_var,0.1383127123117447,>=,proxy_or_output_feature,0.5
rule,20,31.366580906862488,0.9829639345407486,0.10855985214289277,-0.17072512415415186,0.0,-1.1624437592233179,1.4852778838082745,0.4,0.6,17,3,0,0.5294117647058824,1.0,3,3,7,1,rescalib_from_lfv1_residual_cosine,-0.33790480494499203,>=,gt_aware_diagnostic,0.85
rule,20,31.366580906862488,0.9829639345407486,0.10855985214289277,-0.17072512415415186,0.0,-1.1624437592233179,1.4852778838082745,0.4,0.6,17,3,0,0.5294117647058824,1.0,3,3,7,1,rescalib_from_lfv1_luma_residual_cosine,-0.3502754032611847,>=,gt_aware_diagnostic,0.85
rule,20,31.36574093853732,0.9831565380096435,0.10771988381772993,-0.1715650924793147,0.0,-0.006981006687970399,0.0,0.25,0.5,3,17,0,0.3333333333333333,0.1111111111111111,1,0,1,0,residual_luma_abs_bias,0.0022319599986076353,<=,gt_aware_diagnostic,0.15
rule,20,31.36555885914554,0.9831657826900482,0.10753780442594678,-0.17174717187109784,0.0,-1.0831060739109093,1.3573288980360791,0.45,0.6,9,11,0,0.5555555555555556,0.5555555555555556,1,2,4,1,lfv1_edge_error,0.014821046870201825,>=,gt_aware_diagnostic,0.45
rule,20,31.365284921931277,0.9830798774957656,0.10726386721168754,-0.1720211090853571,0.0,-1.793350469773175,1.4852778838082745,0.4,0.55,16,4,0,0.5,0.8888888888888888,4,2,7,1,baseline_saturation_abs_bias,0.0033356130123138425,>=,gt_aware_diagnostic,0.8
rule,20,31.36523036835751,0.9831209599971771,0.10720931363791468,-0.17207566265912994,0.0,-0.07127050233593905,0.8297860276743787,0.35,0.55,6,14,0,0.5,0.3333333333333333,0,1,3,0,residual_saturation_mean,0.29697792530059813,>=,proxy_or_output_feature,0.3
rule,20,31.363939052425934,0.9829112440347672,0.10591799770634544,-0.1733669785906992,0.0,-0.05717221713469099,0.8274756218343117,0.3,0.6,5,15,0,0.6,0.3333333333333333,2,0,2,1,baseline_saturation_abs_bias,0.01205030083656311,>=,gt_aware_diagnostic,0.25
rule,20,31.363308790915347,0.9830657482147217,0.10528773619575968,-0.17399724010128495,0.0,-0.10057730097174025,1.2033953165351896,0.45,0.65,6,14,0,0.6666666666666666,0.4444444444444444,0,2,3,1,residual_lfv1_saturation_mean_delta_abs,0.007344552874565124,>=,proxy_or_output_feature,0.3
rule,20,31.36317068552795,0.9823647767305375,0.10514963080835305,-0.17413534548869158,0.0,-0.5640743884156938,1.4852778838082745,0.45,0.65,12,8,0,0.5833333333333334,0.7777777777777778,1,2,5,1,residual_lfv1_lap_var_delta,0.0006332341581583024,<=,proxy_or_output_feature,0.6
rule,20,31.362941742577163,0.9828202933073044,0.10492068785756388,-0.17436428843948076,0.0,-1.14819694110262,1.4852778838082745,0.35,0.55,16,4,0,0.5,0.8888888888888888,3,3,6,1,residual_edge_error_regression_vs_lfv1,0.0009091183543205259,<=,gt_aware_diagnostic,0.8
rule,20,31.3628060359178,0.9831472873687744,0.10478498119820294,-0.17449999509884168,0.0,-0.17655028026958997,0.6210333778148569,0.35,0.5,7,13,0,0.42857142857142855,0.3333333333333333,0,2,3,0,baseline_dark_channel_abs_bias,0.004132083058357239,<=,gt_aware_diagnostic,0.35
rule,20,31.361668762642854,0.9830531567335129,0.10364770792325917,-0.17563726837378546,0.0,-1.793350469773175,1.4852778838082745,0.35,0.55,16,4,0,0.5,0.8888888888888888,4,2,7,1,lfv1_luma_mean,0.5658775210380554,<=,proxy_or_output_feature,0.8
rule,20,31.361668762642854,0.9830531567335129,0.10364770792325917,-0.17563726837378546,0.0,-1.793350469773175,1.4852778838082745,0.35,0.55,16,4,0,0.5,0.8888888888888888,4,2,7,1,residual_luma_mean,0.5591477751731873,<=,proxy_or_output_feature,0.8
rule,20,31.36152021746522,0.9831078261137008,0.10349916274562716,-0.17578581355141748,0.0,-0.07127050233593905,0.0,0.25,0.45,4,16,0,0.25,0.1111111111111111,1,0,1,0,baseline_luma_mean,0.4220495283603668,<=,proxy_or_output_feature,0.2
rule,20,31.36152021746522,0.9831078261137008,0.10349916274562716,-0.17578581355141748,0.0,-0.07127050233593905,0.0,0.25,0.45,4,16,0,0.25,0.1111111111111111,1,0,1,0,lfv1_luma_mean,0.4139650881290436,<=,proxy_or_output_feature,0.2
rule,20,31.36152021746522,0.9831078261137008,0.10349916274562716,-0.17578581355141748,0.0,-0.07127050233593905,0.0,0.25,0.45,4,16,0,0.25,0.1111111111111111,1,0,1,0,residual_luma_mean,0.4165672779083252,<=,proxy_or_output_feature,0.2
rule,20,31.36089882955532,0.9832070171833038,0.1028777748357248,-0.17640720146131983,0.0,-0.109111030824284,0.8297860276743787,0.3,0.55,8,12,0,0.5,0.4444444444444444,1,1,3,0,residual_lfv1_luma_std_delta_abs,0.0010092675685882569,<=,proxy_or_output_feature,0.4
rule,20,31.35986068275604,0.9825676918029785,0.10183962803644456,-0.17744534826060007,0.0,-0.780381878890004,1.2384055230704805,0.5,0.75,12,8,0,0.6666666666666666,0.8888888888888888,2,2,6,1,residual_luma_std_delta,4.4369697570800624e-05,>=,gt_aware_diagnostic,0.6
rule,20,31.35955682454657,0.983036321401596,0.10153576982698383,-0.17774920647006082,0.0,-0.006981006687970399,0.05540160898947598,0.25,0.55,4,16,0,0.5,0.2222222222222222,0,1,1,1,baseline_edge_mean,0.25158511400222777,>=,proxy_or_output_feature,0.2
rule,20,31.358528677105756,0.9831131428480149,0.10050762238616731,-0.17877735391087732,0.0,0.0,0.07859634786275654,0.4,0.65,2,18,0,1.0,0.2222222222222222,0,0,2,0,rescalib_from_baseline_residual_cosine,0.679177314043045,>=,gt_aware_diagnostic,0.1
rule,20,31.358528677105756,0.9831131428480149,0.10050762238616731,-0.17877735391087732,0.0,0.0,0.07859634786275654,0.4,0.65,2,18,0,1.0,0.2222222222222222,0,0,2,0,rescalib_from_baseline_luma_residual_cosine,0.6822826087474823,>=,gt_aware_diagnostic,0.1
rule,20,31.358511298869065,0.9830992043018341,0.10049024414947816,-0.17879473214756647,0.0,-1.14819694110262,1.4852778838082745,0.35,0.55,14,6,0,0.5,0.7777777777777778,2,3,5,1,baseline_saturation_mean,0.1637529119849205,>=,proxy_or_output_feature,0.7
rule,20,31.358511298869065,0.9830992043018341,0.10049024414947816,-0.17879473214756647,0.0,-1.14819694110262,1.4852778838082745,0.35,0.55,14,6,0,0.5,0.7777777777777778,2,3,5,1,lfv1_saturation_mean,0.1575531080365181,>=,proxy_or_output_feature,0.7
rule,20,31.358511298869065,0.9830992043018341,0.10049024414947816,-0.17879473214756647,0.0,-1.14819694110262,1.4852778838082745,0.35,0.55,14,6,0,0.5,0.7777777777777778,2,3,5,1,residual_saturation_mean,0.16109569370746613,>=,proxy_or_output_feature,0.7
rule,20,31.358474497115605,0.9832333445549011,0.10045344239601306,-0.17883153390103157,0.0,-0.3988197647096485,0.6210333778148569,0.3,0.5,9,11,0,0.4444444444444444,0.4444444444444444,1,2,3,0,baseline_dark_channel_abs_bias,0.006580372154712678,<=,gt_aware_diagnostic,0.45
rule,20,31.358474497115605,0.9832333445549011,0.10045344239601306,-0.17883153390103157,0.0,-0.3988197647096485,0.6210333778148569,0.3,0.5,9,11,0,0.4444444444444444,0.4444444444444444,1,2,3,0,residual_dark_channel_abs_bias,0.011411821097135549,<=,gt_aware_diagnostic,0.45
rule,20,31.357856931263928,0.9830561667680741,0.09983587654433776,-0.17944909975270687,0.0,-1.0130053282942584,1.2384055230704805,0.3,0.55,10,10,0,0.5,0.5555555555555556,1,2,3,1,baseline_edge_mean,0.20109718292951584,>=,proxy_or_output_feature,0.5
rule,20,31.357856931263928,0.9830561667680741,0.09983587654433776,-0.17944909975270687,0.0,-1.0130053282942584,1.2384055230704805,0.3,0.55,10,10,0,0.5,0.5555555555555556,1,2,3,1,baseline_highfreq_abs_mean,0.034867679700255394,>=,proxy_or_output_feature,0.5
rule,20,31.357856931263928,0.9830561667680741,0.09983587654433776,-0.17944909975270687,0.0,-1.0130053282942584,1.2384055230704805,0.3,0.55,10,10,0,0.5,0.5555555555555556,1,2,3,1,lfv1_edge_mean,0.20240675657987595,>=,proxy_or_output_feature,0.5
rule,20,31.357856931263928,0.9830561667680741,0.09983587654433776,-0.17944909975270687,0.0,-1.0130053282942584,1.2384055230704805,0.3,0.55,10,10,0,0.5,0.5555555555555556,1,2,3,1,lfv1_highfreq_abs_mean,0.0350395105779171,>=,proxy_or_output_feature,0.5
rule,20,31.357856931263928,0.9830561667680741,0.09983587654433776,-0.17944909975270687,0.0,-1.0130053282942584,1.2384055230704805,0.3,0.55,10,10,0,0.5,0.5555555555555556,1,2,3,1,residual_edge_mean,0.20295095443725586,>=,proxy_or_output_feature,0.5
rule,20,31.357856931263928,0.9830561667680741,0.09983587654433776,-0.17944909975270687,0.0,-1.0130053282942584,1.2384055230704805,0.3,0.55,10,10,0,0.5,0.5555555555555556,1,2,3,1,residual_highfreq_abs_mean,0.03510596603155136,>=,proxy_or_output_feature,0.5
rule,20,31.357625994796457,0.983144474029541,0.09960494007687029,-0.17968003622017434,0.0,-1.14819694110262,1.4852778838082745,0.35,0.55,16,4,0,0.5,0.8888888888888888,3,3,6,1,baseline_saturation_mean,0.1357619300484657,>=,proxy_or_output_feature,0.8
rule,20,31.357625994796457,0.983144474029541,0.09960494007687029,-0.17968003622017434,0.0,-1.14819694110262,1.4852778838082745,0.35,0.55,16,4,0,0.5,0.8888888888888888,3,3,6,1,lfv1_saturation_mean,0.12525261789560319,>=,proxy_or_output_feature,0.8
rule,20,31.357625994796457,0.983144474029541,0.09960494007687029,-0.17968003622017434,0.0,-1.14819694110262,1.4852778838082745,0.35,0.55,16,4,0,0.5,0.8888888888888888,3,3,6,1,residual_saturation_mean,0.12580955773591995,>=,proxy_or_output_feature,0.8
rule,20,31.357269745897177,0.9827233642339707,0.0992486911775881,-0.18003628511945652,0.0,-0.008441442144205532,0.13663545088426954,0.3,0.55,4,16,0,0.5,0.2222222222222222,1,0,1,1,lfv1_saturation_bias,0.009031780064105988,>=,gt_aware_diagnostic,0.2
rule,20,31.357189188924657,0.9831568777561188,0.09916813420505548,-0.18011684209198914,0.0,-1.14819694110262,1.2384055230704805,0.4,0.6,15,5,0,0.5333333333333333,0.8888888888888888,3,2,7,0,residual_lfv1_luma_std_delta_abs,0.003936894237995148,<=,proxy_or_output_feature,0.75
rule,20,31.356815311813598,0.9829349547624588,0.09879425709400672,-0.1804907192030379,0.0,-1.1624437592233179,1.4852778838082745,0.35,0.6,15,5,0,0.5333333333333333,0.8888888888888888,3,2,6,1,residual_luma_abs_bias_regression_vs_lfv1,0.005145847797393799,<=,gt_aware_diagnostic,0.75
rule,20,31.356815311813598,0.9829349547624588,0.09879425709400672,-0.1804907192030379,0.0,-1.1624437592233179,1.4852778838082745,0.35,0.6,15,5,0,0.5333333333333333,0.8888888888888888,3,2,6,1,residual_lfv1_luma_mean_delta,-0.008432954549789429,>=,proxy_or_output_feature,0.75
rule,20,31.356815311813598,0.9829349547624588,0.09879425709400672,-0.1804907192030379,0.0,-1.1624437592233179,1.4852778838082745,0.35,0.6,15,5,0,0.5333333333333333,0.8888888888888888,3,2,6,1,residual_lfv1_luma_mean_delta_abs,0.008432954549789429,<=,proxy_or_output_feature,0.75
rule,20,31.356815311813598,0.9829349547624588,0.09879425709400672,-0.1804907192030379,0.0,-1.1624437592233179,1.4852778838082745,0.35,0.6,15,5,0,0.5333333333333333,0.8888888888888888,3,2,6,1,residual_lfv1_dark_channel_mean_delta,-0.009660139679908752,>=,proxy_or_output_feature,0.75
rule,20,31.35637017941205,0.9825938552618027,0.09834912469245935,-0.18093585160458528,0.0,-0.780381878890004,1.2384055230704805,0.45,0.7,13,7,0,0.6153846153846154,0.8888888888888888,2,2,6,1,residual_luma_std_delta,-0.000291725993156433,>=,gt_aware_diagnostic,0.65
rule,20,31.356069747980875,0.9828382551670074,0.09804869326128625,-0.1812362830357584,0.0,-0.109111030824284,1.2384055230704805,0.4,0.6,9,11,0,0.5555555555555556,0.5555555555555556,1,1,4,1,residual_lfv1_lap_var_delta,-0.000564451515674591,<=,proxy_or_output_feature,0.45
rule,20,31.355469052767546,0.9832387268543243,0.09744799804795949,-0.18183697824908512,0.0,-1.0130053282942584,0.9629259566146658,0.25,0.45,8,12,0,0.375,0.3333333333333333,1,2,2,1,residual_lap_var,0.14582806527614595,>=,proxy_or_output_feature,0.4
rule,20,31.354435231869786,0.9834003269672393,0.09641417715019411,-0.1828707991468505,0.0,-0.6151272551839586,0.8297860276743787,0.35,0.6,11,9,0,0.5454545454545454,0.6666666666666666,3,1,5,0,residual_saturation_bias,0.004860645532608031,<=,gt_aware_diagnostic,0.55
rule,20,31.354351878771773,0.9829786360263825,0.09633082405218155,-0.18295415224486308,0.0,-0.109111030824284,0.6210333778148569,0.3,0.5,7,13,0,0.42857142857142855,0.3333333333333333,2,0,3,0,baseline_luma_mean,0.4532690167427063,<=,proxy_or_output_feature,0.35
rule,20,31.354351878771773,0.9829786360263825,0.09633082405218155,-0.18295415224486308,0.0,-0.109111030824284,0.6210333778148569,0.3,0.5,7,13,0,0.42857142857142855,0.3333333333333333,2,0,3,0,lfv1_luma_mean,0.4552023261785507,<=,proxy_or_output_feature,0.35
rule,20,31.354351878771773,0.9829786360263825,0.09633082405218155,-0.18295415224486308,0.0,-0.109111030824284,0.6210333778148569,0.3,0.5,7,13,0,0.42857142857142855,0.3333333333333333,2,0,3,0,residual_luma_mean,0.4526911601424217,<=,proxy_or_output_feature,0.35
rule,20,31.35354319586646,0.9830367684364318,0.09552214114687363,-0.183762835150171,0.0,0.0,0.8297860276743787,0.4,0.65,4,16,0,0.75,0.3333333333333333,0,1,2,1,residual_lfv1_saturation_mean_delta_abs,0.00821027159690857,>=,proxy_or_output_feature,0.2
rule,20,31.353226987061902,0.9827439695596695,0.0952059323423132,-0.18407904395473143,0.0,0.0,0.12010849106951398,0.3,0.6,3,17,0,0.6666666666666666,0.2222222222222222,1,0,1,1,baseline_saturation_bias,0.01203060746192932,>=,gt_aware_diagnostic,0.15
rule,20,31.353129166652128,0.9830878436565399,0.09510811193253747,-0.18417686436450714,0.0,0.0,0.36800612813744205,0.4,0.65,4,16,0,0.75,0.3333333333333333,1,0,3,0,rescalib_from_lfv1_residual_norm_ratio,0.3842005878861264,<=,gt_aware_diagnostic,0.2
rule,20,31.352518879783112,0.9825918167829514,0.09449782506351631,-0.18478715123352832,0.0,-0.1331451964325407,0.8440025816490673,0.4,0.6,9,11,0,0.5555555555555556,0.5555555555555556,1,1,4,0,residual_lfv1_lap_var_delta_abs,0.001504671946167946,<=,proxy_or_output_feature,0.45
rule,20,31.35241617283329,0.9830138117074967,0.09439511811369865,-0.18488985818334597,0.0,-0.6223595737608154,1.2384055230704805,0.25,0.5,11,9,0,0.45454545454545453,0.5555555555555556,3,1,4,0,residual_lfv1_dark_channel_mean_delta_abs,0.006156535446643829,<=,proxy_or_output_feature,0.55
rule,20,31.352203707685362,0.9830805033445358,0.09418265296576181,-0.18510232333128282,0.0,-1.793350469773175,1.4852778838082745,0.4,0.6,17,3,0,0.5294117647058824,1.0,3,3,7,1,baseline_edge_mean,0.12898484617471695,>=,proxy_or_output_feature,0.85
rule,20,31.352203707685362,0.9830805033445358,0.09418265296576181,-0.18510232333128282,0.0,-1.793350469773175,1.4852778838082745,0.4,0.6,17,3,0,0.5294117647058824,1.0,3,3,7,1,baseline_lap_var,0.07565918527543546,>=,proxy_or_output_feature,0.85
rule,20,31.352203707685362,0.9830805033445358,0.09418265296576181,-0.18510232333128282,0.0,-1.793350469773175,1.4852778838082745,0.4,0.6,17,3,0,0.5294117647058824,1.0,3,3,7,1,lfv1_edge_mean,0.12591914795339107,>=,proxy_or_output_feature,0.85
rule,20,31.352203707685362,0.9830805033445358,0.09418265296576181,-0.18510232333128282,0.0,-1.793350469773175,1.4852778838082745,0.4,0.6,17,3,0,0.5294117647058824,1.0,3,3,7,1,lfv1_lap_var,0.07334841601550579,>=,proxy_or_output_feature,0.85
rule,20,31.352203707685362,0.9830805033445358,0.09418265296576181,-0.18510232333128282,0.0,-1.793350469773175,1.4852778838082745,0.4,0.6,17,3,0,0.5294117647058824,1.0,3,3,7,1,residual_lap_var,0.07251007854938507,>=,proxy_or_output_feature,0.85
rule,20,31.352161406058872,0.9831215560436248,0.09414035133927783,-0.1851446249577668,0.0,-0.40605208328650527,1.2033953165351896,0.25,0.5,9,11,0,0.4444444444444444,0.4444444444444444,2,1,3,0,lfv1_dark_channel_abs_bias,0.007628144323825838,<=,gt_aware_diagnostic,0.45
rule,20,31.35179121741809,0.9830833733081817,0.09377016269849907,-0.18551481359854555,0.0,-1.14819694110262,1.3573288980360791,0.35,0.55,10,10,0,0.5,0.5555555555555556,2,2,4,1,baseline_edge_error,0.014433538541197777,>=,gt_aware_diagnostic,0.5
rule,20,31.351200169645278,0.9829964190721512,0.09317911492568705,-0.1861058613713576,0.0,0.0,0.024474973922054836,0.3,0.6,3,17,0,0.6666666666666666,0.2222222222222222,0,1,0,1,lfv1_from_baseline_residual_error_ratio,1.1963511001210019,>=,gt_aware_diagnostic,0.15
rule,20,31.35090143269345,0.9828029960393906,0.09288037797386259,-0.18640459832318204,0.0,0.0,0.5449686061245536,0.4,0.65,4,16,0,0.75,0.3333333333333333,0,1,2,1,airlight,0.91,>=,proxy_or_output_feature,0.2
rule,20,31.350502585736116,0.982963353395462,0.09248153101652132,-0.1868034452805233,0.0,-1.1624437592233179,1.4852778838082745,0.35,0.55,16,4,0,0.5,0.8888888888888888,3,3,6,1,residual_luma_bias,-0.027331984043121337,>=,gt_aware_diagnostic,0.8
rule,20,31.35007743157265,0.9823509842157364,0.09205637685306164,-0.18722859944398298,0.0,-1.171027633423447,1.4852778838082745,0.5,0.65,10,10,0,0.6,0.6666666666666666,0,3,4,1,lfv1_from_baseline_residual_cosine,0.252355195581913,<=,gt_aware_diagnostic,0.5
rule,20,31.35007743157265,0.9823509842157364,0.09205637685306164,-0.18722859944398298,0.0,-1.171027633423447,1.4852778838082745,0.5,0.65,10,10,0,0.6,0.6666666666666666,0,3,4,1,lfv1_from_baseline_luma_residual_cosine,0.25885652750730515,<=,gt_aware_diagnostic,0.5
rule,20,31.34967474804828,0.9831555396318435,0.09165369332869204,-0.18763128296835258,0.0,-0.05717221713469099,0.07859634786275654,0.3,0.55,4,16,0,0.5,0.2222222222222222,1,1,1,1,lfv1_saturation_abs_bias,0.015380215644836423,>=,gt_aware_diagnostic,0.2
rule,20,31.348661342594294,0.9831988632678985,0.09064028787469755,-0.18864468842234708,0.0,-0.109111030824284,0.8297860276743787,0.3,0.5,7,13,0,0.42857142857142855,0.3333333333333333,1,1,3,0,residual_saturation_mean,0.29691612124443056,>=,proxy_or_output_feature,0.35
rule,20,31.348114061985562,0.9829759120941162,0.09009300726596817,-0.18919196903107646,0.0,-1.0130053282942584,1.4852778838082745,0.3,0.5,11,9,0,0.45454545454545453,0.5555555555555556,1,3,3,1,baseline_mae,0.01931544588878751,<=,gt_aware_diagnostic,0.55
rule,20,31.348114061985562,0.9829759120941162,0.09009300726596817,-0.18919196903107646,0.0,-1.0130053282942584,1.4852778838082745,0.3,0.5,11,9,0,0.45454545454545453,0.5555555555555556,1,3,3,1,lfv1_mae,0.020469621755182743,<=,gt_aware_diagnostic,0.55
rule,20,31.347702651270595,0.9828602224588394,0.08968159655100276,-0.18960337974604186,0.0,-0.03313805152643428,1.2384055230704805,0.4,0.65,6,14,0,0.6666666666666666,0.4444444444444444,1,1,3,1,residual_lfv1_lap_var_delta,-0.0012119315564632414,<=,proxy_or_output_feature,0.3
rule,20,31.346979448573176,0.9829477071762085,0.08895839385358428,-0.19032658244346035,0.0,-0.008441442144205532,0.024474973922054836,0.3,0.55,4,16,0,0.5,0.2222222222222222,0,1,0,1,lfv1_from_baseline_residual_error_ratio,1.1407374221000603,>=,gt_aware_diagnostic,0.2
rule,20,31.346913929432425,0.9829771995544434,0.08889287471283805,-0.19039210158420658,0.0,-1.14819694110262,1.4852778838082745,0.35,0.55,14,6,0,0.5,0.7777777777777778,2,3,5,1,residual_dark_channel_abs_bias,0.025237300992012025,<=,gt_aware_diagnostic,0.7
rule,20,31.344865686744747,0.9830597370862961,0.08684463202515982,-0.1924403442718848,0.0,0.0,0.36800612813744205,0.4,0.65,4,16,0,0.75,0.3333333333333333,1,0,3,0,rescalib_from_baseline_residual_norm_ratio,0.2767229569937898,<=,gt_aware_diagnostic,0.2
rule,20,31.34409350701286,0.9829958617687226,0.08607245229327347,-0.19321252400377115,0.0,-0.006981006687970399,0.024474973922054836,0.2,0.55,4,16,0,0.5,0.2222222222222222,0,1,0,1,lfv1_edge_mean,0.2472731828689575,>=,proxy_or_output_feature,0.2
rule,20,31.34409350701286,0.9829958617687226,0.08607245229327347,-0.19321252400377115,0.0,-0.006981006687970399,0.024474973922054836,0.2,0.55,4,16,0,0.5,0.2222222222222222,0,1,0,1,residual_edge_mean,0.2448178708553314,>=,proxy_or_output_feature,0.2
rule,20,31.34409350701286,0.9829958617687226,0.08607245229327347,-0.19321252400377115,0.0,-0.006981006687970399,0.024474973922054836,0.2,0.55,4,16,0,0.5,0.2222222222222222,0,1,0,1,residual_highfreq_abs_mean,0.04115206152200698,>=,proxy_or_output_feature,0.2
rule,20,31.343969175271912,0.9831955939531326,0.085948120552324,-0.19333685574472065,0.0,-1.14819694110262,1.3573288980360791,0.25,0.5,13,7,0,0.46153846153846156,0.6666666666666666,3,2,4,1,baseline_lap_var,0.10960248075425624,>=,proxy_or_output_feature,0.65
rule,20,31.343969175271912,0.9831955939531326,0.085948120552324,-0.19333685574472065,0.0,-1.14819694110262,1.3573288980360791,0.25,0.5,13,7,0,0.46153846153846156,0.6666666666666666,3,2,4,1,lfv1_lap_var,0.11211593858897687,>=,proxy_or_output_feature,0.65
rule,20,31.343969175271912,0.9831955939531326,0.085948120552324,-0.19333685574472065,0.0,-1.14819694110262,1.3573288980360791,0.25,0.5,13,7,0,0.46153846153846156,0.6666666666666666,3,2,4,1,residual_lap_var,0.11134236305952072,>=,proxy_or_output_feature,0.65
rule,20,31.343481930198493,0.9828115105628967,0.0854608754789,-0.19382410081814463,0.0,-0.109111030824284,1.2384055230704805,0.4,0.6,7,13,0,0.5714285714285714,0.4444444444444444,1,1,3,1,residual_lfv1_lap_var_delta,-0.0009468600153923034,<=,proxy_or_output_feature,0.35
rule,20,31.342722164865382,0.983000972867012,0.08470111014578911,-0.1945838661512555,0.0,-1.14819694110262,1.3573288980360791,0.2,0.45,10,10,0,0.4,0.4444444444444444,3,1,3,1,baseline_luma_mean,0.5047582685947418,<=,proxy_or_output_feature,0.5
rule,20,31.342722164865382,0.983000972867012,0.08470111014578911,-0.1945838661512555,0.0,-1.14819694110262,1.3573288980360791,0.2,0.45,10,10,0,0.4,0.4444444444444444,3,1,3,1,residual_luma_mean,0.5048645734786987,<=,proxy_or_output_feature,0.5
rule,20,31.342180055499433,0.9831179529428482,0.08415900077984909,-0.19512597551719554,0.0,0.0,0.2988711131612466,0.35,0.65,4,16,0,0.75,0.3333333333333333,1,0,2,0,lfv1_luma_bias,0.0029524445533752434,>=,gt_aware_diagnostic,0.2
rule,20,31.342180055499433,0.9831179529428482,0.08415900077984909,-0.19512597551719554,0.0,0.0,0.2988711131612466,0.35,0.65,4,16,0,0.75,0.3333333333333333,1,0,2,0,residual_luma_bias,0.0017116606235504145,>=,gt_aware_diagnostic,0.2
rule,20,31.341074620780535,0.9830051004886627,0.08305356606093514,-0.1962314102361095,0.0,-1.793350469773175,1.4852778838082745,0.4,0.55,14,6,0,0.5,0.7777777777777778,4,2,6,1,baseline_saturation_abs_bias,0.004525320231914521,>=,gt_aware_diagnostic,0.7
rule,20,31.339991426854503,0.9828376740217208,0.0819703721349148,-0.19731460416212981,0.0,-0.109111030824284,1.2384055230704805,0.35,0.55,8,12,0,0.5,0.4444444444444444,1,1,3,1,residual_lfv1_lap_var_delta,-0.0007013082504272462,<=,proxy_or_output_feature,0.4
rule,20,31.33987278594076,0.9829471498727799,0.0818517312211707,-0.19743324507587393,0.0,-0.07127050233593905,0.024474973922054836,0.2,0.5,5,15,0,0.4,0.2222222222222222,0,1,0,1,baseline_highfreq_abs_mean,0.03968921024352312,>=,proxy_or_output_feature,0.25
rule,20,31.33987278594076,0.9829471498727799,0.0818517312211707,-0.19743324507587393,0.0,-0.07127050233593905,0.024474973922054836,0.2,0.5,5,15,0,0.4,0.2222222222222222,0,1,0,1,lfv1_highfreq_abs_mean,0.03889811038970947,>=,proxy_or_output_feature,0.25
rule,20,31.33987278594076,0.9829471498727799,0.0818517312211707,-0.19743324507587393,0.0,-0.07127050233593905,0.024474973922054836,0.2,0.5,5,15,0,0.4,0.2222222222222222,0,1,0,1,residual_highfreq_abs_mean,0.03865085728466511,>=,proxy_or_output_feature,0.25
rule,20,31.339827856307664,0.9829990804195404,0.08180680158807405,-0.19747817470897058,0.0,-0.1837825988464467,0.6210333778148569,0.25,0.55,8,12,0,0.5,0.4444444444444444,1,1,2,1,lfv1_highfreq_abs_mean,0.036059807240962985,>=,proxy_or_output_feature,0.4
rule,20,31.339827856307664,0.9829990804195404,0.08180680158807405,-0.19747817470897058,0.0,-0.1837825988464467,0.6210333778148569,0.25,0.55,8,12,0,0.5,0.4444444444444444,1,1,2,1,residual_highfreq_abs_mean,0.03659526407718658,>=,proxy_or_output_feature,0.4
rule,20,31.339790520372084,0.9827960789203644,0.08176946565248908,-0.19751551064455555,0.0,-1.1624437592233179,1.4852778838082745,0.35,0.55,14,6,0,0.5,0.7777777777777778,2,3,5,1,residual_luma_abs_bias,0.027725943922996522,<=,gt_aware_diagnostic,0.7
rule,20,31.33972913733079,0.9825781047344208,0.08170808261119937,-0.19757689368584525,0.0,-0.05717221713469099,0.8274756218343117,0.45,0.65,6,14,0,0.6666666666666666,0.4444444444444444,1,1,4,0,lfv1_delta_e_p95,7.40716061592102,>=,gt_aware_diagnostic,0.3
rule,20,31.338962682684247,0.9829882651567459,0.0809416279646598,-0.19834334833238482,0.0,0.0,0.0,0.3,0.55,2,18,0,0.5,0.1111111111111111,0,1,0,1,lfv1_from_baseline_residual_error_ratio,1.2845373653174041,>=,gt_aware_diagnostic,0.1
rule,20,31.337762550131117,0.9829895526170731,0.07974149541152968,-0.19954348088551493,0.0,-0.10057730097174025,0.6187229719747899,0.35,0.6,5,15,0,0.6,0.3333333333333333,1,1,2,1,residual_lfv1_edge_mean_delta_abs,0.0026540160179138184,>=,proxy_or_output_feature,0.25
rule,20,31.337762550131117,0.9829895526170731,0.07974149541152968,-0.19954348088551493,0.0,-0.10057730097174025,0.6187229719747899,0.35,0.6,5,15,0,0.6,0.3333333333333333,1,1,2,1,residual_lfv1_highfreq_abs_mean_delta_abs,0.00042585888877511024,>=,proxy_or_output_feature,0.25
rule,20,31.33764104803111,0.9822288632392884,0.07961999331152061,-0.19966498298552401,0.0,-1.995246574251296,1.4852778838082745,0.4,0.65,12,8,0,0.5833333333333334,0.7777777777777778,2,2,5,1,residual_lfv1_luma_std_delta,0.00019157826900482167,>=,proxy_or_output_feature,0.6
rule,20,31.337584117436542,0.9830312639474869,0.07956306271694995,-0.19972191358009467,0.0,-1.793350469773175,1.4852778838082745,0.35,0.5,15,5,0,0.4666666666666667,0.7777777777777778,4,2,6,1,baseline_saturation_abs_bias,0.004033345729112625,>=,gt_aware_diagnostic,0.75
rule,20,31.337050845525756,0.9830872625112533,0.07902979080616604,-0.2002551854908786,0.0,0.0,0.07859634786275654,0.35,0.6,3,17,0,0.6666666666666666,0.2222222222222222,1,0,2,0,rescalib_from_lfv1_residual_norm_ratio,0.27144442911676453,<=,gt_aware_diagnostic,0.15
rule,20,31.33612538655899,0.9830799221992492,0.07810433183939036,-0.20118064445765427,0.0,-1.793350469773175,1.4852778838082745,0.35,0.55,16,4,0,0.5,0.8888888888888888,3,3,6,1,baseline_edge_mean,0.14243294298648834,>=,proxy_or_output_feature,0.8
rule,20,31.33612538655899,0.9830799221992492,0.07810433183939036,-0.20118064445765427,0.0,-1.793350469773175,1.4852778838082745,0.35,0.55,16,4,0,0.5,0.8888888888888888,3,3,6,1,baseline_lap_var,0.07733107805252075,>=,proxy_or_output_feature,0.8
rule,20,31.33612538655899,0.9830799221992492,0.07810433183939036,-0.20118064445765427,0.0,-1.793350469773175,1.4852778838082745,0.35,0.55,16,4,0,0.5,0.8888888888888888,3,3,6,1,lfv1_edge_mean,0.1426161766052246,>=,proxy_or_output_feature,0.8
rule,20,31.33612538655899,0.9830799221992492,0.07810433183939036,-0.20118064445765427,0.0,-1.793350469773175,1.4852778838082745,0.35,0.55,16,4,0,0.5,0.8888888888888888,3,3,6,1,lfv1_lap_var,0.07690992802381516,>=,proxy_or_output_feature,0.8
rule,20,31.33612538655899,0.9830799221992492,0.07810433183939036,-0.20118064445765427,0.0,-1.793350469773175,1.4852778838082745,0.35,0.55,16,4,0,0.5,0.8888888888888888,3,3,6,1,residual_edge_mean,0.14373815059661865,>=,proxy_or_output_feature,0.8
rule,20,31.33612538655899,0.9830799221992492,0.07810433183939036,-0.20118064445765427,0.0,-1.793350469773175,1.4852778838082745,0.35,0.55,16,4,0,0.5,0.8888888888888888,3,3,6,1,residual_lap_var,0.0781382068991661,>=,proxy_or_output_feature,0.8
rule,20,31.335949854019894,0.9826697200536728,0.0779287993002992,-0.20135617699674543,0.0,-0.35541468087259925,0.8440025816490673,0.35,0.55,10,10,0,0.5,0.5555555555555556,2,1,4,0,residual_lfv1_lap_var_delta_abs,0.0016889981925487518,<=,proxy_or_output_feature,0.5
rule,20,31.33534652339582,0.9829615443944931,0.07732546867623143,-0.20195950762081322,0.0,0.0,0.0,0.25,0.55,2,18,0,0.5,0.1111111111111111,0,1,0,1,baseline_edge_mean,0.2972014218568802,>=,proxy_or_output_feature,0.1
rule,20,31.33534652339582,0.9829615443944931,0.07732546867623143,-0.20195950762081322,0.0,0.0,0.0,0.25,0.55,2,18,0,0.5,0.1111111111111111,0,1,0,1,baseline_highfreq_abs_mean,0.05165098980069161,>=,proxy_or_output_feature,0.1
rule,20,31.33534652339582,0.9829615443944931,0.07732546867623143,-0.20195950762081322,0.0,0.0,0.0,0.25,0.55,2,18,0,0.5,0.1111111111111111,0,1,0,1,lfv1_edge_mean,0.2971358835697175,>=,proxy_or_output_feature,0.1
rule,20,31.33534652339582,0.9829615443944931,0.07732546867623143,-0.20195950762081322,0.0,0.0,0.0,0.25,0.55,2,18,0,0.5,0.1111111111111111,0,1,0,1,lfv1_highfreq_abs_mean,0.05164302103221417,>=,proxy_or_output_feature,0.1
rule,20,31.33534652339582,0.9829615443944931,0.07732546867623143,-0.20195950762081322,0.0,0.0,0.0,0.25,0.55,2,18,0,0.5,0.1111111111111111,0,1,0,1,residual_edge_mean,0.29755041599273685,>=,proxy_or_output_feature,0.1
rule,20,31.33534652339582,0.9829615443944931,0.07732546867623143,-0.20195950762081322,0.0,0.0,0.0,0.25,0.55,2,18,0,0.5,0.1111111111111111,0,1,0,1,residual_highfreq_abs_mean,0.05169599726796151,>=,proxy_or_output_feature,0.1
rule,20,31.334608075672502,0.9828906923532486,0.0765870209529087,-0.20269795534413593,0.0,-1.793350469773175,1.4852778838082745,0.3,0.55,16,4,0,0.5,0.8888888888888888,4,2,6,1,baseline_luma_mean,0.566888427734375,<=,proxy_or_output_feature,0.8
rule,20,31.334595059141925,0.9830327898263931,0.07657400442233016,-0.20271097187471449,0.0,-0.006981006687970399,0.2524314075512334,0.3,0.6,5,15,0,0.6,0.3333333333333333,1,0,2,0,residual_edge_error,0.01278145844116807,<=,gt_aware_diagnostic,0.25
rule,20,31.3345845769606,0.9823614329099655,0.07656352224100757,-0.20272145405603706,0.0,-0.780381878890004,1.4852778838082745,0.4,0.6,13,7,0,0.5384615384615384,0.7777777777777778,2,2,5,1,residual_lfv1_lap_var_delta,0.0009652871172875165,<=,proxy_or_output_feature,0.65
rule,20,31.334224558146467,0.9831046760082245,0.0762035034268731,-0.20308147287017153,0.0,-0.3988197647096485,0.34269366220807096,0.2,0.45,8,12,0,0.375,0.3333333333333333,1,2,1,1,baseline_mae,0.01519382782280445,<=,gt_aware_diagnostic,0.4
rule,20,31.334224558146467,0.9831046760082245,0.0762035034268731,-0.20308147287017153,0.0,-0.3988197647096485,0.34269366220807096,0.2,0.45,8,12,0,0.375,0.3333333333333333,1,2,1,1,baseline_rmse,0.021005706489086153,<=,gt_aware_diagnostic,0.4
rule,20,31.33383921077293,0.9831827998161315,0.07581815605334477,-0.20346682024369986,0.0,-0.3988197647096485,0.34038325636800404,0.25,0.5,7,13,0,0.42857142857142855,0.3333333333333333,1,2,2,0,lfv1_luma_abs_bias,0.0049390442669391636,<=,gt_aware_diagnostic,0.35
rule,20,31.332571349348587,0.9829083561897278,0.07455029462899158,-0.20473468166805303,0.0,-1.0831060739109093,1.2176118705098782,0.4,0.6,11,9,0,0.5454545454545454,0.6666666666666666,3,1,5,1,lfv1_saturation_abs_bias,0.004863377287983896,>=,gt_aware_diagnostic,0.55
rule,20,31.331856020051834,0.9829877078533172,0.07383496533224623,-0.2054500109647984,0.0,-0.006981006687970399,0.0,0.2,0.5,3,17,0,0.3333333333333333,0.1111111111111111,0,1,0,1,baseline_edge_mean,0.25908771157264704,>=,proxy_or_output_feature,0.15
rule,20,31.331856020051834,0.9829877078533172,0.07383496533224623,-0.2054500109647984,0.0,-0.006981006687970399,0.0,0.2,0.5,3,17,0,0.3333333333333333,0.1111111111111111,0,1,0,1,baseline_highfreq_abs_mean,0.04280219655483959,>=,proxy_or_output_feature,0.15
rule,20,31.331856020051834,0.9829877078533172,0.07383496533224623,-0.2054500109647984,0.0,-0.006981006687970399,0.0,0.2,0.5,3,17,0,0.3333333333333333,0.1111111111111111,0,1,0,1,lfv1_edge_mean,0.25747334063053123,>=,proxy_or_output_feature,0.15
rule,20,31.331856020051834,0.9829877078533172,0.07383496533224623,-0.2054500109647984,0.0,-0.006981006687970399,0.0,0.2,0.5,3,17,0,0.3333333333333333,0.1111111111111111,0,1,0,1,lfv1_highfreq_abs_mean,0.04289627987891434,>=,proxy_or_output_feature,0.15
rule,20,31.331856020051834,0.9829877078533172,0.07383496533224623,-0.2054500109647984,0.0,-0.006981006687970399,0.0,0.2,0.5,3,17,0,0.3333333333333333,0.1111111111111111,0,1,0,1,residual_edge_mean,0.25880754590034477,>=,proxy_or_output_feature,0.15
rule,20,31.331856020051834,0.9829877078533172,0.07383496533224623,-0.2054500109647984,0.0,-0.006981006687970399,0.0,0.2,0.5,3,17,0,0.3333333333333333,0.1111111111111111,0,1,0,1,residual_highfreq_abs_mean,0.04269042648375033,>=,proxy_or_output_feature,0.15
rule,20,31.33173168831089,0.9831874400377274,0.07371063359129675,-0.20557434270574787,0.0,-1.14819694110262,1.3573288980360791,0.25,0.45,12,8,0,0.4166666666666667,0.5555555555555556,3,2,4,1,lfv1_lap_var,0.11678612977266312,>=,proxy_or_output_feature,0.6
rule,20,31.33071718289964,0.982853364944458,0.0726961281800497,-0.20658884811699493,0.0,-0.40605208328650527,1.2384055230704805,0.4,0.6,9,11,0,0.5555555555555556,0.5555555555555556,1,2,4,0,image_id,547.1499999999999,>=,proxy_or_output_feature,0.45
rule,20,31.330214377424408,0.9829982101917267,0.07219332270481509,-0.20709165359222953,0.0,-1.14819694110262,1.3573288980360791,0.2,0.45,12,8,0,0.4166666666666667,0.5555555555555556,4,1,4,1,baseline_luma_mean,0.5237262845039368,<=,proxy_or_output_feature,0.6
rule,20,31.330214377424408,0.9829982101917267,0.07219332270481509,-0.20709165359222953,0.0,-1.14819694110262,1.3573288980360791,0.2,0.45,12,8,0,0.4166666666666667,0.5555555555555556,4,1,4,1,lfv1_luma_mean,0.5200158953666687,<=,proxy_or_output_feature,0.6
rule,20,31.329942568538407,0.9831097990274429,0.07192151381882184,-0.2073634624782228,0.0,0.0,0.07859634786275654,0.35,0.6,3,17,0,0.6666666666666666,0.2222222222222222,1,0,2,0,lfv1_luma_bias,0.004257641732692716,>=,gt_aware_diagnostic,0.15
rule,20,31.329618489700827,0.9831340879201889,0.071597434981242,-0.20768754131580264,0.0,-0.3988197647096485,0.34038325636800404,0.25,0.45,8,12,0,0.375,0.3333333333333333,1,2,2,0,lfv1_luma_abs_bias,0.005505836009979248,<=,gt_aware_diagnostic,0.4
rule,20,31.328787365618375,0.9830591559410096,0.07076631089878838,-0.20851866539825625,0.0,0.0,0.07859634786275654,0.35,0.6,3,17,0,0.6666666666666666,0.2222222222222222,1,0,2,0,residual_saturation_abs_bias,0.01545300632715225,>=,gt_aware_diagnostic,0.15
rule,20,31.328766860860163,0.9833076536655426,0.0707458061405756,-0.20853917015646903,0.0,-0.6151272551839586,0.5772108287680324,0.3,0.55,8,12,0,0.5,0.4444444444444444,1,2,3,0,baseline_luma_bias,-0.0017773151397705072,>=,gt_aware_diagnostic,0.4
rule,20,31.327996955082234,0.9829605728387832,0.06997590036264363,-0.209309075934401,0.0,0.0,0.05540160898947598,0.3,0.6,3,17,0,0.6666666666666666,0.2222222222222222,1,0,1,1,baseline_highfreq_abs_error,0.0017707938328385352,>=,gt_aware_diagnostic,0.15
rule,20,31.327996955082234,0.9829605728387832,0.06997590036264363,-0.209309075934401,0.0,0.0,0.05540160898947598,0.3,0.6,3,17,0,0.6666666666666666,0.2222222222222222,1,0,1,1,lfv1_edge_error,0.01936740335077047,>=,gt_aware_diagnostic,0.15
rule,20,31.327996955082234,0.9829605728387832,0.06997590036264363,-0.209309075934401,0.0,0.0,0.05540160898947598,0.3,0.6,3,17,0,0.6666666666666666,0.2222222222222222,1,0,1,1,residual_edge_error,0.01862473078072071,>=,gt_aware_diagnostic,0.15
rule,20,31.327996955082234,0.9829605728387832,0.06997590036264363,-0.209309075934401,0.0,0.0,0.05540160898947598,0.3,0.6,3,17,0,0.6666666666666666,0.2222222222222222,1,0,1,1,residual_edge_error_regression_vs_lfv1,-0.0009521338623017072,<=,gt_aware_diagnostic,0.15
rule,20,31.327914374765733,0.9828876286745072,0.06989332004613899,-0.20939165625090564,0.0,-1.793350469773175,1.4852778838082745,0.35,0.6,17,3,0,0.5294117647058824,1.0,4,2,7,1,residual_lfv1_luma_mean_delta,-0.00933554470539093,>=,proxy_or_output_feature,0.85
rule,20,31.327914374765733,0.9828876286745072,0.06989332004613899,-0.20939165625090564,0.0,-1.793350469773175,1.4852778838082745,0.35,0.6,17,3,0,0.5294117647058824,1.0,4,2,7,1,residual_lfv1_luma_mean_delta_abs,0.009335544705390926,<=,proxy_or_output_feature,0.85
rule,20,31.327914374765733,0.9828876286745072,0.06989332004613899,-0.20939165625090564,0.0,-1.793350469773175,1.4852778838082745,0.35,0.6,17,3,0,0.5294117647058824,1.0,4,2,7,1,residual_lfv1_dark_channel_mean_delta,-0.011689405143260957,>=,proxy_or_output_feature,0.85
rule,20,31.327914374765733,0.9828876286745072,0.06989332004613899,-0.20939165625090564,0.0,-1.793350469773175,1.4852778838082745,0.35,0.6,17,3,0,0.5294117647058824,1.0,4,2,7,1,residual_lfv1_dark_channel_mean_delta_abs,0.013206803053617476,<=,proxy_or_output_feature,0.85
rule,20,31.327635298979732,0.9829389959573746,0.06961424426014347,-0.20967073203690118,0.0,-0.07127050233593905,0.0,0.2,0.45,4,16,0,0.25,0.1111111111111111,0,1,0,1,baseline_highfreq_abs_mean,0.041119069606065754,>=,proxy_or_output_feature,0.2
rule,20,31.327635298979732,0.9829389959573746,0.06961424426014347,-0.20967073203690118,0.0,-0.07127050233593905,0.0,0.2,0.45,4,16,0,0.25,0.1111111111111111,0,1,0,1,lfv1_dark_channel_mean,0.2047666549682617,<=,proxy_or_output_feature,0.2
rule,20,31.327635298979732,0.9829389959573746,0.06961424426014347,-0.20967073203690118,0.0,-0.07127050233593905,0.0,0.2,0.45,4,16,0,0.25,0.1111111111111111,0,1,0,1,lfv1_highfreq_abs_mean,0.04106825217604637,>=,proxy_or_output_feature,0.2
rule,20,31.327635298979732,0.9829389959573746,0.06961424426014347,-0.20967073203690118,0.0,-0.07127050233593905,0.0,0.2,0.45,4,16,0,0.25,0.1111111111111111,0,1,0,1,residual_dark_channel_mean,0.20871112048625945,<=,proxy_or_output_feature,0.2
rule,20,31.327226679555658,0.9828795284032822,0.06920562483606449,-0.21007935146098014,0.0,-0.40605208328650527,1.2384055230704805,0.35,0.55,10,10,0,0.5,0.5555555555555556,1,2,4,0,image_id,502.5,>=,proxy_or_output_feature,0.5
rule,20,31.327225132011893,0.9832732290029526,0.0692040772923022,-0.21008089900474242,0.0,-0.6151272551839586,0.8297860276743787,0.3,0.55,8,12,0,0.5,0.4444444444444444,2,1,3,0,baseline_saturation_bias,-0.001570546627044678,<=,gt_aware_diagnostic,0.4
rule,20,31.327225132011893,0.9832732290029526,0.0692040772923022,-0.21008089900474242,0.0,-0.6151272551839586,0.8297860276743787,0.3,0.55,8,12,0,0.5,0.4444444444444444,2,1,3,0,lfv1_saturation_bias,0.0013044275343418107,<=,gt_aware_diagnostic,0.4
rule,20,31.326917396468946,0.9825918465852738,0.0688963417493472,-0.21038863454769743,0.0,-1.793350469773175,1.4852778838082745,0.35,0.55,18,2,0,0.5,1.0,4,3,7,1,rescalib_from_lfv1_residual_error_ratio,1.3635856295997042,<=,gt_aware_diagnostic,0.9
rule,20,31.326871778561916,0.9830952048301697,0.06885072384232487,-0.21043425245471975,0.0,-0.006981006687970399,0.05540160898947598,0.3,0.55,4,16,0,0.5,0.2222222222222222,1,0,2,0,residual_dark_channel_abs_bias,0.003458958864212036,<=,gt_aware_diagnostic,0.2
rule,20,31.326396726325406,0.9827259600162506,0.068375671605809,-0.21090930469123564,0.0,-1.1624437592233179,1.4852778838082745,0.3,0.5,9,11,0,0.4444444444444444,0.4444444444444444,2,2,3,1,residual_lap_var_ratio_gt,1.0032053232192992,>=,gt_aware_diagnostic,0.45
rule,20,31.325611029736216,0.9831958562135696,0.06758997501663196,-0.2116950012804127,0.0,-0.03313805152643428,0.2988711131612466,0.3,0.6,5,15,0,0.6,0.3333333333333333,2,0,2,0,residual_luma_bias,0.00027758628129959106,>=,gt_aware_diagnostic,0.25
rule,20,31.324874483447104,0.9829785704612732,0.06685342872750813,-0.2124315475695365,0.0,-0.40605208328650527,1.2033953165351896,0.3,0.55,10,10,0,0.5,0.5555555555555556,2,1,4,0,residual_lfv1_luma_std_delta_abs,0.0015929415822029114,<=,proxy_or_output_feature,0.5
rule,20,31.324816569835697,0.9830876082181931,0.06679551511609923,-0.21248946118094542,0.0,-0.6151272551839586,0.8440025816490673,0.3,0.5,7,13,0,0.42857142857142855,0.3333333333333333,2,1,2,1,lfv1_saturation_abs_bias,0.010077152773737906,>=,gt_aware_diagnostic,0.35
rule,20,31.324653096273362,0.9823583006858826,0.06663204155377098,-0.21265293474327365,0.0,0.0,0.13663545088426954,0.35,0.6,3,17,0,0.6666666666666666,0.2222222222222222,0,1,1,1,lfv1_from_baseline_residual_cosine,-0.03412529097404329,<=,gt_aware_diagnostic,0.15
rule,20,31.324653096273362,0.9823583006858826,0.06663204155377098,-0.21265293474327365,0.0,0.0,0.13663545088426954,0.35,0.6,3,17,0,0.6666666666666666,0.2222222222222222,0,1,1,1,lfv1_from_baseline_luma_residual_cosine,-0.0465387432835996,<=,gt_aware_diagnostic,0.15
rule,20,31.324566644546273,0.9830104440450669,0.06654558982668561,-0.212739386470359,0.0,-0.008441442144205532,0.07859634786275654,0.35,0.55,4,16,0,0.5,0.2222222222222222,1,0,2,0,residual_saturation_abs_bias,0.01517719030380249,>=,gt_aware_diagnostic,0.2
rule,20,31.324228229604262,0.9830405175685882,0.06620717488466976,-0.21307780141237487,0.0,-0.05717221713469099,0.8274756218343117,0.4,0.65,6,14,0,0.6666666666666666,0.4444444444444444,2,0,4,0,rescalib_from_baseline_residual_norm_ratio,0.3274288639877354,<=,gt_aware_diagnostic,0.3
rule,20,31.324228229604262,0.9830405175685882,0.06620717488466976,-0.21307780141237487,0.0,-0.05717221713469099,0.8274756218343117,0.4,0.65,6,14,0,0.6666666666666666,0.4444444444444444,2,0,4,0,rescalib_from_lfv1_residual_norm_ratio,0.42309474568446903,<=,gt_aware_diagnostic,0.3
rule,20,31.323617599118005,0.9830771595239639,0.06559654439841633,-0.2136884318986283,0.0,-1.793350469773175,1.4852778838082745,0.35,0.55,18,2,0,0.5,1.0,4,3,7,1,baseline_luma_mean,0.6175807178020477,<=,proxy_or_output_feature,0.9
rule,20,31.323617599118005,0.9830771595239639,0.06559654439841633,-0.2136884318986283,0.0,-1.793350469773175,1.4852778838082745,0.35,0.55,18,2,0,0.5,1.0,4,3,7,1,baseline_saturation_abs_bias,0.0011410530656576156,>=,gt_aware_diagnostic,0.9
rule,20,31.323617599118005,0.9830771595239639,0.06559654439841633,-0.2136884318986283,0.0,-1.793350469773175,1.4852778838082745,0.35,0.55,18,2,0,0.5,1.0,4,3,7,1,baseline_dark_channel_mean,0.4491576701402665,<=,proxy_or_output_feature,0.9
rule,20,31.323617599118005,0.9830771595239639,0.06559654439841633,-0.2136884318986283,0.0,-1.793350469773175,1.4852778838082745,0.35,0.55,18,2,0,0.5,1.0,4,3,7,1,lfv1_dark_channel_mean,0.4564850956201554,<=,proxy_or_output_feature,0.9
rule,20,31.323617599118005,0.9830771595239639,0.06559654439841633,-0.2136884318986283,0.0,-1.793350469773175,1.4852778838082745,0.35,0.55,18,2,0,0.5,1.0,4,3,7,1,residual_luma_mean,0.6085654497146606,<=,proxy_or_output_feature,0.9
rule,20,31.323617599118005,0.9830771595239639,0.06559654439841633,-0.2136884318986283,0.0,-1.793350469773175,1.4852778838082745,0.35,0.55,18,2,0,0.5,1.0,4,3,7,1,residual_dark_channel_mean,0.4417227357625962,<=,proxy_or_output_feature,0.9
rule,20,31.323617599118005,0.9830771595239639,0.06559654439841633,-0.2136884318986283,0.0,-1.793350469773175,1.4852778838082745,0.35,0.55,18,2,0,0.5,1.0,4,3,7,1,rescalib_from_baseline_lf_mse_delta,0.0008873352460796014,<=,gt_aware_diagnostic,0.9
rule,20,31.323205108850743,0.9830800294876099,0.06518405413115361,-0.21410092216589102,0.0,-1.14819694110262,1.3573288980360791,0.3,0.5,11,9,0,0.45454545454545453,0.5555555555555556,3,2,4,1,baseline_edge_error,0.01428120261989534,>=,gt_aware_diagnostic,0.55
rule,20,31.322651057489814,0.983046492934227,0.0646300027702221,-0.21465497352682253,0.0,-0.07127050233593905,0.05540160898947598,0.3,0.5,5,15,0,0.4,0.2222222222222222,1,0,2,0,residual_dark_channel_abs_bias,0.004182362928986549,<=,gt_aware_diagnostic,0.25
rule,20,31.322370588711475,0.9828825384378433,0.06434953399188145,-0.21493544230516318,0.0,-1.793350469773175,1.4852778838082745,0.3,0.5,15,5,0,0.4666666666666667,0.7777777777777778,4,2,6,1,baseline_luma_mean,0.5484978705644608,<=,proxy_or_output_feature,0.75
rule,20,31.322370588711475,0.9828825384378433,0.06434953399188145,-0.21493544230516318,0.0,-1.793350469773175,1.4852778838082745,0.3,0.5,15,5,0,0.4666666666666667,0.7777777777777778,4,2,6,1,lfv1_luma_mean,0.5466819107532501,<=,proxy_or_output_feature,0.75
rule,20,31.322370588711475,0.9828825384378433,0.06434953399188145,-0.21493544230516318,0.0,-1.793350469773175,1.4852778838082745,0.3,0.5,15,5,0,0.4666666666666667,0.7777777777777778,4,2,6,1,residual_luma_mean,0.5475293844938278,<=,proxy_or_output_feature,0.75
rule,20,31.322278696302227,0.9824579983949662,0.0642576415826344,-0.2150273347144102,0.0,-1.0973528920316071,1.2384055230704805,0.4,0.6,9,11,0,0.5555555555555556,0.5555555555555556,2,2,4,1,lfv1_luma_std,0.26626918762922286,<=,proxy_or_output_feature,0.45
rule,20,31.322120526392233,0.9832220196723938,0.06409947167264676,-0.21518550462439787,0.0,-0.0959671117181678,0.2988711131612466,0.25,0.55,6,14,0,0.5,0.3333333333333333,2,0,2,0,residual_luma_bias,-0.0009377509355545035,>=,gt_aware_diagnostic,0.3
rule,20,31.32160172381191,0.9831746459007263,0.06358066909231752,-0.2157043072047271,0.0,-0.3988197647096485,0.12010849106951398,0.25,0.45,6,14,0,0.3333333333333333,0.2222222222222222,1,2,2,0,lfv1_luma_abs_bias,0.0036249041557312013,<=,gt_aware_diagnostic,0.3
rule,20,31.321600655623946,0.9830363988876343,0.06357960090434708,-0.21570537539269755,0.0,-0.109111030824284,0.34269366220807096,0.25,0.5,7,13,0,0.42857142857142855,0.3333333333333333,1,1,2,0,residual_delta_e_mean,1.9233284533023836,<=,gt_aware_diagnostic,0.35
rule,20,31.321600655623946,0.9830363988876343,0.06357960090434708,-0.21570537539269755,0.0,-0.109111030824284,0.34269366220807096,0.25,0.5,7,13,0,0.42857142857142855,0.3333333333333333,1,1,2,0,residual_lfv1_luma_std_delta_abs,0.0009840548038482666,<=,proxy_or_output_feature,0.35
rule,20,31.321505661021728,0.9830603241920471,0.06348460630214099,-0.21580036999490365,0.0,-0.1634063611634738,0.27567637428796604,0.25,0.55,6,14,0,0.5,0.3333333333333333,0,2,1,1,baseline_edge_mean,0.22892406284809114,>=,proxy_or_output_feature,0.3
rule,20,31.31985289465195,0.9831051081418991,0.06183183993235595,-0.2174531363646887,0.0,-0.109111030824284,0.024474973922054836,0.2,0.45,6,14,0,0.3333333333333333,0.2222222222222222,1,1,1,0,residual_lfv1_luma_mean_delta_abs,0.002577808499336243,<=,proxy_or_output_feature,0.3
rule,20,31.31985289465195,0.9831051081418991,0.06183183993235595,-0.2174531363646887,0.0,-0.109111030824284,0.024474973922054836,0.2,0.45,6,14,0,0.3333333333333333,0.2222222222222222,1,1,1,0,residual_lfv1_dark_channel_mean_delta_abs,0.003175640106201172,<=,proxy_or_output_feature,0.3
rule,20,31.31958116330698,0.9829340696334838,0.061560108587391936,-0.2177248677096527,0.0,-0.1331451964325407,0.8274756218343117,0.35,0.55,6,14,0,0.5,0.3333333333333333,1,1,2,1,residual_saturation_abs_bias,0.013281594216823577,>=,gt_aware_diagnostic,0.3
rule,20,31.318837485308414,0.9831245541572571,0.06081643058882395,-0.21846854570822066,0.0,-1.14819694110262,1.2384055230704805,0.3,0.55,14,6,0,0.5,0.7777777777777778,4,1,6,0,lfv1_from_baseline_lf_mse_delta,9.459048160351813e-05,<=,gt_aware_diagnostic,0.7
rule,20,31.31875352366459,0.982486429810524,0.06073246894500457,-0.21855250735204007,0.0,-0.6151272551839586,1.2033953165351896,0.45,0.55,8,12,0,0.5,0.4444444444444444,1,2,4,0,beta,1.498,>=,proxy_or_output_feature,0.4
rule,20,31.318516738015553,0.9830322086811065,0.06049568329595871,-0.2187892930010859,0.0,-0.006981006687970399,0.024474973922054836,0.25,0.55,4,16,0,0.5,0.2222222222222222,1,0,1,0,residual_edge_error,0.011905458755791187,<=,gt_aware_diagnostic,0.2
rule,20,31.318478148394842,0.9832389116287231,0.06045709367526016,-0.2188278826217845,0.0,-0.6151272551839586,0.8297860276743787,0.35,0.55,6,14,0,0.5,0.3333333333333333,2,1,3,0,baseline_saturation_bias,-0.004322825372219086,<=,gt_aware_diagnostic,0.3
rule,20,31.318364958582343,0.9830436140298844,0.060343903862747086,-0.21894107243429756,0.0,-1.0130053282942584,1.2033953165351896,0.4,0.6,13,7,0,0.5384615384615384,0.7777777777777778,2,2,6,0,residual_lfv1_luma_std_delta_abs,0.0027299866080284117,<=,proxy_or_output_feature,0.65
rule,20,31.318209206402184,0.9831505626440048,0.060188151682604205,-0.2190968246144404,0.0,-1.0130053282942584,1.3573288980360791,0.3,0.5,13,7,0,0.46153846153846156,0.6666666666666666,2,3,4,1,baseline_luma_bias,-0.006491264700889586,>=,gt_aware_diagnostic,0.65
rule,20,31.31751713788222,0.9827643364667893,0.059496083162629,-0.21978889313441563,0.0,-1.1624437592233179,1.4852778838082745,0.3,0.55,14,6,0,0.5,0.7777777777777778,3,2,5,1,residual_lfv1_luma_mean_delta,-0.00543602705001831,>=,proxy_or_output_feature,0.7
rule,20,31.31751713788222,0.9827643364667893,0.059496083162629,-0.21978889313441563,0.0,-1.1624437592233179,1.4852778838082745,0.3,0.55,14,6,0,0.5,0.7777777777777778,3,2,5,1,residual_lfv1_luma_mean_delta_abs,0.008360117673873901,<=,proxy_or_output_feature,0.7
rule,20,31.31751713788222,0.9827643364667893,0.059496083162629,-0.21978889313441563,0.0,-1.1624437592233179,1.4852778838082745,0.3,0.55,14,6,0,0.5,0.7777777777777778,3,2,5,1,residual_lfv1_dark_channel_mean_delta,-0.007127997279167174,>=,proxy_or_output_feature,0.7
rule,20,31.317284939949626,0.9830116122961045,0.05926388523003823,-0.2200210910670064,0.0,-0.17655028026958997,0.27567637428796604,0.25,0.5,7,13,0,0.42857142857142855,0.3333333333333333,0,2,1,1,baseline_edge_mean,0.22820498719811438,>=,proxy_or_output_feature,0.35
rule,20,31.31700647852774,0.9831470400094986,0.05898542380815126,-0.22029955248889338,0.0,-0.10057730097174025,0.5772108287680324,0.35,0.6,5,15,0,0.6,0.3333333333333333,1,1,2,1,lfv1_edge_error,0.01598721742630005,>=,gt_aware_diagnostic,0.25
rule,20,31.316493028222215,0.9829077750444413,0.05847197350262014,-0.22081300279442448,0.0,-1.0831060739109093,1.2176118705098782,0.35,0.55,10,10,0,0.5,0.5555555555555556,3,1,4,1,lfv1_saturation_abs_bias,0.005889121443033218,>=,gt_aware_diagnostic,0.5
rule,20,31.316452585748085,0.9823766618967056,0.058431531028495874,-0.22085344526854875,0.0,-0.780381878890004,1.3365352454754769,0.5,0.7,9,11,0,0.6666666666666666,0.6666666666666666,1,2,5,1,lfv1_delta_e_p95,7.071037673950196,>=,gt_aware_diagnostic,0.45
rule,20,31.316389616365985,0.9823301941156387,0.05836856164639333,-0.22091641465065132,0.0,0.0,0.12010849106951398,0.35,0.6,3,17,0,0.6666666666666666,0.2222222222222222,0,1,1,1,lfv1_from_baseline_lf_mse_delta,0.00014663187976111656,>=,gt_aware_diagnostic,0.15
rule,20,31.31498764505086,0.9832650750875473,0.056966590331274956,-0.22231838596576967,0.0,-0.6151272551839586,0.8297860276743787,0.3,0.5,7,13,0,0.42857142857142855,0.3333333333333333,2,1,3,0,baseline_saturation_bias,-0.0028872236609458917,<=,gt_aware_diagnostic,0.35
rule,20,31.314136056298036,0.9829976290464402,0.056115001578443645,-0.22316997471860098,0.0,-1.14819694110262,1.3573288980360791,0.15,0.4,11,9,0,0.36363636363636365,0.4444444444444444,4,1,3,1,baseline_luma_mean,0.5136469244956969,<=,proxy_or_output_feature,0.55
rule,20,31.314136056298036,0.9829976290464402,0.056115001578443645,-0.22316997471860098,0.0,-1.14819694110262,1.3573288980360791,0.15,0.4,11,9,0,0.36363636363636365,0.4444444444444444,4,1,3,1,lfv1_luma_mean,0.5128089547157288,<=,proxy_or_output_feature,0.55
rule,20,31.314136056298036,0.9829976290464402,0.056115001578443645,-0.22316997471860098,0.0,-1.14819694110262,1.3573288980360791,0.15,0.4,11,9,0,0.36363636363636365,0.4444444444444444,4,1,3,1,residual_luma_mean,0.5097611546516418,<=,proxy_or_output_feature,0.55
rule,20,31.31385457918224,0.9828431695699692,0.05583352446265337,-0.22345145183439125,0.0,0.0,0.0,0.35,0.55,2,18,0,0.5,0.1111111111111111,0,0,1,0,residual_saturation_bias,0.01516355574131012,>=,gt_aware_diagnostic,0.1
rule,20,31.313397549777335,0.9830499500036239,0.05537649505774915,-0.22390848123929546,0.0,0.0,0.03215664225274334,0.4,0.65,2,18,0,1.0,0.2222222222222222,0,0,2,0,residual_luma_abs_bias_regression_vs_lfv1,-0.008217737078666687,<=,gt_aware_diagnostic,0.1
rule,20,31.312684555958505,0.9829759180545807,0.054663501238910325,-0.2246214750581343,0.0,-0.40605208328650527,0.6210333778148569,0.25,0.5,9,11,0,0.4444444444444444,0.4444444444444444,2,1,3,0,residual_lfv1_luma_mean_delta_abs,0.0036059886217117317,<=,proxy_or_output_feature,0.45
rule,20,31.312277402529425,0.9829601675271988,0.054256347809831594,-0.22502862848721303,0.0,-1.793350469773175,1.4852778838082745,0.4,0.6,11,9,0,0.5454545454545454,0.6666666666666666,3,2,5,1,lfv1_highfreq_abs_error,0.000473580462858081,>=,gt_aware_diagnostic,0.55
rule,20,31.312197835096946,0.9833855569362641,0.05417678037735847,-0.22510819591968617,0.0,-0.6151272551839586,0.5772108287680324,0.25,0.5,9,11,0,0.4444444444444444,0.4444444444444444,2,2,3,0,baseline_luma_bias,-0.0028650417923927313,>=,gt_aware_diagnostic,0.45
rule,20,31.31165404937125,0.9831549108028412,0.05363299465164832,-0.2256519816453963,0.0,-1.14819694110262,1.3573288980360791,0.4,0.55,10,10,0,0.5,0.5555555555555556,1,3,4,1,lfv1_edge_error,0.014430313371121883,>=,gt_aware_diagnostic,0.5
rule,20,31.311408461028208,0.9830547451972962,0.053387406308614514,-0.2258975699884301,0.0,-0.006981006687970399,0.024474973922054836,0.25,0.55,4,16,0,0.5,0.2222222222222222,1,0,1,0,residual_delta_e_p95,4.399774408340454,<=,gt_aware_diagnostic,0.2
rule,20,31.311066273216518,0.983016899228096,0.05304521849692634,-0.2262397578001183,0.0,-0.109111030824284,0.0,0.15,0.4,5,15,0,0.2,0.1111111111111111,1,1,0,1,baseline_dark_channel_mean,0.2195245549082756,<=,proxy_or_output_feature,0.25
rule,20,31.311066273216518,0.983016899228096,0.05304521849692634,-0.2262397578001183,0.0,-0.109111030824284,0.0,0.15,0.4,5,15,0,0.2,0.1111111111111111,1,1,0,1,lfv1_dark_channel_mean,0.2160906083881855,<=,proxy_or_output_feature,0.25
rule,20,31.311066273216518,0.983016899228096,0.05304521849692634,-0.2262397578001183,0.0,-0.109111030824284,0.0,0.15,0.4,5,15,0,0.2,0.1111111111111111,1,1,0,1,residual_dark_channel_mean,0.217955332249403,<=,proxy_or_output_feature,0.25
rule,20,31.31094135422103,0.9826331943273544,0.05292029950143977,-0.22636467679560485,0.0,-0.6223595737608154,1.2033953165351896,0.45,0.7,11,9,0,0.6363636363636364,0.7777777777777778,2,2,6,0,lfv1_luma_std_delta,-0.0005507782101631162,>=,gt_aware_diagnostic,0.55
rule,20,31.31067824330009,0.9829798698425293,0.05265718858049695,-0.22662778771654768,0.0,-0.008441442144205532,0.024474973922054836,0.3,0.55,4,16,0,0.5,0.2222222222222222,1,0,1,0,residual_highfreq_abs_error,9.152516722679138e-05,<=,gt_aware_diagnostic,0.2
rule,20,31.310365417689262,0.9830348908901214,0.05234436296967058,-0.22694061332737406,0.0,-1.2427180953170196,1.4852778838082745,0.4,0.55,16,4,0,0.5,0.8888888888888888,2,4,6,1,baseline_luma_bias,-0.017676281929016113,>=,gt_aware_diagnostic,0.8
rule,20,31.310365417689262,0.9830348908901214,0.05234436296967058,-0.22694061332737406,0.0,-1.2427180953170196,1.4852778838082745,0.4,0.55,16,4,0,0.5,0.8888888888888888,2,4,6,1,lfv1_luma_bias,-0.018436241149902347,>=,gt_aware_diagnostic,0.8
rule,20,31.309794809178207,0.9832586497068405,0.051773754458621646,-0.22751122183842298,0.0,-0.6151272551839586,0.5772108287680324,0.35,0.6,9,11,0,0.5555555555555556,0.5555555555555556,2,1,4,0,residual_saturation_bias,0.004047893173992634,<=,gt_aware_diagnostic,0.45
rule,20,31.309373505086256,0.9829535901546478,0.051352450366664824,-0.2279325259303798,0.0,-0.7869814735918658,1.4852778838082745,0.4,0.6,13,7,0,0.5384615384615384,0.7777777777777778,2,2,5,1,residual_lfv1_highfreq_abs_mean_delta,0.00024354755878448485,<=,proxy_or_output_feature,0.65
rule,20,31.30886909794295,0.9827667951583863,0.050848043223359694,-0.22843693307368493,0.0,-0.008441442144205532,0.12010849106951398,0.35,0.55,4,16,0,0.5,0.2222222222222222,0,1,1,1,residual_saturation_bias,0.013247725367546082,>=,gt_aware_diagnostic,0.2
rule,20,31.308671411539382,0.9831027925014496,0.050650356819797085,-0.22863461947724756,0.0,0.0,0.27567637428796604,0.35,0.65,4,16,0,0.75,0.3333333333333333,1,0,2,0,baseline_luma_bias,0.00262002944946289,>=,gt_aware_diagnostic,0.2
rule,20,31.30831833160001,0.9826935529708862,0.05029727688041259,-0.22898769941663205,0.0,-0.4903996470238541,1.2176118705098782,0.4,0.6,9,11,0,0.5555555555555556,0.5555555555555556,2,1,4,1,baseline_saturation_bias,0.002194763906300066,>=,gt_aware_diagnostic,0.45
rule,20,31.307977114024844,0.9833368450403214,0.04995605930525571,-0.22932891699178892,0.0,-0.6151272551839586,0.5772108287680324,0.25,0.45,10,10,0,0.4,0.4444444444444444,2,2,3,0,baseline_luma_bias,-0.0041143447160720825,>=,gt_aware_diagnostic,0.5
rule,20,31.307497141038162,0.9829832881689071,0.04947608631857196,-0.22980888997847265,0.0,-1.0130053282942584,1.3573288980360791,0.3,0.5,11,9,0,0.45454545454545453,0.5555555555555556,1,3,3,1,baseline_luma_abs_bias,0.006799426674842832,<=,gt_aware_diagnostic,0.55
rule,20,31.307497141038162,0.9829832881689071,0.04947608631857196,-0.22980888997847265,0.0,-1.0130053282942584,1.3573288980360791,0.3,0.5,11,9,0,0.45454545454545453,0.5555555555555556,1,3,3,1,lfv1_from_baseline_residual_norm_ratio,0.49599491230346265,>=,gt_aware_diagnostic,0.55
rule,20,31.307450850877046,0.9826593577861786,0.049429796157454575,-0.22985518013959005,0.0,-0.6223595737608154,1.2033953165351896,0.4,0.65,12,8,0,0.5833333333333334,0.7777777777777778,2,2,6,0,lfv1_luma_std_delta,-0.0012837946414947514,>=,gt_aware_diagnostic,0.6
rule,20,31.307227524509234,0.9830252528190613,0.049206469789641896,-0.23007850650740275,0.0,-0.0959671117181678,0.8440025816490673,0.4,0.6,7,13,0,0.5714285714285714,0.4444444444444444,1,1,4,0,residual_lfv1_highfreq_abs_mean_delta_abs,0.0001975987572222948,<=,proxy_or_output_feature,0.35
rule,20,31.307187739956106,0.9830060333013535,0.049166685236511756,-0.2301182910605329,0.0,-0.07127050233593905,0.024474973922054836,0.25,0.5,5,15,0,0.4,0.2222222222222222,1,0,1,0,residual_delta_e_mean,1.5444855093955994,<=,gt_aware_diagnostic,0.25
rule,20,31.307187739956106,0.9830060333013535,0.049166685236511756,-0.2301182910605329,0.0,-0.07127050233593905,0.024474973922054836,0.25,0.5,5,15,0,0.4,0.2222222222222222,1,0,1,0,residual_highfreq_abs_error,0.0001031199935823679,<=,gt_aware_diagnostic,0.25
rule,20,31.306526661327723,0.9829508036375045,0.04850560660813663,-0.230779369688908,0.0,-1.1624437592233179,1.4852778838082745,0.35,0.55,16,4,0,0.5,0.8888888888888888,3,3,6,1,residual_luma_abs_bias_regression_vs_lfv1,0.0071190714836120595,<=,gt_aware_diagnostic,0.8
rule,20,31.306526661327723,0.9829508036375045,0.04850560660813663,-0.230779369688908,0.0,-1.1624437592233179,1.4852778838082745,0.35,0.55,16,4,0,0.5,0.8888888888888888,3,3,6,1,residual_dark_channel_abs_bias_regression_vs_lfv1,0.007026195526123043,<=,gt_aware_diagnostic,0.8
rule,20,31.306211832847204,0.9829068213701249,0.04819077812761439,-0.23109419816943025,0.0,-1.793350469773175,1.4852778838082745,0.4,0.6,17,3,0,0.5294117647058824,1.0,3,3,7,1,rescalib_from_lfv1_lf_mse_delta,0.0007709087629336863,<=,gt_aware_diagnostic,0.85
rule,20,31.306211832847204,0.9829068213701249,0.04819077812761439,-0.23109419816943025,0.0,-1.793350469773175,1.4852778838082745,0.4,0.6,17,3,0,0.5294117647058824,1.0,3,3,7,1,residual_lfv1_luma_std_delta,0.005098067969083782,<=,proxy_or_output_feature,0.85
rule,20,31.306211832847204,0.9829068213701249,0.04819077812761439,-0.23109419816943025,0.0,-1.793350469773175,1.4852778838082745,0.4,0.6,17,3,0,0.5294117647058824,1.0,3,3,7,1,residual_lfv1_luma_std_delta_abs,0.005098067969083782,<=,proxy_or_output_feature,0.85
rule,20,31.30600895057458,0.9830294460058212,0.04798789585498468,-0.23129708044205993,0.0,-0.0959671117181678,0.2524314075512334,0.25,0.55,6,14,0,0.5,0.3333333333333333,2,0,2,0,residual_lfv1_saturation_mean_delta_abs,0.001886001229286194,<=,proxy_or_output_feature,0.3
rule,20,31.3051809081954,0.9831289559602737,0.047159853475811885,-0.23212512282123274,0.0,-0.006981006687970399,0.27567637428796604,0.3,0.6,5,15,0,0.6,0.3333333333333333,1,0,2,0,baseline_luma_bias,0.002321600914001465,>=,gt_aware_diagnostic,0.25
rule,20,31.30402091990272,0.9830571860074997,0.045999865183125085,-0.23328511111391953,0.0,-0.07127050233593905,0.07859634786275654,0.3,0.5,5,15,0,0.4,0.2222222222222222,0,1,2,0,baseline_saturation_mean,0.302262507379055,>=,proxy_or_output_feature,0.25
rule,20,31.30402091990272,0.9830571860074997,0.045999865183125085,-0.23328511111391953,0.0,-0.07127050233593905,0.07859634786275654,0.3,0.5,5,15,0,0.4,0.2222222222222222,0,1,2,0,lfv1_saturation_mean,0.30751195549964905,>=,proxy_or_output_feature,0.25
rule,20,31.30402091990272,0.9830571860074997,0.045999865183125085,-0.23328511111391953,0.0,-0.07127050233593905,0.07859634786275654,0.3,0.5,5,15,0,0.4,0.2222222222222222,0,1,2,0,residual_saturation_mean,0.3000187948346138,>=,proxy_or_output_feature,0.25
rule,20,31.303884806891176,0.9828981131315231,0.04586375217158931,-0.23342122412545532,0.0,-0.05717221713469099,0.07859634786275654,0.25,0.55,4,16,0,0.5,0.2222222222222222,2,0,1,1,baseline_saturation_abs_bias,0.012605977058410642,>=,gt_aware_diagnostic,0.2
rule,20,31.30380888033427,0.9827904224395752,0.045787825614676515,-0.23349715068236812,0.0,-1.1624437592233179,1.4852778838082745,0.35,0.5,11,9,0,0.45454545454545453,0.5555555555555556,2,3,4,1,residual_lap_var_ratio_gt,0.9948240786790847,>=,gt_aware_diagnostic,0.55
rule,20,31.303318175697427,0.9828689068555831,0.045297120977830826,-0.2339878553192138,0.0,-1.1624437592233179,1.4852778838082745,0.35,0.5,13,7,0,0.46153846153846156,0.6666666666666666,3,3,5,1,baseline_lap_var_ratio_gt,0.9852951735258102,>=,gt_aware_diagnostic,0.65
rule,20,31.303254545380593,0.9830526173114776,0.04523349066100355,-0.23405148563604108,0.0,-0.10057730097174025,0.8297860276743787,0.4,0.6,5,15,0,0.6,0.3333333333333333,0,2,2,1,residual_lfv1_saturation_mean_delta_abs,0.007609907537698746,>=,proxy_or_output_feature,0.25
rule,20,31.30289340694294,0.9828117489814758,0.04487235222334647,-0.23441262407369817,0.0,-1.0831060739109093,1.2033953165351896,0.35,0.6,7,13,0,0.5714285714285714,0.4444444444444444,2,1,3,1,residual_lfv1_edge_mean_delta_abs,0.002196253091096878,>=,proxy_or_output_feature,0.35
rule,20,31.302661477411164,0.9830204278230668,0.044640422691572465,-0.23464455360547215,0.0,0.0,0.0,0.3,0.55,2,18,0,0.5,0.1111111111111111,1,0,1,0,residual_dark_channel_abs_bias,0.0005318313837051391,<=,gt_aware_diagnostic,0.1
rule,20,31.302661477411164,0.9830204278230668,0.044640422691572465,-0.23464455360547215,0.0,0.0,0.0,0.3,0.55,2,18,0,0.5,0.1111111111111111,1,0,1,0,residual_highfreq_abs_error,3.680288791656494e-05,<=,gt_aware_diagnostic,0.1
rule,20,31.30246536963775,0.9825829833745956,0.0444443149181609,-0.23484066137888374,0.0,-1.2361185006151576,1.2384055230704805,0.4,0.65,14,6,0,0.5714285714285714,0.8888888888888888,2,3,6,1,residual_luma_std_delta,-0.0009063512086868282,>=,gt_aware_diagnostic,0.7
rule,20,31.30228663745597,0.9830430328845978,0.04426558273637564,-0.23501939356066898,0.0,-1.0130053282942584,1.2033953165351896,0.35,0.55,12,8,0,0.5,0.6666666666666666,2,2,5,0,residual_lfv1_luma_std_delta_abs,0.0023980855941772464,<=,proxy_or_output_feature,0.6
rule,20,31.30224466535288,0.9824178010225296,0.044223610633279974,-0.23506136566376465,0.0,-1.995246574251296,1.4852778838082745,0.35,0.55,16,4,0,0.5,0.8888888888888888,3,3,6,1,residual_lfv1_luma_std_delta,-0.0011340945959091187,>=,proxy_or_output_feature,0.8
rule,20,31.301438816755848,0.9827637553215027,0.04341776203625756,-0.23586721426078708,0.0,-1.1624437592233179,1.4852778838082745,0.25,0.5,13,7,0,0.46153846153846156,0.6666666666666666,3,2,4,1,residual_lfv1_luma_mean_delta_abs,0.008251003921031952,<=,proxy_or_output_feature,0.65
rule,20,31.301076513552335,0.982985207438469,0.043055458832742664,-0.23622951746430196,0.0,-1.14819694110262,1.2384055230704805,0.3,0.55,12,8,0,0.5,0.6666666666666666,2,2,4,1,baseline_edge_mean,0.19033604264259338,>=,proxy_or_output_feature,0.6
rule,20,31.301076513552335,0.982985207438469,0.043055458832742664,-0.23622951746430196,0.0,-1.14819694110262,1.2384055230704805,0.3,0.55,12,8,0,0.5,0.6666666666666666,2,2,4,1,lfv1_edge_mean,0.18900381326675414,>=,proxy_or_output_feature,0.6
rule,20,31.301076513552335,0.982985207438469,0.043055458832742664,-0.23622951746430196,0.0,-1.14819694110262,1.2384055230704805,0.3,0.55,12,8,0,0.5,0.6666666666666666,2,2,4,1,residual_edge_mean,0.19067473113536837,>=,proxy_or_output_feature,0.6
rule,20,31.300759365046275,0.9829339385032654,0.04273831032668483,-0.2365466659703598,0.0,-0.0959671117181678,0.6210333778148569,0.4,0.65,8,12,0,0.625,0.5555555555555556,1,1,4,0,residual_saturation_abs_bias,0.006166964769363403,<=,gt_aware_diagnostic,0.4
rule,20,31.30052196986798,0.9826610177755356,0.04250091514838701,-0.23678406114865763,0.0,-0.7067071374981642,1.2176118705098782,0.4,0.65,8,12,0,0.625,0.5555555555555556,2,1,4,1,baseline_lap_var_ratio_gt,1.002012848854065,>=,gt_aware_diagnostic,0.4
rule,20,31.300447068997478,0.9829677641391754,0.04242601427788308,-0.23685896201916154,0.0,-0.40605208328650527,0.6210333778148569,0.25,0.45,8,12,0,0.375,0.3333333333333333,2,1,3,0,baseline_luma_mean,0.4851992309093475,<=,proxy_or_output_feature,0.4
rule,20,31.300447068997478,0.9829677641391754,0.04242601427788308,-0.23685896201916154,0.0,-0.40605208328650527,0.6210333778148569,0.25,0.45,8,12,0,0.375,0.3333333333333333,2,1,3,0,lfv1_luma_mean,0.48282789587974545,<=,proxy_or_output_feature,0.4
rule,20,31.300447068997478,0.9829677641391754,0.04242601427788308,-0.23685896201916154,0.0,-0.40605208328650527,0.6210333778148569,0.25,0.45,8,12,0,0.375,0.3333333333333333,2,1,3,0,residual_luma_mean,0.4863716602325439,<=,proxy_or_output_feature,0.4
rule,20,31.300296150587496,0.9829119592905045,0.04227509586790603,-0.2370098804291386,0.0,0.0,0.0,0.25,0.55,2,18,0,0.5,0.1111111111111111,1,0,0,1,baseline_lap_var,0.19126731157302856,>=,proxy_or_output_feature,0.1
rule,20,31.300296150587496,0.9829119592905045,0.04227509586790603,-0.2370098804291386,0.0,0.0,0.0,0.25,0.55,2,18,0,0.5,0.1111111111111111,1,0,0,1,baseline_highfreq_abs_error,0.0018934655934572224,>=,gt_aware_diagnostic,0.1
rule,20,31.300296150587496,0.9829119592905045,0.04227509586790603,-0.2370098804291386,0.0,0.0,0.0,0.25,0.55,2,18,0,0.5,0.1111111111111111,1,0,0,1,lfv1_edge_error,0.02210383452475071,>=,gt_aware_diagnostic,0.1
rule,20,31.300296150587496,0.9829119592905045,0.04227509586790603,-0.2370098804291386,0.0,0.0,0.0,0.25,0.55,2,18,0,0.5,0.1111111111111111,1,0,0,1,lfv1_lap_var,0.1916095077991486,>=,proxy_or_output_feature,0.1
rule,20,31.300296150587496,0.9829119592905045,0.04227509586790603,-0.2370098804291386,0.0,0.0,0.0,0.25,0.55,2,18,0,0.5,0.1111111111111111,1,0,0,1,lfv1_highfreq_abs_error,0.0018173273652791991,>=,gt_aware_diagnostic,0.1
rule,20,31.300296150587496,0.9829119592905045,0.04227509586790603,-0.2370098804291386,0.0,0.0,0.0,0.25,0.55,2,18,0,0.5,0.1111111111111111,1,0,0,1,residual_lap_var,0.1940558895468712,>=,proxy_or_output_feature,0.1
rule,20,31.300296150587496,0.9829119592905045,0.04227509586790603,-0.2370098804291386,0.0,0.0,0.0,0.25,0.55,2,18,0,0.5,0.1111111111111111,1,0,0,1,residual_highfreq_abs_error,0.00197376236319542,>=,gt_aware_diagnostic,0.1
rule,20,31.300296150587496,0.9829119592905045,0.04227509586790603,-0.2370098804291386,0.0,0.0,0.0,0.25,0.55,2,18,0,0.5,0.1111111111111111,1,0,0,1,residual_lfv1_lap_var_delta_abs,0.005318754911422731,>=,proxy_or_output_feature,0.1
rule,20,31.299827672353445,0.9828950703144074,0.04180661763384563,-0.237478358663199,0.0,-1.1624437592233179,1.4852778838082745,0.3,0.45,14,6,0,0.42857142857142855,0.6666666666666666,3,3,5,1,baseline_lap_var_ratio_gt,0.9798143565654756,>=,gt_aware_diagnostic,0.7
rule,20,31.29965335232523,0.9828676164150238,0.04163229760563834,-0.2376526786914063,0.0,-1.2427180953170196,1.4852778838082745,0.4,0.55,14,6,0,0.5,0.7777777777777778,1,4,5,1,baseline_mae,0.028044886887073517,<=,gt_aware_diagnostic,0.7
rule,20,31.29965335232523,0.9828676164150238,0.04163229760563834,-0.2376526786914063,0.0,-1.2427180953170196,1.4852778838082745,0.4,0.55,14,6,0,0.5,0.7777777777777778,1,4,5,1,baseline_rmse,0.035447765886783604,<=,gt_aware_diagnostic,0.7
rule,20,31.29965335232523,0.9828676164150238,0.04163229760563834,-0.2376526786914063,0.0,-1.2427180953170196,1.4852778838082745,0.4,0.55,14,6,0,0.5,0.7777777777777778,1,4,5,1,baseline_delta_e_mean,3.1568150758743285,<=,gt_aware_diagnostic,0.7
rule,20,31.29965335232523,0.9828676164150238,0.04163229760563834,-0.2376526786914063,0.0,-1.2427180953170196,1.4852778838082745,0.4,0.55,14,6,0,0.5,0.7777777777777778,1,4,5,1,baseline_delta_e_p95,7.01719732284546,<=,gt_aware_diagnostic,0.7
rule,20,31.29965335232523,0.9828676164150238,0.04163229760563834,-0.2376526786914063,0.0,-1.2427180953170196,1.4852778838082745,0.4,0.55,14,6,0,0.5,0.7777777777777778,1,4,5,1,baseline_luma_abs_bias,0.01770971417427063,<=,gt_aware_diagnostic,0.7
rule,20,31.29965335232523,0.9828676164150238,0.04163229760563834,-0.2376526786914063,0.0,-1.2427180953170196,1.4852778838082745,0.4,0.55,14,6,0,0.5,0.7777777777777778,1,4,5,1,lfv1_luma_abs_bias,0.01901657581329346,<=,gt_aware_diagnostic,0.7
rule,20,31.29965335232523,0.9828676164150238,0.04163229760563834,-0.2376526786914063,0.0,-1.2427180953170196,1.4852778838082745,0.4,0.55,14,6,0,0.5,0.7777777777777778,1,4,5,1,residual_mae,0.0329215656965971,<=,gt_aware_diagnostic,0.7
rule,20,31.29965335232523,0.9828676164150238,0.04163229760563834,-0.2376526786914063,0.0,-1.2427180953170196,1.4852778838082745,0.4,0.55,14,6,0,0.5,0.7777777777777778,1,4,5,1,residual_rmse,0.041418055444955824,<=,gt_aware_diagnostic,0.7
rule,20,31.29965335232523,0.9828676164150238,0.04163229760563834,-0.2376526786914063,0.0,-1.2427180953170196,1.4852778838082745,0.4,0.55,14,6,0,0.5,0.7777777777777778,1,4,5,1,residual_delta_e_mean,3.47267701625824,<=,gt_aware_diagnostic,0.7
rule,20,31.29917097406718,0.9830465912818909,0.04114991934758727,-0.23813505694945736,0.0,-0.006981006687970399,0.0,0.25,0.5,3,17,0,0.3333333333333333,0.1111111111111111,1,0,1,0,residual_dark_channel_abs_bias,0.002436138689517975,<=,gt_aware_diagnostic,0.15
rule,20,31.298672685870837,0.9827630370855331,0.040651631151243706,-0.23863334514580092,0.0,-1.0831060739109093,1.2033953165351896,0.35,0.55,8,12,0,0.5,0.4444444444444444,2,1,3,1,residual_lfv1_edge_mean_delta_abs,0.002103839814662933,>=,proxy_or_output_feature,0.4
rule,20,31.298672685870837,0.9827630370855331,0.040651631151243706,-0.23863334514580092,0.0,-1.0831060739109093,1.2033953165351896,0.35,0.55,8,12,0,0.5,0.4444444444444444,2,1,3,1,residual_lfv1_highfreq_abs_mean_delta_abs,0.0003016412258148194,>=,proxy_or_output_feature,0.4
rule,20,31.298651234301254,0.982503917813301,0.040630179581654956,-0.23865479671538967,0.0,-0.780381878890004,1.2176118705098782,0.45,0.7,11,9,0,0.6363636363636364,0.7777777777777778,2,2,5,1,residual_luma_std_delta,0.0003933325409889223,>=,gt_aware_diagnostic,0.55
rule,20,31.298440756339062,0.9829717159271241,0.04041970161946971,-0.23886527467757493,0.0,-0.008441442144205532,0.0,0.3,0.5,3,17,0,0.3333333333333333,0.1111111111111111,1,0,1,0,residual_highfreq_abs_error,7.324256002902985e-05,<=,gt_aware_diagnostic,0.15
rule,20,31.29772123673691,0.9823751419782638,0.03970018201731786,-0.23958479427972676,0.0,-2.6649188414797154,1.4852778838082745,0.5,0.65,16,4,0,0.5625,1.0,2,3,7,1,residual_lfv1_lap_var_delta,0.001922270655632019,<=,proxy_or_output_feature,0.8
rule,20,31.297274299017868,0.9831012994050979,0.03925324429828105,-0.24003173199876357,0.0,0.0,0.5772108287680324,0.4,0.65,4,16,0,0.75,0.3333333333333333,1,0,3,0,baseline_edge_error,0.01746815852820873,>=,gt_aware_diagnostic,0.2
rule,20,31.29726504866081,0.9831695705652237,0.039243993941223465,-0.24004098235582116,0.0,-0.3988197647096485,0.27567637428796604,0.25,0.45,8,12,0,0.375,0.3333333333333333,1,2,2,0,baseline_luma_abs_bias,0.004612398147583008,<=,gt_aware_diagnostic,0.4
rule,20,31.29713601812523,0.9829454362392426,0.03911496340563758,-0.24017001289140705,0.0,-0.7869814735918658,1.4852778838082745,0.4,0.55,12,8,0,0.5,0.6666666666666666,2,2,5,1,residual_lfv1_edge_mean_delta,0.0014348804950714113,<=,proxy_or_output_feature,0.6
rule,20,31.29713601812523,0.9829454362392426,0.03911496340563758,-0.24017001289140705,0.0,-0.7869814735918658,1.4852778838082745,0.4,0.55,12,8,0,0.5,0.6666666666666666,2,2,5,1,residual_lfv1_highfreq_abs_mean_delta,0.00023127570748329165,<=,proxy_or_output_feature,0.6
rule,20,31.296917863413512,0.9825722724199295,0.03889680869391299,-0.24038816760313164,0.0,-1.8670252111650147,1.3573288980360791,0.5,0.65,10,10,0,0.6,0.6666666666666666,1,3,5,1,residual_lfv1_saturation_mean_delta_abs,0.0038904771208763123,>=,proxy_or_output_feature,0.5
rule,20,31.296647482809135,0.9829923927783966,0.03862642808954817,-0.24065854820749646,0.0,-1.0130053282942584,0.6352499317895455,0.25,0.5,9,11,0,0.4444444444444444,0.4444444444444444,1,2,2,1,baseline_edge_mean,0.2064970605075359,>=,proxy_or_output_feature,0.45
rule,20,31.296647482809135,0.9829923927783966,0.03862642808954817,-0.24065854820749646,0.0,-1.0130053282942584,0.6352499317895455,0.25,0.5,9,11,0,0.4444444444444444,0.4444444444444444,1,2,2,1,lfv1_edge_mean,0.20992240831255912,>=,proxy_or_output_feature,0.45
rule,20,31.29652843855319,0.9826028287410736,0.038507383833604435,-0.2407775924634402,0.0,-0.35541468087259925,0.8274756218343117,0.45,0.7,9,11,0,0.6666666666666666,0.6666666666666666,2,1,5,0,lfv1_luma_std_delta,-0.00025039836764335655,>=,gt_aware_diagnostic,0.45
rule,20,31.296433924578356,0.9830946385860443,0.038412869858769835,-0.24087210643827478,0.0,0.0,0.05540160898947598,0.35,0.6,3,17,0,0.6666666666666666,0.2222222222222222,1,0,2,0,baseline_luma_bias,0.0033127874135971055,>=,gt_aware_diagnostic,0.15
rule,20,31.29599608854515,0.9828343719244004,0.03797503382555902,-0.2413099424714856,0.0,-1.793350469773175,1.2384055230704805,0.4,0.65,10,10,0,0.6,0.6666666666666666,3,1,5,1,baseline_highfreq_abs_error,0.0006934413686394691,>=,gt_aware_diagnostic,0.5
rule,20,31.295953951591674,0.9827410817146301,0.0379328968720861,-0.24135207942495854,0.0,0.0,0.6210333778148569,0.4,0.65,4,16,0,0.75,0.3333333333333333,0,1,2,1,residual_lfv1_lap_var_delta,-0.0017625227570533752,<=,proxy_or_output_feature,0.2
rule,20,31.29460227056827,0.9825511634349823,0.036581215848671536,-0.2427037604483731,0.0,-1.8670252111650147,1.4852778838082745,0.5,0.6,15,5,0,0.5333333333333333,0.8888888888888888,2,4,7,1,lfv1_edge_error,0.011406728764995933,>=,gt_aware_diagnostic,0.75
rule,20,31.294468842831368,0.982961681485176,0.03644778811177964,-0.24283718818526498,0.0,0.0,0.024474973922054836,0.3,0.6,3,17,0,0.6666666666666666,0.2222222222222222,0,0,1,0,residual_saturation_abs_bias,0.0033999137580394746,<=,gt_aware_diagnostic,0.15
rule,20,31.293716488051835,0.983258068561554,0.035695433332250205,-0.24358954296479443,0.0,-0.6151272551839586,0.5772108287680324,0.3,0.55,8,12,0,0.5,0.4444444444444444,2,1,3,0,residual_saturation_bias,0.00392422303557396,<=,gt_aware_diagnostic,0.4
rule,20,31.293225783414993,0.983336552977562,0.035204728695404516,-0.2440802476016401,0.0,-0.6151272551839586,0.5772108287680324,0.3,0.55,10,10,0,0.5,0.5555555555555556,3,1,4,0,residual_saturation_bias,0.0041567981243133545,<=,gt_aware_diagnostic,0.5
rule,20,31.293172741527144,0.9827308386564255,0.03515168680755707,-0.24413328948948756,0.0,0.0,0.0,0.25,0.55,2,18,0,0.5,0.1111111111111111,1,0,0,1,baseline_saturation_bias,0.012401989102363589,>=,gt_aware_diagnostic,0.1
rule,20,31.293143785022085,0.9826583534479141,0.035122730302503236,-0.2441622459945414,0.0,-0.17655028026958997,1.2176118705098782,0.4,0.6,7,13,0,0.5714285714285714,0.4444444444444444,0,2,2,1,lfv1_from_baseline_residual_error_ratio,1.0667249811115485,>=,gt_aware_diagnostic,0.35
rule,20,31.293142430316983,0.982914862036705,0.035121375597391945,-0.24416360069965268,0.0,-0.109111030824284,0.05540160898947598,0.25,0.45,6,14,0,0.3333333333333333,0.2222222222222222,2,0,2,0,lfv1_luma_mean,0.4344976156949997,<=,proxy_or_output_feature,0.3
rule,20,31.293142430316983,0.982914862036705,0.035121375597391945,-0.24416360069965268,0.0,-0.109111030824284,0.05540160898947598,0.25,0.45,6,14,0,0.3333333333333333,0.2222222222222222,2,0,2,0,residual_luma_mean,0.4314243525266647,<=,proxy_or_output_feature,0.3
rule,20,31.29309850757886,0.9830006569623947,0.03507745285927495,-0.2442075234377697,0.0,0.0,0.0,0.35,0.55,2,18,0,0.5,0.1111111111111111,0,0,1,0,baseline_saturation_mean,0.3479650139808657,>=,proxy_or_output_feature,0.1
rule,20,31.29309850757886,0.9830006569623947,0.03507745285927495,-0.2442075234377697,0.0,0.0,0.0,0.35,0.55,2,18,0,0.5,0.1111111111111111,0,0,1,0,lfv1_saturation_mean,0.3503642022609713,>=,proxy_or_output_feature,0.1
rule,20,31.29309850757886,0.9830006569623947,0.03507745285927495,-0.2442075234377697,0.0,0.0,0.0,0.35,0.55,2,18,0,0.5,0.1111111111111111,0,0,1,0,residual_saturation_mean,0.35265798270702386,>=,proxy_or_output_feature,0.1
rule,20,31.292767190355086,0.9828402698040009,0.03474613563549465,-0.24453884066155,0.0,-0.05717221713469099,0.13663545088426954,0.3,0.55,4,16,0,0.5,0.2222222222222222,1,1,1,1,lfv1_lap_var_ratio_gt,1.0673687219619752,>=,gt_aware_diagnostic,0.2
rule,20,31.292333747411668,0.9829729944467545,0.034312692692084035,-0.2449722836049606,0.0,0.0,0.07859634786275654,0.35,0.6,3,17,0,0.6666666666666666,0.2222222222222222,0,1,1,1,residual_lfv1_saturation_mean_delta_abs,0.008463747799396513,>=,proxy_or_output_feature,0.15
rule,20,31.29228881777858,0.983024924993515,0.03426776305898738,-0.24501721323805725,0.0,-0.17791036516524786,0.8297860276743787,0.4,0.65,6,14,0,0.6666666666666666,0.4444444444444444,1,1,3,1,residual_edge_error,0.01601509898900986,>=,gt_aware_diagnostic,0.3
rule,20,31.291891405013565,0.983133801817894,0.033870350293979,-0.24541462600306563,0.0,-0.05717221713469099,0.2988711131612466,0.35,0.6,5,15,0,0.6,0.3333333333333333,1,1,2,0,lfv1_luma_bias,0.0011850222945213318,>=,gt_aware_diagnostic,0.25
rule,20,31.29182029710615,0.9827337294816971,0.03379924238655292,-0.24548573391049172,0.0,-0.7067071374981642,1.2176118705098782,0.35,0.55,8,12,0,0.5,0.4444444444444444,2,1,3,1,baseline_saturation_abs_bias,0.008918774127960206,>=,gt_aware_diagnostic,0.4
rule,20,31.29182029710615,0.9827337294816971,0.03379924238655292,-0.24548573391049172,0.0,-0.7067071374981642,1.2176118705098782,0.35,0.55,8,12,0,0.5,0.4444444444444444,2,1,3,1,residual_saturation_abs_bias,0.010365211963653566,>=,gt_aware_diagnostic,0.4
rule,20,31.291206724378505,0.9829500377178192,0.03318566965890905,-0.24609930663813556,0.0,-0.6223595737608154,0.6352499317895455,0.2,0.45,10,10,0,0.4,0.4444444444444444,3,1,3,0,residual_lfv1_dark_channel_mean_delta_abs,0.005917683243751526,<=,proxy_or_output_feature,0.5
rule,20,31.290133511720832,0.9829062402248383,0.03211245700124295,-0.2471725192958017,0.0,-1.793350469773175,1.4852778838082745,0.35,0.55,16,4,0,0.5,0.8888888888888888,3,3,6,1,baseline_highfreq_abs_mean,0.022558620572090148,>=,proxy_or_output_feature,0.8
rule,20,31.290133511720832,0.9829062402248383,0.03211245700124295,-0.2471725192958017,0.0,-1.793350469773175,1.4852778838082745,0.35,0.55,16,4,0,0.5,0.8888888888888888,3,3,6,1,lfv1_highfreq_abs_mean,0.02264179214835167,>=,proxy_or_output_feature,0.8
rule,20,31.290133511720832,0.9829062402248383,0.03211245700124295,-0.2471725192958017,0.0,-1.793350469773175,1.4852778838082745,0.35,0.55,16,4,0,0.5,0.8888888888888888,3,3,6,1,residual_highfreq_abs_mean,0.022834283113479615,>=,proxy_or_output_feature,0.8
rule,20,31.28960800423488,0.9830268204212189,0.03158694951528975,-0.24769802678175487,0.0,-0.006981006687970399,0.0,0.3,0.5,3,17,0,0.3333333333333333,0.1111111111111111,0,0,1,0,baseline_saturation_mean,0.32509524077177043,>=,proxy_or_output_feature,0.15
rule,20,31.28960800423488,0.9830268204212189,0.03158694951528975,-0.24769802678175487,0.0,-0.006981006687970399,0.0,0.3,0.5,3,17,0,0.3333333333333333,0.1111111111111111,0,0,1,0,lfv1_saturation_mean,0.32944502383470536,>=,proxy_or_output_feature,0.15
rule,20,31.28960800423488,0.9830268204212189,0.03158694951528975,-0.24769802678175487,0.0,-0.006981006687970399,0.0,0.3,0.5,3,17,0,0.3333333333333333,0.1111111111111111,0,0,1,0,residual_saturation_mean,0.33223330080509184,>=,proxy_or_output_feature,0.15
rule,20,31.28953920582179,0.9830149292945862,0.031518151102203976,-0.24776682519484067,0.0,-1.0130053282942584,0.6210333778148569,0.25,0.5,9,11,0,0.4444444444444444,0.4444444444444444,1,2,2,1,baseline_highfreq_abs_mean,0.035720609501004225,>=,proxy_or_output_feature,0.45
rule,20,31.28953920582179,0.9830149292945862,0.031518151102203976,-0.24776682519484067,0.0,-1.0130053282942584,0.6210333778148569,0.25,0.5,9,11,0,0.4444444444444444,0.4444444444444444,1,2,2,1,residual_edge_mean,0.21083655580878258,>=,proxy_or_output_feature,0.45
rule,20,31.28953920582179,0.9830149292945862,0.031518151102203976,-0.24776682519484067,0.0,-1.0130053282942584,0.6210333778148569,0.25,0.5,9,11,0,0.4444444444444444,0.4444444444444444,1,2,2,1,residual_highfreq_abs_mean,0.036138026788830754,>=,proxy_or_output_feature,0.45
rule,20,31.288792223727476,0.9828591614961624,0.03077116900788255,-0.2485138072891621,0.0,-1.0831060739109093,1.2176118705098782,0.3,0.5,9,11,0,0.4444444444444444,0.4444444444444444,3,1,3,1,lfv1_saturation_abs_bias,0.00747622177004814,>=,gt_aware_diagnostic,0.45
rule,20,31.288751781253346,0.9823280483484268,0.03073072653375828,-0.24855424976328636,0.0,-0.780381878890004,1.3365352454754769,0.45,0.65,8,12,0,0.625,0.5555555555555556,1,2,4,1,lfv1_delta_e_p95,7.217969512939453,>=,gt_aware_diagnostic,0.4
rule,20,31.28806809670648,0.9829762130975723,0.030047041986884616,-0.24923793431016,0.0,-0.25388334446309757,0.8297860276743787,0.4,0.6,7,13,0,0.5714285714285714,0.4444444444444444,1,1,3,1,residual_edge_error,0.015942413359880447,>=,gt_aware_diagnostic,0.35
rule,20,31.2874518941395,0.9831350892782211,0.029430839419907963,-0.24985413687713667,0.0,-0.109111030824284,0.07859634786275654,0.25,0.45,6,14,0,0.3333333333333333,0.2222222222222222,1,1,2,0,baseline_saturation_mean,0.2972929567098618,>=,proxy_or_output_feature,0.3
rule,20,31.287091265619313,0.9830457627773285,0.02907021089972428,-0.25021476539732035,0.0,-1.14819694110262,0.9629259566146658,0.25,0.45,10,10,0,0.4,0.4444444444444444,2,2,3,1,baseline_lap_var,0.14222582429647446,>=,proxy_or_output_feature,0.5
rule,20,31.287091265619313,0.9830457627773285,0.02907021089972428,-0.25021476539732035,0.0,-1.14819694110262,0.9629259566146658,0.25,0.45,10,10,0,0.4,0.4444444444444444,2,2,3,1,residual_lap_var,0.13920271396636963,>=,proxy_or_output_feature,0.5
rule,20,31.286780228422096,0.9826633840799331,0.028759173702496456,-0.25052580259454815,0.0,-1.8670252111650147,1.4852778838082745,0.4,0.55,18,2,0,0.5,1.0,3,4,7,1,residual_edge_error_regression_vs_lfv1,0.0018235282972455028,<=,gt_aware_diagnostic,0.9
rule,20,31.285689514744575,0.983071705698967,0.027668460024985287,-0.25161651627205933,0.0,-0.10780961954859701,0.07859634786275654,0.25,0.55,4,16,0,0.5,0.2222222222222222,1,1,1,1,baseline_lap_var,0.18114696443080902,>=,proxy_or_output_feature,0.2
rule,20,31.285689514744575,0.983071705698967,0.027668460024985287,-0.25161651627205933,0.0,-0.10780961954859701,0.07859634786275654,0.25,0.55,4,16,0,0.5,0.2222222222222222,1,1,1,1,lfv1_lap_var,0.18399134576320647,>=,proxy_or_output_feature,0.2
rule,20,31.285689514744575,0.983071705698967,0.027668460024985287,-0.25161651627205933,0.0,-0.10780961954859701,0.07859634786275654,0.25,0.55,4,16,0,0.5,0.2222222222222222,1,1,1,1,residual_lap_var,0.1832882225513458,>=,proxy_or_output_feature,0.2
rule,20,31.28481144120999,0.9830466061830521,0.026790386490403682,-0.25249458980664097,0.0,0.0,0.03215664225274334,0.35,0.6,3,17,0,0.6666666666666666,0.2222222222222222,1,0,2,0,baseline_mae,0.04054398126900196,>=,gt_aware_diagnostic,0.15
rule,20,31.28481144120999,0.9830466061830521,0.026790386490403682,-0.25249458980664097,0.0,0.0,0.03215664225274334,0.35,0.6,3,17,0,0.6666666666666666,0.2222222222222222,1,0,2,0,baseline_delta_e_mean,4.402235388755798,>=,gt_aware_diagnostic,0.15
rule,20,31.28481144120999,0.9830466061830521,0.026790386490403682,-0.25249458980664097,0.0,0.0,0.03215664225274334,0.35,0.6,3,17,0,0.6666666666666666,0.2222222222222222,1,0,2,0,baseline_luma_abs_bias,0.035734032094478604,>=,gt_aware_diagnostic,0.15
rule,20,31.28481144120999,0.9830466061830521,0.026790386490403682,-0.25249458980664097,0.0,0.0,0.03215664225274334,0.35,0.6,3,17,0,0.6666666666666666,0.2222222222222222,1,0,2,0,baseline_dark_channel_abs_bias,0.03203356266021727,>=,gt_aware_diagnostic,0.15
rule,20,31.28481144120999,0.9830466061830521,0.026790386490403682,-0.25249458980664097,0.0,0.0,0.03215664225274334,0.35,0.6,3,17,0,0.6666666666666666,0.2222222222222222,1,0,2,0,lfv1_mae,0.04296280778944492,>=,gt_aware_diagnostic,0.15
rule,20,31.28481144120999,0.9830466061830521,0.026790386490403682,-0.25249458980664097,0.0,0.0,0.03215664225274334,0.35,0.6,3,17,0,0.6666666666666666,0.2222222222222222,1,0,2,0,lfv1_delta_e_mean,4.49126980304718,>=,gt_aware_diagnostic,0.15
rule,20,31.28481144120999,0.9830466061830521,0.026790386490403682,-0.25249458980664097,0.0,0.0,0.03215664225274334,0.35,0.6,3,17,0,0.6666666666666666,0.2222222222222222,1,0,2,0,lfv1_luma_abs_bias,0.027384069561958282,>=,gt_aware_diagnostic,0.15
rule,20,31.28481144120999,0.9830466061830521,0.026790386490403682,-0.25249458980664097,0.0,0.0,0.03215664225274334,0.35,0.6,3,17,0,0.6666666666666666,0.2222222222222222,1,0,2,0,lfv1_dark_channel_abs_bias,0.03258636295795438,>=,gt_aware_diagnostic,0.15
rule,20,31.28481144120999,0.9830466061830521,0.026790386490403682,-0.25249458980664097,0.0,0.0,0.03215664225274334,0.35,0.6,3,17,0,0.6666666666666666,0.2222222222222222,1,0,2,0,rescalib_from_baseline_residual_norm_ratio,0.2577669936069734,<=,gt_aware_diagnostic,0.15
rule,20,31.284443648741608,0.982660436630249,0.026422594022015567,-0.25286238227502905,0.0,-0.7067071374981642,1.2176118705098782,0.35,0.6,7,13,0,0.5714285714285714,0.4444444444444444,2,1,3,1,baseline_lap_var_ratio_gt,1.025606369972229,>=,gt_aware_diagnostic,0.35
rule,20,31.284443648741608,0.982660436630249,0.026422594022015567,-0.25286238227502905,0.0,-0.7067071374981642,1.2176118705098782,0.35,0.6,7,13,0,0.5714285714285714,0.4444444444444444,2,1,3,1,lfv1_lap_var_ratio_gt,1.023894828557968,>=,gt_aware_diagnostic,0.35
rule,20,31.284201154340973,0.9825505793094635,0.026180099621382524,-0.2531048766756621,0.0,-0.1331451964325407,0.36800612813744205,0.35,0.55,8,12,0,0.5,0.4444444444444444,1,1,3,0,residual_lfv1_lap_var_delta_abs,0.0012540265917778013,<=,proxy_or_output_feature,0.4
rule,20,31.283952944104765,0.982738921046257,0.02593188938516988,-0.25335308691187475,0.0,-0.7067071374981642,1.2176118705098782,0.35,0.6,9,11,0,0.5555555555555556,0.5555555555555556,3,1,4,1,baseline_lap_var_ratio_gt,0.9953838765621186,>=,gt_aware_diagnostic,0.45
rule,20,31.283736238256814,0.9822179913520813,0.02571518353722215,-0.2535697927598225,0.0,-1.995246574251296,1.4852778838082745,0.35,0.6,13,7,0,0.5384615384615384,0.7777777777777778,2,3,5,1,residual_lfv1_luma_std_delta,-2.34246253967285e-06,>=,proxy_or_output_feature,0.65
rule,20,31.282839128924973,0.9829840183258056,0.02481807420538722,-0.2544669020916574,0.0,-0.17063867974033053,0.27567637428796604,0.2,0.55,6,14,0,0.5,0.3333333333333333,1,1,1,1,lfv1_edge_mean,0.22982429713010788,>=,proxy_or_output_feature,0.3
rule,20,31.282839128924973,0.9829840183258056,0.02481807420538722,-0.2544669020916574,0.0,-0.17063867974033053,0.27567637428796604,0.2,0.55,6,14,0,0.5,0.3333333333333333,1,1,1,1,residual_edge_mean,0.23090208470821383,>=,proxy_or_output_feature,0.3
rule,20,31.28275972681713,0.9831318199634552,0.024738672097534397,-0.25454630419951024,0.0,-1.14819694110262,0.9629259566146658,0.2,0.45,12,8,0,0.4166666666666667,0.5555555555555556,3,2,3,1,baseline_lap_var,0.11485764980316163,>=,proxy_or_output_feature,0.6
rule,20,31.28275972681713,0.9831318199634552,0.024738672097534397,-0.25454630419951024,0.0,-1.14819694110262,0.9629259566146658,0.2,0.45,12,8,0,0.4166666666666667,0.5555555555555556,3,2,3,1,residual_lap_var,0.11569980084896088,>=,proxy_or_output_feature,0.6
rule,20,31.282732398991868,0.982828003168106,0.024711344272281187,-0.25457363202476346,0.0,-0.35541468087259925,0.6352499317895455,0.3,0.6,9,11,0,0.5555555555555556,0.5555555555555556,2,1,3,1,residual_lfv1_saturation_mean_delta,0.0021015658974647524,<=,proxy_or_output_feature,0.45
rule,20,31.281607007384356,0.9830574482679367,0.02358595266476371,-0.2556990236322809,0.0,-0.10057730097174025,0.0,0.3,0.5,3,17,0,0.3333333333333333,0.1111111111111111,0,2,1,0,baseline_luma_abs_bias,0.0023812368512153626,<=,gt_aware_diagnostic,0.15
rule,20,31.281468793672474,0.9830229938030243,0.023447738952882526,-0.2558372373441621,0.0,-0.1837825988464467,0.07859634786275654,0.25,0.5,5,15,0,0.4,0.2222222222222222,1,1,1,1,baseline_lap_var,0.17711389809846878,>=,proxy_or_output_feature,0.25
rule,20,31.281468793672474,0.9830229938030243,0.023447738952882526,-0.2558372373441621,0.0,-0.1837825988464467,0.07859634786275654,0.25,0.5,5,15,0,0.4,0.2222222222222222,1,1,1,1,lfv1_lap_var,0.17971539869904518,>=,proxy_or_output_feature,0.25
rule,20,31.281468793672474,0.9830229938030243,0.023447738952882526,-0.2558372373441621,0.0,-0.1837825988464467,0.07859634786275654,0.25,0.5,5,15,0,0.4,0.2222222222222222,1,1,1,1,residual_lap_var,0.1789032369852066,>=,proxy_or_output_feature,0.25
rule,20,31.281200313393025,0.9824058532714843,0.02317925867343824,-0.2561057176236064,0.0,0.0,0.2524314075512334,0.4,0.65,4,16,0,0.75,0.3333333333333333,0,1,2,0,residual_lfv1_lap_var_delta_abs,0.0007805824279785156,<=,proxy_or_output_feature,0.2
rule,20,31.281108231742117,0.9825664550065994,0.023087177022520677,-0.25619779927452396,0.0,-0.2681301625837955,1.2176118705098782,0.35,0.55,6,14,0,0.5,0.3333333333333333,1,1,2,1,baseline_saturation_bias,0.008093160390853883,>=,gt_aware_diagnostic,0.3
rule,20,31.281108231742117,0.9825664550065994,0.023087177022520677,-0.25619779927452396,0.0,-0.2681301625837955,1.2176118705098782,0.35,0.55,6,14,0,0.5,0.3333333333333333,1,1,2,1,residual_saturation_bias,0.009876864776015282,>=,gt_aware_diagnostic,0.3
rule,20,31.280970607044644,0.9830541789531708,0.022949552325059484,-0.25633542397198517,0.0,0.0,0.024474973922054836,0.3,0.6,3,17,0,0.6666666666666666,0.2222222222222222,1,0,1,0,residual_luma_bias,0.002603910863399503,>=,gt_aware_diagnostic,0.15
rule,20,31.280960438746263,0.9828848332166672,0.02293938402666562,-0.256345592270379,0.0,-1.793350469773175,1.4852778838082745,0.3,0.55,10,10,0,0.5,0.5555555555555556,3,2,4,1,residual_highfreq_abs_error,0.0004970487207174301,>=,gt_aware_diagnostic,0.5
rule,20,31.28061752710527,0.9826449394226074,0.02259647238567499,-0.25668850391136966,0.0,-0.4903996470238541,1.2176118705098782,0.35,0.55,8,12,0,0.5,0.4444444444444444,2,1,3,1,baseline_saturation_bias,0.004245971143245698,>=,gt_aware_diagnostic,0.4
rule,20,31.28026744984799,0.9824456214904785,0.02224639512840092,-0.2570385811686437,0.0,-0.05717221713469099,0.8274756218343117,0.45,0.65,6,14,0,0.6666666666666666,0.4444444444444444,1,1,4,0,lfv1_from_baseline_residual_norm_ratio,0.40273466301565386,<=,gt_aware_diagnostic,0.3
rule,20,31.279922102920313,0.9821389257907868,0.02190104820071621,-0.25738392809632843,0.0,-1.995246574251296,1.4852778838082745,0.4,0.65,10,10,0,0.6,0.6666666666666666,2,2,4,1,residual_lfv1_luma_std_delta,0.0006330609321594238,>=,proxy_or_output_feature,0.5
rule,20,31.279732223032664,0.9826902091503144,0.02171116831306712,-0.2575738079839775,0.0,-0.7067071374981642,1.2176118705098782,0.35,0.55,10,10,0,0.5,0.5555555555555556,3,1,4,1,baseline_lap_var_ratio_gt,0.9942386448383331,>=,gt_aware_diagnostic,0.5
rule,20,31.27967489179603,0.9825649738311768,0.02165383707644324,-0.2576311392206014,0.0,-0.05717221713469099,0.36800612813744205,0.4,0.6,5,15,0,0.6,0.3333333333333333,1,1,3,0,lfv1_delta_e_p95,7.602709054946899,>=,gt_aware_diagnostic,0.25
rule,20,31.27965681936174,0.9824822634458542,0.021635764642147493,-0.2576492116548971,0.0,-1.995246574251296,1.4852778838082745,0.4,0.55,18,2,0,0.5,1.0,3,4,7,1,residual_lfv1_luma_std_delta,-0.002368083596229553,>=,proxy_or_output_feature,0.9
rule,20,31.279515517184713,0.9821692794561386,0.02149446246511939,-0.25779051383192525,0.0,-1.995246574251296,1.4852778838082745,0.35,0.55,14,6,0,0.5,0.7777777777777778,2,3,5,1,residual_lfv1_luma_std_delta,-3.867447376251219e-05,>=,proxy_or_output_feature,0.7
rule,20,31.27938492582846,0.9828189849853516,0.02136387110886897,-0.2579211051881757,0.0,-0.03313805152643428,0.6210333778148569,0.35,0.6,5,15,0,0.6,0.3333333333333333,1,1,2,1,residual_lfv1_lap_var_delta,-0.0013830270618200302,<=,proxy_or_output_feature,0.25
rule,20,31.27889548252507,0.9824419677257538,0.0208744278054823,-0.2584105484915623,0.0,-0.2681301625837955,1.2176118705098782,0.45,0.65,8,12,0,0.625,0.5555555555555556,1,1,4,1,lfv1_saturation_bias,0.003547459840774536,>=,gt_aware_diagnostic,0.4
rule,20,31.278641415941888,0.9830219089984894,0.020620361222296425,-0.2586646150747482,0.0,-0.35541468087259925,0.8440025816490673,0.35,0.55,8,12,0,0.5,0.4444444444444444,2,1,4,0,residual_lfv1_edge_mean_delta_abs,0.0013880759477615358,<=,proxy_or_output_feature,0.4
rule,20,31.278641415941888,0.9830219089984894,0.020620361222296425,-0.2586646150747482,0.0,-0.35541468087259925,0.8440025816490673,0.35,0.55,8,12,0,0.5,0.4444444444444444,2,1,4,0,residual_lfv1_highfreq_abs_mean_delta_abs,0.00021900199353694914,<=,proxy_or_output_feature,0.4
rule,20,31.27861840785287,0.9829353064298629,0.02059735313328446,-0.25868762316376015,0.0,-0.1837825988464467,0.27567637428796604,0.2,0.5,7,13,0,0.42857142857142855,0.3333333333333333,1,1,1,1,lfv1_edge_mean,0.2266487255692482,>=,proxy_or_output_feature,0.35
rule,20,31.278596203990286,0.9829359620809555,0.02057514927070425,-0.2587098270263404,0.0,-1.14819694110262,1.3573288980360791,0.3,0.5,13,7,0,0.46153846153846156,0.6666666666666666,2,3,4,1,baseline_dark_channel_abs_bias,0.01601131409406662,<=,gt_aware_diagnostic,0.65
rule,20,31.278596203990286,0.9829359620809555,0.02057514927070425,-0.2587098270263404,0.0,-1.14819694110262,1.3573288980360791,0.3,0.5,13,7,0,0.46153846153846156,0.6666666666666666,2,3,4,1,residual_dark_channel_abs_bias,0.01958823651075363,<=,gt_aware_diagnostic,0.65
rule,20,31.278523949441897,0.9825505822896957,0.020502894722300092,-0.2587820815747445,0.0,-1.8670252111650147,1.4852778838082745,0.45,0.55,14,6,0,0.5,0.7777777777777778,2,4,6,1,lfv1_edge_error,0.012038459535688162,>=,gt_aware_diagnostic,0.7
rule,20,31.277981311666828,0.9832401275634766,0.019960256947234356,-0.2593247193498103,0.0,-0.6151272551839586,0.8274756218343117,0.25,0.5,9,11,0,0.4444444444444444,0.4444444444444444,2,2,3,0,lfv1_luma_bias,-0.0021729275584220892,>=,gt_aware_diagnostic,0.45
rule,20,31.277978290328484,0.9830491572618485,0.01995723560889733,-0.2593277406881473,0.0,-0.1837825988464467,0.07859634786275654,0.2,0.45,6,14,0,0.3333333333333333,0.2222222222222222,1,1,1,1,baseline_lap_var,0.17586487531661987,>=,proxy_or_output_feature,0.3
rule,20,31.277978290328484,0.9830491572618485,0.01995723560889733,-0.2593277406881473,0.0,-0.1837825988464467,0.07859634786275654,0.2,0.45,6,14,0,0.3333333333333333,0.2222222222222222,1,1,1,1,lfv1_lap_var,0.1741892859339714,>=,proxy_or_output_feature,0.3
rule,20,31.277709810049043,0.9824320167303086,0.019688755329453043,-0.2595962209675916,0.0,-0.006981006687970399,0.2524314075512334,0.35,0.6,5,15,0,0.6,0.3333333333333333,0,1,2,0,residual_lfv1_lap_var_delta_abs,0.0008291511330753565,<=,proxy_or_output_feature,0.25
rule,20,31.277708304596366,0.982976421713829,0.01968724987677355,-0.25959772642027107,0.0,-0.10057730097174025,0.05540160898947598,0.3,0.55,4,16,0,0.5,0.2222222222222222,1,1,1,1,residual_lfv1_edge_mean_delta_abs,0.0028181135654449458,>=,proxy_or_output_feature,0.2
rule,20,31.277708304596366,0.982976421713829,0.01968724987677355,-0.25959772642027107,0.0,-0.10057730097174025,0.05540160898947598,0.3,0.55,4,16,0,0.5,0.2222222222222222,1,1,1,1,residual_lfv1_lap_var_delta_abs,0.0037089973688125603,>=,proxy_or_output_feature,0.2
rule,20,31.277708304596366,0.982976421713829,0.01968724987677355,-0.25959772642027107,0.0,-0.10057730097174025,0.05540160898947598,0.3,0.55,4,16,0,0.5,0.2222222222222222,1,1,1,1,residual_lfv1_highfreq_abs_mean_delta_abs,0.00046139508485794063,>=,proxy_or_output_feature,0.2
rule,20,31.277625724279858,0.9829034775495529,0.019604669560268916,-0.2596803067367757,0.0,-1.793350469773175,1.4852778838082745,0.35,0.55,18,2,0,0.5,1.0,4,3,7,1,rescalib_from_baseline_residual_cosine,-0.18180637806653982,>=,gt_aware_diagnostic,0.9
rule,20,31.277625724279858,0.9829034775495529,0.019604669560268916,-0.2596803067367757,0.0,-1.793350469773175,1.4852778838082745,0.35,0.55,18,2,0,0.5,1.0,4,3,7,1,rescalib_from_baseline_luma_residual_cosine,-0.1924861773848534,>=,gt_aware_diagnostic,0.9
rule,20,31.277625724279858,0.9829034775495529,0.019604669560268916,-0.2596803067367757,0.0,-1.793350469773175,1.4852778838082745,0.35,0.55,18,2,0,0.5,1.0,4,3,7,1,residual_color_regression_vs_lfv1,0.9690850496292114,<=,gt_aware_diagnostic,0.9
rule,20,31.277625724279858,0.9829034775495529,0.019604669560268916,-0.2596803067367757,0.0,-1.793350469773175,1.4852778838082745,0.35,0.55,18,2,0,0.5,1.0,4,3,7,1,residual_luma_abs_bias_regression_vs_lfv1,0.009276992082595832,<=,gt_aware_diagnostic,0.9
rule,20,31.277625724279858,0.9829034775495529,0.019604669560268916,-0.2596803067367757,0.0,-1.793350469773175,1.4852778838082745,0.35,0.55,18,2,0,0.5,1.0,4,3,7,1,residual_dark_channel_abs_bias_regression_vs_lfv1,0.011552152037620549,<=,gt_aware_diagnostic,0.9
rule,20,31.277625724279858,0.9829034775495529,0.019604669560268916,-0.2596803067367757,0.0,-1.793350469773175,1.4852778838082745,0.35,0.55,18,2,0,0.5,1.0,4,3,7,1,residual_lfv1_luma_mean_delta,-0.012249040603637696,>=,proxy_or_output_feature,0.9
rule,20,31.277625724279858,0.9829034775495529,0.019604669560268916,-0.2596803067367757,0.0,-1.793350469773175,1.4852778838082745,0.35,0.55,18,2,0,0.5,1.0,4,3,7,1,residual_lfv1_luma_mean_delta_abs,0.012249040603637696,<=,proxy_or_output_feature,0.9
rule,20,31.277625724279858,0.9829034775495529,0.019604669560268916,-0.2596803067367757,0.0,-1.793350469773175,1.4852778838082745,0.35,0.55,18,2,0,0.5,1.0,4,3,7,1,residual_lfv1_luma_std_delta,0.007384598255157473,<=,proxy_or_output_feature,0.9
rule,20,31.277625724279858,0.9829034775495529,0.019604669560268916,-0.2596803067367757,0.0,-1.793350469773175,1.4852778838082745,0.35,0.55,18,2,0,0.5,1.0,4,3,7,1,residual_lfv1_luma_std_delta_abs,0.007384598255157473,<=,proxy_or_output_feature,0.9
rule,20,31.276431599576323,0.9821650892496109,0.018410544856731013,-0.26087443144031364,0.0,-1.995246574251296,1.4852778838082745,0.35,0.6,11,9,0,0.5454545454545454,0.6666666666666666,2,2,4,1,residual_lfv1_luma_std_delta,0.00040918812155723585,>=,proxy_or_output_feature,0.55
rule,20,31.276108075839534,0.9827418088912964,0.018087021119938918,-0.2611979551771057,0.0,-1.1624437592233179,1.4852778838082745,0.3,0.45,10,10,0,0.4,0.4444444444444444,2,3,3,1,residual_lap_var_ratio_gt,0.9999948740005493,>=,gt_aware_diagnostic,0.5
rule,20,31.276071141024225,0.9830667912960053,0.018050086304634227,-0.2612348899924104,0.0,-1.793350469773175,1.4852778838082745,0.3,0.5,15,5,0,0.4666666666666667,0.7777777777777778,3,3,5,1,baseline_lap_var,0.07878505811095238,>=,proxy_or_output_feature,0.75
rule,20,31.276071141024225,0.9830667912960053,0.018050086304634227,-0.2612348899924104,0.0,-1.793350469773175,1.4852778838082745,0.3,0.5,15,5,0,0.4666666666666667,0.7777777777777778,3,3,5,1,lfv1_lap_var,0.0795824620872736,>=,proxy_or_output_feature,0.75
rule,20,31.276071141024225,0.9830667912960053,0.018050086304634227,-0.2612348899924104,0.0,-1.793350469773175,1.4852778838082745,0.3,0.5,15,5,0,0.4666666666666667,0.7777777777777778,3,3,5,1,residual_lap_var,0.08144131489098072,>=,proxy_or_output_feature,0.75
rule,20,31.27553272621018,0.9831009596586228,0.01751167149057977,-0.2617733048064649,0.0,-0.3988197647096485,0.34269366220807096,0.25,0.5,7,13,0,0.42857142857142855,0.3333333333333333,1,2,2,0,residual_delta_e_p95,5.004644346237183,<=,gt_aware_diagnostic,0.35
rule,20,31.275322379250348,0.9832117050886154,0.017301324530761875,-0.26198365176628274,0.0,-0.35541468087259925,0.2988711131612466,0.3,0.55,6,14,0,0.5,0.3333333333333333,2,1,2,0,lfv1_luma_bias,-1.6576051712035423e-05,>=,gt_aware_diagnostic,0.3
rule,20,31.274585832961236,0.9829944193363189,0.016564778241638045,-0.2627201980554066,0.0,-1.0130053282942584,1.2033953165351896,0.3,0.5,11,9,0,0.45454545454545453,0.5555555555555556,2,2,4,0,residual_lfv1_luma_std_delta_abs,0.0019145853817462918,<=,proxy_or_output_feature,0.55
rule,20,31.27378496523818,0.9831696689128876,0.01576391051858863,-0.263521065778456,0.0,-0.3988197647096485,0.024474973922054836,0.2,0.45,6,14,0,0.3333333333333333,0.2222222222222222,1,2,1,0,baseline_luma_abs_bias,0.003225812315940857,<=,gt_aware_diagnostic,0.3
rule,20,31.273411605512223,0.9826126128435135,0.015390550792633028,-0.2638944255044116,0.0,-0.008441442144205532,1.2033953165351896,0.45,0.65,6,14,0,0.6666666666666666,0.4444444444444444,0,1,3,0,image_id,682.1,>=,proxy_or_output_feature,0.3
rule,20,31.273320322237588,0.9832623571157455,0.015299267518003746,-0.2639857087790409,0.0,-1.0130053282942584,0.8297860276743787,0.25,0.5,9,11,0,0.4444444444444444,0.4444444444444444,2,2,3,0,baseline_saturation_bias,-0.0006223224103450768,<=,gt_aware_diagnostic,0.45
rule,20,31.273015109691677,0.9830409020185471,0.014994054972083504,-0.2642909213249611,0.0,-0.3988197647096485,0.024474973922054836,0.15,0.4,7,13,0,0.2857142857142857,0.2222222222222222,1,2,0,1,baseline_mae,0.013742266269400717,<=,gt_aware_diagnostic,0.35
rule,20,31.273015109691677,0.9830409020185471,0.014994054972083504,-0.2642909213249611,0.0,-0.3988197647096485,0.024474973922054836,0.15,0.4,7,13,0,0.2857142857142857,0.2222222222222222,1,2,0,1,baseline_rmse,0.01912972228601575,<=,gt_aware_diagnostic,0.35
rule,20,31.27258666913359,0.9821614146232605,0.014565614413999483,-0.2647193618830451,0.0,-0.34180490397563534,1.2176118705098782,0.45,0.65,8,12,0,0.625,0.5555555555555556,0,2,3,1,lfv1_from_baseline_luma_residual_cosine,0.1714165687561035,<=,gt_aware_diagnostic,0.4
rule,20,31.272362407003946,0.9830623418092728,0.014341352284352026,-0.2649436240126926,0.0,-0.109111030824284,0.05540160898947598,0.3,0.45,6,14,0,0.3333333333333333,0.2222222222222222,1,1,2,0,residual_dark_channel_abs_bias,0.004593393206596375,<=,gt_aware_diagnostic,0.3
rule,20,31.271831875906365,0.9832378685474396,0.013810821186776678,-0.26547415511026795,0.0,-0.35541468087259925,0.2988711131612466,0.25,0.5,7,13,0,0.42857142857142855,0.3333333333333333,2,1,2,0,lfv1_luma_bias,-0.0010830655694007878,>=,gt_aware_diagnostic,0.35
rule,20,31.271696290271183,0.9829537749290467,0.013675235551593978,-0.26560974074545063,0.0,-0.17791036516524786,0.8440025816490673,0.35,0.6,5,15,0,0.6,0.3333333333333333,1,1,2,1,lfv1_highfreq_abs_error,0.001039811410009861,>=,gt_aware_diagnostic,0.25
rule,20,31.27131200513808,0.9830522477626801,0.01329095041847701,-0.26599402587856763,0.0,-0.3988197647096485,0.34269366220807096,0.25,0.45,8,12,0,0.375,0.3333333333333333,1,2,2,0,lfv1_delta_e_p95,6.118674278259277,<=,gt_aware_diagnostic,0.4
rule,20,31.27131200513808,0.9830522477626801,0.01329095041847701,-0.26599402587856763,0.0,-0.3988197647096485,0.34269366220807096,0.25,0.45,8,12,0,0.375,0.3333333333333333,1,2,2,0,residual_delta_e_p95,5.176869678497314,<=,gt_aware_diagnostic,0.4
rule,20,31.271216537370634,0.9828896135091781,0.013195482651048529,-0.2660894936459961,0.0,-0.17791036516524786,0.5772108287680324,0.3,0.6,5,15,0,0.6,0.3333333333333333,2,0,2,1,baseline_highfreq_abs_error,0.0015734746120870113,>=,gt_aware_diagnostic,0.25
rule,20,31.270608872501974,0.9829054951667786,0.012587817782386245,-0.26669715851465836,0.0,0.0,0.0,0.3,0.55,2,18,0,0.5,0.1111111111111111,0,0,1,0,lfv1_highfreq_abs_error,0.00012508593499660492,<=,gt_aware_diagnostic,0.1
rule,20,31.270529996623303,0.9823388576507568,0.01250894190371774,-0.26677603439332687,0.0,-1.0973528920316071,1.2033953165351896,0.4,0.6,7,13,0,0.5714285714285714,0.4444444444444444,1,2,3,1,baseline_luma_std,0.25533527284860613,<=,proxy_or_output_feature,0.35
rule,20,31.270529996623303,0.9823388576507568,0.01250894190371774,-0.26677603439332687,0.0,-1.0973528920316071,1.2033953165351896,0.4,0.6,7,13,0,0.5714285714285714,0.4444444444444444,1,2,3,1,lfv1_luma_std,0.2584149330854416,<=,proxy_or_output_feature,0.35
rule,20,31.270529996623303,0.9823388576507568,0.01250894190371774,-0.26677603439332687,0.0,-1.0973528920316071,1.2033953165351896,0.4,0.6,7,13,0,0.5714285714285714,0.4444444444444444,1,2,3,1,residual_luma_std,0.2583635039627552,<=,proxy_or_output_feature,0.35
rule,20,31.2705222398561,0.9831236660480499,0.012501185136507154,-0.26678379116053746,0.0,-1.14819694110262,0.9629259566146658,0.2,0.4,11,9,0,0.36363636363636365,0.4444444444444444,3,2,3,1,baseline_lap_var,0.12999764308333397,>=,proxy_or_output_feature,0.55
rule,20,31.2705222398561,0.9831236660480499,0.012501185136507154,-0.26678379116053746,0.0,-1.14819694110262,0.9629259566146658,0.2,0.4,11,9,0,0.36363636363636365,0.4444444444444444,3,2,3,1,lfv1_lap_var,0.12767410166561605,>=,proxy_or_output_feature,0.55
rule,20,31.2705222398561,0.9831236660480499,0.012501185136507154,-0.26678379116053746,0.0,-1.14819694110262,0.9629259566146658,0.2,0.4,11,9,0,0.36363636363636365,0.4444444444444444,3,2,3,1,residual_lap_var,0.12869308143854144,>=,proxy_or_output_feature,0.55
rule,20,31.269564244166077,0.9831209570169449,0.011543189446485868,-0.26774178685055877,0.0,-0.3988197647096485,0.024474973922054836,0.2,0.4,7,13,0,0.2857142857142857,0.2222222222222222,1,2,1,0,baseline_luma_abs_bias,0.003771360218524933,<=,gt_aware_diagnostic,0.35
rule,20,31.269519314532978,0.9831728875637055,0.01149825981338921,-0.26778671648365543,0.0,-1.0130053282942584,0.6210333778148569,0.25,0.45,10,10,0,0.4,0.4444444444444444,2,2,3,0,residual_dark_channel_abs_bias,0.01578235626220703,<=,gt_aware_diagnostic,0.5
rule,20,31.26937446215129,0.9824930459260941,0.011353407431694506,-0.26793156886535013,0.0,-1.8670252111650147,1.4852778838082745,0.45,0.6,17,3,0,0.5294117647058824,1.0,2,4,7,1,baseline_lap_var_ratio_gt,1.0878969132900238,<=,gt_aware_diagnostic,0.85
rule,20,31.26937446215129,0.9824930459260941,0.011353407431694506,-0.26793156886535013,0.0,-1.8670252111650147,1.4852778838082745,0.45,0.6,17,3,0,0.5294117647058824,1.0,2,4,7,1,residual_lap_var_ratio_gt,1.0885254442691803,<=,gt_aware_diagnostic,0.85
rule,20,31.26894185268851,0.982958373427391,0.010920797968919515,-0.2683641783281251,0.0,0.0,0.0,0.35,0.55,2,18,0,0.5,0.1111111111111111,0,1,1,0,lfv1_from_baseline_residual_norm_ratio,0.9309988878260236,>=,gt_aware_diagnostic,0.1
rule,20,31.268733120083617,0.9830460250377655,0.010712065364032242,-0.2685729109330124,0.0,0.0,0.0,0.3,0.55,2,18,0,0.5,0.1111111111111111,1,0,1,0,baseline_mae,0.04301054887473586,>=,gt_aware_diagnostic,0.1
rule,20,31.268733120083617,0.9830460250377655,0.010712065364032242,-0.2685729109330124,0.0,0.0,0.0,0.3,0.55,2,18,0,0.5,0.1111111111111111,1,0,1,0,baseline_rmse,0.0687755532562733,>=,gt_aware_diagnostic,0.1
rule,20,31.268733120083617,0.9830460250377655,0.010712065364032242,-0.2685729109330124,0.0,0.0,0.0,0.3,0.55,2,18,0,0.5,0.1111111111111111,1,0,1,0,baseline_delta_e_mean,4.852887582778936,>=,gt_aware_diagnostic,0.1
rule,20,31.268733120083617,0.9830460250377655,0.010712065364032242,-0.2685729109330124,0.0,0.0,0.0,0.3,0.55,2,18,0,0.5,0.1111111111111111,1,0,1,0,baseline_luma_bias,0.009806329011917195,>=,gt_aware_diagnostic,0.1
rule,20,31.268733120083617,0.9830460250377655,0.010712065364032242,-0.2685729109330124,0.0,0.0,0.0,0.3,0.55,2,18,0,0.5,0.1111111111111111,1,0,1,0,baseline_luma_abs_bias,0.04008761048316959,>=,gt_aware_diagnostic,0.1
rule,20,31.268733120083617,0.9830460250377655,0.010712065364032242,-0.2685729109330124,0.0,0.0,0.0,0.3,0.55,2,18,0,0.5,0.1111111111111111,1,0,1,0,baseline_saturation_bias,-0.012167277932167056,<=,gt_aware_diagnostic,0.1
rule,20,31.268733120083617,0.9830460250377655,0.010712065364032242,-0.2685729109330124,0.0,0.0,0.0,0.3,0.55,2,18,0,0.5,0.1111111111111111,1,0,1,0,baseline_saturation_abs_bias,0.018693394213914912,>=,gt_aware_diagnostic,0.1
rule,20,31.268733120083617,0.9830460250377655,0.010712065364032242,-0.2685729109330124,0.0,0.0,0.0,0.3,0.55,2,18,0,0.5,0.1111111111111111,1,0,1,0,baseline_dark_channel_abs_bias,0.04631348848342903,>=,gt_aware_diagnostic,0.1
rule,20,31.268733120083617,0.9830460250377655,0.010712065364032242,-0.2685729109330124,0.0,0.0,0.0,0.3,0.55,2,18,0,0.5,0.1111111111111111,1,0,1,0,lfv1_mae,0.04696533642709257,>=,gt_aware_diagnostic,0.1
rule,20,31.268733120083617,0.9830460250377655,0.010712065364032242,-0.2685729109330124,0.0,0.0,0.0,0.3,0.55,2,18,0,0.5,0.1111111111111111,1,0,1,0,lfv1_rmse,0.07162448316812517,>=,gt_aware_diagnostic,0.1
rule,20,31.268733120083617,0.9830460250377655,0.010712065364032242,-0.2685729109330124,0.0,0.0,0.0,0.3,0.55,2,18,0,0.5,0.1111111111111111,1,0,1,0,lfv1_delta_e_mean,5.154077291488653,>=,gt_aware_diagnostic,0.1
rule,20,31.268733120083617,0.9830460250377655,0.010712065364032242,-0.2685729109330124,0.0,0.0,0.0,0.3,0.55,2,18,0,0.5,0.1111111111111111,1,0,1,0,lfv1_luma_bias,0.010960343480110244,>=,gt_aware_diagnostic,0.1
rule,20,31.268733120083617,0.9830460250377655,0.010712065364032242,-0.2685729109330124,0.0,0.0,0.0,0.3,0.55,2,18,0,0.5,0.1111111111111111,1,0,1,0,lfv1_luma_abs_bias,0.04565587043762209,>=,gt_aware_diagnostic,0.1
rule,20,31.268733120083617,0.9830460250377655,0.010712065364032242,-0.2685729109330124,0.0,0.0,0.0,0.3,0.55,2,18,0,0.5,0.1111111111111111,1,0,1,0,lfv1_saturation_bias,-0.021731171011924746,<=,gt_aware_diagnostic,0.1
rule,20,31.268733120083617,0.9830460250377655,0.010712065364032242,-0.2685729109330124,0.0,0.0,0.0,0.3,0.55,2,18,0,0.5,0.1111111111111111,1,0,1,0,lfv1_saturation_abs_bias,0.027890890836715743,>=,gt_aware_diagnostic,0.1
rule,20,31.268733120083617,0.9830460250377655,0.010712065364032242,-0.2685729109330124,0.0,0.0,0.0,0.3,0.55,2,18,0,0.5,0.1111111111111111,1,0,1,0,lfv1_dark_channel_abs_bias,0.04890227019786841,>=,gt_aware_diagnostic,0.1
rule,20,31.268733120083617,0.9830460250377655,0.010712065364032242,-0.2685729109330124,0.0,0.0,0.0,0.3,0.55,2,18,0,0.5,0.1111111111111111,1,0,1,0,residual_delta_e_mean,5.876778364181521,>=,gt_aware_diagnostic,0.1
rule,20,31.268733120083617,0.9830460250377655,0.010712065364032242,-0.2685729109330124,0.0,0.0,0.0,0.3,0.55,2,18,0,0.5,0.1111111111111111,1,0,1,0,residual_luma_bias,0.008746057748794623,>=,gt_aware_diagnostic,0.1
rule,20,31.268733120083617,0.9830460250377655,0.010712065364032242,-0.2685729109330124,0.0,0.0,0.0,0.3,0.55,2,18,0,0.5,0.1111111111111111,1,0,1,0,residual_luma_abs_bias,0.04177118539810182,>=,gt_aware_diagnostic,0.1
rule,20,31.268733120083617,0.9830460250377655,0.010712065364032242,-0.2685729109330124,0.0,0.0,0.0,0.3,0.55,2,18,0,0.5,0.1111111111111111,1,0,1,0,residual_saturation_bias,-0.014339730143547062,<=,gt_aware_diagnostic,0.1
rule,20,31.268733120083617,0.9830460250377655,0.010712065364032242,-0.2685729109330124,0.0,0.0,0.0,0.3,0.55,2,18,0,0.5,0.1111111111111111,1,0,1,0,residual_saturation_abs_bias,0.020387373864650782,>=,gt_aware_diagnostic,0.1
rule,20,31.268733120083617,0.9830460250377655,0.010712065364032242,-0.2685729109330124,0.0,0.0,0.0,0.3,0.55,2,18,0,0.5,0.1111111111111111,1,0,1,0,residual_dark_channel_abs_bias,0.047221243381500314,>=,gt_aware_diagnostic,0.1
rule,20,31.268733120083617,0.9830460250377655,0.010712065364032242,-0.2685729109330124,0.0,0.0,0.0,0.3,0.55,2,18,0,0.5,0.1111111111111111,1,0,1,0,rescalib_from_baseline_residual_norm_ratio,0.2286336199797238,<=,gt_aware_diagnostic,0.1
rule,20,31.268733120083617,0.9830460250377655,0.010712065364032242,-0.2685729109330124,0.0,0.0,0.0,0.3,0.55,2,18,0,0.5,0.1111111111111111,1,0,1,0,rescalib_from_baseline_lf_mse_delta,-0.0004237865912728012,<=,gt_aware_diagnostic,0.1
rule,20,31.268733120083617,0.9830460250377655,0.010712065364032242,-0.2685729109330124,0.0,0.0,0.0,0.3,0.55,2,18,0,0.5,0.1111111111111111,1,0,1,0,rescalib_from_lfv1_residual_norm_ratio,0.25651704776865697,<=,gt_aware_diagnostic,0.1
rule,20,31.267860129230975,0.9828744977712631,0.009839074511382861,-0.26944590178566175,0.0,-1.793350469773175,1.4852778838082745,0.3,0.55,16,4,0,0.5,0.8888888888888888,4,2,6,1,residual_lfv1_luma_mean_delta,-0.008562541007995606,>=,proxy_or_output_feature,0.8
rule,20,31.267860129230975,0.9828744977712631,0.009839074511382861,-0.26944590178566175,0.0,-1.793350469773175,1.4852778838082745,0.3,0.55,16,4,0,0.5,0.8888888888888888,4,2,6,1,residual_lfv1_luma_mean_delta_abs,0.008562541007995606,<=,proxy_or_output_feature,0.8
rule,20,31.267860129230975,0.9828744977712631,0.009839074511382861,-0.26944590178566175,0.0,-1.793350469773175,1.4852778838082745,0.3,0.55,16,4,0,0.5,0.8888888888888888,4,2,6,1,residual_lfv1_dark_channel_mean_delta,-0.010645288228988647,>=,proxy_or_output_feature,0.8
rule,20,31.267684615959286,0.9821307718753814,0.009663561239688968,-0.26962141505735565,0.0,-1.995246574251296,1.4852778838082745,0.4,0.6,9,11,0,0.5555555555555556,0.5555555555555556,2,2,4,1,residual_lfv1_luma_std_delta,0.0008595287799835203,>=,proxy_or_output_feature,0.45
rule,20,31.2671724340209,0.9828663975000381,0.00915137930130836,-0.27013359699573625,0.0,-0.40605208328650527,1.2384055230704805,0.3,0.5,9,11,0,0.4444444444444444,0.4444444444444444,1,2,3,0,lfv1_delta_e_mean,2.3997005343437197,<=,gt_aware_diagnostic,0.45
rule,20,31.266913658915826,0.9827362030744553,0.008892604196236675,-0.27039237210080797,0.0,-1.793350469773175,1.4852778838082745,0.35,0.55,16,4,0,0.5,0.8888888888888888,3,3,6,1,residual_dark_channel_abs_bias,0.03577672839164734,<=,gt_aware_diagnostic,0.8
rule,20,31.26676803833663,0.9829130679368973,0.008746983617042048,-0.27053799268000256,0.0,0.0,0.0,0.25,0.55,2,18,0,0.5,0.1111111111111111,0,0,0,0,baseline_mae,0.006991884252056479,<=,gt_aware_diagnostic,0.1
rule,20,31.26676803833663,0.9829130679368973,0.008746983617042048,-0.27053799268000256,0.0,0.0,0.0,0.25,0.55,2,18,0,0.5,0.1111111111111111,0,0,0,0,baseline_rmse,0.010049035027623176,<=,gt_aware_diagnostic,0.1
rule,20,31.26676803833663,0.9829130679368973,0.008746983617042048,-0.27053799268000256,0.0,0.0,0.0,0.25,0.55,2,18,0,0.5,0.1111111111111111,0,0,0,0,baseline_delta_e_p95,2.628081893920898,<=,gt_aware_diagnostic,0.1
rule,20,31.26676803833663,0.9829130679368973,0.008746983617042048,-0.27053799268000256,0.0,0.0,0.0,0.25,0.55,2,18,0,0.5,0.1111111111111111,0,0,0,0,residual_saturation_abs_bias,0.0009714648127555846,<=,gt_aware_diagnostic,0.1
rule,20,31.26676803833663,0.9829130679368973,0.008746983617042048,-0.27053799268000256,0.0,0.0,0.0,0.25,0.55,2,18,0,0.5,0.1111111111111111,0,0,0,0,residual_lfv1_dark_channel_mean_delta_abs,0.0012207135558128356,<=,proxy_or_output_feature,0.1
rule,20,31.266100965880117,0.9823460429906845,0.008079911160523246,-0.2712050651365214,0.0,-0.10057730097174025,0.12010849106951398,0.35,0.55,4,16,0,0.5,0.2222222222222222,0,2,1,1,lfv1_from_baseline_lf_mse_delta,0.00012428444169927387,>=,gt_aware_diagnostic,0.2
rule,20,31.26603782060851,0.9828381925821305,0.008016765888924481,-0.27126821040812016,0.0,0.0,0.0,0.3,0.55,2,18,0,0.5,0.1111111111111111,0,0,0,0,residual_lfv1_luma_mean_delta_abs,0.00016769468784332277,<=,proxy_or_output_feature,0.1
rule,20,31.265451349344527,0.9829845368862152,0.007430294624934319,-0.2718546816721103,0.0,-0.006981006687970399,0.0,0.3,0.5,3,17,0,0.3333333333333333,0.1111111111111111,0,1,1,0,lfv1_from_baseline_residual_norm_ratio,0.8977986901744706,>=,gt_aware_diagnostic,0.15
rule,20,31.265394839623298,0.9826531708240509,0.007373784903708547,-0.2719111913933361,0.0,0.0,1.2033953165351896,0.45,0.65,4,16,0,0.75,0.3333333333333333,0,1,3,0,image_id,782.0,>=,proxy_or_output_feature,0.2
rule,20,31.265121992266653,0.9824052721261978,0.007100937547066799,-0.2721840387499778,0.0,0.0,0.024474973922054836,0.35,0.6,3,17,0,0.6666666666666666,0.2222222222222222,0,1,1,0,residual_lfv1_lap_var_delta_abs,0.0006063297390937805,<=,proxy_or_output_feature,0.15
rule,20,31.26503798162114,0.9831353515386582,0.007016926901546583,-0.27226804939549804,0.0,-0.3988197647096485,0.0,0.25,0.45,4,16,0,0.25,0.1111111111111111,1,2,1,0,baseline_luma_abs_bias,0.0024638772010803223,<=,gt_aware_diagnostic,0.2
rule,20,31.2645392059789,0.9826443582773209,0.006518151259303551,-0.2727668250377411,0.0,-0.4903996470238541,1.2176118705098782,0.3,0.5,7,13,0,0.42857142857142855,0.3333333333333333,2,1,2,1,baseline_saturation_bias,0.005989863909780978,>=,gt_aware_diagnostic,0.35
rule,20,31.263923659476653,0.9821974456310272,0.005902604757062946,-0.2733823715399817,0.0,-1.995246574251296,1.4852778838082745,0.55,0.65,12,8,0,0.5833333333333334,0.7777777777777778,1,3,6,1,airlight,0.8,>=,proxy_or_output_feature,0.6
rule,20,31.263505919883766,0.9829014241695404,0.00548486516417146,-0.27380011113287317,0.0,-0.6223595737608154,0.3569102161827596,0.15,0.4,9,11,0,0.3333333333333333,0.3333333333333333,3,1,2,0,residual_lfv1_dark_channel_mean_delta_abs,0.0052391901612281805,<=,proxy_or_output_feature,0.45
rule,20,31.262951380003095,0.9823740750551224,0.004930325283501347,-0.2743546510135433,0.0,-1.793350469773175,1.2176118705098782,0.45,0.7,11,9,0,0.6363636363636364,0.7777777777777778,3,1,6,0,rescalib_from_lfv1_residual_norm_ratio,0.604087653170456,<=,gt_aware_diagnostic,0.55
rule,20,31.262946491421495,0.9822471827268601,0.004925436701902264,-0.27435953959514237,0.0,-1.995246574251296,1.4852778838082745,0.3,0.5,15,5,0,0.4666666666666667,0.7777777777777778,3,3,5,1,residual_lfv1_luma_std_delta,-0.00033830851316452026,>=,proxy_or_output_feature,0.75
rule,20,31.262547317264527,0.9828643560409546,0.004526262544939286,-0.27475871375210537,0.0,-0.006981006687970399,0.0,0.25,0.5,3,17,0,0.3333333333333333,0.1111111111111111,0,0,0,0,residual_lfv1_luma_mean_delta_abs,0.0007616832852363587,<=,proxy_or_output_feature,0.15
rule,20,31.262547317264527,0.9828643560409546,0.004526262544939286,-0.27475871375210537,0.0,-0.006981006687970399,0.0,0.25,0.5,3,17,0,0.3333333333333333,0.1111111111111111,0,0,0,0,residual_lfv1_dark_channel_mean_delta_abs,0.0016110159456729888,<=,proxy_or_output_feature,0.15
rule,20,31.262432707226093,0.9828576266765594,0.004411652506505348,-0.2748733237905393,0.0,-1.793350469773175,1.4852778838082745,0.3,0.5,15,5,0,0.4666666666666667,0.7777777777777778,3,3,5,1,residual_luma_std_delta,0.0026598982512950897,<=,gt_aware_diagnostic,0.75
rule,20,31.261778339620957,0.9828145891427994,0.0037572849013649545,-0.2755276913956797,0.0,-1.14819694110262,1.2384055230704805,0.25,0.5,11,9,0,0.45454545454545453,0.5555555555555556,2,2,3,1,baseline_edge_mean,0.19633824601769448,>=,proxy_or_output_feature,0.55
rule,20,31.26163148892267,0.982431435585022,0.003610434203081603,-0.275674542093963,0.0,-0.006981006687970399,0.024474973922054836,0.3,0.55,4,16,0,0.5,0.2222222222222222,0,1,1,0,lfv1_saturation_abs_bias,0.0028918437659740445,<=,gt_aware_diagnostic,0.2
rule,20,31.26154747827716,0.9831615149974823,0.0035264235575613867,-0.27575855273948324,0.0,-0.3988197647096485,0.0,0.2,0.4,5,15,0,0.2,0.1111111111111111,1,2,1,0,baseline_luma_abs_bias,0.003006257116794586,<=,gt_aware_diagnostic,0.25
rule,20,31.261547403153486,0.9829028964042663,0.0035263484338974747,-0.27575862786314714,0.0,-1.793350469773175,1.4852778838082745,0.3,0.5,17,3,0,0.47058823529411764,0.8888888888888888,4,3,6,1,baseline_saturation_mean,0.11195220053195955,>=,proxy_or_output_feature,0.85
rule,20,31.261547403153486,0.9829028964042663,0.0035263484338974747,-0.27575862786314714,0.0,-1.793350469773175,1.4852778838082745,0.3,0.5,17,3,0,0.47058823529411764,0.8888888888888888,4,3,6,1,lfv1_saturation_mean,0.10539468787610531,>=,proxy_or_output_feature,0.85
rule,20,31.261547403153486,0.9829028964042663,0.0035263484338974747,-0.27575862786314714,0.0,-1.793350469773175,1.4852778838082745,0.3,0.5,17,3,0,0.47058823529411764,0.8888888888888888,4,3,6,1,residual_saturation_mean,0.10883006826043129,>=,proxy_or_output_feature,0.85
rule,20,31.261174118551196,0.9826044589281082,0.0031530638316057845,-0.27613191246543883,0.0,-0.008441442144205532,1.2033953165351896,0.45,0.6,5,15,0,0.6,0.3333333333333333,0,1,3,0,image_id,727.0,>=,proxy_or_output_feature,0.25
rule,20,31.261024318214346,0.9824461549520492,0.003003263494748154,-0.27628171280229646,0.0,-1.793350469773175,1.2384055230704805,0.4,0.6,11,9,0,0.5454545454545454,0.6666666666666666,3,2,5,1,lfv1_luma_std,0.2710172712802887,<=,proxy_or_output_feature,0.55
rule,20,31.259788339864834,0.9825128108263016,0.0017672851452317673,-0.27751769115181285,0.0,-0.780381878890004,1.2176118705098782,0.4,0.55,12,8,0,0.5,0.6666666666666666,2,2,5,0,residual_lfv1_lap_var_delta_abs,0.0019296899437904356,<=,proxy_or_output_feature,0.6
rule,20,31.259353060369875,0.9823332995176315,0.001332005650277246,-0.2779529706467674,0.0,-0.780381878890004,1.2176118705098782,0.4,0.65,10,10,0,0.6,0.6666666666666666,2,2,4,1,residual_luma_std_delta,0.0005327165126800537,>=,gt_aware_diagnostic,0.5
rule,20,31.258114149169366,0.9824347078800202,9.309444977940728e-05,-0.27919188184726523,0.0,-1.0831060739109093,1.2033953165351896,0.45,0.6,11,9,0,0.5454545454545454,0.6666666666666666,2,2,5,0,beta,1.3465,>=,proxy_or_output_feature,0.55
rule,20,31.2580936330712,0.9824590086936951,7.25783516045908e-05,-0.27921239794544006,0.0,-1.171027633423447,1.2033953165351896,0.5,0.65,8,12,0,0.625,0.5555555555555556,0,3,4,1,residual_lfv1_saturation_mean_delta_abs,0.005454325675964356,>=,proxy_or_output_feature,0.4
rule,20,31.257965898763803,0.9822977006435394,-5.515595579232979e-05,-0.27934013225283694,0.0,-1.995246574251296,1.4852778838082745,0.45,0.7,13,7,0,0.6153846153846154,0.8888888888888888,3,2,6,1,rescalib_from_baseline_residual_norm_ratio,0.7902841906586766,<=,gt_aware_diagnostic,0.65
rule,20,31.25750365125391,0.9830438733100891,-0.000517403465683941,-0.2798023797627286,0.0,-0.0959671117181678,0.024474973922054836,0.2,0.5,5,15,0,0.4,0.2222222222222222,1,1,1,0,lfv1_rmse,0.018546320497989655,<=,gt_aware_diagnostic,0.25
rule,20,31.25750365125391,0.9830438733100891,-0.000517403465683941,-0.2798023797627286,0.0,-0.0959671117181678,0.024474973922054836,0.2,0.5,5,15,0,0.4,0.2222222222222222,1,1,1,0,lfv1_delta_e_p95,4.857344031333923,<=,gt_aware_diagnostic,0.25
rule,20,31.25750365125391,0.9830438733100891,-0.000517403465683941,-0.2798023797627286,0.0,-0.0959671117181678,0.024474973922054836,0.2,0.5,5,15,0,0.4,0.2222222222222222,1,1,1,0,residual_rmse,0.018075207248330116,<=,gt_aware_diagnostic,0.25
rule,20,31.25750365125391,0.9830438733100891,-0.000517403465683941,-0.2798023797627286,0.0,-0.0959671117181678,0.024474973922054836,0.2,0.5,5,15,0,0.4,0.2222222222222222,1,1,1,0,residual_delta_e_p95,4.647753834724426,<=,gt_aware_diagnostic,0.25
rule,20,31.257283644285934,0.9823182612657547,-0.0007374104336523857,-0.280022386730697,0.0,-0.2658319246777856,0.9629259566146658,0.45,0.65,6,14,0,0.6666666666666666,0.4444444444444444,0,2,3,1,airlight,0.86,>=,proxy_or_output_feature,0.3
rule,20,31.257050575009156,0.9828462660312652,-0.0009704797104353347,-0.28025545600748,0.0,-0.05717221713469099,0.36800612813744205,0.35,0.6,5,15,0,0.6,0.3333333333333333,2,0,3,0,baseline_dark_channel_abs_bias,0.02376473695039749,>=,gt_aware_diagnostic,0.25
rule,20,31.256742844246872,0.9826118230819703,-0.00127821047272203,-0.28056318676976666,0.0,-0.7067071374981642,1.2176118705098782,0.3,0.55,6,14,0,0.5,0.3333333333333333,2,1,2,1,lfv1_lap_var_ratio_gt,1.0390106797218324,>=,gt_aware_diagnostic,0.3
rule,20,31.256742844246872,0.9826118230819703,-0.00127821047272203,-0.28056318676976666,0.0,-0.7067071374981642,1.2176118705098782,0.3,0.55,6,14,0,0.5,0.3333333333333333,2,1,2,1,residual_lap_var_ratio_gt,1.0313994646072389,>=,gt_aware_diagnostic,0.3
rule,20,31.25650834800722,0.9821608334779739,-0.0015127067123719585,-0.2807976830094166,0.0,-0.34180490397563534,1.2176118705098782,0.4,0.6,7,13,0,0.5714285714285714,0.4444444444444444,0,2,2,1,lfv1_from_baseline_residual_cosine,0.07969530113041401,<=,gt_aware_diagnostic,0.35
rule,20,31.25650834800722,0.9821608334779739,-0.0015127067123719585,-0.2807976830094166,0.0,-0.34180490397563534,1.2176118705098782,0.4,0.6,7,13,0,0.5714285714285714,0.4444444444444444,0,2,2,1,lfv1_from_baseline_luma_residual_cosine,0.10982806459069254,<=,gt_aware_diagnostic,0.35
rule,20,31.2564734947996,0.9824093014001847,-0.0015475599199865186,-0.28083253621703114,0.0,-1.2361185006151576,1.2384055230704805,0.4,0.65,14,6,0,0.5714285714285714,0.8888888888888888,2,3,6,1,lfv1_luma_std_delta,-0.003148519992828369,>=,gt_aware_diagnostic,0.7
rule,20,31.256335370831227,0.9823170632123948,-0.00168568388836281,-0.28097066018540745,0.0,0.0,0.0,0.3,0.55,2,18,0,0.5,0.1111111111111111,0,1,0,1,lfv1_from_baseline_lf_mse_delta,0.00017824834503699116,>=,gt_aware_diagnostic,0.1
rule,20,31.255468695311958,0.9829427182674408,-0.002552359407633631,-0.2818373357046783,0.0,-1.2427180953170196,1.4852778838082745,0.35,0.55,14,6,0,0.5,0.7777777777777778,2,3,5,1,residual_lfv1_edge_mean_delta,0.0016886524856090548,<=,proxy_or_output_feature,0.7
rule,20,31.255468695311958,0.9829427182674408,-0.002552359407633631,-0.2818373357046783,0.0,-1.2427180953170196,1.4852778838082745,0.35,0.55,14,6,0,0.5,0.7777777777777778,2,3,5,1,residual_lfv1_highfreq_abs_mean_delta,0.00026970095932483674,<=,proxy_or_output_feature,0.7
rule,20,31.255390444337355,0.9831136196851731,-0.0026306103822351544,-0.2819155866792798,0.0,-1.0130053282942584,0.5772108287680324,0.25,0.45,8,12,0,0.375,0.3333333333333333,1,2,2,1,baseline_lap_var,0.14892266690731049,>=,proxy_or_output_feature,0.4
rule,20,31.255390444337355,0.9831136196851731,-0.0026306103822351544,-0.2819155866792798,0.0,-1.0130053282942584,0.5772108287680324,0.25,0.45,8,12,0,0.375,0.3333333333333333,1,2,2,1,lfv1_lap_var,0.14863351881504058,>=,proxy_or_output_feature,0.4
rule,20,31.25474048093838,0.9831320285797119,-0.0032805737812070745,-0.2825655500782517,0.0,-1.14819694110262,0.8297860276743787,0.25,0.55,12,8,0,0.5,0.6666666666666666,4,1,5,0,lfv1_from_baseline_lf_mse_delta,5.5901154701132335e-05,<=,gt_aware_diagnostic,0.6
rule,20,31.254224820273766,0.9824375927448272,-0.0037962344458268406,-0.28308121074287146,0.0,-0.6924603193774662,0.8274756218343117,0.35,0.6,7,13,0,0.5714285714285714,0.4444444444444444,2,1,3,1,lfv1_delta_e_mean,2.9123059630393984,>=,gt_aware_diagnostic,0.35
rule,20,31.25416475856766,0.9822858661413193,-0.0038562961519282624,-0.2831412724489729,0.0,-1.793350469773175,1.2176118705098782,0.4,0.65,10,10,0,0.6,0.6666666666666666,3,1,5,1,rescalib_from_baseline_residual_norm_ratio,0.5797946620067436,<=,gt_aware_diagnostic,0.5
rule,20,31.25405286326934,0.9828413009643555,-0.003968191450252334,-0.283253167747297,0.0,-1.793350469773175,1.3573288980360791,0.25,0.45,14,6,0,0.42857142857142855,0.6666666666666666,4,2,5,1,baseline_luma_mean,0.533699905872345,<=,proxy_or_output_feature,0.7
rule,20,31.25405286326934,0.9828413009643555,-0.003968191450252334,-0.283253167747297,0.0,-1.793350469773175,1.3573288980360791,0.25,0.45,14,6,0,0.42857142857142855,0.6666666666666666,4,2,5,1,lfv1_luma_mean,0.5379141211509705,<=,proxy_or_output_feature,0.7
rule,20,31.25405286326934,0.9828413009643555,-0.003968191450252334,-0.283253167747297,0.0,-1.793350469773175,1.3573288980360791,0.25,0.45,14,6,0,0.42857142857142855,0.6666666666666666,4,2,5,1,residual_luma_mean,0.5329062581062317,<=,proxy_or_output_feature,0.7
rule,20,31.25403984673876,0.9829833984375,-0.0039812079808308806,-0.28326618427787553,0.0,-0.006981006687970399,0.0,0.25,0.5,3,17,0,0.3333333333333333,0.1111111111111111,1,0,1,0,lfv1_highfreq_abs_error,0.00020539779216051103,<=,gt_aware_diagnostic,0.15
rule,20,31.25396097086009,0.9824167609214782,-0.004060083859499386,-0.28334506015654404,0.0,-1.0973528920316071,1.2033953165351896,0.35,0.55,8,12,0,0.5,0.4444444444444444,2,2,3,1,lfv1_luma_std,0.26456535458564756,<=,proxy_or_output_feature,0.4
rule,20,31.2537451776917,0.9822489887475967,-0.004275877027895092,-0.28356085332493974,0.0,-1.995246574251296,1.4852778838082745,0.45,0.65,14,6,0,0.5714285714285714,0.8888888888888888,3,2,6,1,rescalib_from_baseline_residual_norm_ratio,0.8248250605560301,<=,gt_aware_diagnostic,0.7
rule,20,31.2537451776917,0.9822489887475967,-0.004275877027895092,-0.28356085332493974,0.0,-1.995246574251296,1.4852778838082745,0.45,0.65,14,6,0,0.5714285714285714,0.8888888888888888,3,2,6,1,rescalib_from_lfv1_residual_norm_ratio,0.6432102535703363,<=,gt_aware_diagnostic,0.7
rule,20,31.253689515917397,0.9829648077487946,-0.0043315388021898825,-0.2836165150992345,0.0,0.0,0.0,0.25,0.55,2,18,0,0.5,0.1111111111111111,1,0,0,0,baseline_delta_e_mean,1.0743829131126403,<=,gt_aware_diagnostic,0.1
rule,20,31.253282930181808,0.9829951614141464,-0.004738124537786703,-0.28402310083483134,0.0,-0.109111030824284,0.024474973922054836,0.2,0.45,6,14,0,0.3333333333333333,0.2222222222222222,1,1,1,0,baseline_delta_e_mean,1.9080016136169433,<=,gt_aware_diagnostic,0.3
rule,20,31.253282930181808,0.9829951614141464,-0.004738124537786703,-0.28402310083483134,0.0,-0.109111030824284,0.024474973922054836,0.2,0.45,6,14,0,0.3333333333333333,0.2222222222222222,1,1,1,0,lfv1_mae,0.014726256672292949,<=,gt_aware_diagnostic,0.3
rule,20,31.253282930181808,0.9829951614141464,-0.004738124537786703,-0.28402310083483134,0.0,-0.109111030824284,0.024474973922054836,0.2,0.45,6,14,0,0.3333333333333333,0.2222222222222222,1,1,1,0,lfv1_rmse,0.019846364110708236,<=,gt_aware_diagnostic,0.3
rule,20,31.253282930181808,0.9829951614141464,-0.004738124537786703,-0.28402310083483134,0.0,-0.109111030824284,0.024474973922054836,0.2,0.45,6,14,0,0.3333333333333333,0.2222222222222222,1,1,1,0,lfv1_delta_e_mean,1.9918697953224183,<=,gt_aware_diagnostic,0.3
rule,20,31.253282930181808,0.9829951614141464,-0.004738124537786703,-0.28402310083483134,0.0,-0.109111030824284,0.024474973922054836,0.2,0.45,6,14,0,0.3333333333333333,0.2222222222222222,1,1,1,0,lfv1_delta_e_p95,5.2351601123809814,<=,gt_aware_diagnostic,0.3
rule,20,31.253282930181808,0.9829951614141464,-0.004738124537786703,-0.28402310083483134,0.0,-0.109111030824284,0.024474973922054836,0.2,0.45,6,14,0,0.3333333333333333,0.2222222222222222,1,1,1,0,residual_mae,0.013618423696607353,<=,gt_aware_diagnostic,0.3
rule,20,31.253282930181808,0.9829951614141464,-0.004738124537786703,-0.28402310083483134,0.0,-0.109111030824284,0.024474973922054836,0.2,0.45,6,14,0,0.3333333333333333,0.2222222222222222,1,1,1,0,residual_rmse,0.019147582724690436,<=,gt_aware_diagnostic,0.3
rule,20,31.253282930181808,0.9829951614141464,-0.004738124537786703,-0.28402310083483134,0.0,-0.109111030824284,0.024474973922054836,0.2,0.45,6,14,0,0.3333333333333333,0.2222222222222222,1,1,1,0,residual_delta_e_mean,1.7865145921707155,<=,gt_aware_diagnostic,0.3
rule,20,31.253282930181808,0.9829951614141464,-0.004738124537786703,-0.28402310083483134,0.0,-0.109111030824284,0.024474973922054836,0.2,0.45,6,14,0,0.3333333333333333,0.2222222222222222,1,1,1,0,residual_lfv1_luma_std_delta_abs,0.0009015500545501709,<=,proxy_or_output_feature,0.3
rule,20,31.253033050483264,0.9823424488306045,-0.004988004236328436,-0.2842729805333731,0.0,-1.995246574251296,1.4852778838082745,0.45,0.65,14,6,0,0.5714285714285714,0.8888888888888888,3,3,7,1,baseline_highfreq_abs_error,0.0003036811947822571,>=,gt_aware_diagnostic,0.7
rule,20,31.2522527737275,0.982360589504242,-0.005768280992089281,-0.2850532572891339,0.0,-1.2361185006151576,1.2384055230704805,0.4,0.6,15,5,0,0.5333333333333333,0.8888888888888888,2,3,6,1,lfv1_luma_std_delta,-0.003982722759246826,>=,gt_aware_diagnostic,0.75
rule,20,31.252065093769865,0.9827698916196823,-0.005955960949729011,-0.28524093724677363,0.0,-0.7067071374981642,0.8440025816490673,0.35,0.6,7,13,0,0.5714285714285714,0.4444444444444444,2,1,3,1,lfv1_dark_channel_abs_bias,0.023416759073734285,>=,gt_aware_diagnostic,0.35
rule,20,31.251956014867005,0.9824336498975754,-0.006065039852590104,-0.28535001614963473,0.0,-1.995246574251296,1.4852778838082745,0.35,0.5,17,3,0,0.47058823529411764,0.8888888888888888,3,4,6,1,residual_lfv1_luma_std_delta,-0.0017483018338680268,>=,proxy_or_output_feature,0.85
rule,20,31.251475107503712,0.9829121440649032,-0.006545947215879267,-0.2858309235129239,0.0,-0.40605208328650527,0.27567637428796604,0.2,0.45,8,12,0,0.375,0.3333333333333333,2,1,2,0,residual_lfv1_luma_mean_delta_abs,0.0030893445014953612,<=,proxy_or_output_feature,0.4
rule,20,31.250835337789454,0.9827356219291687,-0.007185716930134767,-0.2864706932271794,0.0,-1.793350469773175,1.4852778838082745,0.3,0.5,15,5,0,0.4666666666666667,0.7777777777777778,3,3,5,1,residual_delta_e_p95,9.475680112838745,<=,gt_aware_diagnostic,0.75
rule,20,31.250835337789454,0.9827356219291687,-0.007185716930134767,-0.2864706932271794,0.0,-1.793350469773175,1.4852778838082745,0.3,0.5,15,5,0,0.4666666666666667,0.7777777777777778,3,3,5,1,residual_dark_channel_abs_bias,0.03166215866804123,<=,gt_aware_diagnostic,0.75
rule,20,31.25051975986628,0.9830833166837692,-0.007501294853309836,-0.2867862711503545,0.0,-1.14819694110262,0.8297860276743787,0.25,0.5,13,7,0,0.46153846153846156,0.6666666666666666,4,1,5,0,lfv1_from_baseline_lf_mse_delta,7.80673392000608e-05,<=,gt_aware_diagnostic,0.65
rule,20,31.250343392046602,0.9824378073215485,-0.007677662672982954,-0.2869626389700276,0.0,-1.793350469773175,1.3573288980360791,0.35,0.5,13,7,0,0.46153846153846156,0.6666666666666666,3,3,5,1,baseline_edge_error,0.014085390279069543,>=,gt_aware_diagnostic,0.65
rule,20,31.2503098303035,0.9828562021255494,-0.007711224416087958,-0.2869962007131326,0.0,-0.006981006687970399,0.0,0.25,0.45,2,18,0,0.0,0.0,0,0,0,0,baseline_dark_channel_mean,0.18385452181100845,<=,proxy_or_output_feature,0.1
rule,20,31.2503098303035,0.9828562021255494,-0.007711224416087958,-0.2869962007131326,0.0,-0.006981006687970399,0.0,0.25,0.45,2,18,0,0.0,0.0,0,0,0,0,lfv1_dark_channel_mean,0.18343949913978574,<=,proxy_or_output_feature,0.1
rule,20,31.2503098303035,0.9828562021255494,-0.007711224416087958,-0.2869962007131326,0.0,-0.006981006687970399,0.0,0.25,0.45,2,18,0,0.0,0.0,0,0,0,0,residual_dark_channel_mean,0.1810539424419403,<=,proxy_or_output_feature,0.1
rule,20,31.25025467434772,0.9822751522064209,-0.0077663803718802885,-0.2870513566689249,0.0,-1.995246574251296,1.4852778838082745,0.4,0.6,15,5,0,0.5333333333333333,0.8888888888888888,3,2,6,1,rescalib_from_baseline_residual_norm_ratio,0.8475385693598708,<=,gt_aware_diagnostic,0.75
rule,20,31.250199012573415,0.9829909712076187,-0.007822042146175079,-0.28710701844321973,0.0,-0.006981006687970399,0.0,0.2,0.5,3,17,0,0.3333333333333333,0.1111111111111111,1,0,0,0,baseline_mae,0.0075871136505156755,<=,gt_aware_diagnostic,0.15
rule,20,31.250199012573415,0.9829909712076187,-0.007822042146175079,-0.28710701844321973,0.0,-0.006981006687970399,0.0,0.2,0.5,3,17,0,0.3333333333333333,0.1111111111111111,1,0,0,0,baseline_rmse,0.012809972930699586,<=,gt_aware_diagnostic,0.15
rule,20,31.250199012573415,0.9829909712076187,-0.007822042146175079,-0.28710701844321973,0.0,-0.006981006687970399,0.0,0.2,0.5,3,17,0,0.3333333333333333,0.1111111111111111,1,0,0,0,baseline_delta_e_mean,1.278420329093933,<=,gt_aware_diagnostic,0.15
rule,20,31.250199012573415,0.9829909712076187,-0.007822042146175079,-0.28710701844321973,0.0,-0.006981006687970399,0.0,0.2,0.5,3,17,0,0.3333333333333333,0.1111111111111111,1,0,0,0,baseline_delta_e_p95,3.527709257602692,<=,gt_aware_diagnostic,0.15
rule,20,31.250199012573415,0.9829909712076187,-0.007822042146175079,-0.28710701844321973,0.0,-0.006981006687970399,0.0,0.2,0.5,3,17,0,0.3333333333333333,0.1111111111111111,1,0,0,0,baseline_edge_error,0.010542345559224486,<=,gt_aware_diagnostic,0.15
rule,20,31.250199012573415,0.9829909712076187,-0.007822042146175079,-0.28710701844321973,0.0,-0.006981006687970399,0.0,0.2,0.5,3,17,0,0.3333333333333333,0.1111111111111111,1,0,0,0,lfv1_mae,0.00767657682299614,<=,gt_aware_diagnostic,0.15
rule,20,31.250199012573415,0.9829909712076187,-0.007822042146175079,-0.28710701844321973,0.0,-0.006981006687970399,0.0,0.2,0.5,3,17,0,0.3333333333333333,0.1111111111111111,1,0,0,0,lfv1_rmse,0.013145427126437424,<=,gt_aware_diagnostic,0.15
rule,20,31.250199012573415,0.9829909712076187,-0.007822042146175079,-0.28710701844321973,0.0,-0.006981006687970399,0.0,0.2,0.5,3,17,0,0.3333333333333333,0.1111111111111111,1,0,0,0,lfv1_delta_e_mean,1.3228825509548188,<=,gt_aware_diagnostic,0.15
rule,20,31.250199012573415,0.9829909712076187,-0.007822042146175079,-0.28710701844321973,0.0,-0.006981006687970399,0.0,0.2,0.5,3,17,0,0.3333333333333333,0.1111111111111111,1,0,0,0,lfv1_delta_e_p95,3.6205907464027405,<=,gt_aware_diagnostic,0.15
rule,20,31.250199012573415,0.9829909712076187,-0.007822042146175079,-0.28710701844321973,0.0,-0.006981006687970399,0.0,0.2,0.5,3,17,0,0.3333333333333333,0.1111111111111111,1,0,0,0,lfv1_edge_error,0.01056355186738074,<=,gt_aware_diagnostic,0.15
rule,20,31.250199012573415,0.9829909712076187,-0.007822042146175079,-0.28710701844321973,0.0,-0.006981006687970399,0.0,0.2,0.5,3,17,0,0.3333333333333333,0.1111111111111111,1,0,0,0,residual_mae,0.008932004892267286,<=,gt_aware_diagnostic,0.15
rule,20,31.250199012573415,0.9829909712076187,-0.007822042146175079,-0.28710701844321973,0.0,-0.006981006687970399,0.0,0.2,0.5,3,17,0,0.3333333333333333,0.1111111111111111,1,0,0,0,residual_rmse,0.014586550742387771,<=,gt_aware_diagnostic,0.15
rule,20,31.250199012573415,0.9829909712076187,-0.007822042146175079,-0.28710701844321973,0.0,-0.006981006687970399,0.0,0.2,0.5,3,17,0,0.3333333333333333,0.1111111111111111,1,0,0,0,residual_delta_e_mean,1.4561363220214845,<=,gt_aware_diagnostic,0.15
rule,20,31.250199012573415,0.9829909712076187,-0.007822042146175079,-0.28710701844321973,0.0,-0.006981006687970399,0.0,0.2,0.5,3,17,0,0.3333333333333333,0.1111111111111111,1,0,0,0,residual_delta_e_p95,3.8149184346199037,<=,gt_aware_diagnostic,0.15
rule,20,31.250199012573415,0.9829909712076187,-0.007822042146175079,-0.28710701844321973,0.0,-0.006981006687970399,0.0,0.2,0.5,3,17,0,0.3333333333333333,0.1111111111111111,1,0,0,0,residual_edge_error,0.011275354074314237,<=,gt_aware_diagnostic,0.15
rule,20,31.250007500101628,0.9829278081655503,-0.008013554617964047,-0.2872985309150087,0.0,-0.10057730097174025,0.0,0.25,0.5,3,17,0,0.3333333333333333,0.1111111111111111,1,1,0,1,residual_lfv1_lap_var_delta_abs,0.004759361594915389,>=,proxy_or_output_feature,0.15
rule,20,31.2491237014817,0.9824286729097367,-0.008897353237892425,-0.28818232953493705,0.0,-0.12000127732642452,0.2524314075512334,0.3,0.55,6,14,0,0.5,0.3333333333333333,1,1,2,0,residual_lfv1_lap_var_delta_abs,0.001077073160558939,<=,proxy_or_output_feature,0.3
rule,20,31.248479032787504,0.982788547873497,-0.009542021932089462,-0.2888269982291341,0.0,-1.8736248058668765,1.4852778838082745,0.35,0.55,16,4,0,0.5,0.8888888888888888,3,3,6,1,lfv1_luma_std,0.24215053021907806,>=,proxy_or_output_feature,0.8
rule,20,31.248479032787504,0.982788547873497,-0.009542021932089462,-0.2888269982291341,0.0,-1.8736248058668765,1.4852778838082745,0.35,0.55,16,4,0,0.5,0.8888888888888888,3,3,6,1,residual_luma_std,0.24489730596542358,>=,proxy_or_output_feature,0.8
rule,20,31.24803545355536,0.9828508049249649,-0.009985601164226487,-0.2892705774612711,0.0,-1.0130053282942584,1.2384055230704805,0.3,0.5,11,9,0,0.45454545454545453,0.5555555555555556,1,3,3,1,baseline_delta_e_p95,6.469088411331176,<=,gt_aware_diagnostic,0.55
rule,20,31.24803545355536,0.9828508049249649,-0.009985601164226487,-0.2892705774612711,0.0,-1.0130053282942584,1.2384055230704805,0.3,0.5,11,9,0,0.45454545454545453,0.5555555555555556,1,3,3,1,lfv1_rmse,0.029778196755796668,<=,gt_aware_diagnostic,0.55
rule,20,31.24703317348642,0.9830700278282165,-0.010987881233169539,-0.29027285753021415,0.0,-1.0130053282942584,1.2033953165351896,0.35,0.5,13,7,0,0.46153846153846156,0.6666666666666666,2,3,5,0,lfv1_luma_bias,-0.009412638843059536,>=,gt_aware_diagnostic,0.65
rule,20,31.246854555271973,0.9829230666160583,-0.011166499447613632,-0.29045147574465824,0.0,-0.40605208328650527,0.6210333778148569,0.35,0.6,9,11,0,0.5555555555555556,0.5555555555555556,1,2,4,0,residual_saturation_abs_bias,0.006727726757526397,<=,gt_aware_diagnostic,0.45
rule,20,31.246391340813197,0.9829010874032974,-0.011629713906392425,-0.2909146902034371,0.0,-0.10780961954859701,0.0,0.2,0.5,3,17,0,0.3333333333333333,0.1111111111111111,1,1,0,1,baseline_lap_var,0.18358119279146193,>=,proxy_or_output_feature,0.15
rule,20,31.246391340813197,0.9829010874032974,-0.011629713906392425,-0.2909146902034371,0.0,-0.10780961954859701,0.0,0.2,0.5,3,17,0,0.3333333333333333,0.1111111111111111,1,1,0,1,lfv1_lap_var,0.1853961020708084,>=,proxy_or_output_feature,0.15
rule,20,31.246391340813197,0.9829010874032974,-0.011629713906392425,-0.2909146902034371,0.0,-0.10780961954859701,0.0,0.2,0.5,3,17,0,0.3333333333333333,0.1111111111111111,1,1,0,1,residual_lap_var,0.1867195889353752,>=,proxy_or_output_feature,0.15
rule,20,31.246145274092488,0.9831104874610901,-0.01187578062710024,-0.2911607569241449,0.0,-0.05717221713469099,0.05540160898947598,0.35,0.55,4,16,0,0.5,0.2222222222222222,1,1,2,0,image_id,185.4,<=,proxy_or_output_feature,0.2
rule,20,31.245978291501313,0.982942259311676,-0.012042763218277842,-0.2913277395153225,0.0,-0.07127050233593905,0.0,0.2,0.45,4,16,0,0.25,0.1111111111111111,1,0,0,0,residual_delta_e_mean,1.5205217361450196,<=,gt_aware_diagnostic,0.2
rule,20,31.245978291501313,0.982942259311676,-0.012042763218277842,-0.2913277395153225,0.0,-0.07127050233593905,0.0,0.2,0.45,4,16,0,0.25,0.1111111111111111,1,0,0,0,residual_lfv1_luma_mean_delta_abs,0.0012500703334808348,<=,proxy_or_output_feature,0.2
rule,20,31.245978291501313,0.982942259311676,-0.012042763218277842,-0.2913277395153225,0.0,-0.07127050233593905,0.0,0.2,0.45,4,16,0,0.25,0.1111111111111111,1,0,0,0,residual_lfv1_dark_channel_mean_delta_abs,0.0018780469894409178,<=,proxy_or_output_feature,0.2
rule,20,31.245876662208342,0.9824265539646149,-0.012144392511247836,-0.29142936880829245,0.0,-1.0831060739109093,1.2033953165351896,0.45,0.55,10,10,0,0.5,0.5555555555555556,2,2,5,0,beta,1.4100000000000001,>=,proxy_or_output_feature,0.5
rule,20,31.245728411802776,0.9822895467281342,-0.012292642916819575,-0.2915776192138642,0.0,-1.995246574251296,1.4852778838082745,0.45,0.65,12,8,0,0.5833333333333334,0.7777777777777778,3,2,6,1,baseline_delta_e_mean,1.994205379486084,>=,gt_aware_diagnostic,0.6
rule,20,31.245728411802776,0.9822895467281342,-0.012292642916819575,-0.2915776192138642,0.0,-1.995246574251296,1.4852778838082745,0.45,0.65,12,8,0,0.5833333333333334,0.7777777777777778,3,2,6,1,baseline_delta_e_p95,5.233906555175782,>=,gt_aware_diagnostic,0.6
rule,20,31.245728411802776,0.9822895467281342,-0.012292642916819575,-0.2915776192138642,0.0,-1.995246574251296,1.4852778838082745,0.45,0.65,12,8,0,0.5833333333333334,0.7777777777777778,3,2,6,1,lfv1_mae,0.017421156540513037,>=,gt_aware_diagnostic,0.6
rule,20,31.245728411802776,0.9822895467281342,-0.012292642916819575,-0.2915776192138642,0.0,-1.995246574251296,1.4852778838082745,0.45,0.65,12,8,0,0.5833333333333334,0.7777777777777778,3,2,6,1,lfv1_rmse,0.02545129731297493,>=,gt_aware_diagnostic,0.6
rule,20,31.245728411802776,0.9822895467281342,-0.012292642916819575,-0.2915776192138642,0.0,-1.995246574251296,1.4852778838082745,0.45,0.65,12,8,0,0.5833333333333334,0.7777777777777778,3,2,6,1,rescalib_from_baseline_residual_norm_ratio,0.7381158289917524,<=,gt_aware_diagnostic,0.6
rule,20,31.24548348229763,0.9823455721139908,-0.012537572421954834,-0.2918225487189995,0.0,-0.05717221713469099,0.6187229719747899,0.4,0.6,5,15,0,0.6,0.3333333333333333,1,1,3,0,beta,1.69,>=,proxy_or_output_feature,0.25
rule,20,31.245062463159456,0.9825093388557434,-0.012958591560135523,-0.29224356785718014,0.0,-0.0959671117181678,0.024474973922054836,0.25,0.5,5,15,0,0.4,0.2222222222222222,1,1,1,0,lfv1_saturation_abs_bias,0.0029070060700178146,<=,gt_aware_diagnostic,0.25
rule,20,31.2449029804096,0.982379961013794,-0.013118074309995186,-0.2924030506070398,0.0,-0.1331451964325407,0.2524314075512334,0.3,0.5,7,13,0,0.42857142857142855,0.3333333333333333,1,1,2,0,residual_lfv1_lap_var_delta_abs,0.0012018956243991853,<=,proxy_or_output_feature,0.35
rule,20,31.244606446553416,0.9824326783418655,-0.0134146081661779,-0.29269958446322253,0.0,-1.995246574251296,1.4852778838082745,0.4,0.55,18,2,0,0.5,1.0,4,3,7,1,rescalib_from_lfv1_residual_norm_ratio,0.9105297040510635,<=,gt_aware_diagnostic,0.9
rule,20,31.244535946564763,0.982960844039917,-0.013485108154828751,-0.29277008445187336,0.0,-0.109111030824284,0.0,0.25,0.45,4,16,0,0.25,0.1111111111111111,1,1,1,0,residual_lfv1_luma_std_delta_abs,0.0004497677087783813,<=,proxy_or_output_feature,0.2
rule,20,31.244480790608975,0.9823797941207886,-0.013540264110621082,-0.2928252404076657,0.0,-1.995246574251296,1.4852778838082745,0.4,0.6,17,3,0,0.5294117647058824,1.0,4,3,7,1,baseline_highfreq_abs_error,0.00021418686956167223,>=,gt_aware_diagnostic,0.85
rule,20,31.244278856927927,0.982463538646698,-0.013742197791665767,-0.2930271740887104,0.0,-1.8670252111650147,1.4852778838082745,0.45,0.6,17,3,0,0.5294117647058824,1.0,3,4,7,1,beta,0.8049999999999999,>=,proxy_or_output_feature,0.85
rule,20,31.244110961372844,0.9829850763082504,-0.013910093346744645,-0.2931950696437893,0.0,-0.0959671117181678,0.0,0.2,0.45,4,16,0,0.25,0.1111111111111111,1,1,1,0,lfv1_luma_abs_bias,0.002422797679901123,<=,gt_aware_diagnostic,0.2
rule,20,31.24392888198106,0.9829943209886551,-0.014092172738527786,-0.29337714903557244,0.0,-1.14819694110262,1.2033953165351896,0.4,0.55,10,10,0,0.5,0.5555555555555556,1,3,4,1,residual_edge_error,0.015040723606944084,>=,gt_aware_diagnostic,0.5
rule,20,31.24381642696261,0.9823642700910569,-0.014204627756980592,-0.29348960405402524,0.0,-2.6649188414797154,1.4852778838082745,0.45,0.6,17,3,0,0.5294117647058824,1.0,2,4,7,1,lfv1_luma_std_delta,-0.006407772749662399,>=,gt_aware_diagnostic,0.85
rule,20,31.24381642696261,0.9823642700910569,-0.014204627756980592,-0.29348960405402524,0.0,-2.6649188414797154,1.4852778838082745,0.45,0.6,17,3,0,0.5294117647058824,1.0,2,4,7,1,residual_luma_std_delta,-0.007659494131803513,>=,gt_aware_diagnostic,0.85
rule,20,31.24381642696261,0.9823642700910569,-0.014204627756980592,-0.29348960405402524,0.0,-2.6649188414797154,1.4852778838082745,0.45,0.6,17,3,0,0.5294117647058824,1.0,2,4,7,1,residual_lfv1_lap_var_delta,0.0021792270243167857,<=,proxy_or_output_feature,0.85
rule,20,31.24323120835093,0.9829345643520355,-0.014789846368660875,-0.2940748226657055,0.0,-1.2427180953170196,1.4852778838082745,0.35,0.5,13,7,0,0.46153846153846156,0.6666666666666666,2,3,5,1,residual_lfv1_edge_mean_delta,0.0014708966016769409,<=,proxy_or_output_feature,0.65
rule,20,31.243110181703837,0.9829504311084747,-0.014910873015751492,-0.29419584931279613,0.0,-0.6924603193774662,0.8440025816490673,0.3,0.55,6,14,0,0.5,0.3333333333333333,2,1,2,1,lfv1_highfreq_abs_error,0.0009145526215434075,>=,gt_aware_diagnostic,0.3
rule,20,31.24301305363921,0.9825614005327225,-0.015008001080385469,-0.2942929773774301,0.0,-1.8670252111650147,1.3573288980360791,0.45,0.6,11,9,0,0.5454545454545454,0.6666666666666666,1,4,5,1,residual_lfv1_saturation_mean_delta_abs,0.0027819067239761358,>=,proxy_or_output_feature,0.55
rule,20,31.242839161408178,0.9827986180782318,-0.015181893311409667,-0.2944668696084543,0.0,-1.0831060739109093,0.6210333778148569,0.3,0.55,6,14,0,0.5,0.3333333333333333,2,1,2,1,residual_lfv1_lap_var_delta_abs,0.0021851360797882084,>=,proxy_or_output_feature,0.3
rule,20,31.242623628778894,0.9825919568538666,-0.01539742594069402,-0.29468240223773867,0.0,-0.6223595737608154,0.8274756218343117,0.4,0.65,10,10,0,0.6,0.6666666666666666,2,2,5,0,lfv1_luma_std_delta,-0.000397607684135437,>=,gt_aware_diagnostic,0.5
rule,20,31.242502993977354,0.9831238746643066,-0.01551806074223432,-0.29480303703927896,0.0,-1.14819694110262,0.8297860276743787,0.25,0.5,11,9,0,0.45454545454545453,0.5555555555555556,4,1,5,0,lfv1_from_baseline_residual_error_ratio,1.0373320082142272,<=,gt_aware_diagnostic,0.55
rule,20,31.242502993977354,0.9831238746643066,-0.01551806074223432,-0.29480303703927896,0.0,-1.14819694110262,0.8297860276743787,0.25,0.5,11,9,0,0.45454545454545453,0.5555555555555556,4,1,5,0,lfv1_from_baseline_lf_mse_delta,4.1703343958943146e-05,<=,gt_aware_diagnostic,0.55
rule,20,31.241683958488146,0.9827479749917984,-0.016337096231443127,-0.29562207252848777,0.0,-1.0831060739109093,0.6187229719747899,0.3,0.55,6,14,0,0.5,0.3333333333333333,2,1,2,1,residual_lfv1_edge_mean_delta_abs,0.0024193480610847475,>=,proxy_or_output_feature,0.3
rule,20,31.241683958488146,0.9827479749917984,-0.016337096231443127,-0.29562207252848777,0.0,-1.0831060739109093,0.6187229719747899,0.3,0.55,6,14,0,0.5,0.3333333333333333,2,1,2,1,residual_lfv1_highfreq_abs_mean_delta_abs,0.0003466138616204262,>=,proxy_or_output_feature,0.3
rule,20,31.241673657656555,0.9824444323778152,-0.01634739706304309,-0.29563237336008774,0.0,-1.8670252111650147,1.4852778838082745,0.4,0.55,16,4,0,0.5,0.8888888888888888,2,4,6,1,baseline_lap_var_ratio_gt,1.0730676174163818,<=,gt_aware_diagnostic,0.8
rule,20,31.24167243311327,0.9828835606575013,-0.016348621606318225,-0.29563359790336285,0.0,0.0,0.0,0.25,0.55,2,18,0,0.5,0.1111111111111111,1,0,0,0,baseline_luma_std,0.31841870248317716,>=,proxy_or_output_feature,0.1
rule,20,31.24167243311327,0.9828835606575013,-0.016348621606318225,-0.29563359790336285,0.0,0.0,0.0,0.25,0.55,2,18,0,0.5,0.1111111111111111,1,0,0,0,lfv1_luma_std,0.3108011305332184,>=,proxy_or_output_feature,0.1
rule,20,31.24167243311327,0.9828835606575013,-0.016348621606318225,-0.29563359790336285,0.0,0.0,0.0,0.25,0.55,2,18,0,0.5,0.1111111111111111,1,0,0,0,residual_luma_std,0.3193365603685379,>=,proxy_or_output_feature,0.1
rule,20,31.241531646620274,0.9827495783567428,-0.01648940809931716,-0.2957743843963618,0.0,-1.0973528920316071,1.2176118705098782,0.35,0.5,9,11,0,0.4444444444444444,0.4444444444444444,2,2,3,1,residual_saturation_abs_bias,0.009429495222866536,>=,gt_aware_diagnostic,0.45
rule,20,31.241262761225528,0.9822968602180481,-0.016758293494057597,-0.29604326979110224,0.0,-0.1331451964325407,0.6187229719747899,0.4,0.55,6,14,0,0.5,0.3333333333333333,1,1,3,0,beta,1.673,>=,proxy_or_output_feature,0.3
rule,20,31.24104544322078,0.9829870074987411,-0.016975611498813947,-0.29626058779585857,0.0,-0.109111030824284,0.0,0.2,0.4,5,15,0,0.2,0.1111111111111111,1,1,1,0,residual_lfv1_luma_std_delta_abs,0.0007084757089614868,<=,proxy_or_output_feature,0.25
rule,20,31.240990287264992,0.9824059575796127,-0.01703076745460628,-0.29631574375165093,0.0,-1.995246574251296,1.4852778838082745,0.35,0.55,18,2,0,0.5,1.0,4,3,7,1,rescalib_from_baseline_residual_norm_ratio,0.9689286819826759,<=,gt_aware_diagnostic,0.9
rule,20,31.240990287264992,0.9824059575796127,-0.01703076745460628,-0.29631574375165093,0.0,-1.995246574251296,1.4852778838082745,0.35,0.55,18,2,0,0.5,1.0,4,3,7,1,rescalib_from_baseline_residual_error_ratio,1.4718626041274876,<=,gt_aware_diagnostic,0.9
rule,20,31.23965052890059,0.9824529975652695,-0.018370525818995277,-0.2976555021160399,0.0,-0.05717221713469099,0.5772108287680324,0.45,0.65,6,14,0,0.6666666666666666,0.4444444444444444,1,1,4,0,lfv1_luma_std_delta,0.0009843260049819946,>=,gt_aware_diagnostic,0.3
rule,20,31.23959910679048,0.9828544855117798,-0.018421947929117798,-0.2977069242261624,0.0,-1.2427180953170196,1.4852778838082745,0.35,0.5,13,7,0,0.46153846153846156,0.6666666666666666,1,4,4,1,baseline_mae,0.02468290003016591,<=,gt_aware_diagnostic,0.65
rule,20,31.23959910679048,0.9828544855117798,-0.018421947929117798,-0.2977069242261624,0.0,-1.2427180953170196,1.4852778838082745,0.35,0.5,13,7,0,0.46153846153846156,0.6666666666666666,1,4,4,1,baseline_rmse,0.03197569856420159,<=,gt_aware_diagnostic,0.65
rule,20,31.23959910679048,0.9828544855117798,-0.018421947929117798,-0.2977069242261624,0.0,-1.2427180953170196,1.4852778838082745,0.35,0.5,13,7,0,0.46153846153846156,0.6666666666666666,1,4,4,1,baseline_delta_e_mean,2.92824068069458,<=,gt_aware_diagnostic,0.65
rule,20,31.23959910679048,0.9828544855117798,-0.018421947929117798,-0.2977069242261624,0.0,-1.2427180953170196,1.4852778838082745,0.35,0.5,13,7,0,0.46153846153846156,0.6666666666666666,1,4,4,1,baseline_delta_e_p95,6.754516386985779,<=,gt_aware_diagnostic,0.65
rule,20,31.23959910679048,0.9828544855117798,-0.018421947929117798,-0.2977069242261624,0.0,-1.2427180953170196,1.4852778838082745,0.35,0.5,13,7,0,0.46153846153846156,0.6666666666666666,1,4,4,1,lfv1_mae,0.02446308713406324,<=,gt_aware_diagnostic,0.65
rule,20,31.23959910679048,0.9828544855117798,-0.018421947929117798,-0.2977069242261624,0.0,-1.2427180953170196,1.4852778838082745,0.35,0.5,13,7,0,0.46153846153846156,0.6666666666666666,1,4,4,1,lfv1_rmse,0.03189276261255145,<=,gt_aware_diagnostic,0.65
rule,20,31.238792332567108,0.9825126886367798,-0.01922872215248823,-0.29851369844953285,0.0,-1.8670252111650147,1.3573288980360791,0.45,0.55,12,8,0,0.5,0.6666666666666666,1,4,5,1,lfv1_edge_error,0.013799489848315714,>=,gt_aware_diagnostic,0.6
rule,20,31.238792332567108,0.9825126886367798,-0.01922872215248823,-0.29851369844953285,0.0,-1.8670252111650147,1.3573288980360791,0.45,0.55,12,8,0,0.5,0.6666666666666666,1,4,5,1,residual_edge_error,0.01477972399443388,>=,gt_aware_diagnostic,0.6
rule,20,31.238792332567108,0.9825126886367798,-0.01922872215248823,-0.29851369844953285,0.0,-1.8670252111650147,1.3573288980360791,0.45,0.55,12,8,0,0.5,0.6666666666666666,1,4,5,1,residual_lfv1_saturation_mean_delta_abs,0.002362227439880371,>=,proxy_or_output_feature,0.6
rule,20,31.238682910807302,0.9823055595159531,-0.019338143912288074,-0.2986231202093327,0.0,-2.6649188414797154,1.4852778838082745,0.55,0.65,16,4,0,0.5625,1.0,0,5,7,1,lfv1_from_baseline_residual_error_ratio,0.9324626024862955,>=,gt_aware_diagnostic,0.8
rule,20,31.237961525612388,0.9829828172922135,-0.020059529107202323,-0.29934450540424695,0.0,-0.006981006687970399,0.0,0.2,0.45,2,18,0,0.0,0.0,1,0,0,0,baseline_edge_error,0.009175623673945666,<=,gt_aware_diagnostic,0.1
rule,20,31.237961525612388,0.9829828172922135,-0.020059529107202323,-0.29934450540424695,0.0,-0.006981006687970399,0.0,0.2,0.45,2,18,0,0.0,0.0,1,0,0,0,lfv1_mae,0.007422578986734152,<=,gt_aware_diagnostic,0.1
rule,20,31.237961525612388,0.9829828172922135,-0.020059529107202323,-0.29934450540424695,0.0,-0.006981006687970399,0.0,0.2,0.45,2,18,0,0.0,0.0,1,0,0,0,lfv1_rmse,0.01202762797474861,<=,gt_aware_diagnostic,0.1
rule,20,31.237961525612388,0.9829828172922135,-0.020059529107202323,-0.29934450540424695,0.0,-0.006981006687970399,0.0,0.2,0.45,2,18,0,0.0,0.0,1,0,0,0,lfv1_delta_e_mean,1.1553476810455323,<=,gt_aware_diagnostic,0.1
rule,20,31.237961525612388,0.9829828172922135,-0.020059529107202323,-0.29934450540424695,0.0,-0.006981006687970399,0.0,0.2,0.45,2,18,0,0.0,0.0,1,0,0,0,lfv1_delta_e_p95,3.2184095859527586,<=,gt_aware_diagnostic,0.1
rule,20,31.237961525612388,0.9829828172922135,-0.020059529107202323,-0.29934450540424695,0.0,-0.006981006687970399,0.0,0.2,0.45,2,18,0,0.0,0.0,1,0,0,0,lfv1_luma_abs_bias,0.0014143258333206177,<=,gt_aware_diagnostic,0.1
rule,20,31.237961525612388,0.9829828172922135,-0.020059529107202323,-0.29934450540424695,0.0,-0.006981006687970399,0.0,0.2,0.45,2,18,0,0.0,0.0,1,0,0,0,lfv1_dark_channel_abs_bias,0.003503547608852386,<=,gt_aware_diagnostic,0.1
rule,20,31.237961525612388,0.9829828172922135,-0.020059529107202323,-0.29934450540424695,0.0,-0.006981006687970399,0.0,0.2,0.45,2,18,0,0.0,0.0,1,0,0,0,lfv1_edge_error,0.009839712083339692,<=,gt_aware_diagnostic,0.1
rule,20,31.237961525612388,0.9829828172922135,-0.020059529107202323,-0.29934450540424695,0.0,-0.006981006687970399,0.0,0.2,0.45,2,18,0,0.0,0.0,1,0,0,0,residual_mae,0.007577097322791815,<=,gt_aware_diagnostic,0.1
rule,20,31.237961525612388,0.9829828172922135,-0.020059529107202323,-0.29934450540424695,0.0,-0.006981006687970399,0.0,0.2,0.45,2,18,0,0.0,0.0,1,0,0,0,residual_rmse,0.011754817701876162,<=,gt_aware_diagnostic,0.1
rule,20,31.237961525612388,0.9829828172922135,-0.020059529107202323,-0.29934450540424695,0.0,-0.006981006687970399,0.0,0.2,0.45,2,18,0,0.0,0.0,1,0,0,0,residual_delta_e_mean,1.1490678906440734,<=,gt_aware_diagnostic,0.1
rule,20,31.237961525612388,0.9829828172922135,-0.020059529107202323,-0.29934450540424695,0.0,-0.006981006687970399,0.0,0.2,0.45,2,18,0,0.0,0.0,1,0,0,0,residual_delta_e_p95,2.9766311645507812,<=,gt_aware_diagnostic,0.1
rule,20,31.237961525612388,0.9829828172922135,-0.020059529107202323,-0.29934450540424695,0.0,-0.006981006687970399,0.0,0.2,0.45,2,18,0,0.0,0.0,1,0,0,0,residual_edge_error,0.01030095163732767,<=,gt_aware_diagnostic,0.1
rule,20,31.23777944622061,0.9829920619726181,-0.020241608498985465,-0.2995265847960301,0.0,-1.0831060739109093,0.8297860276743787,0.4,0.55,8,12,0,0.5,0.4444444444444444,1,2,3,1,residual_edge_error,0.015723659098148345,>=,gt_aware_diagnostic,0.4
rule,20,31.237691225132444,0.9829882085323334,-0.020329829587149108,-0.29961480588419376,0.0,-0.0959671117181678,0.024474973922054836,0.2,0.5,5,15,0,0.4,0.2222222222222222,2,0,1,0,residual_lfv1_saturation_mean_delta_abs,0.0015664072707295418,<=,proxy_or_output_feature,0.25
rule,20,31.237463237416044,0.9826992630958558,-0.02055781730354589,-0.2998427936005905,0.0,-1.0831060739109093,0.6187229719747899,0.3,0.5,7,13,0,0.42857142857142855,0.3333333333333333,2,1,2,1,residual_lfv1_highfreq_abs_mean_delta_abs,0.00031110625714063643,>=,proxy_or_output_feature,0.35
rule,20,31.23723130788427,0.9829079419374466,-0.020789746835319887,-0.3000747231323645,0.0,-0.008441442144205532,0.0,0.25,0.45,2,18,0,0.0,0.0,1,0,0,0,baseline_luma_mean,0.4015218496322632,<=,proxy_or_output_feature,0.1
rule,20,31.23723130788427,0.9829079419374466,-0.020789746835319887,-0.3000747231323645,0.0,-0.008441442144205532,0.0,0.25,0.45,2,18,0,0.0,0.0,1,0,0,0,lfv1_luma_mean,0.39931314885616304,<=,proxy_or_output_feature,0.1
rule,20,31.23723130788427,0.9829079419374466,-0.020789746835319887,-0.3000747231323645,0.0,-0.008441442144205532,0.0,0.25,0.45,2,18,0,0.0,0.0,1,0,0,0,residual_luma_mean,0.399553120136261,<=,proxy_or_output_feature,0.1
rule,20,31.237176151928487,0.9823268920183181,-0.02084490279111222,-0.30012987908815686,0.0,-1.995246574251296,1.4852778838082745,0.4,0.6,15,5,0,0.5333333333333333,0.8888888888888888,4,2,6,1,rescalib_from_lfv1_residual_norm_ratio,0.7116519967397809,<=,gt_aware_diagnostic,0.75
rule,20,31.23646402472005,0.9824203521013259,-0.021557029999545563,-0.3008420062965902,0.0,-1.995246574251296,1.4852778838082745,0.4,0.6,15,5,0,0.5333333333333333,0.8888888888888888,4,3,7,1,baseline_highfreq_abs_error,0.00026670750230550766,>=,gt_aware_diagnostic,0.75
rule,20,31.23632110812239,0.9829027533531189,-0.02169994659720178,-0.3009849228942464,0.0,-1.0130053282942584,1.2033953165351896,0.35,0.5,11,9,0,0.45454545454545453,0.5555555555555556,1,3,4,0,baseline_dark_channel_abs_bias,0.014708377420902252,<=,gt_aware_diagnostic,0.55
rule,20,31.23632110812239,0.9829027533531189,-0.02169994659720178,-0.3009849228942464,0.0,-1.0130053282942584,1.2033953165351896,0.35,0.5,11,9,0,0.45454545454545453,0.5555555555555556,1,3,4,0,lfv1_luma_abs_bias,0.010069854557514187,<=,gt_aware_diagnostic,0.55
rule,20,31.236064850563075,0.9830375254154206,-0.021956204156508542,-0.3012411804535532,0.0,0.0,0.05540160898947598,0.35,0.6,3,17,0,0.6666666666666666,0.2222222222222222,1,0,2,0,baseline_edge_error,0.018444029986858367,>=,gt_aware_diagnostic,0.15
rule,20,31.23594184301039,0.9828212410211563,-0.022079211709197112,-0.30136418800624176,0.0,-1.793350469773175,1.2384055230704805,0.35,0.6,9,11,0,0.5555555555555556,0.5555555555555556,3,1,4,1,baseline_highfreq_abs_error,0.0009417376480996606,>=,gt_aware_diagnostic,0.45
rule,20,31.23570319446058,0.9830159485340119,-0.022317860259008705,-0.30160283655605336,0.0,-0.07127050233593905,0.0,0.25,0.45,4,16,0,0.25,0.1111111111111111,0,1,1,0,baseline_saturation_mean,0.31114031076431276,>=,proxy_or_output_feature,0.2
rule,20,31.23570319446058,0.9830159485340119,-0.022317860259008705,-0.30160283655605336,0.0,-0.07127050233593905,0.0,0.25,0.45,4,16,0,0.25,0.1111111111111111,0,1,1,0,lfv1_saturation_mean,0.31427578330039974,>=,proxy_or_output_feature,0.2
rule,20,31.23570319446058,0.9830159485340119,-0.022317860259008705,-0.30160283655605336,0.0,-0.07127050233593905,0.0,0.25,0.45,4,16,0,0.25,0.1111111111111111,0,1,1,0,residual_saturation_mean,0.3136183679103851,>=,proxy_or_output_feature,0.2
rule,20,31.23567194416297,0.982725328207016,-0.022349110556622698,-0.3016340868536673,0.0,-1.793350469773175,1.2176118705098782,0.35,0.6,7,13,0,0.5714285714285714,0.4444444444444444,2,1,3,1,residual_highfreq_abs_error,0.0011551087256520985,>=,gt_aware_diagnostic,0.35
rule,20,31.235433208728455,0.9829432129859924,-0.022587845991132484,-0.30187282228817713,0.0,0.0,0.0,0.35,0.55,2,18,0,0.5,0.1111111111111111,0,1,1,0,image_id,74.8,<=,proxy_or_output_feature,0.1
rule,20,31.235433208728455,0.9829432129859924,-0.022587845991132484,-0.30187282228817713,0.0,0.0,0.0,0.35,0.55,2,18,0,0.5,0.1111111111111111,0,1,1,0,residual_lfv1_highfreq_abs_mean_delta_abs,0.0005440477281808854,>=,proxy_or_output_feature,0.1
rule,20,31.235391236625368,0.9823179811239242,-0.02262981809422815,-0.3019147943912728,0.0,-0.780381878890004,0.5449686061245536,0.35,0.55,6,14,0,0.5,0.3333333333333333,1,2,2,1,residual_lfv1_luma_std_delta,0.0018643230199813852,>=,proxy_or_output_feature,0.3
rule,20,31.235318990098403,0.9825390547513961,-0.02270206462118516,-0.3019870409182298,0.0,-0.35541468087259925,0.5772108287680324,0.4,0.65,8,12,0,0.625,0.5555555555555556,2,1,4,0,lfv1_luma_std_delta,-5.638301372528074e-05,>=,gt_aware_diagnostic,0.4
rule,20,31.234868775470794,0.9822264939546586,-0.023152279248794018,-0.30243725554583867,0.0,-2.6649188414797154,1.4852778838082745,0.6,0.7,13,7,0,0.6153846153846154,0.8888888888888888,0,4,6,1,lfv1_from_baseline_residual_cosine,0.3227782294154167,<=,gt_aware_diagnostic,0.65
rule,20,31.233740804540286,0.9829341053962708,-0.024280250179305084,-0.3035652264763497,0.0,-0.07127050233593905,0.0,0.2,0.4,3,17,0,0.0,0.0,1,0,0,0,baseline_luma_mean,0.40603256970643997,<=,proxy_or_output_feature,0.15
rule,20,31.233740804540286,0.9829341053962708,-0.024280250179305084,-0.3035652264763497,0.0,-0.07127050233593905,0.0,0.2,0.4,3,17,0,0.0,0.0,1,0,0,0,lfv1_luma_mean,0.401455120742321,<=,proxy_or_output_feature,0.15
rule,20,31.233740804540286,0.9829341053962708,-0.024280250179305084,-0.3035652264763497,0.0,-0.07127050233593905,0.0,0.2,0.4,3,17,0,0.0,0.0,1,0,0,0,residual_luma_mean,0.4026248514652252,<=,proxy_or_output_feature,0.15
rule,20,31.233685648584505,0.9823530554771424,-0.024335406135097416,-0.30362038243214207,0.0,-1.995246574251296,1.4852778838082745,0.35,0.55,16,4,0,0.5,0.8888888888888888,4,2,6,1,rescalib_from_baseline_residual_norm_ratio,0.8768412195093682,<=,gt_aware_diagnostic,0.8
rule,20,31.233323513719608,0.9823975414037704,-0.024697540999989442,-0.30398251729703407,0.0,-1.793350469773175,1.2384055230704805,0.35,0.55,10,10,0,0.5,0.5555555555555556,3,2,4,1,baseline_luma_std,0.2668180614709854,<=,proxy_or_output_feature,0.5
rule,20,31.233323513719608,0.9823975414037704,-0.024697540999989442,-0.30398251729703407,0.0,-1.793350469773175,1.2384055230704805,0.35,0.55,10,10,0,0.5,0.5555555555555556,3,2,4,1,lfv1_luma_std,0.2689516097307205,<=,proxy_or_output_feature,0.5
rule,20,31.233323513719608,0.9823975414037704,-0.024697540999989442,-0.30398251729703407,0.0,-1.793350469773175,1.2384055230704805,0.35,0.55,10,10,0,0.5,0.5555555555555556,3,2,4,1,residual_luma_std,0.2664273530244827,<=,proxy_or_output_feature,0.5
rule,20,31.23308953948733,0.9826452225446701,-0.0249315152322529,-0.30421649152929753,0.0,-0.17655028026958997,0.3569102161827596,0.35,0.55,6,14,0,0.5,0.3333333333333333,0,2,1,1,lfv1_from_baseline_residual_error_ratio,1.0738654829491394,>=,gt_aware_diagnostic,0.3
rule,20,31.2325504784391,0.9829998672008514,-0.02547057628048286,-0.3047555525775275,0.0,-1.0130053282942584,0.27567637428796604,0.2,0.5,7,13,0,0.42857142857142855,0.3333333333333333,1,2,1,1,residual_edge_mean,0.22795848548412323,>=,proxy_or_output_feature,0.35
rule,20,31.232243303647948,0.9823716402053833,-0.025777751071648324,-0.30506272736869294,0.0,-1.995246574251296,1.4852778838082745,0.4,0.55,16,4,0,0.5,0.8888888888888888,4,3,7,1,baseline_highfreq_abs_error,0.00024063214659690856,>=,gt_aware_diagnostic,0.8
rule,20,31.232078512464817,0.9829720824956893,-0.025942542254770197,-0.30522751855181485,0.0,-0.10057730097174025,0.8274756218343117,0.45,0.6,5,15,0,0.6,0.3333333333333333,0,2,3,0,residual_lfv1_saturation_mean_delta,0.006622031331062317,>=,proxy_or_output_feature,0.25
rule,20,31.231918363439256,0.9827189952135086,-0.02610269128032918,-0.3053876675773738,0.0,-0.17791036516524786,0.05540160898947598,0.25,0.55,4,16,0,0.5,0.2222222222222222,2,0,1,1,baseline_highfreq_abs_error,0.0017223760485649108,>=,gt_aware_diagnostic,0.2
rule,20,31.2311801431866,0.9830388426780701,-0.026840911532987555,-0.3061258878300322,0.0,-1.0130053282942584,0.07859634786275654,0.25,0.45,6,14,0,0.3333333333333333,0.2222222222222222,1,2,1,1,residual_lap_var,0.1775512471795082,>=,proxy_or_output_feature,0.3
rule,20,31.231079369323787,0.9829611510038376,-0.026941685395802217,-0.30622666169284685,0.0,-0.17791036516524786,0.5772108287680324,0.35,0.6,5,15,0,0.6,0.3333333333333333,1,1,2,1,residual_edge_error,0.016284729819744825,>=,gt_aware_diagnostic,0.25
rule,20,31.230365147172655,0.9827938944101333,-0.027655907546930793,-0.30694088384397544,0.0,-2.0018461689531577,1.4852778838082745,0.4,0.55,18,2,0,0.5,1.0,3,4,7,1,baseline_lap_var_ratio_gt,0.9051605284214019,>=,gt_aware_diagnostic,0.9
rule,20,31.230365147172655,0.9827938944101333,-0.027655907546930793,-0.30694088384397544,0.0,-2.0018461689531577,1.4852778838082745,0.4,0.55,18,2,0,0.5,1.0,3,4,7,1,lfv1_lap_var_ratio_gt,0.9214511275291443,>=,gt_aware_diagnostic,0.9
rule,20,31.230365147172655,0.9827938944101333,-0.027655907546930793,-0.30694088384397544,0.0,-2.0018461689531577,1.4852778838082745,0.4,0.55,18,2,0,0.5,1.0,3,4,7,1,residual_lap_var_ratio_gt,0.9292242705821991,>=,gt_aware_diagnostic,0.9
rule,20,31.230365147172655,0.9827938944101333,-0.027655907546930793,-0.30694088384397544,0.0,-2.0018461689531577,1.4852778838082745,0.4,0.55,18,2,0,0.5,1.0,3,4,7,1,rescalib_from_lfv1_residual_cosine,-0.3980054497718811,>=,gt_aware_diagnostic,0.9
rule,20,31.230365147172655,0.9827938944101333,-0.027655907546930793,-0.30694088384397544,0.0,-2.0018461689531577,1.4852778838082745,0.4,0.55,18,2,0,0.5,1.0,3,4,7,1,rescalib_from_lfv1_luma_residual_cosine,-0.39804159402847294,>=,gt_aware_diagnostic,0.9
rule,20,31.230333508859115,0.9824626803398132,-0.027687545860478835,-0.30697252215752346,0.0,-0.780381878890004,0.8274756218343117,0.4,0.65,10,10,0,0.6,0.6666666666666666,2,2,4,1,baseline_luma_std_delta,-0.00044915080070495605,>=,gt_aware_diagnostic,0.5
rule,20,31.230275320591755,0.9828820675611496,-0.027745734127834255,-0.3070307104248789,0.0,0.0,0.0,0.3,0.55,2,18,0,0.5,0.1111111111111111,1,0,1,0,baseline_luma_std_delta,-0.004871483147144318,<=,gt_aware_diagnostic,0.1
rule,20,31.230275320591755,0.9828820675611496,-0.027745734127834255,-0.3070307104248789,0.0,0.0,0.0,0.3,0.55,2,18,0,0.5,0.1111111111111111,1,0,1,0,lfv1_from_baseline_residual_cosine,0.603432220220566,>=,gt_aware_diagnostic,0.1
rule,20,31.230275320591755,0.9828820675611496,-0.027745734127834255,-0.3070307104248789,0.0,0.0,0.0,0.3,0.55,2,18,0,0.5,0.1111111111111111,1,0,1,0,lfv1_from_baseline_luma_residual_cosine,0.6020753145217896,>=,gt_aware_diagnostic,0.1
rule,20,31.230015427138568,0.9824904352426529,-0.028005627581023162,-0.3072906038780678,0.0,-2.0018461689531577,1.4852778838082745,0.4,0.6,9,11,0,0.5555555555555556,0.5555555555555556,2,2,4,1,lfv1_lap_var_ratio_gt,1.014866453409195,>=,gt_aware_diagnostic,0.45
rule,20,31.22979834108197,0.9824259728193283,-0.02822271363761928,-0.30750768993466393,0.0,-1.0831060739109093,1.2033953165351896,0.4,0.5,9,11,0,0.4444444444444444,0.4444444444444444,2,2,4,0,beta,1.4645000000000001,>=,proxy_or_output_feature,0.45
rule,20,31.228737978192715,0.9828460305929184,-0.029283076526873585,-0.3085680528239182,0.0,-1.0831060739109093,0.8440025816490673,0.25,0.45,8,12,0,0.375,0.3333333333333333,3,1,2,1,lfv1_saturation_abs_bias,0.009080365300178528,>=,gt_aware_diagnostic,0.4
rule,20,31.228329757367,0.9829511553049087,-0.029691297352585622,-0.30897627364963026,0.0,-1.0130053282942584,0.27567637428796604,0.2,0.45,8,12,0,0.375,0.3333333333333333,1,2,1,1,baseline_edge_mean,0.21637615263462068,>=,proxy_or_output_feature,0.4
rule,20,31.228329757367,0.9829511553049087,-0.029691297352585622,-0.30897627364963026,0.0,-1.0130053282942584,0.27567637428796604,0.2,0.45,8,12,0,0.375,0.3333333333333333,1,2,1,1,lfv1_edge_mean,0.21629299223423004,>=,proxy_or_output_feature,0.4
rule,20,31.228329757367,0.9829511553049087,-0.029691297352585622,-0.30897627364963026,0.0,-1.0130053282942584,0.27567637428796604,0.2,0.45,8,12,0,0.375,0.3333333333333333,1,2,1,1,residual_edge_mean,0.2180216431617737,>=,proxy_or_output_feature,0.4
rule,20,31.228149637961288,0.9827989399433136,-0.02987141675830305,-0.3091563930553477,0.0,-0.6924603193774662,0.8274756218343117,0.35,0.6,7,13,0,0.5714285714285714,0.4444444444444444,3,0,4,0,rescalib_from_baseline_residual_norm_ratio,0.46164764464900265,<=,gt_aware_diagnostic,0.35
rule,20,31.227689639842616,0.9830650061368942,-0.030331414876972752,-0.3096163911740174,0.0,-1.0130053282942584,0.07859634786275654,0.2,0.4,7,13,0,0.2857142857142857,0.2222222222222222,1,2,1,1,baseline_lap_var,0.1635660484433174,>=,proxy_or_output_feature,0.35
rule,20,31.227689639842616,0.9830650061368942,-0.030331414876972752,-0.3096163911740174,0.0,-1.0130053282942584,0.07859634786275654,0.2,0.4,7,13,0,0.2857142857142857,0.2222222222222222,1,2,1,1,lfv1_lap_var,0.15736091807484626,>=,proxy_or_output_feature,0.35
rule,20,31.227689639842616,0.9830650061368942,-0.030331414876972752,-0.3096163911740174,0.0,-1.0130053282942584,0.07859634786275654,0.2,0.4,7,13,0,0.2857142857142857,0.2222222222222222,1,2,1,1,residual_lap_var,0.1581351302564144,>=,proxy_or_output_feature,0.35
rule,20,31.226941963050866,0.9824904501438141,-0.03107909166873064,-0.31036406796577526,0.0,-1.171027633423447,1.2033953165351896,0.5,0.6,7,13,0,0.5714285714285714,0.4444444444444444,0,3,4,0,residual_lfv1_saturation_mean_delta,0.004792710393667221,>=,proxy_or_output_feature,0.35
rule,20,31.22684300551513,0.9824888437986374,-0.031178049204464032,-0.31046302550150867,0.0,-0.780381878890004,0.8274756218343117,0.35,0.6,11,9,0,0.5454545454545454,0.6666666666666666,2,2,4,1,baseline_luma_std_delta,-0.0006912969052791592,>=,gt_aware_diagnostic,0.55
rule,20,31.226711480228108,0.9827426344156265,-0.03130957449147953,-0.31059455078852416,0.0,-0.1634063611634738,0.34269366220807096,0.3,0.55,6,14,0,0.5,0.3333333333333333,0,2,1,1,lfv1_from_baseline_residual_norm_ratio,0.8254974682401248,>=,gt_aware_diagnostic,0.3
rule,20,31.225827413258365,0.9826793372631073,-0.03219364146123134,-0.31147861775827596,0.0,-1.1624437592233179,1.2176118705098782,0.3,0.5,11,9,0,0.45454545454545453,0.5555555555555556,3,2,4,1,baseline_lap_var_ratio_gt,0.9936226665973664,>=,gt_aware_diagnostic,0.55
rule,20,31.225794706066466,0.9824417233467102,-0.03222634865312592,-0.31151132495017053,0.0,-2.0018461689531577,1.4852778838082745,0.4,0.55,10,10,0,0.5,0.5555555555555556,2,2,4,1,lfv1_lap_var_ratio_gt,1.002628207206726,>=,gt_aware_diagnostic,0.5
rule,20,31.225585033363064,0.9828412890434265,-0.03243602135652317,-0.3117209976535678,0.0,-1.1624437592233179,1.2384055230704805,0.35,0.55,14,6,0,0.5,0.7777777777777778,3,2,6,0,residual_lfv1_dark_channel_mean_delta_abs,0.009715276956558229,<=,proxy_or_output_feature,0.7
rule,20,31.225103407350055,0.9829614639282227,-0.032917647369535355,-0.31220262366657997,0.0,-0.03313805152643428,0.0,0.2,0.5,3,17,0,0.3333333333333333,0.1111111111111111,2,0,0,0,residual_lfv1_saturation_mean_delta_abs,0.0014598235487937928,<=,proxy_or_output_feature,0.15
rule,20,31.22499067275077,0.9824310958385467,-0.03303038196881616,-0.31231535826586077,0.0,-1.1624437592233179,1.2176118705098782,0.4,0.6,9,11,0,0.5555555555555556,0.5555555555555556,1,2,4,1,lfv1_saturation_bias,0.0031759288161993023,>=,gt_aware_diagnostic,0.45
rule,20,31.224449464912947,0.982799032330513,-0.03357158980663914,-0.3128565661036838,0.0,-0.05717221713469099,0.0,0.25,0.5,3,17,0,0.3333333333333333,0.1111111111111111,1,1,0,1,lfv1_lap_var_ratio_gt,1.084179049730301,>=,gt_aware_diagnostic,0.15
rule,20,31.22438199313394,0.9829478353261948,-0.03363906158565442,-0.31292403788269907,0.0,-0.40605208328650527,0.34038325636800404,0.2,0.45,8,12,0,0.375,0.3333333333333333,2,1,2,0,lfv1_dark_channel_abs_bias,0.006562352180480957,<=,gt_aware_diagnostic,0.4
rule,20,31.223774303008973,0.9828635305166245,-0.03424675171061686,-0.3135317280076615,0.0,-0.40605208328650527,0.024474973922054836,0.15,0.4,7,13,0,0.2857142857142857,0.2222222222222222,2,1,1,0,residual_lfv1_luma_mean_delta_abs,0.0028637915849685667,<=,proxy_or_output_feature,0.35
rule,20,31.223774303008973,0.9828635305166245,-0.03424675171061686,-0.3135317280076615,0.0,-0.40605208328650527,0.024474973922054836,0.15,0.4,7,13,0,0.2857142857142857,0.2222222222222222,2,1,1,0,residual_lfv1_dark_channel_mean_delta_abs,0.004044108092784882,<=,proxy_or_output_feature,0.35
rule,20,31.22313453329472,0.9826870083808898,-0.03488652142487236,-0.314171497721917,0.0,-1.793350469773175,1.4852778838082745,0.25,0.45,14,6,0,0.42857142857142855,0.6666666666666666,3,3,4,1,baseline_luma_std_delta,0.001769937574863434,<=,gt_aware_diagnostic,0.7
rule,20,31.223122019768518,0.9826292753219604,-0.03489903495106965,-0.3141840112481143,0.0,0.0,0.03215664225274334,0.35,0.6,3,17,0,0.6666666666666666,0.2222222222222222,0,1,1,1,airlight,0.94,>=,proxy_or_output_feature,0.15
rule,20,31.223081503137376,0.9825309008359909,-0.0349395515822124,-0.31422452787925703,0.0,-0.35541468087259925,0.5772108287680324,0.4,0.6,7,13,0,0.5714285714285714,0.4444444444444444,2,1,4,0,lfv1_luma_std_delta,0.00031898915767669645,>=,gt_aware_diagnostic,0.35
rule,20,31.222312917415934,0.9829431027173996,-0.035708137303656254,-0.31499311360070087,0.0,0.0,0.07859634786275654,0.4,0.6,3,17,0,0.6666666666666666,0.2222222222222222,0,1,2,0,residual_lfv1_saturation_mean_delta,0.008206609636545181,>=,proxy_or_output_feature,0.15
rule,20,31.222304202722476,0.9824678868055343,-0.035716851997111124,-0.31500182829415574,0.0,-2.0018461689531577,1.4852778838082745,0.35,0.5,11,9,0,0.45454545454545453,0.5555555555555556,2,2,4,1,lfv1_lap_var_ratio_gt,0.9938909947872162,>=,gt_aware_diagnostic,0.55
rule,20,31.222298018647724,0.9821772634983063,-0.03572303607187059,-0.31500801236891524,0.0,-1.171027633423447,1.2176118705098782,0.45,0.6,9,11,0,0.5555555555555556,0.5555555555555556,0,3,3,1,lfv1_from_baseline_residual_cosine,0.18737075403332717,<=,gt_aware_diagnostic,0.45
rule,20,31.222298018647724,0.9821772634983063,-0.03572303607187059,-0.31500801236891524,0.0,-1.171027633423447,1.2176118705098782,0.45,0.6,9,11,0,0.5555555555555556,0.5555555555555556,0,3,3,1,lfv1_from_baseline_luma_residual_cosine,0.2184061072766781,<=,gt_aware_diagnostic,0.45
rule,20,31.222113885044088,0.9823834627866745,-0.0359071696755052,-0.31519214597254985,0.0,-2.6649188414797154,1.4852778838082745,0.5,0.6,17,3,0,0.5294117647058824,1.0,1,5,7,1,lfv1_from_baseline_lf_mse_delta,-0.00031239770469255746,>=,gt_aware_diagnostic,0.85
rule,20,31.221612904006072,0.9829876273870468,-0.03640815071352055,-0.3156931270105652,0.0,-0.0959671117181678,0.0,0.15,0.45,4,16,0,0.25,0.1111111111111111,2,0,0,0,residual_lfv1_saturation_mean_delta_abs,0.0015230029821395874,<=,proxy_or_output_feature,0.2
rule,20,31.221410235106635,0.9829744338989258,-0.036610819612953274,-0.3158957959099979,0.0,-1.8736248058668765,1.4852778838082745,0.35,0.5,17,3,0,0.47058823529411764,0.8888888888888888,3,4,6,1,lfv1_luma_bias,-0.023183725774288177,>=,gt_aware_diagnostic,0.85
rule,20,31.220334649060625,0.9828021913766861,-0.037686405658964084,-0.3169713819560087,0.0,-1.0130053282942584,1.2384055230704805,0.25,0.45,10,10,0,0.4,0.4444444444444444,1,3,2,1,baseline_mae,0.01766875758767128,<=,gt_aware_diagnostic,0.5
rule,20,31.220334649060625,0.9828021913766861,-0.037686405658964084,-0.3169713819560087,0.0,-1.0130053282942584,1.2384055230704805,0.25,0.45,10,10,0,0.4,0.4444444444444444,1,3,2,1,baseline_rmse,0.02620151825249195,<=,gt_aware_diagnostic,0.5
rule,20,31.220334649060625,0.9828021913766861,-0.037686405658964084,-0.3169713819560087,0.0,-1.0130053282942584,1.2384055230704805,0.25,0.45,10,10,0,0.4,0.4444444444444444,1,3,2,1,baseline_delta_e_mean,2.1393877267837524,<=,gt_aware_diagnostic,0.5
rule,20,31.220334649060625,0.9828021913766861,-0.037686405658964084,-0.3169713819560087,0.0,-1.0130053282942584,1.2384055230704805,0.25,0.45,10,10,0,0.4,0.4444444444444444,1,3,2,1,baseline_delta_e_p95,5.8282599449157715,<=,gt_aware_diagnostic,0.5
rule,20,31.220334649060625,0.9828021913766861,-0.037686405658964084,-0.3169713819560087,0.0,-1.0130053282942584,1.2384055230704805,0.25,0.45,10,10,0,0.4,0.4444444444444444,1,3,2,1,lfv1_mae,0.019472425803542137,<=,gt_aware_diagnostic,0.5
rule,20,31.220334649060625,0.9828021913766861,-0.037686405658964084,-0.3169713819560087,0.0,-1.0130053282942584,1.2384055230704805,0.25,0.45,10,10,0,0.4,0.4444444444444444,1,3,2,1,lfv1_rmse,0.0277879498898983,<=,gt_aware_diagnostic,0.5
rule,20,31.220213204313232,0.9824324905872345,-0.03780785040635522,-0.31709282670339983,0.0,-0.05717221713469099,0.36800612813744205,0.4,0.6,5,15,0,0.6,0.3333333333333333,1,1,3,0,lfv1_from_baseline_residual_norm_ratio,0.34573232569412204,<=,gt_aware_diagnostic,0.25
rule,20,31.219653081808634,0.9826266199350357,-0.038367972910963034,-0.3176529492080077,0.0,-2.0018461689531577,1.4852778838082745,0.4,0.55,16,4,0,0.5,0.8888888888888888,2,4,6,1,residual_delta_e_mean,4.133718395233155,<=,gt_aware_diagnostic,0.8
rule,20,31.219506795737924,0.9826017409563065,-0.038514258981665425,-0.31779923527871007,0.0,-0.1837825988464467,1.2033953165351896,0.4,0.6,7,13,0,0.5714285714285714,0.4444444444444444,0,2,3,0,image_id,636.8,>=,proxy_or_output_feature,0.35
rule,20,31.219312915498996,0.9823173999786377,-0.03870813922059959,-0.3179931155176442,0.0,-0.780381878890004,0.2555588258498681,0.3,0.5,5,15,0,0.4,0.2222222222222222,1,2,1,1,residual_lfv1_luma_std_delta,0.0027117207646369934,>=,proxy_or_output_feature,0.25
rule,20,31.219013071760106,0.9824337780475616,-0.039007982959485335,-0.31829295925652995,0.0,-0.6924603193774662,0.8274756218343117,0.45,0.65,8,12,0,0.625,0.5555555555555556,2,1,5,0,rescalib_from_lfv1_residual_norm_ratio,0.4674780799222701,<=,gt_aware_diagnostic,0.4
rule,20,31.218541958455535,0.9829228311777115,-0.03947909626405188,-0.3187640725610965,0.0,-1.14819694110262,1.3573288980360791,0.25,0.45,12,8,0,0.4166666666666667,0.5555555555555556,2,3,3,1,residual_dark_channel_abs_bias,0.01756311357021332,<=,gt_aware_diagnostic,0.6
rule,20,31.218453696665573,0.982228022813797,-0.039567358054021895,-0.3188523343510665,0.0,-1.995246574251296,1.4852778838082745,0.5,0.6,15,5,0,0.5333333333333333,0.8888888888888888,3,3,7,1,baseline_luma_std,0.2885949909687042,<=,proxy_or_output_feature,0.75
rule,20,31.218453696665573,0.982228022813797,-0.039567358054021895,-0.3188523343510665,0.0,-1.995246574251296,1.4852778838082745,0.5,0.6,15,5,0,0.5333333333333333,0.8888888888888888,3,3,7,1,lfv1_luma_std,0.28486689925193787,<=,proxy_or_output_feature,0.75
rule,20,31.218453696665573,0.982228022813797,-0.039567358054021895,-0.3188523343510665,0.0,-1.995246574251296,1.4852778838082745,0.5,0.6,15,5,0,0.5333333333333333,0.8888888888888888,3,3,7,1,residual_luma_std,0.2869869992136955,<=,proxy_or_output_feature,0.75
rule,20,31.21844737090695,0.9824184894561767,-0.039573683812642105,-0.3188586601096867,0.0,-1.995246574251296,1.4852778838082745,0.35,0.5,17,3,0,0.47058823529411764,0.8888888888888888,3,4,6,1,baseline_luma_std_delta,-0.004516269266605377,>=,gt_aware_diagnostic,0.85
rule,20,31.21844446959775,0.9830618739128113,-0.039576585121837836,-0.31886156141888244,0.0,-0.05717221713469099,0.0,0.3,0.5,3,17,0,0.3333333333333333,0.1111111111111111,1,1,1,0,lfv1_saturation_bias,-0.01259007677435875,<=,gt_aware_diagnostic,0.15
rule,20,31.21844446959775,0.9830618739128113,-0.039576585121837836,-0.31886156141888244,0.0,-0.05717221713469099,0.0,0.3,0.5,3,17,0,0.3333333333333333,0.1111111111111111,1,1,1,0,residual_saturation_bias,-0.007314064353704452,<=,gt_aware_diagnostic,0.15
rule,20,31.218096021898088,0.982454526424408,-0.03992503282150608,-0.3192100091185507,0.0,-0.780381878890004,0.8274756218343117,0.4,0.6,9,11,0,0.5555555555555556,0.5555555555555556,2,2,4,1,baseline_luma_std_delta,0.00019363015890121375,>=,gt_aware_diagnostic,0.45
rule,20,31.217927066132063,0.9832269966602325,-0.04009398858752178,-0.3193789648845664,0.0,-0.6151272551839586,0.2988711131612466,0.2,0.45,8,12,0,0.375,0.3333333333333333,2,2,2,0,lfv1_luma_bias,-0.0015720486640930175,>=,gt_aware_diagnostic,0.4
rule,20,31.217571478745107,0.9828903466463089,-0.040449575974487215,-0.31973455227153186,0.0,-1.793350469773175,1.4852778838082745,0.3,0.5,17,3,0,0.47058823529411764,0.8888888888888888,4,3,6,1,residual_luma_abs_bias_regression_vs_lfv1,0.008545187115669251,<=,gt_aware_diagnostic,0.85
rule,20,31.217571478745107,0.9828903466463089,-0.040449575974487215,-0.31973455227153186,0.0,-1.793350469773175,1.4852778838082745,0.3,0.5,17,3,0,0.47058823529411764,0.8888888888888888,4,3,6,1,residual_dark_channel_abs_bias_regression_vs_lfv1,0.010605765879154204,<=,gt_aware_diagnostic,0.85
rule,20,31.216125923299472,0.9826191991567612,-0.04189513142011823,-0.3211801077171629,0.0,-0.7067071374981642,0.6187229719747899,0.3,0.55,6,14,0,0.5,0.3333333333333333,2,1,2,1,baseline_lap_var_ratio_gt,1.055607509613037,>=,gt_aware_diagnostic,0.3
rule,20,31.21539917777911,0.9829030156135559,-0.042621876940486914,-0.32190685323753154,0.0,-0.6223595737608154,0.3448113892641615,0.3,0.5,9,11,0,0.4444444444444444,0.4444444444444444,1,2,3,0,baseline_luma_std,0.2711177408695221,>=,proxy_or_output_feature,0.45
rule,20,31.21539917777911,0.9829030156135559,-0.042621876940486914,-0.32190685323753154,0.0,-0.6223595737608154,0.3448113892641615,0.3,0.5,9,11,0,0.4444444444444444,0.4444444444444444,1,2,3,0,residual_luma_std,0.2675497025251388,>=,proxy_or_output_feature,0.45
rule,20,31.21496319332159,0.9822541862726212,-0.04305786139800709,-0.32234283769505173,0.0,-1.995246574251296,1.4852778838082745,0.45,0.55,16,4,0,0.5,0.8888888888888888,3,3,7,1,baseline_luma_std,0.2915168285369873,<=,proxy_or_output_feature,0.8
rule,20,31.21496319332159,0.9822541862726212,-0.04305786139800709,-0.32234283769505173,0.0,-1.995246574251296,1.4852778838082745,0.45,0.55,16,4,0,0.5,0.8888888888888888,3,3,7,1,lfv1_luma_std,0.2914742887020111,<=,proxy_or_output_feature,0.8
rule,20,31.21496319332159,0.9822541862726212,-0.04305786139800709,-0.32234283769505173,0.0,-1.995246574251296,1.4852778838082745,0.45,0.55,16,4,0,0.5,0.8888888888888888,3,3,7,1,residual_luma_std,0.29185988903045657,<=,proxy_or_output_feature,0.8
rule,20,31.21480218948262,0.9830752611160278,-0.043218865236971916,-0.32250384153401657,0.0,-1.14819694110262,0.8297860276743787,0.2,0.45,10,10,0,0.4,0.4444444444444444,4,1,4,0,lfv1_from_baseline_residual_error_ratio,1.0235662082215566,<=,gt_aware_diagnostic,0.5
rule,20,31.21480218948262,0.9830752611160278,-0.043218865236971916,-0.32250384153401657,0.0,-1.14819694110262,0.8297860276743787,0.2,0.45,10,10,0,0.4,0.4444444444444444,4,1,4,0,lfv1_from_baseline_lf_mse_delta,3.6262383218854666e-05,<=,gt_aware_diagnostic,0.5
rule,20,31.214286826046283,0.9827933132648468,-0.04373422867330223,-0.32301920497034686,0.0,-2.0018461689531577,1.4852778838082745,0.35,0.5,17,3,0,0.47058823529411764,0.8888888888888888,3,4,6,1,residual_luma_bias,-0.030646920204162598,>=,gt_aware_diagnostic,0.85
rule,20,31.213295207855595,0.9828313797712326,-0.044725846863997096,-0.32401082316104174,0.0,-1.793350469773175,1.2384055230704805,0.35,0.5,13,7,0,0.46153846153846156,0.6666666666666666,4,2,5,1,baseline_saturation_abs_bias,0.005006712861359119,>=,gt_aware_diagnostic,0.65
rule,20,31.213039815639753,0.9825986921787262,-0.04498123907983711,-0.3242662153768817,0.0,-2.0018461689531577,1.4852778838082745,0.3,0.45,14,6,0,0.42857142857142855,0.6666666666666666,3,3,5,1,lfv1_lap_var_ratio_gt,0.9802302718162537,>=,gt_aware_diagnostic,0.7
rule,20,31.212865920389028,0.9829533100128174,-0.0451551343305626,-0.32444011062760725,0.0,-0.03313805152643428,0.0,0.2,0.45,2,18,0,0.0,0.0,2,0,0,0,residual_lfv1_saturation_mean_delta_abs,0.0013593077659606934,<=,proxy_or_output_feature,0.1
rule,20,31.212860142410186,0.9822851419448853,-0.04516091230939896,-0.3244458886064436,0.0,0.0,0.05540160898947598,0.4,0.6,3,17,0,0.6666666666666666,0.2222222222222222,0,1,2,0,beta,1.766,>=,proxy_or_output_feature,0.15
rule,20,31.211949724405855,0.9824043840169907,-0.046071330313732874,-0.3253563066107775,0.0,-0.05717221713469099,0.36800612813744205,0.4,0.6,5,15,0,0.6,0.3333333333333333,1,1,3,0,lfv1_rmse,0.03588504530489445,>=,gt_aware_diagnostic,0.25
rule,20,31.21189830229573,0.982805871963501,-0.0461227524238554,-0.3254077287209,0.0,-1.2427180953170196,1.4852778838082745,0.3,0.45,12,8,0,0.4166666666666667,0.5555555555555556,1,4,3,1,baseline_mae,0.02134734019637108,<=,gt_aware_diagnostic,0.6
rule,20,31.21189830229573,0.982805871963501,-0.0461227524238554,-0.3254077287209,0.0,-1.2427180953170196,1.4852778838082745,0.3,0.45,12,8,0,0.4166666666666667,0.5555555555555556,1,4,3,1,baseline_delta_e_mean,2.509366989135742,<=,gt_aware_diagnostic,0.6
rule,20,31.211573163275396,0.982628408074379,-0.046447891444189794,-0.32573286774123444,0.0,-1.793350469773175,1.2384055230704805,0.45,0.6,13,7,0,0.5384615384615384,0.7777777777777778,3,2,6,1,lfv1_saturation_abs_bias,0.0035765916109085083,>=,gt_aware_diagnostic,0.65
rule,20,31.211491886414855,0.9829073071479797,-0.04652916830474076,-0.32581414460178537,0.0,-1.14819694110262,0.6210333778148569,0.2,0.4,9,11,0,0.3333333333333333,0.3333333333333333,3,1,3,0,baseline_luma_mean,0.5007010892033577,<=,proxy_or_output_feature,0.45
rule,20,31.211491886414855,0.9829073071479797,-0.04652916830474076,-0.32581414460178537,0.0,-1.14819694110262,0.6210333778148569,0.2,0.4,9,11,0,0.3333333333333333,0.3333333333333333,3,1,3,0,residual_luma_mean,0.502380719780922,<=,proxy_or_output_feature,0.45
rule,20,31.210698169742603,0.9828071594238281,-0.047322884976985516,-0.32660786127403013,0.0,-1.8736248058668765,1.4852778838082745,0.35,0.5,15,5,0,0.4666666666666667,0.7777777777777778,2,4,5,1,baseline_delta_e_p95,7.635197758674622,<=,gt_aware_diagnostic,0.75
rule,20,31.210698169742603,0.9828071594238281,-0.047322884976985516,-0.32660786127403013,0.0,-1.8736248058668765,1.4852778838082745,0.35,0.5,15,5,0,0.4666666666666667,0.7777777777777778,2,4,5,1,lfv1_luma_abs_bias,0.02325359731912613,<=,gt_aware_diagnostic,0.75
rule,20,31.210206223999762,0.9825093448162079,-0.0478148307198337,-0.32709980701687835,0.0,-1.8670252111650147,1.3573288980360791,0.4,0.5,13,7,0,0.46153846153846156,0.6666666666666666,2,4,5,1,lfv1_edge_error,0.013056113244965674,>=,gt_aware_diagnostic,0.65
rule,20,31.210142454464894,0.9828205376863479,-0.04787860025469666,-0.3271635765517413,0.0,-0.3988197647096485,0.34269366220807096,0.25,0.5,7,13,0,0.42857142857142855,0.3333333333333333,1,2,1,1,lfv1_from_baseline_residual_norm_ratio,0.7502451324486693,>=,gt_aware_diagnostic,0.35
rule,20,31.210096802239956,0.9823022156953811,-0.04792425247963354,-0.3272092287766782,0.0,-2.6649188414797154,1.4852778838082745,0.5,0.6,17,3,0,0.5294117647058824,1.0,1,5,7,1,lfv1_from_baseline_residual_error_ratio,0.8955957002655253,>=,gt_aware_diagnostic,0.85
rule,20,31.209320548168513,0.9822750836610794,-0.04870050655107185,-0.32798548284811646,0.0,-1.0973528920316071,0.8274756218343117,0.35,0.55,6,14,0,0.5,0.3333333333333333,1,2,2,1,lfv1_luma_std,0.2476485103368759,<=,proxy_or_output_feature,0.3
rule,20,31.209320548168513,0.9822750836610794,-0.04870050655107185,-0.32798548284811646,0.0,-1.0973528920316071,0.8274756218343117,0.35,0.55,6,14,0,0.5,0.3333333333333333,1,2,2,1,residual_luma_std,0.2484407380223274,<=,proxy_or_output_feature,0.3
rule,20,31.20842009944379,0.9829026997089386,-0.049600955275795576,-0.3288859315728402,0.0,-1.0831060739109093,0.5772108287680324,0.3,0.55,8,12,0,0.5,0.4444444444444444,3,1,3,1,image_id,412.2,<=,proxy_or_output_feature,0.4
rule,20,31.20721500076804,0.9830597221851349,-0.05080605395155402,-0.33009103024859865,0.0,-0.3988197647096485,0.024474973922054836,0.2,0.45,6,14,0,0.3333333333333333,0.2222222222222222,1,2,1,0,residual_delta_e_p95,4.826745176315308,<=,gt_aware_diagnostic,0.3
rule,20,31.20716797097606,0.9821778804063797,-0.05085308374353161,-0.3301380600405762,0.0,-2.6649188414797154,1.4852778838082745,0.55,0.65,12,8,0,0.5833333333333334,0.7777777777777778,0,4,5,1,lfv1_from_baseline_residual_cosine,0.2928920865058899,<=,gt_aware_diagnostic,0.6
rule,20,31.207085835595628,0.9827219843864441,-0.050935219123968166,-0.3302201954210128,0.0,-1.793350469773175,1.2176118705098782,0.3,0.55,8,12,0,0.5,0.4444444444444444,3,1,3,1,residual_highfreq_abs_error,0.0008245181292295458,>=,gt_aware_diagnostic,0.4
rule,20,31.20684710016111,0.9829398691654205,-0.05117395455847795,-0.3304589308555226,0.0,-0.05717221713469099,0.0,0.3,0.5,3,17,0,0.3333333333333333,0.1111111111111111,1,1,1,0,image_id,136.95000000000002,<=,proxy_or_output_feature,0.15
rule,20,31.206596096611303,0.9822761535644531,-0.05142495810829058,-0.3307099344053352,0.0,-1.995246574251296,1.4852778838082745,0.45,0.6,13,7,0,0.5384615384615384,0.7777777777777778,3,3,6,1,baseline_luma_std,0.2756167560815811,<=,proxy_or_output_feature,0.65
rule,20,31.206596096611303,0.9822761535644531,-0.05142495810829058,-0.3307099344053352,0.0,-1.995246574251296,1.4852778838082745,0.45,0.6,13,7,0,0.5384615384615384,0.7777777777777778,3,3,6,1,lfv1_luma_std,0.27480899840593337,<=,proxy_or_output_feature,0.65
rule,20,31.206596096611303,0.9822761535644531,-0.05142495810829058,-0.3307099344053352,0.0,-1.995246574251296,1.4852778838082745,0.45,0.6,13,7,0,0.5384615384615384,0.7777777777777778,3,3,6,1,residual_luma_std,0.276658920943737,<=,proxy_or_output_feature,0.65
rule,20,31.20621969752135,0.9821766823530197,-0.05180135719824204,-0.33108633349528666,0.0,-1.171027633423447,1.2176118705098782,0.4,0.55,8,12,0,0.5,0.4444444444444444,0,3,2,1,lfv1_from_baseline_residual_cosine,0.11466507017612455,<=,gt_aware_diagnostic,0.4
rule,20,31.205883530090528,0.9825019389390945,-0.05213752462906669,-0.3314225009261113,0.0,-1.2361185006151576,1.2176118705098782,0.35,0.5,13,7,0,0.46153846153846156,0.6666666666666666,2,3,5,0,residual_lfv1_lap_var_delta_abs,0.001991185918450355,<=,proxy_or_output_feature,0.65
rule,20,31.205403557103843,0.9821483820676804,-0.05261749761575043,-0.33190247391279504,0.0,-2.6649188414797154,1.4852778838082745,0.4,0.55,14,6,0,0.5,0.7777777777777778,1,4,5,1,image_id,307.5,>=,proxy_or_output_feature,0.7
rule,20,31.204241900889734,0.9829207628965377,-0.05377915382985528,-0.3330641301268999,0.0,-0.006981006687970399,0.0,0.25,0.45,2,18,0,0.0,0.0,0,1,0,0,baseline_highfreq_abs_error,0.00015778765082359312,<=,gt_aware_diagnostic,0.1
rule,20,31.204185391168505,0.9825893968343735,-0.05383566355108105,-0.3331206398481257,0.0,0.0,0.12010849106951398,0.4,0.6,3,17,0,0.6666666666666666,0.2222222222222222,0,1,2,0,image_id,864.8999999999999,>=,proxy_or_output_feature,0.15
rule,20,31.20413488318686,0.9824319094419479,-0.05388617153272666,-0.3331711478297713,0.0,-0.05717221713469099,0.07859634786275654,0.35,0.55,4,16,0,0.5,0.2222222222222222,1,1,2,0,lfv1_from_baseline_residual_norm_ratio,0.2480114998280309,<=,gt_aware_diagnostic,0.2
rule,20,31.20357476068226,0.9826260387897492,-0.054446294037334475,-0.3337312703343791,0.0,-2.0018461689531577,1.4852778838082745,0.35,0.5,15,5,0,0.4666666666666667,0.7777777777777778,2,4,5,1,baseline_mae,0.03269087662920356,<=,gt_aware_diagnostic,0.75
rule,20,31.20357476068226,0.9826260387897492,-0.054446294037334475,-0.3337312703343791,0.0,-2.0018461689531577,1.4852778838082745,0.35,0.5,15,5,0,0.4666666666666667,0.7777777777777778,2,4,5,1,baseline_rmse,0.03989216033369303,<=,gt_aware_diagnostic,0.75
rule,20,31.20357476068226,0.9826260387897492,-0.054446294037334475,-0.3337312703343791,0.0,-2.0018461689531577,1.4852778838082745,0.35,0.5,15,5,0,0.4666666666666667,0.7777777777777778,2,4,5,1,baseline_delta_e_mean,3.5333749651908875,<=,gt_aware_diagnostic,0.75
rule,20,31.20357476068226,0.9826260387897492,-0.054446294037334475,-0.3337312703343791,0.0,-2.0018461689531577,1.4852778838082745,0.35,0.5,15,5,0,0.4666666666666667,0.7777777777777778,2,4,5,1,lfv1_mae,0.029328152537345886,<=,gt_aware_diagnostic,0.75
rule,20,31.20357476068226,0.9826260387897492,-0.054446294037334475,-0.3337312703343791,0.0,-2.0018461689531577,1.4852778838082745,0.35,0.5,15,5,0,0.4666666666666667,0.7777777777777778,2,4,5,1,lfv1_delta_e_mean,3.3385146856307983,<=,gt_aware_diagnostic,0.75
rule,20,31.20357476068226,0.9826260387897492,-0.054446294037334475,-0.3337312703343791,0.0,-2.0018461689531577,1.4852778838082745,0.35,0.5,15,5,0,0.4666666666666667,0.7777777777777778,2,4,5,1,residual_mae,0.03471038118004799,<=,gt_aware_diagnostic,0.75
rule,20,31.20357476068226,0.9826260387897492,-0.054446294037334475,-0.3337312703343791,0.0,-2.0018461689531577,1.4852778838082745,0.35,0.5,15,5,0,0.4666666666666667,0.7777777777777778,2,4,5,1,residual_rmse,0.04218180105090141,<=,gt_aware_diagnostic,0.75
rule,20,31.20357476068226,0.9826260387897492,-0.054446294037334475,-0.3337312703343791,0.0,-2.0018461689531577,1.4852778838082745,0.35,0.5,15,5,0,0.4666666666666667,0.7777777777777778,2,4,5,1,residual_delta_e_mean,3.7629827857017517,<=,gt_aware_diagnostic,0.75
rule,20,31.20357476068226,0.9826260387897492,-0.054446294037334475,-0.3337312703343791,0.0,-2.0018461689531577,1.4852778838082745,0.35,0.5,15,5,0,0.4666666666666667,0.7777777777777778,2,4,5,1,residual_luma_abs_bias,0.03075575828552246,<=,gt_aware_diagnostic,0.75
rule,20,31.203378564829045,0.9829125374555587,-0.05464248989053981,-0.33392746618758445,0.0,-0.17791036516524786,0.07859634786275654,0.3,0.55,4,16,0,0.5,0.2222222222222222,1,1,1,1,lfv1_highfreq_abs_error,0.0014338936656713482,>=,gt_aware_diagnostic,0.2
rule,20,31.203378564829045,0.9829125374555587,-0.05464248989053981,-0.33392746618758445,0.0,-0.17791036516524786,0.07859634786275654,0.3,0.55,4,16,0,0.5,0.2222222222222222,1,1,1,1,residual_highfreq_abs_error,0.001369814947247505,>=,gt_aware_diagnostic,0.2
rule,20,31.20299427969594,0.9830110102891922,-0.055026775023656785,-0.3343117513207014,0.0,-0.3988197647096485,0.024474973922054836,0.2,0.4,7,13,0,0.2857142857142857,0.2222222222222222,1,2,1,0,baseline_delta_e_p95,5.059055733680726,<=,gt_aware_diagnostic,0.35
rule,20,31.20299427969594,0.9830110102891922,-0.055026775023656785,-0.3343117513207014,0.0,-0.3988197647096485,0.024474973922054836,0.2,0.4,7,13,0,0.2857142857142857,0.2222222222222222,1,2,1,0,lfv1_mae,0.016260040923953056,<=,gt_aware_diagnostic,0.35
rule,20,31.20299427969594,0.9830110102891922,-0.055026775023656785,-0.3343117513207014,0.0,-0.3988197647096485,0.024474973922054836,0.2,0.4,7,13,0,0.2857142857142857,0.2222222222222222,1,2,1,0,lfv1_rmse,0.023168642539530996,<=,gt_aware_diagnostic,0.35
rule,20,31.20299427969594,0.9830110102891922,-0.055026775023656785,-0.3343117513207014,0.0,-0.3988197647096485,0.024474973922054836,0.2,0.4,7,13,0,0.2857142857142857,0.2222222222222222,1,2,1,0,lfv1_delta_e_p95,5.5418458700180055,<=,gt_aware_diagnostic,0.35
rule,20,31.20293776997471,0.9826796442270279,-0.055083284744882555,-0.3343682610419272,0.0,-0.40605208328650527,1.2033953165351896,0.35,0.55,8,12,0,0.5,0.4444444444444444,1,2,3,0,image_id,591.8,>=,proxy_or_output_feature,0.4
rule,20,31.202865114523526,0.9826732724905014,-0.05515594019607093,-0.3344409164931156,0.0,-1.793350469773175,1.2176118705098782,0.3,0.5,9,11,0,0.4444444444444444,0.4444444444444444,3,1,3,1,baseline_saturation_abs_bias,0.008177404105663299,>=,gt_aware_diagnostic,0.45
rule,20,31.202714211021863,0.9821336716413498,-0.05530684369772665,-0.3345918199947713,0.0,-1.995246574251296,1.4852778838082745,0.5,0.6,11,9,0,0.5454545454545454,0.6666666666666666,1,3,5,1,airlight,0.81,>=,proxy_or_output_feature,0.55
rule,20,31.2023753755392,0.9822274416685104,-0.055645679180393336,-0.33493065547743794,0.0,-1.995246574251296,1.4852778838082745,0.45,0.55,14,6,0,0.5,0.7777777777777778,3,3,6,1,baseline_luma_std,0.2820648461580277,<=,proxy_or_output_feature,0.7
rule,20,31.2023753755392,0.9822274416685104,-0.055645679180393336,-0.33493065547743794,0.0,-1.995246574251296,1.4852778838082745,0.45,0.55,14,6,0,0.5,0.7777777777777778,3,3,6,1,lfv1_luma_std,0.27964472472667695,<=,proxy_or_output_feature,0.7
rule,20,31.2023753755392,0.9822274416685104,-0.055645679180393336,-0.33493065547743794,0.0,-1.995246574251296,1.4852778838082745,0.45,0.55,14,6,0,0.5,0.7777777777777778,3,3,6,1,residual_luma_std,0.28044105768203736,<=,proxy_or_output_feature,0.7
rule,20,31.201689212024405,0.9828787237405777,-0.056331842695179726,-0.33561681899222434,0.0,-0.05717221713469099,0.0,0.25,0.5,3,17,0,0.3333333333333333,0.1111111111111111,2,0,1,0,lfv1_from_baseline_residual_cosine,0.5501486539840698,>=,gt_aware_diagnostic,0.15
rule,20,31.201689212024405,0.9828787237405777,-0.056331842695179726,-0.33561681899222434,0.0,-0.05717221713469099,0.0,0.25,0.5,3,17,0,0.3333333333333333,0.1111111111111111,2,0,1,0,lfv1_from_baseline_luma_residual_cosine,0.549749207496643,>=,gt_aware_diagnostic,0.15
rule,20,31.20124063700799,0.9828077912330627,-0.0567804177115951,-0.3360653940086397,0.0,0.0,0.0,0.3,0.55,2,18,0,0.5,0.1111111111111111,1,0,1,0,residual_luma_std,0.23589517176151276,<=,proxy_or_output_feature,0.1
rule,20,31.199895523873188,0.9828191667795181,-0.05812553084640122,-0.33741050714344584,0.0,-0.008441442144205532,0.0,0.25,0.45,2,18,0,0.0,0.0,0,1,0,0,residual_lfv1_luma_std_delta_abs,0.00010606944561004637,<=,proxy_or_output_feature,0.1
rule,20,31.199445719086953,0.9830995082855225,-0.058575335632630045,-0.3378603119296747,0.0,-0.6151272551839586,0.2988711131612466,0.25,0.5,7,13,0,0.42857142857142855,0.3333333333333333,2,1,2,0,lfv1_saturation_bias,-0.0011631220579147337,<=,gt_aware_diagnostic,0.35
rule,20,31.199366890517148,0.9820895344018936,-0.058654164202444826,-0.3379391404994895,0.0,-1.995246574251296,1.3365352454754769,0.35,0.55,8,12,0,0.5,0.4444444444444444,2,2,3,1,residual_lfv1_luma_std_delta,0.0009770095348358154,>=,proxy_or_output_feature,0.4
rule,20,31.198794646872663,0.9826734334230423,-0.05922640784692686,-0.33851138414397147,0.0,-1.1624437592233179,1.2384055230704805,0.3,0.5,11,9,0,0.45454545454545453,0.5555555555555556,2,2,4,0,residual_lfv1_luma_mean_delta_abs,0.004359298944473266,<=,proxy_or_output_feature,0.55
rule,20,31.19852367892529,0.9823095858097076,-0.059497375794301276,-0.3387823520913459,0.0,-1.995246574251296,1.4852778838082745,0.45,0.55,16,4,0,0.5,0.8888888888888888,3,4,7,1,baseline_edge_error,0.01132758017629385,>=,gt_aware_diagnostic,0.8
rule,20,31.19819038230163,0.9828043967485428,-0.05983067241795954,-0.33911564871500416,0.0,-1.8736248058668765,1.4852778838082745,0.35,0.5,17,3,0,0.47058823529411764,0.8888888888888888,3,4,6,1,baseline_luma_std,0.24295096173882486,>=,proxy_or_output_feature,0.85
rule,20,31.19819038230163,0.9828043967485428,-0.05983067241795954,-0.33911564871500416,0.0,-1.8736248058668765,1.4852778838082745,0.35,0.5,17,3,0,0.47058823529411764,0.8888888888888888,3,4,6,1,lfv1_luma_std,0.237765434384346,>=,proxy_or_output_feature,0.85
rule,20,31.19819038230163,0.9828043967485428,-0.05983067241795954,-0.33911564871500416,0.0,-1.8736248058668765,1.4852778838082745,0.35,0.5,17,3,0,0.47058823529411764,0.8888888888888888,3,4,6,1,residual_luma_std,0.23715831860899927,>=,proxy_or_output_feature,0.85
rule,20,31.197654576025634,0.9828264474868774,-0.06036647869395555,-0.3396514549910002,0.0,-1.14819694110262,1.2033953165351896,0.3,0.5,11,9,0,0.45454545454545453,0.5555555555555556,2,2,4,0,lfv1_dark_channel_abs_bias,0.010534921288490295,<=,gt_aware_diagnostic,0.55
rule,20,31.197216886729223,0.982830798625946,-0.06080416799036854,-0.34008914428741316,0.0,-1.793350469773175,1.2384055230704805,0.3,0.45,12,8,0,0.4166666666666667,0.5555555555555556,4,2,4,1,baseline_saturation_abs_bias,0.0053305581212043755,>=,gt_aware_diagnostic,0.6
rule,20,31.1967666766317,0.982866907119751,-0.06125437808788625,-0.3405393543849309,0.0,0.0,0.0,0.3,0.55,2,18,0,0.5,0.1111111111111111,1,0,1,0,baseline_edge_error,0.019571214169263846,>=,gt_aware_diagnostic,0.1
rule,20,31.1967666766317,0.982866907119751,-0.06125437808788625,-0.3405393543849309,0.0,0.0,0.0,0.3,0.55,2,18,0,0.5,0.1111111111111111,1,0,1,0,residual_edge_error,0.019153532199561597,>=,gt_aware_diagnostic,0.1
rule,20,31.196688598712115,0.9825986921787262,-0.061332456007478164,-0.3406174323045228,0.0,-0.7067071374981642,0.13663545088426954,0.25,0.5,5,15,0,0.4,0.2222222222222222,2,1,1,1,lfv1_lap_var_ratio_gt,1.0624020099639893,>=,gt_aware_diagnostic,0.25
rule,20,31.1966840963152,0.9827939629554748,-0.061336958404390886,-0.34062193470143554,0.0,-1.793350469773175,1.2384055230704805,0.35,0.55,16,4,0,0.5,0.8888888888888888,4,2,7,0,residual_lfv1_dark_channel_mean_delta_abs,0.01163468062877655,<=,proxy_or_output_feature,0.8
rule,20,31.196405020529205,0.9828453302383423,-0.061616034190386415,-0.34090101048743104,0.0,-0.07127050233593905,0.0,0.2,0.4,3,17,0,0.0,0.0,0,1,0,0,baseline_dark_channel_mean,0.2019411325454712,<=,proxy_or_output_feature,0.15
rule,20,31.196405020529205,0.9828453302383423,-0.061616034190386415,-0.34090101048743104,0.0,-0.07127050233593905,0.0,0.2,0.4,3,17,0,0.0,0.0,0,1,0,0,lfv1_dark_channel_mean,0.19009810090065002,<=,proxy_or_output_feature,0.15
rule,20,31.196405020529205,0.9828453302383423,-0.061616034190386415,-0.34090101048743104,0.0,-0.07127050233593905,0.0,0.2,0.4,3,17,0,0.0,0.0,0,1,0,0,residual_dark_channel_mean,0.20079632326960564,<=,proxy_or_output_feature,0.15
rule,20,31.196294202799116,0.9829800993204116,-0.06172685192047354,-0.3410118282175182,0.0,-0.0959671117181678,0.0,0.15,0.45,4,16,0,0.25,0.1111111111111111,1,1,0,0,baseline_mae,0.00908817620947957,<=,gt_aware_diagnostic,0.2
rule,20,31.196294202799116,0.9829800993204116,-0.06172685192047354,-0.3410118282175182,0.0,-0.0959671117181678,0.0,0.15,0.45,4,16,0,0.25,0.1111111111111111,1,1,0,0,baseline_rmse,0.015761308185756207,<=,gt_aware_diagnostic,0.2
rule,20,31.196294202799116,0.9829800993204116,-0.06172685192047354,-0.3410118282175182,0.0,-0.0959671117181678,0.0,0.15,0.45,4,16,0,0.25,0.1111111111111111,1,1,0,0,baseline_delta_e_mean,1.3553572416305544,<=,gt_aware_diagnostic,0.2
rule,20,31.196294202799116,0.9829800993204116,-0.06172685192047354,-0.3410118282175182,0.0,-0.0959671117181678,0.0,0.15,0.45,4,16,0,0.25,0.1111111111111111,1,1,0,0,baseline_delta_e_p95,4.20057520866394,<=,gt_aware_diagnostic,0.2
rule,20,31.196294202799116,0.9829800993204116,-0.06172685192047354,-0.3410118282175182,0.0,-0.0959671117181678,0.0,0.15,0.45,4,16,0,0.25,0.1111111111111111,1,1,0,0,lfv1_mae,0.009962783940136433,<=,gt_aware_diagnostic,0.2
rule,20,31.196294202799116,0.9829800993204116,-0.06172685192047354,-0.3410118282175182,0.0,-0.0959671117181678,0.0,0.15,0.45,4,16,0,0.25,0.1111111111111111,1,1,0,0,lfv1_rmse,0.01743647363036871,<=,gt_aware_diagnostic,0.2
rule,20,31.196294202799116,0.9829800993204116,-0.06172685192047354,-0.3410118282175182,0.0,-0.0959671117181678,0.0,0.15,0.45,4,16,0,0.25,0.1111111111111111,1,1,0,0,lfv1_delta_e_mean,1.4510257244110107,<=,gt_aware_diagnostic,0.2
rule,20,31.196294202799116,0.9829800993204116,-0.06172685192047354,-0.3410118282175182,0.0,-0.0959671117181678,0.0,0.15,0.45,4,16,0,0.25,0.1111111111111111,1,1,0,0,lfv1_delta_e_p95,4.395457887649536,<=,gt_aware_diagnostic,0.2
rule,20,31.196294202799116,0.9829800993204116,-0.06172685192047354,-0.3410118282175182,0.0,-0.0959671117181678,0.0,0.15,0.45,4,16,0,0.25,0.1111111111111111,1,1,0,0,residual_mae,0.010463539697229862,<=,gt_aware_diagnostic,0.2
rule,20,31.196294202799116,0.9829800993204116,-0.06172685192047354,-0.3410118282175182,0.0,-0.0959671117181678,0.0,0.15,0.45,4,16,0,0.25,0.1111111111111111,1,1,0,0,residual_rmse,0.01584483701735735,<=,gt_aware_diagnostic,0.2
rule,20,31.196210226135605,0.9827833473682404,-0.061810828583985435,-0.3410958048810301,0.0,-1.793350469773175,0.8297860276743787,0.35,0.6,7,13,0,0.5714285714285714,0.4444444444444444,2,1,3,1,baseline_highfreq_abs_error,0.0011597491800785064,>=,gt_aware_diagnostic,0.35
rule,20,31.195856258627366,0.9829861491918563,-0.06216479609222016,-0.34144977238926477,0.0,-0.05717221713469099,0.03215664225274334,0.3,0.55,4,16,0,0.5,0.2222222222222222,2,0,2,0,baseline_delta_e_mean,4.281904602050782,>=,gt_aware_diagnostic,0.2
rule,20,31.195856258627366,0.9829861491918563,-0.06216479609222016,-0.34144977238926477,0.0,-0.05717221713469099,0.03215664225274334,0.3,0.55,4,16,0,0.5,0.2222222222222222,2,0,2,0,baseline_luma_abs_bias,0.02586856484413146,>=,gt_aware_diagnostic,0.2
rule,20,31.19557060153942,0.982055875658989,-0.06245045318017173,-0.34173542947721636,0.0,-2.6649188414797154,1.4852778838082745,0.55,0.65,12,8,0,0.5833333333333334,0.7777777777777778,0,4,5,1,lfv1_from_baseline_luma_residual_cosine,0.3265765905380249,<=,gt_aware_diagnostic,0.6
rule,20,31.19557060153942,0.982055875658989,-0.06245045318017173,-0.34173542947721636,0.0,-2.6649188414797154,1.4852778838082745,0.55,0.65,12,8,0,0.5833333333333334,0.7777777777777778,0,4,5,1,lfv1_from_baseline_residual_error_ratio,0.9942230675873944,>=,gt_aware_diagnostic,0.6
rule,20,31.1954397613169,0.98230539560318,-0.06258129340268966,-0.34186626969973427,0.0,-1.995246574251296,1.4852778838082745,0.45,0.6,13,7,0,0.5384615384615384,0.7777777777777778,3,3,6,1,baseline_delta_e_mean,1.9427636861801147,>=,gt_aware_diagnostic,0.65
rule,20,31.1954397613169,0.98230539560318,-0.06258129340268966,-0.34186626969973427,0.0,-1.995246574251296,1.4852778838082745,0.45,0.6,13,7,0,0.5384615384615384,0.7777777777777778,3,3,6,1,lfv1_delta_e_mean,2.170816457271576,>=,gt_aware_diagnostic,0.65
rule,20,31.195366873729927,0.982206004858017,-0.06265418098966666,-0.3419391572867113,0.0,-0.780381878890004,0.6187229719747899,0.4,0.6,7,13,0,0.5714285714285714,0.4444444444444444,1,2,3,1,residual_luma_std_delta,0.0012713640928268427,>=,gt_aware_diagnostic,0.35
rule,20,31.19518819444163,0.9828601866960526,-0.06283286027796234,-0.34211783657500694,0.0,-0.6223595737608154,0.024474973922054836,0.1,0.35,8,12,0,0.25,0.2222222222222222,3,1,1,0,residual_lfv1_dark_channel_mean_delta_abs,0.004579365253448486,<=,proxy_or_output_feature,0.4
rule,20,31.19468284475995,0.9823171585798264,-0.06333820995964548,-0.3426231862566901,0.0,-1.995246574251296,1.4852778838082745,0.4,0.55,16,4,0,0.5,0.8888888888888888,3,4,6,1,lfv1_highfreq_abs_error,0.0002957440912723541,>=,gt_aware_diagnostic,0.8
rule,20,31.194309169672998,0.9826178759336471,-0.06371188504659049,-0.3429968613436351,0.0,-1.0831060739109093,0.8297860276743787,0.3,0.5,9,11,0,0.4444444444444444,0.4444444444444444,2,2,3,0,lfv1_saturation_bias,0.0028844369575381276,<=,gt_aware_diagnostic,0.45
rule,20,31.193998617734582,0.9828281700611115,-0.06402243698500847,-0.3433074132820531,0.0,-1.793350469773175,1.3573288980360791,0.2,0.4,13,7,0,0.38461538461538464,0.5555555555555556,4,2,4,1,baseline_luma_mean,0.5274300158023835,<=,proxy_or_output_feature,0.65
rule,20,31.193998617734582,0.9828281700611115,-0.06402243698500847,-0.3433074132820531,0.0,-1.793350469773175,1.3573288980360791,0.2,0.4,13,7,0,0.38461538461538464,0.5555555555555556,4,2,4,1,lfv1_luma_mean,0.5300519019365311,<=,proxy_or_output_feature,0.65
rule,20,31.193998617734582,0.9828281700611115,-0.06402243698500847,-0.3433074132820531,0.0,-1.793350469773175,1.3573288980360791,0.2,0.4,13,7,0,0.38461538461538464,0.5555555555555556,4,2,4,1,residual_luma_mean,0.525462931394577,<=,proxy_or_output_feature,0.65
rule,20,31.193527776476742,0.9823801189661026,-0.06449327824285067,-0.3437782545398953,0.0,-2.6649188414797154,1.4852778838082745,0.45,0.55,18,2,0,0.5,1.0,2,5,7,1,lfv1_luma_std_delta,-0.007085001468658448,>=,gt_aware_diagnostic,0.9
rule,20,31.193527776476742,0.9823801189661026,-0.06449327824285067,-0.3437782545398953,0.0,-2.6649188414797154,1.4852778838082745,0.45,0.55,18,2,0,0.5,1.0,2,5,7,1,lfv1_from_baseline_residual_error_ratio,0.8857040297674913,>=,gt_aware_diagnostic,0.9
rule,20,31.192073481727014,0.982931387424469,-0.0659475729925763,-0.34523254928962094,0.0,-0.109111030824284,0.0,0.15,0.4,5,15,0,0.2,0.1111111111111111,1,1,0,0,baseline_mae,0.01083308132365346,<=,gt_aware_diagnostic,0.25
rule,20,31.192073481727014,0.982931387424469,-0.0659475729925763,-0.34523254928962094,0.0,-0.109111030824284,0.0,0.15,0.4,5,15,0,0.2,0.1111111111111111,1,1,0,0,baseline_delta_e_mean,1.7162372171878815,<=,gt_aware_diagnostic,0.25
rule,20,31.192073481727014,0.982931387424469,-0.0659475729925763,-0.34523254928962094,0.0,-0.109111030824284,0.0,0.15,0.4,5,15,0,0.2,0.1111111111111111,1,1,0,0,lfv1_mae,0.01219602720811963,<=,gt_aware_diagnostic,0.25
rule,20,31.192073481727014,0.982931387424469,-0.0659475729925763,-0.34523254928962094,0.0,-0.109111030824284,0.0,0.15,0.4,5,15,0,0.2,0.1111111111111111,1,1,0,0,lfv1_delta_e_mean,1.5832524001598358,<=,gt_aware_diagnostic,0.25
rule,20,31.192073481727014,0.982931387424469,-0.0659475729925763,-0.34523254928962094,0.0,-0.109111030824284,0.0,0.15,0.4,5,15,0,0.2,0.1111111111111111,1,1,0,0,residual_mae,0.011132632615044713,<=,gt_aware_diagnostic,0.25
rule,20,31.191698615075904,0.9827175885438919,-0.06632243964368456,-0.3456074159407292,0.0,-2.0018461689531577,1.4852778838082745,0.35,0.55,18,2,0,0.5,1.0,4,3,7,1,lfv1_luma_mean,0.6166767477989197,<=,proxy_or_output_feature,0.9
rule,20,31.191698615075904,0.9827175885438919,-0.06632243964368456,-0.3456074159407292,0.0,-2.0018461689531577,1.4852778838082745,0.35,0.55,18,2,0,0.5,1.0,4,3,7,1,residual_lfv1_dark_channel_mean_delta,-0.014192244410514832,>=,proxy_or_output_feature,0.9
rule,20,31.191698615075904,0.9827175885438919,-0.06632243964368456,-0.3456074159407292,0.0,-2.0018461689531577,1.4852778838082745,0.35,0.55,18,2,0,0.5,1.0,4,3,7,1,residual_lfv1_dark_channel_mean_delta_abs,0.014192244410514834,<=,proxy_or_output_feature,0.9
rule,20,31.191312267265367,0.9823851644992828,-0.06670878745422293,-0.34599376375126756,0.0,-0.6924603193774662,0.8274756218343117,0.4,0.6,7,13,0,0.5714285714285714,0.4444444444444444,2,1,4,0,lfv1_from_baseline_residual_norm_ratio,0.41794416536412055,<=,gt_aware_diagnostic,0.35
rule,20,31.191312267265367,0.9823851644992828,-0.06670878745422293,-0.34599376375126756,0.0,-0.6924603193774662,0.8274756218343117,0.4,0.6,7,13,0,0.5714285714285714,0.4444444444444444,2,1,4,0,rescalib_from_lfv1_residual_norm_ratio,0.434139569312259,<=,gt_aware_diagnostic,0.35
rule,20,31.191066973241277,0.9826232761144638,-0.0669540814783085,-0.34623905777535313,0.0,-2.0018461689531577,1.4852778838082745,0.35,0.5,17,3,0,0.47058823529411764,0.8888888888888888,3,4,6,1,baseline_lap_var_ratio_gt,0.9407661557197571,>=,gt_aware_diagnostic,0.85
rule,20,31.191066973241277,0.9826232761144638,-0.0669540814783085,-0.34623905777535313,0.0,-2.0018461689531577,1.4852778838082745,0.35,0.5,17,3,0,0.47058823529411764,0.8888888888888888,3,4,6,1,lfv1_lap_var_ratio_gt,0.9606477558612824,>=,gt_aware_diagnostic,0.85
rule,20,31.191066973241277,0.9826232761144638,-0.0669540814783085,-0.34623905777535313,0.0,-2.0018461689531577,1.4852778838082745,0.35,0.5,17,3,0,0.47058823529411764,0.8888888888888888,3,4,6,1,residual_lap_var_ratio_gt,0.9545938819646835,>=,gt_aware_diagnostic,0.85
rule,20,31.19103533492774,0.9822920620441437,-0.06698571979185655,-0.34627069608890115,0.0,-0.780381878890004,0.6187229719747899,0.35,0.6,9,11,0,0.5555555555555556,0.5555555555555556,2,2,3,1,residual_luma_std_delta,0.0006451576948165892,>=,gt_aware_diagnostic,0.45
rule,20,31.191010919865835,0.9827094882726669,-0.06701013485375906,-0.3462951111508037,0.0,-1.2427180953170196,1.2384055230704805,0.35,0.5,11,9,0,0.45454545454545453,0.5555555555555556,1,3,4,0,image_id,457.40000000000003,>=,proxy_or_output_feature,0.55
rule,20,31.19097411073966,0.9823127090930939,-0.06704694397992768,-0.3463319202769723,0.0,-0.6151272551839586,0.6187229719747899,0.4,0.5,7,13,0,0.42857142857142855,0.3333333333333333,1,2,3,0,beta,1.5855,>=,proxy_or_output_feature,0.35
rule,20,31.190967270697094,0.982535058259964,-0.06705378402249877,-0.3463387603195434,0.0,-1.2361185006151576,1.2176118705098782,0.35,0.55,14,6,0,0.5,0.7777777777777778,2,4,5,1,baseline_luma_std_delta,-0.0014553949236869811,>=,gt_aware_diagnostic,0.7
rule,20,31.190698735469915,0.9830651909112931,-0.0673223192496721,-0.3466072955467167,0.0,-0.6151272551839586,0.07859634786275654,0.3,0.5,5,15,0,0.4,0.2222222222222222,2,1,2,0,baseline_saturation_bias,-0.004864934831857681,<=,gt_aware_diagnostic,0.25
rule,20,31.190698735469915,0.9830651909112931,-0.0673223192496721,-0.3466072955467167,0.0,-0.6151272551839586,0.07859634786275654,0.3,0.5,5,15,0,0.4,0.2222222222222222,2,1,2,0,lfv1_saturation_bias,-0.0021712854504585266,<=,gt_aware_diagnostic,0.25
rule,20,31.190608542329336,0.9828658491373062,-0.06741251239025577,-0.3466974886873004,0.0,-1.1624437592233179,0.8440025816490673,0.2,0.45,8,12,0,0.375,0.3333333333333333,2,2,2,1,beta,1.318,<=,proxy_or_output_feature,0.4
rule,20,31.190350098743586,0.9823512613773346,-0.0676709559760095,-0.3469559322730541,0.0,-0.109111030824284,0.2524314075512334,0.3,0.5,7,13,0,0.42857142857142855,0.3333333333333333,1,1,2,0,residual_highfreq_abs_error,0.00017960462719202044,<=,gt_aware_diagnostic,0.35
rule,20,31.19028914651185,0.9824246764183044,-0.06773190820773908,-0.34701688450478374,0.0,-1.793350469773175,1.3573288980360791,0.3,0.45,12,8,0,0.4166666666666667,0.5555555555555556,3,3,4,1,baseline_edge_error,0.014159170538187025,>=,gt_aware_diagnostic,0.6
rule,20,31.18932523597747,0.9821478009223938,-0.06869581874212187,-0.3479807950391665,0.0,-2.6649188414797154,1.4852778838082745,0.35,0.5,13,7,0,0.46153846153846156,0.6666666666666666,1,4,4,1,image_id,367.20000000000005,>=,proxy_or_output_feature,0.65
rule,20,31.18873284956702,0.9828050285577774,-0.06928820515256913,-0.34857318144961374,0.0,-0.05717221713469099,0.03215664225274334,0.3,0.55,4,16,0,0.5,0.2222222222222222,2,0,2,0,baseline_dark_channel_abs_bias,0.02560375332832336,>=,gt_aware_diagnostic,0.2
rule,20,31.188425118804737,0.9825705856084823,-0.06959593591485583,-0.34888091221190043,0.0,-0.7067071374981642,0.12010849106951398,0.25,0.5,5,15,0,0.4,0.2222222222222222,2,1,1,1,residual_lap_var_ratio_gt,1.0713857114315033,>=,gt_aware_diagnostic,0.25
rule,20,31.188424787252746,0.982775416970253,-0.0695962674668456,-0.34888124376389024,0.0,-1.8736248058668765,1.4852778838082745,0.3,0.5,15,5,0,0.4666666666666667,0.7777777777777778,3,3,5,1,residual_luma_std,0.24745319038629532,>=,proxy_or_output_feature,0.75
rule,20,31.187698373284366,0.9828544020652771,-0.07032268143522451,-0.34960765773226915,0.0,-0.6223595737608154,0.2524314075512334,0.25,0.45,8,12,0,0.375,0.3333333333333333,1,2,2,0,baseline_luma_std,0.27323901653289795,>=,proxy_or_output_feature,0.4
rule,20,31.187698373284366,0.9828544020652771,-0.07032268143522451,-0.34960765773226915,0.0,-0.6223595737608154,0.2524314075512334,0.25,0.45,8,12,0,0.375,0.3333333333333333,1,2,2,0,lfv1_luma_std,0.272046834230423,>=,proxy_or_output_feature,0.4
rule,20,31.187698373284366,0.9828544020652771,-0.07032268143522451,-0.34960765773226915,0.0,-0.6223595737608154,0.2524314075512334,0.25,0.45,8,12,0,0.375,0.3333333333333333,1,2,2,0,residual_luma_std,0.27138888239860537,>=,proxy_or_output_feature,0.4
rule,20,31.18726958433271,0.9827247738838196,-0.07075147038687905,-0.3500364466839237,0.0,-1.8736248058668765,1.4852778838082745,0.3,0.5,15,5,0,0.4666666666666667,0.7777777777777778,3,3,5,1,baseline_luma_std,0.24537905678153038,>=,proxy_or_output_feature,0.75
rule,20,31.187208232125933,0.9830913543701172,-0.07081282259365729,-0.3500977988907019,0.0,-0.6151272551839586,0.07859634786275654,0.25,0.45,6,14,0,0.3333333333333333,0.2222222222222222,2,1,2,0,lfv1_saturation_bias,-0.0014370203018188475,<=,gt_aware_diagnostic,0.3
rule,20,31.186978927951657,0.9830568969249726,-0.07104212676792568,-0.3503271030649703,0.0,-1.0130053282942584,0.8297860276743787,0.3,0.45,12,8,0,0.4166666666666667,0.5555555555555556,2,3,4,0,baseline_luma_bias,-0.005243092775344849,>=,gt_aware_diagnostic,0.6
rule,20,31.18688750144262,0.9823427408933639,-0.0711335532769823,-0.3504185295740269,0.0,-1.995246574251296,1.4852778838082745,0.4,0.55,16,4,0,0.5,0.8888888888888888,4,3,6,1,rescalib_from_lfv1_residual_norm_ratio,0.8726556642660049,<=,gt_aware_diagnostic,0.8
rule,20,31.186653807348897,0.9825864255428314,-0.07136724737069162,-0.35065222366773624,0.0,-0.7067071374981642,0.6352499317895455,0.25,0.55,10,10,0,0.5,0.5555555555555556,3,1,3,1,residual_lfv1_saturation_mean_delta,0.002330109477043152,<=,proxy_or_output_feature,0.5
rule,20,31.186286859431686,0.9826706707477569,-0.07173419528790088,-0.3510191715849455,0.0,-1.1624437592233179,1.2384055230704805,0.3,0.5,13,7,0,0.46153846153846156,0.6666666666666666,3,2,5,0,residual_lfv1_dark_channel_mean_delta_abs,0.00920933485031128,<=,proxy_or_output_feature,0.65
rule,20,31.185847033125526,0.9822446286678315,-0.07217402159406205,-0.3514589978911067,0.0,-1.793350469773175,0.8274756218343117,0.35,0.6,9,11,0,0.5555555555555556,0.5555555555555556,3,1,4,1,lfv1_delta_e_mean,2.603303778171539,>=,gt_aware_diagnostic,0.45
rule,20,31.185144193263334,0.9828188747167588,-0.07287686145625241,-0.352161837753297,0.0,0.0,0.0,0.3,0.55,2,18,0,0.5,0.1111111111111111,1,0,1,0,baseline_luma_bias,-0.024678766727447513,<=,gt_aware_diagnostic,0.1
rule,20,31.18512018626119,0.9829566270112992,-0.07290086845839686,-0.35218584475544146,0.0,-0.35541468087259925,0.0,0.2,0.45,4,16,0,0.25,0.1111111111111111,3,0,1,0,lfv1_from_baseline_residual_cosine,0.5166098594665527,>=,gt_aware_diagnostic,0.2
rule,20,31.18512018626119,0.9829566270112992,-0.07290086845839686,-0.35218584475544146,0.0,-0.35541468087259925,0.0,0.2,0.45,4,16,0,0.25,0.1111111111111111,3,0,1,0,lfv1_from_baseline_luma_residual_cosine,0.5341624975204468,>=,gt_aware_diagnostic,0.2
rule,20,31.184497989604495,0.9827864468097687,-0.07352306511510065,-0.3528080414121453,0.0,-1.793350469773175,1.2176118705098782,0.35,0.55,10,10,0,0.5,0.5555555555555556,3,2,4,1,lfv1_highfreq_abs_error,0.000634348951280117,>=,gt_aware_diagnostic,0.5
rule,20,31.184274033842843,0.9822817981243134,-0.07374702087674442,-0.3530319971737891,0.0,-0.05717221713469099,0.05540160898947598,0.35,0.55,4,16,0,0.5,0.2222222222222222,1,1,2,0,beta,1.728,>=,proxy_or_output_feature,0.2
rule,20,31.18405671583809,0.9829719454050064,-0.07396433888150078,-0.3532493151785454,0.0,-0.0959671117181678,0.0,0.15,0.4,3,17,0,0.0,0.0,1,1,0,0,lfv1_luma_abs_bias,0.0016040265560150148,<=,gt_aware_diagnostic,0.15
rule,20,31.18405671583809,0.9829719454050064,-0.07396433888150078,-0.3532493151785454,0.0,-0.0959671117181678,0.0,0.15,0.4,3,17,0,0.0,0.0,1,1,0,0,lfv1_dark_channel_abs_bias,0.004746951535344124,<=,gt_aware_diagnostic,0.15
rule,20,31.18387463644631,0.9829811900854111,-0.07414641827328391,-0.35343139457032857,0.0,-1.14819694110262,0.8297860276743787,0.35,0.5,9,11,0,0.4444444444444444,0.4444444444444444,1,3,3,1,residual_edge_error,0.01532764625735581,>=,gt_aware_diagnostic,0.45
rule,20,31.183762181427852,0.9823511391878128,-0.07425887329173672,-0.3535438495887814,0.0,-2.6649188414797154,1.4852778838082745,0.4,0.55,16,4,0,0.5,0.8888888888888888,2,4,6,1,residual_lfv1_edge_mean_delta,0.002389159798622131,<=,proxy_or_output_feature,0.8
rule,20,31.183762181427852,0.9823511391878128,-0.07425887329173672,-0.3535438495887814,0.0,-2.6649188414797154,1.4852778838082745,0.4,0.55,16,4,0,0.5,0.8888888888888888,2,4,6,1,residual_lfv1_highfreq_abs_mean_delta,0.0003297429531812667,<=,proxy_or_output_feature,0.8
rule,20,31.183396998098637,0.9823689043521882,-0.0746240566209675,-0.3539090329180121,0.0,-1.995246574251296,1.4852778838082745,0.35,0.5,17,3,0,0.47058823529411764,0.8888888888888888,4,3,6,1,rescalib_from_lfv1_residual_norm_ratio,0.9008260442595553,<=,gt_aware_diagnostic,0.85
rule,20,31.18332649810997,0.9828970700502395,-0.07469455660961835,-0.35397953290666295,0.0,-0.109111030824284,0.0,0.2,0.4,3,17,0,0.0,0.0,1,1,0,0,residual_lfv1_luma_std_delta_abs,0.00028952136635780336,<=,proxy_or_output_feature,0.15
rule,20,31.18327134215419,0.9823160201311112,-0.07474971256541067,-0.3540346888624553,0.0,-1.995246574251296,1.4852778838082745,0.35,0.55,16,4,0,0.5,0.8888888888888888,4,3,6,1,lfv1_from_baseline_residual_norm_ratio,0.8597814390132105,<=,gt_aware_diagnostic,0.8
rule,20,31.18281571111271,0.982212844491005,-0.07520534360688291,-0.35449031990392754,0.0,-2.6649188414797154,1.4852778838082745,0.45,0.55,16,4,0,0.5,0.8888888888888888,1,5,6,1,lfv1_from_baseline_lf_mse_delta,-8.916084188967948e-05,>=,gt_aware_diagnostic,0.8
rule,20,31.182621725618596,0.9829545140266418,-0.0753993291009996,-0.35468430539804424,0.0,-1.793350469773175,1.2384055230704805,0.3,0.5,15,5,0,0.4666666666666667,0.7777777777777778,4,2,6,0,lfv1_from_baseline_lf_mse_delta,0.00010715315147535875,<=,gt_aware_diagnostic,0.75
rule,20,31.18244535779892,0.9823090046644211,-0.07557569692067272,-0.35486067321771736,0.0,-1.995246574251296,1.4852778838082745,0.4,0.5,15,5,0,0.4666666666666667,0.7777777777777778,3,4,6,1,lfv1_highfreq_abs_error,0.0003208965063095093,>=,gt_aware_diagnostic,0.75
rule,20,31.182433086276795,0.9825377136468887,-0.07558796844279439,-0.354872944739839,0.0,-0.7067071374981642,0.6352499317895455,0.25,0.5,11,9,0,0.45454545454545453,0.5555555555555556,3,1,3,1,residual_lfv1_saturation_mean_delta,0.0027289599180221552,<=,proxy_or_output_feature,0.55
rule,20,31.182396167599933,0.9823246836662293,-0.07562488711965969,-0.35490986341670433,0.0,-1.793350469773175,0.8274756218343117,0.4,0.6,9,11,0,0.5555555555555556,0.5555555555555556,3,1,5,0,baseline_rmse,0.02869165353477001,>=,gt_aware_diagnostic,0.45
rule,20,31.182396167599933,0.9823246836662293,-0.07562488711965969,-0.35490986341670433,0.0,-1.793350469773175,0.8274756218343117,0.4,0.6,9,11,0,0.5555555555555556,0.5555555555555556,3,1,5,0,baseline_delta_e_mean,2.216437530517578,>=,gt_aware_diagnostic,0.45
rule,20,31.182356822555448,0.9829917907714844,-0.07566423216414683,-0.3549492084611915,0.0,-1.0130053282942584,0.34269366220807096,0.2,0.4,9,11,0,0.3333333333333333,0.3333333333333333,2,2,2,0,lfv1_delta_e_p95,6.642737030982971,<=,gt_aware_diagnostic,0.45
rule,20,31.181629712953384,0.9827348440885544,-0.07639134176619926,-0.3556763180632439,0.0,-1.0831060739109093,0.05540160898947598,0.25,0.5,5,15,0,0.4,0.2222222222222222,2,1,1,1,residual_lfv1_lap_var_delta_abs,0.0027175266295671463,>=,proxy_or_output_feature,0.25
rule,20,31.181629682917208,0.9829827904701233,-0.07639137180238205,-0.35567634809942666,0.0,-0.35541468087259925,0.0,0.15,0.4,5,15,0,0.2,0.1111111111111111,3,0,1,0,lfv1_from_baseline_residual_cosine,0.48459161818027496,>=,gt_aware_diagnostic,0.25
rule,20,31.181629682917208,0.9829827904701233,-0.07639137180238205,-0.35567634809942666,0.0,-0.35541468087259925,0.0,0.15,0.4,5,15,0,0.2,0.1111111111111111,3,0,1,0,lfv1_from_baseline_luma_residual_cosine,0.4907551780343056,>=,gt_aware_diagnostic,0.25
rule,20,31.181574814040687,0.9822784006595612,-0.07644624067890611,-0.3557312169759507,0.0,-1.793350469773175,1.2033953165351896,0.35,0.55,8,12,0,0.5,0.4444444444444444,2,2,3,1,baseline_luma_std,0.2623711824417114,<=,proxy_or_output_feature,0.4
rule,20,31.181574814040687,0.9822784006595612,-0.07644624067890611,-0.3557312169759507,0.0,-1.793350469773175,1.2033953165351896,0.35,0.55,8,12,0,0.5,0.4444444444444444,2,2,3,1,residual_luma_std,0.2636098384857178,<=,proxy_or_output_feature,0.4
rule,20,31.180963965696503,0.9822156220674515,-0.07705708902309247,-0.3563420653201371,0.0,-2.6649188414797154,1.4852778838082745,0.55,0.65,14,6,0,0.5714285714285714,0.8888888888888888,0,5,6,1,lfv1_from_baseline_residual_cosine,0.40253900289535527,<=,gt_aware_diagnostic,0.7
rule,20,31.180963965696503,0.9822156220674515,-0.07705708902309247,-0.3563420653201371,0.0,-2.6649188414797154,1.4852778838082745,0.55,0.65,14,6,0,0.5714285714285714,0.8888888888888888,0,5,6,1,lfv1_from_baseline_luma_residual_cosine,0.41913270652294166,<=,gt_aware_diagnostic,0.7
rule,20,31.180963965696503,0.9822156220674515,-0.07705708902309247,-0.3563420653201371,0.0,-2.6649188414797154,1.4852778838082745,0.55,0.65,14,6,0,0.5714285714285714,0.8888888888888888,0,5,6,1,lfv1_from_baseline_residual_error_ratio,0.9704271483841141,>=,gt_aware_diagnostic,0.7
rule,20,31.180236826058263,0.9822066217660904,-0.07778422866132768,-0.3570692049583723,0.0,-2.6649188414797154,1.3365352454754769,0.5,0.65,10,10,0,0.6,0.6666666666666666,1,3,5,1,lfv1_delta_e_p95,6.909571409225464,>=,gt_aware_diagnostic,0.5
rule,20,31.179835994765988,0.9829232335090637,-0.07818505995360354,-0.35747003625064816,0.0,-0.109111030824284,0.0,0.15,0.35,4,16,0,0.0,0.0,1,1,0,0,baseline_dark_channel_mean,0.2054671198129654,<=,proxy_or_output_feature,0.2
rule,20,31.179835994765988,0.9829232335090637,-0.07818505995360354,-0.35747003625064816,0.0,-0.109111030824284,0.0,0.15,0.35,4,16,0,0.0,0.0,1,1,0,0,lfv1_dark_channel_abs_bias,0.005027656257152557,<=,gt_aware_diagnostic,0.2
rule,20,31.1797808388102,0.9823421835899353,-0.07824021590939587,-0.3575251922064405,0.0,-1.995246574251296,1.4852778838082745,0.3,0.5,17,3,0,0.47058823529411764,0.8888888888888888,4,3,6,1,rescalib_from_baseline_residual_norm_ratio,0.9225502773076221,<=,gt_aware_diagnostic,0.85
rule,20,31.179777937500994,0.9829855680465698,-0.0782431172185916,-0.35752809351563625,0.0,-0.05717221713469099,0.0,0.25,0.5,3,17,0,0.3333333333333333,0.1111111111111111,2,0,1,0,baseline_saturation_bias,-0.007987798750400543,<=,gt_aware_diagnostic,0.15
rule,20,31.179717728113225,0.9828095674514771,-0.07830332660636027,-0.35758830290340493,0.0,-1.0130053282942584,0.6210333778148569,0.25,0.45,10,10,0,0.4,0.4444444444444444,1,3,2,1,lfv1_from_baseline_residual_norm_ratio,0.60661698706449,>=,gt_aware_diagnostic,0.5
rule,20,31.17959628336584,0.9824398666620254,-0.07842477135375141,-0.35770974765079605,0.0,-0.05717221713469099,0.3448113892641615,0.4,0.6,5,15,0,0.6,0.3333333333333333,1,1,3,0,baseline_luma_std_delta,0.0024581551551818848,>=,gt_aware_diagnostic,0.25
rule,20,31.17959628336584,0.9824398666620254,-0.07842477135375141,-0.35770974765079605,0.0,-0.05717221713469099,0.3448113892641615,0.4,0.6,5,15,0,0.6,0.3333333333333333,1,1,3,0,lfv1_luma_std_delta,0.0012053772807121277,>=,gt_aware_diagnostic,0.25
rule,20,31.179492280413047,0.9820552945137024,-0.07852877430654318,-0.3578137506035878,0.0,-2.6649188414797154,1.4852778838082745,0.5,0.6,11,9,0,0.5454545454545454,0.6666666666666666,0,4,4,1,lfv1_from_baseline_residual_error_ratio,1.010731814776059,>=,gt_aware_diagnostic,0.55
rule,20,31.179492280413047,0.9820552945137024,-0.07852877430654318,-0.3578137506035878,0.0,-2.6649188414797154,1.4852778838082745,0.5,0.6,11,9,0,0.5454545454545454,0.6666666666666666,0,4,4,1,lfv1_from_baseline_lf_mse_delta,1.7748387472238417e-05,>=,gt_aware_diagnostic,0.55
rule,20,31.17936144019053,0.9823048144578934,-0.07865961452906109,-0.35794459082610575,0.0,-1.995246574251296,1.4852778838082745,0.4,0.55,12,8,0,0.5,0.6666666666666666,3,3,5,1,lfv1_highfreq_abs_error,0.0003857800737023353,>=,gt_aware_diagnostic,0.6
rule,20,31.179203376965727,0.982127669453621,-0.07881767775386557,-0.3581026540509102,0.0,-1.995246574251296,1.2176118705098782,0.4,0.6,9,11,0,0.5555555555555556,0.5555555555555556,2,2,4,1,residual_dark_channel_abs_bias,0.016662264615297316,>=,gt_aware_diagnostic,0.45
rule,20,31.17915844733263,0.9821796000003815,-0.07886260738696223,-0.35814758368400684,0.0,-1.995246574251296,1.2384055230704805,0.45,0.65,12,8,0,0.5833333333333334,0.7777777777777778,3,2,6,1,baseline_highfreq_abs_error,0.0004921719431877136,>=,gt_aware_diagnostic,0.6
rule,20,31.17883146718585,0.982847273349762,-0.0791895875337378,-0.3584745638307824,0.0,-0.10057730097174025,0.0,0.3,0.5,3,17,0,0.3333333333333333,0.1111111111111111,1,1,1,0,residual_lfv1_edge_mean_delta,0.0026446759700775144,>=,proxy_or_output_feature,0.15
rule,20,31.17883146718585,0.982847273349762,-0.0791895875337378,-0.3584745638307824,0.0,-0.10057730097174025,0.0,0.3,0.5,3,17,0,0.3333333333333333,0.1111111111111111,1,1,1,0,residual_lfv1_highfreq_abs_mean_delta,0.00042206486687064167,>=,proxy_or_output_feature,0.15
rule,20,31.178797847966713,0.9822839081287384,-0.07922320675288379,-0.35850818304992843,0.0,-0.780381878890004,0.6187229719747899,0.35,0.55,8,12,0,0.5,0.4444444444444444,2,2,3,1,residual_luma_std_delta,0.0007898032665252686,>=,gt_aware_diagnostic,0.4
rule,20,31.178738087032354,0.9824995577335358,-0.07928296768724437,-0.358567943984289,0.0,-1.8670252111650147,1.3573288980360791,0.4,0.5,11,9,0,0.45454545454545453,0.5555555555555556,1,4,4,1,lfv1_edge_error,0.0140317402780056,>=,gt_aware_diagnostic,0.55
rule,20,31.177994210492965,0.982115837931633,-0.08002684422662174,-0.3593118205236664,0.0,-1.793350469773175,1.2033953165351896,0.35,0.55,10,10,0,0.5,0.5555555555555556,2,2,3,1,residual_lfv1_edge_mean_delta_abs,0.001481473445892334,>=,proxy_or_output_feature,0.5
rule,20,31.17792029660821,0.9828275889158249,-0.08010075811137991,-0.35938573440842453,0.0,-1.793350469773175,1.3573288980360791,0.15,0.35,12,8,0,0.3333333333333333,0.4444444444444444,4,2,3,1,residual_luma_mean,0.5175535082817078,<=,proxy_or_output_feature,0.6
rule,20,31.177740143909784,0.9826957792043686,-0.08028091080980762,-0.3595658871068522,0.0,-1.0831060739109093,0.8297860276743787,0.25,0.45,10,10,0,0.4,0.4444444444444444,3,2,3,0,lfv1_saturation_bias,0.002903927117586136,<=,gt_aware_diagnostic,0.5
rule,20,31.17747346235251,0.9822417855262756,-0.08054759236707768,-0.3598325686641223,0.0,-2.6649188414797154,1.4852778838082745,0.5,0.6,15,5,0,0.5333333333333333,0.8888888888888888,0,5,6,1,lfv1_from_baseline_residual_error_ratio,0.9527373691131809,>=,gt_aware_diagnostic,0.75
rule,20,31.17744945535037,0.982379537820816,-0.08057159936922212,-0.3598565756662667,0.0,-2.6649188414797154,1.4852778838082745,0.4,0.5,17,3,0,0.47058823529411764,0.8888888888888888,2,5,6,1,baseline_luma_bias,-0.018775524199008943,>=,gt_aware_diagnostic,0.85
rule,20,31.177410686360638,0.9822483092546463,-0.08061036835895337,-0.359895344655998,0.0,-1.995246574251296,1.3365352454754769,0.4,0.6,11,9,0,0.5454545454545454,0.6666666666666666,3,2,5,1,baseline_delta_e_mean,2.080299496650696,>=,gt_aware_diagnostic,0.55
rule,20,31.177410686360638,0.9822483092546463,-0.08061036835895337,-0.359895344655998,0.0,-1.995246574251296,1.3365352454754769,0.4,0.6,11,9,0,0.5454545454545454,0.6666666666666666,3,2,5,1,lfv1_mae,0.01860822718590498,>=,gt_aware_diagnostic,0.55
rule,20,31.177410686360638,0.9822483092546463,-0.08061036835895337,-0.359895344655998,0.0,-1.995246574251296,1.3365352454754769,0.4,0.6,11,9,0,0.5454545454545454,0.6666666666666666,3,2,5,1,lfv1_rmse,0.026062172185629607,>=,gt_aware_diagnostic,0.55
rule,20,31.17655435502926,0.9825046926736831,-0.08146669969033411,-0.36075167598737873,0.0,-1.171027633423447,0.8274756218343117,0.35,0.55,12,8,0,0.5,0.6666666666666666,2,3,4,1,baseline_luma_std_delta,-0.0008680015802383423,>=,gt_aware_diagnostic,0.6
rule,20,31.176266862587624,0.9828896224498749,-0.08175419213195792,-0.3610391684290025,0.0,-1.0130053282942584,0.6210333778148569,0.3,0.45,10,10,0,0.4,0.4444444444444444,1,3,3,0,baseline_luma_abs_bias,0.005271360278129578,<=,gt_aware_diagnostic,0.5
rule,20,31.176266862587624,0.9828896224498749,-0.08175419213195792,-0.3610391684290025,0.0,-1.0130053282942584,0.6210333778148569,0.3,0.45,10,10,0,0.4,0.4444444444444444,1,3,3,0,baseline_dark_channel_abs_bias,0.010938867926597595,<=,gt_aware_diagnostic,0.5
rule,20,31.176195626661496,0.9828354835510253,-0.0818254280580911,-0.36111040435513575,0.0,-0.4903996470238541,0.07859634786275654,0.2,0.45,6,14,0,0.3333333333333333,0.2222222222222222,2,1,1,1,beta,1.217,<=,proxy_or_output_feature,0.3
rule,20,31.175847098988715,0.9827120661735534,-0.08217395573087298,-0.3614589320279176,0.0,-0.17791036516524786,0.12241889690958092,0.35,0.55,4,16,0,0.5,0.2222222222222222,1,1,2,0,baseline_luma_std_delta,-0.0027325153350830082,<=,gt_aware_diagnostic,0.2
rule,20,31.175634244787364,0.9820940583944321,-0.08238680993221995,-0.36167178622926455,0.0,-2.6649188414797154,1.4852778838082745,0.55,0.7,15,5,0,0.6,1.0,2,4,7,1,lfv1_dark_channel_abs_bias,0.0056915804743766785,>=,gt_aware_diagnostic,0.75
rule,20,31.175617698628212,0.982712197303772,-0.08240335609137883,-0.36168833238842346,0.0,-1.793350469773175,0.8440025816490673,0.3,0.55,6,14,0,0.5,0.3333333333333333,2,1,2,1,residual_highfreq_abs_error,0.0012211734429001808,>=,gt_aware_diagnostic,0.3
rule,20,31.175538762772497,0.9826951861381531,-0.08248229194710141,-0.36176726824414607,0.0,-1.1624437592233179,1.2176118705098782,0.3,0.45,12,8,0,0.4166666666666667,0.5555555555555556,3,3,4,1,baseline_lap_var_ratio_gt,0.9908862471580505,>=,gt_aware_diagnostic,0.6
rule,20,31.175402369261114,0.9820381999015808,-0.0826186854584801,-0.36190366175552474,0.0,-1.995246574251296,1.2176118705098782,0.4,0.55,10,10,0,0.5,0.5555555555555556,2,2,4,1,baseline_saturation_bias,0.00042029283940792084,>=,gt_aware_diagnostic,0.5
rule,20,31.175013406527125,0.982085058093071,-0.08300764819246424,-0.3622926244895089,0.0,-1.995246574251296,1.4852778838082745,0.45,0.55,10,10,0,0.5,0.5555555555555556,1,3,4,1,airlight,0.82,>=,proxy_or_output_feature,0.5
rule,20,31.174988652114905,0.9826226949691772,-0.08303240260467995,-0.36231737890172455,0.0,-2.0018461689531577,1.4852778838082745,0.3,0.45,16,4,0,0.4375,0.7777777777777778,3,4,5,1,lfv1_lap_var_ratio_gt,0.9688416242599487,>=,gt_aware_diagnostic,0.8
rule,20,31.174988652114905,0.9826226949691772,-0.08303240260467995,-0.36231737890172455,0.0,-2.0018461689531577,1.4852778838082745,0.3,0.45,16,4,0,0.4375,0.7777777777777778,3,4,5,1,residual_lap_var_ratio_gt,0.9617522239685059,>=,gt_aware_diagnostic,0.8
rule,20,31.174981554396673,0.9828131556510925,-0.08303950032291549,-0.36232447661996015,0.0,-1.793350469773175,1.2384055230704805,0.4,0.55,16,4,0,0.5,0.8888888888888888,3,3,7,0,residual_lfv1_luma_std_delta,0.0032248705625534044,<=,proxy_or_output_feature,0.8
rule,20,31.174981554396673,0.9828131556510925,-0.08303950032291549,-0.36232447661996015,0.0,-1.793350469773175,1.2384055230704805,0.4,0.55,16,4,0,0.5,0.8888888888888888,3,3,7,0,residual_lfv1_luma_std_delta_abs,0.004649826884269714,<=,proxy_or_output_feature,0.8
rule,20,31.174610802126544,0.9823634922504425,-0.08341025259304509,-0.3626952288900897,0.0,-0.780381878890004,0.5772108287680324,0.4,0.6,7,13,0,0.5714285714285714,0.4444444444444444,1,2,3,1,baseline_luma_std_delta,0.001337265223264694,>=,gt_aware_diagnostic,0.35
rule,20,31.174271777617214,0.9823506802320481,-0.08374927710238093,-0.3630342533994256,0.0,-0.109111030824284,0.024474973922054836,0.25,0.45,6,14,0,0.3333333333333333,0.2222222222222222,1,1,1,0,residual_highfreq_abs_error,0.00012200968340039253,<=,gt_aware_diagnostic,0.3
rule,20,31.17329587050831,0.9822514683008194,-0.08472518421127831,-0.3640101605083229,0.0,-1.995246574251296,1.4852778838082745,0.4,0.55,18,2,0,0.5,1.0,3,4,7,1,baseline_lap_var_ratio_gt,1.1271279096603393,<=,gt_aware_diagnostic,0.9
rule,20,31.17329587050831,0.9822514683008194,-0.08472518421127831,-0.3640101605083229,0.0,-1.995246574251296,1.4852778838082745,0.4,0.55,18,2,0,0.5,1.0,3,4,7,1,lfv1_lap_var_ratio_gt,1.1178748965263368,<=,gt_aware_diagnostic,0.9
rule,20,31.17329587050831,0.9822514683008194,-0.08472518421127831,-0.3640101605083229,0.0,-1.995246574251296,1.4852778838082745,0.4,0.55,18,2,0,0.5,1.0,3,4,7,1,residual_lap_var_ratio_gt,1.1058613538742068,<=,gt_aware_diagnostic,0.9
rule,20,31.17265452844065,0.9828044474124908,-0.08536652627894056,-0.3646515025759852,0.0,-0.05717221713469099,0.0,0.25,0.5,3,17,0,0.3333333333333333,0.1111111111111111,2,0,1,0,baseline_saturation_abs_bias,0.014468636736273762,>=,gt_aware_diagnostic,0.15
rule,20,31.172227597341806,0.9830566048622131,-0.08579345737777685,-0.3650784336748215,0.0,-1.0831060739109093,0.8297860276743787,0.35,0.55,12,8,0,0.5,0.6666666666666666,3,2,5,0,residual_saturation_bias,0.005989938974380493,<=,gt_aware_diagnostic,0.6
rule,20,31.172024266930066,0.9829589515924454,-0.08599678778952632,-0.365281764086571,0.0,-0.10057730097174025,0.07859634786275654,0.4,0.55,4,16,0,0.5,0.2222222222222222,0,2,2,0,residual_lfv1_saturation_mean_delta,0.007570859789848327,>=,proxy_or_output_feature,0.2
rule,20,31.171626377916613,0.9826633542776108,-0.08639467680297575,-0.3656796531000204,0.0,-0.25388334446309757,0.12241889690958092,0.35,0.5,5,15,0,0.4,0.2222222222222222,1,1,2,0,baseline_luma_std_delta,-0.0018203742802143097,<=,gt_aware_diagnostic,0.25
rule,20,31.171281381348344,0.982813248038292,-0.08673967337125159,-0.36602464966829623,0.0,-1.2427180953170196,1.3573288980360791,0.3,0.45,12,8,0,0.4166666666666667,0.5555555555555556,1,4,3,1,lfv1_from_baseline_residual_norm_ratio,0.4322931908481503,>=,gt_aware_diagnostic,0.6
rule,20,31.171281381348344,0.982813248038292,-0.08673967337125159,-0.36602464966829623,0.0,-1.2427180953170196,1.3573288980360791,0.3,0.45,12,8,0,0.4166666666666667,0.5555555555555556,1,4,3,1,rescalib_from_baseline_residual_norm_ratio,0.5285859599455703,>=,gt_aware_diagnostic,0.6
rule,20,31.171033855193162,0.9823078662157059,-0.08698719952643792,-0.36627217582348254,0.0,-1.995246574251296,1.4852778838082745,0.35,0.5,15,5,0,0.4666666666666667,0.7777777777777778,4,3,6,1,lfv1_from_baseline_residual_norm_ratio,0.8346342850997008,<=,gt_aware_diagnostic,0.75
rule,20,31.170208538305314,0.9826700896024704,-0.08781251641427232,-0.367097492711317,0.0,-1.1624437592233179,1.2384055230704805,0.25,0.45,12,8,0,0.4166666666666667,0.5555555555555556,3,2,4,0,residual_lfv1_luma_mean_delta_abs,0.006043338775634767,<=,proxy_or_output_feature,0.6
rule,20,31.170208538305314,0.9826700896024704,-0.08781251641427232,-0.367097492711317,0.0,-1.1624437592233179,1.2384055230704805,0.25,0.45,12,8,0,0.4166666666666667,0.5555555555555556,3,2,4,0,residual_lfv1_dark_channel_mean_delta_abs,0.007342582941055298,<=,proxy_or_output_feature,0.6
rule,20,31.16999607315738,0.9827367812395096,-0.08802498156220917,-0.3673099578592538,0.0,-2.0018461689531577,1.4852778838082745,0.4,0.55,18,2,0,0.5,1.0,3,4,7,1,baseline_delta_e_p95,15.073149585723879,<=,gt_aware_diagnostic,0.9
rule,20,31.16999607315738,0.9827367812395096,-0.08802498156220917,-0.3673099578592538,0.0,-2.0018461689531577,1.4852778838082745,0.4,0.55,18,2,0,0.5,1.0,3,4,7,1,baseline_luma_std_delta,0.01753151863813402,<=,gt_aware_diagnostic,0.9
rule,20,31.16999607315738,0.9827367812395096,-0.08802498156220917,-0.3673099578592538,0.0,-2.0018461689531577,1.4852778838082745,0.4,0.55,18,2,0,0.5,1.0,3,4,7,1,baseline_edge_mean,0.11878353133797645,>=,proxy_or_output_feature,0.9
rule,20,31.16999607315738,0.9827367812395096,-0.08802498156220917,-0.3673099578592538,0.0,-2.0018461689531577,1.4852778838082745,0.4,0.55,18,2,0,0.5,1.0,3,4,7,1,baseline_lap_var,0.06477155573666096,>=,proxy_or_output_feature,0.9
rule,20,31.16999607315738,0.9827367812395096,-0.08802498156220917,-0.3673099578592538,0.0,-2.0018461689531577,1.4852778838082745,0.4,0.55,18,2,0,0.5,1.0,3,4,7,1,baseline_highfreq_abs_mean,0.01941163158044219,>=,proxy_or_output_feature,0.9
rule,20,31.16999607315738,0.9827367812395096,-0.08802498156220917,-0.3673099578592538,0.0,-2.0018461689531577,1.4852778838082745,0.4,0.55,18,2,0,0.5,1.0,3,4,7,1,lfv1_luma_std_delta,0.012374788522720354,<=,gt_aware_diagnostic,0.9
rule,20,31.16999607315738,0.9827367812395096,-0.08802498156220917,-0.3673099578592538,0.0,-2.0018461689531577,1.4852778838082745,0.4,0.55,18,2,0,0.5,1.0,3,4,7,1,lfv1_edge_mean,0.11921156793832778,>=,proxy_or_output_feature,0.9
rule,20,31.16999607315738,0.9827367812395096,-0.08802498156220917,-0.3673099578592538,0.0,-2.0018461689531577,1.4852778838082745,0.4,0.55,18,2,0,0.5,1.0,3,4,7,1,lfv1_lap_var,0.06769157480448484,>=,proxy_or_output_feature,0.9
rule,20,31.16999607315738,0.9827367812395096,-0.08802498156220917,-0.3673099578592538,0.0,-2.0018461689531577,1.4852778838082745,0.4,0.55,18,2,0,0.5,1.0,3,4,7,1,lfv1_highfreq_abs_mean,0.018885564431548117,>=,proxy_or_output_feature,0.9
rule,20,31.16999607315738,0.9827367812395096,-0.08802498156220917,-0.3673099578592538,0.0,-2.0018461689531577,1.4852778838082745,0.4,0.55,18,2,0,0.5,1.0,3,4,7,1,residual_mae,0.05232791528105736,<=,gt_aware_diagnostic,0.9
rule,20,31.16999607315738,0.9827367812395096,-0.08802498156220917,-0.3673099578592538,0.0,-2.0018461689531577,1.4852778838082745,0.4,0.55,18,2,0,0.5,1.0,3,4,7,1,residual_rmse,0.07591472044587137,<=,gt_aware_diagnostic,0.9
rule,20,31.16999607315738,0.9827367812395096,-0.08802498156220917,-0.3673099578592538,0.0,-2.0018461689531577,1.4852778838082745,0.4,0.55,18,2,0,0.5,1.0,3,4,7,1,residual_delta_e_p95,14.010962104797365,<=,gt_aware_diagnostic,0.9
rule,20,31.16999607315738,0.9827367812395096,-0.08802498156220917,-0.3673099578592538,0.0,-2.0018461689531577,1.4852778838082745,0.4,0.55,18,2,0,0.5,1.0,3,4,7,1,residual_luma_std_delta,0.015492904186248801,<=,gt_aware_diagnostic,0.9
rule,20,31.16999607315738,0.9827367812395096,-0.08802498156220917,-0.3673099578592538,0.0,-2.0018461689531577,1.4852778838082745,0.4,0.55,18,2,0,0.5,1.0,3,4,7,1,residual_edge_mean,0.12044153809547424,>=,proxy_or_output_feature,0.9
rule,20,31.16999607315738,0.9827367812395096,-0.08802498156220917,-0.3673099578592538,0.0,-2.0018461689531577,1.4852778838082745,0.4,0.55,18,2,0,0.5,1.0,3,4,7,1,residual_lap_var,0.06588398758322,>=,proxy_or_output_feature,0.9
rule,20,31.16999607315738,0.9827367812395096,-0.08802498156220917,-0.3673099578592538,0.0,-2.0018461689531577,1.4852778838082745,0.4,0.55,18,2,0,0.5,1.0,3,4,7,1,residual_highfreq_abs_mean,0.018853376805782317,>=,proxy_or_output_feature,0.9
rule,20,31.16999607315738,0.9827367812395096,-0.08802498156220917,-0.3673099578592538,0.0,-2.0018461689531577,1.4852778838082745,0.4,0.55,18,2,0,0.5,1.0,3,4,7,1,rescalib_from_lfv1_lf_mse_delta,0.0008363824279513217,<=,gt_aware_diagnostic,0.9
rule,20,31.169772117395734,0.9822321325540543,-0.08824893732385294,-0.3675339136208976,0.0,-1.2361185006151576,1.2033953165351896,0.4,0.55,12,8,0,0.5,0.6666666666666666,1,3,5,0,lfv1_highfreq_abs_error,0.0008653528988361358,<=,gt_aware_diagnostic,0.6
rule,20,31.16839939294818,0.9824570149183274,-0.08962166177140958,-0.3689066380684542,0.0,-2.0018461689531577,1.4852778838082745,0.3,0.45,12,8,0,0.4166666666666667,0.5555555555555556,2,3,4,1,lfv1_lap_var_ratio_gt,0.9926124095916748,>=,gt_aware_diagnostic,0.6
rule,20,31.16786979704468,0.9820072621107101,-0.09015125767490932,-0.36943623397195396,0.0,-2.6649188414797154,1.4852778838082745,0.5,0.6,11,9,0,0.5454545454545454,0.6666666666666666,0,4,4,1,lfv1_from_baseline_luma_residual_cosine,0.2886651426553726,<=,gt_aware_diagnostic,0.55
rule,20,31.167762252752446,0.9824157238006592,-0.09025880196714198,-0.3695437782641866,0.0,-0.3988197647096485,0.3448113892641615,0.35,0.5,9,11,0,0.4444444444444444,0.4444444444444444,1,2,3,0,residual_highfreq_abs_error,0.0003443880006670953,<=,gt_aware_diagnostic,0.45
rule,20,31.167624117568256,0.9827800035476685,-0.0903969371513309,-0.36968191344837553,0.0,-1.793350469773175,0.8297860276743787,0.3,0.55,8,12,0,0.5,0.4444444444444444,3,1,3,1,baseline_highfreq_abs_error,0.0010976016521453858,>=,gt_aware_diagnostic,0.4
rule,20,31.167393265751247,0.98293277323246,-0.09062778896834126,-0.36991276526538586,0.0,-0.40605208328650527,0.024474973922054836,0.15,0.45,6,14,0,0.3333333333333333,0.2222222222222222,2,1,1,0,airlight,0.73,<=,proxy_or_output_feature,0.3
rule,20,31.167352506844804,0.9826401054859162,-0.09066854787478444,-0.3699535241718291,0.0,-1.793350469773175,1.4852778838082745,0.2,0.45,14,6,0,0.42857142857142855,0.6666666666666666,4,2,4,1,residual_lfv1_saturation_mean_delta,0.005303743481636048,<=,proxy_or_output_feature,0.7
rule,20,31.166737389986338,0.9822122633457184,-0.09128366473325436,-0.37056864103029896,0.0,-2.6649188414797154,1.4852778838082745,0.4,0.5,15,5,0,0.4666666666666667,0.7777777777777778,1,5,5,1,baseline_luma_abs_bias,0.019330047070980072,<=,gt_aware_diagnostic,0.75
rule,20,31.16593707512691,0.9830843478441238,-0.09208397959268204,-0.3713689558897267,0.0,-0.6151272551839586,0.27567637428796604,0.25,0.5,7,13,0,0.42857142857142855,0.3333333333333333,2,1,2,0,residual_saturation_bias,0.0024730384349823014,<=,gt_aware_diagnostic,0.35
rule,20,31.165756723531945,0.9821076840162277,-0.09226433118764898,-0.3715493074846936,0.0,-1.793350469773175,1.2033953165351896,0.35,0.5,9,11,0,0.4444444444444444,0.4444444444444444,2,2,3,1,residual_lfv1_edge_mean_delta_abs,0.0017746139317750928,>=,proxy_or_output_feature,0.45
rule,20,31.165756723531945,0.9821076840162277,-0.09226433118764898,-0.3715493074846936,0.0,-1.793350469773175,1.2033953165351896,0.35,0.5,9,11,0,0.4444444444444444,0.4444444444444444,2,2,3,1,residual_lfv1_highfreq_abs_mean_delta_abs,0.0002756247296929359,>=,proxy_or_output_feature,0.45
rule,20,31.165005788277472,0.9823563039302826,-0.09301526644212324,-0.37230024273916784,0.0,-1.793350469773175,1.2033953165351896,0.3,0.5,9,11,0,0.4444444444444444,0.4444444444444444,3,2,3,1,baseline_luma_std,0.26406586915254593,<=,proxy_or_output_feature,0.45
rule,20,31.165005788277472,0.9823563039302826,-0.09301526644212324,-0.37230024273916784,0.0,-1.793350469773175,1.2033953165351896,0.3,0.5,9,11,0,0.4444444444444444,0.4444444444444444,3,2,3,1,residual_luma_std,0.26497077345848086,<=,proxy_or_output_feature,0.45
rule,20,31.164973340271636,0.9824060678482056,-0.09304771444795054,-0.3723326907449952,0.0,-0.17791036516524786,0.36800612813744205,0.4,0.65,6,14,0,0.6666666666666666,0.4444444444444444,1,1,3,0,residual_lap_var_ratio_gt,0.9778220891952515,<=,gt_aware_diagnostic,0.3
rule,20,31.164771814045196,0.9826039850711823,-0.0932492406743867,-0.3725342169714313,0.0,-0.17655028026958997,0.024474973922054836,0.3,0.5,5,15,0,0.4,0.2222222222222222,0,2,0,1,lfv1_from_baseline_residual_error_ratio,1.094190843178138,>=,gt_aware_diagnostic,0.25
rule,20,31.164734333334774,0.9829043507575989,-0.09328672138481373,-0.3725716976818584,0.0,-0.03313805152643428,0.0,0.2,0.5,3,17,0,0.3333333333333333,0.1111111111111111,2,0,0,0,airlight,0.63,<=,proxy_or_output_feature,0.15
rule,20,31.16440326631207,0.982394015789032,-0.09361778840751497,-0.37290276470455963,0.0,0.0,0.0,0.35,0.55,2,18,0,0.5,0.1111111111111111,0,1,1,0,baseline_luma_std,0.23632583171129226,<=,proxy_or_output_feature,0.1
rule,20,31.16440326631207,0.982394015789032,-0.09361778840751497,-0.37290276470455963,0.0,0.0,0.0,0.35,0.55,2,18,0,0.5,0.1111111111111111,0,1,1,0,lfv1_delta_e_p95,14.47339677810669,>=,gt_aware_diagnostic,0.1
rule,20,31.16440326631207,0.982394015789032,-0.09361778840751497,-0.37290276470455963,0.0,0.0,0.0,0.35,0.55,2,18,0,0.5,0.1111111111111111,0,1,1,0,lfv1_luma_std,0.22945785522460938,<=,proxy_or_output_feature,0.1
rule,20,31.16440326631207,0.982394015789032,-0.09361778840751497,-0.37290276470455963,0.0,0.0,0.0,0.35,0.55,2,18,0,0.5,0.1111111111111111,0,1,1,0,lfv1_from_baseline_residual_norm_ratio,0.1945313514331906,<=,gt_aware_diagnostic,0.1
rule,20,31.164327747599184,0.9829347044229507,-0.09369330712041055,-0.3729782834174552,0.0,-0.40605208328650527,0.024474973922054836,0.15,0.4,7,13,0,0.2857142857142857,0.2222222222222222,2,1,1,0,lfv1_dark_channel_abs_bias,0.006457901000976562,<=,gt_aware_diagnostic,0.35
rule,20,31.164279042757094,0.9826401203870774,-0.09374201196249192,-0.37302698825953656,0.0,-1.14819694110262,0.8297860276743787,0.3,0.45,12,8,0,0.4166666666666667,0.5555555555555556,2,3,4,0,lfv1_lap_var_ratio_gt,1.0202552556991578,<=,gt_aware_diagnostic,0.6
rule,20,31.16408039089767,0.9827419191598892,-0.09394066382191753,-0.37322564011896214,0.0,-0.17791036516524786,0.0,0.25,0.5,3,17,0,0.3333333333333333,0.1111111111111111,1,1,0,1,lfv1_highfreq_abs_error,0.001696024928241968,>=,gt_aware_diagnostic,0.15
rule,20,31.16408039089767,0.9827419191598892,-0.09394066382191753,-0.37322564011896214,0.0,-0.17791036516524786,0.0,0.25,0.5,3,17,0,0.3333333333333333,0.1111111111111111,1,1,0,1,residual_highfreq_abs_error,0.0016096760518848892,>=,gt_aware_diagnostic,0.15
rule,20,31.16339675782634,0.9820859044790268,-0.09462429689324718,-0.3739092731902918,0.0,-2.6649188414797154,1.4852778838082745,0.55,0.65,14,6,0,0.5714285714285714,0.8888888888888888,2,4,7,1,lfv1_dark_channel_abs_bias,0.006273046135902405,>=,gt_aware_diagnostic,0.7
rule,20,31.163080126206257,0.982179018855095,-0.09494092851333366,-0.3742259048103783,0.0,-1.995246574251296,1.2384055230704805,0.4,0.6,11,9,0,0.5454545454545454,0.6666666666666666,3,2,5,1,baseline_highfreq_abs_error,0.0005550041794776917,>=,gt_aware_diagnostic,0.55
rule,20,31.162751165153885,0.982614541053772,-0.09526988956570719,-0.37455486586275183,0.0,-2.0018461689531577,1.4852778838082745,0.3,0.4,15,5,0,0.4,0.6666666666666666,3,4,5,1,lfv1_lap_var_ratio_gt,0.9724274128675461,>=,gt_aware_diagnostic,0.75
rule,20,31.16110346896114,0.9828793287277222,-0.09691758575844585,-0.37620256205549046,0.0,0.0,0.0,0.35,0.55,2,18,0,0.5,0.1111111111111111,0,1,1,0,residual_lfv1_saturation_mean_delta,0.008408948779106142,>=,proxy_or_output_feature,0.1
rule,20,31.16110346896114,0.9828793287277222,-0.09691758575844585,-0.37620256205549046,0.0,0.0,0.0,0.35,0.55,2,18,0,0.5,0.1111111111111111,0,1,1,0,residual_lfv1_saturation_mean_delta_abs,0.00957825779914856,>=,proxy_or_output_feature,0.1
rule,20,31.16105838354729,0.9822433143854141,-0.09696267117230555,-0.3762476474693502,0.0,-1.995246574251296,1.4852778838082745,0.4,0.5,17,3,0,0.47058823529411764,0.8888888888888888,3,4,7,1,baseline_luma_std,0.2971827760338783,<=,proxy_or_output_feature,0.85
rule,20,31.16105838354729,0.9822433143854141,-0.09696267117230555,-0.3762476474693502,0.0,-1.995246574251296,1.4852778838082745,0.4,0.5,17,3,0,0.47058823529411764,0.8888888888888888,3,4,7,1,lfv1_luma_std,0.29635503739118574,<=,proxy_or_output_feature,0.85
rule,20,31.16105838354729,0.9822433143854141,-0.09696267117230555,-0.3762476474693502,0.0,-1.995246574251296,1.4852778838082745,0.4,0.5,17,3,0,0.47058823529411764,0.8888888888888888,3,4,7,1,residual_luma_std,0.2977291703224182,<=,proxy_or_output_feature,0.85
rule,20,31.15921508378466,0.982285875082016,-0.0988059709349347,-0.37809094723197934,0.0,-1.2361185006151576,1.2384055230704805,0.4,0.5,15,5,0,0.4666666666666667,0.7777777777777778,2,4,6,0,residual_highfreq_abs_error,0.0012981118634343147,<=,gt_aware_diagnostic,0.75
rule,20,31.15814622863079,0.9821960151195526,-0.09987482608879965,-0.3791598023858443,0.0,-1.793350469773175,0.8274756218343117,0.3,0.55,8,12,0,0.5,0.4444444444444444,3,1,3,1,lfv1_delta_e_mean,2.7504257678985597,>=,gt_aware_diagnostic,0.4
rule,20,31.15804177636333,0.9824413955211639,-0.09997927835626222,-0.3792642546533068,0.0,-0.780381878890004,0.5772108287680324,0.35,0.55,8,12,0,0.5,0.4444444444444444,2,2,3,1,baseline_luma_std_delta,0.000971299409866333,>=,gt_aware_diagnostic,0.4
rule,20,31.15789937268935,0.9828626096248627,-0.10012168203023748,-0.3794066583272821,0.0,-1.14819694110262,0.6210333778148569,0.3,0.55,10,10,0,0.5,0.5555555555555556,2,2,4,0,residual_saturation_abs_bias,0.008061407133936882,<=,gt_aware_diagnostic,0.5
rule,20,31.157668353501094,0.982617536187172,-0.10035270121848824,-0.3796376775155329,0.0,-1.793350469773175,1.2384055230704805,0.4,0.55,14,6,0,0.5,0.7777777777777778,3,3,6,1,lfv1_saturation_abs_bias,0.0033236198127269746,>=,gt_aware_diagnostic,0.7
rule,20,31.157521502802815,0.9822343826293946,-0.1004995519167716,-0.37978452821381625,0.0,-0.780381878890004,0.8274756218343117,0.45,0.6,7,13,0,0.5714285714285714,0.4444444444444444,1,2,4,0,lfv1_delta_e_p95,7.333134031295776,>=,gt_aware_diagnostic,0.35
rule,20,31.157190091509857,0.9830500304698944,-0.1008309632097241,-0.3801159395067687,0.0,-0.6151272551839586,0.05540160898947598,0.3,0.5,5,15,0,0.4,0.2222222222222222,2,1,2,0,image_id,229.5,<=,proxy_or_output_feature,0.25
rule,20,31.157190091509857,0.9830500304698944,-0.1008309632097241,-0.3801159395067687,0.0,-0.6151272551839586,0.05540160898947598,0.3,0.5,5,15,0,0.4,0.2222222222222222,2,1,2,0,residual_saturation_bias,-0.0003228001296520233,<=,gt_aware_diagnostic,0.25
rule,20,31.156928025332263,0.9824883133172989,-0.10109302938732032,-0.380378005684365,0.0,-1.1776272281253086,1.2176118705098782,0.4,0.55,8,12,0,0.5,0.4444444444444444,0,3,2,1,lfv1_from_baseline_residual_error_ratio,1.0567001411633032,>=,gt_aware_diagnostic,0.4
rule,20,31.156237644690588,0.982809665799141,-0.10178341002899512,-0.38106838632603973,0.0,-1.0130053282942584,0.34269366220807096,0.2,0.45,8,12,0,0.375,0.3333333333333333,1,3,1,1,lfv1_from_baseline_residual_norm_ratio,0.7028906663360341,>=,gt_aware_diagnostic,0.4
rule,20,31.156071677764714,0.9826060682535172,-0.10194937695487435,-0.381234353251919,0.0,-0.7067071374981642,0.05540160898947598,0.25,0.5,5,15,0,0.4,0.2222222222222222,2,1,1,1,baseline_lap_var_ratio_gt,1.0610781908035278,>=,gt_aware_diagnostic,0.25
rule,20,31.155685533410256,0.9820633560419083,-0.10233552130933514,-0.3816204976063798,0.0,-2.6649188414797154,1.4852778838082745,0.5,0.55,16,4,0,0.5,0.8888888888888888,2,4,7,1,airlight,0.73,>=,proxy_or_output_feature,0.8
rule,20,31.155598654813637,0.9828643023967742,-0.10242239990595206,-0.38170737620299666,0.0,-1.14819694110262,1.2033953165351896,0.25,0.45,12,8,0,0.4166666666666667,0.5555555555555556,3,2,4,0,airlight,0.82,<=,proxy_or_output_feature,0.6
rule,20,31.154695363105198,0.9822760701179505,-0.10332569161439728,-0.38261066791144194,0.0,-1.793350469773175,0.8274756218343117,0.35,0.55,8,12,0,0.5,0.4444444444444444,3,1,4,0,baseline_rmse,0.029654309526085856,>=,gt_aware_diagnostic,0.4
rule,20,31.154695363105198,0.9822760701179505,-0.10332569161439728,-0.38261066791144194,0.0,-1.793350469773175,0.8274756218343117,0.35,0.55,8,12,0,0.5,0.4444444444444444,3,1,4,0,lfv1_rmse,0.030543766170740127,>=,gt_aware_diagnostic,0.4
rule,20,31.15466314321309,0.9828600227832794,-0.1033579115064999,-0.3826428878035445,0.0,-0.7869814735918658,0.8440025816490673,0.35,0.55,10,10,0,0.5,0.5555555555555556,2,2,4,0,residual_lfv1_highfreq_abs_mean_delta_abs,0.0002468489110469818,<=,proxy_or_output_feature,0.5
rule,20,31.15412042093044,0.982749393582344,-0.10390063378914789,-0.3831856100861925,0.0,-0.0959671117181678,0.0,0.15,0.45,4,16,0,0.25,0.1111111111111111,2,0,0,0,lfv1_edge_error,0.011004099622368813,<=,gt_aware_diagnostic,0.2
rule,20,31.15391775203101,0.982736200094223,-0.10410330268858062,-0.3833882789856252,0.0,-2.0018461689531577,1.4852778838082745,0.35,0.5,17,3,0,0.47058823529411764,0.8888888888888888,3,4,6,1,baseline_luma_std_delta,0.009827753901481617,<=,gt_aware_diagnostic,0.85
rule,20,31.15391775203101,0.982736200094223,-0.10410330268858062,-0.3833882789856252,0.0,-2.0018461689531577,1.4852778838082745,0.35,0.5,17,3,0,0.47058823529411764,0.8888888888888888,3,4,6,1,baseline_highfreq_abs_mean,0.02198848854750395,>=,proxy_or_output_feature,0.85
rule,20,31.15391775203101,0.982736200094223,-0.10410330268858062,-0.3833882789856252,0.0,-2.0018461689531577,1.4852778838082745,0.35,0.5,17,3,0,0.47058823529411764,0.8888888888888888,3,4,6,1,lfv1_luma_std_delta,0.007033783197402947,<=,gt_aware_diagnostic,0.85
rule,20,31.15391775203101,0.982736200094223,-0.10410330268858062,-0.3833882789856252,0.0,-2.0018461689531577,1.4852778838082745,0.35,0.5,17,3,0,0.47058823529411764,0.8888888888888888,3,4,6,1,lfv1_highfreq_abs_mean,0.02205246817320585,>=,proxy_or_output_feature,0.85
rule,20,31.15391775203101,0.982736200094223,-0.10410330268858062,-0.3833882789856252,0.0,-2.0018461689531577,1.4852778838082745,0.35,0.5,17,3,0,0.47058823529411764,0.8888888888888888,3,4,6,1,residual_luma_std_delta,0.005547168850898729,<=,gt_aware_diagnostic,0.85
rule,20,31.15391775203101,0.982736200094223,-0.10410330268858062,-0.3833882789856252,0.0,-2.0018461689531577,1.4852778838082745,0.35,0.5,17,3,0,0.47058823529411764,0.8888888888888888,3,4,6,1,residual_edge_mean,0.12600480541586875,>=,proxy_or_output_feature,0.85
rule,20,31.15391775203101,0.982736200094223,-0.10410330268858062,-0.3833882789856252,0.0,-2.0018461689531577,1.4852778838082745,0.35,0.5,17,3,0,0.47058823529411764,0.8888888888888888,3,4,6,1,residual_highfreq_abs_mean,0.022236143238842487,>=,proxy_or_output_feature,0.85
rule,20,31.153827594459415,0.9828837275505066,-0.10419346026016854,-0.38347843655721314,0.0,-0.10057730097174025,0.0,0.25,0.45,2,18,0,0.0,0.0,0,2,0,0,baseline_luma_abs_bias,0.0021262168884277344,<=,gt_aware_diagnostic,0.1
rule,20,31.153699588165875,0.9830761939287186,-0.10432146655370929,-0.3836064428507539,0.0,-0.6151272551839586,0.05540160898947598,0.25,0.45,6,14,0,0.3333333333333333,0.2222222222222222,2,1,2,0,residual_saturation_bias,-3.0025839805603014e-05,<=,gt_aware_diagnostic,0.3
rule,20,31.153466478493336,0.9825869619846344,-0.10455457622625168,-0.3838395525232963,0.0,-0.25498624347767934,0.0,0.2,0.45,4,16,0,0.25,0.1111111111111111,1,1,0,1,beta,0.86,<=,proxy_or_output_feature,0.2
rule,20,31.15318102582133,0.982711112499237,-0.10484002889826663,-0.38412500519531123,0.0,-1.793350469773175,1.2176118705098782,0.25,0.5,9,11,0,0.4444444444444444,0.4444444444444444,3,2,3,1,residual_highfreq_abs_error,0.0006034933030605316,>=,gt_aware_diagnostic,0.45
rule,20,31.152805896875435,0.9822720110416412,-0.1052151578441551,-0.3845001341411997,0.0,0.0,0.0,0.35,0.55,2,18,0,0.5,0.1111111111111111,0,1,1,0,beta,1.806,>=,proxy_or_output_feature,0.1
rule,20,31.15273585331061,0.9823979139328003,-0.10528520140897779,-0.3845701777060224,0.0,-0.17791036516524786,0.36800612813744205,0.4,0.6,5,15,0,0.6,0.3333333333333333,1,1,3,0,residual_lap_var_ratio_gt,0.9706884771585464,<=,gt_aware_diagnostic,0.25
rule,20,31.152576464037658,0.9826891213655472,-0.10544459068194101,-0.38472956697898564,0.0,-1.793350469773175,1.2176118705098782,0.3,0.45,10,10,0,0.4,0.4444444444444444,3,2,3,1,baseline_saturation_abs_bias,0.0076895952224731445,>=,gt_aware_diagnostic,0.5
rule,20,31.152496846373747,0.9828961968421936,-0.10552420834584098,-0.3848091846428856,0.0,-0.03313805152643428,0.0,0.2,0.45,2,18,0,0.0,0.0,2,0,0,0,airlight,0.61,<=,proxy_or_output_feature,0.1
rule,20,31.15238742461395,0.9826890677213669,-0.10563363010564082,-0.38491860640268544,0.0,-0.0959671117181678,0.2524314075512334,0.3,0.55,6,14,0,0.5,0.3333333333333333,1,1,2,0,baseline_edge_error,0.013578075356781481,<=,gt_aware_diagnostic,0.3
rule,20,31.15238742461395,0.9826890677213669,-0.10563363010564082,-0.38491860640268544,0.0,-0.0959671117181678,0.2524314075512334,0.3,0.55,6,14,0,0.5,0.3333333333333333,1,1,2,0,residual_edge_error,0.013895792141556739,<=,gt_aware_diagnostic,0.3
rule,20,31.152016923618486,0.9827609539031983,-0.10600413110109788,-0.3852891073981425,0.0,-1.0130053282942584,0.34269366220807096,0.2,0.4,9,11,0,0.3333333333333333,0.3333333333333333,1,3,1,1,baseline_mae,0.016262843646109106,<=,gt_aware_diagnostic,0.45
rule,20,31.152016923618486,0.9827609539031983,-0.10600413110109788,-0.3852891073981425,0.0,-1.0130053282942584,0.34269366220807096,0.2,0.4,9,11,0,0.3333333333333333,0.3333333333333333,1,3,1,1,baseline_rmse,0.022997607756406073,<=,gt_aware_diagnostic,0.45
rule,20,31.152016923618486,0.9827609539031983,-0.10600413110109788,-0.3852891073981425,0.0,-1.0130053282942584,0.34269366220807096,0.2,0.4,9,11,0,0.3333333333333333,0.3333333333333333,1,3,1,1,baseline_delta_e_p95,5.304143834114075,<=,gt_aware_diagnostic,0.45
rule,20,31.152016923618486,0.9827609539031983,-0.10600413110109788,-0.3852891073981425,0.0,-1.0130053282942584,0.34269366220807096,0.2,0.4,9,11,0,0.3333333333333333,0.3333333333333333,1,3,1,1,lfv1_from_baseline_residual_norm_ratio,0.6834323753217628,>=,gt_aware_diagnostic,0.45
rule,20,31.151895478871097,0.9823912531137466,-0.106125575848489,-0.38541055214553366,0.0,-0.05717221713469099,0.03215664225274334,0.35,0.55,4,16,0,0.5,0.2222222222222222,1,1,2,0,baseline_mae,0.03973376005887985,>=,gt_aware_diagnostic,0.2
rule,20,31.151895478871097,0.9823912531137466,-0.106125575848489,-0.38541055214553366,0.0,-0.05717221713469099,0.03215664225274334,0.35,0.55,4,16,0,0.5,0.2222222222222222,1,1,2,0,baseline_rmse,0.047756783664226525,>=,gt_aware_diagnostic,0.2
rule,20,31.151895478871097,0.9823912531137466,-0.106125575848489,-0.38541055214553366,0.0,-0.05717221713469099,0.03215664225274334,0.35,0.55,4,16,0,0.5,0.2222222222222222,1,1,2,0,baseline_delta_e_p95,9.135613250732419,>=,gt_aware_diagnostic,0.2
rule,20,31.151895478871097,0.9823912531137466,-0.106125575848489,-0.38541055214553366,0.0,-0.05717221713469099,0.03215664225274334,0.35,0.55,4,16,0,0.5,0.2222222222222222,1,1,2,0,lfv1_mae,0.032650850713253014,>=,gt_aware_diagnostic,0.2
rule,20,31.151895478871097,0.9823912531137466,-0.106125575848489,-0.38541055214553366,0.0,-0.05717221713469099,0.03215664225274334,0.35,0.55,4,16,0,0.5,0.2222222222222222,1,1,2,0,lfv1_rmse,0.04056300669908522,>=,gt_aware_diagnostic,0.2
rule,20,31.151895478871097,0.9823912531137466,-0.106125575848489,-0.38541055214553366,0.0,-0.05717221713469099,0.03215664225274334,0.35,0.55,4,16,0,0.5,0.2222222222222222,1,1,2,0,lfv1_delta_e_mean,3.728502464294433,>=,gt_aware_diagnostic,0.2
rule,20,31.151895478871097,0.9823912531137466,-0.106125575848489,-0.38541055214553366,0.0,-0.05717221713469099,0.03215664225274334,0.35,0.55,4,16,0,0.5,0.2222222222222222,1,1,2,0,lfv1_delta_e_p95,8.835420227050777,>=,gt_aware_diagnostic,0.2
rule,20,31.151895478871097,0.9823912531137466,-0.106125575848489,-0.38541055214553366,0.0,-0.05717221713469099,0.03215664225274334,0.35,0.55,4,16,0,0.5,0.2222222222222222,1,1,2,0,lfv1_luma_abs_bias,0.02390868663787842,>=,gt_aware_diagnostic,0.2
rule,20,31.151895478871097,0.9823912531137466,-0.106125575848489,-0.38541055214553366,0.0,-0.05717221713469099,0.03215664225274334,0.35,0.55,4,16,0,0.5,0.2222222222222222,1,1,2,0,residual_mae,0.03707011044025421,>=,gt_aware_diagnostic,0.2
rule,20,31.151895478871097,0.9823912531137466,-0.106125575848489,-0.38541055214553366,0.0,-0.05717221713469099,0.03215664225274334,0.35,0.55,4,16,0,0.5,0.2222222222222222,1,1,2,0,residual_rmse,0.04574587866663932,>=,gt_aware_diagnostic,0.2
rule,20,31.151895478871097,0.9823912531137466,-0.106125575848489,-0.38541055214553366,0.0,-0.05717221713469099,0.03215664225274334,0.35,0.55,4,16,0,0.5,0.2222222222222222,1,1,2,0,residual_delta_e_p95,10.368050765991208,>=,gt_aware_diagnostic,0.2
rule,20,31.151895478871097,0.9823912531137466,-0.106125575848489,-0.38541055214553366,0.0,-0.05717221713469099,0.03215664225274334,0.35,0.55,4,16,0,0.5,0.2222222222222222,1,1,2,0,residual_luma_abs_bias,0.032411611080169676,>=,gt_aware_diagnostic,0.2
rule,20,31.151830367184964,0.9825349181890488,-0.10619068753462671,-0.3854756638316713,0.0,-2.0018461689531577,1.4852778838082745,0.25,0.4,13,7,0,0.38461538461538464,0.5555555555555556,3,3,4,1,lfv1_lap_var_ratio_gt,0.9886351734399796,>=,gt_aware_diagnostic,0.65
rule,20,31.15145764283789,0.9821309864521026,-0.10656341188169982,-0.38584838817874445,0.0,-1.995246574251296,1.2384055230704805,0.4,0.6,11,9,0,0.5454545454545454,0.6666666666666666,3,2,5,1,baseline_luma_abs_bias,0.005064322054386139,>=,gt_aware_diagnostic,0.55
rule,20,31.14926630263376,0.9822619527578353,-0.108754752085828,-0.3880397283828726,0.0,-1.0973528920316071,0.07859634786275654,0.3,0.5,5,15,0,0.4,0.2222222222222222,1,2,1,1,lfv1_luma_std,0.24507002905011177,<=,proxy_or_output_feature,0.25
rule,20,31.148895019145264,0.982405486702919,-0.10912603557432199,-0.3884110118713666,0.0,-0.17791036516524786,0.2988711131612466,0.35,0.6,5,15,0,0.6,0.3333333333333333,1,1,2,0,baseline_lap_var_ratio_gt,0.976658046245575,<=,gt_aware_diagnostic,0.25
rule,20,31.14856605809289,0.9828410089015961,-0.10945499662669551,-0.38873997292374013,0.0,-1.0130053282942584,0.34269366220807096,0.25,0.4,9,11,0,0.3333333333333333,0.3333333333333333,1,3,2,0,rescalib_from_baseline_residual_norm_ratio,0.6522303119937223,>=,gt_aware_diagnostic,0.45
rule,20,31.148404314508422,0.982483971118927,-0.10961674021116767,-0.3889017165082123,0.0,-0.47615282890315613,0.36800612813744205,0.35,0.6,7,13,0,0.5714285714285714,0.4444444444444444,2,1,3,0,residual_lap_var_ratio_gt,0.9862755000591278,<=,gt_aware_diagnostic,0.35
rule,20,31.14820026528495,0.9822219610214233,-0.10982078943463858,-0.3891057657316832,0.0,-1.995246574251296,1.4852778838082745,0.4,0.55,18,2,0,0.5,1.0,4,4,7,1,beta,0.717,>=,proxy_or_output_feature,0.9
rule,20,31.14819226940322,0.981911101937294,-0.10982878531637201,-0.38911376161341665,0.0,-1.995246574251296,1.2176118705098782,0.35,0.5,7,13,0,0.42857142857142855,0.3333333333333333,1,2,2,1,residual_saturation_bias,0.007467746920883654,>=,gt_aware_diagnostic,0.35
rule,20,31.14773783531964,0.9821226924657822,-0.1102832193999534,-0.389568195696998,0.0,-2.6649188414797154,1.4852778838082745,0.4,0.55,18,2,0,0.5,1.0,3,4,7,1,residual_luma_std_delta,-0.008237655460834502,>=,gt_aware_diagnostic,0.9
rule,20,31.14773783531964,0.9821226924657822,-0.1102832193999534,-0.389568195696998,0.0,-2.6649188414797154,1.4852778838082745,0.4,0.55,18,2,0,0.5,1.0,3,4,7,1,residual_lfv1_edge_mean_delta,0.0028033390641212476,<=,proxy_or_output_feature,0.9
rule,20,31.14773783531964,0.9821226924657822,-0.1102832193999534,-0.389568195696998,0.0,-2.6649188414797154,1.4852778838082745,0.4,0.55,18,2,0,0.5,1.0,3,4,7,1,residual_lfv1_edge_mean_delta_abs,0.0034551694989204407,<=,proxy_or_output_feature,0.9
rule,20,31.14773783531964,0.9821226924657822,-0.1102832193999534,-0.389568195696998,0.0,-2.6649188414797154,1.4852778838082745,0.4,0.55,18,2,0,0.5,1.0,3,4,7,1,residual_lfv1_lap_var_delta,0.003643366694450381,<=,proxy_or_output_feature,0.9
rule,20,31.14773783531964,0.9821226924657822,-0.1102832193999534,-0.389568195696998,0.0,-2.6649188414797154,1.4852778838082745,0.4,0.55,18,2,0,0.5,1.0,3,4,7,1,residual_lfv1_highfreq_abs_mean_delta,0.0004629466682672502,<=,proxy_or_output_feature,0.9
rule,20,31.14736592553976,0.9828422963619232,-0.11065512917982563,-0.38994010547687025,0.0,-1.14819694110262,1.2033953165351896,0.3,0.45,12,8,0,0.4166666666666667,0.5555555555555556,2,3,4,0,baseline_dark_channel_abs_bias,0.015591424703598023,<=,gt_aware_diagnostic,0.6
rule,20,31.14736592553976,0.9828422963619232,-0.11065512917982563,-0.38994010547687025,0.0,-1.14819694110262,1.2033953165351896,0.3,0.45,12,8,0,0.4166666666666667,0.5555555555555556,2,3,4,0,lfv1_dark_channel_abs_bias,0.016114443540573127,<=,gt_aware_diagnostic,0.6
rule,20,31.14703159006087,0.9827088534832,-0.11098946465872431,-0.3902744409557689,0.0,-1.793350469773175,0.8440025816490673,0.25,0.5,7,13,0,0.42857142857142855,0.3333333333333333,3,1,2,1,lfv1_highfreq_abs_error,0.0008964096195995808,>=,gt_aware_diagnostic,0.35
rule,20,31.146478026145825,0.9828827559947968,-0.11154302857375634,-0.39082800487080094,0.0,-0.10057730097174025,0.0,0.3,0.5,3,17,0,0.3333333333333333,0.1111111111111111,1,1,1,0,residual_lfv1_edge_mean_delta_abs,0.0032324053347110742,>=,proxy_or_output_feature,0.15
rule,20,31.146478026145825,0.9828827559947968,-0.11154302857375634,-0.39082800487080094,0.0,-0.10057730097174025,0.0,0.3,0.5,3,17,0,0.3333333333333333,0.1111111111111111,1,1,1,0,residual_lfv1_highfreq_abs_mean_delta_abs,0.0004973573610186576,>=,proxy_or_output_feature,0.15
rule,20,31.146005552313248,0.9829959481954574,-0.11201550240634361,-0.39130047870338824,0.0,-0.3988197647096485,0.0,0.15,0.4,5,15,0,0.2,0.1111111111111111,1,2,0,0,baseline_rmse,0.016406426206231117,<=,gt_aware_diagnostic,0.25
rule,20,31.146005552313248,0.9829959481954574,-0.11201550240634361,-0.39130047870338824,0.0,-0.3988197647096485,0.0,0.15,0.4,5,15,0,0.2,0.1111111111111111,1,2,0,0,baseline_delta_e_p95,4.53411865234375,<=,gt_aware_diagnostic,0.25
rule,20,31.145680241651405,0.98228060901165,-0.11234081306818844,-0.39162578936523307,0.0,-1.8670252111650147,1.3573288980360791,0.3,0.45,14,6,0,0.42857142857142855,0.6666666666666666,2,4,4,1,baseline_dark_channel_abs_bias,0.018314749002456672,<=,gt_aware_diagnostic,0.7
rule,20,31.145279147626603,0.9827116042375564,-0.11274190709298501,-0.39202688339002967,0.0,-0.0959671117181678,0.2524314075512334,0.3,0.55,6,14,0,0.5,0.3333333333333333,1,1,2,0,lfv1_highfreq_abs_error,0.0003460291773080826,<=,gt_aware_diagnostic,0.3
rule,20,31.14491381116444,0.9825101345777512,-0.11310724355515286,-0.3923922198521975,0.0,-0.47615282890315613,0.36800612813744205,0.3,0.55,8,12,0,0.5,0.4444444444444444,2,1,3,0,residual_lap_var_ratio_gt,0.991225802898407,<=,gt_aware_diagnostic,0.4
rule,20,31.144908794312812,0.9828077644109726,-0.11311226040677483,-0.39239723670381943,0.0,-0.6924603193774662,0.07859634786275654,0.25,0.5,5,15,0,0.4,0.2222222222222222,3,0,2,0,lfv1_from_baseline_lf_mse_delta,-2.0871617380180396e-05,<=,gt_aware_diagnostic,0.25
rule,20,31.14441808967597,0.9828862488269806,-0.11360296504362051,-0.3928879413406651,0.0,-0.6924603193774662,0.36800612813744205,0.25,0.5,7,13,0,0.42857142857142855,0.3333333333333333,4,0,3,0,lfv1_from_baseline_lf_mse_delta,-7.493373777833765e-06,<=,gt_aware_diagnostic,0.35
rule,20,31.14422424008353,0.9821322232484817,-0.11379681463605777,-0.3930817909331024,0.0,-1.8670252111650147,1.2384055230704805,0.5,0.6,13,7,0,0.5384615384615384,0.7777777777777778,2,3,6,0,beta,1.2825000000000002,>=,proxy_or_output_feature,0.65
rule,20,31.143962323997663,0.9826694697141647,-0.114058730721921,-0.39334370701896565,0.0,-1.0831060739109093,0.12010849106951398,0.3,0.5,5,15,0,0.4,0.2222222222222222,2,1,2,0,residual_lfv1_edge_mean_delta,0.0021495502442121506,>=,proxy_or_output_feature,0.25
rule,20,31.143962323997663,0.9826694697141647,-0.114058730721921,-0.39334370701896565,0.0,-1.0831060739109093,0.12010849106951398,0.3,0.5,5,15,0,0.4,0.2222222222222222,2,1,2,0,residual_lfv1_highfreq_abs_mean_delta,0.0003000302240252495,>=,proxy_or_output_feature,0.25
rule,20,31.14386551171578,0.9824630141258239,-0.11415554300381477,-0.3934405193008594,0.0,-1.793350469773175,1.2384055230704805,0.35,0.5,7,13,0,0.42857142857142855,0.3333333333333333,2,1,3,0,baseline_luma_std_delta,-0.0010449618101119993,<=,gt_aware_diagnostic,0.35
rule,20,31.143580576853594,0.9827646344900132,-0.11444047786598918,-0.39372545416303384,0.0,-1.2427180953170196,1.3573288980360791,0.25,0.4,11,9,0,0.36363636363636365,0.4444444444444444,1,4,2,1,rescalib_from_baseline_residual_norm_ratio,0.5457519835111373,>=,gt_aware_diagnostic,0.55
rule,20,31.143580576853594,0.9827646344900132,-0.11444047786598918,-0.39372545416303384,0.0,-1.2427180953170196,1.3573288980360791,0.25,0.4,11,9,0,0.36363636363636365,0.4444444444444444,1,4,2,1,rescalib_from_lfv1_residual_norm_ratio,0.4875698342353428,>=,gt_aware_diagnostic,0.55
rule,20,31.143520515147497,0.9826129078865051,-0.11450053957209061,-0.39378551586913524,0.0,-2.0018461689531577,1.4852778838082745,0.3,0.45,14,6,0,0.42857142857142855,0.6666666666666666,2,4,4,1,lfv1_mae,0.027603700011968615,<=,gt_aware_diagnostic,0.7
rule,20,31.143520515147497,0.9826129078865051,-0.11450053957209061,-0.39378551586913524,0.0,-2.0018461689531577,1.4852778838082745,0.3,0.45,14,6,0,0.42857142857142855,0.6666666666666666,2,4,4,1,lfv1_rmse,0.03406515307724476,<=,gt_aware_diagnostic,0.7
rule,20,31.143520515147497,0.9826129078865051,-0.11450053957209061,-0.39378551586913524,0.0,-2.0018461689531577,1.4852778838082745,0.3,0.45,14,6,0,0.42857142857142855,0.6666666666666666,2,4,4,1,lfv1_delta_e_mean,3.0759401798248294,<=,gt_aware_diagnostic,0.7
rule,20,31.142713740924137,0.9822711110115051,-0.11530731379546104,-0.3945922900925057,0.0,-1.995246574251296,1.3573288980360791,0.4,0.5,13,7,0,0.46153846153846156,0.6666666666666666,2,4,5,1,residual_edge_error,0.014474908076226712,>=,gt_aware_diagnostic,0.65
rule,20,31.142713740924137,0.9822711110115051,-0.11530731379546104,-0.3945922900925057,0.0,-1.995246574251296,1.3573288980360791,0.4,0.5,13,7,0,0.46153846153846156,0.6666666666666666,2,4,5,1,residual_lfv1_saturation_mean_delta_abs,0.0021166667342185975,>=,proxy_or_output_feature,0.65
rule,20,31.142425656252062,0.9828518688678741,-0.11559539846752713,-0.3948803747645718,0.0,-0.7869814735918658,0.8440025816490673,0.35,0.5,9,11,0,0.4444444444444444,0.4444444444444444,2,2,4,0,residual_lfv1_edge_mean_delta_abs,0.0014377146959304809,<=,proxy_or_output_feature,0.45
rule,20,31.142425656252062,0.9828518688678741,-0.11559539846752713,-0.3948803747645718,0.0,-0.7869814735918658,0.8440025816490673,0.35,0.5,9,11,0,0.4444444444444444,0.4444444444444444,2,2,4,0,residual_lfv1_highfreq_abs_mean_delta_abs,0.00023241788148880007,<=,proxy_or_output_feature,0.45
rule,20,31.142071312901,0.9821835190057755,-0.11594974181859055,-0.39523471811563515,0.0,-1.2361185006151576,1.2033953165351896,0.35,0.5,11,9,0,0.45454545454545453,0.5555555555555556,1,3,4,0,lfv1_highfreq_abs_error,0.0007876361720263957,<=,gt_aware_diagnostic,0.55
rule,20,31.141784831241146,0.9829472362995147,-0.11623622347844638,-0.395521199775491,0.0,-0.3988197647096485,0.0,0.15,0.35,6,14,0,0.16666666666666666,0.1111111111111111,1,2,0,0,baseline_mae,0.012507834006100893,<=,gt_aware_diagnostic,0.3
rule,20,31.141784831241146,0.9829472362995147,-0.11623622347844638,-0.395521199775491,0.0,-0.3988197647096485,0.0,0.15,0.35,6,14,0,0.16666666666666666,0.1111111111111111,1,2,0,0,baseline_rmse,0.017524799890816213,<=,gt_aware_diagnostic,0.3
rule,20,31.141784831241146,0.9829472362995147,-0.11623622347844638,-0.395521199775491,0.0,-0.3988197647096485,0.0,0.15,0.35,6,14,0,0.16666666666666666,0.1111111111111111,1,2,0,0,baseline_delta_e_p95,4.746916437149048,<=,gt_aware_diagnostic,0.3
rule,20,31.141665791765128,0.9820450037717819,-0.11635526295447018,-0.3956402392515148,0.0,-2.6649188414797154,1.4852778838082745,0.5,0.6,13,7,0,0.5384615384615384,0.7777777777777778,0,5,5,1,lfv1_from_baseline_luma_residual_cosine,0.3785469353199005,<=,gt_aware_diagnostic,0.65
rule,20,31.141665791765128,0.9820450037717819,-0.11635526295447018,-0.3956402392515148,0.0,-2.6649188414797154,1.4852778838082745,0.5,0.6,13,7,0,0.5384615384615384,0.7777777777777778,0,5,5,1,lfv1_from_baseline_residual_error_ratio,0.9844048508273641,>=,gt_aware_diagnostic,0.65
rule,20,31.1412614194124,0.9827881067991256,-0.11675963530718665,-0.39604461160423127,0.0,-0.3988197647096485,0.024474973922054836,0.25,0.4,7,13,0,0.2857142857142857,0.2222222222222222,1,2,1,0,baseline_highfreq_abs_error,0.0003816494718194008,<=,gt_aware_diagnostic,0.35
rule,20,31.141183413507065,0.982223978638649,-0.11683764121252124,-0.3961226175095659,0.0,0.0,0.0,0.35,0.55,2,18,0,0.5,0.1111111111111111,0,1,1,0,baseline_saturation_mean,0.08321507051587106,<=,proxy_or_output_feature,0.1
rule,20,31.141183413507065,0.982223978638649,-0.11683764121252124,-0.3961226175095659,0.0,0.0,0.0,0.35,0.55,2,18,0,0.5,0.1111111111111111,0,1,1,0,lfv1_luma_bias,-0.02384316027164459,<=,gt_aware_diagnostic,0.1
rule,20,31.141183413507065,0.982223978638649,-0.11683764121252124,-0.3961226175095659,0.0,0.0,0.0,0.35,0.55,2,18,0,0.5,0.1111111111111111,0,1,1,0,lfv1_saturation_mean,0.07745966464281082,<=,proxy_or_output_feature,0.1
rule,20,31.141183413507065,0.982223978638649,-0.11683764121252124,-0.3961226175095659,0.0,0.0,0.0,0.35,0.55,2,18,0,0.5,0.1111111111111111,0,1,1,0,residual_luma_bias,-0.03199182748794556,<=,gt_aware_diagnostic,0.1
rule,20,31.141183413507065,0.982223978638649,-0.11683764121252124,-0.3961226175095659,0.0,0.0,0.0,0.35,0.55,2,18,0,0.5,0.1111111111111111,0,1,1,0,residual_saturation_mean,0.08764317855238915,<=,proxy_or_output_feature,0.1
rule,20,31.1410584265545,0.9826628923416137,-0.11696262816508778,-0.3962476044621324,0.0,-0.109111030824284,0.2524314075512334,0.3,0.5,7,13,0,0.42857142857142855,0.3333333333333333,1,1,2,0,lfv1_highfreq_abs_error,0.00035825837403535843,<=,gt_aware_diagnostic,0.35
rule,20,31.14092758633198,0.9829124122858047,-0.1170934683876057,-0.39637844468465033,0.0,-0.6924603193774662,0.36800612813744205,0.2,0.45,8,12,0,0.375,0.3333333333333333,4,0,3,0,lfv1_from_baseline_lf_mse_delta,-3.1565636163577445e-06,<=,gt_aware_diagnostic,0.4
rule,20,31.140745577473865,0.981963711977005,-0.11727547724573206,-0.3965604535427767,0.0,-1.995246574251296,1.2384055230704805,0.4,0.6,9,11,0,0.5555555555555556,0.5555555555555556,2,2,4,1,baseline_luma_bias,-0.005049721896648407,<=,gt_aware_diagnostic,0.45
rule,20,31.14047976356962,0.9828149497509002,-0.11754129114996932,-0.39682626744701394,0.0,-0.05717221713469099,0.0,0.2,0.45,2,18,0,0.0,0.0,2,0,0,0,lfv1_from_baseline_lf_mse_delta,-0.0003629399347119034,<=,gt_aware_diagnostic,0.1
rule,20,31.14029810943446,0.9822692483663559,-0.11772294528512912,-0.39700792158217374,0.0,-0.05717221713469099,0.03215664225274334,0.35,0.55,4,16,0,0.5,0.2222222222222222,1,1,2,0,baseline_luma_std_delta,0.004974150657653806,>=,gt_aware_diagnostic,0.2
rule,20,31.14029810943446,0.9822692483663559,-0.11772294528512912,-0.39700792158217374,0.0,-0.05717221713469099,0.03215664225274334,0.35,0.55,4,16,0,0.5,0.2222222222222222,1,1,2,0,lfv1_luma_std_delta,0.002477234601974484,>=,gt_aware_diagnostic,0.2
rule,20,31.14029810943446,0.9822692483663559,-0.11772294528512912,-0.39700792158217374,0.0,-0.05717221713469099,0.03215664225274334,0.35,0.55,4,16,0,0.5,0.2222222222222222,1,1,2,0,residual_luma_std_delta,0.00307437777519226,>=,gt_aware_diagnostic,0.2
rule,20,31.14006144825771,0.9823671102523803,-0.11795960646187957,-0.3972445827589242,0.0,-0.3988197647096485,0.2524314075512334,0.3,0.45,8,12,0,0.375,0.3333333333333333,1,2,2,0,residual_highfreq_abs_error,0.0002471961081027984,<=,gt_aware_diagnostic,0.4
rule,20,31.13939302109597,0.9826926767826081,-0.11862803362362388,-0.3979130099206685,0.0,-0.40605208328650527,0.34269366220807096,0.25,0.45,8,12,0,0.375,0.3333333333333333,1,2,2,0,lfv1_delta_e_mean,2.3056902408599855,<=,gt_aware_diagnostic,0.4
rule,20,31.13931264498239,0.9820764034986496,-0.11870840973720095,-0.3979933860342456,0.0,-1.995246574251296,0.5449686061245536,0.3,0.5,7,13,0,0.42857142857142855,0.3333333333333333,2,2,2,1,residual_lfv1_luma_std_delta,0.0011917173862457274,>=,proxy_or_output_feature,0.35
rule,20,31.139299718172776,0.9822451919317245,-0.11872133654681213,-0.3980063128438568,0.0,-1.0973528920316071,0.8274756218343117,0.4,0.55,6,14,0,0.5,0.3333333333333333,1,2,3,0,baseline_luma_std,0.24640008211135866,<=,proxy_or_output_feature,0.3
rule,20,31.1388071571839,0.9829294294118881,-0.11921389753568672,-0.39849887383273136,0.0,-0.6223595737608154,0.024474973922054836,0.1,0.4,7,13,0,0.2857142857142857,0.2222222222222222,3,1,1,0,airlight,0.74,<=,proxy_or_output_feature,0.35
rule,20,31.13817528842113,0.9820711672306061,-0.11984576629845538,-0.3991307425955,0.0,-2.6649188414797154,1.4852778838082745,0.45,0.55,14,6,0,0.5,0.7777777777777778,0,5,5,1,lfv1_from_baseline_lf_mse_delta,-1.4170411304803565e-05,>=,gt_aware_diagnostic,0.7
rule,20,31.138144183700753,0.9823993802070617,-0.11987687101883537,-0.39916184731588,0.0,-1.8670252111650147,1.2384055230704805,0.45,0.55,16,4,0,0.5,0.8888888888888888,2,4,7,0,residual_lap_var_ratio_gt,1.0855080366134644,<=,gt_aware_diagnostic,0.8
rule,20,31.137986780468236,0.9824299931526184,-0.12003427425135449,-0.3993192505483991,0.0,-1.8670252111650147,1.2033953165351896,0.45,0.55,8,12,0,0.5,0.4444444444444444,1,3,4,0,residual_lfv1_saturation_mean_delta,0.0037164151668548587,>=,proxy_or_output_feature,0.4
rule,20,31.13734257934172,0.9822315514087677,-0.12067847537786544,-0.3999634516749101,0.0,0.0,0.0,0.3,0.55,2,18,0,0.5,0.1111111111111111,0,1,0,0,residual_lfv1_lap_var_delta_abs,0.0005156684666872025,<=,proxy_or_output_feature,0.1
rule,20,31.137025769955606,0.9819554179906845,-0.12099528476398565,-0.40028026106103026,0.0,-2.6649188414797154,1.4852778838082745,0.4,0.55,16,4,0,0.5,0.8888888888888888,2,4,6,1,baseline_saturation_bias,-0.005921131372451783,>=,gt_aware_diagnostic,0.8
rule,20,31.137025769955606,0.9819554179906845,-0.12099528476398565,-0.40028026106103026,0.0,-2.6649188414797154,1.4852778838082745,0.4,0.55,16,4,0,0.5,0.8888888888888888,2,4,6,1,lfv1_saturation_bias,-0.005565533041954042,>=,gt_aware_diagnostic,0.8
rule,20,31.137025769955606,0.9819554179906845,-0.12099528476398565,-0.40028026106103026,0.0,-2.6649188414797154,1.4852778838082745,0.4,0.55,16,4,0,0.5,0.8888888888888888,2,4,6,1,residual_saturation_bias,-0.0022363781929016125,>=,gt_aware_diagnostic,0.8
rule,20,31.136980933846836,0.9827406227588653,-0.12104012087274914,-0.40032509716979375,0.0,-1.8736248058668765,1.4852778838082745,0.3,0.45,16,4,0,0.4375,0.7777777777777778,3,4,5,1,baseline_luma_std,0.24465306401252745,>=,proxy_or_output_feature,0.8
rule,20,31.136897452730118,0.9826648652553558,-0.12112360198946881,-0.40040857828651344,0.0,-0.4903996470238541,0.0,0.15,0.4,5,15,0,0.2,0.1111111111111111,2,1,0,1,beta,1.0725,<=,proxy_or_output_feature,0.25
rule,20,31.136657532184238,0.9823973327875137,-0.12136352253534924,-0.40064849883239384,0.0,-0.17791036516524786,0.07859634786275654,0.35,0.55,4,16,0,0.5,0.2222222222222222,1,1,2,0,baseline_lap_var_ratio_gt,0.9675084948539734,<=,gt_aware_diagnostic,0.2
rule,20,31.13662985078044,0.9827808320522309,-0.12139120393914701,-0.40067618023619167,0.0,-1.793350469773175,1.2384055230704805,0.3,0.5,15,5,0,0.4666666666666667,0.7777777777777778,4,2,6,0,residual_lfv1_dark_channel_mean_delta_abs,0.01068481057882309,<=,proxy_or_output_feature,0.75
rule,20,31.136309103487577,0.9826884865760803,-0.12171195123201226,-0.4009969275290569,0.0,-0.0959671117181678,0.024474973922054836,0.25,0.5,5,15,0,0.4,0.2222222222222222,1,1,1,0,baseline_edge_error,0.012293299660086632,<=,gt_aware_diagnostic,0.25
rule,20,31.13600743827444,0.9827670246362686,-0.12201361644515814,-0.40129859274220275,0.0,-1.793350469773175,1.2176118705098782,0.25,0.4,11,9,0,0.36363636363636365,0.4444444444444444,4,2,3,1,baseline_saturation_abs_bias,0.006560081243515016,>=,gt_aware_diagnostic,0.55
rule,20,31.13586766572637,0.9825481593608856,-0.12215338899321485,-0.40143836529025945,0.0,0.0,0.0,0.35,0.55,2,18,0,0.5,0.1111111111111111,0,1,1,0,image_id,908.8000000000002,>=,proxy_or_output_feature,0.1
rule,20,31.135817157744725,0.9823906719684601,-0.12220389697486045,-0.4014888732719051,0.0,-0.05717221713469099,0.0,0.3,0.5,3,17,0,0.3333333333333333,0.1111111111111111,1,1,1,0,baseline_rmse,0.05774995386600493,>=,gt_aware_diagnostic,0.15
rule,20,31.135817157744725,0.9823906719684601,-0.12220389697486045,-0.4014888732719051,0.0,-0.05717221713469099,0.0,0.3,0.5,3,17,0,0.3333333333333333,0.1111111111111111,1,1,1,0,baseline_delta_e_p95,14.044150018692015,>=,gt_aware_diagnostic,0.15
rule,20,31.135817157744725,0.9823906719684601,-0.12220389697486045,-0.4014888732719051,0.0,-0.05717221713469099,0.0,0.3,0.5,3,17,0,0.3333333333333333,0.1111111111111111,1,1,1,0,lfv1_rmse,0.05815310664474962,>=,gt_aware_diagnostic,0.15
rule,20,31.135817157744725,0.9823906719684601,-0.12220389697486045,-0.4014888732719051,0.0,-0.05717221713469099,0.0,0.3,0.5,3,17,0,0.3333333333333333,0.1111111111111111,1,1,1,0,lfv1_delta_e_p95,13.172174072265623,>=,gt_aware_diagnostic,0.15
rule,20,31.135817157744725,0.9823906719684601,-0.12220389697486045,-0.4014888732719051,0.0,-0.05717221713469099,0.0,0.3,0.5,3,17,0,0.3333333333333333,0.1111111111111111,1,1,1,0,residual_mae,0.04037329889833925,>=,gt_aware_diagnostic,0.15
rule,20,31.135817157744725,0.9823906719684601,-0.12220389697486045,-0.4014888732719051,0.0,-0.05717221713469099,0.0,0.3,0.5,3,17,0,0.3333333333333333,0.1111111111111111,1,1,1,0,residual_rmse,0.056885716505348655,>=,gt_aware_diagnostic,0.15
rule,20,31.135817157744725,0.9823906719684601,-0.12220389697486045,-0.4014888732719051,0.0,-0.05717221713469099,0.0,0.3,0.5,3,17,0,0.3333333333333333,0.1111111111111111,1,1,1,0,residual_delta_e_mean,4.379997110366819,>=,gt_aware_diagnostic,0.15
rule,20,31.135817157744725,0.9823906719684601,-0.12220389697486045,-0.4014888732719051,0.0,-0.05717221713469099,0.0,0.3,0.5,3,17,0,0.3333333333333333,0.1111111111111111,1,1,1,0,residual_delta_e_p95,13.836270475387572,>=,gt_aware_diagnostic,0.15
rule,20,31.135817157744725,0.9823906719684601,-0.12220389697486045,-0.4014888732719051,0.0,-0.05717221713469099,0.0,0.3,0.5,3,17,0,0.3333333333333333,0.1111111111111111,1,1,1,0,residual_luma_abs_bias,0.036513271927833546,>=,gt_aware_diagnostic,0.15
rule,20,31.135817157744725,0.9823906719684601,-0.12220389697486045,-0.4014888732719051,0.0,-0.05717221713469099,0.0,0.3,0.5,3,17,0,0.3333333333333333,0.1111111111111111,1,1,1,0,residual_dark_channel_abs_bias,0.03838101774454116,>=,gt_aware_diagnostic,0.15
rule,20,31.135817157744725,0.9823906719684601,-0.12220389697486045,-0.4014888732719051,0.0,-0.05717221713469099,0.0,0.3,0.5,3,17,0,0.3333333333333333,0.1111111111111111,1,1,1,0,lfv1_from_baseline_residual_norm_ratio,0.23037361360541309,<=,gt_aware_diagnostic,0.15
rule,20,31.13555838263966,0.9822604775428772,-0.12246267207993214,-0.40174764837697674,0.0,-1.793350469773175,0.8274756218343117,0.35,0.55,10,10,0,0.5,0.5555555555555556,3,2,4,1,lfv1_delta_e_mean,2.477968454360962,>=,gt_aware_diagnostic,0.5
rule,20,31.13531262819517,0.982192873954773,-0.12270842652442279,-0.40199340282146745,0.0,-0.780381878890004,0.3448113892641615,0.35,0.55,6,14,0,0.5,0.3333333333333333,1,2,2,1,residual_luma_std_delta,0.002260832488536835,>=,gt_aware_diagnostic,0.3
rule,20,31.13517196707816,0.9822003543376923,-0.1228490876414309,-0.4021340639384755,0.0,-1.793350469773175,0.8274756218343117,0.4,0.65,10,10,0,0.6,0.6666666666666666,3,1,5,0,rescalib_from_lfv1_residual_norm_ratio,0.5423689172660109,<=,gt_aware_diagnostic,0.5
rule,20,31.135000777680812,0.982719573378563,-0.12302027703877502,-0.4023052533358197,0.0,-1.793350469773175,0.5772108287680324,0.3,0.55,6,14,0,0.5,0.3333333333333333,2,1,2,1,baseline_highfreq_abs_error,0.0013329390436410907,>=,gt_aware_diagnostic,0.3
rule,20,31.131514279289924,0.9822372615337371,-0.1265067754296723,-0.40579175172671694,0.0,-1.2361185006151576,1.2384055230704805,0.35,0.45,14,6,0,0.42857142857142855,0.6666666666666666,2,4,5,0,baseline_highfreq_abs_error,0.0013329390436410907,<=,gt_aware_diagnostic,0.7
rule,20,31.131343089892574,0.9827564805746078,-0.12667796482701643,-0.40596294112406106,0.0,-1.2427180953170196,1.3573288980360791,0.25,0.35,10,10,0,0.3,0.3333333333333333,1,4,2,1,rescalib_from_lfv1_residual_norm_ratio,0.5423689172660109,>=,gt_aware_diagnostic,0.5
rule,20,31.131202428775566,0.9827639609575272,-0.12681862594402454,-0.4061036022410692,0.0,-1.793350469773175,1.2384055230704805,0.3,0.45,14,6,0,0.42857142857142855,0.6666666666666666,3,3,5,0,residual_luma_std_delta,0.002260832488536835,<=,gt_aware_diagnostic,0.7
rule,20,31.130956674331077,0.982696357369423,-0.1270643803885152,-0.4063493566855598,0.0,-1.2427180953170196,1.2384055230704805,0.3,0.45,10,10,0,0.4,0.4444444444444444,1,3,3,0,lfv1_delta_e_mean,2.477968454360962,<=,gt_aware_diagnostic,0.5
rule,20,31.130697899226003,0.98256616294384,-0.1273231554935869,-0.4066081317906315,0.0,-2.0018461689531577,1.4852778838082745,0.35,0.5,17,3,0,0.47058823529411764,0.8888888888888888,3,4,6,1,baseline_rmse,0.05774995386600493,<=,gt_aware_diagnostic,0.85
rule,20,31.130697899226003,0.98256616294384,-0.1273231554935869,-0.4066081317906315,0.0,-2.0018461689531577,1.4852778838082745,0.35,0.5,17,3,0,0.47058823529411764,0.8888888888888888,3,4,6,1,baseline_delta_e_p95,14.044150018692015,<=,gt_aware_diagnostic,0.85
rule,20,31.130697899226003,0.98256616294384,-0.1273231554935869,-0.4066081317906315,0.0,-2.0018461689531577,1.4852778838082745,0.35,0.5,17,3,0,0.47058823529411764,0.8888888888888888,3,4,6,1,lfv1_rmse,0.05815310664474962,<=,gt_aware_diagnostic,0.85
rule,20,31.130697899226003,0.98256616294384,-0.1273231554935869,-0.4066081317906315,0.0,-2.0018461689531577,1.4852778838082745,0.35,0.5,17,3,0,0.47058823529411764,0.8888888888888888,3,4,6,1,lfv1_delta_e_p95,13.172174072265623,<=,gt_aware_diagnostic,0.85
rule,20,31.130697899226003,0.98256616294384,-0.1273231554935869,-0.4066081317906315,0.0,-2.0018461689531577,1.4852778838082745,0.35,0.5,17,3,0,0.47058823529411764,0.8888888888888888,3,4,6,1,residual_mae,0.04037329889833925,<=,gt_aware_diagnostic,0.85
rule,20,31.130697899226003,0.98256616294384,-0.1273231554935869,-0.4066081317906315,0.0,-2.0018461689531577,1.4852778838082745,0.35,0.5,17,3,0,0.47058823529411764,0.8888888888888888,3,4,6,1,residual_rmse,0.056885716505348655,<=,gt_aware_diagnostic,0.85
rule,20,31.130697899226003,0.98256616294384,-0.1273231554935869,-0.4066081317906315,0.0,-2.0018461689531577,1.4852778838082745,0.35,0.5,17,3,0,0.47058823529411764,0.8888888888888888,3,4,6,1,residual_delta_e_mean,4.379997110366819,<=,gt_aware_diagnostic,0.85
rule,20,31.130697899226003,0.98256616294384,-0.1273231554935869,-0.4066081317906315,0.0,-2.0018461689531577,1.4852778838082745,0.35,0.5,17,3,0,0.47058823529411764,0.8888888888888888,3,4,6,1,residual_delta_e_p95,13.836270475387572,<=,gt_aware_diagnostic,0.85
rule,20,31.130697899226003,0.98256616294384,-0.1273231554935869,-0.4066081317906315,0.0,-2.0018461689531577,1.4852778838082745,0.35,0.5,17,3,0,0.47058823529411764,0.8888888888888888,3,4,6,1,residual_luma_abs_bias,0.036513271927833546,<=,gt_aware_diagnostic,0.85
rule,20,31.130697899226003,0.98256616294384,-0.1273231554935869,-0.4066081317906315,0.0,-2.0018461689531577,1.4852778838082745,0.35,0.5,17,3,0,0.47058823529411764,0.8888888888888888,3,4,6,1,residual_dark_channel_abs_bias,0.03838101774454116,<=,gt_aware_diagnostic,0.85
rule,20,31.130697899226003,0.98256616294384,-0.1273231554935869,-0.4066081317906315,0.0,-2.0018461689531577,1.4852778838082745,0.35,0.5,17,3,0,0.47058823529411764,0.8888888888888888,3,4,6,1,lfv1_from_baseline_residual_norm_ratio,0.23037361360541309,>=,gt_aware_diagnostic,0.85
rule,20,31.13064739124436,0.9824086755514145,-0.1273736634752325,-0.4066586397722771,-0.03490503343985196,-1.995246574251296,1.4852778838082745,0.3,0.45,18,2,0,0.4444444444444444,0.8888888888888888,4,4,6,1,image_id,908.8000000000002,<=,proxy_or_output_feature,0.9
rule,20,31.1305076186963,0.9821898102760315,-0.12751343602328918,-0.4067984123203338,0.0,-1.2361185006151576,0.6210333778148569,0.4,0.6,9,11,0,0.5555555555555556,0.5555555555555556,0,3,4,0,baseline_saturation_abs_bias,0.006560081243515016,<=,gt_aware_diagnostic,0.45
rule,20,31.130205953483152,0.9822683483362198,-0.12781510123643508,-0.4071000775334797,0.0,-1.995246574251296,1.3573288980360791,0.4,0.5,15,5,0,0.4666666666666667,0.7777777777777778,3,4,6,1,baseline_edge_error,0.012293299660086632,>=,gt_aware_diagnostic,0.75
rule,20,31.129885206190284,0.9821760028600692,-0.12813584852930032,-0.40742082482634495,0.0,-1.171027633423447,0.12010849106951398,0.35,0.5,5,15,0,0.4,0.2222222222222222,0,3,1,1,residual_lfv1_dark_channel_mean_delta_abs,0.01068481057882309,>=,proxy_or_output_feature,0.25
rule,20,31.129857524786495,0.9825595021247864,-0.1281635299330981,-0.4074485062301427,0.0,-2.0018461689531577,1.4852778838082745,0.3,0.45,16,4,0,0.4375,0.7777777777777778,3,4,5,1,baseline_lap_var_ratio_gt,0.9675084948539734,>=,gt_aware_diagnostic,0.8
rule,20,31.129617604240604,0.9822919696569443,-0.12840345047897853,-0.4076884267760231,0.0,-1.8670252111650147,1.2384055230704805,0.5,0.6,15,5,0,0.5333333333333333,0.8888888888888888,2,4,7,0,beta,1.0725,>=,proxy_or_output_feature,0.75
rule,20,31.129534123123893,0.9822162121534348,-0.12848693159569818,-0.4077719078927428,0.0,-0.1921571832859458,0.07859634786275654,0.35,0.55,4,16,0,0.5,0.2222222222222222,1,1,2,0,baseline_luma_std,0.24465306401252745,<=,proxy_or_output_feature,0.2
rule,20,31.129489287015122,0.9830014169216156,-0.12853176770446167,-0.4078167440015063,0.0,-0.6151272551839586,0.0,0.25,0.45,4,16,0,0.25,0.1111111111111111,2,1,1,0,baseline_saturation_bias,-0.005921131372451783,<=,gt_aware_diagnostic,0.2
rule,20,31.129489287015122,0.9830014169216156,-0.12853176770446167,-0.4078167440015063,0.0,-0.6151272551839586,0.0,0.25,0.45,4,16,0,0.25,0.1111111111111111,2,1,1,0,lfv1_saturation_bias,-0.005565533041954042,<=,gt_aware_diagnostic,0.2
rule,20,31.129489287015122,0.9830014169216156,-0.12853176770446167,-0.4078167440015063,0.0,-0.6151272551839586,0.0,0.25,0.45,4,16,0,0.25,0.1111111111111111,2,1,1,0,residual_saturation_bias,-0.0022363781929016125,<=,gt_aware_diagnostic,0.2
rule,20,31.129172477629005,0.9827252835035324,-0.1288485770905819,-0.4081335533876265,-0.03490503343985196,-2.0018461689531577,1.4852778838082745,0.35,0.45,18,2,0,0.4444444444444444,0.8888888888888888,4,4,7,1,residual_lfv1_lap_var_delta_abs,0.0005156684666872025,>=,proxy_or_output_feature,0.9
rule,20,31.1285282765025,0.9825268417596817,-0.12949277821709285,-0.40877775451413745,0.0,-1.1624437592233179,0.6352499317895455,0.2,0.45,12,8,0,0.4166666666666667,0.5555555555555556,3,2,3,1,residual_lfv1_saturation_mean_delta,0.0037164151668548587,<=,proxy_or_output_feature,0.6
rule,20,31.12837087326998,0.9825574547052384,-0.12965018144961196,-0.40893515774665656,0.0,-0.7067071374981642,0.0,0.2,0.45,4,16,0,0.25,0.1111111111111111,2,1,0,1,residual_lap_var_ratio_gt,1.0855080366134644,>=,gt_aware_diagnostic,0.2
rule,20,31.128339768549598,0.982885667681694,-0.12968128616999194,-0.4089662624670366,0.0,-0.6924603193774662,0.07859634786275654,0.2,0.45,6,14,0,0.3333333333333333,0.2222222222222222,4,0,2,0,lfv1_from_baseline_lf_mse_delta,-1.4170411304803565e-05,<=,gt_aware_diagnostic,0.3
rule,20,31.127707899786834,0.982027405500412,-0.1303131549327606,-0.40959813122980526,0.0,-2.6649188414797154,1.4852778838082745,0.55,0.6,13,7,0,0.5384615384615384,0.7777777777777778,1,4,6,1,airlight,0.79,>=,proxy_or_output_feature,0.65
rule,20,31.127215338797953,0.9827116429805756,-0.1308057159216352,-0.41009069221867983,0.0,-1.8736248058668765,1.4852778838082745,0.25,0.45,14,6,0,0.42857142857142855,0.6666666666666666,3,3,4,1,baseline_luma_std,0.24640008211135866,>=,proxy_or_output_feature,0.7
rule,20,31.127202411988343,0.9828804314136506,-0.13081864273124638,-0.410103619028291,0.0,-1.14819694110262,1.2033953165351896,0.35,0.5,13,7,0,0.46153846153846156,0.6666666666666666,2,3,5,0,residual_lfv1_luma_std_delta,0.0011917173862457274,<=,proxy_or_output_feature,0.65
rule,20,31.127122035874766,0.982264158129692,-0.13089901884482344,-0.4101839951418681,0.0,-1.995246574251296,1.3365352454754769,0.4,0.55,12,8,0,0.5,0.6666666666666666,3,3,5,1,lfv1_delta_e_mean,2.3056902408599855,>=,gt_aware_diagnostic,0.6
rule,20,31.126453608713025,0.9825897246599198,-0.13156744600656775,-0.4108524223036124,0.0,-2.0018461689531577,1.4852778838082745,0.35,0.55,12,8,0,0.5,0.6666666666666666,3,3,5,1,residual_highfreq_abs_error,0.0002471961081027984,>=,gt_aware_diagnostic,0.6
rule,20,31.12621694753627,0.9826875865459442,-0.1318041071833182,-0.4110890834803628,0.0,-2.0018461689531577,1.4852778838082745,0.3,0.45,16,4,0,0.4375,0.7777777777777778,3,4,5,1,baseline_luma_std_delta,0.004974150657653806,<=,gt_aware_diagnostic,0.8
rule,20,31.12621694753627,0.9826875865459442,-0.1318041071833182,-0.4110890834803628,0.0,-2.0018461689531577,1.4852778838082745,0.3,0.45,16,4,0,0.4375,0.7777777777777778,3,4,5,1,lfv1_luma_std_delta,0.002477234601974484,<=,gt_aware_diagnostic,0.8
rule,20,31.12621694753627,0.9826875865459442,-0.1318041071833182,-0.4110890834803628,0.0,-2.0018461689531577,1.4852778838082745,0.3,0.45,16,4,0,0.4375,0.7777777777777778,3,4,5,1,residual_luma_std_delta,0.00307437777519226,<=,gt_aware_diagnostic,0.8
rule,20,31.126035293401117,0.9821418851613999,-0.131985761318478,-0.41127073761552263,0.0,-2.6649188414797154,1.4852778838082745,0.45,0.55,18,2,0,0.5,1.0,2,5,7,1,lfv1_from_baseline_lf_mse_delta,-0.0003629399347119034,>=,gt_aware_diagnostic,0.9
rule,20,31.125769479496864,0.9829931229352951,-0.13225157522271527,-0.4115365515197599,0.0,-1.0130053282942584,0.5772108287680324,0.25,0.4,11,9,0,0.36363636363636365,0.4444444444444444,2,3,3,0,baseline_luma_bias,-0.005049721896648407,>=,gt_aware_diagnostic,0.55
rule,20,31.125587470638756,0.9820444226264954,-0.13243358408084163,-0.41171856037788623,0.0,-2.6649188414797154,1.4852778838082745,0.45,0.55,12,8,0,0.5,0.6666666666666666,0,5,4,1,lfv1_from_baseline_lf_mse_delta,-3.1565636163577445e-06,>=,gt_aware_diagnostic,0.6
rule,20,31.125456630416238,0.9822939425706864,-0.13256442430335955,-0.4118494006004042,0.0,-1.995246574251296,1.4852778838082745,0.35,0.5,13,7,0,0.46153846153846156,0.6666666666666666,3,4,5,1,lfv1_highfreq_abs_error,0.00035825837403535843,>=,gt_aware_diagnostic,0.65
rule,20,31.125331643463664,0.9827328562736511,-0.1326894112559261,-0.4119743875529707,-0.03490503343985196,-2.0018461689531577,1.4852778838082745,0.3,0.45,18,2,0,0.4444444444444444,0.8888888888888888,4,4,6,1,baseline_saturation_mean,0.08321507051587106,>=,proxy_or_output_feature,0.9
rule,20,31.125331643463664,0.9827328562736511,-0.1326894112559261,-0.4119743875529707,-0.03490503343985196,-2.0018461689531577,1.4852778838082745,0.3,0.45,18,2,0,0.4444444444444444,0.8888888888888888,4,4,6,1,lfv1_luma_bias,-0.02384316027164459,>=,gt_aware_diagnostic,0.9
rule,20,31.125331643463664,0.9827328562736511,-0.1326894112559261,-0.4119743875529707,-0.03490503343985196,-2.0018461689531577,1.4852778838082745,0.3,0.45,18,2,0,0.4444444444444444,0.8888888888888888,4,4,6,1,lfv1_saturation_mean,0.07745966464281082,>=,proxy_or_output_feature,0.9
rule,20,31.125331643463664,0.9827328562736511,-0.1326894112559261,-0.4119743875529707,-0.03490503343985196,-2.0018461689531577,1.4852778838082745,0.3,0.45,18,2,0,0.4444444444444444,0.8888888888888888,4,4,6,1,residual_luma_bias,-0.03199182748794556,>=,gt_aware_diagnostic,0.9
rule,20,31.125331643463664,0.9827328562736511,-0.1326894112559261,-0.4119743875529707,-0.03490503343985196,-2.0018461689531577,1.4852778838082745,0.3,0.45,18,2,0,0.4444444444444444,0.8888888888888888,4,4,6,1,residual_saturation_mean,0.08764317855238915,>=,proxy_or_output_feature,0.9
rule,20,31.12525363755833,0.9821687281131745,-0.13276741716126067,-0.4120523934583053,0.0,-1.995246574251296,1.2384055230704805,0.4,0.6,13,7,0,0.5384615384615384,0.7777777777777778,3,3,6,1,baseline_highfreq_abs_error,0.0003816494718194008,>=,gt_aware_diagnostic,0.65
rule,20,31.124849265205608,0.9829118311405182,-0.13317178951397715,-0.41245676581102175,0.0,-0.6924603193774662,0.07859634786275654,0.15,0.4,7,13,0,0.2857142857142857,0.2222222222222222,4,0,2,0,lfv1_from_baseline_luma_residual_cosine,0.3785469353199005,>=,gt_aware_diagnostic,0.35
rule,20,31.124849265205608,0.9829118311405182,-0.13317178951397715,-0.41245676581102175,0.0,-0.6924603193774662,0.07859634786275654,0.15,0.4,7,13,0,0.2857142857142857,0.2222222222222222,4,0,2,0,lfv1_from_baseline_residual_error_ratio,0.9844048508273641,<=,gt_aware_diagnostic,0.35
rule,20,31.124730225729586,0.9820095986127854,-0.13329082899000094,-0.41257580528704557,0.0,-2.6649188414797154,1.4852778838082745,0.5,0.65,14,6,0,0.5714285714285714,0.8888888888888888,3,3,7,1,baseline_mae,0.012507834006100893,>=,gt_aware_diagnostic,0.7
rule,20,31.124730225729586,0.9820095986127854,-0.13329082899000094,-0.41257580528704557,0.0,-2.6649188414797154,1.4852778838082745,0.5,0.65,14,6,0,0.5714285714285714,0.8888888888888888,3,3,7,1,baseline_rmse,0.017524799890816213,>=,gt_aware_diagnostic,0.7
rule,20,31.124730225729586,0.9820095986127854,-0.13329082899000094,-0.41257580528704557,0.0,-2.6649188414797154,1.4852778838082745,0.5,0.65,14,6,0,0.5714285714285714,0.8888888888888888,3,3,7,1,baseline_delta_e_p95,4.746916437149048,>=,gt_aware_diagnostic,0.7
rule,20,31.12444374406973,0.9827733159065246,-0.13357731064985678,-0.4128622869469014,0.0,-1.793350469773175,0.8440025816490673,0.3,0.5,9,11,0,0.4444444444444444,0.4444444444444444,3,2,3,1,lfv1_highfreq_abs_error,0.0007876361720263957,>=,gt_aware_diagnostic,0.45
rule,20,31.124089400718674,0.982104966044426,-0.1339316540009202,-0.41321663029796485,0.0,-1.793350469773175,1.2033953165351896,0.3,0.5,11,9,0,0.45454545454545453,0.5555555555555556,2,3,3,1,residual_lfv1_edge_mean_delta_abs,0.0014377146959304809,>=,proxy_or_output_feature,0.55
rule,20,31.124089400718674,0.982104966044426,-0.1339316540009202,-0.41321663029796485,0.0,-1.793350469773175,1.2033953165351896,0.3,0.5,11,9,0,0.45454545454545453,0.5555555555555556,2,3,3,1,residual_lfv1_highfreq_abs_mean_delta_abs,0.00023241788148880007,>=,proxy_or_output_feature,0.55
rule,20,31.123801316046602,0.982685723900795,-0.13421973867298628,-0.41350471497003094,0.0,-0.35541468087259925,0.2524314075512334,0.25,0.5,7,13,0,0.42857142857142855,0.3333333333333333,2,1,2,0,residual_edge_error,0.014474908076226712,<=,gt_aware_diagnostic,0.35
rule,20,31.123801316046602,0.982685723900795,-0.13421973867298628,-0.41350471497003094,0.0,-0.35541468087259925,0.2524314075512334,0.25,0.5,7,13,0,0.42857142857142855,0.3333333333333333,2,1,2,0,residual_lfv1_saturation_mean_delta_abs,0.0021166667342185975,<=,proxy_or_output_feature,0.35
rule,20,31.122994541823232,0.982343927025795,-0.13502651289635673,-0.4143114891934013,0.0,-0.6924603193774662,0.36800612813744205,0.35,0.55,6,14,0,0.5,0.3333333333333333,2,1,3,0,lfv1_mae,0.027603700011968615,>=,gt_aware_diagnostic,0.3
rule,20,31.122994541823232,0.982343927025795,-0.13502651289635673,-0.4143114891934013,0.0,-0.6924603193774662,0.36800612813744205,0.35,0.55,6,14,0,0.5,0.3333333333333333,2,1,3,0,lfv1_rmse,0.03406515307724476,>=,gt_aware_diagnostic,0.3
rule,20,31.122994541823232,0.982343927025795,-0.13502651289635673,-0.4143114891934013,0.0,-0.6924603193774662,0.36800612813744205,0.35,0.55,6,14,0,0.5,0.3333333333333333,2,1,3,0,lfv1_delta_e_mean,3.0759401798248294,>=,gt_aware_diagnostic,0.3
rule,20,31.122934480117134,0.9821922004222869,-0.13508657460245815,-0.4143715508995028,0.0,-1.793350469773175,0.8274756218343117,0.4,0.6,9,11,0,0.5555555555555556,0.5555555555555556,3,1,5,0,rescalib_from_baseline_residual_norm_ratio,0.5457519835111373,<=,gt_aware_diagnostic,0.45
rule,20,31.122934480117134,0.9821922004222869,-0.13508657460245815,-0.4143715508995028,0.0,-1.793350469773175,0.8274756218343117,0.4,0.6,9,11,0,0.5555555555555556,0.5555555555555556,3,1,5,0,rescalib_from_lfv1_residual_norm_ratio,0.4875698342353428,<=,gt_aware_diagnostic,0.45
rule,20,31.122649545254955,0.9824938207864762,-0.13537150946463256,-0.4146564857616772,0.0,-1.2361185006151576,0.8274756218343117,0.3,0.5,13,7,0,0.46153846153846156,0.6666666666666666,2,4,4,1,baseline_luma_std_delta,-0.0010449618101119993,>=,gt_aware_diagnostic,0.65
rule,20,31.122552732973066,0.9822873651981354,-0.13546832174652632,-0.414753298043571,0.0,-2.6649188414797154,1.4852778838082745,0.35,0.5,15,5,0,0.4666666666666667,0.7777777777777778,2,4,5,1,residual_lfv1_edge_mean_delta,0.0021495502442121506,<=,proxy_or_output_feature,0.75
rule,20,31.122552732973066,0.9822873651981354,-0.13546832174652632,-0.414753298043571,0.0,-2.6649188414797154,1.4852778838082745,0.35,0.5,15,5,0,0.4666666666666667,0.7777777777777778,2,4,5,1,residual_lfv1_highfreq_abs_mean_delta,0.0003000302240252495,<=,proxy_or_output_feature,0.75
rule,20,31.122290816887197,0.9828246116638184,-0.13573023783238955,-0.4150152141294342,0.0,-1.1624437592233179,0.07859634786275654,0.15,0.4,7,13,0,0.2857142857142857,0.2222222222222222,2,2,1,1,beta,1.2825000000000002,<=,proxy_or_output_feature,0.35
rule,20,31.12209696729476,0.9820705860853195,-0.1359240874248268,-0.41520906372187144,0.0,-2.6649188414797154,1.4852778838082745,0.4,0.5,13,7,0,0.46153846153846156,0.6666666666666666,0,5,4,1,lfv1_from_baseline_lf_mse_delta,-7.493373777833765e-06,>=,gt_aware_diagnostic,0.65
rule,20,31.121606262657917,0.9821490705013275,-0.1364147920616725,-0.41569976835871714,0.0,-2.6649188414797154,1.4852778838082745,0.4,0.5,15,5,0,0.4666666666666667,0.7777777777777778,1,5,5,1,lfv1_from_baseline_lf_mse_delta,-2.0871617380180396e-05,>=,gt_aware_diagnostic,0.75
rule,20,31.1216012458063,0.982446700334549,-0.13641980891329447,-0.4157047852103391,0.0,-2.0018461689531577,1.4852778838082745,0.35,0.45,12,8,0,0.4166666666666667,0.5555555555555556,2,4,4,1,residual_lap_var_ratio_gt,0.991225802898407,>=,gt_aware_diagnostic,0.6
rule,20,31.121235909344136,0.9822452306747437,-0.13678514537546232,-0.41607012167250695,0.0,-1.995246574251296,1.4852778838082745,0.35,0.45,14,6,0,0.42857142857142855,0.6666666666666666,3,4,5,1,lfv1_highfreq_abs_error,0.0003460291773080826,>=,gt_aware_diagnostic,0.7
rule,20,31.12083481531933,0.9826762259006501,-0.1371862394002589,-0.4164712156973035,0.0,-0.7067071374981642,0.36800612813744205,0.35,0.55,6,14,0,0.5,0.3333333333333333,2,1,3,0,baseline_dark_channel_abs_bias,0.018314749002456672,>=,gt_aware_diagnostic,0.3
rule,20,31.120509504657484,0.9819608867168427,-0.13751155006210372,-0.4167965263591483,0.0,-2.6649188414797154,1.4852778838082745,0.5,0.6,15,5,0,0.5333333333333333,0.8888888888888888,3,3,7,1,baseline_rmse,0.016406426206231117,>=,gt_aware_diagnostic,0.75
rule,20,31.120509504657484,0.9819608867168427,-0.13751155006210372,-0.4167965263591483,0.0,-2.6649188414797154,1.4852778838082745,0.5,0.6,15,5,0,0.5333333333333333,0.8888888888888888,3,3,7,1,baseline_delta_e_p95,4.53411865234375,>=,gt_aware_diagnostic,0.75
rule,20,31.120037030824903,0.9820740789175033,-0.137984023894691,-0.41726900019173563,0.0,-2.6649188414797154,1.4852778838082745,0.35,0.5,17,3,0,0.47058823529411764,0.8888888888888888,3,4,6,1,residual_lfv1_edge_mean_delta_abs,0.0032324053347110742,<=,proxy_or_output_feature,0.85
rule,20,31.120037030824903,0.9820740789175033,-0.137984023894691,-0.41726900019173563,0.0,-2.6649188414797154,1.4852778838082745,0.35,0.5,17,3,0,0.47058823529411764,0.8888888888888888,3,4,6,1,residual_lfv1_highfreq_abs_mean_delta_abs,0.0004973573610186576,<=,proxy_or_output_feature,0.85
rule,20,31.119483466909866,0.9822479814291001,-0.13853758780972303,-0.41782256410676766,0.0,-1.2361185006151576,1.2033953165351896,0.4,0.5,13,7,0,0.46153846153846156,0.6666666666666666,1,4,5,0,lfv1_highfreq_abs_error,0.0008964096195995808,<=,gt_aware_diagnostic,0.65
rule,20,31.11914913143097,0.9821145385503769,-0.1388719232886217,-0.4181568995856663,0.0,-1.995246574251296,0.8440025816490673,0.35,0.55,8,12,0,0.5,0.4444444444444444,2,2,3,1,baseline_dark_channel_abs_bias,0.015591424703598023,>=,gt_aware_diagnostic,0.4
rule,20,31.11914913143097,0.9821145385503769,-0.1388719232886217,-0.4181568995856663,0.0,-1.995246574251296,0.8440025816490673,0.35,0.55,8,12,0,0.5,0.4444444444444444,2,2,3,1,lfv1_dark_channel_abs_bias,0.016114443540573127,>=,gt_aware_diagnostic,0.4
rule,20,31.11877722165109,0.9828341424465179,-0.13924383306849392,-0.41852880936553855,0.0,-0.10057730097174025,0.0,0.25,0.45,2,18,0,0.0,0.0,1,1,0,0,residual_luma_std_delta,-0.008237655460834502,<=,gt_aware_diagnostic,0.1
rule,20,31.11877722165109,0.9828341424465179,-0.13924383306849392,-0.41852880936553855,0.0,-0.10057730097174025,0.0,0.25,0.45,2,18,0,0.0,0.0,1,1,0,0,residual_lfv1_edge_mean_delta,0.0028033390641212476,>=,proxy_or_output_feature,0.1
rule,20,31.11877722165109,0.9828341424465179,-0.13924383306849392,-0.41852880936553855,0.0,-0.10057730097174025,0.0,0.25,0.45,2,18,0,0.0,0.0,1,1,0,0,residual_lfv1_edge_mean_delta_abs,0.0034551694989204407,>=,proxy_or_output_feature,0.1
rule,20,31.11877722165109,0.9828341424465179,-0.13924383306849392,-0.41852880936553855,0.0,-0.10057730097174025,0.0,0.25,0.45,2,18,0,0.0,0.0,1,1,0,0,residual_lfv1_lap_var_delta,0.003643366694450381,>=,proxy_or_output_feature,0.1
rule,20,31.11877722165109,0.9828341424465179,-0.13924383306849392,-0.41852880936553855,0.0,-0.10057730097174025,0.0,0.25,0.45,2,18,0,0.0,0.0,1,1,0,0,residual_lfv1_highfreq_abs_mean_delta,0.0004629466682672502,>=,proxy_or_output_feature,0.1
rule,20,31.118322787567514,0.9830457329750061,-0.1396982671520753,-0.41898324344911997,0.0,-1.14819694110262,0.8297860276743787,0.3,0.5,13,7,0,0.46153846153846156,0.6666666666666666,3,3,5,0,residual_saturation_bias,0.007467746920883654,<=,gt_aware_diagnostic,0.65
rule,20,31.118314791685776,0.9827348738908768,-0.13970626303380876,-0.41899123933085336,0.0,-0.006981006687970399,0.0,0.25,0.45,2,18,0,0.0,0.0,0,1,0,0,beta,0.717,<=,proxy_or_output_feature,0.1
rule,20,31.118110742462306,0.9824728637933731,-0.13991031225727965,-0.4191952885543243,0.0,-2.0018461689531577,1.4852778838082745,0.3,0.4,13,7,0,0.38461538461538464,0.5555555555555556,2,4,4,1,residual_lap_var_ratio_gt,0.9862755000591278,>=,gt_aware_diagnostic,0.65
rule,20,31.117948998877843,0.982115826010704,-0.1400720558417518,-0.41935703213879644,0.0,-1.995246574251296,1.2176118705098782,0.4,0.6,11,9,0,0.5454545454545454,0.6666666666666666,3,2,5,1,rescalib_from_baseline_residual_norm_ratio,0.6522303119937223,<=,gt_aware_diagnostic,0.55
rule,20,31.117620037825464,0.9825513482093811,-0.14040101689412535,-0.41968599319116995,0.0,-2.0018461689531577,1.4852778838082745,0.3,0.4,15,5,0,0.4,0.6666666666666666,3,4,5,1,baseline_lap_var_ratio_gt,0.976658046245575,>=,gt_aware_diagnostic,0.75
rule,20,31.11724875433697,0.9826948821544648,-0.14077230038261934,-0.42005727667966397,0.0,-1.8736248058668765,1.2384055230704805,0.35,0.5,15,5,0,0.4666666666666667,0.7777777777777778,3,3,6,0,lfv1_luma_std,0.24507002905011177,>=,proxy_or_output_feature,0.75
rule,20,31.115057414132842,0.9828258484601975,-0.14296364058674751,-0.4222486168837921,0.0,-1.0130053282942584,0.27567637428796604,0.25,0.4,9,11,0,0.3333333333333333,0.3333333333333333,1,3,2,0,baseline_luma_abs_bias,0.005064322054386139,<=,gt_aware_diagnostic,0.45
rule,20,31.11468468978577,0.9824219167232513,-0.14333636493382063,-0.42262134123086526,0.0,-1.0831060739109093,0.36800612813744205,0.4,0.6,7,13,0,0.5714285714285714,0.4444444444444444,1,2,3,0,lfv1_lap_var_ratio_gt,0.9886351734399796,<=,gt_aware_diagnostic,0.35
rule,20,31.11461957809963,0.9825655817985535,-0.14340147661995833,-0.42268645291700296,0.0,-2.0018461689531577,1.4852778838082745,0.3,0.45,16,4,0,0.4375,0.7777777777777778,3,4,5,1,baseline_mae,0.03973376005887985,<=,gt_aware_diagnostic,0.8
rule,20,31.11461957809963,0.9825655817985535,-0.14340147661995833,-0.42268645291700296,0.0,-2.0018461689531577,1.4852778838082745,0.3,0.45,16,4,0,0.4375,0.7777777777777778,3,4,5,1,baseline_rmse,0.047756783664226525,<=,gt_aware_diagnostic,0.8
rule,20,31.11461957809963,0.9825655817985535,-0.14340147661995833,-0.42268645291700296,0.0,-2.0018461689531577,1.4852778838082745,0.3,0.45,16,4,0,0.4375,0.7777777777777778,3,4,5,1,baseline_delta_e_p95,9.135613250732419,<=,gt_aware_diagnostic,0.8
rule,20,31.11461957809963,0.9825655817985535,-0.14340147661995833,-0.42268645291700296,0.0,-2.0018461689531577,1.4852778838082745,0.3,0.45,16,4,0,0.4375,0.7777777777777778,3,4,5,1,lfv1_mae,0.032650850713253014,<=,gt_aware_diagnostic,0.8
rule,20,31.11461957809963,0.9825655817985535,-0.14340147661995833,-0.42268645291700296,0.0,-2.0018461689531577,1.4852778838082745,0.3,0.45,16,4,0,0.4375,0.7777777777777778,3,4,5,1,lfv1_rmse,0.04056300669908522,<=,gt_aware_diagnostic,0.8
rule,20,31.11461957809963,0.9825655817985535,-0.14340147661995833,-0.42268645291700296,0.0,-2.0018461689531577,1.4852778838082745,0.3,0.45,16,4,0,0.4375,0.7777777777777778,3,4,5,1,lfv1_delta_e_mean,3.728502464294433,<=,gt_aware_diagnostic,0.8
rule,20,31.11461957809963,0.9825655817985535,-0.14340147661995833,-0.42268645291700296,0.0,-2.0018461689531577,1.4852778838082745,0.3,0.45,16,4,0,0.4375,0.7777777777777778,3,4,5,1,lfv1_delta_e_p95,8.835420227050777,<=,gt_aware_diagnostic,0.8
rule,20,31.11461957809963,0.9825655817985535,-0.14340147661995833,-0.42268645291700296,0.0,-2.0018461689531577,1.4852778838082745,0.3,0.45,16,4,0,0.4375,0.7777777777777778,3,4,5,1,lfv1_luma_abs_bias,0.02390868663787842,<=,gt_aware_diagnostic,0.8
rule,20,31.11461957809963,0.9825655817985535,-0.14340147661995833,-0.42268645291700296,0.0,-2.0018461689531577,1.4852778838082745,0.3,0.45,16,4,0,0.4375,0.7777777777777778,3,4,5,1,residual_mae,0.03707011044025421,<=,gt_aware_diagnostic,0.8
rule,20,31.11461957809963,0.9825655817985535,-0.14340147661995833,-0.42268645291700296,0.0,-2.0018461689531577,1.4852778838082745,0.3,0.45,16,4,0,0.4375,0.7777777777777778,3,4,5,1,residual_rmse,0.04574587866663932,<=,gt_aware_diagnostic,0.8
rule,20,31.11461957809963,0.9825655817985535,-0.14340147661995833,-0.42268645291700296,0.0,-2.0018461689531577,1.4852778838082745,0.3,0.45,16,4,0,0.4375,0.7777777777777778,3,4,5,1,residual_delta_e_p95,10.368050765991208,<=,gt_aware_diagnostic,0.8
rule,20,31.11461957809963,0.9825655817985535,-0.14340147661995833,-0.42268645291700296,0.0,-2.0018461689531577,1.4852778838082745,0.3,0.45,16,4,0,0.4375,0.7777777777777778,3,4,5,1,residual_luma_abs_bias,0.032411611080169676,<=,gt_aware_diagnostic,0.8
rule,20,31.11449813335225,0.9821958810091018,-0.14352292136734945,-0.4228078976643941,0.0,-1.995246574251296,1.2176118705098782,0.45,0.6,11,9,0,0.5454545454545454,0.6666666666666666,3,2,6,0,baseline_mae,0.016262843646109106,>=,gt_aware_diagnostic,0.55
rule,20,31.11449813335225,0.9821958810091018,-0.14352292136734945,-0.4228078976643941,0.0,-1.995246574251296,1.2176118705098782,0.45,0.6,11,9,0,0.5454545454545454,0.6666666666666666,3,2,6,0,baseline_rmse,0.022997607756406073,>=,gt_aware_diagnostic,0.55
rule,20,31.11449813335225,0.9821958810091018,-0.14352292136734945,-0.4228078976643941,0.0,-1.995246574251296,1.2176118705098782,0.45,0.6,11,9,0,0.5454545454545454,0.6666666666666666,3,2,6,0,baseline_delta_e_p95,5.304143834114075,>=,gt_aware_diagnostic,0.55
rule,20,31.11449813335225,0.9821958810091018,-0.14352292136734945,-0.4228078976643941,0.0,-1.995246574251296,1.2176118705098782,0.45,0.6,11,9,0,0.5454545454545454,0.6666666666666666,3,2,6,0,lfv1_from_baseline_residual_norm_ratio,0.6834323753217628,<=,gt_aware_diagnostic,0.55
rule,20,31.11412763235678,0.9822677671909332,-0.1438934223628065,-0.42317839865985113,0.0,-1.995246574251296,1.3573288980360791,0.35,0.45,14,6,0,0.42857142857142855,0.6666666666666666,3,4,5,1,baseline_edge_error,0.013578075356781481,>=,gt_aware_diagnostic,0.7
rule,20,31.11412763235678,0.9822677671909332,-0.1438934223628065,-0.42317839865985113,0.0,-1.995246574251296,1.3573288980360791,0.35,0.45,14,6,0,0.42857142857142855,0.6666666666666666,3,4,5,1,residual_edge_error,0.013895792141556739,>=,gt_aware_diagnostic,0.7
rule,20,31.11401821059699,0.9820606380701065,-0.14400284412260636,-0.42328782041965096,0.0,-2.6649188414797154,1.4852778838082745,0.45,0.55,18,2,0,0.5,1.0,2,5,7,1,airlight,0.63,>=,proxy_or_output_feature,0.9
rule,20,31.113938592933085,0.9822677135467529,-0.14408246178650633,-0.42336743808355093,0.0,-1.2361185006151576,0.6210333778148569,0.35,0.55,10,10,0,0.5,0.5555555555555556,1,3,4,0,baseline_saturation_abs_bias,0.0076895952224731445,<=,gt_aware_diagnostic,0.5
rule,20,31.113779203660123,0.9825589209794998,-0.14424185105946954,-0.42352682735651415,0.0,-2.0018461689531577,1.4852778838082745,0.25,0.4,15,5,0,0.4,0.6666666666666666,3,4,4,1,residual_lap_var_ratio_gt,0.9706884771585464,>=,gt_aware_diagnostic,0.75
rule,20,31.1137091600953,0.9826848238706589,-0.14431189462429223,-0.42359687092133685,-0.03490503343985196,-2.0018461689531577,1.4852778838082745,0.3,0.45,18,2,0,0.4444444444444444,0.8888888888888888,4,4,6,1,beta,1.806,<=,proxy_or_output_feature,0.9
rule,20,31.113334031149407,0.9822457224130631,-0.1446870235701807,-0.42397199986722534,0.0,-1.171027633423447,0.6210333778148569,0.4,0.5,11,9,0,0.45454545454545453,0.5555555555555556,1,3,4,0,residual_highfreq_abs_error,0.0006034933030605316,<=,gt_aware_diagnostic,0.55
rule,20,31.11304857847739,0.9823698729276658,-0.14497247624219564,-0.4242574525392403,0.0,-1.8670252111650147,1.2384055230704805,0.45,0.55,16,4,0,0.5,0.8888888888888888,3,4,7,0,beta,0.86,>=,proxy_or_output_feature,0.8
rule,20,31.112815468804854,0.9818806409835815,-0.14520558591473803,-0.42449056221178266,0.0,-2.6649188414797154,1.4852778838082745,0.4,0.55,14,6,0,0.5,0.7777777777777778,2,4,5,1,residual_saturation_bias,-3.0025839805603014e-05,>=,gt_aware_diagnostic,0.7
rule,20,31.112687462511314,0.9820731073617935,-0.1453335922082788,-0.4246185685053234,0.0,-2.6649188414797154,1.4852778838082745,0.4,0.55,18,2,0,0.5,1.0,4,3,7,1,baseline_luma_abs_bias,0.0021262168884277344,>=,gt_aware_diagnostic,0.9
rule,20,31.11259730493972,0.9822206348180771,-0.14542374977986672,-0.42470872607691135,0.0,-0.05717221713469099,0.0,0.3,0.5,3,17,0,0.3333333333333333,0.1111111111111111,1,1,1,0,baseline_luma_std_delta,0.009827753901481617,>=,gt_aware_diagnostic,0.15
rule,20,31.11259730493972,0.9822206348180771,-0.14542374977986672,-0.42470872607691135,0.0,-0.05717221713469099,0.0,0.3,0.5,3,17,0,0.3333333333333333,0.1111111111111111,1,1,1,0,baseline_highfreq_abs_mean,0.02198848854750395,<=,proxy_or_output_feature,0.15
rule,20,31.11259730493972,0.9822206348180771,-0.14542374977986672,-0.42470872607691135,0.0,-0.05717221713469099,0.0,0.3,0.5,3,17,0,0.3333333333333333,0.1111111111111111,1,1,1,0,lfv1_luma_std_delta,0.007033783197402947,>=,gt_aware_diagnostic,0.15
rule,20,31.11259730493972,0.9822206348180771,-0.14542374977986672,-0.42470872607691135,0.0,-0.05717221713469099,0.0,0.3,0.5,3,17,0,0.3333333333333333,0.1111111111111111,1,1,1,0,lfv1_highfreq_abs_mean,0.02205246817320585,<=,proxy_or_output_feature,0.15
rule,20,31.11259730493972,0.9822206348180771,-0.14542374977986672,-0.42470872607691135,0.0,-0.05717221713469099,0.0,0.3,0.5,3,17,0,0.3333333333333333,0.1111111111111111,1,1,1,0,residual_luma_std_delta,0.005547168850898729,>=,gt_aware_diagnostic,0.15
rule,20,31.11259730493972,0.9822206348180771,-0.14542374977986672,-0.42470872607691135,0.0,-0.05717221713469099,0.0,0.3,0.5,3,17,0,0.3333333333333333,0.1111111111111111,1,1,1,0,residual_edge_mean,0.12600480541586875,<=,proxy_or_output_feature,0.15
rule,20,31.11259730493972,0.9822206348180771,-0.14542374977986672,-0.42470872607691135,0.0,-0.05717221713469099,0.0,0.3,0.5,3,17,0,0.3333333333333333,0.1111111111111111,1,1,1,0,residual_highfreq_abs_mean,0.022236143238842487,<=,proxy_or_output_feature,0.15
rule,20,31.11239463604029,0.9822074413299561,-0.14562641867929943,-0.42491139497634406,0.0,-2.6649188414797154,1.4852778838082745,0.5,0.55,16,4,0,0.5,0.8888888888888888,2,5,7,1,lfv1_edge_error,0.011004099622368813,>=,gt_aware_diagnostic,0.8
rule,20,31.11185191375764,0.9820968121290207,-0.14616914096194744,-0.42545411725899207,0.0,-1.793350469773175,1.2033953165351896,0.3,0.45,10,10,0,0.4,0.4444444444444444,2,3,3,1,residual_lfv1_highfreq_abs_mean_delta_abs,0.0002468489110469818,>=,proxy_or_output_feature,0.5
rule,20,31.111819693865538,0.9826807647943496,-0.14620136085405006,-0.4254863371510947,0.0,-1.2427180953170196,1.2384055230704805,0.3,0.45,12,8,0,0.4166666666666667,0.5555555555555556,1,4,3,1,baseline_rmse,0.029654309526085856,<=,gt_aware_diagnostic,0.6
rule,20,31.111819693865538,0.9826807647943496,-0.14620136085405006,-0.4254863371510947,0.0,-1.2427180953170196,1.2384055230704805,0.3,0.45,12,8,0,0.4166666666666667,0.5555555555555556,1,4,3,1,lfv1_rmse,0.030543766170740127,<=,gt_aware_diagnostic,0.6
rule,20,31.11091640215709,0.9820925325155259,-0.14710465256249527,-0.4263896288595399,0.0,-1.995246574251296,0.9629259566146658,0.4,0.55,8,12,0,0.5,0.4444444444444444,1,3,3,1,airlight,0.85,>=,proxy_or_output_feature,0.4
rule,20,31.110829523560476,0.9828934788703918,-0.14719153115911218,-0.42647650745615684,0.0,-0.40605208328650527,0.0,0.15,0.45,4,16,0,0.25,0.1111111111111111,2,1,0,0,airlight,0.69,<=,proxy_or_output_feature,0.2
rule,20,31.110443379206014,0.982350766658783,-0.14757767551357298,-0.4268626518106176,0.0,-1.8670252111650147,1.2384055230704805,0.4,0.5,15,5,0,0.4666666666666667,0.7777777777777778,2,4,6,0,baseline_lap_var_ratio_gt,1.0610781908035278,<=,gt_aware_diagnostic,0.75
rule,20,31.110277412280148,0.9821471691131591,-0.1477436424394522,-0.42702861873649683,0.0,-1.995246574251296,1.2176118705098782,0.45,0.55,12,8,0,0.5,0.6666666666666666,3,2,6,0,lfv1_from_baseline_residual_norm_ratio,0.7028906663360341,<=,gt_aware_diagnostic,0.6
rule,20,31.109587031638466,0.9824685215950012,-0.14843402308112702,-0.42771899937817165,0.0,-1.793350469773175,0.8297860276743787,0.25,0.45,12,8,0,0.4166666666666667,0.5555555555555556,4,2,5,0,lfv1_from_baseline_residual_error_ratio,1.0567001411633032,<=,gt_aware_diagnostic,0.6
rule,20,31.10932496546087,0.9819068044424057,-0.14869608925872324,-0.42798106555576787,0.0,-2.6649188414797154,1.4852778838082745,0.35,0.5,15,5,0,0.4666666666666667,0.7777777777777778,2,4,5,1,image_id,229.5,>=,proxy_or_output_feature,0.75
rule,20,31.10932496546087,0.9819068044424057,-0.14869608925872324,-0.42798106555576787,0.0,-2.6649188414797154,1.4852778838082745,0.35,0.5,15,5,0,0.4666666666666667,0.7777777777777778,2,4,5,1,residual_saturation_bias,-0.0003228001296520233,>=,gt_aware_diagnostic,0.75
rule,20,31.10899355416792,0.9827224522829056,-0.14902750055167574,-0.42831247684872037,0.0,-1.793350469773175,1.2384055230704805,0.2,0.4,13,7,0,0.38461538461538464,0.5555555555555556,3,3,3,1,lfv1_delta_e_p95,7.333134031295776,<=,gt_aware_diagnostic,0.65
rule,20,31.108846703469634,0.9823392987251282,-0.1491743512499591,-0.4284593275470037,0.0,-0.5640743884156938,0.024474973922054836,0.25,0.45,6,14,0,0.3333333333333333,0.2222222222222222,1,2,1,0,lfv1_saturation_abs_bias,0.0033236198127269746,<=,gt_aware_diagnostic,0.3
rule,20,31.108615684281382,0.9820942252874374,-0.14940537043820984,-0.42869034673525447,0.0,-1.995246574251296,1.2176118705098782,0.35,0.45,10,10,0,0.4,0.4444444444444444,2,3,3,1,residual_saturation_abs_bias,0.008061407133936882,>=,gt_aware_diagnostic,0.5
rule,20,31.108473280607406,0.9825154393911362,-0.14954777411218512,-0.42883275040922975,0.0,-1.793350469773175,1.2384055230704805,0.3,0.45,12,8,0,0.4166666666666667,0.5555555555555556,2,3,4,0,baseline_luma_std_delta,0.000971299409866333,<=,gt_aware_diagnostic,0.6
rule,20,31.10836882833994,0.9827608197927475,-0.14965222637964767,-0.42893720267669233,0.0,-1.2427180953170196,1.2384055230704805,0.35,0.45,12,8,0,0.4166666666666667,0.5555555555555556,1,4,4,0,lfv1_delta_e_mean,2.7504257678985597,<=,gt_aware_diagnostic,0.6
rule,20,31.107299973186077,0.9826709598302841,-0.15072108153351263,-0.43000605783055723,0.0,-1.793350469773175,0.07859634786275654,0.25,0.5,5,15,0,0.4,0.2222222222222222,2,1,1,1,residual_highfreq_abs_error,0.0012981118634343147,>=,gt_aware_diagnostic,0.25
rule,20,31.105456673423447,0.982713520526886,-0.15256438129614178,-0.43184935759318643,0.0,-0.05717221713469099,0.0,0.25,0.5,3,17,0,0.3333333333333333,0.1111111111111111,1,1,0,0,baseline_luma_std,0.2971827760338783,>=,proxy_or_output_feature,0.15
rule,20,31.105456673423447,0.982713520526886,-0.15256438129614178,-0.43184935759318643,0.0,-0.05717221713469099,0.0,0.25,0.5,3,17,0,0.3333333333333333,0.1111111111111111,1,1,0,0,lfv1_luma_std,0.29635503739118574,>=,proxy_or_output_feature,0.15
rule,20,31.105456673423447,0.982713520526886,-0.15256438129614178,-0.43184935759318643,0.0,-0.05717221713469099,0.0,0.25,0.5,3,17,0,0.3333333333333333,0.1111111111111111,1,1,0,0,residual_luma_std,0.2977291703224182,>=,proxy_or_output_feature,0.15
rule,20,31.105411588009588,0.9820775061845779,-0.15260946671000147,-0.4318944430070461,-0.03490503343985196,-1.995246574251296,1.4852778838082745,0.3,0.45,18,2,0,0.4444444444444444,0.8888888888888888,4,4,6,1,residual_lfv1_saturation_mean_delta,0.008408948779106142,<=,proxy_or_output_feature,0.9
rule,20,31.105411588009588,0.9820775061845779,-0.15260946671000147,-0.4318944430070461,-0.03490503343985196,-1.995246574251296,1.4852778838082745,0.3,0.45,18,2,0,0.4444444444444444,0.8888888888888888,4,4,6,1,residual_lfv1_saturation_mean_delta_abs,0.00957825779914856,<=,proxy_or_output_feature,0.9
rule,20,31.103763891816847,0.9823422938585281,-0.15425716290274014,-0.4335421391997848,0.0,-0.17791036516524786,0.2524314075512334,0.35,0.6,5,15,0,0.6,0.3333333333333333,1,1,2,0,lfv1_lap_var_ratio_gt,0.9724274128675461,<=,gt_aware_diagnostic,0.25
rule,20,31.10343493076448,0.9827778160572052,-0.15458612395511367,-0.4338711002521583,0.0,-1.0130053282942584,0.2524314075512334,0.25,0.4,9,11,0,0.3333333333333333,0.3333333333333333,1,3,2,0,baseline_highfreq_abs_error,0.0005550041794776917,<=,gt_aware_diagnostic,0.45
rule,20,31.10311829914439,0.9828709304332733,-0.15490275557520014,-0.4341877318722448,0.0,-0.40605208328650527,0.0,0.1,0.35,6,14,0,0.16666666666666666,0.1111111111111111,2,1,0,0,lfv1_dark_channel_abs_bias,0.006273046135902405,<=,gt_aware_diagnostic,0.3
rule,20,31.102434666073055,0.9822149157524109,-0.1555863886465298,-0.4348713649435744,0.0,-1.995246574251296,1.2384055230704805,0.4,0.5,17,3,0,0.47058823529411764,0.8888888888888888,3,4,7,0,lfv1_highfreq_abs_error,0.001696024928241968,<=,gt_aware_diagnostic,0.85
rule,20,31.102434666073055,0.9822149157524109,-0.1555863886465298,-0.4348713649435744,0.0,-1.995246574251296,1.2384055230704805,0.4,0.5,17,3,0,0.47058823529411764,0.8888888888888888,3,4,7,0,residual_highfreq_abs_error,0.0016096760518848892,<=,gt_aware_diagnostic,0.85
rule,20,31.102236014213634,0.9823167145252227,-0.1557850405059554,-0.43507001680300006,0.0,-2.0018461689531577,1.2176118705098782,0.35,0.55,8,12,0,0.5,0.4444444444444444,2,2,3,1,lfv1_lap_var_ratio_gt,1.0202552556991578,>=,gt_aware_diagnostic,0.4
rule,20,31.10218730937155,0.9820221304893494,-0.1558337453480368,-0.4351187216450814,0.0,-2.6649188414797154,1.4852778838082745,0.5,0.6,13,7,0,0.5384615384615384,0.7777777777777778,2,4,6,1,lfv1_dark_channel_abs_bias,0.006457901000976562,>=,gt_aware_diagnostic,0.65
rule,20,31.10211179065866,0.9825628191232681,-0.15590926406093236,-0.435194240357977,-0.03490503343985196,-2.0018461689531577,1.4852778838082745,0.3,0.45,18,2,0,0.4444444444444444,0.8888888888888888,4,4,6,1,baseline_luma_std,0.23632583171129226,>=,proxy_or_output_feature,0.9
rule,20,31.10211179065866,0.9825628191232681,-0.15590926406093236,-0.435194240357977,-0.03490503343985196,-2.0018461689531577,1.4852778838082745,0.3,0.45,18,2,0,0.4444444444444444,0.8888888888888888,4,4,6,1,lfv1_delta_e_p95,14.47339677810669,<=,gt_aware_diagnostic,0.9
rule,20,31.10211179065866,0.9825628191232681,-0.15590926406093236,-0.435194240357977,-0.03490503343985196,-2.0018461689531577,1.4852778838082745,0.3,0.45,18,2,0,0.4444444444444444,0.8888888888888888,4,4,6,1,lfv1_luma_std,0.22945785522460938,>=,proxy_or_output_feature,0.9
rule,20,31.10211179065866,0.9825628191232681,-0.15590926406093236,-0.435194240357977,-0.03490503343985196,-2.0018461689531577,1.4852778838082745,0.3,0.45,18,2,0,0.4444444444444444,0.8888888888888888,4,4,6,1,lfv1_from_baseline_residual_norm_ratio,0.1945313514331906,>=,gt_aware_diagnostic,0.9
rule,20,31.101780723635954,0.9820524841547013,-0.1562403310836336,-0.43552530738067824,0.0,-2.6649188414797154,1.4852778838082745,0.45,0.5,17,3,0,0.47058823529411764,0.8888888888888888,2,5,7,1,airlight,0.69,>=,proxy_or_output_feature,0.85
rule,20,31.101743242925533,0.9823528498411178,-0.15627781179406064,-0.43556278809110527,0.0,-1.995246574251296,1.2384055230704805,0.35,0.5,15,5,0,0.4666666666666667,0.7777777777777778,4,3,7,0,lfv1_from_baseline_residual_error_ratio,1.094190843178138,<=,gt_aware_diagnostic,0.75
rule,20,31.101541716699092,0.9825507670640945,-0.1564793380204968,-0.4357643143175414,0.0,-2.0018461689531577,1.4852778838082745,0.25,0.35,14,6,0,0.35714285714285715,0.5555555555555556,3,4,4,1,residual_lap_var_ratio_gt,0.9778220891952515,>=,gt_aware_diagnostic,0.7
rule,20,31.10150926869327,0.9826005309820175,-0.1565117860263241,-0.4357967623233687,0.0,-1.2427180953170196,0.6352499317895455,0.35,0.5,11,9,0,0.45454545454545453,0.5555555555555556,1,3,4,0,baseline_luma_std,0.26406586915254593,>=,proxy_or_output_feature,0.55
rule,20,31.10150926869327,0.9826005309820175,-0.1565117860263241,-0.4357967623233687,0.0,-1.2427180953170196,0.6352499317895455,0.35,0.5,11,9,0,0.45454545454545453,0.5555555555555556,1,3,4,0,residual_luma_std,0.26497077345848086,>=,proxy_or_output_feature,0.55
rule,20,31.10075833343879,0.9828491508960724,-0.15726272128079835,-0.43654769757784295,0.0,-1.2427180953170196,0.8440025816490673,0.3,0.5,11,9,0,0.45454545454545453,0.5555555555555556,2,3,4,0,residual_lfv1_edge_mean_delta_abs,0.0017746139317750928,<=,proxy_or_output_feature,0.55
rule,20,31.10075833343879,0.9828491508960724,-0.15726272128079835,-0.43654769757784295,0.0,-1.2427180953170196,0.8440025816490673,0.3,0.5,11,9,0,0.45454545454545453,0.5555555555555556,2,3,4,0,residual_lfv1_highfreq_abs_mean_delta_abs,0.0002756247296929359,<=,proxy_or_output_feature,0.55
rule,20,31.100577981843827,0.9818724870681763,-0.15744307287576528,-0.43672804917280994,0.0,-2.6649188414797154,1.4852778838082745,0.4,0.5,13,7,0,0.46153846153846156,0.6666666666666666,2,4,5,1,residual_saturation_bias,0.0024730384349823014,>=,gt_aware_diagnostic,0.65
rule,20,31.099777666984398,0.9827445715665817,-0.15824338773519298,-0.4375283640322376,0.0,-0.6924603193774662,0.03215664225274334,0.25,0.5,5,15,0,0.4,0.2222222222222222,3,0,2,0,baseline_luma_abs_bias,0.019330047070980072,>=,gt_aware_diagnostic,0.25
rule,20,31.099162550125925,0.9823167294263839,-0.15885850459366288,-0.43814348089070754,0.0,-1.171027633423447,0.8274756218343117,0.45,0.55,6,14,0,0.5,0.3333333333333333,0,3,3,0,residual_lfv1_saturation_mean_delta,0.005303743481636048,>=,proxy_or_output_feature,0.3
rule,20,31.099121791219478,0.9820240616798401,-0.15889926350010608,-0.4381842397971507,0.0,-2.6649188414797154,1.4852778838082745,0.5,0.55,14,6,0,0.5,0.7777777777777778,2,4,6,1,airlight,0.74,>=,proxy_or_output_feature,0.7
rule,20,31.098890939402473,0.9821768313646316,-0.15913011531711643,-0.43841509161416103,0.0,-1.2361185006151576,1.2176118705098782,0.35,0.45,12,8,0,0.4166666666666667,0.5555555555555556,1,4,4,0,baseline_highfreq_abs_error,0.0010976016521453858,<=,gt_aware_diagnostic,0.6
rule,20,31.098752804218286,0.9825411111116409,-0.15926825050130536,-0.43855322679834996,0.0,-2.0018461689531577,1.4852778838082745,0.3,0.5,11,9,0,0.45454545454545453,0.5555555555555556,3,3,4,1,residual_highfreq_abs_error,0.0003443880006670953,>=,gt_aware_diagnostic,0.55
rule,20,31.098645259926048,0.98294957280159,-0.159375794793538,-0.43866077109058266,0.0,-1.14819694110262,0.5772108287680324,0.15,0.4,9,11,0,0.3333333333333333,0.3333333333333333,4,1,3,0,lfv1_from_baseline_luma_residual_cosine,0.2886651426553726,>=,gt_aware_diagnostic,0.45
rule,20,31.098115664022554,0.9824998199939727,-0.15990539069703774,-0.43919036699408237,0.0,-1.0831060739109093,0.36800612813744205,0.35,0.55,8,12,0,0.5,0.4444444444444444,2,2,3,0,lfv1_lap_var_ratio_gt,0.9926124095916748,<=,gt_aware_diagnostic,0.4
rule,20,31.096742939574995,0.9827247023582458,-0.1612781151445944,-0.440563091441639,0.0,-1.793350469773175,0.8440025816490673,0.25,0.45,8,12,0,0.375,0.3333333333333333,3,2,2,1,lfv1_highfreq_abs_error,0.0008653528988361358,>=,gt_aware_diagnostic,0.4
rule,20,31.096518983813347,0.9822200536727905,-0.16150207090623817,-0.44078704720328277,0.0,-0.05717221713469099,0.0,0.25,0.45,2,18,0,0.0,0.0,1,1,0,0,baseline_delta_e_p95,15.073149585723879,>=,gt_aware_diagnostic,0.1
rule,20,31.096518983813347,0.9822200536727905,-0.16150207090623817,-0.44078704720328277,0.0,-0.05717221713469099,0.0,0.25,0.45,2,18,0,0.0,0.0,1,1,0,0,baseline_luma_std_delta,0.01753151863813402,>=,gt_aware_diagnostic,0.1
rule,20,31.096518983813347,0.9822200536727905,-0.16150207090623817,-0.44078704720328277,0.0,-0.05717221713469099,0.0,0.25,0.45,2,18,0,0.0,0.0,1,1,0,0,baseline_edge_mean,0.11878353133797645,<=,proxy_or_output_feature,0.1
rule,20,31.096518983813347,0.9822200536727905,-0.16150207090623817,-0.44078704720328277,0.0,-0.05717221713469099,0.0,0.25,0.45,2,18,0,0.0,0.0,1,1,0,0,baseline_lap_var,0.06477155573666096,<=,proxy_or_output_feature,0.1
rule,20,31.096518983813347,0.9822200536727905,-0.16150207090623817,-0.44078704720328277,0.0,-0.05717221713469099,0.0,0.25,0.45,2,18,0,0.0,0.0,1,1,0,0,baseline_highfreq_abs_mean,0.01941163158044219,<=,proxy_or_output_feature,0.1
rule,20,31.096518983813347,0.9822200536727905,-0.16150207090623817,-0.44078704720328277,0.0,-0.05717221713469099,0.0,0.25,0.45,2,18,0,0.0,0.0,1,1,0,0,lfv1_luma_std_delta,0.012374788522720354,>=,gt_aware_diagnostic,0.1
rule,20,31.096518983813347,0.9822200536727905,-0.16150207090623817,-0.44078704720328277,0.0,-0.05717221713469099,0.0,0.25,0.45,2,18,0,0.0,0.0,1,1,0,0,lfv1_edge_mean,0.11921156793832778,<=,proxy_or_output_feature,0.1
rule,20,31.096518983813347,0.9822200536727905,-0.16150207090623817,-0.44078704720328277,0.0,-0.05717221713469099,0.0,0.25,0.45,2,18,0,0.0,0.0,1,1,0,0,lfv1_lap_var,0.06769157480448484,<=,proxy_or_output_feature,0.1
rule,20,31.096518983813347,0.9822200536727905,-0.16150207090623817,-0.44078704720328277,0.0,-0.05717221713469099,0.0,0.25,0.45,2,18,0,0.0,0.0,1,1,0,0,lfv1_highfreq_abs_mean,0.018885564431548117,<=,proxy_or_output_feature,0.1
rule,20,31.096518983813347,0.9822200536727905,-0.16150207090623817,-0.44078704720328277,0.0,-0.05717221713469099,0.0,0.25,0.45,2,18,0,0.0,0.0,1,1,0,0,residual_mae,0.05232791528105736,>=,gt_aware_diagnostic,0.1
rule,20,31.096518983813347,0.9822200536727905,-0.16150207090623817,-0.44078704720328277,0.0,-0.05717221713469099,0.0,0.25,0.45,2,18,0,0.0,0.0,1,1,0,0,residual_rmse,0.07591472044587137,>=,gt_aware_diagnostic,0.1
rule,20,31.096518983813347,0.9822200536727905,-0.16150207090623817,-0.44078704720328277,0.0,-0.05717221713469099,0.0,0.25,0.45,2,18,0,0.0,0.0,1,1,0,0,residual_delta_e_p95,14.010962104797365,>=,gt_aware_diagnostic,0.1
rule,20,31.096518983813347,0.9822200536727905,-0.16150207090623817,-0.44078704720328277,0.0,-0.05717221713469099,0.0,0.25,0.45,2,18,0,0.0,0.0,1,1,0,0,residual_luma_std_delta,0.015492904186248801,>=,gt_aware_diagnostic,0.1
rule,20,31.096518983813347,0.9822200536727905,-0.16150207090623817,-0.44078704720328277,0.0,-0.05717221713469099,0.0,0.25,0.45,2,18,0,0.0,0.0,1,1,0,0,residual_edge_mean,0.12044153809547424,<=,proxy_or_output_feature,0.1
rule,20,31.096518983813347,0.9822200536727905,-0.16150207090623817,-0.44078704720328277,0.0,-0.05717221713469099,0.0,0.25,0.45,2,18,0,0.0,0.0,1,1,0,0,residual_lap_var,0.06588398758322,<=,proxy_or_output_feature,0.1
rule,20,31.096518983813347,0.9822200536727905,-0.16150207090623817,-0.44078704720328277,0.0,-0.05717221713469099,0.0,0.25,0.45,2,18,0,0.0,0.0,1,1,0,0,residual_highfreq_abs_mean,0.018853376805782317,<=,proxy_or_output_feature,0.1
rule,20,31.096518983813347,0.9822200536727905,-0.16150207090623817,-0.44078704720328277,0.0,-0.05717221713469099,0.0,0.25,0.45,2,18,0,0.0,0.0,1,1,0,0,rescalib_from_lfv1_lf_mse_delta,0.0008363824279513217,>=,gt_aware_diagnostic,0.1
rule,20,31.096306518665415,0.9822867453098297,-0.16171453605417502,-0.44099951235121965,0.0,-1.8670252111650147,0.8274756218343117,0.4,0.55,8,12,0,0.5,0.4444444444444444,1,3,3,1,residual_lfv1_luma_mean_delta_abs,0.006043338775634767,>=,proxy_or_output_feature,0.4
rule,20,31.096306518665415,0.9822867453098297,-0.16171453605417502,-0.44099951235121965,0.0,-1.8670252111650147,0.8274756218343117,0.4,0.55,8,12,0,0.5,0.4444444444444444,1,3,3,1,residual_lfv1_dark_channel_mean_delta_abs,0.007342582941055298,>=,proxy_or_output_feature,0.4
rule,20,31.09548120177758,0.9826489686965942,-0.1625398529420094,-0.44182482923905403,0.0,-0.1634063611634738,0.024474973922054836,0.3,0.5,5,15,0,0.4,0.2222222222222222,0,2,1,0,lfv1_from_baseline_residual_norm_ratio,0.8346342850997008,>=,gt_aware_diagnostic,0.25
rule,20,31.0952336756224,0.9821435868740082,-0.16278737909719573,-0.4420723553942404,0.0,-1.793350469773175,0.8274756218343117,0.35,0.55,8,12,0,0.5,0.4444444444444444,3,1,4,0,lfv1_from_baseline_residual_norm_ratio,0.4322931908481503,<=,gt_aware_diagnostic,0.4
rule,20,31.0952336756224,0.9821435868740082,-0.16278737909719573,-0.4420723553942404,0.0,-1.793350469773175,0.8274756218343117,0.35,0.55,8,12,0,0.5,0.4444444444444444,3,1,4,0,rescalib_from_baseline_residual_norm_ratio,0.5285859599455703,<=,gt_aware_diagnostic,0.4
rule,20,31.094888679054122,0.9822934806346894,-0.1631323756654716,-0.4424173519625162,0.0,-1.995246574251296,1.2176118705098782,0.3,0.5,15,5,0,0.4666666666666667,0.7777777777777778,3,4,5,1,baseline_luma_std_delta,-0.0018203742802143097,>=,gt_aware_diagnostic,0.75
rule,20,31.09449079004067,0.9819978833198547,-0.163530264678921,-0.44281524097596564,0.0,-1.995246574251296,1.4852778838082745,0.25,0.45,16,4,0,0.4375,0.7777777777777778,4,3,5,1,residual_lfv1_saturation_mean_delta,0.007570859789848327,<=,proxy_or_output_feature,0.8
rule,20,31.094287459628923,0.981900230050087,-0.16373359509067048,-0.4430185713877151,0.0,-1.995246574251296,1.2176118705098782,0.3,0.45,8,12,0,0.375,0.3333333333333333,1,3,2,1,residual_saturation_bias,0.005989938974380493,>=,gt_aware_diagnostic,0.4
rule,20,31.09386052853008,0.9821523874998093,-0.16416052618950677,-0.4434455024865514,0.0,-2.6649188414797154,1.4852778838082745,0.4,0.5,17,3,0,0.47058823529411764,0.8888888888888888,2,5,6,1,baseline_saturation_abs_bias,0.014468636736273762,<=,gt_aware_diagnostic,0.85
rule,20,31.09321918646242,0.9827053666114807,-0.16480186825716903,-0.44408684455421366,0.0,-0.05717221713469099,0.0,0.25,0.45,2,18,0,0.0,0.0,1,1,0,0,baseline_lap_var_ratio_gt,1.1271279096603393,>=,gt_aware_diagnostic,0.1
rule,20,31.09321918646242,0.9827053666114807,-0.16480186825716903,-0.44408684455421366,0.0,-0.05717221713469099,0.0,0.25,0.45,2,18,0,0.0,0.0,1,1,0,0,lfv1_lap_var_ratio_gt,1.1178748965263368,>=,gt_aware_diagnostic,0.1
rule,20,31.09321918646242,0.9827053666114807,-0.16480186825716903,-0.44408684455421366,0.0,-0.05717221713469099,0.0,0.25,0.45,2,18,0,0.0,0.0,1,1,0,0,residual_lap_var_ratio_gt,1.1058613538742068,>=,gt_aware_diagnostic,0.1
rule,20,31.09224327935352,0.982606154680252,-0.1657777753660664,-0.44506275166311104,0.0,-2.0018461689531577,1.4852778838082745,0.4,0.55,14,6,0,0.5,0.7777777777777778,3,4,6,1,residual_highfreq_abs_error,0.00012200968340039253,>=,gt_aware_diagnostic,0.7
rule,20,31.091904254844188,0.9825933426618576,-0.16611679987540223,-0.44540177617244686,0.0,-1.793350469773175,1.2384055230704805,0.25,0.4,13,7,0,0.38461538461538464,0.5555555555555556,3,3,4,0,baseline_luma_std_delta,0.001337265223264694,<=,gt_aware_diagnostic,0.65
rule,20,31.09153350257406,0.9821436792612076,-0.16648755214553185,-0.4457725284425765,0.0,-0.780381878890004,0.0,0.25,0.45,4,16,0,0.25,0.1111111111111111,1,2,0,1,residual_lfv1_luma_std_delta,0.0032248705625534044,>=,proxy_or_output_feature,0.2
rule,20,31.09153350257406,0.9821436792612076,-0.16648755214553185,-0.4457725284425765,0.0,-0.780381878890004,0.0,0.25,0.45,4,16,0,0.25,0.1111111111111111,1,2,0,1,residual_lfv1_luma_std_delta_abs,0.004649826884269714,>=,proxy_or_output_feature,0.2
rule,20,31.09152640485582,0.9823341399431229,-0.16649464986376739,-0.445779626160812,0.0,-0.17791036516524786,0.03215664225274334,0.35,0.55,4,16,0,0.5,0.2222222222222222,1,1,2,0,lfv1_lap_var_ratio_gt,0.9688416242599487,<=,gt_aware_diagnostic,0.2
rule,20,31.09152640485582,0.9823341399431229,-0.16649464986376739,-0.445779626160812,0.0,-0.17791036516524786,0.03215664225274334,0.35,0.55,4,16,0,0.5,0.2222222222222222,1,1,2,0,residual_lap_var_ratio_gt,0.9617522239685059,<=,gt_aware_diagnostic,0.2
rule,20,31.091501650443604,0.9828717768192291,-0.16651940427598308,-0.44580438057302774,0.0,-1.14819694110262,0.6187229719747899,0.2,0.45,10,10,0,0.4,0.4444444444444444,3,2,3,0,airlight,0.81,<=,proxy_or_output_feature,0.5
rule,20,31.091112687709618,0.9829186350107193,-0.16690836700996722,-0.4461933433070119,0.0,-1.14819694110262,0.8297860276743787,0.25,0.45,10,10,0,0.4,0.4444444444444444,2,3,3,0,baseline_saturation_bias,0.00042029283940792084,<=,gt_aware_diagnostic,0.5
rule,20,31.090976294198242,0.982261648774147,-0.16704476052134593,-0.44632973681839055,0.0,-1.8670252111650147,0.8297860276743787,0.35,0.55,8,12,0,0.5,0.4444444444444444,1,2,3,0,baseline_lap_var_ratio_gt,0.9908862471580505,<=,gt_aware_diagnostic,0.4
rule,20,31.090897358342524,0.9822446376085281,-0.1671236963770685,-0.4464086726741131,0.0,-1.2361185006151576,1.2033953165351896,0.35,0.45,14,6,0,0.42857142857142855,0.6666666666666666,2,4,5,0,residual_highfreq_abs_error,0.0012211734429001808,<=,gt_aware_diagnostic,0.7
rule,20,31.090880812183364,0.982862776517868,-0.1671402425362274,-0.446425218833272,0.0,-0.40605208328650527,0.0,0.1,0.3,5,15,0,0.0,0.0,2,1,0,0,lfv1_dark_channel_abs_bias,0.0056915804743766785,<=,gt_aware_diagnostic,0.25
rule,20,31.09066795798202,0.9822447687387467,-0.16735309673757434,-0.446638073034619,0.0,-1.995246574251296,1.2176118705098782,0.3,0.45,16,4,0,0.4375,0.7777777777777778,3,4,5,1,baseline_luma_std_delta,-0.0027325153350830082,>=,gt_aware_diagnostic,0.8
rule,20,31.09031943030923,0.9821213513612748,-0.16770162441035624,-0.44698660070740087,0.0,-1.8670252111650147,1.2384055230704805,0.45,0.55,14,6,0,0.5,0.7777777777777778,2,4,6,0,beta,1.217,>=,proxy_or_output_feature,0.7
rule,20,31.090248194383104,0.9820672124624252,-0.16777286033648942,-0.44705783663353404,0.0,-1.995246574251296,1.2176118705098782,0.35,0.55,10,10,0,0.5,0.5555555555555556,3,2,4,1,baseline_luma_abs_bias,0.005271360278129578,>=,gt_aware_diagnostic,0.5
rule,20,31.090248194383104,0.9820672124624252,-0.16777286033648942,-0.44705783663353404,0.0,-1.995246574251296,1.2176118705098782,0.35,0.55,10,10,0,0.5,0.5555555555555556,3,2,4,1,baseline_dark_channel_abs_bias,0.010938867926597595,>=,gt_aware_diagnostic,0.5
rule,20,31.089960701941482,0.982452142238617,-0.1680603527781132,-0.44734532907515784,0.0,-1.793350469773175,1.2384055230704805,0.3,0.45,8,12,0,0.375,0.3333333333333333,2,2,3,0,baseline_luma_std_delta,-0.0008680015802383423,<=,gt_aware_diagnostic,0.4
rule,20,31.089104370610094,0.9827085256576538,-0.16891668410949395,-0.4482016604065386,0.0,-1.0130053282942584,0.34269366220807096,0.25,0.4,9,11,0,0.3333333333333333,0.3333333333333333,1,3,2,0,baseline_delta_e_mean,2.080299496650696,<=,gt_aware_diagnostic,0.45
rule,20,31.089104370610094,0.9827085256576538,-0.16891668410949395,-0.4482016604065386,0.0,-1.0130053282942584,0.34269366220807096,0.25,0.4,9,11,0,0.3333333333333333,0.3333333333333333,1,3,2,0,lfv1_mae,0.01860822718590498,<=,gt_aware_diagnostic,0.45
rule,20,31.089104370610094,0.9827085256576538,-0.16891668410949395,-0.4482016604065386,0.0,-1.0130053282942584,0.34269366220807096,0.25,0.4,9,11,0,0.3333333333333333,0.3333333333333333,1,3,2,0,lfv1_rmse,0.026062172185629607,<=,gt_aware_diagnostic,0.45
rule,20,31.089065601620366,0.9825772970914841,-0.16895545309922522,-0.44824042939626985,0.0,-0.17791036516524786,0.0,0.25,0.5,3,17,0,0.3333333333333333,0.1111111111111111,2,0,1,0,baseline_luma_bias,-0.018775524199008943,<=,gt_aware_diagnostic,0.15
rule,20,31.08904159461822,0.9827150493860245,-0.16897946010136966,-0.4482644363984143,0.0,-0.6924603193774662,0.0,0.15,0.4,5,15,0,0.2,0.1111111111111111,4,0,1,0,lfv1_from_baseline_residual_error_ratio,0.9527373691131809,<=,gt_aware_diagnostic,0.25
rule,20,31.088774913060952,0.9822610557079315,-0.16924614165863971,-0.44853111795568434,0.0,-2.0018461689531577,1.2176118705098782,0.4,0.55,10,10,0,0.5,0.5555555555555556,1,3,4,1,lfv1_saturation_bias,0.002903927117586136,>=,gt_aware_diagnostic,0.5
rule,20,31.088594760362515,0.9821292459964752,-0.1694262943570674,-0.44871127065411204,0.0,-1.171027633423447,0.8274756218343117,0.5,0.65,8,12,0,0.625,0.5555555555555556,0,3,4,0,residual_luma_mean,0.5175535082817078,>=,proxy_or_output_feature,0.4
rule,20,31.088520846477763,0.9828409969806671,-0.1695002082418256,-0.44878518453887023,0.0,-1.2427180953170196,0.8440025816490673,0.3,0.45,10,10,0,0.4,0.4444444444444444,2,3,4,0,residual_lfv1_edge_mean_delta_abs,0.001481473445892334,<=,proxy_or_output_feature,0.5
rule,20,31.087776969938385,0.9824572771787643,-0.17024408478120295,-0.4495290610782476,0.0,-0.7067071374981642,0.4095182713441995,0.25,0.5,9,11,0,0.4444444444444444,0.4444444444444444,3,1,3,0,lfv1_edge_error,0.0140317402780056,<=,gt_aware_diagnostic,0.45
rule,20,31.08771720900403,0.9826729267835617,-0.17030384571556353,-0.4495888220126082,0.0,-1.793350469773175,1.2384055230704805,0.3,0.45,12,8,0,0.4166666666666667,0.5555555555555556,2,3,4,0,residual_luma_std_delta,0.0007898032665252686,<=,gt_aware_diagnostic,0.6
rule,20,31.08768358978488,0.9821095615625381,-0.17033746493470953,-0.44962244123175416,0.0,-2.6649188414797154,1.4852778838082745,0.35,0.5,17,3,0,0.47058823529411764,0.8888888888888888,3,4,6,1,residual_lfv1_edge_mean_delta,0.0026446759700775144,<=,proxy_or_output_feature,0.85
rule,20,31.08768358978488,0.9821095615625381,-0.17033746493470953,-0.44962244123175416,0.0,-2.6649188414797154,1.4852778838082745,0.35,0.5,17,3,0,0.47058823529411764,0.8888888888888888,3,4,6,1,residual_lfv1_highfreq_abs_mean_delta,0.00042206486687064167,<=,proxy_or_output_feature,0.85
rule,20,31.087356609638107,0.9827772349119186,-0.1706644450814851,-0.4499494213785297,0.0,-1.0130053282942584,0.024474973922054836,0.2,0.35,8,12,0,0.25,0.2222222222222222,1,3,1,0,baseline_highfreq_abs_error,0.0004921719431877136,<=,gt_aware_diagnostic,0.4
rule,20,31.08731168000501,0.9828291654586792,-0.17070937471458175,-0.4499943510116264,0.0,-1.14819694110262,0.6210333778148569,0.25,0.4,11,9,0,0.36363636363636365,0.4444444444444444,2,3,3,0,residual_dark_channel_abs_bias,0.016662264615297316,<=,gt_aware_diagnostic,0.55
rule,20,31.087153616780206,0.9826520204544067,-0.17086743793938625,-0.4501524142364309,0.0,-0.40605208328650527,0.2524314075512334,0.25,0.45,8,12,0,0.375,0.3333333333333333,1,2,2,0,lfv1_highfreq_abs_error,0.0003857800737023353,<=,gt_aware_diagnostic,0.4
rule,20,31.08702277655768,0.9829015403985977,-0.17099827816190416,-0.4502832544589488,0.0,-1.14819694110262,0.36800612813744205,0.15,0.4,9,11,0,0.3333333333333333,0.3333333333333333,4,1,3,0,lfv1_from_baseline_residual_error_ratio,1.010731814776059,<=,gt_aware_diagnostic,0.45
rule,20,31.08702277655768,0.9829015403985977,-0.17099827816190416,-0.4502832544589488,0.0,-1.14819694110262,0.36800612813744205,0.15,0.4,9,11,0,0.3333333333333333,0.3333333333333333,4,1,3,0,lfv1_from_baseline_lf_mse_delta,1.7748387472238417e-05,<=,gt_aware_diagnostic,0.45
rule,20,31.086918773604896,0.9825169682502747,-0.17110228111469591,-0.45038725741174057,0.0,-2.0018461689531577,1.4852778838082745,0.25,0.4,15,5,0,0.4,0.6666666666666666,3,4,4,1,baseline_luma_std_delta,0.0024581551551818848,<=,gt_aware_diagnostic,0.75
rule,20,31.086918773604896,0.9825169682502747,-0.17110228111469591,-0.45038725741174057,0.0,-2.0018461689531577,1.4852778838082745,0.25,0.4,15,5,0,0.4,0.6666666666666666,3,4,4,1,lfv1_luma_std_delta,0.0012053772807121277,<=,gt_aware_diagnostic,0.75
rule,20,31.086797328857507,0.982147267460823,-0.17122372586208706,-0.4505087021591317,0.0,-1.995246574251296,1.2176118705098782,0.4,0.55,10,10,0,0.5,0.5555555555555556,3,2,5,0,lfv1_from_baseline_residual_norm_ratio,0.60661698706449,<=,gt_aware_diagnostic,0.5
rule,20,31.08673711946974,0.9819712668657303,-0.17128393524985572,-0.4505689115469004,0.0,-2.6649188414797154,1.4852778838082745,0.4,0.5,17,3,0,0.47058823529411764,0.8888888888888888,2,5,6,1,baseline_saturation_bias,-0.007987798750400543,>=,gt_aware_diagnostic,0.85
rule,20,31.08673421816053,0.9826146513223648,-0.17128683655905147,-0.4505718128560961,0.0,-0.10057730097174025,0.0,0.35,0.5,3,17,0,0.3333333333333333,0.1111111111111111,0,2,1,0,rescalib_from_baseline_residual_norm_ratio,0.9225502773076221,>=,gt_aware_diagnostic,0.15
rule,20,31.086679062204745,0.9820336014032364,-0.17134199251484378,-0.4506269688118884,0.0,-2.6649188414797154,1.4852778838082745,0.5,0.65,16,4,0,0.5625,1.0,3,4,7,1,baseline_dark_channel_mean,0.2054671198129654,>=,proxy_or_output_feature,0.8
rule,20,31.086679062204745,0.9820336014032364,-0.17134199251484378,-0.4506269688118884,0.0,-2.6649188414797154,1.4852778838082745,0.5,0.65,16,4,0,0.5625,1.0,3,4,7,1,lfv1_dark_channel_abs_bias,0.005027656257152557,>=,gt_aware_diagnostic,0.8
rule,20,31.086278230912477,0.9827502131462097,-0.17174282380711964,-0.45102780010416427,0.0,-1.14819694110262,0.34269366220807096,0.15,0.35,10,10,0,0.3,0.3333333333333333,3,2,2,0,lfv1_delta_e_p95,6.909571409225464,<=,gt_aware_diagnostic,0.5
rule,20,31.085551091274233,0.9827412128448486,-0.17246996344535487,-0.4517549397423995,0.0,-0.6924603193774662,0.0,0.1,0.35,6,14,0,0.16666666666666666,0.1111111111111111,4,0,1,0,lfv1_from_baseline_residual_cosine,0.40253900289535527,>=,gt_aware_diagnostic,0.3
rule,20,31.085551091274233,0.9827412128448486,-0.17246996344535487,-0.4517549397423995,0.0,-0.6924603193774662,0.0,0.1,0.35,6,14,0,0.16666666666666666,0.1111111111111111,4,0,1,0,lfv1_from_baseline_luma_residual_cosine,0.41913270652294166,>=,gt_aware_diagnostic,0.3
rule,20,31.085551091274233,0.9827412128448486,-0.17246996344535487,-0.4517549397423995,0.0,-0.6924603193774662,0.0,0.1,0.35,6,14,0,0.16666666666666666,0.1111111111111111,4,0,1,0,lfv1_from_baseline_residual_error_ratio,0.9704271483841141,<=,gt_aware_diagnostic,0.3
rule,20,31.08494024293005,0.9826784342527389,-0.1730808117895412,-0.45236578808658584,0.0,-1.2427180953170196,0.6352499317895455,0.3,0.45,12,8,0,0.4166666666666667,0.5555555555555556,2,3,4,0,baseline_luma_std,0.2623711824417114,>=,proxy_or_output_feature,0.6
rule,20,31.08494024293005,0.9826784342527389,-0.1730808117895412,-0.45236578808658584,0.0,-1.2427180953170196,0.6352499317895455,0.3,0.45,12,8,0,0.4166666666666667,0.5555555555555556,2,3,4,0,residual_luma_std,0.2636098384857178,>=,proxy_or_output_feature,0.6
rule,20,31.08488537405352,0.9819740444421768,-0.17313568066606527,-0.4524206569631099,0.0,-2.6649188414797154,1.4852778838082745,0.5,0.6,15,5,0,0.5333333333333333,0.8888888888888888,1,5,6,1,lfv1_from_baseline_residual_cosine,0.48459161818027496,<=,gt_aware_diagnostic,0.75
rule,20,31.08488537405352,0.9819740444421768,-0.17313568066606527,-0.4524206569631099,0.0,-2.6649188414797154,1.4852778838082745,0.5,0.6,15,5,0,0.5333333333333333,0.8888888888888888,1,5,6,1,lfv1_from_baseline_luma_residual_cosine,0.4907551780343056,<=,gt_aware_diagnostic,0.75
rule,20,31.084885344017344,0.9822219908237457,-0.17313571070224806,-0.4524206869992927,0.0,-2.6649188414797154,1.2384055230704805,0.4,0.5,15,5,0,0.4666666666666667,0.7777777777777778,2,4,6,0,residual_lfv1_lap_var_delta_abs,0.0027175266295671463,<=,proxy_or_output_feature,0.75
rule,20,31.084158234415288,0.9819650441408158,-0.1738628203043005,-0.45314779660134513,0.0,-2.6649188414797154,1.3365352454754769,0.45,0.6,11,9,0,0.5454545454545454,0.6666666666666666,2,3,5,1,lfv1_delta_e_p95,6.642737030982971,>=,gt_aware_diagnostic,0.55
rule,20,31.084118889370803,0.9826321512460708,-0.17390216534878764,-0.4531871416458323,0.0,-1.2427180953170196,1.2384055230704805,0.25,0.4,11,9,0,0.36363636363636365,0.4444444444444444,1,4,2,1,baseline_rmse,0.02869165353477001,<=,gt_aware_diagnostic,0.55
rule,20,31.084118889370803,0.9826321512460708,-0.17390216534878764,-0.4531871416458323,0.0,-1.2427180953170196,1.2384055230704805,0.25,0.4,11,9,0,0.36363636363636365,0.4444444444444444,1,4,2,1,baseline_delta_e_mean,2.216437530517578,<=,gt_aware_diagnostic,0.55
rule,20,31.084081970693944,0.9824191212654114,-0.17393908402565295,-0.4532240603226976,0.0,-1.8670252111650147,1.2033953165351896,0.4,0.5,9,11,0,0.4444444444444444,0.4444444444444444,1,4,4,0,residual_lfv1_saturation_mean_delta,0.0027289599180221552,>=,proxy_or_output_feature,0.45
rule,20,31.084069699171813,0.982647830247879,-0.1739513555477746,-0.45323633184481926,0.0,-0.0959671117181678,0.024474973922054836,0.25,0.5,5,15,0,0.4,0.2222222222222222,1,1,1,0,lfv1_highfreq_abs_error,0.0003208965063095093,<=,gt_aware_diagnostic,0.25
rule,20,31.083893331352137,0.9820023208856583,-0.17412772336744772,-0.4534126996644924,0.0,-1.171027633423447,0.12010849106951398,0.35,0.5,5,15,0,0.4,0.2222222222222222,0,3,1,1,lfv1_from_baseline_lf_mse_delta,0.00010715315147535875,>=,gt_aware_diagnostic,0.25
rule,20,31.083699345858026,0.9827439904212951,-0.17432170886156442,-0.453606685158609,0.0,-0.6924603193774662,0.0,0.2,0.45,4,16,0,0.25,0.1111111111111111,3,0,1,0,lfv1_from_baseline_lf_mse_delta,-8.916084188967948e-05,<=,gt_aware_diagnostic,0.2
rule,20,31.083243714816547,0.9826408147811889,-0.17477733990303665,-0.4540623162000813,0.0,-0.1634063611634738,0.0,0.3,0.45,4,16,0,0.25,0.1111111111111111,0,2,1,0,lfv1_from_baseline_residual_norm_ratio,0.8597814390132105,>=,gt_aware_diagnostic,0.2
rule,20,31.083188558860762,0.9820597648620606,-0.17483249585882898,-0.4541174721558736,0.0,-2.6649188414797154,1.4852778838082745,0.45,0.6,17,3,0,0.5294117647058824,1.0,3,4,7,1,residual_lfv1_luma_std_delta_abs,0.00028952136635780336,>=,proxy_or_output_feature,0.85
rule,20,31.083118058872106,0.982587930560112,-0.17490299584747984,-0.45418797214452444,0.0,-0.10780961954859701,0.0,0.3,0.5,3,17,0,0.3333333333333333,0.1111111111111111,0,2,1,0,rescalib_from_lfv1_residual_norm_ratio,0.9008260442595553,>=,gt_aware_diagnostic,0.15
rule,20,31.082752875542873,0.9826056957244873,-0.17526817917671061,-0.45455315547375524,0.0,-1.0831060739109093,0.0,0.25,0.45,4,16,0,0.25,0.1111111111111111,2,1,1,0,residual_lfv1_edge_mean_delta,0.002389159798622131,>=,proxy_or_output_feature,0.2
rule,20,31.082752875542873,0.9826056957244873,-0.17526817917671061,-0.45455315547375524,0.0,-1.0831060739109093,0.0,0.25,0.45,4,16,0,0.25,0.1111111111111111,2,1,1,0,residual_lfv1_highfreq_abs_mean_delta,0.0003297429531812667,>=,proxy_or_output_feature,0.2
rule,20,31.082640420524427,0.981975644826889,-0.17538063419516342,-0.45466561049220805,0.0,-1.995246574251296,1.2176118705098782,0.3,0.5,11,9,0,0.45454545454545453,0.5555555555555556,3,2,4,0,residual_edge_error,0.01532764625735581,<=,gt_aware_diagnostic,0.55
rule,20,31.082458341132643,0.9819848895072937,-0.17556271358694656,-0.45484768988399116,0.0,-2.6649188414797154,1.4852778838082745,0.5,0.6,17,3,0,0.5294117647058824,1.0,3,4,7,1,lfv1_luma_abs_bias,0.0016040265560150148,>=,gt_aware_diagnostic,0.85
rule,20,31.082458341132643,0.9819848895072937,-0.17556271358694656,-0.45484768988399116,0.0,-2.6649188414797154,1.4852778838082745,0.5,0.6,17,3,0,0.5294117647058824,1.0,3,4,7,1,lfv1_dark_channel_abs_bias,0.004746951535344124,>=,gt_aware_diagnostic,0.85
rule,20,31.082241023127892,0.9826750367879867,-0.1757800315917029,-0.45506500788874754,0.0,-2.0018461689531577,1.4852778838082745,0.3,0.45,16,4,0,0.4375,0.7777777777777778,3,4,5,1,beta,1.728,<=,proxy_or_output_feature,0.8
rule,20,31.08201706736624,0.9821703881025314,-0.17600398735334669,-0.4552889636503913,0.0,-1.2361185006151576,0.4118286771842664,0.3,0.45,10,10,0,0.4,0.4444444444444444,1,3,3,0,lfv1_highfreq_abs_error,0.000634348951280117,<=,gt_aware_diagnostic,0.5
rule,20,31.081394870709538,0.982000207901001,-0.17662618401005048,-0.4559111603070951,0.0,-2.6649188414797154,1.4852778838082745,0.45,0.55,16,4,0,0.5,0.8888888888888888,1,5,6,1,lfv1_from_baseline_residual_cosine,0.5166098594665527,<=,gt_aware_diagnostic,0.8
rule,20,31.081394870709538,0.982000207901001,-0.17662618401005048,-0.4559111603070951,0.0,-2.6649188414797154,1.4852778838082745,0.45,0.55,16,4,0,0.5,0.8888888888888888,1,5,6,1,lfv1_from_baseline_luma_residual_cosine,0.5341624975204468,<=,gt_aware_diagnostic,0.8
rule,20,31.0813708637074,0.9821379601955413,-0.17665019101219492,-0.45593516730923955,-0.03490503343985196,-2.6649188414797154,1.4852778838082745,0.35,0.45,18,2,0,0.4444444444444444,0.8888888888888888,3,5,6,1,baseline_luma_bias,-0.024678766727447513,>=,gt_aware_diagnostic,0.9
rule,20,31.080668023845202,0.9827122062444686,-0.17735303087438528,-0.4566380071714299,0.0,-1.2427180953170196,1.2384055230704805,0.3,0.4,11,9,0,0.36363636363636365,0.4444444444444444,1,4,3,0,lfv1_delta_e_mean,2.603303778171539,<=,gt_aware_diagnostic,0.55
rule,20,31.080228197539043,0.9822861641645432,-0.17779285718054644,-0.45707783347759107,0.0,-1.8670252111650147,0.8274756218343117,0.35,0.5,7,13,0,0.42857142857142855,0.3333333333333333,1,3,2,1,residual_lfv1_dark_channel_mean_delta_abs,0.00920933485031128,>=,proxy_or_output_feature,0.35
rule,20,31.079861249621842,0.9823704093694687,-0.1781598050977557,-0.4574447813948003,0.0,-1.8670252111650147,1.2033953165351896,0.4,0.45,10,10,0,0.4,0.4444444444444444,1,4,4,0,residual_lfv1_saturation_mean_delta,0.002330109477043152,>=,proxy_or_output_feature,0.5
rule,20,31.079627555528123,0.9826140940189362,-0.17839349919146502,-0.45767847548850965,0.0,-0.17063867974033053,0.0,0.25,0.45,4,16,0,0.25,0.1111111111111111,0,2,1,0,rescalib_from_lfv1_residual_norm_ratio,0.8726556642660049,>=,gt_aware_diagnostic,0.2
rule,20,31.079536129019072,0.9818999379873276,-0.17848492570052166,-0.4577699019975663,0.0,-1.995246574251296,1.2176118705098782,0.35,0.55,8,12,0,0.5,0.4444444444444444,2,2,3,1,baseline_luma_bias,-0.005243092775344849,<=,gt_aware_diagnostic,0.4
rule,20,31.079306824844803,0.9818654805421829,-0.17871422987479005,-0.45799920617183465,0.0,-2.6649188414797154,1.4852778838082745,0.4,0.55,14,6,0,0.5,0.7777777777777778,2,4,5,1,lfv1_saturation_bias,-0.0014370203018188475,>=,gt_aware_diagnostic,0.7
rule,20,31.079245472638025,0.9822320610284805,-0.17877558208156827,-0.4580605583786129,0.0,-1.0973528920316071,0.07859634786275654,0.35,0.5,5,15,0,0.4,0.2222222222222222,1,2,2,0,baseline_luma_std,0.24537905678153038,<=,proxy_or_output_feature,0.25
rule,20,31.078816683686362,0.982102432847023,-0.17920437103322281,-0.45848934733026747,0.0,-1.995246574251296,1.2384055230704805,0.4,0.55,12,8,0,0.5,0.6666666666666666,3,3,5,1,baseline_luma_std,0.27323901653289795,<=,proxy_or_output_feature,0.6
rule,20,31.078816683686362,0.982102432847023,-0.17920437103322281,-0.45848934733026747,0.0,-1.995246574251296,1.2384055230704805,0.4,0.55,12,8,0,0.5,0.6666666666666666,3,3,5,1,lfv1_luma_std,0.272046834230423,<=,proxy_or_output_feature,0.6
rule,20,31.078816683686362,0.982102432847023,-0.17920437103322281,-0.45848934733026747,0.0,-1.995246574251296,1.2384055230704805,0.4,0.55,12,8,0,0.5,0.6666666666666666,3,3,5,1,residual_luma_std,0.27138888239860537,<=,proxy_or_output_feature,0.6
rule,20,31.078090269717983,0.9821814179420472,-0.17993078500160173,-0.4592157612986464,0.0,-1.0973528920316071,0.07859634786275654,0.35,0.5,5,15,0,0.4,0.2222222222222222,1,2,2,0,residual_luma_std,0.24745319038629532,<=,proxy_or_output_feature,0.25
rule,20,31.078089938166,0.9823862493038178,-0.1799311165535915,-0.45921609285063614,0.0,-1.8670252111650147,1.2384055230704805,0.4,0.5,15,5,0,0.4666666666666667,0.7777777777777778,2,4,6,0,residual_lap_var_ratio_gt,1.0713857114315033,<=,gt_aware_diagnostic,0.75
rule,20,31.077782207403708,0.9821518063545227,-0.1802388473158782,-0.4595238236129228,0.0,-2.6649188414797154,1.4852778838082745,0.35,0.45,16,4,0,0.4375,0.7777777777777778,2,5,5,1,baseline_dark_channel_abs_bias,0.02560375332832336,<=,gt_aware_diagnostic,0.8
rule,20,31.07718982099326,0.9828090339899063,-0.18083123372632545,-0.4601162100233701,0.0,-1.0831060739109093,0.3448113892641615,0.3,0.5,7,13,0,0.42857142857142855,0.3333333333333333,3,1,3,0,image_id,367.20000000000005,<=,proxy_or_output_feature,0.35
rule,20,31.07622591045888,0.9825321584939957,-0.18179514426070825,-0.4610801205577529,0.0,-0.5706739831175556,0.4095182713441995,0.35,0.55,8,12,0,0.5,0.4444444444444444,1,2,3,0,baseline_edge_error,0.014159170538187025,<=,gt_aware_diagnostic,0.4
rule,20,31.07616495822715,0.9826055735349655,-0.18185609649243784,-0.46114107278948246,0.0,-2.0018461689531577,1.4852778838082745,0.35,0.5,13,7,0,0.46153846153846156,0.6666666666666666,3,4,5,1,residual_highfreq_abs_error,0.00017960462719202044,>=,gt_aware_diagnostic,0.65
rule,20,31.075906514641396,0.9820909857749939,-0.18211454007819156,-0.4613995163752362,0.0,-1.8670252111650147,1.2033953165351896,0.45,0.55,12,8,0,0.5,0.6666666666666666,2,3,5,0,beta,1.318,>=,proxy_or_output_feature,0.6
rule,20,31.07581632150082,0.981891644001007,-0.18220473321877523,-0.46148970951581986,0.0,-2.6649188414797154,1.4852778838082745,0.35,0.5,15,5,0,0.4666666666666667,0.7777777777777778,2,4,5,1,baseline_saturation_bias,-0.004864934831857681,>=,gt_aware_diagnostic,0.75
rule,20,31.07581632150082,0.981891644001007,-0.18220473321877523,-0.46148970951581986,0.0,-2.6649188414797154,1.4852778838082745,0.35,0.5,15,5,0,0.4666666666666667,0.7777777777777778,2,4,5,1,lfv1_saturation_bias,-0.0021712854504585266,>=,gt_aware_diagnostic,0.75
rule,20,31.075547786273642,0.9824217766523361,-0.18247326844594855,-0.4617582447429932,0.0,-1.793350469773175,0.12241889690958092,0.3,0.45,6,14,0,0.3333333333333333,0.2222222222222222,2,1,2,0,baseline_luma_std_delta,-0.0014553949236869811,<=,gt_aware_diagnostic,0.3
rule,20,31.07554094623107,0.9826441258192062,-0.18248010848851964,-0.4617650847855643,0.0,-2.0018461689531577,1.4852778838082745,0.25,0.5,13,7,0,0.46153846153846156,0.6666666666666666,3,3,4,1,beta,1.5855,<=,proxy_or_output_feature,0.65
rule,20,31.075504137104907,0.9822473466396332,-0.18251691761468827,-0.4618018939117329,0.0,-1.793350469773175,0.5772108287680324,0.3,0.5,9,11,0,0.4444444444444444,0.4444444444444444,3,2,3,1,image_id,457.40000000000003,<=,proxy_or_output_feature,0.45
rule,20,31.075479722042996,0.9826647728681565,-0.18254133267659078,-0.4618263089736354,0.0,-1.793350469773175,1.2384055230704805,0.3,0.4,11,9,0,0.36363636363636365,0.4444444444444444,2,3,4,0,residual_luma_std_delta,0.0006451576948165892,<=,gt_aware_diagnostic,0.55
rule,20,31.075448083729448,0.9823335587978363,-0.18257297099013883,-0.46185794728718343,0.0,-0.17791036516524786,0.0,0.3,0.5,3,17,0,0.3333333333333333,0.1111111111111111,1,1,1,0,baseline_lap_var_ratio_gt,0.9407661557197571,<=,gt_aware_diagnostic,0.15
rule,20,31.075448083729448,0.9823335587978363,-0.18257297099013883,-0.46185794728718343,0.0,-0.17791036516524786,0.0,0.3,0.5,3,17,0,0.3333333333333333,0.1111111111111111,1,1,1,0,lfv1_lap_var_ratio_gt,0.9606477558612824,<=,gt_aware_diagnostic,0.15
rule,20,31.075448083729448,0.9823335587978363,-0.18257297099013883,-0.46185794728718343,0.0,-0.17791036516524786,0.0,0.3,0.5,3,17,0,0.3333333333333333,0.1111111111111111,1,1,1,0,residual_lap_var_ratio_gt,0.9545938819646835,<=,gt_aware_diagnostic,0.15
rule,20,31.07520278970536,0.9825716704130173,-0.1828182650142244,-0.462103241311269,0.0,-2.0018461689531577,1.3573288980360791,0.25,0.4,13,7,0,0.38461538461538464,0.5555555555555556,2,4,3,1,lfv1_from_baseline_residual_norm_ratio,0.41794416536412055,>=,gt_aware_diagnostic,0.65
rule,20,31.07520278970536,0.9825716704130173,-0.1828182650142244,-0.462103241311269,0.0,-2.0018461689531577,1.3573288980360791,0.25,0.4,13,7,0,0.38461538461538464,0.5555555555555556,2,4,3,1,rescalib_from_lfv1_residual_norm_ratio,0.434139569312259,>=,gt_aware_diagnostic,0.65
rule,20,31.074816441894825,0.9822392463684082,-0.18320461282476277,-0.4624895891218074,0.0,-0.10057730097174025,0.0,0.3,0.45,2,18,0,0.0,0.0,0,2,0,0,lfv1_luma_mean,0.6166767477989197,>=,proxy_or_output_feature,0.1
rule,20,31.074816441894825,0.9822392463684082,-0.18320461282476277,-0.4624895891218074,0.0,-0.10057730097174025,0.0,0.3,0.45,2,18,0,0.0,0.0,0,2,0,0,residual_lfv1_dark_channel_mean_delta,-0.014192244410514832,<=,proxy_or_output_feature,0.1
rule,20,31.074816441894825,0.9822392463684082,-0.18320461282476277,-0.4624895891218074,0.0,-0.10057730097174025,0.0,0.3,0.45,2,18,0,0.0,0.0,0,2,0,0,residual_lfv1_dark_channel_mean_delta_abs,0.014192244410514834,>=,proxy_or_output_feature,0.1
rule,20,31.074441575243714,0.9820254474878312,-0.18357947947587103,-0.4628644557729157,0.0,-2.6649188414797154,1.4852778838082745,0.5,0.6,15,5,0,0.5333333333333333,0.8888888888888888,3,4,7,1,baseline_mae,0.01083308132365346,>=,gt_aware_diagnostic,0.75
rule,20,31.074441575243714,0.9820254474878312,-0.18357947947587103,-0.4628644557729157,0.0,-2.6649188414797154,1.4852778838082745,0.5,0.6,15,5,0,0.5333333333333333,0.8888888888888888,3,4,7,1,baseline_delta_e_mean,1.7162372171878815,>=,gt_aware_diagnostic,0.75
rule,20,31.074441575243714,0.9820254474878312,-0.18357947947587103,-0.4628644557729157,0.0,-2.6649188414797154,1.4852778838082745,0.5,0.6,15,5,0,0.5333333333333333,0.8888888888888888,3,4,7,1,lfv1_mae,0.01219602720811963,>=,gt_aware_diagnostic,0.75
rule,20,31.074441575243714,0.9820254474878312,-0.18357947947587103,-0.4628644557729157,0.0,-2.6649188414797154,1.4852778838082745,0.5,0.6,15,5,0,0.5333333333333333,0.8888888888888888,3,4,7,1,lfv1_delta_e_mean,1.5832524001598358,>=,gt_aware_diagnostic,0.75
rule,20,31.074441575243714,0.9820254474878312,-0.18357947947587103,-0.4628644557729157,0.0,-2.6649188414797154,1.4852778838082745,0.5,0.6,15,5,0,0.5333333333333333,0.8888888888888888,3,4,7,1,residual_mae,0.011132632615044713,>=,gt_aware_diagnostic,0.75
rule,20,31.072987280493994,0.9825767159461976,-0.18503377422559666,-0.46431875052264127,0.0,-0.17791036516524786,0.0,0.2,0.45,2,18,0,0.0,0.0,2,0,0,0,lfv1_luma_std_delta,-0.007085001468658448,<=,gt_aware_diagnostic,0.1
rule,20,31.072987280493994,0.9825767159461976,-0.18503377422559666,-0.46431875052264127,0.0,-0.17791036516524786,0.0,0.2,0.45,2,18,0,0.0,0.0,2,0,0,0,lfv1_from_baseline_residual_error_ratio,0.8857040297674913,<=,gt_aware_diagnostic,0.1
rule,20,31.072516439236143,0.9821286648511887,-0.18550461548343886,-0.4647895917804835,0.0,-1.171027633423447,0.8274756218343117,0.45,0.6,7,13,0,0.5714285714285714,0.4444444444444444,0,3,3,0,baseline_luma_mean,0.5274300158023835,>=,proxy_or_output_feature,0.35
rule,20,31.072516439236143,0.9821286648511887,-0.18550461548343886,-0.4647895917804835,0.0,-1.171027633423447,0.8274756218343117,0.45,0.6,7,13,0,0.5714285714285714,0.4444444444444444,0,3,3,0,lfv1_luma_mean,0.5300519019365311,>=,proxy_or_output_feature,0.35
rule,20,31.072516439236143,0.9821286648511887,-0.18550461548343886,-0.4647895917804835,0.0,-1.171027633423447,0.8274756218343117,0.45,0.6,7,13,0,0.5714285714285714,0.4444444444444444,0,3,3,0,residual_luma_mean,0.525462931394577,>=,proxy_or_output_feature,0.35
rule,20,31.072205887297734,0.982338958978653,-0.18581516742185683,-0.46510014371890146,0.0,-2.0018461689531577,1.2176118705098782,0.35,0.5,11,9,0,0.45454545454545453,0.5555555555555556,2,3,4,1,lfv1_saturation_bias,0.0028844369575381276,>=,gt_aware_diagnostic,0.55
rule,20,31.071832212210786,0.9826396763324737,-0.18618884250880186,-0.4654738188058465,0.0,-0.0959671117181678,0.0,0.25,0.45,4,16,0,0.25,0.1111111111111111,1,1,1,0,lfv1_highfreq_abs_error,0.0002957440912723541,<=,gt_aware_diagnostic,0.2
rule,20,31.071326862529112,0.9820966482162475,-0.186694192190485,-0.4659791684875296,0.0,-2.6649188414797154,1.2384055230704805,0.55,0.65,12,8,0,0.5833333333333334,0.7777777777777778,1,4,6,1,residual_lfv1_dark_channel_mean_delta_abs,0.004579365253448486,>=,proxy_or_output_feature,0.6
rule,20,31.071148183240815,0.9827508300542831,-0.18687287147878068,-0.4661578477758253,0.0,-1.793350469773175,1.2384055230704805,0.25,0.4,13,7,0,0.38461538461538464,0.5555555555555556,3,3,4,0,residual_luma_std_delta,0.0012713640928268427,<=,gt_aware_diagnostic,0.65
rule,20,31.071075295653834,0.9826514393091201,-0.18694575906575767,-0.4662307353628023,0.0,-0.40605208328650527,0.024474973922054836,0.2,0.4,7,13,0,0.2857142857142857,0.2222222222222222,1,2,1,0,baseline_delta_e_mean,1.9427636861801147,<=,gt_aware_diagnostic,0.35
rule,20,31.071075295653834,0.9826514393091201,-0.18694575906575767,-0.4662307353628023,0.0,-0.40605208328650527,0.024474973922054836,0.2,0.4,7,13,0,0.2857142857142857,0.2222222222222222,1,2,1,0,lfv1_delta_e_mean,2.170816457271576,<=,gt_aware_diagnostic,0.35
rule,20,31.07094445543131,0.9829009592533111,-0.1870765992882756,-0.4663615755853202,0.0,-1.14819694110262,0.07859634786275654,0.1,0.35,8,12,0,0.25,0.2222222222222222,4,1,2,0,lfv1_from_baseline_luma_residual_cosine,0.3265765905380249,>=,gt_aware_diagnostic,0.4
rule,20,31.07094445543131,0.9829009592533111,-0.1870765992882756,-0.4663615755853202,0.0,-1.14819694110262,0.07859634786275654,0.1,0.35,8,12,0,0.25,0.2222222222222222,4,1,2,0,lfv1_from_baseline_residual_error_ratio,0.9942230675873944,<=,gt_aware_diagnostic,0.4
rule,20,31.070658798343366,0.9819706857204438,-0.18736225637622717,-0.4666472326732718,0.0,-2.6649188414797154,1.4852778838082745,0.35,0.45,16,4,0,0.4375,0.7777777777777778,2,5,5,1,baseline_delta_e_mean,4.281904602050782,<=,gt_aware_diagnostic,0.8
rule,20,31.070658798343366,0.9819706857204438,-0.18736225637622717,-0.4666472326732718,0.0,-2.6649188414797154,1.4852778838082745,0.35,0.45,16,4,0,0.4375,0.7777777777777778,2,5,5,1,baseline_luma_abs_bias,0.02586856484413146,<=,gt_aware_diagnostic,0.8
rule,20,31.07030483083513,0.9821734875440598,-0.1877162238844619,-0.46700120018150654,0.0,-1.2361185006151576,1.2176118705098782,0.3,0.4,13,7,0,0.38461538461538464,0.5555555555555556,2,4,4,0,baseline_highfreq_abs_error,0.0011597491800785064,<=,gt_aware_diagnostic,0.65
rule,20,31.070220854171613,0.9819767355918885,-0.1878002005479738,-0.46708517684501843,0.0,-2.6649188414797154,1.4852778838082745,0.5,0.55,16,4,0,0.5,0.8888888888888888,3,4,7,1,baseline_mae,0.00908817620947957,>=,gt_aware_diagnostic,0.8
rule,20,31.070220854171613,0.9819767355918885,-0.1878002005479738,-0.46708517684501843,0.0,-2.6649188414797154,1.4852778838082745,0.5,0.55,16,4,0,0.5,0.8888888888888888,3,4,7,1,baseline_rmse,0.015761308185756207,>=,gt_aware_diagnostic,0.8
rule,20,31.070220854171613,0.9819767355918885,-0.1878002005479738,-0.46708517684501843,0.0,-2.6649188414797154,1.4852778838082745,0.5,0.55,16,4,0,0.5,0.8888888888888888,3,4,7,1,baseline_delta_e_mean,1.3553572416305544,>=,gt_aware_diagnostic,0.8
rule,20,31.070220854171613,0.9819767355918885,-0.1878002005479738,-0.46708517684501843,0.0,-2.6649188414797154,1.4852778838082745,0.5,0.55,16,4,0,0.5,0.8888888888888888,3,4,7,1,baseline_delta_e_p95,4.20057520866394,>=,gt_aware_diagnostic,0.8
rule,20,31.070220854171613,0.9819767355918885,-0.1878002005479738,-0.46708517684501843,0.0,-2.6649188414797154,1.4852778838082745,0.5,0.55,16,4,0,0.5,0.8888888888888888,3,4,7,1,lfv1_mae,0.009962783940136433,>=,gt_aware_diagnostic,0.8
rule,20,31.070220854171613,0.9819767355918885,-0.1878002005479738,-0.46708517684501843,0.0,-2.6649188414797154,1.4852778838082745,0.5,0.55,16,4,0,0.5,0.8888888888888888,3,4,7,1,lfv1_rmse,0.01743647363036871,>=,gt_aware_diagnostic,0.8
rule,20,31.070220854171613,0.9819767355918885,-0.1878002005479738,-0.46708517684501843,0.0,-2.6649188414797154,1.4852778838082745,0.5,0.55,16,4,0,0.5,0.8888888888888888,3,4,7,1,lfv1_delta_e_mean,1.4510257244110107,>=,gt_aware_diagnostic,0.8
rule,20,31.070220854171613,0.9819767355918885,-0.1878002005479738,-0.46708517684501843,0.0,-2.6649188414797154,1.4852778838082745,0.5,0.55,16,4,0,0.5,0.8888888888888888,3,4,7,1,lfv1_delta_e_p95,4.395457887649536,>=,gt_aware_diagnostic,0.8
rule,20,31.070220854171613,0.9819767355918885,-0.1878002005479738,-0.46708517684501843,0.0,-2.6649188414797154,1.4852778838082745,0.5,0.55,16,4,0,0.5,0.8888888888888888,3,4,7,1,residual_mae,0.010463539697229862,>=,gt_aware_diagnostic,0.8
rule,20,31.070220854171613,0.9819767355918885,-0.1878002005479738,-0.46708517684501843,0.0,-2.6649188414797154,1.4852778838082745,0.5,0.55,16,4,0,0.5,0.8888888888888888,3,4,7,1,residual_rmse,0.01584483701735735,>=,gt_aware_diagnostic,0.8
rule,20,31.07011003644153,0.9821115046739578,-0.18791101827806092,-0.4671959945751055,0.0,-2.6649188414797154,1.4852778838082745,0.45,0.6,17,3,0,0.5294117647058824,1.0,4,4,7,1,baseline_dark_channel_mean,0.2019411325454712,>=,proxy_or_output_feature,0.85
rule,20,31.07011003644153,0.9821115046739578,-0.18791101827806092,-0.4671959945751055,0.0,-2.6649188414797154,1.4852778838082745,0.45,0.6,17,3,0,0.5294117647058824,1.0,4,4,7,1,lfv1_dark_channel_mean,0.19009810090065002,>=,proxy_or_output_feature,0.85
rule,20,31.07011003644153,0.9821115046739578,-0.18791101827806092,-0.4671959945751055,0.0,-2.6649188414797154,1.4852778838082745,0.45,0.6,17,3,0,0.5294117647058824,1.0,4,4,7,1,residual_dark_channel_mean,0.20079632326960564,>=,proxy_or_output_feature,0.85
rule,20,31.06983096065553,0.9821628719568253,-0.18819009406405646,-0.4674750703611011,0.0,-1.171027633423447,0.0,0.3,0.45,4,16,0,0.25,0.1111111111111111,0,3,0,1,residual_lfv1_dark_channel_mean_delta_abs,0.01163468062877655,>=,proxy_or_output_feature,0.2
rule,20,31.069826458258614,0.9823581427335739,-0.18819459646096917,-0.4674795727580138,0.0,-1.8670252111650147,1.2033953165351896,0.4,0.5,15,5,0,0.4666666666666667,0.7777777777777778,2,4,6,0,lfv1_lap_var_ratio_gt,1.0624020099639893,<=,gt_aware_diagnostic,0.75
rule,20,31.069748380339036,0.9820899277925491,-0.18827267438056108,-0.4675576506776057,-0.03490503343985196,-2.6649188414797154,1.4852778838082745,0.35,0.45,18,2,0,0.4444444444444444,0.8888888888888888,3,5,6,1,baseline_edge_error,0.019571214169263846,<=,gt_aware_diagnostic,0.9
rule,20,31.069748380339036,0.9820899277925491,-0.18827267438056108,-0.4675576506776057,-0.03490503343985196,-2.6649188414797154,1.4852778838082745,0.35,0.45,18,2,0,0.4444444444444444,0.8888888888888888,3,5,6,1,residual_edge_error,0.019153532199561597,<=,gt_aware_diagnostic,0.9
rule,20,31.069298170241506,0.9821260362863541,-0.18872288447807878,-0.4680078607751234,0.0,-1.2361185006151576,0.3448113892641615,0.35,0.55,8,12,0,0.5,0.4444444444444444,0,3,3,0,baseline_saturation_abs_bias,0.0053305581212043755,<=,gt_aware_diagnostic,0.4
rule,20,31.0688604809451,0.9821303874254227,-0.18916057377449177,-0.46844555007153643,0.0,-1.995246574251296,0.8440025816490673,0.35,0.5,9,11,0,0.4444444444444444,0.4444444444444444,2,3,3,1,lfv1_dark_channel_abs_bias,0.010534921288490295,>=,gt_aware_diagnostic,0.45
rule,20,31.0683246746691,0.9821524381637573,-0.18969638005048778,-0.4689813563475324,0.0,-0.1921571832859458,0.0,0.3,0.5,3,17,0,0.3333333333333333,0.1111111111111111,1,1,1,0,baseline_luma_std,0.24295096173882486,<=,proxy_or_output_feature,0.15
rule,20,31.0683246746691,0.9821524381637573,-0.18969638005048778,-0.4689813563475324,0.0,-0.1921571832859458,0.0,0.3,0.5,3,17,0,0.3333333333333333,0.1111111111111111,1,1,1,0,lfv1_luma_std,0.237765434384346,<=,proxy_or_output_feature,0.15
rule,20,31.0683246746691,0.9821524381637573,-0.18969638005048778,-0.4689813563475324,0.0,-0.1921571832859458,0.0,0.3,0.5,3,17,0,0.3333333333333333,0.1111111111111111,1,1,1,0,residual_luma_std,0.23715831860899927,<=,proxy_or_output_feature,0.15
rule,20,31.06799137804544,0.9826472491025925,-0.19002967667414605,-0.4693146529711907,0.0,-0.0959671117181678,0.0,0.2,0.45,4,16,0,0.25,0.1111111111111111,1,1,0,0,baseline_edge_error,0.01132758017629385,<=,gt_aware_diagnostic,0.2
rule,20,31.06772041009807,0.9822834014892579,-0.19030064462152047,-0.4695856209185651,0.0,-1.8670252111650147,0.8274756218343117,0.35,0.5,9,11,0,0.4444444444444444,0.4444444444444444,2,3,3,1,residual_lfv1_luma_mean_delta_abs,0.004359298944473266,>=,proxy_or_output_feature,0.45
rule,20,31.067148166453592,0.9828673005104065,-0.19087288826600252,-0.47015786456304715,0.0,-1.14819694110262,0.8297860276743787,0.3,0.45,12,8,0,0.4166666666666667,0.5555555555555556,2,3,4,0,residual_lfv1_luma_std_delta,0.0009770095348358154,<=,proxy_or_output_feature,0.6
rule,20,31.067069337883776,0.9818573266267776,-0.1909517168358173,-0.4702366931328619,0.0,-2.6649188414797154,1.4852778838082745,0.4,0.5,13,7,0,0.46153846153846156,0.6666666666666666,2,4,5,1,lfv1_saturation_bias,-0.0011631220579147337,>=,gt_aware_diagnostic,0.65
rule,20,31.066619533097548,0.982137668132782,-0.1914015216220461,-0.47068649791909073,0.0,-2.6649188414797154,1.4852778838082745,0.4,0.55,18,2,0,0.5,1.0,4,4,7,1,residual_lfv1_luma_std_delta_abs,0.00010606944561004637,>=,proxy_or_output_feature,0.9
rule,20,31.065274419962737,0.9821490436792374,-0.19274663475685222,-0.47203161105389685,-0.03490503343985196,-2.6649188414797154,1.4852778838082745,0.35,0.45,18,2,0,0.4444444444444444,0.8888888888888888,3,5,6,1,residual_luma_std,0.23589517176151276,>=,proxy_or_output_feature,0.9
rule,20,31.064825844946323,0.9820781111717224,-0.1931952097732676,-0.4724801860703122,0.0,-2.6649188414797154,1.4852778838082745,0.4,0.5,17,3,0,0.47058823529411764,0.8888888888888888,2,5,6,1,lfv1_from_baseline_residual_cosine,0.5501486539840698,<=,gt_aware_diagnostic,0.85
rule,20,31.064825844946323,0.9820781111717224,-0.1931952097732676,-0.4724801860703122,0.0,-2.6649188414797154,1.4852778838082745,0.4,0.5,17,3,0,0.47058823529411764,0.8888888888888888,2,5,6,1,lfv1_from_baseline_luma_residual_cosine,0.549749207496643,<=,gt_aware_diagnostic,0.85
rule,20,31.064139681431534,0.9827293932437897,-0.193881373288054,-0.4731663495850986,0.0,-0.6223595737608154,0.024474973922054836,0.2,0.45,6,14,0,0.3333333333333333,0.2222222222222222,1,2,1,0,baseline_luma_std,0.2820648461580277,>=,proxy_or_output_feature,0.3
rule,20,31.064139681431534,0.9827293932437897,-0.193881373288054,-0.4731663495850986,0.0,-0.6223595737608154,0.024474973922054836,0.2,0.45,6,14,0,0.3333333333333333,0.2222222222222222,1,2,1,0,lfv1_luma_std,0.27964472472667695,>=,proxy_or_output_feature,0.3
rule,20,31.064139681431534,0.9827293932437897,-0.193881373288054,-0.4731663495850986,0.0,-0.6223595737608154,0.024474973922054836,0.2,0.45,6,14,0,0.3333333333333333,0.2222222222222222,1,2,1,0,residual_luma_std,0.28044105768203736,>=,proxy_or_output_feature,0.3
rule,20,31.06380084594887,0.9828231632709503,-0.1942202087707207,-0.4735051850677653,0.0,-1.14819694110262,0.34038325636800404,0.15,0.4,9,11,0,0.3333333333333333,0.3333333333333333,3,2,2,0,airlight,0.8,<=,proxy_or_output_feature,0.45
rule,20,31.063649942447217,0.9822835624217987,-0.1943711122723764,-0.47365608856942104,0.0,-1.2361185006151576,0.6210333778148569,0.35,0.5,11,9,0,0.45454545454545453,0.5555555555555556,1,4,4,0,baseline_saturation_abs_bias,0.008177404105663299,<=,gt_aware_diagnostic,0.55
rule,20,31.06357728699603,0.9822771906852722,-0.19444376772356478,-0.4737287440206094,0.0,-1.995246574251296,0.9629259566146658,0.3,0.45,12,8,0,0.4166666666666667,0.5555555555555556,3,3,4,1,image_id,591.8,<=,proxy_or_output_feature,0.6
rule,20,31.0635207772748,0.9819458246231079,-0.19450027744479054,-0.47378525374183517,0.0,-2.6649188414797154,1.4852778838082745,0.45,0.6,13,7,0,0.5384615384615384,0.7777777777777778,3,3,6,1,baseline_delta_e_p95,5.059055733680726,>=,gt_aware_diagnostic,0.65
rule,20,31.0635207772748,0.9819458246231079,-0.19450027744479054,-0.47378525374183517,0.0,-2.6649188414797154,1.4852778838082745,0.45,0.6,13,7,0,0.5384615384615384,0.7777777777777778,3,3,6,1,lfv1_mae,0.016260040923953056,>=,gt_aware_diagnostic,0.65
rule,20,31.0635207772748,0.9819458246231079,-0.19450027744479054,-0.47378525374183517,0.0,-2.6649188414797154,1.4852778838082745,0.45,0.6,13,7,0,0.5384615384615384,0.7777777777777778,3,3,6,1,lfv1_rmse,0.023168642539530996,>=,gt_aware_diagnostic,0.65
rule,20,31.0635207772748,0.9819458246231079,-0.19450027744479054,-0.47378525374183517,0.0,-2.6649188414797154,1.4852778838082745,0.45,0.6,13,7,0,0.5384615384615384,0.7777777777777778,3,3,6,1,lfv1_delta_e_p95,5.5418458700180055,>=,gt_aware_diagnostic,0.65
rule,20,31.063136492141677,0.9820442974567414,-0.1948845625779075,-0.47416953887495217,0.0,-1.995246574251296,1.2384055230704805,0.35,0.45,16,4,0,0.4375,0.7777777777777778,3,4,6,0,lfv1_highfreq_abs_error,0.0014338936656713482,<=,gt_aware_diagnostic,0.8
rule,20,31.063136492141677,0.9820442974567414,-0.1948845625779075,-0.47416953887495217,0.0,-1.995246574251296,1.2384055230704805,0.35,0.45,16,4,0,0.4375,0.7777777777777778,3,4,6,0,residual_highfreq_abs_error,0.001369814947247505,<=,gt_aware_diagnostic,0.8
rule,20,31.062940296288474,0.9823307961225509,-0.19508075843111286,-0.47436573472815746,0.0,-0.6924603193774662,0.03215664225274334,0.3,0.5,5,15,0,0.4,0.2222222222222222,2,1,2,0,baseline_mae,0.03269087662920356,>=,gt_aware_diagnostic,0.25
rule,20,31.062940296288474,0.9823307961225509,-0.19508075843111286,-0.47436573472815746,0.0,-0.6924603193774662,0.03215664225274334,0.3,0.5,5,15,0,0.4,0.2222222222222222,2,1,2,0,baseline_rmse,0.03989216033369303,>=,gt_aware_diagnostic,0.25
rule,20,31.062940296288474,0.9823307961225509,-0.19508075843111286,-0.47436573472815746,0.0,-0.6924603193774662,0.03215664225274334,0.3,0.5,5,15,0,0.4,0.2222222222222222,2,1,2,0,baseline_delta_e_mean,3.5333749651908875,>=,gt_aware_diagnostic,0.25
rule,20,31.062940296288474,0.9823307961225509,-0.19508075843111286,-0.47436573472815746,0.0,-0.6924603193774662,0.03215664225274334,0.3,0.5,5,15,0,0.4,0.2222222222222222,2,1,2,0,lfv1_mae,0.029328152537345886,>=,gt_aware_diagnostic,0.25
rule,20,31.062940296288474,0.9823307961225509,-0.19508075843111286,-0.47436573472815746,0.0,-0.6924603193774662,0.03215664225274334,0.3,0.5,5,15,0,0.4,0.2222222222222222,2,1,2,0,lfv1_delta_e_mean,3.3385146856307983,>=,gt_aware_diagnostic,0.25
rule,20,31.062940296288474,0.9823307961225509,-0.19508075843111286,-0.47436573472815746,0.0,-0.6924603193774662,0.03215664225274334,0.3,0.5,5,15,0,0.4,0.2222222222222222,2,1,2,0,residual_mae,0.03471038118004799,>=,gt_aware_diagnostic,0.25
rule,20,31.062940296288474,0.9823307961225509,-0.19508075843111286,-0.47436573472815746,0.0,-0.6924603193774662,0.03215664225274334,0.3,0.5,5,15,0,0.4,0.2222222222222222,2,1,2,0,residual_rmse,0.04218180105090141,>=,gt_aware_diagnostic,0.25
rule,20,31.062940296288474,0.9823307961225509,-0.19508075843111286,-0.47436573472815746,0.0,-0.6924603193774662,0.03215664225274334,0.3,0.5,5,15,0,0.4,0.2222222222222222,2,1,2,0,residual_delta_e_mean,3.7629827857017517,>=,gt_aware_diagnostic,0.25
rule,20,31.062940296288474,0.9823307961225509,-0.19508075843111286,-0.47436573472815746,0.0,-0.6924603193774662,0.03215664225274334,0.3,0.5,5,15,0,0.4,0.2222222222222222,2,1,2,0,residual_luma_abs_bias,0.03075575828552246,>=,gt_aware_diagnostic,0.25
rule,20,31.06238017378387,0.9825249254703522,-0.19564088093572068,-0.4749258572327653,0.0,-2.0018461689531577,1.3573288980360791,0.3,0.45,16,4,0,0.4375,0.7777777777777778,3,4,5,1,lfv1_from_baseline_residual_norm_ratio,0.2480114998280309,>=,gt_aware_diagnostic,0.8
rule,20,31.062329665802224,0.9823674380779266,-0.1956913889173663,-0.4749763652144109,-0.03490503343985196,-1.995246574251296,1.3573288980360791,0.25,0.4,17,3,0,0.4117647058823529,0.7777777777777778,4,4,5,1,image_id,864.8999999999999,<=,proxy_or_output_feature,0.85
rule,20,31.062273156080998,0.9820360720157624,-0.19574789863859204,-0.4750328749356367,0.0,-2.6649188414797154,1.4852778838082745,0.4,0.55,18,2,0,0.5,1.0,4,4,7,1,baseline_highfreq_abs_error,0.00015778765082359312,>=,gt_aware_diagnostic,0.9
rule,20,31.06111149986689,0.9828084528446197,-0.1969095548526969,-0.47619453114974153,0.0,-1.0831060739109093,0.05540160898947598,0.25,0.45,6,14,0,0.3333333333333333,0.2222222222222222,3,1,2,0,image_id,307.5,<=,proxy_or_output_feature,0.3
rule,20,31.060631526880208,0.9824548959732056,-0.19738952783938063,-0.47667450413642526,0.0,-1.793350469773175,0.6210333778148569,0.3,0.5,7,13,0,0.42857142857142855,0.3333333333333333,2,2,2,1,residual_lfv1_lap_var_delta_abs,0.001991185918450355,>=,proxy_or_output_feature,0.35
rule,20,31.060295359449377,0.9827801525592804,-0.19772569527020528,-0.4770106715672499,0.0,-1.793350469773175,0.8297860276743787,0.25,0.45,12,8,0,0.4166666666666667,0.5555555555555556,4,2,5,0,lfv1_from_baseline_residual_cosine,0.11466507017612455,>=,gt_aware_diagnostic,0.6
rule,20,31.059918960359433,0.982680681347847,-0.19810209436015674,-0.4773870706572014,0.0,-0.6223595737608154,0.024474973922054836,0.2,0.4,7,13,0,0.2857142857142857,0.2222222222222222,1,2,1,0,baseline_luma_std,0.2756167560815811,>=,proxy_or_output_feature,0.35
rule,20,31.059918960359433,0.982680681347847,-0.19810209436015674,-0.4773870706572014,0.0,-0.6223595737608154,0.024474973922054836,0.2,0.4,7,13,0,0.2857142857142857,0.2222222222222222,1,2,1,0,lfv1_luma_std,0.27480899840593337,>=,proxy_or_output_feature,0.35
rule,20,31.059918960359433,0.982680681347847,-0.19810209436015674,-0.4773870706572014,0.0,-0.6223595737608154,0.024474973922054836,0.2,0.4,7,13,0,0.2857142857142857,0.2222222222222222,1,2,1,0,residual_luma_std,0.276658920943737,>=,proxy_or_output_feature,0.35
rule,20,31.059667956809626,0.9820169657468796,-0.19835309790996938,-0.477638074207014,0.0,-2.6649188414797154,1.4852778838082745,0.35,0.5,17,3,0,0.47058823529411764,0.8888888888888888,3,4,6,1,image_id,136.95000000000002,>=,proxy_or_output_feature,0.85
rule,20,31.059471358328587,0.9823281407356262,-0.19854969639100623,-0.47783467268805085,-0.03490503343985196,-1.995246574251296,1.2384055230704805,0.35,0.45,18,2,0,0.4444444444444444,0.8888888888888888,4,4,7,0,airlight,0.94,<=,proxy_or_output_feature,0.9
rule,20,31.059429221375115,0.982234850525856,-0.19859183334447916,-0.4778768096415238,0.0,-1.2361185006151576,0.6210333778148569,0.35,0.45,12,8,0,0.4166666666666667,0.5555555555555556,1,4,4,0,residual_highfreq_abs_error,0.0008245181292295458,<=,gt_aware_diagnostic,0.6
rule,20,31.05934708599467,0.9827789545059205,-0.19867396872491572,-0.47795894502196035,0.0,-1.14819694110262,0.05540160898947598,0.1,0.35,8,12,0,0.25,0.2222222222222222,4,1,2,0,lfv1_from_baseline_residual_cosine,0.2928920865058899,>=,gt_aware_diagnostic,0.4
rule,20,31.059300056202698,0.9818971127271652,-0.19872099851689332,-0.4780059748139379,0.0,-2.6649188414797154,1.4852778838082745,0.45,0.55,14,6,0,0.5,0.7777777777777778,3,3,6,1,residual_delta_e_p95,4.826745176315308,>=,gt_aware_diagnostic,0.7
rule,20,31.05809495752694,0.9820541352033615,-0.19992609719265175,-0.4792110734896964,0.0,-2.6649188414797154,1.2384055230704805,0.35,0.45,12,8,0,0.4166666666666667,0.5555555555555556,1,4,4,0,image_id,412.2,>=,proxy_or_output_feature,0.6
rule,20,31.057194508802212,0.9826817512512207,-0.20082654591737548,-0.4801115222144201,0.0,-1.8736248058668765,1.2384055230704805,0.3,0.45,14,6,0,0.42857142857142855,0.6666666666666666,3,3,5,0,lfv1_luma_std,0.2476485103368759,>=,proxy_or_output_feature,0.7
rule,20,31.057194508802212,0.9826817512512207,-0.20082654591737548,-0.4801115222144201,0.0,-1.8736248058668765,1.2384055230704805,0.3,0.45,14,6,0,0.42857142857142855,0.6666666666666666,3,3,5,0,residual_luma_std,0.2484407380223274,>=,proxy_or_output_feature,0.7
rule,20,31.05641825473078,0.982654619216919,-0.20160279998881378,-0.48088777628585844,0.0,-0.47615282890315613,0.0,0.15,0.4,3,17,0,0.0,0.0,3,0,0,0,lfv1_from_baseline_residual_error_ratio,0.8955957002655253,<=,gt_aware_diagnostic,0.15
rule,20,31.05637260250585,0.9821362972259522,-0.20164845221375066,-0.4809334285107953,0.0,-1.995246574251296,1.2176118705098782,0.4,0.5,13,7,0,0.46153846153846156,0.6666666666666666,3,3,6,0,lfv1_from_baseline_residual_norm_ratio,0.7502451324486693,<=,gt_aware_diagnostic,0.65
rule,20,31.056308832970974,0.9824474900960922,-0.20171222174861364,-0.48099719804565827,0.0,-0.4903996470238541,0.2524314075512334,0.25,0.5,7,13,0,0.42857142857142855,0.3333333333333333,2,1,2,0,lfv1_edge_error,0.013056113244965674,<=,gt_aware_diagnostic,0.35
rule,20,31.055816887228126,0.982149675488472,-0.2022041674914618,-0.48148914378850644,0.0,-0.7067071374981642,0.03215664225274334,0.3,0.5,5,15,0,0.4,0.2222222222222222,2,1,2,0,baseline_delta_e_p95,7.635197758674622,>=,gt_aware_diagnostic,0.25
rule,20,31.055816887228126,0.982149675488472,-0.2022041674914618,-0.48148914378850644,0.0,-0.7067071374981642,0.03215664225274334,0.3,0.5,5,15,0,0.4,0.2222222222222222,2,1,2,0,lfv1_luma_abs_bias,0.02325359731912613,>=,gt_aware_diagnostic,0.25
rule,20,31.055023170555888,0.9820495277643204,-0.20299788416370657,-0.4822828604607512,0.0,-2.6649188414797154,1.2176118705098782,0.45,0.6,11,9,0,0.5454545454545454,0.6666666666666666,1,4,4,1,baseline_luma_mean,0.5007010892033577,>=,proxy_or_output_feature,0.55
rule,20,31.055023170555888,0.9820495277643204,-0.20299788416370657,-0.4822828604607512,0.0,-2.6649188414797154,1.2176118705098782,0.45,0.6,11,9,0,0.5454545454545454,0.6666666666666666,1,4,4,1,residual_luma_mean,0.502380719780922,>=,proxy_or_output_feature,0.55
rule,20,31.054941893695336,0.9823284268379211,-0.20307916102425755,-0.4823641373213022,0.0,-1.2361185006151576,0.024474973922054836,0.2,0.4,7,13,0,0.2857142857142857,0.2222222222222222,1,3,1,0,lfv1_saturation_abs_bias,0.0035765916109085083,<=,gt_aware_diagnostic,0.35
rule,20,31.054616754675,0.9821509629487991,-0.20340430004459192,-0.48268927634163655,0.0,-1.793350469773175,0.5772108287680324,0.35,0.55,8,12,0,0.5,0.4444444444444444,3,1,4,0,baseline_mae,0.02134734019637108,>=,gt_aware_diagnostic,0.4
rule,20,31.054616754675,0.9821509629487991,-0.20340430004459192,-0.48268927634163655,0.0,-1.793350469773175,0.5772108287680324,0.35,0.55,8,12,0,0.5,0.4444444444444444,3,1,4,0,baseline_delta_e_mean,2.509366989135742,>=,gt_aware_diagnostic,0.4
rule,20,31.05456533256488,0.9825524508953094,-0.20345572215471447,-0.4827406984517591,0.0,-2.0018461689531577,1.4852778838082745,0.25,0.4,15,5,0,0.4,0.6666666666666666,3,4,4,1,lfv1_rmse,0.03588504530489445,<=,gt_aware_diagnostic,0.75
rule,20,31.053654914560536,0.9826716929674149,-0.20436614015904836,-0.483651116456093,-0.03490503343985196,-2.0018461689531577,1.4852778838082745,0.25,0.4,17,3,0,0.4117647058823529,0.7777777777777778,4,4,5,1,beta,1.766,<=,proxy_or_output_feature,0.85
rule,20,31.053649136581715,0.9820035248994827,-0.20437191813788474,-0.4836568944349294,0.0,-2.6649188414797154,1.4852778838082745,0.45,0.55,18,2,0,0.5,1.0,2,5,7,1,residual_lfv1_saturation_mean_delta_abs,0.0013593077659606934,>=,proxy_or_output_feature,0.9
rule,20,31.05347524133098,0.9823581427335739,-0.20454581338861022,-0.48383078968565485,0.0,-1.0831060739109093,0.2524314075512334,0.35,0.55,6,14,0,0.5,0.3333333333333333,1,2,2,0,lfv1_lap_var_ratio_gt,0.9802302718162537,<=,gt_aware_diagnostic,0.3
rule,20,31.053219849115134,0.9821254551410675,-0.20480120560445023,-0.4840861819014949,0.0,-1.2361185006151576,0.27567637428796604,0.3,0.5,7,13,0,0.42857142857142855,0.3333333333333333,0,3,2,0,baseline_saturation_abs_bias,0.005006712861359119,<=,gt_aware_diagnostic,0.35
rule,20,31.05222823092444,0.9821635216474534,-0.2057928237951451,-0.4850778000921897,0.0,-0.17791036516524786,0.0,0.3,0.5,3,17,0,0.3333333333333333,0.1111111111111111,1,1,1,0,residual_luma_bias,-0.030646920204162598,<=,gt_aware_diagnostic,0.15
rule,20,31.051712867488117,0.9818815737962723,-0.20630818723147543,-0.48559316352852006,0.0,-2.6649188414797154,1.2176118705098782,0.45,0.55,10,10,0,0.5,0.5555555555555556,0,4,3,1,lfv1_from_baseline_residual_error_ratio,1.0235662082215566,>=,gt_aware_diagnostic,0.5
rule,20,31.051712867488117,0.9818815737962723,-0.20630818723147543,-0.48559316352852006,0.0,-2.6649188414797154,1.2176118705098782,0.45,0.55,10,10,0,0.5,0.5555555555555556,0,4,3,1,lfv1_from_baseline_lf_mse_delta,3.6262383218854666e-05,>=,gt_aware_diagnostic,0.5
rule,20,31.05155186364915,0.9827026486396789,-0.20646919107044023,-0.4857541673674849,0.0,-0.6223595737608154,0.0,0.2,0.45,4,16,0,0.25,0.1111111111111111,1,2,0,0,baseline_luma_std,0.2915168285369873,>=,proxy_or_output_feature,0.2
rule,20,31.05155186364915,0.9827026486396789,-0.20646919107044023,-0.4857541673674849,0.0,-0.6223595737608154,0.0,0.2,0.45,4,16,0,0.25,0.1111111111111111,1,2,0,0,lfv1_luma_std,0.2914742887020111,>=,proxy_or_output_feature,0.2
rule,20,31.05155186364915,0.9827026486396789,-0.20646919107044023,-0.4857541673674849,0.0,-0.6223595737608154,0.0,0.2,0.45,4,16,0,0.25,0.1111111111111111,1,2,0,0,residual_luma_std,0.29185988903045657,>=,proxy_or_output_feature,0.2
rule,20,31.051115879191627,0.9820538192987442,-0.20690517552796042,-0.486190151825005,0.0,-1.995246574251296,1.2384055230704805,0.35,0.5,11,9,0,0.45454545454545453,0.5555555555555556,3,3,4,1,baseline_luma_std,0.2711177408695221,<=,proxy_or_output_feature,0.55
rule,20,31.051115879191627,0.9820538192987442,-0.20690517552796042,-0.486190151825005,0.0,-1.995246574251296,1.2384055230704805,0.35,0.5,11,9,0,0.45454545454545453,0.5555555555555556,3,3,4,1,residual_luma_std,0.2675497025251388,<=,proxy_or_output_feature,0.55
rule,20,31.050389133671263,0.9823376357555389,-0.20763192104832912,-0.48691689734537374,0.0,-1.8670252111650147,1.2384055230704805,0.35,0.45,14,6,0,0.42857142857142855,0.6666666666666666,2,4,5,0,baseline_lap_var_ratio_gt,1.055607509613037,<=,gt_aware_diagnostic,0.7
rule,20,31.04894357822563,0.9820664882659912,-0.2090774764939601,-0.48836245279100476,0.0,-0.2658319246777856,0.0,0.35,0.5,3,17,0,0.3333333333333333,0.1111111111111111,0,2,1,0,residual_luma_abs_bias_regression_vs_lfv1,0.008545187115669251,>=,gt_aware_diagnostic,0.15
rule,20,31.04894357822563,0.9820664882659912,-0.2090774764939601,-0.48836245279100476,0.0,-0.2658319246777856,0.0,0.35,0.5,3,17,0,0.3333333333333333,0.1111111111111111,0,2,1,0,residual_dark_channel_abs_bias_regression_vs_lfv1,0.010605765879154204,>=,gt_aware_diagnostic,0.15
rule,20,31.048587990838666,0.9817298382520676,-0.20943306388092556,-0.48871804017797016,0.0,-2.6649188414797154,1.4852778838082745,0.45,0.55,12,8,0,0.5,0.6666666666666666,2,3,5,1,lfv1_luma_bias,-0.0015720486640930175,<=,gt_aware_diagnostic,0.6
rule,20,31.04841903507265,0.9825023084878921,-0.20960201964694125,-0.4888869959439859,0.0,-1.793350469773175,1.2384055230704805,0.25,0.4,11,9,0,0.36363636363636365,0.4444444444444444,2,3,3,0,baseline_luma_std_delta,0.00019363015890121375,<=,gt_aware_diagnostic,0.55
rule,20,31.048070587372983,0.9818949609994888,-0.2099504673466095,-0.4892354436436541,0.0,-2.6649188414797154,1.4852778838082745,0.35,0.5,17,3,0,0.47058823529411764,0.8888888888888888,3,4,6,1,lfv1_saturation_bias,-0.01259007677435875,>=,gt_aware_diagnostic,0.85
rule,20,31.048070587372983,0.9818949609994888,-0.2099504673466095,-0.4892354436436541,0.0,-2.6649188414797154,1.4852778838082745,0.35,0.5,17,3,0,0.47058823529411764,0.8888888888888888,3,4,6,1,residual_saturation_bias,-0.007314064353704452,>=,gt_aware_diagnostic,0.85
rule,20,31.04806768606378,0.9825383454561234,-0.20995336865580522,-0.48923834495284985,0.0,-0.17791036516524786,0.0,0.3,0.5,3,17,0,0.3333333333333333,0.1111111111111111,1,1,1,0,baseline_luma_std_delta,-0.004516269266605377,<=,gt_aware_diagnostic,0.15
rule,20,31.048061360305162,0.9827288120985032,-0.20995969441442544,-0.48924467071147004,0.0,-0.6223595737608154,0.0,0.15,0.4,5,15,0,0.2,0.1111111111111111,1,2,0,0,baseline_luma_std,0.2885949909687042,>=,proxy_or_output_feature,0.25
rule,20,31.048061360305162,0.9827288120985032,-0.20995969441442544,-0.48924467071147004,0.0,-0.6223595737608154,0.0,0.15,0.4,5,15,0,0.2,0.1111111111111111,1,2,0,0,lfv1_luma_std,0.28486689925193787,>=,proxy_or_output_feature,0.25
rule,20,31.048061360305162,0.9827288120985032,-0.20995969441442544,-0.48924467071147004,0.0,-0.6223595737608154,0.0,0.15,0.4,5,15,0,0.2,0.1111111111111111,1,2,0,0,residual_luma_std,0.2869869992136955,>=,proxy_or_output_feature,0.25
rule,20,31.0479730985152,0.9820340037345886,-0.21004795620439545,-0.48933293250144005,0.0,-1.995246574251296,0.8274756218343117,0.4,0.55,8,12,0,0.5,0.4444444444444444,2,2,4,0,residual_dark_channel_abs_bias,0.01756311357021332,>=,gt_aware_diagnostic,0.4
rule,20,31.047501985210623,0.9825230568647385,-0.210519069508962,-0.4898040458060066,0.0,-2.0018461689531577,1.3573288980360791,0.2,0.35,12,8,0,0.3333333333333333,0.4444444444444444,2,4,2,1,rescalib_from_lfv1_residual_norm_ratio,0.4674780799222701,>=,gt_aware_diagnostic,0.6
rule,20,31.047202141471747,0.9826394349336625,-0.21081891324784774,-0.49010388954489237,0.0,-1.793350469773175,1.2033953165351896,0.35,0.5,15,5,0,0.4666666666666667,0.7777777777777778,3,3,6,0,residual_lfv1_luma_std_delta,0.0027117207646369934,<=,proxy_or_output_feature,0.75
rule,20,31.047008261232815,0.9823550939559936,-0.2110127934867819,-0.49029776978382655,0.0,-1.995246574251296,0.9629259566146658,0.25,0.4,13,7,0,0.38461538461538464,0.5555555555555556,4,3,4,1,image_id,636.8,<=,proxy_or_output_feature,0.65
rule,20,31.046861975162102,0.9823302149772644,-0.2111590795574843,-0.49044405585452894,0.0,-0.6924603193774662,0.0,0.25,0.45,4,16,0,0.25,0.1111111111111111,2,1,1,0,residual_delta_e_mean,4.133718395233155,>=,gt_aware_diagnostic,0.2
rule,20,31.046301852657496,0.9825243443250656,-0.2117192020620921,-0.49100417835913673,0.0,-2.0018461689531577,1.3573288980360791,0.25,0.4,15,5,0,0.4,0.6666666666666666,3,4,4,1,lfv1_from_baseline_residual_norm_ratio,0.34573232569412204,>=,gt_aware_diagnostic,0.75
rule,20,31.04618040791011,0.982154643535614,-0.21184064680948325,-0.49112562310652785,0.0,-1.995246574251296,0.8274756218343117,0.4,0.55,10,10,0,0.5,0.5555555555555556,3,2,5,0,baseline_mae,0.01766875758767128,>=,gt_aware_diagnostic,0.5
rule,20,31.04618040791011,0.982154643535614,-0.21184064680948325,-0.49112562310652785,0.0,-1.995246574251296,0.8274756218343117,0.4,0.55,10,10,0,0.5,0.5555555555555556,3,2,5,0,baseline_rmse,0.02620151825249195,>=,gt_aware_diagnostic,0.5
rule,20,31.04618040791011,0.982154643535614,-0.21184064680948325,-0.49112562310652785,0.0,-1.995246574251296,0.8274756218343117,0.4,0.55,10,10,0,0.5,0.5555555555555556,3,2,5,0,baseline_delta_e_mean,2.1393877267837524,>=,gt_aware_diagnostic,0.5
rule,20,31.04618040791011,0.982154643535614,-0.21184064680948325,-0.49112562310652785,0.0,-1.995246574251296,0.8274756218343117,0.4,0.55,10,10,0,0.5,0.5555555555555556,3,2,5,0,baseline_delta_e_p95,5.8282599449157715,>=,gt_aware_diagnostic,0.5
rule,20,31.04618040791011,0.982154643535614,-0.21184064680948325,-0.49112562310652785,0.0,-1.995246574251296,0.8274756218343117,0.4,0.55,10,10,0,0.5,0.5555555555555556,3,2,5,0,lfv1_mae,0.019472425803542137,>=,gt_aware_diagnostic,0.5
rule,20,31.04618040791011,0.982154643535614,-0.21184064680948325,-0.49112562310652785,0.0,-1.995246574251296,0.8274756218343117,0.4,0.55,10,10,0,0.5,0.5555555555555556,3,2,5,0,lfv1_rmse,0.0277879498898983,>=,gt_aware_diagnostic,0.5
rule,20,31.045104821864093,0.9819824010133743,-0.21291623285549405,-0.4922012091525387,0.0,-0.1921571832859458,0.0,0.3,0.5,3,17,0,0.3333333333333333,0.1111111111111111,1,1,1,0,lfv1_luma_bias,-0.023183725774288177,<=,gt_aware_diagnostic,0.15
rule,20,31.044902152964664,0.9819692075252533,-0.2131189017549268,-0.4924038780519714,0.0,-2.6649188414797154,1.4852778838082745,0.5,0.55,16,4,0,0.5,0.8888888888888888,2,5,7,1,residual_lfv1_saturation_mean_delta_abs,0.0015230029821395874,>=,proxy_or_output_feature,0.8
rule,20,31.044401171926648,0.9825733721256256,-0.21361988279294214,-0.49290485908998677,0.0,-0.6924603193774662,0.0,0.15,0.4,3,17,0,0.0,0.0,3,0,0,0,lfv1_from_baseline_lf_mse_delta,-0.00031239770469255746,<=,gt_aware_diagnostic,0.15
rule,20,31.044217038323005,0.9827795714139939,-0.21380401639657673,-0.4930889926936214,0.0,-1.793350469773175,0.8297860276743787,0.2,0.4,11,9,0,0.36363636363636365,0.4444444444444444,4,2,4,0,lfv1_from_baseline_residual_cosine,0.18737075403332717,>=,gt_aware_diagnostic,0.55
rule,20,31.044217038323005,0.9827795714139939,-0.21380401639657673,-0.4930889926936214,0.0,-1.793350469773175,0.8297860276743787,0.2,0.4,11,9,0,0.36363636363636365,0.4444444444444444,4,2,4,0,lfv1_from_baseline_luma_residual_cosine,0.2184061072766781,>=,gt_aware_diagnostic,0.55
rule,20,31.044210854248252,0.9824889481067658,-0.2138102004713362,-0.4930951767683808,0.0,-1.14819694110262,0.36800612813744205,0.3,0.5,9,11,0,0.4444444444444444,0.4444444444444444,2,3,3,0,lfv1_lap_var_ratio_gt,0.9938909947872162,<=,gt_aware_diagnostic,0.45
rule,20,31.044202139554795,0.9820137321949005,-0.21381891516479107,-0.4931038914618357,-0.03490503343985196,-1.995246574251296,1.4852778838082745,0.25,0.4,17,3,0,0.4117647058823529,0.7777777777777778,4,4,5,1,residual_lfv1_saturation_mean_delta,0.008206609636545181,<=,proxy_or_output_feature,0.85
rule,20,31.04343355383336,0.9824259340763092,-0.21458750088623493,-0.49387247718327953,0.0,-2.0018461689531577,1.4852778838082745,0.25,0.4,13,7,0,0.38461538461538464,0.5555555555555556,2,4,3,1,lfv1_luma_std_delta,0.00031898915767669645,<=,gt_aware_diagnostic,0.65
rule,20,31.043393037202215,0.9823275595903397,-0.21462801751737767,-0.49391299381442233,-0.03490503343985196,-1.995246574251296,1.2384055230704805,0.3,0.4,17,3,0,0.4117647058823529,0.7777777777777778,4,4,6,0,airlight,0.91,<=,proxy_or_output_feature,0.85
rule,20,31.043380523676014,0.9822698265314103,-0.21464053104357497,-0.4939255073406196,0.0,-0.780381878890004,0.3448113892641615,0.4,0.55,6,14,0,0.5,0.3333333333333333,1,2,3,0,baseline_luma_std_delta,0.001769937574863434,>=,gt_aware_diagnostic,0.3
rule,20,31.042740753961755,0.9820933043956757,-0.21528030075783047,-0.4945652770548751,0.0,-2.6649188414797154,1.2384055230704805,0.5,0.6,13,7,0,0.5384615384615384,0.7777777777777778,2,4,6,1,residual_lfv1_luma_mean_delta_abs,0.0028637915849685667,>=,proxy_or_output_feature,0.65
rule,20,31.042740753961755,0.9820933043956757,-0.21528030075783047,-0.4945652770548751,0.0,-2.6649188414797154,1.2384055230704805,0.5,0.6,13,7,0,0.5384615384615384,0.7777777777777778,2,4,6,1,residual_lfv1_dark_channel_mean_delta_abs,0.004044108092784882,>=,proxy_or_output_feature,0.65
rule,20,31.042133063836797,0.9820089995861053,-0.21588799088279292,-0.49517296717983755,0.0,-2.6649188414797154,1.4852778838082745,0.45,0.55,12,8,0,0.5,0.6666666666666666,2,4,5,1,lfv1_dark_channel_abs_bias,0.006562352180480957,>=,gt_aware_diagnostic,0.6
rule,20,31.04206559205778,0.9821578025817871,-0.21595546266180818,-0.49524043895885284,0.0,-1.995246574251296,1.2384055230704805,0.4,0.5,17,3,0,0.47058823529411764,0.8888888888888888,3,4,7,0,lfv1_lap_var_ratio_gt,1.084179049730301,<=,gt_aware_diagnostic,0.85
rule,20,31.04152438421996,0.9825257390737534,-0.21649667049963117,-0.4957816467966758,0.0,-1.8670252111650147,0.8297860276743787,0.25,0.4,11,9,0,0.36363636363636365,0.4444444444444444,3,3,3,0,lfv1_saturation_bias,0.0031759288161993023,<=,gt_aware_diagnostic,0.55
rule,20,31.04141164962068,0.9819953709840774,-0.21660940509891197,-0.4958943813959566,0.0,-2.6649188414797154,1.4852778838082745,0.45,0.5,17,3,0,0.47058823529411764,0.8888888888888888,2,5,7,1,residual_lfv1_saturation_mean_delta_abs,0.0014598235487937928,>=,proxy_or_output_feature,0.85
rule,20,31.040930023607665,0.9821155458688736,-0.21709103111192415,-0.4963760074089688,0.0,-1.8670252111650147,0.12010849106951398,0.3,0.45,6,14,0,0.3333333333333333,0.2222222222222222,1,3,1,1,residual_lfv1_dark_channel_mean_delta_abs,0.009715276956558229,>=,proxy_or_output_feature,0.3
rule,20,31.04072035090427,0.9825151115655899,-0.2173007038153214,-0.49658568011236603,0.0,-1.14819694110262,0.36800612813744205,0.25,0.45,10,10,0,0.4,0.4444444444444444,2,3,3,0,lfv1_lap_var_ratio_gt,1.002628207206726,<=,gt_aware_diagnostic,0.5
rule,20,31.040687643712374,0.9822774976491928,-0.21733341100721598,-0.4966183873042606,0.0,-1.8670252111650147,0.8297860276743787,0.35,0.5,9,11,0,0.4444444444444444,0.4444444444444444,1,3,3,0,baseline_lap_var_ratio_gt,0.9936226665973664,<=,gt_aware_diagnostic,0.45
rule,20,31.039803576742628,0.9822142004966736,-0.2182174779769678,-0.4975024542740124,0.0,-1.995246574251296,1.2176118705098782,0.35,0.45,14,6,0,0.42857142857142855,0.6666666666666666,4,3,6,0,lfv1_from_baseline_residual_norm_ratio,0.8254974682401248,<=,gt_aware_diagnostic,0.7
rule,20,31.039672051455614,0.9824679911136627,-0.2183490032639833,-0.49763397956102795,0.0,-1.793350469773175,1.2384055230704805,0.3,0.4,9,11,0,0.3333333333333333,0.3333333333333333,2,3,3,0,baseline_luma_std_delta,-0.0006912969052791592,<=,gt_aware_diagnostic,0.45
rule,20,31.039573093919877,0.982466384768486,-0.21844796079971668,-0.4977329370967613,0.0,-1.793350469773175,0.6352499317895455,0.15,0.4,13,7,0,0.38461538461538464,0.5555555555555556,4,2,3,1,residual_lfv1_saturation_mean_delta,0.004792710393667221,<=,proxy_or_output_feature,0.65
rule,20,31.038825417128116,0.9818918287754059,-0.2191956375914746,-0.4984806138885192,0.0,-2.6649188414797154,1.2384055230704805,0.45,0.6,13,7,0,0.5384615384615384,0.7777777777777778,3,3,6,0,baseline_lap_var,0.1635660484433174,<=,proxy_or_output_feature,0.65
rule,20,31.038825417128116,0.9818918287754059,-0.2191956375914746,-0.4984806138885192,0.0,-2.6649188414797154,1.2384055230704805,0.45,0.6,13,7,0,0.5384615384615384,0.7777777777777778,3,3,6,0,lfv1_lap_var,0.15736091807484626,<=,proxy_or_output_feature,0.65
rule,20,31.038825417128116,0.9818918287754059,-0.2191956375914746,-0.4984806138885192,0.0,-2.6649188414797154,1.2384055230704805,0.45,0.6,13,7,0,0.5384615384615384,0.7777777777777778,3,3,6,0,residual_lap_var,0.1581351302564144,<=,proxy_or_output_feature,0.65
rule,20,31.03836541900945,0.9821578949689865,-0.2196556357101443,-0.4989406120071889,0.0,-2.6649188414797154,1.3573288980360791,0.3,0.4,13,7,0,0.38461538461538464,0.5555555555555556,1,5,3,1,rescalib_from_baseline_residual_norm_ratio,0.46164764464900265,>=,gt_aware_diagnostic,0.65
rule,20,31.038185299603732,0.9820056796073914,-0.2198357551158617,-0.49912073141290636,0.0,-2.6649188414797154,1.2384055230704805,0.45,0.55,12,8,0,0.5,0.6666666666666666,3,3,6,0,baseline_edge_mean,0.21637615263462068,<=,proxy_or_output_feature,0.6
rule,20,31.038185299603732,0.9820056796073914,-0.2198357551158617,-0.49912073141290636,0.0,-2.6649188414797154,1.2384055230704805,0.45,0.55,12,8,0,0.5,0.6666666666666666,3,3,6,0,lfv1_edge_mean,0.21629299223423004,<=,proxy_or_output_feature,0.6
rule,20,31.038185299603732,0.9820056796073914,-0.2198357551158617,-0.49912073141290636,0.0,-2.6649188414797154,1.2384055230704805,0.45,0.55,12,8,0,0.5,0.6666666666666666,3,3,6,0,residual_edge_mean,0.2180216431617737,<=,proxy_or_output_feature,0.6
rule,20,31.037777078778014,0.9821108043193817,-0.22024397594157374,-0.4995289522386184,0.0,-2.6649188414797154,1.2033953165351896,0.4,0.55,12,8,0,0.5,0.6666666666666666,1,4,5,0,lfv1_saturation_abs_bias,0.009080365300178528,<=,gt_aware_diagnostic,0.6
rule,20,31.03671671588876,0.9825308620929718,-0.22130433883082806,-0.5005893151278726,0.0,-2.0018461689531577,0.8440025816490673,0.25,0.5,11,9,0,0.45454545454545453,0.5555555555555556,2,3,3,1,beta,1.4645000000000001,<=,proxy_or_output_feature,0.55
rule,20,31.036499629832168,0.9824663996696472,-0.22152142488742416,-0.5008064011844688,0.0,-1.14819694110262,0.36800612813744205,0.25,0.4,11,9,0,0.36363636363636365,0.4444444444444444,2,3,3,0,lfv1_lap_var_ratio_gt,1.014866453409195,<=,gt_aware_diagnostic,0.55
rule,20,31.03623973637898,0.9820747673511505,-0.22178131834061307,-0.5010662946376577,-0.03490503343985196,-2.6649188414797154,1.4852778838082745,0.35,0.45,18,2,0,0.4444444444444444,0.8888888888888888,3,5,6,1,baseline_luma_std_delta,-0.004871483147144318,>=,gt_aware_diagnostic,0.9
rule,20,31.03623973637898,0.9820747673511505,-0.22178131834061307,-0.5010662946376577,-0.03490503343985196,-2.6649188414797154,1.4852778838082745,0.35,0.45,18,2,0,0.4444444444444444,0.8888888888888888,3,5,6,1,lfv1_from_baseline_residual_cosine,0.603432220220566,<=,gt_aware_diagnostic,0.9
rule,20,31.03623973637898,0.9820747673511505,-0.22178131834061307,-0.5010662946376577,-0.03490503343985196,-2.6649188414797154,1.4852778838082745,0.35,0.45,18,2,0,0.4444444444444444,0.8888888888888888,3,5,6,1,lfv1_from_baseline_luma_residual_cosine,0.6020753145217896,<=,gt_aware_diagnostic,0.9
rule,20,31.03618154811162,0.9824941545724869,-0.2218395066079685,-0.5011244829050131,0.0,-1.793350469773175,1.2384055230704805,0.25,0.35,10,10,0,0.3,0.3333333333333333,2,3,3,0,baseline_luma_std_delta,-0.00044915080070495605,<=,gt_aware_diagnostic,0.5
rule,20,31.03614990979807,0.9821629405021668,-0.22187114492151655,-0.5011561212185611,0.0,-0.17791036516524786,0.0,0.25,0.45,2,18,0,0.0,0.0,1,1,0,0,baseline_lap_var_ratio_gt,0.9051605284214019,<=,gt_aware_diagnostic,0.1
rule,20,31.03614990979807,0.9821629405021668,-0.22187114492151655,-0.5011561212185611,0.0,-0.17791036516524786,0.0,0.25,0.45,2,18,0,0.0,0.0,1,1,0,0,lfv1_lap_var_ratio_gt,0.9214511275291443,<=,gt_aware_diagnostic,0.1
rule,20,31.03614990979807,0.9821629405021668,-0.22187114492151655,-0.5011561212185611,0.0,-0.17791036516524786,0.0,0.25,0.45,2,18,0,0.0,0.0,1,1,0,0,residual_lap_var_ratio_gt,0.9292242705821991,<=,gt_aware_diagnostic,0.1
rule,20,31.03614990979807,0.9821629405021668,-0.22187114492151655,-0.5011561212185611,0.0,-0.17791036516524786,0.0,0.25,0.45,2,18,0,0.0,0.0,1,1,0,0,rescalib_from_lfv1_residual_cosine,-0.3980054497718811,<=,gt_aware_diagnostic,0.1
rule,20,31.03614990979807,0.9821629405021668,-0.22187114492151655,-0.5011561212185611,0.0,-0.17791036516524786,0.0,0.25,0.45,2,18,0,0.0,0.0,1,1,0,0,rescalib_from_lfv1_luma_residual_cosine,-0.39804159402847294,<=,gt_aware_diagnostic,0.1
rule,20,31.03543568764694,0.9819956839084625,-0.22258536707264512,-0.5018703433696897,0.0,-1.995246574251296,1.2384055230704805,0.3,0.4,15,5,0,0.4,0.6666666666666666,3,4,5,0,residual_edge_error,0.016284729819744825,<=,gt_aware_diagnostic,0.75
rule,20,31.03533491378413,0.98191799223423,-0.22268614093545977,-0.5019711172325044,0.0,-2.6649188414797154,1.2384055230704805,0.4,0.55,14,6,0,0.5,0.7777777777777778,3,3,6,0,residual_lap_var,0.1775512471795082,<=,proxy_or_output_feature,0.7
rule,20,31.034596693531476,0.9822378396987915,-0.22342436118811815,-0.5027093374851628,0.0,-2.6649188414797154,1.2384055230704805,0.4,0.45,16,4,0,0.4375,0.7777777777777778,2,5,6,0,baseline_highfreq_abs_error,0.0017223760485649108,<=,gt_aware_diagnostic,0.8
rule,20,31.034436544505912,0.9819847524166108,-0.22358451021367715,-0.5028694865107217,0.0,-1.995246574251296,1.4852778838082745,0.2,0.4,15,5,0,0.4,0.6666666666666666,4,3,4,1,residual_lfv1_saturation_mean_delta,0.006622031331062317,<=,proxy_or_output_feature,0.75
rule,20,31.034271753322788,0.9825851947069169,-0.223749301396799,-0.5030342776938437,0.0,-0.1634063611634738,0.0,0.25,0.45,4,16,0,0.25,0.1111111111111111,0,2,0,0,baseline_highfreq_abs_error,0.00024063214659690856,<=,gt_aware_diagnostic,0.2
rule,20,31.03396457853163,0.9819569677114487,-0.22405647618796448,-0.503341452485009,0.0,-2.6649188414797154,1.2384055230704805,0.45,0.5,13,7,0,0.46153846153846156,0.6666666666666666,3,3,6,0,residual_edge_mean,0.22795848548412323,<=,proxy_or_output_feature,0.65
rule,20,31.033425517483398,0.98231161236763,-0.22459553723619444,-0.503880513533239,0.0,-1.995246574251296,1.2033953165351896,0.3,0.45,14,6,0,0.42857142857142855,0.6666666666666666,4,3,6,0,lfv1_from_baseline_residual_error_ratio,1.0738654829491394,<=,gt_aware_diagnostic,0.7
rule,20,31.03319154325113,0.9825592935085297,-0.2248295114684579,-0.5041144877655025,0.0,-1.2427180953170196,0.3448113892641615,0.3,0.45,10,10,0,0.4,0.4444444444444444,1,3,3,0,baseline_luma_std,0.2668180614709854,>=,proxy_or_output_feature,0.5
rule,20,31.03319154325113,0.9825592935085297,-0.2248295114684579,-0.5041144877655025,0.0,-1.2427180953170196,0.3448113892641615,0.3,0.45,10,10,0,0.4,0.4444444444444444,1,3,3,0,lfv1_luma_std,0.2689516097307205,>=,proxy_or_output_feature,0.5
rule,20,31.03319154325113,0.9825592935085297,-0.2248295114684579,-0.5041144877655025,0.0,-1.2427180953170196,0.3448113892641615,0.3,0.45,10,10,0,0.4,0.4444444444444444,1,3,3,0,residual_luma_std,0.2664273530244827,>=,proxy_or_output_feature,0.5
rule,20,31.032829408386238,0.9826037794351578,-0.22519164633334993,-0.5044766226303945,0.0,-1.0130053282942584,0.0,0.3,0.45,4,16,0,0.25,0.1111111111111111,0,3,1,0,rescalib_from_baseline_residual_norm_ratio,0.8768412195093682,>=,gt_aware_diagnostic,0.2
rule,20,31.032774252430443,0.9820227295160293,-0.22524680228914223,-0.5045317785861869,0.0,-2.6649188414797154,1.4852778838082745,0.45,0.6,17,3,0,0.5294117647058824,1.0,3,5,7,1,baseline_luma_mean,0.40603256970643997,>=,proxy_or_output_feature,0.85
rule,20,31.032774252430443,0.9820227295160293,-0.22524680228914223,-0.5045317785861869,0.0,-2.6649188414797154,1.4852778838082745,0.45,0.6,17,3,0,0.5294117647058824,1.0,3,5,7,1,lfv1_luma_mean,0.401455120742321,>=,proxy_or_output_feature,0.85
rule,20,31.032774252430443,0.9820227295160293,-0.22524680228914223,-0.5045317785861869,0.0,-2.6649188414797154,1.4852778838082745,0.45,0.6,17,3,0,0.5294117647058824,1.0,3,5,7,1,residual_luma_mean,0.4026248514652252,>=,proxy_or_output_feature,0.85
rule,20,31.031646281499935,0.9827303409576416,-0.22637477321965332,-0.5056597495166979,0.0,-1.14819694110262,0.0,0.05,0.3,7,13,0,0.14285714285714285,0.1111111111111111,4,1,1,0,lfv1_from_baseline_residual_cosine,0.3227782294154167,>=,gt_aware_diagnostic,0.35
rule,20,31.031196066872326,0.982417780160904,-0.22682498784726218,-0.5061099641443068,0.0,-2.0018461689531577,1.4852778838082745,0.25,0.35,12,8,0,0.3333333333333333,0.4444444444444444,2,4,3,1,lfv1_luma_std_delta,-5.638301372528074e-05,<=,gt_aware_diagnostic,0.6
rule,20,31.031123820345375,0.9826388537883759,-0.2268972343742192,-0.5061822106712638,0.0,-1.793350469773175,1.2033953165351896,0.3,0.45,14,6,0,0.42857142857142855,0.6666666666666666,3,3,5,0,residual_lfv1_luma_std_delta,0.0018643230199813852,<=,proxy_or_output_feature,0.7
rule,20,31.031081848242273,0.9820136219263077,-0.22693920647731486,-0.5062241827743594,-0.03490503343985196,-2.6649188414797154,1.4852778838082745,0.3,0.45,18,2,0,0.4444444444444444,0.8888888888888888,4,4,6,1,image_id,74.8,>=,proxy_or_output_feature,0.9
rule,20,31.031081848242273,0.9820136219263077,-0.22693920647731486,-0.5062241827743594,-0.03490503343985196,-2.6649188414797154,1.4852778838082745,0.3,0.45,18,2,0,0.4444444444444444,0.8888888888888888,4,4,6,1,residual_lfv1_highfreq_abs_mean_delta_abs,0.0005440477281808854,<=,proxy_or_output_feature,0.9
rule,20,31.03084311280776,0.9822315067052841,-0.22717794191182464,-0.5064629182088692,0.0,-1.2361185006151576,0.6210333778148569,0.3,0.4,13,7,0,0.38461538461538464,0.5555555555555556,2,4,4,0,residual_highfreq_abs_error,0.0011551087256520985,<=,gt_aware_diagnostic,0.65
rule,20,31.030811862510156,0.9819408863782882,-0.22720919220943864,-0.5064941685064832,0.0,-2.6649188414797154,1.4852778838082745,0.4,0.55,16,4,0,0.5,0.8888888888888888,4,4,6,1,baseline_saturation_mean,0.31114031076431276,<=,proxy_or_output_feature,0.8
rule,20,31.030811862510156,0.9819408863782882,-0.22720919220943864,-0.5064941685064832,0.0,-2.6649188414797154,1.4852778838082745,0.4,0.55,16,4,0,0.5,0.8888888888888888,4,4,6,1,lfv1_saturation_mean,0.31427578330039974,<=,proxy_or_output_feature,0.8
rule,20,31.030811862510156,0.9819408863782882,-0.22720919220943864,-0.5064941685064832,0.0,-2.6649188414797154,1.4852778838082745,0.4,0.55,16,4,0,0.5,0.8888888888888888,4,4,6,1,residual_saturation_mean,0.3136183679103851,<=,proxy_or_output_feature,0.8
rule,20,31.030573213960338,0.9821355938911438,-0.22744784075925023,-0.5067328170562948,0.0,-1.2361185006151576,0.4095182713441995,0.3,0.4,11,9,0,0.36363636363636365,0.4444444444444444,1,4,3,0,baseline_highfreq_abs_error,0.0009417376480996606,<=,gt_aware_diagnostic,0.55
rule,20,31.030450206407647,0.9819193094968796,-0.2275708483119388,-0.5068558246089834,-0.03490503343985196,-2.6649188414797154,1.4852778838082745,0.3,0.4,17,3,0,0.4117647058823529,0.7777777777777778,3,5,5,1,baseline_edge_error,0.018444029986858367,<=,gt_aware_diagnostic,0.85
rule,20,31.030193948848346,0.9820540815591812,-0.22782710587124555,-0.5071120821682902,0.0,-1.995246574251296,0.8440025816490673,0.3,0.5,9,11,0,0.4444444444444444,0.4444444444444444,3,2,3,1,baseline_dark_channel_abs_bias,0.014708377420902252,>=,gt_aware_diagnostic,0.45
rule,20,31.030193948848346,0.9820540815591812,-0.22782710587124555,-0.5071120821682902,0.0,-1.995246574251296,0.8440025816490673,0.3,0.5,9,11,0,0.4444444444444444,0.4444444444444444,3,2,3,1,lfv1_luma_abs_bias,0.010069854557514187,>=,gt_aware_diagnostic,0.45
rule,20,31.030051032250686,0.9825364828109742,-0.22797002246890177,-0.5072549987659464,0.0,-0.17655028026958997,0.0,0.25,0.4,5,15,0,0.2,0.1111111111111111,0,2,0,0,baseline_highfreq_abs_error,0.00026670750230550766,<=,gt_aware_diagnostic,0.25
rule,20,31.029338905042255,0.982629942893982,-0.2286821496773351,-0.5079671259743798,0.0,-1.0130053282942584,0.0,0.25,0.4,5,15,0,0.2,0.1111111111111111,0,3,1,0,rescalib_from_lfv1_residual_norm_ratio,0.7116519967397809,>=,gt_aware_diagnostic,0.25
rule,20,31.02928374908646,0.9820488929748535,-0.22873730563312744,-0.5080222819301721,0.0,-2.6649188414797154,1.4852778838082745,0.4,0.55,18,2,0,0.5,1.0,3,5,7,1,baseline_luma_mean,0.4015218496322632,>=,proxy_or_output_feature,0.9
rule,20,31.02928374908646,0.9820488929748535,-0.22873730563312744,-0.5080222819301721,0.0,-2.6649188414797154,1.4852778838082745,0.4,0.55,18,2,0,0.5,1.0,3,5,7,1,lfv1_luma_mean,0.39931314885616304,>=,proxy_or_output_feature,0.9
rule,20,31.02928374908646,0.9820488929748535,-0.22873730563312744,-0.5080222819301721,0.0,-2.6649188414797154,1.4852778838082745,0.4,0.55,18,2,0,0.5,1.0,3,5,7,1,residual_luma_mean,0.399553120136261,>=,proxy_or_output_feature,0.9
rule,20,31.029051819554688,0.9822575718164444,-0.22896923516490145,-0.508254211461946,0.0,-2.6649188414797154,1.2384055230704805,0.35,0.5,13,7,0,0.46153846153846156,0.6666666666666666,2,4,5,0,residual_lfv1_highfreq_abs_mean_delta_abs,0.00031110625714063643,<=,proxy_or_output_feature,0.65
rule,20,31.02882383183829,0.9819686263799667,-0.22919722288129823,-0.5084821991783428,0.0,-2.6649188414797154,1.4852778838082745,0.45,0.5,15,5,0,0.4666666666666667,0.7777777777777778,2,5,6,1,residual_lfv1_saturation_mean_delta_abs,0.0015664072707295418,>=,proxy_or_output_feature,0.75
rule,20,31.02873561075013,0.981964772939682,-0.22928544396946188,-0.5085704202665065,0.0,-1.995246574251296,1.2176118705098782,0.25,0.45,12,8,0,0.4166666666666667,0.5555555555555556,3,3,4,0,residual_edge_error,0.015723659098148345,<=,gt_aware_diagnostic,0.6
rule,20,31.02855353135834,0.9819740176200866,-0.229467523361245,-0.5087524996582896,0.0,-2.6649188414797154,1.4852778838082745,0.45,0.55,18,2,0,0.5,1.0,3,5,7,1,baseline_edge_error,0.009175623673945666,>=,gt_aware_diagnostic,0.9
rule,20,31.02855353135834,0.9819740176200866,-0.229467523361245,-0.5087524996582896,0.0,-2.6649188414797154,1.4852778838082745,0.45,0.55,18,2,0,0.5,1.0,3,5,7,1,lfv1_mae,0.007422578986734152,>=,gt_aware_diagnostic,0.9
rule,20,31.02855353135834,0.9819740176200866,-0.229467523361245,-0.5087524996582896,0.0,-2.6649188414797154,1.4852778838082745,0.45,0.55,18,2,0,0.5,1.0,3,5,7,1,lfv1_rmse,0.01202762797474861,>=,gt_aware_diagnostic,0.9
rule,20,31.02855353135834,0.9819740176200866,-0.229467523361245,-0.5087524996582896,0.0,-2.6649188414797154,1.4852778838082745,0.45,0.55,18,2,0,0.5,1.0,3,5,7,1,lfv1_delta_e_mean,1.1553476810455323,>=,gt_aware_diagnostic,0.9
rule,20,31.02855353135834,0.9819740176200866,-0.229467523361245,-0.5087524996582896,0.0,-2.6649188414797154,1.4852778838082745,0.45,0.55,18,2,0,0.5,1.0,3,5,7,1,lfv1_delta_e_p95,3.2184095859527586,>=,gt_aware_diagnostic,0.9
rule,20,31.02855353135834,0.9819740176200866,-0.229467523361245,-0.5087524996582896,0.0,-2.6649188414797154,1.4852778838082745,0.45,0.55,18,2,0,0.5,1.0,3,5,7,1,lfv1_luma_abs_bias,0.0014143258333206177,>=,gt_aware_diagnostic,0.9
rule,20,31.02855353135834,0.9819740176200866,-0.229467523361245,-0.5087524996582896,0.0,-2.6649188414797154,1.4852778838082745,0.45,0.55,18,2,0,0.5,1.0,3,5,7,1,lfv1_dark_channel_abs_bias,0.003503547608852386,>=,gt_aware_diagnostic,0.9
rule,20,31.02855353135834,0.9819740176200866,-0.229467523361245,-0.5087524996582896,0.0,-2.6649188414797154,1.4852778838082745,0.45,0.55,18,2,0,0.5,1.0,3,5,7,1,lfv1_edge_error,0.009839712083339692,>=,gt_aware_diagnostic,0.9
rule,20,31.02855353135834,0.9819740176200866,-0.229467523361245,-0.5087524996582896,0.0,-2.6649188414797154,1.4852778838082745,0.45,0.55,18,2,0,0.5,1.0,3,5,7,1,residual_mae,0.007577097322791815,>=,gt_aware_diagnostic,0.9
rule,20,31.02855353135834,0.9819740176200866,-0.229467523361245,-0.5087524996582896,0.0,-2.6649188414797154,1.4852778838082745,0.45,0.55,18,2,0,0.5,1.0,3,5,7,1,residual_rmse,0.011754817701876162,>=,gt_aware_diagnostic,0.9
rule,20,31.02855353135834,0.9819740176200866,-0.229467523361245,-0.5087524996582896,0.0,-2.6649188414797154,1.4852778838082745,0.45,0.55,18,2,0,0.5,1.0,3,5,7,1,residual_delta_e_mean,1.1490678906440734,>=,gt_aware_diagnostic,0.9
rule,20,31.02855353135834,0.9819740176200866,-0.229467523361245,-0.5087524996582896,0.0,-2.6649188414797154,1.4852778838082745,0.45,0.55,18,2,0,0.5,1.0,3,5,7,1,residual_delta_e_p95,2.9766311645507812,>=,gt_aware_diagnostic,0.9
rule,20,31.02855353135834,0.9819740176200866,-0.229467523361245,-0.5087524996582896,0.0,-2.6649188414797154,1.4852778838082745,0.45,0.55,18,2,0,0.5,1.0,3,5,7,1,residual_edge_error,0.01030095163732767,>=,gt_aware_diagnostic,0.9
rule,20,31.027832146163433,0.982651275396347,-0.23018890855615926,-0.5094738848532039,0.0,-0.6924603193774662,0.0,0.1,0.35,4,16,0,0.0,0.0,4,0,0,0,lfv1_from_baseline_residual_error_ratio,0.9324626024862955,<=,gt_aware_diagnostic,0.2
rule,20,31.027722724403628,0.9824441462755203,-0.2302983303159591,-0.5095833066130038,0.0,-0.7067071374981642,0.2524314075512334,0.2,0.45,8,12,0,0.375,0.3333333333333333,3,1,2,0,lfv1_edge_error,0.013799489848315714,<=,gt_aware_diagnostic,0.4
rule,20,31.027722724403628,0.9824441462755203,-0.2302983303159591,-0.5095833066130038,0.0,-0.7067071374981642,0.2524314075512334,0.2,0.45,8,12,0,0.375,0.3333333333333333,3,1,2,0,residual_edge_error,0.01477972399443388,<=,gt_aware_diagnostic,0.4
rule,20,31.027722724403628,0.9824441462755203,-0.2302983303159591,-0.5095833066130038,0.0,-0.7067071374981642,0.2524314075512334,0.2,0.45,8,12,0,0.375,0.3333333333333333,3,1,2,0,residual_lfv1_saturation_mean_delta_abs,0.002362227439880371,<=,proxy_or_output_feature,0.4
rule,20,31.02691595018026,0.9821023494005203,-0.23110510453932953,-0.5103900808363742,0.0,-1.793350469773175,0.36800612813744205,0.3,0.5,7,13,0,0.42857142857142855,0.3333333333333333,3,1,3,0,baseline_mae,0.02468290003016591,>=,gt_aware_diagnostic,0.35
rule,20,31.02691595018026,0.9821023494005203,-0.23110510453932953,-0.5103900808363742,0.0,-1.793350469773175,0.36800612813744205,0.3,0.5,7,13,0,0.42857142857142855,0.3333333333333333,3,1,3,0,baseline_rmse,0.03197569856420159,>=,gt_aware_diagnostic,0.35
rule,20,31.02691595018026,0.9821023494005203,-0.23110510453932953,-0.5103900808363742,0.0,-1.793350469773175,0.36800612813744205,0.3,0.5,7,13,0,0.42857142857142855,0.3333333333333333,3,1,3,0,baseline_delta_e_mean,2.92824068069458,>=,gt_aware_diagnostic,0.35
rule,20,31.02691595018026,0.9821023494005203,-0.23110510453932953,-0.5103900808363742,0.0,-1.793350469773175,0.36800612813744205,0.3,0.5,7,13,0,0.42857142857142855,0.3333333333333333,3,1,3,0,baseline_delta_e_p95,6.754516386985779,>=,gt_aware_diagnostic,0.35
rule,20,31.02691595018026,0.9821023494005203,-0.23110510453932953,-0.5103900808363742,0.0,-1.793350469773175,0.36800612813744205,0.3,0.5,7,13,0,0.42857142857142855,0.3333333333333333,3,1,3,0,lfv1_mae,0.02446308713406324,>=,gt_aware_diagnostic,0.35
rule,20,31.02691595018026,0.9821023494005203,-0.23110510453932953,-0.5103900808363742,0.0,-1.793350469773175,0.36800612813744205,0.3,0.5,7,13,0,0.42857142857142855,0.3333333333333333,3,1,3,0,lfv1_rmse,0.03189276261255145,>=,gt_aware_diagnostic,0.35
rule,20,31.026864528070142,0.9825038373470306,-0.23115652664945205,-0.5104415029464967,0.0,-2.0018461689531577,1.4852778838082745,0.2,0.35,14,6,0,0.35714285714285715,0.5555555555555556,3,4,3,1,lfv1_luma_std_delta,0.0009843260049819946,<=,gt_aware_diagnostic,0.7
rule,20,31.025524769705736,0.9825508773326874,-0.23249628501384106,-0.5117812613108856,0.0,-0.10057730097174025,0.0,0.3,0.45,2,18,0,0.0,0.0,0,2,0,0,rescalib_from_baseline_residual_norm_ratio,0.9689286819826759,>=,gt_aware_diagnostic,0.1
rule,20,31.025524769705736,0.9825508773326874,-0.23249628501384106,-0.5117812613108856,0.0,-0.10057730097174025,0.0,0.3,0.45,2,18,0,0.0,0.0,0,2,0,0,rescalib_from_baseline_residual_error_ratio,1.4718626041274876,>=,gt_aware_diagnostic,0.1
rule,20,31.025469613749955,0.981969827413559,-0.23255144096963337,-0.5118364172666781,0.0,-2.6649188414797154,1.4852778838082745,0.45,0.6,15,5,0,0.5333333333333333,0.8888888888888888,3,4,6,1,residual_lfv1_luma_std_delta_abs,0.0007084757089614868,>=,proxy_or_output_feature,0.75
rule,20,31.0252522957452,0.982659974694252,-0.23276875897438973,-0.5120537352714344,0.0,-2.0018461689531577,1.4852778838082745,0.25,0.45,14,6,0,0.42857142857142855,0.6666666666666666,3,4,4,1,beta,1.673,<=,proxy_or_output_feature,0.7
rule,20,31.024983410350455,0.9822072565555573,-0.23303764436913016,-0.5123226206661748,0.0,-1.8670252111650147,0.6210333778148569,0.3,0.5,11,9,0,0.45454545454545453,0.5555555555555556,2,3,4,0,residual_saturation_abs_bias,0.009429495222866536,<=,gt_aware_diagnostic,0.55
rule,20,31.024842623857467,0.9820732742547988,-0.2331784308621291,-0.5124634071591737,-0.03490503343985196,-2.6649188414797154,1.4852778838082745,0.4,0.45,18,2,0,0.4444444444444444,0.8888888888888888,3,5,7,1,baseline_luma_std,0.31841870248317716,<=,proxy_or_output_feature,0.9
rule,20,31.024842623857467,0.9820732742547988,-0.2331784308621291,-0.5124634071591737,-0.03490503343985196,-2.6649188414797154,1.4852778838082745,0.4,0.45,18,2,0,0.4444444444444444,0.8888888888888888,3,5,7,1,lfv1_luma_std,0.3108011305332184,<=,proxy_or_output_feature,0.9
rule,20,31.024842623857467,0.9820732742547988,-0.2331784308621291,-0.5124634071591737,-0.03490503343985196,-2.6649188414797154,1.4852778838082745,0.4,0.45,18,2,0,0.4444444444444444,0.8888888888888888,3,5,7,1,residual_luma_std,0.3193365603685379,<=,proxy_or_output_feature,0.9
rule,20,31.024841399314187,0.9825124025344849,-0.23317965540540425,-0.5124646317024488,0.0,-0.7067071374981642,0.0,0.25,0.45,4,16,0,0.25,0.1111111111111111,2,1,1,0,baseline_lap_var_ratio_gt,1.0730676174163818,>=,gt_aware_diagnostic,0.2
rule,20,31.024831098482586,0.9822088599205017,-0.2331899562370042,-0.5124749325340489,0.0,-2.6649188414797154,1.2384055230704805,0.35,0.45,14,6,0,0.42857142857142855,0.6666666666666666,2,4,5,0,residual_lfv1_edge_mean_delta_abs,0.0024193480610847475,<=,proxy_or_output_feature,0.7
rule,20,31.024831098482586,0.9822088599205017,-0.2331899562370042,-0.5124749325340489,0.0,-2.6649188414797154,1.2384055230704805,0.35,0.45,14,6,0,0.42857142857142855,0.6666666666666666,2,4,5,0,residual_lfv1_highfreq_abs_mean_delta_abs,0.0003466138616204262,<=,proxy_or_output_feature,0.7
rule,20,31.02401206299337,0.9818329602479935,-0.234008991726213,-0.5132939680232577,0.0,-2.6649188414797154,1.2176118705098782,0.4,0.5,9,11,0,0.4444444444444444,0.4444444444444444,0,4,2,1,lfv1_from_baseline_residual_error_ratio,1.0373320082142272,>=,gt_aware_diagnostic,0.45
rule,20,31.02401206299337,0.9818329602479935,-0.234008991726213,-0.5132939680232577,0.0,-2.6649188414797154,1.2176118705098782,0.4,0.5,9,11,0,0.4444444444444444,0.4444444444444444,0,4,2,1,lfv1_from_baseline_lf_mse_delta,4.1703343958943146e-05,>=,gt_aware_diagnostic,0.45
rule,20,31.02389142819184,0.9823648780584335,-0.23412962652775332,-0.5134146028247979,0.0,-2.0018461689531577,1.4852778838082745,0.25,0.35,10,10,0,0.3,0.3333333333333333,2,3,2,1,lfv1_luma_std_delta,-0.000397607684135437,<=,gt_aware_diagnostic,0.5
rule,20,31.023675895562555,0.9821582168340683,-0.23434515915703766,-0.5136301354540823,0.0,-2.6649188414797154,1.2176118705098782,0.35,0.45,14,6,0,0.42857142857142855,0.6666666666666666,2,4,5,0,residual_lfv1_lap_var_delta_abs,0.0021851360797882084,<=,proxy_or_output_feature,0.7
rule,20,31.023502003331526,0.9823954343795777,-0.23451905138806187,-0.5138040276851065,0.0,-0.7067071374981642,0.2524314075512334,0.2,0.4,9,11,0,0.3333333333333333,0.3333333333333333,3,1,2,0,residual_lfv1_saturation_mean_delta_abs,0.0027819067239761358,<=,proxy_or_output_feature,0.45
rule,20,31.0234048752669,0.9820064038038254,-0.23461617945269583,-0.5139011557497405,0.0,-1.995246574251296,1.2033953165351896,0.35,0.45,14,6,0,0.42857142857142855,0.6666666666666666,2,4,5,0,lfv1_highfreq_abs_error,0.0009145526215434075,<=,gt_aware_diagnostic,0.7
rule,20,31.023283848619805,0.9820222705602646,-0.23473720609978646,-0.5140221823968311,0.0,-1.793350469773175,0.34038325636800404,0.3,0.5,7,13,0,0.42857142857142855,0.3333333333333333,2,2,2,0,residual_lfv1_edge_mean_delta,0.0014708966016769409,>=,proxy_or_output_feature,0.35
rule,20,31.02269863000812,0.9825925648212432,-0.23532242471146675,-0.5146074010085113,0.0,-1.0831060739109093,0.0,0.2,0.4,3,17,0,0.0,0.0,2,1,0,0,lfv1_luma_std_delta,-0.006407772749662399,<=,gt_aware_diagnostic,0.15
rule,20,31.02269863000812,0.9825925648212432,-0.23532242471146675,-0.5146074010085113,0.0,-1.0831060739109093,0.0,0.2,0.4,3,17,0,0.0,0.0,2,1,0,0,residual_luma_std_delta,-0.007659494131803513,<=,gt_aware_diagnostic,0.15
rule,20,31.02269863000812,0.9825925648212432,-0.23532242471146675,-0.5146074010085113,0.0,-1.0831060739109093,0.0,0.2,0.4,3,17,0,0.0,0.0,2,1,0,0,residual_lfv1_lap_var_delta,0.0021792270243167857,>=,proxy_or_output_feature,0.15
rule,20,31.02258617498967,0.981962513923645,-0.23543487972991956,-0.5147198560269641,0.0,-1.995246574251296,0.42604523115895504,0.25,0.45,10,10,0,0.4,0.4444444444444444,3,2,3,0,residual_edge_error,0.015040723606944084,<=,gt_aware_diagnostic,0.5
rule,20,31.02240409559788,0.9819717586040497,-0.2356169591217027,-0.5149019354187473,0.0,-2.6649188414797154,1.4852778838082745,0.45,0.55,16,4,0,0.5,0.8888888888888888,3,4,6,1,lfv1_luma_abs_bias,0.002422797679901123,>=,gt_aware_diagnostic,0.8
rule,20,31.022236200042805,0.9824932962656021,-0.23578485467678156,-0.5150698309738262,0.0,-0.25498624347767934,0.0,0.2,0.4,3,17,0,0.0,0.0,1,1,0,0,beta,0.8049999999999999,<=,proxy_or_output_feature,0.15
rule,20,31.022034266361754,0.9825770407915115,-0.23598678835782624,-0.5152717646548709,0.0,-0.1634063611634738,0.0,0.25,0.4,3,17,0,0.0,0.0,0,2,0,0,baseline_highfreq_abs_error,0.00021418686956167223,<=,gt_aware_diagnostic,0.15
rule,20,31.021979110405972,0.9819959908723831,-0.23604194431361858,-0.5153269206106632,0.0,-2.6649188414797154,1.4852778838082745,0.4,0.55,16,4,0,0.5,0.8888888888888888,3,4,6,1,residual_lfv1_luma_std_delta_abs,0.0004497677087783813,>=,proxy_or_output_feature,0.8
rule,20,31.021908610417313,0.9825241565704346,-0.23611244430226944,-0.515397420599314,0.0,-0.10780961954859701,0.0,0.25,0.45,2,18,0,0.0,0.0,0,2,0,0,rescalib_from_lfv1_residual_norm_ratio,0.9105297040510635,>=,gt_aware_diagnostic,0.1
rule,20,31.021612076561144,0.9825768738985061,-0.23640897815845213,-0.5156939544554968,0.0,-2.0018461689531577,1.2384055230704805,0.35,0.5,13,7,0,0.46153846153846156,0.6666666666666666,3,4,5,1,residual_lfv1_lap_var_delta_abs,0.0012018956243991853,>=,proxy_or_output_feature,0.65
rule,20,31.021452593811272,0.9824474960565567,-0.2365684609083118,-0.5158534372053565,0.0,-2.0018461689531577,1.2384055230704805,0.4,0.5,15,5,0,0.4666666666666667,0.7777777777777778,3,4,6,1,lfv1_saturation_abs_bias,0.0029070060700178146,>=,gt_aware_diagnostic,0.75
rule,20,31.0210315746731,0.9826112627983093,-0.2369894800464925,-0.5162744563435371,0.0,-2.0018461689531577,1.4852778838082745,0.25,0.4,15,5,0,0.4,0.6666666666666666,3,4,4,1,beta,1.69,<=,proxy_or_output_feature,0.75
rule,20,31.02078664516796,0.9826672881841659,-0.23723440955162775,-0.5165193858486724,0.0,-1.0130053282942584,0.024474973922054836,0.2,0.35,8,12,0,0.25,0.2222222222222222,1,3,1,0,baseline_delta_e_mean,1.994205379486084,<=,gt_aware_diagnostic,0.4
rule,20,31.02078664516796,0.9826672881841659,-0.23723440955162775,-0.5165193858486724,0.0,-1.0130053282942584,0.024474973922054836,0.2,0.35,8,12,0,0.25,0.2222222222222222,1,3,1,0,baseline_delta_e_p95,5.233906555175782,<=,gt_aware_diagnostic,0.4
rule,20,31.02078664516796,0.9826672881841659,-0.23723440955162775,-0.5165193858486724,0.0,-1.0130053282942584,0.024474973922054836,0.2,0.35,8,12,0,0.25,0.2222222222222222,1,3,1,0,lfv1_mae,0.017421156540513037,<=,gt_aware_diagnostic,0.4
rule,20,31.02078664516796,0.9826672881841659,-0.23723440955162775,-0.5165193858486724,0.0,-1.0130053282942584,0.024474973922054836,0.2,0.35,8,12,0,0.25,0.2222222222222222,1,3,1,0,lfv1_rmse,0.02545129731297493,<=,gt_aware_diagnostic,0.4
rule,20,31.02078664516796,0.9826672881841659,-0.23723440955162775,-0.5165193858486724,0.0,-1.0130053282942584,0.024474973922054836,0.2,0.35,8,12,0,0.25,0.2222222222222222,1,3,1,0,rescalib_from_baseline_residual_norm_ratio,0.7381158289917524,>=,gt_aware_diagnostic,0.4
rule,20,31.020638394762386,0.9825302809476852,-0.23738265995719948,-0.5166676362542442,0.0,-2.0018461689531577,0.8440025816490673,0.2,0.45,10,10,0,0.4,0.4444444444444444,2,3,2,1,beta,1.4100000000000001,<=,proxy_or_output_feature,0.5
rule,20,31.020536765469423,0.9820145756006241,-0.23748428925016948,-0.5167692655472141,0.0,-2.6649188414797154,1.4852778838082745,0.45,0.55,16,4,0,0.5,0.8888888888888888,3,5,7,1,residual_delta_e_mean,1.5205217361450196,>=,gt_aware_diagnostic,0.8
rule,20,31.020536765469423,0.9820145756006241,-0.23748428925016948,-0.5167692655472141,0.0,-2.6649188414797154,1.4852778838082745,0.45,0.55,16,4,0,0.5,0.8888888888888888,3,5,7,1,residual_lfv1_luma_mean_delta_abs,0.0012500703334808348,>=,proxy_or_output_feature,0.8
rule,20,31.020536765469423,0.9820145756006241,-0.23748428925016948,-0.5167692655472141,0.0,-2.6649188414797154,1.4852778838082745,0.45,0.55,16,4,0,0.5,0.8888888888888888,3,5,7,1,residual_lfv1_dark_channel_mean_delta_abs,0.0018780469894409178,>=,proxy_or_output_feature,0.8
rule,20,31.020369782878248,0.98184634745121,-0.2376512718413471,-0.5169362481383917,0.0,-2.6649188414797154,1.4852778838082745,0.3,0.45,16,4,0,0.4375,0.7777777777777778,3,4,5,1,image_id,185.4,>=,proxy_or_output_feature,0.8
rule,20,31.020123716157535,0.9820557475090027,-0.23789733856205492,-0.5171823148590995,0.0,-2.6649188414797154,1.2384055230704805,0.45,0.5,17,3,0,0.47058823529411764,0.8888888888888888,3,4,7,0,baseline_lap_var,0.18358119279146193,<=,proxy_or_output_feature,0.85
rule,20,31.020123716157535,0.9820557475090027,-0.23789733856205492,-0.5171823148590995,0.0,-2.6649188414797154,1.2384055230704805,0.45,0.5,17,3,0,0.47058823529411764,0.8888888888888888,3,4,7,0,lfv1_lap_var,0.1853961020708084,<=,proxy_or_output_feature,0.85
rule,20,31.020123716157535,0.9820557475090027,-0.23789733856205492,-0.5171823148590995,0.0,-2.6649188414797154,1.2384055230704805,0.45,0.5,17,3,0,0.47058823529411764,0.8888888888888888,3,4,7,0,residual_lap_var,0.1867195889353752,<=,proxy_or_output_feature,0.85
rule,20,31.019660501698763,0.9820337682962418,-0.2383605530208337,-0.5176455293178783,0.0,-1.995246574251296,1.2176118705098782,0.3,0.4,11,9,0,0.36363636363636365,0.4444444444444444,3,3,3,1,residual_saturation_abs_bias,0.006727726757526397,>=,gt_aware_diagnostic,0.55
rule,20,31.019481883484314,0.9818868070840836,-0.2385391712352778,-0.5178241475323224,0.0,-1.995246574251296,0.42604523115895504,0.3,0.5,7,13,0,0.42857142857142855,0.3333333333333333,2,2,2,1,lfv1_luma_bias,-0.009412638843059536,<=,gt_aware_diagnostic,0.35
rule,20,31.01847960341537,0.9821060299873352,-0.23954145130422083,-0.5188264276012655,0.0,-1.995246574251296,0.8274756218343117,0.35,0.5,9,11,0,0.4444444444444444,0.4444444444444444,3,2,4,0,baseline_delta_e_p95,6.469088411331176,>=,gt_aware_diagnostic,0.45
rule,20,31.01847960341537,0.9821060299873352,-0.23954145130422083,-0.5188264276012655,0.0,-1.995246574251296,0.8274756218343117,0.35,0.5,9,11,0,0.4444444444444444,0.4444444444444444,3,2,4,0,lfv1_rmse,0.029778196755796668,>=,gt_aware_diagnostic,0.45
rule,20,31.018036024183232,0.9821682870388031,-0.23998503053635786,-0.5192700068334025,0.0,-1.0973528920316071,0.0,0.3,0.45,4,16,0,0.25,0.1111111111111111,1,2,1,0,lfv1_luma_std,0.24215053021907806,<=,proxy_or_output_feature,0.2
rule,20,31.018036024183232,0.9821682870388031,-0.23998503053635786,-0.5192700068334025,0.0,-1.0973528920316071,0.0,0.3,0.45,4,16,0,0.25,0.1111111111111111,1,2,1,0,residual_luma_std,0.24489730596542358,<=,proxy_or_output_feature,0.2
rule,20,31.017391355489043,0.9825281620025634,-0.2406296992305549,-0.5199146755275995,0.0,-2.0018461689531577,1.2384055230704805,0.35,0.45,14,6,0,0.42857142857142855,0.6666666666666666,3,4,5,1,residual_lfv1_lap_var_delta_abs,0.001077073160558939,>=,proxy_or_output_feature,0.7
rule,20,31.016507556869108,0.9820290267467499,-0.2415134978504833,-0.5207984741475279,0.0,-2.6649188414797154,1.2384055230704805,0.4,0.5,17,3,0,0.47058823529411764,0.8888888888888888,3,4,7,0,residual_lfv1_lap_var_delta_abs,0.004759361594915389,<=,proxy_or_output_feature,0.85
rule,20,31.01631604439732,0.9819658637046814,-0.24170501032227226,-0.5209899866193168,0.0,-2.6649188414797154,1.4852778838082745,0.45,0.5,17,3,0,0.47058823529411764,0.8888888888888888,3,5,7,1,baseline_mae,0.0075871136505156755,>=,gt_aware_diagnostic,0.85
rule,20,31.01631604439732,0.9819658637046814,-0.24170501032227226,-0.5209899866193168,0.0,-2.6649188414797154,1.4852778838082745,0.45,0.5,17,3,0,0.47058823529411764,0.8888888888888888,3,5,7,1,baseline_rmse,0.012809972930699586,>=,gt_aware_diagnostic,0.85
rule,20,31.01631604439732,0.9819658637046814,-0.24170501032227226,-0.5209899866193168,0.0,-2.6649188414797154,1.4852778838082745,0.45,0.5,17,3,0,0.47058823529411764,0.8888888888888888,3,5,7,1,baseline_delta_e_mean,1.278420329093933,>=,gt_aware_diagnostic,0.85
rule,20,31.01631604439732,0.9819658637046814,-0.24170501032227226,-0.5209899866193168,0.0,-2.6649188414797154,1.4852778838082745,0.45,0.5,17,3,0,0.47058823529411764,0.8888888888888888,3,5,7,1,baseline_delta_e_p95,3.527709257602692,>=,gt_aware_diagnostic,0.85
rule,20,31.01631604439732,0.9819658637046814,-0.24170501032227226,-0.5209899866193168,0.0,-2.6649188414797154,1.4852778838082745,0.45,0.5,17,3,0,0.47058823529411764,0.8888888888888888,3,5,7,1,baseline_edge_error,0.010542345559224486,>=,gt_aware_diagnostic,0.85
rule,20,31.01631604439732,0.9819658637046814,-0.24170501032227226,-0.5209899866193168,0.0,-2.6649188414797154,1.4852778838082745,0.45,0.5,17,3,0,0.47058823529411764,0.8888888888888888,3,5,7,1,lfv1_mae,0.00767657682299614,>=,gt_aware_diagnostic,0.85
rule,20,31.01631604439732,0.9819658637046814,-0.24170501032227226,-0.5209899866193168,0.0,-2.6649188414797154,1.4852778838082745,0.45,0.5,17,3,0,0.47058823529411764,0.8888888888888888,3,5,7,1,lfv1_rmse,0.013145427126437424,>=,gt_aware_diagnostic,0.85
rule,20,31.01631604439732,0.9819658637046814,-0.24170501032227226,-0.5209899866193168,0.0,-2.6649188414797154,1.4852778838082745,0.45,0.5,17,3,0,0.47058823529411764,0.8888888888888888,3,5,7,1,lfv1_delta_e_mean,1.3228825509548188,>=,gt_aware_diagnostic,0.85
rule,20,31.01631604439732,0.9819658637046814,-0.24170501032227226,-0.5209899866193168,0.0,-2.6649188414797154,1.4852778838082745,0.45,0.5,17,3,0,0.47058823529411764,0.8888888888888888,3,5,7,1,lfv1_delta_e_p95,3.6205907464027405,>=,gt_aware_diagnostic,0.85
rule,20,31.01631604439732,0.9819658637046814,-0.24170501032227226,-0.5209899866193168,0.0,-2.6649188414797154,1.4852778838082745,0.45,0.5,17,3,0,0.47058823529411764,0.8888888888888888,3,5,7,1,lfv1_edge_error,0.01056355186738074,>=,gt_aware_diagnostic,0.85
rule,20,31.01631604439732,0.9819658637046814,-0.24170501032227226,-0.5209899866193168,0.0,-2.6649188414797154,1.4852778838082745,0.45,0.5,17,3,0,0.47058823529411764,0.8888888888888888,3,5,7,1,residual_mae,0.008932004892267286,>=,gt_aware_diagnostic,0.85
rule,20,31.01631604439732,0.9819658637046814,-0.24170501032227226,-0.5209899866193168,0.0,-2.6649188414797154,1.4852778838082745,0.45,0.5,17,3,0,0.47058823529411764,0.8888888888888888,3,5,7,1,residual_rmse,0.014586550742387771,>=,gt_aware_diagnostic,0.85
rule,20,31.01631604439732,0.9819658637046814,-0.24170501032227226,-0.5209899866193168,0.0,-2.6649188414797154,1.4852778838082745,0.45,0.5,17,3,0,0.47058823529411764,0.8888888888888888,3,5,7,1,residual_delta_e_mean,1.4561363220214845,>=,gt_aware_diagnostic,0.85
rule,20,31.01631604439732,0.9819658637046814,-0.24170501032227226,-0.5209899866193168,0.0,-2.6649188414797154,1.4852778838082745,0.45,0.5,17,3,0,0.47058823529411764,0.8888888888888888,3,5,7,1,residual_delta_e_p95,3.8149184346199037,>=,gt_aware_diagnostic,0.85
rule,20,31.01631604439732,0.9819658637046814,-0.24170501032227226,-0.5209899866193168,0.0,-2.6649188414797154,1.4852778838082745,0.45,0.5,17,3,0,0.47058823529411764,0.8888888888888888,3,5,7,1,residual_edge_error,0.011275354074314237,>=,gt_aware_diagnostic,0.85
rule,20,31.016260382623024,0.9826816827058792,-0.24176067209656704,-0.5210456483936117,0.0,-1.0130053282942584,0.0,0.25,0.4,5,15,0,0.2,0.1111111111111111,1,3,1,0,rescalib_from_baseline_residual_norm_ratio,0.8475385693598708,>=,gt_aware_diagnostic,0.25
rule,20,31.01620522666723,0.9821006327867507,-0.24181582805235938,-0.521100804349404,0.0,-2.6649188414797154,1.4852778838082745,0.4,0.55,18,2,0,0.5,1.0,4,5,7,1,baseline_dark_channel_mean,0.18385452181100845,>=,proxy_or_output_feature,0.9
rule,20,31.01620522666723,0.9821006327867507,-0.24181582805235938,-0.521100804349404,0.0,-2.6649188414797154,1.4852778838082745,0.4,0.55,18,2,0,0.5,1.0,4,5,7,1,lfv1_dark_channel_mean,0.18343949913978574,>=,proxy_or_output_feature,0.9
rule,20,31.01620522666723,0.9821006327867507,-0.24181582805235938,-0.521100804349404,0.0,-2.6649188414797154,1.4852778838082745,0.4,0.55,18,2,0,0.5,1.0,4,5,7,1,residual_dark_channel_mean,0.1810539424419403,>=,proxy_or_output_feature,0.9
rule,20,31.016171664924123,0.9825190275907516,-0.2418493897954644,-0.521134366092509,0.0,-0.5706739831175556,0.2524314075512334,0.3,0.5,7,13,0,0.42857142857142855,0.3333333333333333,1,2,2,0,baseline_edge_error,0.014085390279069543,<=,gt_aware_diagnostic,0.35
rule,20,31.01599529710445,0.9818735182285309,-0.2420257576151375,-0.5213107339121821,0.0,-2.6649188414797154,1.2176118705098782,0.4,0.5,7,13,0,0.42857142857142855,0.3333333333333333,0,4,2,1,lfv1_from_baseline_lf_mse_delta,7.80673392000608e-05,>=,gt_aware_diagnostic,0.35
rule,20,31.015679719181275,0.9822212129831314,-0.24234133553831255,-0.5216263118353572,0.0,-0.780381878890004,0.03215664225274334,0.35,0.5,5,15,0,0.4,0.2222222222222222,1,2,2,0,residual_delta_e_p95,9.475680112838745,>=,gt_aware_diagnostic,0.25
rule,20,31.015679719181275,0.9822212129831314,-0.24234133553831255,-0.5216263118353572,0.0,-0.780381878890004,0.03215664225274334,0.35,0.5,5,15,0,0.4,0.2222222222222222,1,2,2,0,residual_dark_channel_abs_bias,0.03166215866804123,>=,gt_aware_diagnostic,0.25
rule,20,31.015039949467017,0.9820446908473969,-0.24298110525256805,-0.5222660815496127,0.0,-2.6649188414797154,1.2384055230704805,0.45,0.55,12,8,0,0.5,0.6666666666666666,2,4,5,1,residual_lfv1_luma_mean_delta_abs,0.0030893445014953612,>=,proxy_or_output_feature,0.6
rule,20,31.014559042103723,0.9825231850147247,-0.24346201261585723,-0.5227469889129018,0.0,-0.17791036516524786,0.0,0.3,0.5,3,17,0,0.3333333333333333,0.1111111111111111,1,1,1,0,residual_lfv1_luma_std_delta,-0.0017483018338680268,<=,proxy_or_output_feature,0.15
rule,20,31.014449963200867,0.9821869432926178,-0.2435710915187183,-0.522856067815763,0.0,-1.8670252111650147,1.2033953165351896,0.3,0.4,13,7,0,0.38461538461538464,0.5555555555555556,2,4,4,0,lfv1_dark_channel_abs_bias,0.023416759073734285,<=,gt_aware_diagnostic,0.65
rule,20,31.014262283243227,0.9825962454080581,-0.24375877147635805,-0.5230437477734027,0.0,-1.793350469773175,0.0,0.25,0.4,5,15,0,0.2,0.1111111111111111,2,2,1,0,lfv1_luma_std_delta,-0.003982722759246826,<=,gt_aware_diagnostic,0.25
rule,20,31.01348200648747,0.9826143860816956,-0.2445390482321189,-0.5238240245291635,0.0,-0.3988197647096485,0.0,0.2,0.35,6,14,0,0.16666666666666666,0.1111111111111111,1,2,0,0,baseline_highfreq_abs_error,0.0003036811947822571,<=,gt_aware_diagnostic,0.3
rule,20,31.01323212678893,0.9819616734981537,-0.24478892793066062,-0.5240739042277053,0.0,-2.6649188414797154,1.4852778838082745,0.45,0.55,14,6,0,0.5,0.7777777777777778,3,4,6,1,baseline_delta_e_mean,1.9080016136169433,>=,gt_aware_diagnostic,0.7
rule,20,31.01323212678893,0.9819616734981537,-0.24478892793066062,-0.5240739042277053,0.0,-2.6649188414797154,1.4852778838082745,0.45,0.55,14,6,0,0.5,0.7777777777777778,3,4,6,1,lfv1_mae,0.014726256672292949,>=,gt_aware_diagnostic,0.7
rule,20,31.01323212678893,0.9819616734981537,-0.24478892793066062,-0.5240739042277053,0.0,-2.6649188414797154,1.4852778838082745,0.45,0.55,14,6,0,0.5,0.7777777777777778,3,4,6,1,lfv1_rmse,0.019846364110708236,>=,gt_aware_diagnostic,0.7
rule,20,31.01323212678893,0.9819616734981537,-0.24478892793066062,-0.5240739042277053,0.0,-2.6649188414797154,1.4852778838082745,0.45,0.55,14,6,0,0.5,0.7777777777777778,3,4,6,1,lfv1_delta_e_mean,1.9918697953224183,>=,gt_aware_diagnostic,0.7
rule,20,31.01323212678893,0.9819616734981537,-0.24478892793066062,-0.5240739042277053,0.0,-2.6649188414797154,1.4852778838082745,0.45,0.55,14,6,0,0.5,0.7777777777777778,3,4,6,1,lfv1_delta_e_p95,5.2351601123809814,>=,gt_aware_diagnostic,0.7
rule,20,31.01323212678893,0.9819616734981537,-0.24478892793066062,-0.5240739042277053,0.0,-2.6649188414797154,1.4852778838082745,0.45,0.55,14,6,0,0.5,0.7777777777777778,3,4,6,1,residual_mae,0.013618423696607353,>=,gt_aware_diagnostic,0.7
rule,20,31.01323212678893,0.9819616734981537,-0.24478892793066062,-0.5240739042277053,0.0,-2.6649188414797154,1.4852778838082745,0.45,0.55,14,6,0,0.5,0.7777777777777778,3,4,6,1,residual_rmse,0.019147582724690436,>=,gt_aware_diagnostic,0.7
rule,20,31.01323212678893,0.9819616734981537,-0.24478892793066062,-0.5240739042277053,0.0,-2.6649188414797154,1.4852778838082745,0.45,0.55,14,6,0,0.5,0.7777777777777778,3,4,6,1,residual_delta_e_mean,1.7865145921707155,>=,gt_aware_diagnostic,0.7
rule,20,31.01323212678893,0.9819616734981537,-0.24478892793066062,-0.5240739042277053,0.0,-2.6649188414797154,1.4852778838082745,0.45,0.55,14,6,0,0.5,0.7777777777777778,3,4,6,1,residual_lfv1_luma_std_delta_abs,0.0009015500545501709,>=,proxy_or_output_feature,0.7
rule,20,31.01282554105334,0.9819920271635055,-0.24519551366625744,-0.5244804899633021,-0.03490503343985196,-2.6649188414797154,1.4852778838082745,0.4,0.45,18,2,0,0.4444444444444444,0.8888888888888888,3,5,7,1,baseline_delta_e_mean,1.0743829131126403,>=,gt_aware_diagnostic,0.9
rule,20,31.01276987927904,0.9827078461647034,-0.24525117544055225,-0.5245361517375968,0.0,-1.0130053282942584,0.0,0.2,0.35,6,14,0,0.16666666666666666,0.1111111111111111,1,3,1,0,rescalib_from_baseline_residual_norm_ratio,0.8248250605560301,>=,gt_aware_diagnostic,0.3
rule,20,31.01276987927904,0.9827078461647034,-0.24525117544055225,-0.5245361517375968,0.0,-1.0130053282942584,0.0,0.2,0.35,6,14,0,0.16666666666666666,0.1111111111111111,1,3,1,0,rescalib_from_lfv1_residual_norm_ratio,0.6432102535703363,>=,gt_aware_diagnostic,0.3
rule,20,31.01255408611064,0.9825400739908219,-0.24546696860894796,-0.5247519449059925,0.0,-1.8736248058668765,0.6352499317895455,0.3,0.45,12,8,0,0.4166666666666667,0.5555555555555556,2,3,4,0,lfv1_luma_std,0.26456535458564756,>=,proxy_or_output_feature,0.6
rule,20,31.01247521023197,0.9819734364748001,-0.24554584448761646,-0.524830820784661,0.0,-2.6649188414797154,1.4852778838082745,0.4,0.5,17,3,0,0.47058823529411764,0.8888888888888888,3,5,6,1,lfv1_highfreq_abs_error,0.00020539779216051103,>=,gt_aware_diagnostic,0.85
rule,20,31.01246219370139,0.9821155339479446,-0.245558861018195,-0.5248438373152396,0.0,-1.171027633423447,0.2988711131612466,0.4,0.55,6,14,0,0.5,0.3333333333333333,0,3,2,0,baseline_luma_mean,0.533699905872345,>=,proxy_or_output_feature,0.3
rule,20,31.01246219370139,0.9821155339479446,-0.245558861018195,-0.5248438373152396,0.0,-1.171027633423447,0.2988711131612466,0.4,0.55,6,14,0,0.5,0.3333333333333333,0,3,2,0,lfv1_luma_mean,0.5379141211509705,>=,proxy_or_output_feature,0.3
rule,20,31.01246219370139,0.9821155339479446,-0.245558861018195,-0.5248438373152396,0.0,-1.171027633423447,0.2988711131612466,0.4,0.55,6,14,0,0.5,0.3333333333333333,0,3,2,0,residual_luma_mean,0.5329062581062317,>=,proxy_or_output_feature,0.3
rule,20,31.012350298403067,0.9826709687709808,-0.24567075631651908,-0.5249557326135637,0.0,-1.2427180953170196,0.34269366220807096,0.25,0.35,10,10,0,0.3,0.3333333333333333,1,4,2,0,rescalib_from_baseline_residual_norm_ratio,0.5797946620067436,>=,gt_aware_diagnostic,0.5
rule,20,31.01229023669697,0.9825192421674729,-0.24573081802262048,-0.5250157943196652,0.0,-2.0018461689531577,1.2384055230704805,0.3,0.4,13,7,0,0.38461538461538464,0.5555555555555556,2,4,4,0,lfv1_delta_e_mean,2.9123059630393984,<=,gt_aware_diagnostic,0.65
rule,20,31.011774576032348,0.9818248063325882,-0.24624647868724026,-0.5255314549842849,0.0,-2.6649188414797154,1.2176118705098782,0.4,0.45,8,12,0,0.375,0.3333333333333333,0,4,2,1,lfv1_from_baseline_lf_mse_delta,5.5901154701132335e-05,>=,gt_aware_diagnostic,0.4
rule,20,31.011124612633374,0.981843215227127,-0.24689644208621217,-0.5261814183832568,0.0,-2.6649188414797154,1.2384055230704805,0.4,0.55,12,8,0,0.5,0.6666666666666666,3,3,5,0,baseline_lap_var,0.14892266690731049,<=,proxy_or_output_feature,0.6
rule,20,31.011124612633374,0.981843215227127,-0.24689644208621217,-0.5261814183832568,0.0,-2.6649188414797154,1.2384055230704805,0.4,0.55,12,8,0,0.5,0.6666666666666666,3,3,5,0,lfv1_lap_var,0.14863351881504058,<=,proxy_or_output_feature,0.6
rule,20,31.01104636165877,0.9820141166448593,-0.2469746930608137,-0.5262596693578583,0.0,-1.793350469773175,0.12010849106951398,0.3,0.45,6,14,0,0.3333333333333333,0.2222222222222222,2,2,2,0,residual_lfv1_edge_mean_delta,0.0016886524856090548,>=,proxy_or_output_feature,0.3
rule,20,31.01104636165877,0.9820141166448593,-0.2469746930608137,-0.5262596693578583,0.0,-1.793350469773175,0.12010849106951398,0.3,0.45,6,14,0,0.3333333333333333,0.2222222222222222,2,2,2,0,residual_lfv1_highfreq_abs_mean_delta,0.00026970095932483674,>=,proxy_or_output_feature,0.3
rule,20,31.01017968613951,0.9826397716999054,-0.24784136858008451,-0.5271263448771292,-0.03490503343985196,-2.0018461689531577,1.2384055230704805,0.35,0.45,18,2,0,0.4444444444444444,0.8888888888888888,4,4,7,0,lfv1_from_baseline_lf_mse_delta,0.00017824834503699116,<=,gt_aware_diagnostic,0.9
rule,20,31.010041562171125,0.9825475335121154,-0.2479794925484608,-0.5272644688455055,0.0,-1.793350469773175,0.0,0.25,0.35,6,14,0,0.16666666666666666,0.1111111111111111,2,2,1,0,lfv1_luma_std_delta,-0.003148519992828369,<=,gt_aware_diagnostic,0.3
rule,20,31.01000670896351,0.9827960014343262,-0.24801434575607537,-0.52729932205312,0.0,-1.793350469773175,0.8297860276743787,0.25,0.4,13,7,0,0.38461538461538464,0.5555555555555556,4,3,5,0,lfv1_from_baseline_residual_cosine,0.07969530113041401,>=,gt_aware_diagnostic,0.65
rule,20,31.01000670896351,0.9827960014343262,-0.24801434575607537,-0.52729932205312,0.0,-1.793350469773175,0.8297860276743787,0.25,0.4,13,7,0,0.38461538461538464,0.5555555555555556,4,3,5,0,lfv1_from_baseline_luma_residual_cosine,0.10982806459069254,>=,gt_aware_diagnostic,0.65
rule,20,31.009772212723863,0.9823450118303299,-0.2482488419957253,-0.5275338182927699,0.0,-1.8670252111650147,0.8297860276743787,0.35,0.45,14,6,0,0.42857142857142855,0.6666666666666666,2,4,5,0,lfv1_lap_var_ratio_gt,1.0390106797218324,<=,gt_aware_diagnostic,0.7
rule,20,31.009772212723863,0.9823450118303299,-0.2482488419957253,-0.5275338182927699,0.0,-1.8670252111650147,0.8297860276743787,0.35,0.45,14,6,0,0.42857142857142855,0.6666666666666666,2,4,5,0,residual_lap_var_ratio_gt,1.0313994646072389,<=,gt_aware_diagnostic,0.7
rule,20,31.009464481961572,0.9821105688810349,-0.248556572758012,-0.5278415490550566,0.0,-2.6649188414797154,1.3573288980360791,0.3,0.4,15,5,0,0.4,0.6666666666666666,2,5,4,1,baseline_dark_channel_abs_bias,0.02376473695039749,<=,gt_aware_diagnostic,0.75
rule,20,31.0092314126848,0.9826385736465454,-0.24878964203479495,-0.5280746183318396,0.0,-1.793350469773175,1.2033953165351896,0.2,0.35,14,6,0,0.35714285714285715,0.5555555555555556,4,3,4,0,airlight,0.85,<=,proxy_or_output_feature,0.7
rule,20,31.00901140571683,0.981912961602211,-0.2490096490027634,-0.528294625299808,0.0,-2.6649188414797154,1.4852778838082745,0.45,0.5,15,5,0,0.4666666666666667,0.7777777777777778,3,4,6,1,lfv1_rmse,0.018546320497989655,>=,gt_aware_diagnostic,0.75
rule,20,31.00901140571683,0.981912961602211,-0.2490096490027634,-0.528294625299808,0.0,-2.6649188414797154,1.4852778838082745,0.45,0.5,15,5,0,0.4666666666666667,0.7777777777777778,3,4,6,1,lfv1_delta_e_p95,4.857344031333923,>=,gt_aware_diagnostic,0.75
rule,20,31.00901140571683,0.981912961602211,-0.2490096490027634,-0.528294625299808,0.0,-2.6649188414797154,1.4852778838082745,0.45,0.5,15,5,0,0.4666666666666667,0.7777777777777778,3,4,6,1,residual_rmse,0.018075207248330116,>=,gt_aware_diagnostic,0.75
rule,20,31.00901140571683,0.981912961602211,-0.2490096490027634,-0.528294625299808,0.0,-2.6649188414797154,1.4852778838082745,0.45,0.5,15,5,0,0.4666666666666667,0.7777777777777778,3,4,6,1,residual_delta_e_p95,4.647753834724426,>=,gt_aware_diagnostic,0.75
rule,20,31.00854915820694,0.9826591342687607,-0.249471896512655,-0.5287568728096996,0.0,-1.0130053282942584,0.0,0.2,0.3,7,13,0,0.14285714285714285,0.1111111111111111,1,3,1,0,rescalib_from_baseline_residual_norm_ratio,0.7902841906586766,>=,gt_aware_diagnostic,0.35
rule,20,31.00842142389954,0.982497826218605,-0.24959963082005193,-0.5288846071170965,0.0,-1.793350469773175,0.42604523115895504,0.15,0.35,12,8,0,0.3333333333333333,0.4444444444444444,4,2,3,0,residual_lfv1_saturation_mean_delta_abs,0.005454325675964356,<=,proxy_or_output_feature,0.6
rule,20,31.00840090780136,0.9825221270322799,-0.24962014691822673,-0.5289051232152714,0.0,-2.0018461689531577,0.8440025816490673,0.2,0.4,9,11,0,0.3333333333333333,0.3333333333333333,2,3,2,1,beta,1.3465,<=,proxy_or_output_feature,0.45
rule,20,31.00716199660086,0.9826235353946686,-0.25085905811872455,-0.5301440344157692,0.0,-1.793350469773175,0.8297860276743787,0.25,0.35,10,10,0,0.3,0.3333333333333333,2,3,3,0,residual_luma_std_delta,0.0005327165126800537,<=,gt_aware_diagnostic,0.5
rule,20,31.006726717105902,0.9824440240859985,-0.2512943376136791,-0.5305793139107238,0.0,-1.793350469773175,0.6210333778148569,0.25,0.45,8,12,0,0.375,0.3333333333333333,2,3,2,1,residual_lfv1_lap_var_delta_abs,0.0019296899437904356,>=,proxy_or_output_feature,0.4
rule,20,31.00549073875639,0.9825106799602509,-0.2525303159631955,-0.5318152922602402,0.0,-1.2427180953170196,0.2524314075512334,0.25,0.4,9,11,0,0.3333333333333333,0.3333333333333333,1,3,2,0,lfv1_luma_std,0.2710172712802887,>=,proxy_or_output_feature,0.45
rule,20,31.005340938419533,0.9823523759841919,-0.2526801163000531,-0.5319650925970978,0.0,-1.995246574251296,0.9629259566146658,0.2,0.4,15,5,0,0.4,0.6666666666666666,4,4,4,1,image_id,727.0,<=,proxy_or_output_feature,0.75
rule,20,31.004967653817243,0.9820539385080338,-0.2530534009023448,-0.5323383771993895,0.0,-0.2658319246777856,0.0,0.35,0.5,3,17,0,0.3333333333333333,0.1111111111111111,0,2,1,0,baseline_saturation_mean,0.11195220053195955,<=,proxy_or_output_feature,0.15
rule,20,31.004967653817243,0.9820539385080338,-0.2530534009023448,-0.5323383771993895,0.0,-0.2658319246777856,0.0,0.35,0.5,3,17,0,0.3333333333333333,0.1111111111111111,0,2,1,0,lfv1_saturation_mean,0.10539468787610531,<=,proxy_or_output_feature,0.15
rule,20,31.004967653817243,0.9820539385080338,-0.2530534009023448,-0.5323383771993895,0.0,-0.2658319246777856,0.0,0.35,0.5,3,17,0,0.3333333333333333,0.1111111111111111,0,2,1,0,residual_saturation_mean,0.10883006826043129,<=,proxy_or_output_feature,0.15
rule,20,31.004967578693577,0.9817953199148178,-0.2530534760260087,-0.5323384523230533,0.0,-2.6649188414797154,1.2384055230704805,0.45,0.6,15,5,0,0.5333333333333333,0.8888888888888888,3,3,6,1,baseline_luma_abs_bias,0.003006257116794586,>=,gt_aware_diagnostic,0.75
rule,20,31.004883568048058,0.9825253993272781,-0.2531374866715289,-0.5324224629685735,0.0,-2.0018461689531577,1.2384055230704805,0.35,0.45,16,4,0,0.4375,0.7777777777777778,4,4,6,1,lfv1_saturation_abs_bias,0.0028918437659740445,>=,gt_aware_diagnostic,0.8
rule,20,31.00473671734978,0.9821422457695007,-0.25328433736981226,-0.5325693136668569,0.0,-2.6649188414797154,0.8274756218343117,0.4,0.5,9,11,0,0.4444444444444444,0.4444444444444444,2,3,4,0,baseline_edge_mean,0.19633824601769448,<=,proxy_or_output_feature,0.45
rule,20,31.004082349744635,0.9820992082357407,-0.2539387049749527,-0.5332236812719973,0.0,-0.780381878890004,0.03215664225274334,0.35,0.5,5,15,0,0.4,0.2222222222222222,1,2,2,0,residual_luma_std_delta,0.0026598982512950897,>=,gt_aware_diagnostic,0.25
rule,20,31.003967739706205,0.9820924788713455,-0.2540533150133866,-0.5333382913104312,0.0,-2.6649188414797154,1.4852778838082745,0.4,0.5,17,3,0,0.47058823529411764,0.8888888888888888,4,5,7,1,residual_lfv1_luma_mean_delta_abs,0.0007616832852363587,>=,proxy_or_output_feature,0.85
rule,20,31.003967739706205,0.9820924788713455,-0.2540533150133866,-0.5333382913104312,0.0,-2.6649188414797154,1.4852778838082745,0.4,0.5,17,3,0,0.47058823529411764,0.8888888888888888,4,5,7,1,residual_lfv1_dark_channel_mean_delta_abs,0.0016110159456729888,>=,proxy_or_output_feature,0.85
rule,20,31.003568565549234,0.98270965218544,-0.25445248917034957,-0.5337374654673942,0.0,-1.0831060739109093,0.05540160898947598,0.35,0.5,5,15,0,0.4,0.2222222222222222,1,2,2,0,residual_lfv1_luma_std_delta,-0.00033830851316452026,<=,proxy_or_output_feature,0.25
rule,20,31.003563676967644,0.9825827598571777,-0.25445737775194865,-0.5337423540489933,0.0,-1.2427180953170196,0.12241889690958092,0.2,0.3,9,11,0,0.2222222222222222,0.2222222222222222,1,4,1,1,rescalib_from_lfv1_residual_norm_ratio,0.604087653170456,>=,gt_aware_diagnostic,0.45
rule,20,31.003009137086973,0.9820554107427597,-0.25501191763261877,-0.5342968939296634,0.0,-2.6649188414797154,1.2033953165351896,0.5,0.6,11,9,0,0.5454545454545454,0.6666666666666666,1,4,5,1,residual_lfv1_dark_channel_mean_delta_abs,0.0052391901612281805,>=,proxy_or_output_feature,0.55
rule,20,31.00259139749408,0.9827593892812729,-0.25542965722551025,-0.5347146335225549,0.0,-1.14819694110262,0.024474973922054836,0.1,0.35,8,12,0,0.25,0.2222222222222222,3,2,1,0,airlight,0.79,<=,proxy_or_output_feature,0.4
rule,20,31.001975850991833,0.9823124766349792,-0.25604520372775086,-0.5353301800247955,0.0,-1.8670252111650147,0.8297860276743787,0.35,0.5,13,7,0,0.46153846153846156,0.6666666666666666,2,4,5,0,baseline_saturation_bias,0.005989863909780978,<=,gt_aware_diagnostic,0.65
rule,20,31.001477075349595,0.981821483373642,-0.2565439793699939,-0.5358289556670386,0.0,-2.6649188414797154,1.2384055230704805,0.4,0.55,16,4,0,0.5,0.8888888888888888,3,3,6,1,baseline_luma_abs_bias,0.0024638772010803223,>=,gt_aware_diagnostic,0.8
rule,20,31.001393064704075,0.9825515627861023,-0.2566279900155141,-0.5359129663125588,-0.03490503343985196,-2.0018461689531577,1.2384055230704805,0.3,0.4,17,3,0,0.4117647058823529,0.7777777777777778,4,4,6,1,residual_lfv1_lap_var_delta_abs,0.0006063297390937805,>=,proxy_or_output_feature,0.85
rule,20,31.00112021734743,0.9823036640882492,-0.25690083737215585,-0.5361858136692005,-0.03490503343985196,-1.995246574251296,0.9629259566146658,0.2,0.35,16,4,0,0.375,0.6666666666666666,4,4,4,1,image_id,782.0,<=,proxy_or_output_feature,0.8
rule,20,31.001063707626212,0.9819722980260849,-0.25695734709338164,-0.5362423233904263,0.0,-2.6649188414797154,1.4852778838082745,0.35,0.5,17,3,0,0.47058823529411764,0.8888888888888888,4,4,6,1,lfv1_from_baseline_residual_norm_ratio,0.8977986901744706,<=,gt_aware_diagnostic,0.85
rule,20,31.000477236362222,0.9821186423301697,-0.25754381835737183,-0.5368287946544165,-0.03490503343985196,-2.6649188414797154,1.4852778838082745,0.35,0.45,18,2,0,0.4444444444444444,0.8888888888888888,4,5,7,1,residual_lfv1_luma_mean_delta_abs,0.00016769468784332277,>=,proxy_or_output_feature,0.9
rule,20,31.00041409109062,0.9826107919216156,-0.25760696362897056,-0.5368919399260152,0.0,-2.0018461689531577,1.2384055230704805,0.3,0.45,16,4,0,0.4375,0.7777777777777778,4,3,6,0,lfv1_from_baseline_lf_mse_delta,0.00012428444169927387,<=,gt_aware_diagnostic,0.8
rule,20,30.999747018634103,0.9820437669754029,-0.2582740360854894,-0.537559012382534,-0.04220721072102762,-2.6649188414797154,1.4852778838082745,0.4,0.45,18,2,0,0.4444444444444444,0.8888888888888888,4,5,7,1,baseline_mae,0.006991884252056479,>=,gt_aware_diagnostic,0.9
rule,20,30.999747018634103,0.9820437669754029,-0.2582740360854894,-0.537559012382534,-0.04220721072102762,-2.6649188414797154,1.4852778838082745,0.4,0.45,18,2,0,0.4444444444444444,0.8888888888888888,4,5,7,1,baseline_rmse,0.010049035027623176,>=,gt_aware_diagnostic,0.9
rule,20,30.999747018634103,0.9820437669754029,-0.2582740360854894,-0.537559012382534,-0.04220721072102762,-2.6649188414797154,1.4852778838082745,0.4,0.45,18,2,0,0.4444444444444444,0.8888888888888888,4,5,7,1,baseline_delta_e_p95,2.628081893920898,>=,gt_aware_diagnostic,0.9
rule,20,30.999747018634103,0.9820437669754029,-0.2582740360854894,-0.537559012382534,-0.04220721072102762,-2.6649188414797154,1.4852778838082745,0.4,0.45,18,2,0,0.4444444444444444,0.8888888888888888,4,5,7,1,residual_saturation_abs_bias,0.0009714648127555846,>=,gt_aware_diagnostic,0.9
rule,20,30.999747018634103,0.9820437669754029,-0.2582740360854894,-0.537559012382534,-0.04220721072102762,-2.6649188414797154,1.4852778838082745,0.4,0.45,18,2,0,0.4444444444444444,0.8888888888888888,4,5,7,1,residual_lfv1_dark_channel_mean_delta_abs,0.0012207135558128356,>=,proxy_or_output_feature,0.9
rule,20,30.999601398054903,0.9822206318378448,-0.258419656664684,-0.5377046329617287,0.0,-0.780381878890004,0.0,0.3,0.45,4,16,0,0.25,0.1111111111111111,1,2,1,0,residual_dark_channel_abs_bias,0.03577672839164734,>=,gt_aware_diagnostic,0.2
rule,20,30.999342622949836,0.982090437412262,-0.2586784317697557,-0.5379634080668003,0.0,-1.995246574251296,0.8274756218343117,0.35,0.5,11,9,0,0.45454545454545453,0.5555555555555556,3,3,4,1,lfv1_delta_e_mean,2.3997005343437197,>=,gt_aware_diagnostic,0.55
rule,20,30.998830441011457,0.9828260630369187,-0.2591906137081363,-0.538475590005181,0.0,-1.14819694110262,0.5772108287680324,0.25,0.4,11,9,0,0.36363636363636365,0.4444444444444444,2,3,3,0,residual_lfv1_luma_std_delta,0.0008595287799835203,<=,proxy_or_output_feature,0.55
rule,20,30.998654927739757,0.982082337141037,-0.2593661269798302,-0.5386511032768748,0.0,-1.171027633423447,0.0,0.35,0.45,4,16,0,0.25,0.1111111111111111,0,3,1,0,residual_lfv1_luma_mean_delta,-0.008562541007995606,<=,proxy_or_output_feature,0.2
rule,20,30.998654927739757,0.982082337141037,-0.2593661269798302,-0.5386511032768748,0.0,-1.171027633423447,0.0,0.35,0.45,4,16,0,0.25,0.1111111111111111,0,3,1,0,residual_lfv1_luma_mean_delta_abs,0.008562541007995606,>=,proxy_or_output_feature,0.2
rule,20,30.998654927739757,0.982082337141037,-0.2593661269798302,-0.5386511032768748,0.0,-1.171027633423447,0.0,0.35,0.45,4,16,0,0.25,0.1111111111111111,0,3,1,0,residual_lfv1_dark_channel_mean_delta,-0.010645288228988647,<=,proxy_or_output_feature,0.2
rule,20,30.99778193688711,0.9819108098745346,-0.26023911783247955,-0.5395240941295242,-0.03490503343985196,-2.6649188414797154,1.4852778838082745,0.35,0.45,18,2,0,0.4444444444444444,0.8888888888888888,3,5,6,1,baseline_mae,0.04301054887473586,<=,gt_aware_diagnostic,0.9
rule,20,30.99778193688711,0.9819108098745346,-0.26023911783247955,-0.5395240941295242,-0.03490503343985196,-2.6649188414797154,1.4852778838082745,0.35,0.45,18,2,0,0.4444444444444444,0.8888888888888888,3,5,6,1,baseline_rmse,0.0687755532562733,<=,gt_aware_diagnostic,0.9
rule,20,30.99778193688711,0.9819108098745346,-0.26023911783247955,-0.5395240941295242,-0.03490503343985196,-2.6649188414797154,1.4852778838082745,0.35,0.45,18,2,0,0.4444444444444444,0.8888888888888888,3,5,6,1,baseline_delta_e_mean,4.852887582778936,<=,gt_aware_diagnostic,0.9
rule,20,30.99778193688711,0.9819108098745346,-0.26023911783247955,-0.5395240941295242,-0.03490503343985196,-2.6649188414797154,1.4852778838082745,0.35,0.45,18,2,0,0.4444444444444444,0.8888888888888888,3,5,6,1,baseline_luma_bias,0.009806329011917195,<=,gt_aware_diagnostic,0.9
rule,20,30.99778193688711,0.9819108098745346,-0.26023911783247955,-0.5395240941295242,-0.03490503343985196,-2.6649188414797154,1.4852778838082745,0.35,0.45,18,2,0,0.4444444444444444,0.8888888888888888,3,5,6,1,baseline_luma_abs_bias,0.04008761048316959,<=,gt_aware_diagnostic,0.9
rule,20,30.99778193688711,0.9819108098745346,-0.26023911783247955,-0.5395240941295242,-0.03490503343985196,-2.6649188414797154,1.4852778838082745,0.35,0.45,18,2,0,0.4444444444444444,0.8888888888888888,3,5,6,1,baseline_saturation_bias,-0.012167277932167056,>=,gt_aware_diagnostic,0.9
rule,20,30.99778193688711,0.9819108098745346,-0.26023911783247955,-0.5395240941295242,-0.03490503343985196,-2.6649188414797154,1.4852778838082745,0.35,0.45,18,2,0,0.4444444444444444,0.8888888888888888,3,5,6,1,baseline_saturation_abs_bias,0.018693394213914912,<=,gt_aware_diagnostic,0.9
rule,20,30.99778193688711,0.9819108098745346,-0.26023911783247955,-0.5395240941295242,-0.03490503343985196,-2.6649188414797154,1.4852778838082745,0.35,0.45,18,2,0,0.4444444444444444,0.8888888888888888,3,5,6,1,baseline_dark_channel_abs_bias,0.04631348848342903,<=,gt_aware_diagnostic,0.9
rule,20,30.99778193688711,0.9819108098745346,-0.26023911783247955,-0.5395240941295242,-0.03490503343985196,-2.6649188414797154,1.4852778838082745,0.35,0.45,18,2,0,0.4444444444444444,0.8888888888888888,3,5,6,1,lfv1_mae,0.04696533642709257,<=,gt_aware_diagnostic,0.9
rule,20,30.99778193688711,0.9819108098745346,-0.26023911783247955,-0.5395240941295242,-0.03490503343985196,-2.6649188414797154,1.4852778838082745,0.35,0.45,18,2,0,0.4444444444444444,0.8888888888888888,3,5,6,1,lfv1_rmse,0.07162448316812517,<=,gt_aware_diagnostic,0.9
rule,20,30.99778193688711,0.9819108098745346,-0.26023911783247955,-0.5395240941295242,-0.03490503343985196,-2.6649188414797154,1.4852778838082745,0.35,0.45,18,2,0,0.4444444444444444,0.8888888888888888,3,5,6,1,lfv1_delta_e_mean,5.154077291488653,<=,gt_aware_diagnostic,0.9
rule,20,30.99778193688711,0.9819108098745346,-0.26023911783247955,-0.5395240941295242,-0.03490503343985196,-2.6649188414797154,1.4852778838082745,0.35,0.45,18,2,0,0.4444444444444444,0.8888888888888888,3,5,6,1,lfv1_luma_bias,0.010960343480110244,<=,gt_aware_diagnostic,0.9
rule,20,30.99778193688711,0.9819108098745346,-0.26023911783247955,-0.5395240941295242,-0.03490503343985196,-2.6649188414797154,1.4852778838082745,0.35,0.45,18,2,0,0.4444444444444444,0.8888888888888888,3,5,6,1,lfv1_luma_abs_bias,0.04565587043762209,<=,gt_aware_diagnostic,0.9
rule,20,30.99778193688711,0.9819108098745346,-0.26023911783247955,-0.5395240941295242,-0.03490503343985196,-2.6649188414797154,1.4852778838082745,0.35,0.45,18,2,0,0.4444444444444444,0.8888888888888888,3,5,6,1,lfv1_saturation_bias,-0.021731171011924746,>=,gt_aware_diagnostic,0.9
rule,20,30.99778193688711,0.9819108098745346,-0.26023911783247955,-0.5395240941295242,-0.03490503343985196,-2.6649188414797154,1.4852778838082745,0.35,0.45,18,2,0,0.4444444444444444,0.8888888888888888,3,5,6,1,lfv1_saturation_abs_bias,0.027890890836715743,<=,gt_aware_diagnostic,0.9
rule,20,30.99778193688711,0.9819108098745346,-0.26023911783247955,-0.5395240941295242,-0.03490503343985196,-2.6649188414797154,1.4852778838082745,0.35,0.45,18,2,0,0.4444444444444444,0.8888888888888888,3,5,6,1,lfv1_dark_channel_abs_bias,0.04890227019786841,<=,gt_aware_diagnostic,0.9
rule,20,30.99778193688711,0.9819108098745346,-0.26023911783247955,-0.5395240941295242,-0.03490503343985196,-2.6649188414797154,1.4852778838082745,0.35,0.45,18,2,0,0.4444444444444444,0.8888888888888888,3,5,6,1,residual_delta_e_mean,5.876778364181521,<=,gt_aware_diagnostic,0.9
rule,20,30.99778193688711,0.9819108098745346,-0.26023911783247955,-0.5395240941295242,-0.03490503343985196,-2.6649188414797154,1.4852778838082745,0.35,0.45,18,2,0,0.4444444444444444,0.8888888888888888,3,5,6,1,residual_luma_bias,0.008746057748794623,<=,gt_aware_diagnostic,0.9
rule,20,30.99778193688711,0.9819108098745346,-0.26023911783247955,-0.5395240941295242,-0.03490503343985196,-2.6649188414797154,1.4852778838082745,0.35,0.45,18,2,0,0.4444444444444444,0.8888888888888888,3,5,6,1,residual_luma_abs_bias,0.04177118539810182,<=,gt_aware_diagnostic,0.9
rule,20,30.99778193688711,0.9819108098745346,-0.26023911783247955,-0.5395240941295242,-0.03490503343985196,-2.6649188414797154,1.4852778838082745,0.35,0.45,18,2,0,0.4444444444444444,0.8888888888888888,3,5,6,1,residual_saturation_bias,-0.014339730143547062,>=,gt_aware_diagnostic,0.9
rule,20,30.99778193688711,0.9819108098745346,-0.26023911783247955,-0.5395240941295242,-0.03490503343985196,-2.6649188414797154,1.4852778838082745,0.35,0.45,18,2,0,0.4444444444444444,0.8888888888888888,3,5,6,1,residual_saturation_abs_bias,0.020387373864650782,<=,gt_aware_diagnostic,0.9
rule,20,30.99778193688711,0.9819108098745346,-0.26023911783247955,-0.5395240941295242,-0.03490503343985196,-2.6649188414797154,1.4852778838082745,0.35,0.45,18,2,0,0.4444444444444444,0.8888888888888888,3,5,6,1,residual_dark_channel_abs_bias,0.047221243381500314,<=,gt_aware_diagnostic,0.9
rule,20,30.99778193688711,0.9819108098745346,-0.26023911783247955,-0.5395240941295242,-0.03490503343985196,-2.6649188414797154,1.4852778838082745,0.35,0.45,18,2,0,0.4444444444444444,0.8888888888888888,3,5,6,1,rescalib_from_baseline_residual_norm_ratio,0.2286336199797238,>=,gt_aware_diagnostic,0.9
rule,20,30.99778193688711,0.9819108098745346,-0.26023911783247955,-0.5395240941295242,-0.03490503343985196,-2.6649188414797154,1.4852778838082745,0.35,0.45,18,2,0,0.4444444444444444,0.8888888888888888,3,5,6,1,rescalib_from_baseline_lf_mse_delta,-0.0004237865912728012,>=,gt_aware_diagnostic,0.9
rule,20,30.99778193688711,0.9819108098745346,-0.26023911783247955,-0.5395240941295242,-0.03490503343985196,-2.6649188414797154,1.4852778838082745,0.35,0.45,18,2,0,0.4444444444444444,0.8888888888888888,3,5,6,1,rescalib_from_lfv1_residual_norm_ratio,0.25651704776865697,>=,gt_aware_diagnostic,0.9
rule,20,30.997573204282226,0.9819984614849091,-0.26044785043736685,-0.5397328267344115,-0.03490503343985196,-2.6649188414797154,1.4852778838082745,0.3,0.45,18,2,0,0.4444444444444444,0.8888888888888888,4,4,6,1,lfv1_from_baseline_residual_norm_ratio,0.9309988878260236,<=,gt_aware_diagnostic,0.9
rule,20,30.997140594819445,0.982463788986206,-0.26088045990014186,-0.5401654361971865,0.0,-0.7067071374981642,0.0,0.2,0.4,3,17,0,0.0,0.0,2,1,0,0,baseline_lap_var_ratio_gt,1.0878969132900238,>=,gt_aware_diagnostic,0.15
rule,20,30.997140594819445,0.982463788986206,-0.26088045990014186,-0.5401654361971865,0.0,-0.7067071374981642,0.0,0.2,0.4,3,17,0,0.0,0.0,2,1,0,0,residual_lap_var_ratio_gt,1.0885254442691803,>=,gt_aware_diagnostic,0.15
rule,20,30.996995742437754,0.9817839473485946,-0.26102531228183656,-0.5403102885788812,0.0,-2.6649188414797154,1.2176118705098782,0.4,0.55,10,10,0,0.5,0.5555555555555556,2,3,4,1,residual_dark_channel_abs_bias,0.01578235626220703,>=,gt_aware_diagnostic,0.5
rule,20,30.996950812804652,0.9818358778953552,-0.2610702419149332,-0.5403552182119779,0.0,-2.6649188414797154,1.2384055230704805,0.45,0.6,13,7,0,0.5384615384615384,0.7777777777777778,3,3,6,1,baseline_luma_abs_bias,0.003771360218524933,>=,gt_aware_diagnostic,0.65
rule,20,30.995992817114633,0.9818331688642502,-0.2620282376049545,-0.5413132139019992,0.0,-2.6649188414797154,1.2033953165351896,0.45,0.6,9,11,0,0.5555555555555556,0.5555555555555556,1,3,4,0,baseline_lap_var,0.12999764308333397,<=,proxy_or_output_feature,0.45
rule,20,30.995992817114633,0.9818331688642502,-0.2620282376049545,-0.5413132139019992,0.0,-2.6649188414797154,1.2033953165351896,0.45,0.6,9,11,0,0.5555555555555556,0.5555555555555556,1,3,4,0,lfv1_lap_var,0.12767410166561605,<=,proxy_or_output_feature,0.45
rule,20,30.995992817114633,0.9818331688642502,-0.2620282376049545,-0.5413132139019992,0.0,-2.6649188414797154,1.2033953165351896,0.45,0.6,9,11,0,0.5555555555555556,0.5555555555555556,1,3,4,0,residual_lap_var,0.12869308143854144,<=,proxy_or_output_feature,0.45
rule,20,30.995985060347426,0.9826179772615433,-0.26203599437216507,-0.5413209706692097,0.0,-1.8736248058668765,0.6352499317895455,0.25,0.4,13,7,0,0.38461538461538464,0.5555555555555556,3,3,4,0,baseline_luma_std,0.25533527284860613,>=,proxy_or_output_feature,0.65
rule,20,30.995985060347426,0.9826179772615433,-0.26203599437216507,-0.5413209706692097,0.0,-1.8736248058668765,0.6352499317895455,0.25,0.4,13,7,0,0.38461538461538464,0.5555555555555556,3,3,4,0,lfv1_luma_std,0.2584149330854416,>=,proxy_or_output_feature,0.65
rule,20,30.995985060347426,0.9826179772615433,-0.26203599437216507,-0.5413209706692097,0.0,-1.8736248058668765,0.6352499317895455,0.25,0.4,13,7,0,0.38461538461538464,0.5555555555555556,3,3,4,0,residual_luma_std,0.2583635039627552,>=,proxy_or_output_feature,0.65
rule,20,30.995906184468755,0.9820513397455215,-0.2621148702508336,-0.5413998465478782,-0.04220721072102762,-2.6649188414797154,1.4852778838082745,0.35,0.45,18,2,0,0.4444444444444444,0.8888888888888888,4,5,6,1,lfv1_highfreq_abs_error,0.00012508593499660492,>=,gt_aware_diagnostic,0.9
rule,20,30.99529851960009,0.982067221403122,-0.26272253511949584,-0.5420075114165405,0.0,-2.6649188414797154,1.2384055230704805,0.35,0.4,15,5,0,0.4,0.6666666666666666,2,5,5,0,baseline_highfreq_abs_error,0.0015734746120870113,<=,gt_aware_diagnostic,0.75
rule,20,30.995203051832664,0.98190458714962,-0.26281800288692436,-0.542102979183969,0.0,-2.6649188414797154,1.3365352454754769,0.4,0.55,12,8,0,0.5,0.6666666666666666,3,3,5,1,lfv1_delta_e_p95,6.118674278259277,>=,gt_aware_diagnostic,0.6
rule,20,30.995203051832664,0.98190458714962,-0.26281800288692436,-0.542102979183969,0.0,-2.6649188414797154,1.3365352454754769,0.4,0.55,12,8,0,0.5,0.6666666666666666,3,3,5,1,residual_delta_e_p95,5.176869678497314,>=,gt_aware_diagnostic,0.6
rule,20,30.99481876669954,0.9820030599832534,-0.2632022880200413,-0.5424872643170859,0.0,-1.995246574251296,1.2033953165351896,0.3,0.4,15,5,0,0.4,0.6666666666666666,3,4,5,0,lfv1_highfreq_abs_error,0.001039811410009861,<=,gt_aware_diagnostic,0.75
rule,20,30.994683181064367,0.9817189663648606,-0.263337873655224,-0.5426228499522686,0.0,-2.6649188414797154,1.4852778838082745,0.4,0.5,13,7,0,0.46153846153846156,0.6666666666666666,2,4,5,1,lfv1_luma_bias,-0.0010830655694007878,<=,gt_aware_diagnostic,0.65
rule,20,30.994152649966793,0.9818944931030273,-0.2638684047527994,-0.543153381049844,0.0,-2.6649188414797154,1.4852778838082745,0.35,0.55,14,6,0,0.5,0.7777777777777778,3,4,5,1,residual_dark_channel_abs_bias,0.004593393206596375,>=,gt_aware_diagnostic,0.7
rule,20,30.993928387837137,0.9827954202890397,-0.2640926668824468,-0.5433776431794914,0.0,-1.793350469773175,0.8297860276743787,0.2,0.35,12,8,0,0.3333333333333333,0.4444444444444444,4,3,4,0,lfv1_from_baseline_luma_residual_cosine,0.1714165687561035,>=,gt_aware_diagnostic,0.6
rule,20,30.99349994727906,0.981915932893753,-0.2645211074405308,-0.5438060837375754,0.0,-2.6649188414797154,1.2384055230704805,0.5,0.6,13,7,0,0.5384615384615384,0.7777777777777778,3,3,7,0,baseline_mae,0.013742266269400717,>=,gt_aware_diagnostic,0.65
rule,20,30.99349994727906,0.981915932893753,-0.2645211074405308,-0.5438060837375754,0.0,-2.6649188414797154,1.2384055230704805,0.5,0.6,13,7,0,0.5384615384615384,0.7777777777777778,3,3,7,0,baseline_rmse,0.01912972228601575,>=,gt_aware_diagnostic,0.65
rule,20,30.99319473473314,0.9816944777965546,-0.26482631998645106,-0.5441112962834957,0.0,-2.6649188414797154,1.2176118705098782,0.4,0.5,11,9,0,0.45454545454545453,0.5555555555555556,2,3,4,1,baseline_saturation_bias,-0.0006223224103450768,>=,gt_aware_diagnostic,0.55
rule,20,30.993103451458513,0.9823442220687866,-0.2649176032610804,-0.544202579558125,0.0,-1.995246574251296,0.9629259566146658,0.2,0.35,14,6,0,0.35714285714285715,0.5555555555555556,4,4,4,1,image_id,682.1,<=,proxy_or_output_feature,0.7
rule,20,30.99273009173255,0.9817871659994125,-0.26529096298703597,-0.5445759392840805,0.0,-2.6649188414797154,1.2384055230704805,0.45,0.55,14,6,0,0.5,0.7777777777777778,3,3,6,1,baseline_luma_abs_bias,0.003225812315940857,>=,gt_aware_diagnostic,0.7
rule,20,30.991929224009503,0.9819624155759812,-0.26609183071008535,-0.54537680700713,0.0,-2.6649188414797154,0.754173306755144,0.35,0.5,9,11,0,0.4444444444444444,0.4444444444444444,2,3,3,1,residual_lfv1_luma_std_delta_abs,0.0019145853817462918,>=,proxy_or_output_feature,0.45
rule,20,30.99119267772038,0.9817451298236847,-0.2668283769992092,-0.5461133532962539,0.0,-2.6649188414797154,1.4852778838082745,0.35,0.45,14,6,0,0.42857142857142855,0.6666666666666666,2,4,5,1,lfv1_luma_bias,-1.6576051712035423e-05,<=,gt_aware_diagnostic,0.7
rule,20,30.990982330760563,0.9818558752536773,-0.2670387239590271,-0.5463237002560717,0.0,-2.6649188414797154,1.3365352454754769,0.4,0.5,13,7,0,0.46153846153846156,0.6666666666666666,3,3,5,1,residual_delta_e_p95,5.004644346237183,>=,gt_aware_diagnostic,0.65
rule,20,30.990443915946503,0.9818900436162948,-0.26757713877308154,-0.5468621150701262,0.0,-0.780381878890004,0.03215664225274334,0.35,0.5,5,15,0,0.4,0.2222222222222222,1,2,2,0,baseline_lap_var,0.07878505811095238,<=,proxy_or_output_feature,0.25
rule,20,30.990443915946503,0.9818900436162948,-0.26757713877308154,-0.5468621150701262,0.0,-0.780381878890004,0.03215664225274334,0.35,0.5,5,15,0,0.4,0.2222222222222222,1,2,2,0,lfv1_lap_var,0.0795824620872736,<=,proxy_or_output_feature,0.25
rule,20,30.990443915946503,0.9818900436162948,-0.26757713877308154,-0.5468621150701262,0.0,-0.780381878890004,0.03215664225274334,0.35,0.5,5,15,0,0.4,0.2222222222222222,1,2,2,0,residual_lap_var,0.08144131489098072,<=,proxy_or_output_feature,0.25
rule,20,30.9904069811312,0.9822150260210037,-0.26761407358838624,-0.5468990498854309,0.0,-1.8670252111650147,0.5772108287680324,0.35,0.55,10,10,0,0.5,0.5555555555555556,2,2,4,0,residual_lap_var_ratio_gt,0.9999948740005493,<=,gt_aware_diagnostic,0.5
rule,20,30.990083457394405,0.9827917456626892,-0.26793759732517836,-0.5472225736222229,0.0,-1.14819694110262,0.5772108287680324,0.3,0.4,9,11,0,0.3333333333333333,0.3333333333333333,2,3,3,0,residual_lfv1_luma_std_delta,0.00040918812155723585,<=,proxy_or_output_feature,0.45
rule,20,30.98888933269087,0.9820533573627472,-0.26913172202871627,-0.5484166983257609,0.0,-0.2658319246777856,0.0,0.3,0.45,2,18,0,0.0,0.0,0,2,0,0,rescalib_from_baseline_residual_cosine,-0.18180637806653982,<=,gt_aware_diagnostic,0.1
rule,20,30.98888933269087,0.9820533573627472,-0.26913172202871627,-0.5484166983257609,0.0,-0.2658319246777856,0.0,0.3,0.45,2,18,0,0.0,0.0,0,2,0,0,rescalib_from_baseline_luma_residual_cosine,-0.1924861773848534,<=,gt_aware_diagnostic,0.1
rule,20,30.98888933269087,0.9820533573627472,-0.26913172202871627,-0.5484166983257609,0.0,-0.2658319246777856,0.0,0.3,0.45,2,18,0,0.0,0.0,0,2,0,0,residual_color_regression_vs_lfv1,0.9690850496292114,>=,gt_aware_diagnostic,0.1
rule,20,30.98888933269087,0.9820533573627472,-0.26913172202871627,-0.5484166983257609,0.0,-0.2658319246777856,0.0,0.3,0.45,2,18,0,0.0,0.0,0,2,0,0,residual_luma_abs_bias_regression_vs_lfv1,0.009276992082595832,>=,gt_aware_diagnostic,0.1
rule,20,30.98888933269087,0.9820533573627472,-0.26913172202871627,-0.5484166983257609,0.0,-0.2658319246777856,0.0,0.3,0.45,2,18,0,0.0,0.0,0,2,0,0,residual_dark_channel_abs_bias_regression_vs_lfv1,0.011552152037620549,>=,gt_aware_diagnostic,0.1
rule,20,30.98888933269087,0.9820533573627472,-0.26913172202871627,-0.5484166983257609,0.0,-0.2658319246777856,0.0,0.3,0.45,2,18,0,0.0,0.0,0,2,0,0,residual_lfv1_luma_mean_delta,-0.012249040603637696,<=,proxy_or_output_feature,0.1
rule,20,30.98888933269087,0.9820533573627472,-0.26913172202871627,-0.5484166983257609,0.0,-0.2658319246777856,0.0,0.3,0.45,2,18,0,0.0,0.0,0,2,0,0,residual_lfv1_luma_mean_delta_abs,0.012249040603637696,>=,proxy_or_output_feature,0.1
rule,20,30.98888933269087,0.9820533573627472,-0.26913172202871627,-0.5484166983257609,0.0,-0.2658319246777856,0.0,0.3,0.45,2,18,0,0.0,0.0,0,2,0,0,residual_lfv1_luma_std_delta,0.007384598255157473,>=,proxy_or_output_feature,0.1
rule,20,30.98888933269087,0.9820533573627472,-0.26913172202871627,-0.5484166983257609,0.0,-0.2658319246777856,0.0,0.3,0.45,2,18,0,0.0,0.0,0,2,0,0,residual_lfv1_luma_std_delta_abs,0.007384598255157473,>=,proxy_or_output_feature,0.1
rule,20,30.98880675237437,0.9819804131984711,-0.26921430234522087,-0.5484992786422656,0.0,-2.6649188414797154,1.2384055230704805,0.35,0.45,16,4,0,0.4375,0.7777777777777778,3,4,6,0,residual_lfv1_edge_mean_delta_abs,0.0028181135654449458,<=,proxy_or_output_feature,0.8
rule,20,30.98880675237437,0.9819804131984711,-0.26921430234522087,-0.5484992786422656,0.0,-2.6649188414797154,1.2384055230704805,0.35,0.45,16,4,0,0.4375,0.7777777777777778,3,4,6,0,residual_lfv1_lap_var_delta_abs,0.0037089973688125603,<=,proxy_or_output_feature,0.8
rule,20,30.98880675237437,0.9819804131984711,-0.26921430234522087,-0.5484992786422656,0.0,-2.6649188414797154,1.2384055230704805,0.35,0.45,16,4,0,0.4375,0.7777777777777778,3,4,6,0,residual_lfv1_highfreq_abs_mean_delta_abs,0.00046139508485794063,<=,proxy_or_output_feature,0.8
rule,20,30.988805246921686,0.9825248181819916,-0.2692158077979004,-0.548500784094945,0.0,-2.0018461689531577,1.2384055230704805,0.3,0.4,15,5,0,0.4,0.6666666666666666,4,4,5,1,residual_lfv1_lap_var_delta_abs,0.0008291511330753565,>=,proxy_or_output_feature,0.75
rule,20,30.988536766642245,0.9819076776504516,-0.26948428807734465,-0.5487692643743893,0.0,-2.6649188414797154,1.2384055230704805,0.45,0.55,14,6,0,0.5,0.7777777777777778,3,4,6,0,baseline_lap_var,0.17586487531661987,<=,proxy_or_output_feature,0.7
rule,20,30.988536766642245,0.9819076776504516,-0.26948428807734465,-0.5487692643743893,0.0,-2.6649188414797154,1.2384055230704805,0.45,0.55,14,6,0,0.5,0.7777777777777778,3,4,6,0,lfv1_lap_var,0.1741892859339714,<=,proxy_or_output_feature,0.7
rule,20,30.988533745303908,0.9817167073488235,-0.26948730941568166,-0.5487722857127263,0.0,-2.6649188414797154,1.4852778838082745,0.4,0.5,11,9,0,0.45454545454545453,0.5555555555555556,2,3,4,1,lfv1_luma_bias,-0.0021729275584220892,<=,gt_aware_diagnostic,0.55
rule,20,30.987991107528835,0.9824062526226044,-0.2700299471907474,-0.5493149234877921,0.0,-0.4903996470238541,0.024474973922054836,0.2,0.45,6,14,0,0.3333333333333333,0.2222222222222222,2,1,1,0,lfv1_edge_error,0.012038459535688162,<=,gt_aware_diagnostic,0.3
rule,20,30.987918852980442,0.9820208728313446,-0.27010220173915156,-0.5493871780361962,0.0,-1.995246574251296,0.36800612813744205,0.35,0.5,7,13,0,0.42857142857142855,0.3333333333333333,2,2,3,0,baseline_dark_channel_abs_bias,0.01601131409406662,>=,gt_aware_diagnostic,0.35
rule,20,30.987918852980442,0.9820208728313446,-0.27010220173915156,-0.5493871780361962,0.0,-1.995246574251296,0.36800612813744205,0.35,0.5,7,13,0,0.42857142857142855,0.3333333333333333,2,2,3,0,residual_dark_channel_abs_bias,0.01958823651075363,>=,gt_aware_diagnostic,0.35
rule,20,30.987896649117864,0.9820215284824372,-0.2701244056017318,-0.5494093818987764,0.0,-2.6649188414797154,1.2384055230704805,0.45,0.5,13,7,0,0.46153846153846156,0.6666666666666666,3,4,6,0,lfv1_edge_mean,0.2266487255692482,<=,proxy_or_output_feature,0.65
rule,20,30.987873641028852,0.9819349259138107,-0.27014741369074374,-0.5494323899877884,0.0,-1.995246574251296,1.2033953165351896,0.3,0.45,12,8,0,0.4166666666666667,0.5555555555555556,2,4,3,1,residual_lfv1_edge_mean_delta_abs,0.0013880759477615358,>=,proxy_or_output_feature,0.6
rule,20,30.987873641028852,0.9819349259138107,-0.27014741369074374,-0.5494323899877884,0.0,-1.995246574251296,1.2033953165351896,0.3,0.45,12,8,0,0.4166666666666667,0.5555555555555556,2,4,3,1,residual_lfv1_highfreq_abs_mean_delta_abs,0.00021900199353694914,>=,proxy_or_output_feature,0.6
rule,20,30.98761957444566,0.9825148671865463,-0.27040148027392963,-0.5496864565709743,0.0,-1.8670252111650147,0.8297860276743787,0.2,0.35,12,8,0,0.3333333333333333,0.4444444444444444,3,4,3,0,lfv1_saturation_bias,0.003547459840774536,<=,gt_aware_diagnostic,0.6
rule,20,30.987130131142283,0.9821378499269485,-0.2708909235773163,-0.5501758998743609,0.0,-1.995246574251296,1.2176118705098782,0.3,0.4,15,5,0,0.4,0.6666666666666666,3,4,5,0,residual_lfv1_lap_var_delta,-0.0013830270618200302,>=,proxy_or_output_feature,0.75
rule,20,30.98699953978602,0.9827875554561615,-0.27102151493356674,-0.5503064912306114,0.0,-1.0831060739109093,0.05540160898947598,0.3,0.45,6,14,0,0.3333333333333333,0.2222222222222222,2,2,2,0,residual_lfv1_luma_std_delta,-3.867447376251219e-05,<=,proxy_or_output_feature,0.3
rule,20,30.98685823760899,0.9824745714664459,-0.2711628171105948,-0.5504477934076395,0.0,-0.17791036516524786,0.0,0.25,0.45,2,18,0,0.0,0.0,1,1,0,0,residual_lfv1_luma_std_delta,-0.002368083596229553,<=,proxy_or_output_feature,0.1
rule,20,30.986840165174705,0.9823918610811233,-0.27118088954489056,-0.5504658658419352,0.0,-2.0018461689531577,1.2384055230704805,0.25,0.4,15,5,0,0.4,0.6666666666666666,3,4,4,1,lfv1_delta_e_p95,7.602709054946899,<=,gt_aware_diagnostic,0.75
rule,20,30.986782833938072,0.9822666257619858,-0.27123822078151444,-0.5505231970785591,0.0,-1.8670252111650147,0.8297860276743787,0.3,0.45,10,10,0,0.4,0.4444444444444444,1,4,3,0,baseline_lap_var_ratio_gt,0.9942386448383331,<=,gt_aware_diagnostic,0.5
rule,20,30.986592954050423,0.9828179091215133,-0.27142810066916356,-0.5507130769662082,0.0,-1.14819694110262,0.5772108287680324,0.25,0.35,10,10,0,0.3,0.3333333333333333,2,3,3,0,residual_lfv1_luma_std_delta,0.0006330609321594238,<=,proxy_or_output_feature,0.5
rule,20,30.986247607122742,0.9825112134218216,-0.27177344759684824,-0.5510584238938929,0.0,-2.0018461689531577,1.3573288980360791,0.2,0.35,14,6,0,0.35714285714285715,0.5555555555555556,3,4,3,1,lfv1_from_baseline_residual_norm_ratio,0.40273466301565386,>=,gt_aware_diagnostic,0.7
rule,20,30.98589752986546,0.9823118954896927,-0.27212352485412233,-0.5514085011511669,0.0,-1.8670252111650147,0.8297860276743787,0.3,0.45,12,8,0,0.4166666666666667,0.5555555555555556,2,4,4,0,baseline_saturation_bias,0.004245971143245698,<=,gt_aware_diagnostic,0.6
rule,20,30.985554618224477,0.9820720016956329,-0.27246643649511293,-0.5517514127921576,0.0,-1.171027633423447,0.3448113892641615,0.35,0.45,10,10,0,0.4,0.4444444444444444,1,3,3,0,residual_highfreq_abs_error,0.0004970487207174301,<=,gt_aware_diagnostic,0.5
rule,20,30.98554444992609,0.9819026559591293,-0.2724766047935068,-0.5517615810905514,-0.03490503343985196,-2.6649188414797154,1.4852778838082745,0.35,0.4,17,3,0,0.4117647058823529,0.7777777777777778,3,5,6,1,residual_luma_bias,0.002603910863399503,<=,gt_aware_diagnostic,0.85
rule,20,30.98540682522862,0.9823903799057007,-0.27261422949096803,-0.5518992057880127,0.0,-1.8670252111650147,0.8297860276743787,0.3,0.45,14,6,0,0.42857142857142855,0.6666666666666666,3,4,5,0,baseline_saturation_bias,0.008093160390853883,<=,gt_aware_diagnostic,0.7
rule,20,30.98540682522862,0.9823903799057007,-0.27261422949096803,-0.5518992057880127,0.0,-1.8670252111650147,0.8297860276743787,0.3,0.45,14,6,0,0.42857142857142855,0.6666666666666666,3,4,5,0,residual_saturation_bias,0.009876864776015282,<=,gt_aware_diagnostic,0.7
rule,20,30.985314743577703,0.9825509816408158,-0.2727063111418856,-0.5519912874389302,-0.03490503343985196,-2.0018461689531577,1.2384055230704805,0.25,0.35,16,4,0,0.375,0.6666666666666666,4,4,5,1,residual_lfv1_lap_var_delta_abs,0.0007805824279785156,>=,proxy_or_output_feature,0.8
rule,20,30.985046263298262,0.9819338411092758,-0.27297479142132985,-0.5522597677183745,0.0,-2.6649188414797154,1.2384055230704805,0.4,0.5,15,5,0,0.4666666666666667,0.7777777777777778,3,4,6,0,baseline_lap_var,0.17711389809846878,<=,proxy_or_output_feature,0.75
rule,20,30.985046263298262,0.9819338411092758,-0.27297479142132985,-0.5522597677183745,0.0,-2.6649188414797154,1.2384055230704805,0.4,0.5,15,5,0,0.4666666666666667,0.7777777777777778,3,4,6,0,lfv1_lap_var,0.17971539869904518,<=,proxy_or_output_feature,0.75
rule,20,30.985046263298262,0.9819338411092758,-0.27297479142132985,-0.5522597677183745,0.0,-2.6649188414797154,1.2384055230704805,0.4,0.5,15,5,0,0.4666666666666667,0.7777777777777778,3,4,6,0,residual_lap_var,0.1789032369852066,<=,proxy_or_output_feature,0.75
rule,20,30.98490804958638,0.9818993866443634,-0.273113005133211,-0.5523979814302556,0.0,-2.6649188414797154,1.2384055230704805,0.35,0.5,17,3,0,0.47058823529411764,0.8888888888888888,4,3,6,1,baseline_luma_abs_bias,0.0023812368512153626,>=,gt_aware_diagnostic,0.85
rule,20,30.98378265797886,0.9821288317441941,-0.27423839674072853,-0.5535233730377731,0.0,-1.995246574251296,1.2033953165351896,0.35,0.4,11,9,0,0.36363636363636365,0.4444444444444444,2,4,4,0,residual_lfv1_saturation_mean_delta,0.0021015658974647524,>=,proxy_or_output_feature,0.55
rule,20,30.983755330153606,0.9818250149488449,-0.27426572456598175,-0.5535507008630264,0.0,-2.6649188414797154,1.2033953165351896,0.45,0.55,8,12,0,0.5,0.4444444444444444,1,3,4,0,baseline_lap_var,0.11485764980316163,<=,proxy_or_output_feature,0.4
rule,20,30.983755330153606,0.9818250149488449,-0.27426572456598175,-0.5535507008630264,0.0,-2.6649188414797154,1.2033953165351896,0.45,0.55,8,12,0,0.5,0.4444444444444444,1,3,4,0,residual_lap_var,0.11569980084896088,<=,proxy_or_output_feature,0.4
rule,20,30.983675928045763,0.9819728165864945,-0.27434512667383454,-0.5536301029708792,0.0,-2.6649188414797154,1.2384055230704805,0.45,0.45,14,6,0,0.42857142857142855,0.6666666666666666,3,4,6,0,lfv1_edge_mean,0.22982429713010788,<=,proxy_or_output_feature,0.7
rule,20,30.983675928045763,0.9819728165864945,-0.27434512667383454,-0.5536301029708792,0.0,-2.6649188414797154,1.2384055230704805,0.45,0.45,14,6,0,0.42857142857142855,0.6666666666666666,3,4,6,0,residual_edge_mean,0.23090208470821383,<=,proxy_or_output_feature,0.7
rule,20,30.982778818713918,0.9827388435602188,-0.2752422360056695,-0.5545272123027141,0.0,-1.0831060739109093,0.05540160898947598,0.3,0.4,7,13,0,0.2857142857142857,0.2222222222222222,2,2,2,0,residual_lfv1_luma_std_delta,-2.34246253967285e-06,<=,proxy_or_output_feature,0.35
rule,20,30.98256211286597,0.9822179138660431,-0.2754589418536172,-0.5547439181506618,0.0,-1.8670252111650147,0.8297860276743787,0.3,0.4,11,9,0,0.36363636363636365,0.4444444444444444,1,4,3,0,baseline_lap_var_ratio_gt,0.9953838765621186,<=,gt_aware_diagnostic,0.55
rule,20,30.982313902629766,0.9824062556028366,-0.2757071520898299,-0.5549921283868745,0.0,-2.0018461689531577,1.2384055230704805,0.3,0.45,12,8,0,0.4166666666666667,0.5555555555555556,3,4,4,1,residual_lfv1_lap_var_delta_abs,0.0012540265917778013,>=,proxy_or_output_feature,0.6
rule,20,30.982071408229125,0.9822963982820511,-0.2759496464904629,-0.5552346227875076,0.0,-1.8670252111650147,0.8297860276743787,0.3,0.4,13,7,0,0.38461538461538464,0.5555555555555556,2,4,4,0,baseline_lap_var_ratio_gt,1.025606369972229,<=,gt_aware_diagnostic,0.65
rule,20,30.982071408229125,0.9822963982820511,-0.2759496464904629,-0.5552346227875076,0.0,-1.8670252111650147,0.8297860276743787,0.3,0.4,13,7,0,0.38461538461538464,0.5555555555555556,2,4,4,0,lfv1_lap_var_ratio_gt,1.023894828557968,<=,gt_aware_diagnostic,0.65
rule,20,30.98170361576074,0.981910228729248,-0.276317438958851,-0.5556024152558956,-0.03490503343985196,-2.6649188414797154,1.4852778838082745,0.3,0.4,17,3,0,0.4117647058823529,0.7777777777777778,3,5,5,1,baseline_mae,0.04054398126900196,<=,gt_aware_diagnostic,0.85
rule,20,30.98170361576074,0.981910228729248,-0.276317438958851,-0.5556024152558956,-0.03490503343985196,-2.6649188414797154,1.4852778838082745,0.3,0.4,17,3,0,0.4117647058823529,0.7777777777777778,3,5,5,1,baseline_delta_e_mean,4.402235388755798,<=,gt_aware_diagnostic,0.85
rule,20,30.98170361576074,0.981910228729248,-0.276317438958851,-0.5556024152558956,-0.03490503343985196,-2.6649188414797154,1.4852778838082745,0.3,0.4,17,3,0,0.4117647058823529,0.7777777777777778,3,5,5,1,baseline_luma_abs_bias,0.035734032094478604,<=,gt_aware_diagnostic,0.85
rule,20,30.98170361576074,0.981910228729248,-0.276317438958851,-0.5556024152558956,-0.03490503343985196,-2.6649188414797154,1.4852778838082745,0.3,0.4,17,3,0,0.4117647058823529,0.7777777777777778,3,5,5,1,baseline_dark_channel_abs_bias,0.03203356266021727,<=,gt_aware_diagnostic,0.85
rule,20,30.98170361576074,0.981910228729248,-0.276317438958851,-0.5556024152558956,-0.03490503343985196,-2.6649188414797154,1.4852778838082745,0.3,0.4,17,3,0,0.4117647058823529,0.7777777777777778,3,5,5,1,lfv1_mae,0.04296280778944492,<=,gt_aware_diagnostic,0.85
rule,20,30.98170361576074,0.981910228729248,-0.276317438958851,-0.5556024152558956,-0.03490503343985196,-2.6649188414797154,1.4852778838082745,0.3,0.4,17,3,0,0.4117647058823529,0.7777777777777778,3,5,5,1,lfv1_delta_e_mean,4.49126980304718,<=,gt_aware_diagnostic,0.85
rule,20,30.98170361576074,0.981910228729248,-0.276317438958851,-0.5556024152558956,-0.03490503343985196,-2.6649188414797154,1.4852778838082745,0.3,0.4,17,3,0,0.4117647058823529,0.7777777777777778,3,5,5,1,lfv1_luma_abs_bias,0.027384069561958282,<=,gt_aware_diagnostic,0.85
rule,20,30.98170361576074,0.981910228729248,-0.276317438958851,-0.5556024152558956,-0.03490503343985196,-2.6649188414797154,1.4852778838082745,0.3,0.4,17,3,0,0.4117647058823529,0.7777777777777778,3,5,5,1,lfv1_dark_channel_abs_bias,0.03258636295795438,<=,gt_aware_diagnostic,0.85
rule,20,30.98170361576074,0.981910228729248,-0.276317438958851,-0.5556024152558956,-0.03490503343985196,-2.6649188414797154,1.4852778838082745,0.3,0.4,17,3,0,0.4117647058823529,0.7777777777777778,3,5,5,1,rescalib_from_baseline_residual_norm_ratio,0.2577669936069734,>=,gt_aware_diagnostic,0.85
rule,20,30.98082554222616,0.9818851292133332,-0.2771955124934326,-0.5564804887904773,0.0,-2.6649188414797154,1.2384055230704805,0.4,0.45,16,4,0,0.4375,0.7777777777777778,3,4,6,0,baseline_lap_var,0.18114696443080902,<=,proxy_or_output_feature,0.8
rule,20,30.98082554222616,0.9818851292133332,-0.2771955124934326,-0.5564804887904773,0.0,-2.6649188414797154,1.2384055230704805,0.4,0.45,16,4,0,0.4375,0.7777777777777778,3,4,6,0,lfv1_lap_var,0.18399134576320647,<=,proxy_or_output_feature,0.8
rule,20,30.98082554222616,0.9818851292133332,-0.2771955124934326,-0.5564804887904773,0.0,-2.6649188414797154,1.2384055230704805,0.4,0.45,16,4,0,0.4375,0.7777777777777778,3,4,6,0,residual_lap_var,0.1832882225513458,<=,proxy_or_output_feature,0.8
rule,20,30.97973482854864,0.982293450832367,-0.2782862261709438,-0.5575712024679884,0.0,-0.1921571832859458,0.0,0.25,0.45,2,18,0,0.0,0.0,1,1,0,0,residual_edge_error_regression_vs_lfv1,0.0018235282972455028,>=,gt_aware_diagnostic,0.1
rule,20,30.979423791351415,0.9819110721349716,-0.2785972633681716,-0.5578822396652162,0.0,-2.6649188414797154,1.2033953165351896,0.4,0.55,10,10,0,0.5,0.5555555555555556,2,3,4,0,baseline_lap_var,0.14222582429647446,<=,proxy_or_output_feature,0.5
rule,20,30.979423791351415,0.9819110721349716,-0.2785972633681716,-0.5578822396652162,0.0,-2.6649188414797154,1.2033953165351896,0.4,0.55,10,10,0,0.5,0.5555555555555556,2,3,4,0,residual_lap_var,0.13920271396636963,<=,proxy_or_output_feature,0.5
rule,20,30.97906316283123,0.981821745634079,-0.2789578918883553,-0.5582428681853999,0.0,-2.6649188414797154,1.3573288980360791,0.4,0.55,14,6,0,0.5,0.7777777777777778,3,4,5,1,baseline_saturation_mean,0.2972929567098618,<=,proxy_or_output_feature,0.7
rule,20,30.97844696026426,0.9819806218147278,-0.27957409445533193,-0.5588590707523766,0.0,-1.995246574251296,1.2176118705098782,0.25,0.4,13,7,0,0.38461538461538464,0.5555555555555556,3,4,4,0,residual_edge_error,0.015942413359880447,<=,gt_aware_diagnostic,0.65
rule,20,30.977763275717393,0.9826287865638733,-0.2802577790022056,-0.5595427552992502,0.0,-1.793350469773175,0.6210333778148569,0.2,0.35,12,8,0,0.3333333333333333,0.4444444444444444,3,3,3,0,lfv1_delta_e_p95,7.217969512939453,<=,gt_aware_diagnostic,0.6
rule,20,30.977722833243256,0.9820976734161377,-0.2802982214763299,-0.5595831977733745,0.0,-2.6649188414797154,0.6210333778148569,0.35,0.5,11,9,0,0.45454545454545453,0.5555555555555556,1,4,4,0,lfv1_saturation_abs_bias,0.00747622177004814,<=,gt_aware_diagnostic,0.55
rule,20,30.976975851148943,0.9819419056177139,-0.2810452035706513,-0.560330179867696,0.0,-2.6649188414797154,1.2176118705098782,0.4,0.5,11,9,0,0.45454545454545453,0.5555555555555556,3,3,5,0,baseline_highfreq_abs_mean,0.035720609501004225,<=,proxy_or_output_feature,0.55
rule,20,30.976975851148943,0.9819419056177139,-0.2810452035706513,-0.560330179867696,0.0,-2.6649188414797154,1.2176118705098782,0.4,0.5,11,9,0,0.45454545454545453,0.5555555555555556,3,3,5,0,residual_edge_mean,0.21083655580878258,<=,proxy_or_output_feature,0.55
rule,20,30.976975851148943,0.9819419056177139,-0.2810452035706513,-0.560330179867696,0.0,-2.6649188414797154,1.2176118705098782,0.4,0.5,11,9,0,0.45454545454545453,0.5555555555555556,3,3,5,0,residual_highfreq_abs_mean,0.036138026788830754,<=,proxy_or_output_feature,0.55
rule,20,30.97690705273585,0.9819300144910812,-0.2811140019837371,-0.5603989782807817,0.0,-2.6649188414797154,1.4852778838082745,0.35,0.5,17,3,0,0.47058823529411764,0.8888888888888888,4,5,6,1,baseline_saturation_mean,0.32509524077177043,<=,proxy_or_output_feature,0.85
rule,20,30.97690705273585,0.9819300144910812,-0.2811140019837371,-0.5603989782807817,0.0,-2.6649188414797154,1.4852778838082745,0.35,0.5,17,3,0,0.47058823529411764,0.8888888888888888,4,5,6,1,lfv1_saturation_mean,0.32944502383470536,<=,proxy_or_output_feature,0.85
rule,20,30.97690705273585,0.9819300144910812,-0.2811140019837371,-0.5603989782807817,0.0,-2.6649188414797154,1.4852778838082745,0.35,0.5,17,3,0,0.47058823529411764,0.8888888888888888,4,5,6,1,residual_saturation_mean,0.33223330080509184,<=,proxy_or_output_feature,0.85
rule,20,30.9763815452499,0.9820505946874618,-0.2816395094696903,-0.5609244857667349,0.0,-0.780381878890004,0.0,0.3,0.45,4,16,0,0.25,0.1111111111111111,1,2,1,0,baseline_highfreq_abs_mean,0.022558620572090148,<=,proxy_or_output_feature,0.2
rule,20,30.9763815452499,0.9820505946874618,-0.2816395094696903,-0.5609244857667349,0.0,-0.780381878890004,0.0,0.3,0.45,4,16,0,0.25,0.1111111111111111,1,2,1,0,lfv1_highfreq_abs_mean,0.02264179214835167,<=,proxy_or_output_feature,0.2
rule,20,30.9763815452499,0.9820505946874618,-0.2816395094696903,-0.5609244857667349,0.0,-0.780381878890004,0.0,0.3,0.45,4,16,0,0.25,0.1111111111111111,1,2,1,0,residual_highfreq_abs_mean,0.022834283113479615,<=,proxy_or_output_feature,0.2
rule,20,30.975308332592228,0.9820067971944809,-0.2827127221273564,-0.5619976984244011,0.0,-2.6649188414797154,1.2033953165351896,0.45,0.55,10,10,0,0.5,0.5555555555555556,1,4,4,1,residual_lfv1_dark_channel_mean_delta_abs,0.005917683243751526,>=,proxy_or_output_feature,0.5
rule,20,30.974694759864587,0.982223105430603,-0.28332629485500027,-0.5626112711520449,0.0,-1.8670252111650147,0.6210333778148569,0.3,0.45,12,8,0,0.4166666666666667,0.5555555555555556,2,4,4,0,baseline_saturation_abs_bias,0.008918774127960206,<=,gt_aware_diagnostic,0.6
rule,20,30.974694759864587,0.982223105430603,-0.28332629485500027,-0.5626112711520449,0.0,-1.8670252111650147,0.6210333778148569,0.3,0.45,12,8,0,0.4166666666666667,0.5555555555555556,2,4,4,0,residual_saturation_abs_bias,0.010365211963653566,<=,gt_aware_diagnostic,0.6
rule,20,30.974623651957167,0.9818230330944061,-0.2833974027624263,-0.5626823790594709,0.0,-2.6649188414797154,1.4852778838082745,0.3,0.4,15,5,0,0.4,0.6666666666666666,3,4,5,1,lfv1_luma_bias,0.0011850222945213318,<=,gt_aware_diagnostic,0.75
rule,20,30.97422623919216,0.9819319099187851,-0.2837948155274347,-0.5630797918244793,0.0,-1.995246574251296,1.2176118705098782,0.25,0.35,14,6,0,0.35714285714285715,0.5555555555555556,3,4,4,0,residual_edge_error,0.01601509898900986,<=,gt_aware_diagnostic,0.7
rule,20,30.97418130955906,0.9819838404655457,-0.28383974516053134,-0.563124721457576,-0.03490503343985196,-1.995246574251296,1.2384055230704805,0.3,0.4,17,3,0,0.4117647058823529,0.7777777777777778,4,4,6,0,residual_lfv1_saturation_mean_delta_abs,0.008463747799396513,<=,proxy_or_output_feature,0.85
rule,20,30.973747866615646,0.9821165651082993,-0.284273188103942,-0.5635581644009866,0.0,-1.995246574251296,1.2033953165351896,0.35,0.45,16,4,0,0.4375,0.7777777777777778,3,4,6,0,lfv1_lap_var_ratio_gt,1.0673687219619752,<=,gt_aware_diagnostic,0.8
rule,20,30.973416549391867,0.9819561779499054,-0.2846045053277223,-0.5638894816247669,-0.03490503343985196,-2.6649188414797154,1.4852778838082745,0.3,0.45,18,2,0,0.4444444444444444,0.8888888888888888,4,5,6,1,baseline_saturation_mean,0.3479650139808657,<=,proxy_or_output_feature,0.9
rule,20,30.973416549391867,0.9819561779499054,-0.2846045053277223,-0.5638894816247669,-0.03490503343985196,-2.6649188414797154,1.4852778838082745,0.3,0.45,18,2,0,0.4444444444444444,0.8888888888888888,4,5,6,1,lfv1_saturation_mean,0.3503642022609713,<=,proxy_or_output_feature,0.9
rule,20,30.973416549391867,0.9819561779499054,-0.2846045053277223,-0.5638894816247669,-0.03490503343985196,-2.6649188414797154,1.4852778838082745,0.3,0.45,18,2,0,0.4444444444444444,0.8888888888888888,4,5,6,1,residual_saturation_mean,0.35265798270702386,<=,proxy_or_output_feature,0.9
rule,20,30.97337262665375,0.9820419728755951,-0.2846484280658393,-0.5639334043628839,0.0,-2.6649188414797154,1.2384055230704805,0.4,0.55,14,6,0,0.5,0.7777777777777778,2,5,5,1,lfv1_luma_mean,0.4344976156949997,>=,proxy_or_output_feature,0.7
rule,20,30.97337262665375,0.9820419728755951,-0.2846484280658393,-0.5639334043628839,0.0,-2.6649188414797154,1.2384055230704805,0.4,0.55,14,6,0,0.5,0.7777777777777778,2,5,5,1,residual_luma_mean,0.4314243525266647,>=,proxy_or_output_feature,0.7
rule,20,30.97337127194864,0.982298481464386,-0.28464978277095054,-0.5639347590679952,0.0,-1.995246574251296,0.8297860276743787,0.25,0.4,13,7,0,0.38461538461538464,0.5555555555555556,4,3,5,0,lfv1_from_baseline_residual_error_ratio,1.0667249811115485,<=,gt_aware_diagnostic,0.65
rule,20,30.973342315443585,0.9822259962558746,-0.2846787392760044,-0.563963715573049,-0.03490503343985196,-2.6649188414797154,1.2384055230704805,0.4,0.45,18,2,0,0.4444444444444444,0.8888888888888888,3,5,7,0,baseline_saturation_bias,0.012401989102363589,<=,gt_aware_diagnostic,0.9
rule,20,30.973289273555743,0.9816202819347382,-0.28473178116385184,-0.5640167574608965,0.0,-2.6649188414797154,1.2384055230704805,0.35,0.45,10,10,0,0.4,0.4444444444444444,1,4,3,1,residual_saturation_bias,0.0041567981243133545,>=,gt_aware_diagnostic,0.5
rule,20,30.972798568918897,0.9816987663507462,-0.28522248580069753,-0.5645074620977422,0.0,-2.6649188414797154,1.2384055230704805,0.35,0.45,12,8,0,0.4166666666666667,0.5555555555555556,2,4,4,1,residual_saturation_bias,0.00392422303557396,>=,gt_aware_diagnostic,0.6
rule,20,30.972046214139368,0.9819951534271241,-0.285974840580227,-0.5652598168772716,-0.04220721072102762,-2.6649188414797154,1.4852778838082745,0.35,0.4,17,3,0,0.4117647058823529,0.7777777777777778,4,5,6,1,residual_saturation_abs_bias,0.0033999137580394746,>=,gt_aware_diagnostic,0.85
rule,20,30.971912786402463,0.9824056714773178,-0.2861082683171189,-0.5653932446141635,0.0,-0.4903996470238541,0.0,0.15,0.4,5,15,0,0.2,0.1111111111111111,2,1,0,0,lfv1_edge_error,0.011406728764995933,<=,gt_aware_diagnostic,0.25
rule,20,30.970561105379055,0.98221575319767,-0.2874599493405334,-0.5667449256375781,-0.03490503343985196,-1.995246574251296,1.2176118705098782,0.25,0.35,16,4,0,0.375,0.6666666666666666,4,4,5,0,residual_lfv1_lap_var_delta,-0.0017625227570533752,>=,proxy_or_output_feature,0.8
rule,20,30.970518968425587,0.9821224629878997,-0.28750208629400636,-0.5667870625910509,0.0,-1.2361185006151576,0.2524314075512334,0.25,0.35,10,10,0,0.3,0.3333333333333333,1,4,2,0,baseline_highfreq_abs_error,0.0006934413686394691,<=,gt_aware_diagnostic,0.5
rule,20,30.970081132392373,0.9818621963262558,-0.28793992232721716,-0.5672248986242618,-0.03490503343985196,-2.6649188414797154,1.4852778838082745,0.3,0.4,17,3,0,0.4117647058823529,0.7777777777777778,3,5,5,1,baseline_luma_bias,0.0033127874135971055,<=,gt_aware_diagnostic,0.85
rule,20,30.969986618417533,0.9823540061712265,-0.2880344363020518,-0.5673194125990964,0.0,-2.0018461689531577,1.4852778838082745,0.2,0.3,11,9,0,0.2727272727272727,0.3333333333333333,2,4,2,1,lfv1_luma_std_delta,-0.00025039836764335655,<=,gt_aware_diagnostic,0.55
rule,20,30.969867574161594,0.9819644421339035,-0.2881534805579955,-0.5674384568550401,0.0,-2.6649188414797154,1.2033953165351896,0.4,0.5,11,9,0,0.45454545454545453,0.5555555555555556,3,3,5,0,baseline_edge_mean,0.2064970605075359,<=,proxy_or_output_feature,0.55
rule,20,30.969867574161594,0.9819644421339035,-0.2881534805579955,-0.5674384568550401,0.0,-2.6649188414797154,1.2033953165351896,0.4,0.5,11,9,0,0.45454545454545453,0.5555555555555556,3,3,5,0,lfv1_edge_mean,0.20992240831255912,<=,proxy_or_output_feature,0.55
rule,20,30.969597193557227,0.9823845624923706,-0.2884238611623603,-0.5677088374594049,0.0,-1.1624437592233179,0.2524314075512334,0.15,0.35,10,10,0,0.3,0.3333333333333333,3,2,2,0,residual_lfv1_saturation_mean_delta_abs,0.0038904771208763123,<=,proxy_or_output_feature,0.5
rule,20,30.9693790388455,0.9820113986730575,-0.2886420158740849,-0.5679269921711295,0.0,-1.793350469773175,0.34038325636800404,0.25,0.45,8,12,0,0.375,0.3333333333333333,2,3,2,0,residual_lfv1_edge_mean_delta,0.0014348804950714113,>=,proxy_or_output_feature,0.4
rule,20,30.9693790388455,0.9820113986730575,-0.2886420158740849,-0.5679269921711295,0.0,-1.793350469773175,0.34038325636800404,0.25,0.45,8,12,0,0.375,0.3333333333333333,2,3,2,0,residual_lfv1_highfreq_abs_mean_delta,0.00023127570748329165,>=,proxy_or_output_feature,0.4
rule,20,30.969250008309917,0.9817872643470764,-0.2887710464096708,-0.5680560227067154,0.0,-2.6649188414797154,1.2384055230704805,0.4,0.55,12,8,0,0.5,0.6666666666666666,3,3,5,1,baseline_luma_abs_bias,0.004612398147583008,>=,gt_aware_diagnostic,0.6
rule,20,30.969240757952868,0.9818555355072022,-0.2887802967667284,-0.568065273063773,-0.03490503343985196,-2.6649188414797154,1.4852778838082745,0.25,0.35,16,4,0,0.375,0.6666666666666666,3,5,4,1,baseline_edge_error,0.01746815852820873,<=,gt_aware_diagnostic,0.8
rule,20,30.968793820233827,0.9825816929340363,-0.2892272344857652,-0.5685122107828098,0.0,-1.14819694110262,0.0,0.15,0.35,4,16,0,0.0,0.0,2,2,0,0,residual_lfv1_lap_var_delta,0.001922270655632019,>=,proxy_or_output_feature,0.2
rule,20,30.968074300631677,0.981985118985176,-0.28994675408791704,-0.5692317303849617,0.0,-2.6649188414797154,1.4852778838082745,0.35,0.5,17,3,0,0.47058823529411764,0.8888888888888888,3,5,6,1,residual_highfreq_abs_error,7.324256002902985e-05,>=,gt_aware_diagnostic,0.85
rule,20,30.967863822669482,0.9824529170989991,-0.2901572320501023,-0.5694422083471469,0.0,-1.793350469773175,0.12241889690958092,0.2,0.3,9,11,0,0.2222222222222222,0.2222222222222222,2,3,2,0,residual_luma_std_delta,0.0003933325409889223,<=,gt_aware_diagnostic,0.45
rule,20,30.9678423710999,0.982193797826767,-0.290178683619691,-0.5694636599167356,0.0,-2.6649188414797154,0.8440025816490673,0.3,0.45,12,8,0,0.4166666666666667,0.5555555555555556,2,4,4,0,residual_lfv1_edge_mean_delta_abs,0.002103839814662933,<=,proxy_or_output_feature,0.6
rule,20,30.9678423710999,0.982193797826767,-0.290178683619691,-0.5694636599167356,0.0,-2.6649188414797154,0.8440025816490673,0.3,0.45,12,8,0,0.4166666666666667,0.5555555555555556,2,4,4,0,residual_lfv1_highfreq_abs_mean_delta_abs,0.0003016412258148194,<=,proxy_or_output_feature,0.6
rule,20,30.96734408290356,0.9819102436304092,-0.2906769718160346,-0.5699619481130792,0.0,-2.6649188414797154,1.4852778838082745,0.4,0.5,17,3,0,0.47058823529411764,0.8888888888888888,3,5,6,1,residual_dark_channel_abs_bias,0.002436138689517975,>=,gt_aware_diagnostic,0.85
rule,20,30.966861704645503,0.9820892184972763,-0.29115935007408567,-0.5704443263711303,0.0,-1.793350469773175,0.03215664225274334,0.25,0.45,6,14,0,0.3333333333333333,0.2222222222222222,3,1,2,0,baseline_mae,0.028044886887073517,>=,gt_aware_diagnostic,0.3
rule,20,30.966861704645503,0.9820892184972763,-0.29115935007408567,-0.5704443263711303,0.0,-1.793350469773175,0.03215664225274334,0.25,0.45,6,14,0,0.3333333333333333,0.2222222222222222,3,1,2,0,baseline_rmse,0.035447765886783604,>=,gt_aware_diagnostic,0.3
rule,20,30.966861704645503,0.9820892184972763,-0.29115935007408567,-0.5704443263711303,0.0,-1.793350469773175,0.03215664225274334,0.25,0.45,6,14,0,0.3333333333333333,0.2222222222222222,3,1,2,0,baseline_delta_e_mean,3.1568150758743285,>=,gt_aware_diagnostic,0.3
rule,20,30.966861704645503,0.9820892184972763,-0.29115935007408567,-0.5704443263711303,0.0,-1.793350469773175,0.03215664225274334,0.25,0.45,6,14,0,0.3333333333333333,0.2222222222222222,3,1,2,0,baseline_delta_e_p95,7.01719732284546,>=,gt_aware_diagnostic,0.3
rule,20,30.966861704645503,0.9820892184972763,-0.29115935007408567,-0.5704443263711303,0.0,-1.793350469773175,0.03215664225274334,0.25,0.45,6,14,0,0.3333333333333333,0.2222222222222222,3,1,2,0,baseline_luma_abs_bias,0.01770971417427063,>=,gt_aware_diagnostic,0.3
rule,20,30.966861704645503,0.9820892184972763,-0.29115935007408567,-0.5704443263711303,0.0,-1.793350469773175,0.03215664225274334,0.25,0.45,6,14,0,0.3333333333333333,0.2222222222222222,3,1,2,0,lfv1_luma_abs_bias,0.01901657581329346,>=,gt_aware_diagnostic,0.3
rule,20,30.966861704645503,0.9820892184972763,-0.29115935007408567,-0.5704443263711303,0.0,-1.793350469773175,0.03215664225274334,0.25,0.45,6,14,0,0.3333333333333333,0.2222222222222222,3,1,2,0,residual_mae,0.0329215656965971,>=,gt_aware_diagnostic,0.3
rule,20,30.966861704645503,0.9820892184972763,-0.29115935007408567,-0.5704443263711303,0.0,-1.793350469773175,0.03215664225274334,0.25,0.45,6,14,0,0.3333333333333333,0.2222222222222222,3,1,2,0,residual_rmse,0.041418055444955824,>=,gt_aware_diagnostic,0.3
rule,20,30.966861704645503,0.9820892184972763,-0.29115935007408567,-0.5704443263711303,0.0,-1.793350469773175,0.03215664225274334,0.25,0.45,6,14,0,0.3333333333333333,0.2222222222222222,3,1,2,0,residual_delta_e_mean,3.47267701625824,>=,gt_aware_diagnostic,0.3
rule,20,30.96668738461729,0.9820617645978927,-0.29133367010229294,-0.5706186463993376,0.0,-1.8670252111650147,0.2988711131612466,0.35,0.55,6,14,0,0.5,0.3333333333333333,1,2,2,0,baseline_lap_var_ratio_gt,0.9798143565654756,<=,gt_aware_diagnostic,0.3
rule,20,30.966218906383233,0.9820448756217957,-0.2918021483363534,-0.571087124633398,-0.03490503343985196,-2.6649188414797154,1.2384055230704805,0.4,0.45,18,2,0,0.4444444444444444,0.8888888888888888,3,5,7,0,baseline_lap_var,0.19126731157302856,<=,proxy_or_output_feature,0.9
rule,20,30.966218906383233,0.9820448756217957,-0.2918021483363534,-0.571087124633398,-0.03490503343985196,-2.6649188414797154,1.2384055230704805,0.4,0.45,18,2,0,0.4444444444444444,0.8888888888888888,3,5,7,0,baseline_highfreq_abs_error,0.0018934655934572224,<=,gt_aware_diagnostic,0.9
rule,20,30.966218906383233,0.9820448756217957,-0.2918021483363534,-0.571087124633398,-0.03490503343985196,-2.6649188414797154,1.2384055230704805,0.4,0.45,18,2,0,0.4444444444444444,0.8888888888888888,3,5,7,0,lfv1_edge_error,0.02210383452475071,<=,gt_aware_diagnostic,0.9
rule,20,30.966218906383233,0.9820448756217957,-0.2918021483363534,-0.571087124633398,-0.03490503343985196,-2.6649188414797154,1.2384055230704805,0.4,0.45,18,2,0,0.4444444444444444,0.8888888888888888,3,5,7,0,lfv1_lap_var,0.1916095077991486,<=,proxy_or_output_feature,0.9
rule,20,30.966218906383233,0.9820448756217957,-0.2918021483363534,-0.571087124633398,-0.03490503343985196,-2.6649188414797154,1.2384055230704805,0.4,0.45,18,2,0,0.4444444444444444,0.8888888888888888,3,5,7,0,lfv1_highfreq_abs_error,0.0018173273652791991,<=,gt_aware_diagnostic,0.9
rule,20,30.966218906383233,0.9820448756217957,-0.2918021483363534,-0.571087124633398,-0.03490503343985196,-2.6649188414797154,1.2384055230704805,0.4,0.45,18,2,0,0.4444444444444444,0.8888888888888888,3,5,7,0,residual_lap_var,0.1940558895468712,<=,proxy_or_output_feature,0.9
rule,20,30.966218906383233,0.9820448756217957,-0.2918021483363534,-0.571087124633398,-0.03490503343985196,-2.6649188414797154,1.2384055230704805,0.4,0.45,18,2,0,0.4444444444444444,0.8888888888888888,3,5,7,0,residual_highfreq_abs_error,0.00197376236319542,<=,gt_aware_diagnostic,0.9
rule,20,30.966218906383233,0.9820448756217957,-0.2918021483363534,-0.571087124633398,-0.03490503343985196,-2.6649188414797154,1.2384055230704805,0.4,0.45,18,2,0,0.4444444444444444,0.8888888888888888,3,5,7,0,residual_lfv1_lap_var_delta_abs,0.005318754911422731,<=,proxy_or_output_feature,0.9
rule,20,30.966067987973258,0.9819890707731247,-0.2919530667463304,-0.571238043043375,0.0,-2.6649188414797154,1.2176118705098782,0.4,0.55,12,8,0,0.5,0.6666666666666666,2,4,4,1,baseline_luma_mean,0.4851992309093475,>=,proxy_or_output_feature,0.6
rule,20,30.966067987973258,0.9819890707731247,-0.2919530667463304,-0.571238043043375,0.0,-2.6649188414797154,1.2176118705098782,0.4,0.55,12,8,0,0.5,0.6666666666666666,2,4,4,1,lfv1_luma_mean,0.48282789587974545,>=,proxy_or_output_feature,0.6
rule,20,30.966067987973258,0.9819890707731247,-0.2919530667463304,-0.571238043043375,0.0,-2.6649188414797154,1.2176118705098782,0.4,0.55,12,8,0,0.5,0.6666666666666666,2,4,4,1,residual_luma_mean,0.4863716602325439,>=,proxy_or_output_feature,0.6
rule,20,30.965993087102753,0.9822958171367645,-0.29202796761683436,-0.571312943913879,0.0,-1.8670252111650147,0.8297860276743787,0.25,0.35,12,8,0,0.3333333333333333,0.4444444444444444,2,4,3,0,baseline_lap_var_ratio_gt,1.002012848854065,<=,gt_aware_diagnostic,0.6
rule,20,30.96575569192446,0.9820228964090347,-0.29226536279513216,-0.5715503390921768,0.0,-1.995246574251296,1.2176118705098782,0.25,0.35,12,8,0,0.3333333333333333,0.4444444444444444,3,4,3,1,residual_saturation_abs_bias,0.006166964769363403,>=,gt_aware_diagnostic,0.6
rule,20,30.9654385434184,0.9819716274738312,-0.29258251130119,-0.5718674875982346,0.0,-2.6649188414797154,0.4095182713441995,0.35,0.45,8,12,0,0.375,0.3333333333333333,2,3,3,0,baseline_edge_mean,0.19033604264259338,<=,proxy_or_output_feature,0.4
rule,20,30.9654385434184,0.9819716274738312,-0.29258251130119,-0.5718674875982346,0.0,-2.6649188414797154,0.4095182713441995,0.35,0.45,8,12,0,0.375,0.3333333333333333,2,3,3,0,lfv1_edge_mean,0.18900381326675414,<=,proxy_or_output_feature,0.4
rule,20,30.9654385434184,0.9819716274738312,-0.29258251130119,-0.5718674875982346,0.0,-2.6649188414797154,0.4095182713441995,0.35,0.45,8,12,0,0.375,0.3333333333333333,2,3,3,0,residual_edge_mean,0.19067473113536837,<=,proxy_or_output_feature,0.4
rule,20,30.965076240214888,0.9821930795907974,-0.2929448145047049,-0.5722297908017495,0.0,-1.8670252111650147,0.36800612813744205,0.4,0.5,7,13,0,0.42857142857142855,0.3333333333333333,1,3,3,0,residual_lfv1_luma_mean_delta_abs,0.008251003921031952,>=,proxy_or_output_feature,0.35
rule,20,30.964270391617855,0.9825390338897705,-0.2937506631017273,-0.5730356393987719,0.0,-1.0831060739109093,0.0,0.3,0.45,4,16,0,0.25,0.1111111111111111,1,2,1,0,residual_lfv1_luma_std_delta,-0.0011340945959091187,<=,proxy_or_output_feature,0.2
rule,20,30.964228419514768,0.9819138020277023,-0.29379263520482296,-0.5730776115018676,0.0,-2.6649188414797154,0.5449686061245536,0.3,0.45,8,12,0,0.375,0.3333333333333333,2,3,2,1,residual_lfv1_luma_std_delta_abs,0.0023980855941772464,>=,proxy_or_output_feature,0.4
rule,20,30.964049687332977,0.9823738515377045,-0.29397136738660823,-0.5732563436836529,0.0,-1.793350469773175,0.0,0.25,0.35,6,14,0,0.16666666666666666,0.1111111111111111,2,2,1,0,residual_luma_std_delta,-0.0009063512086868282,<=,gt_aware_diagnostic,0.3
rule,20,30.963853579559576,0.9819364070892334,-0.2941674751600198,-0.5734524514570645,-0.03490503343985196,-2.6649188414797154,1.4852778838082745,0.35,0.45,18,2,0,0.4444444444444444,0.8888888888888888,3,5,6,1,residual_dark_channel_abs_bias,0.0005318313837051391,>=,gt_aware_diagnostic,0.9
rule,20,30.963853579559576,0.9819364070892334,-0.2941674751600198,-0.5734524514570645,-0.03490503343985196,-2.6649188414797154,1.4852778838082745,0.35,0.45,18,2,0,0.4444444444444444,0.8888888888888888,3,5,6,1,residual_highfreq_abs_error,3.680288791656494e-05,>=,gt_aware_diagnostic,0.9
rule,20,30.963621650027797,0.9821450859308243,-0.2943994046917938,-0.5736843809888384,0.0,-2.6649188414797154,0.8440025816490673,0.3,0.4,13,7,0,0.38461538461538464,0.5555555555555556,2,4,4,0,residual_lfv1_edge_mean_delta_abs,0.002196253091096878,<=,proxy_or_output_feature,0.65
rule,20,30.963260511590143,0.9819042176008225,-0.2947605431294509,-0.5740455194264955,0.0,-1.995246574251296,1.2176118705098782,0.25,0.4,15,5,0,0.4,0.6666666666666666,4,3,5,0,residual_lfv1_saturation_mean_delta_abs,0.007609907537698746,<=,proxy_or_output_feature,0.75
rule,20,30.96319688127331,0.982087928056717,-0.29482417344627815,-0.5741091497433228,0.0,-1.8670252111650147,0.2988711131612466,0.3,0.5,7,13,0,0.42857142857142855,0.3333333333333333,1,2,2,0,baseline_lap_var_ratio_gt,0.9852951735258102,<=,gt_aware_diagnostic,0.35
rule,20,30.962706176636466,0.982166412472725,-0.29531487808312384,-0.5745998543801685,0.0,-1.8670252111650147,0.36800612813744205,0.3,0.5,9,11,0,0.4444444444444444,0.4444444444444444,2,2,3,0,residual_lap_var_ratio_gt,0.9948240786790847,<=,gt_aware_diagnostic,0.45
rule,20,30.962630250079552,0.982058721780777,-0.29539080464003664,-0.5746757809370813,0.0,-2.6649188414797154,1.2384055230704805,0.4,0.45,16,4,0,0.4375,0.7777777777777778,2,5,6,0,baseline_saturation_abs_bias,0.012605977058410642,<=,gt_aware_diagnostic,0.8
rule,20,30.962494137068017,0.9818996489048004,-0.2955269176515724,-0.5748118939486171,0.0,-2.6649188414797154,1.3573288980360791,0.35,0.5,15,5,0,0.4666666666666667,0.7777777777777778,4,4,5,1,baseline_saturation_mean,0.302262507379055,<=,proxy_or_output_feature,0.75
rule,20,30.962494137068017,0.9818996489048004,-0.2955269176515724,-0.5748118939486171,0.0,-2.6649188414797154,1.3573288980360791,0.35,0.5,15,5,0,0.4666666666666667,0.7777777777777778,4,4,5,1,lfv1_saturation_mean,0.30751195549964905,<=,proxy_or_output_feature,0.75
rule,20,30.962494137068017,0.9818996489048004,-0.2955269176515724,-0.5748118939486171,0.0,-2.6649188414797154,1.3573288980360791,0.35,0.5,15,5,0,0.4666666666666667,0.7777777777777778,4,4,5,1,residual_saturation_mean,0.3000187948346138,<=,proxy_or_output_feature,0.75
rule,20,30.961334148775336,0.9818278789520264,-0.2966869059442592,-0.5759718822413038,0.0,-2.6649188414797154,1.4852778838082745,0.35,0.4,15,5,0,0.4,0.6666666666666666,3,5,5,1,baseline_luma_bias,0.002321600914001465,<=,gt_aware_diagnostic,0.75
rule,20,30.960506106396156,0.9819273889064789,-0.297514948323432,-0.5767999246204767,0.0,-2.6649188414797154,1.3573288980360791,0.4,0.45,14,6,0,0.42857142857142855,0.6666666666666666,2,5,5,1,residual_lfv1_saturation_mean_delta_abs,0.001886001229286194,>=,proxy_or_output_feature,0.7
rule,20,30.96030322412353,0.9820500135421752,-0.2977178305960617,-0.5770028068931063,0.0,-0.780381878890004,0.0,0.25,0.4,3,17,0,0.0,0.0,1,2,0,0,rescalib_from_lfv1_lf_mse_delta,0.0007709087629336863,>=,gt_aware_diagnostic,0.15
rule,20,30.96030322412353,0.9820500135421752,-0.2977178305960617,-0.5770028068931063,0.0,-0.780381878890004,0.0,0.25,0.4,3,17,0,0.0,0.0,1,2,0,0,residual_lfv1_luma_std_delta,0.005098067969083782,>=,proxy_or_output_feature,0.15
rule,20,30.96030322412353,0.9820500135421752,-0.2977178305960617,-0.5770028068931063,0.0,-0.780381878890004,0.0,0.25,0.4,3,17,0,0.0,0.0,1,2,0,0,residual_lfv1_luma_std_delta_abs,0.005098067969083782,>=,proxy_or_output_feature,0.15
rule,20,30.959988395643006,0.9820060312747956,-0.29803265907658394,-0.5773176353736286,0.0,-1.8670252111650147,0.0,0.3,0.45,4,16,0,0.25,0.1111111111111111,1,2,1,0,residual_luma_abs_bias_regression_vs_lfv1,0.0071190714836120595,>=,gt_aware_diagnostic,0.2
rule,20,30.959988395643006,0.9820060312747956,-0.29803265907658394,-0.5773176353736286,0.0,-1.8670252111650147,0.0,0.3,0.45,4,16,0,0.25,0.1111111111111111,1,2,1,0,residual_dark_channel_abs_bias_regression_vs_lfv1,0.007026195526123043,>=,gt_aware_diagnostic,0.2
rule,20,30.95932731701463,0.9819508016109466,-0.2986937377049591,-0.5779787140020037,0.0,-2.6649188414797154,1.4852778838082745,0.4,0.5,15,5,0,0.4666666666666667,0.7777777777777778,3,5,6,1,residual_delta_e_mean,1.5444855093955994,>=,gt_aware_diagnostic,0.75
rule,20,30.95932731701463,0.9819508016109466,-0.2986937377049591,-0.5779787140020037,0.0,-2.6649188414797154,1.4852778838082745,0.4,0.5,15,5,0,0.4666666666666667,0.7777777777777778,3,5,6,1,residual_highfreq_abs_error,0.0001031199935823679,>=,gt_aware_diagnostic,0.75
rule,20,30.959287532461495,0.9819315820932388,-0.29873352225808925,-0.5780184985551339,0.0,-1.995246574251296,1.2033953165351896,0.25,0.4,13,7,0,0.38461538461538464,0.5555555555555556,3,4,3,1,residual_lfv1_highfreq_abs_mean_delta_abs,0.0001975987572222948,>=,proxy_or_output_feature,0.65
rule,20,30.959064206093682,0.9822974771261215,-0.2989568486259019,-0.5782418249229465,0.0,-2.0018461689531577,0.2555588258498681,0.25,0.35,8,12,0,0.25,0.2222222222222222,2,3,1,1,lfv1_luma_std_delta,-0.0012837946414947514,<=,gt_aware_diagnostic,0.4
rule,20,30.95901791593257,0.981973546743393,-0.2990031387870193,-0.578288115084064,0.0,-1.995246574251296,0.8274756218343117,0.35,0.5,9,11,0,0.4444444444444444,0.4444444444444444,3,2,4,0,baseline_luma_abs_bias,0.006799426674842832,>=,gt_aware_diagnostic,0.45
rule,20,30.95901791593257,0.981973546743393,-0.2990031387870193,-0.578288115084064,0.0,-1.995246574251296,0.8274756218343117,0.35,0.5,9,11,0,0.4444444444444444,0.4444444444444444,3,2,4,0,lfv1_from_baseline_residual_norm_ratio,0.49599491230346265,<=,gt_aware_diagnostic,0.45
rule,20,30.95853794294589,0.9816199898719787,-0.299483111773703,-0.5787680880707476,0.0,-2.6649188414797154,1.2384055230704805,0.4,0.55,10,10,0,0.5,0.5555555555555556,2,3,4,1,baseline_luma_bias,-0.0041143447160720825,<=,gt_aware_diagnostic,0.5
rule,20,30.958196725370726,0.9822632819414139,-0.29982432934885994,-0.5791093056459046,0.0,-1.8670252111650147,0.8297860276743787,0.25,0.4,11,9,0,0.36363636363636365,0.4444444444444444,2,4,3,0,baseline_saturation_bias,0.002194763906300066,<=,gt_aware_diagnostic,0.55
rule,20,30.957843645431353,0.9818540424108505,-0.30017740928824443,-0.5794623855852891,-0.03490503343985196,-2.6649188414797154,1.4852778838082745,0.3,0.35,16,4,0,0.375,0.6666666666666666,3,5,5,1,baseline_luma_bias,0.00262002944946289,<=,gt_aware_diagnostic,0.8
rule,20,30.957645959027786,0.9821900397539138,-0.30037509569180704,-0.5796600719888516,0.0,-1.995246574251296,1.2384055230704805,0.3,0.45,16,4,0,0.4375,0.7777777777777778,4,4,6,0,residual_saturation_bias,0.013247725367546082,<=,gt_aware_diagnostic,0.8
rule,20,30.95714155188448,0.9820032447576523,-0.30087950283511217,-0.5801644791321567,0.0,-1.793350469773175,0.12010849106951398,0.25,0.4,7,13,0,0.2857142857142857,0.2222222222222222,2,3,2,0,residual_lfv1_highfreq_abs_mean_delta,0.00024354755878448485,>=,proxy_or_output_feature,0.35
rule,20,30.956720247792525,0.9816981852054596,-0.30130080692706895,-0.5805857832241136,0.0,-2.6649188414797154,1.2384055230704805,0.3,0.4,11,9,0,0.36363636363636365,0.4444444444444444,2,4,3,1,residual_saturation_bias,0.004047893173992634,>=,gt_aware_diagnostic,0.55
rule,20,30.95614963928147,0.9819219440221787,-0.3018714154381179,-0.5811563917351625,0.0,-1.793350469773175,0.0,0.25,0.45,4,16,0,0.25,0.1111111111111111,2,1,1,0,baseline_luma_bias,-0.017676281929016113,<=,gt_aware_diagnostic,0.2
rule,20,30.95614963928147,0.9819219440221787,-0.3018714154381179,-0.5811563917351625,0.0,-1.793350469773175,0.0,0.25,0.45,4,16,0,0.25,0.1111111111111111,2,1,1,0,lfv1_luma_bias,-0.018436241149902347,<=,gt_aware_diagnostic,0.2
rule,20,30.955836813670647,0.9819769650697708,-0.30218424104894426,-0.5814692173459889,0.0,-2.6649188414797154,1.4852778838082745,0.35,0.45,16,4,0,0.4375,0.7777777777777778,3,5,6,1,residual_highfreq_abs_error,9.152516722679138e-05,>=,gt_aware_diagnostic,0.8
rule,20,30.9555737027497,0.9823236405849457,-0.3024473519698871,-0.5817323282669318,0.0,-2.0018461689531577,0.2555588258498681,0.2,0.3,9,11,0,0.2222222222222222,0.2222222222222222,2,3,1,1,lfv1_luma_std_delta,-0.0005507782101631162,<=,gt_aware_diagnostic,0.45
rule,20,30.955448783754218,0.9819399356842041,-0.30257227096537365,-0.5818572472624183,0.0,-2.6649188414797154,1.2384055230704805,0.5,0.6,15,5,0,0.5333333333333333,0.8888888888888888,3,4,7,0,baseline_dark_channel_mean,0.2195245549082756,>=,proxy_or_output_feature,0.75
rule,20,30.955448783754218,0.9819399356842041,-0.30257227096537365,-0.5818572472624183,0.0,-2.6649188414797154,1.2384055230704805,0.5,0.6,15,5,0,0.5333333333333333,0.8888888888888888,3,4,7,0,lfv1_dark_channel_mean,0.2160906083881855,>=,proxy_or_output_feature,0.75
rule,20,30.955448783754218,0.9819399356842041,-0.30257227096537365,-0.5818572472624183,0.0,-2.6649188414797154,1.2384055230704805,0.5,0.6,15,5,0,0.5333333333333333,0.8888888888888888,3,4,7,0,residual_dark_channel_mean,0.217955332249403,>=,proxy_or_output_feature,0.75
rule,20,30.955106595942528,0.9819020897150039,-0.30291445877706186,-0.5821994350741064,0.0,-2.6649188414797154,1.4852778838082745,0.4,0.45,16,4,0,0.4375,0.7777777777777778,3,5,6,1,residual_delta_e_p95,4.399774408340454,>=,gt_aware_diagnostic,0.8
rule,20,30.954861007599494,0.9818019241094589,-0.30316004712009564,-0.5824450234171403,0.0,-1.995246574251296,0.4095182713441995,0.25,0.45,10,10,0,0.4,0.4444444444444444,3,2,3,0,lfv1_edge_error,0.014430313371121883,<=,gt_aware_diagnostic,0.5
rule,20,30.954317221873787,0.981571277976036,-0.3037038328458058,-0.5829888091428505,0.0,-2.6649188414797154,1.2384055230704805,0.4,0.5,11,9,0,0.45454545454545453,0.5555555555555556,2,3,4,1,baseline_luma_bias,-0.0028650417923927313,<=,gt_aware_diagnostic,0.55
rule,20,30.95423765444131,0.9819966673851013,-0.30378340027827894,-0.5830683765753235,0.0,-1.2361185006151576,0.2524314075512334,0.25,0.4,9,11,0,0.3333333333333333,0.3333333333333333,1,3,2,0,lfv1_highfreq_abs_error,0.000473580462858081,<=,gt_aware_diagnostic,0.45
rule,20,30.953830501012227,0.9819809168577194,-0.30419055370735765,-0.5834755300044023,0.0,-2.6649188414797154,1.2176118705098782,0.4,0.5,11,9,0,0.45454545454545453,0.5555555555555556,2,4,4,1,residual_lfv1_luma_mean_delta_abs,0.0036059886217117317,>=,proxy_or_output_feature,0.55
rule,20,30.953117507193394,0.9819068849086762,-0.3049035475261965,-0.5841885238232412,-0.07711224416087958,-2.6649188414797154,1.4852778838082745,0.25,0.35,18,2,0,0.3888888888888889,0.7777777777777778,4,5,5,1,residual_luma_abs_bias_regression_vs_lfv1,-0.008217737078666687,>=,gt_aware_diagnostic,0.9
rule,20,30.95266047778849,0.9821136653423309,-0.3053605769311007,-0.5846455532281454,-0.03490503343985196,-2.6649188414797154,1.4852778838082745,0.3,0.45,18,2,0,0.4444444444444444,0.8888888888888888,4,5,6,1,residual_saturation_bias,0.01516355574131012,<=,gt_aware_diagnostic,0.9
rule,20,30.952379000672693,0.9819592058658599,-0.305642054046891,-0.5849270303439356,0.0,-2.6649188414797154,0.8274756218343117,0.5,0.6,9,11,0,0.5555555555555556,0.5555555555555556,0,4,4,0,baseline_luma_mean,0.5136469244956969,>=,proxy_or_output_feature,0.45
rule,20,30.952379000672693,0.9819592058658599,-0.305642054046891,-0.5849270303439356,0.0,-2.6649188414797154,0.8274756218343117,0.5,0.6,9,11,0,0.5555555555555556,0.5555555555555556,0,4,4,0,lfv1_luma_mean,0.5128089547157288,>=,proxy_or_output_feature,0.45
rule,20,30.952379000672693,0.9819592058658599,-0.305642054046891,-0.5849270303439356,0.0,-2.6649188414797154,0.8274756218343117,0.5,0.6,9,11,0,0.5555555555555556,0.5555555555555556,0,4,4,0,residual_luma_mean,0.5097611546516418,>=,proxy_or_output_feature,0.45
rule,20,30.95152741191987,0.9816917598247528,-0.3064936427997223,-0.5857786190967669,0.0,-2.6649188414797154,1.2176118705098782,0.35,0.5,13,7,0,0.46153846153846156,0.6666666666666666,2,4,4,1,baseline_saturation_bias,-0.0028872236609458917,>=,gt_aware_diagnostic,0.65
rule,20,30.950125440604744,0.9826266407966614,-0.3078956141148407,-0.5871805904118853,-0.03490503343985196,-2.0018461689531577,1.2384055230704805,0.3,0.4,17,3,0,0.4117647058823529,0.7777777777777778,4,4,6,0,lfv1_from_baseline_lf_mse_delta,0.00014663187976111656,<=,gt_aware_diagnostic,0.85
rule,20,30.950062471222658,0.9825801730155945,-0.3079585834969432,-0.5872435597939878,0.0,-1.793350469773175,0.34269366220807096,0.15,0.3,11,9,0,0.2727272727272727,0.3333333333333333,3,3,2,0,lfv1_delta_e_p95,7.071037673950196,<=,gt_aware_diagnostic,0.55
rule,20,30.95002202874852,0.9820490598678588,-0.3079990259710675,-0.5872840022681121,0.0,-2.6649188414797154,0.4118286771842664,0.3,0.45,10,10,0,0.4,0.4444444444444444,1,4,3,0,lfv1_saturation_abs_bias,0.005889121443033218,<=,gt_aware_diagnostic,0.5
rule,20,30.949508578442995,0.9818097949028015,-0.3085124762765986,-0.5877974525736432,0.0,-2.6649188414797154,1.2384055230704805,0.3,0.4,15,5,0,0.4,0.6666666666666666,3,4,5,0,lfv1_edge_error,0.01598721742630005,<=,gt_aware_diagnostic,0.75
rule,20,30.949230117021102,0.9819452226161957,-0.30879093769848553,-0.5880759139955302,0.0,-2.6649188414797154,1.2384055230704805,0.4,0.5,13,7,0,0.46153846153846156,0.6666666666666666,4,3,6,0,baseline_edge_mean,0.22820498719811438,<=,proxy_or_output_feature,0.65
rule,20,30.948997919088516,0.9821924984455108,-0.3090231356310763,-0.5883081119281209,0.0,-1.8670252111650147,0.07859634786275654,0.35,0.45,6,14,0,0.3333333333333333,0.2222222222222222,1,3,2,0,residual_lfv1_luma_mean_delta,-0.00543602705001831,<=,proxy_or_output_feature,0.3
rule,20,30.948997919088516,0.9821924984455108,-0.3090231356310763,-0.5883081119281209,0.0,-1.8670252111650147,0.07859634786275654,0.35,0.45,6,14,0,0.3333333333333333,0.2222222222222222,1,3,2,0,residual_lfv1_luma_mean_delta_abs,0.008360117673873901,>=,proxy_or_output_feature,0.3
rule,20,30.948997919088516,0.9821924984455108,-0.3090231356310763,-0.5883081119281209,0.0,-1.8670252111650147,0.07859634786275654,0.35,0.45,6,14,0,0.3333333333333333,0.2222222222222222,1,3,2,0,residual_lfv1_dark_channel_mean_delta,-0.007127997279167174,<=,proxy_or_output_feature,0.3
rule,20,30.948305850568538,0.9818062722682953,-0.3097152041510515,-0.5890001804480962,0.0,-1.995246574251296,0.4095182713441995,0.35,0.5,7,13,0,0.42857142857142855,0.3333333333333333,2,2,3,0,baseline_luma_bias,-0.006491264700889586,<=,gt_aware_diagnostic,0.35
rule,20,30.948150098388396,0.9819132208824157,-0.30987095633119444,-0.5891559326282391,0.0,-2.6649188414797154,0.2555588258498681,0.25,0.4,7,13,0,0.2857142857142857,0.2222222222222222,2,3,1,1,residual_lfv1_luma_std_delta_abs,0.0027299866080284117,>=,proxy_or_output_feature,0.35
rule,20,30.948036908575887,0.981717923283577,-0.3099841461437075,-0.5892691224407521,0.0,-2.6649188414797154,1.2176118705098782,0.3,0.45,14,6,0,0.42857142857142855,0.6666666666666666,2,4,4,1,baseline_saturation_bias,-0.004322825372219086,>=,gt_aware_diagnostic,0.7
rule,20,30.947998318955182,0.9819246262311936,-0.31002273576440603,-0.5893077120614507,0.0,-2.6649188414797154,1.3573288980360791,0.4,0.45,16,4,0,0.4375,0.7777777777777778,3,5,6,1,residual_edge_error,0.011905458755791187,>=,gt_aware_diagnostic,0.8
rule,20,30.947761533306135,0.9824704051017761,-0.3102595214134519,-0.5895444977104966,0.0,-2.0018461689531577,0.8440025816490673,0.2,0.45,12,8,0,0.4166666666666667,0.5555555555555556,3,3,3,1,beta,1.498,<=,proxy_or_output_feature,0.6
rule,20,30.947677571662314,0.981832280755043,-0.3103434830572713,-0.589628459354316,0.0,-2.6649188414797154,0.12010849106951398,0.35,0.45,6,14,0,0.3333333333333333,0.2222222222222222,0,4,1,1,lfv1_from_baseline_lf_mse_delta,9.459048160351813e-05,>=,gt_aware_diagnostic,0.3
rule,20,30.946933893663754,0.9820227652788163,-0.3110871610558393,-0.5903721373528839,0.0,-1.995246574251296,1.2384055230704805,0.3,0.45,14,6,0,0.42857142857142855,0.6666666666666666,3,4,5,0,residual_saturation_abs_bias,0.013281594216823577,<=,gt_aware_diagnostic,0.7
rule,20,30.946662162318784,0.981851726770401,-0.3113588924008033,-0.5906438686978479,0.0,-2.6649188414797154,1.2384055230704805,0.45,0.55,14,6,0,0.5,0.7777777777777778,3,4,6,1,residual_lfv1_luma_mean_delta_abs,0.002577808499336243,>=,proxy_or_output_feature,0.7
rule,20,30.946662162318784,0.981851726770401,-0.3113588924008033,-0.5906438686978479,0.0,-2.6649188414797154,1.2384055230704805,0.45,0.55,14,6,0,0.5,0.7777777777777778,3,4,6,1,residual_lfv1_dark_channel_mean_delta_abs,0.003175640106201172,>=,proxy_or_output_feature,0.7
rule,20,30.945009395949,0.981896510720253,-0.31301165877058834,-0.592296635067633,0.0,-2.6649188414797154,1.2384055230704805,0.4,0.45,14,6,0,0.42857142857142855,0.6666666666666666,4,3,6,0,baseline_edge_mean,0.22892406284809114,<=,proxy_or_output_feature,0.7
rule,20,30.944914401346796,0.9819204360246658,-0.3131066533727944,-0.592391629669839,0.0,-2.6649188414797154,1.3365352454754769,0.4,0.5,13,7,0,0.46153846153846156,0.6666666666666666,3,4,5,1,residual_delta_e_mean,1.9233284533023836,>=,gt_aware_diagnostic,0.65
rule,20,30.944914401346796,0.9819204360246658,-0.3131066533727944,-0.592391629669839,0.0,-2.6649188414797154,1.3365352454754769,0.4,0.5,13,7,0,0.46153846153846156,0.6666666666666666,3,4,5,1,residual_lfv1_luma_std_delta_abs,0.0009840548038482666,>=,proxy_or_output_feature,0.65
rule,20,30.94491333315882,0.9817821890115738,-0.31310772156076483,-0.5923926978578095,0.0,-2.6649188414797154,1.2384055230704805,0.4,0.55,14,6,0,0.5,0.7777777777777778,3,3,5,1,lfv1_luma_abs_bias,0.0036249041557312013,>=,gt_aware_diagnostic,0.7
rule,20,30.944394530578496,0.9817348152399064,-0.3136265241410941,-0.5929115004381387,0.0,-2.6649188414797154,1.4852778838082745,0.4,0.45,14,6,0,0.42857142857142855,0.6666666666666666,2,5,5,1,residual_luma_bias,-0.0009377509355545035,<=,gt_aware_diagnostic,0.7
rule,20,30.944236360668505,0.9824988365173339,-0.3137846940510817,-0.5930696703481264,0.0,-1.8736248058668765,0.3448113892641615,0.25,0.4,11,9,0,0.36363636363636365,0.4444444444444444,2,3,3,0,lfv1_luma_std,0.26626918762922286,>=,proxy_or_output_feature,0.55
rule,20,30.944144468259253,0.9820742964744568,-0.3138765864603288,-0.5931615627573734,0.0,-1.171027633423447,0.024474973922054836,0.35,0.5,5,15,0,0.4,0.2222222222222222,0,3,1,0,baseline_luma_mean,0.5484978705644608,>=,proxy_or_output_feature,0.25
rule,20,30.944144468259253,0.9820742964744568,-0.3138765864603288,-0.5931615627573734,0.0,-1.171027633423447,0.024474973922054836,0.35,0.5,5,15,0,0.4,0.2222222222222222,0,3,1,0,lfv1_luma_mean,0.5466819107532501,>=,proxy_or_output_feature,0.25
rule,20,30.944144468259253,0.9820742964744568,-0.3138765864603288,-0.5931615627573734,0.0,-1.171027633423447,0.024474973922054836,0.35,0.5,5,15,0,0.4,0.2222222222222222,0,3,1,0,residual_luma_mean,0.5475293844938278,>=,proxy_or_output_feature,0.25
rule,20,30.943863999480925,0.9819103419780731,-0.31415705523866944,-0.5934420315357141,0.0,-2.6649188414797154,1.4852778838082745,0.35,0.5,15,5,0,0.4666666666666667,0.7777777777777778,3,5,5,1,residual_dark_channel_abs_bias,0.004182362928986549,>=,gt_aware_diagnostic,0.75
rule,20,30.943309948119985,0.9818768054246902,-0.31471110659960094,-0.5939960828966455,0.0,-2.6649188414797154,0.4095182713441995,0.35,0.5,9,11,0,0.4444444444444444,0.4444444444444444,1,3,3,0,baseline_edge_error,0.01428120261989534,<=,gt_aware_diagnostic,0.45
rule,20,30.942897457852716,0.9818796753883362,-0.31512359686686364,-0.5944085731639083,0.0,-0.2658319246777856,0.0,0.3,0.45,2,18,0,0.0,0.0,0,2,0,0,baseline_luma_mean,0.6175807178020477,>=,proxy_or_output_feature,0.1
rule,20,30.942897457852716,0.9818796753883362,-0.31512359686686364,-0.5944085731639083,0.0,-0.2658319246777856,0.0,0.3,0.45,2,18,0,0.0,0.0,0,2,0,0,baseline_saturation_abs_bias,0.0011410530656576156,<=,gt_aware_diagnostic,0.1
rule,20,30.942897457852716,0.9818796753883362,-0.31512359686686364,-0.5944085731639083,0.0,-0.2658319246777856,0.0,0.3,0.45,2,18,0,0.0,0.0,0,2,0,0,baseline_dark_channel_mean,0.4491576701402665,>=,proxy_or_output_feature,0.1
rule,20,30.942897457852716,0.9818796753883362,-0.31512359686686364,-0.5944085731639083,0.0,-0.2658319246777856,0.0,0.3,0.45,2,18,0,0.0,0.0,0,2,0,0,lfv1_dark_channel_mean,0.4564850956201554,>=,proxy_or_output_feature,0.1
rule,20,30.942897457852716,0.9818796753883362,-0.31512359686686364,-0.5944085731639083,0.0,-0.2658319246777856,0.0,0.3,0.45,2,18,0,0.0,0.0,0,2,0,0,residual_luma_mean,0.6085654497146606,>=,proxy_or_output_feature,0.1
rule,20,30.942897457852716,0.9818796753883362,-0.31512359686686364,-0.5944085731639083,0.0,-0.2658319246777856,0.0,0.3,0.45,2,18,0,0.0,0.0,0,2,0,0,residual_dark_channel_mean,0.4417227357625962,>=,proxy_or_output_feature,0.1
rule,20,30.942897457852716,0.9818796753883362,-0.31512359686686364,-0.5944085731639083,0.0,-0.2658319246777856,0.0,0.3,0.45,2,18,0,0.0,0.0,0,2,0,0,rescalib_from_baseline_lf_mse_delta,0.0008873352460796014,>=,gt_aware_diagnostic,0.1
rule,20,30.942286827366466,0.9819163173437119,-0.31573422735311707,-0.5950192036501617,0.0,-2.6649188414797154,1.3573288980360791,0.25,0.35,14,6,0,0.35714285714285715,0.5555555555555556,2,5,3,1,rescalib_from_baseline_residual_norm_ratio,0.3274288639877354,>=,gt_aware_diagnostic,0.7
rule,20,30.942286827366466,0.9819163173437119,-0.31573422735311707,-0.5950192036501617,0.0,-2.6649188414797154,1.3573288980360791,0.25,0.35,14,6,0,0.35714285714285715,0.5555555555555556,2,5,3,1,rescalib_from_lfv1_residual_norm_ratio,0.42309474568446903,>=,gt_aware_diagnostic,0.7
rule,20,30.94194841242446,0.9819463908672332,-0.31607264229513293,-0.5953576185921776,0.0,-2.6649188414797154,1.4852778838082745,0.3,0.45,16,4,0,0.4375,0.7777777777777778,3,5,5,1,residual_saturation_abs_bias,0.01517719030380249,<=,gt_aware_diagnostic,0.8
rule,20,30.941861960697373,0.9825985342264175,-0.3161590940222183,-0.5954440703192629,-0.03490503343985196,-2.0018461689531577,1.2033953165351896,0.3,0.4,17,3,0,0.4117647058823529,0.7777777777777778,4,4,6,0,lfv1_from_baseline_residual_cosine,-0.03412529097404329,>=,gt_aware_diagnostic,0.85
rule,20,30.941861960697373,0.9825985342264175,-0.3161590940222183,-0.5954440703192629,-0.03490503343985196,-2.0018461689531577,1.2033953165351896,0.3,0.4,17,3,0,0.4117647058823529,0.7777777777777778,4,4,6,0,lfv1_from_baseline_luma_residual_cosine,-0.0465387432835996,>=,gt_aware_diagnostic,0.85
rule,20,30.941698487135046,0.981869226694107,-0.3163225675845466,-0.5956075438815912,0.0,-2.6649188414797154,1.2033953165351896,0.35,0.5,13,7,0,0.46153846153846156,0.6666666666666666,2,4,5,0,lfv1_saturation_abs_bias,0.010077152773737906,<=,gt_aware_diagnostic,0.65
rule,20,30.941640573523635,0.9819782644510269,-0.31638048119595547,-0.595665457493,0.0,-2.6649188414797154,0.754173306755144,0.35,0.45,10,10,0,0.4,0.4444444444444444,2,4,3,1,residual_lfv1_luma_std_delta_abs,0.0015929415822029114,>=,proxy_or_output_feature,0.5
rule,20,30.940904027234513,0.9817609786987305,-0.3171170274850793,-0.5964020037821239,0.0,-2.6649188414797154,1.4852778838082745,0.35,0.4,15,5,0,0.4,0.6666666666666666,2,5,5,1,residual_luma_bias,0.00027758628129959106,<=,gt_aware_diagnostic,0.75
rule,20,30.940118330645326,0.9822308748960495,-0.31790272407425635,-0.597187700371301,0.0,-1.8670252111650147,0.5772108287680324,0.35,0.5,11,9,0,0.45454545454545453,0.5555555555555556,2,3,4,0,residual_lap_var_ratio_gt,1.0032053232192992,<=,gt_aware_diagnostic,0.55
rule,20,30.939643278408823,0.9818616300821305,-0.3183777763107722,-0.5976627526078169,0.0,-2.6649188414797154,1.4852778838082745,0.35,0.45,16,4,0,0.4375,0.7777777777777778,3,5,5,1,residual_dark_channel_abs_bias,0.003458958864212036,>=,gt_aware_diagnostic,0.8
rule,20,30.93959766050179,0.9823649883270263,-0.31842339421779453,-0.5977083705148392,0.0,-0.2724315193796474,0.0,0.3,0.45,2,18,0,0.0,0.0,0,2,0,0,rescalib_from_lfv1_residual_error_ratio,1.3635856295997042,>=,gt_aware_diagnostic,0.1
rule,20,30.939289924958842,0.9816836059093476,-0.3187311297607495,-0.5980161060577942,0.0,-2.6649188414797154,1.2176118705098782,0.35,0.45,12,8,0,0.4166666666666667,0.5555555555555556,2,4,4,1,baseline_saturation_bias,-0.001570546627044678,>=,gt_aware_diagnostic,0.6
rule,20,30.939289924958842,0.9816836059093476,-0.3187311297607495,-0.5980161060577942,0.0,-2.6649188414797154,1.2176118705098782,0.35,0.45,12,8,0,0.4166666666666667,0.5555555555555556,2,4,4,1,lfv1_saturation_bias,0.0013044275343418107,>=,gt_aware_diagnostic,0.6
rule,20,30.939288377415075,0.9820773065090179,-0.3187326773045118,-0.5980176536015565,0.0,-1.995246574251296,0.5772108287680324,0.3,0.45,10,10,0,0.4,0.4444444444444444,3,3,3,1,image_id,502.5,<=,proxy_or_output_feature,0.5
rule,20,30.938879757991003,0.9820178389549256,-0.3191412967285908,-0.5984262730256354,0.0,-2.6649188414797154,1.2384055230704805,0.45,0.55,16,4,0,0.5,0.8888888888888888,4,4,7,0,baseline_highfreq_abs_mean,0.041119069606065754,<=,proxy_or_output_feature,0.8
rule,20,30.938879757991003,0.9820178389549256,-0.3191412967285908,-0.5984262730256354,0.0,-2.6649188414797154,1.2384055230704805,0.45,0.55,16,4,0,0.5,0.8888888888888888,4,4,7,0,lfv1_dark_channel_mean,0.2047666549682617,>=,proxy_or_output_feature,0.8
rule,20,30.938879757991003,0.9820178389549256,-0.3191412967285908,-0.5984262730256354,0.0,-2.6649188414797154,1.2384055230704805,0.45,0.55,16,4,0,0.5,0.8888888888888888,4,4,7,0,lfv1_highfreq_abs_mean,0.04106825217604637,<=,proxy_or_output_feature,0.8
rule,20,30.938879757991003,0.9820178389549256,-0.3191412967285908,-0.5984262730256354,0.0,-2.6649188414797154,1.2384055230704805,0.45,0.55,16,4,0,0.5,0.8888888888888888,4,4,7,0,residual_dark_channel_mean,0.20871112048625945,>=,proxy_or_output_feature,0.8
rule,20,30.938600682205003,0.9820692062377929,-0.3194203725145863,-0.598705348811631,0.0,-1.171027633423447,0.0,0.3,0.4,3,17,0,0.0,0.0,0,3,0,0,residual_lfv1_luma_mean_delta,-0.00933554470539093,<=,proxy_or_output_feature,0.15
rule,20,30.938600682205003,0.9820692062377929,-0.3194203725145863,-0.598705348811631,0.0,-1.171027633423447,0.0,0.3,0.4,3,17,0,0.0,0.0,0,3,0,0,residual_lfv1_luma_mean_delta_abs,0.009335544705390926,>=,proxy_or_output_feature,0.15
rule,20,30.938600682205003,0.9820692062377929,-0.3194203725145863,-0.598705348811631,0.0,-1.171027633423447,0.0,0.3,0.4,3,17,0,0.0,0.0,0,3,0,0,residual_lfv1_dark_channel_mean_delta,-0.011689405143260957,<=,proxy_or_output_feature,0.15
rule,20,30.938600682205003,0.9820692062377929,-0.3194203725145863,-0.598705348811631,0.0,-1.171027633423447,0.0,0.3,0.4,3,17,0,0.0,0.0,0,3,0,0,residual_lfv1_dark_channel_mean_delta_abs,0.013206803053617476,>=,proxy_or_output_feature,0.15
rule,20,30.938518101888498,0.9819962620735169,-0.319502952831091,-0.5987879291281356,-0.03490503343985196,-2.6649188414797154,1.2384055230704805,0.35,0.4,17,3,0,0.4117647058823529,0.7777777777777778,3,5,6,0,baseline_highfreq_abs_error,0.0017707938328385352,<=,gt_aware_diagnostic,0.85
rule,20,30.938518101888498,0.9819962620735169,-0.319502952831091,-0.5987879291281356,-0.03490503343985196,-2.6649188414797154,1.2384055230704805,0.35,0.4,17,3,0,0.4117647058823529,0.7777777777777778,3,5,6,0,lfv1_edge_error,0.01936740335077047,<=,gt_aware_diagnostic,0.85
rule,20,30.938518101888498,0.9819962620735169,-0.319502952831091,-0.5987879291281356,-0.03490503343985196,-2.6649188414797154,1.2384055230704805,0.35,0.4,17,3,0,0.4117647058823529,0.7777777777777778,3,5,6,0,residual_edge_error,0.01862473078072071,<=,gt_aware_diagnostic,0.85
rule,20,30.938518101888498,0.9819962620735169,-0.319502952831091,-0.5987879291281356,-0.03490503343985196,-2.6649188414797154,1.2384055230704805,0.35,0.4,17,3,0,0.4117647058823529,0.7777777777777778,3,5,6,0,residual_edge_error_regression_vs_lfv1,-0.0009521338623017072,>=,gt_aware_diagnostic,0.85
rule,20,30.937748196110572,0.9816491812467575,-0.32027285860902294,-0.5995578349060675,0.0,-2.6649188414797154,1.2384055230704805,0.35,0.45,12,8,0,0.4166666666666667,0.5555555555555556,3,3,4,1,baseline_luma_bias,-0.0017773151397705072,<=,gt_aware_diagnostic,0.6
rule,20,30.937727691352357,0.9818976789712905,-0.3202933633672357,-0.5995783396642803,-0.03490503343985196,-2.6649188414797154,1.4852778838082745,0.3,0.4,17,3,0,0.4117647058823529,0.7777777777777778,3,5,5,1,residual_saturation_abs_bias,0.01545300632715225,<=,gt_aware_diagnostic,0.85
rule,20,30.936896567269894,0.9818227469921113,-0.32112448744968936,-0.600409463746734,0.0,-2.6649188414797154,1.2384055230704805,0.4,0.55,12,8,0,0.5,0.6666666666666666,3,3,5,1,lfv1_luma_abs_bias,0.005505836009979248,>=,gt_aware_diagnostic,0.6
rule,20,30.93657248843232,0.9818470358848572,-0.32144856628726914,-0.6007335425843138,-0.03490503343985196,-2.6649188414797154,1.4852778838082745,0.3,0.4,17,3,0,0.4117647058823529,0.7777777777777778,3,5,5,1,lfv1_luma_bias,0.004257641732692716,<=,gt_aware_diagnostic,0.85
rule,20,30.93630067954632,0.9819586247205734,-0.3217203751732624,-0.6010053514703071,0.0,-2.6649188414797154,0.8274756218343117,0.45,0.55,8,12,0,0.5,0.4444444444444444,0,4,3,0,baseline_luma_mean,0.5237262845039368,>=,proxy_or_output_feature,0.4
rule,20,30.93630067954632,0.9819586247205734,-0.3217203751732624,-0.6010053514703071,0.0,-2.6649188414797154,0.8274756218343117,0.45,0.55,8,12,0,0.5,0.4444444444444444,0,4,3,0,lfv1_luma_mean,0.5200158953666687,>=,proxy_or_output_feature,0.4
rule,20,30.935797874071092,0.9821034699678421,-0.32222318064849703,-0.6015081569455416,0.0,-1.995246574251296,0.5772108287680324,0.25,0.4,11,9,0,0.36363636363636365,0.4444444444444444,3,3,3,1,image_id,547.1499999999999,<=,proxy_or_output_feature,0.55
rule,20,30.934783368659843,0.9817693948745727,-0.32323768605974407,-0.6025226623567888,0.0,-2.6649188414797154,0.4095182713441995,0.4,0.55,8,12,0,0.5,0.4444444444444444,1,3,3,0,lfv1_lap_var,0.11678612977266312,<=,proxy_or_output_feature,0.4
rule,20,30.9346590369189,0.9819691270589829,-0.32336201780069357,-0.6026469940977381,0.0,-2.6649188414797154,1.2384055230704805,0.45,0.5,17,3,0,0.47058823529411764,0.8888888888888888,4,4,7,0,baseline_edge_mean,0.25908771157264704,<=,proxy_or_output_feature,0.85
rule,20,30.9346590369189,0.9819691270589829,-0.32336201780069357,-0.6026469940977381,0.0,-2.6649188414797154,1.2384055230704805,0.45,0.5,17,3,0,0.47058823529411764,0.8888888888888888,4,4,7,0,baseline_highfreq_abs_mean,0.04280219655483959,<=,proxy_or_output_feature,0.85
rule,20,30.9346590369189,0.9819691270589829,-0.32336201780069357,-0.6026469940977381,0.0,-2.6649188414797154,1.2384055230704805,0.45,0.5,17,3,0,0.47058823529411764,0.8888888888888888,4,4,7,0,lfv1_edge_mean,0.25747334063053123,<=,proxy_or_output_feature,0.85
rule,20,30.9346590369189,0.9819691270589829,-0.32336201780069357,-0.6026469940977381,0.0,-2.6649188414797154,1.2384055230704805,0.45,0.5,17,3,0,0.47058823529411764,0.8888888888888888,4,4,7,0,lfv1_highfreq_abs_mean,0.04289627987891434,<=,proxy_or_output_feature,0.85
rule,20,30.9346590369189,0.9819691270589829,-0.32336201780069357,-0.6026469940977381,0.0,-2.6649188414797154,1.2384055230704805,0.45,0.5,17,3,0,0.47058823529411764,0.8888888888888888,4,4,7,0,residual_edge_mean,0.25880754590034477,<=,proxy_or_output_feature,0.85
rule,20,30.9346590369189,0.9819691270589829,-0.32336201780069357,-0.6026469940977381,0.0,-2.6649188414797154,1.2384055230704805,0.45,0.5,17,3,0,0.47058823529411764,0.8888888888888888,4,4,7,0,residual_highfreq_abs_mean,0.04269042648375033,<=,proxy_or_output_feature,0.85
rule,20,30.93394370762215,0.9820484787225723,-0.3240773470974389,-0.6033623233944836,0.0,-2.6649188414797154,0.34269366220807096,0.25,0.4,9,11,0,0.3333333333333333,0.3333333333333333,1,4,2,0,lfv1_saturation_abs_bias,0.004863377287983896,<=,gt_aware_diagnostic,0.45
rule,20,30.932675846197792,0.9817740350961686,-0.3253452085217921,-0.6046301848188367,0.0,-2.6649188414797154,1.2384055230704805,0.4,0.5,13,7,0,0.46153846153846156,0.6666666666666666,3,3,5,1,lfv1_luma_abs_bias,0.0049390442669391636,>=,gt_aware_diagnostic,0.65
rule,20,30.932290498824273,0.9818521589040756,-0.3257305558953204,-0.605015532192365,0.0,-2.6649188414797154,1.2176118705098782,0.45,0.55,12,8,0,0.5,0.6666666666666666,3,3,6,0,baseline_mae,0.01519382782280445,>=,gt_aware_diagnostic,0.6
rule,20,30.932290498824273,0.9818521589040756,-0.3257305558953204,-0.605015532192365,0.0,-2.6649188414797154,1.2176118705098782,0.45,0.55,12,8,0,0.5,0.6666666666666666,3,3,6,0,baseline_rmse,0.021005706489086153,>=,gt_aware_diagnostic,0.6
rule,20,30.931930480010134,0.9825954020023346,-0.3260905747094549,-0.6053755510064995,0.0,-1.793350469773175,0.07859634786275654,0.25,0.4,7,13,0,0.2857142857142857,0.2222222222222222,2,3,2,0,residual_lfv1_lap_var_delta,0.0009652871172875165,>=,proxy_or_output_feature,0.35
rule,20,30.93191999782881,0.981924045085907,-0.3261010568907775,-0.6053860331878221,0.0,-2.6649188414797154,1.3573288980360791,0.35,0.4,15,5,0,0.4,0.6666666666666666,3,5,5,1,residual_edge_error,0.01278145844116807,>=,gt_aware_diagnostic,0.75
rule,20,30.93190698129822,0.9820661425590516,-0.326114073421356,-0.6053990497184006,0.0,-1.171027633423447,0.0,0.35,0.45,4,16,0,0.25,0.1111111111111111,0,3,1,0,baseline_luma_mean,0.566888427734375,>=,proxy_or_output_feature,0.2
rule,20,30.93116853357491,0.981995290517807,-0.3268525211446788,-0.6061374974417234,-0.03490503343985196,-2.6649188414797154,1.2384055230704805,0.4,0.45,18,2,0,0.4444444444444444,0.8888888888888888,4,4,7,0,baseline_edge_mean,0.2972014218568802,<=,proxy_or_output_feature,0.9
rule,20,30.93116853357491,0.981995290517807,-0.3268525211446788,-0.6061374974417234,-0.03490503343985196,-2.6649188414797154,1.2384055230704805,0.4,0.45,18,2,0,0.4444444444444444,0.8888888888888888,4,4,7,0,baseline_highfreq_abs_mean,0.05165098980069161,<=,proxy_or_output_feature,0.9
rule,20,30.93116853357491,0.981995290517807,-0.3268525211446788,-0.6061374974417234,-0.03490503343985196,-2.6649188414797154,1.2384055230704805,0.4,0.45,18,2,0,0.4444444444444444,0.8888888888888888,4,4,7,0,lfv1_edge_mean,0.2971358835697175,<=,proxy_or_output_feature,0.9
rule,20,30.93116853357491,0.981995290517807,-0.3268525211446788,-0.6061374974417234,-0.03490503343985196,-2.6649188414797154,1.2384055230704805,0.4,0.45,18,2,0,0.4444444444444444,0.8888888888888888,4,4,7,0,lfv1_highfreq_abs_mean,0.05164302103221417,<=,proxy_or_output_feature,0.9
rule,20,30.93116853357491,0.981995290517807,-0.3268525211446788,-0.6061374974417234,-0.03490503343985196,-2.6649188414797154,1.2384055230704805,0.4,0.45,18,2,0,0.4444444444444444,0.8888888888888888,4,4,7,0,residual_edge_mean,0.29755041599273685,<=,proxy_or_output_feature,0.9
rule,20,30.93116853357491,0.981995290517807,-0.3268525211446788,-0.6061374974417234,-0.03490503343985196,-2.6649188414797154,1.2384055230704805,0.4,0.45,18,2,0,0.4444444444444444,0.8888888888888888,4,4,7,0,residual_highfreq_abs_mean,0.05169599726796151,<=,proxy_or_output_feature,0.9
rule,20,30.930565202950845,0.9822871148586273,-0.32745585176874653,-0.6067408280657911,0.0,-2.0018461689531577,1.2033953165351896,0.3,0.45,10,10,0,0.4,0.4444444444444444,2,4,3,1,residual_lfv1_lap_var_delta_abs,0.0016889981925487518,>=,proxy_or_output_feature,0.5
rule,20,30.930389670411746,0.9818769127130509,-0.32763138430783767,-0.6069163606048823,0.0,-0.780381878890004,0.0,0.3,0.45,4,16,0,0.25,0.1111111111111111,1,2,1,0,baseline_edge_mean,0.14243294298648834,<=,proxy_or_output_feature,0.2
rule,20,30.930389670411746,0.9818769127130509,-0.32763138430783767,-0.6069163606048823,0.0,-0.780381878890004,0.0,0.3,0.45,4,16,0,0.25,0.1111111111111111,1,2,1,0,baseline_lap_var,0.07733107805252075,<=,proxy_or_output_feature,0.2
rule,20,30.930389670411746,0.9818769127130509,-0.32763138430783767,-0.6069163606048823,0.0,-0.780381878890004,0.0,0.3,0.45,4,16,0,0.25,0.1111111111111111,1,2,1,0,lfv1_edge_mean,0.1426161766052246,<=,proxy_or_output_feature,0.2
rule,20,30.930389670411746,0.9818769127130509,-0.32763138430783767,-0.6069163606048823,0.0,-0.780381878890004,0.0,0.3,0.45,4,16,0,0.25,0.1111111111111111,1,2,1,0,lfv1_lap_var,0.07690992802381516,<=,proxy_or_output_feature,0.2
rule,20,30.930389670411746,0.9818769127130509,-0.32763138430783767,-0.6069163606048823,0.0,-0.780381878890004,0.0,0.3,0.45,4,16,0,0.25,0.1111111111111111,1,2,1,0,residual_edge_mean,0.14373815059661865,<=,proxy_or_output_feature,0.2
rule,20,30.930389670411746,0.9818769127130509,-0.32763138430783767,-0.6069163606048823,0.0,-0.780381878890004,0.0,0.3,0.45,4,16,0,0.25,0.1111111111111111,1,2,1,0,residual_lap_var,0.0781382068991661,<=,proxy_or_output_feature,0.2
rule,20,30.929464211444973,0.9818695724010468,-0.3285568432746134,-0.607841819571658,-0.03490503343985196,-2.6649188414797154,1.3573288980360791,0.3,0.4,17,3,0,0.4117647058823529,0.7777777777777778,3,5,5,1,rescalib_from_lfv1_residual_norm_ratio,0.27144442911676453,>=,gt_aware_diagnostic,0.85
rule,20,30.92893093953419,0.9819255709648133,-0.32909011518539727,-0.608375091482442,0.0,-1.2361185006151576,0.024474973922054836,0.3,0.5,5,15,0,0.4,0.2222222222222222,0,3,1,0,baseline_saturation_abs_bias,0.004033345729112625,<=,gt_aware_diagnostic,0.25
rule,20,30.928874008939612,0.9827279716730117,-0.32914704577996795,-0.6084320220770125,0.0,-1.14819694110262,0.05540160898947598,0.25,0.35,8,12,0,0.25,0.2222222222222222,2,3,2,0,residual_lfv1_luma_std_delta,0.00019157826900482167,<=,proxy_or_output_feature,0.4
rule,20,30.92875250683961,0.981967282295227,-0.329268547879977,-0.6085535241770217,0.0,-2.6649188414797154,1.2384055230704805,0.3,0.4,15,5,0,0.4,0.6666666666666666,3,4,5,0,residual_lfv1_edge_mean_delta_abs,0.0026540160179138184,<=,proxy_or_output_feature,0.75
rule,20,30.92875250683961,0.981967282295227,-0.329268547879977,-0.6085535241770217,0.0,-2.6649188414797154,1.2384055230704805,0.3,0.4,15,5,0,0.4,0.6666666666666666,3,4,5,0,residual_lfv1_highfreq_abs_mean_delta_abs,0.00042585888877511024,<=,proxy_or_output_feature,0.75
rule,20,30.927552374286485,0.9819685697555542,-0.3304686804331071,-0.6097536567301518,-0.03490503343985196,-2.6649188414797154,1.2384055230704805,0.35,0.45,18,2,0,0.4444444444444444,0.8888888888888888,4,4,7,0,lfv1_from_baseline_residual_error_ratio,1.2845373653174041,<=,gt_aware_diagnostic,0.9
rule,20,30.92678591963994,0.9823787301778794,-0.3312351350796467,-0.6105201113766914,0.0,-2.0018461689531577,1.2384055230704805,0.2,0.35,14,6,0,0.35714285714285715,0.5555555555555556,3,4,3,1,lfv1_delta_e_p95,7.40716061592102,<=,gt_aware_diagnostic,0.7
rule,20,30.926724536598652,0.9821607559919358,-0.3312965181209364,-0.610581494417981,0.0,-1.8670252111650147,0.03215664225274334,0.3,0.45,6,14,0,0.3333333333333333,0.2222222222222222,2,2,2,0,residual_luma_abs_bias,0.027725943922996522,>=,gt_aware_diagnostic,0.3
rule,20,30.92668720066307,0.9819577544927597,-0.3313338540565214,-0.610618830353566,0.0,-2.6649188414797154,1.2176118705098782,0.4,0.45,12,8,0,0.4166666666666667,0.5555555555555556,3,4,5,0,lfv1_highfreq_abs_mean,0.036059807240962985,<=,proxy_or_output_feature,0.6
rule,20,30.92668720066307,0.9819577544927597,-0.3313338540565214,-0.610618830353566,0.0,-2.6649188414797154,1.2176118705098782,0.4,0.45,12,8,0,0.4166666666666667,0.5555555555555556,3,4,5,0,residual_highfreq_abs_mean,0.03659526407718658,<=,proxy_or_output_feature,0.6
rule,20,30.92664227102997,0.9820096850395202,-0.33137878368961804,-0.6106637599866627,0.0,-2.6649188414797154,1.2384055230704805,0.45,0.5,15,5,0,0.4666666666666667,0.7777777777777778,4,4,7,0,baseline_highfreq_abs_mean,0.03968921024352312,<=,proxy_or_output_feature,0.75
rule,20,30.92664227102997,0.9820096850395202,-0.33137878368961804,-0.6106637599866627,0.0,-2.6649188414797154,1.2384055230704805,0.45,0.5,15,5,0,0.4666666666666667,0.7777777777777778,4,4,7,0,lfv1_highfreq_abs_mean,0.03889811038970947,<=,proxy_or_output_feature,0.75
rule,20,30.92664227102997,0.9820096850395202,-0.33137878368961804,-0.6106637599866627,0.0,-2.6649188414797154,1.2384055230704805,0.45,0.5,15,5,0,0.4666666666666667,0.7777777777777778,4,4,7,0,residual_highfreq_abs_mean,0.03865085728466511,<=,proxy_or_output_feature,0.75
rule,20,30.92652363011623,0.9821191608905793,-0.3314974246033621,-0.6107824009004068,0.0,-1.995246574251296,0.8274756218343117,0.3,0.45,12,8,0,0.4166666666666667,0.5555555555555556,3,4,4,0,residual_lfv1_lap_var_delta,-0.0007013082504272462,>=,proxy_or_output_feature,0.6
rule,20,30.9254404361902,0.9819517344236374,-0.3325806185293825,-0.6118655948264271,0.0,-1.2361185006151576,0.024474973922054836,0.25,0.45,6,14,0,0.3333333333333333,0.2222222222222222,0,3,1,0,baseline_saturation_abs_bias,0.004525320231914521,<=,gt_aware_diagnostic,0.3
rule,20,30.9243350014713,0.9818388819694519,-0.3336860532482964,-0.612971029545341,-0.03490503343985196,-2.6649188414797154,1.4852778838082745,0.3,0.35,16,4,0,0.375,0.6666666666666666,3,5,5,1,lfv1_luma_bias,0.0029524445533752434,<=,gt_aware_diagnostic,0.8
rule,20,30.9243350014713,0.9818388819694519,-0.3336860532482964,-0.612971029545341,-0.03490503343985196,-2.6649188414797154,1.4852778838082745,0.3,0.35,16,4,0,0.375,0.6666666666666666,3,5,5,1,residual_luma_bias,0.0017116606235504145,<=,gt_aware_diagnostic,0.8
rule,20,30.923792892105347,0.9819558620452881,-0.33422816261423643,-0.6135131389112811,0.0,-2.6649188414797154,0.8274756218343117,0.45,0.55,10,10,0,0.5,0.5555555555555556,1,4,4,0,baseline_luma_mean,0.5047582685947418,>=,proxy_or_output_feature,0.5
rule,20,30.923792892105347,0.9819558620452881,-0.33422816261423643,-0.6135131389112811,0.0,-2.6649188414797154,0.8274756218343117,0.45,0.55,10,10,0,0.5,0.5555555555555556,1,4,4,0,residual_luma_mean,0.5048645734786987,>=,proxy_or_output_feature,0.5
rule,20,30.923033126772246,0.9821453243494034,-0.33498792794734733,-0.614272904244392,0.0,-1.995246574251296,0.8274756218343117,0.25,0.4,13,7,0,0.38461538461538464,0.5555555555555556,3,4,4,0,residual_lfv1_lap_var_delta,-0.0009468600153923034,>=,proxy_or_output_feature,0.65
rule,20,30.922545881698817,0.9817612409591675,-0.33547517302077134,-0.614760149317816,0.0,-2.6649188414797154,0.4095182713441995,0.4,0.5,7,13,0,0.42857142857142855,0.3333333333333333,1,3,3,0,baseline_lap_var,0.10960248075425624,<=,proxy_or_output_feature,0.35
rule,20,30.922545881698817,0.9817612409591675,-0.33547517302077134,-0.614760149317816,0.0,-2.6649188414797154,0.4095182713441995,0.4,0.5,7,13,0,0.42857142857142855,0.3333333333333333,1,3,3,0,lfv1_lap_var,0.11211593858897687,<=,proxy_or_output_feature,0.35
rule,20,30.922545881698817,0.9817612409591675,-0.33547517302077134,-0.614760149317816,0.0,-2.6649188414797154,0.4095182713441995,0.4,0.5,7,13,0,0.42857142857142855,0.3333333333333333,1,3,3,0,residual_lap_var,0.11134236305952072,<=,proxy_or_output_feature,0.35
rule,20,30.922421549957868,0.9819609731435776,-0.3355995047617208,-0.6148844810587655,0.0,-2.6649188414797154,1.2384055230704805,0.45,0.45,16,4,0,0.4375,0.7777777777777778,4,4,7,0,lfv1_edge_mean,0.2472731828689575,<=,proxy_or_output_feature,0.8
rule,20,30.922421549957868,0.9819609731435776,-0.3355995047617208,-0.6148844810587655,0.0,-2.6649188414797154,1.2384055230704805,0.45,0.45,16,4,0,0.4375,0.7777777777777778,4,4,7,0,residual_edge_mean,0.2448178708553314,<=,proxy_or_output_feature,0.8
rule,20,30.922421549957868,0.9819609731435776,-0.3355995047617208,-0.6148844810587655,0.0,-2.6649188414797154,1.2384055230704805,0.45,0.45,16,4,0,0.4375,0.7777777777777778,4,4,7,0,residual_highfreq_abs_mean,0.04115206152200698,<=,proxy_or_output_feature,0.8
rule,20,30.921649370225985,0.981897097826004,-0.33637168449360716,-0.6156566607906517,-0.03490503343985196,-2.6649188414797154,1.4852778838082745,0.25,0.35,16,4,0,0.375,0.6666666666666666,3,5,4,1,rescalib_from_baseline_residual_norm_ratio,0.2767229569937898,>=,gt_aware_diagnostic,0.8
rule,20,30.919601127538307,0.9819796353578567,-0.3384199271812854,-0.61770490347833,0.0,-1.995246574251296,0.03215664225274334,0.3,0.45,6,14,0,0.3333333333333333,0.2222222222222222,2,2,2,0,residual_dark_channel_abs_bias,0.025237300992012025,>=,gt_aware_diagnostic,0.3
rule,20,30.91953560839756,0.9820091277360916,-0.3384854463220316,-0.6177704226190762,0.0,-2.6649188414797154,1.2384055230704805,0.35,0.45,16,4,0,0.4375,0.7777777777777778,4,4,7,0,lfv1_from_baseline_residual_error_ratio,1.1407374221000603,<=,gt_aware_diagnostic,0.8
rule,20,30.918812405700145,0.9820966124534607,-0.3392086490194501,-0.6184936253164948,0.0,-1.995246574251296,0.8274756218343117,0.25,0.35,14,6,0,0.35714285714285715,0.5555555555555556,3,4,4,0,residual_lfv1_lap_var_delta,-0.0012119315564632414,>=,proxy_or_output_feature,0.7
rule,20,30.918400994985177,0.9819809228181839,-0.3396200597344155,-0.6189050360314601,0.0,-1.995246574251296,0.5772108287680324,0.35,0.5,9,11,0,0.4444444444444444,0.4444444444444444,3,2,4,0,baseline_mae,0.01931544588878751,>=,gt_aware_diagnostic,0.45
rule,20,30.918400994985177,0.9819809228181839,-0.3396200597344155,-0.6189050360314601,0.0,-1.995246574251296,0.5772108287680324,0.35,0.5,9,11,0,0.4444444444444444,0.4444444444444444,3,2,4,0,lfv1_mae,0.020469621755182743,>=,gt_aware_diagnostic,0.45
rule,20,30.91785371437644,0.9817579716444016,-0.3401673403431449,-0.6194523166401895,0.0,-2.6649188414797154,1.3365352454754769,0.35,0.5,13,7,0,0.46153846153846156,0.6666666666666666,3,4,4,1,residual_saturation_mean,0.29691612124443056,<=,proxy_or_output_feature,0.65
rule,20,30.916840308922453,0.9818012952804566,-0.34118074579713936,-0.620465722094184,0.0,-2.6649188414797154,1.2384055230704805,0.35,0.45,16,4,0,0.4375,0.7777777777777778,3,4,6,0,lfv1_saturation_abs_bias,0.015380215644836423,<=,gt_aware_diagnostic,0.8
rule,20,30.91643762539807,0.9826058506965637,-0.341583429321509,-0.6208684056185536,0.0,-1.793350469773175,0.5772108287680324,0.15,0.35,10,10,0,0.3,0.3333333333333333,4,2,3,0,lfv1_from_baseline_residual_cosine,0.252355195581913,>=,gt_aware_diagnostic,0.5
rule,20,30.91643762539807,0.9826058506965637,-0.341583429321509,-0.6208684056185536,0.0,-1.793350469773175,0.5772108287680324,0.15,0.35,10,10,0,0.3,0.3333333333333333,4,2,3,0,lfv1_from_baseline_luma_residual_cosine,0.25885652750730515,>=,gt_aware_diagnostic,0.5
rule,20,30.91601247123462,0.9819934815168381,-0.34200858348496865,-0.6212935597820133,0.0,-1.8670252111650147,0.0,0.3,0.45,4,16,0,0.25,0.1111111111111111,1,2,1,0,residual_luma_bias,-0.027331984043121337,<=,gt_aware_diagnostic,0.2
rule,20,30.915613624277285,0.9821538388729095,-0.3424074304423099,-0.6216924067393546,-0.03490503343985196,-1.995246574251296,1.2033953165351896,0.25,0.35,16,4,0,0.375,0.6666666666666666,4,4,5,0,airlight,0.87,<=,proxy_or_output_feature,0.8
rule,20,30.915314887325458,0.9819604158401489,-0.3427061673941344,-0.621991143691179,-0.03490503343985196,-2.6649188414797154,1.2384055230704805,0.35,0.4,17,3,0,0.4117647058823529,0.7777777777777778,4,4,7,0,lfv1_from_baseline_residual_error_ratio,1.1963511001210019,<=,gt_aware_diagnostic,0.85
rule,20,30.914723839552643,0.9818734616041184,-0.3432972151669464,-0.6225821914639911,0.0,-2.6649188414797154,0.4095182713441995,0.3,0.45,10,10,0,0.4,0.4444444444444444,2,3,3,0,baseline_edge_error,0.014433538541197777,<=,gt_aware_diagnostic,0.5
rule,20,30.914353650911856,0.9818352788686753,-0.34366740380772515,-0.6229523801047698,0.0,-2.6649188414797154,0.8440025816490673,0.4,0.5,11,9,0,0.45454545454545453,0.5555555555555556,2,4,4,1,lfv1_dark_channel_abs_bias,0.007628144323825838,>=,gt_aware_diagnostic,0.55
rule,20,30.914311349285374,0.9818763315677643,-0.34370970543420915,-0.6229946817312537,0.0,-0.780381878890004,0.0,0.25,0.4,3,17,0,0.0,0.0,1,2,0,0,baseline_edge_mean,0.12898484617471695,<=,proxy_or_output_feature,0.15
rule,20,30.914311349285374,0.9818763315677643,-0.34370970543420915,-0.6229946817312537,0.0,-0.780381878890004,0.0,0.25,0.4,3,17,0,0.0,0.0,1,2,0,0,baseline_lap_var,0.07565918527543546,<=,proxy_or_output_feature,0.15
rule,20,30.914311349285374,0.9818763315677643,-0.34370970543420915,-0.6229946817312537,0.0,-0.780381878890004,0.0,0.25,0.4,3,17,0,0.0,0.0,1,2,0,0,lfv1_edge_mean,0.12591914795339107,<=,proxy_or_output_feature,0.15
rule,20,30.914311349285374,0.9818763315677643,-0.34370970543420915,-0.6229946817312537,0.0,-0.780381878890004,0.0,0.25,0.4,3,17,0,0.0,0.0,1,2,0,0,lfv1_lap_var,0.07334841601550579,<=,proxy_or_output_feature,0.15
rule,20,30.914311349285374,0.9818763315677643,-0.34370970543420915,-0.6229946817312537,0.0,-0.780381878890004,0.0,0.25,0.4,3,17,0,0.0,0.0,1,2,0,0,residual_lap_var,0.07251007854938507,<=,proxy_or_output_feature,0.15
rule,20,30.914098884137434,0.9819430232048034,-0.34392217058214597,-0.6232071468791907,0.0,-2.6649188414797154,0.8274756218343117,0.4,0.5,9,11,0,0.4444444444444444,0.4444444444444444,1,4,3,1,residual_lfv1_dark_channel_mean_delta_abs,0.006156535446643829,>=,proxy_or_output_feature,0.45
rule,20,30.91399617718763,0.9823650181293487,-0.34402487753196365,-0.6233098538290083,0.0,-2.0018461689531577,1.2033953165351896,0.25,0.4,11,9,0,0.36363636363636365,0.4444444444444444,3,4,3,1,residual_lfv1_lap_var_delta_abs,0.001504671946167946,>=,proxy_or_output_feature,0.55
rule,20,30.9133858903186,0.9818689912557602,-0.3446351644009848,-0.6239201406980295,-0.03490503343985196,-2.6649188414797154,1.3573288980360791,0.25,0.35,16,4,0,0.375,0.6666666666666666,3,5,4,1,rescalib_from_lfv1_residual_norm_ratio,0.3842005878861264,>=,gt_aware_diagnostic,0.8
rule,20,30.913288069908834,0.9822128653526306,-0.34473298481076053,-0.6240179611078052,-0.03490503343985196,-2.6649188414797154,1.2384055230704805,0.35,0.4,17,3,0,0.4117647058823529,0.7777777777777778,3,5,6,0,baseline_saturation_bias,0.01203060746192932,<=,gt_aware_diagnostic,0.85
rule,20,30.912971861104268,0.9819200664758683,-0.34504919361532094,-0.6243341699123656,-0.03490503343985196,-1.995246574251296,1.2176118705098782,0.25,0.35,16,4,0,0.375,0.6666666666666666,4,4,5,0,residual_lfv1_saturation_mean_delta_abs,0.00821027159690857,<=,proxy_or_output_feature,0.8
rule,20,30.912163178198956,0.9819781988859176,-0.3458578765206289,-0.6251428528176735,0.0,-2.6649188414797154,1.2176118705098782,0.35,0.5,13,7,0,0.46153846153846156,0.6666666666666666,2,5,4,1,baseline_luma_mean,0.4532690167427063,>=,proxy_or_output_feature,0.65
rule,20,30.912163178198956,0.9819781988859176,-0.3458578765206289,-0.6251428528176735,0.0,-2.6649188414797154,1.2176118705098782,0.35,0.5,13,7,0,0.46153846153846156,0.6666666666666666,2,5,4,1,lfv1_luma_mean,0.4552023261785507,>=,proxy_or_output_feature,0.65
rule,20,30.912163178198956,0.9819781988859176,-0.3458578765206289,-0.6251428528176735,0.0,-2.6649188414797154,1.2176118705098782,0.35,0.5,13,7,0,0.46153846153846156,0.6666666666666666,2,5,4,1,residual_luma_mean,0.4526911601424217,>=,proxy_or_output_feature,0.65
rule,20,30.91207982510095,0.9815565079450608,-0.34594122961864143,-0.6252262059156861,0.0,-2.6649188414797154,1.2176118705098782,0.3,0.4,9,11,0,0.3333333333333333,0.3333333333333333,1,4,2,1,residual_saturation_bias,0.004860645532608031,>=,gt_aware_diagnostic,0.45
rule,20,30.911046004203182,0.9817181080579758,-0.3469750505164068,-0.6262600268134515,0.0,-2.6649188414797154,1.2033953165351896,0.4,0.55,12,8,0,0.5,0.6666666666666666,3,3,5,0,residual_lap_var,0.14582806527614595,<=,proxy_or_output_feature,0.6
rule,20,30.910445308989857,0.9821185797452927,-0.3475757457297336,-0.6268607220267782,0.0,-1.995246574251296,0.8274756218343117,0.25,0.4,11,9,0,0.36363636363636365,0.4444444444444444,3,4,3,0,residual_lfv1_lap_var_delta,-0.000564451515674591,>=,proxy_or_output_feature,0.55
rule,20,30.910144877558686,0.9823629796504975,-0.3478761771609067,-0.6271611534579513,0.0,-1.793350469773175,0.0,0.2,0.3,7,13,0,0.14285714285714285,0.1111111111111111,2,3,1,0,residual_luma_std_delta,-0.000291725993156433,<=,gt_aware_diagnostic,0.35
rule,20,30.909699745157138,0.9820218801498413,-0.34832130956245405,-0.6276062858594986,0.0,-1.8670252111650147,0.0,0.3,0.4,5,15,0,0.2,0.1111111111111111,1,3,1,0,residual_luma_abs_bias_regression_vs_lfv1,0.005145847797393799,>=,gt_aware_diagnostic,0.25
rule,20,30.909699745157138,0.9820218801498413,-0.34832130956245405,-0.6276062858594986,0.0,-1.8670252111650147,0.0,0.3,0.4,5,15,0,0.2,0.1111111111111111,1,3,1,0,residual_lfv1_luma_mean_delta,-0.008432954549789429,<=,proxy_or_output_feature,0.25
rule,20,30.909699745157138,0.9820218801498413,-0.34832130956245405,-0.6276062858594986,0.0,-1.8670252111650147,0.0,0.3,0.4,5,15,0,0.2,0.1111111111111111,1,3,1,0,residual_lfv1_luma_mean_delta_abs,0.008432954549789429,>=,proxy_or_output_feature,0.25
rule,20,30.909699745157138,0.9820218801498413,-0.34832130956245405,-0.6276062858594986,0.0,-1.8670252111650147,0.0,0.3,0.4,5,15,0,0.2,0.1111111111111111,1,3,1,0,residual_lfv1_dark_channel_mean_delta,-0.009660139679908752,<=,proxy_or_output_feature,0.25
rule,20,30.909325868046086,0.9817999571561813,-0.3486951866735028,-0.6279801629705475,0.0,-2.6649188414797154,0.0,0.25,0.4,5,15,0,0.2,0.1111111111111111,1,3,0,1,residual_lfv1_luma_std_delta_abs,0.003936894237995148,>=,proxy_or_output_feature,0.25
rule,20,30.90924531107355,0.9822334706783294,-0.3487757436460354,-0.6280607199430801,0.0,-2.6649188414797154,1.2033953165351896,0.35,0.45,16,4,0,0.4375,0.7777777777777778,3,5,6,0,lfv1_saturation_bias,0.009031780064105988,<=,gt_aware_diagnostic,0.8
rule,20,30.908889062174275,0.9818123608827591,-0.3491319925453176,-0.6284169688423622,0.0,-1.995246574251296,0.0,0.3,0.45,4,16,0,0.25,0.1111111111111111,1,2,1,0,baseline_saturation_mean,0.1357619300484657,<=,proxy_or_output_feature,0.2
rule,20,30.908889062174275,0.9818123608827591,-0.3491319925453176,-0.6284169688423622,0.0,-1.995246574251296,0.0,0.3,0.45,4,16,0,0.25,0.1111111111111111,1,2,1,0,lfv1_saturation_mean,0.12525261789560319,<=,proxy_or_output_feature,0.2
rule,20,30.908889062174275,0.9818123608827591,-0.3491319925453176,-0.6284169688423622,0.0,-1.995246574251296,0.0,0.3,0.45,4,16,0,0.25,0.1111111111111111,1,2,1,0,residual_saturation_mean,0.12580955773591995,<=,proxy_or_output_feature,0.2
rule,20,30.908658125706808,0.981900668144226,-0.3493629290127851,-0.6286479053098297,0.0,-2.6649188414797154,0.8274756218343117,0.35,0.45,10,10,0,0.4,0.4444444444444444,3,3,4,0,baseline_edge_mean,0.20109718292951584,<=,proxy_or_output_feature,0.5
rule,20,30.908658125706808,0.981900668144226,-0.3493629290127851,-0.6286479053098297,0.0,-2.6649188414797154,0.8274756218343117,0.35,0.45,10,10,0,0.4,0.4444444444444444,3,3,4,0,baseline_highfreq_abs_mean,0.034867679700255394,<=,proxy_or_output_feature,0.5
rule,20,30.908658125706808,0.981900668144226,-0.3493629290127851,-0.6286479053098297,0.0,-2.6649188414797154,0.8274756218343117,0.35,0.45,10,10,0,0.4,0.4444444444444444,3,3,4,0,lfv1_edge_mean,0.20240675657987595,<=,proxy_or_output_feature,0.5
rule,20,30.908658125706808,0.981900668144226,-0.3493629290127851,-0.6286479053098297,0.0,-2.6649188414797154,0.8274756218343117,0.35,0.45,10,10,0,0.4,0.4444444444444444,3,3,4,0,lfv1_highfreq_abs_mean,0.0350395105779171,<=,proxy_or_output_feature,0.5
rule,20,30.908658125706808,0.981900668144226,-0.3493629290127851,-0.6286479053098297,0.0,-2.6649188414797154,0.8274756218343117,0.35,0.45,10,10,0,0.4,0.4444444444444444,3,3,4,0,residual_edge_mean,0.20295095443725586,<=,proxy_or_output_feature,0.5
rule,20,30.908658125706808,0.981900668144226,-0.3493629290127851,-0.6286479053098297,0.0,-2.6649188414797154,0.8274756218343117,0.35,0.45,10,10,0,0.4,0.4444444444444444,3,3,4,0,residual_highfreq_abs_mean,0.03510596603155136,<=,proxy_or_output_feature,0.5
rule,20,30.90804055985513,0.981723490357399,-0.34998049486446037,-0.629265471161505,0.0,-2.6649188414797154,1.2176118705098782,0.35,0.5,11,9,0,0.45454545454545453,0.5555555555555556,3,3,4,1,baseline_dark_channel_abs_bias,0.006580372154712678,>=,gt_aware_diagnostic,0.55
rule,20,30.90804055985513,0.981723490357399,-0.34998049486446037,-0.629265471161505,0.0,-2.6649188414797154,1.2176118705098782,0.35,0.5,11,9,0,0.45454545454545453,0.5555555555555556,3,3,4,1,residual_dark_channel_abs_bias,0.011411821097135549,>=,gt_aware_diagnostic,0.55
rule,20,30.908003758101664,0.981857630610466,-0.35001729661792547,-0.6293022729149701,0.0,-1.995246574251296,0.03215664225274334,0.3,0.45,6,14,0,0.3333333333333333,0.2222222222222222,2,2,2,0,baseline_saturation_mean,0.1637529119849205,<=,proxy_or_output_feature,0.3
rule,20,30.908003758101664,0.981857630610466,-0.35001729661792547,-0.6293022729149701,0.0,-1.995246574251296,0.03215664225274334,0.3,0.45,6,14,0,0.3333333333333333,0.2222222222222222,2,2,2,0,lfv1_saturation_mean,0.1575531080365181,<=,proxy_or_output_feature,0.3
rule,20,30.908003758101664,0.981857630610466,-0.35001729661792547,-0.6293022729149701,0.0,-1.995246574251296,0.03215664225274334,0.3,0.45,6,14,0,0.3333333333333333,0.2222222222222222,2,2,2,0,residual_saturation_mean,0.16109569370746613,<=,proxy_or_output_feature,0.3
rule,20,30.907986379864973,0.9818436920642852,-0.35003467485461465,-0.6293196511516592,-0.07711224416087958,-2.6649188414797154,1.4852778838082745,0.25,0.35,18,2,0,0.3888888888888889,0.7777777777777778,4,5,5,1,rescalib_from_baseline_residual_cosine,0.679177314043045,<=,gt_aware_diagnostic,0.9
rule,20,30.907986379864973,0.9818436920642852,-0.35003467485461465,-0.6293196511516592,-0.07711224416087958,-2.6649188414797154,1.4852778838082745,0.25,0.35,18,2,0,0.3888888888888889,0.7777777777777778,4,5,5,1,rescalib_from_baseline_luma_residual_cosine,0.6822826087474823,<=,gt_aware_diagnostic,0.9
rule,20,30.906958232424152,0.9819205135107041,-0.3510628222954312,-0.6303477985924758,0.0,-2.6649188414797154,1.2384055230704805,0.4,0.45,16,4,0,0.4375,0.7777777777777778,4,4,6,0,baseline_edge_mean,0.25158511400222777,<=,proxy_or_output_feature,0.8
rule,20,30.90665437421469,0.9823891431093216,-0.3513666805048919,-0.6306516568019365,0.0,-1.793350469773175,0.0,0.15,0.25,8,12,0,0.125,0.1111111111111111,2,3,1,0,residual_luma_std_delta,4.4369697570800624e-05,<=,gt_aware_diagnostic,0.4
rule,20,30.90561622741542,0.9817498177289963,-0.3524048273041721,-0.6316898036012167,0.0,-2.6649188414797154,1.3365352454754769,0.35,0.45,12,8,0,0.4166666666666667,0.5555555555555556,3,4,4,1,residual_lfv1_luma_std_delta_abs,0.0010092675685882569,>=,proxy_or_output_feature,0.6
rule,20,30.904994839505513,0.9818490087985993,-0.3530262152140745,-0.6323111915111191,0.0,-2.6649188414797154,1.2384055230704805,0.4,0.55,16,4,0,0.5,0.8888888888888888,3,5,6,1,baseline_luma_mean,0.4220495283603668,>=,proxy_or_output_feature,0.8
rule,20,30.904994839505513,0.9818490087985993,-0.3530262152140745,-0.6323111915111191,0.0,-2.6649188414797154,1.2384055230704805,0.4,0.55,16,4,0,0.5,0.8888888888888888,3,5,6,1,lfv1_luma_mean,0.4139650881290436,>=,proxy_or_output_feature,0.8
rule,20,30.904994839505513,0.9818490087985993,-0.3530262152140745,-0.6323111915111191,0.0,-2.6649188414797154,1.2384055230704805,0.4,0.55,16,4,0,0.5,0.8888888888888888,3,5,6,1,residual_luma_mean,0.4165672779083252,>=,proxy_or_output_feature,0.8
rule,20,30.904846294327875,0.9819036781787872,-0.3531747603917065,-0.6324597366887511,0.0,-1.171027633423447,0.0,0.3,0.45,4,16,0,0.25,0.1111111111111111,0,3,0,0,lfv1_luma_mean,0.5658775210380554,>=,proxy_or_output_feature,0.2
rule,20,30.904846294327875,0.9819036781787872,-0.3531747603917065,-0.6324597366887511,0.0,-1.171027633423447,0.0,0.3,0.45,4,16,0,0.25,0.1111111111111111,0,3,0,0,residual_luma_mean,0.5591477751731873,>=,proxy_or_output_feature,0.2
rule,20,30.90370902105294,0.9818095475435257,-0.35431203366665026,-0.633597009963695,0.0,-2.6649188414797154,1.2176118705098782,0.3,0.5,13,7,0,0.46153846153846156,0.6666666666666666,4,3,4,1,baseline_dark_channel_abs_bias,0.004132083058357239,>=,gt_aware_diagnostic,0.65
rule,20,30.903573314393572,0.9821365416049957,-0.35444774032601123,-0.6337327166230559,0.0,-2.0018461689531577,0.0,0.3,0.45,4,16,0,0.25,0.1111111111111111,1,2,1,0,residual_edge_error_regression_vs_lfv1,0.0009091183543205259,>=,gt_aware_diagnostic,0.2
rule,20,30.903344371442792,0.9825920581817627,-0.35467668327680035,-0.633961659573845,0.0,-1.793350469773175,0.07859634786275654,0.2,0.35,8,12,0,0.25,0.2222222222222222,3,3,2,0,residual_lfv1_lap_var_delta,0.0006332341581583024,>=,proxy_or_output_feature,0.4
rule,20,30.903206266055385,0.9818910866975784,-0.354814788664207,-0.6340997649612516,0.0,-1.995246574251296,0.6352499317895455,0.2,0.35,14,6,0,0.35714285714285715,0.5555555555555556,4,3,4,0,residual_lfv1_saturation_mean_delta_abs,0.007344552874565124,<=,proxy_or_output_feature,0.7
rule,20,30.9025760045448,0.982045590877533,-0.3554450501747928,-0.6347300264718374,0.0,-2.6649188414797154,1.2384055230704805,0.35,0.4,15,5,0,0.4,0.6666666666666666,2,5,5,0,baseline_saturation_abs_bias,0.01205030083656311,<=,gt_aware_diagnostic,0.75
rule,20,30.901284688613224,0.981835874915123,-0.356736366106362,-0.6360213424034067,0.0,-2.6649188414797154,1.3365352454754769,0.3,0.45,14,6,0,0.42857142857142855,0.6666666666666666,4,4,4,1,residual_saturation_mean,0.29697792530059813,<=,proxy_or_output_feature,0.7
rule,20,30.901230135039448,0.9818769574165345,-0.3567909196801349,-0.6360758959771795,0.0,-1.2361185006151576,0.0,0.25,0.45,4,16,0,0.25,0.1111111111111111,0,3,0,0,baseline_saturation_abs_bias,0.0033356130123138425,<=,gt_aware_diagnostic,0.2
rule,20,30.900956197825195,0.9817910522222519,-0.3570648568943941,-0.6363498331914388,0.0,-1.995246574251296,0.4095182713441995,0.2,0.4,11,9,0,0.36363636363636365,0.4444444444444444,3,3,3,0,lfv1_edge_error,0.014821046870201825,<=,gt_aware_diagnostic,0.55
rule,20,30.90077411843341,0.9818002969026566,-0.35724693628617726,-0.6365319125832218,0.0,-2.6649188414797154,1.2384055230704805,0.4,0.5,17,3,0,0.47058823529411764,0.8888888888888888,3,5,6,1,residual_luma_abs_bias,0.0022319599986076353,>=,gt_aware_diagnostic,0.85
rule,20,30.899934150108248,0.9819929003715515,-0.3580869046113401,-0.6373718809083847,0.0,-1.8670252111650147,0.0,0.25,0.4,3,17,0,0.0,0.0,1,2,0,0,rescalib_from_lfv1_residual_cosine,-0.33790480494499203,<=,gt_aware_diagnostic,0.15
rule,20,30.899934150108248,0.9819929003715515,-0.3580869046113401,-0.6373718809083847,0.0,-1.8670252111650147,0.0,0.25,0.4,3,17,0,0.0,0.0,1,2,0,0,rescalib_from_lfv1_luma_residual_cosine,-0.3502754032611847,<=,gt_aware_diagnostic,0.15
rule,20,30.899914225471655,0.9815915912389755,-0.3581068292479273,-0.6373918055449719,0.0,-2.6649188414797154,1.2033953165351896,0.4,0.55,10,10,0,0.5,0.5555555555555556,2,3,4,0,lfv1_lap_var,0.1383127123117447,<=,proxy_or_output_feature,0.5
rule,20,30.89921992795712,0.9818256437778473,-0.35880112676246867,-0.6380861030595133,-0.03490503343985196,-2.6649188414797154,1.2384055230704805,0.3,0.35,16,4,0,0.375,0.6666666666666666,3,5,5,0,lfv1_edge_error,0.01699181906878948,<=,gt_aware_diagnostic,0.8
rule,20,30.89921992795712,0.9818256437778473,-0.35880112676246867,-0.6380861030595133,-0.03490503343985196,-2.6649188414797154,1.2384055230704805,0.3,0.35,16,4,0,0.375,0.6666666666666666,3,5,5,0,residual_edge_error,0.017022682726383208,<=,gt_aware_diagnostic,0.8
rule,20,30.89896367039782,0.9819604158401489,-0.3590573843217754,-0.6383423606188201,0.0,-1.995246574251296,0.36800612813744205,0.3,0.45,8,12,0,0.375,0.3333333333333333,3,2,3,0,baseline_luma_abs_bias,0.011000120639801027,>=,gt_aware_diagnostic,0.4
rule,20,30.89896367039782,0.9819604158401489,-0.3590573843217754,-0.6383423606188201,0.0,-1.995246574251296,0.36800612813744205,0.3,0.45,8,12,0,0.375,0.3333333333333333,3,2,3,0,lfv1_luma_abs_bias,0.014908331632614137,>=,gt_aware_diagnostic,0.4
rule,20,30.89896367039782,0.9819604158401489,-0.3590573843217754,-0.6383423606188201,0.0,-1.995246574251296,0.36800612813744205,0.3,0.45,8,12,0,0.375,0.3333333333333333,3,2,3,0,residual_luma_abs_bias,0.011887466907501221,>=,gt_aware_diagnostic,0.4
rule,20,30.898941466535234,0.9819610714912415,-0.35907958818435565,-0.6383645644814002,0.0,-2.6649188414797154,1.2384055230704805,0.4,0.45,14,6,0,0.42857142857142855,0.6666666666666666,4,4,6,0,baseline_highfreq_abs_mean,0.037379907071590425,<=,proxy_or_output_feature,0.7
rule,20,30.898941466535234,0.9819610714912415,-0.35907958818435565,-0.6383645644814002,0.0,-2.6649188414797154,1.2384055230704805,0.4,0.45,14,6,0,0.42857142857142855,0.6666666666666666,4,4,6,0,lfv1_highfreq_abs_mean,0.037721641734242445,<=,proxy_or_output_feature,0.7
rule,20,30.894806762064736,0.9817887932062149,-0.3632142926548518,-0.6424992689518965,0.0,-1.995246574251296,0.2524314075512334,0.2,0.4,9,11,0,0.3333333333333333,0.3333333333333333,3,2,2,0,residual_edge_error,0.014937070850282909,<=,gt_aware_diagnostic,0.45
rule,20,30.894720745463133,0.9819123595952988,-0.3633003092564584,-0.642585285553503,0.0,-2.6649188414797154,1.2384055230704805,0.4,0.4,15,5,0,0.4,0.6666666666666666,4,4,6,0,baseline_edge_mean,0.23509887978434563,<=,proxy_or_output_feature,0.75
rule,20,30.894720745463133,0.9819123595952988,-0.3633003092564584,-0.642585285553503,0.0,-2.6649188414797154,1.2384055230704805,0.4,0.4,15,5,0,0.4,0.6666666666666666,4,4,6,0,lfv1_edge_mean,0.2348095402121544,<=,proxy_or_output_feature,0.75
rule,20,30.894720745463133,0.9819123595952988,-0.3633003092564584,-0.642585285553503,0.0,-2.6649188414797154,1.2384055230704805,0.4,0.4,15,5,0,0.4,0.6666666666666666,4,4,6,0,residual_edge_mean,0.23658505454659462,<=,proxy_or_output_feature,0.75
rule,20,30.89462468267295,0.9817980378866196,-0.36339637204663494,-0.6426813483436795,0.0,-2.6649188414797154,1.2384055230704805,0.4,0.5,15,5,0,0.4666666666666667,0.7777777777777778,3,4,5,1,lfv1_luma_abs_bias,0.0026682689785957336,>=,gt_aware_diagnostic,0.75
rule,20,30.89352633018806,0.9818906217813492,-0.3644947245315274,-0.643779700828572,0.0,-2.6649188414797154,0.36800612813744205,0.4,0.5,7,13,0,0.42857142857142855,0.3333333333333333,1,3,3,0,baseline_highfreq_abs_mean,0.031124373991042377,<=,proxy_or_output_feature,0.35
rule,20,30.893469479752923,0.9817473948001861,-0.3645515749666684,-0.643836551263713,0.0,-2.6649188414797154,1.2176118705098782,0.4,0.5,15,5,0,0.4666666666666667,0.7777777777777778,3,4,5,1,residual_luma_abs_bias,0.0038337334990501404,>=,gt_aware_diagnostic,0.75
rule,20,30.892810741047903,0.9818117797374726,-0.36521031367168905,-0.6444952899687337,0.0,-1.995246574251296,0.0,0.25,0.4,3,17,0,0.0,0.0,1,2,0,0,rescalib_from_baseline_residual_cosine,-0.036693352460861195,<=,gt_aware_diagnostic,0.15
rule,20,30.892810741047903,0.9818117797374726,-0.36521031367168905,-0.6444952899687337,0.0,-1.995246574251296,0.0,0.25,0.4,3,17,0,0.0,0.0,1,2,0,0,rescalib_from_baseline_luma_residual_cosine,-0.033605278981849535,<=,gt_aware_diagnostic,0.15
rule,20,30.892757352544482,0.981840854883194,-0.36526370217510173,-0.6445486784721464,0.0,-2.6649188414797154,1.2384055230704805,0.4,0.5,15,5,0,0.4666666666666667,0.7777777777777778,3,5,6,1,residual_lfv1_luma_mean_delta_abs,0.0019397884607315063,>=,proxy_or_output_feature,0.75
rule,20,30.892757352544482,0.981840854883194,-0.36526370217510173,-0.6445486784721464,0.0,-2.6649188414797154,1.2384055230704805,0.4,0.5,15,5,0,0.4666666666666667,0.7777777777777778,3,5,6,1,residual_lfv1_dark_channel_mean_delta_abs,0.002508707344532013,>=,proxy_or_output_feature,0.75
rule,20,30.89263230607876,0.9824247837066651,-0.3653887486408326,-0.6446737249378772,0.0,-1.793350469773175,0.0,0.2,0.35,6,14,0,0.16666666666666666,0.1111111111111111,2,3,1,0,residual_lfv1_lap_var_delta,0.0013560645282268526,>=,proxy_or_output_feature,0.3
rule,20,30.892608807366845,0.981895524263382,-0.36541224735273375,-0.6446972236497783,0.0,-1.171027633423447,0.0,0.3,0.4,3,17,0,0.0,0.0,0,3,0,0,baseline_luma_mean,0.5749328732490538,>=,proxy_or_output_feature,0.15
rule,20,30.892608807366845,0.981895524263382,-0.36541224735273375,-0.6446972236497783,0.0,-1.171027633423447,0.0,0.3,0.4,3,17,0,0.0,0.0,0,3,0,0,baseline_dark_channel_mean,0.4363746553659439,>=,proxy_or_output_feature,0.15
rule,20,30.892608807366845,0.981895524263382,-0.36541224735273375,-0.6446972236497783,0.0,-1.171027633423447,0.0,0.3,0.4,3,17,0,0.0,0.0,0,3,0,0,lfv1_luma_mean,0.574902069568634,>=,proxy_or_output_feature,0.15
rule,20,30.892608807366845,0.981895524263382,-0.36541224735273375,-0.6446972236497783,0.0,-1.171027633423447,0.0,0.3,0.4,3,17,0,0.0,0.0,0,3,0,0,lfv1_dark_channel_mean,0.43749845474958415,>=,proxy_or_output_feature,0.15
rule,20,30.892608807366845,0.981895524263382,-0.36541224735273375,-0.6446972236497783,0.0,-1.171027633423447,0.0,0.3,0.4,3,17,0,0.0,0.0,0,3,0,0,residual_luma_mean,0.5736893087625503,>=,proxy_or_output_feature,0.15
rule,20,30.892608807366845,0.981895524263382,-0.36541224735273375,-0.6446972236497783,0.0,-1.171027633423447,0.0,0.3,0.4,3,17,0,0.0,0.0,0,3,0,0,residual_dark_channel_mean,0.42907274812459945,>=,proxy_or_output_feature,0.15
rule,20,30.891471534091913,0.9818013936281205,-0.36654952062767754,-0.6458344969247222,0.0,-2.6649188414797154,1.2176118705098782,0.3,0.45,12,8,0,0.4166666666666667,0.5555555555555556,4,3,4,1,baseline_dark_channel_abs_bias,0.004926276206970215,>=,gt_aware_diagnostic,0.6
rule,20,30.890700190490435,0.981932309269905,-0.3673208642291531,-0.6466058405261977,0.0,-1.995246574251296,0.36800612813744205,0.3,0.45,8,12,0,0.375,0.3333333333333333,3,2,3,0,baseline_delta_e_p95,6.685781764984132,>=,gt_aware_diagnostic,0.4
rule,20,30.890700190490435,0.981932309269905,-0.3673208642291531,-0.6466058405261977,0.0,-1.995246574251296,0.36800612813744205,0.3,0.45,8,12,0,0.375,0.3333333333333333,3,2,3,0,lfv1_mae,0.022016560658812523,>=,gt_aware_diagnostic,0.4
rule,20,30.889771511241587,0.9819871813058854,-0.3682495434780032,-0.6475345197750478,-0.03490503343985196,-2.6649188414797154,1.2384055230704805,0.35,0.4,17,3,0,0.4117647058823529,0.7777777777777778,3,5,6,0,residual_lfv1_luma_mean_delta,0.004034516215324401,<=,proxy_or_output_feature,0.85
rule,20,30.88932823358565,0.982148802280426,-0.3686928211339408,-0.6479777974309855,0.0,-1.995246574251296,0.8297860276743787,0.25,0.4,15,5,0,0.4,0.6666666666666666,4,4,5,0,residual_saturation_bias,0.011841727420687675,<=,gt_aware_diagnostic,0.75
rule,20,30.889309010015914,0.9823808372020721,-0.3687120447036646,-0.6479970210007092,0.0,-1.1776272281253086,0.0,0.3,0.4,3,17,0,0.0,0.0,0,3,0,0,rescalib_from_baseline_residual_error_ratio,1.4371524358704821,>=,gt_aware_diagnostic,0.15
rule,20,30.88899264807842,0.9818688035011292,-0.3690284066411621,-0.6483133829382067,0.0,-1.2361185006151576,0.0,0.25,0.4,3,17,0,0.0,0.0,0,3,0,0,baseline_saturation_abs_bias,0.002039624750614166,<=,gt_aware_diagnostic,0.15
rule,20,30.888251605033787,0.9817931413650512,-0.36976944968580766,-0.6490544259828523,0.0,-1.995246574251296,0.03215664225274334,0.3,0.45,6,14,0,0.3333333333333333,0.2222222222222222,2,2,2,0,baseline_luma_bias,-0.010373669862747192,<=,gt_aware_diagnostic,0.3
rule,20,30.888251605033787,0.9817931413650512,-0.36976944968580766,-0.6490544259828523,0.0,-1.995246574251296,0.03215664225274334,0.3,0.45,6,14,0,0.3333333333333333,0.2222222222222222,2,2,2,0,lfv1_luma_bias,-0.014602383971214293,<=,gt_aware_diagnostic,0.3
rule,20,30.888251605033787,0.9817931413650512,-0.36976944968580766,-0.6490544259828523,0.0,-1.995246574251296,0.03215664225274334,0.3,0.45,6,14,0,0.3333333333333333,0.2222222222222222,2,2,2,0,residual_luma_bias,-0.011733752489089967,<=,gt_aware_diagnostic,0.3
rule,20,30.888020668566316,0.9818814486265183,-0.37000038615327513,-0.6492853624503198,0.0,-2.6649188414797154,1.2176118705098782,0.35,0.45,12,8,0,0.4166666666666667,0.5555555555555556,4,3,5,0,baseline_highfreq_abs_mean,0.03609200417995453,<=,proxy_or_output_feature,0.6
rule,20,30.88665284641712,0.9817866653203964,-0.37136820830246275,-0.6506531845995074,0.0,-2.6649188414797154,0.8440025816490673,0.35,0.45,10,10,0,0.4,0.4444444444444444,2,4,3,1,lfv1_dark_channel_abs_bias,0.00915876030921936,>=,gt_aware_diagnostic,0.5
rule,20,30.886482870318297,0.9824225246906281,-0.3715381844012903,-0.6508231606983349,0.0,-1.793350469773175,0.0,0.2,0.35,4,16,0,0.0,0.0,2,2,0,0,lfv1_luma_std_delta,-0.005242860317230225,<=,gt_aware_diagnostic,0.2
rule,20,30.886213520871035,0.9822200030088425,-0.3718075338485548,-0.6510925101455994,0.0,-1.8670252111650147,0.5772108287680324,0.3,0.45,12,8,0,0.4166666666666667,0.5555555555555556,2,4,4,0,residual_lap_var_ratio_gt,1.0038278579711915,<=,gt_aware_diagnostic,0.6
rule,20,30.88551277557009,0.9819396793842315,-0.3725082791494915,-0.6517932554465361,0.0,-2.6649188414797154,0.8274756218343117,0.35,0.45,10,10,0,0.4,0.4444444444444444,2,4,3,1,residual_lfv1_luma_mean_delta_abs,0.0040472447872161865,>=,proxy_or_output_feature,0.5
rule,20,30.884205092670197,0.981878200173378,-0.3738159620493944,-0.653100938346439,-0.04220721072102762,-2.6649188414797154,1.2384055230704805,0.35,0.45,18,2,0,0.4444444444444444,0.8888888888888888,4,5,6,1,residual_luma_abs_bias,0.0015240728855133057,>=,gt_aware_diagnostic,0.9
rule,20,30.884205092670197,0.981878200173378,-0.3738159620493944,-0.653100938346439,-0.04220721072102762,-2.6649188414797154,1.2384055230704805,0.35,0.45,18,2,0,0.4444444444444444,0.8888888888888888,4,5,6,1,residual_lfv1_highfreq_abs_mean_delta_abs,6.803050637245178e-05,>=,proxy_or_output_feature,0.9
rule,20,30.883843386336274,0.9816383093595504,-0.3741776683833214,-0.653462644680366,0.0,-2.6649188414797154,1.2384055230704805,0.3,0.4,13,7,0,0.38461538461538464,0.5555555555555556,3,4,4,1,baseline_luma_bias,-0.0005963847041130069,<=,gt_aware_diagnostic,0.65
rule,20,30.88334519970844,0.981669494509697,-0.3746758550111444,-0.653960831308189,0.0,-2.6649188414797154,1.2033953165351896,0.35,0.5,11,9,0,0.45454545454545453,0.5555555555555556,3,3,4,0,baseline_lap_var,0.14328064695000647,<=,proxy_or_output_feature,0.55
rule,20,30.88334519970844,0.981669494509697,-0.3746758550111444,-0.653960831308189,0.0,-2.6649188414797154,1.2033953165351896,0.35,0.5,11,9,0,0.45454545454545453,0.5555555555555556,3,3,4,0,lfv1_lap_var,0.14407630413770675,<=,proxy_or_output_feature,0.55
rule,20,30.88334519970844,0.981669494509697,-0.3746758550111444,-0.653960831308189,0.0,-2.6649188414797154,1.2033953165351896,0.35,0.5,11,9,0,0.45454545454545453,0.5555555555555556,3,3,4,0,residual_lap_var,0.14173368662595748,<=,proxy_or_output_feature,0.55
rule,20,30.882825139883675,0.9817838340997695,-0.3751959148359155,-0.6544808911329602,0.0,-2.6649188414797154,1.2384055230704805,0.25,0.35,14,6,0,0.35714285714285715,0.5555555555555556,2,5,3,1,rescalib_from_baseline_lf_mse_delta,-0.0001262825433514081,>=,gt_aware_diagnostic,0.7
rule,20,30.882001848338405,0.9818680077791214,-0.3760192063811905,-0.6553041826782351,0.0,-2.6649188414797154,1.2176118705098782,0.45,0.5,13,7,0,0.46153846153846156,0.6666666666666666,3,4,6,0,residual_mae,0.014862323179841042,>=,gt_aware_diagnostic,0.65
rule,20,30.882001848338405,0.9818680077791214,-0.3760192063811905,-0.6553041826782351,0.0,-2.6649188414797154,1.2176118705098782,0.45,0.5,13,7,0,0.46153846153846156,0.6666666666666666,3,4,6,0,residual_rmse,0.0211881497874856,>=,gt_aware_diagnostic,0.65
rule,20,30.881992799798933,0.9821712911128998,-0.37602825492065756,-0.6553132312177021,0.0,-1.8670252111650147,0.5772108287680324,0.3,0.4,13,7,0,0.38461538461538464,0.5555555555555556,2,4,4,0,residual_lap_var_ratio_gt,1.0085087060928344,<=,gt_aware_diagnostic,0.65
rule,20,30.88180771516261,0.9825854033231736,-0.37621333955697445,-0.6554983158540191,-0.03490503343985196,-2.0018461689531577,0.8297860276743787,0.25,0.35,16,4,0,0.375,0.6666666666666666,4,4,5,0,lfv1_from_baseline_residual_cosine,0.03906776690855621,>=,gt_aware_diagnostic,0.8
rule,20,30.88180771516261,0.9825854033231736,-0.37621333955697445,-0.6554983158540191,-0.03490503343985196,-2.0018461689531577,0.8297860276743787,0.25,0.35,16,4,0,0.375,0.6666666666666666,4,4,5,0,lfv1_from_baseline_luma_residual_cosine,0.029040569439530362,>=,gt_aware_diagnostic,0.8
rule,20,30.881113636589795,0.9820185363292694,-0.3769074181297995,-0.6561923944268442,0.0,-1.8670252111650147,0.0,0.25,0.35,6,14,0,0.16666666666666666,0.1111111111111111,2,3,1,0,residual_luma_abs_bias_regression_vs_lfv1,0.0042929410934448246,>=,gt_aware_diagnostic,0.3
rule,20,30.880642010974604,0.9823241055011749,-0.37737904374498416,-0.6566640200420288,0.0,-1.793350469773175,0.2524314075512334,0.1,0.3,11,9,0,0.2727272727272727,0.3333333333333333,4,2,2,0,residual_lfv1_saturation_mean_delta_abs,0.0048018313944339745,<=,proxy_or_output_feature,0.55
rule,20,30.88030295360693,0.9818090170621872,-0.3777181011126631,-0.6570030774097078,0.0,-1.995246574251296,0.0,0.25,0.4,5,15,0,0.2,0.1111111111111111,2,2,1,0,baseline_saturation_mean,0.14645417779684067,<=,proxy_or_output_feature,0.25
rule,20,30.88030295360693,0.9818090170621872,-0.3777181011126631,-0.6570030774097078,0.0,-1.995246574251296,0.0,0.25,0.4,5,15,0,0.2,0.1111111111111111,2,2,1,0,lfv1_saturation_mean,0.14554644376039505,<=,proxy_or_output_feature,0.25
rule,20,30.88030295360693,0.9818090170621872,-0.3777181011126631,-0.6570030774097078,0.0,-1.995246574251296,0.0,0.25,0.4,5,15,0,0.2,0.1111111111111111,2,2,1,0,residual_saturation_mean,0.14009901508688927,<=,proxy_or_output_feature,0.25
rule,20,30.88010101992587,0.9818927615880966,-0.3779200347937078,-0.6572050110907524,0.0,-1.171027633423447,0.0,0.3,0.4,5,15,0,0.2,0.1111111111111111,1,3,1,0,residual_dark_channel_mean,0.42077110707759857,>=,proxy_or_output_feature,0.25
rule,20,30.87861616822162,0.9819815278053283,-0.37940488649797305,-0.6586898627950177,0.0,-1.995246574251296,0.6210333778148569,0.25,0.4,13,7,0,0.38461538461538464,0.5555555555555556,3,4,4,0,residual_saturation_abs_bias,0.012020162120461463,<=,gt_aware_diagnostic,0.65
rule,20,30.878234203511045,0.9820169031620025,-0.3797868512085419,-0.6590718275055865,0.0,-2.6649188414797154,1.2033953165351896,0.3,0.35,14,6,0,0.35714285714285715,0.5555555555555556,2,5,4,0,lfv1_dark_channel_abs_bias,0.024720591306686406,<=,gt_aware_diagnostic,0.7
rule,20,30.877294035010777,0.9818003952503205,-0.38072701970881206,-0.6600119960058567,0.0,-2.6649188414797154,1.2384055230704805,0.35,0.5,15,5,0,0.4666666666666667,0.7777777777777778,3,5,5,1,lfv1_luma_mean,0.426443450152874,>=,proxy_or_output_feature,0.75
rule,20,30.877294035010777,0.9818003952503205,-0.38072701970881206,-0.6600119960058567,0.0,-2.6649188414797154,1.2384055230704805,0.35,0.5,15,5,0,0.4666666666666667,0.7777777777777778,3,5,5,1,residual_luma_mean,0.42509768158197403,>=,proxy_or_output_feature,0.75
rule,20,30.877139451466697,0.9824352324008941,-0.38088160325288667,-0.6601665795499313,0.0,-1.793350469773175,0.05540160898947598,0.1,0.3,9,11,0,0.2222222222222222,0.2222222222222222,4,2,2,0,lfv1_from_baseline_residual_cosine,0.2810965359210968,>=,gt_aware_diagnostic,0.45
rule,20,30.87655411958921,0.9825378060340881,-0.3814669351303758,-0.6607519114274204,0.0,-1.2427180953170196,0.0,0.2,0.3,7,13,0,0.14285714285714285,0.1111111111111111,1,4,1,0,rescalib_from_lfv1_residual_norm_ratio,0.6331756700411448,>=,gt_aware_diagnostic,0.35
rule,20,30.876315450345906,0.98198322057724,-0.3817056043736876,-0.6609905806707322,-0.03490503343985196,-1.995246574251296,1.2033953165351896,0.2,0.3,15,5,0,0.3333333333333333,0.5555555555555556,4,4,4,0,airlight,0.86,<=,proxy_or_output_feature,0.75
rule,20,30.875687118815108,0.9817589730024338,-0.38233393590447895,-0.6616189122015236,0.0,-2.6649188414797154,0.8440025816490673,0.35,0.5,11,9,0,0.45454545454545453,0.5555555555555556,3,3,4,1,lfv1_luma_abs_bias,0.006249831616878511,>=,gt_aware_diagnostic,0.55
rule,20,30.875505461560646,0.9818424731492996,-0.3825155931589446,-0.6618005694559892,0.0,-1.995246574251296,0.42604523115895504,0.15,0.3,13,7,0,0.3076923076923077,0.4444444444444444,4,3,3,0,residual_lfv1_saturation_mean_delta_abs,0.006692658364772796,<=,proxy_or_output_feature,0.65
rule,20,30.87379094927369,0.9826259613037109,-0.3842301054458989,-0.6635150817429436,0.0,-2.0018461689531577,0.8297860276743787,0.25,0.35,14,6,0,0.35714285714285715,0.5555555555555556,4,4,5,0,lfv1_from_baseline_residual_cosine,0.06737435534596443,>=,gt_aware_diagnostic,0.7
rule,20,30.87379094927369,0.9826259613037109,-0.3842301054458989,-0.6635150817429436,0.0,-2.0018461689531577,0.8297860276743787,0.25,0.35,14,6,0,0.35714285714285715,0.5555555555555556,4,4,5,0,lfv1_from_baseline_luma_residual_cosine,0.06199372932314873,>=,gt_aware_diagnostic,0.7
rule,20,30.872734259167363,0.9819847047328949,-0.3852867955522285,-0.6645717718492732,0.0,-2.6649188414797154,0.024474973922054836,0.2,0.35,8,12,0,0.25,0.2222222222222222,1,4,1,0,lfv1_saturation_abs_bias,0.0038724541664123535,<=,gt_aware_diagnostic,0.4
rule,20,30.872333398517107,0.9824890941381454,-0.3856876562024786,-0.6649726324995232,0.0,-1.2427180953170196,0.0,0.2,0.25,8,12,0,0.125,0.1111111111111111,1,4,1,0,rescalib_from_lfv1_residual_norm_ratio,0.6207297941246173,>=,gt_aware_diagnostic,0.4
rule,20,30.872175879228735,0.9817973703145981,-0.3858451754908563,-0.6651301517879009,-0.03490503343985196,-2.6649188414797154,1.2384055230704805,0.25,0.35,16,4,0,0.375,0.6666666666666666,4,4,5,0,residual_dark_channel_abs_bias_regression_vs_lfv1,-0.006319564580917359,>=,gt_aware_diagnostic,0.8
rule,20,30.871967605709166,0.9818700462579727,-0.3860534490104216,-0.6653384253074662,-0.04220721072102762,-2.6649188414797154,1.2384055230704805,0.35,0.4,17,3,0,0.4117647058823529,0.7777777777777778,4,5,6,1,lfv1_saturation_abs_bias,0.0026700524613261223,>=,gt_aware_diagnostic,0.85
rule,20,30.870519927427857,0.9815719664096832,-0.38750112729172786,-0.6667861035887725,0.0,-2.6649188414797154,1.2176118705098782,0.4,0.45,12,8,0,0.4166666666666667,0.5555555555555556,2,4,4,1,residual_luma_bias,-0.0037935853004455564,<=,gt_aware_diagnostic,0.6
rule,20,30.87051095741608,0.9822739839553833,-0.38751009730350267,-0.6667950736005472,0.0,-2.0018461689531577,0.6210333778148569,0.25,0.4,9,11,0,0.3333333333333333,0.3333333333333333,2,4,2,1,residual_lfv1_lap_var_delta_abs,0.0017916545271873473,>=,proxy_or_output_feature,0.45
rule,20,30.870352666141194,0.9819066137075424,-0.3876683885783949,-0.6669533648754395,0.0,-2.6649188414797154,1.2384055230704805,0.35,0.45,16,4,0,0.4375,0.7777777777777778,3,5,6,0,residual_lfv1_edge_mean_delta,-0.0004018545150756836,>=,proxy_or_output_feature,0.8
rule,20,30.870352666141194,0.9819066137075424,-0.3876683885783949,-0.6669533648754395,0.0,-2.6649188414797154,1.2384055230704805,0.35,0.45,16,4,0,0.4375,0.7777777777777778,3,5,6,0,residual_lfv1_highfreq_abs_mean_delta,-8.90009105205536e-05,>=,proxy_or_output_feature,0.8
rule,20,30.87020037644636,0.981955024600029,-0.38782067827322475,-0.6671056545702694,-0.03490503343985196,-2.6649188414797154,1.2033953165351896,0.3,0.35,16,4,0,0.375,0.6666666666666666,3,5,5,0,residual_edge_error_regression_vs_lfv1,-0.0008521014824509621,>=,gt_aware_diagnostic,0.8
rule,20,30.87000252396218,0.9817370891571044,-0.38801853075741183,-0.6673035070544564,-0.03490503343985196,-2.6649188414797154,1.2384055230704805,0.3,0.4,17,3,0,0.4117647058823529,0.7777777777777778,3,5,5,1,rescalib_from_baseline_lf_mse_delta,-0.00026200495776720347,>=,gt_aware_diagnostic,0.85
rule,20,30.86957022820159,0.9825772494077682,-0.38845082651800167,-0.6677358028150463,-0.03490503343985196,-2.0018461689531577,0.8297860276743787,0.25,0.3,15,5,0,0.3333333333333333,0.5555555555555556,4,4,5,0,lfv1_from_baseline_residual_cosine,0.061425660736858845,>=,gt_aware_diagnostic,0.75
rule,20,30.86957022820159,0.9825772494077682,-0.38845082651800167,-0.6677358028150463,-0.03490503343985196,-2.0018461689531577,0.8297860276743787,0.25,0.3,15,5,0,0.3333333333333333,0.5555555555555556,4,4,5,0,lfv1_from_baseline_luma_residual_cosine,0.05113841500133276,>=,gt_aware_diagnostic,0.75
rule,20,30.869359951775426,0.9817300498485565,-0.3886611029441628,-0.6679460792412074,0.0,-2.6649188414797154,0.4095182713441995,0.3,0.4,9,11,0,0.3333333333333333,0.3333333333333333,3,3,3,0,lfv1_edge_mean,0.1938321955502033,<=,proxy_or_output_feature,0.45
rule,20,30.869359951775426,0.9817300498485565,-0.3886611029441628,-0.6679460792412074,0.0,-2.6649188414797154,0.4095182713441995,0.3,0.4,9,11,0,0.3333333333333333,0.3333333333333333,3,3,3,0,residual_edge_mean,0.19539769887924194,<=,proxy_or_output_feature,0.45
rule,20,30.868477102365183,0.9818962097167969,-0.3895439523544068,-0.6688289286514515,-0.07711224416087958,-2.6649188414797154,1.2384055230704805,0.3,0.35,18,2,0,0.3888888888888889,0.7777777777777778,4,5,6,1,lfv1_saturation_abs_bias,0.0015317559242248534,>=,gt_aware_diagnostic,0.9
rule,20,30.868126771543825,0.9818776190280915,-0.3898942831757658,-0.6691792594728104,-0.04220721072102762,-2.6649188414797154,1.2384055230704805,0.3,0.4,17,3,0,0.4117647058823529,0.7777777777777778,4,5,5,1,residual_lfv1_edge_mean_delta_abs,0.00037222355604171753,>=,proxy_or_output_feature,0.85
rule,20,30.868126771543825,0.9818776190280915,-0.3898942831757658,-0.6691792594728104,-0.04220721072102762,-2.6649188414797154,1.2384055230704805,0.3,0.4,17,3,0,0.4117647058823529,0.7777777777777778,4,5,5,1,residual_lfv1_highfreq_abs_mean_delta_abs,7.788706570863724e-05,>=,proxy_or_output_feature,0.85
rule,20,30.866551658436585,0.9818171441555024,-0.3914693962830095,-0.6707543725800541,-0.03490503343985196,-2.6649188414797154,1.2384055230704805,0.35,0.4,17,3,0,0.4117647058823529,0.7777777777777778,3,5,6,0,lfv1_saturation_abs_bias,0.01890050321817397,<=,gt_aware_diagnostic,0.85
rule,20,30.86637323704186,0.9817207723855972,-0.3916478176777316,-0.6709327939747762,0.0,-2.6649188414797154,1.2176118705098782,0.3,0.5,13,7,0,0.46153846153846156,0.6666666666666666,3,4,4,1,residual_dark_channel_abs_bias,0.005190040171146393,>=,gt_aware_diagnostic,0.65
rule,20,30.865768675258188,0.9816987812519073,-0.392252379461406,-0.6715373557584506,0.0,-2.6649188414797154,1.2176118705098782,0.35,0.45,14,6,0,0.42857142857142855,0.6666666666666666,3,4,4,1,residual_luma_abs_bias,0.00399206280708313,>=,gt_aware_diagnostic,0.7
rule,20,30.86543282257519,0.9819459110498429,-0.39258823214440763,-0.6718732084414523,0.0,-2.6649188414797154,1.2176118705098782,0.4,0.45,14,6,0,0.42857142857142855,0.6666666666666666,4,4,6,0,residual_highfreq_abs_mean,0.03768908753991127,<=,proxy_or_output_feature,0.7
rule,20,30.864975053451076,0.9815916985273361,-0.3930460012685112,-0.6723309775655558,0.0,-2.6649188414797154,0.6352499317895455,0.35,0.5,9,11,0,0.4444444444444444,0.4444444444444444,2,3,3,1,lfv1_luma_bias,-0.006053759902715682,<=,gt_aware_diagnostic,0.45
rule,20,30.864636268199842,0.9819037824869156,-0.393384786519751,-0.6726697628167957,-0.07711224416087958,-2.6649188414797154,1.2384055230704805,0.25,0.35,18,2,0,0.3888888888888889,0.7777777777777778,4,5,5,1,residual_lfv1_edge_mean_delta_abs,0.0002993300557136536,>=,proxy_or_output_feature,0.9
rule,20,30.8640226987995,0.98189218044281,-0.3939983559200792,-0.6732833322171239,0.0,-1.171027633423447,0.0,0.25,0.35,4,16,0,0.0,0.0,1,3,0,0,residual_dark_channel_mean,0.4225206553936005,>=,proxy_or_output_feature,0.2
rule,20,30.863972773382137,0.9818109214305878,-0.39404828133745423,-0.6733332576344988,0.0,-2.6649188414797154,0.8274756218343117,0.4,0.5,11,9,0,0.45454545454545453,0.5555555555555556,3,3,5,0,residual_rmse,0.023040068708360194,>=,gt_aware_diagnostic,0.55
rule,20,30.863972773382137,0.9818109214305878,-0.39404828133745423,-0.6733332576344988,0.0,-2.6649188414797154,0.8274756218343117,0.4,0.5,11,9,0,0.45454545454545453,0.5555555555555556,3,3,5,0,residual_delta_e_p95,5.597699689865113,>=,gt_aware_diagnostic,0.55
rule,20,30.863423818090077,0.9818987488746643,-0.39459723662951485,-0.6738822129265595,0.0,-2.6649188414797154,0.8274756218343117,0.45,0.55,10,10,0,0.5,0.5555555555555556,1,4,4,0,lfv1_luma_mean,0.5063733160495758,>=,proxy_or_output_feature,0.5
rule,20,30.861185402674245,0.9819838374853134,-0.39683565204534865,-0.6761206283423933,-0.07711224416087958,-2.6649188414797154,1.2384055230704805,0.3,0.35,18,2,0,0.3888888888888889,0.7777777777777778,4,5,6,0,residual_color_regression_vs_lfv1,-0.4691623330116272,>=,gt_aware_diagnostic,0.9
rule,20,30.861185402674245,0.9819838374853134,-0.39683565204534865,-0.6761206283423933,-0.07711224416087958,-2.6649188414797154,1.2384055230704805,0.3,0.35,18,2,0,0.3888888888888889,0.7777777777777778,4,5,6,0,residual_lfv1_luma_mean_delta,0.0049627929925918635,<=,proxy_or_output_feature,0.9
rule,20,30.861185402674245,0.9819838374853134,-0.39683565204534865,-0.6761206283423933,-0.07711224416087958,-2.6649188414797154,1.2384055230704805,0.3,0.35,18,2,0,0.3888888888888889,0.7777777777777778,4,5,6,0,residual_lfv1_dark_channel_mean_delta,0.006025698781013494,<=,proxy_or_output_feature,0.9
rule,20,30.860754332378974,0.9815429866313934,-0.39726672234061394,-0.6765516986376585,0.0,-2.6649188414797154,0.6352499317895455,0.35,0.45,10,10,0,0.4,0.4444444444444444,2,3,3,1,lfv1_luma_bias,-0.004026047885417938,<=,gt_aware_diagnostic,0.5
rule,20,30.858369475220933,0.9819165170192719,-0.39965157949865515,-0.6789365557956998,0.0,-2.6649188414797154,0.8274756218343117,0.35,0.4,11,9,0,0.36363636363636365,0.4444444444444444,3,4,4,0,lfv1_highfreq_abs_mean,0.03585912119597197,<=,proxy_or_output_feature,0.55
rule,20,30.857715107615796,0.9818734794855117,-0.4003059471037956,-0.6795909234008402,0.0,-1.995246574251296,0.03215664225274334,0.3,0.4,7,13,0,0.2857142857142857,0.2222222222222222,2,3,2,0,baseline_saturation_mean,0.17992012351751327,<=,proxy_or_output_feature,0.35
rule,20,30.857715107615796,0.9818734794855117,-0.4003059471037956,-0.6795909234008402,0.0,-1.995246574251296,0.03215664225274334,0.3,0.4,7,13,0,0.2857142857142857,0.2222222222222222,2,3,2,0,lfv1_saturation_mean,0.17439060583710672,<=,proxy_or_output_feature,0.35
rule,20,30.857715107615796,0.9818734794855117,-0.4003059471037956,-0.6795909234008402,0.0,-1.995246574251296,0.03215664225274334,0.3,0.4,7,13,0,0.2857142857142857,0.2222222222222222,2,3,2,0,residual_saturation_mean,0.1803535856306553,<=,proxy_or_output_feature,0.35
rule,20,30.85422815625668,0.9817200034856797,-0.4037928984629051,-0.6830778747599497,0.0,-2.6649188414797154,0.03215664225274334,0.35,0.45,6,14,0,0.3333333333333333,0.2222222222222222,1,3,2,0,baseline_edge_mean,0.17057476043701172,<=,proxy_or_output_feature,0.3
rule,20,30.85422815625668,0.9817200034856797,-0.4037928984629051,-0.6830778747599497,0.0,-2.6649188414797154,0.03215664225274334,0.35,0.45,6,14,0,0.3333333333333333,0.2222222222222222,1,3,2,0,baseline_lap_var,0.0959736205637455,<=,proxy_or_output_feature,0.3
rule,20,30.85422815625668,0.9817200034856797,-0.4037928984629051,-0.6830778747599497,0.0,-2.6649188414797154,0.03215664225274334,0.35,0.45,6,14,0,0.3333333333333333,0.2222222222222222,1,3,2,0,baseline_highfreq_abs_mean,0.029811998642981053,<=,proxy_or_output_feature,0.3
rule,20,30.85422815625668,0.9817200034856797,-0.4037928984629051,-0.6830778747599497,0.0,-2.6649188414797154,0.03215664225274334,0.35,0.45,6,14,0,0.3333333333333333,0.2222222222222222,1,3,2,0,lfv1_edge_mean,0.1700572580099106,<=,proxy_or_output_feature,0.3
rule,20,30.85422815625668,0.9817200034856797,-0.4037928984629051,-0.6830778747599497,0.0,-2.6649188414797154,0.03215664225274334,0.35,0.45,6,14,0,0.3333333333333333,0.2222222222222222,1,3,2,0,lfv1_lap_var,0.09799891337752342,<=,proxy_or_output_feature,0.3
rule,20,30.85422815625668,0.9817200034856797,-0.4037928984629051,-0.6830778747599497,0.0,-2.6649188414797154,0.03215664225274334,0.35,0.45,6,14,0,0.3333333333333333,0.2222222222222222,1,3,2,0,lfv1_highfreq_abs_mean,0.029453151486814023,<=,proxy_or_output_feature,0.3
rule,20,30.85422815625668,0.9817200034856797,-0.4037928984629051,-0.6830778747599497,0.0,-2.6649188414797154,0.03215664225274334,0.35,0.45,6,14,0,0.3333333333333333,0.2222222222222222,1,3,2,0,residual_edge_mean,0.17054594904184342,<=,proxy_or_output_feature,0.3
rule,20,30.85422815625668,0.9817200034856797,-0.4037928984629051,-0.6830778747599497,0.0,-2.6649188414797154,0.03215664225274334,0.35,0.45,6,14,0,0.3333333333333333,0.2222222222222222,1,3,2,0,residual_lap_var,0.0976762093603611,<=,proxy_or_output_feature,0.3
rule,20,30.85422815625668,0.9817200034856797,-0.4037928984629051,-0.6830778747599497,0.0,-2.6649188414797154,0.03215664225274334,0.35,0.45,6,14,0,0.3333333333333333,0.2222222222222222,1,3,2,0,residual_highfreq_abs_mean,0.029880907386541367,<=,proxy_or_output_feature,0.3
rule,20,30.854135750080832,0.981712618470192,-0.4038853046387588,-0.6831702809358035,0.0,-2.6649188414797154,1.2176118705098782,0.3,0.45,12,8,0,0.4166666666666667,0.5555555555555556,3,4,4,1,residual_dark_channel_abs_bias,0.0060051709413528435,>=,gt_aware_diagnostic,0.6
rule,20,30.85392420283581,0.9817365080118179,-0.40409685188378325,-0.6833818281808279,-0.03490503343985196,-2.6649188414797154,1.2384055230704805,0.25,0.35,16,4,0,0.375,0.6666666666666666,3,5,4,1,rescalib_from_baseline_lf_mse_delta,-0.00018161647021770478,>=,gt_aware_diagnostic,0.8
rule,20,30.85378364037798,0.9819845169782638,-0.40423741434161203,-0.6835223906386567,-0.03490503343985196,-2.6649188414797154,1.2384055230704805,0.3,0.4,17,3,0,0.4117647058823529,0.7777777777777778,4,5,6,0,residual_lfv1_edge_mean_delta,-0.000717661529779434,>=,proxy_or_output_feature,0.85
rule,20,30.85378364037798,0.9819845169782638,-0.40423741434161203,-0.6835223906386567,-0.03490503343985196,-2.6649188414797154,1.2384055230704805,0.3,0.4,17,3,0,0.4117647058823529,0.7777777777777778,4,5,6,0,residual_lfv1_highfreq_abs_mean_delta,-0.00015549454838037488,>=,proxy_or_output_feature,0.85
rule,20,30.853531188297154,0.981690627336502,-0.40448986642243323,-0.6837748427194779,0.0,-2.6649188414797154,1.2176118705098782,0.35,0.4,13,7,0,0.38461538461538464,0.5555555555555556,3,4,4,1,residual_luma_abs_bias,0.004973006248474122,>=,gt_aware_diagnostic,0.65
rule,20,30.85333164478385,0.9818558603525162,-0.40468940993574093,-0.6839743862327856,-0.03490503343985196,-2.6649188414797154,1.3573288980360791,0.2,0.3,15,5,0,0.3333333333333333,0.5555555555555556,3,5,3,1,rescalib_from_baseline_residual_norm_ratio,0.28321030877043185,>=,gt_aware_diagnostic,0.75
rule,20,30.85333164478385,0.9818558603525162,-0.40468940993574093,-0.6839743862327856,-0.03490503343985196,-2.6649188414797154,1.3573288980360791,0.2,0.3,15,5,0,0.3333333333333333,0.5555555555555556,3,5,3,1,rescalib_from_lfv1_residual_norm_ratio,0.4156947489666549,>=,gt_aware_diagnostic,0.75
rule,20,30.852743304552416,0.9818087697029114,-0.4052777501671704,-0.684562726464215,0.0,-2.6649188414797154,1.2033953165351896,0.3,0.45,14,6,0,0.42857142857142855,0.6666666666666666,3,4,5,0,lfv1_saturation_abs_bias,0.011999018490314485,<=,gt_aware_diagnostic,0.7
rule,20,30.850473337310213,0.9818165630102158,-0.4075477174093809,-0.6868326937064255,-0.03490503343985196,-2.6649188414797154,1.2384055230704805,0.3,0.35,16,4,0,0.375,0.6666666666666666,3,5,5,0,lfv1_dark_channel_abs_bias,0.028259527683258054,<=,gt_aware_diagnostic,0.8
rule,20,30.849804211278645,0.9817986756563186,-0.4082168434409487,-0.6875018197379934,0.0,-2.6649188414797154,1.2176118705098782,0.25,0.45,14,6,0,0.42857142857142855,0.6666666666666666,4,4,4,1,baseline_dark_channel_abs_bias,0.0035134270787239076,>=,gt_aware_diagnostic,0.7
rule,20,30.84956291930588,0.9819358050823211,-0.4084581354137148,-0.6877431117107594,-0.07711224416087958,-2.6649188414797154,1.2384055230704805,0.3,0.35,18,2,0,0.3888888888888889,0.7777777777777778,4,5,6,0,residual_edge_error_regression_vs_lfv1,-0.0015793083235621454,>=,gt_aware_diagnostic,0.9
rule,20,30.84956291930588,0.9819358050823211,-0.4084581354137148,-0.6877431117107594,-0.07711224416087958,-2.6649188414797154,1.2384055230704805,0.3,0.35,18,2,0,0.3888888888888889,0.7777777777777778,4,5,6,0,residual_lfv1_saturation_mean_delta,-0.002150580286979676,>=,proxy_or_output_feature,0.9
rule,20,30.84956291930588,0.9819358050823211,-0.4084581354137148,-0.6877431117107594,-0.07711224416087958,-2.6649188414797154,1.2384055230704805,0.3,0.35,18,2,0,0.3888888888888889,0.7777777777777778,4,5,6,0,residual_lfv1_edge_mean_delta,-0.0022318318486213686,>=,proxy_or_output_feature,0.9
rule,20,30.84956291930588,0.9819358050823211,-0.4084581354137148,-0.6877431117107594,-0.07711224416087958,-2.6649188414797154,1.2384055230704805,0.3,0.35,18,2,0,0.3888888888888889,0.7777777777777778,4,5,6,0,residual_lfv1_lap_var_delta,-0.002688530832529068,>=,proxy_or_output_feature,0.9
rule,20,30.84956291930588,0.9819358050823211,-0.4084581354137148,-0.6877431117107594,-0.07711224416087958,-2.6649188414797154,1.2384055230704805,0.3,0.35,18,2,0,0.3888888888888889,0.7777777777777778,4,5,6,0,residual_lfv1_highfreq_abs_mean_delta,-0.0003340169787406922,>=,proxy_or_output_feature,0.9
rule,20,30.849191065538797,0.9822203397750855,-0.40882998918079155,-0.6881149654778362,0.0,-2.6649188414797154,0.8297860276743787,0.3,0.4,15,5,0,0.4,0.6666666666666666,3,5,5,0,baseline_saturation_bias,0.009634055197238922,<=,gt_aware_diagnostic,0.75
rule,20,30.849191065538797,0.9822203397750855,-0.40882998918079155,-0.6881149654778362,0.0,-2.6649188414797154,0.8297860276743787,0.3,0.4,15,5,0,0.4,0.6666666666666666,3,5,5,0,lfv1_saturation_bias,0.006928231567144394,<=,gt_aware_diagnostic,0.75
rule,20,30.848522583480314,0.9817600578069687,-0.4094984712392732,-0.6887834475363178,0.0,-2.6649188414797154,1.2033953165351896,0.3,0.4,15,5,0,0.4,0.6666666666666666,3,4,5,0,lfv1_saturation_abs_bias,0.01328587532043457,<=,gt_aware_diagnostic,0.75
rule,20,30.847986314320373,0.981710359454155,-0.4100347403992165,-0.6893197166962611,0.0,-2.6649188414797154,0.8440025816490673,0.3,0.45,10,10,0,0.4,0.4444444444444444,3,3,3,1,lfv1_luma_abs_bias,0.006964623928070068,>=,gt_aware_diagnostic,0.5
rule,20,30.847832884380693,0.9817280799150467,-0.41018817033888516,-0.6894731466359298,0.0,-2.6649188414797154,1.2033953165351896,0.4,0.5,13,7,0,0.46153846153846156,0.6666666666666666,3,4,5,0,baseline_saturation_mean,0.2903573408722877,<=,proxy_or_output_feature,0.65
rule,20,30.847832884380693,0.9817280799150467,-0.41018817033888516,-0.6894731466359298,0.0,-2.6649188414797154,1.2033953165351896,0.4,0.5,13,7,0,0.46153846153846156,0.6666666666666666,3,4,5,0,lfv1_saturation_mean,0.29119187742471697,<=,proxy_or_output_feature,0.65
rule,20,30.845583490206543,0.9817499637603759,-0.41243756451305147,-0.6917225408100961,0.0,-2.6649188414797154,1.2176118705098782,0.25,0.4,15,5,0,0.4,0.6666666666666666,4,4,4,1,baseline_dark_channel_abs_bias,0.0033627785742282867,>=,gt_aware_diagnostic,0.75
rule,20,30.845561981880657,0.9817366868257522,-0.41245907283892824,-0.6917440491359729,0.0,-2.6649188414797154,0.754173306755144,0.3,0.4,11,9,0,0.36363636363636365,0.4444444444444444,3,4,3,1,residual_lfv1_luma_std_delta_abs,0.0012929499149322513,>=,proxy_or_output_feature,0.55
rule,20,30.844970344466695,0.9821716278791428,-0.4130507102528943,-0.6923356865499389,-0.03490503343985196,-2.6649188414797154,0.8297860276743787,0.3,0.35,16,4,0,0.375,0.6666666666666666,3,5,5,0,baseline_saturation_bias,0.010406595468521115,<=,gt_aware_diagnostic,0.8
rule,20,30.84475750585127,0.9817429482936859,-0.4132635488683135,-0.6925485251653581,0.0,-2.6649188414797154,1.2384055230704805,0.3,0.35,14,6,0,0.35714285714285715,0.5555555555555556,3,5,4,1,residual_saturation_abs_bias,0.004184621572494507,>=,gt_aware_diagnostic,0.7
rule,20,30.844266801214427,0.9818214327096939,-0.4137542535051592,-0.6930392298022039,-0.04220721072102762,-2.6649188414797154,1.2384055230704805,0.3,0.35,16,4,0,0.375,0.6666666666666666,4,5,5,1,residual_saturation_abs_bias,0.003962013125419617,>=,gt_aware_diagnostic,0.8
rule,20,30.843785391050723,0.9817852348089218,-0.4142356636688641,-0.6935206399659087,0.0,-2.6649188414797154,1.2176118705098782,0.35,0.5,15,5,0,0.4666666666666667,0.7777777777777778,3,5,5,1,baseline_luma_mean,0.4274105578660965,>=,proxy_or_output_feature,0.75
rule,20,30.843519068858814,0.9821234107017517,-0.41450198586076736,-0.693786962157812,0.0,-2.0018461689531577,0.0,0.25,0.4,3,17,0,0.0,0.0,1,2,0,0,residual_edge_error_regression_vs_lfv1,0.0012149191927164783,>=,gt_aware_diagnostic,0.15
rule,20,30.842819122933122,0.9815233528614045,-0.4152019317864655,-0.6944869080835101,0.0,-2.6649188414797154,1.2176118705098782,0.35,0.4,11,9,0,0.36363636363636365,0.4444444444444444,2,4,3,1,residual_luma_bias,-0.004769352078437807,<=,gt_aware_diagnostic,0.55
rule,20,30.842231200574428,0.9818105816841125,-0.4157898541451555,-0.6950748304422001,0.0,-2.6649188414797154,1.2176118705098782,0.25,0.35,14,6,0,0.35714285714285715,0.5555555555555556,3,5,4,0,baseline_edge_error,0.01574603281915188,<=,gt_aware_diagnostic,0.7
rule,20,30.841416415394825,0.9817337453365326,-0.4166046393247573,-0.695889615621802,-0.07711224416087958,-2.6649188414797154,1.2384055230704805,0.25,0.35,18,2,0,0.3888888888888889,0.7777777777777778,4,5,5,1,rescalib_from_lfv1_lf_mse_delta,-0.00033487879554741087,>=,gt_aware_diagnostic,0.9
rule,20,30.84049099548015,0.982248842716217,-0.4175300592394377,-0.6968150355364824,0.0,-1.793350469773175,0.0,0.2,0.35,4,16,0,0.0,0.0,2,2,0,0,residual_luma_std_delta,-0.004439628124237061,<=,gt_aware_diagnostic,0.2
rule,20,30.83956466997862,0.9817365229129791,-0.41845638474096686,-0.6977413610380114,0.0,-2.6649188414797154,1.2176118705098782,0.35,0.45,16,4,0,0.4375,0.7777777777777778,3,5,5,1,residual_luma_abs_bias,0.0033767998218536374,>=,gt_aware_diagnostic,0.8
rule,20,30.838479000174765,0.9820530652999878,-0.4195420545448238,-0.6988270308418685,0.0,-2.6649188414797154,0.6210333778148569,0.3,0.4,13,7,0,0.38461538461538464,0.5555555555555556,2,5,4,0,baseline_saturation_abs_bias,0.009683911502361297,<=,gt_aware_diagnostic,0.65
rule,20,30.838010479502326,0.9817618697881698,-0.42001057521725826,-0.6992955515143029,-0.03490503343985196,-2.6649188414797154,1.2176118705098782,0.25,0.3,15,5,0,0.3333333333333333,0.5555555555555556,3,5,4,0,baseline_edge_error,0.016261860728263855,<=,gt_aware_diagnostic,0.75
rule,20,30.83796554986924,0.9818138003349304,-0.4200555048503549,-0.6993404811473996,-0.07711224416087958,-2.6649188414797154,1.2384055230704805,0.3,0.35,18,2,0,0.3888888888888889,0.7777777777777778,4,5,6,0,residual_dark_channel_abs_bias_regression_vs_lfv1,-0.009141981601715088,>=,gt_aware_diagnostic,0.9
rule,20,30.83773201808044,0.9818972975015641,-0.42028903663914524,-0.6995740129361898,0.0,-2.6649188414797154,1.2176118705098782,0.35,0.4,13,7,0,0.38461538461538464,0.5555555555555556,4,4,5,0,baseline_highfreq_abs_mean,0.036557373031973844,<=,proxy_or_output_feature,0.65
rule,20,30.83773201808044,0.9818972975015641,-0.42028903663914524,-0.6995740129361898,0.0,-2.6649188414797154,1.2176118705098782,0.35,0.4,13,7,0,0.38461538461538464,0.5555555555555556,4,4,5,0,lfv1_highfreq_abs_mean,0.0366831773892045,<=,proxy_or_output_feature,0.65
rule,20,30.83773201808044,0.9818972975015641,-0.42028903663914524,-0.6995740129361898,0.0,-2.6649188414797154,1.2176118705098782,0.35,0.4,13,7,0,0.38461538461538464,0.5555555555555556,4,4,5,0,residual_highfreq_abs_mean,0.03707609903067351,<=,proxy_or_output_feature,0.65
rule,20,30.837659130493467,0.9817979067564011,-0.42036192422612223,-0.6996469005231669,0.0,-2.6649188414797154,0.03215664225274334,0.3,0.4,7,13,0,0.2857142857142857,0.2222222222222222,2,3,2,0,baseline_edge_mean,0.18054382726550103,<=,proxy_or_output_feature,0.35
rule,20,30.837659130493467,0.9817979067564011,-0.42036192422612223,-0.6996469005231669,0.0,-2.6649188414797154,0.03215664225274334,0.3,0.4,7,13,0,0.2857142857142857,0.2222222222222222,2,3,2,0,lfv1_edge_mean,0.18099835216999055,<=,proxy_or_output_feature,0.35
rule,20,30.837659130493467,0.9817979067564011,-0.42036192422612223,-0.6996469005231669,0.0,-2.6649188414797154,0.03215664225274334,0.3,0.4,7,13,0,0.2857142857142857,0.2222222222222222,2,3,2,0,residual_edge_mean,0.18098443001508713,<=,proxy_or_output_feature,0.35
rule,20,30.83727424895634,0.9815430849790573,-0.42074680576324874,-0.7000317820602934,0.0,-2.6649188414797154,0.42604523115895504,0.3,0.45,8,12,0,0.375,0.3333333333333333,2,3,2,1,lfv1_luma_bias,-0.00693507194519043,<=,gt_aware_diagnostic,0.4
rule,20,30.836270274408047,0.9822001308202744,-0.42175078031154045,-0.7010357566085851,0.0,-1.793350469773175,0.0,0.2,0.3,5,15,0,0.0,0.0,2,2,0,0,residual_luma_std_delta,-0.0025046318769454956,<=,gt_aware_diagnostic,0.25
rule,20,30.83483770952273,0.9818954050540925,-0.4231833451968603,-0.7024683214939049,0.0,-2.6649188414797154,0.8274756218343117,0.4,0.5,11,9,0,0.45454545454545453,0.5555555555555556,2,4,4,0,lfv1_luma_mean,0.49885024279356005,>=,proxy_or_output_feature,0.55
rule,20,30.834258279102663,0.9820043534040451,-0.42376277561692655,-0.7030477519139712,0.0,-2.6649188414797154,0.6210333778148569,0.3,0.35,14,6,0,0.35714285714285715,0.5555555555555556,2,5,4,0,baseline_saturation_abs_bias,0.01060590445995331,<=,gt_aware_diagnostic,0.7
rule,20,30.833554735850406,0.9816541582345962,-0.42446631886919145,-0.7037512951662361,0.0,-2.6649188414797154,1.2384055230704805,0.3,0.35,14,6,0,0.35714285714285715,0.5555555555555556,3,5,4,1,baseline_luma_bias,0.000582131743431093,<=,gt_aware_diagnostic,0.7
rule,20,30.833484598179506,0.9819352239370346,-0.42453645654008626,-0.7038214328371308,-0.07711224416087958,-2.6649188414797154,1.2384055230704805,0.25,0.3,17,3,0,0.35294117647058826,0.6666666666666666,4,5,5,0,residual_lfv1_dark_channel_mean_delta,0.004845191538333892,<=,proxy_or_output_feature,0.85
rule,20,30.8334720846533,0.9818774908781052,-0.42454897006628356,-0.7038339463633282,0.0,-2.6649188414797154,0.03215664225274334,0.35,0.45,6,14,0,0.3333333333333333,0.2222222222222222,1,3,2,0,residual_delta_e_p95,8.58721742630005,>=,gt_aware_diagnostic,0.3
rule,20,30.833163279155677,0.9818413585424424,-0.42485777556390847,-0.7041427518609531,0.0,-1.995246574251296,0.34038325636800404,0.25,0.4,9,11,0,0.3333333333333333,0.3333333333333333,2,4,2,0,residual_lfv1_edge_mean_delta,0.001373358443379402,>=,proxy_or_output_feature,0.45
rule,20,30.833163279155677,0.9818413585424424,-0.42485777556390847,-0.7041427518609531,0.0,-1.995246574251296,0.34038325636800404,0.25,0.4,9,11,0,0.3333333333333333,0.3333333333333333,2,4,2,0,residual_lfv1_highfreq_abs_mean_delta,0.00021554152481257914,>=,proxy_or_output_feature,0.45
rule,20,30.832578060543995,0.982411652803421,-0.42544299417558873,-0.7047279704726334,0.0,-1.793350469773175,0.0,0.15,0.3,5,15,0,0.0,0.0,2,3,0,0,residual_lfv1_lap_var_delta,0.0017468556761741638,>=,proxy_or_output_feature,0.25
rule,20,30.83126385861748,0.9818059831857682,-0.4267571961021023,-0.7060421723991469,0.0,-2.6649188414797154,1.2033953165351896,0.35,0.45,14,6,0,0.42857142857142855,0.6666666666666666,4,4,5,0,lfv1_saturation_mean,0.2989848792552948,<=,proxy_or_output_feature,0.7
rule,20,30.830645944955684,0.9819191783666611,-0.42737510976390924,-0.7066600860609539,0.0,-1.995246574251296,0.03215664225274334,0.25,0.4,7,13,0,0.2857142857142857,0.2222222222222222,3,2,2,0,baseline_luma_abs_bias,0.015756532549858093,>=,gt_aware_diagnostic,0.35
rule,20,30.830645944955684,0.9819191783666611,-0.42737510976390924,-0.7066600860609539,0.0,-1.995246574251296,0.03215664225274334,0.25,0.4,7,13,0,0.2857142857142857,0.2222222222222222,3,2,2,0,lfv1_luma_abs_bias,0.01693006157875061,>=,gt_aware_diagnostic,0.35
rule,20,30.830645944955684,0.9819191783666611,-0.42737510976390924,-0.7066600860609539,0.0,-1.995246574251296,0.03215664225274334,0.25,0.4,7,13,0,0.2857142857142857,0.2222222222222222,3,2,2,0,residual_mae,0.02794217253103852,>=,gt_aware_diagnostic,0.35
rule,20,30.830645944955684,0.9819191783666611,-0.42737510976390924,-0.7066600860609539,0.0,-1.995246574251296,0.03215664225274334,0.25,0.4,7,13,0,0.2857142857142857,0.2222222222222222,3,2,2,0,residual_rmse,0.038845401629805563,>=,gt_aware_diagnostic,0.35
rule,20,30.830645944955684,0.9819191783666611,-0.42737510976390924,-0.7066600860609539,0.0,-1.995246574251296,0.03215664225274334,0.25,0.4,7,13,0,0.2857142857142857,0.2222222222222222,3,2,2,0,residual_delta_e_mean,3.217044603824615,>=,gt_aware_diagnostic,0.35
rule,20,30.830645944955684,0.9819191783666611,-0.42737510976390924,-0.7066600860609539,0.0,-1.995246574251296,0.03215664225274334,0.25,0.4,7,13,0,0.2857142857142857,0.2222222222222222,3,2,2,0,residual_luma_abs_bias,0.017616762220859523,>=,gt_aware_diagnostic,0.35
rule,20,30.828188480088055,0.9818208515644073,-0.4298325746315307,-0.7091175509285753,-0.04220721072102762,-2.6649188414797154,1.2384055230704805,0.25,0.3,15,5,0,0.3333333333333333,0.5555555555555556,4,5,4,1,residual_saturation_abs_bias,0.004065380431711674,>=,gt_aware_diagnostic,0.75
rule,20,30.827999733015325,0.981912550330162,-0.4300213217042577,-0.7093062980013023,0.0,-2.6649188414797154,0.8274756218343117,0.4,0.45,8,12,0,0.375,0.3333333333333333,1,4,3,0,residual_lfv1_luma_mean_delta,-0.0029417634010314945,<=,proxy_or_output_feature,0.4
rule,20,30.827999733015325,0.981912550330162,-0.4300213217042577,-0.7093062980013023,0.0,-2.6649188414797154,0.8274756218343117,0.4,0.45,8,12,0,0.375,0.3333333333333333,1,4,3,0,residual_lfv1_dark_channel_mean_delta,-0.004488563537597657,<=,proxy_or_output_feature,0.4
rule,20,30.827833927643155,0.9822038114070892,-0.4301871270764318,-0.7094721033734764,0.0,-2.0018461689531577,0.0,0.25,0.3,7,13,0,0.14285714285714285,0.1111111111111111,2,3,1,0,lfv1_luma_std_delta,-0.0024073496460914607,<=,gt_aware_diagnostic,0.35
rule,20,30.827669370829277,0.981766214966774,-0.4303516838903059,-0.7096366601873505,0.0,-2.6649188414797154,1.2033953165351896,0.45,0.55,14,6,0,0.5,0.7777777777777778,3,4,6,0,baseline_dark_channel_mean,0.22882741689682007,>=,proxy_or_output_feature,0.7
rule,20,30.827669370829277,0.981766214966774,-0.4303516838903059,-0.7096366601873505,0.0,-2.6649188414797154,1.2033953165351896,0.45,0.55,14,6,0,0.5,0.7777777777777778,3,4,6,0,lfv1_dark_channel_mean,0.23170447200536728,>=,proxy_or_output_feature,0.7
rule,20,30.827669370829277,0.981766214966774,-0.4303516838903059,-0.7096366601873505,0.0,-2.6649188414797154,1.2033953165351896,0.45,0.55,14,6,0,0.5,0.7777777777777778,3,4,6,0,residual_dark_channel_mean,0.2279768243432045,>=,proxy_or_output_feature,0.7
rule,20,30.82594988659016,0.981684786081314,-0.4320711681294281,-0.7113561444264727,0.0,-2.6649188414797154,1.2033953165351896,0.25,0.4,13,7,0,0.38461538461538464,0.5555555555555556,3,4,4,0,lfv1_edge_error,0.015665200911462306,<=,gt_aware_diagnostic,0.65
rule,20,30.822995644215403,0.9818144261837005,-0.435025410504184,-0.7143103868012286,-0.04220721072102762,-2.6649188414797154,1.2176118705098782,0.3,0.4,17,3,0,0.4117647058823529,0.7777777777777778,4,5,5,1,baseline_dark_channel_abs_bias,0.0020462095737457274,>=,gt_aware_diagnostic,0.85
rule,20,30.821887228742867,0.9818132191896438,-0.43613382597672634,-0.715418802273771,-0.07711224416087958,-2.6649188414797154,1.2384055230704805,0.25,0.3,17,3,0,0.35294117647058826,0.6666666666666666,4,5,5,0,residual_luma_abs_bias_regression_vs_lfv1,-0.004574789106845855,>=,gt_aware_diagnostic,0.85
rule,20,30.821887228742867,0.9818132191896438,-0.43613382597672634,-0.715418802273771,-0.07711224416087958,-2.6649188414797154,1.2384055230704805,0.25,0.3,17,3,0,0.35294117647058826,0.6666666666666666,4,5,5,0,residual_dark_channel_abs_bias_regression_vs_lfv1,-0.007305450737476349,>=,gt_aware_diagnostic,0.85
rule,20,30.821729165518057,0.9816360741853714,-0.43629188920153084,-0.7155768654985755,0.0,-2.6649188414797154,1.2033953165351896,0.25,0.35,14,6,0,0.35714285714285715,0.5555555555555556,3,4,4,0,lfv1_edge_error,0.01571713052690029,<=,gt_aware_diagnostic,0.7
rule,20,30.82161569142888,0.9817200601100922,-0.4364053632907051,-0.7156903395877497,0.0,-2.6649188414797154,0.6352499317895455,0.2,0.3,13,7,0,0.3076923076923077,0.4444444444444444,2,5,2,1,rescalib_from_baseline_lf_mse_delta,-9.401734641869552e-05,>=,gt_aware_diagnostic,0.65
rule,20,30.82149026104406,0.9821717262268066,-0.43653079367552916,-0.7158157699725738,0.0,-2.6649188414797154,0.8297860276743787,0.25,0.35,14,6,0,0.35714285714285715,0.5555555555555556,3,5,4,0,lfv1_saturation_bias,0.0057474724948406225,<=,gt_aware_diagnostic,0.7
rule,20,30.821453785799452,0.9819459438323974,-0.436567268920137,-0.7158522452171816,-0.03490503343985196,-2.6649188414797154,1.2033953165351896,0.3,0.35,16,4,0,0.375,0.6666666666666666,3,5,5,0,residual_lfv1_luma_mean_delta,0.0031198263168334952,<=,proxy_or_output_feature,0.8
rule,20,30.821430199337954,0.9820199996232987,-0.43659085538163056,-0.7158758316786752,-0.03490503343985196,-2.6649188414797154,1.2384055230704805,0.3,0.4,17,3,0,0.4117647058823529,0.7777777777777778,4,5,6,0,residual_saturation_bias,0.013763362914323805,<=,gt_aware_diagnostic,0.85
rule,20,30.820370685463462,0.9817395001649857,-0.43765036925612666,-0.7169353455531713,0.0,-2.6649188414797154,0.0,0.2,0.35,6,14,0,0.16666666666666666,0.1111111111111111,2,3,0,1,residual_lfv1_luma_std_delta_abs,0.0031058669090271007,>=,proxy_or_output_feature,0.3
rule,20,30.81993387959165,0.9817519038915634,-0.4380871751279415,-0.7173721514249861,0.0,-1.995246574251296,0.0,0.25,0.4,5,15,0,0.2,0.1111111111111111,2,2,1,0,baseline_luma_bias,-0.015471473336219788,<=,gt_aware_diagnostic,0.25
rule,20,30.81993387959165,0.9817519038915634,-0.4380871751279415,-0.7173721514249861,0.0,-1.995246574251296,0.0,0.25,0.4,5,15,0,0.2,0.1111111111111111,2,2,1,0,lfv1_luma_bias,-0.016876906156539917,<=,gt_aware_diagnostic,0.25
rule,20,30.81993387959165,0.9817519038915634,-0.4380871751279415,-0.7173721514249861,0.0,-1.995246574251296,0.0,0.25,0.4,5,15,0,0.2,0.1111111111111111,2,2,1,0,residual_luma_bias,-0.016243331134319305,<=,gt_aware_diagnostic,0.25
rule,20,30.81950514087142,0.9818405896425247,-0.4385159138481692,-0.7178008901452138,-0.07711224416087958,-2.6649188414797154,1.2176118705098782,0.25,0.35,18,2,0,0.3888888888888889,0.7777777777777778,4,5,5,1,baseline_dark_channel_abs_bias,0.0017589777708053589,>=,gt_aware_diagnostic,0.9
rule,20,30.81950514087142,0.9818405896425247,-0.4385159138481692,-0.7178008901452138,-0.07711224416087958,-2.6649188414797154,1.2176118705098782,0.25,0.35,18,2,0,0.3888888888888889,0.7777777777777778,4,5,5,1,rescalib_from_baseline_residual_error_ratio,0.8795923490080773,>=,gt_aware_diagnostic,0.9
rule,20,30.81864524790967,0.9816318839788437,-0.4393758068099192,-0.7186607831069638,0.0,-2.6649188414797154,0.4095182713441995,0.25,0.4,11,9,0,0.36363636363636365,0.4444444444444444,3,3,3,0,baseline_edge_error,0.014608540385961533,<=,gt_aware_diagnostic,0.55
rule,20,30.817134988421856,0.9817467153072357,-0.44088606629772664,-0.7201710425947713,0.0,-2.6649188414797154,0.8274756218343117,0.35,0.45,12,8,0,0.4166666666666667,0.5555555555555556,3,4,4,1,residual_delta_e_mean,2.1668505668640137,>=,gt_aware_diagnostic,0.6
rule,20,30.816615117653566,0.9815610945224762,-0.4414059370660263,-0.720690913363071,0.0,-2.6649188414797154,1.2176118705098782,0.35,0.4,13,7,0,0.38461538461538464,0.5555555555555556,2,5,4,1,residual_luma_bias,-0.0028082594275474554,<=,gt_aware_diagnostic,0.65
rule,20,30.816378071864904,0.9817584782838822,-0.4416429828546825,-0.7209279591517271,0.0,-2.6649188414797154,1.2033953165351896,0.3,0.4,15,5,0,0.4,0.6666666666666666,3,5,4,1,residual_lfv1_edge_mean_delta_abs,0.000637836754322052,>=,proxy_or_output_feature,0.75
rule,20,30.816378071864904,0.9817584782838822,-0.4416429828546825,-0.7209279591517271,0.0,-2.6649188414797154,1.2033953165351896,0.3,0.4,15,5,0,0.4,0.6666666666666666,3,5,4,1,residual_lfv1_highfreq_abs_mean_delta_abs,0.00013815797865390778,>=,proxy_or_output_feature,0.75
rule,20,30.816176992731833,0.9817440062761307,-0.44184406198774795,-0.7211290382847926,0.0,-2.6649188414797154,0.2524314075512334,0.35,0.45,8,12,0,0.375,0.3333333333333333,1,4,2,0,baseline_dark_channel_mean,0.3301452696323395,>=,proxy_or_output_feature,0.4
rule,20,30.816176992731833,0.9817440062761307,-0.44184406198774795,-0.7211290382847926,0.0,-2.6649188414797154,0.2524314075512334,0.35,0.45,8,12,0,0.375,0.3333333333333333,1,4,2,0,lfv1_dark_channel_mean,0.33689231872558595,>=,proxy_or_output_feature,0.4
rule,20,30.816176992731833,0.9817440062761307,-0.44184406198774795,-0.7211290382847926,0.0,-2.6649188414797154,0.2524314075512334,0.35,0.45,8,12,0,0.375,0.3333333333333333,1,4,2,0,residual_dark_channel_mean,0.32952313423156737,>=,proxy_or_output_feature,0.4
rule,20,30.816084586555984,0.981736621260643,-0.44193646816360166,-0.7212214444606463,0.0,-2.6649188414797154,1.2176118705098782,0.3,0.45,14,6,0,0.42857142857142855,0.6666666666666666,3,5,4,1,baseline_luma_mean,0.42927990257740023,>=,proxy_or_output_feature,0.7
rule,20,30.81368412289627,0.9818267703056336,-0.4443369318233243,-0.723621908120369,0.0,-2.6649188414797154,0.8274756218343117,0.4,0.45,12,8,0,0.4166666666666667,0.5555555555555556,3,4,5,0,residual_mae,0.015348686091601848,>=,gt_aware_diagnostic,0.6
rule,20,30.81368412289627,0.9818267703056336,-0.4443369318233243,-0.723621908120369,0.0,-2.6649188414797154,0.8274756218343117,0.4,0.45,12,8,0,0.4166666666666667,0.5555555555555556,3,4,5,0,residual_rmse,0.02261626683175564,>=,gt_aware_diagnostic,0.6
rule,20,30.81316671943058,0.9819918930530548,-0.44485433528900825,-0.7241393115860528,-0.03490503343985196,-2.6649188414797154,1.2033953165351896,0.3,0.4,17,3,0,0.4117647058823529,0.7777777777777778,4,5,6,0,lfv1_saturation_bias,0.009761537984013552,<=,gt_aware_diagnostic,0.85
rule,20,30.81096643077394,0.9817335963249206,-0.4470546239456459,-0.7263396002426905,-0.03490503343985196,-2.6649188414797154,1.2176118705098782,0.2,0.3,15,5,0,0.3333333333333333,0.5555555555555556,4,4,4,0,residual_dark_channel_abs_bias_regression_vs_lfv1,-0.005800060927867889,>=,gt_aware_diagnostic,0.75
rule,20,30.810718133973932,0.981852725148201,-0.4473029207456628,-0.7265878970427074,0.0,-2.6649188414797154,1.2384055230704805,0.3,0.4,15,5,0,0.4,0.6666666666666666,3,5,5,0,residual_saturation_abs_bias,0.013926487416028976,<=,gt_aware_diagnostic,0.75
rule,20,30.81032200706793,0.9818194270133972,-0.44769904765165747,-0.7269840239487021,0.0,-2.6649188414797154,1.2033953165351896,0.3,0.35,14,6,0,0.35714285714285715,0.5555555555555556,2,5,4,0,residual_lfv1_saturation_mean_delta,0.001321566104888916,>=,proxy_or_output_feature,0.7
rule,20,30.808945998358478,0.9819431811571121,-0.449075056361111,-0.7283600326581556,-0.07711224416087958,-2.6649188414797154,1.2033953165351896,0.3,0.35,18,2,0,0.3888888888888889,0.7777777777777778,4,5,6,0,lfv1_saturation_bias,0.012991690635681154,<=,gt_aware_diagnostic,0.9
rule,20,30.808945998358478,0.9819431811571121,-0.449075056361111,-0.7283600326581556,-0.07711224416087958,-2.6649188414797154,1.2033953165351896,0.3,0.35,18,2,0,0.3888888888888889,0.7777777777777778,4,5,6,0,lfv1_from_baseline_residual_cosine,-0.20701361447572708,>=,gt_aware_diagnostic,0.9
rule,20,30.808945998358478,0.9819431811571121,-0.449075056361111,-0.7283600326581556,-0.07711224416087958,-2.6649188414797154,1.2033953165351896,0.3,0.35,18,2,0,0.3888888888888889,0.7777777777777778,4,5,6,0,lfv1_from_baseline_luma_residual_cosine,-0.20532948821783067,>=,gt_aware_diagnostic,0.9
rule,20,30.806681698162897,0.9817096352577209,-0.4513393565566872,-0.7306243328537319,0.0,-2.6649188414797154,0.0,0.3,0.4,3,17,0,0.0,0.0,0,3,0,0,rescalib_from_baseline_lf_mse_delta,0.0003828010871075085,>=,gt_aware_diagnostic,0.15
rule,20,30.806681698162897,0.9817096352577209,-0.4513393565566872,-0.7306243328537319,0.0,-2.6649188414797154,0.0,0.3,0.4,3,17,0,0.0,0.0,0,3,0,0,rescalib_from_lfv1_residual_error_ratio,1.2739615810433345,>=,gt_aware_diagnostic,0.15
rule,20,30.806681698162897,0.9817096352577209,-0.4513393565566872,-0.7306243328537319,0.0,-2.6649188414797154,0.0,0.3,0.4,3,17,0,0.0,0.0,0,3,0,0,residual_color_regression_vs_lfv1,0.8018196702003476,>=,gt_aware_diagnostic,0.15
rule,20,30.80566600650087,0.9815912038087845,-0.45235504821871475,-0.7316400245157594,0.0,-2.6649188414797154,1.2033953165351896,0.3,0.4,13,7,0,0.38461538461538464,0.5555555555555556,2,5,3,1,residual_lfv1_edge_mean_delta_abs,0.0011510398238897327,>=,proxy_or_output_feature,0.65
rule,20,30.80541193991769,0.98217114508152,-0.4526091148019006,-0.7318940910989452,0.0,-2.6649188414797154,0.8297860276743787,0.2,0.3,13,7,0,0.3076923076923077,0.4444444444444444,3,5,3,0,lfv1_saturation_bias,0.004288544133305549,<=,gt_aware_diagnostic,0.65
rule,20,30.804577170588335,0.9818380147218704,-0.4534438841312539,-0.7327288604282985,0.0,-1.995246574251296,0.34038325636800404,0.2,0.35,10,10,0,0.3,0.3333333333333333,3,4,2,0,residual_lfv1_highfreq_abs_mean_delta,0.00019435817375779152,>=,proxy_or_output_feature,0.5
rule,20,30.803939505770813,0.9817358523607254,-0.45408154894877517,-0.7333665252458198,0.0,-2.6649188414797154,0.03215664225274334,0.35,0.4,7,13,0,0.2857142857142857,0.2222222222222222,1,4,2,0,baseline_dark_channel_mean,0.3469292983412743,>=,proxy_or_output_feature,0.35
rule,20,30.803939505770813,0.9817358523607254,-0.45408154894877517,-0.7333665252458198,0.0,-2.6649188414797154,0.03215664225274334,0.35,0.4,7,13,0,0.2857142857142857,0.2222222222222222,1,4,2,0,lfv1_dark_channel_mean,0.35057208985090255,>=,proxy_or_output_feature,0.35
rule,20,30.80385555846528,0.9817513227462769,-0.4541654962543129,-0.7334504725513575,0.0,-1.995246574251296,0.0,0.2,0.35,4,16,0,0.0,0.0,2,2,0,0,rescalib_from_lfv1_residual_cosine,-0.3246741354465485,<=,gt_aware_diagnostic,0.2
rule,20,30.80385555846528,0.9817513227462769,-0.4541654962543129,-0.7334504725513575,0.0,-1.995246574251296,0.0,0.2,0.35,4,16,0,0.0,0.0,2,2,0,0,rescalib_from_lfv1_luma_residual_cosine,-0.32337353229522703,<=,gt_aware_diagnostic,0.2
rule,20,30.803782221445612,0.9815857261419296,-0.45423883327397296,-0.7335238095710176,0.0,-2.6649188414797154,0.024474973922054836,0.25,0.4,7,13,0,0.2857142857142857,0.2222222222222222,1,4,0,1,rescalib_from_baseline_residual_cosine,0.160624860227108,<=,gt_aware_diagnostic,0.35
rule,20,30.80203494069906,0.9818653762340546,-0.4559861140205287,-0.7352710903175733,0.0,-2.6649188414797154,1.2033953165351896,0.3,0.4,15,5,0,0.4,0.6666666666666666,3,5,5,0,residual_lfv1_edge_mean_delta,-0.0003168918192386627,>=,proxy_or_output_feature,0.75
rule,20,30.80203494069906,0.9818653762340546,-0.4559861140205287,-0.7352710903175733,0.0,-2.6649188414797154,1.2033953165351896,0.3,0.4,15,5,0,0.4,0.6666666666666666,3,5,5,0,residual_lfv1_highfreq_abs_mean_delta,-7.14743509888649e-05,>=,proxy_or_output_feature,0.75
rule,20,30.80157502345089,0.9817851096391678,-0.4564460312686995,-0.7357310075657442,0.0,-2.6649188414797154,1.2033953165351896,0.35,0.35,12,8,0,0.3333333333333333,0.4444444444444444,2,5,4,0,residual_lfv1_saturation_mean_delta,0.0018007993698120116,>=,proxy_or_output_feature,0.6
rule,20,30.800266496047243,0.9815659046173095,-0.45775455867234455,-0.7370395349693892,0.0,-2.6649188414797154,1.2176118705098782,0.3,0.4,15,5,0,0.4,0.6666666666666666,3,5,4,1,rescalib_from_baseline_residual_cosine,0.4256162568926811,<=,gt_aware_diagnostic,0.75
rule,20,30.800266496047243,0.9815659046173095,-0.45775455867234455,-0.7370395349693892,0.0,-2.6649188414797154,1.2176118705098782,0.3,0.4,15,5,0,0.4,0.6666666666666666,3,5,4,1,rescalib_from_baseline_luma_residual_cosine,0.4197816923260689,<=,gt_aware_diagnostic,0.75
rule,20,30.79980904610169,0.9818363815546036,-0.4582120086178996,-0.7374969849149442,-0.04220721072102762,-2.6649188414797154,1.2033953165351896,0.25,0.35,16,4,0,0.375,0.6666666666666666,4,5,4,1,residual_lfv1_edge_mean_delta_abs,0.00045245885848999023,>=,proxy_or_output_feature,0.8
rule,20,30.79980904610169,0.9818363815546036,-0.4582120086178996,-0.7374969849149442,-0.04220721072102762,-2.6649188414797154,1.2033953165351896,0.25,0.35,16,4,0,0.375,0.6666666666666666,4,5,4,1,residual_lfv1_highfreq_abs_mean_delta_abs,0.00011753290891647339,>=,proxy_or_output_feature,0.8
rule,20,30.79956150037351,0.9815370142459869,-0.45845955434607577,-0.7377445306431204,0.0,-2.6649188414797154,0.024474973922054836,0.25,0.35,8,12,0,0.25,0.2222222222222222,1,4,0,1,rescalib_from_baseline_residual_cosine,0.1949137836694717,<=,gt_aware_diagnostic,0.4
rule,20,30.79956150037351,0.9815370142459869,-0.45845955434607577,-0.7377445306431204,0.0,-2.6649188414797154,0.024474973922054836,0.25,0.35,8,12,0,0.25,0.2222222222222222,1,4,0,1,rescalib_from_baseline_luma_residual_cosine,0.1775603860616684,<=,gt_aware_diagnostic,0.4
rule,20,30.798084520106908,0.981811273097992,-0.4599365346126847,-0.7392215109097293,0.0,-2.6649188414797154,1.2033953165351896,0.3,0.3,13,7,0,0.3076923076923077,0.4444444444444444,2,5,4,0,residual_lfv1_saturation_mean_delta,0.0014406129717826842,>=,proxy_or_output_feature,0.65
rule,20,30.797447738545088,0.9816490441560746,-0.4605733161745002,-0.7398582924715449,0.0,-2.6649188414797154,0.36800612813744205,0.35,0.45,8,12,0,0.375,0.3333333333333333,2,3,3,0,baseline_highfreq_abs_mean,0.032529596239328384,<=,proxy_or_output_feature,0.4
rule,20,30.797447738545088,0.9816490441560746,-0.4605733161745002,-0.7398582924715449,0.0,-2.6649188414797154,0.36800612813744205,0.35,0.45,8,12,0,0.375,0.3333333333333333,2,3,3,0,lfv1_highfreq_abs_mean,0.03230536431074142,<=,proxy_or_output_feature,0.4
rule,20,30.797447738545088,0.9816490441560746,-0.4605733161745002,-0.7398582924715449,0.0,-2.6649188414797154,0.36800612813744205,0.35,0.45,8,12,0,0.375,0.3333333333333333,2,3,3,0,residual_highfreq_abs_mean,0.03228588327765465,<=,proxy_or_output_feature,0.4
rule,20,30.79677599270326,0.9815920680761338,-0.46124506201632975,-0.7405300383133744,-0.03490503343985196,-2.6649188414797154,1.2176118705098782,0.25,0.35,16,4,0,0.375,0.6666666666666666,3,5,4,1,rescalib_from_baseline_residual_cosine,0.46278140544891355,<=,gt_aware_diagnostic,0.8
rule,20,30.79677599270326,0.9815920680761338,-0.46124506201632975,-0.7405300383133744,-0.03490503343985196,-2.6649188414797154,1.2176118705098782,0.25,0.35,16,4,0,0.375,0.6666666666666666,3,5,4,1,rescalib_from_baseline_luma_residual_cosine,0.47089168429374695,<=,gt_aware_diagnostic,0.8
rule,20,30.795539535591352,0.9817247867584229,-0.462481519128238,-0.7417664954252826,0.0,-2.6649188414797154,0.4095182713441995,0.35,0.45,10,10,0,0.4,0.4444444444444444,2,4,3,0,baseline_dark_channel_mean,0.2908909469842911,>=,proxy_or_output_feature,0.5
rule,20,30.795539535591352,0.9817247867584229,-0.462481519128238,-0.7417664954252826,0.0,-2.6649188414797154,0.4095182713441995,0.35,0.45,10,10,0,0.4,0.4444444444444444,2,4,3,0,lfv1_dark_channel_mean,0.29091861844062805,>=,proxy_or_output_feature,0.5
rule,20,30.795539535591352,0.9817247867584229,-0.462481519128238,-0.7417664954252826,0.0,-2.6649188414797154,0.4095182713441995,0.35,0.45,10,10,0,0.4,0.4444444444444444,2,4,3,0,residual_dark_channel_mean,0.29157784581184387,>=,proxy_or_output_feature,0.5
rule,20,30.79529483972067,0.9817658126354217,-0.4627262149989216,-0.7420111912959662,-0.04220721072102762,-2.6649188414797154,1.2176118705098782,0.25,0.35,16,4,0,0.375,0.6666666666666666,4,5,4,1,baseline_dark_channel_abs_bias,0.0027911484241485594,>=,gt_aware_diagnostic,0.8
rule,20,30.794173910721923,0.9817068725824356,-0.46384714399766125,-0.7431321202947059,0.0,-2.6649188414797154,0.0,0.3,0.4,5,15,0,0.2,0.1111111111111111,1,3,1,0,baseline_edge_mean,0.1560005322098732,<=,proxy_or_output_feature,0.25
rule,20,30.794173910721923,0.9817068725824356,-0.46384714399766125,-0.7431321202947059,0.0,-2.6649188414797154,0.0,0.3,0.4,5,15,0,0.2,0.1111111111111111,1,3,1,0,baseline_highfreq_abs_mean,0.026139171794056892,<=,proxy_or_output_feature,0.25
rule,20,30.794173910721923,0.9817068725824356,-0.46384714399766125,-0.7431321202947059,0.0,-2.6649188414797154,0.0,0.3,0.4,5,15,0,0.2,0.1111111111111111,1,3,1,0,lfv1_edge_mean,0.15595866367220879,<=,proxy_or_output_feature,0.25
rule,20,30.794173910721923,0.9817068725824356,-0.46384714399766125,-0.7431321202947059,0.0,-2.6649188414797154,0.0,0.3,0.4,5,15,0,0.2,0.1111111111111111,1,3,1,0,lfv1_highfreq_abs_mean,0.0260908342897892,<=,proxy_or_output_feature,0.25
rule,20,30.794173910721923,0.9817068725824356,-0.46384714399766125,-0.7431321202947059,0.0,-2.6649188414797154,0.0,0.3,0.4,5,15,0,0.2,0.1111111111111111,1,3,1,0,residual_edge_mean,0.15835854411125183,<=,proxy_or_output_feature,0.25
rule,20,30.794173910721923,0.9817068725824356,-0.46384714399766125,-0.7431321202947059,0.0,-2.6649188414797154,0.0,0.3,0.4,5,15,0,0.2,0.1111111111111111,1,3,1,0,residual_highfreq_abs_mean,0.026477458886802197,<=,proxy_or_output_feature,0.25
rule,20,30.79386995730106,0.9817233771085739,-0.4641510974185394,-0.7434360737155841,-0.03490503343985196,-2.6649188414797154,1.2384055230704805,0.2,0.3,15,5,0,0.3333333333333333,0.5555555555555556,3,5,3,1,rescalib_from_baseline_lf_mse_delta,-0.00015443359734490514,>=,gt_aware_diagnostic,0.75
rule,20,30.793752981304714,0.9818973302841186,-0.4642680734148746,-0.7435530497119192,-0.03490503343985196,-2.6649188414797154,1.2033953165351896,0.25,0.3,15,5,0,0.3333333333333333,0.5555555555555556,3,5,4,0,residual_lfv1_luma_mean_delta,0.001738615334033966,<=,proxy_or_output_feature,0.75
rule,20,30.793752981304714,0.9818973302841186,-0.4642680734148746,-0.7435530497119192,-0.03490503343985196,-2.6649188414797154,1.2033953165351896,0.25,0.3,15,5,0,0.3333333333333333,0.5555555555555556,3,5,4,0,residual_lfv1_saturation_mean_delta,0.0009305514395236969,>=,proxy_or_output_feature,0.75
rule,20,30.793752981304714,0.9818973302841186,-0.4642680734148746,-0.7435530497119192,-0.03490503343985196,-2.6649188414797154,1.2033953165351896,0.25,0.3,15,5,0,0.3333333333333333,0.5555555555555556,3,5,4,0,residual_lfv1_dark_channel_mean_delta,0.0025490671396255493,<=,proxy_or_output_feature,0.75
rule,20,30.7927096140073,0.9817654550075531,-0.4653114407122869,-0.7445964170093315,0.0,-2.6649188414797154,0.8274756218343117,0.25,0.35,14,6,0,0.35714285714285715,0.5555555555555556,3,4,4,0,residual_edge_error_regression_vs_lfv1,-0.000431784987449646,>=,gt_aware_diagnostic,0.7
rule,20,30.78944712291667,0.9818386316299439,-0.46857393180291496,-0.7478589080999596,0.0,-2.6649188414797154,1.2033953165351896,0.3,0.4,13,7,0,0.38461538461538464,0.5555555555555556,3,5,4,0,residual_lfv1_highfreq_abs_mean_delta,5.027856677770616e-05,>=,proxy_or_output_feature,0.65
rule,20,30.788353470851085,0.9818720310926438,-0.4696675838685044,-0.748952560165549,-0.07711224416087958,-2.6649188414797154,1.2176118705098782,0.25,0.3,17,3,0,0.35294117647058826,0.6666666666666666,4,5,5,0,residual_lfv1_lap_var_delta,-0.0021245963871479034,>=,proxy_or_output_feature,0.85
rule,20,30.78662343592591,0.9816643059253692,-0.47139761879367476,-0.7506825950907194,0.0,-2.6649188414797154,0.6187229719747899,0.35,0.45,12,8,0,0.4166666666666667,0.5555555555555556,3,4,4,0,baseline_saturation_mean,0.27639321088790897,<=,proxy_or_output_feature,0.6
rule,20,30.78662343592591,0.9816643059253692,-0.47139761879367476,-0.7506825950907194,0.0,-2.6649188414797154,0.6187229719747899,0.35,0.45,12,8,0,0.4166666666666667,0.5555555555555556,3,4,4,0,lfv1_saturation_mean,0.27501859068870543,<=,proxy_or_output_feature,0.6
rule,20,30.78662343592591,0.9816643059253692,-0.47139761879367476,-0.7506825950907194,0.0,-2.6649188414797154,0.6187229719747899,0.35,0.45,12,8,0,0.4166666666666667,0.5555555555555556,3,4,4,0,residual_saturation_mean,0.28273380994796754,<=,proxy_or_output_feature,0.6
rule,20,30.785956619572687,0.981864795088768,-0.47206443514690016,-0.7513494114439447,0.0,-2.6649188414797154,1.2033953165351896,0.25,0.35,14,6,0,0.35714285714285715,0.5555555555555556,3,5,4,0,residual_lfv1_edge_mean_delta,7.364898920059214e-05,>=,proxy_or_output_feature,0.7
rule,20,30.785956619572687,0.981864795088768,-0.47206443514690016,-0.7513494114439447,0.0,-2.6649188414797154,1.2033953165351896,0.25,0.35,14,6,0,0.35714285714285715,0.5555555555555556,3,5,4,0,residual_lfv1_highfreq_abs_mean_delta,5.077570676803765e-07,>=,proxy_or_output_feature,0.7
rule,20,30.78354805739649,0.9816791743040085,-0.4744729973231031,-0.7537579736201477,0.0,-2.6649188414797154,1.2176118705098782,0.25,0.3,13,7,0,0.3076923076923077,0.4444444444444444,3,5,3,1,residual_saturation_abs_bias,0.00514255166053772,>=,gt_aware_diagnostic,0.65
rule,20,30.783265626279206,0.9816849827766418,-0.4747554284403835,-0.7540404047374281,-0.03490503343985196,-2.6649188414797154,1.2176118705098782,0.15,0.25,14,6,0,0.2857142857142857,0.4444444444444444,4,4,3,0,residual_dark_channel_abs_bias_regression_vs_lfv1,-0.00499294102191925,>=,gt_aware_diagnostic,0.7
rule,20,30.78266589606492,0.9819448590278625,-0.4753551586546658,-0.7546401349517105,0.0,-1.995246574251296,0.2988711131612466,0.2,0.35,10,10,0,0.3,0.3333333333333333,3,4,2,0,residual_lfv1_lap_var_delta,-1.344829797744751e-05,>=,proxy_or_output_feature,0.5
rule,20,30.782155611868074,0.9817753255367279,-0.47586544285151466,-0.7551504191485593,-0.03490503343985196,-2.6649188414797154,1.2033953165351896,0.25,0.3,15,5,0,0.3333333333333333,0.5555555555555556,3,5,4,0,lfv1_dark_channel_abs_bias,0.027230866253376007,<=,gt_aware_diagnostic,0.75
rule,20,30.781362169860074,0.9817206144332886,-0.4766588848595134,-0.7559438611565581,-0.07711224416087958,-2.6649188414797154,1.2384055230704805,0.2,0.3,17,3,0,0.35294117647058826,0.6666666666666666,4,5,4,1,rescalib_from_lfv1_lf_mse_delta,-0.000294561694317963,>=,gt_aware_diagnostic,0.85
rule,20,30.781245193863743,0.9818945676088333,-0.4767758608558486,-0.7560608371528932,-0.07711224416087958,-2.6649188414797154,1.2033953165351896,0.25,0.3,17,3,0,0.35294117647058826,0.6666666666666666,4,5,5,0,residual_lfv1_saturation_mean_delta,-0.001541438139975071,>=,proxy_or_output_feature,0.85
rule,20,30.780878712781874,0.981726947426796,-0.4771423419377173,-0.756427318234762,0.0,-2.6649188414797154,0.36800612813744205,0.3,0.4,9,11,0,0.3333333333333333,0.3333333333333333,3,3,3,0,baseline_highfreq_abs_mean,0.03376154936850071,<=,proxy_or_output_feature,0.45
rule,20,30.780878712781874,0.981726947426796,-0.4771423419377173,-0.756427318234762,0.0,-2.6649188414797154,0.36800612813744205,0.3,0.4,9,11,0,0.3333333333333333,0.3333333333333333,3,3,3,0,lfv1_highfreq_abs_mean,0.0338156457990408,<=,proxy_or_output_feature,0.45
rule,20,30.780878712781874,0.981726947426796,-0.4771423419377173,-0.756427318234762,0.0,-2.6649188414797154,0.36800612813744205,0.3,0.4,9,11,0,0.3333333333333333,0.3333333333333333,3,3,3,0,residual_highfreq_abs_mean,0.03379207216203213,<=,proxy_or_output_feature,0.45
rule,20,30.780206966940046,0.9816699713468552,-0.47781408777954687,-0.7570990640765916,-0.07711224416087958,-2.6649188414797154,1.2176118705098782,0.2,0.3,17,3,0,0.35294117647058826,0.6666666666666666,4,5,4,1,rescalib_from_baseline_residual_cosine,0.5311741232872007,<=,gt_aware_diagnostic,0.85
rule,20,30.780206966940046,0.9816699713468552,-0.47781408777954687,-0.7570990640765916,-0.07711224416087958,-2.6649188414797154,1.2176118705098782,0.2,0.3,17,3,0,0.35294117647058826,0.6666666666666666,4,5,4,1,rescalib_from_baseline_luma_residual_cosine,0.5268555268645284,<=,gt_aware_diagnostic,0.85
rule,20,30.780206966940046,0.9816699713468552,-0.47781408777954687,-0.7570990640765916,-0.07711224416087958,-2.6649188414797154,1.2176118705098782,0.2,0.3,17,3,0,0.35294117647058826,0.6666666666666666,4,5,4,1,rescalib_from_baseline_residual_error_ratio,0.915215451880339,>=,gt_aware_diagnostic,0.85
rule,20,30.77809558959555,0.981706291437149,-0.47992546512403267,-0.7592104414210773,0.0,-2.6649188414797154,0.0,0.25,0.35,4,16,0,0.0,0.0,1,3,0,0,rescalib_from_lfv1_lf_mse_delta,0.0006765848607756197,>=,gt_aware_diagnostic,0.2
rule,20,30.777780761115032,0.9816623091697693,-0.48024029360455495,-0.7595252699015995,0.0,-2.6649188414797154,0.0,0.3,0.4,5,15,0,0.2,0.1111111111111111,1,3,1,0,residual_dark_channel_abs_bias_regression_vs_lfv1,0.004841923713684082,>=,gt_aware_diagnostic,0.25
rule,20,30.77769169025522,0.9815394818782807,-0.48032936446435953,-0.7596143407614042,0.0,-2.6649188414797154,0.4095182713441995,0.3,0.45,10,10,0,0.4,0.4444444444444444,2,4,3,0,residual_edge_error_regression_vs_lfv1,0.0003902800381183624,>=,gt_aware_diagnostic,0.5
rule,20,30.777079897933525,0.9815878599882126,-0.4809411567860602,-0.7602261330831048,0.0,-2.6649188414797154,1.2033953165351896,0.25,0.35,14,6,0,0.35714285714285715,0.5555555555555556,3,5,3,1,residual_lfv1_edge_mean_delta_abs,0.0007823139429092407,>=,proxy_or_output_feature,0.7
rule,20,30.777079897933525,0.9815878599882126,-0.4809411567860602,-0.7602261330831048,0.0,-2.6649188414797154,1.2033953165351896,0.25,0.35,14,6,0,0.35714285714285715,0.5555555555555556,3,5,3,1,residual_lfv1_highfreq_abs_mean_delta_abs,0.00017104819416999817,>=,proxy_or_output_feature,0.7
rule,20,30.776810281404597,0.9816298246383667,-0.4812107733149903,-0.7604957496120349,0.0,-2.6649188414797154,0.8274756218343117,0.35,0.45,10,10,0,0.4,0.4444444444444444,3,3,4,0,residual_luma_abs_bias,0.009961217641830444,>=,gt_aware_diagnostic,0.5
rule,20,30.775269449897934,0.981747978925705,-0.48275160482165835,-0.762036581118703,0.0,-1.995246574251296,0.0,0.15,0.3,5,15,0,0.0,0.0,3,2,0,0,rescalib_from_lfv1_residual_cosine,-0.28229715675115585,<=,gt_aware_diagnostic,0.25
rule,20,30.775269449897934,0.981747978925705,-0.48275160482165835,-0.762036581118703,0.0,-1.995246574251296,0.0,0.15,0.3,5,15,0,0.0,0.0,3,2,0,0,rescalib_from_lfv1_luma_residual_cosine,-0.27908554673194885,<=,gt_aware_diagnostic,0.25
rule,20,30.77347096918312,0.981490769982338,-0.4845500855364623,-0.7638350618335069,0.0,-2.6649188414797154,0.4095182713441995,0.3,0.4,11,9,0,0.36363636363636365,0.4444444444444444,2,4,3,0,residual_edge_error_regression_vs_lfv1,0.000240241875872016,>=,gt_aware_diagnostic,0.55
rule,20,30.770657352054677,0.9814811885356903,-0.4873637026649039,-0.7666486789619485,0.0,-2.6649188414797154,0.0,0.3,0.4,5,15,0,0.2,0.1111111111111111,1,3,1,0,residual_edge_error_regression_vs_lfv1,0.0008021355606615543,>=,gt_aware_diagnostic,0.25
rule,20,30.770428409103896,0.9819367051124572,-0.48759264561569304,-0.7668776219127377,0.0,-1.995246574251296,0.07859634786275654,0.2,0.3,9,11,0,0.2222222222222222,0.2222222222222222,3,4,2,0,residual_lfv1_lap_var_delta,0.0004950301721692085,>=,proxy_or_output_feature,0.45
rule,20,30.76986699174996,0.9816009193658829,-0.4881540629696218,-0.7674390392666665,0.0,-2.6649188414797154,0.27567637428796604,0.2,0.3,11,9,0,0.2727272727272727,0.3333333333333333,1,5,1,1,rescalib_from_baseline_residual_error_ratio,0.9621262032622753,>=,gt_aware_diagnostic,0.55
rule,20,30.76875992503317,0.9818130224943161,-0.48926112968641944,-0.7685461059834641,0.0,-1.995246574251296,0.03215664225274334,0.25,0.35,8,12,0,0.25,0.2222222222222222,3,3,2,0,baseline_saturation_mean,0.1902461141347885,<=,proxy_or_output_feature,0.4
rule,20,30.76875992503317,0.9818130224943161,-0.48926112968641944,-0.7685461059834641,0.0,-1.995246574251296,0.03215664225274334,0.25,0.35,8,12,0,0.25,0.2222222222222222,3,3,2,0,lfv1_saturation_mean,0.191276079416275,<=,proxy_or_output_feature,0.4
rule,20,30.76875992503317,0.9818130224943161,-0.48926112968641944,-0.7685461059834641,0.0,-1.995246574251296,0.03215664225274334,0.25,0.35,8,12,0,0.25,0.2222222222222222,3,3,2,0,residual_saturation_mean,0.19439150094985963,<=,proxy_or_output_feature,0.4
rule,20,30.768630534638056,0.981733638048172,-0.48939052008153006,-0.7686754963785747,0.0,-2.6649188414797154,0.0,0.3,0.4,5,15,0,0.2,0.1111111111111111,0,4,0,0,rescalib_from_baseline_residual_error_ratio,1.2103380018203993,>=,gt_aware_diagnostic,0.25
rule,20,30.766790284560535,0.9818487763404846,-0.4912307701590473,-0.7705157464560919,0.0,-2.6649188414797154,0.07859634786275654,0.35,0.4,7,13,0,0.2857142857142857,0.2222222222222222,1,4,2,0,residual_lfv1_luma_mean_delta,-0.0035391747951507564,<=,proxy_or_output_feature,0.35
rule,20,30.766790284560535,0.9818487763404846,-0.4912307701590473,-0.7705157464560919,0.0,-2.6649188414797154,0.07859634786275654,0.35,0.4,7,13,0,0.2857142857142857,0.2222222222222222,1,4,2,0,residual_lfv1_dark_channel_mean_delta,-0.0061557337641716,<=,proxy_or_output_feature,0.35
rule,20,30.766459922374498,0.9817024409770966,-0.4915611323450955,-0.7708461086421401,0.0,-2.6649188414797154,0.8274756218343117,0.4,0.5,13,7,0,0.46153846153846156,0.6666666666666666,3,4,5,0,baseline_dark_channel_mean,0.2520579501986504,>=,proxy_or_output_feature,0.65
rule,20,30.766459922374498,0.9817024409770966,-0.4915611323450955,-0.7708461086421401,0.0,-2.6649188414797154,0.8274756218343117,0.4,0.5,13,7,0,0.46153846153846156,0.6666666666666666,3,4,5,0,lfv1_dark_channel_mean,0.25017561092972757,>=,proxy_or_output_feature,0.65
rule,20,30.766459922374498,0.9817024409770966,-0.4915611323450955,-0.7708461086421401,0.0,-2.6649188414797154,0.8274756218343117,0.4,0.5,13,7,0,0.46153846153846156,0.6666666666666666,3,4,5,0,residual_dark_channel_mean,0.25120110586285593,>=,proxy_or_output_feature,0.65
rule,20,30.766098216040564,0.981462550163269,-0.49192283867902253,-0.7712078149760672,0.0,-2.6649188414797154,0.4095182713441995,0.35,0.45,8,12,0,0.375,0.3333333333333333,2,3,3,0,residual_luma_bias,-0.009860777854919435,<=,gt_aware_diagnostic,0.4
rule,20,30.76516687273737,0.9818939864635468,-0.49285418198222003,-0.7721391582792647,-0.07711224416087958,-2.6649188414797154,1.2033953165351896,0.2,0.25,16,4,0,0.3125,0.5555555555555556,4,5,4,0,residual_lfv1_saturation_mean_delta,-0.00018400326371192962,>=,proxy_or_output_feature,0.8
rule,20,30.76516687273737,0.9818939864635468,-0.49285418198222003,-0.7721391582792647,-0.07711224416087958,-2.6649188414797154,1.2033953165351896,0.2,0.25,16,4,0,0.3125,0.5555555555555556,4,5,4,0,residual_lfv1_dark_channel_mean_delta,0.0044612884521484375,<=,proxy_or_output_feature,0.8
rule,20,30.764740438135373,0.9816210120916367,-0.4932806165842177,-0.7725655928812623,0.0,-2.6649188414797154,0.4095182713441995,0.2,0.35,12,8,0,0.3333333333333333,0.4444444444444444,3,4,3,0,baseline_edge_error,0.014846491627395153,<=,gt_aware_diagnostic,0.6
rule,20,30.764740438135373,0.9816210120916367,-0.4932806165842177,-0.7725655928812623,0.0,-2.6649188414797154,0.4095182713441995,0.2,0.35,12,8,0,0.3333333333333333,0.4444444444444444,3,4,3,0,lfv1_edge_error,0.015163221769034863,<=,gt_aware_diagnostic,0.6
rule,20,30.76173501172558,0.9815267235040664,-0.49628604299400275,-0.7755710192910474,0.0,-2.6649188414797154,0.2524314075512334,0.25,0.35,10,10,0,0.3,0.3333333333333333,1,5,1,1,rescalib_from_baseline_luma_residual_cosine,0.2751637399196625,<=,gt_aware_diagnostic,0.5
rule,20,30.758149564613706,0.981478425860405,-0.49987149010587795,-0.7791564664029226,0.0,-2.6649188414797154,0.03215664225274334,0.3,0.4,7,13,0,0.2857142857142857,0.2222222222222222,2,3,2,0,lfv1_highfreq_abs_mean,0.03073177970945835,<=,proxy_or_output_feature,0.35
rule,20,30.758149564613706,0.981478425860405,-0.49987149010587795,-0.7791564664029226,0.0,-2.6649188414797154,0.03215664225274334,0.3,0.4,7,13,0,0.2857142857142857,0.2222222222222222,2,3,2,0,residual_highfreq_abs_mean,0.030969721358269454,<=,proxy_or_output_feature,0.35
rule,20,30.756901943419905,0.9815686732530594,-0.5011191112996795,-0.7804040875967241,0.0,-2.6649188414797154,0.4095182713441995,0.25,0.35,12,8,0,0.3333333333333333,0.4444444444444444,3,4,3,0,residual_edge_error_regression_vs_lfv1,8.701551705598821e-05,>=,gt_aware_diagnostic,0.6
rule,20,30.756393047677022,0.9817254841327667,-0.5016280070425573,-0.7809129833396019,0.0,-2.6649188414797154,0.0,0.3,0.35,4,16,0,0.0,0.0,0,4,0,0,baseline_dark_channel_mean,0.42845417857170104,>=,proxy_or_output_feature,0.2
rule,20,30.756393047677022,0.9817254841327667,-0.5016280070425573,-0.7809129833396019,0.0,-2.6649188414797154,0.0,0.3,0.35,4,16,0,0.0,0.0,0,4,0,0,lfv1_dark_channel_mean,0.4253915190696716,>=,proxy_or_output_feature,0.2
rule,20,30.756393047677022,0.9817254841327667,-0.5016280070425573,-0.7809129833396019,0.0,-2.6649188414797154,0.0,0.3,0.35,4,16,0,0.0,0.0,0,4,0,0,rescalib_from_baseline_residual_error_ratio,1.267180418262911,>=,gt_aware_diagnostic,0.2
rule,20,30.756122747197082,0.9817308753728866,-0.5018983075225041,-0.7811832838195487,0.0,-2.6649188414797154,0.024474973922054836,0.3,0.4,7,13,0,0.2857142857142857,0.2222222222222222,1,4,1,0,residual_dark_channel_mean,0.34566098004579543,>=,proxy_or_output_feature,0.35
rule,20,30.75356950330073,0.981771981716156,-0.5044515514188601,-0.7837365277159047,-0.07711224416087958,-2.6649188414797154,1.2033953165351896,0.2,0.25,16,4,0,0.3125,0.5555555555555556,4,5,4,0,residual_luma_abs_bias_regression_vs_lfv1,-0.003350663185119629,>=,gt_aware_diagnostic,0.8
rule,20,30.753411440075922,0.9815948367118835,-0.5046096146436646,-0.7838945909407092,0.0,-2.6649188414797154,0.4095182713441995,0.2,0.3,13,7,0,0.3076923076923077,0.4444444444444444,3,4,3,0,residual_edge_error_regression_vs_lfv1,-0.00018196846358478058,>=,gt_aware_diagnostic,0.65
rule,20,30.753297965986746,0.9816788226366043,-0.5047230887328389,-0.7840080650298835,0.0,-2.6649188414797154,0.27567637428796604,0.15,0.25,12,8,0,0.25,0.3333333333333333,2,5,1,1,rescalib_from_baseline_lf_mse_delta,-6.412119837477805e-05,>=,gt_aware_diagnostic,0.6
rule,20,30.749484310875676,0.9818106979131699,-0.5085367438439095,-0.7878217201409541,-0.07711224416087958,-2.6649188414797154,1.2033953165351896,0.3,0.35,18,2,0,0.3888888888888889,0.7777777777777778,4,5,6,0,rescalib_from_lfv1_residual_cosine,0.6600734353065492,<=,gt_aware_diagnostic,0.9
rule,20,30.749484310875676,0.9818106979131699,-0.5085367438439095,-0.7878217201409541,-0.07711224416087958,-2.6649188414797154,1.2033953165351896,0.3,0.35,18,2,0,0.3888888888888889,0.7777777777777778,4,5,6,0,rescalib_from_lfv1_luma_residual_cosine,0.6911929786205291,<=,gt_aware_diagnostic,0.9
rule,20,30.749484310875676,0.9818106979131699,-0.5085367438439095,-0.7878217201409541,-0.07711224416087958,-2.6649188414797154,1.2033953165351896,0.3,0.35,18,2,0,0.3888888888888889,0.7777777777777778,4,5,6,0,rescalib_from_lfv1_residual_error_ratio,0.815470936309234,>=,gt_aware_diagnostic,0.9
rule,20,30.749194652547686,0.9816589653491974,-0.5088264021719004,-0.7881113784689451,0.0,-2.6649188414797154,0.0,0.25,0.35,6,14,0,0.16666666666666666,0.1111111111111111,2,3,1,0,residual_dark_channel_abs_bias_regression_vs_lfv1,0.0036859661340713505,>=,gt_aware_diagnostic,0.3
rule,20,30.74565669059921,0.9815261423587799,-0.5123643641203742,-0.7916493404174189,0.0,-2.6649188414797154,0.024474973922054836,0.2,0.3,9,11,0,0.2222222222222222,0.2222222222222222,1,5,0,1,rescalib_from_baseline_residual_cosine,0.2496155939996243,<=,gt_aware_diagnostic,0.45
rule,20,30.74565669059921,0.9815261423587799,-0.5123643641203742,-0.7916493404174189,0.0,-2.6649188414797154,0.024474973922054836,0.2,0.3,9,11,0,0.2222222222222222,0.2222222222222222,1,5,0,1,rescalib_from_baseline_luma_residual_cosine,0.23220859244465836,<=,gt_aware_diagnostic,0.45
rule,20,30.74565669059921,0.9815261423587799,-0.5123643641203742,-0.7916493404174189,0.0,-2.6649188414797154,0.024474973922054836,0.2,0.3,9,11,0,0.2222222222222222,0.2222222222222222,1,5,0,1,rescalib_from_baseline_residual_error_ratio,1.0171366635282664,>=,gt_aware_diagnostic,0.45
rule,20,30.74565669059921,0.9815261423587799,-0.5123643641203742,-0.7916493404174189,0.0,-2.6649188414797154,0.024474973922054836,0.2,0.3,9,11,0,0.2222222222222222,0.2222222222222222,1,5,0,1,rescalib_from_baseline_lf_mse_delta,1.463375047023871e-05,>=,gt_aware_diagnostic,0.45
rule,20,30.74388526023605,0.9817227214574814,-0.5141357944835313,-0.7934207707805759,0.0,-2.6649188414797154,0.0,0.3,0.35,6,14,0,0.16666666666666666,0.1111111111111111,1,4,1,0,baseline_dark_channel_mean,0.36853769123554236,>=,proxy_or_output_feature,0.3
rule,20,30.74388526023605,0.9817227214574814,-0.5141357944835313,-0.7934207707805759,0.0,-2.6649188414797154,0.0,0.3,0.35,6,14,0,0.16666666666666666,0.1111111111111111,1,4,1,0,lfv1_dark_channel_mean,0.37295617461204533,>=,proxy_or_output_feature,0.3
rule,20,30.74388526023605,0.9817227214574814,-0.5141357944835313,-0.7934207707805759,0.0,-2.6649188414797154,0.0,0.3,0.35,6,14,0,0.16666666666666666,0.1111111111111111,1,4,1,0,residual_dark_channel_mean,0.3691649496555329,>=,proxy_or_output_feature,0.3
rule,20,30.742420963521432,0.9817813038825989,-0.515600091198157,-0.7948850674952016,-0.03490503343985196,-2.6649188414797154,0.8274756218343117,0.25,0.3,15,5,0,0.3333333333333333,0.5555555555555556,3,5,4,0,residual_edge_error_regression_vs_lfv1,-0.0006430090870708227,>=,gt_aware_diagnostic,0.75
rule,20,30.742166187255226,0.9815523058176041,-0.5158548674643594,-0.795139843761404,0.0,-2.6649188414797154,0.024474973922054836,0.15,0.25,10,10,0,0.2,0.2222222222222222,1,5,0,1,rescalib_from_baseline_residual_error_ratio,0.9684322475659288,>=,gt_aware_diagnostic,0.5
rule,20,30.742166187255226,0.9815523058176041,-0.5158548674643594,-0.795139843761404,0.0,-2.6649188414797154,0.024474973922054836,0.15,0.25,10,10,0,0.2,0.2222222222222222,1,5,0,1,rescalib_from_baseline_lf_mse_delta,-6.242393283173442e-06,>=,gt_aware_diagnostic,0.5
rule,20,30.742071243487334,0.9814778447151185,-0.5159498112322494,-0.795234787529294,0.0,-2.6649188414797154,0.0,0.25,0.35,6,14,0,0.16666666666666666,0.1111111111111111,2,3,1,0,residual_edge_error_regression_vs_lfv1,0.0007733688689768314,>=,gt_aware_diagnostic,0.3
rule,20,30.740212250512492,0.9815527737140656,-0.5178088042071007,-0.7970937805041454,0.0,-2.6649188414797154,0.6352499317895455,0.25,0.35,14,6,0,0.35714285714285715,0.5555555555555556,3,5,3,1,rescalib_from_baseline_residual_cosine,0.4160161703824997,<=,gt_aware_diagnostic,0.7
rule,20,30.740212250512492,0.9815527737140656,-0.5178088042071007,-0.7970937805041454,0.0,-2.6649188414797154,0.6352499317895455,0.25,0.35,14,6,0,0.35714285714285715,0.5555555555555556,3,5,3,1,rescalib_from_baseline_luma_residual_cosine,0.3865695357322693,<=,gt_aware_diagnostic,0.7
rule,20,30.73875911787975,0.9816538274288178,-0.5192619368398331,-0.7985469131368778,0.0,-2.6649188414797154,0.8274756218343117,0.35,0.45,12,8,0,0.4166666666666667,0.5555555555555556,3,4,4,0,baseline_dark_channel_mean,0.2693567514419556,>=,proxy_or_output_feature,0.6
rule,20,30.73875911787975,0.9816538274288178,-0.5192619368398331,-0.7985469131368778,0.0,-2.6649188414797154,0.8274756218343117,0.35,0.45,12,8,0,0.4166666666666667,0.5555555555555556,3,4,4,0,lfv1_dark_channel_mean,0.26569121479988095,>=,proxy_or_output_feature,0.6
rule,20,30.73739349301033,0.9816359132528305,-0.5206275617092564,-0.799912538006301,0.0,-2.6649188414797154,0.03215664225274334,0.3,0.4,7,13,0,0.2857142857142857,0.2222222222222222,2,3,2,0,residual_delta_e_p95,7.6671666383743275,>=,gt_aware_diagnostic,0.35
rule,20,30.7361933604572,0.9816372007131576,-0.5218276942623865,-0.8011126705594311,0.0,-2.6649188414797154,0.5772108287680324,0.35,0.45,10,10,0,0.4,0.4444444444444444,3,3,4,0,residual_mae,0.019815757870674133,>=,gt_aware_diagnostic,0.5
rule,20,30.7361933604572,0.9816372007131576,-0.5218276942623865,-0.8011126705594311,0.0,-2.6649188414797154,0.5772108287680324,0.35,0.45,10,10,0,0.4,0.4444444444444444,3,3,4,0,residual_rmse,0.025390898808836937,>=,gt_aware_diagnostic,0.5
rule,20,30.7361933604572,0.9816372007131576,-0.5218276942623865,-0.8011126705594311,0.0,-2.6649188414797154,0.5772108287680324,0.35,0.45,10,10,0,0.4,0.4444444444444444,3,3,4,0,residual_delta_e_mean,2.566618323326111,>=,gt_aware_diagnostic,0.5
rule,20,30.7361933604572,0.9816372007131576,-0.5218276942623865,-0.8011126705594311,0.0,-2.6649188414797154,0.5772108287680324,0.35,0.45,10,10,0,0.4,0.4444444444444444,3,3,4,0,residual_delta_e_p95,6.244030237197876,>=,gt_aware_diagnostic,0.5
rule,20,30.733419203638185,0.9815179884433747,-0.5246018510814014,-0.8038868273784461,0.0,-2.6649188414797154,0.0,0.2,0.25,8,12,0,0.125,0.1111111111111111,1,5,0,1,rescalib_from_baseline_lf_mse_delta,3.722972760442645e-05,>=,gt_aware_diagnostic,0.4
rule,20,30.733405989749304,0.9818101167678833,-0.5246150649702809,-0.8039000412673255,-0.07711224416087958,-2.6649188414797154,1.2033953165351896,0.25,0.3,17,3,0,0.35294117647058826,0.6666666666666666,4,5,5,0,residual_color_regression_vs_lfv1,-0.4380586206912994,>=,gt_aware_diagnostic,0.85
rule,20,30.731921141372357,0.9816709727048873,-0.5260999133472305,-0.8053848896442751,0.0,-2.6649188414797154,0.8274756218343117,0.35,0.4,9,11,0,0.3333333333333333,0.3333333333333333,2,4,3,0,residual_lfv1_luma_mean_delta,-0.00242062360048294,<=,proxy_or_output_feature,0.45
rule,20,30.731921141372357,0.9816709727048873,-0.5260999133472305,-0.8053848896442751,0.0,-2.6649188414797154,0.8274756218343117,0.35,0.4,9,11,0,0.3333333333333333,0.3333333333333333,2,4,3,0,residual_lfv1_dark_channel_mean_delta,-0.003006184101104736,<=,proxy_or_output_feature,0.45
rule,20,30.727806939109676,0.9817221403121948,-0.5302141156099027,-0.8094990919069474,0.0,-2.6649188414797154,0.0,0.25,0.3,5,15,0,0.0,0.0,1,4,0,0,baseline_dark_channel_mean,0.4183144196867943,>=,proxy_or_output_feature,0.25
rule,20,30.727806939109676,0.9817221403121948,-0.5302141156099027,-0.8094990919069474,0.0,-2.6649188414797154,0.0,0.25,0.3,5,15,0,0.0,0.0,1,4,0,0,lfv1_dark_channel_mean,0.41489411890506744,>=,proxy_or_output_feature,0.25
rule,20,30.727221810149217,0.981683549284935,-0.5307992445703718,-0.8100842208674164,0.0,-2.6649188414797154,0.2524314075512334,0.3,0.4,9,11,0,0.3333333333333333,0.3333333333333333,2,4,2,0,baseline_dark_channel_mean,0.3071760624647141,>=,proxy_or_output_feature,0.45
rule,20,30.727221810149217,0.981683549284935,-0.5307992445703718,-0.8100842208674164,0.0,-2.6649188414797154,0.2524314075512334,0.3,0.4,9,11,0,0.3333333333333333,0.3333333333333333,2,4,2,0,lfv1_dark_channel_mean,0.30998656153678894,>=,proxy_or_output_feature,0.45
rule,20,30.727221810149217,0.981683549284935,-0.5307992445703718,-0.8100842208674164,0.0,-2.6649188414797154,0.2524314075512334,0.3,0.4,9,11,0,0.3333333333333333,0.3333333333333333,2,4,2,0,residual_dark_channel_mean,0.30785091519355773,>=,proxy_or_output_feature,0.45
rule,20,30.72716174844311,0.981531822681427,-0.5308593062764733,-0.8101442825735179,0.0,-2.6649188414797154,0.6187229719747899,0.35,0.45,12,8,0,0.4166666666666667,0.5555555555555556,3,4,4,0,residual_dark_channel_mean,0.26249184608459475,>=,proxy_or_output_feature,0.6
rule,20,30.72656919039116,0.9816511750221253,-0.531451864328431,-0.8107368406254756,0.0,-2.6649188414797154,0.3448113892641615,0.3,0.4,11,9,0,0.36363636363636365,0.4444444444444444,3,4,3,0,baseline_saturation_mean,0.2661000266671181,<=,proxy_or_output_feature,0.55
rule,20,30.72656919039116,0.9816511750221253,-0.531451864328431,-0.8107368406254756,0.0,-2.6649188414797154,0.3448113892641615,0.3,0.4,11,9,0,0.36363636363636365,0.4444444444444444,3,4,3,0,lfv1_saturation_mean,0.26509684622287755,<=,proxy_or_output_feature,0.55
rule,20,30.72656919039116,0.9816511750221253,-0.531451864328431,-0.8107368406254756,0.0,-2.6649188414797154,0.3448113892641615,0.3,0.4,11,9,0,0.36363636363636365,0.4444444444444444,3,4,3,0,residual_saturation_mean,0.2691914454102516,<=,proxy_or_output_feature,0.55
rule,20,30.72652163091873,0.9816456735134125,-0.5314994238008603,-0.810784400097905,0.0,-2.6649188414797154,0.8274756218343117,0.35,0.4,11,9,0,0.36363636363636365,0.4444444444444444,3,4,4,0,residual_luma_abs_bias,0.007710158079862597,>=,gt_aware_diagnostic,0.55
rule,20,30.72559716149201,0.9816302090883255,-0.5324238932275766,-0.8117088695246212,0.0,-2.6649188414797154,0.024474973922054836,0.1,0.2,11,9,0,0.18181818181818182,0.2222222222222222,2,5,0,1,rescalib_from_baseline_lf_mse_delta,-2.874361125577704e-05,>=,gt_aware_diagnostic,0.55
rule,20,30.722840593480953,0.9814762115478516,-0.5351804612386328,-0.8144654375356775,0.0,-2.6649188414797154,0.0,0.25,0.4,5,15,0,0.2,0.1111111111111111,1,3,0,0,rescalib_from_baseline_luma_residual_cosine,0.13171448186039925,<=,gt_aware_diagnostic,0.25
rule,20,30.722300909846627,0.9815969616174698,-0.5357201448729632,-0.8150051211700078,0.0,-2.6649188414797154,0.8274756218343117,0.35,0.35,12,8,0,0.3333333333333333,0.4444444444444444,3,4,4,0,residual_luma_abs_bias,0.005535641312599182,>=,gt_aware_diagnostic,0.6
rule,20,30.717726515580274,0.9816491782665253,-0.540294539139311,-0.8195795154363557,0.0,-2.6649188414797154,0.0,0.25,0.35,4,16,0,0.0,0.0,1,3,0,0,rescalib_from_lfv1_residual_error_ratio,1.2500013400848593,>=,gt_aware_diagnostic,0.2
rule,20,30.716756035869842,0.9816166937351227,-0.5412650188497464,-0.8205499951467911,0.0,-2.6649188414797154,0.36800612813744205,0.3,0.4,9,11,0,0.3333333333333333,0.3333333333333333,3,3,3,0,residual_luma_abs_bias,0.010827553272247313,>=,gt_aware_diagnostic,0.45
rule,20,30.716482241800435,0.9814757078886032,-0.5415388129191492,-0.8208237892161938,0.0,-2.6649188414797154,0.2524314075512334,0.25,0.4,9,11,0,0.3333333333333333,0.3333333333333333,2,4,2,0,residual_edge_error_regression_vs_lfv1,0.0005109509453177451,>=,gt_aware_diagnostic,0.45
rule,20,30.715809565554697,0.9814783990383148,-0.5422114891648926,-0.8214964654619372,0.0,-2.6649188414797154,0.4095182713441995,0.35,0.4,9,11,0,0.3333333333333333,0.3333333333333333,2,4,3,0,residual_luma_bias,-0.0073215223848819705,<=,gt_aware_diagnostic,0.45
rule,20,30.714947900837068,0.981643745303154,-0.5430731538825173,-0.8223581301795619,-0.03490503343985196,-2.6649188414797154,0.34038325636800404,0.1,0.2,13,7,0,0.23076923076923078,0.3333333333333333,4,4,2,0,residual_dark_channel_abs_bias_regression_vs_lfv1,-0.002899475395679473,>=,gt_aware_diagnostic,0.65
rule,20,30.71472572486375,0.981722766160965,-0.5432953298558285,-0.8225803061528731,0.0,-2.6649188414797154,0.0,0.25,0.35,6,14,0,0.16666666666666666,0.1111111111111111,0,5,0,0,rescalib_from_baseline_residual_error_ratio,1.1879527167653414,>=,gt_aware_diagnostic,0.3
rule,20,30.7144517876495,0.9816368609666825,-0.5435692670700878,-0.8228542433671324,0.0,-2.6649188414797154,0.4095182713441995,0.2,0.3,13,7,0,0.3076923076923077,0.4444444444444444,3,5,3,0,baseline_edge_error,0.015241239638999104,<=,gt_aware_diagnostic,0.65
rule,20,30.714331703430126,0.98164302110672,-0.5436893512894582,-0.8229743275865028,0.0,-2.6649188414797154,0.3448113892641615,0.3,0.35,10,10,0,0.3,0.3333333333333333,3,4,3,0,baseline_saturation_mean,0.2555582597851753,<=,proxy_or_output_feature,0.5
rule,20,30.714331703430126,0.98164302110672,-0.5436893512894582,-0.8229743275865028,0.0,-2.6649188414797154,0.3448113892641615,0.3,0.35,10,10,0,0.3,0.3333333333333333,3,4,3,0,lfv1_saturation_mean,0.25777944922447205,<=,proxy_or_output_feature,0.5
rule,20,30.714331703430126,0.98164302110672,-0.5436893512894582,-0.8229743275865028,0.0,-2.6649188414797154,0.3448113892641615,0.3,0.35,10,10,0,0.3,0.3333333333333333,3,4,3,0,residual_saturation_mean,0.2608945369720459,<=,proxy_or_output_feature,0.5
rule,20,30.711889241497907,0.9816287338733674,-0.5461318132216807,-0.8254167895187253,-0.07711224416087958,-2.6649188414797154,0.6187229719747899,0.15,0.25,16,4,0,0.3125,0.5555555555555556,4,5,3,1,rescalib_from_baseline_residual_error_ratio,0.9216099728503967,>=,gt_aware_diagnostic,0.8
rule,20,30.711588844482595,0.9814296871423721,-0.5464322102369954,-0.82571718653404,0.0,-2.6649188414797154,0.4095182713441995,0.35,0.35,10,10,0,0.3,0.3333333333333333,2,4,3,0,residual_luma_bias,-0.005526386201381683,<=,gt_aware_diagnostic,0.5
rule,20,30.710603106519926,0.9814680576324463,-0.54741794819966,-0.8267029244967047,0.0,-2.6649188414797154,0.0,0.25,0.35,4,16,0,0.0,0.0,1,3,0,0,rescalib_from_baseline_residual_cosine,0.011846376955509177,<=,gt_aware_diagnostic,0.2
rule,20,30.710603106519926,0.9814680576324463,-0.54741794819966,-0.8267029244967047,0.0,-2.6649188414797154,0.0,0.25,0.35,4,16,0,0.0,0.0,1,3,0,0,rescalib_from_baseline_luma_residual_cosine,0.044460851140320286,<=,gt_aware_diagnostic,0.2
rule,20,30.710603106519926,0.9814680576324463,-0.54741794819966,-0.8267029244967047,0.0,-2.6649188414797154,0.0,0.25,0.35,4,16,0,0.0,0.0,1,3,0,0,rescalib_from_baseline_lf_mse_delta,0.00026228396454825993,>=,gt_aware_diagnostic,0.2
rule,20,30.710603106519926,0.9814680576324463,-0.54741794819966,-0.8267029244967047,0.0,-2.6649188414797154,0.0,0.25,0.35,4,16,0,0.0,0.0,1,3,0,0,residual_color_regression_vs_lfv1,0.6368097305297851,>=,gt_aware_diagnostic,0.2
rule,20,30.71050500379165,0.9816740542650223,-0.5475160509279313,-0.826801027224976,0.0,-2.6649188414797154,0.0,0.25,0.3,7,13,0,0.14285714285714285,0.1111111111111111,0,5,0,0,rescalib_from_baseline_residual_error_ratio,1.1279649020216165,>=,gt_aware_diagnostic,0.35
rule,20,30.710186136944298,0.9816400796175003,-0.5478349177752871,-0.8271198940723318,-0.07711224416087958,-2.6649188414797154,1.2033953165351896,0.25,0.3,17,3,0,0.35294117647058826,0.6666666666666666,4,5,5,0,rescalib_from_lfv1_luma_residual_cosine,0.6545998007059096,<=,gt_aware_diagnostic,0.85
rule,20,30.708492555962458,0.9815885871648788,-0.5495284987571241,-0.8288134750541687,0.0,-2.6649188414797154,0.36800612813744205,0.3,0.4,9,11,0,0.3333333333333333,0.3333333333333333,3,3,3,0,residual_mae,0.02267559859901666,>=,gt_aware_diagnostic,0.45
rule,20,30.708492555962458,0.9815885871648788,-0.5495284987571241,-0.8288134750541687,0.0,-2.6649188414797154,0.36800612813744205,0.3,0.4,9,11,0,0.3333333333333333,0.3333333333333333,3,3,3,0,residual_rmse,0.029581664782017465,>=,gt_aware_diagnostic,0.45
rule,20,30.708492555962458,0.9815885871648788,-0.5495284987571241,-0.8288134750541687,0.0,-2.6649188414797154,0.36800612813744205,0.3,0.4,9,11,0,0.3333333333333333,0.3333333333333333,3,3,3,0,residual_delta_e_mean,2.8023117184638977,>=,gt_aware_diagnostic,0.45
rule,20,30.70604397050581,0.981449419260025,-0.5519770842137787,-0.8312620605108233,0.0,-2.6649188414797154,0.03215664225274334,0.3,0.4,7,13,0,0.2857142857142857,0.2222222222222222,2,3,2,0,residual_luma_bias,-0.010746634006500243,<=,gt_aware_diagnostic,0.35
rule,20,30.7004806336377,0.9815148800611496,-0.5575404210818891,-0.8368253973789337,0.0,-2.6649188414797154,0.3448113892641615,0.25,0.35,12,8,0,0.3333333333333333,0.4444444444444444,2,5,2,1,rescalib_from_baseline_residual_cosine,0.3440521895885468,<=,gt_aware_diagnostic,0.6
rule,20,30.7004806336377,0.9815148800611496,-0.5575404210818891,-0.8368253973789337,0.0,-2.6649188414797154,0.3448113892641615,0.25,0.35,12,8,0,0.3333333333333333,0.4444444444444444,2,5,2,1,rescalib_from_baseline_luma_residual_cosine,0.34451099634170534,<=,gt_aware_diagnostic,0.6
rule,20,30.700403920674063,0.9814751267433166,-0.5576171340455206,-0.8369021103425652,0.0,-2.6649188414797154,0.024474973922054836,0.2,0.35,8,12,0,0.25,0.2222222222222222,2,4,1,0,residual_edge_error_regression_vs_lfv1,0.0005186602473258972,>=,gt_aware_diagnostic,0.4
rule,20,30.699460943948374,0.9814832091331482,-0.5585601107712108,-0.8378450870682554,0.0,-2.6649188414797154,0.4095182713441995,0.3,0.4,11,9,0,0.36363636363636365,0.4444444444444444,3,4,3,0,baseline_dark_channel_mean,0.2795461654663086,>=,proxy_or_output_feature,0.55
rule,20,30.699460943948374,0.9814832091331482,-0.5585601107712108,-0.8378450870682554,0.0,-2.6649188414797154,0.4095182713441995,0.3,0.4,11,9,0,0.36363636363636365,0.4444444444444444,3,4,3,0,lfv1_dark_channel_mean,0.2805535987019539,>=,proxy_or_output_feature,0.55
rule,20,30.699460943948374,0.9814832091331482,-0.5585601107712108,-0.8378450870682554,0.0,-2.6649188414797154,0.4095182713441995,0.3,0.4,11,9,0,0.36363636363636365,0.4444444444444444,3,4,3,0,residual_dark_channel_mean,0.27482838928699493,>=,proxy_or_output_feature,0.55
rule,20,30.69890600206181,0.9816748142242432,-0.5591150526577705,-0.8384000289548151,0.0,-2.6649188414797154,0.0,0.25,0.3,7,13,0,0.14285714285714285,0.1111111111111111,2,4,1,0,residual_luma_abs_bias_regression_vs_lfv1,0.0032542586326599118,>=,gt_aware_diagnostic,0.35
rule,20,30.696990130293717,0.9815410435199737,-0.5610309244258742,-0.8403159007229188,0.0,-2.6649188414797154,0.3448113892641615,0.2,0.3,13,7,0,0.3076923076923077,0.4444444444444444,2,5,2,1,rescalib_from_baseline_residual_error_ratio,0.9592222813017302,>=,gt_aware_diagnostic,0.65
rule,20,30.694107815817926,0.9816394984722138,-0.5639132389016586,-0.8431982151987032,-0.07711224416087958,-2.6649188414797154,1.2033953165351896,0.2,0.25,16,4,0,0.3125,0.5555555555555556,4,5,4,0,residual_color_regression_vs_lfv1,-0.32240142822265627,>=,gt_aware_diagnostic,0.8
rule,20,30.69236005484594,0.9817082077264786,-0.5656609998736497,-0.8449459761706943,-0.07711224416087958,-2.6649188414797154,0.6187229719747899,0.15,0.2,15,5,0,0.26666666666666666,0.4444444444444444,4,5,3,0,residual_luma_abs_bias_regression_vs_lfv1,-0.0029883533716201782,>=,gt_aware_diagnostic,0.75
rule,20,30.690253818559086,0.9816682547330856,-0.5677672361605017,-0.8470522124575464,0.0,-2.6649188414797154,0.8274756218343117,0.3,0.4,11,9,0,0.36363636363636365,0.4444444444444444,2,5,3,0,residual_lfv1_dark_channel_mean_delta,-4.088431596756045e-05,<=,proxy_or_output_feature,0.55
rule,20,30.68914040701293,0.9816458344459533,-0.5688806477066566,-0.8481656240037012,0.0,-2.6649188414797154,0.0,0.2,0.3,5,15,0,0.0,0.0,2,3,0,0,rescalib_from_lfv1_lf_mse_delta,0.0006191684515215456,>=,gt_aware_diagnostic,0.25
rule,20,30.688274862420894,0.9817469239234924,-0.569746192298699,-0.8490311685957437,-0.07711224416087958,-2.6649188414797154,0.8274756218343117,0.25,0.3,17,3,0,0.35294117647058826,0.6666666666666666,4,5,5,0,rescalib_from_lfv1_residual_error_ratio,0.846213113026027,>=,gt_aware_diagnostic,0.85
rule,20,30.688166433713036,0.9814669728279114,-0.5698546210065478,-0.8491395973035925,0.0,-2.6649188414797154,0.0,0.2,0.3,7,13,0,0.14285714285714285,0.1111111111111111,2,4,1,0,residual_edge_error_regression_vs_lfv1,0.0006081103347241877,>=,gt_aware_diagnostic,0.35
rule,20,30.686763315215103,0.9816944181919098,-0.5712577395044869,-0.8505427158015315,0.0,-2.6649188414797154,0.8274756218343117,0.25,0.35,12,8,0,0.3333333333333333,0.4444444444444444,2,5,3,0,residual_lfv1_dark_channel_mean_delta,0.0007952630519866946,<=,proxy_or_output_feature,0.6
rule,20,30.686033097486984,0.9816195428371429,-0.5719879572326045,-0.8512729335296492,0.0,-2.6649188414797154,0.8274756218343117,0.3,0.35,12,8,0,0.3333333333333333,0.4444444444444444,2,5,3,0,residual_lfv1_luma_mean_delta,6.988048553466803e-05,<=,proxy_or_output_feature,0.6
rule,20,30.68590470997133,0.9816530495882034,-0.5721163447482566,-0.8514013210453012,0.0,-2.6649188414797154,0.5772108287680324,0.35,0.4,11,9,0,0.36363636363636365,0.4444444444444444,3,4,4,0,residual_mae,0.017554377065971495,>=,gt_aware_diagnostic,0.55
rule,20,30.68590470997133,0.9816530495882034,-0.5721163447482566,-0.8514013210453012,0.0,-2.6649188414797154,0.5772108287680324,0.35,0.4,11,9,0,0.36363636363636365,0.4444444444444444,3,4,4,0,residual_delta_e_mean,2.4324879527091983,>=,gt_aware_diagnostic,0.55
rule,20,30.682542594143,0.9816457062959671,-0.5754784605765897,-0.8547634368736343,0.0,-2.6649188414797154,0.8274756218343117,0.25,0.3,13,7,0,0.3076923076923077,0.4444444444444444,2,5,3,0,residual_lfv1_luma_mean_delta,0.0004138752818107603,<=,proxy_or_output_feature,0.65
rule,20,30.682542594143,0.9816457062959671,-0.5754784605765897,-0.8547634368736343,0.0,-2.6649188414797154,0.8274756218343117,0.25,0.3,13,7,0,0.3076923076923077,0.4444444444444444,2,5,3,0,residual_lfv1_dark_channel_mean_delta,0.0014314793050289151,<=,proxy_or_output_feature,0.65
rule,20,30.681166585433537,0.981769460439682,-0.5768544692860432,-0.8561394455830879,-0.07711224416087958,-2.6649188414797154,0.8274756218343117,0.25,0.3,17,3,0,0.35294117647058826,0.6666666666666666,4,5,5,0,rescalib_from_lfv1_residual_cosine,0.6331249237060547,<=,gt_aware_diagnostic,0.85
rule,20,30.680911809167345,0.9815404623746872,-0.5771092455522456,-0.8563942218492903,0.0,-2.6649188414797154,0.27567637428796604,0.15,0.25,12,8,0,0.25,0.3333333333333333,2,5,1,1,rescalib_from_baseline_residual_error_ratio,0.959981304048529,>=,gt_aware_diagnostic,0.6
rule,20,30.67801633159805,0.9816601008176804,-0.580004723121529,-0.8592896994185736,0.0,-2.6649188414797154,0.8274756218343117,0.3,0.35,10,10,0,0.3,0.3333333333333333,2,5,3,0,residual_lfv1_luma_mean_delta,-0.0011404752731323242,<=,proxy_or_output_feature,0.5
rule,20,30.67801633159805,0.9816601008176804,-0.580004723121529,-0.8592896994185736,0.0,-2.6649188414797154,0.8274756218343117,0.3,0.35,10,10,0,0.3,0.3333333333333333,2,5,3,0,residual_lfv1_dark_channel_mean_delta,-0.0015738457441329956,<=,proxy_or_output_feature,0.5
rule,20,30.676139114922442,0.9816240698099137,-0.5818819397971426,-0.8611669160941873,0.0,-2.6649188414797154,0.3448113892641615,0.3,0.4,9,11,0,0.3333333333333333,0.3333333333333333,3,3,3,0,residual_delta_e_p95,6.697236371040344,>=,gt_aware_diagnostic,0.45
rule,20,30.67379561052595,0.9816113889217377,-0.5842254441936318,-0.8635104204906764,0.0,-2.6649188414797154,0.8274756218343117,0.3,0.3,11,9,0,0.2727272727272727,0.3333333333333333,2,5,3,0,residual_lfv1_luma_mean_delta,-7.750540971755993e-05,<=,proxy_or_output_feature,0.55
rule,20,30.67277982914296,0.9814662665128708,-0.5852412255766266,-0.8645262018736712,0.0,-2.6649188414797154,0.2524314075512334,0.2,0.3,11,9,0,0.2727272727272727,0.3333333333333333,2,5,1,1,rescalib_from_baseline_residual_cosine,0.3064422070980072,<=,gt_aware_diagnostic,0.55
rule,20,30.67277982914296,0.9814662665128708,-0.5852412255766266,-0.8645262018736712,0.0,-2.6649188414797154,0.2524314075512334,0.2,0.3,11,9,0,0.2727272727272727,0.3333333333333333,2,5,1,1,rescalib_from_baseline_luma_residual_cosine,0.3004847109317779,<=,gt_aware_diagnostic,0.55
rule,20,30.672551942995085,0.9814920604228974,-0.5854691117245029,-0.8647540880215475,0.0,-2.6649188414797154,0.0,0.25,0.35,6,14,0,0.16666666666666666,0.1111111111111111,1,4,0,0,rescalib_from_baseline_residual_cosine,0.12169492840766907,<=,gt_aware_diagnostic,0.3
rule,20,30.672551942995085,0.9814920604228974,-0.5854691117245029,-0.8647540880215475,0.0,-2.6649188414797154,0.0,0.25,0.35,6,14,0,0.16666666666666666,0.1111111111111111,1,4,0,0,rescalib_from_baseline_luma_residual_cosine,0.15769934505224228,<=,gt_aware_diagnostic,0.3
rule,20,30.671894525070353,0.9815115362405777,-0.5861265296492345,-0.8654115059462791,0.0,-2.6649188414797154,0.3448113892641615,0.2,0.3,13,7,0,0.3076923076923077,0.4444444444444444,3,5,2,1,rescalib_from_baseline_residual_cosine,0.3802002131938934,<=,gt_aware_diagnostic,0.65
rule,20,30.671894525070353,0.9815115362405777,-0.5861265296492345,-0.8654115059462791,0.0,-2.6649188414797154,0.3448113892641615,0.2,0.3,13,7,0,0.3076923076923077,0.4444444444444444,3,5,2,1,rescalib_from_baseline_luma_residual_cosine,0.3702142834663391,<=,gt_aware_diagnostic,0.65
rule,20,30.66840402172637,0.9815376996994019,-0.5896170329932197,-0.8689020092902643,-0.03490503343985196,-2.6649188414797154,0.3448113892641615,0.15,0.25,14,6,0,0.2857142857142857,0.4444444444444444,3,5,2,1,rescalib_from_baseline_residual_error_ratio,0.9513578359414949,>=,gt_aware_diagnostic,0.7
rule,20,30.668331221922983,0.9814433485269547,-0.5896898327966056,-0.8689748090936502,0.0,-2.6649188414797154,0.0,0.25,0.3,7,13,0,0.14285714285714285,0.1111111111111111,1,4,0,0,rescalib_from_baseline_luma_residual_cosine,0.1677699215710163,<=,gt_aware_diagnostic,0.35
rule,20,30.665973568379787,0.9817236095666886,-0.5920474863398069,-0.8713324626368515,-0.03490503343985196,-2.6649188414797154,0.8274756218343117,0.2,0.25,14,6,0,0.2857142857142857,0.4444444444444444,3,5,3,0,residual_lfv1_luma_mean_delta,0.0010100424289703372,<=,proxy_or_output_feature,0.7
rule,20,30.665973568379787,0.9817236095666886,-0.5920474863398069,-0.8713324626368515,-0.03490503343985196,-2.6649188414797154,0.8274756218343117,0.2,0.25,14,6,0,0.2857142857142857,0.4444444444444444,3,5,3,0,residual_lfv1_dark_channel_mean_delta,0.0017448157072067262,<=,proxy_or_output_feature,0.7
rule,20,30.6646592503512,0.9816595941781998,-0.5933618043683874,-0.872646780665432,-0.07711224416087958,-2.6649188414797154,0.34038325636800404,0.1,0.15,14,6,0,0.21428571428571427,0.3333333333333333,4,5,2,0,residual_luma_abs_bias_regression_vs_lfv1,-0.0018171221017837522,>=,gt_aware_diagnostic,0.7
rule,20,30.66166770999173,0.9816649109125137,-0.5963533447278472,-0.8756383210248918,0.0,-2.6649188414797154,0.8274756218343117,0.25,0.35,12,8,0,0.3333333333333333,0.4444444444444444,3,5,3,0,residual_lfv1_edge_mean_delta,0.0005363643169403074,>=,proxy_or_output_feature,0.6
rule,20,30.66166770999173,0.9816649109125137,-0.5963533447278472,-0.8756383210248918,0.0,-2.6649188414797154,0.8274756218343117,0.25,0.35,12,8,0,0.3333333333333333,0.4444444444444444,3,5,3,0,residual_lfv1_highfreq_abs_mean_delta,0.00010955110192298887,>=,proxy_or_output_feature,0.6
rule,20,30.66031445603405,0.9814839065074921,-0.5977065986855301,-0.8769915749825747,0.0,-2.6649188414797154,0.0,0.25,0.3,5,15,0,0.0,0.0,1,4,0,0,rescalib_from_baseline_residual_cosine,0.052509046625345945,<=,gt_aware_diagnostic,0.25
rule,20,30.66031445603405,0.9814839065074921,-0.5977065986855301,-0.8769915749825747,0.0,-2.6649188414797154,0.0,0.25,0.3,5,15,0,0.0,0.0,1,4,0,0,rescalib_from_baseline_lf_mse_delta,0.00011667523722280748,>=,gt_aware_diagnostic,0.25
rule,20,30.658177206647746,0.9816910743713378,-0.5998438480718324,-0.8791288243688771,0.0,-2.6649188414797154,0.8274756218343117,0.2,0.3,13,7,0,0.3076923076923077,0.4444444444444444,3,5,3,0,residual_lfv1_edge_mean_delta,0.00027588903903961185,>=,proxy_or_output_feature,0.65
rule,20,30.65670150801659,0.9814656853675843,-0.601319546702998,-0.8806045230000427,0.0,-2.6649188414797154,0.024474973922054836,0.15,0.25,10,10,0,0.2,0.2222222222222222,2,5,0,1,rescalib_from_baseline_residual_cosine,0.2823617309331894,<=,gt_aware_diagnostic,0.5
rule,20,30.65609373496195,0.9814351946115494,-0.6019273197576329,-0.8812122960546775,0.0,-2.6649188414797154,0.0,0.25,0.25,6,14,0,0.0,0.0,1,4,0,0,rescalib_from_baseline_lf_mse_delta,5.3367952932603675e-05,>=,gt_aware_diagnostic,0.3
rule,20,30.65311606090471,0.9814173877239227,-0.6049049938148732,-0.8841899701119178,0.0,-2.6649188414797154,0.0,0.2,0.3,7,13,0,0.14285714285714285,0.1111111111111111,3,3,1,0,residual_dark_channel_abs_bias_regression_vs_lfv1,0.002938401699066162,>=,gt_aware_diagnostic,0.35
rule,20,30.651834995963156,0.9816156029701233,-0.6061860587564368,-0.8854710350534815,-0.07711224416087958,-2.6649188414797154,0.3448113892641615,0.1,0.2,15,5,0,0.26666666666666666,0.4444444444444444,4,5,2,1,rescalib_from_baseline_residual_error_ratio,0.9322790693729168,>=,gt_aware_diagnostic,0.75
rule,20,30.650955644627707,0.981497636437416,-0.6070654100918794,-0.886350386388924,0.0,-2.6649188414797154,0.34038325636800404,0.25,0.35,10,10,0,0.3,0.3333333333333333,2,5,2,0,residual_lfv1_edge_mean_delta,0.0010746829211711884,>=,proxy_or_output_feature,0.5
rule,20,30.650131891409547,0.9816269487142563,-0.6078891633100433,-0.8871741396070879,-0.07711224416087958,-2.6649188414797154,0.6210333778148569,0.2,0.25,16,4,0,0.3125,0.5555555555555556,4,5,4,0,rescalib_from_lfv1_lf_mse_delta,-0.00024228519177995622,>=,gt_aware_diagnostic,0.8
rule,20,30.648438310427707,0.9815754562616348,-0.6095827442918802,-0.8888677205889248,0.0,-2.6649188414797154,0.03215664225274334,0.25,0.35,8,12,0,0.25,0.2222222222222222,3,3,2,0,residual_mae,0.025428390502929686,>=,gt_aware_diagnostic,0.4
rule,20,30.648438310427707,0.9815754562616348,-0.6095827442918802,-0.8888677205889248,0.0,-2.6649188414797154,0.03215664225274334,0.25,0.35,8,12,0,0.25,0.2222222222222222,3,3,2,0,residual_rmse,0.034192059934139256,>=,gt_aware_diagnostic,0.4
rule,20,30.648438310427707,0.9815754562616348,-0.6095827442918802,-0.8888677205889248,0.0,-2.6649188414797154,0.03215664225274334,0.25,0.35,8,12,0,0.25,0.2222222222222222,3,3,2,0,residual_delta_e_mean,3.072916412353516,>=,gt_aware_diagnostic,0.4
rule,20,30.648438310427707,0.9815754562616348,-0.6095827442918802,-0.8888677205889248,0.0,-2.6649188414797154,0.03215664225274334,0.25,0.35,8,12,0,0.25,0.2222222222222222,3,3,2,0,residual_delta_e_p95,7.036159992218018,>=,gt_aware_diagnostic,0.4
rule,20,30.641868411502163,0.9815988421440125,-0.6161526432174209,-0.8954376195144655,-0.07711224416087958,-2.6649188414797154,0.6187229719747899,0.2,0.25,16,4,0,0.3125,0.5555555555555556,4,5,4,0,rescalib_from_lfv1_luma_residual_cosine,0.6366892457008362,<=,gt_aware_diagnostic,0.8
rule,20,30.634053570283175,0.9816263675689697,-0.6239674844364147,-0.9032524607334593,-0.07711224416087958,-2.6649188414797154,0.6210333778148569,0.15,0.2,15,5,0,0.26666666666666666,0.4444444444444444,4,5,3,0,rescalib_from_lfv1_lf_mse_delta,-0.00018756547797238454,>=,gt_aware_diagnostic,0.75
rule,20,30.62579009037579,0.9815982609987259,-0.6322309643437924,-0.9115159406408371,-0.07711224416087958,-2.6649188414797154,0.6187229719747899,0.15,0.2,15,5,0,0.26666666666666666,0.4444444444444444,4,5,3,0,residual_color_regression_vs_lfv1,-0.24203908443450928,>=,gt_aware_diagnostic,0.75
rule,20,30.622369536060354,0.9814942926168442,-0.6356515186592249,-0.9149364949562695,0.0,-2.6649188414797154,0.34038325636800404,0.2,0.3,11,9,0,0.2727272727272727,0.3333333333333333,3,5,2,0,residual_lfv1_edge_mean_delta,0.0007633909583091736,>=,proxy_or_output_feature,0.55
rule,20,30.622369536060354,0.9814942926168442,-0.6356515186592249,-0.9149364949562695,0.0,-2.6649188414797154,0.34038325636800404,0.2,0.3,11,9,0,0.2727272727272727,0.3333333333333333,3,5,2,0,residual_lfv1_highfreq_abs_mean_delta,0.00016479417681694033,>=,proxy_or_output_feature,0.55
rule,20,30.621647923937303,0.9814076006412507,-0.6363731307822839,-0.9156581070793285,0.0,-2.6649188414797154,0.0,0.2,0.3,5,15,0,0.0,0.0,2,3,0,0,rescalib_from_lfv1_residual_error_ratio,1.2261157983307083,>=,gt_aware_diagnostic,0.25
rule,20,30.621647923937303,0.9814076006412507,-0.6363731307822839,-0.9156581070793285,0.0,-2.6649188414797154,0.0,0.2,0.3,5,15,0,0.0,0.0,2,3,0,0,residual_color_regression_vs_lfv1,0.41313934326171875,>=,gt_aware_diagnostic,0.25
rule,20,30.61995713697876,0.9817056864500046,-0.6380639177408328,-0.9173488940378774,-0.07711224416087958,-2.6649188414797154,0.5772108287680324,0.2,0.25,16,4,0,0.3125,0.5555555555555556,4,5,4,0,rescalib_from_lfv1_residual_cosine,0.6145562171936035,<=,gt_aware_diagnostic,0.8
rule,20,30.61995713697876,0.9817056864500046,-0.6380639177408328,-0.9173488940378774,-0.07711224416087958,-2.6649188414797154,0.5772108287680324,0.2,0.25,16,4,0,0.3125,0.5555555555555556,4,5,4,0,rescalib_from_lfv1_residual_error_ratio,0.8591754961710495,>=,gt_aware_diagnostic,0.8
rule,20,30.61442641214868,0.9814324766397476,-0.643594642570904,-0.9228796188679487,0.0,-2.6649188414797154,0.0,0.2,0.25,8,12,0,0.125,0.1111111111111111,1,5,0,0,rescalib_from_baseline_residual_error_ratio,1.0824525355191952,>=,gt_aware_diagnostic,0.4
rule,20,30.61144873809144,0.981414669752121,-0.6465723166281444,-0.925857292925189,0.0,-2.6649188414797154,0.024474973922054836,0.15,0.3,9,11,0,0.2222222222222222,0.2222222222222222,3,4,1,0,residual_dark_channel_abs_bias_regression_vs_lfv1,-0.0004511341452598572,>=,gt_aware_diagnostic,0.45
rule,20,30.607958234747457,0.9814408332109451,-0.6500628199721297,-0.9293477962691743,0.0,-2.6649188414797154,0.024474973922054836,0.1,0.25,10,10,0,0.2,0.2222222222222222,3,4,1,0,residual_dark_channel_abs_bias_regression_vs_lfv1,-0.0008803531527519226,>=,gt_aware_diagnostic,0.5
rule,20,30.603737513675355,0.9813921213150024,-0.6542835410442324,-0.933568517341277,0.0,-2.6649188414797154,0.024474973922054836,0.1,0.2,11,9,0,0.18181818181818182,0.2222222222222222,3,4,1,0,residual_dark_channel_abs_bias_regression_vs_lfv1,-0.0014673866331577298,>=,gt_aware_diagnostic,0.55
rule,20,30.602827410418843,0.9814332365989685,-0.6551936443007433,-0.934478620597788,0.0,-2.6649188414797154,0.0,0.2,0.25,8,12,0,0.125,0.1111111111111111,3,4,1,0,residual_luma_abs_bias_regression_vs_lfv1,0.0023891866207122804,>=,gt_aware_diagnostic,0.4
rule,20,30.602188925187658,0.9814243227243423,-0.6558321295319314,-0.935117105828976,0.0,-2.6649188414797154,0.0,0.2,0.2,7,13,0,0.0,0.0,1,5,0,0,rescalib_from_baseline_lf_mse_delta,4.1523360414430494e-05,>=,gt_aware_diagnostic,0.35
rule,20,30.599211251130413,0.9814065158367157,-0.6588098035891716,-0.9380947798862163,0.0,-2.6649188414797154,0.0,0.15,0.25,8,12,0,0.125,0.1111111111111111,3,4,1,0,residual_dark_channel_abs_bias_regression_vs_lfv1,0.0008125483989715587,>=,gt_aware_diagnostic,0.4
rule,20,30.593061815369957,0.9814042568206787,-0.6649592393496293,-0.9442442156466739,0.0,-2.6649188414797154,0.0,0.15,0.25,6,14,0,0.0,0.0,3,3,0,0,rescalib_from_lfv1_residual_cosine,0.05874563455581673,<=,gt_aware_diagnostic,0.3
rule,20,30.593061815369957,0.9814042568206787,-0.6649592393496293,-0.9442442156466739,0.0,-2.6649188414797154,0.0,0.15,0.25,6,14,0,0.0,0.0,3,3,0,0,rescalib_from_lfv1_luma_residual_cosine,0.04825732409954078,<=,gt_aware_diagnostic,0.3
rule,20,30.593061815369957,0.9814042568206787,-0.6649592393496293,-0.9442442156466739,0.0,-2.6649188414797154,0.0,0.15,0.25,6,14,0,0.0,0.0,3,3,0,0,rescalib_from_lfv1_lf_mse_delta,0.0002596054488094527,>=,gt_aware_diagnostic,0.3
rule,20,30.593061815369957,0.9814042568206787,-0.6649592393496293,-0.9442442156466739,0.0,-2.6649188414797154,0.0,0.15,0.25,6,14,0,0.0,0.0,3,3,0,0,residual_color_regression_vs_lfv1,0.24602901935577404,>=,gt_aware_diagnostic,0.3
rule,20,30.58716848791214,0.9814700245857239,-0.6708525668074495,-0.9501375431044942,-0.03490503343985196,-2.6649188414797154,0.024474973922054836,0.05,0.15,12,8,0,0.16666666666666666,0.2222222222222222,4,4,1,0,residual_dark_channel_abs_bias_regression_vs_lfv1,-0.0017714619636535645,>=,gt_aware_diagnostic,0.6
rule,20,30.5865522905052,0.9814693003892898,-0.6714687642143904,-0.950753740511435,0.0,-2.6649188414797154,0.03215664225274334,0.25,0.3,9,11,0,0.2222222222222222,0.2222222222222222,3,4,2,0,baseline_saturation_mean,0.22326794862747196,<=,proxy_or_output_feature,0.45
rule,20,30.5865522905052,0.9814693003892898,-0.6714687642143904,-0.950753740511435,0.0,-2.6649188414797154,0.03215664225274334,0.25,0.3,9,11,0,0.2222222222222222,0.2222222222222222,3,4,2,0,lfv1_saturation_mean,0.22698003649711612,<=,proxy_or_output_feature,0.45
rule,20,30.5865522905052,0.9814693003892898,-0.6714687642143904,-0.950753740511435,0.0,-2.6649188414797154,0.03215664225274334,0.25,0.3,9,11,0,0.2222222222222222,0.2222222222222222,3,4,2,0,residual_saturation_mean,0.23055696487426763,<=,proxy_or_output_feature,0.45
rule,20,30.58065896304738,0.981535068154335,-0.6773620916722105,-0.9566470679692551,-0.07711224416087958,-2.6649188414797154,0.3448113892641615,0.15,0.2,15,5,0,0.26666666666666666,0.4444444444444444,4,5,3,0,rescalib_from_lfv1_residual_cosine,0.5418144166469574,<=,gt_aware_diagnostic,0.75
rule,20,30.58065896304738,0.981535068154335,-0.6773620916722105,-0.9566470679692551,-0.07711224416087958,-2.6649188414797154,0.3448113892641615,0.15,0.2,15,5,0,0.26666666666666666,0.4444444444444444,4,5,3,0,rescalib_from_lfv1_luma_residual_cosine,0.5496224015951157,<=,gt_aware_diagnostic,0.75
rule,20,30.567743114163004,0.9813967287540436,-0.6902779405565823,-0.9695629168536269,0.0,-2.6649188414797154,0.0,0.15,0.25,6,14,0,0.0,0.0,2,4,0,0,rescalib_from_lfv1_residual_error_ratio,1.1716993167228846,>=,gt_aware_diagnostic,0.3
rule,20,30.565735844841036,0.9815851300954819,-0.6922852098785486,-0.9715701861755932,-0.07711224416087958,-2.6649188414797154,0.27567637428796604,0.1,0.15,14,6,0,0.21428571428571427,0.3333333333333333,4,5,2,0,rescalib_from_lfv1_lf_mse_delta,-0.0001152613927843049,>=,gt_aware_diagnostic,0.7
rule,20,30.565735844841036,0.9815851300954819,-0.6922852098785486,-0.9715701861755932,-0.07711224416087958,-2.6649188414797154,0.27567637428796604,0.1,0.15,14,6,0,0.21428571428571427,0.3333333333333333,4,5,2,0,residual_color_regression_vs_lfv1,-0.13410571813583372,>=,gt_aware_diagnostic,0.7
rule,20,30.559902891443993,0.9816925555467606,-0.698118163275589,-0.9774031395726336,-0.07711224416087958,-2.6649188414797154,0.3448113892641615,0.15,0.2,15,5,0,0.26666666666666666,0.4444444444444444,4,5,3,0,rescalib_from_lfv1_residual_error_ratio,0.8997494742707094,>=,gt_aware_diagnostic,0.75
rule,20,30.548922600644538,0.9814223647117615,-0.7090984540750418,-0.9883834303720864,0.0,-2.6649188414797154,0.0,0.15,0.2,9,11,0,0.1111111111111111,0.1111111111111111,3,5,1,0,residual_luma_abs_bias_regression_vs_lfv1,0.0014382749795913688,>=,gt_aware_diagnostic,0.45
rule,20,30.54277316488409,0.9814201056957245,-0.7152478898354995,-0.9945328661325441,0.0,-2.6649188414797154,0.0,0.15,0.2,7,13,0,0.0,0.0,3,4,0,0,rescalib_from_lfv1_lf_mse_delta,6.997037271503357e-05,>=,gt_aware_diagnostic,0.35
rule,20,30.540370340770256,0.9814597100019455,-0.7176507139493344,-0.9969356902463791,-0.04220721072102762,-2.6649188414797154,0.024474973922054836,0.1,0.15,12,8,0,0.16666666666666666,0.2222222222222222,4,5,1,0,residual_luma_abs_bias_regression_vs_lfv1,-6.644725799560553e-05,>=,gt_aware_diagnostic,0.6
rule,20,30.539157005595662,0.9813933849334717,-0.7188640491239278,-0.9981490254209724,0.0,-2.6649188414797154,0.0,0.1,0.2,7,13,0,0.0,0.0,3,4,0,0,rescalib_from_lfv1_residual_cosine,0.2277494378387928,<=,gt_aware_diagnostic,0.35
rule,20,30.539157005595662,0.9813933849334717,-0.7188640491239278,-0.9981490254209724,0.0,-2.6649188414797154,0.0,0.1,0.2,7,13,0,0.0,0.0,3,4,0,0,rescalib_from_lfv1_luma_residual_cosine,0.21421391591429711,<=,gt_aware_diagnostic,0.35
rule,20,30.539157005595662,0.9813933849334717,-0.7188640491239278,-0.9981490254209724,0.0,-2.6649188414797154,0.0,0.1,0.2,7,13,0,0.0,0.0,3,4,0,0,residual_color_regression_vs_lfv1,0.0911263227462768,>=,gt_aware_diagnostic,0.35
rule,20,30.538666300958816,0.9814718693494797,-0.7193547537607735,-0.9986397300578181,0.0,-2.6649188414797154,0.0,0.1,0.2,9,11,0,0.1111111111111111,0.1111111111111111,4,4,1,0,rescalib_from_lfv1_luma_residual_cosine,0.28702952414751054,<=,gt_aware_diagnostic,0.45
rule,20,30.5380350403463,0.9815365165472031,-0.7199860143732861,-0.9992709906703308,-0.07711224416087958,-2.6649188414797154,0.024474973922054836,0.05,0.1,13,7,0,0.15384615384615385,0.2222222222222222,4,5,1,0,rescalib_from_lfv1_lf_mse_delta,-8.525223747710698e-05,>=,gt_aware_diagnostic,0.65
rule,20,30.536879837426273,0.9814858734607697,-0.7211412172933196,-1.0004261935903642,-0.07711224416087958,-2.6649188414797154,0.024474973922054836,0.05,0.1,13,7,0,0.15384615384615385,0.2222222222222222,4,5,1,0,residual_luma_abs_bias_regression_vs_lfv1,-0.0005818948149681087,>=,gt_aware_diagnostic,0.65
rule,20,30.53493628452356,0.981344673037529,-0.7230847701960306,-1.0023697464930752,0.0,-2.6649188414797154,0.0,0.1,0.15,8,12,0,0.0,0.0,3,4,0,0,residual_color_regression_vs_lfv1,0.016050100326538096,>=,gt_aware_diagnostic,0.4
rule,20,30.534445579886714,0.981423157453537,-0.7235754748328762,-1.0028604511299208,0.0,-2.6649188414797154,0.0,0.1,0.15,10,10,0,0.1,0.1111111111111111,4,4,1,0,rescalib_from_lfv1_luma_residual_cosine,0.31409652531147003,<=,gt_aware_diagnostic,0.5
rule,20,30.532353574881324,0.9815002679824829,-0.7256674798382589,-1.0049524561353036,0.0,-2.6649188414797154,0.0,0.1,0.15,10,10,0,0.1,0.1111111111111111,4,5,1,0,residual_luma_abs_bias_regression_vs_lfv1,0.0005046427249908447,>=,gt_aware_diagnostic,0.5
rule,20,30.528132853809222,0.9814515560865402,-0.7298882009103617,-1.0091731772074062,-0.04220721072102762,-2.6649188414797154,0.0,0.1,0.1,11,9,0,0.09090909090909091,0.1111111111111111,4,5,1,0,residual_luma_abs_bias_regression_vs_lfv1,8.008033037185679e-05,>=,gt_aware_diagnostic,0.55
rule,20,30.527114242377383,0.9814568936824799,-0.7309068123422057,-1.0101917886392502,-0.03490503343985196,-2.6649188414797154,0.0,0.0,0.1,11,9,0,0.09090909090909091,0.1111111111111111,4,4,0,0,residual_color_regression_vs_lfv1,-0.012915641069412223,>=,gt_aware_diagnostic,0.55
rule,20,30.524095220856612,0.9814957737922668,-0.7339258338629815,-1.0132108101600261,-0.04220721072102762,-2.6649188414797154,0.2524314075512334,0.15,0.2,13,7,0,0.23076923076923078,0.3333333333333333,4,5,2,0,rescalib_from_lfv1_residual_cosine,0.38014759421348565,<=,gt_aware_diagnostic,0.65
rule,20,30.524095220856612,0.9814957737922668,-0.7339258338629815,-1.0132108101600261,-0.04220721072102762,-2.6649188414797154,0.2524314075512334,0.15,0.2,13,7,0,0.23076923076923078,0.3333333333333333,4,5,2,0,rescalib_from_lfv1_luma_residual_cosine,0.3762329950928688,<=,gt_aware_diagnostic,0.65
rule,20,30.522587979832444,0.9814712882041932,-0.7354330748871449,-1.0147180511841896,0.0,-2.6649188414797154,0.0,0.05,0.15,8,12,0,0.0,0.0,4,4,0,0,rescalib_from_lfv1_residual_cosine,0.24417098462581635,<=,gt_aware_diagnostic,0.4
rule,20,30.522587979832444,0.9814712882041932,-0.7354330748871449,-1.0147180511841896,0.0,-2.6649188414797154,0.0,0.05,0.15,8,12,0,0.0,0.0,4,4,0,0,rescalib_from_lfv1_luma_residual_cosine,0.25111246705055235,<=,gt_aware_diagnostic,0.4
rule,20,30.52060471751262,0.981521937251091,-0.7374163372069666,-1.0167013135040113,-0.07711224416087958,-2.6649188414797154,0.2524314075512334,0.1,0.15,14,6,0,0.21428571428571427,0.3333333333333333,4,5,2,0,rescalib_from_lfv1_residual_cosine,0.4568734765052796,<=,gt_aware_diagnostic,0.7
rule,20,30.52060471751262,0.981521937251091,-0.7374163372069666,-1.0167013135040113,-0.07711224416087958,-2.6649188414797154,0.2524314075512334,0.1,0.15,14,6,0,0.21428571428571427,0.3333333333333333,4,5,2,0,rescalib_from_lfv1_luma_residual_cosine,0.45121596753597265,<=,gt_aware_diagnostic,0.7
rule,20,30.52060471751262,0.981521937251091,-0.7374163372069666,-1.0167013135040113,-0.07711224416087958,-2.6649188414797154,0.2524314075512334,0.1,0.15,14,6,0,0.21428571428571427,0.3333333333333333,4,5,2,0,rescalib_from_lfv1_residual_error_ratio,0.9313821838685554,>=,gt_aware_diagnostic,0.7
rule,20,30.518367258760343,0.9814225763082505,-0.7396537959592477,-1.0189387722562924,0.0,-2.6649188414797154,0.0,0.05,0.1,9,11,0,0.0,0.0,4,4,0,0,residual_color_regression_vs_lfv1,0.004503333568572996,>=,gt_aware_diagnostic,0.45
rule,20,30.517454463677133,0.9814125776290894,-0.7405665910424524,-1.019851567339497,0.0,-2.6649188414797154,0.0,0.15,0.2,7,13,0,0.0,0.0,2,5,0,0,rescalib_from_lfv1_residual_error_ratio,1.0970908026680468,>=,gt_aware_diagnostic,0.35
rule,20,30.514876755416356,0.9814487397670746,-0.7431442993032329,-1.0224292756002775,-0.03490503343985196,-2.6649188414797154,0.0,0.0,0.05,10,10,0,0.0,0.0,4,4,0,0,residual_color_regression_vs_lfv1,-0.0018946528434753418,>=,gt_aware_diagnostic,0.5
rule,20,30.504526396386247,0.9815213561058045,-0.7534946583333382,-1.0327796346303828,-0.07711224416087958,-2.6649188414797154,0.024474973922054836,0.05,0.1,13,7,0,0.15384615384615385,0.2222222222222222,4,5,1,0,residual_color_regression_vs_lfv1,-0.07632493376731872,>=,gt_aware_diagnostic,0.65
rule,20,30.496394416361873,0.981447160243988,-0.761626638357719,-1.0409116146547637,-0.04220721072102762,-2.6649188414797154,0.024474973922054836,0.1,0.15,12,8,0,0.16666666666666666,0.2222222222222222,4,5,1,0,rescalib_from_lfv1_residual_cosine,0.3391371488571167,<=,gt_aware_diagnostic,0.6
rule,20,30.496394416361873,0.981447160243988,-0.761626638357719,-1.0409116146547637,-0.04220721072102762,-2.6649188414797154,0.024474973922054836,0.1,0.15,12,8,0,0.16666666666666666,0.2222222222222222,4,5,1,0,rescalib_from_lfv1_luma_residual_cosine,0.34055808186531067,<=,gt_aware_diagnostic,0.6
rule,20,30.49290391301788,0.9814733237028122,-0.7651171417017043,-1.0444021179987488,-0.07711224416087958,-2.6649188414797154,0.024474973922054836,0.05,0.1,13,7,0,0.15384615384615385,0.2222222222222222,4,5,1,0,rescalib_from_lfv1_residual_error_ratio,0.951032889645463,>=,gt_aware_diagnostic,0.65
rule,20,30.488868355109787,0.9814092338085174,-0.7691526996097979,-1.0484376759068426,0.0,-2.6649188414797154,0.0,0.1,0.15,8,12,0,0.0,0.0,3,5,0,0,rescalib_from_lfv1_residual_error_ratio,1.060601706939806,>=,gt_aware_diagnostic,0.4
rule,20,30.488868355109787,0.9814092338085174,-0.7691526996097979,-1.0484376759068426,0.0,-2.6649188414797154,0.0,0.1,0.15,8,12,0,0.0,0.0,3,5,0,0,rescalib_from_lfv1_lf_mse_delta,2.3478321963921203e-05,>=,gt_aware_diagnostic,0.4
rule,20,30.488377650472945,0.9814877182245254,-0.7696434042466436,-1.0489283805436882,0.0,-2.6649188414797154,0.0,0.1,0.15,10,10,0,0.1,0.1111111111111111,4,5,1,0,rescalib_from_lfv1_residual_cosine,0.2952583581209183,<=,gt_aware_diagnostic,0.5
rule,20,30.484156929400843,0.9814390063285827,-0.7738641253187464,-1.053149101615791,-0.04220721072102762,-2.6649188414797154,0.0,0.1,0.1,11,9,0,0.09090909090909091,0.1111111111111111,4,5,1,0,rescalib_from_lfv1_residual_cosine,0.32276965528726576,<=,gt_aware_diagnostic,0.55
rule,20,30.484156929400843,0.9814390063285827,-0.7738641253187464,-1.053149101615791,-0.04220721072102762,-2.6649188414797154,0.0,0.1,0.1,11,9,0,0.09090909090909091,0.1111111111111111,4,5,1,0,rescalib_from_lfv1_luma_residual_cosine,0.32728985399007793,<=,gt_aware_diagnostic,0.55
rule,20,30.48066642605686,0.9814651697874069,-0.7773546286627315,-1.0566396049597762,-0.07711224416087958,-2.6649188414797154,0.0,0.05,0.05,12,8,0,0.08333333333333333,0.1111111111111111,4,5,1,0,rescalib_from_lfv1_residual_error_ratio,0.9600234399364727,>=,gt_aware_diagnostic,0.6
rule,20,30.476825591891508,0.9814727425575256,-0.7811954628280757,-1.0604804391251204,-0.07711224416087958,-2.6649188414797154,0.0,0.0,0.05,12,8,0,0.08333333333333333,0.1111111111111111,4,5,0,0,rescalib_from_lfv1_lf_mse_delta,-3.886825725203383e-05,>=,gt_aware_diagnostic,0.6
rule,20,30.476825591891508,0.9814727425575256,-0.7811954628280757,-1.0604804391251204,-0.07711224416087958,-2.6649188414797154,0.0,0.0,0.05,12,8,0,0.08333333333333333,0.1111111111111111,4,5,0,0,residual_color_regression_vs_lfv1,-0.03826589584350588,>=,gt_aware_diagnostic,0.6
rule,20,30.472299329346573,0.9814871370792388,-0.785721725373015,-1.0650067016700597,0.0,-2.6649188414797154,0.0,0.05,0.1,9,11,0,0.0,0.0,4,5,0,0,rescalib_from_lfv1_residual_cosine,0.26059222146868705,<=,gt_aware_diagnostic,0.45
rule,20,30.472299329346573,0.9814871370792388,-0.785721725373015,-1.0650067016700597,0.0,-2.6649188414797154,0.0,0.05,0.1,9,11,0,0.0,0.0,4,5,0,0,rescalib_from_lfv1_residual_error_ratio,1.0345998369639884,>=,gt_aware_diagnostic,0.45
rule,20,30.472299329346573,0.9814871370792388,-0.785721725373015,-1.0650067016700597,0.0,-2.6649188414797154,0.0,0.05,0.1,9,11,0,0.0,0.0,4,5,0,0,rescalib_from_lfv1_lf_mse_delta,4.075533070135858e-06,>=,gt_aware_diagnostic,0.45
rule,20,30.46880882600259,0.9815133005380631,-0.7892122287170003,-1.0684972050140449,-0.03490503343985196,-2.6649188414797154,0.0,0.0,0.05,10,10,0,0.0,0.0,4,5,0,0,rescalib_from_lfv1_residual_error_ratio,1.0082598147080999,>=,gt_aware_diagnostic,0.5
rule,20,30.46880882600259,0.9815133005380631,-0.7892122287170003,-1.0684972050140449,-0.03490503343985196,-2.6649188414797154,0.0,0.0,0.05,10,10,0,0.0,0.0,4,5,0,0,rescalib_from_lfv1_lf_mse_delta,6.556219886988401e-07,>=,gt_aware_diagnostic,0.5
rule,20,30.46458810493049,0.9814645886421204,-0.793432949789103,-1.0727179260861477,-0.07711224416087958,-2.6649188414797154,0.0,0.0,0.0,11,9,0,0.0,0.0,4,5,0,0,rescalib_from_lfv1_residual_error_ratio,0.9824388059479605,>=,gt_aware_diagnostic,0.55
rule,20,30.46458810493049,0.9814645886421204,-0.793432949789103,-1.0727179260861477,-0.07711224416087958,-2.6649188414797154,0.0,0.0,0.0,11,9,0,0.0,0.0,4,5,0,0,rescalib_from_lfv1_lf_mse_delta,-4.614243880496353e-06,>=,gt_aware_diagnostic,0.55
