index,filename,image_id,airlight,beta,height,width,baseline_psnr,baseline_ssim,current_psnr,current_ssim,delta_psnr,delta_ssim,lf_target_residual_norm,lf_current_residual_norm,lf_residual_error_norm,lf_residual_norm_ratio,lf_residual_error_ratio,lf_residual_cosine,lf_residual_sign_agreement,lf_luma_target_residual_norm,lf_luma_current_residual_norm,lf_luma_norm_ratio,lf_luma_residual_cosine,lf_luma_sign_agreement,lf_residual_error_bias_r,lf_residual_error_bias_g,lf_residual_error_bias_b,lf_residual_error_bias_luma,lf_baseline_mse,lf_current_mse,lf_mse_delta,lf_baseline_mae,lf_current_mae,lf_mae_delta,lf_luma_baseline_mse,lf_luma_current_mse,lf_luma_mse_delta,airlight_bin,beta_bin,baseline_strength_bin
1,1000_0.73_1.8.png,1000,0.73,1.8,480,640,28.7030222516761,0.9892829060554504,29.083606036605914,0.9898658394813538,0.38058378492981504,0.0005829334259033203,34.22913360595703,8.367474555969238,32.780181884765625,0.24445475752599866,0.9576690506434776,0.2917267978191376,0.552212655544281,19.596092224121094,4.5209808349609375,0.23070828526699835,0.269613653421402,0.5432654023170471,-0.003219634061679244,-0.004342223051935434,-0.0051218545995652676,-0.00409544724971056,0.0012713037431240082,0.0011659510200843215,-0.00010535272303968668,0.028447868302464485,0.026981867849826813,-0.0014660004526376724,0.0012500222073867917,0.0011610481888055801,-8.897401858121157e-05,0.65<=A<0.75,beta>=1.7,baseline_weakest_25
2,100_0.5_1.76.png,100,0.5,1.76,400,400,33.00497869268346,0.9853483438491821,28.333793097829883,0.9874917268753052,-4.671185594853576,0.002143383026123047,14.074441909790039,19.536426544189453,25.467504501342773,1.3880782392231206,1.809485922395817,-0.12516513466835022,0.5573300719261169,8.205272674560547,11.29983139038086,1.3771427030590484,-0.14099512994289398,0.5569589734077454,-0.01534466352313757,-0.01582714170217514,-0.014921369962394238,-0.01557962317019701,0.00041268731001764536,0.00135123694781214,0.0009385496377944946,0.016295263543725014,0.025408398360013962,0.009113134816288948,0.00042079060222022235,0.0013822393957525492,0.0009614487935323268,A<0.65,beta>=1.7,baseline_middle_50
3,101_0.83_1.44.png,101,0.83,1.44,400,400,26.045102524427165,0.9665688276290894,23.83835743973669,0.9636284112930298,-2.206745084690475,-0.0029404163360595703,33.942481994628906,13.800354957580566,44.05850601196289,0.40658060774001,1.2980343045901817,-0.6389696002006531,0.14499753713607788,19.461380004882812,7.899608135223389,0.40591202336326593,-0.6458049416542053,0.14206191897392273,0.055756449699401855,0.05641963332891464,0.0573689304292202,0.05632956326007843,0.0024001917336136103,0.004044066183269024,0.0016438744496554136,0.04312163591384888,0.05664833262562752,0.01352669671177864,0.0023671581875532866,0.003998235799372196,0.0016310776118189096,0.75<=A<0.85,1.4<=beta<1.7,baseline_weakest_25
4,102_0.67_1.36.png,102,0.67,1.36,400,400,25.386512653192476,0.9676603674888611,24.236561475140324,0.9634947776794434,-1.1499511780521523,-0.004165589809417725,36.81714630126953,8.859004974365234,42.09690856933594,0.24062171744309682,1.143404983777473,-0.5183992385864258,0.232472762465477,21.242143630981445,5.04997444152832,0.23773374896886515,-0.5220500826835632,0.23572500050067902,0.053636521100997925,0.054212260991334915,0.05484001338481903,0.05411168187856674,0.0028239625971764326,0.003691978519782424,0.0008680159226059914,0.047368936240673065,0.05423430725932121,0.006865371018648148,0.0028201788663864136,0.0036795868072658777,0.0008594079408794641,0.65<=A<0.75,1.1<=beta<1.4,baseline_weakest_25
5,103_0.94_0.98.png,103,0.94,0.98,400,400,28.2317729962819,0.9758071899414062,26.528454063404272,0.9736794233322144,-1.7033189328776288,-0.0021277666091918945,26.09516143798828,9.163959503173828,32.10598373413086,0.35117466220512844,1.2303424069794129,-0.555875837802887,0.1971787065267563,14.88442325592041,5.236278533935547,0.3517958636289633,-0.5573651194572449,0.19878149032592773,0.03643384203314781,0.03602534532546997,0.03802460804581642,0.03637540340423584,0.0014186614425852895,0.0021474880632013083,0.0007288266206160188,0.03138752281665802,0.03927293419837952,0.007885411381721497,0.0013846628135070205,0.002099035307765007,0.0007143724942579865,0.85<=A<0.95,0.8<=beta<1.1,baseline_weakest_25
6,104_0.91_1.41.png,104,0.91,1.41,400,400,26.786631166393924,0.9664916396141052,24.154585982412954,0.962372899055481,-2.6320451839809706,-0.004118740558624268,30.868927001953125,15.08820629119873,42.31814956665039,0.4887829852409213,1.3708979765954565,-0.655150294303894,0.15106137096881866,17.60270881652832,8.64632797241211,0.4911930352613408,-0.6598197817802429,0.1482149064540863,0.05072407051920891,0.050947800278663635,0.052893638610839844,0.05110273137688637,0.001985189039260149,0.003730887547135353,0.001745698507875204,0.03692152723670006,0.0528990812599659,0.01597755402326584,0.0019365960033610463,0.003659136826172471,0.0017225408228114247,0.85<=A<0.95,1.4<=beta<1.7,baseline_weakest_25
7,105_0.84_0.8.png,105,0.84,0.8,400,400,24.968379550928535,0.9776399731636047,25.794656549643122,0.9795946478843689,0.8262769987145866,0.00195467472076416,38.820091247558594,12.022786140441895,35.2359733581543,0.3097052519472893,0.9076736356298569,0.439201295375824,0.5368780493736267,21.908432006835938,7.026676177978516,0.3207293053097561,0.4367965757846832,0.4138422906398773,-0.04953097552061081,-0.038965750485658646,-0.03426986187696457,-0.04158942028880119,0.003139581996947527,0.0025866120122373104,-0.0005529699847102165,0.0394834540784359,0.04101725295186043,0.00153379887342453,0.0029998712707310915,0.0024679352063685656,-0.0005319360643625259,0.75<=A<0.85,0.8<=beta<1.1,baseline_weakest_25
8,106_0.59_1.07.png,106,0.59,1.07,400,400,27.983348074639423,0.981447160243988,27.96966657098106,0.9809557199478149,-0.013681503658361294,-0.0004914402961730957,27.05523681640625,10.452892303466797,27.068693161010742,0.38635375378152964,1.00049736561893,0.19188913702964783,0.39270341396331787,14.81232738494873,6.109507083892822,0.4124609809867478,0.1718595325946808,0.28478750586509705,-0.04226503148674965,-0.03051426075398922,-0.027262374758720398,-0.033657025545835495,0.0015249705174937844,0.0015264878747984767,1.5173573046922684e-06,0.027702970430254936,0.033460114151239395,0.005757143720984459,0.0013712814543396235,0.001410161959938705,3.8880505599081516e-05,A<0.65,0.8<=beta<1.1,baseline_weakest_25
9,107_0.89_1.5.png,107,0.89,1.5,400,400,23.85805361085584,0.9720098376274109,25.340984198773636,0.9759136438369751,1.4829305879177959,0.003903806209564209,44.13102340698242,14.076506614685059,37.068695068359375,0.3189707722132243,0.8399690785891532,0.6210510730743408,0.6015735864639282,25.153955459594727,7.866973400115967,0.3127529351299375,0.6621688008308411,0.7016900181770325,-0.04450530186295509,-0.03323909267783165,-0.026105931028723717,-0.03579450771212578,0.0040573906153440475,0.0028626839630305767,-0.0011947066523134708,0.04071827977895737,0.03812599182128906,-0.0025922879576683044,0.0039545088075101376,0.002703396836295724,-0.0012511119712144136,0.85<=A<0.95,1.4<=beta<1.7,baseline_weakest_25
10,108_0.73_1.27.png,108,0.73,1.27,400,400,25.237109903276092,0.977318525314331,26.41685705613069,0.9791178703308105,1.179747152854599,0.0017993450164794922,37.5667724609375,10.817605018615723,32.64391326904297,0.28795673170656416,0.8689570897522966,0.5692395567893982,0.5050114989280701,21.12424087524414,6.092082500457764,0.28839296694430233,0.6247805953025818,0.4015306234359741,-0.0447533018887043,-0.030461596325039864,-0.024956298992037773,-0.03410721197724342,0.0029401301871985197,0.0022200520616024733,-0.0007200781255960464,0.036143820732831955,0.03522798418998718,-0.0009158365428447723,0.002788959536701441,0.0020158763509243727,-0.0007730831857770681,0.65<=A<0.75,1.1<=beta<1.4,baseline_weakest_25
11,109_0.74_1.74.png,109,0.74,1.74,400,400,26.47204624508927,0.9828289747238159,29.29481432792899,0.9889912605285645,2.822768082839719,0.006162285804748535,32.59657669067383,13.112600326538086,23.410064697265625,0.40226924596930813,0.7181755593360653,0.8029999732971191,0.8871042728424072,18.820486068725586,7.5352702140808105,0.4003759619472493,0.8008005023002625,0.8847079873085022,-0.021534252911806107,-0.021887218579649925,-0.020952647551894188,-0.021675143390893936,0.0022136184852570295,0.0011417316272854805,-0.001071886857971549,0.03885871171951294,0.027817977592349052,-0.011040734127163887,0.002213816624134779,0.0011490999022498727,-0.0010647167218849063,0.65<=A<0.75,beta>=1.7,baseline_weakest_25
12,10_0.6_1.67.png,10,0.6,1.67,400,400,30.545667734677586,0.9904189109802246,28.627184624083398,0.9915305972099304,-1.9184831105941882,0.0011116862297058105,19.787372589111328,14.136157989501953,25.08208465576172,0.7144029822979556,1.267580349175008,-0.06746082007884979,0.4593498706817627,10.491861343383789,8.255728721618652,0.7868697890126759,-0.08028517663478851,0.44743871688842773,-0.017023753374814987,-0.019099250435829163,-0.023976722732186317,-0.01903470791876316,0.0008157085394486785,0.0013106478145346045,0.0004949392750859261,0.024857889860868454,0.029808105900883675,0.004950216040015221,0.0006879947613924742,0.001200903207063675,0.0005129084456712008,A<0.65,1.4<=beta<1.7,baseline_middle_50
13,110_0.68_1.22.png,110,0.68,1.22,400,400,27.657230172964113,0.9887446761131287,27.919246995402066,0.9893113970756531,0.2620168224379533,0.0005667209625244141,28.461854934692383,6.41133451461792,27.615966796875,0.22526059982138033,0.9702799364356846,0.24260607361793518,0.6403425335884094,16.366979598999023,3.6655983924865723,0.2239630330272272,0.2543988823890686,0.6628049612045288,-0.02791381999850273,-0.02763715758919716,-0.02832881361246109,-0.0277987290173769,0.0016876606969162822,0.0015888366615399718,-9.882403537631035e-05,0.033685095608234406,0.03219303861260414,-0.0014920569956302643,0.0016742374282330275,0.0015674334717914462,-0.00010680395644158125,0.65<=A<0.75,1.1<=beta<1.4,baseline_weakest_25
14,111_0.98_0.89.png,111,0.98,0.89,400,400,27.92318602774418,0.9835367798805237,27.819009361761154,0.9826988577842712,-0.10417666598302588,-0.0008379220962524414,27.60623550415039,5.0539140701293945,27.98136329650879,0.18307146837784444,1.0135885167067418,0.01680624485015869,0.7342925071716309,15.830682754516602,2.8928966522216797,0.18273985380676752,0.009473073296248913,0.7419554591178894,-0.022189557552337646,-0.02149774506688118,-0.02175861783325672,-0.021734336391091347,0.001587717211805284,0.0016311596846207976,4.344247281551361e-05,0.02507673390209675,0.023592857643961906,-0.001483876258134842,0.001566315651871264,0.0016131980810314417,4.688242916017771e-05,A>=0.95,0.8<=beta<1.1,baseline_weakest_25
15,112_0.54_0.98.png,112,0.54,0.98,400,400,26.071701501743338,0.9917392134666443,26.61383682961699,0.9884142279624939,0.5421353278736518,-0.0033249855041503906,34.25254440307617,11.158467292785645,32.14519500732422,0.32577046427486767,0.9384761210451071,0.34593215584754944,0.7184264659881592,19.81020164489746,6.43674373626709,0.3249206571264261,0.3934727609157562,0.72074294090271,-0.03807507082819939,-0.03612545505166054,-0.03889930993318558,-0.0370246097445488,0.0024442432913929224,0.0021527367644011974,-0.00029150652699172497,0.04118894040584564,0.03896026313304901,-0.002228677272796631,0.0024527753703296185,0.0020845611579716206,-0.0003682142123579979,A<0.65,0.8<=beta<1.1,baseline_weakest_25
16,113_0.71_1.48.png,113,0.71,1.48,400,400,32.089801992101904,0.9856646656990051,31.671157425907758,0.9846225380897522,-0.41864456619414625,-0.0010421276092529297,15.566071510314941,12.658730506896973,16.38312530517578,0.8132257710950767,1.0524894026292642,0.3403743803501129,0.669306218624115,8.921337127685547,7.298561096191406,0.8181017028873186,0.33551180362701416,0.6681147217750549,-0.007728356868028641,-0.0073599498718976974,-0.008509164676070213,-0.007601114455610514,0.0005047970334999263,0.0005591808003373444,5.438376683741808e-05,0.01824527606368065,0.018605804070830345,0.00036052800714969635,0.0004974391194991767,0.0005572934751398861,5.98543556407094e-05,0.65<=A<0.75,1.4<=beta<1.7,baseline_middle_50
17,114_0.7_0.91.png,114,0.7,0.91,400,400,33.4394330374563,0.9890639185905457,34.63525523520314,0.9911083579063416,1.1958221977468426,0.0020444393157958984,13.524041175842285,11.641962051391602,11.40388011932373,0.8608345612099583,0.8432302128519281,0.59825599193573,0.7536766529083252,7.759354591369629,6.701541423797607,0.8636725316370284,0.5935808420181274,0.7522342801094055,-0.002105496823787689,-0.0019748425111174583,-0.002552168210968375,-0.0020797234028577805,0.0003810410271398723,0.00027093433891423047,-0.00011010668822564185,0.015638452023267746,0.01292343158274889,-0.002715020440518856,0.00037629736470989883,0.0002711641136556864,-0.00010513325105421245,0.65<=A<0.75,0.8<=beta<1.1,baseline_middle_50
18,115_0.52_0.82.png,115,0.52,0.82,400,400,33.891119574729956,0.991281270980835,36.55498225955282,0.9941326975822449,2.663862684822867,0.002851426601409912,12.934613227844238,9.112744331359863,8.728682518005371,0.70452391353635,0.6748313509069762,0.7387660145759583,0.7861903309822083,7.440283298492432,5.247687339782715,0.7053074633389315,0.7379304766654968,0.7834292054176331,-0.004286654759198427,-0.004066013731062412,-0.0044680144637823105,-0.004177813418209553,0.0003485504712443799,0.0001587289443705231,-0.00018982152687385678,0.015479065477848053,0.010125532746315002,-0.0053535327315330505,0.0003459863655734807,0.0001579507370479405,-0.00018803562852554023,A<0.65,0.8<=beta<1.1,baseline_middle_50
19,116_0.73_1.62.png,116,0.73,1.62,400,400,31.84318806333208,0.9842654466629028,30.822697806169835,0.9817607998847961,-1.020490257162244,-0.0025046467781066895,15.930879592895508,13.235071182250977,18.164588928222656,0.8307809437059115,1.140212555264261,0.23478654026985168,0.6292600631713867,9.127967834472656,7.606094837188721,0.8332736240002474,0.22887475788593292,0.6287582516670227,-0.00938265398144722,-0.0090714730322361,-0.010190920904278755,-0.009292133152484894,0.0005287352832965553,0.0006874006357975304,0.00015866535250097513,0.018407385796308517,0.020579691976308823,0.002172306180000305,0.0005207487265579402,0.0006836984539404511,0.0001629497273825109,0.65<=A<0.75,1.4<=beta<1.7,baseline_middle_50
20,117_0.69_1.13.png,117,0.69,1.13,400,400,25.994225204383095,0.9863414168357849,28.49988371718005,0.9869033694267273,2.5056585127969555,0.0005619525909423828,34.00083541870117,12.794281959533691,25.10398292541504,0.37629316462314244,0.7383342972686878,0.792545735836029,0.8166795969009399,19.63349723815918,7.393801689147949,0.3765911696453925,0.8033708333969116,0.8245474696159363,-0.03228523209691048,-0.029631804674863815,-0.02731921337544918,-0.030161546543240547,0.0024084518663585186,0.0013129374710842967,-0.001095514395274222,0.04287658631801605,0.03155936300754547,-0.011317223310470581,0.002409213688224554,0.0012931122910231352,-0.0011161013972014189,0.65<=A<0.75,1.1<=beta<1.4,baseline_weakest_25
21,118_0.68_1.96.png,118,0.68,1.96,400,400,24.912778572753382,0.9787298440933228,25.649836250110866,0.9784289002418518,0.737057677357484,-0.00030094385147094727,38.26626205444336,10.153921127319336,34.90187072753906,0.26534917658988577,0.9120794363944509,0.44944798946380615,0.6590534448623657,21.95735740661621,5.802424907684326,0.2642587994644535,0.4499775767326355,0.6664047837257385,-0.0452798455953598,-0.04135650396347046,-0.037559594959020615,-0.04209674149751663,0.003050639294087887,0.0025377930141985416,-0.0005128462798893452,0.04752903804183006,0.04372256621718407,-0.003806471824645996,0.0030132844112813473,0.002507087541744113,-0.0005061968695372343,0.65<=A<0.75,beta>=1.7,baseline_weakest_25
22,119_0.81_0.75.png,119,0.81,0.75,400,400,27.29521113000342,0.9898359775543213,29.38343388350885,0.9902728796005249,2.0882227535054305,0.0004369020462036133,29.41484260559082,10.557499885559082,22.810529708862305,0.35891743590538333,0.7754768575415308,0.7347891926765442,0.8223705887794495,17.0277042388916,6.096591949462891,0.358039572682861,0.7451605200767517,0.8263210654258728,-0.029159661382436752,-0.025356603786349297,-0.02300262823700905,-0.026225365698337555,0.00180256855674088,0.0010840005706995726,-0.0007185679860413074,0.0364716611802578,0.027857907116413116,-0.00861375406384468,0.0018121417379006743,0.0010774966794997454,-0.000734645058400929,0.75<=A<0.85,beta<0.8,baseline_weakest_25
23,11_0.98_0.72.png,11,0.98,0.72,400,400,34.937000464524324,0.9950529932975769,35.62888222626584,0.9956389665603638,0.691881761741513,0.0005859732627868652,11.729698181152344,4.99688720703125,10.745231628417969,0.4260030505354698,0.9160705981065866,0.40174975991249084,0.5801229476928711,6.914279937744141,2.7943553924560547,0.40414264646735487,0.401706725358963,0.6627939343452454,0.009992220439016819,0.009228192269802094,0.00706732552498579,0.009210297837853432,0.00028663710691034794,0.000240541688981466,-4.609541792888194e-05,0.01436025369912386,0.013318497687578201,-0.0010417560115456581,0.00029879543581046164,0.00025058109895326197,-4.821433685719967e-05,A>=0.95,beta<0.8,baseline_middle_50
24,120_0.8_0.89.png,120,0.8,0.89,400,400,27.009915115592218,0.9888376593589783,29.38400419183249,0.9892888069152832,2.3740890762402707,0.00045114755630493164,30.338695526123047,12.012147903442383,22.711732864379883,0.39593488431628043,0.7486061107941839,0.7530950307846069,0.8206588625907898,17.5551815032959,6.958193778991699,0.396361255375533,0.7640187740325928,0.8245596289634705,-0.02872142195701599,-0.025299815461039543,-0.023013239726424217,-0.02606220729649067,0.001917575835250318,0.0010746308835223317,-0.0008429449517279863,0.037757210433483124,0.027806559577584267,-0.009950650855898857,0.001926152384839952,0.0010621716501191258,-0.0008639807347208261,0.75<=A<0.85,0.8<=beta<1.1,baseline_weakest_25
25,121_0.86_1.21.png,121,0.86,1.21,400,400,30.928746049543676,0.9794040322303772,30.14254645889966,0.979453980922699,-0.7861995906440171,4.9948692321777344e-05,19.061628341674805,7.8012590408325195,20.79972267150879,0.40926509010651924,1.0911828884017194,-0.02832188829779625,0.4156704843044281,11.058682441711426,4.474950790405273,0.40465496807526885,-0.006676290184259415,0.3927377164363861,0.006069991737604141,0.00020972362835891545,-0.0093154888600111,0.0008760695927776396,0.0007569700828753412,0.0009013093658722937,0.00014433928299695253,0.021604059264063835,0.023981239646673203,0.0023771803826093674,0.0007643402786925435,0.0008936276426538825,0.000129287363961339,0.85<=A<0.95,1.1<=beta<1.4,baseline_middle_50
26,122_0.94_1.72.png,122,0.94,1.72,400,400,31.09189437384556,0.9734697341918945,28.73606710809429,0.9717047214508057,-2.3558272657512696,-0.0017650127410888672,18.30373764038086,16.678142547607422,24.461978912353516,0.9111878062988007,1.336447199635698,0.024238787591457367,0.4555722773075104,10.62033462524414,9.885485649108887,0.9308073613435357,0.0025717956013977528,0.4102209508419037,0.012019641697406769,0.008028041571378708,-0.0035242666490375996,0.007904567755758762,0.0006979724857956171,0.0012466424377635121,0.000548669951967895,0.019718332216143608,0.028027746826410294,0.008309414610266685,0.0007049468695186079,0.00131233932916075,0.0006073924596421421,0.85<=A<0.95,beta>=1.7,baseline_middle_50
27,123_0.59_0.7.png,123,0.59,0.7,400,400,34.53299007501449,0.9895341992378235,32.65924653679059,0.9884242415428162,-1.8737435382238985,-0.0011099576950073242,12.504884719848633,7.5498809814453125,15.561351776123047,0.6037545447709414,1.2444218499210131,-0.15243461728096008,0.33011096715927124,6.987060070037842,4.057716369628906,0.580747314171428,-0.04801158234477043,0.301094114780426,-0.011779623106122017,-0.01728758215904236,-0.02356550469994545,-0.016356386244297028,0.0003257752978242934,0.0005044909776188433,0.00017871567979454994,0.012951139360666275,0.01881065033376217,0.005859510973095894,0.0003051187959499657,0.00042504045995883644,0.00011992166400887072,A<0.65,beta<0.8,baseline_middle_50
28,124_1.0_0.82.png,124,1.0,0.82,400,400,31.18307830666184,0.9797268509864807,28.973631968942158,0.9825122356414795,-2.209446337719683,0.0027853846549987793,18.535890579223633,14.6408052444458,24.192821502685547,0.7898625200591265,1.305187975688776,-0.050409216433763504,0.39061182737350464,10.871333122253418,8.554972648620605,0.7869294917574308,-0.058481331914663315,0.3923851251602173,0.016939617693424225,0.014288535341620445,0.010666451416909695,0.014668291434645653,0.000715790141839534,0.0012193595757707953,0.0005035694339312613,0.020764343440532684,0.029339397326111794,0.00857505388557911,0.0007386617944575846,0.0012640714412555099,0.0005254096467979252,A>=0.95,0.8<=beta<1.1,baseline_middle_50
29,125_0.57_1.94.png,125,0.57,1.94,400,400,29.647193550334215,0.9847531318664551,27.159577317181572,0.9806712865829468,-2.487616233152643,-0.004081845283508301,21.285720825195312,13.626801490783691,29.017059326171875,0.6401851082559548,1.3632171334233225,-0.35030803084373474,0.22886328399181366,12.22624397277832,7.86177921295166,0.6430248922282165,-0.3700312674045563,0.21976937353610992,0.03243951499462128,0.035217251628637314,0.03351800516247749,0.034192994236946106,0.000943920633289963,0.0017541453707963228,0.0008102247375063598,0.026475004851818085,0.037458986043930054,0.010983981192111969,0.0009342564153485,0.0017651463858783245,0.0008308899705298245,A<0.65,beta>=1.7,baseline_middle_50
30,126_0.64_1.73.png,126,0.64,1.73,400,400,30.72412407033131,0.9871337413787842,29.03276779857179,0.984652042388916,-1.6913562717595205,-0.002481698989868164,18.903976440429688,11.001948356628418,23.305801391601562,0.581991222391639,1.2328518005215956,-0.1556810587644577,0.3084128201007843,10.823691368103027,6.328775882720947,0.5847151094285253,-0.17529265582561493,0.29601094126701355,0.025866076350212097,0.028400951996445656,0.027148369699716568,0.027500228956341743,0.0007445006049238145,0.001131584169343114,0.00038708356441929936,0.02221980132162571,0.02982686460018158,0.00760706327855587,0.0007322018500417471,0.001132631441578269,0.0004004295915365219,A<0.65,beta>=1.7,baseline_middle_50
31,127_0.57_0.92.png,127,0.57,0.92,400,400,32.1807747408825,0.9921483993530273,31.55576480355665,0.991186261177063,-0.6250099373258493,-0.0009621381759643555,16.281612396240234,6.169480800628662,17.389493942260742,0.3789232080020112,1.0680449527392226,0.003777524223551154,0.4425932466983795,9.42298412322998,3.4748618602752686,0.3687644821250284,0.00041145295836031437,0.4406057596206665,0.01876412332057953,0.020496582612395287,0.019718483090400696,0.019889874383807182,0.0005522726569324732,0.0006299884989857674,7.771584205329418e-05,0.020942220464348793,0.02243015728890896,0.0014879368245601654,0.0005549539346247911,0.0006302522378973663,7.529830327257514e-05,A<0.65,0.8<=beta<1.1,baseline_middle_50
32,128_0.65_0.67.png,128,0.65,0.67,400,400,34.700168442278006,0.9939680695533752,32.88871405175055,0.9924531579017639,-1.8114543905274587,-0.0015149116516113281,12.02089786529541,6.174694538116455,14.911698341369629,0.5136633392371572,1.2404812442854225,-0.26763027906417847,0.3092106580734253,6.890604019165039,3.4990720748901367,0.5078033892468737,-0.289724200963974,0.295133501291275,0.01545480266213417,0.01679077371954918,0.01639907993376255,0.01634666509926319,0.0003010458021890372,0.0004632473865058273,0.0001622015843167901,0.014845211058855057,0.018969859927892685,0.004124648869037628,0.0002967526379507035,0.00046059279702603817,0.00016384015907533467,0.65<=A<0.75,beta<0.8,baseline_middle_50
33,129_0.76_1.71.png,129,0.76,1.71,400,400,31.74452735650454,0.9682531952857971,30.634799077604697,0.9603674411773682,-1.1097282788998442,-0.007885754108428955,17.024858474731445,8.005585670471191,19.551830291748047,0.47022920527375917,1.148428359669901,-0.10396216064691544,0.653014600276947,9.755648612976074,4.497654438018799,0.4610307952293842,-0.1212676465511322,0.6577292680740356,-0.004614279605448246,-0.0031777748372405767,-0.0013880267506465316,-0.0034032585099339485,0.0006038454594090581,0.0007964042597450316,0.0001925588003359735,0.016777947545051575,0.016980959102511406,0.00020301155745983124,0.0005948292091488838,0.0007877713651396334,0.0001929421559907496,0.75<=A<0.85,beta>=1.7,baseline_middle_50
34,12_0.75_1.95.png,12,0.75,1.95,400,400,32.14306801289074,0.988341212272644,31.320394379024485,0.9892316460609436,-0.8226736338662519,0.0008904337882995605,15.935590744018555,13.305880546569824,17.71932601928711,0.8349788068926284,1.1119340540254576,0.2759304642677307,0.5736392736434937,8.393176078796387,7.815942287445068,0.9312258213181563,0.30766937136650085,0.6289736032485962,-0.006344209890812635,-0.007932485081255436,-0.0138691496104002,-0.008134370669722557,0.0005290479748509824,0.0006541136535815895,0.00012506567873060703,0.018730858340859413,0.021827856078743935,0.0030969977378845215,0.00044028382399119437,0.0005697986343875527,0.00012951481039635837,0.75<=A<0.85,beta>=1.7,baseline_middle_50
35,130_0.9_0.92.png,130,0.9,0.92,400,400,31.639077069152798,0.9722509384155273,31.134469436407755,0.9663097262382507,-0.5046076327450422,-0.005941212177276611,17.576656341552734,6.380293369293213,18.698270797729492,0.36299812918397045,1.063812731749506,9.643002704251558e-05,0.6776096224784851,10.132827758789062,3.6148300170898438,0.3567444451973828,-0.01843605563044548,0.6824780106544495,0.0008093040087260306,0.0014524812577292323,0.0019668852910399437,0.001318812952376902,0.0006436225958168507,0.0007283861050382257,8.476350922137499e-05,0.018803337588906288,0.01737936958670616,-0.0014239680022001266,0.0006417137337848544,0.0007318235002458096,9.010976646095514e-05,0.85<=A<0.95,0.8<=beta<1.1,baseline_middle_50
36,131_0.72_0.59.png,131,0.72,0.59,400,400,33.488862699152016,0.979498028755188,33.71254000122812,0.974595844745636,0.22367730207610492,-0.004902184009552002,14.22681713104248,9.804699897766113,13.720909118652344,0.6891703047459967,0.9644398316411714,0.39526626467704773,0.6879672408103943,8.16011905670166,5.570953845977783,0.682704971247022,0.3822951912879944,0.6865642666816711,-0.000223939074203372,0.0007020454504527152,0.0014454968040809035,0.0005099292611703277,0.0004216714878566563,0.00039221529732458293,-2.945619053207338e-05,0.017303934320807457,0.013123425655066967,-0.00418050866574049,0.0004161721735727042,0.0003929066297132522,-2.326554385945201e-05,0.65<=A<0.75,beta<0.8,baseline_middle_50
37,132_1.0_1.29.png,132,1.0,1.29,400,400,29.51237592557305,0.9597606658935547,29.1233264055208,0.9531573057174683,-0.38904952005225013,-0.006603360176086426,22.360132217407227,8.600725173950195,23.593286514282227,0.38464554191028366,1.0551496871702304,0.04499109461903572,0.5234943628311157,12.677096366882324,4.707486152648926,0.3713378849865631,-0.02146369218826294,0.4354739785194397,0.0034780395217239857,0.003475275356322527,0.004423359874635935,0.00358418351970613,0.0010416157310828567,0.001159673323854804,0.00011805759277194738,0.023050516843795776,0.02400127984583378,0.000950763002038002,0.001004429766908288,0.001158943516202271,0.00015451374929398298,A>=0.95,1.1<=beta<1.4,baseline_middle_50
38,133_0.67_1.65.png,133,0.67,1.65,400,400,30.925724426722496,0.9879670739173889,29.66286769795265,0.9847827553749084,-1.2628567287698473,-0.0031843185424804688,18.327838897705078,8.4188232421875,21.3432674407959,0.4593462049277214,1.1645272287650017,-0.15796862542629242,0.4381565451622009,10.2123384475708,4.705649375915527,0.46078078983319004,-0.14738008379936218,0.43902066349983215,-0.0017919301753863692,-0.003747200593352318,-0.006299047265201807,-0.003453484969213605,0.0006998119060881436,0.0009490313241258264,0.00024921941803768277,0.02267404831945896,0.026557164266705513,0.0038831159472465515,0.0006518241134472191,0.0008787493570707738,0.0002269252436235547,0.65<=A<0.75,1.4<=beta<1.7,baseline_middle_50
39,134_0.53_0.77.png,134,0.53,0.77,400,400,32.74672483579344,0.9940826296806335,30.373717473613837,0.990429699420929,-2.3730073621795995,-0.00365293025970459,15.1064453125,6.849422931671143,19.804773330688477,0.45341063300997153,1.3110147967305579,-0.565909206867218,0.25490903854370117,8.59434986114502,3.5681238174438477,0.41517088262549146,-0.553901195526123,0.23808644711971283,-0.003492058487609029,-0.006816304754465818,-0.00851147249341011,-0.0060156043618917465,0.0004754264373332262,0.0008171437657438219,0.00034171732841059566,0.017823444679379463,0.023776941001415253,0.0059534963220357895,0.00046164283412508667,0.000753536936827004,0.0002918941027019173,A<0.65,beta<0.8,baseline_middle_50
40,135_0.54_1.58.png,135,0.54,1.58,400,400,29.281479354552534,0.9892644882202148,29.81354117379547,0.9870902299880981,0.5320618192429372,-0.0021742582321166992,22.65961456298828,8.691630363464355,21.10686683654785,0.3835736190173806,0.9314751042157331,0.3643144965171814,0.5727786421775818,12.633307456970215,4.8231892585754395,0.3817835729086389,0.34893959760665894,0.5793725848197937,-0.006301010027527809,-0.006604933645576239,-0.007641548756510019,-0.0066322339698672295,0.0010697044199332595,0.0009281247039325535,-0.00014157971600070596,0.02604660764336586,0.02620842680335045,0.00016181915998458862,0.0009975028224289417,0.000877124082762748,-0.00012037873966619372,A<0.65,1.4<=beta<1.7,baseline_middle_50
41,136_0.75_0.8.png,136,0.75,0.8,400,400,32.87488694956647,0.9932279586791992,30.99422293692513,0.9893423318862915,-1.8806640126413434,-0.003885626792907715,14.86513900756836,7.68130350112915,18.396278381347656,0.5167327057768065,1.237544995171688,-0.25593969225883484,0.39791449904441833,8.474207878112793,4.262098789215088,0.502949520535512,-0.22851093113422394,0.4324168264865875,0.002891595009714365,0.00024934482644312084,-0.0011971094645559788,0.000874481862410903,0.00046035906416364014,0.0007050479762256145,0.0002446889120619744,0.01865614764392376,0.022574113681912422,0.003917966037988663,0.0004488262056838721,0.000665527128148824,0.00021670092246495187,0.75<=A<0.85,0.8<=beta<1.1,baseline_middle_50
42,137_0.99_1.98.png,137,0.99,1.98,400,400,30.098404650035135,0.976061224937439,28.376843854677283,0.9767681360244751,-1.7215607953578527,0.0007069110870361328,20.726409912109375,16.135528564453125,25.654176712036133,0.778500890066155,1.2377530320409091,0.04754723235964775,0.45120367407798767,11.435752868652344,9.187111854553223,0.8033674704301201,0.0613441988825798,0.45254263281822205,0.02891439199447632,0.023307524621486664,0.028800060972571373,0.025610128417611122,0.0008949668845161796,0.001371118356473744,0.00047615147195756435,0.024985965341329575,0.03074427880346775,0.005758313462138176,0.0008173527312465012,0.001264310092665255,0.00044695736141875386,A>=0.95,beta>=1.7,baseline_middle_50
43,138_1.0_1.48.png,138,1.0,1.48,400,400,33.28647633305447,0.9837965369224548,31.170983646503913,0.9837679862976074,-2.11549268655056,-2.855062484741211e-05,14.12202262878418,14.35440731048584,18.435611724853516,1.0164554814710467,1.3054512239115927,0.16182655096054077,0.5041860342025757,7.9727783203125,8.21069049835205,1.0298405610291979,0.18980002403259277,0.512159526348114,0.019880833104252815,0.0166021715849638,0.019614288583397865,0.017925873398780823,0.00041548232547938824,0.0007080661598592997,0.0002925838343799114,0.0164407379925251,0.02163783833384514,0.005197100341320038,0.00039728247793391347,0.0006633203593082726,0.00026603788137435913,A>=0.95,1.4<=beta<1.7,baseline_middle_50
44,139_0.85_0.96.png,139,0.85,0.96,400,400,35.925605260910146,0.9911658763885498,33.065269094815,0.989363968372345,-2.860336166095145,-0.001801908016204834,10.571523666381836,11.419946670532227,14.94132137298584,1.0802555081864342,1.4133555241899762,0.0783972516655922,0.44796305894851685,6.024796009063721,6.545473098754883,1.0864223600115015,0.07429737597703934,0.44714412093162537,0.016770411282777786,0.015901880338788033,0.01640401966869831,0.01621881127357483,0.00023282731126528233,0.0004650897462852299,0.0002322624350199476,0.012147928588092327,0.017229676246643066,0.005081747658550739,0.00022686354350298643,0.00045800951193086803,0.0002311459684278816,0.85<=A<0.95,0.8<=beta<1.1,baseline_middle_50
45,13_0.52_1.9.png,13,0.52,1.9,400,400,29.06742330530808,0.9846063852310181,27.748540444493543,0.9826566576957703,-1.3188828608145364,-0.0019497275352478027,22.398290634155273,11.112659454345703,26.414451599121094,0.49613872932785097,1.1793065832819205,-0.14573591947555542,0.38979193568229675,12.624801635742188,6.3423333168029785,0.5023709282565789,-0.17281115055084229,0.3764320909976959,-0.03296845406293869,-0.03161946311593056,-0.03111715242266655,-0.031965550035238266,0.0010451737325638533,0.0014535901136696339,0.0004084163811057806,0.029470568522810936,0.0337289460003376,0.004258377477526665,0.0009961600881069899,0.0014205314218997955,0.00042437133379280567,A<0.65,beta>=1.7,baseline_middle_50
46,140_0.94_1.55.png,140,0.94,1.55,400,400,32.70371841635763,0.9834659695625305,30.252163425115903,0.9827725291252136,-2.4515549912417285,-0.0006934404373168945,15.267203330993652,14.071182250976562,20.666000366210938,0.9216607616937235,1.3536205628608675,0.009314739145338535,0.4464806318283081,8.582195281982422,8.050504684448242,0.9380472501423478,0.02883848361670971,0.4560565650463104,0.024162394925951958,0.02107219211757183,0.023979952558875084,0.022327648475766182,0.00048559901188127697,0.0008897574152797461,0.0004041584033984691,0.018156668171286583,0.024731367826461792,0.006574699655175209,0.0004603379056788981,0.0008404984255321324,0.0003801605198532343,0.85<=A<0.95,1.4<=beta<1.7,baseline_middle_50
47,141_0.79_1.1.png,141,0.79,1.1,400,400,33.138831724856296,0.9892513155937195,32.42687028309973,0.9893539547920227,-0.7119614417565643,0.00010263919830322266,14.313009262084961,7.450249671936035,15.850706100463867,0.5205229407397705,1.1074335110263815,0.04277928173542023,0.5392137169837952,8.080798149108887,4.272255897521973,0.5286923171064603,0.03562529385089874,0.5380478501319885,0.011828381568193436,0.013992412947118282,0.014811338856816292,0.013438726775348186,0.0004267963522579521,0.000523426802828908,9.663045057095587e-05,0.015975281596183777,0.01752963475883007,0.0015543531626462936,0.0004081206279806793,0.0005068228929303586,9.870226494967937e-05,0.75<=A<0.85,1.1<=beta<1.4,baseline_middle_50
48,142_0.96_1.88.png,142,0.96,1.88,400,400,28.37521450516018,0.9752548933029175,26.91131717850361,0.9734619855880737,-1.4638973266565714,-0.00179290771484375,24.80516815185547,14.463103294372559,30.179916381835938,0.5830681415191573,1.2166785646070466,-0.12034469842910767,0.44832751154899597,13.983743667602539,8.247786521911621,0.5898124792590448,-0.1443856954574585,0.44401100277900696,0.02952829748392105,0.03210379555821419,0.03344053402543068,0.031486108899116516,0.001281867502257228,0.0018975570565089583,0.0006156895542517304,0.026782814413309097,0.03437237814068794,0.007589563727378845,0.001222156686708331,0.0018554780399426818,0.0006333213532343507,A>=0.95,beta>=1.7,baseline_weakest_25
49,143_0.68_1.8.png,143,0.68,1.8,400,400,29.96211716943748,0.9837846755981445,28.24678042638267,0.9799852967262268,-1.7153367430548094,-0.0037993788719177246,21.04787826538086,10.58251667022705,26.115272521972656,0.502783061399256,1.2407555855606855,-0.2850968539714813,0.32514363527297974,11.968464851379395,6.096933841705322,0.5094165306424103,-0.3024619519710541,0.3174092471599579,0.028686853125691414,0.029747704043984413,0.029615111649036407,0.029415393248200417,0.000922944163903594,0.0014208491193130612,0.0004979049554094672,0.022846644744277,0.031388405710458755,0.008541760966181755,0.0008952759671956301,0.0014034913619980216,0.0005082153948023915,0.65<=A<0.75,beta>=1.7,baseline_middle_50
50,144_0.6_0.66.png,144,0.6,0.66,400,400,37.11196155827976,0.9946343898773193,34.39460115193049,0.9921882748603821,-2.717360406349272,-0.002446115016937256,8.73881721496582,6.959841251373291,12.40607738494873,0.7964282900269488,1.4196517766388885,-0.23926396667957306,0.46703052520751953,4.870908260345459,3.971639394760132,0.815379634039433,-0.22832784056663513,0.46425101161003113,0.007699634414166212,0.009814963676035404,0.010804101824760437,0.00929524190723896,0.00015909776266198605,0.00032064743572846055,0.0001615496730664745,0.009843886829912663,0.013661018572747707,0.003817131742835045,0.0001482859079260379,0.0003020868171006441,0.0001538009091746062,A<0.65,beta<0.8,baseline_strongest_25
51,145_0.59_1.25.png,145,0.59,1.25,400,400,23.670688169927722,0.9600210785865784,22.384835244021154,0.9529694318771362,-1.2858529259065676,-0.007051646709442139,44.842872619628906,9.404544830322266,52.050662994384766,0.20972217614367658,1.1607343587440209,-0.7231490015983582,0.23646433651447296,19.132490158081055,3.8107669353485107,0.19917778103437017,-0.596963107585907,0.24032846093177795,0.10132608562707901,0.0306649561971426,-0.01603921875357628,0.04646835848689079,0.0041893403977155685,0.005644315853714943,0.0014549754559993744,0.048903871327638626,0.056774113327264786,0.00787024199962616,0.002287826268002391,0.0029226415790617466,0.0006348153110593557,A<0.65,1.1<=beta<1.4,baseline_weakest_25
52,146_0.72_0.71.png,146,0.72,0.71,400,400,25.050355062412095,0.9688887000083923,25.084737649995816,0.9687310457229614,0.03438258758372115,-0.0001576542854309082,38.31045150756836,11.33703899383545,38.05156707763672,0.2959254863283399,0.9932424594400696,0.1707211136817932,0.6483012437820435,17.338132858276367,5.601046562194824,0.32304785111397744,0.7744067907333374,0.9120432734489441,0.06944035738706589,0.013527662493288517,-0.023618483915925026,0.026010897010564804,0.0030576891731470823,0.0030165035277605057,-4.118564538657665e-05,0.0399945005774498,0.03996551036834717,-2.8990209102630615e-05,0.0018788176821544766,0.001134841819293797,-0.0007439758628606796,0.65<=A<0.75,beta<0.8,baseline_weakest_25
53,147_0.87_1.14.png,147,0.87,1.14,400,400,21.865434622263113,0.9519566297531128,20.70390040935053,0.9444584250450134,-1.1615342129125814,-0.007498204708099365,55.30086135864258,10.301716804504395,63.27767562866211,0.18628492488922893,1.1442439425723863,-0.7370221614837646,0.2226468175649643,28.321435928344727,5.47150993347168,0.19319323876497627,-0.7061498761177063,0.17532694339752197,0.1192978024482727,0.054726243019104004,0.010125369764864445,0.06894863396883011,0.006371218711137772,0.008341800421476364,0.0019705817103385925,0.05716961249709129,0.06530272215604782,0.008133109658956528,0.005013147834688425,0.00656807841733098,0.0015549305826425552,0.85<=A<0.95,1.1<=beta<1.4,baseline_weakest_25
54,148_0.51_1.15.png,148,0.51,1.15,400,400,24.705732412100456,0.9661838412284851,23.155640987193422,0.9584996104240417,-1.550091424907034,-0.007684230804443359,39.66570281982422,10.362137794494629,47.48862838745117,0.26123671226911466,1.197221403164378,-0.6987811326980591,0.25586652755737305,12.559301376342773,4.046857833862305,0.32221997964672905,-0.4589371383190155,0.3823559582233429,0.08545836806297302,0.012058372609317303,-0.034764550626277924,0.028667155653238297,0.0032778498716652393,0.004698270931839943,0.0014204210601747036,0.04602647200226784,0.05483987554907799,0.00881340354681015,0.0009858503472059965,0.0013797794235870242,0.0003939290763810277,A<0.65,1.1<=beta<1.4,baseline_weakest_25
55,149_0.8_1.92.png,149,0.8,1.92,400,400,32.19875075829466,0.9865025877952576,30.1281091822935,0.9857795834541321,-2.070641576001158,-0.0007230043411254883,15.418702125549316,9.11532211303711,20.5418758392334,0.5911860829020563,1.3322701010738647,-0.3598213195800781,0.18950772285461426,8.758065223693848,5.256643772125244,0.6002060544038943,-0.37569868564605713,0.17690862715244293,0.020847180858254433,0.01995697245001793,0.019993139430880547,0.02022726833820343,0.0004952841554768384,0.0008791014552116394,0.00038381729973480105,0.016652101650834084,0.02576390467584133,0.009111803025007248,0.0004793981497641653,0.000868305389303714,0.00038890723953954875,0.75<=A<0.85,beta>=1.7,baseline_middle_50
56,14_0.98_1.76.png,14,0.98,1.76,400,400,27.086619112641888,0.9794977307319641,27.19308290538773,0.9820111393928528,0.10646379274584206,0.002513408660888672,29.299245834350586,12.468926429748535,28.911542892456055,0.42557158297671616,0.986767477085025,0.24367378652095795,0.6627318859100342,16.35434341430664,7.069674968719482,0.432281186081429,0.2511703670024872,0.6815505027770996,-0.0168093703687191,-0.013662606477737427,-0.011364765465259552,-0.014341534115374088,0.0017884288681671023,0.00174141104798764,-4.701782017946243e-05,0.03332246094942093,0.03176978975534439,-0.001552671194076538,0.001671653357334435,0.0016210265457630157,-5.062681157141924e-05,A>=0.95,beta>=1.7,baseline_weakest_25
57,150_0.6_1.29.png,150,0.6,1.29,400,400,35.725318865660796,0.9938543438911438,33.92323138892045,0.9924846291542053,-1.802087476740347,-0.0013697147369384766,10.003485679626465,7.144670486450195,12.623927116394043,0.7142180950987257,1.2619528353106442,-0.05769766494631767,0.4584360420703888,5.633013725280762,4.0189995765686035,0.7134723564637308,-0.056189555674791336,0.45967212319374084,0.00023408739070873708,-0.0021029638592153788,-0.0023611988872289658,-0.0014336244203150272,0.0002084785810438916,0.0003320073592476547,0.00012352877820376307,0.011035026051104069,0.015290182083845139,0.00425515603274107,0.00019831776444334537,0.0003151709970552474,0.00011685323261190206,A<0.65,1.1<=beta<1.4,baseline_middle_50
58,151_0.86_1.95.png,151,0.86,1.95,400,400,31.637477209449397,0.9849066734313965,29.18389838797994,0.9836583733558655,-2.4535788214694563,-0.0012483000755310059,16.435110092163086,10.701212882995605,22.95197296142578,0.6511190264614272,1.3965207919337392,-0.4041614234447479,0.1722376048564911,9.357210159301758,6.122625350952148,0.6543216671120512,-0.4186496138572693,0.16075783967971802,0.02271215431392193,0.02288782224059105,0.02356523461639881,0.02291252464056015,0.0005627351347357035,0.0010974856559187174,0.0005347505211830139,0.017726249992847443,0.02901068516075611,0.011284435167908669,0.0005472336197271943,0.0010813334956765175,0.0005340998759493232,0.85<=A<0.95,beta>=1.7,baseline_middle_50
59,152_0.61_1.16.png,152,0.61,1.16,400,400,36.104929290634715,0.9943711161613464,34.75150994949513,0.9930137991905212,-1.3534193411395847,-0.0013573169708251953,9.587252616882324,6.804883003234863,11.378883361816406,0.7097844685193808,1.1868763468044197,0.06700508296489716,0.5741287469863892,5.412442207336426,3.8954436779022217,0.7197201427152512,0.07617004960775375,0.5836350321769714,0.002330262679606676,0.00029224235913716257,0.0003794939839281142,0.0009115570574067533,0.00019149042782373726,0.00026974789216183126,7.8257464338094e-05,0.010652320459485054,0.01312205195426941,0.002469731494784355,0.00018309082952328026,0.0002578568528406322,7.476602331735194e-05,A<0.65,1.1<=beta<1.4,baseline_middle_50
60,153_0.96_1.61.png,153,0.96,1.61,400,400,27.084591414605477,0.9599723815917969,28.364686485769223,0.9689323306083679,1.2800950711637462,0.008959949016571045,29.2396240234375,13.442439079284668,25.252098083496094,0.4597336500807829,0.8636259502945339,0.5062770247459412,0.5837029814720154,16.92684555053711,7.7755937576293945,0.4593646072101524,0.49707528948783875,0.5768328905105591,-0.00029815768357366323,0.0011091101914644241,0.00016072310972958803,0.0005802211817353964,0.0017811574507504702,0.0013284760061651468,-0.00045268144458532333,0.030968867242336273,0.02804172784090042,-0.002927139401435852,0.0017907380824908614,0.0013508223928511143,-0.00043991568963974714,A>=0.95,1.4<=beta<1.7,baseline_weakest_25
61,154_0.97_1.3.png,154,0.97,1.3,400,400,27.68480641485679,0.9640705585479736,29.185722553176046,0.974278450012207,1.5009161383192549,0.010207891464233398,27.44167709350586,12.605999946594238,23.06513786315918,0.4593742541186551,0.8405148775917053,0.5491812825202942,0.577286958694458,15.87547492980957,7.266626358032227,0.4577265492944463,0.5425420999526978,0.5608338117599487,-0.0038488958962261677,-0.003257392905652523,-0.0038568340241909027,-0.0035025884862989187,0.0015688451239839196,0.001108334632590413,-0.0004605104913935065,0.029075946658849716,0.02488771639764309,-0.004188230261206627,0.0015751919709146023,0.0011228626826778054,-0.00045232928823679686,A>=0.95,1.1<=beta<1.4,baseline_weakest_25
62,155_0.68_1.77.png,155,0.68,1.77,400,400,28.866912695167244,0.9716006517410278,31.127922075397507,0.9797878861427307,2.261009380230263,0.00818723440170288,23.666004180908203,11.880784034729004,18.080524444580078,0.5020190119087974,0.7639872074038576,0.665658712387085,0.6648818850517273,13.693394660949707,6.858489990234375,0.5008611933016983,0.6650028228759766,0.6672161817550659,-0.0016805808991193771,-0.0009410063503310084,-0.0013226624578237534,-0.0012056479463353753,0.0011668328661471605,0.000681052915751934,-0.0004857799503952265,0.02640608139336109,0.02022521384060383,-0.006180867552757263,0.0011719318572431803,0.0006852445658296347,-0.0004866872914135456,0.65<=A<0.75,beta>=1.7,baseline_weakest_25
63,156_0.53_1.42.png,156,0.53,1.42,400,400,29.8301017120424,0.9831312894821167,31.83503293041825,0.9844052195549011,2.0049312183758516,0.0012739300727844238,21.436979293823242,10.35285758972168,16.909208297729492,0.4829438629305719,0.7887868932448723,0.632630467414856,0.6983470320701599,12.416999816894531,5.985751152038574,0.4820609841593442,0.6401574015617371,0.7012048959732056,-0.013208141550421715,-0.013096975162625313,-0.013174028135836124,-0.013138998299837112,0.0009573835413902998,0.0005956694367341697,-0.0003617141046561301,0.02504665032029152,0.01960316300392151,-0.00544348731637001,0.0009636367321945727,0.0005928225582465529,-0.00037081417394801974,A<0.65,1.4<=beta<1.7,baseline_middle_50
64,157_0.94_0.74.png,157,0.94,0.74,400,400,32.66336287634585,0.9833789467811584,33.3803090062642,0.9881221652030945,0.7169461299183482,0.004743218421936035,15.47547721862793,7.899723529815674,14.2930908203125,0.5104672003462825,0.9235961268520894,0.3991900682449341,0.690401017665863,8.846954345703125,4.520712852478027,0.5109908648588981,0.3856925070285797,0.6866626143455505,0.0013822702458128333,0.002670032437890768,0.003685849020257592,0.002400794764980674,0.000498938316013664,0.00042560926522128284,-7.332905079238117e-05,0.016373848542571068,0.013888240791857243,-0.0024856077507138252,0.0004891787539236248,0.00042408902663737535,-6.50897272862494e-05,0.85<=A<0.95,beta<0.8,baseline_middle_50
65,158_0.83_0.86.png,158,0.83,0.86,400,400,32.93619442582851,0.982765257358551,32.738508648592976,0.9867568016052246,-0.1976857772355345,0.003991544246673584,14.96094036102295,7.6783671379089355,15.42924976348877,0.5132275747795261,1.0313021368420052,0.19466842710971832,0.5585928559303284,8.515938758850098,4.366085052490234,0.512695684659877,0.1724797487258911,0.5580248236656189,0.0036359152290970087,0.004796924535185099,0.005973532795906067,0.004583916161209345,0.00046631196164526045,0.0004959619836881757,2.9650022042915225e-05,0.015837885439395905,0.01567661017179489,-0.00016127526760101318,0.00045325758401304483,0.0004922366351820529,3.8979051169008017e-05,0.75<=A<0.85,0.8<=beta<1.1,baseline_middle_50
66,159_0.64_0.71.png,159,0.64,0.71,400,400,35.3390509120236,0.98668372631073,35.50800002199475,0.9903479218482971,0.16894910997114465,0.0036641955375671387,11.12539291381836,5.848637580871582,10.981328010559082,0.5257016652065607,0.9870508031154261,0.2873235046863556,0.5475924015045166,6.225837230682373,3.265909433364868,0.5245735332221195,0.24756291508674622,0.5450087189674377,0.006208109203726053,0.007438296917825937,0.008455530740320683,0.007186435628682375,0.0002578632556833327,0.00025122828083112836,-6.634974852204323e-06,0.012155969627201557,0.012484399601817131,0.0003284299746155739,0.00024225654487963766,0.0002459987881593406,3.7422432797029614e-06,A<0.65,beta<0.8,baseline_middle_50
67,15_0.99_1.38.png,15,0.99,1.38,400,400,26.958645336450516,0.981305718421936,27.596501023947823,0.9848265647888184,0.6378556874973071,0.0035208463668823242,29.967283248901367,9.887428283691406,27.70524787902832,0.3299407624497923,0.9245165018435237,0.38511475920677185,0.6904370188713074,16.73872184753418,5.625880718231201,0.33609977927077883,0.3888396918773651,0.7054533362388611,-0.019316785037517548,-0.01653158850967884,-0.014082656241953373,-0.017085183411836624,0.0018709127325564623,0.0015991267282515764,-0.00027178600430488586,0.03382367640733719,0.029802290722727776,-0.004021385684609413,0.0017511550104245543,0.0014912576880306005,-0.0002598973223939538,A>=0.95,1.1<=beta<1.4,baseline_weakest_25
68,160_0.94_1.85.png,160,0.94,1.85,400,400,30.237798032964264,0.9724582433700562,27.53732021024012,0.9654480218887329,-2.7004778227241424,-0.007010221481323242,19.759645462036133,18.65309715270996,28.11593246459961,0.9439995868624179,1.4228966060458053,-0.07070951163768768,0.5531352162361145,11.167398452758789,10.755919456481934,0.96315354932328,-0.0804554894566536,0.5502738952636719,-0.0007826108485460281,0.0016703215660527349,0.0038246996700763702,0.0011824938701465726,0.0008134241797961295,0.0016468866961076856,0.0008334625163115561,0.021119210869073868,0.02744174748659134,0.006322536617517471,0.0007794424309395254,0.0016233031637966633,0.0008438607328571379,0.85<=A<0.95,beta>=1.7,baseline_middle_50
69,161_0.56_1.13.png,161,0.56,1.13,400,400,25.263466420102745,0.9805187582969666,24.31980023922864,0.9785352945327759,-0.9436661808741036,-0.001983463764190674,37.60206604003906,15.31811237335205,41.99079895019531,0.4073742213271252,1.116715206698565,-0.09953884780406952,0.36452463269233704,21.778301239013672,8.907200813293457,0.408994288192556,-0.08395317196846008,0.368149995803833,0.04757247120141983,0.04714518412947655,0.04950494319200516,0.04754195362329483,0.0029456571210175753,0.0036733904853463173,0.000727733364328742,0.047983620315790176,0.05304555222392082,0.005061931908130646,0.0029643401503562927,0.0036637731827795506,0.0006994330324232578,A<0.65,1.1<=beta<1.4,baseline_weakest_25
70,162_0.9_0.74.png,162,0.9,0.74,400,400,30.338686522496893,0.9886245727539062,28.587170985214804,0.9855349063873291,-1.7515155372820885,-0.0030896663665771484,20.72602081298828,8.852431297302246,25.43553924560547,0.427116781227718,1.2272273329797052,-0.37888720631599426,0.2600911557674408,11.86441421508789,4.92799186706543,0.41535905420417113,-0.37270498275756836,0.2862336337566376,0.026971086859703064,0.025753740221261978,0.029365623369812965,0.026529481634497643,0.0008949333569034934,0.0013478472828865051,0.0004529139259830117,0.01967044733464718,0.02793046645820141,0.00826001912355423,0.0008797771297395229,0.001303949160501361,0.00042417203076183796,0.85<=A<0.95,beta<0.8,baseline_middle_50
71,163_0.97_1.57.png,163,0.97,1.57,400,400,26.963764562827286,0.9768557548522949,25.15624221840084,0.9704046845436096,-1.8075223444264452,-0.006451070308685303,30.33234214782715,12.776899337768555,37.54220199584961,0.4212302259910986,1.2376954543399459,-0.4207378327846527,0.4222244322299957,17.298738479614258,7.2745585441589355,0.4205253783523959,-0.41504326462745667,0.45804986357688904,0.03175223246216774,0.030114537104964256,0.03620239719748497,0.03129822760820389,0.0019167730351909995,0.0029362852219492197,0.0010195121867582202,0.029483500868082047,0.037778597325086594,0.008295096457004547,0.0018702897941693664,0.0028539015911519527,0.0009836117969825864,A>=0.95,1.4<=beta<1.7,baseline_weakest_25
72,164_0.84_1.26.png,164,0.84,1.26,400,400,27.04855668045625,0.9813762903213501,26.013017191532754,0.9779918193817139,-1.0355394889234972,-0.0033844709396362305,30.37569808959961,9.129477500915527,34.266395568847656,0.3005520226724068,1.1280858621840264,-0.3031856119632721,0.43298646807670593,17.463125228881836,5.186136245727539,0.2969764104508805,-0.2951897382736206,0.45049870014190674,0.030513806268572807,0.029278719797730446,0.034347858279943466,0.03022589348256588,0.0019222561968490481,0.002446220489218831,0.0005239642923697829,0.03261037543416023,0.036745116114616394,0.0041347406804561615,0.001906004617922008,0.002408282132819295,0.0005022775148972869,0.75<=A<0.85,1.1<=beta<1.4,baseline_weakest_25
73,165_0.8_0.79.png,165,0.8,0.79,400,400,28.0167517944381,0.9665725827217102,27.375570688731653,0.9696819186210632,-0.6411811057064476,0.0031093358993530273,27.381633758544922,6.6800761222839355,29.506752014160156,0.24396192649386014,1.0776110831937504,-0.2084919810295105,0.405164897441864,15.979050636291504,3.797267436981201,0.23764036571464858,-0.21329116821289062,0.40068304538726807,-0.03618238866329193,-0.037659741938114166,-0.03606320545077324,-0.03703600540757179,0.0015619873302057385,0.0018138509476557374,0.00025186361744999886,0.034601859748363495,0.03681531921029091,0.002213459461927414,0.001595812733285129,0.0018477058038115501,0.00025189307052642107,0.75<=A<0.85,beta<0.8,baseline_weakest_25
74,166_0.74_1.47.png,166,0.74,1.47,400,400,27.772144710447346,0.9610100388526917,30.626166318300637,0.9738790392875671,2.8540216078532907,0.012869000434875488,28.0961856842041,10.662252426147461,20.113229751586914,0.3794911005354675,0.7158704735815699,0.832091748714447,0.8664889335632324,16.502891540527344,6.178407192230225,0.3743833119824767,0.8363881707191467,0.8689733147621155,-0.023915469646453857,-0.02593972347676754,-0.023270489647984505,-0.02503017894923687,0.0016445741057395935,0.0008427958819083869,-0.0008017782238312066,0.03533927723765373,0.024687407538294792,-0.01065186969935894,0.0017021590610966086,0.0008747453684918582,-0.0008274136926047504,0.65<=A<0.75,1.4<=beta<1.7,baseline_weakest_25
75,167_0.53_1.34.png,167,0.53,1.34,400,400,28.16759340438236,0.9592685103416443,33.08919319766672,0.9802570343017578,4.921599793284358,0.020988523960113525,26.865032196044922,19.44359016418457,15.037835121154785,0.7237508603115339,0.5597549636798373,0.8362613320350647,0.919041097164154,15.722946166992188,11.349700927734375,0.721855866399979,0.845312774181366,0.9198410511016846,-0.012641683220863342,-0.013805422931909561,-0.01224389299750328,-0.013279451057314873,0.0015036041149869561,0.00047111770254559815,-0.001032486412441358,0.034719597548246384,0.01607241854071617,-0.018647179007530212,0.0015450690407305956,0.0004645837761927396,-0.001080485264537856,A<0.65,1.1<=beta<1.4,baseline_weakest_25
76,168_0.8_1.19.png,168,0.8,1.19,400,400,26.848496377038558,0.9632925987243652,27.656583150074773,0.9695000648498535,0.8080867730362158,0.006207466125488281,31.301565170288086,6.288843631744385,28.511028289794922,0.20091147511415336,0.9108499250656646,0.5244045853614807,0.6860880255699158,18.38185691833496,3.6261560916900635,0.19726821440292894,0.5414422750473022,0.7143341898918152,-0.03507322818040848,-0.03705509006977081,-0.03500746190547943,-0.03622908145189285,0.002041224855929613,0.0016934974119067192,-0.0003477274440228939,0.039391983300447464,0.03586821258068085,-0.003523770719766617,0.0021118291188031435,0.001742884167470038,-0.00036894495133310556,0.75<=A<0.85,1.1<=beta<1.4,baseline_weakest_25
77,169_0.77_1.51.png,169,0.77,1.51,400,400,23.905985484632346,0.9101689457893372,24.680048840828764,0.9314911365509033,0.7740633561964181,0.021322190761566162,43.00258255004883,15.494105339050293,39.204410552978516,0.360306391389805,0.9116757233673167,0.41446414589881897,0.6495931148529053,24.859619140625,8.942611694335938,0.3597244046157623,0.41076207160949707,0.6476473808288574,0.026082266122102737,0.025256462395191193,0.026229090988636017,0.025614259764552116,0.003852546215057373,0.0032020537182688713,-0.0006504924967885017,0.04884040355682373,0.04270895943045616,-0.006131444126367569,0.0038625041488558054,0.003220862476155162,-0.0006416416727006435,0.75<=A<0.85,1.4<=beta<1.7,baseline_weakest_25
78,16_0.6_1.46.png,16,0.6,1.46,400,400,30.997497440926594,0.987548828125,31.41242646803922,0.9874902367591858,0.4149290271126276,-5.8591365814208984e-05,17.18511962890625,7.663470268249512,15.751633644104004,0.44593639344582525,0.9165856266492873,0.4022209346294403,0.6191798448562622,9.014444351196289,4.22097110748291,0.4682452897856931,0.4632432758808136,0.6144793629646301,-0.016214685514569283,-0.01419745571911335,-0.011797892861068249,-0.014527056366205215,0.0006152673158794641,0.0005169041105546057,-9.836320532485843e-05,0.01976044476032257,0.018369507044553757,-0.001390937715768814,0.0005078762769699097,0.0003989015822298825,-0.00010897469474002719,A<0.65,1.4<=beta<1.7,baseline_middle_50
79,170_0.96_1.28.png,170,0.96,1.28,400,400,23.87270057154609,0.9111039042472839,25.172942758723305,0.9353654980659485,1.300242187177215,0.02426159381866455,43.18414306640625,16.102663040161133,36.94264221191406,0.3728836998200781,0.8554677617454549,0.5460378527641296,0.6930616497993469,24.97208023071289,9.29011344909668,0.3720200064739048,0.5458943247795105,0.6907485127449036,0.026565978303551674,0.026098012924194336,0.026467064395546913,0.026280006393790245,0.0038851466961205006,0.0028432474937289953,-0.0010418992023915052,0.04812067747116089,0.03977835178375244,-0.008342325687408447,0.0038975297939032316,0.0028538948390632868,-0.0010436349548399448,A>=0.95,1.1<=beta<1.4,baseline_weakest_25
80,171_0.81_0.74.png,171,0.81,0.74,400,400,25.362857515730663,0.9263609647750854,26.37077057790107,0.9463744759559631,1.007913062170406,0.020013511180877686,36.65399932861328,12.241118431091309,32.60152053833008,0.3339640600019191,0.8894396555761459,0.4797355532646179,0.6878904104232788,21.192663192749023,7.076745510101318,0.33392431360503083,0.47380125522613525,0.688759446144104,0.027782287448644638,0.027094706892967224,0.02713497169315815,0.027304882183670998,0.0027989905793219805,0.002214290201663971,-0.0005847003776580095,0.04154152050614357,0.03555122762918472,-0.005990292876958847,0.0028070558328181505,0.0022318281698971987,-0.0005752276629209518,0.75<=A<0.85,beta<0.8,baseline_weakest_25
81,172_0.86_1.47.png,172,0.86,1.47,400,400,23.799169953040817,0.9094584584236145,25.003532590553405,0.9321494698524475,1.2043626375125882,0.022691011428833008,43.49745559692383,16.043315887451172,37.594722747802734,0.36883343329594126,0.8642970544341785,0.5273773074150085,0.6647549271583557,25.156591415405273,9.247602462768555,0.36760156851399,0.5265550017356873,0.6612901091575623,0.024840617552399635,0.024211004376411438,0.024966632947325706,0.024485399946570396,0.00394172640517354,0.002944506471976638,-0.0009972199331969023,0.04883546754717827,0.04123063012957573,-0.007604837417602539,0.003955338150262833,0.002958616940304637,-0.0009967212099581957,0.85<=A<0.95,1.4<=beta<1.7,baseline_weakest_25
82,173_0.83_1.31.png,173,0.83,1.31,400,400,21.337304582358772,0.9785252809524536,21.723382514907573,0.9797914028167725,0.3860779325488011,0.0012661218643188477,59.14257049560547,7.7473225593566895,56.5675163269043,0.13099401149519443,0.9564602257371869,0.3906409442424774,0.7402303814888,33.98063278198242,4.3656907081604,0.1284758508227435,0.373767226934433,0.738997757434845,-0.07465235143899918,-0.07495024055242538,-0.0750308409333229,-0.07487036287784576,0.007287173997610807,0.0066664256155490875,-0.0006207483820617199,0.07804276794195175,0.07495196163654327,-0.003090806305408478,0.007216769270598888,0.006642790045589209,-0.0005739792250096798,0.75<=A<0.85,1.1<=beta<1.4,baseline_weakest_25
83,174_0.97_0.75.png,174,0.97,0.75,400,400,23.512088415068675,0.9828174114227295,24.98860340518039,0.986970067024231,1.4765149901117134,0.004152655601501465,46.01906204223633,10.926149368286133,38.78459548950195,0.23742659853123702,0.8427941328727088,0.7287922501564026,0.8257027268409729,26.31955909729004,6.163140296936035,0.23416578804204266,0.722467839717865,0.8237065672874451,-0.03811347112059593,-0.03776007518172264,-0.03862503916025162,-0.0379643440246582,0.004411987494677305,0.00313384342007339,-0.0012781440746039152,0.04575173556804657,0.03828073665499687,-0.007470998913049698,0.004329495131969452,0.003101992653682828,-0.001227502478286624,A>=0.95,beta<0.8,baseline_weakest_25
84,175_0.86_1.38.png,175,0.86,1.38,400,400,23.365907062601437,0.981402575969696,23.503702820279415,0.981102466583252,0.1377957576779778,-0.0003001093864440918,46.67900085449219,8.114983558654785,45.926570892333984,0.1738465564837349,0.9838807611905902,0.17889663577079773,0.6988513469696045,26.668048858642578,4.598639965057373,0.17244006074209087,0.15861158072948456,0.6972833871841431,-0.05465713515877724,-0.05408751219511032,-0.05530035123229027,-0.054396092891693115,0.004539435263723135,0.004394270945340395,-0.00014516431838274002,0.057003702968358994,0.054857902228832245,-0.0021458007395267487,0.004444905091077089,0.00433393195271492,-0.00011097313836216927,0.85<=A<0.95,1.1<=beta<1.4,baseline_weakest_25
85,176_0.77_0.84.png,176,0.77,0.84,400,400,21.517602189542163,0.983081042766571,21.558985722589338,0.984186589717865,0.041383533047174126,0.0011055469512939453,57.946327209472656,6.976625919342041,57.707916259765625,0.12039806930509914,0.9958856590022489,0.09430159628391266,0.2137826383113861,33.38356018066406,3.921381711959839,0.11746445528092969,0.08710697293281555,0.21436254680156708,-0.07828453183174133,-0.07897505909204483,-0.07932031899690628,-0.07880795001983643,0.0069953687489032745,0.0069379243068397045,-5.744444206357002e-05,0.07765976339578629,0.0788721963763237,0.0012124329805374146,0.006965388543903828,0.006918956525623798,-4.64320182800293e-05,0.75<=A<0.85,0.8<=beta<1.1,baseline_weakest_25
86,177_0.65_1.52.png,177,0.65,1.52,400,400,27.283881220764332,0.9872947931289673,25.54753831837464,0.9827458262443542,-1.7363429023896906,-0.004548966884613037,29.15994644165039,11.289213180541992,35.744300842285156,0.3871479394906271,1.2258013201022226,-0.4555172920227051,0.3732337951660156,15.356062889099121,6.507805824279785,0.42379390285640933,-0.4823775589466095,0.5205329060554504,-0.02176332101225853,-0.030699804425239563,-0.044514868408441544,-0.029602712020277977,0.0017714635469019413,0.0026617811527103186,0.0008903176058083773,0.03535350784659386,0.04141587018966675,0.006062362343072891,0.0014738041209056973,0.0023410769645124674,0.00086727284360677,0.65<=A<0.75,1.4<=beta<1.7,baseline_weakest_25
87,178_0.64_1.88.png,178,0.64,1.88,400,400,25.773418929702032,0.9822472929954529,25.594135035789588,0.9779140949249268,-0.17928389391244437,-0.004333198070526123,34.84682083129883,12.7792329788208,35.53720474243164,0.36672593579448454,1.0198119626027038,0.12880411744117737,0.5671692490577698,18.403406143188477,6.213706970214844,0.33763896323695924,-0.15470634400844574,0.41771215200424194,-0.00460194842889905,-0.011594470590353012,-0.023545384407043457,-0.01086611021310091,0.0025297938846051693,0.0026310267858207226,0.00010123290121555328,0.04437373951077461,0.042063672095537186,-0.0023100674152374268,0.002116783522069454,0.0025792366359382868,0.0004624531138688326,A<0.65,beta>=1.7,baseline_weakest_25
88,179_0.78_1.87.png,179,0.78,1.87,400,400,26.007089561186547,0.9835057258605957,24.360851099155937,0.9798929691314697,-1.6462384620306096,-0.0036127567291259766,34.009124755859375,13.295677185058594,41.077110290527344,0.39094440919911955,1.207826152110846,-0.39136847853660583,0.3929519057273865,18.920372009277344,7.59119176864624,0.4012178917477946,-0.3601198196411133,0.5139177441596985,-0.01152992993593216,-0.023764289915561676,-0.04163697361946106,-0.02214370295405388,0.002409626031294465,0.0035152689088135958,0.0011056428775191307,0.041914429515600204,0.04981685429811478,0.007902424782514572,0.002237378153949976,0.003244083607569337,0.001006705453619361,0.75<=A<0.85,beta>=1.7,baseline_weakest_25
89,17_0.54_0.92.png,17,0.54,0.92,400,400,34.99634640004092,0.9853261709213257,34.09150967232315,0.9804691672325134,-0.9048367277177718,-0.004857003688812256,11.526025772094727,4.75249719619751,12.848762512207031,0.4123274830517576,1.114760869554425,-0.08813125640153885,0.37885501980781555,6.607276439666748,2.6998987197875977,0.40862505821290757,-0.09008845686912537,0.3742824196815491,0.013385302387177944,0.014215371571481228,0.014365270733833313,0.013984269462525845,0.00027676933677867055,0.0003439389984123409,6.716966163367033e-05,0.014068986289203167,0.015631327405571938,0.0015623411163687706,0.00027285065152682364,0.0003384983283467591,6.564767681993544e-05,A<0.65,0.8<=beta<1.1,baseline_middle_50
90,180_0.79_1.22.png,180,0.79,1.22,400,400,27.778175604446798,0.9863315224647522,25.208559948231194,0.9848946928977966,-2.5696156562156034,-0.0014368295669555664,27.594858169555664,18.20445442199707,37.172157287597656,0.6597045837358693,1.347068249425114,-0.28753983974456787,0.4320641756057739,14.483646392822266,10.443010330200195,0.7210208014589123,-0.2292819768190384,0.5612970590591431,-0.021465914323925972,-0.03406629338860512,-0.05092031881213188,-0.03222014009952545,0.0015864087035879493,0.00287868594750762,0.0012922772439196706,0.035096749663352966,0.045372314751148224,0.010275565087795258,0.0013110999716445804,0.002426197286695242,0.0011150973150506616,0.75<=A<0.85,1.1<=beta<1.4,baseline_weakest_25
91,181_0.82_0.77.png,181,0.82,0.77,400,400,26.636246177313154,0.9895051717758179,30.317874699440384,0.9932669997215271,3.6816285221272302,0.0037618279457092285,32.032371520996094,13.508658409118652,20.6297607421875,0.4217189601545487,0.6440285174847393,0.9047186374664307,0.9723058938980103,18.499736785888672,7.7527313232421875,0.4190725204888243,0.9059550762176514,0.975075364112854,-0.026952099055051804,-0.027309978380799294,-0.02679993212223053,-0.02714482881128788,0.0021376516669988632,0.0008866397547535598,-0.0012510119122453034,0.04446007311344147,0.028384439647197723,-0.016075633466243744,0.002139001851901412,0.0008904665592126548,-0.0012485352926887572,0.75<=A<0.85,beta<0.8,baseline_weakest_25
92,182_0.89_1.0.png,182,0.89,1.0,400,400,26.7682467671061,0.9892380237579346,28.209602854410953,0.9914005994796753,1.4413560873048539,0.0021625757217407227,31.4681396484375,9.35407829284668,26.32144546508789,0.297255522485618,0.8364474595305427,0.6538422703742981,0.9251604676246643,18.268156051635742,5.340342998504639,0.292330708332572,0.6605438590049744,0.9278663992881775,-0.03249846026301384,-0.033990729600191116,-0.03279262036085129,-0.03340795636177063,0.002063007792457938,0.0014433718752115965,-0.0006196359172463417,0.04334455356001854,0.035471271723508835,-0.007873281836509705,0.0020857846830040216,0.0014585115713998675,-0.0006272731116041541,0.85<=A<0.95,0.8<=beta<1.1,baseline_weakest_25
93,183_0.86_1.21.png,183,0.86,1.21,400,400,26.266843513320993,0.9877818822860718,28.482476617512724,0.9903900027275085,2.215633104191731,0.0026081204414367676,33.313934326171875,11.673563003540039,25.39653968811035,0.3504108187656818,0.7623398497294416,0.7728438973426819,0.9467026591300964,19.380701065063477,6.6474432945251465,0.3429929222998092,0.7697165012359619,0.9474356174468994,-0.03202986344695091,-0.03273594379425049,-0.029622601345181465,-0.03216990455985069,0.002312121447175741,0.001343717216514051,-0.0009684042306616902,0.04600362852215767,0.03411026671528816,-0.011893361806869507,0.002347572473809123,0.0013841981999576092,-0.0009633742738515139,0.85<=A<0.95,1.1<=beta<1.4,baseline_weakest_25
94,184_0.83_0.77.png,184,0.83,0.77,400,400,26.442987635412358,0.989630937576294,29.79603475067263,0.9933291673660278,3.3530471152602708,0.0036982297897338867,32.76222610473633,12.829992294311523,21.95580291748047,0.39160929581817194,0.6701560158729992,0.8991725444793701,0.9756386280059814,18.91893768310547,7.348156929016113,0.3884021953081428,0.9007095694541931,0.97871333360672,-0.028737301006913185,-0.02929985336959362,-0.02872897870838642,-0.029066570103168488,0.0022361737210303545,0.0010042859939858317,-0.0012318877270445228,0.04541996121406555,0.030314099043607712,-0.01510586217045784,0.0022370386868715286,0.0010093098971992731,-0.0012277287896722555,0.75<=A<0.85,beta<0.8,baseline_weakest_25
95,185_0.79_1.23.png,185,0.79,1.23,400,400,32.8175483286049,0.9900128841400146,31.473530198873767,0.9884849190711975,-1.3440181297311327,-0.0015279650688171387,14.977416038513184,11.295784950256348,17.786338806152344,0.7541878332824683,1.1875438834319785,0.10510554164648056,0.598789632320404,8.514566421508789,6.389310836791992,0.7503976738794176,0.12049588561058044,0.6042540669441223,0.009269772097468376,0.006353035569190979,0.007882270961999893,0.0073994724079966545,0.0004673395596910268,0.0006590706179849803,0.00019173105829395354,0.016759086400270462,0.01845230720937252,0.0016932208091020584,0.00045311148278415203,0.0006263165269047022,0.00017320504412055016,0.75<=A<0.85,1.1<=beta<1.4,baseline_middle_50
96,186_0.74_1.02.png,186,0.74,1.02,400,400,33.41696960709611,0.9915815591812134,31.868535521232065,0.9897924661636353,-1.5484340858640415,-0.001789093017578125,14.028438568115234,9.454072952270508,17.066816329956055,0.6739219697449688,1.2165870240717058,-0.019225627183914185,0.5677903890609741,7.987149715423584,5.351873874664307,0.6700605429155249,-0.005849067121744156,0.5754565000534058,0.010070777498185635,0.007033718749880791,0.007730801124125719,0.008021267130970955,0.0004099939251318574,0.000606825458817184,0.00019683153368532658,0.015663515776395798,0.018453560769557953,0.002790044993162155,0.00039871601620689034,0.0005808572750538588,0.0001821412588469684,0.65<=A<0.75,0.8<=beta<1.1,baseline_middle_50
97,187_0.93_1.99.png,187,0.93,1.99,400,400,30.03045560750538,0.9804264903068542,28.331836503817847,0.97794508934021,-1.698619103687534,-0.002481400966644287,20.47526741027832,13.86140251159668,25.314855575561523,0.6769827340393334,1.2363626353838872,-0.05191195756196976,0.45625540614128113,11.414780616760254,7.784277439117432,0.6819471788785694,-0.049680810421705246,0.45776116847991943,0.017537062987685204,0.012134392745792866,0.01728900894522667,0.014337417669594288,0.0008734094444662333,0.0013350873487070203,0.00046167790424078703,0.02024666965007782,0.02593393251299858,0.005687262862920761,0.0008143576560541987,0.0012482564197853208,0.000433898763731122,0.85<=A<0.95,beta>=1.7,baseline_middle_50
98,188_0.91_0.91.png,188,0.91,0.91,400,400,33.18246407158383,0.991159975528717,30.402503925371647,0.9893432855606079,-2.779960146212183,-0.0018166899681091309,14.418068885803223,11.147992134094238,20.36697006225586,0.7731959267493256,1.4126004129658607,-0.2571198344230652,0.2772018611431122,8.104560852050781,6.364393711090088,0.785285449424399,-0.2536667287349701,0.2841584384441376,0.01602804847061634,0.013721839524805546,0.015425768680870533,0.014605644159018993,0.00043308481690473855,0.000864194764290005,0.0004311099473852664,0.014679049141705036,0.024142028763890266,0.00946297962218523,0.0004105243715457618,0.0008272373233921826,0.00041671295184642076,0.85<=A<0.95,0.8<=beta<1.1,baseline_middle_50
99,189_0.71_1.65.png,189,0.71,1.65,400,400,29.47132257235436,0.9816343784332275,28.32709453509747,0.976460874080658,-1.144228037256891,-0.00517350435256958,22.925525665283203,12.75130844116211,26.286603927612305,0.556205717039317,1.1466085581373988,-0.004806101322174072,0.3966752588748932,13.222738265991211,7.209336280822754,0.545222641165417,-0.019862623885273933,0.3656941056251526,0.011296555399894714,0.008744590915739536,0.00846332497894764,0.00947556272149086,0.0010949576972052455,0.0014395533362403512,0.0003445956390351057,0.02647850289940834,0.03234224393963814,0.005863741040229797,0.001092755002900958,0.0014412639429792762,0.0003485089400783181,0.65<=A<0.75,1.4<=beta<1.7,baseline_middle_50
100,18_0.67_1.61.png,18,0.67,1.61,400,400,34.50821902858692,0.9782475233078003,32.67783154263524,0.9698095321655273,-1.8303874859516824,-0.00843799114227295,11.727248191833496,7.654993534088135,14.944252967834473,0.652752752296898,1.2743188106346381,-0.15151391923427582,0.2792530655860901,6.685729026794434,4.3896660804748535,0.6565725387436978,-0.15499816834926605,0.2791152596473694,0.015607043169438839,0.01607947237789631,0.016540955752134323,0.01599082536995411,0.0002865174028556794,0.00046527228550985456,0.00017875488265417516,0.013483439572155476,0.018176253885030746,0.004692814312875271,0.000279368570772931,0.00045666220830753446,0.00017729363753460348,0.65<=A<0.75,1.4<=beta<1.7,baseline_middle_50
101,190_0.67_1.29.png,190,0.67,1.29,400,400,29.4249637361282,0.9852778911590576,28.110368938486033,0.9770538806915283,-1.3145947976421652,-0.008224010467529297,23.170316696166992,14.14018440246582,27.019786834716797,0.6102715205789567,1.1661380027311674,0.010285191237926483,0.5945580005645752,13.372114181518555,8.046677589416504,0.6017505893374531,0.0028436733409762383,0.6461593508720398,0.01639816351234913,0.013116884976625443,0.011462136171758175,0.013909347355365753,0.001118465792387724,0.0015209768898785114,0.0004025110974907875,0.029059069231152534,0.03186589106917381,0.0028068218380212784,0.0011175840627402067,0.0015184407820925117,0.00040085671935230494,0.65<=A<0.75,1.1<=beta<1.4,baseline_middle_50
102,191_0.86_1.88.png,191,0.86,1.88,400,400,31.287531899473784,0.9810215830802917,31.862658809810487,0.9781302809715271,0.5751269103367029,-0.0028913021087646484,18.333261489868164,13.893547058105469,17.06876564025879,0.7578328092785731,0.9310272288262404,0.4667908847332001,0.7659689784049988,10.599194526672363,7.986200332641602,0.7534723806176699,0.47505244612693787,0.8133513331413269,0.003923982847481966,2.6791405616677366e-05,0.0002574966929387301,0.0012183522339910269,0.0007002260535955429,0.0006069641094654799,-9.326194413006306e-05,0.022842513397336006,0.019335703924298286,-0.0035068094730377197,0.0007021432975307107,0.0005981157883070409,-0.00010402750922366977,0.85<=A<0.95,beta>=1.7,baseline_middle_50
103,192_0.78_1.42.png,192,0.78,1.42,400,400,31.13750357260451,0.9859982132911682,29.589103144374565,0.9788934588432312,-1.548400428229943,-0.007104754447937012,18.871217727661133,14.058605194091797,22.656795501708984,0.7449760474908259,1.200600609281245,0.07620878517627716,0.4989910423755646,10.812070846557617,7.915286540985107,0.732078678850426,0.0553433895111084,0.5035032033920288,0.012918267399072647,0.00955312792211771,0.008850262500345707,0.01047917827963829,0.0007419225876219571,0.0010694382945075631,0.00032751570688560605,0.022536233067512512,0.026701243594288826,0.004165010526776314,0.0007306304178200662,0.0010629999451339245,0.00033236952731385827,0.75<=A<0.85,1.4<=beta<1.7,baseline_middle_50
104,193_0.52_0.72.png,193,0.52,0.72,400,400,29.004435511630383,0.9928533434867859,26.861149436224807,0.9918606281280518,-2.1432860754055767,-0.0009927153587341309,23.49915313720703,11.069137573242188,30.77438735961914,0.47104410565826027,1.3095955918042415,-0.5234731435775757,0.2344316840171814,13.689563751220703,6.273993968963623,0.45830488706436456,-0.5542513132095337,0.2194407433271408,-0.03853026404976845,-0.03573320433497429,-0.0318007729947567,-0.03612123057246208,0.0011504379799589515,0.0019730476196855307,0.0008226096397265792,0.02493377961218357,0.036076001822948456,0.011142222210764885,0.0011712758569046855,0.002012340584769845,0.0008410647278651595,A<0.65,beta<0.8,baseline_middle_50
105,194_0.78_1.46.png,194,0.78,1.46,400,400,28.70308451149894,0.9866347908973694,28.583295193143947,0.9868109226226807,-0.11978931835499296,0.0001761317253112793,24.02449607849121,8.310249328613281,24.630098342895508,0.34590733147794633,1.025207698943017,0.0991610661149025,0.45774224400520325,13.838481903076172,4.667665958404541,0.3372960987409291,0.07439593970775604,0.45519399642944336,-0.029992247000336647,-0.0269548948854208,-0.02277614176273346,-0.027386683970689774,0.001202450948767364,0.0012638369807973504,6.138603202998638e-05,0.030264828354120255,0.031309034675359726,0.0010442063212394714,0.00119689735583961,0.0012729981681331992,7.610081229358912e-05,0.75<=A<0.85,1.4<=beta<1.7,baseline_weakest_25
106,195_0.61_1.47.png,195,0.61,1.47,400,400,28.96898891391533,0.9876977205276489,26.94331025784588,0.9853631854057312,-2.0256786560694486,-0.0023345351219177246,23.185157775878906,10.483638763427734,29.956235885620117,0.45217025757463575,1.2920436503039727,-0.5140972137451172,0.26836949586868286,13.483957290649414,5.917860984802246,0.4388816174096047,-0.5370138883590698,0.26260504126548767,-0.037695810198783875,-0.033429019153118134,-0.028987865895032883,-0.034198496490716934,0.0011198989814147353,0.0018695335602387786,0.0007496345788240433,0.02829105593264103,0.036943454295396805,0.008652398362755775,0.0011363568482920527,0.001890884363092482,0.0007545275148004293,A<0.65,1.4<=beta<1.7,baseline_middle_50
107,196_0.67_0.7.png,196,0.67,0.7,400,400,32.19585443498667,0.9936766028404236,29.089086947334874,0.9928021430969238,-3.1067674876517977,-0.0008744597434997559,15.813677787780762,13.221942901611328,23.704936981201172,0.8361080249041075,1.49901479588246,-0.32769009470939636,0.3043467402458191,9.088155746459961,7.514141082763672,0.8268059320715974,-0.37188228964805603,0.3008638024330139,-0.03088417649269104,-0.028390105813741684,-0.02534662000834942,-0.028788872063159943,0.0005209842347539961,0.0011706750374287367,0.0006496908026747406,0.018914494663476944,0.029475457966327667,0.010560963302850723,0.0005162160377949476,0.0011865521082654595,0.0006703360704705119,0.65<=A<0.75,beta<0.8,baseline_middle_50
108,197_0.88_1.9.png,197,0.88,1.9,400,400,29.521257847942273,0.9671367406845093,27.104732270991562,0.9583198428153992,-2.4165255769507112,-0.008816897869110107,21.82695960998535,15.54815673828125,29.411603927612305,0.7123372662112918,1.3474897307345155,-0.21640333533287048,0.4373408257961273,12.384456634521484,8.925511360168457,0.7207027020700069,-0.2052590399980545,0.43736326694488525,0.021360011771321297,0.025118323042988777,0.029791979119181633,0.02452738583087921,0.000992533634416759,0.0018021718133240938,0.0008096381789073348,0.024327775463461876,0.0322628915309906,0.007935116067528725,0.000958592223469168,0.0017401075456291437,0.0007815153221599758,0.85<=A<0.95,beta>=1.7,baseline_middle_50
109,198_0.99_0.62.png,198,0.99,0.62,400,400,36.11900818351956,0.9896829724311829,35.44163836384102,0.9878243803977966,-0.6773698196785389,-0.0018585920333862305,9.940718650817871,7.0613603591918945,10.866922378540039,0.7103470691840698,1.0931727131866835,0.21789798140525818,0.608705461025238,5.640772819519043,3.9708340167999268,0.7039521256838167,0.20015333592891693,0.6062500476837158,0.005272056441754103,0.005353041458874941,0.004658370744436979,0.005249634385108948,0.00020587061590049416,0.0002460208488628268,4.0150232962332666e-05,0.010611359030008316,0.011949672363698483,0.0013383133336901665,0.00019886446534655988,0.0002413721231278032,4.2507657781243324e-05,A>=0.95,beta<0.8,baseline_middle_50
110,199_0.58_1.12.png,199,0.58,1.12,400,400,34.80482739197665,0.987272322177887,34.29239171934777,0.984345555305481,-0.5124356726288823,-0.002926766872406006,11.868839263916016,7.0456390380859375,12.708198547363281,0.5936249435533507,1.0707195762604276,0.17346838116645813,0.6192268133163452,6.839419364929199,3.9805712699890137,0.5820042693098144,0.17831628024578094,0.6251696944236755,0.011367457918822765,0.012324696406722069,0.012775814160704613,0.012089909054338932,0.0002934778167400509,0.0003364548028912395,4.297698615118861e-05,0.013584112748503685,0.01387092750519514,0.00028681475669145584,0.00029236034606583416,0.0003307084843982011,3.834813833236694e-05,A<0.65,1.1<=beta<1.4,baseline_middle_50
111,19_0.7_1.99.png,19,0.7,1.99,400,400,33.71344137712669,0.9747841358184814,31.914080742942666,0.9643140435218811,-1.7993606341840263,-0.010470092296600342,12.659092903137207,8.813249588012695,16.218162536621094,0.6961991396578324,1.2811472876229442,-0.11250029504299164,0.32600849866867065,7.242641448974609,5.040168762207031,0.6959020127830023,-0.11746667325496674,0.3253583610057831,0.01601487770676613,0.016390373930335045,0.017006544396281242,0.01634834334254265,0.00033385964343324304,0.0005479766987264156,0.0002141170552931726,0.01433294452726841,0.01903473399579525,0.00470178946852684,0.0003278490621596575,0.000540219945833087,0.0002123708836734295,0.65<=A<0.75,beta>=1.7,baseline_middle_50
112,1_0.89_1.56.png,1,0.89,1.56,400,400,30.958745566458795,0.9858181476593018,30.726897415187935,0.9855181574821472,-0.23184815127086011,-0.000299990177154541,18.344797134399414,9.67259693145752,19.234527587890625,0.5272664974484707,1.0485004247783598,0.1694181114435196,0.5034475326538086,10.253520011901855,5.520966053009033,0.5384459236048232,0.15852826833724976,0.4936982989311218,0.010684105567634106,0.011327479965984821,0.01186287309974432,0.011196145787835121,0.0007011075504124165,0.0007707646582275629,6.965710781514645e-05,0.019935213029384613,0.02179865725338459,0.0018634442239999771,0.0006570916739292443,0.0007354211411438882,7.832946721464396e-05,0.85<=A<0.95,1.4<=beta<1.7,baseline_middle_50
113,200_0.81_1.52.png,200,0.81,1.52,400,400,32.669843176281866,0.9778821468353271,30.950739591979435,0.9727458953857422,-1.719103584302431,-0.005136251449584961,14.978655815124512,12.03518009185791,18.59143829345703,0.8034886601577117,1.2411953731311829,0.06535757333040237,0.5786636471748352,8.611143112182617,6.827163219451904,0.7928289113896125,0.06317362934350967,0.5716728568077087,0.012526332400739193,0.014311486855149269,0.015876859426498413,0.013956179842352867,0.00046741694677621126,0.0007200866821222007,0.00025266973534598947,0.017621174454689026,0.019971972331404686,0.00235079787671566,0.0004634486685972661,0.000708337698597461,0.0002448890300001949,0.75<=A<0.85,1.4<=beta<1.7,baseline_middle_50
114,201_0.88_0.95.png,201,0.88,0.95,400,400,30.210209195770858,0.9919394254684448,30.12931481951778,0.9906986951828003,-0.08089437625307738,-0.0012407302856445312,20.57410430908203,7.584028244018555,20.713109970092773,0.36862009301035453,1.0067563408312934,0.16591930389404297,0.6114586591720581,11.97026538848877,4.3723530769348145,0.36526784787407446,0.17966805398464203,0.6182616353034973,0.016425270587205887,0.014462574385106564,0.012044818140566349,0.014773797243833542,0.0008818620117381215,0.0008938186801970005,1.1956668458878994e-05,0.018875274807214737,0.01983000710606575,0.0009547322988510132,0.0008955451776273549,0.0008974855300039053,1.940352376550436e-06,0.85<=A<0.95,0.8<=beta<1.1,baseline_middle_50
115,202_0.92_0.59.png,202,0.92,0.59,400,400,31.91153339037959,0.9941900372505188,31.715682705099514,0.993519127368927,-0.19585068528007454,-0.0006709098815917969,16.95409393310547,6.795968055725098,17.360021591186523,0.40084525203997645,1.0239427515078479,0.1399768739938736,0.5656337738037109,9.893378257751465,3.919032096862793,0.39612678245595534,0.14135369658470154,0.5686734914779663,0.014518325217068195,0.013905136846005917,0.012638050131499767,0.013944033533334732,0.0005988359916955233,0.0006278549553826451,2.9018963687121868e-05,0.016098029911518097,0.017613500356674194,0.0015154704451560974,0.0006117433658801019,0.0006392280338332057,2.748466795310378e-05,0.85<=A<0.95,beta<0.8,baseline_middle_50
116,203_1.0_1.96.png,203,1.0,1.96,400,400,25.674363507743134,0.9820289015769958,25.734783877162645,0.9797811508178711,0.06042036941951068,-0.002247750759124756,34.94017028808594,11.816377639770508,34.63179397583008,0.33818889668662294,0.9911741611528146,0.1950768232345581,0.5746393799781799,20.435012817382812,6.808504581451416,0.3331783856607048,0.19679726660251617,0.5811905860900879,0.030569326132535934,0.02798319049179554,0.024568745866417885,0.02836719900369644,0.002543365815654397,0.0024986688513308764,-4.469696432352066e-05,0.03261025995016098,0.034906163811683655,0.0022959038615226746,0.002609935589134693,0.0025573994498699903,-5.25361392647028e-05,A>=0.95,beta>=1.7,baseline_weakest_25
117,204_0.7_1.37.png,204,0.7,1.37,400,400,28.584164737003363,0.9902812838554382,29.450952318656643,0.9893059730529785,0.8667875816532806,-0.0009753108024597168,25.08762550354004,7.897701263427734,22.443300247192383,0.314804653884574,0.8945964313771136,0.4745786786079407,0.6950713396072388,14.621003150939941,4.554358959197998,0.31149428751099145,0.5025067925453186,0.6964600682258606,0.020690646022558212,0.017833804711699486,0.015054977498948574,0.0183712150901556,0.0013112269807606936,0.001049378770403564,-0.0002618482103571296,0.02474970929324627,0.02168385125696659,-0.0030658580362796783,0.0013360859593376517,0.0010474547743797302,-0.0002886311849579215,0.65<=A<0.75,1.1<=beta<1.4,baseline_weakest_25
118,205_0.62_1.05.png,205,0.62,1.05,400,400,29.39256869512115,0.980154812335968,30.715840579892692,0.9850502014160156,1.3232718847715432,0.004895389080047607,22.955280303955078,8.310887336730957,19.504844665527344,0.3620468679399673,0.8496888039379227,0.5649915337562561,0.6472362875938416,12.573447227478027,4.716222286224365,0.3750938148384261,0.5897284746170044,0.6488311886787415,-0.0008703062776476145,-0.004118816461414099,-0.012151971459388733,-0.0040632919408380985,0.0010978018399327993,0.0007925811805762351,-0.0003052206593565643,0.021903760731220245,0.018983544781804085,-0.0029202159494161606,0.0009880722500383854,0.0006899595027789474,-0.00029811274725943804,A<0.65,0.8<=beta<1.1,baseline_middle_50
119,206_0.58_0.83.png,206,0.58,0.83,400,400,30.769287284988252,0.984125554561615,32.077140026837576,0.9882897138595581,1.3078527418493238,0.004164159297943115,19.486108779907227,6.623442649841309,16.575428009033203,0.3399058644623271,0.8506279112084542,0.5765833854675293,0.6524016857147217,10.502763748168945,3.6909220218658447,0.35142388330969754,0.6089691519737244,0.6811971068382263,-0.0038969782181084156,-0.006162249017506838,-0.012704627588391304,-0.006230764091014862,0.0007910592248663306,0.0005723850335925817,-0.00021867419127374887,0.017735278233885765,0.01577642932534218,-0.0019588489085435867,0.0006894252146594226,0.0004794856358785182,-0.0002099395787809044,A<0.65,0.8<=beta<1.1,baseline_middle_50
120,207_0.84_0.64.png,207,0.84,0.64,400,400,29.256782888069974,0.9810428619384766,30.88374384198228,0.9861658811569214,1.626960953912306,0.005123019218444824,23.456989288330078,10.579734802246094,19.29837417602539,0.4510269699236101,0.822713176819601,0.5837439298629761,0.738792896270752,13.300603866577148,6.153494358062744,0.462647742898783,0.5924163460731506,0.8121108412742615,-0.008767274208366871,-0.00923360139131546,-0.012584063224494457,-0.009476122446358204,0.0011463132686913013,0.0007758900173939764,-0.0003704232512973249,0.022436795756220818,0.018103398382663727,-0.004333397373557091,0.0011056627845391631,0.0007362418109551072,-0.0003694209735840559,0.75<=A<0.85,beta<0.8,baseline_middle_50
121,208_0.67_0.92.png,208,0.67,0.92,400,400,29.256574974818854,0.9801332354545593,30.689263215313716,0.9851545691490173,1.432688240494862,0.005021333694458008,23.37918472290039,8.13731861114502,19.639131546020508,0.3480582709616195,0.8400263644259407,0.596883237361908,0.6786403059959412,13.0672607421875,4.632451057434082,0.3545081979177371,0.622919499874115,0.7284286618232727,-0.0037913634441792965,-0.0062142848037183285,-0.01267362292855978,-0.006226195953786373,0.0011387214763090014,0.0008035323116928339,-0.00033518916461616755,0.022199338302016258,0.01884194277226925,-0.0033573955297470093,0.0010672081261873245,0.0007299873395822942,-0.0003372207866050303,0.65<=A<0.75,0.8<=beta<1.1,baseline_middle_50
122,209_0.97_1.99.png,209,0.97,1.99,400,400,28.208012957914917,0.978691816329956,29.31056355771082,0.9818424582481384,1.1025505997959044,0.003150641918182373,25.752099990844727,12.924564361572266,22.572654724121094,0.5018838994166359,0.8765364662356089,0.48175615072250366,0.6414465308189392,14.865233421325684,7.44520902633667,0.5008470984152703,0.47553735971450806,0.6284489631652832,-0.0016348108183592558,0.0018997184233739972,0.00012960791354998946,0.0006411016802303493,0.0013816055143252015,0.0010615098290145397,-0.0003200956853106618,0.029244687408208847,0.024922989308834076,-0.004321698099374771,0.001381094683893025,0.0010696644894778728,-0.0003114301944151521,A>=0.95,beta>=1.7,baseline_weakest_25
123,20_0.58_1.76.png,20,0.58,1.76,400,400,35.91381801524723,0.980728030204773,33.874098111705536,0.9696069955825806,-2.0397199035416946,-0.011121034622192383,9.521829605102539,7.90731954574585,12.519840240478516,0.8304411939390819,1.3148565727084014,-0.02361111156642437,0.366252064704895,5.386293888092041,4.532951831817627,0.8415715751862383,-0.02181866206228733,0.37150394916534424,0.010578482411801815,0.010582891292870045,0.011915388517081738,0.010733477771282196,0.00018888591148424894,0.00032655498944222927,0.00013766907795798033,0.0106226010248065,0.014527427032589912,0.003904826007783413,0.0001813260023482144,0.0003164078516419977,0.0001350818492937833,A<0.65,beta>=1.7,baseline_middle_50
124,210_0.63_1.2.png,210,0.63,1.2,400,400,25.05252524746203,0.9882670044898987,27.027240554887207,0.9891560077667236,1.9747153074251784,0.0008890032768249512,38.25627517700195,10.466382026672363,30.37633514404297,0.2735860189798171,0.7940222879383702,0.8121357560157776,0.8214654922485352,21.99005699157715,6.047144412994385,0.27499448570372614,0.8142962455749512,0.8208662271499634,-0.038817148655653,-0.03671376407146454,-0.037158697843551636,-0.03739340230822563,0.0030490474309772253,0.0019223368726670742,-0.001126710558310151,0.04720805585384369,0.03812036290764809,-0.009087692946195602,0.0030222663190215826,0.0018972819671034813,-0.0011249843519181013,A<0.65,1.1<=beta<1.4,baseline_weakest_25
125,211_0.94_0.77.png,211,0.94,0.77,400,400,32.20439171976284,0.9925484657287598,34.082452654962054,0.9925537705421448,1.8780609351992155,5.304813385009766e-06,16.47869110107422,8.88704776763916,13.143285751342773,0.5393054407737413,0.7975928227992565,0.6069807410240173,0.7141212821006775,9.548646926879883,5.118680477142334,0.5360634356196595,0.6040499210357666,0.70743328332901,-0.0032023810781538486,-0.0023522658739238977,-0.00215976033359766,-0.0025845046620815992,0.0005657235160470009,0.00035988743184134364,-0.00020583608420565724,0.017177490517497063,0.013331255875527859,-0.003846234641969204,0.0005698541644960642,0.000364561885362491,-0.00020529227913357317,0.85<=A<0.95,beta<0.8,baseline_middle_50
126,212_0.54_1.78.png,212,0.54,1.78,400,400,30.44893722405384,0.9873750805854797,30.719255061017282,0.9877517819404602,0.2703178369634429,0.00037670135498046875,19.95854949951172,8.457633018493652,19.386837005615234,0.4237599039299207,0.9713550078421044,0.2785090208053589,0.5689688920974731,11.358244895935059,4.829867839813232,0.42523011997582194,0.2825401723384857,0.5727932453155518,-0.019796594977378845,-0.017197072505950928,-0.018201619386672974,-0.018088849261403084,0.0008298826869577169,0.0007830196991562843,-4.686298780143261e-05,0.022750863805413246,0.022709202021360397,-4.1661784052848816e-05,0.0008063107961788774,0.0007583607221022248,-4.795007407665253e-05,A<0.65,beta>=1.7,baseline_middle_50
127,213_0.7_1.14.png,213,0.7,1.14,400,400,27.802663716432562,0.9861905574798584,26.139104863969095,0.985383927822113,-1.663558852463467,-0.0008066296577453613,27.80092430114746,10.687602996826172,33.88020706176758,0.3844333692310025,1.2186719655349445,-0.43879199028015137,0.17969582974910736,16.009302139282227,6.179450988769531,0.38599127775888087,-0.4348216950893402,0.1769624650478363,-0.04457509145140648,-0.04389666020870209,-0.044329483062028885,-0.04414885491132736,0.001610190374776721,0.002391392830759287,0.0007812024559825659,0.033641885966062546,0.04427601024508476,0.010634124279022217,0.0016018609749153256,0.002378225326538086,0.0007763643516227603,0.65<=A<0.75,1.1<=beta<1.4,baseline_weakest_25
128,214_0.62_0.87.png,214,0.62,0.87,400,400,27.599080295890026,0.9875115752220154,26.307055235251507,0.98716139793396,-1.2920250606385189,-0.0003501772880554199,28.52923011779785,9.003103256225586,33.27861022949219,0.31557470072103466,1.166474177259044,-0.4136492908000946,0.16228199005126953,16.437700271606445,5.230036735534668,0.3181732632373604,-0.40525150299072266,0.1586693376302719,-0.04365265741944313,-0.04332054406404495,-0.043812766671180725,-0.043475955724716187,0.0016956604085862637,0.002307220594957471,0.0006115601863712072,0.034538909792900085,0.04359860718250275,0.009059697389602661,0.0016887373058125377,0.0022951876744627953,0.0006064503686502576,A<0.65,0.8<=beta<1.1,baseline_weakest_25
129,215_0.91_1.29.png,215,0.91,1.29,400,400,25.65554797784869,0.9833899736404419,25.022733637233916,0.9841724038124084,-0.6328143406147753,0.0007824301719665527,35.789100646972656,9.360793113708496,38.580345153808594,0.26155429850122014,1.0779914682508807,-0.17903576791286469,0.3106209337711334,20.603633880615234,5.401623249053955,0.2621684737921901,-0.17965123057365417,0.30926474928855896,-0.04967832192778587,-0.04878934845328331,-0.04915342107415199,-0.04909665510058403,0.0026684575714170933,0.0031009232625365257,0.00043246569111943245,0.045252490788698196,0.049466200172901154,0.004213709384202957,0.002653185511007905,0.003085469361394644,0.0004322838503867388,0.85<=A<0.95,1.1<=beta<1.4,baseline_weakest_25
130,216_0.94_0.88.png,216,0.94,0.88,400,400,25.685805014149068,0.9855281114578247,25.606485930769168,0.9868940114974976,-0.07931908337990023,0.0013659000396728516,35.735618591308594,7.631669044494629,36.11001205444336,0.21355916996357127,1.0104767589842651,0.05746455863118172,0.4045422673225403,20.559898376464844,4.405992031097412,0.21430028254132827,0.05105192959308624,0.39974549412727356,-0.04627234488725662,-0.04598865285515785,-0.04633403941988945,-0.04611285403370857,0.0026604882441461086,0.0027165270876139402,5.603884346783161e-05,0.045303717255592346,0.04634938761591911,0.001045670360326767,0.002641933737322688,0.002705455757677555,6.352202035486698e-05,0.85<=A<0.95,0.8<=beta<1.1,baseline_weakest_25
131,217_0.86_1.31.png,217,0.86,1.31,400,400,33.56472178260007,0.9914466142654419,33.00189747215398,0.9914183616638184,-0.5628243104460893,-2.8252601623535156e-05,13.972840309143066,11.626850128173828,14.8677339553833,0.8321035573966912,1.0640452210460507,0.3366192579269409,0.5858526229858398,8.009099006652832,6.631508827209473,0.8279968597842216,0.3397402763366699,0.5907020568847656,-0.0021549323573708534,-0.0014474047347903252,-0.0006561808986589313,-0.001568756066262722,0.00040675056516192853,0.0004605198046192527,5.376923945732415e-05,0.01537411380559206,0.01765565760433674,0.0022815437987446785,0.0004009104159194976,0.0004502107622101903,4.930034629069269e-05,0.85<=A<0.95,1.1<=beta<1.4,baseline_middle_50
132,218_0.53_1.18.png,218,0.53,1.18,400,400,27.852583825722878,0.9930894374847412,27.661495861333858,0.9925647377967834,-0.19108796438901976,-0.0005246996879577637,27.873220443725586,6.054471969604492,28.482620239257812,0.21721465525765563,1.0218632718369436,0.006854082457721233,0.5187703967094421,16.194738388061523,3.3600099086761475,0.20747540516943996,0.0068633174523711205,0.5123140215873718,-0.03239718824625015,-0.032255806028842926,-0.031730253249406815,-0.03223817050457001,0.0016185757704079151,0.0016901242779567838,7.154850754886866e-05,0.031711410731077194,0.033810652792453766,0.0020992420613765717,0.0016391847748309374,0.001705076894722879,6.589211989194155e-05,A<0.65,1.1<=beta<1.4,baseline_weakest_25
133,219_0.62_1.27.png,219,0.62,1.27,400,400,32.31007841021678,0.9934831857681274,35.18108238813804,0.9942140579223633,2.871003977921255,0.0007308721542358398,16.4831485748291,9.015434265136719,11.583268165588379,0.5469485531971667,0.7027339535892326,0.7361915707588196,0.9015845656394958,9.55091667175293,5.118137359619141,0.5358791763680818,0.7393230199813843,0.9098033905029297,-0.012418092228472233,-0.011690877377986908,-0.010603244416415691,-0.011784324422478676,0.0005660296301357448,0.0002795252075884491,-0.0002865044225472957,0.02128465101122856,0.013243917375802994,-0.008040733635425568,0.0005701250047422945,0.0002820926601998508,-0.00028803234454244375,A<0.65,1.1<=beta<1.4,baseline_middle_50
134,21_0.7_1.86.png,21,0.7,1.86,400,400,27.552421395363645,0.9559743404388428,26.304831200039636,0.9514656066894531,-1.2475901953240083,-0.0045087337493896484,28.365190505981445,12.122815132141113,32.86658477783203,0.4273835259306558,1.1586943077608227,-0.18708688020706177,0.42006921768188477,16.385412216186523,7.031174659729004,0.42911185675165225,-0.19796009361743927,0.4287244975566864,0.03420446068048477,0.033950548619031906,0.032773133367300034,0.03389224037528038,0.0016762166051194072,0.0022504422813653946,0.0005742256762459874,0.03154698759317398,0.03684823960065842,0.005301252007484436,0.0016780109144747257,0.002272079000249505,0.0005940680857747793,0.65<=A<0.75,beta>=1.7,baseline_weakest_25
135,220_0.68_1.35.png,220,0.68,1.35,400,400,34.445613221035025,0.9927555918693542,38.0077579294186,0.993690013885498,3.5621447083835776,0.0009344220161437988,12.681037902832031,12.232032775878906,7.934999942779541,0.9645923992662423,0.6257374202002371,0.7976897954940796,0.9144726395606995,7.296082496643066,6.971310138702393,0.9554867481158413,0.8058810830116272,0.9169527888298035,-0.000460770505014807,0.0003802168066613376,0.0018662528600543737,0.0002981697325594723,0.0003350181505084038,0.00013117546041030437,-0.0002038426900980994,0.01473072450608015,0.008550059981644154,-0.006180664524435997,0.0003327050944790244,0.0001240782003151253,-0.00020862689416389912,0.65<=A<0.75,1.1<=beta<1.4,baseline_middle_50
136,221_0.63_0.68.png,221,0.63,0.68,400,400,30.531417795892587,0.9910886287689209,26.160880761333452,0.9897608160972595,-4.370537034559135,-0.001327812671661377,19.88589096069336,15.79413890838623,33.707210540771484,0.7942384346572691,1.6950314475422539,-0.7820807695388794,0.22710619866847992,11.433743476867676,9.244812965393066,0.8085552193904672,-0.7878518104553223,0.2245357185602188,-0.04296763241291046,-0.04184787720441818,-0.04060054570436478,-0.04204048961400986,0.0008238513255491853,0.0023670336231589317,0.0015431822976097465,0.025764061138033867,0.04258490726351738,0.016820846125483513,0.0008170655928552151,0.0023922089021652937,0.0015751433093100786,A<0.65,beta<0.8,baseline_middle_50
137,222_0.76_0.62.png,222,0.76,0.62,400,400,31.161993009255916,0.9883341789245605,27.461494832774438,0.9907152056694031,-3.700498176481478,0.0023810267448425293,18.58258819580078,14.991220474243164,28.989355087280273,0.8067347947596891,1.5600278487488182,-0.4852065145969391,0.30362531542778015,10.642511367797852,8.773574829101562,0.8243895191551006,-0.4894542396068573,0.30160093307495117,-0.038075920194387436,-0.036776524037122726,-0.036042969673871994,-0.03708142414689064,0.0007194011704996228,0.001750797382555902,0.0010313962120562792,0.024849584326148033,0.03749970719218254,0.012650122866034508,0.0007078940398059785,0.0017602633452042937,0.0010523693053983152,0.75<=A<0.85,beta<0.8,baseline_middle_50
138,223_0.66_1.32.png,223,0.66,1.32,400,400,28.72992381224135,0.9874858260154724,24.871121910928405,0.9832212328910828,-3.858801901312944,-0.0042645931243896484,24.215654373168945,18.721689224243164,38.85783767700195,0.7731234075172001,1.6046577589105588,-0.6319862604141235,0.20714662969112396,13.813657760620117,10.980962753295898,0.7949351970048334,-0.6521129608154297,0.20580726861953735,-0.05119285732507706,-0.04729762300848961,-0.04477887600660324,-0.04817516356706619,0.001221662387251854,0.003145691007375717,0.0019240286201238632,0.029429759830236435,0.04886419326066971,0.019434433430433273,0.001192607101984322,0.0031827071215957403,0.0019901000196114182,0.65<=A<0.75,1.1<=beta<1.4,baseline_weakest_25
139,224_0.7_1.92.png,224,0.7,1.92,400,400,28.066930391295454,0.9828958511352539,25.07173460434448,0.9793880581855774,-2.9951957869509727,-0.0035077929496765137,25.884384155273438,19.591629028320312,37.62914276123047,0.7568899036112049,1.453739155449996,-0.35703691840171814,0.3132524788379669,14.457653045654297,11.554011344909668,0.7991623058337667,-0.3926137387752533,0.3154047429561615,-0.049010634422302246,-0.04480139538645744,-0.0428544245660305,-0.04583800211548805,0.001395836123265326,0.0029499009251594543,0.0015540648018941283,0.030771762132644653,0.046838074922561646,0.016066312789916992,0.001306398306041956,0.0029605396557599306,0.0016541413497179747,0.65<=A<0.75,beta>=1.7,baseline_weakest_25
140,225_0.7_0.86.png,225,0.7,0.86,400,400,29.28225713658758,0.9810314178466797,29.658993048596773,0.98074871301651,0.37673591200919176,-0.00028270483016967773,22.43060302734375,8.757515907287598,21.359460830688477,0.39042712746562613,0.952246393226722,0.3146044909954071,0.6370638608932495,12.695934295654297,4.967834949493408,0.3912933726503179,0.3205353617668152,0.6363239884376526,-0.016424020752310753,-0.01718161441385746,-0.019382532685995102,-0.017205996438860893,0.001048191566951573,0.0009504720219410956,-9.77195450104773e-05,0.022695351392030716,0.021447021514177322,-0.0012483298778533936,0.0010074172168970108,0.0009089559316635132,-9.846128523349762e-05,0.65<=A<0.75,0.8<=beta<1.1,baseline_middle_50
141,226_0.92_1.94.png,226,0.92,1.94,400,400,26.12475186877788,0.9606184959411621,25.537485413481967,0.9520798325538635,-0.5872664552959144,-0.008538663387298584,32.18445587158203,16.325824737548828,34.63983917236328,0.5072580627955893,1.0762909682418862,0.09749310463666916,0.519627034664154,18.275047302246094,9.29063606262207,0.5083782224454327,0.09742933511734009,0.5227841734886169,-0.016762007027864456,-0.017530862241983414,-0.019090643152594566,-0.017478790134191513,0.0021579982712864876,0.0024998304434120655,0.0003418321721255779,0.03370292857289314,0.03719805181026459,0.0034951232373714447,0.002087358618155122,0.002420055214315653,0.00033269659616053104,0.85<=A<0.95,beta>=1.7,baseline_weakest_25
142,227_0.61_0.93.png,227,0.61,0.93,400,400,29.2483635490893,0.9816049337387085,30.01142232296075,0.981943666934967,0.7630587738714496,0.0003387331962585449,22.18021583557129,9.106738090515137,19.895465850830078,0.41057932700142175,0.8969915350833932,0.4432535469532013,0.681456446647644,12.578836441040039,5.177750587463379,0.41162396949294255,0.452874094247818,0.6844592094421387,-0.010522601194679737,-0.01168069988489151,-0.01457466371357441,-0.011664340272545815,0.0010249207261949778,0.0008246449287980795,-0.00020027579739689827,0.023316876962780952,0.02057100459933281,-0.002745872363448143,0.0009889195207506418,0.0007877798052504659,-0.00020113971550017595,A<0.65,0.8<=beta<1.1,baseline_middle_50
143,228_0.6_1.2.png,228,0.6,1.2,400,400,28.789418831710798,0.980672299861908,29.728706905718013,0.9810614585876465,0.9392880740072158,0.0003891587257385254,23.160877227783203,11.198653221130371,20.135469436645508,0.4835159355577754,0.8693742140514223,0.4942714273929596,0.7054377794265747,13.161630630493164,6.376698017120361,0.4844914886417404,0.5025303363800049,0.708511471748352,-0.005577555857598782,-0.007025822997093201,-0.010403201915323734,-0.006977811921387911,0.0011175547260791063,0.0008446606225334108,-0.00027289410354569554,0.024556413292884827,0.020615622401237488,-0.003940790891647339,0.0010826783254742622,0.0008096145465970039,-0.0002730637788772583,A<0.65,1.1<=beta<1.4,baseline_weakest_25
144,229_0.53_0.63.png,229,0.53,0.63,400,400,33.14153745734311,0.99638831615448,31.719628108154218,0.9959508180618286,-1.4219093491888941,-0.0004374980926513672,14.531227111816406,5.065569877624512,17.25098419189453,0.3485989062482772,1.187166373434938,-0.41285666823387146,0.33642610907554626,8.369854927062988,2.898833990097046,0.34634220250628134,-0.4243394434452057,0.32942113280296326,-0.018206467851996422,-0.018854446709156036,-0.017660310491919518,-0.018524572253227234,0.00043990949052385986,0.0006199926720000803,0.0001800831814762205,0.016919303685426712,0.020295893773436546,0.0033765900880098343,0.0004378404119051993,0.000619056518189609,0.00018121610628440976,A<0.65,beta<0.8,baseline_middle_50
145,22_0.77_1.45.png,22,0.77,1.45,400,400,28.885639116762647,0.959898829460144,28.541809662255098,0.9611251354217529,-0.3438294545075493,0.0012263059616088867,24.22293472290039,11.591073036193848,25.326244354248047,0.4785164625504949,1.045548140387159,0.14190423488616943,0.572367250919342,14.034431457519531,6.717728614807129,0.4786605453267454,0.1398252695798874,0.5785852074623108,0.024953698739409447,0.025351816788315773,0.024543585255742073,0.02514064311981201,0.0012223970843479037,0.001336288987658918,0.00011389190331101418,0.02474837936460972,0.027896659448742867,0.003148280084133148,0.0012310327729210258,0.0013482988579198718,0.00011726608499884605,0.75<=A<0.85,1.4<=beta<1.7,baseline_middle_50
146,230_0.95_0.66.png,230,0.95,0.66,400,400,32.336437580412564,0.9941378831863403,34.7145900768625,0.9951351284980774,2.3781524964499354,0.0009972453117370605,16.2567195892334,8.472222328186035,12.094810485839844,0.5211520246555198,0.7439883808938963,0.6889359951019287,0.8549725413322449,9.3132905960083,4.927459239959717,0.5290782231225167,0.6937358379364014,0.8574283123016357,0.003519949968904257,0.0038545774295926094,0.00521512608975172,0.003909626509994268,0.0005505853332579136,0.00030475921812467277,-0.0002458261151332408,0.02006022445857525,0.012087748385965824,-0.007972476072609425,0.0005421086098067462,0.0002959060075227171,-0.0002462026022840291,A>=0.95,beta<0.8,baseline_middle_50
147,231_0.55_1.16.png,231,0.55,1.16,400,400,32.45537464043918,0.9935105443000793,35.47838064374734,0.9946010112762451,3.0230060033081614,0.0010904669761657715,15.300257682800293,8.652101516723633,10.69798469543457,0.5654873072137765,0.6992029099915523,0.7346683740615845,0.8228335380554199,8.800226211547852,4.99543571472168,0.567648557507142,0.7452743053436279,0.8249652981758118,-0.005222234409302473,-0.00530364690348506,-0.004090862348675728,-0.005141046829521656,0.00048770394641906023,0.00023843097733333707,-0.00024927296908572316,0.017657862976193428,0.012226421386003494,-0.005431441590189934,0.00048402484389953315,0.000230452511459589,-0.00025357233243994415,A<0.65,1.1<=beta<1.4,baseline_middle_50
148,232_0.58_1.19.png,232,0.58,1.19,400,400,33.42040302725495,0.9934117197990417,35.66540982583452,0.9944648742675781,2.245006798579574,0.001053154468536377,13.528779029846191,7.8616814613342285,10.486299514770508,0.5811079805494914,0.7751105618353592,0.6340389251708984,0.7840038537979126,7.75184965133667,4.53926944732666,0.585572431289859,0.646241307258606,0.7855685949325562,-0.003368101315572858,-0.0034496437292546034,-0.0024126998614519835,-0.0033070510253310204,0.00038130805478431284,0.0002290885167894885,-0.00015221953799482435,0.014988633804023266,0.011632057838141918,-0.0033565759658813477,0.00037556979805231094,0.0002201038005296141,-0.00015546599752269685,A<0.65,1.1<=beta<1.4,baseline_middle_50
149,233_0.72_1.98.png,233,0.72,1.98,400,400,25.903900580650316,0.9638593792915344,25.975778380362208,0.9667415022850037,0.07187779971189201,0.0028821229934692383,33.780982971191406,15.195969581604004,33.10655212402344,0.4498379930081728,0.980035191760313,0.26885831356048584,0.46814459562301636,19.42156410217285,8.71370792388916,0.4486614918370187,0.2971687316894531,0.4797128140926361,0.0009020543075166643,0.005850637797266245,0.01313410047441721,0.005201325751841068,0.002377405995503068,0.0022834246046841145,-9.398139081895351e-05,0.040070485323667526,0.03990989923477173,-0.00016058608889579773,0.0023574819788336754,0.0022033988498151302,-0.00015408312901854515,0.65<=A<0.75,beta>=1.7,baseline_weakest_25
150,234_0.63_1.11.png,234,0.63,1.11,400,400,27.50262806615316,0.9718254208564758,27.240801622920337,0.9728054404258728,-0.2618264432328239,0.0009800195693969727,27.851932525634766,10.077963829040527,28.472145080566406,0.36184073833170555,1.0222682054238355,0.11869341880083084,0.43935519456863403,16.195219039916992,5.793911457061768,0.35775443621857084,0.12490490823984146,0.44544366002082825,-0.008730140514671803,-0.007619051728397608,-0.004013782367110252,-0.007540266960859299,0.0016161043895408511,0.0016888814279809594,7.27770384401083e-05,0.030089929699897766,0.033376820385456085,0.003286890685558319,0.0016392819816246629,0.001702587236650288,6.330525502562523e-05,A<0.65,1.1<=beta<1.4,baseline_weakest_25
151,235_0.9_0.72.png,235,0.9,0.72,400,400,24.96644232592748,0.964683473110199,24.574649213351304,0.9628883600234985,-0.39179311257617755,-0.0017951130867004395,38.782711029052734,9.702227592468262,40.4947395324707,0.2501688854397046,1.044144116230953,-0.05526752024888992,0.5466629266738892,22.451309204101562,5.592622756958008,0.24910007278935467,-0.06695404648780823,0.5252512693405151,-0.03892860189080238,-0.038558658212423325,-0.037516605108976364,-0.038550473749637604,0.0031335388775914907,0.003416299819946289,0.0002827609423547983,0.0424441397190094,0.04360344260931015,0.0011593028903007507,0.0031503825448453426,0.0034509520046412945,0.00030056945979595184,0.85<=A<0.95,beta<0.8,baseline_weakest_25
152,236_0.77_1.96.png,236,0.77,1.96,400,400,25.896804411541318,0.9647260308265686,26.2419809388118,0.9687030911445618,0.34517652727048187,0.003977060317993164,34.07644271850586,14.824616432189941,32.37839126586914,0.4350400232398422,0.9501693452375954,0.3292087912559509,0.50660640001297,19.526840209960938,8.516071319580078,0.43612131957918626,0.3611939549446106,0.5139257907867432,-0.004063005093485117,0.0013090487336739898,0.008808420971035957,0.0005577332340180874,0.002419174648821354,0.0021840836852788925,-0.0002350909635424614,0.03986741602420807,0.03905782103538513,-0.000809594988822937,0.0023831091821193695,0.0020855849143117666,-0.0002975242678076029,0.75<=A<0.85,beta>=1.7,baseline_weakest_25
153,237_0.94_0.77.png,237,0.94,0.77,400,400,34.101161435561245,0.9895402193069458,33.38853344569847,0.9858604073524475,-0.7126279898627743,-0.003679811954498291,12.935876846313477,6.905002117156982,13.939385414123535,0.5337869399340177,1.0775756123633817,0.11592583358287811,0.53728848695755,7.451103687286377,3.937253475189209,0.5284121172420727,0.11250507086515427,0.5360010862350464,-0.0035699515137821436,-0.0028358637355268,-0.0024028890766203403,-0.003005997044965625,0.00034861857420764863,0.00040480511961504817,5.6186545407399535e-05,0.014471687376499176,0.0158225130289793,0.0013508256524801254,0.00034699338721111417,0.0004026238457299769,5.5630458518862724e-05,0.85<=A<0.95,beta<0.8,baseline_middle_50
154,238_0.95_1.84.png,238,0.95,1.84,400,400,30.42812360515029,0.975468099117279,29.96446489706253,0.9745408892631531,-0.46365870808775966,-0.0009272098541259766,19.742115020751953,9.88335132598877,20.764972686767578,0.5006227202911071,1.0518109465445038,0.14413724839687347,0.5660462379455566,11.342656135559082,5.641592502593994,0.49737843016396077,0.1362118273973465,0.5620777010917664,0.013024041429162025,0.014343738555908203,0.014862882904708385,0.014008332043886185,0.0008119813865050673,0.0008983002044260502,8.631881792098284e-05,0.021398428827524185,0.021293330937623978,-0.00010509788990020752,0.0008040989632718265,0.0008940677507780492,8.996878750622272e-05,A>=0.95,beta>=1.7,baseline_middle_50
155,239_0.85_1.8.png,239,0.85,1.8,400,400,30.499243752773744,0.9806138277053833,29.82080213957987,0.9788146018981934,-0.678441613193872,-0.0017992258071899414,19.698469161987305,8.477386474609375,21.21280860900879,0.4303576285495539,1.0768759965339716,0.029679806903004646,0.4866972863674164,11.329639434814453,4.860866546630859,0.42903982731295687,0.01864546351134777,0.48203492164611816,0.012173395603895187,0.013389325700700283,0.013703451491892338,0.01306157372891903,0.0008083952707238495,0.0009374651126563549,0.00012906984193250537,0.021778186783194542,0.023118332028388977,0.0013401452451944351,0.0008022545371204615,0.0009370942716486752,0.00013483973452821374,0.85<=A<0.95,beta>=1.7,baseline_middle_50
156,23_0.58_0.76.png,23,0.58,0.76,400,400,31.634509445685815,0.9679228663444519,31.721123259296693,0.9660936594009399,0.08661381361087805,-0.0018292069435119629,17.745296478271484,8.804351806640625,17.569427490234375,0.4961512938046009,0.9900892617797367,0.26795196533203125,0.7067586183547974,10.250794410705566,5.077883243560791,0.4953648507727001,0.2676392197608948,0.7103084325790405,0.012021318078041077,0.012211211957037449,0.01178969256579876,0.012106381356716156,0.0006560324691236019,0.0006430933135561645,-1.293915556743741e-05,0.02268483117222786,0.019088521599769592,-0.003596309572458267,0.0006567423697561026,0.0006437574047595263,-1.298496499657631e-05,A<0.65,beta<0.8,baseline_middle_50
157,240_0.99_1.13.png,240,0.99,1.13,400,400,32.62700353736936,0.9854261875152588,31.563268106782175,0.9832965135574341,-1.0637354305871867,-0.002129673957824707,15.412859916687012,8.214942932128906,17.287813186645508,0.5329927720445217,1.1216486284890284,0.024377144873142242,0.4731402099132538,8.88795280456543,4.695108890533447,0.5282553804878143,0.01201559603214264,0.4692685306072235,0.002912221010774374,0.003719197353348136,0.00390996877104044,0.0034996597096323967,0.0004949088906869292,0.0006226426339708269,0.00012773374328389764,0.017507333308458328,0.019030379131436348,0.0015230458229780197,0.000493723142426461,0.0006252307794056833,0.0001315076369792223,A>=0.95,1.1<=beta<1.4,baseline_middle_50
158,241_0.85_0.72.png,241,0.85,0.72,400,400,29.524076173471386,0.9900428652763367,28.891930451871914,0.9888355135917664,-0.6321457215994712,-0.0012073516845703125,22.87911605834961,8.627490997314453,24.546497344970703,0.3770902239103725,1.0728778717835383,-0.011760935187339783,0.5517401695251465,13.233025550842285,4.971889972686768,0.3757183082269728,-0.02427232265472412,0.5516389608383179,-0.022234559059143066,-0.02125893160700798,-0.020316632464528084,-0.02144322171807289,0.001090529141947627,0.0012552719563245773,0.00016474281437695026,0.026760363951325417,0.027491765096783638,0.0007314011454582214,0.0010944558307528496,0.001268915948458016,0.00017446011770516634,0.85<=A<0.95,beta<0.8,baseline_middle_50
159,242_0.62_1.18.png,242,0.62,1.18,400,400,26.84338601452793,0.9877527952194214,25.51047366240247,0.9851948618888855,-1.332912352125458,-0.0025579333305358887,31.256540298461914,10.144814491271973,36.50090789794922,0.3245661354200223,1.1677846476100675,-0.39803555607795715,0.36502712965011597,18.046323776245117,5.881454944610596,0.32590875668276104,-0.4018979072570801,0.3654479384422302,-0.03165048360824585,-0.031021129339933395,-0.030789632350206375,-0.031182914972305298,0.0020353568252176046,0.002775658620521426,0.0007403017953038216,0.03457482531666756,0.0417511984705925,0.007176373153924942,0.0020354364532977343,0.002784844720736146,0.0007494082674384117,A<0.65,1.1<=beta<1.4,baseline_weakest_25
160,243_0.7_1.66.png,243,0.7,1.66,400,400,25.288222722623757,0.9848398566246033,24.209694126662434,0.9806063771247864,-1.0785285959613233,-0.0042334794998168945,37.40520477294922,11.421321868896484,42.40193176269531,0.30534044495209345,1.1335837357414933,-0.31404152512550354,0.3092433512210846,21.571977615356445,6.530076026916504,0.302711051501738,-0.3211304545402527,0.3099460303783417,-0.03611509129405022,-0.03510122001171112,-0.03503064811229706,-0.03539632633328438,0.0029148946050554514,0.0037456743884831667,0.0008307797834277153,0.0400688499212265,0.04851224645972252,0.008443396538496017,0.0029084389097988605,0.003740407759323716,0.0008319688495248556,0.65<=A<0.75,1.4<=beta<1.7,baseline_weakest_25
161,244_0.67_1.65.png,244,0.67,1.65,400,400,25.085056874975503,0.9846270680427551,24.117970914025257,0.9809147119522095,-0.9670859609502465,-0.0037123560905456543,38.29597854614258,11.214694023132324,42.86056900024414,0.2928426025103344,1.1191924224785565,-0.2848542034626007,0.31121864914894104,22.0892333984375,6.42223596572876,0.29074055445414604,-0.2913833558559418,0.3098083734512329,-0.03602611646056175,-0.0350656621158123,-0.035050760954618454,-0.03535113483667374,0.0030553792603313923,0.003827142296358943,0.0007717630360275507,0.04097025841474533,0.0488668754696846,0.00789661705493927,0.0030495887622237206,0.0038240745197981596,0.000774485757574439,0.65<=A<0.75,1.4<=beta<1.7,baseline_weakest_25
162,245_0.99_1.32.png,245,0.99,1.32,400,400,33.63557343434417,0.9800065755844116,33.738324483862606,0.9794800281524658,0.10275104951843872,-0.0005265474319458008,12.940768241882324,9.545770645141602,12.790364265441895,0.7376510008306202,0.9883775079169062,0.38448992371559143,0.6255653500556946,7.427856922149658,5.467548847198486,0.736086990433864,0.38752928376197815,0.6292858123779297,0.005990343634039164,0.007123772986233234,0.007670769467949867,0.006847235839813948,0.0003488822258077562,0.0003408196207601577,-8.062605047598481e-06,0.014619413763284683,0.014401060529053211,-0.00021835323423147202,0.0003448316128924489,0.0003349396283738315,-9.891984518617392e-06,A>=0.95,1.1<=beta<1.4,baseline_middle_50
163,246_0.77_1.86.png,246,0.77,1.86,400,400,31.248153875340474,0.972454309463501,31.351039000453298,0.9768578410148621,0.10288512511282377,0.004403531551361084,17.298412322998047,11.796605110168457,17.24048614501953,0.6819472729578194,0.9966513586971503,0.3458757698535919,0.620387613773346,9.901178359985352,6.7221221923828125,0.6789214321751454,0.34080058336257935,0.6203369498252869,0.011478429660201073,0.013122960925102234,0.013427520170807838,0.012665965594351292,0.0006234063766896725,0.0006192383007146418,-4.168075975030661e-06,0.020250994712114334,0.020299052819609642,4.805810749530792e-05,0.0006127082742750645,0.0006115935975685716,-1.1146767064929008e-06,0.75<=A<0.85,beta>=1.7,baseline_middle_50
164,247_0.59_1.34.png,247,0.59,1.34,400,400,33.77743033852788,0.9833000302314758,32.188412435837975,0.9802929759025574,-1.5890179026899034,-0.003007054328918457,13.140779495239258,6.743081092834473,16.044742584228516,0.5131416363296719,1.2209886475944085,-0.22167274355888367,0.4247656762599945,7.563722133636475,3.8348426818847656,0.5070047014063241,-0.22842659056186676,0.42243361473083496,0.008285872638225555,0.008946205489337444,0.008649355731904507,0.00871492549777031,0.0003597501781769097,0.0005363203817978501,0.00017657020362094045,0.01564248837530613,0.018888143822550774,0.003245655447244644,0.0003575618320610374,0.000532295263838023,0.00017473343177698553,A<0.65,1.1<=beta<1.4,baseline_middle_50
165,248_0.62_1.13.png,248,0.62,1.13,400,400,34.83109593877211,0.9848729372024536,33.03270329552445,0.9790704250335693,-1.7983926432476594,-0.005802512168884277,11.642892837524414,7.0690131187438965,14.59012222290039,0.6071526395880626,1.2531354901659162,-0.16611506044864655,0.4478509724140167,6.696920871734619,4.015316963195801,0.599576587524434,-0.16882187128067017,0.44458696246147156,0.0067605688236653805,0.0073744007386267185,0.007270049769431353,0.007178968749940395,0.0002824102994054556,0.0004434826551005244,0.00016107235569506884,0.013846120797097683,0.016665246337652206,0.0028191255405545235,0.00028030466637574136,0.0004378177982289344,0.00015751313185319304,A<0.65,1.1<=beta<1.4,baseline_middle_50
166,249_0.85_1.68.png,249,0.85,1.68,400,400,20.21927343864276,0.9633384346961975,21.407112077139978,0.9683089852333069,1.1878386384972188,0.004970550537109375,66.99871063232422,11.315855979919434,58.34072494506836,0.16889662313083353,0.8707738461599778,0.8001314997673035,0.8565259575843811,39.089908599853516,6.442639350891113,0.1648159226167967,0.8178861141204834,0.8759342432022095,0.07800503075122833,0.05638549104332924,0.02507108636200428,0.05927989259362221,0.00935172289609909,0.007090916857123375,-0.0022608060389757156,0.06643185764551163,0.05642768368124962,-0.010004173964262009,0.009550130926072598,0.007234825752675533,-0.002315305173397064,0.85<=A<0.95,1.4<=beta<1.7,baseline_weakest_25
167,24_1.0_0.62.png,24,1.0,0.62,400,400,31.973953375947744,0.9604708552360535,33.66057097217705,0.9703876376152039,1.6866175962293042,0.00991678237915039,16.79750633239746,8.984681129455566,13.7711820602417,0.5348818420819258,0.8198349080947289,0.5739296674728394,0.8114656209945679,9.710514068603516,5.182979583740234,0.5337492481987215,0.5752080678939819,0.8147786855697632,0.007299342192709446,0.007749262731522322,0.00783185102045536,0.007624151650816202,0.0005878253723494709,0.0003950946847908199,-0.00019273068755865097,0.018793221563100815,0.013874806463718414,-0.0049184150993824005,0.0005893379566259682,0.00039536008262075484,-0.00019397787400521338,A>=0.95,beta<0.8,baseline_middle_50
168,250_0.69_1.38.png,250,0.69,1.38,400,400,23.185003805114643,0.9756314754486084,24.890906854962182,0.9799352884292603,1.7059030498475387,0.0043038129806518555,47.44527816772461,10.729796409606934,38.86208724975586,0.2261509853873308,0.8190928317961133,0.8406577110290527,0.8771006464958191,26.87681770324707,6.2818145751953125,0.2337261295051455,0.8971331715583801,0.8981112241744995,0.05319170281291008,0.03306841105222702,0.006614944897592068,0.036069583147764206,0.0046896967105567455,0.0031463790219277143,-0.0015433176886290312,0.044859644025564194,0.03475441783666611,-0.010105226188898087,0.004514770582318306,0.0028680572286248207,-0.0016467133536934853,0.65<=A<0.75,1.1<=beta<1.4,baseline_weakest_25
169,251_0.55_1.12.png,251,0.55,1.12,400,400,27.495555307140194,0.9850371479988098,28.866520116562707,0.9872761964797974,1.3709648094225138,0.002239048480987549,28.45563507080078,8.321020126342773,24.08673667907715,0.2924208194840548,0.8464663192069575,0.6309481263160706,0.6529974937438965,12.031292915344238,4.79634952545166,0.39865620089214054,0.8270092606544495,0.8149646520614624,0.031519751995801926,0.01332467794418335,-0.011412075720727444,0.015945013612508774,0.0016869233222678304,0.0012086894130334258,-0.00047823390923440456,0.030300145968794823,0.025948669761419296,-0.004351476207375526,0.0009046999621205032,0.00045193565892986953,-0.00045276430319063365,A<0.65,1.1<=beta<1.4,baseline_weakest_25
170,252_0.51_0.51.png,252,0.51,0.51,400,400,33.6522711105825,0.9927793145179749,33.190002050217046,0.9932859539985657,-0.46226906036545046,0.0005066394805908203,13.323193550109863,13.012590408325195,14.05077075958252,0.9766870352354743,1.0546098205911492,0.4309034049510956,0.7786820530891418,6.141139507293701,7.266993999481201,1.1833299000699051,0.8168243765830994,0.9238319396972656,0.005452265962958336,-0.0026073986664414406,-0.014156539924442768,-0.0015141611220315099,0.00036980723962187767,0.00041130033787339926,4.149309825152159e-05,0.016834944486618042,0.015359767712652683,-0.0014751767739653587,0.0002357099438086152,0.00011010586604243144,-0.00012560407776618376,A<0.65,beta<0.8,baseline_middle_50
171,253_0.53_1.99.png,253,0.53,1.99,400,400,31.88927055459397,0.9814179539680481,25.96771830825629,0.9790759086608887,-5.921552246337679,-0.002342045307159424,15.95203971862793,23.45740509033203,33.998870849609375,1.4704956547305823,2.131318091560876,-0.4692838788032532,0.4537340998649597,8.952216148376465,13.409722328186035,1.4979220905672574,-0.5006896257400513,0.46957871317863464,-0.0323973149061203,-0.03274489566683769,-0.030424244701862335,-0.03237641602754593,0.0005301407654769719,0.0024081736337393522,0.0018780328682623804,0.01722574606537819,0.03497878462076187,0.017753038555383682,0.0005008885054849088,0.0023760944604873657,0.001875205955002457,A<0.65,beta>=1.7,baseline_middle_50
172,254_0.7_0.56.png,254,0.7,0.56,400,400,37.1300187367753,0.9944514632225037,39.20873908824559,0.9958328604698181,2.078720351470295,0.0013813972473144531,8.921363830566406,8.692411422729492,6.653796672821045,0.9743366135284746,0.7458272971699444,0.714883029460907,0.8797150254249573,5.003547668457031,4.7958879470825195,0.9584975031448938,0.7343584895133972,0.9005417823791504,-0.0025371499359607697,0.0007401981856673956,0.0026768373791128397,-1.8951939637190662e-05,0.00016581403906457126,9.223543747793883e-05,-7.357860158663243e-05,0.010555549524724483,0.007672272156924009,-0.002883277367800474,0.0001564717967994511,7.995019404916093e-05,-7.652160275029019e-05,0.65<=A<0.75,beta<0.8,baseline_strongest_25
173,255_0.53_1.86.png,255,0.53,1.86,400,400,32.95012168628623,0.983629584312439,26.989324708994246,0.9827675819396973,-5.960796977291984,-0.0008620023727416992,13.870840072631836,23.57040786743164,30.169374465942383,1.6992776027991088,2.1750214340275416,-0.24809788167476654,0.5077532529830933,7.775620460510254,13.365797996520996,1.7189365227381355,-0.28839725255966187,0.5203555226325989,-0.03009916841983795,-0.028693566098809242,-0.02642050012946129,-0.028854714706540108,0.00040083369822241366,0.0018962315516546369,0.0014953978534322232,0.01548255980014801,0.03138206899166107,0.01589950919151306,0.0003778766840696335,0.001869059749878943,0.0014911830658093095,A<0.65,beta>=1.7,baseline_middle_50
174,256_0.51_1.17.png,256,0.51,1.17,400,400,31.559842643673303,0.9912799596786499,33.55816388079628,0.9922273755073547,1.9983212371229762,0.000947415828704834,17.56625747680664,9.721446990966797,13.61434555053711,0.5534159455309346,0.7750282362940779,0.6374956369400024,0.7936217784881592,9.987927436828613,5.05790376663208,0.5064017333548105,0.6653937697410583,0.8072237372398376,-0.01417625229805708,-0.009019092656672001,-0.005287137348204851,-0.010135640390217304,0.0006428612396121025,0.00038614668301306665,-0.00025671455659903586,0.018328387290239334,0.014231087639927864,-0.00409729965031147,0.0006234918255358934,0.00036320247454568744,-0.000260289350990206,A<0.65,1.1<=beta<1.4,baseline_middle_50
175,257_0.57_1.44.png,257,0.57,1.44,400,400,18.55368023807942,0.9127750396728516,19.39029492127508,0.9296464920043945,0.8366146831956591,0.01687145233154297,77.8065185546875,9.30671215057373,70.80498504638672,0.11961352754823962,0.9100135356476636,0.778267502784729,0.8384079933166504,45.17753982543945,5.363901138305664,0.11872937656700938,0.7820057272911072,0.8488625288009644,-0.08291687816381454,-0.08569686114788055,-0.07595635950565338,-0.08375523239374161,0.012612195685505867,0.01044447161257267,-0.002167724072933197,0.0910179391503334,0.08233418315649033,-0.008683755993843079,0.012756314128637314,0.010567364282906055,-0.0021889498457312584,A<0.65,1.4<=beta<1.7,baseline_weakest_25
176,258_0.98_1.6.png,258,0.98,1.6,400,400,26.45393692180294,0.9595217704772949,25.37853897017434,0.961854875087738,-1.0753979516285987,0.0023331046104431152,30.68353843688965,11.450440406799316,34.937259674072266,0.3731786159653897,1.1386320305245021,-0.21065053343772888,0.5025387406349182,17.241029739379883,6.521234512329102,0.3782392705601617,-0.2173745483160019,0.5001015067100525,-0.017040206119418144,-0.017516467720270157,-0.018286850303411484,-0.01746188849210739,0.001961415633559227,0.0025429418310523033,0.0005815261974930763,0.030894197523593903,0.0335974395275116,0.002703242003917694,0.0018578319577500224,0.002429122803732753,0.0005712908459827304,A>=0.95,1.4<=beta<1.7,baseline_weakest_25
177,259_0.71_0.98.png,259,0.71,0.98,400,400,25.364418977399176,0.9730803966522217,25.24738248539933,0.9754219055175781,-0.11703649199984412,0.0023415088653564453,35.297149658203125,6.3779754638671875,35.977783203125,0.1806937819520204,1.0192829605651654,-0.01739896647632122,0.4920784533023834,20.261568069458008,3.6017398834228516,0.1777621490634805,-0.039942290633916855,0.4723415672779083,-0.040419578552246094,-0.04139440879225731,-0.037190183997154236,-0.04062364995479584,0.0025956013705581427,0.002696668729186058,0.00010106735862791538,0.04143806919455528,0.042380936443805695,0.000942867249250412,0.002565819537267089,0.00268333381973207,0.00011751428246498108,0.65<=A<0.75,0.8<=beta<1.1,baseline_weakest_25
178,25_0.5_1.67.png,25,0.5,1.67,400,400,31.702010621330462,0.9880196452140808,33.41419774667654,0.9877630472183228,1.7121871253460803,-0.00025659799575805664,16.475051879882812,9.62832260131836,12.696497917175293,0.5844183479067044,0.7706499505885382,0.639647364616394,0.6284023523330688,9.396489143371582,5.51539421081543,0.5869632930620761,0.66908860206604,0.634929895401001,0.007580510340631008,0.005797042511403561,0.004341480787843466,0.0061643654480576515,0.0005654735723510385,0.00033583553158678114,-0.0002296380407642573,0.018576771020889282,0.015084673650562763,-0.003492097370326519,0.000551837554667145,0.0003085130883846432,-0.00024332446628250182,A<0.65,1.4<=beta<1.7,baseline_middle_50
179,260_0.57_1.92.png,260,0.57,1.92,400,400,16.13030535102656,0.8479482531547546,17.069561317088283,0.8804405927658081,0.9392559660617223,0.03249233961105347,103.23532104492188,12.466325759887695,92.61017608642578,0.12075640036478495,0.8970783947688538,0.8688256740570068,0.9190252423286438,60.022315979003906,7.22221565246582,0.120325507849317,0.8720747232437134,0.9288975596427917,-0.1088685542345047,-0.11267553269863129,-0.10010242462158203,-0.11010391265153885,0.022203193977475166,0.017868010327219963,-0.004335183650255203,0.12148256599903107,0.10767728090286255,-0.013805285096168518,0.02251673862338066,0.018117249011993408,-0.004399489611387253,A<0.65,beta>=1.7,baseline_weakest_25
180,261_0.79_1.66.png,261,0.79,1.66,400,400,22.60081094118252,0.965869128704071,21.372309114759513,0.9613183736801147,-1.228501826423006,-0.004550755023956299,49.894264221191406,12.113081932067871,58.127017974853516,0.24277503879740803,1.1650040116267601,-0.6143431663513184,0.27755922079086304,29.13774871826172,6.93199348449707,0.23790422353915525,-0.6472397446632385,0.27951472997665405,0.0641295537352562,0.049410827457904816,0.03490316867828369,0.052157849073410034,0.0051863291300833225,0.007039062213152647,0.0018527330830693245,0.06108863279223442,0.07090343534946442,0.009814802557229996,0.005306302569806576,0.007240770384669304,0.0019344678148627281,0.75<=A<0.85,1.4<=beta<1.7,baseline_weakest_25
181,262_0.58_0.98.png,262,0.58,0.98,400,400,28.682942462062094,0.9862490892410278,28.25238065834114,0.9853029847145081,-0.43056180372095554,-0.0009461045265197754,23.58525276184082,6.510116100311279,24.936906814575195,0.2760248603671597,1.0573092884092916,-0.07556065171957016,0.44243910908699036,13.660972595214844,3.4257829189300537,0.2507715241395063,-0.11789923161268234,0.41990724205970764,0.03147631883621216,0.022758498787879944,0.013856290839612484,0.024350274354219437,0.001158883678726852,0.0012955195270478725,0.0001366358483210206,0.03010335937142372,0.0315808542072773,0.0014774948358535767,0.0011663885088637471,0.0013087086845189333,0.00014232017565518618,A<0.65,0.8<=beta<1.1,baseline_weakest_25
182,263_0.94_1.82.png,263,0.94,1.82,400,400,19.41486106865019,0.9495490789413452,20.46207466045621,0.9540836215019226,1.0472135918060204,0.004534542560577393,73.23654174804688,16.86333465576172,64.892333984375,0.23025847825769902,0.8860649675079121,0.5817545652389526,0.7108265161514282,43.060977935791016,9.003170013427734,0.20907955288085933,0.6392238140106201,0.746101975440979,0.07030882686376572,0.051611438393592834,0.03335503488779068,0.05512073263525963,0.011174147948622704,0.008772946894168854,-0.00240120105445385,0.09076748788356781,0.0789128765463829,-0.011854611337184906,0.0115890484303236,0.008997933939099312,-0.002591114491224289,0.85<=A<0.95,beta>=1.7,baseline_weakest_25
183,264_0.77_1.87.png,264,0.77,1.87,400,400,21.490604408399527,0.9615614414215088,20.386808390150772,0.9560561180114746,-1.1037960182487545,-0.00550532341003418,57.01954650878906,11.946730613708496,65.23358917236328,0.20951991633021866,1.1440566115745605,-0.6323196291923523,0.2500089108943939,33.48967361450195,6.795823097229004,0.20292294202252914,-0.6468726396560669,0.24757015705108643,0.07541908323764801,0.058635514229536057,0.04206307604908943,0.061764542013406754,0.006773392669856548,0.008865460753440857,0.0020920680835843086,0.06843452900648117,0.078499935567379,0.010065406560897827,0.007009739521890879,0.00913865678012371,0.002128917258232832,0.75<=A<0.85,beta>=1.7,baseline_weakest_25
184,265_0.72_0.95.png,265,0.72,0.95,400,400,30.821766998073233,0.9900946617126465,29.994864062601096,0.9890211224555969,-0.8269029354721376,-0.0010735392570495605,19.49687957763672,4.16769552230835,21.44890594482422,0.21376218208214065,1.100119937624609,-0.38493603467941284,0.438064306974411,11.193395614624023,2.374333143234253,0.2121191124641586,-0.3902825713157654,0.4396553933620453,0.020720340311527252,0.018841050565242767,0.019061671569943428,0.019428111612796783,0.0007919339695945382,0.0009584490326233208,0.0001665150630287826,0.022535037249326706,0.023877015337347984,0.0013419780880212784,0.0007830756949260831,0.0009479658911004663,0.00016489019617438316,0.65<=A<0.75,0.8<=beta<1.1,baseline_middle_50
185,266_0.71_1.06.png,266,0.71,1.06,400,400,30.121109042033638,0.9888648390769958,29.860452328150128,0.988701581954956,-0.26065671388350964,-0.00016325712203979492,21.14629554748535,3.8112359046936035,21.784610748291016,0.1802318470455135,1.0301856748087288,-0.07989459484815598,0.5022335648536682,12.134286880493164,2.1749627590179443,0.17924108605956654,-0.08260439336299896,0.4997386634349823,0.020529812201857567,0.01836748979985714,0.018598923459649086,0.019040405750274658,0.0009315954521298409,0.0009886861080303788,5.709065590053797e-05,0.024084998294711113,0.024270841851830482,0.0001858435571193695,0.0009202557266689837,0.0009770719334483147,5.681620677933097e-05,0.65<=A<0.75,0.8<=beta<1.1,baseline_middle_50
186,267_0.94_0.99.png,267,0.94,0.99,400,400,31.14409205297198,0.991072416305542,28.659589211605415,0.9876418113708496,-2.4845028413665666,-0.003430604934692383,18.805221557617188,8.583128929138184,25.203441619873047,0.45642264319196635,1.3402363563041466,-0.6440430879592896,0.2535945475101471,10.813876152038574,4.896385192871094,0.4527872452051389,-0.6516010761260986,0.25020772218704224,0.02885960042476654,0.027604784816503525,0.02804519794881344,0.02803018130362034,0.000736742396838963,0.001323361531831324,0.0005866191349923611,0.02188955433666706,0.029256615787744522,0.007367061451077461,0.0007308745407499373,0.0013119851937517524,0.0005811106530018151,0.85<=A<0.95,0.8<=beta<1.1,baseline_middle_50
187,268_0.7_1.83.png,268,0.7,1.83,400,400,25.874210017785572,0.9828287959098816,25.699984957169256,0.9824614524841309,-0.17422506061631537,-0.0003673434257507324,34.824981689453125,4.895958423614502,35.52131271362305,0.14058753762668197,1.0199951583716356,-0.07335438579320908,0.5375872254371643,20.025646209716797,2.790167808532715,0.1393297264574102,-0.0984947681427002,0.521714985370636,0.03614898771047592,0.034229956567287445,0.033736106008291245,0.034747447818517685,0.002526623662561178,0.002628674264997244,0.00010205060243606567,0.040645208209753036,0.040586572140455246,-5.863606929779053e-05,0.002506415592506528,0.0026238642167299986,0.00011744862422347069,0.65<=A<0.75,beta>=1.7,baseline_weakest_25
188,269_0.97_1.84.png,269,0.97,1.84,400,400,24.030247841834104,0.972383975982666,22.45895236733717,0.9689067602157593,-1.5712954744969352,-0.0034772157669067383,42.428627014160156,12.889878273010254,51.14685821533203,0.3038014468087402,1.205479927461764,-0.5939512252807617,0.30510857701301575,25.369476318359375,7.498826026916504,0.29558458096707957,-0.6100502014160156,0.2936828136444092,0.06753598153591156,0.05414802208542824,0.03500881418585777,0.055969152599573135,0.0037503927014768124,0.005450002383440733,0.0016996096819639206,0.049655575305223465,0.05857187137007713,0.008916296064853668,0.004022564273327589,0.005824726074934006,0.0018021618016064167,A>=0.95,beta>=1.7,baseline_weakest_25
189,26_0.93_1.97.png,26,0.93,1.97,400,400,29.00620874237895,0.9807799458503723,27.302774608236252,0.9771453738212585,-1.7034341341426966,-0.0036345720291137695,23.495525360107422,13.07405948638916,28.973848342895508,0.5564489104205068,1.2331645238326792,-0.18964847922325134,0.40957406163215637,13.556249618530273,7.533468246459961,0.5557192039428318,-0.198019340634346,0.39479100704193115,-0.00639612739905715,-0.00581281166523695,-0.007014929782599211,-0.006124264560639858,0.0011500826803967357,0.001748924725688994,0.0005988420452922583,0.024405106902122498,0.03305211290717125,0.008647006005048752,0.001148574403487146,0.00175606703851372,0.0006074926350265741,0.85<=A<0.95,beta>=1.7,baseline_middle_50
190,270_0.73_1.75.png,270,0.73,1.75,400,400,28.9582512833432,0.9825225472450256,30.29735703821801,0.9819006323814392,1.3391057548748115,-0.0006219148635864258,23.458738327026367,18.62815284729004,18.95220184326172,0.7940816163087892,0.8078951893771391,0.615724503993988,0.7635088562965393,13.688745498657227,10.760260581970215,0.7860662310527815,0.6792665719985962,0.8010206818580627,0.0017746813828125596,-0.005836594849824905,-0.017213772982358932,-0.004857821390032768,0.0011464841663837433,0.0007483041263185441,-0.00039818004006519914,0.026481742039322853,0.022219963371753693,-0.0042617786675691605,0.0011711359256878495,0.000644128245767206,-0.0005270076799206436,0.65<=A<0.75,beta>=1.7,baseline_middle_50
191,271_0.97_1.97.png,271,0.97,1.97,400,400,23.238526521613355,0.9673390984535217,21.52706964439064,0.9635498523712158,-1.7114568772227159,-0.003789246082305908,46.50313949584961,14.404457092285156,57.01274871826172,0.30975235754933816,1.225997843077887,-0.6571768522262573,0.28080257773399353,27.822265625,8.385595321655273,0.30139872268778517,-0.6722333431243896,0.26953211426734924,0.07625620067119598,0.06058698147535324,0.03856638818979263,0.06276173144578934,0.004505295772105455,0.006771778222173452,0.002266482450067997,0.053736940026283264,0.06450885534286499,0.010771915316581726,0.0048379902727901936,0.007237931713461876,0.0023999414406716824,A>=0.95,beta>=1.7,baseline_weakest_25
192,272_0.94_1.17.png,272,0.94,1.17,400,400,28.561211119422488,0.9865162968635559,27.214562603282427,0.9839909076690674,-1.3466485161400605,-0.0025253891944885254,24.906187057495117,9.306741714477539,29.142202377319336,0.37367187891880965,1.170078836637881,-0.30702608823776245,0.4269218444824219,14.688236236572266,5.348518371582031,0.3641361893584436,-0.32488617300987244,0.37725114822387695,0.03720688074827194,0.026324577629566193,0.011816010810434818,0.02792441099882126,0.001292329397983849,0.0017693083500489593,0.0004769789520651102,0.029243232682347298,0.033393096178770065,0.004149863496422768,0.0013484017690643668,0.001846232800744474,0.0004978310316801071,0.85<=A<0.95,1.1<=beta<1.4,baseline_weakest_25
193,273_0.85_0.7.png,273,0.85,0.7,400,400,31.9310281686951,0.9947550892829895,30.56732513905061,0.9929574728012085,-1.3637030296444905,-0.0017976164817810059,16.898157119750977,7.807740211486816,19.844202041625977,0.46204684665648776,1.1743411959657772,-0.17919175326824188,0.6033328175544739,9.578968048095703,4.342898368835449,0.45337852125927247,-0.1554224044084549,0.6071917414665222,-0.01107295136898756,-0.009586905129253864,-0.00953132938593626,-0.010024897754192352,0.0005948912003077567,0.0008204007754102349,0.00022550957510247827,0.016622304916381836,0.017633602023124695,0.0010112971067428589,0.0005734789883717895,0.0007721793372184038,0.00019870034884661436,0.85<=A<0.95,beta<0.8,baseline_middle_50
194,274_0.71_1.95.png,274,0.71,1.95,400,400,29.16495533264817,0.9847378730773926,31.054387731507948,0.9848109483718872,1.8894323988597783,7.30752944946289e-05,22.477407455444336,14.374059677124023,17.26581573486328,0.6394892162548946,0.7681408885383383,0.6402813792228699,0.6603545546531677,12.332109451293945,8.247379302978516,0.6687727947559823,0.6570015549659729,0.6578763127326965,3.7351081118686125e-05,0.0009084077319130301,-0.003626217134296894,0.00013101458898745477,0.001052570529282093,0.0006210591527633369,-0.00043151137651875615,0.0221690833568573,0.016779452562332153,-0.0053896307945251465,0.0009505057241767645,0.0005403507384471595,-0.00041015498572960496,0.65<=A<0.75,beta>=1.7,baseline_middle_50
195,275_0.63_2.0.png,275,0.63,2.0,400,400,28.030833262352207,0.9838271141052246,31.492639685800214,0.9856722950935364,3.4618064234480066,0.0018451809883117676,25.76918601989746,17.612895965576172,16.04637336730957,0.6834867019849413,0.6226961672332024,0.7896303534507751,0.8270550966262817,14.673001289367676,10.162446022033691,0.6925949109946297,0.783214807510376,0.8281466364860535,0.0007005292573012412,0.0018537756986916065,-0.0026237312704324722,0.0009985192446038127,0.001383439521305263,0.0005364293465390801,-0.0008470101747661829,0.02736177109181881,0.015841247513890266,-0.011520523577928543,0.001345606055110693,0.0005312270950525999,-0.0008143789600580931,A<0.65,beta>=1.7,baseline_weakest_25
196,276_0.83_1.69.png,276,0.83,1.69,400,400,28.608015592159873,0.9873794317245483,28.05429050352059,0.9861049652099609,-0.5537250886392826,-0.0012744665145874023,24.704362869262695,10.536032676696777,26.349647521972656,0.426484695535531,1.066598951019985,0.05188450589776039,0.5677803158760071,13.566034317016602,6.059017181396484,0.44663142078273643,0.052122488617897034,0.5718836784362793,-0.005788309499621391,-0.00539739802479744,-0.008912411518394947,-0.0059149921871721745,0.0012714698677882552,0.0014464664272964,0.00017499655950814486,0.021764270961284637,0.02361263334751129,0.001848362386226654,0.001150233088992536,0.0013261274434626102,0.00017589435447007418,0.75<=A<0.85,1.4<=beta<1.7,baseline_weakest_25
197,277_0.66_1.5.png,277,0.66,1.5,400,400,31.87470512139651,0.9906721711158752,30.723190261330465,0.9928600192070007,-1.1515148600660439,0.0021878480911254883,16.9893741607666,7.367690086364746,19.70244789123535,0.4336645962732919,1.1596923880065002,-0.1808096319437027,0.3909452259540558,9.138906478881836,4.176246166229248,0.4569743848325517,-0.18094588816165924,0.3908959925174713,-0.013098977506160736,-0.017305618152022362,-0.021770073100924492,-0.01655678078532219,0.0006013309466652572,0.0008087218157015741,0.00020739086903631687,0.02179756574332714,0.02381146140396595,0.002013895660638809,0.0005219975719228387,0.0007173295598477125,0.00019533198792487383,0.65<=A<0.75,1.4<=beta<1.7,baseline_middle_50
198,278_0.98_1.19.png,278,0.98,1.19,400,400,28.267242129224968,0.9904706478118896,27.759887033376835,0.990386962890625,-0.5073550958481334,-8.368492126464844e-05,26.398683547973633,5.88920783996582,28.049657821655273,0.22308717892176397,1.0625400229023303,-0.17756173014640808,0.44597482681274414,14.905440330505371,3.3673696517944336,0.2259154763045006,-0.19308575987815857,0.40642914175987244,-0.00971913617104292,-0.011406252160668373,-0.014620574191212654,-0.011268236674368382,0.001451855176128447,0.001639131922274828,0.0001872767461463809,0.02189425565302372,0.024051634594798088,0.0021573789417743683,0.0013885758817195892,0.0015805879374966025,0.0001920120557770133,A>=0.95,1.1<=beta<1.4,baseline_weakest_25
199,279_0.94_1.64.png,279,0.94,1.64,400,400,27.931055359999842,0.9897688627243042,26.429355619858335,0.9867680668830872,-1.5016997401415075,-0.003000795841217041,27.362232208251953,8.71208381652832,32.615169525146484,0.31839813909264736,1.1919776601892276,-0.5016257762908936,0.5072552561759949,15.229866981506348,5.000402450561523,0.32832870153321236,-0.5243152976036072,0.5228633284568787,-0.013353601098060608,-0.017488211393356323,-0.023073293268680573,-0.016888663172721863,0.0015597743913531303,0.0022161442320793867,0.0006563698407262564,0.02637181058526039,0.030632272362709045,0.004260461777448654,0.0014496800722554326,0.00210507377050817,0.0006553936982527375,0.85<=A<0.95,1.4<=beta<1.7,baseline_weakest_25
200,27_0.76_0.89.png,27,0.76,0.89,400,400,34.340515471417476,0.9924842715263367,32.080841431434905,0.9904476404190063,-2.2596740399825705,-0.0020366311073303223,12.513863563537598,10.424931526184082,16.592636108398438,0.8330705759458523,1.325940308055252,-0.03847882151603699,0.4687747657299042,7.138910293579102,5.973968505859375,0.8368179820430716,-0.050451286137104034,0.470014750957489,-0.007360563613474369,-0.008058938197791576,-0.009175876155495644,-0.007977455854415894,0.00032624328741803765,0.0005735740996897221,0.0002473308122716844,0.013023825362324715,0.01858692429959774,0.0055630989372730255,0.0003185252717230469,0.0005684724892489612,0.0002499472175259143,0.75<=A<0.85,0.8<=beta<1.1,baseline_middle_50
201,280_0.71_1.47.png,280,0.71,1.47,400,400,30.568194619220087,0.9910507202148438,29.886298589740004,0.9926321506500244,-0.6818960294800824,0.001581430435180664,19.96261215209961,7.818139553070068,21.79791259765625,0.39163910481764175,1.0919368883978247,-0.049720462411642075,0.6998113989830017,10.935296058654785,4.4886369705200195,0.4104723773772425,-0.05056941509246826,0.7018412947654724,-0.01343620102852583,-0.017341049388051033,-0.021729402244091034,-0.016673771664500237,0.0008302206988446414,0.0009898936841636896,0.00015967298531904817,0.02514823153614998,0.023871207609772682,-0.0012770239263772964,0.0007473793812096119,0.0009043306927196681,0.00015695131151005626,0.65<=A<0.75,1.4<=beta<1.7,baseline_middle_50
202,281_0.8_1.72.png,281,0.8,1.72,400,400,23.351272435596506,0.9864090085029602,25.376884887586463,0.9830685257911682,2.025612451989957,-0.003340482711791992,46.865013122558594,19.5921573638916,36.884788513183594,0.41805509181562284,0.7870431704931926,0.6641864776611328,0.8360569477081299,27.32264518737793,11.178311347961426,0.40912258938696755,0.6808417439460754,0.8405702710151672,-0.04705916717648506,-0.048380669206380844,-0.04576319456100464,-0.04768715053796768,0.004575686063617468,0.0028343494050204754,-0.0017413366585969925,0.06473323702812195,0.04774297773838043,-0.016990259289741516,0.004665792919695377,0.002847468014806509,-0.0018183249048888683,0.75<=A<0.85,beta>=1.7,baseline_weakest_25
203,282_0.78_1.39.png,282,0.78,1.39,400,400,22.741896108903347,0.986990749835968,25.48147019813799,0.9859143495559692,2.739574089234644,-0.0010764002799987793,50.334720611572266,20.64328956604004,36.504730224609375,0.41012027712127636,0.7252395519647865,0.7829729914665222,0.8734958171844482,29.169023513793945,11.810652732849121,0.4049039463821577,0.7915826439857483,0.8799312114715576,-0.04772254079580307,-0.048181917518377304,-0.04639512673020363,-0.04784087464213371,0.005278300028294325,0.0027762404642999172,-0.0025020595639944077,0.06982675194740295,0.04784107580780983,-0.021985676139593124,0.005317699164152145,0.00278071709908545,-0.002536982065066695,0.75<=A<0.85,1.1<=beta<1.4,baseline_weakest_25
204,283_0.79_1.68.png,283,0.79,1.68,400,400,22.92569610195471,0.9861999750137329,25.291917402194475,0.9839658737182617,2.366221300239765,-0.0022341012954711914,49.24033737182617,20.189393997192383,37.27354431152344,0.4100173775158604,0.756971749199473,0.7257108092308044,0.8563398122787476,28.630630493164062,11.51314926147461,0.4021269899810109,0.7381486892700195,0.8628930449485779,-0.048291344195604324,-0.049270011484622955,-0.04677557945251465,-0.04869302734732628,0.005051272455602884,0.0028944103978574276,-0.0021568620577454567,0.06817212700843811,0.048696450889110565,-0.019475676119327545,0.005123206414282322,0.002910222392529249,-0.0022129840217530727,0.75<=A<0.85,1.4<=beta<1.7,baseline_weakest_25
205,284_0.8_1.86.png,284,0.8,1.86,400,400,23.607415341449332,0.9859091639518738,25.08756355752402,0.9819508194923401,1.4801482160746886,-0.003958344459533691,45.478458404541016,17.88375473022461,38.133426666259766,0.3932357286859776,0.8384942674849364,0.5741614699363708,0.8201667666435242,26.538814544677734,10.177658081054688,0.3835008554704182,0.5920346975326538,0.824948251247406,-0.04898902773857117,-0.050130873918533325,-0.04719104990363121,-0.04945432394742966,0.004308937583118677,0.0030294961761683226,-0.0012794414069503546,0.06255675852298737,0.049490902572870255,-0.013065855950117111,0.004401929210871458,0.003050455590710044,-0.0013514736201614141,0.75<=A<0.85,beta>=1.7,baseline_weakest_25
206,285_0.71_1.94.png,285,0.71,1.94,400,400,32.77335912361298,0.9864584803581238,30.25206028291992,0.9858074188232422,-2.5212988406930563,-0.0006510615348815918,14.57198429107666,10.985486030578613,20.219989776611328,0.7538771529767374,1.3875934377031476,-0.23683229088783264,0.42603686451911926,8.198898315429688,6.360999584197998,0.7758358915400979,-0.22715140879154205,0.4285198152065277,-0.010132110677659512,-0.008741984143853188,-0.009928425773978233,-0.009292886592447758,0.00044238066766411066,0.0008517667301930487,0.00040938606252893806,0.017146529629826546,0.023057620972394943,0.0059110913425683975,0.00042013710481114686,0.0008211099193431437,0.00040097281453199685,0.65<=A<0.75,beta>=1.7,baseline_middle_50
207,286_0.6_1.07.png,286,0.6,1.07,400,400,32.12646503758303,0.9927055239677429,32.100486458826495,0.9924638271331787,-0.025978578756536308,-0.00024169683456420898,16.549583435058594,5.80319356918335,16.527040481567383,0.3506549631267383,0.9986378537212329,0.17920944094657898,0.5421878695487976,9.47192668914795,3.3505706787109375,0.35373697333930054,0.1769147664308548,0.5347940921783447,-0.012635565362870693,-0.011873259209096432,-0.01189431268721819,-0.012103588320314884,0.0005706014926545322,0.0005690479883924127,-1.5535042621195316e-06,0.019783085212111473,0.019656166434288025,-0.00012691877782344818,0.0005607337225228548,0.0005607153871096671,-1.8335413187742233e-08,A<0.65,0.8<=beta<1.1,baseline_middle_50
208,287_0.77_1.14.png,287,0.77,1.14,400,400,33.264499133010844,0.9913365244865417,33.105061624644236,0.991424560546875,-0.15943750836660797,8.803606033325195e-05,14.321151733398438,6.757842063903809,14.562527656555176,0.471878392863041,1.0168545049762878,0.19992034137248993,0.5533972978591919,8.185201644897461,3.885911464691162,0.4747484097857973,0.20513448119163513,0.5503590106964111,-0.012703186832368374,-0.01176496036350727,-0.012196127325296402,-0.012094643898308277,0.0004272820660844445,0.00044180668191984296,1.4524615835398436e-05,0.017889829352498055,0.01773323118686676,-0.00015659816563129425,0.00041873453301377594,0.00043155267485417426,1.2818141840398312e-05,0.75<=A<0.85,1.1<=beta<1.4,baseline_middle_50
209,288_0.82_1.17.png,288,0.82,1.17,400,400,33.51535662765501,0.9911094903945923,33.225318521819204,0.991290271282196,-0.290038105835805,0.00018078088760375977,13.831878662109375,7.020516872406006,14.311941146850586,0.5075606173178626,1.0347069618284233,0.18421366810798645,0.5682832598686218,7.913871765136719,4.03584098815918,0.5099704806866373,0.19076654314994812,0.5672264695167542,-0.0119257140904665,-0.0108716432005167,-0.011330388486385345,-0.011239106766879559,0.0003985851362813264,0.0004267326439730823,2.814750769175589e-05,0.017306534573435783,0.017432156950235367,0.00012562237679958344,0.00039143351023085415,0.00041707209311425686,2.5638582883402705e-05,0.75<=A<0.85,1.1<=beta<1.4,baseline_middle_50
210,289_0.61_0.88.png,289,0.61,0.88,400,400,28.71538707150794,0.9916621446609497,30.057789264574026,0.9931828379631042,1.3424021930660857,0.001520693302154541,24.342647552490234,5.352429389953613,20.797513961791992,0.21987868732898216,0.8543653239421125,0.7240503430366516,0.8055073022842407,13.840607643127441,3.047609806060791,0.22019335311293814,0.7209424376487732,0.8066775798797607,-0.009751865640282631,-0.01024642027914524,-0.009821822866797447,-0.010050144977867603,0.0012345092836767435,0.0009011179790832102,-0.0003333913045935333,0.028128188103437424,0.023824244737625122,-0.004303943365812302,0.0011972649954259396,0.000875190831720829,-0.00032207416370511055,A<0.65,0.8<=beta<1.1,baseline_weakest_25
211,28_0.81_1.96.png,28,0.81,1.96,400,400,30.620114772984948,0.9839679002761841,28.456870311412462,0.9816349744796753,-2.1632444615724857,-0.002332925796508789,19.23038673400879,12.77279281616211,25.216785430908203,0.6641984372354574,1.311298923921926,-0.20953485369682312,0.33326420187950134,11.062978744506836,7.374962329864502,0.6666344119594765,-0.21866175532341003,0.31319835782051086,-0.004784479737281799,-0.005091091152280569,-0.006898453459143639,-0.005205454304814339,0.0007704328745603561,0.0013247631723061204,0.0005543302977457643,0.020149491727352142,0.02909049019217491,0.00894099846482277,0.0007649343460798264,0.001327877165749669,0.0005629428196698427,0.75<=A<0.85,beta>=1.7,baseline_middle_50
212,290_0.66_1.66.png,290,0.66,1.66,400,400,27.467770866955384,0.9856145977973938,28.467157670193295,0.9879550337791443,0.9993868032379112,0.0023404359817504883,27.812774658203125,6.724361896514893,24.834495544433594,0.24177242217477224,0.8929168646289264,0.5400812029838562,0.7190567851066589,15.727959632873535,3.835236072540283,0.2438482906914466,0.5413873791694641,0.7172001004219055,-0.008638886734843254,-0.008568039163947105,-0.008643659763038158,-0.00859784334897995,0.0016115634934976697,0.0012849003542214632,-0.0003266631392762065,0.03337510675191879,0.029456637799739838,-0.003918468952178955,0.0015460544964298606,0.0012297768844291568,-0.0003162776120007038,0.65<=A<0.75,1.4<=beta<1.7,baseline_weakest_25
213,291_0.52_0.89.png,291,0.52,0.89,400,400,27.548322404329845,0.9918285012245178,29.35768542721318,0.9933992028236389,1.8093630228833355,0.0015707015991210938,28.106809616088867,6.9831767082214355,22.760292053222656,0.2484514181297949,0.8097785684005286,0.817034900188446,0.7556859850883484,16.05727767944336,3.9898135662078857,0.24847384755111218,0.8174852132797241,0.7550564408302307,-0.011917625553905964,-0.012529089115560055,-0.012087084352970123,-0.012295872904360294,0.0016458183526992798,0.001079231034964323,-0.0005665873177349567,0.030389420688152313,0.025118164718151093,-0.005271255970001221,0.0016114760655909777,0.0010563094401732087,-0.000555166625417769,A<0.65,0.8<=beta<1.1,baseline_weakest_25
214,292_0.81_0.91.png,292,0.81,0.91,400,400,28.834413657466882,0.9920939803123474,30.226995288755802,0.992687463760376,1.3925816312889197,0.0005934834480285645,24.163869857788086,7.137876033782959,20.3848876953125,0.29539457362548244,0.8436102253192028,0.6357254385948181,0.7132110595703125,13.714400291442871,4.030081748962402,0.29385767246978933,0.6323848962783813,0.7143133878707886,-0.005686202086508274,-0.0059113884344697,-0.00548003613948822,-0.005794883705675602,0.0012164429062977433,0.0008657159050926566,-0.0003507270012050867,0.029107963666319847,0.025412674993276596,-0.003695288673043251,0.0011755297891795635,0.000840139458887279,-0.0003353903302922845,0.75<=A<0.85,0.8<=beta<1.1,baseline_weakest_25
215,293_0.71_1.13.png,293,0.71,1.13,400,400,27.947226754257663,0.9899009466171265,28.22688722341144,0.9901747703552246,0.2796604691537752,0.00027382373809814453,27.12978744506836,5.62043571472168,26.247289657592773,0.20716843897512216,0.9674712605374279,0.2580467164516449,0.5571318864822388,15.541690826416016,3.266798257827759,0.21019580779944633,0.2987578809261322,0.5628033876419067,-0.0317285992205143,-0.03316453844308853,-0.03527069091796875,-0.032975293695926666,0.0015333862975239754,0.001435250393114984,-9.813590440899134e-05,0.03439515829086304,0.03391747549176216,-0.00047768279910087585,0.0015096509596332908,0.0013867456000298262,-0.0001229053596034646,0.65<=A<0.75,1.1<=beta<1.4,baseline_weakest_25
216,294_0.89_1.44.png,294,0.89,1.44,400,400,26.707705796168604,0.9861395359039307,29.15734488534868,0.9886372685432434,2.449639089180078,0.002497732639312744,31.26328468322754,13.450298309326172,23.189496994018555,0.43022665230509616,0.741748579171513,0.737871527671814,0.7634435296058655,17.873111724853516,7.755877494812012,0.43394108503372975,0.7405577301979065,0.7637231349945068,-0.024611953645944595,-0.025897316634655,-0.02758745290338993,-0.025705669075250626,0.0020362352952361107,0.001120318309403956,-0.0009159169858321548,0.03917828947305679,0.029129836708307266,-0.010048452764749527,0.0019965507090091705,0.0010892940917983651,-0.0009072566172108054,0.85<=A<0.95,1.4<=beta<1.7,baseline_weakest_25
217,295_0.64_0.73.png,295,0.64,0.73,400,400,28.144909825156645,0.991979718208313,28.21517576746406,0.9921106696128845,0.07026594230741523,0.0001309514045715332,26.672571182250977,4.4896721839904785,26.515371322631836,0.16832543639355213,0.9941063102411458,0.11907315254211426,0.5230169892311096,15.477240562438965,2.5407228469848633,0.16415864551145065,0.15549306571483612,0.5415613055229187,-0.03481030836701393,-0.03465315327048302,-0.034658920019865036,-0.034700799733400345,0.0014821375953033566,0.0014647184871137142,-1.741910818964243e-05,0.03464985638856888,0.034760139882564545,0.0001102834939956665,0.0014971561031416059,0.001461070030927658,-3.608607221394777e-05,A<0.65,beta<0.8,baseline_weakest_25
218,296_0.97_1.18.png,296,0.97,1.18,400,400,28.469640730484663,0.9879100322723389,30.226976111099756,0.9902313947677612,1.7573353806150926,0.0023213624954223633,25.286930084228516,11.174689292907715,20.34314727783203,0.4419156163158524,0.8044925663206572,0.6201196312904358,0.7498623132705688,14.32590103149414,6.487372398376465,0.4528421901082933,0.62282794713974,0.7487837672233582,-0.016161242499947548,-0.018542855978012085,-0.02144172042608261,-0.018161224201321602,0.0013321434380486608,0.0008621742599643767,-0.00046996917808428407,0.031189754605293274,0.02419818565249443,-0.006991568952798843,0.0012826964957639575,0.0008221835014410317,-0.0004605129943229258,A>=0.95,1.1<=beta<1.4,baseline_weakest_25
219,297_0.69_1.91.png,297,0.69,1.91,400,400,33.967468672042486,0.9881674647331238,30.852608256543373,0.9843259453773499,-3.1148604154991126,-0.0038415193557739258,12.394369125366211,13.057059288024902,18.897226333618164,1.0534670345828603,1.5246622189864638,-0.1019500195980072,0.39967069029808044,7.059146404266357,7.470000267028809,1.0582016350467165,-0.0966833084821701,0.42122048139572144,0.010472400113940239,0.012070450000464916,0.010509895160794258,0.011414729990065098,0.0003200424544047564,0.0007439690525643528,0.0004239265981595963,0.013865897431969643,0.023194510489702225,0.009328613057732582,0.0003114471910521388,0.0007239314145408571,0.00041248422348871827,0.65<=A<0.75,beta>=1.7,baseline_middle_50
220,298_0.63_1.85.png,298,0.63,1.85,400,400,34.28735321210476,0.9892292022705078,30.79879565068,0.9857696890830994,-3.488557561424763,-0.0034595131874084473,11.881638526916504,13.00136947631836,19.12252426147461,1.0942404489806041,1.6094181133481464,-0.1795147806406021,0.39725735783576965,6.7087178230285645,7.451196193695068,1.110673662278334,-0.17479288578033447,0.3981218934059143,0.005208865739405155,0.006632182281464338,0.0051994179375469685,0.006043275352567434,0.00029411111609078944,0.0007618145318701863,0.0004677034157793969,0.013732300139963627,0.023366708308458328,0.009634408168494701,0.0002812930615618825,0.0007375144050456583,0.00045622134348377585,A<0.65,beta>=1.7,baseline_middle_50
221,299_0.72_1.91.png,299,0.72,1.91,400,400,33.74962610780575,0.9876905679702759,30.860940955539462,0.9837766885757446,-2.888685152266291,-0.00391387939453125,12.70194149017334,13.400883674621582,18.836498260498047,1.0550264056080694,1.4829621341800867,-0.040802862495183945,0.38670116662979126,7.2274017333984375,7.663089275360107,1.0602827347964237,-0.04157990589737892,0.3963395655155182,0.012522640638053417,0.014283264987170696,0.012627607211470604,0.013568093068897724,0.00033612357219681144,0.0007391952094621956,0.0004030716372653842,0.014048108831048012,0.022721458226442337,0.008673349395394325,0.00032647085026837885,0.0007222751155495644,0.0003958042652811855,0.65<=A<0.75,beta>=1.7,baseline_middle_50
222,29_0.85_1.7.png,29,0.85,1.7,400,400,29.789267757942383,0.9657798409461975,29.431589473456306,0.9608839154243469,-0.3576782844860773,-0.004895925521850586,21.105545043945312,8.118866920471191,22.09526252746582,0.38467932970062313,1.0468937182839746,0.06757814437150955,0.5387418866157532,12.107176780700684,4.6862592697143555,0.3870645778613258,0.06607244908809662,0.5579022765159607,0.015693126246333122,0.017772339284420013,0.016982311382889748,0.017060592770576477,0.0009280084632337093,0.001017084694467485,8.907623123377562e-05,0.02200452610850334,0.02275330014526844,0.0007487740367650986,0.0009161483612842858,0.0010065450333058834,9.039667202159762e-05,0.85<=A<0.95,beta>=1.7,baseline_middle_50
223,2_0.93_1.66.png,2,0.93,1.66,400,400,30.874952642558856,0.985000491142273,30.26727004013582,0.9832647442817688,-0.6076826024230364,-0.0017357468605041504,18.444602966308594,10.472686767578125,20.23821258544922,0.5677913906147948,1.097243059252448,0.10430307686328888,0.4632813632488251,10.325338363647461,5.998326778411865,0.5809327081745083,0.09731792658567429,0.45598098635673523,0.010596100240945816,0.011535761877894402,0.01248136255890131,0.011362602934241295,0.0007087570265866816,0.0008533025975339115,0.00014454557094722986,0.019804732874035835,0.02274118736386299,0.002936454489827156,0.0006663288222625852,0.0008158612763509154,0.00014953245408833027,0.85<=A<0.95,1.4<=beta<1.7,baseline_middle_50
224,300_0.92_0.72.png,300,0.92,0.72,400,400,35.23425142503055,0.9949530959129333,34.866840354894194,0.9937841892242432,-0.367411070136356,-0.0011689066886901855,11.289974212646484,6.87117862701416,11.820466041564941,0.6086088858659569,1.0469878689646808,0.22528520226478577,0.6356735825538635,6.482710361480713,3.9425923824310303,0.6081703735920888,0.2162959724664688,0.620884895324707,-0.0055127013474702835,-0.004351794254034758,-0.003818182274699211,-0.004638073965907097,0.0002655489952303469,0.0002910904586315155,2.5541463401168585e-05,0.013463870622217655,0.013853080570697784,0.00038920994848012924,0.00026265959604643285,0.0002907067828346044,2.804718678817153e-05,0.85<=A<0.95,beta<0.8,baseline_middle_50
225,301_0.75_0.88.png,301,0.75,0.88,400,400,26.292812026491692,0.9714527726173401,26.470299065048483,0.9709532856941223,0.17748703855679082,-0.0004994869232177734,33.15898132324219,15.224822998046875,32.44578552246094,0.4591462822585358,0.9784916251247637,0.2759135663509369,0.5862441658973694,18.874614715576172,8.840940475463867,0.4684037586297287,0.26724615693092346,0.5685937404632568,-0.04440240561962128,-0.03704143315553665,-0.032677579671144485,-0.038744885474443436,0.0022906626109033823,0.0021931855008006096,-9.747711010277271e-05,0.032887328416109085,0.038041919469833374,0.005154591053724289,0.0022265692241489887,0.0021576429717242718,-6.892625242471695e-05,0.75<=A<0.85,0.8<=beta<1.1,baseline_weakest_25
226,302_0.69_0.75.png,302,0.69,0.75,400,400,27.042466495617255,0.9749496579170227,26.119963298963498,0.971684455871582,-0.9225031966537571,-0.003265202045440674,30.366565704345703,15.745835304260254,33.85002899169922,0.5185253893233931,1.1147137717603346,0.02534298039972782,0.40982499718666077,17.32497215270996,9.122627258300781,0.5265594182714934,0.008536947891116142,0.3522624969482422,-0.0494866780936718,-0.042475126683712006,-0.038418516516685486,-0.044109128415584564,0.0019211008911952376,0.0023871343582868576,0.00046603346709161997,0.029946500435471535,0.04346153140068054,0.013515030965209007,0.0018759665545076132,0.002379240468144417,0.0005032739136368036,0.65<=A<0.75,beta<0.8,baseline_weakest_25
227,303_0.89_1.94.png,303,0.89,1.94,400,400,23.998504427149644,0.950883150100708,24.79038371649611,0.9541249871253967,0.7918792893464648,0.0032418370246887207,43.247703552246094,11.594117164611816,39.3090934753418,0.26808630776441933,0.908929035453959,0.45828232169151306,0.5829542875289917,24.787193298339844,6.561092853546143,0.2646968849831651,0.4568503797054291,0.5996506810188293,-0.040993090718984604,-0.03897387161850929,-0.03757818788290024,-0.03941851481795311,0.00389659171923995,0.003219176782295108,-0.0006774149369448423,0.04423955827951431,0.041158128529787064,-0.003081429749727249,0.003840030636638403,0.0031803541351109743,-0.0006596765015274286,0.85<=A<0.95,beta>=1.7,baseline_weakest_25
228,304_0.91_0.92.png,304,0.91,0.92,400,400,24.96454434089708,0.9643635749816895,25.541124263822596,0.9651585817337036,0.5765799229255144,0.0007950067520141602,38.7608528137207,11.695826530456543,36.1811637878418,0.30174327140491636,0.9334460199243672,0.36409667134284973,0.6392993927001953,22.12000274658203,6.771578311920166,0.3061291804299846,0.3649795353412628,0.621648371219635,-0.04189622774720192,-0.03370156139135361,-0.02845148555934429,-0.035553257912397385,0.003130007768049836,0.0027272431179881096,-0.00040276465006172657,0.039127498865127563,0.037386130541563034,-0.0017413683235645294,0.0030580901075154543,0.0026613131631165743,-0.00039677694439888,0.85<=A<0.95,0.8<=beta<1.1,baseline_weakest_25
229,305_0.84_0.52.png,305,0.84,0.52,400,400,34.93739797222919,0.9931222796440125,35.34990637261938,0.9954874515533447,0.41250840039018755,0.0023651719093322754,11.410240173339844,5.890982627868652,11.158563613891602,0.5162890998239459,0.9779429218294381,0.3003956079483032,0.453072190284729,6.053844928741455,3.165449619293213,0.5228825079851003,0.28981322050094604,0.46056610345840454,0.00971857737749815,0.012814328074455261,0.014747295528650284,0.012109057046473026,0.0002712366112973541,0.00025940322666428983,-1.183338463306427e-05,0.01284836046397686,0.013782169669866562,0.0009338092058897018,0.00022905647347215563,0.00022226024884730577,-6.796224624849856e-06,0.75<=A<0.85,beta<0.8,baseline_middle_50
230,306_0.65_1.44.png,306,0.65,1.44,400,400,33.487547371144124,0.99066162109375,33.97304395468,0.9926308989524841,0.4854965835358769,0.001969277858734131,13.211695671081543,6.140582084655762,12.749380111694336,0.4647837974421854,0.9650070989449789,0.30636319518089294,0.5329424142837524,7.128381729125977,3.1961581707000732,0.44837079328129076,0.3233332633972168,0.5356130599975586,0.011801285669207573,0.013337468728423119,0.01516950037330389,0.01308700256049633,0.00036364354309625924,0.000338638958055526,-2.5004585040733218e-05,0.015522416681051254,0.015523036941885948,6.202608346939087e-07,0.0003175864112563431,0.0002893497876357287,-2.823662362061441e-05,0.65<=A<0.75,1.4<=beta<1.7,baseline_middle_50
231,307_0.77_1.05.png,307,0.77,1.05,400,400,33.34926470327122,0.9913643598556519,33.405970851026304,0.9932660460472107,0.05670614775508653,0.0019016861915588379,13.815409660339355,6.250319004058838,14.033517837524414,0.4524164796938282,1.0157873115996838,0.19103722274303436,0.42390015721321106,7.531340599060059,3.3276164531707764,0.44183587362734283,0.19953595101833344,0.44293299317359924,0.01370436791330576,0.016066333279013634,0.01809341460466385,0.015591192059218884,0.0003976365551352501,0.00041029087151400745,1.2654316378757358e-05,0.01594812422990799,0.01730935648083687,0.0013612322509288788,0.0003545068029779941,0.0003612050786614418,6.698275683447719e-06,0.75<=A<0.85,0.8<=beta<1.1,baseline_middle_50
232,308_0.71_0.58.png,308,0.71,0.58,400,400,35.40344075556655,0.9931897521018982,35.43697884508085,0.9953734278678894,0.033538089514301817,0.002183675765991211,10.629155158996582,5.9217634201049805,10.999177932739258,0.5571245627262073,1.0348120587391638,0.21498946845531464,0.3995128273963928,5.590283393859863,3.1795830726623535,0.5687695683110943,0.19184382259845734,0.402789831161499,0.010190793313086033,0.0131581611931324,0.014771376736462116,0.012454826384782791,0.0002353728050366044,0.0002520456619095057,1.667285687290132e-05,0.012061230838298798,0.013940883800387383,0.001879652962088585,0.00019532040460035205,0.00021588157687801868,2.056117227766663e-05,0.65<=A<0.75,beta<0.8,baseline_middle_50
233,309_0.61_1.02.png,309,0.61,1.02,400,400,36.140825764430474,0.9954473972320557,31.900681781853727,0.9944201707839966,-4.240143982576747,-0.001027226448059082,10.011100769042969,9.924428939819336,16.96154022216797,0.9913424276487511,1.6942732486139425,-0.447777658700943,0.20698460936546326,5.69003963470459,5.692864418029785,1.0004964435235155,-0.45174604654312134,0.20607790350914001,-0.02023140899837017,-0.022076010704040527,-0.02299889177083969,-0.021629683673381805,0.00020879613293800503,0.000599362188950181,0.000390566056012176,0.011800091713666916,0.02229546755552292,0.010495375841856003,0.00020235344709362835,0.0005878233932889998,0.00038546994619537145,A<0.65,0.8<=beta<1.1,baseline_strongest_25
234,30_0.74_0.8.png,30,0.74,0.8,400,400,29.762058714105073,0.9793748259544373,32.10832875284786,0.9765890836715698,2.3462700387427873,-0.0027857422828674316,21.986698150634766,10.886693954467773,16.551603317260742,0.4951491069682725,0.752800770896238,0.6851103901863098,0.7283181548118591,12.696307182312012,6.282247066497803,0.4948090004666852,0.687131404876709,0.731275200843811,0.016495268791913986,0.017155446112155914,0.016998713836073875,0.01694018580019474,0.0010071143042296171,0.0005707407835870981,-0.000436373520642519,0.026372725144028664,0.01884046569466591,-0.007532259449362755,0.0010074763558804989,0.0005690611433237791,-0.0004384152125567198,0.65<=A<0.75,0.8<=beta<1.1,baseline_middle_50
235,310_0.8_1.12.png,310,0.8,1.12,400,400,33.84152361214893,0.9939735531806946,33.32496473613238,0.9940040111541748,-0.5165588760165534,3.045797348022461e-05,13.306849479675293,5.219549179077148,14.195820808410645,0.3922453009669508,1.066805544775505,0.02011796645820141,0.4624848961830139,7.584992408752441,2.9670867919921875,0.3911786106164615,0.0162968672811985,0.48120707273483276,-0.012864924035966396,-0.014548816718161106,-0.01621154695749283,-0.014234884642064571,0.0003689005388878286,0.0004198361129965633,5.093557410873473e-05,0.015144024975597858,0.016546307131648064,0.0014022821560502052,0.0003595756716094911,0.0004100136284250766,5.0437956815585494e-05,0.75<=A<0.85,1.1<=beta<1.4,baseline_middle_50
236,311_0.75_0.62.png,311,0.75,0.62,400,400,36.90363520676736,0.9963757991790771,36.01519432078301,0.996302604675293,-0.8884408859843518,-7.319450378417969e-05,9.291631698608398,5.2232489585876465,10.350934028625488,0.5621455012438696,1.1140060609780456,0.06670697778463364,0.5460332632064819,5.327983379364014,2.946408271789551,0.5530062806129202,0.0490577258169651,0.5341148376464844,-0.00981156062334776,-0.009618868120014668,-0.009672002866864204,-0.009682540781795979,0.000179863374796696,0.0002232121623819694,4.3348787585273385e-05,0.010089917108416557,0.011354327201843262,0.0012644100934267044,0.00017742127238307148,0.00022205292771104723,4.463165532797575e-05,0.75<=A<0.85,beta<0.8,baseline_strongest_25
237,312_0.61_0.79.png,312,0.61,0.79,400,400,38.338469883025404,0.9962277412414551,33.954337478258864,0.995686411857605,-4.3841324047665395,-0.0005413293838500977,7.557138442993164,9.436245918273926,13.243032455444336,1.2486533083197695,1.7523871707978336,-0.20491106808185577,0.30437424778938293,4.287123680114746,5.437350273132324,1.2682979729166088,-0.20868998765945435,0.294900506734848,-0.015457806177437305,-0.01680188812315464,-0.01724497228860855,-0.016450518742203712,0.00011897988588316366,0.00036537062260322273,0.00024639073672005907,0.008457527495920658,0.017228294163942337,0.008770766668021679,0.00011487142910482362,0.0003604598459787667,0.00024558841687394306,A<0.65,beta<0.8,baseline_strongest_25
238,313_0.51_1.58.png,313,0.51,1.58,400,400,28.87757377741801,0.9855984449386597,28.684577192660864,0.9864604473114014,-0.19299658475714665,0.0008620023727416992,23.588939666748047,7.707352161407471,24.419404983520508,0.32673584613351975,1.0352057077810546,0.053721338510513306,0.6119326949119568,12.888453483581543,4.231825828552246,0.32834240616557464,0.07685911655426025,0.6369670033454895,-0.006205327343195677,-0.002371098380535841,-0.001260987832210958,-0.0033909804187715054,0.0011592460796236992,0.0012423070147633553,8.306093513965607e-05,0.02554915100336075,0.024480629712343216,-0.0010685212910175323,0.0010382015025243163,0.0010977283818647265,5.952687934041023e-05,A<0.65,1.4<=beta<1.7,baseline_weakest_25
239,314_0.99_1.61.png,314,0.99,1.61,400,400,27.794054344761655,0.977182149887085,27.706793381300162,0.9804586172103882,-0.08726096346149248,0.0032764673233032227,26.489107131958008,14.083199501037598,27.066015243530273,0.5316600303241932,1.021779069739812,0.22441965341567993,0.5898953676223755,14.794855117797852,7.967681407928467,0.5385440644392346,0.22645172476768494,0.5677277445793152,0.018680065870285034,0.020570486783981323,0.020221831277012825,0.019965503364801407,0.0014618184650316834,0.0015261857770383358,6.436731200665236e-05,0.028790507465600967,0.02804458513855934,-0.000745922327041626,0.001368048251606524,0.0014311443082988262,6.309605669230223e-05,A>=0.95,1.4<=beta<1.7,baseline_weakest_25
240,315_0.52_1.41.png,315,0.52,1.41,400,400,30.20850399318142,0.9871125221252441,29.479058819858466,0.9874902963638306,-0.7294451733229543,0.0003777742385864258,20.045560836791992,8.063116073608398,22.143644332885742,0.40223948530335984,1.104665741865545,-0.07270539551973343,0.6054878830909729,10.94670581817627,4.366344451904297,0.3988729143204228,-0.02148492820560932,0.6360805034637451,-0.00720825232565403,-0.0030431265477091074,-0.0019753864035010338,-0.004166777245700359,0.0008371343719772995,0.001021543750539422,0.00018440937856212258,0.021923739463090897,0.021674741059541702,-0.00024899840354919434,0.0007489398121833801,0.0008809323189780116,0.00013199250679463148,A<0.65,1.4<=beta<1.7,baseline_middle_50
241,316_0.91_0.85.png,316,0.91,0.85,400,400,32.34722158901735,0.9888383150100708,30.49174109345128,0.9893087148666382,-1.85548049556607,0.0004703998565673828,15.43964958190918,12.508341789245605,19.698944091796875,0.8101441501562171,1.275867304325246,0.017587022855877876,0.5005583167076111,8.531366348266602,7.13637113571167,0.8364863076313249,0.0327468141913414,0.4967676103115082,0.0022874181158840656,0.005033853929489851,0.0053224219009280205,0.0042455666698515415,0.0004966307315044105,0.0008084341534413397,0.0003118034219369292,0.016698211431503296,0.021598555147647858,0.004900343716144562,0.00045490131014958024,0.0007482785149477422,0.000293377204798162,0.85<=A<0.95,0.8<=beta<1.1,baseline_middle_50
242,317_0.74_1.28.png,317,0.74,1.28,400,400,33.15092472788464,0.9703423976898193,31.894552228951166,0.9712792038917542,-1.2563724989334766,0.0009368062019348145,12.372109413146973,8.498885154724121,14.87589168548584,0.6869390554930715,1.2023731110620695,0.01905849389731884,0.5043957829475403,7.073808193206787,4.900843620300293,0.6928154519381422,0.008596020750701427,0.48919564485549927,-0.01395503245294094,-0.012085339054465294,-0.009305610321462154,-0.012327487580478191,0.0003188939590472728,0.00046102533815428615,0.00014213137910701334,0.012944049201905727,0.015881385654211044,0.002937336452305317,0.00031274225329980254,0.0004591314063873142,0.00014638915308751166,0.65<=A<0.75,1.1<=beta<1.4,baseline_middle_50
243,318_0.87_0.58.png,318,0.87,0.58,400,400,34.48708802563604,0.9822211265563965,34.113486379390274,0.9799699187278748,-0.37360164624576697,-0.0022512078285217285,10.709360122680664,5.766348361968994,11.25596809387207,0.5384400464558864,1.0510402082785302,0.17200829088687897,0.5858904123306274,6.099424839019775,3.289266586303711,0.5392748780608503,0.1730050891637802,0.592695951461792,-0.007833966985344887,-0.005895460955798626,-0.004517129622399807,-0.00631794473156333,0.00023893831530585885,0.00026395168970339,2.5013374397531152e-05,0.011286956258118153,0.011527564376592636,0.0002406081184744835,0.00023251863603945822,0.0002567523915786296,2.4233755539171398e-05,0.85<=A<0.95,beta<0.8,baseline_middle_50
244,319_0.83_1.89.png,319,0.83,1.89,400,400,31.50191721137944,0.9618074297904968,30.122669750331337,0.9607553482055664,-1.3792474610481023,-0.00105208158493042,14.569571495056152,11.287254333496094,17.938962936401367,0.7747142280283372,1.2312622195161018,0.05432669445872307,0.528355062007904,8.325288772583008,6.457747459411621,0.7756784942617717,0.042321816086769104,0.5274670124053955,-0.010714331641793251,-0.009540770202875137,-0.006368934642523527,-0.009530075825750828,0.00044223415898159146,0.0006704300176352262,0.0002281958586536348,0.015024587512016296,0.018086714670062065,0.0030621271580457687,0.00043319023097865283,0.0006653891759924591,0.00023219894501380622,0.75<=A<0.85,beta>=1.7,baseline_middle_50
245,31_0.58_0.89.png,31,0.58,0.89,400,400,30.323178193192106,0.9794960021972656,32.018420256381226,0.9757217168807983,1.69524206318912,-0.003774285316467285,20.442996978759766,8.985712051391602,16.769901275634766,0.43954964434655736,0.8203249891910985,0.5918225646018982,0.7033607959747314,11.7736177444458,5.172543525695801,0.4393334009961336,0.5905526876449585,0.7027201652526855,0.019139364361763,0.019630273804068565,0.019382748752832413,0.01945527270436287,0.0008706586086191237,0.0005858950316905975,-0.00028476357692852616,0.025072498247027397,0.019874826073646545,-0.005197672173380852,0.0008663629414513707,0.0005840280209667981,-0.00028233492048457265,A<0.65,0.8<=beta<1.1,baseline_middle_50
246,320_0.75_1.18.png,320,0.75,1.18,400,400,33.41850671500924,0.9715301990509033,32.352592582386286,0.9731404781341553,-1.0659141326229502,0.0016102790832519531,11.97464656829834,8.267547607421875,13.97012710571289,0.6904210124505359,1.1666421239268459,0.08373668789863586,0.5122849345207214,6.837820529937744,4.774972915649414,0.6983179647291633,0.0743209645152092,0.49986696243286133,-0.013169761747121811,-0.011314162984490395,-0.008626643568277359,-0.011562609113752842,0.000298733648378402,0.00040659261867403984,0.00010785897029563785,0.012377994135022163,0.015108334831893444,0.0027303406968712807,0.00029222367447800934,0.00040439338772557676,0.00011216971324756742,0.75<=A<0.85,1.1<=beta<1.4,baseline_middle_50
247,321_0.93_1.28.png,321,0.93,1.28,400,400,28.58668057100588,0.9774137735366821,27.067566787571078,0.9770915508270264,-1.5191137834348005,-0.0003222227096557617,25.183019638061523,9.479077339172363,30.184415817260742,0.37640749502675686,1.198601925070182,-0.3918149769306183,0.44094979763031006,14.969110488891602,5.543327331542969,0.3703177510551883,-0.4064682722091675,0.4373406171798706,0.031191041693091393,0.02369350753724575,0.009952899999916553,0.024368837475776672,0.0013212175108492374,0.0018981228349730372,0.0005769053241237998,0.027179541066288948,0.03131164237856865,0.004132101312279701,0.0014004642143845558,0.0020141196437180042,0.0006136554293334484,0.85<=A<0.95,1.1<=beta<1.4,baseline_weakest_25
248,322_0.95_0.58.png,322,0.95,0.58,400,400,32.12793993138723,0.9881974458694458,32.08188485735651,0.9881406426429749,-0.0460550740307184,-5.6803226470947266e-05,16.710460662841797,5.045398235321045,16.759443283081055,0.30193052945214377,1.0029312549323177,0.14124250411987305,0.5671771764755249,9.88527774810791,2.8099727630615234,0.2842583521337441,0.12454108148813248,0.5516170263290405,0.011991203762590885,0.008625541813671589,0.003166134934872389,0.00900950189679861,0.0005817489582113922,0.0005851645255461335,3.415567334741354e-06,0.01950664632022381,0.019068757072091103,-0.0004378892481327057,0.0006107419612817466,0.0006168489344418049,6.10697316005826e-06,A>=0.95,beta<0.8,baseline_middle_50
249,323_0.82_1.16.png,323,0.82,1.16,400,400,30.10921690588915,0.981203556060791,28.135016415217326,0.980909526348114,-1.974200490671823,-0.00029402971267700195,21.078384399414062,9.35637092590332,26.662029266357422,0.44388463312033577,1.2648990909900368,-0.4538749158382416,0.3897828459739685,12.414424896240234,5.485813140869141,0.4418902354897281,-0.4936158061027527,0.37661808729171753,0.027781585231423378,0.021030493080615997,0.009818794205784798,0.021770935505628586,0.000925621425267309,0.001480966224335134,0.0005553447990678251,0.022558491677045822,0.02847830019891262,0.005919808521866798,0.0009632371948100626,0.0015715359477326274,0.0006082987529225647,0.75<=A<0.85,1.1<=beta<1.4,baseline_middle_50
250,324_0.66_0.57.png,324,0.66,0.57,400,400,33.805392473318,0.9906195402145386,37.160138923961185,0.990743100643158,3.3547464506431837,0.00012356042861938477,13.693618774414062,12.204870223999023,8.766426086425781,0.8912815834192273,0.6401833022258128,0.7767176032066345,0.7633195519447327,8.039881706237793,6.985414505004883,0.8688454333333294,0.8366664052009583,0.779911458492279,0.0022374684922397137,-0.0010675309458747506,-0.005634622182697058,-0.0005999845452606678,0.000390656670788303,0.00016010462422855198,-0.00023055204655975103,0.015677638351917267,0.00999521091580391,-0.0056824274361133575,0.00040399812860414386,0.00012161341874161735,-0.0002823847098625265,0.65<=A<0.75,beta<0.8,baseline_middle_50
251,325_0.8_1.68.png,325,0.8,1.68,400,400,27.80708481342156,0.9843195676803589,26.376105176977383,0.9844152927398682,-1.430979636444178,9.572505950927734e-05,27.129657745361328,10.458165168762207,32.39134216308594,0.3854882824885751,1.1939458458013263,-0.3591620922088623,0.28539520502090454,15.433274269104004,5.884122848510742,0.3812621188421575,-0.36106404662132263,0.28054797649383545,0.029212212190032005,0.02745448797941208,0.02782401442527771,0.028022173792123795,0.0015333715127781034,0.002185831544920802,0.0006524600321426988,0.03070877678692341,0.03842278942465782,0.007714012637734413,0.0014886620920151472,0.0021149138920009136,0.0006262517999857664,0.75<=A<0.85,1.4<=beta<1.7,baseline_weakest_25
252,326_0.65_1.18.png,326,0.65,1.18,400,400,29.6829546652234,0.9915584325790405,28.65238296162606,0.9910613298416138,-1.0305717035973387,-0.0004971027374267578,21.998729705810547,8.80519962310791,24.89435386657715,0.40025945774415256,1.1316268802558076,-0.15036730468273163,0.38469886779785156,12.674607276916504,5.057547092437744,0.39902988565560915,-0.15071463584899902,0.3838697075843811,0.025856271386146545,0.024880899116396904,0.023269323632121086,0.024988815188407898,0.0010082169901579618,0.001291101798415184,0.0002828848082572222,0.02295691706240177,0.02852821908891201,0.005571302026510239,0.0010040353517979383,0.0012846675235778093,0.000280632171779871,0.65<=A<0.75,1.1<=beta<1.4,baseline_middle_50
253,327_0.98_1.23.png,327,0.98,1.23,400,400,29.68247201086576,0.9819170832633972,30.32787664951368,0.9839597344398499,0.6454046386479213,0.0020426511764526367,22.108644485473633,9.525656700134277,20.43220329284668,0.4308566590951815,0.9241725925925287,0.38474810123443604,0.4715343117713928,12.629658699035645,5.377154350280762,0.42575610936274483,0.39177238941192627,0.46356314420700073,-0.007118293549865484,-0.007950336672365665,-0.006685038562864065,-0.007557312026619911,0.0010183170670643449,0.0008697393932379782,-0.00014857767382636666,0.02191258780658245,0.02229357324540615,0.00038098543882369995,0.0009969266830012202,0.0008450641180388629,-0.00015186256496235728,A>=0.95,1.1<=beta<1.4,baseline_middle_50
254,328_0.77_1.67.png,328,0.77,1.67,400,400,27.283866883782686,0.9845678210258484,26.40766475543402,0.9845751523971558,-0.8762021283486661,7.331371307373047e-06,28.929967880249023,8.957457542419434,32.25341033935547,0.30962556126911017,1.1148788852052414,-0.23752400279045105,0.292964905500412,16.501733779907227,5.040470600128174,0.30545097062864573,-0.23356370627880096,0.2901249825954437,0.029570061713457108,0.02781832590699196,0.027880921959877014,0.02834923006594181,0.0017436312045902014,0.002167255152016878,0.00042362394742667675,0.032635487616062164,0.03801755979657173,0.005382072180509567,0.001701920060440898,0.0021035473328083754,0.0004016272723674774,0.75<=A<0.85,1.4<=beta<1.7,baseline_weakest_25
255,329_0.81_1.47.png,329,0.81,1.47,400,400,24.124553334609843,0.9566419124603271,26.472196587461525,0.9720154404640198,2.3476432528516824,0.015373528003692627,39.85028839111328,17.00968360900879,30.002487182617188,0.4268396615368533,0.7528800516612527,0.7208371758460999,0.8076191544532776,20.745864868164062,9.41283893585205,0.4537212112229985,0.7374848127365112,0.891389787197113,-0.015345222316682339,-0.022330788895487785,-0.02434762567281723,-0.020472023636102676,0.003308428218588233,0.001875310786999762,-0.001433117431588471,0.04530095309019089,0.033212754875421524,-0.012088198214769363,0.0026899429503828287,0.001443525543436408,-0.0012464174069464207,0.75<=A<0.85,1.4<=beta<1.7,baseline_weakest_25
256,32_0.6_1.67.png,32,0.6,1.67,400,400,29.606021973723877,0.9727384448051453,28.620837064475214,0.962354838848114,-0.9851849092486624,-0.01038360595703125,21.919456481933594,10.007244110107422,24.78285789489746,0.45654617934325015,1.1306328656152553,-0.07654877007007599,0.45235583186149597,12.56982707977295,5.7721781730651855,0.4592090357673758,-0.07781562954187393,0.45504119992256165,0.025869151577353477,0.026980480179190636,0.026042981073260307,0.026541316881775856,0.0010009637335315347,0.0012795624788850546,0.0002785987453535199,0.025338249281048775,0.029652563855051994,0.00431431457400322,0.000987503444775939,0.0012663154629990458,0.00027881201822310686,A<0.65,1.4<=beta<1.7,baseline_middle_50
257,330_0.6_0.81.png,330,0.6,0.81,400,400,26.014622040887563,0.9720361828804016,27.821370345897108,0.980357825756073,1.8067483050095454,0.008321642875671387,32.40358352661133,13.342138290405273,25.67239761352539,0.41174885115555476,0.7922703238190315,0.6579799652099609,0.817978024482727,17.34049415588379,7.497708797454834,0.43238149559369926,0.7498462796211243,0.8759242296218872,-0.020276879891753197,-0.0229140967130661,-0.022525493055582047,-0.022081267088651657,0.0021874839439988136,0.0013730665668845177,-0.000814417377114296,0.03829139843583107,0.028332801535725594,-0.009958596900105476,0.0018793296767398715,0.001012046355754137,-0.0008672833209857345,A<0.65,0.8<=beta<1.1,baseline_weakest_25
258,331_0.72_0.9.png,331,0.72,0.9,400,400,25.10596446244673,0.966858983039856,27.947105108112215,0.9799084663391113,2.841140645665483,0.013049483299255371,36.10746765136719,16.785144805908203,25.223417282104492,0.46486629768600357,0.6985651147194041,0.7831364274024963,0.8762416839599609,19.37799835205078,9.50202751159668,0.490351342742842,0.8547912240028381,0.9132063984870911,-0.01714375615119934,-0.020802028477191925,-0.020800594240427017,-0.019708042964339256,0.0027161443140357733,0.0013254599180072546,-0.0013906843960285187,0.04218272492289543,0.028457731008529663,-0.013724993914365768,0.0023469177540391684,0.0009438091074116528,-0.0014031086466275156,0.65<=A<0.75,0.8<=beta<1.1,baseline_weakest_25
259,332_0.82_1.48.png,332,0.82,1.48,400,400,23.972064474760746,0.9557963609695435,26.247092242749037,0.9710366129875183,2.2750277679882913,0.015240252017974854,40.63724899291992,16.709196090698242,30.905149459838867,0.41117931220219717,0.7605128355323304,0.7182859778404236,0.8186739087104797,21.143033981323242,9.207301139831543,0.4354768169963137,0.7254385352134705,0.8898875713348389,-0.01599842868745327,-0.023494478315114975,-0.025566181167960167,-0.021489333361387253,0.003440388012677431,0.001989850541576743,-0.001450537471100688,0.04620738700032234,0.03411480411887169,-0.012092582881450653,0.0027939241845160723,0.0015584975481033325,-0.0012354266364127398,0.75<=A<0.85,1.4<=beta<1.7,baseline_weakest_25
260,333_0.76_0.55.png,333,0.76,0.55,400,400,28.074577972738062,0.9898958802223206,30.93320549135796,0.9937885403633118,2.8586275186198975,0.003892660140991211,27.22893714904785,12.724982261657715,19.445104598999023,0.46733305057052826,0.714133808916555,0.7579318284988403,0.8613699674606323,15.738570213317871,7.355771541595459,0.4673722861668244,0.7606397271156311,0.8689651489257812,-0.022523995488882065,-0.02287747710943222,-0.023136937990784645,-0.022801365703344345,0.001544614671729505,0.0007877334719523787,-0.0007568811997771263,0.03602106124162674,0.024297164753079414,-0.011723896488547325,0.0015481412410736084,0.000785578100476414,-0.0007625631405971944,0.75<=A<0.85,beta<0.8,baseline_weakest_25
261,334_0.93_1.76.png,334,0.93,1.76,400,400,24.515522437099982,0.9721803665161133,26.183162758185734,0.9781583547592163,1.6676403210857522,0.005977988243103027,40.824405670166016,15.779799461364746,33.54909896850586,0.3865285777545669,0.8217902604525394,0.613234281539917,0.8694523572921753,23.559778213500977,9.101799011230469,0.38632787324010825,0.6138972640037537,0.8747755885124207,-0.032915789633989334,-0.03160667419433594,-0.03204602003097534,-0.03204818814992905,0.0034721505362540483,0.0023448793217539787,-0.0011272712145000696,0.04966707527637482,0.03806870058178902,-0.0115983746945858,0.0034691444598138332,0.0023413875605911016,-0.0011277568992227316,0.85<=A<0.95,beta>=1.7,baseline_weakest_25
262,335_1.0_1.88.png,335,1.0,1.88,400,400,25.041848835559932,0.9695531129837036,26.06304537498891,0.9736523032188416,1.0211965394289777,0.0040991902351379395,38.27399444580078,16.003015518188477,33.94462966918945,0.4181172033363307,0.8868849504918522,0.4642922580242157,0.8254846334457397,22.090011596679688,9.199931144714355,0.4164747086912884,0.46184641122817993,0.8261086940765381,-0.024885766208171844,-0.02337082289159298,-0.023771902546286583,-0.02386951446533203,0.0030518723651766777,0.002400495344772935,-0.0006513770204037428,0.041488103568553925,0.033345554023981094,-0.00814254954457283,0.0030498038977384567,0.0024055526591837406,-0.0006442512385547161,A>=0.95,beta>=1.7,baseline_weakest_25
263,336_0.94_1.46.png,336,0.94,1.46,400,400,25.04349733005856,0.9752268195152283,26.708873396237273,0.9806753993034363,1.6653760661787125,0.005448579788208008,38.472686767578125,14.969254493713379,31.61945343017578,0.38908783740906644,0.8218675659746818,0.6115882992744446,0.8673485517501831,22.215295791625977,8.631631851196289,0.38854453850891196,0.6106275916099548,0.8688428997993469,-0.029252896085381508,-0.028433898463845253,-0.028571367263793945,-0.028694448992609978,0.0030836411751806736,0.0020828954875469208,-0.0010007456876337528,0.045391425490379333,0.03442804142832756,-0.010963384062051773,0.003084495896473527,0.0020865220576524734,-0.0009979738388210535,0.85<=A<0.95,1.4<=beta<1.7,baseline_weakest_25
264,337_0.72_1.65.png,337,0.72,1.65,400,400,31.319728732889743,0.9667291641235352,29.890958362569208,0.970212996006012,-1.4287703703205352,0.0034838318824768066,17.326705932617188,12.059382438659668,20.361482620239258,0.6959997177512036,1.1751502391409068,0.07430858910083771,0.5108215808868408,9.789966583251953,6.837288856506348,0.6983975684046912,0.054511748254299164,0.507297694683075,-0.006182203069329262,-0.007990884594619274,-0.002660137601196766,-0.006842384114861488,0.0006254473701119423,0.0008637291030026972,0.00023828173289075494,0.019824601709842682,0.023298116400837898,0.0034735146909952164,0.0005990214413031936,0.0008455891511403024,0.00024656770983710885,0.65<=A<0.75,1.4<=beta<1.7,baseline_middle_50
265,338_0.99_1.37.png,338,0.99,1.37,400,400,29.356825132870583,0.9540541172027588,29.349349103305187,0.9611661434173584,-0.007476029565395947,0.007112026214599609,22.723623275756836,13.046216011047363,22.76133155822754,0.5741256952171878,1.001659430893265,0.2841699719429016,0.6973314881324768,12.886032104492188,7.391474723815918,0.573603624752664,0.2817407548427582,0.7014594078063965,0.0173577181994915,0.01692529022693634,0.018916578963398933,0.01728159375488758,0.0010757563868537545,0.0010793296387419105,3.573251888155937e-06,0.024691713973879814,0.02349345199763775,-0.0011982619762420654,0.0010378113947808743,0.0010438370518386364,6.025657057762146e-06,A>=0.95,1.1<=beta<1.4,baseline_middle_50
266,339_0.64_1.47.png,339,0.64,1.47,400,400,32.08746507104739,0.9754943251609802,29.231574950079814,0.975071907043457,-2.855890120967576,-0.00042241811752319336,15.841293334960938,12.16141414642334,22.08611297607422,0.7677033616683122,1.3942114768704699,-0.2308555394411087,0.48229607939720154,8.999698638916016,6.958002090454102,0.7731372315475855,-0.251311719417572,0.47755807638168335,-0.009780344553291798,-0.01168337743729353,-0.006273054517805576,-0.010497594252228737,0.0005228053196333349,0.001016242429614067,0.0004934371099807322,0.017637548968195915,0.023750826716423035,0.0061132777482271194,0.0005062160198576748,0.0010055162711068988,0.000499300251249224,A<0.65,1.4<=beta<1.7,baseline_middle_50
267,33_0.55_1.75.png,33,0.55,1.75,400,400,23.63467091177206,0.9830049872398376,22.74812680921883,0.9791603088378906,-0.886544102553227,-0.0038446784019470215,45.18165969848633,10.335395812988281,49.91719436645508,0.22875201756553748,1.1048109940973991,-0.3678218126296997,0.3083201050758362,25.807172775268555,5.959350109100342,0.23091836370434526,-0.38510841131210327,0.3017861545085907,-0.05185996741056442,-0.05264285206794739,-0.05441559851169586,-0.052610863000154495,0.004252879414707422,0.0051910970360040665,0.0009382176212966442,0.04809945449233055,0.055949047207832336,0.007849592715501785,0.004162563476711512,0.005124867428094149,0.000962303951382637,A<0.65,beta>=1.7,baseline_weakest_25
268,340_0.55_0.55.png,340,0.55,0.55,400,400,33.57929621908733,0.9813312888145447,32.21978725995346,0.9845736026763916,-1.3595089591338692,0.003242313861846924,13.575088500976562,8.847949028015137,15.659271240234375,0.6517783679552906,1.1535299559268348,0.07225135713815689,0.6205607652664185,7.69000244140625,5.066027641296387,0.6587810185883343,0.05716594681143761,0.6194238066673279,-0.0016449762042611837,-0.0025068188551813364,-0.00041881034849211574,-0.002011094940826297,0.0003839230048470199,0.0005108599434606731,0.00012693693861365318,0.015732064843177795,0.0160993505269289,0.00036728568375110626,0.00036960086436010897,0.0005021666293032467,0.00013256576494313776,A<0.65,beta<0.8,baseline_middle_50
269,341_0.68_1.62.png,341,0.68,1.62,400,400,27.431693343012977,0.9765488505363464,24.199807508079175,0.9668821692466736,-3.231885834933802,-0.009666681289672852,28.650428771972656,15.753093719482422,42.17430114746094,0.5498379743235438,1.4720303658672655,-0.7861877083778381,0.3402787744998932,17.407878875732422,9.106793403625488,0.5231420478413874,-0.8383414149284363,0.24724584817886353,0.054364245384931564,0.045830097049474716,0.01794893853366375,0.045203354209661484,0.0017100980039685965,0.0037055660504847765,0.00199546804651618,0.028833260759711266,0.04147222638130188,0.012638965621590614,0.0018939640140160918,0.0040735770016908646,0.0021796129876747727,0.65<=A<0.75,1.4<=beta<1.7,baseline_weakest_25
270,342_0.96_1.08.png,342,0.96,1.08,400,400,31.298615036582092,0.9856709837913513,24.47943682573108,0.9690414071083069,-6.81917821085101,-0.016629576683044434,17.911540985107422,26.127971649169922,40.86895751953125,1.4587227124061555,2.2817108563418307,-0.7123810052871704,0.32714152336120605,10.783524513244629,15.36536693572998,1.4248928461986434,-0.788600504398346,0.28136706352233887,0.0528404600918293,0.04470964893698692,0.023949049413204193,0.04477405175566673,0.0006683818646706641,0.0034797328989952803,0.002811351034324616,0.02124675363302231,0.04176213592290878,0.020515382289886475,0.000726777536328882,0.003835686482489109,0.003108908946160227,A>=0.95,0.8<=beta<1.1,baseline_middle_50
271,343_0.83_1.07.png,343,0.83,1.07,400,400,33.37958784798029,0.9883107542991638,25.98755078406953,0.9752498865127563,-7.3920370639107595,-0.01306086778640747,13.729761123657227,23.412906646728516,34.21734619140625,1.7052668604981502,2.4922025870098823,-0.6753012537956238,0.33562198281288147,8.16239070892334,13.656932830810547,1.6731535303597302,-0.7846952080726624,0.2887404263019562,0.043718814849853516,0.0368717797100544,0.017072631046175957,0.036661937832832336,0.0003927215584553778,0.0024392222985625267,0.002046500740107149,0.01619589887559414,0.03443780541419983,0.01824190653860569,0.00041640386916697025,0.0026755088474601507,0.0022591049782931805,0.75<=A<0.85,0.8<=beta<1.1,baseline_middle_50
272,344_0.82_1.51.png,344,0.82,1.51,400,400,29.5339247675016,0.9800994992256165,23.340674600525013,0.9622398018836975,-6.193250166976586,-0.017859697341918945,22.141698837280273,27.050138473510742,46.62508773803711,1.2216830638110778,2.1057592771307063,-0.7946876287460327,0.3022274672985077,13.36497974395752,16.18701171875,1.2111512347086315,-0.8440520167350769,0.23853406310081482,0.06014265492558479,0.05365271493792534,0.03066418133676052,0.05297251418232918,0.001021364238113165,0.004528956022113562,0.0035075917840003967,0.023375146090984344,0.04898599535226822,0.025610849261283875,0.001116391853429377,0.005036530084908009,0.0039201382314786315,0.75<=A<0.85,1.4<=beta<1.7,baseline_middle_50
273,345_0.98_1.02.png,345,0.98,1.02,400,400,24.20195241821628,0.9685031175613403,24.685543578848236,0.9710153937339783,0.4835911606319563,0.0025122761726379395,42.08181381225586,9.333329200744629,39.704891204833984,0.22179008828812413,0.943516631245357,0.3583730459213257,0.6049984693527222,24.112577438354492,5.370666980743408,0.22273301120437655,0.3537377715110779,0.6044777035713196,-0.0433439277112484,-0.046740610152482986,-0.04745275154709816,-0.04580618813633919,0.0036893317010253668,0.0032843302469700575,-0.0004050014540553093,0.0491156205534935,0.045891065150499344,-0.003224555402994156,0.0036338523495942354,0.0032415117602795362,-0.0003923405893146992,A>=0.95,0.8<=beta<1.1,baseline_weakest_25
274,346_0.77_1.92.png,346,0.77,1.92,400,400,23.896336855242964,0.9591675400733948,23.455257806113007,0.9604384303092957,-0.4410790491299572,0.001270890235900879,43.248374938964844,12.289569854736328,45.68086624145508,0.28416258118554133,1.0562446867870328,-0.061416640877723694,0.4540233016014099,24.537559509277344,6.984494686126709,0.2846450431831234,-0.07065525650978088,0.45425423979759216,-0.05252585932612419,-0.05865968018770218,-0.06057841703295708,-0.05704440176486969,0.003896712325513363,0.004347378388047218,0.00045066606253385544,0.05344933271408081,0.05727624148130417,0.003826908767223358,0.003763074055314064,0.004219332244247198,0.0004562581889331341,0.75<=A<0.85,beta>=1.7,baseline_weakest_25
275,347_0.92_1.53.png,347,0.92,1.53,400,400,24.08375007515868,0.9631224870681763,24.21040989740229,0.9676600098609924,0.12665982224361017,0.004537522792816162,42.528472900390625,11.102474212646484,41.97849655151367,0.2610597901939834,0.9870680437982079,0.17974597215652466,0.5511545538902283,24.345653533935547,6.3587260246276855,0.26118526724962304,0.17721113562583923,0.5469717383384705,-0.046876806765794754,-0.0505572147667408,-0.051683105528354645,-0.04958512634038925,0.0037680647801607847,0.0036712377332150936,-9.682704694569111e-05,0.05106133595108986,0.04985438659787178,-0.0012069493532180786,0.003704442409798503,0.00361423147842288,-9.021093137562275e-05,0.85<=A<0.95,1.4<=beta<1.7,baseline_weakest_25
276,348_0.72_1.07.png,348,0.72,1.07,400,400,24.216049016394198,0.9659063816070557,25.419212035598576,0.9732289910316467,1.2031630192043785,0.0073226094245910645,41.8358268737793,10.28285026550293,36.32591247558594,0.24579053490508945,0.868296749223649,0.6234447360038757,0.7120254039764404,23.815031051635742,5.848843574523926,0.24559462306987823,0.6195549964904785,0.7133575677871704,-0.04216165840625763,-0.04708985611796379,-0.04842875152826309,-0.04576895758509636,0.003646325785666704,0.002749108476564288,-0.000897217309102416,0.05281936749815941,0.04589639604091644,-0.006922971457242966,0.0035447231493890285,0.0026798034086823463,-0.0008649197407066822,0.65<=A<0.75,0.8<=beta<1.1,baseline_weakest_25
277,349_0.53_1.85.png,349,0.53,1.85,400,400,29.559940571568717,0.9887042045593262,29.131313266356344,0.9887306690216064,-0.42862730521237324,2.6464462280273438e-05,21.807981491088867,13.188600540161133,23.302597045898438,0.6047602592450031,1.0685352541875688,0.18517045676708221,0.45321330428123474,12.570473670959473,7.524775505065918,0.598607156900522,0.1726960390806198,0.43618592619895935,0.024433046579360962,0.02382791042327881,0.021151864901185036,0.02370377816259861,0.0009908084757626057,0.0011312728747725487,0.000140464399009943,0.026650208979845047,0.02946123294532299,0.0028110239654779434,0.000987604958936572,0.0011373026063665748,0.0001496976474300027,A<0.65,beta>=1.7,baseline_middle_50
278,34_0.77_1.56.png,34,0.77,1.56,400,400,27.023124971029265,0.9824939370155334,26.54037886612683,0.9806358814239502,-0.48274610490243575,-0.001858055591583252,30.072511672973633,5.96666145324707,31.690797805786133,0.19840914913034513,1.0538128025490756,-0.17931434512138367,0.4768933653831482,17.398548126220703,3.4384613037109375,0.19762920898721203,-0.17829570174217224,0.4803357422351837,-0.0231615100055933,-0.023351546376943588,-0.024851320311427116,-0.023465700447559357,0.0018840748816728592,0.0020923055708408356,0.00020823068916797638,0.026929965242743492,0.02899586409330368,0.0020658988505601883,0.0018919343128800392,0.0020991582423448563,0.00020722392946481705,0.75<=A<0.85,1.4<=beta<1.7,baseline_weakest_25
279,350_0.84_1.87.png,350,0.84,1.87,400,400,29.226700824381346,0.9856265783309937,28.499619582162655,0.9875782132148743,-0.7270812422186914,0.0019516348838806152,23.03752899169922,12.540412902832031,25.290441513061523,0.5443471349444872,1.0977931496982192,0.08373720943927765,0.3829936385154724,13.093155860900879,7.085325717926025,0.5411472828399155,0.06825117766857147,0.3689788579940796,0.029851427301764488,0.030374493449926376,0.029835103079676628,0.030156608670949936,0.0011056829243898392,0.001332513289526105,0.00022683036513626575,0.024373769760131836,0.03033713437616825,0.005963364616036415,0.0010714420350268483,0.0013060583733022213,0.00023461633827537298,0.75<=A<0.85,beta>=1.7,baseline_middle_50
280,351_0.75_1.19.png,351,0.75,1.19,400,400,32.404163447797174,0.992830216884613,32.13073184283124,0.9932488203048706,-0.27343160496593555,0.00041860342025756836,15.773426055908203,6.751551151275635,16.48627281188965,0.4280332711070546,1.04519289299958,0.10604812949895859,0.4454657733440399,9.051671981811523,3.7124500274658203,0.4101396995964543,0.09834016114473343,0.43229830265045166,0.011365926824510098,0.012056995183229446,0.01132699754089117,0.011767146177589893,0.0005183353205211461,0.0005662441253662109,4.790880484506488e-05,0.01806170493364334,0.019328633323311806,0.0012669283896684647,0.0005120797432027757,0.0005569114582613111,4.483171505853534e-05,0.75<=A<0.85,1.1<=beta<1.4,baseline_middle_50
281,352_0.87_0.77.png,352,0.87,0.77,400,400,34.08678299986026,0.9950007796287537,32.51689960935356,0.995245099067688,-1.5698833905067033,0.00024431943893432617,13.118866920471191,8.426935195922852,15.950080871582031,0.6423523652620589,1.215812384428788,-0.05104943364858627,0.3576830327510834,7.451014041900635,4.825393199920654,0.6476156363127419,-0.06730562448501587,0.35414913296699524,-0.002069457434117794,-0.0012288778088986874,-0.0006256346823647618,-0.0014114412479102612,0.0003585513914003968,0.0005300106131471694,0.00017145922174677253,0.015279892832040787,0.0197297316044569,0.004449838772416115,0.0003469850344117731,0.000522761547472328,0.00017577651306055486,0.85<=A<0.95,beta<0.8,baseline_middle_50
282,353_0.53_1.07.png,353,0.53,1.07,400,400,30.840236501415244,0.9874618649482727,33.93478442087215,0.9913806319236755,3.094547919456904,0.003918766975402832,17.754344940185547,11.872903823852539,11.665332794189453,0.6687322941991043,0.6570410135372498,0.759272575378418,0.8481093049049377,9.889944076538086,6.762750625610352,0.683800694247971,0.7625929713249207,0.8412954211235046,0.001029383740387857,-0.00034907067310996354,-0.0022797174751758575,-0.0001570066378917545,0.000656701682601124,0.00028349997592158616,-0.0003732017066795379,0.021281925961375237,0.012314824387431145,-0.008967101573944092,0.0006113186827860773,0.00025960264611057937,-0.0003517160366754979,A<0.65,0.8<=beta<1.1,baseline_middle_50
283,354_0.98_1.12.png,354,0.98,1.12,400,400,27.0193436432516,0.9868481159210205,28.32353122896948,0.9906045198440552,1.3041875857178802,0.003756403923034668,30.17491340637207,14.369318962097168,26.099748611450195,0.47620083506396355,0.8649485836117986,0.5025516748428345,0.791712760925293,17.163406372070312,8.247163772583008,0.4805085653628444,0.4957123100757599,0.7930243611335754,-0.010988106951117516,-0.011609976179897785,-0.012601693160831928,-0.011537092737853527,0.0018969278316944838,0.001419160165823996,-0.0004777676658704877,0.02762657031416893,0.022953543812036514,-0.004673026502132416,0.0018411405617371202,0.0013891411945223808,-0.0004519993672147393,A>=0.95,1.1<=beta<1.4,baseline_weakest_25
284,355_0.83_0.96.png,355,0.83,0.96,400,400,28.600825471182887,0.9883135557174683,30.960013955455466,0.9928621649742126,2.359188484272579,0.004548609256744385,24.772363662719727,10.892918586730957,18.96394157409668,0.4397205989319405,0.765528143874126,0.690575897693634,0.8396357297897339,13.967462539672852,6.198582649230957,0.4437873115195154,0.6893509030342102,0.8644880056381226,-0.011753158643841743,-0.012450761161744595,-0.013297127559781075,-0.012338664382696152,0.001278479234315455,0.0007492314907722175,-0.0005292477435432374,0.02416122704744339,0.016183262690901756,-0.007977964356541634,0.0012193125439807773,0.0007134159095585346,-0.0005058966344222426,0.75<=A<0.85,0.8<=beta<1.1,baseline_weakest_25
285,356_0.67_0.95.png,356,0.67,0.95,400,400,30.301295179832476,0.9886693954467773,34.34158216773379,0.9933019280433655,4.040286987901315,0.004632532596588135,19.7486572265625,11.687748908996582,11.937261581420898,0.5918249921962406,0.6044594042254653,0.8320751190185547,0.9240977168083191,10.973365783691406,6.663446426391602,0.6072381580767864,0.8408327698707581,0.9269341230392456,-0.006176619790494442,-0.00723214540630579,-0.008500068448483944,-0.0070610870607197285,0.0008125196909531951,0.0002968712942674756,-0.0005156483966857195,0.021461689844727516,0.01112072728574276,-0.010340962558984756,0.0007525922846980393,0.00026157606043852866,-0.0004910162242595106,0.65<=A<0.75,0.8<=beta<1.1,baseline_middle_50
286,357_0.86_1.37.png,357,0.86,1.37,400,400,20.106848547650596,0.9577271342277527,20.76343430804097,0.9599021673202515,0.6565857603903744,0.0021750330924987793,67.8840560913086,11.128788948059082,62.7455940246582,0.1639381850296352,0.9243053175882888,0.5262206196784973,0.5553648471832275,34.79277038574219,6.170457363128662,0.1773488369772724,0.4627493619918823,0.5090463161468506,0.07203014940023422,0.024937866255640984,-0.03384379670023918,0.03231734409928322,0.009600509889423847,0.008202103897929192,-0.0013984059914946556,0.06927542388439178,0.06727936118841171,-0.001996062695980072,0.007565855048596859,0.006561990827322006,-0.0010038642212748528,0.85<=A<0.95,1.1<=beta<1.4,baseline_weakest_25
287,358_0.68_1.38.png,358,0.68,1.38,400,400,22.109533458030583,0.9685967564582825,22.348140804904,0.9680690765380859,0.23860734687341534,-0.0005276799201965332,53.781761169433594,6.04966402053833,52.28056716918945,0.11248542050304974,0.9720873030633045,0.3009244501590729,0.5976685285568237,20.544153213500977,3.1795527935028076,0.15476679717386962,0.09229497611522675,0.5364289879798889,0.05441451445221901,0.0049302587285637856,-0.05702925845980644,0.012662665918469429,0.006025996059179306,0.005694287363439798,-0.0003317086957395077,0.05975520238280296,0.05853015556931496,-0.0012250468134880066,0.002637889003381133,0.0026257133577018976,-1.2175645679235458e-05,0.65<=A<0.75,1.1<=beta<1.4,baseline_weakest_25
288,359_0.5_1.58.png,359,0.5,1.58,400,400,19.659143836208163,0.9713888764381409,17.427511564618218,0.9617263078689575,-2.2316322715899446,-0.00966256856918335,71.61225128173828,28.89507293701172,92.68753814697266,0.4034934305211572,1.2942972255168963,-0.6349525451660156,0.3715081214904785,22.229398727416992,16.341251373291016,0.7351189104875008,-0.8515990376472473,0.2817295789718628,-0.020378706976771355,-0.07964823395013809,-0.15343961119651794,-0.07033886760473251,0.010683989152312279,0.017897874116897583,0.007213884964585304,0.07146793603897095,0.09095290303230286,0.01948496699333191,0.003088413504883647,0.008624249137938023,0.005535835633054376,A<0.65,1.4<=beta<1.7,baseline_weakest_25
289,35_0.77_1.43.png,35,0.77,1.43,400,400,27.57594611272757,0.9842968583106995,26.553026395146993,0.9811135530471802,-1.022919717580578,-0.003183305263519287,28.210756301879883,6.9645795822143555,31.69096565246582,0.2468767411864905,1.1233646242356865,-0.4070855975151062,0.37576669454574585,16.310300827026367,4.0266499519348145,0.24687772436806354,-0.410292387008667,0.36632677912712097,-0.024751530960202217,-0.0250450000166893,-0.026436852291226387,-0.025115925818681717,0.0016580139053985476,0.0020923276897519827,0.00043431378435343504,0.02519385889172554,0.02937779575586319,0.0041839368641376495,0.0016626621363684535,0.0021008276380598545,0.000438165501691401,0.75<=A<0.85,1.4<=beta<1.7,baseline_weakest_25
290,360_0.87_0.88.png,360,0.87,0.88,400,400,22.205419557326614,0.9696418046951294,23.765025295459044,0.9745895862579346,1.5596057381324293,0.004947781562805176,53.224647521972656,13.843423843383789,44.08943557739258,0.26009423242622376,0.8283650081325798,0.7333120107650757,0.8005874156951904,24.823801040649414,6.613686561584473,0.2664252162976348,0.6021435260772705,0.7541975378990173,0.04377822205424309,0.007991538383066654,-0.03533488139510155,0.013752543367445469,0.005901798140257597,0.004049746319651604,-0.0018520518206059933,0.058846279978752136,0.0498337484896183,-0.009012531489133835,0.0038513820618391037,0.0028890373650938272,-0.0009623446967452765,0.85<=A<0.95,0.8<=beta<1.1,baseline_weakest_25
291,361_0.51_1.62.png,361,0.51,1.62,400,400,19.483546482840385,0.9583807587623596,16.991828569444344,0.9374450445175171,-2.491717913396041,-0.02093571424484253,72.7784423828125,30.372819900512695,97.24038696289062,0.41733264557590477,1.3361152530774016,-0.7320747971534729,0.10761620849370956,41.999366760253906,17.614492416381836,0.4193989999166204,-0.7296019196510315,0.1069125309586525,-0.12945277988910675,-0.12812955677509308,-0.12914203107357025,-0.12864062190055847,0.011034795083105564,0.01969935931265354,0.008664564229547977,0.09816618263721466,0.13004736602306366,0.031881183385849,0.011024667881429195,0.019710827618837357,0.008686159737408161,A<0.65,1.4<=beta<1.7,baseline_weakest_25
292,362_0.82_0.88.png,362,0.82,0.88,400,400,23.711378860229253,0.9736856818199158,21.671425460055815,0.9614050984382629,-2.039953400173438,-0.012280583381652832,42.969905853271484,13.691278457641602,55.14406204223633,0.318624818597298,1.2833181955421475,-0.8558402061462402,0.06724348664283752,24.3741455078125,7.937587261199951,0.32565602181441655,-0.8585072755813599,0.06891926378011703,-0.06465855985879898,-0.0640740841627121,-0.068332739174366,-0.0647343248128891,0.0038466937839984894,0.006335141137242317,0.002488447353243828,0.04987471550703049,0.06569431722164154,0.015819601714611053,0.0037131186109036207,0.00618311483412981,0.0024699962232261896,0.75<=A<0.85,0.8<=beta<1.1,baseline_weakest_25
293,363_0.56_0.51.png,363,0.56,0.51,400,400,22.071763516344785,0.9676223993301392,21.10428907922134,0.9600978493690491,-0.967474437123446,-0.007524549961090088,53.0430908203125,8.153739929199219,59.43058395385742,0.15371917064223561,1.1204208320963618,-0.7536905407905579,0.27808427810668945,30.334524154663086,4.712306022644043,0.15534464950292148,-0.757515549659729,0.2751542031764984,-0.07000567764043808,-0.06979049742221832,-0.0733218789100647,-0.07025741785764694,0.00586160272359848,0.00735832192003727,0.0014967191964387894,0.06476576626300812,0.07159015536308289,0.006824389100074768,0.0057511464692652225,0.007243475876748562,0.0014923294074833393,A<0.65,beta<0.8,baseline_weakest_25
294,364_0.98_0.89.png,364,0.98,0.89,400,400,23.36120812525081,0.9732500314712524,22.31238199169782,0.9645166993141174,-1.0488261335529891,-0.00873333215713501,45.01495361328125,8.798012733459473,50.870140075683594,0.1954464467306193,1.1300720314565609,-0.6110716462135315,0.37638676166534424,25.528034210205078,5.033324241638184,0.19716850111498455,-0.6244063377380371,0.3756375014781952,-0.058252036571502686,-0.057508066296577454,-0.06183842569589615,-0.05822417885065079,0.004221553448587656,0.005391189828515053,0.0011696363799273968,0.05345893278717995,0.059199512004852295,0.005740579217672348,0.004073003306984901,0.005234224256128073,0.0011612209491431713,A>=0.95,0.8<=beta<1.1,baseline_weakest_25
295,365_0.71_0.69.png,365,0.71,0.69,400,400,28.997375908105944,0.9715736508369446,27.43575370490877,0.96748948097229,-1.5616222031971745,-0.004084169864654541,23.554916381835938,10.237804412841797,28.400434494018555,0.43463556596348374,1.2057115395204363,-0.30465999245643616,0.3136199414730072,13.720184326171875,5.741273880004883,0.4184545734602954,-0.32390108704566956,0.2997376024723053,0.03282773494720459,0.03380413353443146,0.032523442059755325,0.03336619213223457,0.001155904377810657,0.0016803848557174206,0.0005244804779067636,0.026531657204031944,0.03429442644119263,0.007762769237160683,0.0011765215313062072,0.001701461966149509,0.0005249404348433018,0.65<=A<0.75,beta<0.8,baseline_middle_50
296,366_0.54_0.64.png,366,0.54,0.64,400,400,28.787018345350486,0.9729630351066589,27.397679366538267,0.9692137241363525,-1.3893389788122192,-0.0037493109703063965,24.325275421142578,8.91494369506836,28.666751861572266,0.3664889108437325,1.1784759418039825,-0.3472021520137787,0.21166785061359406,14.129400253295898,4.979077339172363,0.35239127280090443,-0.3614184856414795,0.1872062236070633,0.034497808665037155,0.03527047485113144,0.034449558705091476,0.034945860505104065,0.0012327480362728238,0.0017120473785325885,0.00047929934225976467,0.02985195629298687,0.036642953753471375,0.006790997460484505,0.0012477496638894081,0.0017205234616994858,0.00047277379781007767,A<0.65,beta<0.8,baseline_weakest_25
297,367_0.88_0.72.png,367,0.88,0.72,400,400,27.924992586128006,0.9674513936042786,27.16416641456032,0.9668120741844177,-0.7608261715676861,-0.0006393194198608398,26.658510208129883,11.801593780517578,29.27692985534668,0.44269517270018033,1.0982207792848933,-0.011418638750910759,0.5400417447090149,15.560762405395508,6.704650402069092,0.4308690170440707,-0.018035022541880608,0.536403238773346,0.03096068650484085,0.03187314420938492,0.03019355982542038,0.03140884265303612,0.0014805753016844392,0.0017857055645436049,0.00030513026285916567,0.029810501262545586,0.033174723386764526,0.0033642221242189407,0.0015133583219721913,0.0018178302561864257,0.00030447193421423435,0.85<=A<0.95,beta<0.8,baseline_weakest_25
298,368_0.79_1.95.png,368,0.79,1.95,400,400,24.754656795147095,0.9449883699417114,24.095002644401696,0.9458490610122681,-0.6596541507453999,0.0008606910705566406,38.10477066040039,15.639345169067383,41.36440658569336,0.41043010882939795,1.0855440373685408,-0.012124867178499699,0.44454023241996765,22.141986846923828,8.98906421661377,0.40597369507798325,0.002403468592092395,0.4424644410610199,0.039312440901994705,0.03991449624300003,0.03656844049692154,0.039353031665086746,0.0030249450355768204,0.0035646124742925167,0.0005396674387156963,0.042326416820287704,0.048193834722042084,0.005867417901754379,0.0030641723424196243,0.003563213162124157,0.0004990408197045326,0.75<=A<0.85,beta>=1.7,baseline_weakest_25
299,369_0.55_1.18.png,369,0.55,1.18,400,400,31.718799985898222,0.9873307347297668,32.575327964701856,0.986970067024231,0.8565279788036335,-0.00036066770553588867,17.37586784362793,7.278131484985352,15.564250946044922,0.4188643439558839,0.8957394868626741,0.44536876678466797,0.6070446372032166,8.548267364501953,4.080387115478516,0.4773349898276434,0.511121392250061,0.6161858439445496,0.008080719038844109,0.005563498008996248,0.003383658593520522,0.0060676452703773975,0.0006290017045103014,0.0005046789883635938,-0.00012432271614670753,0.02130230702459812,0.018938826397061348,-0.0023634806275367737,0.0004567054274957627,0.0003379147092346102,-0.0001187907182611525,A<0.65,1.1<=beta<1.4,baseline_middle_50
300,36_0.83_1.99.png,36,0.83,1.99,400,400,26.9100209002833,0.9804999232292175,24.941921958241274,0.9723336100578308,-1.968098942042026,-0.008166313171386719,30.368396759033203,12.3779935836792,38.06836700439453,0.4075945688505046,1.2535520826620832,-0.49713534116744995,0.4941737651824951,17.6475887298584,7.11329460144043,0.40307459054761785,-0.4944372773170471,0.509193480014801,-0.022078104317188263,-0.022692259401082993,-0.025057869032025337,-0.022778306156396866,0.0019213323248550296,0.0030191675759851933,0.0010978352511301637,0.027259809896349907,0.033477552235126495,0.0062177423387765884,0.0019464835058897734,0.00303857633844018,0.0010920928325504065,0.75<=A<0.85,beta>=1.7,baseline_weakest_25
301,370_0.7_0.68.png,370,0.7,0.68,400,400,33.444977057985106,0.9911549687385559,33.86201956799585,0.9892743825912476,0.4170425100107451,-0.0018805861473083496,14.395634651184082,9.245759963989258,13.541912078857422,0.6422613651999544,0.9406957322123732,0.41072916984558105,0.7750676274299622,8.140417098999023,5.35761833190918,0.6581503461988419,0.44818925857543945,0.7951822876930237,0.004895639605820179,0.006355473306030035,0.007580574601888657,0.006058644503355026,0.0004317380953580141,0.0003820487472694367,-4.968934808857739e-05,0.017743265256285667,0.01490918081253767,-0.0028340844437479973,0.00041416496969759464,0.000349228095728904,-6.493687396869063e-05,0.65<=A<0.75,beta<0.8,baseline_middle_50
302,371_0.52_1.3.png,371,0.52,1.3,400,400,30.802767735409773,0.9858687520027161,31.046998530421934,0.9855891466140747,0.24423079501216094,-0.0002796053886413574,19.316186904907227,7.482193946838379,18.689746856689453,0.38735356950483574,0.967569166145383,0.2760435938835144,0.5355992317199707,9.364629745483398,4.193836212158203,0.44783790989503974,0.32566705346107483,0.49045151472091675,0.007321651093661785,0.0036651312839239836,0.0009054652764461935,0.004443828947842121,0.0007773232064209878,0.0007277221302501857,-4.9601076170802116e-05,0.02361997961997986,0.022733578458428383,-0.0008864011615514755,0.0005481018451973796,0.0004981515812687576,-4.995026392862201e-05,A<0.65,1.1<=beta<1.4,baseline_middle_50
303,372_0.98_1.7.png,372,0.98,1.7,400,400,26.338142200035747,0.9764358401298523,28.32324289545781,0.9773682951927185,1.9851006954220622,0.0009324550628662109,32.69099426269531,15.413084030151367,25.772062301635742,0.47147798278315767,0.788353578191564,0.6371349096298218,0.7276395559310913,18.77476692199707,8.932336807250977,0.47576286003239737,0.6334037184715271,0.73341965675354,0.01620723307132721,0.009838503785431385,0.004198283888399601,0.011099768802523613,0.0022264604922384024,0.001383748254738748,-0.0008427122374996543,0.039418239146471024,0.030460570007562637,-0.008957669138908386,0.002203074051067233,0.0013739479472860694,-0.0008291261037811637,A>=0.95,beta>=1.7,baseline_weakest_25
304,373_0.53_1.07.png,373,0.53,1.07,400,400,26.130032659872278,0.9733763337135315,23.74936914651514,0.9598010778427124,-2.3806635133571383,-0.013575255870819092,33.84483337402344,12.29862117767334,44.7335205078125,0.3633825299643156,1.321723762485601,-0.8460872173309326,0.030410416424274445,19.645153045654297,7.004683971405029,0.35656041747939116,-0.853202760219574,0.02669999934732914,-0.06451544910669327,-0.06243535131216049,-0.060889340937137604,-0.06288105249404907,0.002386401640251279,0.004168932791799307,0.001782531151548028,0.047013409435749054,0.06261338293552399,0.015599973499774933,0.0024120749440044165,0.004186329897493124,0.0017742549534887075,A<0.65,0.8<=beta<1.1,baseline_weakest_25
305,374_0.52_1.1.png,374,0.52,1.1,400,400,26.247059431500315,0.974268913269043,23.600777527739368,0.9591777324676514,-2.646281903760947,-0.015091180801391602,33.3596076965332,13.465924263000488,45.50690460205078,0.40365955096048367,1.364131887161849,-0.8644842505455017,0.019727082923054695,19.36604881286621,7.669369697570801,0.39602139660391156,-0.8714872002601624,0.01564374938607216,-0.06541328132152557,-0.06348583102226257,-0.06208207830786705,-0.0639021173119545,0.002318465616554022,0.004314329940825701,0.001995864324271679,0.04627135768532753,0.0636603981256485,0.01738904044032097,0.002344024134799838,0.0043296185322105885,0.0019855943974107504,A<0.65,1.1<=beta<1.4,baseline_weakest_25
306,375_0.88_0.76.png,375,0.88,0.76,400,400,28.02977286097329,0.9767554998397827,25.9342772519665,0.96375572681427,-2.0954956090067896,-0.012999773025512695,27.169336318969727,10.471441268920898,34.60209274291992,0.38541395144826196,1.2735715122625435,-0.6141974925994873,0.12872083485126495,15.713265419006348,6.003730773925781,0.382080402375424,-0.615082323551178,0.1272437423467636,-0.04780745878815651,-0.04658295214176178,-0.04608780890703201,-0.04689263179898262,0.0015378602547571063,0.0024943852331489325,0.0009565249783918262,0.0366826206445694,0.0468260757625103,0.010143455117940903,0.0015431669307872653,0.0024937689304351807,0.0009506019996479154,0.85<=A<0.95,beta<0.8,baseline_weakest_25
307,376_0.67_0.58.png,376,0.67,0.58,400,400,29.14077397492751,0.9811874628067017,25.848930413127967,0.9678910374641418,-3.291843561799542,-0.013296425342559814,23.898527145385742,12.504219055175781,35.11590576171875,0.5232213256953812,1.4693753112102905,-0.8460122346878052,0.00846249982714653,13.84656047821045,7.195821285247803,0.5196829419530908,-0.851120114326477,0.0025875000283122063,-0.050303734838962555,-0.04939010366797447,-0.048234693706035614,-0.04953156039118767,0.001189874135889113,0.00256901397369802,0.001379139837808907,0.032809268683195114,0.04930951073765755,0.016500242054462433,0.001198295271024108,0.002581961452960968,0.00138366618193686,0.65<=A<0.75,beta<0.8,baseline_middle_50
308,377_0.53_0.92.png,377,0.53,0.92,400,400,23.588765414634054,0.9663453698158264,25.335606360750397,0.9725511074066162,1.7468409461163432,0.006205737590789795,45.38336944580078,10.551477432250977,36.88322067260742,0.23249656341299446,0.8127034445217937,0.8463947772979736,0.88797926902771,26.22509002685547,6.007277965545654,0.22906605694752535,0.8495549559593201,0.8851625323295593,-0.0422125905752182,-0.04365263134241104,-0.04267895966768265,-0.043111059814691544,0.004290937911719084,0.00283410819247365,-0.0014568297192454338,0.05491767078638077,0.04320347681641579,-0.011714193969964981,0.004298470914363861,0.0028510158881545067,-0.0014474550262093544,A<0.65,0.8<=beta<1.1,baseline_weakest_25
309,378_0.74_1.24.png,378,0.74,1.24,400,400,22.674423752850803,0.9671168327331543,22.766973684756255,0.967843234539032,0.09254993190545235,0.0007264018058776855,50.459922790527344,5.954447269439697,49.908592224121094,0.11800349545040334,0.9890738919935536,0.15108732879161835,0.6118793487548828,29.175830841064453,3.410140037536621,0.11688236253196638,0.13902612030506134,0.6150341629981995,-0.05548230931162834,-0.056514035910367966,-0.055739518254995346,-0.056117258965969086,0.0053045907989144325,0.0051893070340156555,-0.00011528376489877701,0.057670436799526215,0.05650724843144417,-0.0011631883680820465,0.005320181604474783,0.005219960119575262,-0.00010022148489952087,0.65<=A<0.75,1.1<=beta<1.4,baseline_weakest_25
310,379_0.54_1.57.png,379,0.54,1.57,400,400,23.93062593751977,0.9656388759613037,26.02001154889734,0.974999189376831,2.089385611377569,0.009360313415527344,43.49470138549805,11.296256065368652,33.97746658325195,0.2597156827276216,0.7811863399660144,0.8801935315132141,0.8722380995750427,25.042797088623047,6.449542999267578,0.25754084004448563,0.8849955201148987,0.873319149017334,-0.037592630833387375,-0.04057024419307709,-0.03970598801970482,-0.039581410586833954,0.003941227216273546,0.002405142178758979,-0.0015360850375145674,0.05175285041332245,0.03997102379798889,-0.011781826615333557,0.003919635433703661,0.002392868045717478,-0.0015267673879861832,A<0.65,1.4<=beta<1.7,baseline_weakest_25
311,37_0.76_1.34.png,37,0.76,1.34,400,400,30.714993488566,0.9865351915359497,30.29510939480263,0.985741138458252,-0.4198840937633719,-0.0007940530776977539,19.051313400268555,9.431884765625,20.220298767089844,0.49507792809140627,1.0613598308033088,0.11979658156633377,0.6383607387542725,11.024914741516113,5.435128688812256,0.4929860063538989,0.11374195665121078,0.6403162479400635,-0.0033261997159570456,-0.0035088136792182922,-0.002685690298676491,-0.0033603759948164225,0.0007561511010862887,0.000851792749017477,9.564164793118834e-05,0.022153738886117935,0.02162441797554493,-0.0005293209105730057,0.0007596796494908631,0.0008591132936999202,9.943364420905709e-05,0.75<=A<0.85,1.1<=beta<1.4,baseline_middle_50
312,380_0.53_1.36.png,380,0.53,1.36,400,400,23.426930646360972,0.9630725383758545,25.809065239224566,0.9742574095726013,2.3821345928635935,0.011184871196746826,46.17485046386719,12.926509857177734,34.84833908081055,0.2799469782212507,0.7547038860056541,0.908730149269104,0.916462242603302,26.62213134765625,7.376954078674316,0.2770985531676361,0.912307858467102,0.9218910932540894,-0.03906141221523285,-0.04156902804970741,-0.04059647023677826,-0.040708381682634354,0.004441910423338413,0.002530014142394066,-0.0019118962809443474,0.05546989664435387,0.040964193642139435,-0.014505703002214432,0.0044296118430793285,0.0025301286950707436,-0.001899483148008585,A<0.65,1.1<=beta<1.4,baseline_weakest_25
313,381_0.63_1.38.png,381,0.63,1.38,400,400,29.638171518795833,0.9908890724182129,31.828948280693634,0.992788553237915,2.1907767618978014,0.0018994808197021484,21.976146697998047,9.135610580444336,16.987030029296875,0.4157057516036949,0.7729758206812634,0.6919793486595154,0.7275291085243225,12.578219413757324,5.063961505889893,0.40259764433360307,0.7585034966468811,0.7999874353408813,-0.023636380210518837,-0.020075108855962753,-0.016823627054691315,-0.020769258961081505,0.0010061480570584536,0.0006011649966239929,-0.00040498306043446064,0.027387183159589767,0.02152831107378006,-0.005858872085809708,0.00098882254678756,0.0005451788892969489,-0.0004436436574906111,A<0.65,1.1<=beta<1.4,baseline_middle_50
314,382_0.53_1.12.png,382,0.53,1.12,400,400,28.60242957680722,0.991607666015625,30.351237718159165,0.9933114051818848,1.7488081413519438,0.0017037391662597656,25.132831573486328,7.881374359130859,20.453645706176758,0.3135887946444224,0.8138217791486002,0.6952289342880249,0.7866097092628479,14.620818138122559,4.307523727416992,0.29461577913930037,0.7864823341369629,0.8528608083724976,-0.025464477017521858,-0.022962909191846848,-0.019815346226096153,-0.023352056741714478,0.0013159568188712,0.0008715658914297819,-0.00044439092744141817,0.02992062270641327,0.024176837876439095,-0.0057437848299741745,0.0013360519660636783,0.0008328657131642103,-0.0005031862528994679,A<0.65,1.1<=beta<1.4,baseline_weakest_25
315,383_0.62_1.77.png,383,0.62,1.77,400,400,28.880061187816843,0.9895641207695007,29.94493018459933,0.9908214211463928,1.0648689967824865,0.0012573003768920898,24.023380279541016,8.957926750183105,21.267311096191406,0.37288369271712885,0.8852755461021963,0.47646158933639526,0.6085995435714722,13.667189598083496,4.880746841430664,0.3571141533088174,0.5584438443183899,0.6784312129020691,-0.028772197663784027,-0.025452708825469017,-0.023408962413668633,-0.02621224895119667,0.0012023391900584102,0.0009422885486856103,-0.0002600506413727999,0.02967776358127594,0.026946617290377617,-0.002731146290898323,0.0011674504494294524,0.0008506909944117069,-0.0003167594550177455,A<0.65,beta>=1.7,baseline_middle_50
316,384_0.97_0.82.png,384,0.97,0.82,400,400,31.656523514974374,0.9925374984741211,34.38954483161582,0.9945580959320068,2.733021316641448,0.002020597457885742,16.88802146911621,9.102018356323242,12.192072868347168,0.5389629787579594,0.7219361303302042,0.7136753797531128,0.8052483201026917,9.247841835021973,4.986491680145264,0.5392059865536634,0.6969408392906189,0.7829414010047913,-0.012266872450709343,-0.008282085880637169,-0.004057090263813734,-0.008991887792944908,0.0005941776325926185,0.0003096805012319237,-0.00028449713136069477,0.018162524327635765,0.012653103098273277,-0.005509421229362488,0.0005345161189325154,0.00028818639111705124,-0.00024632972781546414,A>=0.95,0.8<=beta<1.1,baseline_middle_50
317,385_0.84_1.99.png,385,0.84,1.99,400,400,25.09735461180594,0.975767970085144,23.920179786324898,0.9706642627716064,-1.1771748254810426,-0.005103707313537598,37.87320327758789,12.332635879516602,43.26569366455078,0.32562959592104657,1.14238273819722,-0.3055678904056549,0.4641297161579132,21.79737663269043,7.079737186431885,0.32479767201958193,-0.3069208264350891,0.46658405661582947,-0.047747302800416946,-0.04526572674512863,-0.04547085240483284,-0.046031102538108826,0.0029882907401770353,0.003899834118783474,0.0009115433786064386,0.04290645569562912,0.047640081495046616,0.004733625799417496,0.002969535067677498,0.003874850692227483,0.0009053156245499849,0.75<=A<0.85,beta>=1.7,baseline_weakest_25
318,386_0.96_1.55.png,386,0.96,1.55,400,400,24.490556706856353,0.9773343205451965,23.515433470203565,0.9719831943511963,-0.975123236652788,-0.005351126194000244,40.895904541015625,11.92237663269043,45.62371063232422,0.29152984306125695,1.1156058569768752,-0.27370545268058777,0.49031344056129456,23.587305068969727,6.887930393218994,0.2920185401884003,-0.27142736315727234,0.49141520261764526,-0.04306081682443619,-0.04111645743250847,-0.0413627102971077,-0.04172589257359505,0.0034843231551349163,0.004336506128311157,0.0008521829731762409,0.044054318219423294,0.048754606395959854,0.00470028817653656,0.0034772558137774467,0.004325005691498518,0.0008477498777210712,A>=0.95,1.4<=beta<1.7,baseline_weakest_25
319,387_0.66_1.81.png,387,0.66,1.81,400,400,27.46156359298564,0.9835353493690491,26.22454257187509,0.9789609313011169,-1.2370210211105501,-0.004574418067932129,28.18037223815918,12.175016403198242,32.6700553894043,0.4320388779929597,1.15931951193908,-0.1821182370185852,0.43541786074638367,16.15549659729004,6.998678684234619,0.43320727667440406,-0.1819489598274231,0.4361431300640106,-0.040328510105609894,-0.03878556564450264,-0.039499253034591675,-0.03932826966047287,0.001654444495216012,0.0022236097138375044,0.0005691652186214924,0.0341339111328125,0.040441665798425674,0.0063077546656131744,0.0016312504885718226,0.0021945403423160315,0.0005632898537442088,0.65<=A<0.75,beta>=1.7,baseline_weakest_25
320,388_0.55_0.83.png,388,0.55,0.83,400,400,28.95195336692925,0.9901704788208008,27.31905725276205,0.9890789985656738,-1.632896114167199,-0.0010914802551269531,24.03372573852539,9.015371322631836,29.24663543701172,0.3751133478310626,1.2168997747249057,-0.4533766210079193,0.18532831966876984,13.815370559692383,5.144977569580078,0.3724096684450162,-0.4551544189453125,0.18105854094028473,-0.039153847843408585,-0.03852897882461548,-0.03934036195278168,-0.03880831599235535,0.0012033748207613826,0.0017820119392126799,0.0005786371184512973,0.030578985810279846,0.03909657150506973,0.008517585694789886,0.0011929029133170843,0.0017627488123252988,0.0005698458990082145,A<0.65,0.8<=beta<1.1,baseline_middle_50
321,389_0.75_1.27.png,389,0.75,1.27,400,400,21.790944713330646,0.9640846848487854,23.25935427874144,0.9689921140670776,1.468409565410795,0.004907429218292236,56.00825500488281,37.60128402709961,47.06349563598633,0.6713525358685344,0.8402956962662615,0.5545651316642761,0.7051104307174683,32.798458099365234,22.230375289916992,0.6777872064158781,0.5687358379364014,0.7261937260627747,-0.04714643582701683,-0.046934351325035095,-0.04775968939065933,-0.047091856598854065,0.006535260006785393,0.004614525940269232,-0.001920734066516161,0.07802711427211761,0.058912720531225204,-0.01911439374089241,0.006723368540406227,0.004628580063581467,-0.0020947884768247604,0.75<=A<0.85,1.1<=beta<1.4,baseline_weakest_25
322,38_0.87_1.94.png,38,0.87,1.94,400,400,28.31359425402151,0.9743328094482422,28.14073622878597,0.9741789102554321,-0.1728580252355414,-0.0001538991928100586,25.322553634643555,12.067967414855957,26.059497833251953,0.4765699221719045,1.0291022860190606,0.17633011937141418,0.61823970079422,14.649768829345703,6.963230133056641,0.4753133113683157,0.17670424282550812,0.6388148069381714,-0.013698987662792206,-0.012801926583051682,-0.012517114169895649,-0.013037679716944695,0.001335899461992085,0.0014147864421829581,7.888698019087315e-05,0.026026982814073563,0.02665681578218937,0.0006298329681158066,0.0013413482811301947,0.0014190698275342584,7.77215464040637e-05,0.85<=A<0.95,beta>=1.7,baseline_weakest_25
323,390_0.55_1.07.png,390,0.55,1.07,400,400,21.94825291983065,0.9653652310371399,28.349737664623333,0.9823694229125977,6.401484744792683,0.017004191875457764,55.12782287597656,37.99986267089844,25.74774742126465,0.6893046140492137,0.467055401030265,0.9117885231971741,0.9771923422813416,32.08988952636719,22.802474975585938,0.7105812862599576,0.9222175478935242,0.9929749965667725,-0.030556054785847664,-0.026753950864076614,-0.03572733700275421,-0.028913743793964386,0.00633140979334712,0.0013811385724693537,-0.004950271220877767,0.07557610422372818,0.032880596816539764,-0.042695507407188416,0.006436006166040897,0.0012505464255809784,-0.005185459740459919,A<0.65,0.8<=beta<1.1,baseline_weakest_25
324,391_0.87_1.8.png,391,0.87,1.8,400,400,22.4588522634373,0.9652222990989685,21.863876538008586,0.9651808738708496,-0.5949757254287142,-4.1425228118896484e-05,51.62681198120117,51.35708236694336,55.36830139160156,0.9947753966610212,1.0724718274636593,0.4218953251838684,0.6521872282028198,30.22371482849121,29.82915496826172,0.9869453552460881,0.4386858642101288,0.6722187399864197,-0.0338076651096344,-0.03383845090866089,-0.03153473883867264,-0.03356662392616272,0.005552765913307667,0.006386768538504839,0.0008340026251971722,0.06968307495117188,0.07041189074516296,0.0007288157939910889,0.005709205288439989,0.006326617207378149,0.0006174119189381599,0.85<=A<0.95,beta>=1.7,baseline_weakest_25
325,392_0.97_1.81.png,392,0.97,1.81,400,400,25.325580204805085,0.9746412038803101,22.07354763935122,0.9664121270179749,-3.2520325654538667,-0.008229076862335205,36.83729553222656,35.494544982910156,53.90377426147461,0.9635491550094463,1.4632934769686794,-0.1104254201054573,0.4201945960521698,20.67474937438965,20.348770141601562,0.9842329777795573,-0.10477007180452347,0.4237993061542511,-0.013642562553286552,-0.010171795263886452,-0.014881875365972519,-0.011746504344046116,0.0028270550537854433,0.0060533685609698296,0.0032263135071843863,0.04458596929907799,0.06561647355556488,0.021030504256486893,0.0026715327985584736,0.005810453090816736,0.0031389202922582626,A>=0.95,beta>=1.7,baseline_weakest_25
326,393_0.8_0.84.png,393,0.8,0.84,400,400,33.15758191851212,0.9853820204734802,31.769298529733845,0.9869758486747742,-1.3882833887782766,0.0015938282012939453,14.560105323791504,7.32142972946167,17.27756118774414,0.5028418110065664,1.1866371021033935,-0.1543802171945572,0.5361467599868774,8.40635871887207,4.169178009033203,0.49595528200259886,-0.16580016911029816,0.5333516001701355,0.0025159893557429314,0.002789438469335437,0.0027216700837016106,0.0026999518740922213,0.0004416597366798669,0.0006219043862074614,0.00018024464952759445,0.014059905894100666,0.01635735109448433,0.002297445200383663,0.0004416678857523948,0.000622941879555583,0.0001812739938031882,0.75<=A<0.85,0.8<=beta<1.1,baseline_middle_50
327,394_0.79_0.57.png,394,0.79,0.57,400,400,35.03771485244103,0.9886144399642944,34.30570695344521,0.9912827014923096,-0.7320078989958176,0.0026682615280151367,11.794635772705078,4.522573947906494,12.861308097839355,0.3834432902432264,1.0904370720461543,-0.05479878559708595,0.5693645477294922,6.814715385437012,2.6099565029144287,0.3829883355791914,-0.06208061799407005,0.5736026763916016,0.0018297892529517412,0.0018779977690428495,0.0016177453799173236,0.0018339146627113223,0.0002898196689784527,0.0003446109767537564,5.479130777530372e-05,0.011317893862724304,0.011897997930645943,0.0005801040679216385,0.00029025215189903975,0.0003466285124886781,5.637636058963835e-05,0.75<=A<0.85,beta<0.8,baseline_middle_50
328,395_0.95_1.58.png,395,0.95,1.58,400,400,30.057989088726224,0.9655964970588684,27.407217145482427,0.9698617458343506,-2.6507719432437966,0.004265248775482178,20.83538055419922,15.315361976623535,28.67566680908203,0.7350651425244468,1.3762967628303127,-0.24070774018764496,0.497407466173172,12.030885696411133,8.848773956298828,0.7355047815755126,-0.24773454666137695,0.4899154603481293,0.004698537290096283,0.0049241757951676846,0.00419181352481246,0.004773220978677273,0.0009044022881425917,0.0017131119966506958,0.0008087097085081041,0.018965261057019234,0.028135837987065315,0.009170576930046082,0.0009046386694535613,0.0017236871644854546,0.0008190484950318933,A>=0.95,1.4<=beta<1.7,baseline_middle_50
329,396_0.76_1.73.png,396,0.76,1.73,400,400,30.156895861585305,0.9720515608787537,28.27727512689976,0.9725494980812073,-1.8796207346855454,0.0004979372024536133,20.520957946777344,10.740593910217285,25.772621154785156,0.5233963218517297,1.25591705911724,-0.28982266783714294,0.5174614787101746,11.852762222290039,6.213425636291504,0.5242175216007181,-0.2920413911342621,0.5186889171600342,0.00519526144489646,0.005560540594160557,0.004000263288617134,0.005273450165987015,0.0008773118606768548,0.0013838084414601326,0.0005064965807832778,0.021028919145464897,0.025537488982081413,0.004508569836616516,0.0008780498174019158,0.0013881884515285492,0.0005101386341266334,0.75<=A<0.85,beta>=1.7,baseline_middle_50
330,397_0.61_1.53.png,397,0.61,1.53,400,400,27.634781127006317,0.9801851511001587,27.292995316881125,0.9773940443992615,-0.3417858101251916,-0.002791106700897217,28.015377044677734,11.420975685119629,29.20541763305664,0.4076681055159794,1.0424781214431302,0.0974230244755745,0.6354566812515259,16.067880630493164,6.548994064331055,0.4075829423267286,0.1025383397936821,0.648881196975708,0.0014135782839730382,0.0020577709656208754,0.0012744570849463344,0.0017758593894541264,0.0016351278172805905,0.0017769925761967897,0.0001418647589161992,0.03474550321698189,0.03525574877858162,0.0005102455615997314,0.001613604836165905,0.0017467887373641133,0.00013318390119820833,A<0.65,1.4<=beta<1.7,baseline_weakest_25
331,398_0.78_1.13.png,398,0.78,1.13,400,400,29.554553356372857,0.9819432497024536,28.03435683606649,0.977003276348114,-1.5201965203063672,-0.0049399733543396,22.385732650756836,12.538249015808105,26.836524963378906,0.5601000070633918,1.19882272258226,-0.1102159395813942,0.557540237903595,12.881250381469727,7.197606086730957,0.5587661037227446,-0.11194587498903275,0.5601068139076233,0.02173248492181301,0.0219997800886631,0.022168630734086037,0.0219391081482172,0.0010440022451803088,0.0015004148008301854,0.0004564125556498766,0.02526635304093361,0.02840295433998108,0.00313660129904747,0.001037041307426989,0.0014905629213899374,0.0004535216139629483,0.75<=A<0.85,1.1<=beta<1.4,baseline_middle_50
332,399_0.98_1.03.png,399,0.98,1.03,400,400,29.288827343595983,0.9807198643684387,28.56322409929767,0.9776746034622192,-0.7256032442983127,-0.0030452609062194824,22.81278419494629,13.23727035522461,24.890981674194336,0.5802566772256171,1.091097932698124,0.12598149478435516,0.6769518256187439,13.119682312011719,7.603818893432617,0.5795734006814284,0.12738166749477386,0.6824504733085632,0.0015780554385855794,0.002046487294137478,0.0023575301747769117,0.0019418849842622876,0.001084214891307056,0.001290752086788416,0.00020653719548135996,0.026167506352066994,0.027910998091101646,0.0017434917390346527,0.0010757878189906478,0.0012783061247318983,0.00020251830574125051,A>=0.95,0.8<=beta<1.1,baseline_middle_50
333,39_0.78_1.14.png,39,0.78,1.14,400,400,30.691380595662427,0.9865316152572632,30.228609445278547,0.9858904480934143,-0.4627711503838796,-0.000641167163848877,19.29902458190918,9.132889747619629,20.434646606445312,0.47323063965526835,1.0588434933442523,0.10861264914274216,0.6104418635368347,11.155548095703125,5.239923477172852,0.46971457002557826,0.10421369224786758,0.6158432364463806,0.0009544655331410468,0.0009690251317806542,0.0019577411003410816,0.0010773856192827225,0.0007759422878734767,0.000869947427418083,9.400513954460621e-05,0.020803144201636314,0.02132904902100563,0.0005259048193693161,0.0007777889841236174,0.0008732473943382502,9.545841021463275e-05,0.75<=A<0.85,1.1<=beta<1.4,baseline_middle_50
334,3_0.5_0.82.png,3,0.5,0.82,400,400,34.85639386935242,0.992838978767395,34.674331351689254,0.9929448962211609,-0.18206251766316228,0.00010591745376586914,11.564167022705078,4.717576503753662,11.85446834564209,0.4079478006925337,1.025103522144486,0.14166538417339325,0.6280522346496582,6.606489181518555,2.6823151111602783,0.4060121855135963,0.09536992013454437,0.6108990907669067,0.011693675071001053,0.011530984193086624,0.009390370920300484,0.011335598304867744,0.00027860410045832396,0.0002927675668615848,1.4163466403260827e-05,0.013764835894107819,0.013443747535347939,-0.00032108835875988007,0.00027278560446575284,0.00029662795714102685,2.3842352675274014e-05,A<0.65,0.8<=beta<1.1,baseline_middle_50
335,400_0.77_1.32.png,400,0.77,1.32,400,400,28.89486276167338,0.9789488315582275,28.36189792754829,0.9767386317253113,-0.5329648341250888,-0.0022101998329162598,24.108694076538086,13.147110939025879,25.719057083129883,0.5453265488909366,1.0667959451258273,0.14608465135097504,0.6006754636764526,13.849958419799805,7.5355753898620605,0.5440864991399003,0.14267757534980774,0.6049728393554688,0.016747038811445236,0.01788911409676075,0.01768096350133419,0.017523905262351036,0.0012108939699828625,0.001378062181174755,0.00016716821119189262,0.027230581268668175,0.02706802263855934,-0.0001625586301088333,0.0011988834012299776,0.0013676529051735997,0.0001687695039436221,0.75<=A<0.85,1.1<=beta<1.4,baseline_middle_50
336,401_0.7_0.6.png,401,0.7,0.6,400,400,33.96938284120903,0.9745102524757385,36.53289898833997,0.9788500070571899,2.5635161471309402,0.004339754581451416,12.966486930847168,7.655777454376221,9.24219036102295,0.5904280392373039,0.712775203516062,0.7118198275566101,0.7508975863456726,7.2888875007629395,4.382391929626465,0.6012429097263132,0.7241365313529968,0.7471317052841187,-0.0005619091098196805,0.0002527597825974226,-0.00018822164565790445,-4.1098115616478026e-05,0.000350270391209051,0.0001779543235898018,-0.00017231606761924922,0.014749591238796711,0.010492896661162376,-0.0042566945776343346,0.0003320492396596819,0.00016294624947477132,-0.0001691029901849106,0.65<=A<0.75,beta<0.8,baseline_middle_50
337,402_0.5_1.99.png,402,0.5,1.99,400,400,23.234688606624427,0.9330747723579407,20.6244185899042,0.9318709969520569,-2.6102700167202286,-0.001203775405883789,46.70183563232422,20.87154769897461,63.45375442504883,0.4469106495790194,1.3586993651515045,-0.7231141924858093,0.509488582611084,27.244970321655273,12.08371639251709,0.44352099671448425,-0.7334149479866028,0.5024579167366028,-0.03842904791235924,-0.03751320019364357,-0.03418269380927086,-0.03740736097097397,0.004543877672404051,0.008388289250433445,0.003844411578029394,0.047375790774822235,0.05807313695549965,0.010697346180677414,0.004639302846044302,0.008570095524191856,0.003930792678147554,A<0.65,beta>=1.7,baseline_weakest_25
338,403_0.91_0.7.png,403,0.91,0.7,400,400,34.14645695177986,0.9684275984764099,35.1305824944945,0.9743867516517639,0.9841255427146365,0.005959153175354004,12.629571914672852,10.110403060913086,11.017126083374023,0.8005341059238095,0.8723277525008182,0.5495700836181641,0.7357109785079956,7.140769958496094,5.751234531402588,0.8054081793462292,0.5498775839805603,0.734153151512146,-0.0012279585935175419,-0.0005663175252266228,-0.00048610434168949723,-0.0007550038280896842,0.00033230436383746564,0.00025286886375397444,-7.94355000834912e-05,0.014722884632647038,0.011363415978848934,-0.0033594686537981033,0.0003186912217643112,0.00024313927860930562,-7.555194315500557e-05,0.85<=A<0.95,beta<0.8,baseline_middle_50
339,404_0.71_1.78.png,404,0.71,1.78,400,400,31.55423185455847,0.936259388923645,33.217237016561455,0.9518895149230957,1.6630051620029853,0.015630125999450684,16.631542205810547,10.631180763244629,13.315074920654297,0.6392179770033848,0.8005917163834886,0.6004622578620911,0.7119508981704712,9.403397560119629,6.072887897491455,0.6458184777007553,0.5872572660446167,0.6990492343902588,0.0027704304084181786,0.005149872973561287,0.007563255727291107,0.004713545087724924,0.0005762671353295445,0.0003693567414302379,-0.00020691039389930665,0.01971280947327614,0.015751706436276436,-0.0039611030369997025,0.0005526493187062442,0.0003639517235569656,-0.00018869759514927864,0.65<=A<0.75,beta>=1.7,baseline_middle_50
340,405_0.73_1.88.png,405,0.73,1.88,400,400,32.95211116883507,0.98786461353302,31.82644843731568,0.9864863157272339,-1.1256627315193874,-0.0013782978057861328,13.577116966247559,7.396086692810059,16.089799880981445,0.5447464812446252,1.185067486785329,-0.0987948402762413,0.4553961753845215,7.690356254577637,4.131092071533203,0.5371782443855181,-0.18273963034152985,0.42556607723236084,0.0067184376530349255,0.006962575949728489,0.0009069775114767253,0.006199241615831852,0.0003840377030428499,0.0005393367609940469,0.00015529905795119703,0.015174771659076214,0.017934398725628853,0.002759627066552639,0.00036963485763408244,0.0005488662864081562,0.00017923142877407372,0.65<=A<0.75,beta>=1.7,baseline_middle_50
341,406_0.86_1.52.png,406,0.86,1.52,400,400,31.266962270042164,0.9871081113815308,31.17622497207861,0.9871846437454224,-0.09073729796355323,7.653236389160156e-05,17.39482879638672,6.810909748077393,17.75914764404297,0.3915479610522045,1.0209440892992248,0.14172343909740448,0.5966342687606812,9.773780822753906,3.730708122253418,0.3817057277945216,0.08035421371459961,0.5599362254142761,0.0016191203612834215,0.0020506572909653187,-0.0008377706981264055,0.0015923469327390194,0.0006303751142695546,0.000657056865748018,2.668175147846341e-05,0.019443098455667496,0.019013872370123863,-0.0004292260855436325,0.0005970424390397966,0.0006474065594375134,5.036412039771676e-05,0.85<=A<0.95,1.4<=beta<1.7,baseline_middle_50
342,407_0.68_1.96.png,407,0.68,1.96,400,400,32.91518312828969,0.9880631566047668,32.05587939870338,0.9865327477455139,-0.8593037295863084,-0.0015304088592529297,13.548820495605469,7.330907821655273,15.428689002990723,0.5410735070283821,1.1387477609578625,-0.0036832820624113083,0.4850444793701172,7.800102233886719,4.019646167755127,0.5153324978603742,-0.07168550789356232,0.4484001398086548,0.008674205280840397,0.008861418813467026,0.0015315029304474592,0.007969832047820091,0.00038243859307840466,0.0004959258949384093,0.00011348730186000466,0.01511390320956707,0.017482401803135872,0.002368498593568802,0.00038025996764190495,0.0005093396757729352,0.0001290797081310302,0.65<=A<0.75,beta>=1.7,baseline_middle_50
343,408_0.56_1.7.png,408,0.56,1.7,400,400,34.7019231873052,0.9906769394874573,33.702547064456,0.9894828200340271,-0.9993761228491991,-0.0011941194534301758,10.582242012023926,10.664039611816406,11.925315856933594,1.0077297041307067,1.1269177026365131,0.36992838978767395,0.5529407858848572,5.852245807647705,5.914997577667236,1.0107226818698434,0.3617856800556183,0.5274761915206909,0.007199258077889681,0.0072204177267849445,0.001690484001301229,0.006583679001778364,0.00023329968098551035,0.00029627743060700595,6.29777496214956e-05,0.011835695244371891,0.01358497329056263,0.0017492780461907387,0.00021405486040748656,0.00027618007152341306,6.21252111159265e-05,A<0.65,beta>=1.7,baseline_middle_50
344,409_0.54_1.68.png,409,0.54,1.68,400,400,26.84651666977247,0.9865522384643555,23.69047399531411,0.9777700901031494,-3.1560426744583587,-0.008782148361206055,31.242443084716797,16.032222747802734,45.10799789428711,0.5131552197864254,1.443805075421681,-0.8001912832260132,0.08118333667516708,18.165246963500977,9.119644165039062,0.502037995044216,-0.8022289872169495,0.07952500134706497,0.05909482762217522,0.061905089765787125,0.06210784614086151,0.06108793616294861,0.0020335211884230375,0.0042390236631035805,0.002205502474680543,0.04139833152294159,0.06103592365980148,0.019637592136859894,0.0020623512100428343,0.00424337200820446,0.002181020798161626,A<0.65,1.4<=beta<1.7,baseline_weakest_25
345,40_0.96_1.08.png,40,0.96,1.08,400,400,28.675906854811267,0.9806857109069824,28.263724184577303,0.9801722764968872,-0.41218267023396393,-0.0005134344100952148,24.535791397094727,9.407183647155762,25.876035690307617,0.3834065710335988,1.0546240498837787,0.045341912657022476,0.5078421235084534,14.17678165435791,5.420153617858887,0.3823260984056098,0.037789467722177505,0.5157160758972168,-0.005486040376126766,-0.0056150853633880615,-0.004818855784833431,-0.0054857307113707066,0.0012541771866381168,0.0013949358835816383,0.0001407586969435215,0.025082798674702644,0.027113692834973335,0.002030894160270691,0.0012561321491375566,0.001403448055498302,0.00014731590636074543,A>=0.95,0.8<=beta<1.1,baseline_weakest_25
346,410_0.98_1.98.png,410,0.98,1.98,400,400,25.060586456173727,0.9790059328079224,19.56339914213427,0.9647142291069031,-5.497187314039458,-0.014291703701019287,38.2038688659668,35.94774627685547,72.5433120727539,0.9409451802636368,1.8988472692978422,-0.9141036868095398,0.07470283657312393,22.0681095123291,20.715219497680664,0.9386947933218929,-0.9222186207771301,0.0734037533402443,0.08448407053947449,0.08806086331605911,0.08891090005636215,0.08708830922842026,0.003040699055418372,0.01096360757946968,0.007922908524051309,0.04856078326702118,0.08997561782598495,0.041414834558963776,0.003043759148567915,0.010995614342391491,0.007951855193823576,A>=0.95,beta>=1.7,baseline_weakest_25
347,411_0.76_1.73.png,411,0.76,1.73,400,400,29.527511640151882,0.989717960357666,23.490488770497734,0.9777510762214661,-6.037022869654148,-0.011966884136199951,22.794620513916016,25.13924789428711,46.12085723876953,1.1028588029767685,2.023322003128455,-0.851212203502655,0.06612556427717209,13.242255210876465,14.353212356567383,1.083894859901087,-0.8547117114067078,0.0660066232085228,0.0569976307451725,0.060505595058202744,0.06169045343995094,0.059591781347990036,0.0010824890341609716,0.004431527573615313,0.003349038539454341,0.029047619551420212,0.060918278992176056,0.031870659440755844,0.0010959833161905408,0.004414251074194908,0.0033182677580043674,0.75<=A<0.85,beta>=1.7,baseline_middle_50
348,412_0.52_0.64.png,412,0.52,0.64,400,400,36.51991995206825,0.996058464050293,31.89850703876924,0.9932965040206909,-4.621412913299011,-0.0027619600296020508,9.894344329833984,11.83042049407959,17.266714096069336,1.1956750341109355,1.745109480777394,-0.2574981153011322,0.3232989013195038,5.434850692749023,6.826555252075195,1.2560704310024438,-0.24428527057170868,0.3246059715747833,0.020241113379597664,0.02139974944293499,0.02312401309609413,0.021249882876873016,0.00020395428873598576,0.0006211237632669508,0.0004171694745309651,0.011899936012923717,0.022172730416059494,0.010272794403135777,0.00018461000581737608,0.0005891628679819405,0.00040455286216456443,A<0.65,beta<0.8,baseline_strongest_25
349,413_0.65_1.48.png,413,0.65,1.48,400,400,33.469010405211264,0.99181067943573,29.311718491072696,0.9867361187934875,-4.157291914138568,-0.005074560642242432,13.675366401672363,21.755962371826172,22.702619552612305,1.5908869812194304,1.6601105144675317,0.2435605227947235,0.76787930727005,7.450922966003418,12.587761878967285,1.6894231676266012,0.2739925682544708,0.7874360680580139,-0.018659932538866997,-0.021355485543608665,-0.018613437190651894,-0.020236922428011894,0.0003896159469150007,0.0010737685952335596,0.0006841526483185589,0.014734646305441856,0.026677457615733147,0.01194281131029129,0.00034697659430094063,0.0010160764213651419,0.0006690998270642012,0.65<=A<0.75,1.4<=beta<1.7,baseline_middle_50
350,414_0.58_1.54.png,414,0.58,1.54,400,400,34.19470460489303,0.9916568994522095,28.715358486038774,0.9861778616905212,-5.479346118854259,-0.005479037761688232,12.254227638244629,19.9492244720459,24.320219039916992,1.627946294206719,1.9846390778652754,-0.08863415569067001,0.48288166522979736,6.5874714851379395,11.515771865844727,1.7481323284397625,-0.07679066807031631,0.46946218609809875,-0.02146707847714424,-0.02428613044321537,-0.021371550858020782,-0.023110972717404366,0.00031284603755921125,0.0012322354596108198,0.0009193894220516086,0.011706313118338585,0.02935590036213398,0.017649587243795395,0.0002712173736654222,0.0011728652752935886,0.0009016479016281664,A<0.65,1.4<=beta<1.7,baseline_middle_50
351,415_0.56_1.96.png,415,0.56,1.96,400,400,33.14763204772878,0.9891724586486816,30.901958184980852,0.9852575659751892,-2.2456738627479247,-0.003914892673492432,14.037053108215332,10.11902904510498,18.285417556762695,0.7208798718003505,1.3026535851788552,-0.12293213605880737,0.4907827377319336,7.6237053871154785,5.788429260253906,0.7592671760423351,-0.11920365691184998,0.4778851270675659,-0.0075836507603526115,-0.008872197940945625,-0.004781889263540506,-0.00802062638103962,0.00041049759602174163,0.000696576084010303,0.0002860784879885614,0.013646700419485569,0.018925782293081284,0.005279081873595715,0.0003632555017247796,0.0006384220323525369,0.0002751665306277573,A<0.65,beta>=1.7,baseline_middle_50
352,416_0.95_0.59.png,416,0.95,0.59,400,400,31.86000177154552,0.9921813011169434,30.76933285429409,0.990157425403595,-1.0906689172514312,-0.0020238757133483887,17.24957847595215,10.30162239074707,19.648754119873047,0.5972100944442608,1.1390860447555642,0.049515921622514725,0.40126219391822815,9.604219436645508,5.821570873260498,0.6061472159879985,0.03815167769789696,0.40530169010162354,-0.011590197682380676,-0.010865583084523678,-0.011793368496000767,-0.011188010685145855,0.0006198915070854127,0.0008043198613449931,0.00018442835425958037,0.015164772979915142,0.0187530480325222,0.0035882750526070595,0.0005765064270235598,0.0007616591756232083,0.00018515274859964848,A>=0.95,beta<0.8,baseline_middle_50
353,417_0.88_1.82.png,417,0.88,1.82,400,400,30.422870475907665,0.9833968877792358,30.60156776147827,0.9846594929695129,0.17869728557060682,0.0012626051902770996,19.312837600708008,6.188000202178955,18.974327087402344,0.32040864890574666,0.9824722539326248,0.21442939341068268,0.509472668170929,9.36146068572998,3.3740768432617188,0.3604220491365144,0.15814431011676788,0.41975638270378113,0.023548945784568787,0.01596204563975334,0.010182501748204231,0.01757166162133217,0.0007770535885356367,0.0007500522187910974,-2.700136974453926e-05,0.02110222354531288,0.020994914695620537,-0.00010730884969234467,0.0005477308877743781,0.0005564434104599059,8.712522685527802e-06,0.85<=A<0.95,beta>=1.7,baseline_middle_50
354,418_0.98_0.77.png,418,0.98,0.77,400,400,28.993431546869438,0.9893178939819336,29.70472273120396,0.9917953014373779,0.7112911843345238,0.002477407455444336,23.885894775390625,5.576114654541016,22.094518661499023,0.23344801218357644,0.925002762896819,0.42593610286712646,0.6542229056358337,13.581533432006836,2.9882287979125977,0.22002145876034931,0.40150782465934753,0.7049331068992615,0.031227601692080498,0.027996156364679337,0.0257866233587265,0.02871047332882881,0.0011886167339980602,0.0010170161258429289,-0.00017160060815513134,0.031144659966230392,0.028522726148366928,-0.0026219338178634644,0.0011528626782819629,0.0010049836710095406,-0.00014787900727242231,A>=0.95,beta<0.8,baseline_middle_50
355,419_0.87_0.61.png,419,0.87,0.61,400,400,33.15145664572966,0.9909722805023193,34.636484704197,0.9935168623924255,1.4850280584673428,0.002544581890106201,14.255545616149902,5.044764041900635,12.053625106811523,0.35388081086040607,0.8455393733338515,0.5797075629234314,0.6237502098083496,7.3362932205200195,2.6466574668884277,0.360762225190997,0.5222885012626648,0.46130144596099854,0.014974252320826054,0.012101798318326473,0.010325098410248756,0.01275811716914177,0.00042337621562182903,0.000302687258226797,-0.00012068895739503205,0.015895266085863113,0.013599544763565063,-0.00229572132229805,0.000336382508976385,0.00025339878629893064,-8.298372267745435e-05,0.85<=A<0.95,beta<0.8,baseline_middle_50
356,41_0.76_1.73.png,41,0.76,1.73,400,400,27.122433348748977,0.9618694186210632,25.907718430041346,0.9567503333091736,-1.2147149187076316,-0.0051190853118896484,29.867883682250977,8.792001724243164,34.45610809326172,0.294363062940004,1.1536173255468147,-0.41476571559906006,0.34045225381851196,16.604320526123047,4.923755168914795,0.2965345773209092,-0.40696924924850464,0.3456806540489197,0.031935129314661026,0.03212600573897362,0.040531087666749954,0.03302711248397827,0.0018585218349471688,0.002473382046446204,0.0006148602114990354,0.031516820192337036,0.03658115863800049,0.005064338445663452,0.0017231464153155684,0.0022905676160007715,0.0005674212006852031,0.75<=A<0.85,beta>=1.7,baseline_weakest_25
357,420_0.62_1.38.png,420,0.62,1.38,400,400,30.762376548716702,0.9893432259559631,31.531483228571915,0.9894540309906006,0.7691066798552129,0.00011080503463745117,19.353015899658203,6.112314701080322,17.57657241821289,0.3158326708752548,0.908208441999126,0.43521106243133545,0.6920968890190125,9.247167587280273,3.38386607170105,0.3659354110068956,0.4743122458457947,0.7604284882545471,0.013886669650673866,0.0064329239539802074,0.0013827286893501878,0.008085872046649456,0.0007802901091054082,0.0006436164840124547,-0.00013667362509295344,0.02286776714026928,0.020183129236102104,-0.0026846379041671753,0.0005344381206668913,0.00042048172326758504,-0.0001139563973993063,A<0.65,1.1<=beta<1.4,baseline_middle_50
358,421_0.58_1.77.png,421,0.58,1.77,400,400,26.64332125305505,0.9856553077697754,27.35791935429024,0.9852160811424255,0.7145981012351896,-0.0004392266273498535,31.812992095947266,5.614099979400635,29.25723648071289,0.1764719257612939,0.9196631487058409,0.5251882672309875,0.6938806772232056,18.720548629760742,3.1974990367889404,0.17080156677170022,0.5608406662940979,0.7230044603347778,0.037480905652046204,0.03623024746775627,0.03274209797382355,0.03620654717087746,0.0021084717009216547,0.001783304032869637,-0.0003251676680520177,0.03989384323358536,0.03709213808178902,-0.002801705151796341,0.0021903682500123978,0.001834626542404294,-0.00035574170760810375,A<0.65,beta>=1.7,baseline_weakest_25
359,422_0.65_0.92.png,422,0.65,0.92,400,400,31.664597679907605,0.9927791357040405,30.245337482886313,0.9921618700027466,-1.4192601970212912,-0.0006172657012939453,17.645450592041016,5.342248439788818,20.93797492980957,0.3027550025953115,1.1865933839770375,-0.5224409699440002,0.27066975831985474,10.35313892364502,3.052685499191284,0.29485603561441714,-0.596824049949646,0.267168253660202,0.028642766177654266,0.023197326809167862,0.01618029922246933,0.02402557246387005,0.000648670713417232,0.0009133308776654303,0.00026466016424819827,0.020658496767282486,0.02502991072833538,0.004371413961052895,0.0006699218065477908,0.0009639468044042587,0.00029402499785646796,0.65<=A<0.75,0.8<=beta<1.1,baseline_middle_50
360,423_0.81_1.79.png,423,0.81,1.79,400,400,30.750135041604576,0.9852839708328247,31.23374978553073,0.9841039180755615,0.4836147439261538,-0.0011800527572631836,19.312253952026367,10.968362808227539,18.055517196655273,0.5679483521433637,0.9349254230763039,0.3948243260383606,0.7121616005897522,11.44771957397461,6.246984958648682,0.5456968890861597,0.44660842418670654,0.7230735421180725,0.01831049472093582,0.011753884144127369,0.0021809630561619997,0.012622998096048832,0.0007770065567456186,0.0006791702471673489,-9.783630957826972e-05,0.022067802026867867,0.019781460985541344,-0.002286341041326523,0.0008190642111003399,0.0006637364276684821,-0.00015532778343185782,0.75<=A<0.85,beta>=1.7,baseline_middle_50
361,424_0.81_1.5.png,424,0.81,1.5,400,400,32.66624145266398,0.9887311458587646,32.79051032044626,0.9885295629501343,0.12426886778227697,-0.0002015829086303711,15.351421356201172,9.189962387084961,15.045486450195312,0.5986391861606154,0.9800712325649066,0.33227792382240295,0.6934897303581238,9.021889686584473,5.262456893920898,0.5832987408110475,0.380809485912323,0.7075254917144775,0.012630433775484562,0.007060200907289982,-0.0015978553565219045,0.0077386824414134026,0.0004909711424261332,0.0004715972172562033,-1.9373925169929862e-05,0.01691039279103279,0.01679111272096634,-0.00011928007006645203,0.000508715573232621,0.0004558019863907248,-5.2913586841896176e-05,0.75<=A<0.85,1.4<=beta<1.7,baseline_middle_50
362,425_0.95_1.73.png,425,0.95,1.73,400,400,25.01986703117177,0.96286940574646,25.402067333928045,0.9669508934020996,0.38220030275627437,0.0040814876556396484,37.30234909057617,16.29689598083496,35.6807975769043,0.4368865869884882,0.9565295067682069,0.3157813251018524,0.5149122476577759,21.384239196777344,9.333420753479004,0.4364626053605673,0.310613214969635,0.503236711025238,-0.01270399708300829,-0.011740109883248806,-0.010816195048391819,-0.01192298624664545,0.002898886101320386,0.0026523321866989136,-0.00024655391462147236,0.03923816606402397,0.04026614874601364,0.0010279826819896698,0.00285803503356874,0.0026275559794157743,-0.00023047905415296555,A>=0.95,beta>=1.7,baseline_weakest_25
363,426_0.84_1.85.png,426,0.84,1.85,400,400,27.13412487381706,0.9670771956443787,26.924725128738277,0.970446765422821,-0.2093997450787839,0.003369569778442383,28.730316162109375,16.253211975097656,29.52720069885254,0.5657164328923399,1.0277367131028696,0.23314878344535828,0.5226037502288818,16.38831901550293,9.365559577941895,0.5714777439395898,0.2303037941455841,0.5213111639022827,-0.017836879938840866,-0.01680239662528038,-0.016153957694768906,-0.017037784680724144,0.0017196480184793472,0.0018163658678531647,9.671784937381744e-05,0.03160829469561577,0.03387998789548874,0.0022716931998729706,0.0016786061460152268,0.0017849622527137399,0.00010635610669851303,0.75<=A<0.85,beta>=1.7,baseline_weakest_25
364,427_0.69_0.58.png,427,0.69,0.58,400,400,29.722152534062516,0.980013906955719,29.399150439216356,0.9867944121360779,-0.32300209484616005,0.006780505180358887,22.02161979675293,14.767279624938965,22.99349594116211,0.6705809909185876,1.0441328182658245,0.2680254280567169,0.47829005122184753,12.561962127685547,8.514899253845215,0.6778319475330264,0.2603943943977356,0.47784915566444397,-0.0161809753626585,-0.01567102037370205,-0.014645333401858807,-0.015706567093729973,0.0010103161912411451,0.0011014601914212108,9.114400018006563e-05,0.02419903501868248,0.026684314012527466,0.002485278993844986,0.0009862680453807116,0.0010912551078945398,0.00010498706251382828,0.65<=A<0.75,beta<0.8,baseline_middle_50
365,428_0.92_0.82.png,428,0.92,0.82,400,400,29.907995525918754,0.9774825572967529,30.109832103509714,0.9854844808578491,0.20183657759096008,0.008001923561096191,21.228036880493164,17.481496810913086,20.679651260375977,0.8235098190816296,0.9741669178735454,0.44271931052207947,0.5909364223480225,12.067891120910645,10.06932258605957,0.8343895785247802,0.434472918510437,0.5986054539680481,-0.013592318631708622,-0.01370610948652029,-0.013042275793850422,-0.013596408069133759,0.0009388116304762661,0.0008909332100301981,-4.787842044606805e-05,0.02249624952673912,0.021777059882879257,-0.0007191896438598633,0.0009102125186473131,0.0008839678484946489,-2.6244670152664185e-05,0.85<=A<0.95,0.8<=beta<1.1,baseline_middle_50
366,429_0.52_1.11.png,429,0.52,1.11,400,400,25.44849228267394,0.9860727787017822,23.509681478961358,0.979647159576416,-1.938810803712581,-0.006425619125366211,36.59309005737305,13.53298282623291,45.797996520996094,0.36982345041140313,1.2515476678572646,-0.580820620059967,0.11909130215644836,21.290311813354492,7.365981578826904,0.34597809761558035,-0.5581277012825012,0.14152981340885162,-0.06002580374479294,-0.05507982522249222,-0.062287840992212296,-0.05738038942217827,0.0027896964456886053,0.004369701258838177,0.0015800048131495714,0.04621652141213417,0.06053399294614792,0.014317471534013748,0.002832983620464802,0.0042661926709115505,0.0014332090504467487,A<0.65,1.1<=beta<1.4,baseline_weakest_25
367,42_0.58_1.34.png,42,0.58,1.34,400,400,32.17183685710263,0.9791573286056519,29.062920967813227,0.9709047675132751,-3.108915889289406,-0.008252561092376709,16.556541442871094,10.368919372558594,23.977853775024414,0.626273271403747,1.4482404950188907,-0.5629990100860596,0.2341242879629135,9.249202728271484,5.854106426239014,0.6329309236941165,-0.5653868913650513,0.30071887373924255,0.026238171383738518,0.024031834676861763,0.028422459959983826,0.025192061439156532,0.0005710813566111028,0.0011977864196524024,0.0006267050630412996,0.018307197839021683,0.02697385661303997,0.008666658774018288,0.0005346733960323036,0.001131530967541039,0.0005968575715087354,A<0.65,1.1<=beta<1.4,baseline_middle_50
368,430_0.66_1.24.png,430,0.66,1.24,400,400,29.23436098785746,0.9895349740982056,25.857611870942286,0.9852533936500549,-3.3767491169151747,-0.004281580448150635,23.304920196533203,17.026132583618164,34.86164855957031,0.7305810292433844,1.4958922092664477,-0.48177075386047363,0.1749395877122879,12.91246223449707,9.46281909942627,0.7328438935639481,-0.4750378131866455,0.1686437427997589,-0.03788604587316513,-0.03655845299363136,-0.04097241535782814,-0.037458594888448715,0.001131498604081571,0.0025319471023976803,0.0014004484983161092,0.024674486368894577,0.04177846387028694,0.017103977501392365,0.001042072894051671,0.0023272796534001827,0.0012852067593485117,0.65<=A<0.75,1.1<=beta<1.4,baseline_middle_50
369,431_0.86_1.86.png,431,0.86,1.86,400,400,23.02155682510799,0.9765890836715698,21.80381369174232,0.970962643623352,-1.2177431333656692,-0.0056264400482177734,48.59040069580078,10.200791358947754,55.96369552612305,0.20993429181227793,1.1517438573203507,-0.672690212726593,0.552022397518158,27.693506240844727,5.8145952224731445,0.20996240677886022,-0.6830811500549316,0.5470393896102905,-0.031222496181726456,-0.03099074959754944,-0.03162220120429993,-0.031132027506828308,0.004918805789202452,0.006524864584207535,0.001606058795005083,0.0420273058116436,0.04596101865172386,0.003933712840080261,0.0047933137975633144,0.006379549857228994,0.00158623605966568,0.85<=A<0.95,beta>=1.7,baseline_weakest_25
370,432_0.67_1.68.png,432,0.67,1.68,400,400,26.710529140122638,0.9832000136375427,25.42889608072691,0.9815554022789001,-1.2816330593957268,-0.0016446113586425781,31.328014373779297,12.897103309631348,36.510009765625,0.41167956435904457,1.1654109108230906,-0.22918623685836792,0.34285834431648254,17.19902229309082,7.448974609375,0.4331045382950284,-0.22926722466945648,0.3240187466144562,-0.03081561252474785,-0.0303218774497509,-0.03280055895447731,-0.030752073973417282,0.0020446758717298508,0.0027770432643592358,0.000732367392629385,0.027906328439712524,0.039060480892658234,0.01115415245294571,0.001848789514042437,0.002562741981819272,0.000713952467776835,0.65<=A<0.75,1.4<=beta<1.7,baseline_weakest_25
371,433_0.95_1.27.png,433,0.95,1.27,400,400,25.398927611336596,0.9467839002609253,25.314455270445926,0.9422606825828552,-0.08447234089067024,-0.004523217678070068,35.6430778503418,12.196294784545898,36.14919662475586,0.3421784963620627,1.0141996372069537,0.12929682433605194,0.5521031618118286,20.527650833129883,6.7818450927734375,0.33037609358729525,0.1324869990348816,0.5459135174751282,0.007609915919601917,0.008361677639186382,0.011325430124998093,0.00847476813942194,0.0026467270217835903,0.002722425851970911,7.569883018732071e-05,0.03746214509010315,0.03879538178443909,0.0013332366943359375,0.002633652649819851,0.002690558787435293,5.6906137615442276e-05,A>=0.95,1.1<=beta<1.4,baseline_weakest_25
372,434_0.56_1.76.png,434,0.56,1.76,400,400,25.864754275917555,0.9551457166671753,24.91442800932767,0.951193630695343,-0.9503262665898866,-0.003952085971832275,33.51107406616211,11.087273597717285,37.516380310058594,0.33085402084777366,1.1195218701730856,-0.2174144834280014,0.3929864466190338,19.537841796875,6.3737101554870605,0.32622385940838716,-0.2403930425643921,0.3709498345851898,-0.03862883895635605,-0.03797197341918945,-0.03160722926259041,-0.03744279220700264,0.0023395668249577284,0.002932247705757618,0.0005926808807998896,0.03822391852736473,0.043912969529628754,0.005689051002264023,0.002385795349255204,0.003013893961906433,0.0006280986126512289,A<0.65,beta>=1.7,baseline_weakest_25
373,435_0.52_0.95.png,435,0.52,0.95,400,400,29.925545070109383,0.9763502478599548,30.73067742846382,0.9778162837028503,0.8051323583544381,0.0014660358428955078,20.7916316986084,9.605334281921387,18.684341430664062,0.46198078251666413,0.8986471914041562,0.43925997614860535,0.6064139008522034,12.070720672607422,5.470239639282227,0.45318252220814487,0.4270062744617462,0.5893808603286743,-0.015391238033771515,-0.015095006674528122,-0.011171221733093262,-0.014736268669366837,0.0009006081963889301,0.0007273014052771032,-0.0001733067911118269,0.023374417796730995,0.02151898853480816,-0.0018554292619228363,0.0009106393554247916,0.0007452224963344634,-0.00016541685909032822,A<0.65,0.8<=beta<1.1,baseline_middle_50
374,436_0.98_1.16.png,436,0.98,1.16,400,400,25.459826678810185,0.950355589389801,25.363773602529236,0.944982647895813,-0.09605307628094906,-0.005372941493988037,35.46417236328125,12.234902381896973,36.04173278808594,0.3449933148465265,1.0162857437892074,0.12490600347518921,0.5388830900192261,20.42277717590332,6.812040328979492,0.33355112628937494,0.12833820283412933,0.5294021368026733,0.010183741338551044,0.010789585299789906,0.01351877860724926,0.010919565334916115,0.0026202236767858267,0.002706263680011034,8.604000322520733e-05,0.03661422058939934,0.038319531828165054,0.0017053112387657166,0.0026068114675581455,0.0026736545842140913,6.684311665594578e-05,A>=0.95,1.1<=beta<1.4,baseline_weakest_25
375,437_0.96_1.74.png,437,0.96,1.74,400,400,30.06718941239956,0.9809830784797668,32.09290142513643,0.9841411709785461,2.0257120127368715,0.003158092498779297,20.93308448791504,14.012154579162598,16.064010620117188,0.6693783989288349,0.7673981648233047,0.6417651772499084,0.7838726043701172,11.777321815490723,7.5194292068481445,0.6384668199316615,0.6318013072013855,0.7839080095291138,0.0019245364237576723,0.003967169672250748,0.005309324711561203,0.0035094283521175385,0.0009129042155109346,0.0005376092158257961,-0.00037529499968513846,0.023150378838181496,0.015745554119348526,-0.00740482471883297,0.0008669081726111472,0.0005209004157222807,-0.0003460077568888664,A>=0.95,beta>=1.7,baseline_middle_50
376,438_0.56_1.19.png,438,0.56,1.19,400,400,32.01560751781416,0.9810880422592163,31.123064104641493,0.9820226430892944,-0.8925434131726675,0.000934600830078125,15.967866897583008,7.378834247589111,17.837169647216797,0.4621051950718612,1.1170665287745314,-0.03710872679948807,0.5558732748031616,9.608346939086914,4.207690715789795,0.437920356380226,-0.03032703511416912,0.5623667240142822,0.0006317702936939895,0.0036130035296082497,-0.0018116553546860814,0.0021032036747783422,0.0005311933346092701,0.0006628429400734603,0.00013164960546419024,0.019451124593615532,0.02119547128677368,0.0017443466931581497,0.0005770020070485771,0.0007029823027551174,0.00012598029570654035,A<0.65,1.1<=beta<1.4,baseline_middle_50
377,439_0.82_1.6.png,439,0.82,1.6,400,400,30.121846298264643,0.9810346364974976,31.86368255448533,0.9850773811340332,1.7418362562206866,0.0040427446365356445,20.846643447875977,9.834214210510254,16.49282455444336,0.47174089368867883,0.7911501242721058,0.6323607563972473,0.7922616004943848,11.945219993591309,5.3429789543151855,0.44729012585634503,0.6319922208786011,0.7932863831520081,-0.0008298436878249049,0.0016437581507489085,-0.0004270035133231431,0.0006680844817310572,0.0009053802350535989,0.0005666942452080548,-0.0003386859898455441,0.024791650474071503,0.01821052096784115,-0.006581129506230354,0.0008918017265386879,0.0005660271854139864,-0.0003257745411247015,0.75<=A<0.85,1.4<=beta<1.7,baseline_middle_50
378,43_0.96_1.8.png,43,0.96,1.8,400,400,24.932690728773828,0.9445871710777283,24.161821800473877,0.9472200870513916,-0.7708689282999508,0.00263291597366333,38.37397766113281,10.86905574798584,41.98615646362305,0.2832402688083751,1.0941309455691073,-0.20635740458965302,0.42953574657440186,21.21311378479004,6.087074279785156,0.28694864608465137,-0.16060273349285126,0.4335891008377075,0.032744377851486206,0.035929396748542786,0.04829113930463791,0.03638631850481033,0.003067837795242667,0.0036725776735693216,0.0006047398783266544,0.03883674368262291,0.042215436697006226,0.003378693014383316,0.0028124761302024126,0.0033032787032425404,0.0004908025730401278,A>=0.95,beta>=1.7,baseline_weakest_25
379,440_0.86_1.63.png,440,0.86,1.63,400,400,30.03541749648472,0.9814576506614685,32.242366729635236,0.9852268099784851,2.2069492331505174,0.0037691593170166016,21.07526969909668,11.21854019165039,15.719236373901367,0.5323082623294371,0.7458616946940004,0.6829149127006531,0.8068667650222778,12.000020027160645,6.106870174407959,0.5089049985404833,0.6815218925476074,0.8063193559646606,-6.252722232602537e-05,0.002251586876809597,0.000948278873693198,0.0014110896736383438,0.0009253479074686766,0.0005147799965925515,-0.0004105679108761251,0.024557100608944893,0.01703461818397045,-0.0075224824249744415,0.0009000029531307518,0.0005087936297059059,-0.00039120932342484593,0.85<=A<0.95,1.4<=beta<1.7,baseline_middle_50
380,441_0.7_1.99.png,441,0.7,1.99,400,400,16.859793360604137,0.9268445372581482,17.051299026790957,0.9245885610580444,0.19150566618682063,-0.0022559762001037598,98.79899597167969,9.65032958984375,96.56993103027344,0.09767639331689136,0.9774383846770548,0.2772159278392792,0.6455620527267456,56.878395080566406,5.559726715087891,0.09774760183040886,0.2804166376590729,0.6457133293151855,-0.12179458886384964,-0.12226734310388565,-0.12417913228273392,-0.12234392762184143,0.02033592015504837,0.019428648054599762,-0.0009072721004486084,0.12759622931480408,0.12392920255661011,-0.0036670267581939697,0.020219696685671806,0.019304441288113594,-0.0009152553975582123,0.65<=A<0.75,beta>=1.7,baseline_weakest_25
381,442_0.69_0.5.png,442,0.69,0.5,400,400,20.722563494559154,0.9447020292282104,21.314487568951623,0.9489749073982239,0.5919240743924696,0.004272878170013428,62.76197052001953,12.3004732131958,58.514434814453125,0.19598609016382382,0.9323230983607893,0.43162286281585693,0.69856196641922,36.04328918457031,7.090149402618408,0.19671205272946105,0.430720716714859,0.6960138082504272,-0.07064507156610489,-0.0715365782380104,-0.0733739510178566,-0.07147947698831558,0.008206385187804699,0.007133206352591515,-0.0010731788352131844,0.08348207175731659,0.07490193843841553,-0.008580133318901062,0.0081194918602705,0.007057785056531429,-0.001061706803739071,0.65<=A<0.75,beta<0.8,baseline_weakest_25
382,443_0.56_1.04.png,443,0.56,1.04,400,400,13.041939442884185,0.8776044249534607,12.862040171341881,0.8782359957695007,-0.179899271542304,0.0006315708160400391,153.66006469726562,8.327690124511719,156.89234924316406,0.054195539621296994,1.021035293407344,-0.36512282490730286,0.4457962214946747,88.60211944580078,4.781922817230225,0.05397074976468703,-0.3660934567451477,0.4450591206550598,-0.18745125830173492,-0.1884470134973526,-0.19039960205554962,-0.18837189674377441,0.049190446734428406,0.05128169059753418,0.002091243863105774,0.18873122334480286,0.1901407688856125,0.0014095455408096313,0.04906459525227547,0.051146384328603745,0.0020817890763282776,A<0.65,0.8<=beta<1.1,baseline_weakest_25
383,444_0.75_0.74.png,444,0.75,0.74,400,400,21.414040391450445,0.9490544199943542,21.761065073721127,0.9517713189125061,0.34702468227068195,0.0027168989181518555,57.83510971069336,11.005289077758789,55.51025390625,0.19028733813785742,0.9598019988883412,0.30214688181877136,0.6631382703781128,33.18840789794922,6.324013710021973,0.19054887265058432,0.2983693480491638,0.6577799916267395,-0.06509792059659958,-0.06605850160121918,-0.06767396628856659,-0.06595544517040253,0.006968541536480188,0.006419559009373188,-0.0005489825271070004,0.075657419860363,0.06905581057071686,-0.006601609289646149,0.0068841902539134026,0.00635136105120182,-0.0005328292027115822,0.75<=A<0.85,beta<0.8,baseline_weakest_25
384,445_0.81_1.09.png,445,0.81,1.09,400,400,28.647582343547423,0.986230194568634,28.237685104439873,0.9847114682197571,-0.4098972391075506,-0.0015187263488769531,25.098127365112305,6.509754180908203,26.31475067138672,0.25937210717788844,1.048474664606475,-0.06173594668507576,0.48613241314888,14.562882423400879,3.745885133743286,0.25722140884170563,-0.055404968559741974,0.493490606546402,0.02042730152606964,0.021329598501324654,0.02126357890665531,0.021052286028862,0.0013123250100761652,0.0014426377601921558,0.00013031275011599064,0.02816189080476761,0.02869947999715805,0.0005375891923904419,0.001325484598055482,0.0014509625034406781,0.0001254779053851962,0.75<=A<0.85,0.8<=beta<1.1,baseline_weakest_25
385,446_0.73_1.78.png,446,0.73,1.78,400,400,26.971630447549877,0.9786654114723206,27.44538707279213,0.9836766123771667,0.4737566252422525,0.005011200904846191,30.367525100708008,9.608075141906738,28.67828941345215,0.31639309130538035,0.9443736135343977,0.3291204869747162,0.6364561915397644,17.637313842773438,5.4986653327941895,0.3117631960179223,0.3328268826007843,0.6441270709037781,0.021708838641643524,0.02309759519994259,0.022525323554873466,0.022617116570472717,0.0019212219631299376,0.0017134257359430194,-0.00020779622718691826,0.033146195113658905,0.029197050258517265,-0.00394914485514164,0.001944217598065734,0.001729711890220642,-0.00021450570784509182,0.65<=A<0.75,beta>=1.7,baseline_weakest_25
386,447_0.86_1.46.png,447,0.86,1.46,400,400,28.496704784712787,0.9826161861419678,28.664207970525553,0.9824395179748535,0.16750318581276602,-0.0001766681671142578,25.45418930053711,7.883602142333984,24.93596839904785,0.3097172747971837,0.9796410368693879,0.21992351114749908,0.5233299136161804,14.831942558288574,4.537686824798584,0.30594015631909094,0.2207586020231247,0.52788245677948,0.017316173762083054,0.01825401745736599,0.01785251311957836,0.017927831038832664,0.001349824364297092,0.0012954218545928597,-5.4402509704232216e-05,0.028031405061483383,0.026964180171489716,-0.0010672248899936676,0.0013749157078564167,0.0013178862864151597,-5.7029421441257e-05,0.85<=A<0.95,1.4<=beta<1.7,baseline_weakest_25
387,448_0.7_1.9.png,448,0.7,1.9,400,400,26.534491361350085,0.9767636060714722,27.270990573587575,0.9830112457275391,0.73649921223749,0.0062476396560668945,31.95793342590332,11.02127456665039,29.21793556213379,0.3448681871812512,0.9142623577296571,0.41038623452186584,0.682503879070282,18.552265167236328,6.309390068054199,0.3400873160867013,0.4151630103588104,0.6897581815719604,0.02111058682203293,0.022588524967432022,0.021856073290109634,0.02206312119960785,0.002127727959305048,0.0017785161035135388,-0.00034921185579150915,0.034702613949775696,0.028836043551564217,-0.005866570398211479,0.0021511658560484648,0.001792514929547906,-0.00035865092650055885,0.65<=A<0.75,beta>=1.7,baseline_weakest_25
388,449_0.93_0.78.png,449,0.93,0.78,400,400,33.52942218917756,0.989879846572876,34.851649336244904,0.9858052134513855,1.3222271470673448,-0.0040746331214904785,14.105051040649414,7.902202606201172,11.978601455688477,0.5602392067513812,0.8492419787186368,0.5289313197135925,0.6731496453285217,8.175827980041504,4.524046897888184,0.5533441883723705,0.5359199047088623,0.6807060837745667,0.00025057062157429755,0.0009686279809102416,0.0004381895996630192,0.000693458947353065,0.0004144843260291964,0.00029893103055655956,-0.00011555329547263682,0.016457896679639816,0.014112620614469051,-0.002345276065170765,0.0004177759983576834,0.00029791329870931804,-0.00011986269964836538,0.85<=A<0.95,beta<0.8,baseline_middle_50
389,44_0.73_0.53.png,44,0.73,0.53,400,400,36.73348741795419,0.9852511882781982,35.02509411892194,0.9880927801132202,-1.7083932990322452,0.0028415918350219727,9.720393180847168,10.110724449157715,11.976897239685059,1.0401559135570406,1.2321412330608243,0.2709941267967224,0.7191236615180969,5.335999011993408,5.516595363616943,1.0338448997493477,0.2336263358592987,0.697476863861084,0.010421296581625938,0.010205967351794243,0.011429209262132645,0.01040979940444231,0.0001968459109775722,0.00029884596006013453,0.00010200004908256233,0.011280897073447704,0.01250919234007597,0.0012282952666282654,0.00017795554595068097,0.0002821962407324463,0.00010424069478176534,0.65<=A<0.75,beta<0.8,baseline_strongest_25
390,450_0.55_1.68.png,450,0.55,1.68,400,400,28.730568059484334,0.9793931245803833,31.103072359579144,0.9845353364944458,2.3725043000948105,0.0051422119140625,24.607131958007812,10.173423767089844,18.369319915771484,0.4134339501430252,0.746503897614676,0.7421495914459229,0.8049668073654175,14.276043891906738,5.8145833015441895,0.4072965413646947,0.7527081966400146,0.8166101574897766,0.014514361508190632,0.015536583960056305,0.013121319003403187,0.014955597929656506,0.0012614812003448606,0.0007029831176623702,-0.0005584980826824903,0.027856696397066116,0.020370159298181534,-0.0074865370988845825,0.0012737838551402092,0.0007040707278065383,-0.0005697131273336709,A<0.65,1.4<=beta<1.7,baseline_weakest_25
391,451_0.69_1.79.png,451,0.69,1.79,400,400,27.867706323857245,0.9785019159317017,29.70927198354889,0.9822703003883362,1.8415656596916463,0.0037683844566345215,27.332246780395508,8.608640670776367,21.861740112304688,0.31496278882389767,0.7998515558547266,0.7293546199798584,0.7732405662536621,15.89159870147705,4.92112922668457,0.30966860660955237,0.7342439889907837,0.7727563381195068,0.01884014904499054,0.019932765513658524,0.017487818375229836,0.019327349960803986,0.0015563578344881535,0.000995699199847877,-0.0005606586346402764,0.031101293861865997,0.024238893762230873,-0.006862400099635124,0.0015783929266035557,0.0010119867511093616,-0.000566406175494194,0.65<=A<0.75,beta>=1.7,baseline_weakest_25
392,452_0.62_0.88.png,452,0.62,0.88,400,400,30.86678408202392,0.9883301258087158,32.68554280396553,0.990402102470398,1.818758721941613,0.002071976661682129,19.377090454101562,7.187247276306152,15.574394226074219,0.37091467851329674,0.8037529815410226,0.6626306772232056,0.7265768051147461,11.253446578979492,4.125076770782471,0.36656119010577376,0.6725521087646484,0.7371145486831665,0.01195934321731329,0.012653043493628502,0.01153799518942833,0.012318511493504047,0.0007822325569577515,0.0005053369677625597,-0.00027689558919519186,0.02231919951736927,0.017688512802124023,-0.004630686715245247,0.0007915003807283938,0.0005075924564152956,-0.0002839079243130982,A<0.65,0.8<=beta<1.1,baseline_middle_50
393,453_0.95_0.6.png,453,0.95,0.6,400,400,31.092971407273062,0.9890535473823547,32.65565591661464,0.9910050630569458,1.5626845093415795,0.0019515156745910645,18.38353157043457,9.442206382751465,14.902250289916992,0.5136230950279952,0.8106304402296471,0.590595543384552,0.7691741585731506,10.250679969787598,5.478243827819824,0.5344273593523706,0.6068140268325806,0.7777497172355652,0.0007654561777599156,0.0052224998362362385,0.00943207647651434,0.0043697357177734375,0.0007040713098831475,0.00046266053686849773,-0.00024141077301464975,0.020183365792036057,0.01654047518968582,-0.003642890602350235,0.0006567277014255524,0.00041834634612314403,-0.00023838135530240834,A>=0.95,beta<0.8,baseline_middle_50
394,454_0.7_1.23.png,454,0.7,1.23,400,400,31.47509279104494,0.9867067337036133,30.617518920191387,0.9880445599555969,-0.8575738708535532,0.0013378262519836426,16.533489227294922,12.603287696838379,18.888072967529297,0.7622884391536527,1.1424129963049314,0.18101833760738373,0.4607771933078766,8.74856948852539,7.232966423034668,0.8267598985778664,0.17566943168640137,0.4334658086299896,-0.018263570964336395,-0.013805906288325787,-0.010888372547924519,-0.01480614859610796,0.0005694922292605042,0.0007432484999299049,0.0001737562706694007,0.019256124272942543,0.022578449919819832,0.003322325646877289,0.0004783592012245208,0.0006663826061412692,0.0001880234049167484,0.65<=A<0.75,1.1<=beta<1.4,baseline_middle_50
395,455_0.71_0.53.png,455,0.71,0.53,400,400,34.34928175511948,0.9921401143074036,36.059288019158515,0.9938935041427612,1.7100062640390377,0.001753389835357666,12.308344841003418,7.953816890716553,9.823579788208008,0.6462133612164973,0.7981235426133183,0.6039727926254272,0.72437584400177,6.6590657234191895,4.587646961212158,0.6889325247351016,0.6478214859962463,0.7470799684524536,-0.0016315925167873502,0.0019928375259041786,0.005295971874147654,0.001285690232180059,0.0003156153252348304,0.00020104732539039105,-0.00011456799984443933,0.013404645025730133,0.010914767161011696,-0.002489877864718437,0.0002771447179839015,0.0001613030763110146,-0.00011584164167288691,0.65<=A<0.75,beta<0.8,baseline_middle_50
396,456_0.72_0.84.png,456,0.72,0.84,400,400,33.120520200573836,0.9902390837669373,33.65650471575951,0.9914248585700989,0.5359845151856746,0.001185774803161621,13.857640266418457,9.196914672851562,13.00551986694336,0.6636710504845952,0.9385089825473345,0.42163971066474915,0.5744664669036865,7.338036060333252,5.3199462890625,0.7249823038919351,0.44212618470191956,0.5618221759796143,-0.00723316241055727,-0.0033529913052916527,-2.992413647007197e-05,-0.00413433276116848,0.00040007123607210815,0.00035238239797763526,-4.7688838094472885e-05,0.015454666689038277,0.015372658148407936,-8.200854063034058e-05,0.000336542259901762,0.0002976824180223048,-3.8859841879457235e-05,0.65<=A<0.75,0.8<=beta<1.1,baseline_middle_50
397,457_0.61_0.57.png,457,0.61,0.57,400,400,36.06910596016081,0.9960511326789856,35.50758713677907,0.9955818057060242,-0.5615188233817392,-0.0004693269729614258,10.137704849243164,13.667737007141113,10.824111938476562,1.3482082197492153,1.0677083323534164,0.6221829056739807,0.7371426820755005,5.564822673797607,7.731210708618164,1.3893004614542634,0.7568429708480835,0.7756854295730591,-0.0016575624467805028,-0.004689965397119522,-0.00941238272935152,-0.004321632441133261,0.00021411055058706552,0.00024408627359662205,2.9975723009556532e-05,0.010265309363603592,0.012338967993855476,0.0020736586302518845,0.00019354530377313495,0.00016009894898161292,-3.3446354791522026e-05,A<0.65,beta<0.8,baseline_middle_50
398,458_0.58_0.65.png,458,0.58,0.65,400,400,36.183677947447144,0.9958326816558838,33.845754366370656,0.9949573874473572,-2.3379235810764882,-0.0008752942085266113,9.942248344421387,15.518811225891113,13.338606834411621,1.5608955528252064,1.3416086957731184,0.5242121815681458,0.664384663105011,5.2378106117248535,8.79888916015625,1.6798792114514245,0.722374677658081,0.7599413394927979,-0.0032482268288731575,-0.0072115142829716206,-0.012847795151174068,-0.006669027730822563,0.00020593396038748324,0.0003706633870024234,0.00016472942661494017,0.009639282710850239,0.014788422733545303,0.0051491400226950645,0.00017146661411970854,0.00023919423983898014,6.77276257192716e-05,A<0.65,beta<0.8,baseline_strongest_25
399,459_0.97_1.71.png,459,0.97,1.71,400,400,15.981561823013353,0.9502099752426147,16.83852149908247,0.9558064341545105,0.8569596760691187,0.005596458911895752,109.49411010742188,13.816083908081055,99.24162292480469,0.12618106941575621,0.9063649435338692,0.7704177498817444,0.7984090447425842,64.53486633300781,7.605049133300781,0.11784403633933006,0.7976144552230835,0.800241231918335,0.11277604848146439,0.09848206490278244,0.08075761795043945,0.1007353737950325,0.024977002292871475,0.02051854319870472,-0.004458459094166756,0.11545050889253616,0.10435190796852112,-0.011098600924015045,0.0260296780616045,0.021497884765267372,-0.004531793296337128,A>=0.95,beta>=1.7,baseline_weakest_25
400,45_0.99_1.02.png,45,0.99,1.02,400,400,29.84702531571513,0.9757106900215149,27.5645993637633,0.9700992107391357,-2.2824259519518293,-0.00561147928237915,21.614715576171875,16.226112365722656,28.359365463256836,0.7506974731423424,1.3120397242016122,-0.10517009347677231,0.40557920932769775,12.074110984802246,9.238582611083984,0.7651563434121685,-0.1309298276901245,0.39623966813087463,0.03138670325279236,0.03175835311412811,0.0342775322496891,0.03193441405892372,0.0009733248152770102,0.0016755284741520882,0.000702203658875078,0.022599810734391212,0.03280777111649513,0.01020796038210392,0.0009111508843488991,0.0016271587228402495,0.0007160078384913504,A>=0.95,0.8<=beta<1.1,baseline_middle_50
401,460_0.99_1.03.png,460,0.99,1.03,400,400,18.76826974175505,0.9697017669677734,19.690844241095476,0.9731282591819763,0.9225744993404277,0.003426492214202881,79.39629364013672,12.824616432189941,71.41307830810547,0.1615266386403054,0.8994510327117393,0.6719592213630676,0.7795224785804749,46.630348205566406,6.804601669311523,0.14592646058129236,0.6991236805915833,0.7960366606712341,0.08009055256843567,0.07054278999567032,0.05882861092686653,0.07206215709447861,0.013132857158780098,0.010624640621244907,-0.0025082165375351906,0.08449872583150864,0.07596074789762497,-0.008537977933883667,0.013589933514595032,0.011106417514383793,-0.002483516000211239,A>=0.95,0.8<=beta<1.1,baseline_weakest_25
402,461_0.68_1.75.png,461,0.68,1.75,400,400,28.708483505976687,0.981886088848114,28.105845603587838,0.9789429903030396,-0.6026379023888495,-0.002943098545074463,24.651073455810547,15.924139022827148,26.454906463623047,0.6459815655238187,1.0731746230461747,0.20556975901126862,0.7192423343658447,13.801117897033691,9.165497779846191,0.664112707986949,0.23561516404151917,0.7191800475120544,-0.006527935620397329,-0.010093588382005692,-0.013551873154938221,-0.009421703405678272,0.001265990431420505,0.0014580460265278816,0.00019205559510737658,0.026797136291861534,0.024897146970033646,-0.0018999893218278885,0.0011904428247362375,0.0013429333921521902,0.00015249056741595268,0.65<=A<0.75,beta>=1.7,baseline_weakest_25
403,462_0.91_1.52.png,462,0.91,1.52,400,400,26.99084362162198,0.9791979789733887,24.774800748423115,0.9732363224029541,-2.216042873198866,-0.00596165657043457,30.348642349243164,17.395160675048828,39.457828521728516,0.5731775568366613,1.3001513566129101,-0.3156622648239136,0.5520622134208679,17.415943145751953,9.72935962677002,0.5586467264704627,-0.3199350833892822,0.5475298166275024,-0.026465222239494324,-0.028208736330270767,-0.031138146296143532,-0.028021380305290222,0.0019188334699720144,0.003243583720177412,0.0013247502502053976,0.03080979734659195,0.037622444331645966,0.006812646985054016,0.0018957190914079547,0.0031649931333959103,0.0012692740419879556,0.85<=A<0.95,1.4<=beta<1.7,baseline_weakest_25
404,463_0.97_1.52.png,463,0.97,1.52,400,400,26.80027856350052,0.9775950908660889,24.205267234092553,0.9698830842971802,-2.595011329407967,-0.007712006568908691,30.9774169921875,20.72918128967285,42.145721435546875,0.6691707476740475,1.360530526033724,-0.3013087213039398,0.5798772573471069,17.767770767211914,11.715300559997559,0.6593568047161328,-0.3047146499156952,0.579694390296936,-0.024197233840823174,-0.025728851556777954,-0.028905119746923447,-0.025632992386817932,0.0019991674926131964,0.0037005457561463118,0.0017013782635331154,0.03162894770503044,0.03892466798424721,0.007295720279216766,0.0019730855710804462,0.0036237349268049,0.001650649355724454,A>=0.95,1.4<=beta<1.7,baseline_weakest_25
405,464_0.68_1.75.png,464,0.68,1.75,400,400,28.708483505976687,0.981886088848114,28.105845603587838,0.9789429903030396,-0.6026379023888495,-0.002943098545074463,24.651073455810547,15.924139022827148,26.454906463623047,0.6459815655238187,1.0731746230461747,0.20556975901126862,0.7192423343658447,13.801117897033691,9.165497779846191,0.664112707986949,0.23561516404151917,0.7191800475120544,-0.006527935620397329,-0.010093588382005692,-0.013551873154938221,-0.009421703405678272,0.001265990431420505,0.0014580460265278816,0.00019205559510737658,0.026797136291861534,0.024897146970033646,-0.0018999893218278885,0.0011904428247362375,0.0013429333921521902,0.00015249056741595268,0.65<=A<0.75,beta>=1.7,baseline_weakest_25
406,465_0.94_1.86.png,465,0.94,1.86,400,400,31.33812305336063,0.9804194569587708,31.09088682708359,0.9804688692092896,-0.2472362262770389,4.941225051879883e-05,17.976924896240234,8.02294921875,18.517499923706055,0.4462915245547892,1.0300704948474741,0.15475420653820038,0.5770978927612305,9.6483793258667,4.341068267822266,0.44992719722203856,-0.038938768208026886,0.46009525656700134,0.014681711792945862,0.011750584468245506,-0.00026303777121938765,0.011257439851760864,0.0006732705514878035,0.0007143704569898546,4.1099905502051115e-05,0.02134549617767334,0.021409587934613228,6.4091756939888e-05,0.0005818201461806893,0.0007199870888143778,0.00013816694263368845,0.85<=A<0.95,beta>=1.7,baseline_middle_50
407,466_0.99_1.63.png,466,0.99,1.63,400,400,31.131025765431232,0.9829209446907043,29.972358109949944,0.9825686812400818,-1.1586676554812883,-0.0003522634506225586,18.52416229248047,8.197023391723633,21.295063018798828,0.4425044038321268,1.1495830517228385,-0.14206765592098236,0.4626837968826294,10.936716079711914,4.629894733428955,0.42333500290984166,-0.24238838255405426,0.40674522519111633,0.018759367987513542,0.017131809145212173,0.007946208119392395,0.01657128892838955,0.0007148845470510423,0.000944749393966049,0.00022986484691500664,0.020976001396775246,0.024162380024790764,0.003186378628015518,0.0007475734455510974,0.0010349672520533204,0.000287393806502223,A>=0.95,1.4<=beta<1.7,baseline_middle_50
408,467_0.71_1.76.png,467,0.71,1.76,400,400,30.919772146247322,0.9853935241699219,27.99862814065755,0.9817067980766296,-2.9211440055897704,-0.0036867260932922363,19.146724700927734,11.006650924682617,27.157434463500977,0.5748581596386196,1.4183853838032723,-0.5926290154457092,0.2081029862165451,11.134971618652344,6.4451470375061035,0.578820248334513,-0.6637737154960632,0.13766947388648987,0.04028540477156639,0.03448130562901497,0.019585473462939262,0.03451860696077347,0.0007637438829988241,0.0015365129802376032,0.0007727690972387791,0.022846652194857597,0.033599480986595154,0.010752828791737556,0.0007749224314466119,0.0016300061251968145,0.0008550836937502027,0.65<=A<0.75,beta>=1.7,baseline_middle_50
409,468_0.73_1.94.png,468,0.73,1.94,400,400,30.22437033566259,0.9829657077789307,27.183498352126225,0.9780054688453674,-3.0408719835363662,-0.004960238933563232,20.764286041259766,11.834221839904785,29.85136604309082,0.5699315553826191,1.4376302649546695,-0.6509191989898682,0.19041027128696442,12.168879508972168,6.949511528015137,0.5710888601445376,-0.7162752151489258,0.12284129858016968,0.04443570598959923,0.03874412924051285,0.021999040618538857,0.03853697329759598,0.0008982407744042575,0.0018564668716862798,0.0009582260972820222,0.02485588937997818,0.03691525012254715,0.01205936074256897,0.0009255101904273033,0.001984531059861183,0.0010590208694338799,0.65<=A<0.75,beta>=1.7,baseline_middle_50
410,469_0.96_1.99.png,469,0.96,1.99,400,400,28.358625736705307,0.9310119152069092,27.932660715058233,0.9492141008377075,-0.42596502164707317,0.01820218563079834,25.076704025268555,18.360506057739258,26.639266967773438,0.7321738151568198,1.0623113364870584,0.27833089232444763,0.5853548645973206,14.319936752319336,10.571613311767578,0.738244413688164,0.2770210802555084,0.5971580743789673,0.0015196120366454124,0.002301494125276804,0.0011059199459850788,0.0019314158707857132,0.0013100855285301805,0.0014784386148676276,0.00016835308633744717,0.0285109244287014,0.03233781456947327,0.003826890140771866,0.001281628618016839,0.0014559125993400812,0.0001742839813232422,A>=0.95,beta>=1.7,baseline_weakest_25
411,46_0.57_1.55.png,46,0.57,1.55,400,400,30.33491858719713,0.9760273694992065,29.17784219247949,0.9725035429000854,-1.1570763947176417,-0.0035238265991210938,20.258825302124023,11.821150779724121,23.283735275268555,0.5835062301704502,1.1493131969911101,0.016759637743234634,0.5181631445884705,11.430496215820312,6.7444963455200195,0.590044055671471,0.0044413660652935505,0.5139061212539673,0.021454377099871635,0.021334590390324593,0.021841801702976227,0.021428227424621582,0.000855041726026684,0.001129442360252142,0.0002744006342254579,0.023789791390299797,0.027396460995078087,0.00360666960477829,0.0008166015613824129,0.0010966230183839798,0.0002800214570015669,A<0.65,1.4<=beta<1.7,baseline_middle_50
412,470_0.53_1.34.png,470,0.53,1.34,400,400,31.758194702646318,0.9748595356941223,33.66090630373808,0.9854645729064941,1.902711601091763,0.010605037212371826,16.8270263671875,10.631186485290527,13.191032409667969,0.6317923472219199,0.7839193997693095,0.6209571957588196,0.7661426663398743,9.67160701751709,6.109282493591309,0.6316719116612426,0.6236795783042908,0.7667545080184937,-0.010666371323168278,-0.008930284529924393,-0.008934157900512218,-0.009449816308915615,0.0005898934323340654,0.00036250692210160196,-0.00022738651023246348,0.02076861262321472,0.0160246379673481,-0.004743974655866623,0.0005846248241141438,0.00035725696943700314,-0.0002273678546771407,A<0.65,1.1<=beta<1.4,baseline_middle_50
413,471_0.76_0.79.png,471,0.76,0.79,400,400,31.61468032029061,0.9590125679969788,32.92600580932032,0.9808182120323181,1.3113254890297128,0.021805644035339355,17.63083267211914,10.484392166137695,15.145671844482422,0.5946623373448148,0.8590446138391027,0.5176597833633423,0.5008506774902344,10.16063117980957,6.037312030792236,0.5941867118244702,0.5155861377716064,0.49345752596855164,-0.01690687984228134,-0.016220087185502052,-0.016190258786082268,-0.016422037035226822,0.0006475963746197522,0.0004778986913152039,-0.00016969768330454826,0.020413367077708244,0.01862754113972187,-0.001785825937986374,0.000645240128505975,0.00047770285164006054,-0.00016753727686591446,0.75<=A<0.85,beta<0.8,baseline_middle_50
414,472_0.69_0.68.png,472,0.69,0.68,400,400,31.913721344941777,0.9622739553451538,32.09442105754916,0.982861340045929,0.18069971260738527,0.020587384700775146,17.048433303833008,10.659188270568848,16.787994384765625,0.6252297839105448,0.9847235863597608,0.3368614912033081,0.3968246281147003,9.836620330810547,6.13250207901001,0.6234358827291127,0.3353695273399353,0.3958030641078949,-0.01992764323949814,-0.019207164645195007,-0.019076703116297722,-0.019407713785767555,0.0006055189878679812,0.0005871599423699081,-1.83590454980731e-05,0.0198382381349802,0.021220866590738297,0.0013826284557580948,0.0006047443603165448,0.0005869101150892675,-1.783424522727728e-05,0.65<=A<0.75,beta<0.8,baseline_middle_50
415,473_0.63_0.94.png,473,0.63,0.94,400,400,28.93930962091733,0.9855450391769409,28.338265817563773,0.9843629598617554,-0.6010438033535586,-0.0011820793151855469,24.543359756469727,5.678239345550537,26.33881950378418,0.2313554216656801,1.0731546033277357,-0.21208815276622772,0.3782523572444916,14.120849609375,3.2338318824768066,0.22901114110937257,-0.21343857049942017,0.3839327096939087,-0.035044148564338684,-0.034830983728170395,-0.03532661125063896,-0.03495122119784355,0.0012549511156976223,0.0014452780596911907,0.00019032694399356842,0.03270349279046059,0.03506896644830704,0.002365473657846451,0.0012462402228266,0.0014334325678646564,0.00018719234503805637,A<0.65,0.8<=beta<1.1,baseline_middle_50
416,474_0.6_1.43.png,474,0.6,1.43,400,400,30.27594389873188,0.9870825409889221,30.101894893774475,0.9859802722930908,-0.17404900495740705,-0.0011022686958312988,20.871562957763672,7.6475138664245605,21.264307022094727,0.3664082983100164,1.0188171851396957,0.13136520981788635,0.5885547995567322,11.96920394897461,4.3733696937561035,0.36538517619049893,0.13305243849754333,0.5889967679977417,-0.02469598688185215,-0.024248940870165825,-0.02517872303724289,-0.024488601833581924,0.000907546142116189,0.0009420223068445921,3.447616472840309e-05,0.02673250436782837,0.025965573266148567,-0.0007669311016798019,0.0008953865035437047,0.0009278670768253505,3.2480573281645775e-05,A<0.65,1.4<=beta<1.7,baseline_middle_50
417,475_0.94_1.55.png,475,0.94,1.55,400,400,27.721183650449575,0.9800436496734619,28.58502058485894,0.9836543798446655,0.8638369344093633,0.0036107301712036133,28.041501998901367,9.120991706848145,25.29822540283203,0.32526758756380075,0.9021708396298881,0.44868704676628113,0.5781757831573486,16.080951690673828,5.227893352508545,0.32509850493117703,0.45460987091064453,0.5825978517532349,-0.027001580223441124,-0.02603832259774208,-0.027034448459744453,-0.02643989585340023,0.0016381788300350308,0.0013333335518836975,-0.00030484527815133333,0.033109400421381,0.030172960832715034,-0.0029364395886659622,0.0016162311658263206,0.001309313578531146,-0.0003069175872951746,0.85<=A<0.95,1.4<=beta<1.7,baseline_weakest_25
418,476_0.91_1.92.png,476,0.91,1.92,400,400,26.47839881738492,0.9740688800811768,28.17920965593725,0.9797225594520569,1.7008108385523286,0.005653679370880127,32.36498260498047,11.714649200439453,26.426252365112305,0.3619544414226489,0.8165075411177793,0.6414158940315247,0.8044136762619019,18.570045471191406,6.7505340576171875,0.36351736823098313,0.6445830464363098,0.8074498176574707,-0.026771804317831993,-0.025685293599963188,-0.026523351669311523,-0.026105700060725212,0.0021822755225002766,0.0014548891922459006,-0.0007273863302543759,0.03896119073033333,0.03076460026204586,-0.008196590468287468,0.0021552913822233677,0.0014300583861768246,-0.0007252329960465431,0.85<=A<0.95,beta>=1.7,baseline_weakest_25
419,477_0.9_1.45.png,477,0.9,1.45,400,400,27.686623608188174,0.9679027199745178,28.20260464036465,0.9726746082305908,0.5159810321764766,0.004771888256072998,28.016427993774414,12.661812782287598,26.3724308013916,0.4519424383829803,0.9413202427965432,0.35200080275535583,0.7413889169692993,16.146726608276367,7.293867111206055,0.45172419699404703,0.354194700717926,0.7433522343635559,-0.00873714592307806,-0.0076995124109089375,-0.007759635802358389,-0.008016618900001049,0.001635250635445118,0.0014489688910543919,-0.0001862817443907261,0.030450688675045967,0.027762532234191895,-0.0026881564408540726,0.0016294801607728004,0.001440555090084672,-0.00018892507068812847,0.85<=A<0.95,1.4<=beta<1.7,baseline_weakest_25
420,478_0.84_0.71.png,478,0.84,0.71,400,400,29.999036760517214,0.9842122793197632,28.598453375034453,0.9803237318992615,-1.4005833854827614,-0.003888547420501709,21.542133331298828,12.492870330810547,25.29033851623535,0.5799272587668698,1.1739941503142919,-0.036165595054626465,0.6796377897262573,12.430638313293457,7.220256328582764,0.580843569461863,-0.03483419120311737,0.680212676525116,-0.02289985679090023,-0.023158768191933632,-0.02306113764643669,-0.02307022362947464,0.0009667989215813577,0.0013325025793164968,0.00036570365773513913,0.02348918654024601,0.02504914626479149,0.0015599597245454788,0.0009657547925598919,0.0013306611217558384,0.00036490632919594646,0.75<=A<0.85,beta<0.8,baseline_middle_50
421,479_0.79_0.62.png,479,0.79,0.62,400,400,30.40363784541797,0.9844682216644287,28.89771154081192,0.9807015657424927,-1.5059263046060494,-0.003766655921936035,20.480512619018555,12.4689302444458,24.33845329284668,0.6088192457090619,1.1883712944882823,-0.03413631394505501,0.6639825105667114,11.811200141906738,7.220579624176025,0.6113332715916854,-0.03106353059411049,0.6642563343048096,-0.022549837827682495,-0.022828558459877968,-0.023045606911182404,-0.02276996336877346,0.0008738571195863187,0.0012340841349214315,0.0003602270153351128,0.022971203550696373,0.02458948828279972,0.0016182847321033478,0.0008719027391634881,0.0012308725854381919,0.00035896984627470374,0.75<=A<0.85,beta<0.8,baseline_middle_50
422,47_0.78_0.6.png,47,0.78,0.6,400,400,32.706010102555865,0.9843637943267822,29.594733745264314,0.9768864512443542,-3.111276357291551,-0.0074773430824279785,15.303227424621582,13.835672378540039,22.168174743652344,0.9041015986130891,1.4485947394329153,-0.1554177850484848,0.5565740466117859,8.573634147644043,7.890347480773926,0.9203037294216854,-0.18710529804229736,0.5563209056854248,0.025279374793171883,0.025240805000066757,0.026634404435753822,0.025411205366253853,0.00048789329594001174,0.0010238082613795996,0.0005359149654395878,0.016410892829298973,0.025914249941706657,0.009503357112407684,0.00045941994176246226,0.001006748410873115,0.0005473284691106528,0.75<=A<0.85,beta<0.8,baseline_middle_50
423,480_0.54_0.98.png,480,0.54,0.98,400,400,25.185388139722477,0.982197642326355,24.92173732530641,0.9799755215644836,-0.2636508144160672,-0.002222120761871338,37.8968391418457,10.552130699157715,38.948944091796875,0.27844355724923897,1.0277623404425156,0.038132283836603165,0.6354769468307495,21.872570037841797,6.098442077636719,0.278816895640786,0.04545240104198456,0.6419812440872192,-0.042268749326467514,-0.04316118732094765,-0.043897975236177444,-0.04297834262251854,0.002992021618410945,0.003160458989441395,0.00016843737103044987,0.044786520302295685,0.046841930598020554,0.0020554102957248688,0.002990058157593012,0.003146716393530369,0.00015665823593735695,A<0.65,0.8<=beta<1.1,baseline_weakest_25
424,481_0.81_0.67.png,481,0.81,0.67,400,400,35.473686461985984,0.9909148812294006,32.6988939486237,0.9880298376083374,-2.7747925133622857,-0.0028850436210632324,10.595096588134766,9.514983177185059,14.709296226501465,0.898055350230662,1.3883116689067383,-0.0673154890537262,0.407412052154541,6.064250469207764,5.492648124694824,0.9057422928991233,-0.06719011813402176,0.40769580006599426,0.0011636856943368912,0.0018984496127814054,0.003591802204027772,0.001871797489002347,0.00023386682732962072,0.0004507570993155241,0.00021689027198590338,0.012686713598668575,0.017831768840551376,0.005145055241882801,0.0002298445615451783,0.00044637720566242933,0.00021653264411725104,0.75<=A<0.85,beta<0.8,baseline_middle_50
425,482_0.91_0.62.png,482,0.91,0.62,400,400,35.28573482427753,0.990947425365448,33.40451844777569,0.9883950352668762,-1.8812163765018397,-0.0025523900985717773,11.005943298339844,9.338080406188965,13.81411075592041,0.8484579788447154,1.2551500931323312,0.08514229953289032,0.5475744605064392,6.315066337585449,5.360953330993652,0.8489148085566114,0.09244755655527115,0.5492419004440308,0.007660625968128443,0.008475196547806263,0.00979899987578392,0.008382553234696388,0.0002523557923268527,0.00039756178739480674,0.00014520599506795406,0.012585471384227276,0.015284420922398567,0.0026989495381712914,0.00024925038451328874,0.0003897518909070641,0.00014050150639377534,0.85<=A<0.95,beta<0.8,baseline_middle_50
426,483_0.64_0.86.png,483,0.64,0.86,400,400,32.34737305657336,0.9906455278396606,30.000412876551756,0.9861485958099365,-2.346960180021604,-0.004496932029724121,15.355986595153809,9.562758445739746,20.00381088256836,0.6227381345043408,1.3026718119747094,-0.24821913242340088,0.40740469098091125,8.856528282165527,5.532580375671387,0.6246895170890375,-0.2639697194099426,0.408496618270874,-0.008907928131520748,-0.008078915067017078,-0.005639394745230675,-0.00804868433624506,0.0004912632284685969,0.0008336509927175939,0.000342387764248997,0.01835007406771183,0.023816246539354324,0.005466172471642494,0.000490238075144589,0.0008432267932221293,0.0003529887180775404,A<0.65,0.8<=beta<1.1,baseline_middle_50
427,484_0.94_1.48.png,484,0.94,1.48,400,400,30.370462725049254,0.9801877737045288,30.781637447708118,0.9810487031936646,0.41117472265886335,0.0008609294891357422,19.499073028564453,12.320709228515625,18.34625816345215,0.6318612792755252,0.9408784785090281,0.40673181414604187,0.6357021927833557,11.180403709411621,7.050988674163818,0.6306559993203397,0.4047974944114685,0.6301225423812866,-0.00628387788310647,-0.004817260429263115,-0.0037609476130455732,-0.005135359242558479,0.0007921121432445943,0.0007012191927060485,-9.089295053854585e-05,0.02411608211696148,0.02221645973622799,-0.00189962238073349,0.000781258859205991,0.0006930946256034076,-8.816423360258341e-05,0.85<=A<0.95,1.4<=beta<1.7,baseline_middle_50
428,485_0.94_1.87.png,485,0.94,1.87,400,400,25.031062695953633,0.968291699886322,25.821289515827907,0.9711602330207825,0.7902268198742739,0.0028685331344604492,38.40482711791992,20.21379852294922,35.05681228637695,0.5263348396513765,0.9128230724418295,0.42157796025276184,0.7537869215011597,22.015701293945312,11.662622451782227,0.529741128663916,0.4183887839317322,0.7564130425453186,-0.028981700539588928,-0.027889223769307137,-0.029195304960012436,-0.028364766389131546,0.0030727721750736237,0.0025603752583265305,-0.0005123969167470932,0.04797280207276344,0.03438614681363106,-0.013586655259132385,0.0030293192248791456,0.002536600921303034,-0.0004927183035761118,0.85<=A<0.95,beta>=1.7,baseline_weakest_25
429,486_0.96_1.3.png,486,0.96,1.3,400,400,24.983382279848527,0.9725088477134705,25.829534570279776,0.9760745167732239,0.8461522904312488,0.003565669059753418,38.7970085144043,12.065641403198242,35.16753005981445,0.31099411694895474,0.9064495281062117,0.44223758578300476,0.765788197517395,22.198883056640625,7.028992652893066,0.31663722156464075,0.44027596712112427,0.7677239775657654,-0.038161784410476685,-0.038356103003025055,-0.04103674367070198,-0.03860360011458397,0.0031358497217297554,0.00257657328620553,-0.0005592764355242252,0.05013221874833107,0.04084699600934982,-0.009285222738981247,0.003079939866438508,0.002529997145757079,-0.0005499427206814289,A>=0.95,1.1<=beta<1.4,baseline_weakest_25
430,487_0.7_0.65.png,487,0.7,0.65,400,400,22.90224324743062,0.9769042134284973,21.669568578674273,0.9700860977172852,-1.2326746687563457,-0.006818115711212158,49.5187873840332,10.213033676147461,57.09562683105469,0.2062456335398985,1.153009389916211,-0.6955138444900513,0.09707286953926086,28.487056732177734,5.806168556213379,0.2038177762904858,-0.6952131390571594,0.09271419793367386,-0.07921992242336273,-0.07952068001031876,-0.08129066973924637,-0.07963252812623978,0.005108563229441643,0.00679148081690073,0.0016829175874590874,0.06867421418428421,0.0800633653998375,0.011389151215553284,0.005071952473372221,0.006720009259879589,0.001648056786507368,0.65<=A<0.75,beta<0.8,baseline_weakest_25
431,488_0.99_1.47.png,488,0.99,1.47,400,400,25.61200946023236,0.9695690274238586,25.963722417891223,0.9736254215240479,0.35171295765886157,0.004056394100189209,35.999542236328125,11.245399475097656,34.55424499511719,0.3123761797101302,0.959852343906961,0.28213146328926086,0.7421016693115234,20.572378158569336,6.519533634185791,0.3169071452961848,0.27671319246292114,0.7457180023193359,-0.03135687857866287,-0.03177237510681152,-0.035019487142562866,-0.03201831132173538,0.0026999313849955797,0.002487491350620985,-0.0002124400343745947,0.04261290282011032,0.035853538662195206,-0.006759364157915115,0.002645142376422882,0.0024468766059726477,-0.0001982657704502344,A>=0.95,1.4<=beta<1.7,baseline_weakest_25
432,489_0.55_1.03.png,489,0.55,1.03,400,400,27.055441203992302,0.9866904616355896,28.093941855476317,0.9894110560417175,1.0385006514840143,0.0027205944061279297,29.783620834350586,7.350428104400635,26.36051368713379,0.24679430836438482,0.8850674615334615,0.5623366236686707,0.7922559380531311,15.986395835876465,4.113881587982178,0.2573364021645115,0.7335332036018372,0.839033305644989,-0.00993849616497755,-0.019911717623472214,-0.029525185003876686,-0.018025660887360573,0.0018480501603335142,0.001447659800760448,-0.00040039035957306623,0.03247072547674179,0.027278926223516464,-0.0051917992532253265,0.0015972802648320794,0.0011000349186360836,-0.0004972453461959958,A<0.65,0.8<=beta<1.1,baseline_weakest_25
433,48_0.88_0.81.png,48,0.88,0.81,400,400,31.43895380862309,0.9810872673988342,28.520641632004747,0.9735283851623535,-2.9183121766183433,-0.007558882236480713,17.793689727783203,16.872474670410156,25.25546646118164,0.9482279914134585,1.4193496035702793,-0.06085917353630066,0.5818370580673218,9.9563627243042,9.62173080444336,0.9663901437576216,-0.08037207275629044,0.5808537006378174,0.02877863682806492,0.028627168387174606,0.030665310099720955,0.028904804959893227,0.0006596154416911304,0.001328830374404788,0.0006692149327136576,0.019629808142781258,0.02956581301987171,0.009936004877090454,0.0006195571622811258,0.001294410671107471,0.0006748535088263452,0.85<=A<0.95,0.8<=beta<1.1,baseline_middle_50
434,490_0.61_1.55.png,490,0.61,1.55,400,400,26.00628522781299,0.9808046221733093,27.218537314441498,0.9822685122489929,1.2122520866285065,0.0014638900756835938,33.60142135620117,9.941219329833984,28.9792537689209,0.29585710748510713,0.8624413075184616,0.5808994174003601,0.761456310749054,17.910118103027344,5.636677265167236,0.31472027335288594,0.7279338836669922,0.7777671813964844,-0.006433970294892788,-0.01739909127354622,-0.028851192444562912,-0.015426062047481537,0.0023521988186985254,0.0017495773499831557,-0.0006026214687153697,0.03652084991335869,0.03074614703655243,-0.005774702876806259,0.002004826907068491,0.0012848088517785072,-0.0007200180552899837,A<0.65,1.4<=beta<1.7,baseline_weakest_25
435,491_0.68_1.42.png,491,0.68,1.42,400,400,27.482309771871325,0.9836180210113525,29.045480012962848,0.9855400919914246,1.5631702410915231,0.0019220709800720215,28.124340057373047,9.675606727600098,23.268339157104492,0.34402964506409994,0.8273381387665482,0.6305676102638245,0.7986100912094116,15.02491569519043,5.500728607177734,0.3661071195852734,0.7743540406227112,0.8043993711471558,-0.003884283360093832,-0.013751434162259102,-0.023875724524259567,-0.011955324560403824,0.0016478716861456633,0.0011279493337497115,-0.0005199223523959517,0.031806983053684235,0.025293683633208275,-0.00651329942047596,0.0014109255280345678,0.0008000531233847141,-0.0006108724046498537,0.65<=A<0.75,1.4<=beta<1.7,baseline_weakest_25
436,492_0.53_1.9.png,492,0.53,1.9,400,400,24.24949976717197,0.9741746187210083,25.335347626473762,0.9714298248291016,1.0858478593017935,-0.0027447938919067383,41.35371398925781,11.561580657958984,35.923667907714844,0.2795778067469892,0.8686926624546105,0.5786166787147522,0.707539975643158,22.258691787719727,6.604170799255371,0.2967007613133373,0.65717613697052,0.7330453991889954,-0.008195786736905575,-0.018853645771741867,-0.030332140624523163,-0.01697549596428871,0.0035627700854092836,0.002688562497496605,-0.0008742075879126787,0.04428334906697273,0.03952085226774216,-0.0047624967992305756,0.0030965583864599466,0.0021615896839648485,-0.0009349687024950981,A<0.65,beta>=1.7,baseline_weakest_25
437,493_0.69_0.5.png,493,0.69,0.5,400,400,30.19776743113222,0.9651743769645691,29.814725057291128,0.9640486240386963,-0.38304237384109285,-0.0011257529258728027,21.027198791503906,11.531244277954102,21.783357620239258,0.5483965977728489,1.0359609873018787,0.2074444741010666,0.5857740640640259,11.984018325805664,6.6570916175842285,0.5554974497368089,0.1979651004076004,0.5690596699714661,0.014656554907560349,0.014488868415355682,0.015846827998757362,0.014693813398480415,0.0009211315191350877,0.000988572370260954,6.744085112586617e-05,0.02358020469546318,0.027411306276917458,0.003831101581454277,0.0008976042736321688,0.000977167277596891,7.956300396472216e-05,0.65<=A<0.75,beta<0.8,baseline_middle_50
438,494_0.77_0.54.png,494,0.77,0.54,400,400,29.926920960507566,0.9639793634414673,29.501047839421396,0.9611079692840576,-0.4258731210861697,-0.002871394157409668,21.677846908569336,11.330522537231445,22.576528549194336,0.5226774866074198,1.0414562223091328,0.1803794652223587,0.6125509142875671,12.360544204711914,6.529056072235107,0.5282175253858314,0.17364861071109772,0.6032543778419495,0.01742134429514408,0.016984814777970314,0.01842855103313923,0.01727992296218872,0.0009790187468752265,0.0010618743253871799,8.285557851195335e-05,0.02400139532983303,0.026899095624685287,0.0028977002948522568,0.0009548940579406917,0.0010461487108841538,9.125465294346213e-05,0.75<=A<0.85,beta<0.8,baseline_middle_50
439,495_0.74_1.05.png,495,0.74,1.05,400,400,29.59336937809565,0.962655246257782,27.092404002060746,0.9483100175857544,-2.5009653760349053,-0.014345228672027588,22.294342041015625,14.81200885772705,29.739017486572266,0.6643842114953165,1.3339266721511867,-0.2543361783027649,0.2691633999347687,12.744170188903809,8.507683753967285,0.6675745558839774,-0.26433852314949036,0.2668750584125519,0.021226519718766212,0.019788295030593872,0.022145666182041168,0.020487064495682716,0.0010354953119531274,0.0018425190355628729,0.0008070237236097455,0.025099584832787514,0.03652079030871391,0.0114212054759264,0.001015086774714291,0.0018257219344377518,0.0008106351597234607,0.65<=A<0.75,0.8<=beta<1.1,baseline_middle_50
440,496_0.61_0.71.png,496,0.61,0.71,400,400,29.333022185474597,0.9618710875511169,28.736137401991844,0.9607688784599304,-0.5968847834827535,-0.0011022090911865234,23.22884178161621,14.738775253295898,24.667625427246094,0.6345032348948397,1.0619395344441394,0.21660958230495453,0.5870764255523682,13.272565841674805,8.5214262008667,0.6420330705092527,0.20745983719825745,0.5749541521072388,0.013020489364862442,0.012272392399609089,0.013641496188938618,0.012652149423956871,0.0011241231113672256,0.001267691026441753,0.00014356791507452726,0.027258846908807755,0.03173360973596573,0.004474762827157974,0.0011010062880814075,0.0012615487212315202,0.00016054243315011263,A<0.65,beta<0.8,baseline_middle_50
441,497_0.7_0.61.png,497,0.7,0.61,400,400,29.329850205262147,0.9907873272895813,31.73197588969014,0.9939576983451843,2.4021256844279932,0.0031703710556030273,23.193037033081055,7.526016712188721,17.367115020751953,0.32449466197350935,0.7488072819433099,0.8391268849372864,0.7726844549179077,13.33443546295166,4.220973968505859,0.3165468819608746,0.8413768410682678,0.7639968991279602,-0.018601741641759872,-0.017168698832392693,-0.014165148138999939,-0.017254775390028954,0.0011206604540348053,0.0006283681141212583,-0.000492292339913547,0.026239225640892982,0.020263375714421272,-0.00597584992647171,0.0011112947249785066,0.0006306946743279696,-0.000480600050650537,0.65<=A<0.75,beta<0.8,baseline_middle_50
442,498_0.81_1.42.png,498,0.81,1.42,400,400,29.073726423500368,0.986652135848999,30.36864087756705,0.9879451990127563,1.2949144540666815,0.0012930631637573242,23.646577835083008,8.243213653564453,19.958314895629883,0.34860070286088046,0.8440255090958206,0.5868366956710815,0.7335037589073181,13.533421516418457,4.6537652015686035,0.3438720353107125,0.5809212923049927,0.7255808711051941,-0.019143477082252502,-0.01800362579524517,-0.01445899810642004,-0.017940353602170944,0.001164918066933751,0.0008298632455989718,-0.00033505482133477926,0.027211783453822136,0.023086367174983025,-0.004125416278839111,0.0011447094148024917,0.0008227287326008081,-0.0003219806822016835,0.75<=A<0.85,1.4<=beta<1.7,baseline_middle_50
443,499_0.85_1.47.png,499,0.85,1.47,400,400,29.08840816654624,0.9860990047454834,30.861729758041868,0.9867459535598755,1.7733215914956268,0.0006469488143920898,23.557525634765625,9.431242942810059,18.725370407104492,0.40034947171580954,0.7948784901021203,0.6599833965301514,0.7499961256980896,13.46409797668457,5.325023174285889,0.39549795192422793,0.6605192422866821,0.7414584159851074,-0.01631743088364601,-0.01524130254983902,-0.0121384896337986,-0.015209346078336239,0.0011561604915186763,0.0007304988685064018,-0.0004256616230122745,0.02723771147429943,0.02179788239300251,-0.005439829081296921,0.001133012119680643,0.000718273688107729,-0.0004147384315729141,0.85<=A<0.95,1.4<=beta<1.7,baseline_middle_50
444,49_0.7_1.47.png,49,0.7,1.47,400,400,30.810627153313188,0.9907649755477905,34.4629581281327,0.992433488368988,3.6523309748195096,0.0016685128211975098,19.516006469726562,10.413455963134766,12.470475196838379,0.533585392036441,0.6389870394941052,0.8212453722953796,0.8591707348823547,11.171385765075684,6.021854400634766,0.5390427407368265,0.8249611854553223,0.859544575214386,-0.010092971846461296,-0.00921125803142786,-0.009768691845238209,-0.0095384381711483,0.000793488638009876,0.00032398488838225603,-0.00046950374962762,0.02415427565574646,0.014209562912583351,-0.009944712743163109,0.0007799990708008409,0.0003129263932351023,-0.00046707267756573856,0.65<=A<0.75,1.4<=beta<1.7,baseline_middle_50
445,4_0.85_1.44.png,4,0.85,1.44,400,400,31.2340151115216,0.9867734313011169,31.056947533729996,0.9866521954536438,-0.17706757779160398,-0.00012123584747314453,17.80912208557129,9.394305229187012,18.5553035736084,0.5274996254193883,1.0418988361386805,0.18265676498413086,0.4934520125389099,9.954564094543457,5.380363941192627,0.5404921692293735,0.1723048985004425,0.4876077175140381,0.012292466126382351,0.012687946669757366,0.012845199555158615,0.012587624602019787,0.0006607600953429937,0.000717290211468935,5.6530116125941277e-05,0.019468411803245544,0.02144644409418106,0.0019780322909355164,0.0006193333538249135,0.00068490399280563,6.557063898071647e-05,0.85<=A<0.95,1.4<=beta<1.7,baseline_middle_50
446,500_0.73_1.2.png,500,0.73,1.2,400,400,28.788509122270387,0.9882473945617676,29.612101790469264,0.990614652633667,0.8235926681988772,0.002367258071899414,24.570819854736328,7.742554187774658,22.05534553527832,0.31511175587745743,0.8976235089293075,0.4658147096633911,0.6642978191375732,14.09196662902832,4.395476818084717,0.31191365504871316,0.44721052050590515,0.6467748284339905,-0.02379140630364418,-0.022560885176062584,-0.018623050302267075,-0.022479897364974022,0.0012577607994899154,0.0010134130716323853,-0.0002443477278575301,0.02793033793568611,0.025337275117635727,-0.0025930628180503845,0.0012411469360813498,0.0010156404459849,-0.00022550649009644985,0.65<=A<0.75,1.1<=beta<1.4,baseline_weakest_25
447,501_0.55_1.96.png,501,0.55,1.96,480,640,30.513347371889626,0.9874175786972046,31.61062834129296,0.9883475303649902,1.0972809694033323,0.0009299516677856445,26.754940032958984,11.251355171203613,23.27878189086914,0.42053374656580234,0.8700741568544866,0.4991509020328522,0.6572577953338623,15.158289909362793,6.2912468910217285,0.4150367177722222,0.4913763105869293,0.6617556214332581,-0.008336960338056087,-0.010153555311262608,-0.01115891057997942,-0.009725005365908146,0.0007767218048684299,0.0005880009848624468,-0.00018872082000598311,0.022299157455563545,0.019855644553899765,-0.00244351290166378,0.0007479615160264075,0.0005717246094718575,-0.00017623690655454993,A<0.65,beta>=1.7,baseline_middle_50
448,502_0.8_1.09.png,502,0.8,1.09,480,640,33.105973763459325,0.9914965629577637,32.74469025725222,0.9908707737922668,-0.36128350620710137,-0.0006257891654968262,19.636089324951172,9.77299690246582,20.398351669311523,0.4977058690626079,1.038819457975869,0.16934220492839813,0.5132017135620117,10.94577407836914,5.419426918029785,0.49511591224412055,0.13544923067092896,0.5064440369606018,-0.011411618441343307,-0.01356416754424572,-0.014336645603179932,-0.013008616864681244,0.00041837673052214086,0.0004514895554166287,3.311282489448786e-05,0.015644825994968414,0.016661761328577995,0.001016935333609581,0.0003900064039044082,0.00043330242624506354,4.329602234065533e-05,0.75<=A<0.85,0.8<=beta<1.1,baseline_middle_50
449,503_0.9_0.94.png,503,0.9,0.94,480,640,32.04591008304576,0.9909740090370178,31.675816948503396,0.9908577799797058,-0.3700931345423655,-0.00011622905731201172,22.450122833251953,11.207144737243652,23.4193115234375,0.49920193401544394,1.0431707522219003,0.16125482320785522,0.5133288502693176,12.6256685256958,6.2862749099731445,0.4978964002721359,0.13189633190631866,0.507663369178772,-0.013253127224743366,-0.01524612121284008,-0.015874816104769707,-0.01472188625484705,0.0005468837334774435,0.0005951216444373131,4.823791095986962e-05,0.017772546038031578,0.01887088268995285,0.0010983366519212723,0.0005189046496525407,0.0005793878808617592,6.04832312092185e-05,0.85<=A<0.95,0.8<=beta<1.1,baseline_middle_50
450,504_0.84_1.72.png,504,0.84,1.72,480,640,29.59076247861595,0.9841669797897339,30.264690494445926,0.9845132827758789,0.6739280158299756,0.00034630298614501953,29.715852737426758,13.221113204956055,27.070505142211914,0.44491784643636434,0.9109785736727972,0.4136381149291992,0.6421992182731628,16.580514907836914,7.341838359832764,0.4427991772657546,0.4015098214149475,0.6394325494766235,-0.013095559552311897,-0.0159133467823267,-0.017531858757138252,-0.01525533851236105,0.000958150892984122,0.000795152154751122,-0.00016299873823300004,0.02404465153813362,0.021793315187096596,-0.0022513363510370255,0.0008949005859903991,0.0007521591614931822,-0.00014274142449721694,0.75<=A<0.85,beta>=1.7,baseline_middle_50
451,505_1.0_1.88.png,505,1.0,1.88,480,640,27.829408042378976,0.9757469296455383,27.76875037598634,0.9740840792655945,-0.060657666392636145,-0.0016628503799438477,35.5660285949707,27.004749298095703,35.726375579833984,0.7592849234202768,1.0045084309718504,0.37369129061698914,0.5300902724266052,20.728654861450195,15.647053718566895,0.7548513795589442,0.37562304735183716,0.5220199823379517,0.0036648008972406387,0.0034330026246607304,0.003979881759732962,0.003564654616639018,0.0013725502649322152,0.001384954433888197,1.2404168955981731e-05,0.026066318154335022,0.027408486232161522,0.0013421680778265,0.0013986885314807296,0.0014024950796738267,3.8065481930971146e-06,A>=0.95,beta>=1.7,baseline_weakest_25
452,506_0.68_0.66.png,506,0.68,0.66,480,640,39.01190144156674,0.9955430626869202,39.06520732653828,0.9956839084625244,0.05330588497153599,0.00014084577560424805,9.205020904541016,8.51896858215332,9.343713760375977,0.9254697703022866,1.0150670875463783,0.4463317394256592,0.630623996257782,5.193503379821777,4.918857574462891,0.947117430128964,0.45703309774398804,0.6299008727073669,-0.001196397584863007,-0.0010815141722559929,-0.0010611993493512273,-0.001113548525609076,9.194055019179359e-05,9.473197860643268e-05,2.7914284146390855e-06,0.006793626118451357,0.007463626563549042,0.0006700004450976849,8.780102507444099e-05,9.054948895936832e-05,2.7484638849273324e-06,0.65<=A<0.75,beta<0.8,baseline_strongest_25
453,507_0.66_0.7.png,507,0.66,0.7,480,640,39.0687076163337,0.9955958724021912,38.83770283528127,0.9955901503562927,-0.23100478105242672,-5.7220458984375e-06,9.065595626831055,8.262532234191895,9.609560012817383,0.911416367363401,1.0600031601207074,0.3878979980945587,0.593538761138916,5.086655616760254,4.7646613121032715,0.9366982298553831,0.3958122134208679,0.5884117484092712,-0.0015305320266634226,-0.0014461531536653638,-0.0013788007199764252,-0.001463704276829958,8.91764648258686e-05,0.00010019927140092477,1.1022806575056165e-05,0.006737008225172758,0.007705417461693287,0.0009684092365205288,8.422548125963658e-05,9.567093366058543e-05,1.1445452400948852e-05,0.65<=A<0.75,beta<0.8,baseline_strongest_25
454,508_0.72_1.04.png,508,0.72,1.04,480,640,36.624523048626145,0.9933525919914246,36.469851951072854,0.9926558136940002,-0.15467109755329034,-0.0006967782974243164,12.072000503540039,12.420906066894531,12.584336280822754,1.028902050099499,1.0424400062883095,0.47232773900032043,0.6281355619430542,6.83790922164917,7.170400142669678,1.0486246468390987,0.4811677932739258,0.6270613074302673,-0.0005749224219471216,-0.0004547619028016925,-6.900827429490164e-06,-0.0004396336735226214,0.00015813062782399356,0.00017183760064654052,1.3706972822546959e-05,0.008665507659316063,0.009865088388323784,0.001199580729007721,0.00015220377827063203,0.00016597591456957161,1.3772136298939586e-05,0.65<=A<0.75,0.8<=beta<1.1,baseline_strongest_25
455,509_0.95_1.52.png,509,0.95,1.52,480,640,25.022030386865353,0.9761316180229187,26.076539140402808,0.979273796081543,1.0545087535374549,0.0031421780586242676,52.30660629272461,15.161555290222168,46.19316482543945,0.28985928097443797,0.883122957106558,0.5245859622955322,0.6740996837615967,29.892995834350586,8.633733749389648,0.2888212943671731,0.5242152810096741,0.6745051145553589,-0.02436058409512043,-0.023484984412789345,-0.02401677519083023,-0.02380741387605667,0.0029687294736504555,0.002315330319106579,-0.0006533991545438766,0.03650107979774475,0.03190700337290764,-0.004594076424837112,0.0029088256414979696,0.0022706545423716307,-0.000638171099126339,A>=0.95,1.4<=beta<1.7,baseline_weakest_25
456,50_0.66_0.83.png,50,0.66,0.83,400,400,32.31704324921725,0.993704617023468,32.02929334455518,0.9931305050849915,-0.2877499046620713,-0.0005741119384765625,16.42399024963379,6.189159393310547,16.987804412841797,0.37683652384343985,1.0343286956846909,0.09575766324996948,0.48273298144340515,9.43668270111084,3.576620578765869,0.37901248691394984,0.08725488930940628,0.48088589310646057,-0.01769513636827469,-0.01758931204676628,-0.017775578424334526,-0.0176421869546175,0.0005619738367386162,0.0006012197700329125,3.9245933294296265e-05,0.020128080621361732,0.02120736986398697,0.0010792892426252365,0.0005565686151385307,0.0005997077096253633,4.313909448683262e-05,0.65<=A<0.75,0.8<=beta<1.1,baseline_middle_50
457,510_0.71_1.55.png,510,0.71,1.55,480,640,28.080968085648568,0.9859479069709778,29.21329674912316,0.9874773621559143,1.132328663474592,0.0015294551849365234,36.58810043334961,9.997187614440918,31.876495361328125,0.27323603838499916,0.871225753285434,0.577565610408783,0.777034342288971,20.960494995117188,5.6746320724487305,0.27072986939338284,0.5718326568603516,0.7823510766029358,-0.024784227833151817,-0.024205515161156654,-0.02386234886944294,-0.024339431896805763,0.0014525704318657517,0.0011025510029867291,-0.0003500194288790226,0.031305454671382904,0.02692590281367302,-0.004379551857709885,0.001430150936357677,0.0010921638458967209,-0.0003379870904609561,0.65<=A<0.75,1.4<=beta<1.7,baseline_weakest_25
458,511_0.79_0.83.png,511,0.79,0.83,480,640,32.07774569563179,0.9915445446968079,32.158839050334485,0.9920673966407776,0.08109335470269485,0.0005228519439697266,22.778221130371094,10.096501350402832,22.648719787597656,0.4432524073155463,0.9943146858557463,0.2344161868095398,0.461277037858963,12.964707374572754,5.785161972045898,0.4462238757036771,0.2235942929983139,0.46088773012161255,-0.015977445989847183,-0.015428095124661922,-0.015691760927438736,-0.015622408129274845,0.0005629854276776314,0.000556602084543556,-6.383343134075403e-06,0.01687365397810936,0.018791504204273224,0.0019178502261638641,0.0005471472977660596,0.0005469117895700037,-2.3550819605588913e-07,0.75<=A<0.85,0.8<=beta<1.1,baseline_middle_50
459,512_0.94_1.48.png,512,0.94,1.48,480,640,25.292178008063342,0.9771851897239685,26.255742600544394,0.9802262783050537,0.9635645924810525,0.003041088581085205,50.71060562133789,14.194299697875977,45.2958869934082,0.2799079112536438,0.8932231520096203,0.5010589957237244,0.6830732822418213,28.987781524658203,8.075242042541504,0.278573992827715,0.5007807612419128,0.6826934218406677,-0.024203069508075714,-0.023368563503026962,-0.02391001209616661,-0.023679805919528008,0.0027903271839022636,0.002226256299763918,-0.0005640708841383457,0.035401325672864914,0.03119278885424137,-0.004208536818623543,0.002735323738306761,0.0021844145376235247,-0.0005509092006832361,0.85<=A<0.95,1.4<=beta<1.7,baseline_weakest_25
460,513_0.97_0.99.png,513,0.97,0.99,480,640,28.939769037192473,0.9849038124084473,28.958669347757393,0.9849730134010315,0.01890031056491992,6.920099258422852e-05,31.79621124267578,15.645410537719727,31.953149795532227,0.49205266685110566,1.0049357626812407,0.23597055673599243,0.6074129343032837,18.530651092529297,9.014336585998535,0.48645546996633593,0.21981874108314514,0.6052871346473694,0.006940914783626795,0.005334679502993822,0.002554291859269142,0.005497979465872049,0.0010970041621476412,0.0011078600073233247,1.0855845175683498e-05,0.023055385798215866,0.022601505741477013,-0.00045388005673885345,0.001117789768613875,0.0011432473547756672,2.5457586161792278e-05,A>=0.95,0.8<=beta<1.1,baseline_middle_50
461,514_0.92_1.6.png,514,0.92,1.6,480,640,27.811171986057374,0.9780595898628235,28.06738427890048,0.976689875125885,0.25621229284310587,-0.0013697147369384766,35.8087158203125,18.373680114746094,34.897056579589844,0.5131063679285482,0.9745408563295778,0.305539071559906,0.6149680018424988,20.672115325927734,10.613565444946289,0.5134242566668715,0.30062049627304077,0.6215951442718506,0.0010865763761103153,-0.0003896480775438249,-0.0027302554808557034,-0.0002150861982954666,0.0013913455186411738,0.001321402727626264,-6.994279101490974e-05,0.025529230013489723,0.025328252464532852,-0.00020097754895687103,0.001391068915836513,0.001328349462710321,-6.271945312619209e-05,0.85<=A<0.95,1.4<=beta<1.7,baseline_weakest_25
462,515_0.62_0.56.png,515,0.62,0.56,480,640,35.01931495848624,0.9950177669525146,35.22711576617794,0.9951150417327881,0.2078008076916973,9.72747802734375e-05,15.807538032531738,7.726109981536865,15.326003074645996,0.488761119260736,0.9695376372402363,0.30575695633888245,0.6157592535018921,8.735310554504395,4.469320774078369,0.5116384524845253,0.33567383885383606,0.6186586022377014,-0.005156056024134159,-0.006464027799665928,-0.008753109723329544,-0.006333900149911642,0.00027113527175970376,0.00025486803497187793,-1.6267236787825823e-05,0.012370363809168339,0.011611796915531158,-0.0007585668936371803,0.0002483908028807491,0.00022809396614320576,-2.0296836737543344e-05,A<0.65,beta<0.8,baseline_middle_50
463,516_0.64_0.94.png,516,0.64,0.94,480,640,33.64484947082975,0.9923086166381836,33.63887827082972,0.9924870133399963,-0.0059712000000260446,0.00017839670181274414,18.204395294189453,8.088785171508789,18.218975067138672,0.4443314397864453,1.000800893010375,0.22036254405975342,0.5891774296760559,9.959918975830078,4.639638900756836,0.46583098838614395,0.2285628467798233,0.5863871574401855,-0.005281110759824514,-0.006991458125412464,-0.009445766918361187,-0.006759854964911938,0.00035959205706603825,0.00036016825470142066,5.761976353824139e-07,0.013799440115690231,0.013703437522053719,-9.600259363651276e-05,0.00032291660318151116,0.000324226071825251,1.3094686437398195e-06,A<0.65,0.8<=beta<1.1,baseline_middle_50
464,517_0.8_1.62.png,517,0.8,1.62,480,640,37.602771434725014,0.9880618453025818,40.22134740164234,0.9884303212165833,2.6185759669173265,0.00036847591400146484,11.188715934753418,6.430891990661621,7.751938819885254,0.5747658648376748,0.6928354303648782,0.7397229075431824,0.739088237285614,6.379276752471924,3.6556410789489746,0.5730494569831039,0.7460786700248718,0.7373105883598328,-0.0023156660608947277,-0.0021199544426053762,-0.0016380606684833765,-0.0021235363092273474,0.00013583697727881372,6.520460010506213e-05,-7.063237717375159e-05,0.006312663666903973,0.004883965477347374,-0.0014286981895565987,0.00013247126480564475,6.269940786296502e-05,-6.977185694267973e-05,0.75<=A<0.85,1.4<=beta<1.7,baseline_strongest_25
465,518_0.86_0.85.png,518,0.86,0.85,480,640,41.71895292312017,0.9929218888282776,42.438793978379096,0.9930674433708191,0.7198410552589252,0.0001455545425415039,6.757294654846191,5.256612300872803,6.108279228210449,0.7779166914236705,0.9039533630266838,0.5064957737922668,0.702756941318512,3.826619863510132,2.973409414291382,0.777032869829901,0.5089252591133118,0.7179011106491089,0.0014137524412944913,0.0006795742665417492,0.0007877273601479828,0.0009114230051636696,4.954539326718077e-05,4.048510527354665e-05,-9.06028799363412e-06,0.004020076710730791,0.003781528677791357,-0.00023854803293943405,4.766607889905572e-05,3.874665344483219e-05,-8.919425454223529e-06,0.85<=A<0.95,0.8<=beta<1.1,baseline_strongest_25
466,519_0.58_1.19.png,519,0.58,1.19,480,640,43.07066650525318,0.9932894110679626,43.292581641283135,0.9934327006340027,0.22191513602995627,0.00014328956604003906,5.667403697967529,3.578551769256592,5.463194847106934,0.631427009609347,0.9639678304663862,0.3717499375343323,0.6674304008483887,3.1619036197662354,1.9727981090545654,0.6239273381775051,0.3735349476337433,0.6701513528823853,-0.0021511423401534557,-0.0011649761581793427,-0.0007829464157111943,-0.0014162884326651692,3.485185152385384e-05,3.23855274473317e-05,-2.4663240765221417e-06,0.0037809531204402447,0.003783776890486479,2.823770046234131e-06,3.2544383429922163e-05,3.0043936931178905e-05,-2.5004464987432584e-06,A<0.65,1.1<=beta<1.4,baseline_strongest_25
467,51_0.6_1.79.png,51,0.6,1.79,400,400,28.394735891457405,0.9881908297538757,31.66659231746069,0.9893728494644165,3.2718564260032856,0.0011820197105407715,25.878007888793945,11.82038402557373,17.31830596923828,0.4567733372819767,0.6692287151182799,0.832770586013794,0.8689384460449219,14.808091163635254,6.7971649169921875,0.45901695511466206,0.8329185843467712,0.8712759613990784,-0.0133149903267622,-0.01253693550825119,-0.013097712770104408,-0.012833502143621445,0.0013951485743746161,0.0006248410791158676,-0.0007703074952587485,0.029938071966171265,0.01873200759291649,-0.011206064373254776,0.0013704972807317972,0.0006113090785220265,-0.0007591882022097707,A<0.65,beta>=1.7,baseline_weakest_25
468,520_0.95_0.81.png,520,0.95,0.81,480,640,41.12176298980284,0.992424726486206,40.95839306550451,0.9925890564918518,-0.16336992429832975,0.00016433000564575195,7.326512813568115,5.540736198425293,7.4981842041015625,0.7562583099785608,1.0234315280545918,0.34678247570991516,0.6287916302680969,4.144692897796631,3.1420352458953857,0.7580863826040597,0.34513115882873535,0.643859326839447,0.002399297896772623,0.001341589610092342,0.0013809367083013058,0.001662330119870603,5.8244128013029695e-05,6.10056085861288e-05,2.7614805730991066e-06,0.004371266346424818,0.004296864382922649,-7.440196350216866e-05,5.5919528676895425e-05,5.879470700165257e-05,2.875178324757144e-06,A>=0.95,0.8<=beta<1.1,baseline_strongest_25
469,521_0.53_1.56.png,521,0.53,1.56,480,640,37.07354030463554,0.98862624168396,36.68516572990309,0.9891449213027954,-0.3883745747324525,0.0005186796188354492,10.91975212097168,8.684362411499023,11.61928653717041,0.7952893358101482,1.064061382387541,0.31451353430747986,0.6805062890052795,5.686690807342529,4.68616247177124,0.8240578977356341,0.3075536787509918,0.6682863831520081,-0.0031966541428118944,-0.0024675659369677305,-0.0021587011869996786,-0.0026503526605665684,0.00012938474537804723,0.000146492850035429,1.7108104657381773e-05,0.0075622498989105225,0.007862103171646595,0.00029985327273607254,0.00010526840196689591,0.0001233942894032225,1.8125887436326593e-05,A<0.65,1.4<=beta<1.7,baseline_strongest_25
470,522_0.68_1.78.png,522,0.68,1.78,480,640,34.99939062173533,0.983715832233429,34.18109988729618,0.9844500422477722,-0.8182907344391523,0.0007342100143432617,13.935894012451172,11.937360763549805,16.002119064331055,0.8565909551898316,1.1482664154903728,0.24237480759620667,0.5779807567596436,7.4934468269348145,6.574819564819336,0.8774092505983335,0.22726164758205414,0.5887048840522766,0.008561366237699986,0.006760737393051386,0.006178508047014475,0.007232751231640577,0.00021073040261399,0.000277851358987391,6.712095637340099e-05,0.009923573583364487,0.011522907763719559,0.001599334180355072,0.00018278564675711095,0.0002506071759853512,6.782152922824025e-05,0.65<=A<0.75,beta>=1.7,baseline_middle_50
471,523_0.5_1.76.png,523,0.5,1.76,480,640,33.805063101088244,0.986678957939148,32.59752463689888,0.9869652390480042,-1.207538464189362,0.00028628110885620117,17.396669387817383,10.128952980041504,20.646875381469727,0.5822351827376022,1.1868292097295596,-0.05974019691348076,0.5000763535499573,9.559453010559082,5.553859233856201,0.5809808602774214,-0.10653472691774368,0.4874430298805237,-0.014524403028190136,-0.011120312847197056,-0.009785906411707401,-0.011986014433205128,0.00032838989864103496,0.00046255800407379866,0.0001341681054327637,0.012603113427758217,0.01517350971698761,0.002570396289229393,0.0002974711824208498,0.00043470298987813294,0.00013723180745728314,A<0.65,beta>=1.7,baseline_middle_50
472,524_0.59_1.65.png,524,0.59,1.65,480,640,36.72492502665865,0.9871624112129211,36.192149668140786,0.987725019454956,-0.532775358517867,0.0005626082420349121,11.201153755187988,9.348586082458496,12.254069328308105,0.8346092096207994,1.0940006356606293,0.2993827164173126,0.622628927230835,5.861095905303955,5.019693374633789,0.8564427976841763,0.29010045528411865,0.6274755001068115,0.004989068489521742,0.003931805957108736,0.003525694366544485,0.004201631061732769,0.00013613916235044599,0.0001629364414839074,2.6797279133461416e-05,0.008066539652645588,0.008703663013875484,0.0006371233612298965,0.00011182437447132543,0.0001382803893648088,2.645601489348337e-05,A<0.65,1.4<=beta<1.7,baseline_strongest_25
473,525_0.74_1.31.png,525,0.74,1.31,480,640,38.26458356964849,0.993675172328949,38.53013577393426,0.9936438202857971,0.2655522042857754,-3.135204315185547e-05,10.086081504821777,9.341452598571777,9.71756362915039,0.9261726265156571,0.9634627307448178,0.5018154978752136,0.6240341663360596,5.813918590545654,5.45338249206543,0.9379874188354627,0.5083932280540466,0.618995189666748,-0.0006771924090571702,-0.000670381064992398,-0.0005397690110839903,-0.0006575278239324689,0.00011038308730348945,0.00010246424790238962,-7.918839401099831e-06,0.007072419859468937,0.007196331396698952,0.0001239115372300148,0.00011003141844412312,0.00010189872409682721,-8.13269434729591e-06,0.65<=A<0.75,1.1<=beta<1.4,baseline_strongest_25
474,526_0.73_0.69.png,526,0.73,0.69,480,640,41.532688224073844,0.9957898855209351,41.84649426204302,0.9961655139923096,0.3138060379691723,0.0003756284713745117,6.6666178703308105,6.364983081817627,6.37448787689209,0.9547544505504684,0.9561801802471956,0.5222681164741516,0.6428840160369873,3.8014471530914307,3.7017264366149902,0.9737676962323821,0.526942789554596,0.6386886239051819,-0.00027314212638884783,-0.00012434237578418106,2.965418025269173e-05,-0.0001512779126642272,4.822460323339328e-05,4.409081520861946e-05,-4.133788024773821e-06,0.004903648514300585,0.004876725375652313,-2.692313864827156e-05,4.704101593233645e-05,4.3371055653551593e-05,-3.669960278784856e-06,0.65<=A<0.75,beta<0.8,baseline_strongest_25
475,527_0.72_1.87.png,527,0.72,1.87,480,640,36.8637371145528,0.9917442798614502,36.841836681265605,0.9916512370109558,-0.021900433287193266,-9.304285049438477e-05,11.799127578735352,10.013707160949707,11.882430076599121,0.8486819973873858,1.007060055695465,0.4159928262233734,0.6054593324661255,6.820367336273193,5.828705310821533,0.8546028422578296,0.42586928606033325,0.6093052625656128,-0.0006511431420221925,-0.0009171187994070351,-0.0007472070283256471,-0.0008182222372852266,0.00015106274804566056,0.00015320329112000763,2.140543074347079e-06,0.00859093852341175,0.008777063339948654,0.00018612481653690338,0.0001514238683739677,0.0001517945493105799,3.706809366121888e-07,0.65<=A<0.75,beta>=1.7,baseline_strongest_25
476,528_0.95_0.76.png,528,0.95,0.76,480,640,38.7812011616737,0.9948654770851135,38.345800006481056,0.9948615431785583,-0.43540115519264333,-3.933906555175781e-06,9.662693977355957,8.636037826538086,10.261458396911621,0.8937505261758482,1.0619666131369614,0.3753938674926758,0.6395008563995361,5.6013288497924805,5.072498798370361,0.9055884655938901,0.38281768560409546,0.6342256665229797,0.0009359493269585073,0.0009427251643501222,0.0011905789142474532,0.0009689545840956271,0.00010131039744010195,0.00011425513366702944,1.2944736226927489e-05,0.006950953043997288,0.007367321755737066,0.0004163687117397785,0.00010213179484708235,0.00011507595627335832,1.2944161426275969e-05,A>=0.95,beta<0.8,baseline_strongest_25
477,529_0.86_1.47.png,529,0.86,1.47,480,640,37.299233839891464,0.9934438467025757,38.31960231308566,0.993162214756012,1.0203684731941962,-0.0002816319465637207,11.803628921508789,8.347552299499512,10.198989868164062,0.707202196460823,0.8640554473530827,0.5327635407447815,0.665528416633606,6.966670513153076,4.909917831420898,0.7047725053382347,0.5385782718658447,0.6569230556488037,-0.000579464714974165,-0.0003091919352300465,0.00026403312222100794,-0.0003246558189857751,0.00015117801376618445,0.00011286827066214755,-3.83097431040369e-05,0.008585162460803986,0.0076063042506575584,-0.0009788582101464272,0.00015798991080373526,0.00011652609100565314,-4.146381979808211e-05,0.85<=A<0.95,1.4<=beta<1.7,baseline_strongest_25
478,52_0.57_1.57.png,52,0.57,1.57,400,400,27.415091317547677,0.9882727861404419,29.850695814192125,0.9889084100723267,2.435604496644448,0.0006356239318847656,29.100444793701172,10.182613372802734,21.63677406311035,0.34991263690260754,0.7435203900317585,0.813940703868866,0.8518861532211304,16.725627899169922,5.877728462219238,0.35142049659677915,0.8132542967796326,0.853348970413208,-0.019774196669459343,-0.01948719471693039,-0.02005983702838421,-0.019638290628790855,0.001764241373166442,0.0009753124904818833,-0.0007889288826845586,0.033804334700107574,0.023972945287823677,-0.009831389412283897,0.0017484164563938975,0.0009649648563936353,-0.0007834516000002623,A<0.65,1.4<=beta<1.7,baseline_weakest_25
479,530_0.62_1.06.png,530,0.62,1.06,480,640,40.25736791770858,0.9954102039337158,41.19035941655359,0.9956084489822388,0.9329914988450128,0.00019824504852294922,8.267885208129883,5.205301761627197,7.183297157287598,0.6295807973372416,0.8688191691660402,0.5094859600067139,0.7601040005683899,4.8591508865356445,3.01296067237854,0.6200590890740265,0.5242741107940674,0.7617059946060181,-0.0015336736105382442,-0.0016473473515361547,-0.0011687683872878551,-0.0015588009264320135,7.417309825541452e-05,5.598932330030948e-05,-1.8183774955105036e-05,0.005812366027384996,0.005341965705156326,-0.0004704003222286701,7.685985474381596e-05,5.6439075706293806e-05,-2.0420779037522152e-05,A<0.65,0.8<=beta<1.1,baseline_strongest_25
480,531_0.78_1.72.png,531,0.78,1.72,480,640,37.45182437311761,0.9933719038963318,38.26499382919391,0.9929032921791077,0.8131694560763023,-0.0004686117172241211,11.488421440124512,8.934269905090332,10.14041519165039,0.777676023782211,0.8826639277206467,0.5308665633201599,0.6422145962715149,6.786022663116455,5.302389621734619,0.7813692769631154,0.5367434620857239,0.6351213455200195,-0.0021353859920054674,-0.002023237757384777,-0.0012795156799256802,-0.0019719856791198254,0.00014321162598207593,0.00011157555127283558,-3.163607470924035e-05,0.008061029948294163,0.007530472707003355,-0.0005305572412908077,0.00014990268391557038,0.00011568712943699211,-3.421555447857827e-05,0.75<=A<0.85,beta>=1.7,baseline_strongest_25
481,532_0.63_1.43.png,532,0.63,1.43,480,640,39.42846105551668,0.9946172833442688,40.22509078828768,0.9946778416633606,0.7966297327710024,6.0558319091796875e-05,9.061260223388672,6.391378879547119,8.039460182189941,0.7053520947395231,0.8872342239370536,0.5035335421562195,0.7015188932418823,5.351467132568359,3.700793743133545,0.6915475049096307,0.5179513096809387,0.7001610994338989,-0.00015898510173428804,-0.00030746214906685054,0.00045486571616493165,-0.00017616213881410658,8.909118332667276e-05,7.013121648924425e-05,-1.895996683742851e-05,0.005868108477443457,0.005672568455338478,-0.00019554002210497856,9.322330879513174e-05,7.102330710040405e-05,-2.220000169472769e-05,A<0.65,1.4<=beta<1.7,baseline_strongest_25
482,533_0.75_0.77.png,533,0.75,0.77,480,640,36.482582462796266,0.9792235493659973,36.95872716044542,0.9839789867401123,0.4761446976491541,0.00475543737411499,13.293067932128906,9.23061752319336,12.396820068359375,0.6943933161496347,0.9325778015770664,0.44101858139038086,0.6808419823646545,7.652798652648926,5.296282768249512,0.6920713595955208,0.4391345679759979,0.6813069581985474,-0.004686988890171051,-0.004504351411014795,-0.004187083337455988,-0.004522791597992182,0.00019173789769411087,0.00016675470396876335,-2.498319372534752e-05,0.009570063091814518,0.008395959623157978,-0.00117410346865654,0.00019064235675614327,0.0001660757843637839,-2.4566572392359376e-05,0.75<=A<0.85,beta<0.8,baseline_strongest_25
483,534_0.58_0.58.png,534,0.58,0.58,480,640,38.58574161701659,0.9841501712799072,38.529687075092916,0.9881681799888611,-0.056054541923671763,0.004018008708953857,10.337567329406738,6.588405609130859,10.40213680267334,0.6373265004416625,1.0062460994167288,0.3088321387767792,0.6196537613868713,5.925604820251465,3.753896713256836,0.633504397800448,0.30189740657806396,0.6133587956428528,-0.004293912090361118,-0.00405011186376214,-0.004010600037872791,-0.004118504002690315,0.00011595627438509837,0.00011740934860426933,1.4530742191709578e-06,0.007423614617437124,0.007171999663114548,-0.0002516149543225765,0.00011429945880081505,0.00011645070480881259,2.1512460079975426e-06,A<0.65,beta<0.8,baseline_strongest_25
484,535_0.65_1.44.png,535,0.65,1.44,480,640,34.988421862496075,0.9729328751564026,34.46219597259781,0.9735116958618164,-0.5262258898982637,0.0005788207054138184,15.491476058959961,10.198492050170898,16.61280632019043,0.6583292651620691,1.072383693907716,0.21523460745811462,0.6244384050369263,8.88469409942627,5.866302967071533,0.6602706746482527,0.21014229953289032,0.6249241232872009,-0.006929308641701937,-0.007180670276284218,-0.006852519698441029,-0.007068103179335594,0.0002604012843221426,0.0002994632814079523,3.906199708580971e-05,0.011117428541183472,0.011879579164087772,0.0007621506229043007,0.0002569589705672115,0.00029767557862214744,4.071660805493593e-05,0.65<=A<0.75,1.4<=beta<1.7,baseline_middle_50
485,536_0.93_0.57.png,536,0.93,0.57,480,640,36.470868313239855,0.9807002544403076,36.18714597638224,0.9821735620498657,-0.2837223368576147,0.0014733076095581055,13.281927108764648,11.745135307312012,13.416254043579102,0.8842945162348829,1.0101135124228933,0.4306526184082031,0.6401383280754089,7.668737888336182,6.74221658706665,0.8791820355890987,0.42968034744262695,0.6285154819488525,-0.004011761397123337,-0.003356000641360879,-0.002771772677078843,-0.003485471475869417,0.00019141664961352944,0.0001953080209204927,3.891371306963265e-06,0.009480650536715984,0.009309238754212856,-0.00017141178250312805,0.00019143732788506895,0.0001947733835550025,3.3360556699335575e-06,0.85<=A<0.95,beta<0.8,baseline_strongest_25
486,537_0.58_1.0.png,537,0.58,1.0,480,640,37.868671858713526,0.993824303150177,36.501450260317654,0.9943100810050964,-1.3672215983958722,0.0004857778549194336,11.086440086364746,6.059183597564697,13.111699104309082,0.5465400570753915,1.1826789304923235,-0.0915059819817543,0.43357110023498535,6.153412818908691,3.359379768371582,0.5459376556126082,-0.09295497089624405,0.4276740550994873,-0.006827670149505138,-0.004655526019632816,-0.0039567300118505955,-0.005225334316492081,0.0001333649706793949,0.00018654149607755244,5.317652539815754e-05,0.008700055070221424,0.010705114342272282,0.0020050592720508575,0.0001232568029081449,0.00017250321980100125,4.924641689285636e-05,A<0.65,0.8<=beta<1.1,baseline_strongest_25
487,538_0.61_1.35.png,538,0.61,1.35,480,640,35.12567952374405,0.991999089717865,33.657049792810824,0.9915971755981445,-1.4686297309332232,-0.000401914119720459,15.542319297790527,7.9656081199646,18.586822509765625,0.5125109044116073,1.1958847424018564,-0.16338486969470978,0.40628623962402344,8.72909164428711,4.490184307098389,0.5143930766309528,-0.17039309442043304,0.40953579545021057,-0.01159854605793953,-0.009005543775856495,-0.008175739087164402,-0.00968625396490097,0.0002621133753564209,0.00037485890788957477,0.00011274553253315389,0.012147369794547558,0.015154718421399593,0.0030073486268520355,0.00024803722044453025,0.00035714847035706043,0.00010911124991253018,A<0.65,1.1<=beta<1.4,baseline_middle_50
488,539_0.86_1.44.png,539,0.86,1.44,480,640,34.445603370647326,0.9882140755653381,32.652433738903134,0.9869514107704163,-1.7931696317441919,-0.001262664794921875,15.983938217163086,12.996149063110352,20.295602798461914,0.8130755316080656,1.2697498277783061,0.030026216059923172,0.4896606504917145,9.00368595123291,7.437062740325928,0.8260020152421622,0.03413067013025284,0.49244365096092224,-0.0062928274273872375,-0.004012578632682562,-0.003473208751529455,-0.004632884636521339,0.00027722035883925855,0.00044695258839055896,0.0001697322295513004,0.012026136741042137,0.01566406339406967,0.0036379266530275345,0.00026388789410702884,0.00042905405280180275,0.0001651661586947739,0.85<=A<0.95,1.4<=beta<1.7,baseline_middle_50
489,53_0.72_1.32.png,53,0.72,1.32,400,400,29.47088569987686,0.9860700368881226,30.08105101368464,0.9877315759658813,0.61016531380778,0.001661539077758789,22.093286514282227,8.354574203491211,20.471954345703125,0.3781499053158247,0.9266142605116269,0.376019150018692,0.6153431534767151,11.9682035446167,4.523168087005615,0.3779320822998651,0.3059024214744568,0.577403724193573,-0.014078655280172825,-0.016302820295095444,-0.020181750878691673,-0.016079992055892944,0.0010169027373194695,0.0008731270208954811,-0.00014377571642398834,0.024526502937078476,0.023516008630394936,-0.0010104943066835403,0.0008952368516474962,0.0008161086589097977,-7.912819273769855e-05,0.65<=A<0.75,1.1<=beta<1.4,baseline_middle_50
490,540_0.65_1.28.png,540,0.65,1.28,480,640,36.28639992448241,0.9924079179763794,34.45448975600259,0.9917084574699402,-1.8319101684798227,-0.000699460506439209,13.283714294433594,7.9423651695251465,16.727718353271484,0.5979024385411025,1.2592651409463893,-0.19088506698608398,0.396767795085907,7.440052032470703,4.4753570556640625,0.6015222791631311,-0.19707821309566498,0.3903980255126953,-0.009031041525304317,-0.006822414696216583,-0.00600310368463397,-0.007389392238110304,0.00019146816339343786,0.00030362041434273124,0.00011215225094929338,0.010375745594501495,0.013599775731563568,0.0032240301370620728,0.00018019002163782716,0.00028810996445827186,0.0001079199428204447,0.65<=A<0.75,1.1<=beta<1.4,baseline_strongest_25
491,541_0.58_1.83.png,541,0.58,1.83,480,640,35.27716807143909,0.9914810061454773,35.299047462244395,0.9918246865272522,0.02187939080530299,0.00034368038177490234,15.458033561706543,5.624709606170654,15.375283241271973,0.36386967227865785,0.9946467757296398,0.19660744071006775,0.6239359378814697,8.97775936126709,3.26861310005188,0.36407893868861274,0.19382958114147186,0.6220647692680359,-0.0030613914132118225,-0.003094659186899662,-0.002785144606605172,-0.0030494271777570248,0.0002592781966086477,0.0002565096947364509,-2.7685018721967936e-06,0.009322921745479107,0.00907563790678978,-0.00024728383868932724,0.0002623703039716929,0.00026011784211732447,-2.2524618543684483e-06,A<0.65,beta>=1.7,baseline_middle_50
492,542_0.78_0.72.png,542,0.78,0.72,480,640,39.21639351554311,0.9947949051856995,37.98151890961403,0.9946759343147278,-1.234874605929079,-0.00011897087097167969,9.867980003356934,7.072577953338623,11.394981384277344,0.7167199316306521,1.154743055863606,0.12575049698352814,0.6450223922729492,5.765823841094971,4.092735290527344,0.7098266272647873,0.12278816848993301,0.6440280079841614,-0.001698303036391735,-0.0017835072940215468,-0.0016367683419957757,-0.0017413030145689845,0.00010566084529273212,0.0001408915122738108,3.5230666981078684e-05,0.007265821099281311,0.007451681885868311,0.0001858607865869999,0.0001082185044651851,0.00014388051931746304,3.5662014852277935e-05,0.75<=A<0.85,beta<0.8,baseline_strongest_25
493,543_0.82_1.54.png,543,0.82,1.54,480,640,37.344772901855016,0.9921537637710571,36.7865390119408,0.9925805926322937,-0.558233889914213,0.00042682886123657227,12.150679588317871,7.4328203201293945,12.940689086914062,0.6117205433740177,1.0650177212602772,0.19611838459968567,0.6333476901054382,7.097668647766113,4.327480316162109,0.6097044721190416,0.19314125180244446,0.6296794414520264,0.001260501565411687,0.0013843021588400006,0.0015968935331329703,0.0013715213863179088,0.00016019858594518155,0.00018170727707911283,2.150869113393128e-05,0.009196706116199493,0.009343654848635197,0.00014694873243570328,0.00016398730804212391,0.00018632588034961373,2.2338572307489812e-05,0.75<=A<0.85,1.4<=beta<1.7,baseline_strongest_25
494,544_0.53_0.73.png,544,0.53,0.73,480,640,37.37595300983695,0.9944922924041748,36.2079449406153,0.993876576423645,-1.1680080692216492,-0.0006157159805297852,12.348896980285645,5.843200206756592,14.113407135009766,0.47317588089729384,1.1428880779830837,-0.08696325123310089,0.5292945504188538,7.195644855499268,3.382343053817749,0.47005419552255906,-0.08939439803361893,0.5257145762443542,-0.0067008486948907375,-0.006826931610703468,-0.006614491809159517,-0.0067650144919753075,0.000165467950864695,0.000216133106732741,5.0665155868045986e-05,0.008439678698778152,0.009231990203261375,0.000792311504483223,0.00016854591376613826,0.00021995097631588578,5.140506254974753e-05,A<0.65,beta<0.8,baseline_strongest_25
495,545_0.65_1.46.png,545,0.65,1.46,480,640,39.638990294999694,0.9937686324119568,40.237001384247364,0.9936684966087341,0.5980110892476702,-0.00010013580322265625,7.971955299377441,8.216869354248047,7.176235198974609,1.0307219553639158,0.9001850774972393,0.6073678135871887,0.8129400014877319,4.295841693878174,4.530981063842773,1.0547365072366812,0.6313954591751099,0.8163639307022095,0.0006405726308003068,0.001696632127277553,0.0022916439920663834,0.0014487016014754772,6.895841215737164e-05,5.5879285355331376e-05,-1.3079126802040264e-05,0.006041544023901224,0.005249564070254564,-0.0007919799536466599,6.007244155625813e-05,4.689000343205407e-05,-1.3182438124204054e-05,0.65<=A<0.75,1.4<=beta<1.7,baseline_strongest_25
496,546_0.93_1.03.png,546,0.93,1.03,480,640,38.08214200314817,0.9927707314491272,38.42768279455982,0.9927766919136047,0.3455407914116506,5.9604644775390625e-06,9.999690055847168,8.733057975769043,9.385031700134277,0.8733328660184342,0.9385322592720283,0.5048862099647522,0.7287524938583374,5.570836544036865,4.921535491943359,0.8834464003815494,0.5041850805282593,0.7292311191558838,0.00038114050403237343,0.000822629255708307,0.0012902687303721905,0.0007439350592903793,0.00010850022226804867,9.557163139106706e-05,-1.2928590876981616e-05,0.007632586173713207,0.00704569136723876,-0.0005868948064744473,0.00010102285887114704,8.987362525658682e-05,-1.1149233614560217e-05,0.85<=A<0.95,0.8<=beta<1.1,baseline_strongest_25
497,547_0.86_0.87.png,547,0.86,0.87,480,640,39.42017701820838,0.9943526387214661,40.32950467953803,0.9944937229156494,0.9093276613296553,0.0001410841941833496,8.551100730895996,7.12144136428833,7.340745449066162,0.8328099023039033,0.8584562011465147,0.5743358731269836,0.7936252951622009,4.762948036193848,3.9876866340637207,0.8372307662735595,0.5755054354667664,0.7918128371238708,-0.00041994612547568977,0.00025662657571956515,0.0007010563276708126,0.00010499626660021022,7.934171298984438e-05,5.847064312547445e-05,-2.087106986436993e-05,0.006657532881945372,0.00546280387789011,-0.0011947290040552616,7.384658965747803e-05,5.444660928333178e-05,-1.9399980374146253e-05,0.85<=A<0.95,0.8<=beta<1.1,baseline_strongest_25
498,548_0.7_1.93.png,548,0.7,1.93,480,640,37.50907725962592,0.9907596111297607,38.427930093028586,0.9908789396286011,0.9188528334026671,0.00011932849884033203,10.44364070892334,9.59970760345459,8.861188888549805,0.9191916756818654,0.8484769952856149,0.6119507551193237,0.8100782632827759,5.680582523345947,5.262112617492676,0.9263332758333407,0.6448987126350403,0.8229405879974365,-0.0004704945895355195,0.0011968148173764348,0.0023011043667793274,0.0008241782779805362,0.00011834812175948173,8.520038682036102e-05,-3.314773493912071e-05,0.008097231388092041,0.006364294793456793,-0.0017329365946352482,0.0001050423743436113,6.967574881855398e-05,-3.5366625525057316e-05,0.65<=A<0.75,beta>=1.7,baseline_strongest_25
499,549_0.6_0.92.png,549,0.6,0.92,480,640,38.8972465504865,0.9945883750915527,39.46426983803383,0.9945297837257385,0.5670232875473289,-5.8591365814208984e-05,9.673089981079102,5.723862171173096,8.865799903869629,0.59173047933692,0.9165426891728952,0.4310191571712494,0.7448728680610657,5.13720703125,2.985574960708618,0.5811669536670706,0.46778222918510437,0.7767689824104309,-0.00744251674041152,-0.0029454613104462624,-0.0008583414019085467,-0.004052149131894112,0.00010152850154554471,8.528906619176269e-05,-1.6239435353782028e-05,0.007955010049045086,0.006695108953863382,-0.0012599010951817036,8.590787183493376e-05,6.8213943450246e-05,-1.769392838468775e-05,A<0.65,0.8<=beta<1.1,baseline_strongest_25
500,54_0.91_0.59.png,54,0.91,0.59,400,400,29.573366655430906,0.9890416860580444,30.596104496908243,0.9901379942893982,1.022737841477337,0.0010963082313537598,22.195053100585938,10.487665176391602,19.507308959960938,0.4725226440712923,0.8789034597734734,0.4770207405090332,0.6597806215286255,12.41380786895752,5.949278831481934,0.47924689138768983,0.4716341495513916,0.6644951105117798,-0.00907243974506855,-0.008757457137107849,-0.010333175770938396,-0.009031268768012524,0.0010262924479320645,0.0007927815895527601,-0.0002335108583793044,0.02313210815191269,0.0217018723487854,-0.0014302358031272888,0.0009631413267925382,0.0007489572162739933,-0.0002141841105185449,0.85<=A<0.95,beta<0.8,baseline_middle_50
501,550_0.55_1.01.png,550,0.55,1.01,480,640,37.40177544033758,0.9941806793212891,36.935149005546755,0.9941110014915466,-0.46662643479082533,-6.967782974243164e-05,11.797605514526367,5.987979888916016,12.478676795959473,0.5075589179128789,1.0577296198448494,0.13675661385059357,0.6272428631782532,6.340667724609375,3.0900990962982178,0.487346006841667,0.12408896535634995,0.6047150492668152,-0.012428436428308487,-0.006399365607649088,-0.003651158884167671,-0.007888762280344963,0.00015102374891284853,0.00016896416491363198,1.7940416000783443e-05,0.009651235304772854,0.009515000507235527,-0.0001362347975373268,0.00013087262050248682,0.0001461268257116899,1.5254205209203064e-05,A<0.65,0.8<=beta<1.1,baseline_strongest_25
502,551_0.71_1.31.png,551,0.71,1.31,480,640,38.02022838251761,0.9920628666877747,38.051743061433825,0.9930180311203003,0.031514678916217065,0.0009551644325256348,10.460158348083496,7.689352512359619,10.315286636352539,0.7351086146576794,0.986150141622139,0.38626447319984436,0.7265383005142212,5.595151424407959,4.050724506378174,0.7239704878598159,0.4197133183479309,0.7361496686935425,-0.0033200096804648638,-8.608614734839648e-05,0.0016674419166520238,-0.0008531270432285964,0.00011872278264490888,0.00011545696179382503,-3.265820851083845e-06,0.008368801325559616,0.0076905107125639915,-0.0006782906129956245,0.00010190663306275383,9.338856762042269e-05,-8.518065442331135e-06,0.65<=A<0.75,1.1<=beta<1.4,baseline_strongest_25
503,552_0.88_1.88.png,552,0.88,1.88,480,640,34.74756375672625,0.9877061247825623,33.72192579044565,0.9872735738754272,-1.0256379662805983,-0.00043255090713500977,15.221816062927246,12.22790241241455,17.603487014770508,0.8033142932396631,1.1564643103028833,0.19164609909057617,0.5665037631988525,8.241349220275879,6.6774001121521,0.8102314237241574,0.19070129096508026,0.5542505383491516,-7.378379814326763e-05,0.002776328707113862,0.004469042643904686,0.00211711460724473,0.0002514145744498819,0.0003362443239893764,8.482974953949451e-05,0.011168579570949078,0.012737585231661797,0.001569005660712719,0.00022109319979790598,0.00029791213455609977,7.681893475819379e-05,0.85<=A<0.95,beta>=1.7,baseline_middle_50
504,553_0.51_1.76.png,553,0.51,1.76,480,640,32.54785206872669,0.994917631149292,33.98900840661411,0.9948102235794067,1.4411563378874206,-0.0001074075698852539,21.793010711669922,7.020686149597168,18.100757598876953,0.32215310874131153,0.8305762722900968,0.642436146736145,0.8557941913604736,12.543136596679688,3.9536702632904053,0.3152058683899677,0.649166464805603,0.8611133694648743,-0.012228109873831272,-0.012494644150137901,-0.012250193394720554,-0.012387081980705261,0.0005153378588147461,0.0003555094008333981,-0.00015982845798134804,0.017481744289398193,0.01335899904370308,-0.004122745245695114,0.000512142782099545,0.00035343613126315176,-0.00015870665083639324,A<0.65,beta>=1.7,baseline_middle_50
505,554_0.96_1.87.png,554,0.96,1.87,480,640,35.208430870114725,0.9929072260856628,34.15827344194871,0.992332935333252,-1.0501574281660169,-0.0005742907524108887,14.426709175109863,11.631473541259766,16.208450317382812,0.8062457903655071,1.1235029500245943,0.24048078060150146,0.6233104467391968,8.208159446716309,6.562521934509277,0.7995119949984193,0.22936823964118958,0.6202064752578735,0.002503886353224516,0.0026269741356372833,0.0027913658414036036,0.0026089115999639034,0.00022583543614018708,0.00028506279340945184,5.922735726926476e-05,0.010702233761548996,0.011454851366579533,0.0007526176050305367,0.00021931598894298077,0.00027906958712264895,5.975359817966819e-05,A>=0.95,beta>=1.7,baseline_middle_50
506,555_0.75_1.55.png,555,0.75,1.55,480,640,39.32322520747827,0.9956480860710144,38.24566394659094,0.9945219159126282,-1.077561260887336,-0.0011261701583862305,8.747856140136719,11.540567398071289,9.847835540771484,1.319245219994087,1.1257427400512299,0.5583159923553467,0.8010604381561279,4.9324212074279785,6.5664215087890625,1.3312775273328972,0.5534973740577698,0.8023408055305481,0.003882806748151779,0.0037723390851169825,0.0035081617534160614,0.0037752524949610233,8.303492359118536e-05,0.00010522988304728642,2.219495945610106e-05,0.006860463414341211,0.007379219401627779,0.0005187559872865677,7.919524068711326e-05,0.00010284155723638833,2.364631654927507e-05,0.75<=A<0.85,1.4<=beta<1.7,baseline_strongest_25
507,556_0.61_0.91.png,556,0.61,0.91,480,640,38.876032309837065,0.9968124032020569,42.13971877308815,0.9964468479156494,3.2636864632510836,-0.0003655552864074707,9.952047348022461,8.428765296936035,6.044098377227783,0.8469378211520354,0.6073221082924999,0.7960816621780396,0.8938879370689392,5.680819034576416,4.819365501403809,0.8483575118430364,0.8013584613800049,0.9009861946105957,-0.001292239292524755,-0.001135331462137401,-0.0015214023878797889,-0.0012262588134035468,0.00010746879706857726,3.963881317758933e-05,-6.782998389098793e-05,0.008399717509746552,0.004200085997581482,-0.00419963151216507,0.00010505112732062116,3.782192288781516e-05,-6.7229204432806e-05,A<0.65,0.8<=beta<1.1,baseline_strongest_25
508,557_0.68_0.68.png,557,0.68,0.68,480,640,42.59165071494656,0.996252179145813,41.365294978543815,0.9960876703262329,-1.2263557364027449,-0.00016450881958007812,6.0817484855651855,4.806601524353027,7.302648544311523,0.7903321776231499,1.200748199575188,0.11566579341888428,0.49701598286628723,3.387810230255127,2.6184332370758057,0.7728984385523325,0.12773090600967407,0.5054056644439697,-0.003603322897106409,-0.0031433426775038242,-0.0032000099308788776,-0.00328733678907156,4.0134185837814584e-05,5.7865316193783656e-05,1.773113035596907e-05,0.00471880380064249,0.005807582754641771,0.001088778953999281,3.73608672816772e-05,5.230245733400807e-05,1.4941590052330866e-05,0.65<=A<0.75,beta<0.8,baseline_strongest_25
509,558_0.93_1.03.png,558,0.93,1.03,480,640,36.570040273619846,0.993270218372345,36.02596880121787,0.9926798939704895,-0.5440714724019742,-0.0005903244018554688,13.171318054199219,10.458163261413574,14.166179656982422,0.7940103806148202,1.0755324257366958,0.2982848286628723,0.685754656791687,7.460021495819092,5.833148002624512,0.7819210716609398,0.29798460006713867,0.6883537769317627,-0.0005864461418241262,-0.00021208245016168803,-0.0003050986852031201,-0.00033462102874182165,0.00018824177095666528,0.00021775244385935366,2.9510672902688384e-05,0.00959042925387621,0.00965034682303667,5.9917569160461426e-05,0.00018115861166734248,0.00020749900431837887,2.6340392651036382e-05,0.85<=A<0.95,0.8<=beta<1.1,baseline_strongest_25
510,559_1.0_1.23.png,559,1.0,1.23,480,640,33.697371903738464,0.9901692867279053,32.789072017763566,0.9887362122535706,-0.9082998859748983,-0.0014330744743347168,18.504179000854492,14.074665069580078,20.851093292236328,0.7606208883371769,1.1268315817347778,0.20298856496810913,0.6765502691268921,10.493800163269043,7.904867172241211,0.753289280265718,0.20301464200019836,0.6774435043334961,0.0019575878977775574,0.0024322255048900843,0.0024983047042042017,0.0022978419438004494,0.0003715328930411488,0.0004717536212410778,0.000100220728199929,0.013153648935258389,0.01355056557804346,0.0003969166427850723,0.00035846306127496064,0.00045223243068903685,9.376936941407621e-05,A>=0.95,1.1<=beta<1.4,baseline_middle_50
511,55_0.56_1.57.png,55,0.56,1.57,400,400,32.54426150939796,0.9869683980941772,32.2491609375981,0.9887881875038147,-0.29510057179986404,0.0018197894096374512,13.992229461669922,9.62846565246582,14.643280029296875,0.688129484928894,1.0465294376003789,0.2748744785785675,0.6051932573318481,7.415120601654053,4.99346399307251,0.6734164231878634,0.19350677728652954,0.5843691825866699,-0.007157749030739069,-0.005806326866149902,-0.006842354312539101,-0.00632850918918848,0.00040788017213344574,0.000446720136096701,3.8839963963255286e-05,0.015244954265654087,0.017542490735650063,0.0022975364699959755,0.0003436500846873969,0.00040992937283590436,6.627928814850748e-05,A<0.65,1.4<=beta<1.7,baseline_middle_50
512,560_0.74_1.77.png,560,0.74,1.77,480,640,33.86590123024024,0.9888830184936523,36.40074646820417,0.9911787509918213,2.5348452379639284,0.0022957324981689453,18.262481689453125,12.270770072937012,13.20669174194336,0.6719114237373104,0.7231597526841291,0.6909429430961609,0.6530280709266663,10.363372802734375,6.854843616485596,0.661449100304193,0.7028987407684326,0.6565708518028259,-3.0347307983902283e-05,0.00025666263536550105,-3.630568608059548e-05,0.0001374482671963051,0.0003618904447648674,0.00018925424956250936,-0.00017263619520235807,0.011851921677589417,0.00960865244269371,-0.002243269234895706,0.00034960772609338164,0.00017747886886354536,-0.00017212885722983629,0.65<=A<0.75,beta>=1.7,baseline_middle_50
513,561_0.52_1.24.png,561,0.52,1.24,480,640,36.88317781695686,0.9950363636016846,35.56152812237801,0.9945328831672668,-1.321649694578852,-0.0005034804344177246,12.47357177734375,6.926555156707764,14.710603713989258,0.5552984566368347,1.1793417295845219,-0.07427577674388885,0.595845103263855,6.902209281921387,3.814854621887207,0.5527005145844051,-0.07793408632278442,0.633023738861084,-0.0021478156559169292,0.002390556503087282,0.004049414768815041,0.0012226931285113096,0.00016882595082279295,0.00023481104290112853,6.598509207833558e-05,0.00937972217798233,0.01011063251644373,0.0007309103384613991,0.00015507973148487508,0.00021581302280537784,6.073329132050276e-05,A<0.65,1.1<=beta<1.4,baseline_strongest_25
514,562_0.83_0.92.png,562,0.83,0.92,480,640,37.0943572104587,0.9953706860542297,37.20832102569415,0.9950849413871765,0.11396381523544363,-0.00028574466705322266,12.288463592529297,6.358838081359863,12.162384986877441,0.517464045320172,0.989740083884164,0.2784574329853058,0.5742901563644409,6.767901420593262,3.4357101917266846,0.5076477889102463,0.29872041940689087,0.5605767369270325,0.0034903225023299456,0.005772762466222048,0.006404424086213112,0.005162322428077459,0.0001638523390283808,0.00016050739213824272,-3.3449468901380897e-06,0.009372176602482796,0.008993471041321754,-0.00037870556116104126,0.00014910315803717822,0.0001423065405106172,-6.796617526561022e-06,0.75<=A<0.85,0.8<=beta<1.1,baseline_strongest_25
515,563_0.56_1.5.png,563,0.56,1.5,480,640,36.07377989183758,0.9940745830535889,35.27670328571384,0.9937012195587158,-0.7970766061237384,-0.0003733634948730469,13.757235527038574,7.751264572143555,15.111883163452148,0.5634318433313991,1.0984680122508,0.0983467772603035,0.6476948261260986,7.537110805511475,4.255008220672607,0.5645410198243541,0.09782042354345322,0.6697148680686951,0.0006752219633199275,0.005022526253014803,0.006646979600191116,0.003907870035618544,0.00020536189549602568,0.0002477962407283485,4.243434523232281e-05,0.01097243744879961,0.01099371537566185,2.1277926862239838e-05,0.00018492199887987226,0.00022343370073940605,3.851170185953379e-05,A<0.65,1.4<=beta<1.7,baseline_middle_50
516,564_0.83_1.95.png,564,0.83,1.95,480,640,34.200215831906,0.9911224842071533,34.46937995287018,0.9907575249671936,0.2691641209641773,-0.0003649592399597168,17.05906105041504,8.572457313537598,16.447711944580078,0.5025163628996471,0.9641627927804334,0.32129597663879395,0.672624945640564,9.39303207397461,4.657510280609131,0.4958473732367797,0.31628820300102234,0.6902480125427246,0.004444153979420662,0.006871797610074282,0.008248759433627129,0.006302905268967152,0.00031576777109876275,0.00029354082653298974,-2.222694456577301e-05,0.013368973508477211,0.01201217994093895,-0.0013567935675382614,0.0002872039331123233,0.00026773245190270245,-1.9471481209620833e-05,0.75<=A<0.85,beta>=1.7,baseline_middle_50
517,565_0.8_0.81.png,565,0.8,0.81,480,640,32.277271702823796,0.9885649681091309,31.77228004012037,0.9888758659362793,-0.504991662703425,0.0003108978271484375,22.014095306396484,12.301651000976562,23.128522872924805,0.5588079287274711,1.0506233643044376,0.1865193396806717,0.5142781734466553,12.787177085876465,7.146548271179199,0.5588839681490465,0.19261273741722107,0.5118822455406189,0.001536390744149685,0.0022511479910463095,0.002175192115828395,0.002028776565566659,0.0005258467863313854,0.0005804346292279661,5.4587842896580696e-05,0.01824151910841465,0.01941843330860138,0.0011769142001867294,0.0005322653451003134,0.0005839242949150503,5.165894981473684e-05,0.75<=A<0.85,0.8<=beta<1.1,baseline_middle_50
518,566_0.82_1.84.png,566,0.82,1.84,480,640,28.196140624491065,0.9732295870780945,27.247259747060035,0.9702638387680054,-0.94888087743103,-0.0029657483100891113,35.024810791015625,17.00663948059082,38.95911407470703,0.48555978166635155,1.1123290374690793,-0.0015524460468441248,0.454437255859375,20.205095291137695,9.840506553649902,0.48703094006025893,-0.011725257150828838,0.44698566198349,0.005352255422621965,0.0067988126538693905,0.006559475790709257,0.006339007522910833,0.001331095234490931,0.0016469319816678762,0.0003158367471769452,0.028702937066555023,0.032554615288972855,0.0038516782224178314,0.0013289253693073988,0.0016593232285231352,0.0003303978592157364,0.75<=A<0.85,beta>=1.7,baseline_weakest_25
519,567_0.56_0.66.png,567,0.56,0.66,480,640,37.14428873082231,0.9942703247070312,36.98374780682752,0.9945166110992432,-0.16054092399478748,0.00024628639221191406,11.997968673706055,6.990592956542969,11.840079307556152,0.582648042069245,0.9868403251880526,0.3137613832950592,0.5643025636672974,6.679388046264648,3.9533755779266357,0.5918769130560552,0.34071800112724304,0.5759057402610779,-0.005221222992986441,-0.003904239507392049,-0.00382975279353559,-0.004289526026695967,0.00015619710029568523,0.00015211314894258976,-4.083951353095472e-06,0.009400451555848122,0.009559206664562225,0.0001587551087141037,0.00014522860874421895,0.00013753033999819309,-7.69826874602586e-06,A<0.65,beta<0.8,baseline_strongest_25
520,568_0.51_1.22.png,568,0.51,1.22,480,640,35.37338616537686,0.9914819598197937,34.57435074327353,0.9919271469116211,-0.79903542210333,0.0004451870918273926,14.540349006652832,8.601279258728027,15.723843574523926,0.5915455849644718,1.0813938212438776,0.15257787704467773,0.5043598413467407,7.878688812255859,4.832648754119873,0.6133823621263408,0.17046470940113068,0.516332745552063,-0.008420411497354507,-0.00660885963588953,-0.006302460562437773,-0.007115583401173353,0.0002294072910444811,0.0002682717749848962,3.8864483940415084e-05,0.011511702090501785,0.012818456627428532,0.0013067545369267464,0.00020206294720992446,0.00023583129222970456,3.37683450197801e-05,A<0.65,1.1<=beta<1.4,baseline_middle_50
521,569_0.87_1.21.png,569,0.87,1.21,480,640,33.65509628122049,0.9926967620849609,33.33776633771351,0.9915787577629089,-0.3173299435069765,-0.001118004322052002,17.33116340637207,10.420756340026855,18.064775466918945,0.6012727533453123,1.0423290718196767,0.2287471741437912,0.6300762295722961,10.152600288391113,6.003408908843994,0.5913173707536316,0.23027826845645905,0.618492841720581,-0.00020413946185726672,-0.0008342813816852868,2.180024966946803e-05,-0.0005482755950652063,0.00032592148636467755,0.00035409737029112875,2.8175883926451206e-05,0.010600658133625984,0.010876861400902271,0.0002762032672762871,0.000335531571181491,0.00036147524951957166,2.5943678338080645e-05,0.85<=A<0.95,1.1<=beta<1.4,baseline_middle_50
522,56_0.84_1.19.png,56,0.84,1.19,400,400,28.234461371295225,0.9850907921791077,28.93606301266776,0.9863381385803223,0.7016016413725339,0.0012473464012145996,25.832902908325195,8.373649597167969,23.717069625854492,0.32414667553561644,0.91809541149985,0.4044031798839569,0.6411461234092712,14.405109405517578,4.656879901885986,0.3232797315723451,0.3804677724838257,0.6306325793266296,-0.011799348518252373,-0.014336851425468922,-0.018624048680067062,-0.014066878706216812,0.001390289282426238,0.0011718737659975886,-0.00021841551642864943,0.027931014075875282,0.02614668570458889,-0.0017843283712863922,0.0012969198869541287,0.0011134250089526176,-0.0001834948780015111,0.75<=A<0.85,1.1<=beta<1.4,baseline_weakest_25
523,570_0.63_0.57.png,570,0.63,0.57,480,640,41.07425776332058,0.9970946311950684,40.391923004178274,0.9967718720436096,-0.6823347591423072,-0.00032275915145874023,6.739433288574219,3.796627998352051,7.491676330566406,0.5633452896979796,1.1116181449955906,0.07248043268918991,0.5785655975341797,3.783996105194092,2.1071059703826904,0.5568467598289484,0.06216875836253166,0.5794168710708618,0.0021183895878493786,0.0015849960036575794,0.0018089491641148925,0.0017700113821774721,4.928381531499326e-05,6.0899754316778854e-05,1.1615939001785591e-05,0.004523342475295067,0.005051022861152887,0.0005276803858578205,4.6610111894551665e-05,5.783576125395484e-05,1.1225649359403178e-05,A<0.65,beta<0.8,baseline_strongest_25
524,571_0.95_0.72.png,571,0.95,0.72,480,640,33.96364097380522,0.9944424629211426,33.597885238138765,0.9941171407699585,-0.36575573566645403,-0.00032532215118408203,17.301156997680664,8.169049263000488,18.012285232543945,0.47216780149995774,1.0411029294144092,0.14724327623844147,0.578625500202179,10.128804206848145,4.726525783538818,0.4666420326639532,0.1444561630487442,0.5708593726158142,-6.272067548707128e-05,-0.0008342844666913152,-0.0002957847900688648,-0.0005421979585662484,0.0003247938584536314,0.000352042552549392,2.7248694095760584e-05,0.01076218206435442,0.011425703763961792,0.0006635216996073723,0.000333960575517267,0.00036165802157483995,2.769744605757296e-05,A>=0.95,beta<0.8,baseline_middle_50
525,572_0.61_0.84.png,572,0.61,0.84,480,640,39.67227673196371,0.996135413646698,39.137654524658174,0.9959123730659485,-0.5346222073055387,-0.00022304058074951172,7.84283447265625,4.480841636657715,8.625835418701172,0.5713293646933392,1.0998364747815124,0.1021977961063385,0.5793733596801758,4.367735862731934,2.5018553733825684,0.5728037253190733,0.09697209298610687,0.5767344236373901,0.0026826043613255024,0.0020373703446239233,0.002429843647405505,0.002275037346407771,6.67426866129972e-05,8.073462231550366e-05,1.3991935702506453e-05,0.005269788205623627,0.005775000434368849,0.0005052122287452221,6.209998537087813e-05,7.557643402833492e-05,1.3476448657456785e-05,A<0.65,0.8<=beta<1.1,baseline_strongest_25
526,573_0.91_1.54.png,573,0.91,1.54,480,640,30.15062878209946,0.9792208075523376,31.912615449806218,0.9818528890609741,1.7619866677067577,0.0026320815086364746,27.64083480834961,13.326804161071777,21.97493553161621,0.48214188368312527,0.7950170710827492,0.6226474046707153,0.6608181595802307,16.04059600830078,7.730251789093018,0.48191799014779263,0.6212704181671143,0.6619346141815186,-0.003713800571858883,-0.003979273606091738,-0.0034359924029558897,-0.0038379631005227566,0.000829010212328285,0.0005239776219241321,-0.00030503259040415287,0.01859096810221672,0.015626326203346252,-0.002964641898870468,0.0008375674951821566,0.0005305506056174636,-0.000307016889564693,0.85<=A<0.95,1.4<=beta<1.7,baseline_middle_50
527,574_0.95_1.03.png,574,0.95,1.03,480,640,31.828226520735026,0.984026312828064,33.49399094750001,0.9858297109603882,1.6657644267649836,0.0018033981323242188,22.806455612182617,12.728364944458008,18.44489860534668,0.5581035984240728,0.8087577885400962,0.5889503359794617,0.6686801314353943,13.236457824707031,7.39966344833374,0.5590365297369517,0.5909138321876526,0.6684786677360535,-0.002298810053616762,-0.002708281623199582,-0.0022308402694761753,-0.002531421137973666,0.0005643820040859282,0.0003691561578307301,-0.00019522584625519812,0.016188381239771843,0.013384719379246235,-0.002803661860525608,0.0005703249480575323,0.00037175894249230623,-0.00019856600556522608,A>=0.95,0.8<=beta<1.1,baseline_middle_50
528,575_0.57_1.51.png,575,0.57,1.51,480,640,35.33146846090155,0.9883520007133484,35.81767819800251,0.987237274646759,0.48620973710096393,-0.0011147260665893555,14.631570816040039,10.060807228088379,13.634980201721191,0.687609509230485,0.9318876539744917,0.43948790431022644,0.6891219019889832,8.372495651245117,5.737754821777344,0.6853099793397984,0.4296422004699707,0.6758162379264832,-0.0014923695707693696,-0.0029970062896609306,-0.0025779311545193195,-0.002499345690011978,0.00023229476937558502,0.00020172818040009588,-3.056658897548914e-05,0.009338605217635632,0.009407715871930122,6.911065429449081e-05,0.00022818583238404244,0.00020098008099012077,-2.7205751393921673e-05,A<0.65,1.4<=beta<1.7,baseline_middle_50
529,576_0.53_1.95.png,576,0.53,1.95,480,640,34.700321762978625,0.9865097403526306,34.688291548162155,0.985329806804657,-0.012030214816469709,-0.0011799335479736328,15.266708374023438,12.525946617126465,15.196037292480469,0.8204746111767992,0.9953709025016017,0.4158661663532257,0.6799702644348145,8.644084930419922,7.152918338775635,0.8274928342736855,0.40974026918411255,0.6656089425086975,-0.0021485616452991962,-0.004180073272436857,-0.003668952500447631,-0.0035143836867064238,0.0002528997138142586,0.00025056375307030976,-2.3359607439488173e-06,0.010452368296682835,0.010811785236001015,0.0003594169393181801,0.00024322982062585652,0.00024484246387146413,1.6126432456076145e-06,A<0.65,beta>=1.7,baseline_middle_50
530,577_0.85_0.68.png,577,0.85,0.68,480,640,34.70473344986692,0.9930558800697327,35.64778639424333,0.9936825037002563,0.9430529443764115,0.0006266236305236816,16.27199363708496,7.965331077575684,14.362161636352539,0.48951168831716857,0.882630730854037,0.4704531729221344,0.6888561248779297,9.103920936584473,4.469301700592041,0.49092053102438227,0.48945221304893494,0.6881715655326843,-0.0038922906387597322,-0.004686242435127497,-0.004427294246852398,-0.004419330973178148,0.0002873022749554366,0.00022381912276614457,-6.348315218929201e-05,0.012602861039340496,0.010982970707118511,-0.0016198903322219849,0.0002697961463127285,0.00020516345102805644,-6.463269528467208e-05,0.85<=A<0.95,beta<0.8,baseline_middle_50
531,578_0.8_1.52.png,578,0.8,1.52,480,640,31.859415633660383,0.9855535626411438,32.95095497354418,0.9867284297943115,1.091539339883795,0.0011748671531677246,22.538415908813477,11.078102111816406,19.483728408813477,0.4915208840158282,0.8644675157136714,0.5028157234191895,0.633787989616394,12.434460639953613,6.155980587005615,0.495074194631781,0.4990936517715454,0.6350831985473633,-0.006269214209169149,-0.007770622614771128,-0.007271957583725452,-0.00726485438644886,0.0005511938943527639,0.00041190936462953687,-0.00013928452972322702,0.016376962885260582,0.014751864597201347,-0.0016250982880592346,0.0005033066845498979,0.00037794391391798854,-0.00012536277063190937,0.75<=A<0.85,1.4<=beta<1.7,baseline_middle_50
532,579_0.52_0.61.png,579,0.52,0.61,480,640,35.50516901974439,0.9955592155456543,36.536858524623625,0.9960240721702576,1.0316895048792318,0.0004648566246032715,15.022614479064941,6.210096836090088,13.21412467956543,0.4133832259853496,0.8796155088703256,0.4803801476955414,0.6168692111968994,8.420733451843262,3.431608200073242,0.4075189197827035,0.5080990195274353,0.619492769241333,-0.011085367761552334,-0.009066570550203323,-0.00841932836920023,-0.009596405550837517,0.0002448773302603513,0.00018946734780911356,-5.540998245123774e-05,0.012879755347967148,0.01147258561104536,-0.0014071697369217873,0.00023082277039065957,0.000173567546880804,-5.725522350985557e-05,A<0.65,beta<0.8,baseline_middle_50
533,57_0.67_1.75.png,57,0.67,1.75,400,400,28.396934944592893,0.9787308573722839,28.216639524340444,0.9776027202606201,-0.18029542025244893,-0.0011281371116638184,25.606117248535156,12.043389320373535,26.202775955200195,0.47033250701304585,1.0233014127395348,0.18504664301872253,0.5928090214729309,14.252132415771484,6.777246952056885,0.4755251182312303,0.23705138266086578,0.652301549911499,-0.007504838518798351,-0.012508388608694077,-0.021451454609632492,-0.012031837366521358,0.0013659860705956817,0.0014303864445537329,6.44003739580512e-05,0.0254067350178957,0.026012051850557327,0.0006053168326616287,0.0012695204932242632,0.0012703792890533805,8.587958291172981e-07,0.65<=A<0.75,beta>=1.7,baseline_weakest_25
534,580_0.88_1.15.png,580,0.88,1.15,480,640,32.07659520102158,0.9874163269996643,32.544186122664016,0.9878112077713013,0.467590921642433,0.0003948807716369629,22.125926971435547,10.435835838317871,20.811424255371094,0.4716564350858827,0.9405899369657384,0.35804691910743713,0.6194713711738586,12.401291847229004,5.810210227966309,0.46851653033748786,0.3680061995983124,0.6225004196166992,-0.0060376678593456745,-0.0074536437168717384,-0.007147525437176228,-0.0069953687489032745,0.0005312029388733208,0.0004699603305198252,-6.12426083534956e-05,0.016633834689855576,0.01575447991490364,-0.0008793547749519348,0.0005006251158192754,0.000437883660197258,-6.274145562201738e-05,0.85<=A<0.95,1.1<=beta<1.4,baseline_middle_50
535,581_1.0_1.04.png,581,1.0,1.04,480,640,33.90604470333227,0.9922678470611572,32.94762228504639,0.9910001754760742,-0.9584224182858776,-0.0012676715850830078,17.650070190429688,14.865694999694824,19.983495712280273,0.8422456590430659,1.132204886251151,0.2537798285484314,0.6194251775741577,10.258984565734863,8.240569114685059,0.8032538758473877,0.2578170597553253,0.6376265287399292,0.007383932359516621,0.00616783881559968,0.005273055285215378,0.006429445929825306,0.00033802626421675086,0.0004333117394708097,9.528547525405884e-05,0.01318320818245411,0.015180141665041447,0.0019969334825873375,0.00034260013489983976,0.00042175163980573416,7.91515049058944e-05,A>=0.95,0.8<=beta<1.1,baseline_middle_50
536,582_0.55_1.63.png,582,0.55,1.63,480,640,36.459764040723485,0.992980420589447,36.370697305695494,0.9931639432907104,-0.08906673502799123,0.00018352270126342773,12.49728012084961,10.813192367553711,12.639892578125,0.8652436580591419,1.0114114796096685,0.4193577766418457,0.6985971927642822,6.213465213775635,5.953983783721924,0.9582388536627798,0.49864545464515686,0.7059189677238464,-0.006480558775365353,-0.0033622889313846827,-0.0034864761400967836,-0.004308808594942093,0.00016946833056863397,0.00017335817392449826,3.889843355864286e-06,0.009162339381873608,0.009161585010588169,-7.543712854385376e-07,0.0001256743271369487,0.0001209714391734451,-4.702887963503599e-06,A<0.65,1.4<=beta<1.7,baseline_strongest_25
537,583_0.7_0.93.png,583,0.7,0.93,480,640,38.5439699529121,0.9954651594161987,38.02610336863376,0.9955673217773438,-0.5178665842783374,0.00010216236114501953,9.849916458129883,6.478955268859863,10.682221412658691,0.6577675350243494,1.084498681594588,0.19499342143535614,0.5590600967407227,5.497551918029785,3.3554348945617676,0.6103507424017725,0.2224484086036682,0.5717716813087463,0.0057538412511348724,0.004838093649595976,0.004660204518586397,0.0050916229374706745,0.00010527436825213954,0.00012381712440401316,1.854275615187362e-05,0.007509979885071516,0.008507038466632366,0.0009970585815608501,9.838241385295987e-05,0.00010831755207618698,9.935138223227113e-06,0.65<=A<0.75,0.8<=beta<1.1,baseline_strongest_25
538,584_0.74_1.42.png,584,0.74,1.42,480,640,34.96216985558736,0.9925426840782166,36.15759726438762,0.992591917514801,1.1954274088002563,4.9233436584472656e-05,15.544981956481934,10.638816833496094,13.190567970275879,0.6843891400632941,0.8485418643265576,0.5467394590377808,0.7132758498191833,8.861902236938477,5.7989115715026855,0.6543642004231855,0.60572350025177,0.7147043347358704,0.00318195135332644,0.002491861581802368,0.0017417806666344404,0.0026126892771571875,0.00026220318977721035,0.00018879241542890668,-7.341077434830368e-05,0.011867481283843517,0.009919464588165283,-0.001948016695678234,0.0002556422841735184,0.0001624516589799896,-9.319062519352883e-05,0.65<=A<0.75,1.4<=beta<1.7,baseline_middle_50
539,585_0.75_1.97.png,585,0.75,1.97,480,640,29.85235849589024,0.9794644117355347,30.04845134199718,0.9791379570960999,0.19609284610693933,-0.00032645463943481445,28.407806396484375,13.786670684814453,27.778886795043945,0.48531275144569525,0.9778610290191831,0.2877693474292755,0.6836733818054199,15.607044219970703,7.58154821395874,0.48577732638557053,0.3258543312549591,0.6825488209724426,0.009042550809681416,0.016009459272027016,0.01580646261572838,0.013903212733566761,0.0008756547467783093,0.0008373117889277637,-3.8342957850545645e-05,0.020759889855980873,0.01947510801255703,-0.0012847818434238434,0.0007929031271487474,0.000728990591596812,-6.391253555193543e-05,0.75<=A<0.85,beta>=1.7,baseline_middle_50
540,586_0.98_1.59.png,586,0.98,1.59,480,640,29.06376938546671,0.9790368676185608,26.6830732752979,0.9722644686698914,-2.3806961101688096,-0.006772398948669434,31.245737075805664,23.89113998413086,42.39085006713867,0.7646207841462749,1.3566922733905658,-0.16738305985927582,0.4793727397918701,17.488162994384766,13.682455062866211,0.7823837796605326,-0.17475265264511108,0.472699373960495,0.021018384024500847,0.028883101418614388,0.028958991169929504,0.026540203019976616,0.0010593491606414318,0.0019498527981340885,0.0008905036374926567,0.02290997840464115,0.03044872358441353,0.007538745179772377,0.000995559268631041,0.0018771984614431858,0.0008816391928121448,A>=0.95,1.4<=beta<1.7,baseline_middle_50
541,587_0.87_1.84.png,587,0.87,1.84,480,640,29.32705767742368,0.9779877662658691,28.239468936838144,0.9757293462753296,-1.087588740585538,-0.0022584199905395508,30.24918556213379,18.36419677734375,34.91324234008789,0.6070972304236919,1.1541878464256112,0.029993167147040367,0.5390570759773254,16.720172882080078,10.271270751953125,0.6143040998673768,0.023774223402142525,0.5397893190383911,0.014601601287722588,0.021900391206145287,0.021944444626569748,0.0197230763733387,0.0009928529616445303,0.0013226286973804235,0.00032977573573589325,0.021490897983312607,0.024682559072971344,0.003191661089658737,0.000910039758309722,0.001226879539899528,0.0003168397815898061,0.85<=A<0.95,beta>=1.7,baseline_middle_50
542,588_0.71_0.58.png,588,0.71,0.58,480,640,36.6370774304631,0.9931471347808838,35.75941308214776,0.992378830909729,-0.8776643483153421,-0.0007683038711547852,12.596202850341797,7.809503078460693,14.366586685180664,0.6199886720821413,1.1405490095605144,0.06736735999584198,0.5636771321296692,6.771229267120361,4.060152053833008,0.5996181629158883,0.0671510100364685,0.5554231405258179,0.004962438251823187,0.008428565226495266,0.00831572525203228,0.007379330229014158,0.00017216183186974376,0.00022395704581867903,5.179521394893527e-05,0.009507077746093273,0.010403561405837536,0.0008964836597442627,0.00014924984134268016,0.00019089232955593616,4.1642488213256e-05,0.65<=A<0.75,beta<0.8,baseline_strongest_25
543,589_0.81_1.82.png,589,0.81,1.82,480,640,36.47671933257265,0.9741135835647583,35.17465301709838,0.9732460975646973,-1.3020663154742707,-0.0008674860000610352,12.249988555908203,9.114056587219238,14.822232246398926,0.7440053144232126,1.2099792729398202,0.06014328822493553,0.6630842685699463,6.267204284667969,4.906852722167969,0.7829412444990901,0.107180655002594,0.6780520677566528,0.0007879706681706011,0.004792570602148771,0.006616203114390373,0.0038030894938856363,0.00016282792785204947,0.00023838822380639613,7.556029595434666e-05,0.008021039888262749,0.00847608596086502,0.00045504607260227203,0.00012785759463440627,0.00018477527191862464,5.691767728421837e-05,0.75<=A<0.85,beta>=1.7,baseline_strongest_25
544,58_0.51_1.21.png,58,0.51,1.21,400,400,33.72534530319213,0.9877713918685913,30.813559051147816,0.9855276346206665,-2.911786252044312,-0.0022437572479248047,13.320618629455566,9.085570335388184,19.148540496826172,0.6820681972905882,1.437511352099178,-0.4407344460487366,0.31286707520484924,7.029365062713623,4.411108493804932,0.6275258795709869,-0.40843144059181213,0.2929569482803345,-0.007479879539459944,-0.014298426918685436,-0.02251812443137169,-0.013196726329624653,0.00036966431071050465,0.0007638888200744987,0.000394224509363994,0.016518840566277504,0.02330733835697174,0.006788497790694237,0.00030882484861649573,0.0005887409206479788,0.00027991607203148305,A<0.65,1.1<=beta<1.4,baseline_middle_50
545,590_0.71_1.38.png,590,0.71,1.38,480,640,39.31232660472328,0.9826129674911499,38.324729186466215,0.9807460904121399,-0.9875974182570673,-0.0018668770790100098,8.57724666595459,5.794200897216797,9.97850227355957,0.6755315689142468,1.1633689297017589,0.0761738047003746,0.6477708220481873,4.51876163482666,2.816553831100464,0.6233021475160212,0.1917824000120163,0.6653078198432922,-0.00014595367247238755,0.0027550803497433662,0.004609853960573673,0.002099115401506424,7.982765964698046e-05,0.00010804092016769573,2.8213260520715266e-05,0.0056486111134290695,0.0062031797133386135,0.000554568599909544,6.646878318861127e-05,7.640112744411454e-05,9.932344255503267e-06,0.65<=A<0.75,1.1<=beta<1.4,baseline_strongest_25
546,591_0.6_1.21.png,591,0.6,1.21,480,640,40.58528177698066,0.9853088855743408,40.21153339134506,0.9858677983283997,-0.37374838563560075,0.0005589127540588379,7.349474906921387,5.25,7.706014156341553,0.7143367473852859,1.0485122071897128,0.287608802318573,0.6581943035125732,3.895963191986084,2.5276572704315186,0.6487887964729383,0.37063926458358765,0.7013609409332275,-0.0022707930766046047,0.0001435227459296584,0.001750135445035994,-0.00039520382415503263,5.86097885388881e-05,6.443430174840614e-05,5.824513209518045e-06,0.0051788389682769775,0.005267214961349964,8.83759930729866e-05,4.940927465213463e-05,4.6444405597867444e-05,-2.964869054267183e-06,A<0.65,1.1<=beta<1.4,baseline_strongest_25
547,592_0.66_1.53.png,592,0.66,1.53,480,640,39.010837933148075,0.982043981552124,38.059009902216786,0.9808176755905151,-0.9518280309312885,-0.0012263059616088867,8.895968437194824,6.021326541900635,10.2612886428833,0.6768601512483947,1.1534762870762842,0.09428256750106812,0.6490570306777954,4.647800922393799,2.757655620574951,0.5933248145995571,0.2066263109445572,0.6722738146781921,-0.0010065886890515685,0.002013809746131301,0.004164680372923613,0.0013559100916609168,8.587050979258493e-05,0.00011425134289311245,2.8380833100527525e-05,0.00606178492307663,0.00650427769869566,0.00044249277561903,7.031919085420668e-05,7.783218461554497e-05,7.5129937613382936e-06,0.65<=A<0.75,1.4<=beta<1.7,baseline_strongest_25
548,593_0.87_1.5.png,593,0.87,1.5,480,640,37.68815741960139,0.9912306070327759,35.93430441286326,0.9901889562606812,-1.753853006738126,-0.0010416507720947266,11.092318534851074,7.399888038635254,13.980474472045898,0.6671182418162143,1.2603744138901616,-0.10754980891942978,0.5024632215499878,6.197254180908203,4.164907932281494,0.6720569805111867,-0.13636061549186707,0.5098490118980408,-0.008195433765649796,-0.007625988684594631,-0.0071142069064080715,-0.007737909443676472,0.00013350642984732985,0.00021208082034718245,7.85743904998526e-05,0.006996502168476582,0.009010719135403633,0.0020142169669270515,0.00012501940364018083,0.00020439982472453266,7.938042108435184e-05,0.85<=A<0.95,1.4<=beta<1.7,baseline_strongest_25
549,594_0.67_1.12.png,594,0.67,1.12,480,640,41.1583025931781,0.994272768497467,40.43400316203903,0.9945502877235413,-0.724299431139066,0.00027751922607421875,7.276692867279053,4.931180477142334,7.9456610679626465,0.677667804191141,1.091932999356305,0.19693712890148163,0.5717271566390991,3.9894609451293945,2.6543540954589844,0.6653415416184486,0.17006009817123413,0.5847258567810059,-0.005061205476522446,-0.004244801122695208,-0.003741600550711155,-0.0044315410777926445,5.7454708439763635e-05,6.850426871096715e-05,1.1049560271203518e-05,0.004873957950621843,0.005381994415074587,0.0005080364644527435,5.180923835723661e-05,6.301989196799695e-05,1.1210653610760346e-05,0.65<=A<0.75,1.1<=beta<1.4,baseline_strongest_25
550,595_0.66_0.97.png,595,0.66,0.97,480,640,42.5663482356248,0.9947044849395752,41.3778029169017,0.9950214624404907,-1.1885453187231008,0.00031697750091552734,5.984357833862305,4.63173770904541,6.99439811706543,0.7739740566376002,1.1687800614942916,0.15051478147506714,0.573689877986908,3.24210786819458,2.4724385738372803,0.7626021941133309,0.10652376711368561,0.5593799352645874,-0.004474492743611336,-0.0037013953551650047,-0.0031890186946839094,-0.0038741405587643385,3.8859092455822974e-05,5.308333857101388e-05,1.4224246115190908e-05,0.004107861313968897,0.00483471155166626,0.0007268502376973629,3.421635119593702e-05,4.8556135880062357e-05,1.4339784684125334e-05,0.65<=A<0.75,0.8<=beta<1.1,baseline_strongest_25
551,596_0.91_0.52.png,596,0.91,0.52,480,640,41.98052844114948,0.9950981140136719,40.82883155432551,0.9948986768722534,-1.15169688682397,-0.00019943714141845703,6.628561019897461,4.316712379455566,7.647704601287842,0.6512291833020408,1.153750350691672,0.07137233763933182,0.5131604671478271,3.658163070678711,2.383673667907715,0.6516039940957209,0.05750991404056549,0.5319474935531616,-0.0013595306081697345,-0.0012477841228246689,-0.0011902775149792433,-0.0012746405554935336,4.767558857565746e-05,6.34628813713789e-05,1.578729279572144e-05,0.004369151312857866,0.005196830723434687,0.0008276794105768204,4.356171120889485e-05,5.879264426766895e-05,1.5230933058774099e-05,0.85<=A<0.95,beta<0.8,baseline_strongest_25
552,597_0.87_0.61.png,597,0.87,0.61,480,640,39.32887281119251,0.9942643642425537,38.69279647667361,0.9938225150108337,-0.6360763345189042,-0.0004418492317199707,9.003409385681152,6.7012505531311035,9.797676086425781,0.7443014380517499,1.088218436674424,0.24839767813682556,0.6816747784614563,5.124357223510742,3.745927333831787,0.7310043329230314,0.26569855213165283,0.6805102229118347,0.0008626428316347301,0.0020453643519431353,0.002471960848197341,0.0017403627280145884,8.795724716037512e-05,0.00010416065924800932,1.6203412087634206e-05,0.00606499332934618,0.0060472204349935055,-1.7772894352674484e-05,8.547864854335785e-05,9.79511605692096e-05,1.2472512025851756e-05,0.85<=A<0.95,beta<0.8,baseline_strongest_25
553,598_0.58_1.14.png,598,0.58,1.14,480,640,39.67480596630255,0.9934020638465881,39.27443755682209,0.9933716058731079,-0.40036840948045693,-3.045797348022461e-05,8.499049186706543,6.732985019683838,8.967543601989746,0.7922045009711174,1.0551231561309211,0.3246024549007416,0.5751138925552368,4.605669021606445,3.4905147552490234,0.7578735551499837,0.3326079547405243,0.5770379900932312,-0.006720786448568106,-0.003860096912831068,-0.002650137525051832,-0.004577508196234703,7.837873272364959e-05,8.725784573471174e-05,8.879113011062145e-06,0.005857378710061312,0.00650149118155241,0.0006441124714910984,6.905009649926797e-05,7.389899110421538e-05,4.848894604947418e-06,A<0.65,1.1<=beta<1.4,baseline_strongest_25
554,599_0.69_1.58.png,599,0.69,1.58,480,640,34.94338941839724,0.988430917263031,36.34879853480403,0.9894711971282959,1.4054091164067941,0.0010402798652648926,15.6300630569458,8.349725723266602,12.865989685058594,0.5342093434201527,0.8231566077618038,0.5688713788986206,0.6135570406913757,8.81850814819336,4.520589828491211,0.5126252368908158,0.5828467607498169,0.615959644317627,-0.009489702060818672,-0.006980782374739647,-0.005548043176531792,-0.0075676171109080315,0.0002650812384672463,0.0001796155411284417,-8.54656973388046e-05,0.01075650006532669,0.00939102005213499,-0.0013654800131917,0.0002531448262743652,0.00016839720774441957,-8.474761852994561e-05,0.65<=A<0.75,1.4<=beta<1.7,baseline_middle_50
555,59_0.83_0.85.png,59,0.83,0.85,400,400,28.38861704364078,0.9850148558616638,27.762811683014977,0.9847532510757446,-0.6258053606258045,-0.00026160478591918945,25.774873733520508,10.606035232543945,27.87577247619629,0.4114873788402183,1.0815095648730002,-0.00041457058978267014,0.5885098576545715,14.70315170288086,5.72383451461792,0.3892930325609319,0.01331808976829052,0.6672191619873047,-0.017215700820088387,-0.02092614211142063,-0.02581968903541565,-0.020374584943056107,0.0013840502360835671,0.001618872513063252,0.00023482227697968483,0.026154380291700363,0.02735311910510063,0.0011987388134002686,0.0013511417200788856,0.0015418956754729152,0.00019075395539402962,0.75<=A<0.85,0.8<=beta<1.1,baseline_weakest_25
556,5_0.89_1.34.png,5,0.89,1.34,400,400,28.519938607881205,0.9840980768203735,27.556060257468673,0.9830674529075623,-0.9638783504125321,-0.0010306239128112793,25.3099422454834,10.545129776000977,28.44803237915039,0.41663981978792436,1.1239864596777969,-0.10771501809358597,0.5319602489471436,14.477234840393066,5.099758148193359,0.3522605113764182,-0.19633346796035767,0.5063575506210327,-0.0186984334141016,-0.021197017282247543,-0.025227125734090805,-0.020909374579787254,0.0013345691841095686,0.0016860219184309244,0.0003514527343213558,0.025531770661473274,0.027970701456069946,0.002438930794596672,0.0013099395437166095,0.0016536788316443563,0.00034373928792774677,0.85<=A<0.95,1.1<=beta<1.4,baseline_weakest_25
557,600_0.54_1.56.png,600,0.54,1.56,480,640,35.43135790363521,0.99066162109375,33.815393900492666,0.990088701248169,-1.615964003142544,-0.0005729198455810547,14.898600578308105,7.606398105621338,18.30152702331543,0.5105444679613745,1.2284057772487624,-0.2431965172290802,0.4045151472091675,8.158748626708984,4.093690395355225,0.5017546909036842,-0.2904118597507477,0.36464300751686096,-0.014107774011790752,-0.009861798956990242,-0.008132887072861195,-0.010934248566627502,0.0002408510190434754,0.00036343958345241845,0.00012258856440894306,0.009126868098974228,0.012143240310251713,0.003016372211277485,0.0002166835474781692,0.00033438362879678607,0.00011770008131861687,A<0.65,1.4<=beta<1.7,baseline_middle_50
558,601_0.58_1.51.png,601,0.58,1.51,480,640,35.54816415591367,0.990722119808197,32.3692091878085,0.9881379008293152,-3.1789549681051668,-0.002584218978881836,14.129280090332031,13.765985488891602,21.355018615722656,0.9742878193993044,1.511401747236566,-0.17197106778621674,0.5953459739685059,7.918964385986328,7.782063007354736,0.9827122118551439,-0.21114800870418549,0.6008175611495972,-0.010788015089929104,-0.010414236225187778,-0.008991958573460579,-0.010363857261836529,0.00021661953360307962,0.0004948316491208971,0.00027821211551781744,0.008389141410589218,0.012789102271199226,0.004399960860610008,0.0002041341213043779,0.0004859858890995383,0.0002818517677951604,A<0.65,1.4<=beta<1.7,baseline_middle_50
559,602_0.6_1.52.png,602,0.6,1.52,480,640,35.56306995039557,0.9905290007591248,33.01174495356717,0.9885522723197937,-2.5513249968284057,-0.0019767284393310547,14.11552906036377,13.640339851379395,19.64734649658203,0.9663357138827549,1.391895862532814,-0.0018468898488208652,0.6339715719223022,7.90593147277832,7.711516857147217,0.9754090183679797,-0.034192781895399094,0.6424040794372559,-0.009860292077064514,-0.009573756717145443,-0.008252732455730438,-0.009508834220468998,0.00021619809558615088,0.00041885656537488103,0.00020265846978873014,0.0084562161937356,0.011799848638474941,0.0033436324447393417,0.00020346273959148675,0.0004106135747861117,0.00020715083519462496,A<0.65,1.4<=beta<1.7,baseline_middle_50
560,603_0.9_0.85.png,603,0.9,0.85,480,640,32.48152136403921,0.9877817630767822,33.18885241005634,0.9883873462677002,0.7073310460171314,0.0006055831909179688,21.31907844543457,9.023994445800781,19.47504425048828,0.42328257616281945,0.9135031000675742,0.407151460647583,0.6595175266265869,12.244723320007324,5.191511154174805,0.4239794578038452,0.4042484164237976,0.6511538624763489,-0.0025270404294133186,-0.0027949505019932985,-0.0024979424197226763,-0.0026809864211827517,0.0004931674338877201,0.00041154221980832517,-8.162521407939494e-05,0.011344628408551216,0.010499558411538601,-0.0008450699970126152,0.0004880639899056405,0.00040849618380889297,-7.956780609674752e-05,0.85<=A<0.95,0.8<=beta<1.1,baseline_middle_50
561,604_0.68_1.26.png,604,0.68,1.26,480,640,34.45084024290614,0.9901914000511169,33.56713275733678,0.9886518120765686,-0.8837074855693601,-0.0015395879745483398,16.54313850402832,11.241559982299805,18.417800903320312,0.6795300649609166,1.113319633927716,0.16355448961257935,0.6895226836204529,9.378210067749023,6.385480880737305,0.6808848207289049,0.15028107166290283,0.6916406750679016,-0.0061563048511743546,-0.006580449175089598,-0.005846799351274967,-0.006369994021952152,0.00029695683042518795,0.0003680722729768604,7.111544255167246e-05,0.009650064632296562,0.009721734561026096,7.166992872953415e-05,0.0002862982510123402,0.0003604368830565363,7.413863204419613e-05,0.65<=A<0.75,1.1<=beta<1.4,baseline_middle_50
562,605_0.78_1.73.png,605,0.78,1.73,480,640,33.32796332548271,0.9855501651763916,33.24702737021915,0.9858720302581787,-0.08093595526356268,0.0003218650817871094,18.608810424804688,12.774928092956543,18.625110626220703,0.6864989110710781,1.0008759400006724,0.34197306632995605,0.613650381565094,10.717508316040039,7.330167293548584,0.6839432335758591,0.33717814087867737,0.6087391376495361,0.0021504927426576614,0.0023192157968878746,0.0029137113597244024,0.002336540026590228,0.00037574637099169195,0.000376404874259606,6.585032679140568e-07,0.014163697138428688,0.014390644617378712,0.00022694747895002365,0.0003739094827324152,0.00037636118941009045,2.451706677675247e-06,0.75<=A<0.85,beta>=1.7,baseline_middle_50
563,606_0.55_1.35.png,606,0.55,1.35,480,640,38.14863970173497,0.9930269718170166,37.71306588248532,0.9920491576194763,-0.43557381924965455,-0.0009778141975402832,9.957930564880371,9.018799781799316,10.464672088623047,0.9056901655457228,1.0508882363098466,0.39522817730903625,0.6679619550704956,5.624790668487549,5.1330952644348145,0.9125842305905855,0.4027099907398224,0.6644611954689026,-0.0017893867334350944,-0.0015264200046658516,-0.0006688880966976285,-0.001507288427092135,0.00010759590804809704,0.00011882526450790465,1.1229356459807605e-05,0.007501216605305672,0.0075414604507386684,4.024384543299675e-05,0.00010298916458850726,0.00011306111991871148,1.0071955330204219e-05,A<0.65,1.1<=beta<1.4,baseline_strongest_25
564,607_0.93_1.19.png,607,0.93,1.19,480,640,32.56945935819678,0.9873565435409546,32.28937913569413,0.9868068695068359,-0.2800802225026473,-0.0005496740341186523,20.842647552490234,12.191957473754883,21.370500564575195,0.5849524367310147,1.0253256219372138,0.2486327737569809,0.5834243893623352,12.109732627868652,7.017515659332275,0.5794938563038595,0.24908308684825897,0.5832917094230652,0.0005310357664711773,0.0004932527663186193,0.0007887877291068435,0.0005382408853620291,0.0004713714588433504,0.0004955493495799601,2.4177890736609697e-05,0.01587323099374771,0.015962161123752594,8.893013000488281e-05,0.0004773620457854122,0.0004998595686629415,2.2497522877529263e-05,0.85<=A<0.95,1.1<=beta<1.4,baseline_middle_50
565,608_0.61_1.18.png,608,0.61,1.18,480,640,37.243841392514554,0.9933857321739197,37.82448904747932,0.9929344654083252,0.5806476549647641,-0.0004512667655944824,11.540511131286621,7.297900199890137,10.612542152404785,0.6323723548175733,0.9195903051151618,0.4382295310497284,0.653480589389801,6.5686750411987305,4.101983547210693,0.6244765529552082,0.4519515931606293,0.650456428527832,0.0025429045781493187,0.002593576442450285,0.003268724074587226,0.0026553925126791,0.00014451323659159243,0.00012220708595123142,-2.230615064036101e-05,0.008997760713100433,0.008017908781766891,-0.0009798519313335419,0.0001404540817020461,0.00011594549141591415,-2.4508590286131948e-05,A<0.65,1.1<=beta<1.4,baseline_strongest_25
566,609_0.88_1.91.png,609,0.88,1.91,480,640,26.871279404035278,0.9621157646179199,26.243316315620895,0.9600649476051331,-0.6279630884143828,-0.0020508170127868652,40.906761169433594,17.784685134887695,44.2386589050293,0.4347615070580751,1.0814510276625218,0.022404395043849945,0.6135400533676147,23.59674072265625,10.33335018157959,0.4379142993955133,0.019340280443429947,0.61748868227005,-0.023540938273072243,-0.02408641204237938,-0.023044856265187263,-0.02380457893013954,0.001815715106204152,0.0021235451567918062,0.0003078300505876541,0.028039075434207916,0.02835288643836975,0.0003138110041618347,0.0018125200876966119,0.0021294034086167812,0.00031688332092016935,0.85<=A<0.95,beta>=1.7,baseline_weakest_25
567,60_0.6_1.68.png,60,0.6,1.68,400,400,29.803503736561506,0.981153666973114,30.139536592506516,0.9800925850868225,0.3360328559450103,-0.001061081886291504,21.607757568359375,11.218598365783691,20.698570251464844,0.5191930874960984,0.9579231063650089,0.3389343023300171,0.6030256748199463,11.786269187927246,6.1700873374938965,0.5234979143199918,0.4357399046421051,0.6760498285293579,-0.001021993812173605,-0.007651767693459988,-0.01763424463570118,-0.006807468365877867,0.0009726982680149376,0.0008925641886889935,-8.013407932594419e-05,0.022801509127020836,0.0220430176705122,-0.0007584914565086365,0.0008682258194312453,0.0007100630318745971,-0.00015816278755664825,A<0.65,1.4<=beta<1.7,baseline_middle_50
568,610_0.56_1.07.png,610,0.56,1.07,480,640,34.21629701969767,0.9894304275512695,33.20141113852367,0.9871053695678711,-1.0148858811740027,-0.0023250579833984375,17.30361557006836,7.7937188148498535,19.589340209960938,0.45040984546208707,1.1320952046488137,-0.08744325488805771,0.47914230823516846,9.747838973999023,4.423369407653809,0.4537794909674358,-0.10400217771530151,0.4730769991874695,-0.01300414651632309,-0.013218799605965614,-0.012961327098309994,-0.013125267811119556,0.0003248862049076706,0.0004163870180491358,9.150081314146519e-05,0.012703836895525455,0.014430900104343891,0.0017270632088184357,0.00030931111541576684,0.0004021984350401908,9.288731962442398e-05,A<0.65,0.8<=beta<1.1,baseline_middle_50
569,611_0.69_1.58.png,611,0.69,1.58,480,640,29.932698192479933,0.9784808158874512,29.104196346940153,0.9761642217636108,-0.8285018455397797,-0.002316594123840332,28.788267135620117,11.564858436584473,31.808795928955078,0.4017212422721726,1.1049222163704886,-0.07402282953262329,0.5712490677833557,16.522676467895508,6.6425604820251465,0.4020269049588919,-0.08104608207941055,0.5670175552368164,-0.018416214734315872,-0.019486412405967712,-0.018708836287260056,-0.019077779725193977,0.0008992668008431792,0.001097872736863792,0.00019860593602061272,0.020346524193882942,0.0212413277477026,0.0008948035538196564,0.0008886681171134114,0.0010902101639658213,0.00020154204685240984,0.65<=A<0.75,1.4<=beta<1.7,baseline_middle_50
570,612_0.8_0.85.png,612,0.8,0.85,480,640,31.988951191505883,0.9859675168991089,30.97959749174779,0.9824742674827576,-1.009353699758094,-0.0034932494163513184,22.73025131225586,10.219281196594238,25.7152099609375,0.44958945047317334,1.1313209699125584,-0.08647503703832626,0.5457599759101868,13.069220542907715,5.90907096862793,0.45213644908874157,-0.08911524713039398,0.5450790524482727,-0.013460547663271427,-0.014288904145359993,-0.013892460614442825,-0.013996031135320663,0.0005606167251244187,0.0007175260689109564,0.00015690934378653765,0.015272481366991997,0.016855912283062935,0.0015834309160709381,0.0005560043500736356,0.0007144721457734704,0.00015846779569983482,0.75<=A<0.85,0.8<=beta<1.1,baseline_middle_50
571,613_0.85_1.39.png,613,0.85,1.39,480,640,34.11327683135343,0.9926779866218567,33.48470868167868,0.9924295544624329,-0.6285681496747486,-0.0002484321594238281,17.588666915893555,9.280328750610352,18.90138816833496,0.5276311613033287,1.0746344938316614,0.1170850619673729,0.5356268286705017,10.1541166305542,5.329708099365234,0.5248815129154515,0.11121993511915207,0.5258746147155762,-0.012420942075550556,-0.011724725365638733,-0.010845213197171688,-0.011832630261778831,0.0003356783709023148,0.0003876545815728605,5.19762106705457e-05,0.01294071413576603,0.013997512869536877,0.0010567987337708473,0.00033563177566975355,0.0003889119834639132,5.328020779415965e-05,0.85<=A<0.95,1.1<=beta<1.4,baseline_middle_50
572,614_0.73_0.93.png,614,0.73,0.93,480,640,35.99956126802515,0.9949787259101868,35.02550419510865,0.9948777556419373,-0.9740570729164943,-0.00010097026824951172,14.176656723022461,6.992257118225098,15.845572471618652,0.49322327928487425,1.1177228017298269,-0.006118009798228741,0.535563588142395,8.19343376159668,3.987419605255127,0.4866603821153106,-0.0030435211956501007,0.5311683416366577,-0.010873951017856598,-0.010435174219310284,-0.009957256726920605,-0.010511886328458786,0.00021807465236634016,0.00027244159718975425,5.436694482341409e-05,0.010816538706421852,0.011714757420122623,0.0008982187137007713,0.00021852980717085302,0.0002709333784878254,5.2403571316972375e-05,0.65<=A<0.75,0.8<=beta<1.1,baseline_middle_50
573,615_0.52_0.98.png,615,0.52,0.98,480,640,35.27508693443267,0.9953076243400574,33.46762299413495,0.9948270320892334,-1.8074639402977226,-0.0004805922508239746,15.64055061340332,6.691821098327637,19.286413192749023,0.42785073644357613,1.2331032116108078,-0.39439836144447327,0.3954492211341858,9.031526565551758,3.7445664405822754,0.41461057700531834,-0.40980109572410583,0.39796772599220276,-0.014377715066075325,-0.014039542526006699,-0.013513715006411076,-0.014080710709095001,0.00026543712010607123,0.00040360866114497185,0.00013817154103890061,0.012421008199453354,0.014787538908421993,0.0023665307089686394,0.00026552239432930946,0.0004013948782812804,0.00013587248395197093,A<0.65,0.8<=beta<1.1,baseline_middle_50
574,616_0.8_1.72.png,616,0.8,1.72,480,640,33.84987791037295,0.9919132590293884,33.22779935584514,0.9915139079093933,-0.6220785545278105,-0.0003993511199951172,18.114044189453125,9.727924346923828,19.375995635986328,0.5370376844165975,1.0696670182171673,0.13427554070949554,0.5656411647796631,10.461562156677246,5.534563064575195,0.5290379182082935,0.13034720718860626,0.5564233660697937,-0.013200175017118454,-0.012559893541038036,-0.011609422974288464,-0.01264298427850008,0.00035603149444796145,0.0004073667514603585,5.133525701239705e-05,0.013742406852543354,0.01442073006182909,0.0006783232092857361,0.00035626397584564984,0.00040684055420570076,5.057657836005092e-05,0.75<=A<0.85,beta>=1.7,baseline_middle_50
575,617_0.98_0.85.png,617,0.98,0.85,480,640,33.181073995653726,0.9896785616874695,32.12649391181533,0.9886507987976074,-1.0545800838383954,-0.0010277628898620605,19.230669021606445,10.866451263427734,22.120609283447266,0.5650584101478129,1.1502776766941314,-0.003404590766876936,0.5649553537368774,11.13477611541748,6.289947986602783,0.5648921829594372,-0.0020007954444736242,0.5660990476608276,-0.0054962849244475365,-0.0052821822464466095,-0.0050051771104335785,-0.005314620677381754,0.00040127892862074077,0.0005309476400725543,0.00012966871145181358,0.01398411113768816,0.015624978579580784,0.001640867441892624,0.0004035912861581892,0.000533290789462626,0.0001296995033044368,A>=0.95,0.8<=beta<1.1,baseline_middle_50
576,618_0.89_1.01.png,618,0.89,1.01,480,640,34.101580999184186,0.9900205135345459,32.950344080050435,0.9891680479049683,-1.1512369191337513,-0.0008524656295776367,17.127939224243164,10.183863639831543,19.957931518554688,0.5945761195495799,1.1652266660489958,-0.0035593281500041485,0.5323159694671631,9.903738021850586,5.887972354888916,0.5945202045831888,-0.005828720051795244,0.5308353900909424,-0.005507830996066332,-0.0056067355908453465,-0.0052413903176784515,-0.005535513628274202,0.00031832282547838986,0.0004322038439568132,0.00011388101847842336,0.012369858101010323,0.014011471532285213,0.001641613431274891,0.00031928395037539303,0.00043434908729977906,0.00011506513692438602,0.85<=A<0.95,0.8<=beta<1.1,baseline_middle_50
577,619_0.63_1.97.png,619,0.63,1.97,480,640,35.10206241551885,0.9874692559242249,33.66201877982999,0.9882221221923828,-1.440043635688859,0.000752866268157959,14.487548828125,10.98465347290039,18.00907325744629,0.7582133874555534,1.2430724804519642,0.019558010622859,0.5354465842247009,8.26538372039795,6.208171367645264,0.7511050397242007,0.0016990643925964832,0.5268537402153015,-0.00555378058925271,-0.006445392034947872,-0.005799921695142984,-0.006105216685682535,0.00022774423996452242,0.0003519170277286321,0.00012417278776410967,0.0110965920612216,0.013468368910253048,0.0023717768490314484,0.00022238468227442354,0.00034727732418105006,0.00012489264190662652,A<0.65,beta>=1.7,baseline_middle_50
578,61_0.98_0.82.png,61,0.98,0.82,400,400,30.714617387679315,0.9856187105178833,30.14217553151065,0.9844648838043213,-0.5724418561686662,-0.0011538267135620117,18.46344566345215,9.461579322814941,19.830957412719727,0.5124492738397071,1.0740659015762442,0.10633895546197891,0.515068769454956,10.50152587890625,5.424476623535156,0.5165417565109237,0.0935579389333725,0.5041339993476868,-0.007681488059461117,-0.005786804482340813,-0.005005388520658016,-0.0062642330303788185,0.0007102059316821396,0.0008193060639314353,0.00010910013224929571,0.021709924563765526,0.023088712245225906,0.0013787876814603806,0.0006892628152854741,0.0008065493311733007,0.00011728651588782668,A>=0.95,0.8<=beta<1.1,baseline_middle_50
579,620_0.56_0.87.png,620,0.56,0.87,480,640,40.71924775205562,0.9939073324203491,40.01767717255544,0.9947644472122192,-0.701570579500185,0.0008571147918701172,7.501897811889648,6.199986457824707,8.267590522766113,0.8264557333743522,1.102066534372533,0.2834262251853943,0.6363417506217957,4.205399990081787,3.4996635913848877,0.8321832880674035,0.2841247618198395,0.6374687552452087,-0.0016858566086739302,-0.0018943108152598143,-0.00189923495054245,-0.0018325444543734193,6.106604996602982e-05,7.416781591018662e-05,1.3101765944156796e-05,0.006036631762981415,0.006188599392771721,0.0001519676297903061,5.756962491432205e-05,7.0214293373283e-05,1.264466845896095e-05,A<0.65,0.8<=beta<1.1,baseline_strongest_25
580,621_0.68_1.14.png,621,0.68,1.14,480,640,36.69808836370712,0.9928398132324219,35.84294267248772,0.9920527338981628,-0.8551456912193984,-0.0007870793342590332,11.836465835571289,9.537564277648926,13.16437816619873,0.8057780430528817,1.1121882451294507,0.2558494508266449,0.60098797082901,6.659414291381836,5.3571672439575195,0.8044502128198276,0.24787850677967072,0.5969489812850952,-0.004273579455912113,-0.004378524608910084,-0.003948481287807226,-0.004298121202737093,0.000152020322275348,0.0001880434574559331,3.6023135180585086e-05,0.008947792463004589,0.00977164413779974,0.0008238516747951508,0.0001443613291485235,0.0001802103506634012,3.584902151487768e-05,0.65<=A<0.75,1.1<=beta<1.4,baseline_strongest_25
581,622_0.55_1.49.png,622,0.55,1.49,480,640,35.71688988771348,0.9917171597480774,35.05606589512526,0.9908401966094971,-0.6608239925882202,-0.0008769631385803223,13.207082748413086,8.760443687438965,14.37712287902832,0.663314060668817,1.0885918679320625,0.1921815127134323,0.5391239523887634,7.298050880432129,4.911794662475586,0.6730282842567344,0.17184391617774963,0.5419741868972778,-0.006319490261375904,-0.005817724857479334,-0.004795391112565994,-0.005851206835359335,0.0001892654545372352,0.00022428565716836601,3.5020202631130815e-05,0.009746485389769077,0.01084284670650959,0.0010963613167405128,0.0001733774261083454,0.00021180749172344804,3.843006561510265e-05,A<0.65,1.4<=beta<1.7,baseline_middle_50
582,623_0.75_1.05.png,623,0.75,1.05,480,640,35.1692865382485,0.9922313094139099,34.73561012305548,0.9912835359573364,-0.4336764151930197,-0.0009477734565734863,14.801562309265137,9.345667839050293,15.485430717468262,0.6313973919631652,1.046202447681827,0.24083328247070312,0.591126024723053,8.413248062133789,5.241365432739258,0.6229895272349701,0.23472759127616882,0.5895940661430359,-0.004200953058898449,-0.004488649778068066,-0.004247196484357119,-0.0043751029297709465,0.00023772379790898412,0.00026019811048172414,2.247431257274002e-05,0.011222104541957378,0.011559735983610153,0.0003376314416527748,0.00023041258100420237,0.00025245160213671625,2.203902113251388e-05,0.75<=A<0.85,0.8<=beta<1.1,baseline_middle_50
583,624_0.58_0.68.png,624,0.58,0.68,480,640,39.77791341535677,0.9955535531044006,37.57865339410131,0.9949380159378052,-2.199260021255462,-0.000615537166595459,8.234600067138672,7.767523288726807,11.164641380310059,0.943278753721653,1.3558207185876736,0.02731165662407875,0.4816538989543915,4.582088470458984,4.423920154571533,0.9654811737252189,0.017687659710645676,0.46902385354042053,-0.006716012954711914,-0.005788208916783333,-0.0054781814105808735,-0.006030279211699963,7.357708818744868e-05,0.00013525305257644504,6.167596438899636e-05,0.006146792322397232,0.008434435352683067,0.0022876430302858353,6.834483792772517e-05,0.0001297184790018946,6.137364107416943e-05,A<0.65,beta<0.8,baseline_strongest_25
584,625_0.89_1.64.png,625,0.89,1.64,480,640,32.56259202625386,0.9861168265342712,32.963236935834644,0.9875632524490356,0.4006449095807838,0.0014464259147644043,20.41581153869629,11.842673301696777,19.435379028320312,0.580073600270559,0.9519768044234902,0.37083700299263,0.6700039505958557,11.777538299560547,6.828389644622803,0.5797807208045835,0.37136518955230713,0.6694932579994202,0.0029673390090465546,0.00371428020298481,0.0043289391323924065,0.0035610159393399954,0.0004522627277765423,0.0004098675854038447,-4.239514237269759e-05,0.014500263147056103,0.013676993548870087,-0.0008232695981860161,0.0004515312612056732,0.00040887281647883356,-4.265844472683966e-05,0.85<=A<0.95,1.4<=beta<1.7,baseline_middle_50
585,626_0.78_1.81.png,626,0.78,1.81,480,640,33.40658756331233,0.9870708584785461,33.96428929067503,0.9885044097900391,0.557701727362705,0.00143355131149292,18.38037872314453,10.805098533630371,17.11404037475586,0.5878604949540357,0.9311037945701248,0.40709128975868225,0.6774094700813293,10.57092571258545,6.170041561126709,0.58368034445468,0.40844863653182983,0.6783525943756104,0.00277508283033967,0.003074429463595152,0.0037590209394693375,0.00306296837516129,0.00036657805321738124,0.0003178063780069351,-4.877167521044612e-05,0.013161190785467625,0.012042615562677383,-0.0011185752227902412,0.0003637515474110842,0.0003142361529171467,-4.951539449393749e-05,0.75<=A<0.85,beta>=1.7,baseline_middle_50
586,627_0.73_1.69.png,627,0.73,1.69,480,640,34.256268851623354,0.9890062212944031,35.05756304527645,0.9902995824813843,0.8012941936530993,0.0012933611869812012,16.730079650878906,10.135737419128418,14.964973449707031,0.6058391609986113,0.8944950509497935,0.46787962317466736,0.7117527723312378,9.584554672241211,5.766411781311035,0.6016358587855645,0.46808621287345886,0.7186384201049805,0.0019479008624330163,0.002226987387984991,0.0029035366605967283,0.002220666967332363,0.00030370609601959586,0.00024300177756231278,-6.070431845728308e-05,0.011909247376024723,0.01057420764118433,-0.001335039734840393,0.0002990354551002383,0.00023884885013103485,-6.018660496920347e-05,0.65<=A<0.75,1.4<=beta<1.7,baseline_middle_50
587,628_0.94_1.47.png,628,0.94,1.47,480,640,32.87029453472944,0.9867331385612488,32.67944100653108,0.9880476593971252,-0.19085352819836032,0.0013145208358764648,19.574417114257812,12.833036422729492,20.16755485534668,0.6556024809230224,1.030301680894336,0.2808813154697418,0.6650236248970032,11.290633201599121,7.419319152832031,0.6571216175706792,0.28089720010757446,0.6644493937492371,0.0026984852738678455,0.0037315301597118378,0.004307431634515524,0.003488302230834961,0.0004157528164796531,0.00044133057235740125,2.5577755877748132e-05,0.014054290018975735,0.014000924304127693,-5.3365714848041534e-05,0.00041496878839097917,0.00044096310739405453,2.599431900307536e-05,0.85<=A<0.95,1.4<=beta<1.7,baseline_middle_50
588,629_0.58_1.06.png,629,0.58,1.06,480,640,37.521698415107736,0.9940372705459595,38.21864821541855,0.9943145513534546,0.6969498003108114,0.0002772808074951172,10.717172622680664,7.486144065856934,9.8661527633667,0.6985185672958247,0.920592875632799,0.4584251344203949,0.6570007801055908,5.7449564933776855,4.17820405960083,0.7272821063862052,0.4283415675163269,0.6644859313964844,-0.00011728369281627238,0.001374458777718246,0.00217412575148046,0.0010195898357778788,0.00012462868471629918,0.00010562171519268304,-1.9006969523616135e-05,0.007609977386891842,0.0073320274241268635,-0.0002779499627649784,0.00010743660823209211,9.732563194120303e-05,-1.0110976290889084e-05,A<0.65,0.8<=beta<1.1,baseline_strongest_25
589,62_0.6_0.77.png,62,0.6,0.77,400,400,29.91295961902324,0.9888952970504761,30.670428619048668,0.9875929951667786,0.7574690000254272,-0.0013023018836975098,20.09868049621582,7.546840667724609,18.33413314819336,0.3754893595699244,0.9122058113041456,0.4112936556339264,0.5689266324043274,11.674417495727539,4.2654924392700195,0.3653709010176356,0.44271355867385864,0.5827811360359192,0.0035741778556257486,0.0030762553215026855,0.0018842994468286633,0.00308925099670887,0.0008415770134888589,0.0007002926431596279,-0.00014128437032923102,0.02326717972755432,0.022737067192792892,-0.0005301125347614288,0.0008518251124769449,0.0006899670697748661,-0.00016185804270207882,A<0.65,beta<0.8,baseline_middle_50
590,630_0.86_1.53.png,630,0.86,1.53,480,640,32.368813572686555,0.9877824187278748,32.35260388028378,0.9880468249320984,-0.016209692402775033,0.0002644062042236328,20.715330123901367,12.436163902282715,20.917434692382812,0.6003362643945441,1.0097562803620617,0.2838374376296997,0.6411150097846985,11.664263725280762,7.121081829071045,0.6105041858438981,0.2772046625614166,0.6432391405105591,0.0009068101644515991,0.0038436150643974543,0.004281060304492712,0.003015379421412945,0.00046563034993596375,0.0004747603088617325,9.129958925768733e-06,0.014991728588938713,0.014481347985565662,-0.0005103806033730507,0.0004428875690791756,0.0004580547392833978,1.5167170204222202e-05,0.85<=A<0.95,1.4<=beta<1.7,baseline_middle_50
591,631_0.6_1.43.png,631,0.6,1.43,480,640,36.02557448096405,0.9920836091041565,36.65335053759068,0.9924535155296326,0.6277760566266295,0.0003699064254760742,12.830060958862305,8.386214256286621,11.809520721435547,0.6536379120236279,0.9204571014355295,0.44367164373397827,0.6603959798812866,6.8509626388549805,4.669135093688965,0.6815297849105377,0.4138035774230957,0.6548981070518494,-0.0010865541407838464,0.0012132222764194012,0.0021064183674752712,0.0006274135084822774,0.00017861380183603615,0.00015132897533476353,-2.728482650127262e-05,0.00910649448633194,0.008755377493798733,-0.00035111699253320694,0.00015278546197805554,0.00013757473789155483,-1.5210724086500704e-05,A<0.65,1.4<=beta<1.7,baseline_middle_50
592,632_0.57_0.74.png,632,0.57,0.74,480,640,38.543436219152774,0.9951564073562622,39.39016505835874,0.9955273270606995,0.8467288392059658,0.00037091970443725586,9.61048412322998,6.6599907875061035,8.700711250305176,0.6929922262092819,0.9053353752777399,0.47663310170173645,0.6687646508216858,5.20793342590332,3.686218500137329,0.7078082991235534,0.4438447952270508,0.6725256443023682,-0.00032286913483403623,0.0009020543075166643,0.0013584269909188151,0.0005878287483938038,0.00010021853813668713,8.21423382149078e-05,-1.8076199921779335e-05,0.006789284758269787,0.0064992778934538364,-0.0002900068648159504,8.828962745610625e-05,7.704845484113321e-05,-1.1241172614973038e-05,A<0.65,beta<0.8,baseline_strongest_25
593,633_0.96_0.87.png,633,0.96,0.87,480,640,32.87826039253806,0.9880133867263794,32.15966903090719,0.9873908162117004,-0.718591361630871,-0.0006225705146789551,20.07753562927246,12.595879554748535,22.171775817871094,0.6273618330122204,1.1043076315374727,0.13874569535255432,0.5934554934501648,11.765697479248047,7.371600151062012,0.6265332050279042,0.14679232239723206,0.5956935286521912,0.006100117694586515,0.007256485987454653,0.007305285427719355,0.00691629434004426,0.00043739957618527114,0.0005334067391231656,9.600716293789446e-05,0.015332578681409359,0.01625453494489193,0.0009219562634825706,0.0004506238328758627,0.0005446254508569837,9.400161798112094e-05,A>=0.95,0.8<=beta<1.1,baseline_middle_50
594,634_0.93_1.27.png,634,0.93,1.27,480,640,31.376357793336645,0.9833360314369202,30.895290529472398,0.981579601764679,-0.48106726386424725,-0.001756429672241211,23.580039978027344,16.424213409423828,25.362369537353516,0.6965303462050297,1.0755863671557386,0.23564554750919342,0.644565761089325,13.817931175231934,9.606118202209473,0.6951922165763887,0.23989157378673553,0.6465734243392944,0.0035784069914370775,0.00500852894037962,0.0047477674670517445,0.004551196005195379,0.0006033185054548085,0.0006979706813581288,9.465217590332031e-05,0.018233289942145348,0.01823778823018074,4.498288035392761e-06,0.0006215338944457471,0.0007146090501919389,9.307515574619174e-05,0.85<=A<0.95,1.1<=beta<1.4,baseline_middle_50
595,635_0.83_0.65.png,635,0.83,0.65,480,640,36.72232620084887,0.9929840564727783,35.47255259131602,0.9922277331352234,-1.249773609532852,-0.0007563233375549316,12.669891357421875,9.552484512329102,15.081879615783691,0.7539515724997411,1.1903716606811234,0.10044296830892563,0.5953983068466187,7.423686981201172,5.579076290130615,0.75152364374446,0.10698822885751724,0.5945346355438232,0.001483856700360775,0.0018380326218903065,0.0018395361257717013,0.0017323052743449807,0.00017418201605323702,0.0002468132588546723,7.263124280143529e-05,0.009317387826740742,0.010967015288770199,0.001649627462029457,0.00017939820827450603,0.00025187141727656126,7.247320900205523e-05,0.75<=A<0.85,beta<0.8,baseline_strongest_25
596,636_0.58_1.91.png,636,0.58,1.91,480,640,32.42858215958611,0.9833717346191406,32.62526069550633,0.9818483591079712,0.19667853592022055,-0.0015233755111694336,20.731369018554688,13.441099166870117,20.229698181152344,0.6483459512413416,0.9758013647360507,0.36104506254196167,0.6274233460426331,11.985590934753418,7.751270294189453,0.6467157386219373,0.36928513646125793,0.6291205883026123,0.0049482109025120735,0.005630465690046549,0.005441414192318916,0.005404919385910034,0.000466351630166173,0.00044405454536899924,-2.229708479717374e-05,0.015910742804408073,0.01550928596407175,-0.0004014568403363228,0.0004676249227486551,0.0004398462187964469,-2.777870395220816e-05,A<0.65,beta>=1.7,baseline_middle_50
597,637_0.63_1.9.png,637,0.63,1.9,480,640,34.04117700517213,0.9885501265525818,32.19686046617472,0.9873359203338623,-1.8443165389974112,-0.0012142062187194824,17.2796630859375,10.243983268737793,21.619409561157227,0.5928346645296881,1.2511476325456536,-0.1804192215204239,0.45629894733428955,9.748845100402832,5.8842363357543945,0.603582914196806,-0.16164599359035492,0.4555836617946625,-0.0090131014585495,-0.006020107306540012,-0.00550988782197237,-0.006856847554445267,0.0003239873331040144,0.0005071602645330131,0.0001831729314289987,0.014156276360154152,0.017570875585079193,0.003414599224925041,0.0003093749692197889,0.0004824534698855132,0.00017307850066572428,A<0.65,beta>=1.7,baseline_middle_50
598,638_0.82_1.07.png,638,0.82,1.07,480,640,36.414971484640944,0.9919395446777344,36.90349053704929,0.9917669892311096,0.4885190524083427,-0.00017255544662475586,12.864633560180664,9.244216918945312,12.015164375305176,0.7185759995184419,0.9339686450529914,0.44814613461494446,0.6424207091331482,7.417536735534668,5.36700963973999,0.723556866800354,0.4552191197872162,0.6525453329086304,-0.002280060900375247,-0.0015330095775425434,-0.001032012514770031,-0.00169926427770406,0.0001795776915969327,0.00015664515376556665,-2.2932537831366062e-05,0.010017655789852142,0.009446926414966583,-0.0005707293748855591,0.00017910105816554278,0.0001548831642139703,-2.4217893951572478e-05,0.75<=A<0.85,0.8<=beta<1.1,baseline_strongest_25
599,639_0.78_0.71.png,639,0.78,0.71,480,640,38.25376933206469,0.9946537017822266,38.78740714862151,0.994706392288208,0.5336378165568192,5.269050598144531e-05,10.456583976745605,6.585341453552246,9.755306243896484,0.6297794258810894,0.9329343374080203,0.4178096055984497,0.6537057161331177,6.014350414276123,3.8161134719848633,0.6345013524530669,0.4233677089214325,0.6645541191101074,-0.0024366199504584074,-0.00200720876455307,-0.0018845141166821122,-0.002121615456417203,0.00011864166299346834,0.00010326172196073458,-1.5379941032733768e-05,0.00817091204226017,0.007754215970635414,-0.00041669607162475586,0.00011774874292314053,0.00010189236490987241,-1.5856378013268113e-05,0.75<=A<0.85,beta<0.8,baseline_strongest_25
600,63_0.51_1.84.png,63,0.51,1.84,400,400,27.587544796384307,0.9830731153488159,26.86391128570259,0.9801496267318726,-0.7236335106817187,-0.0029234886169433594,26.854963302612305,11.832877159118652,28.70705795288086,0.44062160971069414,1.0689665679077056,0.058392234146595,0.4815887212753296,15.6069917678833,6.6371870040893555,0.4252701034768037,0.0479743517935276,0.4743443727493286,0.023963844403624535,0.02025574818253517,0.01606365665793419,0.02088656835258007,0.0015024770982563496,0.0017168649937957525,0.00021438789553940296,0.028884494677186012,0.03292309492826462,0.004038600251078606,0.0015223636291921139,0.0017355711897835135,0.00021320756059139967,A<0.65,beta>=1.7,baseline_weakest_25
601,640_0.64_1.94.png,640,0.64,1.94,480,640,33.5965006018951,0.9879347681999207,31.946871118437844,0.9864773750305176,-1.6496294834572574,-0.0014573931694030762,18.26025390625,10.233309745788574,22.268741607666016,0.5604144278785731,1.2195198227799022,-0.15449665486812592,0.43865323066711426,10.340462684631348,5.880904674530029,0.5687274209954457,-0.13342824578285217,0.4452723264694214,-0.009304273873567581,-0.00627871323376894,-0.005713721737265587,-0.007118946872651577,0.0003618021437432617,0.0005380825023166835,0.00017628035857342184,0.014756876975297928,0.018124520778656006,0.003367643803358078,0.000348063709679991,0.0005134703242219985,0.00016540661454200745,A<0.65,beta>=1.7,baseline_middle_50
602,641_0.95_1.18.png,641,0.95,1.18,480,640,37.42704703901022,0.9828289151191711,37.99764842471934,0.9832377433776855,0.5706013857091179,0.0004088282585144043,10.623760223388672,7.4777679443359375,9.916003227233887,0.7038720553833007,0.9333798032643257,0.44343146681785583,0.707700788974762,6.18792724609375,4.376109600067139,0.7072012042206287,0.44879764318466187,0.7093397974967957,-0.002874313620850444,-0.0023612293880432844,-0.0020797280594706535,-0.0024825504515320063,0.00012246560072526336,0.00010669176845112815,-1.5773832274135202e-05,0.005601057782769203,0.0050433361902832985,-0.0005577215924859047,0.0001246433675987646,0.00010786052735056728,-1.6782840248197317e-05,A>=0.95,1.1<=beta<1.4,baseline_strongest_25
603,642_0.99_1.18.png,642,0.99,1.18,480,640,36.73797563379226,0.9821227192878723,37.4776358285698,0.9824841022491455,0.7396601947775423,0.00036138296127319336,11.588249206542969,7.44445276260376,10.523408889770508,0.6424139341429131,0.9081103367908907,0.45767325162887573,0.7363083362579346,6.732667922973633,4.323572635650635,0.6421782100521353,0.4602457880973816,0.7402682900428772,-0.0015416061505675316,-0.0012664874084293842,-0.0010647062445059419,-0.0013257447862997651,0.00014571129577234387,0.00012016289838356897,-2.55483973887749e-05,0.005955975037068129,0.005187441129237413,-0.0007685339078307152,0.00014755474694538862,0.00012118277663830668,-2.6371970307081938e-05,A>=0.95,1.1<=beta<1.4,baseline_strongest_25
604,643_0.82_0.72.png,643,0.82,0.72,480,640,39.63258609565096,0.9880638718605042,39.28499156735037,0.9888678789138794,-0.3475945283005899,0.0008040070533752441,8.398392677307129,5.461657524108887,8.91334056854248,0.650321762027936,1.0613150528942004,0.227986142039299,0.6962915658950806,4.884974002838135,3.184199571609497,0.6518355204673556,0.23686951398849487,0.7008911371231079,-0.0019238380482420325,-0.0014192851958796382,-0.0012252606684342027,-0.0015480276197195053,7.65332006267272e-05,8.620620792498812e-05,9.673007298260927e-06,0.004143950063735247,0.003987142816185951,-0.00015680724754929543,7.767894567223266e-05,8.669667295180261e-05,9.017727279569954e-06,0.75<=A<0.85,beta<0.8,baseline_strongest_25
605,644_0.97_1.85.png,644,0.97,1.85,480,640,35.25063875201273,0.9739884734153748,34.73005163943183,0.9724122881889343,-0.5205871125809054,-0.0015761852264404297,13.16411304473877,9.19139575958252,14.65169906616211,0.6982161068007537,1.1130031333191777,0.1781180202960968,0.5962769389152527,7.633833408355713,5.29213285446167,0.6932470976729851,0.18132342398166656,0.5979786515235901,-0.004446438979357481,-0.0033827468287199736,-0.0034463386982679367,-0.0037080401089042425,0.00018803589046001434,0.00023293432604987174,4.48984355898574e-05,0.0070917801931500435,0.008030857890844345,0.0009390776976943016,0.000189698621397838,0.00023317516024690121,4.347653884906322e-05,A>=0.95,beta>=1.7,baseline_middle_50
606,645_0.58_1.99.png,645,0.58,1.99,480,640,35.25256967286658,0.9823852181434631,34.951992243694136,0.9844066500663757,-0.3005774291724421,0.0020214319229125977,14.146048545837402,12.029179573059082,14.680805206298828,0.8503561637075516,1.0378025466778695,0.37988293170928955,0.6261503100395203,7.874983310699463,6.844023704528809,0.8690842170078094,0.3837076425552368,0.6252254843711853,-0.002425980521366,-0.0023585588205605745,-0.002957958960905671,-0.002447049366310239,0.0002171340020140633,0.0002338607155252248,1.6726713511161506e-05,0.010914355516433716,0.011088106781244278,0.00017375126481056213,0.00020187292830087245,0.00021971020032651722,1.783727202564478e-05,A<0.65,beta>=1.7,baseline_middle_50
607,646_0.52_1.97.png,646,0.52,1.97,480,640,33.98118591170589,0.9832333922386169,33.08551715440731,0.9864711165428162,-0.89566875729858,0.0032377243041992188,16.857404708862305,13.868305206298828,19.1676082611084,0.8226832923461793,1.1370438446572722,0.2333456426858902,0.6096563339233398,9.346473693847656,7.935211181640625,0.8490058862375016,0.2258388102054596,0.6105237603187561,-0.00870209839195013,-0.008141319267451763,-0.008397354744374752,-0.008338180370628834,0.00030834649805910885,0.00039865149301476777,9.030499495565891e-05,0.012072955258190632,0.013537868857383728,0.0014649135991930962,0.0002843638358172029,0.00038028942071832716,9.592558490112424e-05,A<0.65,beta>=1.7,baseline_middle_50
608,647_0.82_0.94.png,647,0.82,0.94,480,640,37.55334507242185,0.9912176132202148,36.36932142077688,0.9900063872337341,-1.1840236516449707,-0.0012112259864807129,11.01949405670166,8.680630683898926,12.87760066986084,0.7877521998044619,1.168619956923444,0.1617773175239563,0.5474335551261902,6.3340582847595215,4.958017349243164,0.7827552457439062,0.1694437563419342,0.5466452240943909,-0.0012553224805742502,-0.0014152186922729015,-0.002353098476305604,-0.0014743278734385967,0.00013175918138585985,0.000179939903318882,4.818072193302214e-05,0.008283441886305809,0.00998265203088522,0.0016992101445794106,0.00013059991761110723,0.000175975525053218,4.537560744211078e-05,0.75<=A<0.85,0.8<=beta<1.1,baseline_strongest_25
609,648_0.94_1.95.png,648,0.94,1.95,480,640,26.854588436350284,0.9494121074676514,28.97675739513195,0.956615686416626,2.1221689587816677,0.007203578948974609,41.149051666259766,25.447790145874023,31.118179321289062,0.6184295655770843,0.7562307771676903,0.6553455591201782,0.688910186290741,23.886444091796875,14.745413780212402,0.6173130552017283,0.6574184894561768,0.6885034441947937,0.007959882728755474,0.008437869139015675,0.006776860915124416,0.008105595596134663,0.0018372877966612577,0.00105071731377393,-0.0007865704828873277,0.025860948488116264,0.021038014441728592,-0.004822934046387672,0.0018572988919913769,0.0010575632331892848,-0.0007997356588020921,0.85<=A<0.95,beta>=1.7,baseline_weakest_25
610,649_0.85_1.14.png,649,0.85,1.14,480,640,38.190325675412794,0.9921466708183289,39.42783862263452,0.9931020736694336,1.237512947221724,0.0009554028511047363,10.09354019165039,7.277752876281738,8.381765365600586,0.7210307521539433,0.8304088760189587,0.5757774114608765,0.7218999266624451,5.414233207702637,3.9772889614105225,0.7345987527379085,0.5737144351005554,0.7062681913375854,-0.0031972790602594614,-0.003103441558778286,-0.0034136557951569557,-0.003166863229125738,0.00011054640344809741,7.623046985827386e-05,-3.4315933589823544e-05,0.007184326183050871,0.0060215299017727375,-0.0011627962812781334,9.542292536934838e-05,6.64845501887612e-05,-2.8938375180587173e-05,0.85<=A<0.95,1.1<=beta<1.4,baseline_strongest_25
611,64_0.62_0.79.png,64,0.62,0.79,400,400,29.92428388882132,0.9888806343078613,30.688669230341322,0.9879157543182373,0.7643853415200006,-0.0009648799896240234,20.066137313842773,7.369069576263428,18.287242889404297,0.3672390685366147,0.9113484375883697,0.4143191874027252,0.5805336236953735,11.640599250793457,4.1639180183410645,0.35770650020936334,0.4443543255329132,0.5934774875640869,0.004406708292663097,0.003972697537392378,0.002797602443024516,0.003968505654484034,0.0008388538262806833,0.0006967152585275471,-0.00014213856775313616,0.02333156205713749,0.0226768609136343,-0.0006547011435031891,0.0008468971936963499,0.0006860350258648396,-0.0001608621678315103,A<0.65,beta<0.8,baseline_middle_50
612,650_0.56_0.65.png,650,0.56,0.65,480,640,44.218716645808655,0.996466875076294,42.787322056526655,0.9962798357009888,-1.4313945892820001,-0.00018703937530517578,4.184490203857422,5.748898983001709,5.66696310043335,1.3738588700009755,1.354278018194266,0.38337963819503784,0.6771109104156494,2.1750094890594482,3.2135159969329834,1.4774721733846883,0.3718869388103485,0.6730380654335022,-0.0038688660133630037,-0.003171091666445136,-0.0030278575140982866,-0.003363397205248475,1.8999520762008615e-05,3.484643093543127e-05,1.5846910173422657e-05,0.003128248732537031,0.004400370642542839,0.0012721219100058079,1.5399304174934514e-05,3.209244096069597e-05,1.6693136785761453e-05,A<0.65,beta<0.8,baseline_strongest_25
613,651_0.89_1.04.png,651,0.89,1.04,480,640,38.09183288080009,0.9926372766494751,39.46056540555205,0.993401825428009,1.3687325247519624,0.0007645487785339355,10.266377449035645,7.929275035858154,8.314447402954102,0.7723537416406775,0.8098715875418262,0.6089428663253784,0.7382286787033081,5.488686561584473,4.3607282638549805,0.7944939494952917,0.6134281754493713,0.7342120409011841,-0.0025503789074718952,-0.0025542129296809435,-0.0029081646353006363,-0.002593416953459382,0.00011436470958869904,7.501087384298444e-05,-3.9353835745714605e-05,0.007083571050316095,0.005808562971651554,-0.0012750080786645412,9.806536399992183e-05,6.437898991862312e-05,-3.368637408129871e-05,0.85<=A<0.95,0.8<=beta<1.1,baseline_strongest_25
614,652_0.67_1.73.png,652,0.67,1.73,480,640,36.75928204157874,0.9891299605369568,35.43927259991918,0.9903446435928345,-1.3200094416595647,0.0012146830558776855,11.984965324401855,9.268317222595215,14.35146713256836,0.7733286640157866,1.1974558744319614,0.10612361133098602,0.5628042221069336,6.506637096405029,5.134430408477783,0.7891066202715683,0.07174430787563324,0.5699524283409119,-0.010307351127266884,-0.008476585149765015,-0.00872101355344057,-0.009051849134266376,0.00015585873916279525,0.0002234858984593302,6.762715929653496e-05,0.008604545146226883,0.010702267289161682,0.002097722142934799,0.0001378135639242828,0.000208024270250462,7.02107063261792e-05,0.65<=A<0.75,beta>=1.7,baseline_strongest_25
615,653_0.88_1.66.png,653,0.88,1.66,480,640,37.276067620379216,0.9723709225654602,36.975381591081124,0.9698845744132996,-0.30068602929809174,-0.0024863481521606445,11.101755142211914,5.724175453186035,11.553705215454102,0.5156099535487999,1.0407097857458367,0.17724347114562988,0.5857202410697937,6.225198745727539,3.1759400367736816,0.5101748822000878,0.20539800822734833,0.584175705909729,-0.004243207164108753,-0.003521629609167576,-0.0035543227568268776,-0.0037411078810691833,0.0001337337016593665,0.00014484385610558093,1.1110154446214437e-05,0.006647065747529268,0.006763174664229155,0.00011610891669988632,0.0001261494035134092,0.00013254527584649622,6.395872333087027e-06,0.85<=A<0.95,1.4<=beta<1.7,baseline_strongest_25
616,654_0.84_1.35.png,654,0.84,1.35,480,640,39.41118107463034,0.9773252010345459,38.34117614413563,0.9776623845100403,-1.0700049304947115,0.00033718347549438477,8.451590538024902,4.8222432136535645,9.907943725585938,0.5705722718058346,1.1723170545246715,-0.04274168983101845,0.5922805666923523,4.64876127243042,2.647519826889038,0.5695108162663056,-0.024537503719329834,0.59087073802948,-0.00337213440798223,-0.002961444901302457,-0.0031389198265969753,-0.0031044732313603163,7.750584336463362e-05,0.00010651838965713978,2.901254629250616e-05,0.005099250469356775,0.005478607024997473,0.0003793565556406975,7.034824375296012e-05,9.513132681604475e-05,2.4783083063084632e-05,0.75<=A<0.85,1.1<=beta<1.4,baseline_strongest_25
617,655_0.8_1.51.png,655,0.8,1.51,480,640,39.8076784067781,0.9760956764221191,38.569917135843205,0.9765022397041321,-1.2377612709348966,0.00040656328201293945,7.820985794067383,5.030097961425781,9.51153564453125,0.6431539570422654,1.2161555966188093,-0.050833575427532196,0.5793550610542297,4.285492420196533,2.7560720443725586,0.6431167702884806,-0.029964899644255638,0.5711005926132202,-0.0032954770140349865,-0.0028471029363572598,-0.003026170888915658,-0.0030015804804861546,6.63713290123269e-05,9.81654884526506e-05,3.179415944032371e-05,0.004828201606869698,0.005472459364682436,0.0006442577578127384,5.9783349570352584e-05,8.681385224917904e-05,2.703050267882645e-05,0.75<=A<0.85,1.4<=beta<1.7,baseline_strongest_25
618,656_0.88_1.72.png,656,0.88,1.72,480,640,36.88015934551506,0.972154438495636,36.77037412464299,0.969706118106842,-0.10978522087206954,-0.0024483203887939453,11.712990760803223,5.871192455291748,11.86523151397705,0.5012547670522647,1.0129975986733715,0.22452858090400696,0.5968793034553528,6.560016632080078,3.2657175064086914,0.49782152844529964,0.25376319885253906,0.5948789715766907,-0.0043370770290493965,-0.0036123439203947783,-0.0036826173309236765,-0.0038370504043996334,0.00014886519056744874,0.00015276011254172772,3.8949219742789865e-06,0.006916728802025318,0.006906491704285145,-1.023709774017334e-05,0.00014008404104970396,0.0001394072751281783,-6.767659215256572e-07,0.85<=A<0.95,beta>=1.7,baseline_strongest_25
619,657_0.61_1.25.png,657,0.61,1.25,480,640,37.446066561903486,0.9891740679740906,37.27379326983272,0.9894809126853943,-0.1722732920707628,0.00030684471130371094,10.199417114257812,8.148205757141113,10.600295066833496,0.7988893547407429,1.0393040061098486,0.3492795526981354,0.7354224324226379,5.684831142425537,4.604573726654053,0.8099754612393689,0.3648775815963745,0.7351223230361938,-0.003387958277016878,-0.002164957346394658,-0.00210298178717494,-0.0025235696230083704,0.00011287772940704599,0.0001219251862494275,9.047456842381507e-06,0.006263986229896545,0.006360229570418596,9.624334052205086e-05,0.00010519957140786573,0.00011203507892787457,6.835507520008832e-06,A<0.65,1.1<=beta<1.4,baseline_strongest_25
620,658_0.67_0.54.png,658,0.67,0.54,480,640,41.32721842235844,0.9937009215354919,42.138942547009705,0.994554877281189,0.8117241246512634,0.0008539557456970215,6.50221586227417,4.154112815856934,5.664963722229004,0.6388764851624013,0.8712358743881605,0.5080098509788513,0.7933157086372375,3.615448474884033,2.316636085510254,0.6407603653055962,0.5272143483161926,0.8086838722229004,-0.00012024711031699553,0.0006246176781132817,0.00038405173108913004,0.00037447857903316617,4.5875443902332336e-05,3.482184911263175e-05,-1.1053594789700583e-05,0.004380060359835625,0.0036357443314045668,-0.0007443160284310579,4.255035310052335e-05,3.127186209894717e-05,-1.1278491001576185e-05,0.65<=A<0.75,beta<0.8,baseline_strongest_25
621,659_0.8_1.18.png,659,0.8,1.18,480,640,37.10542332228589,0.9875680208206177,36.98370710003131,0.9877030253410339,-0.12171622225457668,0.00013500452041625977,10.400470733642578,7.551498889923096,10.793246269226074,0.7260727983682638,1.0377651690622982,0.31004151701927185,0.6350048184394836,5.806021213531494,4.27742862701416,0.7367228726352565,0.31504109501838684,0.6255581974983215,0.0013125600526109338,0.0021772319450974464,0.0018642591312527657,0.0018830160843208432,0.00011737174645531923,0.00012640425120480359,9.03250474948436e-06,0.006994407624006271,0.00719077093526721,0.00019636331126093864,0.00010973268945235759,0.00011835378973046318,8.621100278105587e-06,0.75<=A<0.85,1.1<=beta<1.4,baseline_strongest_25
622,65_0.89_0.51.png,65,0.89,0.51,400,400,34.646475595296636,0.9921906590461731,31.583286289063686,0.9887851476669312,-3.0631893062329496,-0.0034055113792419434,11.978947639465332,12.27172565460205,17.713178634643555,1.0244410464047897,1.4786923833180863,-0.06689118593931198,0.4905858635902405,5.9356842041015625,6.395174503326416,1.077411513723615,-0.04882289841771126,0.4278915822505951,-0.015053702518343925,-0.018307732418179512,-0.022602614015340805,-0.01782439462840557,0.0002989482891280204,0.0006536598084494472,0.00035471151932142675,0.01328342780470848,0.019993172958493233,0.006709745153784752,0.00022020215692464262,0.0004989825538359582,0.0002787803969113156,0.85<=A<0.95,beta<0.8,baseline_middle_50
623,660_0.62_1.91.png,660,0.62,1.91,480,640,35.96627249377191,0.9846675992012024,34.246661053566314,0.9840825796127319,-1.7196114402055969,-0.000585019588470459,11.821988105773926,11.878171920776367,15.753210067749023,1.0047524844805926,1.3325347586887748,0.11638621240854263,0.6031754016876221,6.517987251281738,6.74970006942749,1.0355497501318658,0.11896951496601105,0.5972520112991333,-0.007074134424328804,-0.0058648609556257725,-0.005803358741104603,-0.006219422444701195,0.0001516486518085003,0.0002692747802939266,0.0001176261284854263,0.007135541643947363,0.01005598809570074,0.002920446451753378,0.00013829478120896965,0.0002525215386413038,0.00011422675743233413,A<0.65,beta>=1.7,baseline_middle_50
624,661_0.7_0.75.png,661,0.7,0.75,480,640,38.28370856686954,0.9957789182662964,38.01899666579292,0.9957247376441956,-0.26471190107662323,-5.418062210083008e-05,10.792034149169922,4.740029811859131,11.21213436126709,0.439215605356819,1.0389268794270337,0.12925465404987335,0.6529991030693054,6.064871788024902,2.5667474269866943,0.42321544736604993,0.11585216969251633,0.656495988368988,0.003225885797291994,0.00349759915843606,0.003698202082887292,0.0034392254892736673,0.00012637587497010827,0.00013640620454680175,1.0030329576693475e-05,0.006240536458790302,0.006407879758626223,0.00016734329983592033,0.00011973525397479534,0.00012943985348101705,9.704599506221712e-06,0.65<=A<0.75,beta<0.8,baseline_strongest_25
625,662_0.79_1.86.png,662,0.79,1.86,480,640,33.47888451821254,0.9894825220108032,34.63621709506323,0.9901436567306519,1.157332576850692,0.0006611347198486328,18.644695281982422,8.300080299377441,16.06791114807129,0.4451711424534971,0.861795320602464,0.5115852355957031,0.6791886687278748,10.54637622833252,4.539348602294922,0.4304178519727089,0.5188601016998291,0.6529111862182617,0.0041842032223939896,0.0037227445282042027,0.004160702228546143,0.003910648170858622,0.0003771968767978251,0.0002801408409141004,-9.705603588372469e-05,0.010266726836562157,0.009082529693841934,-0.0011841971427202225,0.00036206399090588093,0.00026742275804281235,-9.464123286306858e-05,0.75<=A<0.85,beta>=1.7,baseline_middle_50
626,663_0.84_1.13.png,663,0.84,1.13,480,640,36.5167726363528,0.9937382340431213,33.08382607723753,0.9923133850097656,-3.4329465591152655,-0.0014248490333557129,13.011488914489746,10.228988647460938,20.23542022705078,0.786150510113398,1.5551963622331015,-0.5091920495033264,0.5749053359031677,7.344911098480225,5.7818498611450195,0.7871912653022272,-0.5424537658691406,0.5709981322288513,0.006806281395256519,0.006382844410836697,0.006434593815356493,0.006515352055430412,0.0001837010058807209,0.00044430585694499314,0.0002606048510642722,0.00814267247915268,0.010361853055655956,0.002219180576503277,0.00017561105778440833,0.00043440909939818084,0.0002587980416137725,0.75<=A<0.85,1.1<=beta<1.4,baseline_strongest_25
627,664_0.99_1.07.png,664,0.99,1.07,480,640,33.609255937900066,0.9918428659439087,31.30761659753525,0.990403413772583,-2.301639340364815,-0.0014394521713256836,18.488264083862305,10.583123207092285,24.793506622314453,0.5724238446123174,1.3410402680236353,-0.41116389632225037,0.5544803738594055,10.505906105041504,5.953908920288086,0.5667201725161968,-0.4357215166091919,0.552113950252533,0.00858353916555643,0.007813557982444763,0.007827077060937881,0.008045324124395847,0.00037089400575496256,0.0006670117727480829,0.0002961177669931203,0.011288865469396114,0.013840948231518269,0.0025520827621221542,0.00035929057048633695,0.0006521253963001072,0.0002928348258137703,A>=0.95,0.8<=beta<1.1,baseline_middle_50
628,665_0.78_1.86.png,665,0.78,1.86,480,640,34.4711075622775,0.9883992671966553,34.399075817290544,0.988969624042511,-0.0720317449869583,0.0005703568458557129,13.845815658569336,11.259284973144531,14.222502708435059,0.8131904432929546,1.0272058403170048,0.3726844787597656,0.6841138005256653,8.02614688873291,6.557229042053223,0.8169834333904664,0.3680996298789978,0.6901884078979492,-0.0007900571799837053,-9.637460607336834e-05,0.0004689702473115176,-0.0002393363683950156,0.00020801500068046153,0.00021948738140054047,1.1472380720078945e-05,0.008989911526441574,0.00896756537258625,-2.234615385532379e-05,0.00020969736215192825,0.00022353723761625588,1.3839875464327633e-05,0.75<=A<0.85,beta>=1.7,baseline_middle_50
629,666_0.72_0.6.png,666,0.72,0.6,480,640,40.74900893586615,0.9960333704948425,40.947780614875384,0.9963389039039612,0.19877167900923354,0.00030553340911865234,6.622899532318115,5.209729194641113,6.45121431350708,0.7866236184346328,0.9740770310687556,0.4258393943309784,0.7621201276779175,3.8348145484924316,2.9669013023376465,0.7736753015876647,0.4025430977344513,0.7534294128417969,0.0006536820437759161,0.0007578001823276281,0.0008688429952599108,0.0007393277483060956,4.7594181523891166e-05,4.5158602006267756e-05,-2.4355795176234096e-06,0.004404108505696058,0.004312886856496334,-9.12216491997242e-05,4.787044963450171e-05,4.670710404752754e-05,-1.1633455869741738e-06,0.65<=A<0.75,beta<0.8,baseline_strongest_25
630,667_0.82_1.98.png,667,0.82,1.98,480,640,33.79190956143696,0.9867132306098938,33.61475068495116,0.9871081709861755,-0.1771588764857981,0.0003949403762817383,14.841203689575195,12.337259292602539,15.486077308654785,0.8312842779233948,1.0434515712180787,0.3622360825538635,0.6732763648033142,8.568902969360352,7.1739935874938965,0.8372126062281013,0.35628148913383484,0.6810433268547058,0.00010965402179863304,0.0007185726426541805,0.0008022426627576351,0.0005460443207994103,0.00023899885127320886,0.0002602198510430753,2.1220999769866467e-05,0.00992853194475174,0.009834732860326767,-9.379908442497253e-05,0.00023901725944597274,0.00026396068278700113,2.4943423341028392e-05,0.75<=A<0.85,beta>=1.7,baseline_middle_50
631,668_0.69_1.25.png,668,0.69,1.25,480,640,37.53123601827329,0.9931482076644897,37.32752720361532,0.9935840368270874,-0.20370881465797197,0.00043582916259765625,9.563023567199707,7.577054023742676,10.004776000976562,0.7923282809561691,1.0461938037350473,0.33651629090309143,0.6972420811653137,5.610684394836426,4.4091644287109375,0.7858514431445724,0.32389166951179504,0.6885942220687866,-0.0013990966835990548,-0.000856570026371628,-0.00026669149519875646,-0.0009515393176116049,9.923113975673914e-05,0.00010861061309697106,9.379473340231925e-06,0.006019378546625376,0.006173369009047747,0.0001539904624223709,0.00010247324826195836,0.00011359170457581058,1.111845631385222e-05,0.65<=A<0.75,1.1<=beta<1.4,baseline_strongest_25
632,669_0.82_1.33.png,669,0.82,1.33,480,640,35.18109864018698,0.9891601800918579,33.828578581547994,0.9871224164962769,-1.3525200586389872,-0.0020377635955810547,13.85068130493164,12.077431678771973,16.84792709350586,0.8719738338410624,1.2163969932300027,0.1609662026166916,0.6805492043495178,8.133402824401855,6.985325336456299,0.858844137843377,0.16781190037727356,0.680183470249176,0.001067498349584639,0.0014794671442359686,0.0015797960804775357,0.001367726013995707,0.00020816123287659138,0.0003079998423345387,9.983860945794731e-05,0.0097089484333992,0.010318124666810036,0.0006091762334108353,0.00021533931430894881,0.00031210522865876555,9.676591434981674e-05,0.75<=A<0.85,1.1<=beta<1.4,baseline_middle_50
633,66_0.62_1.57.png,66,0.62,1.57,400,400,29.599832156841646,0.9851347804069519,30.33182893292302,0.986068606376648,0.7319967760813739,0.0009338259696960449,22.043956756591797,25.450754165649414,19.915376663208008,1.1545456401804493,0.9034392910089846,0.6568701267242432,0.7155858278274536,8.907902717590332,13.57934856414795,1.524415902896309,0.7585254311561584,0.7388002276420593,-0.019565435126423836,-0.006019094493240118,0.0068779815919697285,-0.008599183522164822,0.0010123668471351266,0.0008262962801381946,-0.00018607056699693203,0.02286463975906372,0.02117619290947914,-0.0016884468495845795,0.0004959420184604824,0.0005015101633034647,5.568144842982292e-06,A<0.65,1.4<=beta<1.7,baseline_middle_50
634,670_0.75_1.02.png,670,0.75,1.02,480,640,37.80258240320713,0.9929336905479431,36.07829131860993,0.9914799332618713,-1.7242910845972048,-0.0014537572860717773,9.984646797180176,9.210229873657227,12.856705665588379,0.9224392270198625,1.287647517909128,0.10453701764345169,0.6403169631958008,5.847456455230713,5.262407302856445,0.8999480959193933,0.11405014991760254,0.6422780752182007,0.002467212500050664,0.0025998735800385475,0.002321639098227024,0.002528489101678133,0.00010817401926033199,0.00017935644427780062,7.118242501746863e-05,0.007080922368913889,0.008298465982079506,0.001217543613165617,0.00011130452185170725,0.00017860237858258188,6.729785673087463e-05,0.75<=A<0.85,0.8<=beta<1.1,baseline_strongest_25
635,671_0.76_1.47.png,671,0.76,1.47,480,640,35.56081994756158,0.989226222038269,34.03422925225178,0.9872593879699707,-1.5265906953098067,-0.00196683406829834,13.129739761352539,11.096502304077148,16.493324279785156,0.8451425927526579,1.2561805930330276,0.08062337338924408,0.6527204513549805,7.67428731918335,6.3574442863464355,0.8284084269890165,0.0807238444685936,0.6524173617362976,0.0023195359390228987,0.0026967632584273815,0.0030501247383654118,0.002624255372211337,0.00018705520778894424,0.0002951711358036846,0.00010811592801474035,0.00916273519396782,0.010144814848899841,0.000982079654932022,0.00019171448366250843,0.00029763978091068566,0.00010592529724817723,0.75<=A<0.85,1.4<=beta<1.7,baseline_middle_50
636,672_0.65_0.76.png,672,0.65,0.76,480,640,39.73921511415234,0.9948344826698303,38.42694846270769,0.9941113591194153,-1.312266651444645,-0.0007231235504150391,7.944868087768555,6.785494804382324,9.623744010925293,0.8540726830730981,1.2113157707100808,0.15347304940223694,0.6531071066856384,4.593013286590576,3.7896265983581543,0.8250850502484,0.17067284882068634,0.6436169743537903,0.0015707461861893535,0.00185394415166229,0.0015461165457963943,0.001734175719320774,6.84905971866101e-05,0.00010049528646050021,3.200468927389011e-05,0.0057377382181584835,0.006337991915643215,0.0006002536974847317,6.867113552289084e-05,9.60795659921132e-05,2.7408430469222367e-05,0.65<=A<0.75,beta<0.8,baseline_strongest_25
637,673_0.85_1.82.png,673,0.85,1.82,480,640,37.73155428549695,0.9916774034500122,38.04107063858683,0.9918157458305359,0.309516353089883,0.00013834238052368164,10.17489242553711,6.807897090911865,9.699128150939941,0.66908786905946,0.9532413459818909,0.4027941823005676,0.6624062061309814,5.9163103103637695,3.895536184310913,0.658440139200777,0.4201359748840332,0.6573941111564636,0.0027348597068339586,0.0025532087311148643,0.0030541822779923677,0.002664633560925722,0.00011233553232159466,0.00010207583545707166,-1.0259696864522994e-05,0.006697225850075483,0.0065241847187280655,-0.00017304113134741783,0.00011394117609597743,0.00010029951954493299,-1.3641656551044434e-05,0.85<=A<0.95,beta>=1.7,baseline_strongest_25
638,674_0.95_1.43.png,674,0.95,1.43,480,640,36.3727970414469,0.9914270043373108,36.29441895551685,0.991239607334137,-0.0783780859300478,-0.00018739700317382812,12.326099395751953,7.6688551902771,12.530693054199219,0.6221639907366058,1.0165984105659391,0.28418195247650146,0.6353569030761719,7.213692665100098,4.446849822998047,0.6164456997886729,0.2889997065067291,0.6255855560302734,0.0015763452975079417,0.001952490070834756,0.0021248520351946354,0.0018596721347421408,0.00016485755622852594,0.00017037574434652925,5.518188118003309e-06,0.007563824765384197,0.007553878705948591,-9.946059435606003e-06,0.00016939245688263327,0.0001734070829115808,4.014626028947532e-06,A>=0.95,1.4<=beta<1.7,baseline_strongest_25
639,675_0.78_1.9.png,675,0.78,1.9,480,640,38.618799967957955,0.9923010468482971,38.50362108782164,0.991860568523407,-0.1151788801363125,-0.0004404783248901367,9.161885261535645,6.995000839233398,9.253437042236328,0.7634892426126008,1.009992679245291,0.36859098076820374,0.6266219019889832,5.238375186920166,3.977457046508789,0.7592921286814668,0.3836798667907715,0.6191275715827942,0.003323595505207777,0.0023678012657910585,0.003115833969786763,0.002738859737291932,9.108088124776259e-05,9.291026799473912e-05,1.8293867469765246e-06,0.006541872397065163,0.006482341326773167,-5.9531070291996e-05,8.932478522183374e-05,8.877760410541669e-05,-5.471811164170504e-07,0.75<=A<0.85,beta>=1.7,baseline_strongest_25
640,676_0.97_1.88.png,676,0.97,1.88,480,640,35.215324595978856,0.989738941192627,34.71029101081793,0.9887654781341553,-0.5050335851609233,-0.0009734630584716797,13.62552261352539,8.652725219726562,14.698814392089844,0.6350380433215402,1.078770687114713,0.18859265744686127,0.6321142911911011,8.022212982177734,5.0266032218933105,0.6265856108608043,0.18615591526031494,0.6242824196815491,0.0014155483804643154,0.0020141906570643187,0.00197088741697371,0.0018302600365132093,0.00020144841982983053,0.0002344348467886448,3.298642695881426e-05,0.008438500575721264,0.008888814598321915,0.0004503140226006508,0.00020949186000507325,0.00024286899133585393,3.3377131330780685e-05,A>=0.95,beta>=1.7,baseline_middle_50
641,677_0.58_1.45.png,677,0.58,1.45,480,640,37.95531393407011,0.9942059516906738,36.72790857900977,0.99351966381073,-1.2274053550603412,-0.0006862878799438477,9.50706958770752,7.5251784324646,11.577520370483398,0.7915350111873093,1.217780122852255,0.09067153930664062,0.6149312853813171,5.359541416168213,4.232757568359375,0.7897611455320317,0.05406298488378525,0.6119498610496521,0.004253624472767115,0.0036677801981568336,0.0038239769637584686,0.003860754193738103,9.807333117350936e-05,0.00014544159057550132,4.736825940199196e-05,0.006223088130354881,0.007727453950792551,0.0015043658204376698,9.350483014713973e-05,0.00014384118549060076,5.033635534346104e-05,A<0.65,1.4<=beta<1.7,baseline_strongest_25
642,678_0.62_0.73.png,678,0.62,0.73,480,640,42.08610193674842,0.9966713190078735,41.15342042987052,0.9959113597869873,-0.9326815068778984,-0.0007599592208862305,5.7261061668396,6.001357078552246,6.684808254241943,1.0480694740357155,1.1674265302579045,0.3509141802787781,0.7129913568496704,3.2417826652526855,3.408968687057495,1.0515722486879848,0.34476932883262634,0.7074730396270752,0.0017730522667989135,0.001477282028645277,0.0014553457731381059,0.001563216676004231,3.557757372618653e-05,4.84881347802002e-05,1.291056105401367e-05,0.004252472426742315,0.00474364822730422,0.0004911758005619049,3.420948996790685e-05,4.723318852484226e-05,1.3023698556935415e-05,A<0.65,beta<0.8,baseline_strongest_25
643,679_0.84_1.04.png,679,0.84,1.04,480,640,35.67514227161871,0.994914710521698,35.89939749450255,0.994067907333374,0.2242552228838406,-0.0008468031883239746,13.671069145202637,5.9528303146362305,13.296181678771973,0.4354326827997326,0.9725780432789182,0.27982914447784424,0.5989909172058105,8.168882369995117,3.4398279190063477,0.42108917269283724,0.2735307216644287,0.5801766514778137,0.0032481884118169546,0.0030508164782077074,0.0020970196928828955,0.00300109782256186,0.00020279745513107628,0.00019182775577064604,-1.096969936043024e-05,0.00806047860532999,0.00832206942141056,0.0002615908160805702,0.0002172221284126863,0.0002056994562735781,-1.1522672139108181e-05,0.75<=A<0.85,0.8<=beta<1.1,baseline_middle_50
644,67_0.68_1.12.png,67,0.68,1.12,400,400,32.62417212133491,0.9891663789749146,31.41556421111349,0.9895307421684265,-1.2086079102214171,0.0003643631935119629,15.210735321044922,12.431107521057129,17.89036750793457,0.81725881482258,1.1761671694584168,0.17408348619937897,0.5446255803108215,8.137260437011719,6.830531120300293,0.8394140968171714,0.29893890023231506,0.5593457221984863,-0.019501030445098877,-0.013597164303064346,-0.008344646543264389,-0.014763633720576763,0.00048201344907283783,0.0006668026908300817,0.00018478924175724387,0.01709395833313465,0.019751358777284622,0.002657400444149971,0.00041384375072084367,0.0004977502394467592,8.390648872591555e-05,0.65<=A<0.75,1.1<=beta<1.4,baseline_middle_50
645,680_0.72_1.1.png,680,0.72,1.1,480,640,37.52784035601613,0.995272696018219,36.85636411953766,0.9942922592163086,-0.671476236478469,-0.0009804368019104004,10.714498519897461,5.9481401443481445,11.878236770629883,0.5551487205212726,1.1086134128042755,0.07130211591720581,0.5590730905532837,6.337098598480225,3.4009182453155518,0.5366680338745505,0.05494425445795059,0.5456497073173523,0.003783436259254813,0.0033747085835784674,0.0029210452921688557,0.0034452006220817566,0.00012456650438252836,0.00015309515583794564,2.8528651455417275e-05,0.006740712560713291,0.007733769249171019,0.0009930566884577274,0.0001307253260165453,0.00016066650277934968,2.994117676280439e-05,0.65<=A<0.75,1.1<=beta<1.4,baseline_strongest_25
646,681_0.89_1.64.png,681,0.89,1.64,480,640,32.82841714440981,0.9893040060997009,31.688198722340346,0.9889696836471558,-1.1402184220694664,-0.000334322452545166,17.463850021362305,14.62415599822998,21.19155502319336,0.8373958766446846,1.213452646310591,0.13659271597862244,0.6004084944725037,10.411359786987305,8.531942367553711,0.8194839619525401,0.13784077763557434,0.5961524844169617,0.00435664365068078,0.004864344839006662,0.003930160775780678,0.004606045316904783,0.00033093104138970375,0.00048728520050644875,0.000156354159116745,0.010743752121925354,0.013266714289784431,0.0025229621678590775,0.0003528529196046293,0.0005100973648950458,0.00015724444529041648,0.85<=A<0.95,1.4<=beta<1.7,baseline_middle_50
647,682_0.58_0.74.png,682,0.58,0.74,480,640,41.32121527180733,0.9969488382339478,39.93547306697454,0.9965286254882812,-1.3857422048327948,-0.0004202127456665039,6.290425777435303,6.351449489593506,7.914095878601074,1.0097010463706773,1.2581176789320239,0.21622054278850555,0.589512825012207,3.651676654815674,3.5991504192352295,0.9856158579891856,0.2133336216211319,0.5842102766036987,0.003512255847454071,0.0036147634964436293,0.0030335751362144947,0.0035178582184016705,4.293560778023675e-05,6.796106026740745e-05,2.5025452487170696e-05,0.0044149477034807205,0.0056558940559625626,0.001240946352481842,4.340736268204637e-05,6.732085603289306e-05,2.3913493350846693e-05,A<0.65,beta<0.8,baseline_strongest_25
648,683_0.65_0.66.png,683,0.65,0.66,480,640,41.09150985341975,0.9970338940620422,38.17229240283944,0.9963629841804504,-2.9192174505803123,-0.0006709098815917969,6.607999324798584,7.834998607635498,10.324810028076172,1.1856839298140083,1.5624714108745583,-0.014957892708480358,0.528134822845459,3.8763368129730225,4.491526126861572,1.158703782351854,-0.031464897096157074,0.51254802942276,0.004412282258272171,0.004612489603459835,0.0038387009408324957,0.004464415833353996,4.738026837003417e-05,0.0001156702492153272,6.828998084529303e-05,0.004518061876296997,0.00700717605650425,0.0024891141802072525,4.8912719648797065e-05,0.00011814922618214041,6.923650653334334e-05,0.65<=A<0.75,beta<0.8,baseline_strongest_25
649,684_0.89_1.28.png,684,0.89,1.28,480,640,34.223638749605165,0.9921599626541138,32.22248367320915,0.9915238618850708,-2.0011550763960173,-0.0006361007690429688,15.00127124786377,13.286617279052734,20.246814727783203,0.8856994223702737,1.3496732639019786,-0.02097449079155922,0.5766633152961731,8.925495147705078,7.751551628112793,0.8684730090415063,-0.0301738940179348,0.5686696767807007,0.00552335474640131,0.006161011289805174,0.004959568381309509,0.00583338737487793,0.0002441820106469095,0.0004448062682058662,0.00020062425755895674,0.00920665543526411,0.012496613897383213,0.0032899584621191025,0.00025932444259524345,0.0004685099993366748,0.00020918555674143136,0.85<=A<0.95,1.1<=beta<1.4,baseline_middle_50
650,685_0.95_1.13.png,685,0.95,1.13,480,640,31.934108242156817,0.9842458963394165,30.54241620312594,0.9828464984893799,-1.391692039030879,-0.001399397850036621,20.462726593017578,13.229287147521973,24.700876235961914,0.6465065682906673,1.2071155876358386,-0.030283715575933456,0.6233334541320801,11.450966835021973,7.415711402893066,0.6476057008751992,-0.016068538650870323,0.6187889575958252,0.0020351435523480177,0.0036820238456130028,0.0038883278612047434,0.0032131250482052565,0.0004543437098618597,0.0006620368803851306,0.00020769317052327096,0.013221695087850094,0.01431642659008503,0.0010947315022349358,0.0004268379998393357,0.0006147344247438014,0.00018789642490446568,A>=0.95,1.1<=beta<1.4,baseline_middle_50
651,686_0.88_1.15.png,686,0.88,1.15,480,640,33.43335657150432,0.9861807227134705,31.643221750186463,0.9842448234558105,-1.7901348213178565,-0.0019358992576599121,16.583820343017578,12.826531410217285,21.325010299682617,0.7734364666834892,1.2858925059846817,-0.035759564489126205,0.6121525764465332,9.219161033630371,7.161971569061279,0.7768571937224313,-0.02098933421075344,0.610303521156311,0.0028018499724566936,0.004043759778141975,0.004144610371440649,0.0036839256063103676,0.000298419181490317,0.0004934418830089271,0.00019502270151861012,0.010993292555212975,0.012575319036841393,0.001582026481628418,0.0002766696852631867,0.00045266441884450614,0.00017599473358131945,0.85<=A<0.95,1.1<=beta<1.4,baseline_middle_50
652,687_0.97_0.94.png,687,0.97,0.94,480,640,32.69812975806399,0.9867722988128662,30.713123736392376,0.9843354225158691,-1.9850060216716159,-0.0024368762969970703,18.784589767456055,13.570789337158203,24.595022201538086,0.7224426780226704,1.3093191017750356,-0.13315461575984955,0.6042627096176147,10.53885555267334,7.626758098602295,0.723679915763496,-0.11778979748487473,0.6043552160263062,0.001967108342796564,0.0037443258333951235,0.003939553629606962,0.003235193667933345,0.00038287846837192774,0.0006563749047927558,0.0002734964364208281,0.011991445906460285,0.013957897201180458,0.001966451294720173,0.00036154777626506984,0.0006125331274233758,0.000250985351158306,A>=0.95,0.8<=beta<1.1,baseline_middle_50
653,688_0.83_1.51.png,688,0.83,1.51,480,640,32.31886543283355,0.9825058579444885,31.611917147344663,0.981879472732544,-0.7069482854888847,-0.0006263852119445801,18.958484649658203,11.441882133483887,20.920604705810547,0.6035230317677404,1.1034956164699439,0.12140167504549026,0.607252836227417,10.462944030761719,6.348220348358154,0.6067336621216728,0.12723802030086517,0.6024324893951416,0.0017882947577163577,0.0031895034480839968,0.0030843913555145264,0.0027585593052208424,0.0003900001756846905,0.00047490422730334103,8.490405161865056e-05,0.01274038851261139,0.013147669844329357,0.000407281331717968,0.00035635806852951646,0.00043252125033177435,7.61631818022579e-05,0.75<=A<0.85,1.4<=beta<1.7,baseline_middle_50
654,689_0.67_0.91.png,689,0.67,0.91,480,640,39.93225541238723,0.9961568713188171,40.964632453378854,0.9961837530136108,1.0323770409916264,2.6881694793701172e-05,8.720076560974121,5.832028865814209,7.501372814178467,0.6688047776913914,0.8602416230781909,0.5287671685218811,0.7305068373680115,4.749497890472412,3.240748882293701,0.6823350503628411,0.5270487070083618,0.7372997999191284,-0.000929713249206543,-0.0009183746878989041,-0.0014132712967693806,-0.0009781831176951528,8.250839164247736e-05,6.105750799179077e-05,-2.1450883650686592e-05,0.006715606898069382,0.005593135021626949,-0.0011224718764424324,7.343011384364218e-05,5.4803349485155195e-05,-1.862676435848698e-05,0.65<=A<0.75,0.8<=beta<1.1,baseline_strongest_25
655,68_0.78_1.68.png,68,0.78,1.68,400,400,27.951217754515902,0.9812406301498413,28.324000714001386,0.9825758934020996,0.3727829594854839,0.0013352632522583008,26.487060546875,10.537487983703613,25.478313446044922,0.39783531151201484,0.9619154757076623,0.29282402992248535,0.622433066368103,9.613659858703613,5.665674209594727,0.5893358297324588,0.3875945210456848,0.6066378355026245,-0.0041008382104337215,0.009940414689481258,0.031194744631648064,0.008165073581039906,0.0014615923864766955,0.0013523843372240663,-0.00010920804925262928,0.026122398674488068,0.023933373391628265,-0.0021890252828598022,0.0005776403122581542,0.0005143713788129389,-6.326893344521523e-05,0.75<=A<0.85,1.4<=beta<1.7,baseline_weakest_25
656,690_0.62_0.99.png,690,0.62,0.99,480,640,39.5971800192925,0.9960107803344727,40.69087597572241,0.9960833191871643,1.0936959564299116,7.253885269165039e-05,9.086148262023926,6.1278977394104,7.776977062225342,0.6744219401550268,0.8559157123519171,0.5354610681533813,0.7401672005653381,4.960672378540039,3.4101309776306152,0.6874332182030213,0.5324879884719849,0.7441889643669128,-0.0008432354661636055,-0.0006943877669982612,-0.0011214743135496974,-0.0007875811425037682,8.958127000369132e-05,6.562648923136294e-05,-2.3954780772328377e-05,0.007034179754555225,0.005749371834099293,-0.0012848079204559326,8.010505553102121e-05,5.931496707489714e-05,-2.0790088456124067e-05,A<0.65,0.8<=beta<1.1,baseline_strongest_25
657,691_0.84_1.65.png,691,0.84,1.65,480,640,33.74153466441459,0.9909971952438354,35.53676387073122,0.9915451407432556,1.795229206316634,0.000547945499420166,18.411365509033203,10.526894569396973,14.548839569091797,0.5717606640437475,0.7902096974802696,0.614311933517456,0.7387062907218933,10.127776145935059,5.891565799713135,0.5817235407674178,0.6115294694900513,0.7436960935592651,-0.0019002370536327362,-0.0025091730058193207,-0.0034092359710484743,-0.0024297083728015423,0.00036781508242711425,0.0002296752791153267,-0.00013813980331178755,0.013133314438164234,0.010224034078419209,-0.0029092803597450256,0.00033389273448847234,0.00020932404731865972,-0.00012456868716981262,0.75<=A<0.85,1.4<=beta<1.7,baseline_middle_50
658,692_0.92_1.8.png,692,0.92,1.8,480,640,30.918197824512347,0.9882143139839172,33.08901660646217,0.9880053997039795,2.1708187819498193,-0.00020891427993774414,25.912330627441406,14.904808044433594,19.458049774169922,0.5752013687510323,0.7509185512461647,0.6667036414146423,0.7837389707565308,14.485504150390625,8.466737747192383,0.5844972780573925,0.6669074296951294,0.7856290936470032,-6.503579788841307e-05,-0.0007821828476153314,-0.0016675891820341349,-0.0006686922861263156,0.0007285686442628503,0.00041082437383010983,-0.00031774427043274045,0.017434565350413322,0.012841700576245785,-0.004592864774167538,0.0006830398342572153,0.0003838861593976617,-0.0002991536748595536,0.85<=A<0.95,beta>=1.7,baseline_middle_50
659,693_0.8_1.0.png,693,0.8,1.0,480,640,36.06867140765661,0.9923757910728455,36.538891487021814,0.9923325181007385,0.4702200793652054,-4.3272972106933594e-05,13.639819145202637,7.328073501586914,12.765152931213379,0.5372559139953352,0.935874060742448,0.38415923714637756,0.6861619353294373,6.995169162750244,3.9062607288360596,0.558422625379407,0.3639012277126312,0.6820460557937622,-0.0020655810367316008,-0.0031131042633205652,-0.004804915748536587,-0.0029927613213658333,0.00020187140034977347,0.0001768111251294613,-2.5060275220312178e-05,0.009419042617082596,0.008884111419320107,-0.0005349311977624893,0.00015928511857055128,0.00014421908417716622,-1.5066034393385053e-05,0.75<=A<0.85,0.8<=beta<1.1,baseline_middle_50
660,694_0.63_0.82.png,694,0.63,0.82,480,640,39.30649844238953,0.9943712949752808,38.91076106481511,0.9946238994598389,-0.3957373775744202,0.00025260448455810547,9.089234352111816,5.828324794769287,9.502630233764648,0.6412338563385286,1.0454819257198251,0.24807503819465637,0.5582573413848877,4.235291481018066,2.9942495822906494,0.7069760359376496,0.19831806421279907,0.5377210378646851,0.0006616247119382024,-0.0007654093205928802,-0.00295179127715528,-0.0005879737436771393,8.964213338913396e-05,9.798177052289248e-05,8.339637133758515e-06,0.006225946359336376,0.006886560469865799,0.0006606141105294228,5.8390935009811074e-05,7.120207010302693e-05,1.2811135093215853e-05,A<0.65,0.8<=beta<1.1,baseline_strongest_25
661,695_0.61_1.6.png,695,0.61,1.6,480,640,36.9622026520707,0.9904772043228149,36.360752095662015,0.9903677105903625,-0.601450556408686,-0.00010949373245239258,11.732414245605469,7.4793901443481445,12.705397605895996,0.6374979597357509,1.0829312143197614,0.18326616287231445,0.569058895111084,5.863753795623779,3.9191477298736572,0.668368397868032,0.22145050764083862,0.5768399238586426,0.0017041274113580585,-0.0009367885650135577,-0.004162374418228865,-0.0005148714990355074,0.00014935931540094316,0.00017515964282210916,2.5800327421166003e-05,0.009030978195369244,0.009559722617268562,0.0005287444218993187,0.00011192581587238237,0.00012879249698016793,1.6866681107785553e-05,A<0.65,1.4<=beta<1.7,baseline_strongest_25
662,696_0.96_1.81.png,696,0.96,1.81,480,640,31.56343296511703,0.9805363416671753,31.829202119135488,0.981269896030426,0.26576915401845724,0.0007335543632507324,22.872262954711914,12.071091651916504,22.106311798095703,0.5277611435220816,0.9665117894922409,0.3262714445590973,0.652988851070404,12.16747760772705,6.507608890533447,0.534836315326419,0.3033822774887085,0.6611663103103638,-0.011283583007752895,-0.011898690834641457,-0.013280970975756645,-0.011872353963553905,0.0005676437285728753,0.0005302616045810282,-3.738212399184704e-05,0.015765763819217682,0.01589316502213478,0.000127401202917099,0.00048192552640102804,0.0004633858916349709,-1.8539634766057134e-05,A>=0.95,beta>=1.7,baseline_middle_50
663,697_0.85_1.82.png,697,0.85,1.82,480,640,36.64927610251818,0.9896119832992554,36.607043018849794,0.9898632168769836,-0.04223308366838552,0.0002512335777282715,11.914470672607422,6.858625411987305,11.849221229553223,0.5756550668890378,0.9945235130584346,0.29731485247612,0.71644526720047,6.250821113586426,3.6375246047973633,0.5819274841974039,0.363730251789093,0.7199068069458008,-0.003525307634845376,-0.00476202042773366,-0.0059580374509096146,-0.0045285895466804504,0.00015403061115648597,0.00015234814782161266,-1.6824633348733187e-06,0.008432159200310707,0.007796743419021368,-0.0006354157812893391,0.00012718999641947448,0.00011641830496955663,-1.0771691449917853e-05,0.85<=A<0.95,beta>=1.7,baseline_strongest_25
664,698_0.51_1.13.png,698,0.51,1.13,480,640,41.28064936168731,0.9955348372459412,40.92500203670877,0.9952829480171204,-0.35564732497854123,-0.0002518892288208008,6.558564186096191,4.426510810852051,6.906410217285156,0.6749207121028135,1.0530369180386128,0.25679391622543335,0.6142175793647766,3.5134012699127197,2.318312168121338,0.6598483890736824,0.27434515953063965,0.6141970157623291,-0.00223772251047194,-0.0017632963135838509,-0.002053078031167388,-0.0019381849560886621,4.6674005716340616e-05,5.17561893502716e-05,5.082183633930981e-06,0.0051155295222997665,0.005430399905890226,0.0003148703835904598,4.018225445179269e-05,4.312952296459116e-05,2.9472685127984732e-06,A<0.65,1.1<=beta<1.4,baseline_strongest_25
665,699_0.67_1.68.png,699,0.67,1.68,480,640,38.928349143396574,0.9926700592041016,38.06840821100583,0.9922020435333252,-0.8599409323907423,-0.0004680156707763672,8.945555686950684,5.452481269836426,10.047465324401855,0.6095184537043601,1.1231795626803354,0.09021905064582825,0.5932654142379761,4.737478256225586,2.8482964038848877,0.6012262747891036,0.15289954841136932,0.5892032384872437,-0.004284403752535582,-0.00491640530526638,-0.0056036775931715965,-0.004805786069482565,8.683048508828506e-05,0.0001095394545700401,2.2708969481755048e-05,0.006660901475697756,0.007231611758470535,0.0005707102827727795,7.305891631403938e-05,8.603553578723222e-05,1.297661947319284e-05,0.65<=A<0.75,1.4<=beta<1.7,baseline_strongest_25
666,69_0.85_0.92.png,69,0.85,0.92,400,400,31.937019119809538,0.9857119917869568,32.031807413838095,0.9885799884796143,0.09478829402855737,0.0028679966926574707,16.988479614257812,10.21867561340332,16.844356536865234,0.6015061880421105,0.9915164228544843,0.31479719281196594,0.646247386932373,8.103825569152832,5.834380149841309,0.7199538168799986,0.4053494930267334,0.5699245929718018,0.01745430938899517,0.00499027781188488,-0.0055694603361189365,0.007513213902711868,0.0006012676167301834,0.0005911090993322432,-1.0158517397940159e-05,0.017647042870521545,0.01646086759865284,-0.0011861752718687057,0.0004104498657397926,0.0003836341784335673,-2.68156873062253e-05,0.85<=A<0.95,0.8<=beta<1.1,baseline_middle_50
667,6_0.59_1.99.png,6,0.59,1.99,400,400,31.499951425043143,0.9862671494483948,30.611781485983336,0.9853466153144836,-0.8881699390598072,-0.0009205341339111328,17.212968826293945,9.52566909790039,19.22130012512207,0.5534007058299729,1.1166754741204357,0.053567297756671906,0.5037087798118591,9.91122817993164,5.224714279174805,0.5271510436772974,0.07110914587974548,0.489407479763031,0.011519595049321651,0.007747655268758535,-0.0006840273854322731,0.007914252579212189,0.0006172631401568651,0.0007697049295529723,0.0001524417893961072,0.018763037398457527,0.02231251634657383,0.0035494789481163025,0.0006139528122730553,0.0007385347271338105,0.0001245819148607552,A<0.65,beta>=1.7,baseline_middle_50
668,700_0.87_1.42.png,700,0.87,1.42,480,640,37.945521340486025,0.9922416806221008,37.78066211271065,0.9918528199195862,-0.16485922777537354,-0.00038886070251464844,10.195457458496094,7.288862228393555,10.218636512756348,0.7149127204998132,1.002273468782996,0.35427263379096985,0.7391452193260193,5.244241714477539,3.956407308578491,0.7544288619756442,0.4259265065193176,0.7351928949356079,-0.000499875983223319,-0.0020653491374105215,-0.003261143108829856,-0.001733593177050352,0.00011279009777354077,0.00011330353299854323,5.134352250024676e-07,0.00699741393327713,0.006654953118413687,-0.0003424608148634434,8.952498319558799e-05,8.294493454741314e-05,-6.580048648174852e-06,0.85<=A<0.95,1.4<=beta<1.7,baseline_strongest_25
669,701_0.72_0.54.png,701,0.72,0.54,480,640,43.36971281049058,0.9911332726478577,42.66856759416065,0.991969883441925,-0.7011452163299339,0.0008366107940673828,5.142124176025391,5.015111446380615,5.683320045471191,0.9752995600073295,1.1052475301878295,0.37405791878700256,0.7386642098426819,2.8072943687438965,2.8213388919830322,1.0050028680267755,0.4007152020931244,0.7504932284355164,-0.0018584505887702107,-0.001709282398223877,-0.0019888400565832853,-0.0017857534112408757,2.8690801627817564e-05,3.5047884011873975e-05,6.357082384056412e-06,0.003471864154562354,0.0036417851224541664,0.00016992096789181232,2.5653978809714317e-05,3.0902549042366445e-05,5.248570232652128e-06,0.65<=A<0.75,beta<0.8,baseline_strongest_25
670,702_0.99_1.46.png,702,0.99,1.46,480,640,37.69313966044126,0.9784321188926697,37.071120985806,0.9770875573158264,-0.6220186746352638,-0.0013445615768432617,9.731156349182129,6.263019561767578,10.71324634552002,0.6436048643174831,1.1009222297019647,0.15708203613758087,0.64183109998703,5.390267372131348,3.4739575386047363,0.6444870539383115,0.14733991026878357,0.6370332837104797,-0.0007483536610379815,-0.0010594275081530213,-0.0012405120069161057,-0.000987060135230422,0.0001027511025313288,0.00012453737144824117,2.1786268916912377e-05,0.005953419953584671,0.006449801381677389,0.0004963814280927181,9.458002023166046e-05,0.00011590272333705798,2.1322703105397522e-05,A>=0.95,1.4<=beta<1.7,baseline_strongest_25
671,703_0.99_1.55.png,703,0.99,1.55,480,640,37.44342466224307,0.9766624569892883,36.7484385111316,0.9754290580749512,-0.6949861511114648,-0.0012333989143371582,9.96731185913086,6.539211750030518,11.121209144592285,0.6560657319094589,1.1157681531158636,0.14136065542697906,0.6421724557876587,5.527981758117676,3.6248831748962402,0.655733563080813,0.13390158116817474,0.638474702835083,-0.0007465745438821614,-0.0009430993814021349,-0.0011309656547382474,-0.0009057552670128644,0.00010779872536659241,0.0001342027826467529,2.6404057280160487e-05,0.006171122193336487,0.006708421278744936,0.0005372990854084492,9.947455691872165e-05,0.00012477878772187978,2.5304230803158134e-05,A>=0.95,1.4<=beta<1.7,baseline_strongest_25
672,704_0.99_1.12.png,704,0.99,1.12,480,640,38.68540860966767,0.9829933047294617,37.928949545462324,0.9818992614746094,-0.7564590642053446,-0.001094043254852295,8.835613250732422,5.407397747039795,9.907241821289062,0.6120002758825543,1.121285137788009,0.09580396860837936,0.6183371543884277,4.880558967590332,2.9954919815063477,0.6137600224478602,0.08508307486772537,0.6138135194778442,-0.0002822253736667335,-0.0009631019784137607,-0.0011774917365983129,-0.000783960276748985,8.470928150927648e-05,0.00010650330659700558,2.1794025087729096e-05,0.005294913426041603,0.005797905381768942,0.0005029919557273388,7.753859244985506e-05,9.864926687441766e-05,2.1110674424562603e-05,A>=0.95,1.1<=beta<1.4,baseline_strongest_25
673,705_0.82_1.3.png,705,0.82,1.3,480,640,35.976385100715845,0.9894288778305054,36.49282869932481,0.9902433753013611,0.5164435986089657,0.0008144974708557129,13.393561363220215,7.413938045501709,12.503660202026367,0.5535449343489008,0.9335575402941306,0.39281582832336426,0.7196259498596191,6.85223388671875,3.816972494125366,0.5570406027038222,0.30993780493736267,0.6774777173995972,-0.0034876561257988214,-0.0012667924165725708,0.0002589314244687557,-0.0017568982439115644,0.0001946479023899883,0.00016964139649644494,-2.5006505893543363e-05,0.009334687143564224,0.008234537206590176,-0.0011001499369740486,0.00015284215623978525,0.00014749243564438075,-5.349720595404506e-06,0.75<=A<0.85,1.1<=beta<1.4,baseline_middle_50
674,706_0.76_0.65.png,706,0.76,0.65,480,640,40.237373491455415,0.9951357841491699,40.47408651397375,0.9952120184898376,0.23671302251833737,7.623434066772461e-05,7.903220176696777,5.293179035186768,7.593038082122803,0.669749661131053,0.9607524417086887,0.3923252522945404,0.6987285614013672,3.7957353591918945,2.7992050647735596,0.7374605445015813,0.37366726994514465,0.7018473744392395,-7.056109461700544e-05,-7.209908289951272e-06,0.00042375168413855135,2.297769060533028e-05,6.777440285077319e-05,6.255884363781661e-05,-5.2155592129565775e-06,0.005852058529853821,0.005571744870394468,-0.0002803136594593525,4.689976049121469e-05,4.655824523069896e-05,-3.4151526051573455e-07,0.75<=A<0.85,beta<0.8,baseline_strongest_25
675,707_0.88_1.27.png,707,0.88,1.27,480,640,34.99385987192311,0.988137423992157,35.86890176334088,0.9895310997962952,0.8750418914177729,0.0013936758041381836,15.219780921936035,8.36794376373291,13.47291088104248,0.5498071100138059,0.8852237065793885,0.47168079018592834,0.6911262273788452,7.85360860824585,4.380916118621826,0.5578220582602129,0.44712045788764954,0.6625994443893433,-0.0024636557791382074,0.0010978844948112965,0.0027803967241197824,0.0002247904340038076,0.0002513473737053573,0.0001969610748346895,-5.4386298870667815e-05,0.010806698352098465,0.009334665723145008,-0.0014720326289534569,0.00020077855151612312,0.00016310004866681993,-3.7678502849303186e-05,0.85<=A<0.95,1.1<=beta<1.4,baseline_middle_50
676,708_0.81_0.85.png,708,0.81,0.85,480,640,38.23911121853228,0.9931974411010742,39.273019639706035,0.9938462972640991,1.0339084211737557,0.0006488561630249023,10.162338256835938,5.8150482177734375,8.711543083190918,0.5722155738972581,0.8572380551622449,0.517788827419281,0.7588552236557007,5.144008636474609,3.0070013999938965,0.5845638319251952,0.5125806927680969,0.7458544969558716,-0.0017112338682636619,-0.0012151915580034256,-0.000492124876473099,-0.0012810786720365286,0.00011205850751139224,8.234698179876432e-05,-2.9711525712627918e-05,0.0071983132511377335,0.006096801720559597,-0.0011015115305781364,8.613549289293587e-05,6.395066156983376e-05,-2.2184831323102117e-05,0.75<=A<0.85,0.8<=beta<1.1,baseline_strongest_25
677,709_0.82_0.76.png,709,0.82,0.76,480,640,40.737314907768685,0.9959344863891602,39.19332966262862,0.995814859867096,-1.543985245140064,-0.00011962652206420898,7.210690021514893,5.679335594177246,9.07571029663086,0.7876272003416499,1.2586465746761009,0.02295839972794056,0.6706158518791199,4.006110191345215,3.202549457550049,0.7994162178735933,0.006724887527525425,0.6965100169181824,0.002739271381869912,0.001788365887477994,0.0015160631155595183,0.0020416444167494774,5.641715688398108e-05,8.937557140598074e-05,3.295841452199966e-05,0.004446983803063631,0.005076554603874683,0.0006295708008110523,5.2242579840822145e-05,8.506733138347045e-05,3.28247515426483e-05,0.75<=A<0.85,beta<0.8,baseline_strongest_25
678,70_0.84_1.08.png,70,0.84,1.08,400,400,31.38018543092178,0.9851772785186768,31.78500093977588,0.9867535829544067,0.40481550885409945,0.0015763044357299805,18.129009246826172,8.772947311401367,17.30333709716797,0.4839176367532185,0.9544557488819886,0.3339312672615051,0.5380209684371948,8.534502983093262,4.955726146697998,0.5806695664077014,0.4556519687175751,0.5008192658424377,0.017277685925364494,0.004068903159350157,-0.00752352736890316,0.006696792319417,0.0006847103359177709,0.0006237613852135837,-6.0948950704187155e-05,0.01845361664891243,0.017222682014107704,-0.0012309346348047256,0.0004552358586806804,0.0003678354260046035,-8.740043267607689e-05,0.75<=A<0.85,0.8<=beta<1.1,baseline_middle_50
679,710_0.76_0.76.png,710,0.76,0.76,480,640,41.094046187458595,0.9962181448936462,39.564597271887095,0.9961212873458862,-1.5294489155714999,-9.685754776000977e-05,6.9449262619018555,5.20184326171875,8.722572326660156,0.7490134618498072,1.2559632741545474,-0.010962875559926033,0.6860620975494385,3.839898109436035,2.9276504516601562,0.7624292020837343,-0.03388523310422897,0.6690796613693237,0.0032273083925247192,0.0022503500804305077,0.0019254670478403568,0.0025054241996258497,5.2335071814013645e-05,8.255564171122387e-05,3.0220569897210225e-05,0.004439596086740494,0.004936180543154478,0.0004965844564139843,4.799745147465728e-05,7.83783252700232e-05,3.0380873795365915e-05,0.75<=A<0.85,beta<0.8,baseline_strongest_25
680,711_0.55_1.83.png,711,0.55,1.83,480,640,38.70373332321702,0.9946168661117554,39.76139424638629,0.9951562285423279,1.0576609231692657,0.0005393624305725098,9.039609909057617,7.438744068145752,7.945193290710449,0.8229054287721188,0.8789309904567263,0.5496705174446106,0.8715816140174866,4.940664291381836,4.172633171081543,0.8445490170947265,0.5612218379974365,0.8865500092506409,0.00032647448824718595,0.0008388832211494446,0.0013234454672783613,0.0007409131503663957,8.866596908774227e-05,6.849619967397302e-05,-2.0169769413769245e-05,0.0062704067677259445,0.004817068576812744,-0.0014533381909132004,7.94601728557609e-05,6.081120591261424e-05,-1.864896694314666e-05,A<0.65,beta>=1.7,baseline_strongest_25
681,712_0.91_0.63.png,712,0.91,0.63,480,640,40.884641311614914,0.9959831237792969,40.078884231097746,0.9959518909454346,-0.8057570805171679,-3.123283386230469e-05,7.088676452636719,6.4215989112854,7.970400810241699,0.9058953323926654,1.1243849064767248,0.3071022927761078,0.7075320482254028,3.953032970428467,3.6241705417633057,0.9168075674740664,0.304348886013031,0.7319942712783813,0.001924829906783998,0.0007803378393873572,0.0004810967657249421,0.0010884274961426854,5.4524021834367886e-05,6.893152021802962e-05,1.4407498383661732e-05,0.004529204685240984,0.0046834335662424564,0.00015422888100147247,5.086742021376267e-05,6.523631600430235e-05,1.4368895790539682e-05,0.85<=A<0.95,beta<0.8,baseline_strongest_25
682,713_0.58_0.72.png,713,0.58,0.72,480,640,42.977968455505014,0.9974396824836731,42.06440314615349,0.9975546598434448,-0.9135653093515259,0.00011497735977172852,5.5340118408203125,4.012326240539551,6.474059581756592,0.7250302955522407,1.1698673165102833,0.10832607001066208,0.5768230557441711,3.0385055541992188,2.2180049419403076,0.7299657355817638,0.12231538444757462,0.5866853594779968,0.0012710582232102752,0.0021077110432088375,0.0019281534478068352,0.0018370823236182332,3.3230564440600574e-05,4.547900243778713e-05,1.2248437997186556e-05,0.004070648457854986,0.004667908418923616,0.0005972599610686302,3.0053761292947456e-05,4.070114664500579e-05,1.0647385352058336e-05,A<0.65,beta<0.8,baseline_strongest_25
683,714_0.64_1.61.png,714,0.64,1.61,480,640,36.53914357346525,0.9949467182159424,37.1041111455429,0.9957142472267151,0.5649675720776486,0.0007675290107727051,12.743877410888672,5.560048580169678,12.032525062561035,0.43629175021873956,0.9441808544297641,0.34251493215560913,0.5980800986289978,7.155272960662842,3.105220079421997,0.4339764669347205,0.3467892110347748,0.6109618544578552,0.00424816133454442,0.005909265018999577,0.006147557869553566,0.0054397606290876865,0.0001762222236720845,0.0001570981548866257,-1.9124068785458803e-05,0.00758416997268796,0.007526217959821224,-5.795201286673546e-05,0.00016665994189679623,0.00014788385306019336,-1.8776088836602867e-05,A<0.65,1.4<=beta<1.7,baseline_strongest_25
684,715_0.63_1.36.png,715,0.63,1.36,480,640,38.172838848277465,0.9958339929580688,38.2951170813655,0.9963905215263367,0.1222782330880321,0.0005565285682678223,10.392779350280762,4.708523273468018,10.448919296264648,0.45305717698517445,1.0054018221778538,0.21457359194755554,0.5822099447250366,5.800477027893066,2.5949714183807373,0.44737207059042877,0.21537353098392487,0.5976760983467102,0.0036796368658542633,0.005119757726788521,0.005244394298642874,0.004703369922935963,0.00011719821486622095,0.0001184677894343622,1.2695745681412518e-06,0.006493951193988323,0.006739872973412275,0.0002459217794239521,0.00010952322918456048,0.00011033780901925638,8.145798346959054e-07,A<0.65,1.1<=beta<1.4,baseline_strongest_25
685,716_0.87_1.54.png,716,0.87,1.54,480,640,31.527475757521373,0.9933051466941833,32.48200706685164,0.9940747022628784,0.9545313093302639,0.0007695555686950684,23.649269104003906,6.685142993927002,21.13966941833496,0.28267863013132966,0.89388256885943,0.49682071805000305,0.6790857911109924,13.533395767211914,3.8075530529022217,0.28134498675690733,0.5032444596290588,0.6803603768348694,0.0059269447810947895,0.008295383304357529,0.008502700366079807,0.007610853761434555,0.0006068663205951452,0.0004849019751418382,-0.00012196434545330703,0.01071889791637659,0.0102631701156497,-0.00045572780072689056,0.0005962005234323442,0.00047456627362407744,-0.00012163424980826676,0.85<=A<0.95,1.4<=beta<1.7,baseline_middle_50
686,717_0.8_0.81.png,717,0.8,0.81,480,640,37.80748754412696,0.995124340057373,37.07928675541167,0.9949091076850891,-0.7282007887152844,-0.00021523237228393555,10.897056579589844,7.081321716308594,12.080042839050293,0.649838024111198,1.1085601649234509,0.148794025182724,0.6018426418304443,6.139338493347168,4.081468105316162,0.6648058434534931,0.14264559745788574,0.6046168208122253,0.0038028587587177753,0.0038257932756096125,0.004053765907883644,0.003844924969598651,0.00012884750321973115,0.00015834139776416123,2.9493894544430077e-05,0.007480003405362368,0.008362465538084507,0.0008824621327221394,0.0001226936001330614,0.0001536496274638921,3.095602733083069e-05,0.75<=A<0.85,0.8<=beta<1.1,baseline_strongest_25
687,718_0.99_0.96.png,718,0.99,0.96,480,640,34.5924791199841,0.9928163886070251,34.44373747698174,0.992772102355957,-0.14874164300236004,-4.4286251068115234e-05,15.803268432617188,10.105024337768555,16.38431167602539,0.6394262288750515,1.0367672830393084,0.2611556947231293,0.6117963194847107,9.130967140197754,5.873971462249756,0.6433022233089035,0.26319947838783264,0.6087594628334045,0.0023438455536961555,0.002831193618476391,0.002952693961560726,0.0026993274223059416,0.00027098882128484547,0.0002912822237703949,2.029340248554945e-05,0.010306117124855518,0.010555286891758442,0.0002491697669029236,0.00027140157180838287,0.0002918120881076902,2.0410516299307346e-05,A>=0.95,0.8<=beta<1.1,baseline_middle_50
688,719_0.73_1.72.png,719,0.73,1.72,480,640,35.17116706595373,0.9919517636299133,35.66847687459027,0.9920847415924072,0.49730980863653684,0.00013297796249389648,14.685403823852539,8.057404518127441,13.740266799926758,0.5486675487289173,0.9356410599761201,0.3878594636917114,0.6494353413581848,8.236187934875488,4.631916046142578,0.5623859099340236,0.3831741511821747,0.6486421823501587,0.0033263000659644604,0.004047102760523558,0.00434168940410018,0.0038651658687740564,0.00023400723875965923,0.00020485560526140034,-2.915163349825889e-05,0.010083678178489208,0.0093517005443573,-0.0007319776341319084,0.000220816393266432,0.00019548751879483461,-2.5328874471597373e-05,0.65<=A<0.75,beta>=1.7,baseline_middle_50
689,71_0.51_0.85.png,71,0.51,0.85,400,400,31.047047108875784,0.9920125007629395,29.78124529449722,0.9912713766098022,-1.2658018143785625,-0.000741124153137207,18.79220199584961,8.857704162597656,21.912681579589844,0.47134998679526446,1.1660518327990204,-0.14586393535137177,0.46667468547821045,8.223210334777832,4.9229607582092285,0.5986665253336528,-0.058856699615716934,0.4237229824066162,0.003053799271583557,-0.008863449096679688,-0.018130918964743614,-0.006356683559715748,0.0007357225986197591,0.0010003449860960245,0.00026462238747626543,0.018508220091462135,0.022024812176823616,0.0035165920853614807,0.0004226324090268463,0.0006038878345862031,0.0001812554255593568,A<0.65,0.8<=beta<1.1,baseline_middle_50
690,720_0.96_1.96.png,720,0.96,1.96,480,640,28.03705150378992,0.9843595027923584,27.330193154139785,0.9834243655204773,-0.7068583496501368,-0.0009351372718811035,34.8265266418457,11.542454719543457,38.33587646484375,0.331427099757765,1.1007665754063858,-0.15364320576190948,0.5989295244216919,20.48777198791504,6.660762310028076,0.3251091584754559,-0.1648264080286026,0.5971910357475281,0.00741350743919611,0.01172413770109415,0.010893362574279308,0.010340550914406776,0.0013160667149350047,0.0015946608036756516,0.00027859408874064684,0.017271125689148903,0.018370412290096283,0.00109928660094738,0.001366369891911745,0.0016572277527302504,0.0002908578608185053,A>=0.95,beta>=1.7,baseline_weakest_25
691,721_0.9_1.42.png,721,0.9,1.42,480,640,32.26692776093168,0.9915790557861328,31.879356492076315,0.9912030696868896,-0.3875712688553641,-0.00037598609924316406,21.171201705932617,12.280778884887695,22.096101760864258,0.5800699958116389,1.043686705543619,0.21307718753814697,0.6469511985778809,12.264103889465332,7.015941619873047,0.5720712807969303,0.20053550601005554,0.632957935333252,-0.0022011392284184694,0.00030643155332654715,0.0014234003610908985,-0.0003159977204632014,0.00048634959966875613,0.0005297717871144414,4.342218744568527e-05,0.01334536075592041,0.014103866182267666,0.0007585054263472557,0.0004896101891063154,0.0005375059554353356,4.789576632902026e-05,0.85<=A<0.95,1.4<=beta<1.7,baseline_middle_50
692,722_0.57_1.91.png,722,0.57,1.91,480,640,32.907278183158525,0.9913800358772278,30.4227835394874,0.9902292490005493,-2.4844946436711233,-0.0011507868766784668,19.38072967529297,14.085186004638672,27.17247200012207,0.7267624202299676,1.4020355505377182,-0.3010062873363495,0.6350432634353638,10.195962905883789,7.807538032531738,0.7657479832558275,-0.282537043094635,0.639380931854248,-0.009804761037230492,-0.005284045822918415,-0.004436935763806105,-0.006539169233292341,0.000407565850764513,0.0008011536556296051,0.00039358780486509204,0.013471611775457859,0.0161866657435894,0.002715053968131542,0.00033840382820926607,0.0006832624785602093,0.0003448586503509432,A<0.65,beta>=1.7,baseline_middle_50
693,723_0.75_0.58.png,723,0.75,0.58,480,640,41.035412980586585,0.996849536895752,40.718702597856606,0.9968084096908569,-0.31671038272997976,-4.112720489501953e-05,7.1550092697143555,5.763830184936523,7.433608055114746,0.8055657187382832,1.038937585529014,0.3535061180591583,0.6371604800224304,4.0317206382751465,3.210970401763916,0.7964268087626318,0.3582459092140198,0.6393555402755737,0.0012188971741124988,0.0014346643583849072,0.0019933015573769808,0.0014338345499709249,5.554921881412156e-05,5.995934407110326e-05,4.410125256981701e-06,0.005095998756587505,0.005534710828214884,0.00043871207162737846,5.291267007123679e-05,5.628121652989648e-05,3.3685464586596936e-06,0.75<=A<0.85,beta<0.8,baseline_strongest_25
694,724_0.53_1.64.png,724,0.53,1.64,480,640,33.55754390384872,0.9926533102989197,30.838604578017904,0.9916197061538696,-2.7189393258308137,-0.0010336041450500488,18.103961944580078,14.631790161132812,26.013063430786133,0.8082092862282692,1.4368713053207596,-0.25451144576072693,0.6513137221336365,9.700716972351074,8.267072677612305,0.8522125427610213,-0.2518680691719055,0.6556183099746704,-0.0087423762306571,-0.005490606185048819,-0.004558570683002472,-0.006356633733958006,0.00035563521669246256,0.0007342442986555398,0.0003786090819630772,0.013146382756531239,0.015812372788786888,0.0026659900322556496,0.0003063278563786298,0.0006603070069104433,0.0003539791505318135,A<0.65,1.4<=beta<1.7,baseline_middle_50
695,725_0.52_1.2.png,725,0.52,1.2,480,640,36.82624463942174,0.9889149069786072,37.27509699514252,0.9895174503326416,0.4488523557207813,0.0006025433540344238,11.317671775817871,8.226865768432617,10.741201400756836,0.7269044315289929,0.9490645791396105,0.43173927068710327,0.6700011491775513,6.401847839355469,4.754595756530762,0.7426911535294237,0.446361243724823,0.679909884929657,-0.00491654546931386,-0.004029406700283289,-0.003507813671603799,-0.004235199652612209,0.0001389862154610455,0.0001251881622010842,-1.3798053259961307e-05,0.00725818844512105,0.007570866961032152,0.0003126785159111023,0.00013341032899916172,0.00011854484910145402,-1.48654798977077e-05,A<0.65,1.1<=beta<1.4,baseline_strongest_25
696,726_0.61_1.15.png,726,0.61,1.15,480,640,35.93978070279388,0.9871972799301147,37.10512314797412,0.9878062605857849,1.1653424451802366,0.000608980655670166,12.840104103088379,7.589022636413574,10.962433815002441,0.5910405846778312,0.853765181885534,0.5248488783836365,0.6858559846878052,7.425271511077881,4.380651950836182,0.5899652213795303,0.5331157445907593,0.6849591135978699,7.115813787095249e-05,0.0001872289285529405,0.0005883158301003277,0.00019824768241960555,0.00017889353330247104,0.00013039818441029638,-4.849534889217466e-05,0.008094288408756256,0.007408678997308016,-0.0006856094114482403,0.00017947480955626816,0.00012904587492812425,-5.0428934628143907e-05,A<0.65,1.1<=beta<1.4,baseline_middle_50
697,727_0.64_0.73.png,727,0.64,0.73,480,640,37.89144650057253,0.9911388754844666,39.08323083147651,0.9913289546966553,1.1917843309039853,0.0001900792121887207,10.34557056427002,6.628902912139893,8.6956148147583,0.6407479288801918,0.8405157319007529,0.5494292974472046,0.7297954559326172,6.004971504211426,3.813368320465088,0.6350352067100875,0.5501713156700134,0.7325646281242371,0.0015295747434720397,0.001543539809063077,0.0013892067363485694,0.0015217701438814402,0.00011613589595071971,8.204614277929068e-05,-3.408975317142904e-05,0.0067563229240477085,0.006152127869427204,-0.0006041950546205044,0.0001173817872768268,8.269704994745553e-05,-3.4684737329371274e-05,A<0.65,beta<0.8,baseline_strongest_25
698,728_0.75_1.78.png,728,0.75,1.78,480,640,32.24618756117698,0.9740172028541565,32.96251079901068,0.9736055731773376,0.7163232378336986,-0.00041162967681884766,19.89008140563965,13.158940315246582,18.06305503845215,0.6615830295956198,0.9081438466777987,0.4632575809955597,0.6629893779754639,11.483189582824707,7.548125267028809,0.6573195724573305,0.45834508538246155,0.6631132960319519,-0.0006653008749708533,-0.0005422992398962379,4.264215647253877e-07,-0.0005172060336917639,0.000429270148742944,0.0003540299367159605,-7.52402120269835e-05,0.013058120384812355,0.012224750593304634,-0.000833369791507721,0.00042924360604956746,0.0003560621407814324,-7.318146526813507e-05,0.75<=A<0.85,beta>=1.7,baseline_middle_50
699,729_0.93_1.82.png,729,0.93,1.82,480,640,30.045535086738152,0.9791449904441833,30.07352046420612,0.9779756665229797,0.027985377467967254,-0.0011693239212036133,28.555063247680664,18.704204559326172,28.052587509155273,0.6550223474236356,0.9824032699851855,0.3541390895843506,0.634893000125885,16.366348266601562,10.692131042480469,0.6532997384822649,0.35968637466430664,0.6324467062950134,0.006302785128355026,0.00775048416107893,0.009034033864736557,0.007463947404175997,0.0008847565623000264,0.000853892823215574,-3.086373908445239e-05,0.021955393254756927,0.01954812929034233,-0.0024072639644145966,0.0008719315519556403,0.0008342943619936705,-3.763718996196985e-05,0.85<=A<0.95,beta>=1.7,baseline_middle_50
700,72_0.99_1.92.png,72,0.99,1.92,400,400,24.820148895023706,0.9573212265968323,26.170443047984527,0.9632153511047363,1.3502941529608208,0.005894124507904053,39.158485412597656,12.288856506347656,33.413089752197266,0.31382359089900386,0.8532783993082622,0.5901423692703247,0.7949501276016235,21.9025936126709,6.995065689086914,0.3193715690839549,0.6596750617027283,0.8074036836624146,0.03967524319887161,0.021049799397587776,0.00795434508472681,0.02512592449784279,0.0031945565715432167,0.0023259057197719812,-0.0008686508517712355,0.037854328751564026,0.030828434973955154,-0.0070258937776088715,0.0029982724227011204,0.0020407300908118486,-0.0009575423318892717,A>=0.95,beta>=1.7,baseline_weakest_25
701,730_0.73_1.15.png,730,0.73,1.15,480,640,33.62304807160787,0.9900038242340088,33.462409068141106,0.9903377294540405,-0.16063900346676263,0.0003339052200317383,19.051513671875,9.224377632141113,19.45025634765625,0.48418082631191134,1.0209297110271032,0.19841104745864868,0.6142339706420898,10.939356803894043,5.264825820922852,0.4812738002154524,0.19951027631759644,0.6136453747749329,0.010322873480618,0.009362731128931046,0.009535533376038074,0.009669513441622257,0.0003938370500691235,0.00041049535502679646,1.6658304957672954e-05,0.015133252367377281,0.014862006530165672,-0.0002712458372116089,0.0003895492700394243,0.0004049701092299074,1.5420839190483093e-05,0.65<=A<0.75,1.1<=beta<1.4,baseline_middle_50
702,731_0.77_1.95.png,731,0.77,1.95,480,640,31.223634491649545,0.9817326068878174,32.18620461060644,0.983635663986206,0.9625701189568936,0.0019030570983886719,24.97334861755371,13.784303665161133,21.949190139770508,0.5519605670932002,0.8789045664602011,0.4820880591869354,0.6728830337524414,14.31053638458252,7.851301670074463,0.548637832927987,0.48205292224884033,0.6704502105712891,0.00967402197420597,0.009252049028873444,0.009987610392272472,0.00946207344532013,0.0006767232553102076,0.0005227506044320762,-0.0001539726508781314,0.020038118585944176,0.016764510422945023,-0.003273608162999153,0.0006666389526799321,0.0005146842449903488,-0.0001519547076895833,0.75<=A<0.85,beta>=1.7,baseline_middle_50
703,732_0.9_0.79.png,732,0.9,0.79,480,640,33.56135147749831,0.9914478063583374,33.27797085347747,0.9910733103752136,-0.2833806240208432,-0.0003744959831237793,19.213165283203125,10.375283241271973,19.841413497924805,0.5400090556834192,1.0326988398559669,0.208462193608284,0.598362147808075,11.059467315673828,5.958815574645996,0.5387977019653536,0.2102011740207672,0.5948159098625183,0.0059029594995081425,0.005940825678408146,0.006329163908958435,0.005973774939775467,0.0004005487426184118,0.0004271719662938267,2.662322367541492e-05,0.014493917115032673,0.014540388248860836,4.647113382816315e-05,0.0003981504705734551,0.0004235489177517593,2.5398447178304195e-05,0.85<=A<0.95,beta<0.8,baseline_middle_50
704,733_0.65_1.63.png,733,0.65,1.63,480,640,31.00588205696898,0.9929994940757751,34.10183646211016,0.9939422011375427,3.0959544051411783,0.0009427070617675781,25.963397979736328,12.128399848937988,17.8094482421875,0.46713453525628074,0.6859444305436158,0.8002994060516357,0.6943279504776001,14.957109451293945,6.9713215827941895,0.4660874887287194,0.8242277503013611,0.7025301456451416,0.010594652965664864,0.014394006691873074,0.014727704226970673,0.013296040706336498,0.0007314432295970619,0.00034415849950164557,-0.0003872847300954163,0.019622810184955597,0.014520051889121532,-0.0051027582958340645,0.0007282393635250628,0.0003269161388743669,-0.0004013232246506959,0.65<=A<0.75,1.4<=beta<1.7,baseline_middle_50
705,734_0.89_1.57.png,734,0.89,1.57,480,640,30.06304462317751,0.9910674691200256,31.726593209810858,0.9925624132156372,1.6635485866333468,0.0014949440956115723,28.901247024536133,9.891703605651855,23.84279441833496,0.3422587128248878,0.8249745901307745,0.6377602219581604,0.7416616082191467,16.666027069091797,5.716535568237305,0.3430052972156143,0.6450984477996826,0.7479561567306519,0.010558562353253365,0.01395871676504612,0.014414510689675808,0.012994030490517616,0.0009063390898518264,0.0006168390391394496,-0.00028950005071237683,0.020076455548405647,0.016611453145742416,-0.003465002402663231,0.000904155196622014,0.0006104026106186211,-0.00029375258600339293,0.85<=A<0.95,1.4<=beta<1.7,baseline_middle_50
706,735_0.79_1.19.png,735,0.79,1.19,480,640,33.17317038554136,0.9945996999740601,34.64154113028003,0.9951363205909729,1.468370744738671,0.0005366206169128418,20.067529678344727,7.081155300140381,16.905033111572266,0.35286631756084047,0.8424072809427473,0.5878493189811707,0.6715456247329712,11.517928123474121,4.055711269378662,0.3521215991192823,0.6155731678009033,0.6807228922843933,0.009295028634369373,0.012192387133836746,0.012590925209224224,0.011371511034667492,0.00043696368811652064,0.00031009133090265095,-0.0001268723572138697,0.014355765655636787,0.012608255259692669,-0.0017475103959441185,0.00043184461537748575,0.0002981784928124398,-0.00013366612256504595,0.75<=A<0.85,1.1<=beta<1.4,baseline_middle_50
707,736_0.92_0.9.png,736,0.92,0.9,480,640,33.54247177333724,0.9948019981384277,34.12910969486417,0.995533287525177,0.5866379215269291,0.0007312893867492676,19.27892303466797,7.4345903396606445,18.12441062927246,0.38563307329416324,0.9401153060614731,0.3434561789035797,0.6272256970405579,11.128742218017578,4.275247097015381,0.38416264958439783,0.34858882427215576,0.6285184025764465,0.008346561342477798,0.01032526046037674,0.010546024888753891,0.00975879654288292,0.0004032952419947833,0.000356439093593508,-4.685614840127528e-05,0.014282121323049068,0.013149885460734367,-0.001132235862314701,0.00040315400110557675,0.0003546752850525081,-4.847871605306864e-05,0.85<=A<0.95,0.8<=beta<1.1,baseline_middle_50
708,737_0.97_1.23.png,737,0.97,1.23,480,640,28.574566713752727,0.966023862361908,26.327449820757707,0.9603023529052734,-2.2471168929950203,-0.0057215094566345215,33.911460876464844,20.88861656188965,44.415889739990234,0.6159751311801114,1.3097604347330154,-0.2727763056755066,0.4274476170539856,19.33810043334961,11.934436798095703,0.617146282760747,-0.27887439727783203,0.41327711939811707,0.023966075852513313,0.024166425690054893,0.024131273850798607,0.02410251274704933,0.0012478159042075276,0.0021405937150120735,0.0008927778108045459,0.025844093412160873,0.03292957320809364,0.00708547979593277,0.0012173247523605824,0.002099985023960471,0.0008826602715998888,A>=0.95,1.1<=beta<1.4,baseline_weakest_25
709,738_0.8_0.91.png,738,0.8,0.91,480,640,32.16809334676365,0.9811915755271912,29.625213559328316,0.9785292148590088,-2.542879787435332,-0.002662360668182373,22.349037170410156,16.30617904663086,30.40169906616211,0.7296143866197526,1.3603135935723252,-0.21800270676612854,0.433149516582489,12.742815971374512,9.286169052124023,0.7287375940282347,-0.2316078394651413,0.4203130602836609,0.01840985380113125,0.01850518025457859,0.018035132437944412,0.018423089757561684,0.0005419699591584504,0.0010028899414464831,0.00046091998228803277,0.017146896570920944,0.022111738100647926,0.004964841529726982,0.0005285786464810371,0.0009877132251858711,0.000459134578704834,0.75<=A<0.85,0.8<=beta<1.1,baseline_middle_50
710,739_0.58_1.14.png,739,0.58,1.14,480,640,33.46357201012794,0.984428882598877,31.71938172058697,0.983177661895752,-1.7441902895409704,-0.001251220703125,19.19021224975586,12.849205017089844,23.764747619628906,0.6695707608577031,1.2383785708222819,-0.06366494297981262,0.5208984613418579,10.883620262145996,7.212683200836182,0.6627099280487032,-0.07892991602420807,0.5130829215049744,0.01620223931968212,0.015835922211408615,0.01583855040371418,0.01594574935734272,0.0003995923325419426,0.0006128073437139392,0.0002132150111719966,0.01504182443022728,0.018472805619239807,0.0034309811890125275,0.00038558983942493796,0.0005952735082246363,0.00020968366879969835,A<0.65,1.1<=beta<1.4,baseline_middle_50
711,73_0.54_1.5.png,73,0.54,1.5,400,400,22.810307361896985,0.9834454655647278,22.28707222528193,0.9824471473693848,-0.5232351366150567,-0.0009983181953430176,49.56041717529297,6.8000712394714355,52.72846221923828,0.1372077078249743,1.0639228889607624,-0.4121702313423157,0.27607783675193787,28.516294479370117,3.2875776290893555,0.11528768688609689,-0.3763640224933624,0.26220768690109253,0.06426656991243362,0.07007947564125061,0.0738762691617012,0.0687742531299591,0.0051171560771763325,0.005792271811515093,0.0006751157343387604,0.06511940807104111,0.0696757510304451,0.004556342959403992,0.005082368850708008,0.005590969230979681,0.0005086003802716732,A<0.65,1.4<=beta<1.7,baseline_weakest_25
712,740_0.81_0.75.png,740,0.81,0.75,480,640,33.334879743535126,0.984392523765564,30.941430358163302,0.9825892448425293,-2.3934493853718237,-0.001803278923034668,19.46863555908203,15.176593780517578,26.0236759185791,0.7795406994219358,1.3366974711506772,-0.11486009508371353,0.4561590254306793,11.120260238647461,8.635674476623535,0.776571257443331,-0.1276564598083496,0.44299012422561646,0.015425278805196285,0.015544623136520386,0.01489067729562521,0.015434389933943748,0.0004112715250812471,0.0007348434301093221,0.000323571905028075,0.015127587132155895,0.019380556419491768,0.004252969287335873,0.000402539677452296,0.0007251074421219528,0.00032256776466965675,0.75<=A<0.85,beta<0.8,baseline_middle_50
713,741_0.56_1.58.png,741,0.56,1.58,480,640,38.035290758550985,0.9953651428222656,37.73383360916697,0.9949726462364197,-0.3014571493840137,-0.00039249658584594727,10.672085762023926,5.582123279571533,10.76332950592041,0.523058322810264,1.008549757369939,0.24511350691318512,0.6338779330253601,5.90699577331543,3.114569902420044,0.5272680093136285,0.25800204277038574,0.6466009616851807,0.0007604261627420783,-0.0002498370595276356,0.0005651061655953526,0.00014513512724079192,0.00012358225649222732,0.00012570450780913234,2.1222513169050217e-06,0.007240558508783579,0.0073241544887423515,8.359597995877266e-05,0.00011358268966432661,0.0001142572655226104,6.74575858283788e-07,A<0.65,1.4<=beta<1.7,baseline_strongest_25
714,742_0.81_1.63.png,742,0.81,1.63,480,640,29.30934467470465,0.9908667802810669,28.60378022560065,0.9902201294898987,-0.7055644491039992,-0.0006466507911682129,31.979223251342773,9.985738754272461,34.66104507446289,0.3122570762832137,1.0838613809360587,-0.12369770556688309,0.5772854089736938,18.42780876159668,5.671084880828857,0.307746024185324,-0.12818405032157898,0.5745434165000916,0.010962840169668198,0.009767189621925354,0.010220358148217201,0.010176349431276321,0.0011096688685938716,0.0013035893207415938,0.00019392045214772224,0.024688905104994774,0.02486971579492092,0.00018081068992614746,0.0011054170317947865,0.0012973217526450753,0.00019190472085028887,0.75<=A<0.85,1.4<=beta<1.7,baseline_middle_50
715,743_0.95_1.15.png,743,0.95,1.15,480,640,28.472875314539408,0.9907393455505371,28.276458782703923,0.9906889200210571,-0.19641653183548513,-5.042552947998047e-05,35.20883560180664,11.491730690002441,36.0115852355957,0.3263876948379621,1.0227996643475443,0.09254315495491028,0.6411847472190857,20.261199951171875,6.55684757232666,0.3236159550336713,0.0961015373468399,0.6390423774719238,0.005146542564034462,0.005123632028698921,0.005683741066604853,0.0051943352445960045,0.0013451195554807782,0.001407155185006559,6.203562952578068e-05,0.027075110003352165,0.02523021399974823,-0.0018448960036039352,0.001336315763182938,0.0013931457651779056,5.683000199496746e-05,A>=0.95,1.1<=beta<1.4,baseline_weakest_25
716,744_0.73_1.83.png,744,0.73,1.83,480,640,29.493700239460328,0.9910560250282288,29.513183074843084,0.9907805919647217,0.019482835382756747,-0.0002754330635070801,31.288583755493164,7.403507232666016,31.055133819580078,0.23662008132171283,0.9925388142289406,0.14972461760044098,0.6178230047225952,18.003236770629883,4.135091304779053,0.2296859924391461,0.15170918405056,0.6116637587547302,0.011801214888691902,0.01009360607713461,0.010585566982626915,0.01066026370972395,0.0010622564004734159,0.001046464079990983,-1.5792320482432842e-05,0.023739412426948547,0.022508228197693825,-0.0012311842292547226,0.001055066823028028,0.0010371989337727427,-1.7867889255285263e-05,0.65<=A<0.75,beta>=1.7,baseline_middle_50
717,745_0.58_1.34.png,745,0.58,1.34,480,640,35.062806125144114,0.9922431111335754,36.06247379987538,0.9929507374763489,0.9996676747312634,0.0007076263427734375,15.604981422424316,8.732958793640137,13.813993453979492,0.5596263498968924,0.885229727613057,0.47312819957733154,0.6627236008644104,8.853367805480957,4.946918964385986,0.558761261598489,0.48060867190361023,0.6598628759384155,-0.006096044089645147,-0.00594701711088419,-0.005870772525668144,-0.005982884205877781,0.000264231173787266,0.00020705991482827812,-5.717125895898789e-05,0.012406857684254646,0.010608798824250698,-0.0017980588600039482,0.0002551501675043255,0.00019777280976995826,-5.737735773436725e-05,A<0.65,1.1<=beta<1.4,baseline_middle_50
718,746_0.99_1.16.png,746,0.99,1.16,480,640,28.80566305685942,0.9853720664978027,29.427334259817872,0.9859287738800049,0.6216712029584528,0.0005567073822021484,33.57256317138672,14.099648475646973,31.231225967407227,0.41997533532571757,0.9302603976935854,0.3702537417411804,0.6631247401237488,19.32222557067871,8.063456535339355,0.41731510202300776,0.3745638132095337,0.6613702774047852,-0.007963369600474834,-0.007219446823000908,-0.006653109099715948,-0.007377317175269127,0.001223000232130289,0.0010583654511719942,-0.00016463478095829487,0.026281848549842834,0.02412707358598709,-0.0021547749638557434,0.0012153269490227103,0.0010470401030033827,-0.00016828684601932764,A>=0.95,1.1<=beta<1.4,baseline_weakest_25
719,747_0.72_0.64.png,747,0.72,0.64,480,640,34.440298665941306,0.9936156868934631,36.786217270723334,0.9944636821746826,2.345918604782028,0.0008479952812194824,17.195674896240234,9.615619659423828,12.922216415405273,0.5591882678315956,0.7514806190148817,0.6687983274459839,0.7689859867095947,9.81509780883789,5.508793354034424,0.5612571022037187,0.6767442226409912,0.7694026827812195,-0.0016511792782694101,-0.0012637008912861347,-0.0016920894850045443,-0.001428393297828734,0.0003208455163985491,0.0001811888796510175,-0.0001396566367475316,0.013472308404743671,0.009830432943999767,-0.003641875460743904,0.0003135942097287625,0.0001741559390211478,-0.00013943827070761472,0.65<=A<0.75,beta<0.8,baseline_middle_50
720,748_0.73_1.16.png,748,0.73,1.16,480,640,32.40504474539191,0.9905256032943726,33.99504587568908,0.9915532469749451,1.5900011302971677,0.0010276436805725098,21.88189125061035,11.347445487976074,18.00920295715332,0.5185769985791132,0.8230185750809355,0.5703709721565247,0.6926017999649048,12.556520462036133,6.505392551422119,0.5180887946697315,0.5810168385505676,0.6930434107780457,-0.004574458114802837,-0.004166227299720049,-0.00415375828742981,-0.0042868671007454395,0.0005195498815737665,0.000351922120898962,-0.00016762776067480445,0.016928313300013542,0.013990472070872784,-0.0029378412291407585,0.0005132363294251263,0.0003420100547373295,-0.00017122627468779683,0.65<=A<0.75,1.1<=beta<1.4,baseline_middle_50
721,749_0.73_1.08.png,749,0.73,1.08,480,640,34.2236507833678,0.993537962436676,34.040249205230594,0.9932569265365601,-0.18340157813720737,-0.0002810359001159668,17.360506057739258,7.970513343811035,17.58800506591797,0.45911756934399994,1.0131043995734959,0.20082929730415344,0.6368586421012878,9.972790718078613,4.517929553985596,0.45302560554043525,0.2002481371164322,0.6503863334655762,0.004726833198219538,0.003518854035064578,0.0016488662222400308,0.003666861215606332,0.0003270260349381715,0.00033565310877747834,8.627073839306831e-06,0.011064819991588593,0.01115184836089611,8.7028369307518e-05,0.0003237518249079585,0.00033145619090646505,7.704365998506546e-06,0.65<=A<0.75,0.8<=beta<1.1,baseline_middle_50
722,74_0.62_1.6.png,74,0.62,1.6,400,400,23.896415225114826,0.985323965549469,23.460894147508213,0.9842294454574585,-0.4355210776066123,-0.001094520092010498,43.705650329589844,5.718733787536621,45.9206657409668,0.13084655518018667,1.0506802986495622,-0.33171820640563965,0.35780176520347595,25.746397018432617,3.1495203971862793,0.12232858814891433,-0.3308015465736389,0.37509584426879883,0.060934312641620636,0.05791748687624931,0.05065345764160156,0.05799141526222229,0.003979549743235111,0.004393140785396099,0.00041359104216098785,0.05598098039627075,0.05817494913935661,0.002193968743085861,0.0041429814882576466,0.004540281370282173,0.0003972998820245266,A<0.65,1.4<=beta<1.7,baseline_weakest_25
723,750_0.6_1.27.png,750,0.6,1.27,480,640,36.830526386182555,0.9945990443229675,36.95659986113372,0.9944781064987183,0.12607347495116272,-0.00012093782424926758,12.188069343566895,6.747988700866699,11.70542049407959,0.5536552599635824,0.9603998930526223,0.34693625569343567,0.6310652494430542,7.001795768737793,3.865861654281616,0.5521243095295982,0.36992910504341125,0.6417385339736938,0.004130834713578224,0.002634036587551236,0.0006870772340334952,0.0028596259653568268,0.00016118603525683284,0.00014867282880004495,-1.2513206456787884e-05,0.008615177124738693,0.008405668660998344,-0.00020950846374034882,0.0001595870708115399,0.00014304548676591367,-1.6541584045626223e-05,A<0.65,1.1<=beta<1.4,baseline_strongest_25
724,751_0.54_1.86.png,751,0.54,1.86,480,640,34.2521269425681,0.992058277130127,34.47385482541355,0.9921994805335999,0.22172788284544964,0.0001412034034729004,16.424949645996094,10.872920989990234,15.746628761291504,0.6619759100838841,0.9587017982201277,0.392085999250412,0.5941974520683289,9.2908935546875,6.289632797241211,0.6769674800620147,0.41858789324760437,0.613296389579773,0.0019002016633749008,0.00031834037508815527,-0.0018763963598757982,0.0005411169258877635,0.00029272891697473824,0.0002690498367883265,-2.367908018641174e-05,0.011766184121370316,0.011964132077991962,0.00019794795662164688,0.0002809918951243162,0.0002505166921764612,-3.0475202947854996e-05,A<0.65,beta>=1.7,baseline_middle_50
725,752_0.51_1.28.png,752,0.51,1.28,480,640,36.259696927174964,0.9952430725097656,36.062807669020195,0.994986891746521,-0.1968892581547692,-0.0002561807632446289,13.185714721679688,7.452613353729248,13.373430252075195,0.565203594271292,1.014236280274354,0.2572345733642578,0.5518473386764526,7.37347936630249,4.276694297790527,0.5800103431950229,0.27041926980018616,0.5608831644058228,0.0014779808698222041,-9.33254777919501e-05,-0.0021495886612683535,0.0001420811313437298,0.0001886535028461367,0.00019406320643611252,5.409703589975834e-06,0.009885378181934357,0.010535231791436672,0.0006498536095023155,0.00017697982548270375,0.0001810008252505213,4.020999767817557e-06,A<0.65,1.1<=beta<1.4,baseline_strongest_25
726,753_0.9_1.18.png,753,0.9,1.18,480,640,33.49699264729082,0.9913385510444641,34.05534035920666,0.9912384748458862,0.5583477119158431,-0.00010007619857788086,18.67744255065918,9.058206558227539,17.38540267944336,0.4849810959749331,0.9308235124958143,0.3801945447921753,0.6623159646987915,10.63988971710205,5.154922962188721,0.4844902625168138,0.3740392029285431,0.6600000858306885,-0.004347573965787888,-0.005230766721069813,-0.005434120539575815,-0.004989874083548784,0.000378523109247908,0.0003279646625742316,-5.055844667367637e-05,0.013210562989115715,0.012233219109475613,-0.0009773438796401024,0.00036851316690444946,0.0003214518364984542,-4.706133040599525e-05,0.85<=A<0.95,1.1<=beta<1.4,baseline_middle_50
727,754_0.73_1.45.png,754,0.73,1.45,480,640,34.25075671388572,0.9916133880615234,36.09880330523526,0.9932805895805359,1.8480465913495365,0.0016672015190124512,17.051240921020508,8.695615768432617,13.53333854675293,0.5099696736859073,0.793686430766997,0.6178122162818909,0.6845664381980896,9.654071807861328,4.885865688323975,0.5060937794501803,0.6262695789337158,0.6826061010360718,-0.004228019621223211,-0.005389333236962557,-0.005700272042304277,-0.005077548325061798,0.00031547833350487053,0.00019873182463925332,-0.00011674650886561722,0.011459549888968468,0.01000177301466465,-0.0014577768743038177,0.0003033890388906002,0.00018877735419664532,-0.00011461168469395489,0.65<=A<0.75,1.4<=beta<1.7,baseline_middle_50
728,755_0.58_0.84.png,755,0.58,0.84,480,640,39.98069433289921,0.996398389339447,39.84841676876493,0.9962724447250366,-0.13227756413428438,-0.0001259446144104004,8.278564453125,5.805456638336182,8.526885032653809,0.7012636878299272,1.0299956086510955,0.307216614484787,0.628274142742157,4.495625972747803,3.230109453201294,0.7185004875365546,0.29876458644866943,0.6006686091423035,-0.0027220090851187706,-0.0034429391380399466,-0.0040773130021989346,-0.003299699630588293,7.436482701450586e-05,7.889298285590485e-05,4.528155841398984e-06,0.005450543016195297,0.006056980229914188,0.0006064372137188911,6.578988541150466e-05,7.15082060196437e-05,5.718320608139038e-06,A<0.65,0.8<=beta<1.1,baseline_strongest_25
729,756_0.75_1.06.png,756,0.75,1.06,480,640,35.32387769264914,0.9935095310211182,36.66267950203158,0.9938374161720276,1.3388018093824385,0.00032788515090942383,15.095352172851562,7.375488758087158,12.83705997467041,0.48859335467189063,0.8503981773778946,0.5275823473930359,0.6680873036384583,8.558016777038574,4.15290641784668,0.4852650475036526,0.5339697003364563,0.6705663204193115,-0.0032882108353078365,-0.004013196565210819,-0.004455015528947115,-0.0038467932026833296,0.0002472544147167355,0.0001788087101886049,-6.844570452813059e-05,0.009783890098333359,0.009023742750287056,-0.0007601473480463028,0.0002384103136137128,0.00017099942488130182,-6.741088873241097e-05,0.75<=A<0.85,0.8<=beta<1.1,baseline_middle_50
730,757_0.64_1.31.png,757,0.64,1.31,480,640,34.0748516551005,0.9919937252998352,31.920657279814026,0.9912011027336121,-2.154194375286476,-0.0007926225662231445,17.47469711303711,10.761430740356445,22.992767333984375,0.6158293142790905,1.3157748706746095,-0.28580790758132935,0.28539758920669556,9.778421401977539,6.128074645996094,0.6266936547403023,-0.3252843916416168,0.2608272135257721,-0.019502567127346992,-0.019638579338788986,-0.018822602927684784,-0.019504891708493233,0.00033134230761788785,0.0005736408056691289,0.00024229849805124104,0.013897828757762909,0.019957702606916428,0.006059873849153519,0.00031125498935580254,0.0005603997269645333,0.0002491447376087308,A<0.65,1.1<=beta<1.4,baseline_middle_50
731,758_0.61_0.98.png,758,0.61,0.98,480,640,35.595537379090764,0.9940863847732544,33.05171851568308,0.99314945936203,-2.5438188634076866,-0.0009369254112243652,14.761414527893066,9.80107593536377,20.27543067932129,0.6639659035957377,1.373542531510715,-0.33568617701530457,0.2762239873409271,8.309175491333008,5.563909530639648,0.6696103044692167,-0.37887078523635864,0.25467032194137573,-0.018243959173560143,-0.018047714605927467,-0.017261598259210587,-0.018016774207353592,0.00023643593885935843,0.00044606454321183264,0.0002096286043524742,0.012600990943610668,0.018190937116742134,0.005589946173131466,0.0002247473894385621,0.0004395541036501527,0.0002148067142115906,A<0.65,0.8<=beta<1.1,baseline_middle_50
732,759_0.96_0.76.png,759,0.96,0.76,480,640,31.724574590423046,0.9908552169799805,31.324720309447574,0.9904789328575134,-0.3998542809754717,-0.000376284122467041,22.993127822875977,10.185364723205566,24.26447105407715,0.4429743009157761,1.055292313468388,0.09321573376655579,0.4721158742904663,13.012596130371094,5.831034183502197,0.4481069054231769,0.0788455605506897,0.4690653085708618,-0.01351883914321661,-0.015564286150038242,-0.015939287841320038,-0.014995448291301727,0.0005736587336286902,0.00063885044073686,6.51917071081698e-05,0.014871040359139442,0.01726163737475872,0.002390597015619278,0.0005511968629434705,0.0006229280843399465,7.173122139647603e-05,A>=0.95,beta<0.8,baseline_middle_50
733,75_0.99_0.83.png,75,0.99,0.83,400,400,26.492953326372458,0.9897972345352173,27.312535397042023,0.9905247688293457,0.8195820706695649,0.000727534294128418,32.322757720947266,6.586470127105713,29.319950103759766,0.20377191154197988,0.9070992752811594,0.5366149544715881,0.723222017288208,18.821063995361328,3.726372241973877,0.19798945707279275,0.6492937207221985,0.8008876442909241,0.02994127944111824,0.031190264970064163,0.03211419656872749,0.030922148376703262,0.0021765849087387323,0.0017909571761265397,-0.00038562773261219263,0.04066203534603119,0.037414513528347015,-0.0032475218176841736,0.00221395306289196,0.0017315177246928215,-0.00048243533819913864,A>=0.95,0.8<=beta<1.1,baseline_weakest_25
734,760_0.85_1.01.png,760,0.85,1.01,480,640,32.231524818357656,0.9907435774803162,31.593414548787145,0.9903908371925354,-0.638110269570511,-0.0003527402877807617,21.630863189697266,8.154572486877441,23.56106948852539,0.37698784442229044,1.0892339007417642,-0.05876924470067024,0.38323694467544556,12.19714641571045,4.591231822967529,0.37641852171699974,-0.08455529808998108,0.3771146833896637,-0.015264409594237804,-0.016659431159496307,-0.016778957098722458,-0.016255946829915047,0.0005076977540738881,0.0006023480673320591,9.465031325817108e-05,0.015083282254636288,0.018050484359264374,0.002967202104628086,0.00048427857109345496,0.0005837238859385252,9.944531484507024e-05,0.85<=A<0.95,0.8<=beta<1.1,baseline_middle_50
735,761_0.56_1.17.png,761,0.56,1.17,480,640,40.12004354320244,0.9908419847488403,39.26411158173367,0.9907932281494141,-0.8559319614687695,-4.875659942626953e-05,7.4269022941589355,5.611901760101318,8.637896537780762,0.7556180945742255,1.1630550929119186,0.14442594349384308,0.5034651756286621,4.218414306640625,3.1631827354431152,0.7498511301897576,0.13358871638774872,0.5059068202972412,-0.0057367184199392796,-0.004249644465744495,-0.0037447477225214243,-0.004636720754206181,5.985121242702007e-05,8.09605626272969e-05,2.1109350200276822e-05,0.004620952531695366,0.005815946962684393,0.001194994430989027,5.792650335934013e-05,7.889202970545739e-05,2.0965526346117258e-05,A<0.65,1.1<=beta<1.4,baseline_strongest_25
736,762_0.57_1.33.png,762,0.57,1.33,480,640,39.37387351409052,0.9899692535400391,39.14228941178658,0.98968106508255,-0.2315841023039411,-0.00028818845748901367,8.124403953552246,5.396270275115967,8.503120422363281,0.6642050673460848,1.046614677332169,0.2602856159210205,0.5920234322547913,4.6066508293151855,3.015109062194824,0.654512176830872,0.2448965609073639,0.5925450921058655,-0.004594809375703335,-0.0034484833013266325,-0.002919126534834504,-0.0037308880127966404,7.162102701840922e-05,7.84538424341008e-05,6.832815415691584e-06,0.005023947451263666,0.005476759281009436,0.0004528118297457695,6.907953502377495e-05,7.652703789062798e-05,7.4475028668530285e-06,A<0.65,1.1<=beta<1.4,baseline_strongest_25
737,763_0.82_1.68.png,763,0.82,1.68,480,640,34.623523152078086,0.982764482498169,34.88056555124699,0.980962336063385,0.2570423991689026,-0.0018021464347839355,15.203868865966797,9.444231986999512,14.27454662322998,0.621172944219482,0.9388759367152223,0.4059801995754242,0.6824001669883728,8.657861709594727,5.4070539474487305,0.6245253307126147,0.40509849786758423,0.6810657978057861,-0.004211354535073042,-0.00311768869869411,-0.002675479045137763,-0.003394282655790448,0.0002508221077732742,0.00022109666315373033,-2.972544461954385e-05,0.008814701810479164,0.00799620896577835,-0.0008184928447008133,0.00024400577240157872,0.00021571169781964272,-2.8294074581936002e-05,0.75<=A<0.85,1.4<=beta<1.7,baseline_middle_50
738,764_0.9_1.49.png,764,0.9,1.49,480,640,34.88806921175418,0.9828788638114929,34.46428780579456,0.981103241443634,-0.4237814059596161,-0.0017756223678588867,14.533845901489258,8.629633903503418,15.179550170898438,0.5937612082854927,1.0444276259557022,0.22039435803890228,0.6162206530570984,8.266517639160156,4.927298545837402,0.5960549243245787,0.21997486054897308,0.617951512336731,-0.0038816016167402267,-0.002827224088832736,-0.0023646922782063484,-0.003089754143729806,0.00022920212359167635,0.0002500203554518521,2.081823186017573e-05,0.008215004578232765,0.008504929021000862,0.0002899244427680969,0.00022244568390306085,0.00024314364418387413,2.0697960280813277e-05,0.85<=A<0.95,1.4<=beta<1.7,baseline_middle_50
739,765_0.56_1.92.png,765,0.56,1.92,480,640,32.98539186097768,0.9866321682929993,30.81400236054312,0.9837197661399841,-2.1713895004345574,-0.0029124021530151367,19.724048614501953,11.341137886047363,25.816089630126953,0.5749903636776112,1.308863617946362,-0.33262309432029724,0.37587791681289673,10.903533935546875,6.3800883293151855,0.5851394939502417,-0.3833697736263275,0.311335951089859,-0.02275712788105011,-0.01618598960340023,-0.011549984104931355,-0.01762225478887558,0.0004221333365421742,0.0007231667404994369,0.00030103340395726264,0.014478540048003197,0.019594836980104446,0.00511629693210125,0.0003870021319016814,0.000693135429173708,0.00030613329727202654,A<0.65,beta>=1.7,baseline_middle_50
740,766_0.58_1.2.png,766,0.58,1.2,480,640,37.91117866162313,0.9931643009185791,36.354719330645665,0.9925501346588135,-1.556459330977468,-0.000614166259765625,10.758432388305664,7.226049900054932,13.10427188873291,0.6716638297517763,1.2180465904100635,-0.024197518825531006,0.47546955943107605,5.952690601348877,3.9659008979797363,0.6662366925438834,-0.025738470256328583,0.40811440348625183,-0.009845176711678505,-0.0065901740454137325,-0.004313360899686813,-0.007303863763809204,0.0001255901443073526,0.000186330231372267,6.0740087064914405e-05,0.008152474649250507,0.010138018056750298,0.00198554340749979,0.00011534676013980061,0.00017050177848432213,5.515501834452152e-05,A<0.65,1.1<=beta<1.4,baseline_strongest_25
741,767_0.78_1.61.png,767,0.78,1.61,480,640,34.379780026378945,0.9870687127113342,33.16088503268278,0.985430121421814,-1.2188949936961677,-0.0016385912895202637,16.404714584350586,10.001504898071289,19.277294158935547,0.6096725942194878,1.1751069523224307,-0.007524966727942228,0.5146397948265076,9.067667961120605,5.642396926879883,0.6222544706172259,-0.04578039050102234,0.4907001852989197,-0.012697423808276653,-0.010261661373078823,-0.008163982070982456,-0.010750818997621536,0.0002920081315096468,0.0004032270808238536,0.00011121894931420684,0.01115395873785019,0.013706892728805542,0.002552933990955353,0.000267651688773185,0.00038653583033010364,0.00011888414155691862,0.75<=A<0.85,1.4<=beta<1.7,baseline_middle_50
742,768_0.65_1.02.png,768,0.65,1.02,480,640,38.46844335077601,0.9936388731002808,37.63352367971558,0.9932960867881775,-0.8349196710604332,-0.0003427863121032715,10.052578926086426,7.29387092590332,11.139785766601562,0.7255721123438024,1.108152032280377,0.20566797256469727,0.5455927848815918,5.531284809112549,4.0412468910217285,0.7306163089566373,0.20612071454524994,0.513043224811554,-0.006307332310825586,-0.004240557551383972,-0.0028477937448769808,-0.004699748009443283,0.00010965099500026554,0.00013465152005665004,2.5000525056384504e-05,0.007289711851626635,0.008256806060671806,0.0009670942090451717,9.959346789401025e-05,0.00012275989865884185,2.3166430764831603e-05,0.65<=A<0.75,0.8<=beta<1.1,baseline_strongest_25
743,769_0.81_1.66.png,769,0.81,1.66,480,640,36.44551724152415,0.9817230701446533,34.407607945375275,0.979297935962677,-2.037909296148875,-0.0024251341819763184,11.612689018249512,9.985474586486816,15.514225959777832,0.8598761725896987,1.3359718782959742,-0.026418786495923996,0.6516323089599609,6.509620666503906,5.734957695007324,0.8809972176285616,-0.02013729140162468,0.6506249904632568,0.0033899915870279074,0.0037142892833799124,0.004024483263492584,0.0036526862531900406,0.000146326536196284,0.00026116668595932424,0.00011484014976304024,0.0060167149640619755,0.006930793169885874,0.0009140782058238983,0.0001379399764118716,0.000249897304456681,0.0001119573280448094,0.75<=A<0.85,1.4<=beta<1.7,baseline_strongest_25
744,76_0.64_1.74.png,76,0.64,1.74,400,400,23.30269824710284,0.9836283922195435,22.794720609381965,0.9821809530258179,-0.5079776377208738,-0.001447439193725586,46.838008880615234,6.9942121505737305,49.634071350097656,0.14932770025303985,1.05969644176398,-0.3370364010334015,0.4074380695819855,27.686437606811523,3.8722102642059326,0.13985946184904904,-0.34593990445137024,0.4109371602535248,0.06631772220134735,0.060757458209991455,0.05091135576367378,0.061297520995140076,0.004570414312183857,0.0051323771476745605,0.0005619628354907036,0.059452418237924576,0.061699263751506805,0.0022468455135822296,0.004790867678821087,0.005348172504454851,0.0005573048256337643,A<0.65,beta>=1.7,baseline_weakest_25
745,770_0.95_0.52.png,770,0.95,0.52,480,640,39.18274500836635,0.9908025860786438,39.80564861491908,0.9918543696403503,0.6229036065527254,0.001051783561706543,8.94043254852295,4.6919779777526855,8.323647499084473,0.5248043595528102,0.9310117216263349,0.38932284712791443,0.6844328045845032,5.09210205078125,2.6657612323760986,0.5235089960475374,0.3982953429222107,0.6753265261650085,0.0006151628331281245,0.0007342355675064027,0.0008748548571020365,0.0007146632997319102,8.673104457557201e-05,7.517699123127386e-05,-1.1554053344298154e-05,0.004763997625559568,0.004372778348624706,-0.00039121927693486214,8.440593228442594e-05,7.23392004147172e-05,-1.2066731869708747e-05,A>=0.95,beta<0.8,baseline_strongest_25
746,771_0.84_0.54.png,771,0.84,0.54,480,640,39.30285883309934,0.9907349944114685,40.6748158609181,0.9926412105560303,1.371957027818759,0.0019062161445617676,8.856578826904297,5.070713043212891,7.440610408782959,0.5725363193075416,0.8401224168163056,0.5431901812553406,0.755637526512146,5.0301032066345215,2.892611265182495,0.5750600228971936,0.5541017651557922,0.7648582458496094,0.0007051173597574234,0.0008292752900160849,0.0009205748792737722,0.000802560243755579,8.511175110470504e-05,6.007235060678795e-05,-2.5039400497917086e-05,0.004623785614967346,0.0040016393177211285,-0.0006221462972462177,8.23630834929645e-05,5.711142875952646e-05,-2.5251654733438045e-05,0.75<=A<0.85,beta<0.8,baseline_strongest_25
747,772_0.69_1.76.png,772,0.69,1.76,480,640,37.40962602932485,0.9833257794380188,36.69768624773563,0.9823480248451233,-0.7119397815892157,-0.0009777545928955078,10.194972038269043,7.002199649810791,11.302168846130371,0.6868287253291635,1.1086022407619387,0.17670685052871704,0.714851975440979,5.663065433502197,3.9441909790039062,0.6964763210522731,0.18532221019268036,0.7169829607009888,0.000908247078768909,0.0015395901864394546,0.00223315367475152,0.0014298846945166588,0.00011277935846010223,0.0001386057265335694,2.5826368073467165e-05,0.005669099744409323,0.005581807345151901,-8.72923992574215e-05,0.0001043955417117104,0.0001280864526052028,2.36909108934924e-05,0.65<=A<0.75,beta>=1.7,baseline_strongest_25
748,773_0.51_0.63.png,773,0.51,0.63,480,640,44.496329756626736,0.9923192858695984,45.079558496554874,0.9936767816543579,0.5832287399281384,0.0013574957847595215,4.372176170349121,3.184116840362549,4.008701324462891,0.7282681932984176,0.9168663768968837,0.4735415577888489,0.7680001854896545,2.390794277191162,1.7647669315338135,0.7381508933538019,0.48460832238197327,0.7750453948974609,-0.0026149547193199396,-0.0012299333466216922,-0.0007636190275661647,-0.0015908950008451939,2.0742107153637335e-05,1.7436728739994578e-05,-3.3053784136427566e-06,0.0032049736473709345,0.0028439140878617764,-0.00036105955950915813,1.8606437151902355e-05,1.54328972712392e-05,-3.1735398806631565e-06,A<0.65,beta<0.8,baseline_strongest_25
749,774_0.77_0.95.png,774,0.77,0.95,480,640,41.68130967565545,0.9880279302597046,40.90379727490686,0.9875674247741699,-0.7775124007485914,-0.00046050548553466797,6.154201507568359,4.517141342163086,7.090116024017334,0.7339930836856678,1.1520773272207612,0.1440502256155014,0.5880201458930969,3.440814733505249,2.546312093734741,0.7400317340366495,0.12390207499265671,0.5659327507019043,0.002870115451514721,0.0026844318490475416,0.0024593870621174574,0.002714296104386449,4.109613655600697e-05,5.4546166211366653e-05,1.3450029655359685e-05,0.004051073454320431,0.004716383293271065,0.000665309838950634,3.853908856399357e-05,5.2577495807781816e-05,1.4038407243788242e-05,0.75<=A<0.85,0.8<=beta<1.1,baseline_strongest_25
750,775_0.63_1.13.png,775,0.63,1.13,480,640,42.69692598367257,0.9877663850784302,42.288711162905386,0.988287627696991,-0.40821482076718496,0.000521242618560791,5.217769145965576,4.099318981170654,5.692098617553711,0.7856459085278396,1.0909065653000172,0.27185434103012085,0.6504637002944946,2.846142530441284,2.2900421619415283,0.8046126072212081,0.26182395219802856,0.629448652267456,0.0019273462239652872,0.0021232725121080875,0.0019757377449423075,0.002047871705144644,2.954114279418718e-05,3.5156237572664395e-05,5.615094778477214e-06,0.0036105900071561337,0.003905508667230606,0.00029491866007447243,2.636890349094756e-05,3.233005554648116e-05,5.961152055533603e-06,A<0.65,1.1<=beta<1.4,baseline_strongest_25
751,776_0.77_1.8.png,776,0.77,1.8,480,640,37.980608545994,0.9789046049118042,38.90338898502585,0.9800394177436829,0.9227804390318468,0.0011348128318786621,9.495055198669434,6.504344463348389,8.171674728393555,0.6850243971472497,0.8606242467699052,0.5317944884300232,0.717454731464386,5.334907054901123,3.6695058345794678,0.6878293842454727,0.5519638061523438,0.727032482624054,-0.001416160725057125,5.9256057284073904e-05,0.000408561754738912,-0.0003420726861804724,9.782561392057687e-05,7.245689630508423e-05,-2.5368717615492642e-05,0.006209169048815966,0.005470937117934227,-0.0007382319308817387,9.2647249402944e-05,6.613117875531316e-05,-2.651607064763084e-05,0.75<=A<0.85,beta>=1.7,baseline_strongest_25
752,777_0.57_0.83.png,777,0.57,0.83,480,640,40.04923938892438,0.9930298924446106,39.41872702768269,0.9940565824508667,-0.630512361241685,0.0010266900062561035,7.67460823059082,7.267691612243652,8.599303245544434,0.9469788416397326,1.1204875854467462,0.3385907709598541,0.6202671527862549,4.308784484863281,4.088072776794434,0.9487763407884043,0.31982821226119995,0.6140199899673462,-0.0037915692664682865,-0.004628273192793131,-0.004031214863061905,-0.0043100337497889996,6.391016358975321e-05,8.023872942430899e-05,1.6328565834555775e-05,0.00527703994885087,0.006689257454127073,0.0014122175052762032,6.043497705832124e-05,7.815968274371698e-05,1.7724705685395747e-05,A<0.65,0.8<=beta<1.1,baseline_strongest_25
753,778_0.91_1.51.png,778,0.91,1.51,480,640,33.85988006024333,0.9849404096603394,33.514547960736955,0.9858189821243286,-0.345332099506372,0.0008785724639892578,16.87230110168457,9.653632164001465,17.443193435668945,0.5721585992225816,1.033836068390658,0.22594133019447327,0.592073380947113,9.63587760925293,5.545382022857666,0.5754931982046625,0.21773761510849,0.5944525003433228,-0.007118009030818939,-0.00862516276538372,-0.007954512722790241,-0.008098069578409195,0.0003088916710112244,0.00033014867221936584,2.1257001208141446e-05,0.012293207459151745,0.012345920316874981,5.2712857723236084e-05,0.0003022465680260211,0.00032660141005180776,2.4354842025786638e-05,0.85<=A<0.95,1.4<=beta<1.7,baseline_middle_50
754,779_0.85_0.72.png,779,0.85,0.72,480,640,37.94143933936484,0.9922325611114502,36.92598669333725,0.9931284189224243,-1.0154526460275903,0.0008958578109741211,10.475272178649902,6.912384033203125,11.988236427307129,0.6598763178002715,1.14443197492671,0.09525440633296967,0.5344147086143494,5.949509143829346,3.976388454437256,0.6683557178093336,0.060767143964767456,0.5222922563552856,-0.006552122998982668,-0.007322793360799551,-0.006865303032100201,-0.007040209136903286,0.00011906610598089173,0.00015594379510730505,3.6877689126413316e-05,0.007629950065165758,0.008940794505178928,0.0013108444400131702,0.00011522350541781634,0.00015733439067844301,4.2110885260626674e-05,0.85<=A<0.95,beta<0.8,baseline_strongest_25
755,77_0.92_1.85.png,77,0.92,1.85,400,400,21.05535738410454,0.9443471431732178,20.180187120141344,0.9488105773925781,-0.8751702639631951,0.0044634342193603516,61.08953857421875,12.581857681274414,67.5339126586914,0.20595764798564478,1.105490632846134,-0.4362331032752991,0.3678146004676819,34.11668014526367,7.246419429779053,0.21240107181955845,-0.44577887654304504,0.3648502230644226,0.07203260809183121,0.07868543267250061,0.08822470903396606,0.07778371125459671,0.007774857804179192,0.009501728229224682,0.0017268704250454903,0.07623979449272156,0.08049612492322922,0.00425633043050766,0.007274674251675606,0.008980454877018929,0.0017057806253433228,0.85<=A<0.95,beta>=1.7,baseline_weakest_25
756,780_0.86_1.18.png,780,0.86,1.18,480,640,36.124894488871384,0.9891886711120605,35.40419347557013,0.9898345470428467,-0.7207010133012517,0.0006458759307861328,12.877885818481445,8.00822925567627,13.961295127868652,0.6218590045412126,1.0841294389978495,0.16995158791542053,0.5792602896690369,7.318746089935303,4.607589244842529,0.6295599257335706,0.1471448838710785,0.5717738270759583,-0.005813842173665762,-0.007120706606656313,-0.0064638652838766575,-0.006655074190348387,0.00017994784866459668,0.0002114993258146569,3.1551477150060236e-05,0.00936986692249775,0.009955033659934998,0.0005851667374372482,0.00017436212510801852,0.00021116519928909838,3.6803074181079865e-05,0.85<=A<0.95,1.1<=beta<1.4,baseline_strongest_25
757,781_0.52_0.96.png,781,0.52,0.96,480,640,39.08570362709164,0.9951300024986267,38.55027622878967,0.9956876039505005,-0.5354273983019695,0.0005576014518737793,9.18999195098877,7.974940776824951,9.943197250366211,0.8677853929966621,1.0819592991369706,0.33557578921318054,0.5409630537033081,5.129456996917725,4.5552873611450195,0.8880642461535945,0.34429454803466797,0.5435710549354553,-0.006154393777251244,-0.00477560143917799,-0.005305524915456772,-0.005248271860182285,9.164056973531842e-05,0.00010727775952545926,1.5637189790140837e-05,0.0064004031009972095,0.007589670363813639,0.0011892672628164291,8.564884774386883e-05,0.00010082125663757324,1.5172408893704414e-05,A<0.65,0.8<=beta<1.1,baseline_strongest_25
758,782_0.6_0.51.png,782,0.6,0.51,480,640,40.83311158050931,0.9965541362762451,41.894431692960936,0.9968747496604919,1.0613201124516252,0.00032061338424682617,7.48817777633667,5.498490810394287,6.438860893249512,0.7342895661171431,0.8598701961372904,0.5446110367774963,0.6522516012191772,4.251748561859131,3.082319736480713,0.7249534377764167,0.5460957884788513,0.6590229272842407,-0.002258544322103262,-0.0014737171586602926,-0.0022955299355089664,-0.0018020671559497714,6.0842885432066396e-05,4.498581984080374e-05,-1.5857065591262653e-05,0.005127537064254284,0.004868798889219761,-0.000258738175034523,5.884559504920617e-05,4.317909406381659e-05,-1.5666500985389575e-05,A<0.65,beta<0.8,baseline_strongest_25
759,783_0.63_0.68.png,783,0.63,0.68,480,640,38.69051788454981,0.9951565265655518,40.549442511981496,0.9960404634475708,1.8589246274316835,0.000883936882019043,9.925016403198242,6.140162944793701,7.580574035644531,0.6186551936392862,0.7637845347239691,0.646052360534668,0.7003887295722961,5.696828842163086,3.4787397384643555,0.6106449456086306,0.6499598622322083,0.6975975036621094,-0.0009903262834995985,-0.00024786608992144465,-0.0009597864700481296,-0.0005510205519385636,0.00010688578913686797,6.235363252926618e-05,-4.453215660760179e-05,0.006323055364191532,0.005457656923681498,-0.0008653984405100346,0.00010564406693447381,6.117824523244053e-05,-4.446582170203328e-05,A<0.65,beta<0.8,baseline_strongest_25
760,784_0.5_0.79.png,784,0.5,0.79,480,640,39.66164626789197,0.99595707654953,38.4747320127133,0.9962424039840698,-1.1869142551786709,0.0002853274345397949,8.603156089782715,7.34721040725708,10.26795482635498,0.8540133795762207,1.1935102326632683,0.17849382758140564,0.49603018164634705,4.780838489532471,4.168628215789795,0.8719449997980281,0.17650628089904785,0.5036300420761108,-0.007092112209647894,-0.005612154025584459,-0.0063169291242957115,-0.0061350055038928986,8.031064498936757e-05,0.00011439984518801793,3.408920019865036e-05,0.006140944082289934,0.00789551716297865,0.001754573080688715,7.440240733558312e-05,0.0001080680449376814,3.3665637602098286e-05,A<0.65,beta<0.8,baseline_strongest_25
761,785_0.54_0.53.png,785,0.54,0.53,480,640,36.0437635861408,0.9966528415679932,38.61567342244448,0.9969159960746765,2.571909836303682,0.0002631545066833496,14.239042282104492,7.152342319488525,10.136465072631836,0.5023050130609927,0.7118782901130408,0.7421184182167053,0.8416684865951538,8.172780990600586,4.116550922393799,0.5036903505830137,0.7484260201454163,0.8503221273422241,-0.006143942475318909,-0.006073480471968651,-0.006353056523948908,-0.006126420572400093,0.0002199981827288866,0.00011148862540721893,-0.00010850955732166767,0.011436998844146729,0.007937708869576454,-0.0034992899745702744,0.00021742952230852097,0.00010866126831388101,-0.00010876825399463996,A<0.65,beta<0.8,baseline_middle_50
762,786_0.77_1.16.png,786,0.77,1.16,480,640,34.52693487009575,0.993026852607727,35.30399247602812,0.9930481314659119,0.7770576059323702,2.1278858184814453e-05,16.36824607849121,12.552410125732422,14.805776596069336,0.7668756973434673,0.9045426446468784,0.501972496509552,0.7429662346839905,9.465570449829102,7.212530612945557,0.7619752714508377,0.4986940026283264,0.7422486543655396,0.00035617887624539435,-0.0005222242907620966,-0.00031900490284897387,-0.00023641472216695547,0.0002907112648244947,0.00023785918892826885,-5.285207589622587e-05,0.012850598432123661,0.010890760459005833,-0.0019598379731178284,0.0002916569937951863,0.00023933999182190746,-5.231700197327882e-05,0.75<=A<0.85,1.1<=beta<1.4,baseline_middle_50
763,787_0.84_1.65.png,787,0.84,1.65,480,640,32.068199014195585,0.9875072240829468,33.30644466554206,0.9884121417999268,1.2382456513464746,0.0009049177169799805,21.617652893066406,14.868438720703125,18.412912368774414,0.6877915375110862,0.8517535395658113,0.5434590578079224,0.6828974485397339,12.491366386413574,8.530396461486816,0.682903390838414,0.538199782371521,0.6769095063209534,-0.0003806418681051582,-0.001344493473879993,-0.0008388425339944661,-0.000998657662421465,0.0005070777842774987,0.00036787689896300435,-0.00013920088531449437,0.01626213826239109,0.013631772249937057,-0.002630366012454033,0.0005079239490441978,0.0003714347549248487,-0.00013648919411934912,0.75<=A<0.85,1.4<=beta<1.7,baseline_middle_50
764,788_0.69_0.73.png,788,0.69,0.73,480,640,36.84089244558351,0.995893657207489,38.701576930743606,0.9957705736160278,1.8606844851600925,-0.00012308359146118164,12.565103530883789,9.494606018066406,9.753924369812012,0.7556329316928904,0.7762709114045757,0.6407771706581116,0.7805815935134888,7.238453388214111,5.461587429046631,0.754524086310947,0.6418278813362122,0.7819782495498657,-0.001506069558672607,-0.0019646405708044767,-0.0020898235961794853,-0.0018417986575514078,0.00017131275671999902,0.00010323246533516794,-6.808029138483107e-05,0.010206528007984161,0.00724784703925252,-0.0029586809687316418,0.0001705573231447488,0.00010246355668641627,-6.809376645833254e-05,0.65<=A<0.75,beta<0.8,baseline_strongest_25
765,789_0.85_1.57.png,789,0.85,1.57,480,640,37.95511028830646,0.9850593209266663,37.29333648171885,0.9855356216430664,-0.661773806587604,0.0004763007164001465,9.584450721740723,8.313668251037598,10.865654945373535,0.867412071114251,1.1336752893649518,0.2692975699901581,0.6689165830612183,4.818541049957275,4.523891925811768,0.9388509673175618,0.2652461528778076,0.6673410534858704,-0.0033998910803347826,-0.0028502619825303555,-0.002927763620391488,-0.0030234362930059433,9.967632649932057e-05,0.00012810598127543926,2.8429654776118696e-05,0.006569300778210163,0.007261228282004595,0.0006919275037944317,7.55805303924717e-05,0.0001045571916620247,2.8976661269553006e-05,0.85<=A<0.95,1.4<=beta<1.7,baseline_strongest_25
766,78_1.0_0.78.png,78,1.0,0.78,400,400,26.534307889492222,0.9730644226074219,24.630126243316234,0.9771403074264526,-1.9041816461759886,0.004075884819030762,32.441097259521484,15.44412899017334,40.372093200683594,0.47606678857449797,1.2444737265733006,-0.3382667005062103,0.4566640555858612,17.951784133911133,8.851434707641602,0.4930671314680716,-0.34310826659202576,0.4535364806652069,0.0370045006275177,0.04121283069252968,0.04781510680913925,0.04070720076560974,0.0021925517357885838,0.0033956370316445827,0.001203085295855999,0.04031246528029442,0.047156497836112976,0.006844032555818558,0.0020141657441854477,0.0031853350810706615,0.0011711693368852139,A>=0.95,beta<0.8,baseline_weakest_25
767,790_0.93_1.12.png,790,0.93,1.12,480,640,37.71366127245257,0.9886595010757446,37.78804216152671,0.9890275597572327,0.07438088907414198,0.0003680586814880371,10.57112979888916,6.752655506134033,10.513912200927734,0.6387827634888769,0.9945873715440106,0.3278419077396393,0.6987186074256897,5.594237804412842,3.7363228797912598,0.6678877463600094,0.3541015684604645,0.712165892124176,-0.002836605766788125,-0.0022375835105776787,-0.002159584080800414,-0.002407799009233713,0.00012125518696848303,0.00011994611850241199,-1.3090684660710394e-06,0.007203019689768553,0.006799499969929457,-0.00040351971983909607,0.00010187335283262655,9.913030226016417e-05,-2.74305057246238e-06,0.85<=A<0.95,1.1<=beta<1.4,baseline_strongest_25
768,791_0.94_1.39.png,791,0.94,1.39,480,640,36.38869127637358,0.9846667647361755,36.579754455686896,0.9853755831718445,0.19106317931331773,0.0007088184356689453,12.406498908996582,7.938598155975342,12.09810733795166,0.6398741670963,0.9751427398408675,0.3583012819290161,0.6935032606124878,6.613619327545166,4.307251930236816,0.6512700107031374,0.36750054359436035,0.7004439234733582,-0.004608846735209227,-0.0036820340901613235,-0.0034899497404694557,-0.003937253262847662,0.00016701519780326635,0.00015881532453931868,-8.199873263947666e-06,0.008499749936163425,0.008063089102506638,-0.00043666083365678787,0.00014238270523492247,0.0001346183562418446,-7.764348993077874e-06,0.85<=A<0.95,1.1<=beta<1.4,baseline_strongest_25
769,792_0.71_0.8.png,792,0.71,0.8,480,640,42.92834364466443,0.9937416911125183,41.92555733432932,0.9935040473937988,-1.002786310335111,-0.00023764371871948242,5.079922676086426,4.057744979858398,6.045811176300049,0.7987808552598848,1.1901384256812633,0.13872475922107697,0.6272868514060974,2.501033067703247,2.1497836112976074,0.8595582517714572,0.20769627392292023,0.6099168658256531,-6.744467827957124e-05,-0.00023621956643182784,-0.0006174368900246918,-0.00022921465279068798,2.8000882593914866e-05,3.966127405874431e-05,1.1660391464829445e-05,0.0036167048383504152,0.004116266034543514,0.000499561196193099,2.036187106568832e-05,2.8135751563240774e-05,7.773880497552454e-06,0.65<=A<0.75,0.8<=beta<1.1,baseline_strongest_25
770,793_0.81_1.92.png,793,0.81,1.92,480,640,35.8693104312451,0.9886130094528198,34.029149577381844,0.9870814681053162,-1.840160853863253,-0.0015315413475036621,13.634106636047363,9.80374813079834,17.305763244628906,0.7190605437160146,1.2692993906086967,-0.06541363149881363,0.5040033459663391,7.234251022338867,5.561288356781006,0.7687441781613786,-0.09063404053449631,0.48691654205322266,-0.006433611270040274,-0.0061065382324159145,-0.006078571546822786,-0.006201144773513079,0.0002017023361986503,0.00032496682251803577,0.00012326448631938547,0.008215147070586681,0.011251403018832207,0.0030362559482455254,0.00017035934433806688,0.0002947755856439471,0.00012441624130588025,0.75<=A<0.85,beta>=1.7,baseline_middle_50
771,794_0.81_1.13.png,794,0.81,1.13,480,640,38.30611319978428,0.9932339191436768,37.168025515702496,0.9926580190658569,-1.138087684081782,-0.0005759000778198242,10.395822525024414,5.955806255340576,12.052896499633789,0.572903802561461,1.159398063079716,-0.013950771652162075,0.4743537902832031,5.586104869842529,3.3559365272521973,0.6007650420903753,-0.030311860144138336,0.4651276469230652,-0.003952919039875269,-0.003557553282007575,-0.0036106340121477842,-0.0036818187218159437,0.00011726685625035316,0.00015763055125717074,4.036369500681758e-05,0.006224698852747679,0.007920073345303535,0.0016953744925558567,0.00010157737415283918,0.00014193804236128926,4.036066820845008e-05,0.75<=A<0.85,1.1<=beta<1.4,baseline_strongest_25
772,795_0.9_2.0.png,795,0.9,2.0,480,640,34.502432408896965,0.9862346053123474,33.735859324776094,0.984856903553009,-0.7665730841208713,-0.001377701759338379,16.11664581298828,9.38298225402832,17.65041160583496,0.5821919996818846,1.0951665632318253,0.11985538899898529,0.588405430316925,8.715825080871582,5.23490571975708,0.6006207870378222,0.10354361683130264,0.5862389206886292,-0.005799008533358574,-0.005430704914033413,-0.005443624220788479,-0.005542300641536713,0.0002818427456077188,0.0003380393027327955,5.619655712507665e-05,0.009630664251744747,0.01117617730051279,0.0015455130487680435,0.00024728389689698815,0.0003057330322917551,5.844913539476693e-05,0.85<=A<0.95,beta>=1.7,baseline_middle_50
773,796_0.82_1.56.png,796,0.82,1.56,480,640,37.161302459887075,0.9909579753875732,35.453693762776936,0.9899635314941406,-1.707608697110139,-0.0009944438934326172,11.70118236541748,8.214322090148926,14.658099174499512,0.7020078684036347,1.2527023950862535,-0.054449647665023804,0.4954173266887665,6.228555679321289,4.648482322692871,0.7463178563412,-0.0727694109082222,0.48396730422973633,-0.005196400452405214,-0.004788429010659456,-0.004772007465362549,-0.004908540286123753,0.00014856518828310072,0.00023313787824008614,8.457268995698541e-05,0.006990101188421249,0.009523528628051281,0.0025334274396300316,0.0001262855075765401,0.0002103422157233581,8.405670814681798e-05,0.75<=A<0.85,1.4<=beta<1.7,baseline_strongest_25
774,797_0.73_0.63.png,797,0.73,0.63,480,640,41.66416368845447,0.9969684481620789,39.63290027385362,0.9969615340232849,-2.0312634146008506,-6.9141387939453125e-06,6.8414716720581055,4.961697101593018,9.147478103637695,0.725238273200421,1.3370629218560923,-0.18046949803829193,0.3796330988407135,3.764991283416748,2.6385090351104736,0.7008008349798923,-0.18385230004787445,0.3556790053844452,-0.006053579039871693,-0.005906264763325453,-0.006192458793520927,-0.005982937756925821,5.078747199149802e-05,9.079466690309346e-05,4.0007194911595434e-05,0.005206644535064697,0.007153923623263836,0.0019472790881991386,4.614309727912769e-05,8.069549221545458e-05,3.455239493632689e-05,0.65<=A<0.75,beta<0.8,baseline_strongest_25
775,798_0.79_0.52.png,798,0.79,0.52,480,640,41.17395670299907,0.9970685243606567,40.911055264740995,0.9972107410430908,-0.2629014382580763,0.00014221668243408203,7.359575271606445,4.320841312408447,7.738329887390137,0.5871047109305937,1.0514641948489802,0.203638955950737,0.5671602487564087,4.053927421569824,2.301624298095703,0.567751727830498,0.2294180989265442,0.5627939701080322,-0.004421653226017952,-0.004519087728112936,-0.0049454993568360806,-0.0045385658740997314,5.877098737983033e-05,6.497585854958743e-05,6.204871169757098e-06,0.005716616753488779,0.005966261029243469,0.00024964427575469017,5.349716229829937e-05,5.680526373907924e-05,3.3081014407798648e-06,0.75<=A<0.85,beta<0.8,baseline_strongest_25
776,799_0.52_1.97.png,799,0.52,1.97,480,640,31.634322715716397,0.9916759729385376,29.302857487455,0.9901636838912964,-2.331465228261397,-0.001512289047241211,23.782705307006836,12.12972354888916,31.61639976501465,0.5100228671342748,1.3293861802887437,-0.49717792868614197,0.30780187249183655,13.880699157714844,6.926576137542725,0.49900772712107644,-0.5105729699134827,0.30338162183761597,-0.02713683247566223,-0.022237978875637054,-0.01876063458621502,-0.02330631949007511,0.0006137338350526989,0.00108463189098984,0.0004708980559371412,0.01701095886528492,0.02398032508790493,0.00696936622262001,0.0006271933671087027,0.0011029625311493874,0.0004757691640406847,A<0.65,beta>=1.7,baseline_middle_50
777,79_0.63_1.89.png,79,0.63,1.89,400,400,18.629689591342974,0.9257094860076904,17.334265475681395,0.9221001267433167,-1.2954241156615787,-0.0036093592643737793,80.822021484375,15.64656925201416,93.842041015625,0.19359289664685075,1.16109495026386,-0.8023620247840881,0.2690238356590271,45.853694915771484,8.860222816467285,0.19322811024809675,-0.8015718460083008,0.2701345384120941,0.10925734788179398,0.11522424221038818,0.12335528433322906,0.11436707526445389,0.013608749955892563,0.0183465164154768,0.004737766459584236,0.10204803943634033,0.11597912758588791,0.013931088149547577,0.013141008093953133,0.01770237646996975,0.004561368376016617,A<0.65,beta>=1.7,baseline_weakest_25
778,7_0.95_1.37.png,7,0.95,1.37,400,400,28.476391393967834,0.9829898476600647,27.480166811407635,0.9818501472473145,-0.996224582560199,-0.0011397004127502441,25.400625228881836,11.602181434631348,28.649595260620117,0.45676755316396944,1.1279090574528077,-0.06955651193857193,0.5552254319190979,14.590720176696777,5.65065336227417,0.3872772072826794,-0.12832076847553253,0.5582208633422852,-0.016263585537672043,-0.019402381032705307,-0.025138184428215027,-0.01911776326596737,0.0013441495830193162,0.0017099985852837563,0.00036584900226444006,0.026150086894631386,0.028291968628764153,0.0021418817341327667,0.0013305569300428033,0.0016623646952211857,0.0003318077651783824,A>=0.95,1.1<=beta<1.4,baseline_weakest_25
779,800_0.55_1.84.png,800,0.55,1.84,480,640,34.713213703131764,0.9932740926742554,31.646397489528553,0.9920676946640015,-3.066816213603211,-0.0012063980102539062,16.269739151000977,11.668356895446777,23.91802406311035,0.7171815594061872,1.4700926573637674,-0.45094767212867737,0.3317069113254547,9.435040473937988,6.6786980628967285,0.7078610930546628,-0.46805864572525024,0.33539116382598877,-0.020140033215284348,-0.0164903923869133,-0.013822104781866074,-0.017277447506785393,0.0002872227050829679,0.0006207376718521118,0.00033351496676914394,0.01178597193211317,0.018186824396252632,0.0064008524641394615,0.00028977860347367823,0.0006269963923841715,0.00033721778891049325,A<0.65,beta>=1.7,baseline_middle_50
780,801_0.62_1.22.png,801,0.62,1.22,480,640,37.45065695034593,0.9901837110519409,37.9342120699653,0.9890124201774597,0.4835551196193677,-0.0011712908744812012,11.0236234664917,7.386879920959473,10.344683647155762,0.6700954494149072,0.9384104671753623,0.42412883043289185,0.6696329116821289,6.275257110595703,4.180377960205078,0.6661683954186604,0.42631179094314575,0.6730185151100159,-0.001419510692358017,-0.002948042005300522,-0.0017707468941807747,-0.002356799552217126,0.00013185793068259954,0.0001161159816547297,-1.574194902786985e-05,0.008354959078133106,0.008057801052927971,-0.00029715802520513535,0.00012818636605516076,0.00011226425704080611,-1.5922109014354646e-05,A<0.65,1.1<=beta<1.4,baseline_strongest_25
781,802_0.67_0.91.png,802,0.67,0.91,480,640,38.2399004289812,0.9918702840805054,38.89252788212981,0.9912630319595337,0.6526274531486109,-0.0006072521209716797,10.228824615478516,6.625848770141602,9.360502243041992,0.6477624770411256,0.9151102492145035,0.44936949014663696,0.7101330757141113,5.867207050323486,3.7817494869232178,0.6445570191211698,0.4459521174430847,0.7123563289642334,-0.0018986726645380259,-0.0031822023447602987,-0.0021533018443733454,-0.002681132173165679,0.00011352956789778545,9.507270442554727e-05,-1.8456863472238183e-05,0.007845199666917324,0.007247282657772303,-0.0005979170091450214,0.00011205767805222422,9.419239358976483e-05,-1.7865284462459385e-05,0.65<=A<0.75,0.8<=beta<1.1,baseline_strongest_25
782,803_0.96_1.38.png,803,0.96,1.38,480,640,31.38675276734223,0.9786945581436157,31.540534216262873,0.9775728583335876,0.15378144892064327,-0.0011216998100280762,23.405563354492188,12.499124526977539,23.006467819213867,0.5340236565841345,0.982948689196933,0.2986694872379303,0.6513797044754028,13.597302436828613,7.248709678649902,0.5330990990548685,0.30727866291999817,0.6506291031837463,-0.007498056162148714,-0.008700044825673103,-0.008133874274790287,-0.008276106789708138,0.0005944232107140124,0.0005743246292695403,-2.0098581444472075e-05,0.01797964796423912,0.01687220111489296,-0.0011074468493461609,0.0006018445710651577,0.0005757092731073499,-2.613529795780778e-05,A>=0.95,1.1<=beta<1.4,baseline_middle_50
783,804_0.64_0.58.png,804,0.64,0.58,480,640,41.1108878869609,0.9934462904930115,41.28499236057727,0.9941927790641785,0.17410447361636727,0.0007464885711669922,7.129545211791992,5.791867256164551,7.074090480804443,0.8123754158378891,0.992221841738821,0.41572505235671997,0.7122566103935242,4.044606685638428,3.302844762802124,0.8166046835975056,0.4173223376274109,0.7191910147666931,0.00035171417403034866,-0.00041936730849556625,0.00020493436022661626,-0.00011764359078370035,5.515453449334018e-05,5.429987140814774e-05,-8.546630851924419e-07,0.005413124803453684,0.005443980917334557,3.0856113880872726e-05,5.325144957168959e-05,5.2466977649601176e-05,-7.844719220884144e-07,A<0.65,beta<0.8,baseline_strongest_25
784,805_0.64_1.71.png,805,0.64,1.71,480,640,35.07427198941644,0.988208532333374,32.94607272076956,0.9851412773132324,-2.128199268646881,-0.0030672550201416016,14.665895462036133,10.370733261108398,19.688447952270508,0.7071326321637766,1.3424647682260973,-0.21366214752197266,0.4916861057281494,8.45019817352295,5.951755046844482,0.7043331913200743,-0.2502753734588623,0.4870806336402893,0.008244041353464127,0.008472772315144539,0.00886525958776474,0.008449125103652477,0.00023338595929089934,0.00042061085696332157,0.00018722489767242223,0.01089844387024641,0.014181524515151978,0.003283080644905567,0.00023244092881213874,0.0004296995175536722,0.00019725858874153346,A<0.65,beta>=1.7,baseline_middle_50
785,806_0.86_1.72.png,806,0.86,1.72,480,640,34.19322623299698,0.9860618710517883,31.86064191983168,0.9803629517555237,-2.332584313165299,-0.0056989192962646484,16.00153923034668,16.887929916381836,22.28496742248535,1.0553940888607847,1.3926764857859577,0.08258003741502762,0.5991803407669067,9.312104225158691,9.821818351745605,1.0547367291282899,0.0719720870256424,0.5934844017028809,0.0015317153884097934,0.003050562459975481,0.003490292700007558,0.0026465565897524357,0.00027783121913671494,0.0005388669669628143,0.0002610357478260994,0.011346296407282352,0.01485779695212841,0.003511500544846058,0.0002822763635776937,0.0005534440279006958,0.0002711676643230021,0.85<=A<0.95,beta>=1.7,baseline_middle_50
786,807_0.81_1.1.png,807,0.81,1.1,480,640,37.19436871694565,0.9918988943099976,36.753565544402505,0.9918304085731506,-0.4408031725431414,-6.848573684692383e-05,11.366755485534668,8.64250659942627,12.098893165588379,0.7603318827808624,1.0644104362925224,0.29272428154945374,0.5911961197853088,6.582358360290527,5.002468109130859,0.7599811245934753,0.2752487361431122,0.5806770324707031,-0.0008600298897363245,-0.0009740261593833566,-0.0006020804867148399,-0.0008975394885055721,0.00014019438822288066,0.00015883593005128205,1.8641541828401387e-05,0.00836013350635767,0.008974233642220497,0.0006141001358628273,0.00014103985449764878,0.0001634939108043909,2.2454056306742132e-05,0.75<=A<0.85,1.1<=beta<1.4,baseline_strongest_25
787,808_0.52_0.78.png,808,0.52,0.78,480,640,40.23252624808467,0.9951609373092651,41.07358768267196,0.9952552914619446,0.8410614345872958,9.435415267944336e-05,7.987492084503174,7.026587963104248,6.91084098815918,0.8796988953186932,0.865207866880664,0.5827479958534241,0.7462580800056458,4.43393611907959,4.005347728729248,0.9033390696572982,0.5784895420074463,0.7449027299880981,0.001446942682377994,0.0011975147062912583,0.0015155287692323327,0.0013083473313599825,6.922746251802891e-05,5.182261884328909e-05,-1.7404843674739823e-05,0.006006955169141293,0.005291277077049017,-0.0007156780920922756,6.399671110557392e-05,4.9333586503053084e-05,-1.4663124602520838e-05,A<0.65,beta<0.8,baseline_strongest_25
788,809_0.73_1.63.png,809,0.73,1.63,480,640,31.092271776530783,0.9837897419929504,31.273588919923647,0.9847572445869446,0.18131714339286376,0.0009675025939941406,25.770273208618164,10.31323528289795,25.3360595703125,0.4001989113351336,0.9831506001201239,0.2418471723794937,0.5519776940345764,14.761214256286621,5.965455532073975,0.4041304074651826,0.23971843719482422,0.5461387038230896,0.009642375633120537,0.014835444279015064,0.014732549898326397,0.013270987197756767,0.0007206021691672504,0.0006965233478695154,-2.4078821297734976e-05,0.01657126285135746,0.017226871103048325,0.0006556082516908646,0.0007092884625308216,0.0006877023261040449,-2.1586136426776648e-05,0.65<=A<0.75,1.4<=beta<1.7,baseline_middle_50
789,80_0.74_1.76.png,80,0.74,1.76,400,400,20.276857664263545,0.9299402236938477,18.789823327231453,0.9359363317489624,-1.4870343370320924,0.005996108055114746,66.8731689453125,17.912761688232422,79.34420776367188,0.26786171450737006,1.1864879295395427,-0.6271960735321045,0.36011427640914917,37.74491500854492,10.10890007019043,0.2678215083515731,-0.620185911655426,0.3598439693450928,0.08976539969444275,0.09635850042104721,0.10556642711162567,0.09543687850236893,0.009316709823906422,0.01311563141644001,0.0037989215925335884,0.08630041033029556,0.09740587323904037,0.011105462908744812,0.00890424195677042,0.012500900775194168,0.003596658818423748,0.65<=A<0.75,beta>=1.7,baseline_weakest_25
790,810_0.88_1.95.png,810,0.88,1.95,480,640,27.47628499987924,0.9747375845909119,27.690859753263013,0.9731155037879944,0.21457475338377208,-0.0016220808029174805,39.399314880371094,18.768674850463867,38.53194808959961,0.47637058937323046,0.9779852316365123,0.2838901877403259,0.5545998811721802,22.71836280822754,10.88762092590332,0.4792432015374069,0.27707743644714355,0.5539745092391968,0.021367568522691727,0.026991838589310646,0.02653503231704235,0.025258107110857964,0.001684359973296523,0.0016110145952552557,-7.33453780412674e-05,0.02471817471086979,0.028382601216435432,0.0036644265055656433,0.001680091256275773,0.0016197743825614452,-6.031687371432781e-05,0.85<=A<0.95,beta>=1.7,baseline_weakest_25
791,811_0.61_0.62.png,811,0.61,0.62,480,640,38.57760695135741,0.9941204190254211,39.174967985059844,0.9945700168609619,0.597361033702434,0.0004495978355407715,10.633671760559082,5.879756450653076,9.870295524597168,0.5529375537489732,0.9282114162303446,0.4016397297382355,0.7217789888381958,6.026924133300781,3.3632397651672363,0.5580358555675533,0.42876407504081726,0.7243263721466064,0.00038639066042378545,0.0028681594412773848,0.003197018289938569,0.002163600642234087,0.00012269419676158577,0.0001057104382198304,-1.6983758541755378e-05,0.00792166031897068,0.0069183288142085075,-0.0010033315047621727,0.00011824158718809485,9.848018089542165e-05,-1.97614062926732e-05,A<0.65,beta<0.8,baseline_strongest_25
792,812_0.81_1.01.png,812,0.81,1.01,480,640,31.669506721052212,0.9863196015357971,31.946717559316596,0.9878512620925903,0.2772108382643843,0.0015316605567932129,24.33252716064453,8.218694686889648,23.60945701599121,0.337765766483252,0.9702838040668946,0.2555542588233948,0.6094585061073303,14.020378112792969,4.7620978355407715,0.33965544989086777,0.26221171021461487,0.603641152381897,0.008548828773200512,0.012767638079822063,0.012721709907054901,0.011500978842377663,0.000642439117655158,0.0006048247450962663,-3.761437255889177e-05,0.01593831367790699,0.014977837912738323,-0.0009604757651686668,0.000639879610389471,0.0005997224361635745,-4.01571742258966e-05,0.75<=A<0.85,0.8<=beta<1.1,baseline_middle_50
793,813_0.58_1.0.png,813,0.58,1.0,480,640,37.99104609083811,0.9962302446365356,37.31888940334223,0.9963428378105164,-0.6721566874958782,0.00011259317398071289,10.57296371459961,6.360886573791504,11.834650993347168,0.6016181219848616,1.1193314677705142,0.09062335640192032,0.45547983050346375,5.828395843505859,3.4846997261047363,0.5978831602502555,0.05106336995959282,0.44393619894981384,-0.007852957583963871,-0.006411003414541483,-0.004676783923059702,-0.006644446402788162,0.00012129725655540824,0.00015197369793895632,3.067644138354808e-05,0.008056038990616798,0.009391316212713718,0.00133527722209692,0.00011058007657993585,0.00014335650485008955,3.27764282701537e-05,A<0.65,0.8<=beta<1.1,baseline_strongest_25
794,814_0.74_1.87.png,814,0.74,1.87,480,640,34.18125811417443,0.9912115931510925,34.93873101139128,0.9913451671600342,0.7574728972168501,0.0001335740089416504,16.48273468017578,12.59205150604248,14.840592384338379,0.7639540252496615,0.9003719754215027,0.5058918595314026,0.7230353355407715,9.060235977172852,6.859450817108154,0.7570940574164351,0.4984946846961975,0.7172336578369141,-0.0059880455955863,-0.004696839489042759,-0.002765890909358859,-0.004862782079726458,0.0002947922912426293,0.00023897914797998965,-5.581314326263964e-05,0.012740114703774452,0.010833329521119595,-0.0019067851826548576,0.0002672131231520325,0.00021868100157007575,-4.8532121581956744e-05,0.65<=A<0.75,beta>=1.7,baseline_middle_50
795,815_0.97_1.1.png,815,0.97,1.1,480,640,33.26854935520066,0.992454469203949,33.612856471058016,0.9926702380180359,0.3443071158573545,0.00021576881408691406,19.02470588684082,10.533756256103516,18.17558479309082,0.5536882577191167,0.9553674522591528,0.35565492510795593,0.6388928294181824,10.585618019104004,5.861883163452148,0.5537591808879869,0.3609425723552704,0.6377550959587097,-0.001083591254428029,0.00020403617236297578,0.0018193774158135056,3.184489969498827e-06,0.0003927294455934316,0.00035845473757945,-3.427470801398158e-05,0.01337757520377636,0.012740910984575748,-0.0006366642192006111,0.00036476340028457344,0.000330803421093151,-3.395997919142246e-05,A>=0.95,1.1<=beta<1.4,baseline_middle_50
796,816_0.61_1.87.png,816,0.61,1.87,480,640,34.55265110735651,0.992557942867279,35.59063477497597,0.9930101633071899,1.0379836676194572,0.00045222043991088867,15.708767890930176,8.555785179138184,13.866656303405762,0.5446503022097656,0.8827335408916444,0.475007027387619,0.6782752275466919,8.689740180969238,4.515841960906982,0.5196751418180254,0.45745086669921875,0.6590007543563843,-0.00838587898761034,-0.006541634444147348,-0.0038597488310188055,-0.006787328980863094,0.0002677575685083866,0.00020864166435785592,-5.9115904150530696e-05,0.011852478608489037,0.010538843460381031,-0.0013136351481080055,0.0002458059461787343,0.00019531999714672565,-5.048594903200865e-05,A<0.65,beta>=1.7,baseline_middle_50
797,817_0.59_1.1.png,817,0.59,1.1,480,640,37.9392997013039,0.9952132105827332,37.706421347182314,0.9954593181610107,-0.23287835412158842,0.0002461075782775879,11.427349090576172,5.371469974517822,11.862687110900879,0.47005389718491486,1.0380961513360714,0.15243682265281677,0.5086922645568848,6.298270225524902,2.94225811958313,0.4671533634201794,0.12116535007953644,0.49773263931274414,-0.007848129607737064,-0.006825095973908901,-0.005966263357549906,-0.007033076602965593,0.00014169304631650448,0.00015269459981936961,1.1001553502865136e-05,0.008708360604941845,0.009388405829668045,0.0006800452247262001,0.0001291282824240625,0.0001426902017556131,1.3561919331550598e-05,A<0.65,1.1<=beta<1.4,baseline_strongest_25
798,818_0.52_0.76.png,818,0.52,0.76,480,640,38.57359060291829,0.9963186383247375,37.130940168774046,0.9961682558059692,-1.442650434144241,-0.00015038251876831055,10.732915878295898,4.950463771820068,12.883484840393066,0.4612412719856396,1.2003713610060103,-0.24731948971748352,0.3254888355731964,6.049595355987549,2.738097906112671,0.45260843824912284,-0.3080921769142151,0.29891762137413025,-0.011320763267576694,-0.009366464801132679,-0.008020206354558468,-0.009797326289117336,0.00012499510194174945,0.00018010438361670822,5.5109281674958766e-05,0.008622460998594761,0.010705473832786083,0.0020830128341913223,0.0001191328265122138,0.00017676269635558128,5.762986984336749e-05,A<0.65,beta<0.8,baseline_strongest_25
799,819_0.63_2.0.png,819,0.63,2.0,480,640,35.69806713708824,0.9915153384208679,34.5204721771176,0.9913241863250732,-1.1775949599706408,-0.00019115209579467773,14.665258407592773,8.155409812927246,17.11528778076172,0.5561040648765435,1.1670634983083878,-0.047460056841373444,0.48718729615211487,8.047268867492676,4.52483606338501,0.5622822025573545,-0.08412449061870575,0.47142156958580017,-0.00939018465578556,-0.008728285320103168,-0.007783674634993076,-0.008818507194519043,0.00023336568847298622,0.00031785276951268315,8.448708103969693e-05,0.010842476971447468,0.01309244055300951,0.0022499635815620422,0.00021080249280203134,0.00029739277670159936,8.659028389956802e-05,A<0.65,beta>=1.7,baseline_middle_50
800,81_0.84_1.33.png,81,0.84,1.33,400,400,27.834770278871307,0.9861236214637756,28.059876126602727,0.9828535318374634,0.22510584773142028,-0.003270089626312256,27.324989318847656,8.8453369140625,26.158639907836914,0.3237087052751874,0.9573156498836674,0.2909006178379059,0.4914156198501587,14.926379203796387,4.751533031463623,0.31833125546315444,0.32040145993232727,0.45323047041893005,-0.017448633909225464,-0.02937382459640503,-0.03395165875554085,-0.026330064982175827,0.001555531402118504,0.0014255717396736145,-0.00012995966244488955,0.02778756245970726,0.027470583096146584,-0.0003169793635606766,0.0013924798695370555,0.0012495380360633135,-0.000142941833473742,0.75<=A<0.85,1.1<=beta<1.4,baseline_weakest_25
801,820_0.87_1.24.png,820,0.87,1.24,480,640,33.712271080922406,0.9911665916442871,33.34772430881765,0.9910808205604553,-0.3645467721047595,-8.577108383178711e-05,18.824050903320312,8.525981903076172,19.69959831237793,0.45293024051333725,1.0465121675219855,0.12138531357049942,0.5249277949333191,10.613822937011719,4.864526748657227,0.4583199453699211,0.12409662455320358,0.5236779451370239,-0.007572638336569071,-0.006972535513341427,-0.006261344533413649,-0.007070890627801418,0.00038448881241492927,0.0004210874321870506,3.659861977212131e-05,0.014315991662442684,0.014841360971331596,0.0005253693088889122,0.00036670974805019796,0.00040202582022175193,3.531607217155397e-05,0.85<=A<0.95,1.1<=beta<1.4,baseline_middle_50
802,821_0.7_1.3.png,821,0.7,1.3,480,640,37.4420357568239,0.9880565404891968,38.19110190233343,0.9896709322929382,0.7490661455095307,0.001614391803741455,11.88154411315918,6.564578533172607,10.877748489379883,0.5525021386658097,0.9155163997019914,0.4227027893066406,0.6774611473083496,6.695237636566162,3.627169132232666,0.5417536059396632,0.4215807616710663,0.6857671737670898,-0.00349234277382493,-0.003486400470137596,-0.0038430567365139723,-0.0035288361832499504,0.0001531804446130991,0.00012839128612540662,-2.4789158487692475e-05,0.008694490417838097,0.00787925161421299,-0.0008152388036251068,0.0001459186605643481,0.00012209177657496184,-2.382688398938626e-05,0.65<=A<0.75,1.1<=beta<1.4,baseline_strongest_25
803,822_0.64_0.8.png,822,0.64,0.8,480,640,40.0218205994614,0.992260217666626,38.64307980431804,0.9928488731384277,-1.378740795143358,0.0005886554718017578,8.776877403259277,5.712797164916992,10.54588794708252,0.6508917582459971,1.201553520978466,-0.015417825430631638,0.4203575551509857,4.985902786254883,3.1906423568725586,0.6399327250560337,-0.01642702706158161,0.42988407611846924,-0.00782154779881239,-0.006713016424328089,-0.006746303290128708,-0.007048262283205986,8.358679042430595e-05,0.0001206768283736892,3.709003794938326e-05,0.006437080446630716,0.008257316425442696,0.0018202359788119793,8.092196367215365e-05,0.0001157619699370116,3.484000626485795e-05,A<0.65,0.8<=beta<1.1,baseline_strongest_25
804,823_0.52_1.62.png,823,0.52,1.62,480,640,36.442917035150565,0.9877445697784424,34.58894526702111,0.9889700412750244,-1.8539717681294547,0.0012254714965820312,13.529094696044922,8.132223129272461,17.157379150390625,0.6010914486133225,1.2681838316503462,-0.20544247329235077,0.3339795470237732,7.693752288818359,4.569096088409424,0.5938709639833187,-0.2356639951467514,0.32792165875434875,-0.015194556675851345,-0.013686802238225937,-0.01284345705062151,-0.01404147781431675,0.00019860720203723758,0.00031941806082613766,0.00012081085878890008,0.010928699746727943,0.014479923993349075,0.003551224246621132,0.00019268821051809937,0.0003145810042042285,0.00012189279368612915,A<0.65,1.4<=beta<1.7,baseline_strongest_25
805,824_0.82_1.95.png,824,0.82,1.95,480,640,35.60213300483703,0.9815027117729187,35.091538562522786,0.9818652868270874,-0.5105944423142432,0.00036257505416870117,14.52213191986084,9.987241744995117,15.490997314453125,0.68772559016189,1.0667164711034776,0.24361638724803925,0.593850314617157,8.179610252380371,5.615417003631592,0.6865140062141022,0.24370762705802917,0.5910791754722595,-0.00351985776796937,-0.004748376086354256,-0.005603981204330921,-0.004478588234633207,0.0002288327959831804,0.00026038518990390003,3.1552393920719624e-05,0.010062255896627903,0.011175232008099556,0.001112976111471653,0.0002177930873585865,0.00024756192578934133,2.976883843075484e-05,0.75<=A<0.85,beta>=1.7,baseline_middle_50
806,825_0.79_0.64.png,825,0.79,0.64,480,640,38.2029337094562,0.9948193430900574,36.83126484561805,0.9945326447486877,-1.3716688638381456,-0.0002866983413696289,10.81053352355957,7.135211944580078,12.860499382019043,0.6600240338767921,1.1896267056562888,0.01546916738152504,0.4654123783111572,6.133220672607422,4.023470401763916,0.6560126590151556,0.00031912446138449013,0.4664244055747986,0.005725087597966194,0.005723392590880394,0.005973498336970806,0.005752411670982838,0.00012680949294008315,0.00017946229490917176,5.2652801969088614e-05,0.008418405428528786,0.01015619095414877,0.0017377855256199837,0.000122449200716801,0.00017509427561890334,5.264507490210235e-05,0.75<=A<0.85,beta<0.8,baseline_strongest_25
807,826_0.82_0.58.png,826,0.82,0.58,480,640,38.466547160720765,0.99495929479599,36.9655423460569,0.9945584535598755,-1.5010048146638653,-0.00040084123611450195,10.4442720413208,7.22376012802124,12.615084648132324,0.6916480248160705,1.2078471910941337,0.014083842746913433,0.4891616404056549,5.920830726623535,4.076465606689453,0.6884955498489879,0.001414210768416524,0.4840231239795685,0.004517376888543367,0.004700038582086563,0.004926950205117464,0.00467129098251462,0.00011836242629215121,0.00017267833754885942,5.4315911256708205e-05,0.008070341311395168,0.00970072578638792,0.001630384474992752,0.00011411534069338813,0.00016798678552731872,5.387144483393058e-05,0.75<=A<0.85,beta<0.8,baseline_strongest_25
808,827_0.72_0.85.png,827,0.72,0.85,480,640,38.489020651735515,0.9942445158958435,36.761611344870744,0.9940163493156433,-1.7274093068647716,-0.0002281665802001953,10.334169387817383,7.902674198150635,12.881261825561523,0.7647130506169989,1.246472874805674,0.020328810438513756,0.4813211262226105,5.826275825500488,4.493005752563477,0.7711625551434511,0.00417495658621192,0.48200559616088867,0.006977089215070009,0.00641397712752223,0.006560225505381823,0.006599020212888718,0.00011588005145313218,0.00018004221783485264,6.416216638172045e-05,0.008249600417912006,0.010350358672440052,0.0021007582545280457,0.00011049964086851105,0.00017550133634358644,6.50016954750754e-05,0.65<=A<0.75,0.8<=beta<1.1,baseline_strongest_25
809,828_0.63_0.64.png,828,0.63,0.64,480,640,41.54773088393856,0.9957437515258789,40.01499032812329,0.9954718351364136,-1.5327405558152734,-0.00027191638946533203,7.003194808959961,6.782258987426758,8.588671684265137,0.9684521382654477,1.2263933702482044,0.223996102809906,0.554017186164856,3.856904983520508,3.7770893573760986,0.9793057836567302,0.20403355360031128,0.5450882315635681,0.0050230855122208595,0.00485199224203825,0.005053627770394087,0.004926135763525963,5.3216957894619554e-05,8.004045230336487e-05,2.682349440874532e-05,0.005732160992920399,0.0070643797516822815,0.0013322187587618828,4.842355701839551e-05,7.551252929260954e-05,2.708897227421403e-05,A<0.65,beta<0.8,baseline_strongest_25
810,829_0.92_1.57.png,829,0.92,1.57,480,640,36.94772394594536,0.9925243258476257,35.50225056878838,0.9925713539123535,-1.4454733771569863,4.70280647277832e-05,11.9069185256958,9.188324928283691,14.509839057922363,0.7716794994821514,1.21860572293405,0.07159007340669632,0.5512009859085083,6.764911651611328,5.204194068908691,0.7692922445881624,0.07397453486919403,0.5493245124816895,0.006013509351760149,0.007034765090793371,0.0074491072446107864,0.006776644382625818,0.0001538354263175279,0.0002284455840708688,7.46101577533409e-05,0.009404562413692474,0.011212064884603024,0.0018075024709105492,0.0001489714632043615,0.00022017899027559906,7.120752707123756e-05,0.85<=A<0.95,1.4<=beta<1.7,baseline_strongest_25
811,82_0.83_1.9.png,82,0.83,1.9,400,400,27.902185750075713,0.9843578338623047,27.77841598383254,0.9812173247337341,-0.12376976624317138,-0.0031405091285705566,26.82282829284668,11.626980781555176,26.885536193847656,0.4334733330360971,1.0023378556622122,0.21133705973625183,0.4802190065383911,14.362761497497559,6.153783798217773,0.4284540824053894,0.22256773710250854,0.49590232968330383,-0.015027283690869808,-0.028960051015019417,-0.03517357259988785,-0.02550249546766281,0.0014988835901021957,0.001505900057964027,7.016467861831188e-06,0.02475048415362835,0.02853592485189438,0.0037854406982660294,0.001289305742830038,0.001280090888030827,-9.214854799211025e-06,0.75<=A<0.85,beta>=1.7,baseline_weakest_25
812,830_0.58_1.52.png,830,0.58,1.52,480,640,38.063132764370074,0.9943938851356506,37.80513035678269,0.9951205253601074,-0.2580024075873837,0.0007266402244567871,11.014742851257324,5.59916877746582,11.276646614074707,0.508334044024158,1.0237775648831862,0.20683553814888,0.6035169959068298,6.217288494110107,3.0705645084381104,0.49387518551648074,0.22387482225894928,0.6033791899681091,0.005589693319052458,0.007451146841049194,0.008337832055985928,0.006995654199272394,0.00013164558913558722,0.00013798041618429124,6.334827048704028e-06,0.008965185843408108,0.00898381881415844,1.863297075033188e-05,0.00012582902854774147,0.00012869545025750995,2.866421709768474e-06,A<0.65,1.4<=beta<1.7,baseline_strongest_25
813,831_0.8_1.88.png,831,0.8,1.88,480,640,36.91610542883916,0.9923726916313171,36.03800188620438,0.9926959276199341,-0.8781035426347827,0.00032323598861694336,12.098374366760254,9.02078914642334,13.491779327392578,0.7456199380974321,1.1151729082264674,0.20944884419441223,0.6132155060768127,6.825076580047607,5.098317623138428,0.7469978634441733,0.2252647578716278,0.6143136620521545,0.00482405349612236,0.006496813613921404,0.007409726735204458,0.006100730504840612,0.00015882233856245875,0.00019751314539462328,3.8690806832164526e-05,0.009674686938524246,0.010342445224523544,0.0006677582859992981,0.00015163302305154502,0.00018521388119552284,3.358085814397782e-05,0.75<=A<0.85,beta>=1.7,baseline_strongest_25
814,832_0.91_1.78.png,832,0.91,1.78,480,640,36.64321960252291,0.9919196963310242,35.159005430774144,0.9916921257972717,-1.4842141717487678,-0.0002275705337524414,12.303428649902344,10.012104988098145,15.015938758850098,0.8137654366921219,1.220467821298682,0.10609480738639832,0.5787784457206726,6.970561504364014,5.681898593902588,0.8151278186621492,0.10934082418680191,0.5775322318077087,0.005686414893716574,0.006750601343810558,0.007288834545761347,0.006493767723441124,0.0001642517017899081,0.00024465975002385676,8.040804823394865e-05,0.009785288944840431,0.011365973390638828,0.001580684445798397,0.00015816644008737057,0.00023506380966864526,7.689736958127469e-05,0.85<=A<0.95,beta>=1.7,baseline_strongest_25
815,833_0.84_0.74.png,833,0.84,0.74,480,640,38.901378981737345,0.9924712181091309,38.67703728167471,0.9926839470863342,-0.22434170006263798,0.00021272897720336914,10.053325653076172,5.078125,10.230963706970215,0.5051189203690192,1.0176695811937304,0.21726930141448975,0.6782947182655334,5.611583709716797,2.8062925338745117,0.5000892224088623,0.21275880932807922,0.6758590936660767,0.0015388870378956199,0.0017073519993573427,0.0015406777383759618,0.0016379801090806723,0.00010966726404149085,0.00011357706534909084,3.9098013075999916e-06,0.006307397503405809,0.00591618986800313,-0.00039120763540267944,0.0001025060992105864,0.000106328800029587,3.822700819000602e-06,0.75<=A<0.85,beta<0.8,baseline_strongest_25
816,834_1.0_1.28.png,834,1.0,1.28,480,640,34.366217789572254,0.9858971238136292,33.38154626432859,0.983954668045044,-0.9846715252436624,-0.001942455768585205,17.002958297729492,12.078751564025879,18.966205596923828,0.710391177377576,1.1154650423071673,0.18327467143535614,0.671977698802948,9.59282398223877,6.802648067474365,0.7091392566015545,0.17588560283184052,0.6720531582832336,0.003966506104916334,0.0038094171322882175,0.003646691795438528,0.0038378359749913216,0.00031369421049021184,0.0003903178439941257,7.662363350391388e-05,0.010794747620821,0.011517060920596123,0.0007223132997751236,0.00029955169884487987,0.00037546519888564944,7.591350004076958e-05,A>=0.95,1.1<=beta<1.4,baseline_middle_50
817,835_0.92_1.87.png,835,0.92,1.87,480,640,35.521020857387526,0.982632040977478,35.34241005523307,0.98162841796875,-0.17861080215445924,-0.0010036230087280273,14.29384708404541,10.885955810546875,14.482417106628418,0.7615833404778497,1.0131923912068073,0.36335498094558716,0.7371312975883484,8.002588272094727,6.116186141967773,0.7642759984660343,0.36844325065612793,0.742406964302063,-0.000570413307286799,0.0003854067763313651,0.0011511093471199274,0.00018690660363063216,0.0002216949505964294,0.00022758291743230075,5.887966835871339e-06,0.010104158893227577,0.009069905616343021,-0.0010342532768845558,0.00020846814732067287,0.00021283204841893166,4.363901098258793e-06,0.85<=A<0.95,beta>=1.7,baseline_middle_50
818,836_0.77_0.51.png,836,0.77,0.51,480,640,41.104008336461874,0.9944750070571899,41.64112327849173,0.9947206377983093,0.5371149420298593,0.00024563074111938477,7.7686872482299805,4.297178745269775,7.0959954261779785,0.553140911451783,0.9134098464054827,0.42633557319641113,0.7239230275154114,4.343265056610107,2.3861806392669678,0.5493978857300889,0.43556657433509827,0.7294942736625671,0.0010964408284053206,0.0010580916423350573,0.0007626957958564162,0.001035882974974811,6.548665260197595e-05,5.4636668210150674e-05,-1.0849984391825274e-05,0.0046056536957621574,0.004283732734620571,-0.0003219209611415863,6.14060991210863e-05,5.0551912863738835e-05,-1.0854186257347465e-05,0.75<=A<0.85,beta<0.8,baseline_strongest_25
819,837_0.58_1.79.png,837,0.58,1.79,480,640,33.36402846813947,0.9872984290122986,34.11540211060107,0.9898865222930908,0.7513736424615942,0.0025880932807922363,18.691987991333008,7.328914165496826,17.071983337402344,0.39208853380898034,0.9133316020381664,0.40750837326049805,0.7066671252250671,10.370828628540039,4.051965713500977,0.390708000164052,0.40050140023231506,0.7064946293830872,-0.00596780888736248,-0.005370289087295532,-0.004125293809920549,-0.0054070185869932175,0.0003791128401644528,0.0003162463253829628,-6.286651478148997e-05,0.012526833452284336,0.011197521351277828,-0.0013293121010065079,0.0003501109895296395,0.00029398626065813005,-5.612472887150943e-05,A<0.65,beta>=1.7,baseline_middle_50
820,838_0.95_1.3.png,838,0.95,1.3,480,640,31.878509036394572,0.9857664704322815,32.140247472296785,0.9873555302619934,0.26173843590221324,0.001589059829711914,22.67662239074707,10.752882957458496,22.00111961364746,0.4741836227711797,0.9702114906946971,0.29897674918174744,0.6037970185279846,12.902920722961426,6.138951778411865,0.47578001215548643,0.298321932554245,0.5990987420082092,0.005508726462721825,0.006124925799667835,0.006286607589572668,0.005959114525467157,0.0005579743883572519,0.0005252271075733006,-3.274728078395128e-05,0.013039334677159786,0.01311299204826355,7.365737110376358e-05,0.0005419445224106312,0.0005107801989652216,-3.1164323445409536e-05,A>=0.95,1.1<=beta<1.4,baseline_middle_50
821,839_0.64_0.83.png,839,0.64,0.83,480,640,39.79421959652118,0.9924428462982178,39.51367428458458,0.9943732023239136,-0.28054531193659926,0.0019303560256958008,8.676334381103516,5.554335117340088,8.988511085510254,0.6401707072789937,1.035980252799689,0.26287004351615906,0.7010326981544495,4.747798919677734,3.146613597869873,0.6627520775634397,0.26564863324165344,0.7020903825759888,0.0033691630233079195,0.003716113744303584,0.0038805794902145863,0.0036311245057731867,8.16827014205046e-05,8.766638347879052e-05,5.983682058285922e-06,0.006162782199680805,0.005862289573997259,-0.00030049262568354607,7.337758870562539e-05,7.977039786055684e-05,6.392809154931456e-06,A<0.65,0.8<=beta<1.1,baseline_strongest_25
822,83_0.9_0.57.png,83,0.9,0.57,400,400,28.814627022418208,0.9889164566993713,28.826564740003946,0.9859482645988464,0.011937717585738028,-0.0029681921005249023,24.35175132751465,6.311695098876953,23.967920303344727,0.25918854927470747,0.9842380525734,0.18992778658866882,0.6271395683288574,13.367568016052246,3.4610202312469482,0.258911735260358,0.23709118366241455,0.6376887559890747,-0.01574457436800003,-0.024808311834931374,-0.028026647865772247,-0.022465145215392113,0.0012354328064247966,0.0011967939790338278,-3.86388273909688e-05,0.02539644204080105,0.02420019917190075,-0.001196242868900299,0.0011168241035193205,0.0010545768309384584,-6.224727258086205e-05,0.85<=A<0.95,beta<0.8,baseline_weakest_25
823,840_0.73_1.28.png,840,0.73,1.28,480,640,36.002456305641644,0.9889972805976868,36.094555941196546,0.9912126064300537,0.09209963555490219,0.0022153258323669434,13.693562507629395,6.808602809906006,13.5083646774292,0.4972119421890819,0.9864755552036213,0.27562257647514343,0.6971696019172668,7.656596660614014,3.86450457572937,0.5047287648843527,0.281873881816864,0.6954176425933838,0.004166515544056892,0.00455527612939477,0.005028177984058857,0.004492947366088629,0.0002034653298323974,0.00019799904839601368,-5.466281436383724e-06,0.00921226479113102,0.00841568037867546,-0.0007965844124555588,0.0001908316189656034,0.00018514702969696373,-5.684589268639684e-06,0.65<=A<0.75,1.1<=beta<1.4,baseline_middle_50
824,841_0.56_0.7.png,841,0.56,0.7,480,640,42.7770223165139,0.9965015053749084,43.099857314300785,0.9965360760688782,0.3228349977868845,3.457069396972656e-05,5.960447788238525,4.203883171081543,5.679905891418457,0.7052965348302975,0.952932748211695,0.4178117513656616,0.6809529066085815,3.199266195297241,2.3055107593536377,0.720637364512719,0.37352240085601807,0.6734588146209717,0.002035713056102395,0.001587991020642221,0.0015022719744592905,0.0017120877746492624,3.854919850709848e-05,3.500578895909712e-05,-3.543409548001364e-06,0.004515934269875288,0.0043436819687485695,-0.00017225230112671852,3.331804691697471e-05,3.268399814260192e-05,-6.340487743727863e-07,A<0.65,beta<0.8,baseline_strongest_25
825,842_0.85_1.49.png,842,0.85,1.49,480,640,34.21111632016411,0.9898732304573059,33.96077839054811,0.9897032380104065,-0.250337929616002,-0.00016999244689941406,17.423648834228516,9.319087028503418,18.238731384277344,0.5348527806756643,1.0467802443566017,0.17791683971881866,0.6345102787017822,9.768136978149414,5.338735580444336,0.5465459373047987,0.15710477530956268,0.6290650963783264,0.001957695698365569,0.0015746515709906816,0.001602672622539103,0.001692376215942204,0.00032940926030278206,0.0003609498089645058,3.154054866172373e-05,0.01316434983164072,0.013200937770307064,3.658793866634369e-05,0.0003106005897279829,0.00035004140227101743,3.9440812543034554e-05,0.85<=A<0.95,1.4<=beta<1.7,baseline_middle_50
826,843_0.54_1.62.png,843,0.54,1.62,480,640,38.8742977762209,0.9934582710266113,38.61737017431575,0.9936137199401855,-0.2569276019051472,0.00015544891357421875,9.560592651367188,6.034666538238525,10.013931274414062,0.6312021396890656,1.0474174185197658,0.23869764804840088,0.5393313765525818,5.012792110443115,3.26731276512146,0.6517949863340013,0.13997963070869446,0.5218498110771179,0.006317727267742157,0.0048728035762906075,0.004755283240228891,0.005291439127177,9.918071009451523e-05,0.00010880948684643954,9.628776751924306e-06,0.007277541793882847,0.007986634038388729,0.0007090922445058823,8.179715950973332e-05,0.00010162156831938773,1.9824408809654415e-05,A<0.65,1.4<=beta<1.7,baseline_strongest_25
827,844_0.65_0.6.png,844,0.65,0.6,480,640,41.12831999492188,0.9962318539619446,42.117652317659555,0.9964441657066345,0.989332322737674,0.0002123117446899414,7.571314334869385,4.223147869110107,6.62063455581665,0.557782662603317,0.8744366252667101,0.4898701608181,0.7219803929328918,4.208705902099609,2.3120298385620117,0.5493445948334387,0.4590061902999878,0.7150413393974304,0.0016563443932682276,0.0012343910057097673,0.0009753311169333756,0.0013310223584994674,6.220138311618939e-05,4.7561636165482923e-05,-1.4639746950706467e-05,0.005679305177181959,0.004966524429619312,-0.0007127807475626469,5.7660181482788175e-05,4.598251689458266e-05,-1.1677664588205516e-05,0.65<=A<0.75,beta<0.8,baseline_strongest_25
828,845_0.65_1.14.png,845,0.65,1.14,480,640,38.150106462205066,0.9948227405548096,35.78314972999385,0.993998110294342,-2.3669567322112144,-0.0008246302604675293,10.801730155944824,11.58031940460205,14.582880020141602,1.0720800499009617,1.350050390965913,0.1523764431476593,0.5991911888122559,6.183238506317139,6.584468364715576,1.064889921032242,0.1664319783449173,0.6048648953437805,0.004535780753940344,0.007709234952926636,0.0077621787786483765,0.006766407750546932,0.0001266030449187383,0.00023075130593497306,0.00010414826101623476,0.007843803614377975,0.00997841078788042,0.0021346071735024452,0.00012445455649867654,0.0002214702544733882,9.701569797471166e-05,0.65<=A<0.75,1.1<=beta<1.4,baseline_strongest_25
829,846_0.6_1.35.png,846,0.6,1.35,480,640,37.45662739031686,0.9942895770072937,35.90815411927105,0.9935250878334045,-1.5484732710458076,-0.0007644891738891602,11.73775577545166,11.135152816772461,14.281785011291504,0.9486611435603829,1.2167389818384555,0.22110332548618317,0.5358176827430725,6.676121711730957,6.285411834716797,0.941476519769311,0.23712606728076935,0.5433148741722107,0.004354862496256828,0.008008500561118126,0.008152646943926811,0.0069324965588748455,0.00014949534670449793,0.00022132095182314515,7.182560511864722e-05,0.00802633073180914,0.010050230659544468,0.0020238999277353287,0.0001450865966035053,0.00020890742598567158,6.382082938216627e-05,A<0.65,1.1<=beta<1.4,baseline_strongest_25
830,847_0.59_0.93.png,847,0.59,0.93,480,640,39.29895337610705,0.9953017830848694,37.57158395003996,0.9952319860458374,-1.7273694260670922,-6.979703903198242e-05,9.432732582092285,8.834274291992188,11.769185066223145,0.93655515144824,1.2476962496070898,0.17104679346084595,0.5793888568878174,5.355535984039307,4.955116271972656,0.925232560613916,0.186752051115036,0.5783623456954956,0.0023629204370081425,0.0053293658420443535,0.005347789730876684,0.004444499034434557,9.654562018113211e-05,0.0001502970262663439,5.3751406085211784e-05,0.0068330238573253155,0.008366412483155727,0.001533388625830412,9.336512448498979e-05,0.00014102588465902954,4.766076017403975e-05,A<0.65,0.8<=beta<1.1,baseline_strongest_25
831,848_0.68_0.53.png,848,0.68,0.53,480,640,41.324751003982655,0.9962708950042725,38.18203000909628,0.9959954619407654,-3.142720994886375,-0.0002754330635070801,7.3146185874938965,8.132782936096191,11.040433883666992,1.111853316590033,1.50936562878935,-0.018872471526265144,0.5691623091697693,4.157235622406006,4.618351459503174,1.1109188602666444,-0.010304996743798256,0.5705108046531677,0.0028728956822305918,0.004922394175082445,0.004874550271779299,0.0043041398748755455,5.805517503176816e-05,0.0001322603930020705,7.420521797030233e-05,0.005510138347744942,0.007677022367715836,0.002166884019970894,5.625849007628858e-05,0.00012697749480139464,7.071900472510606e-05,0.65<=A<0.75,beta<0.8,baseline_strongest_25
832,849_0.69_1.0.png,849,0.69,1.0,480,640,36.577764931230185,0.9924570322036743,34.67050984016207,0.9915390610694885,-1.9072550910681159,-0.000917971134185791,13.329864501953125,8.892067909240723,17.0314998626709,0.667078641942522,1.277694897812007,-0.14054597914218903,0.4986679255962372,7.441812515258789,5.114861488342285,0.6873139410398619,-0.13327324390411377,0.48696181178092957,0.006637461483478546,0.013212067075073719,0.013098354451358318,0.011233296245336533,0.0001928008859977126,0.00031474826391786337,0.00012194737792015076,0.009081020951271057,0.012084463611245155,0.003003442659974098,0.00018027531041298062,0.00029846408870071173,0.00011818877828773111,0.65<=A<0.75,0.8<=beta<1.1,baseline_strongest_25
833,84_0.62_1.05.png,84,0.62,1.05,400,400,32.918936043289335,0.9925453066825867,30.706169070831976,0.9875192642211914,-2.2127669724573593,-0.005026042461395264,14.536101341247559,7.990996837615967,18.413301467895508,0.5497345299142047,1.2667290242154565,-0.2750367522239685,0.43600213527679443,7.304450035095215,4.115627288818359,0.5634410898896253,-0.2632997930049896,0.4442070722579956,-0.0031118178740143776,-0.013970786705613136,-0.01804422214627266,-0.011188327334821224,0.00044020466157235205,0.0007063535158522427,0.00026614885427989066,0.014792822301387787,0.018720801919698715,0.003927979618310928,0.0003334686625748873,0.0005382763920351863,0.00020480772946029902,A<0.65,0.8<=beta<1.1,baseline_middle_50
834,850_0.52_0.65.png,850,0.52,0.65,480,640,39.74640004350343,0.9952871799468994,39.13533427367915,0.9953393936157227,-0.611065769824279,5.221366882324219e-05,8.983652114868164,4.534514904022217,9.774164199829102,0.5047518365629368,1.087994512126379,0.07037361711263657,0.5546424388885498,4.7081990242004395,2.5255794525146484,0.5364215572733886,0.09748049825429916,0.5626983046531677,0.0003819067496806383,0.00657264981418848,0.0065774922259151936,0.004722170066088438,8.757162868278101e-05,0.00010366134665673599,1.6089717973954976e-05,0.006992341484874487,0.007582891266793013,0.0005905497819185257,7.215865480247885e-05,8.537573012290522e-05,1.3217075320426375e-05,A<0.65,beta<0.8,baseline_strongest_25
835,851_0.77_1.87.png,851,0.77,1.87,480,640,32.79215055713715,0.9875937700271606,31.786422270061422,0.9864575266838074,-1.0057282870757263,-0.0011362433433532715,20.88533592224121,14.921463966369629,23.873342514038086,0.7144469220856278,1.1430672028892237,0.1426500827074051,0.6130519509315491,11.670620918273926,8.535398483276367,0.731357700935311,0.13572223484516144,0.598317563533783,0.007491423282772303,0.014860291965305805,0.015282819047570229,0.012705168686807156,0.00047330433153547347,0.0006184207159094512,0.00014511638437397778,0.014985648915171623,0.01647302135825157,0.0014873724430799484,0.0004433704598341137,0.0005925029399804771,0.00014913248014636338,0.75<=A<0.85,beta>=1.7,baseline_middle_50
836,852_0.78_1.79.png,852,0.78,1.79,480,640,32.730825160750456,0.9875727295875549,31.59694839521518,0.9865000247955322,-1.1338767655352768,-0.001072704792022705,21.069507598876953,14.661810874938965,24.44126319885254,0.6958781929825674,1.160030109111582,0.09956948459148407,0.5841138362884521,11.792226791381836,8.387907028198242,0.7113081504104393,0.08983311057090759,0.5700157284736633,0.00834271963685751,0.015644680708646774,0.016024719923734665,0.01350471843034029,0.00048168853390961885,0.0006481937598437071,0.00016650522593408823,0.014952258206903934,0.01684994250535965,0.0018976842984557152,0.0004526582488324493,0.0006238360074348748,0.00017117775860242546,0.75<=A<0.85,beta>=1.7,baseline_middle_50
837,853_1.0_1.75.png,853,1.0,1.75,480,640,25.324051936244153,0.9737599492073059,25.97639571056879,0.9772453308105469,0.6523437743246383,0.003485381603240967,50.901309967041016,22.55194854736328,47.15904998779297,0.4430524197111202,0.926480085057316,0.38136571645736694,0.6954837441444397,29.609249114990234,13.007743835449219,0.43931353290765507,0.38753899931907654,0.6924387216567993,-0.006184771191328764,-0.007870379835367203,-0.006470596883445978,-0.007206807378679514,0.0028113536536693573,0.0024131685495376587,-0.0003981851041316986,0.03830118104815483,0.03567539155483246,-0.0026257894933223724,0.0028538662008941174,0.0024329039733856916,-0.0004209622275084257,A>=0.95,beta>=1.7,baseline_weakest_25
838,854_0.72_1.32.png,854,0.72,1.32,480,640,31.05528176623732,0.9900156259536743,31.190123343213134,0.9890902638435364,0.13484157697581267,-0.0009253621101379395,25.725282669067383,11.67477798461914,25.406530380249023,0.4538250613143753,0.9876093766230357,0.2540459930896759,0.6268224120140076,14.966123580932617,6.678055286407471,0.4462114221023509,0.26513031125068665,0.6191890835762024,-0.0029137067031115294,-0.004730504006147385,-0.0034834162797778845,-0.004045113921165466,0.0007180883549153805,0.0007004034705460072,-1.768488436937332e-05,0.018414191901683807,0.018642624840140343,0.00022843293845653534,0.0007291173678822815,0.0007017728057689965,-2.7344562113285065e-05,0.65<=A<0.75,1.1<=beta<1.4,baseline_middle_50
839,855_0.94_1.42.png,855,0.94,1.42,480,640,26.403131325278927,0.9814834594726562,27.109974493930373,0.9831008315086365,0.7068431686514458,0.0016173720359802246,44.93049621582031,17.850927352905273,41.39251708984375,0.39730091711339366,0.9212566202478125,0.3890429139137268,0.6532977223396301,26.14735984802246,10.293472290039062,0.39367157333927016,0.3965281844139099,0.6507422924041748,-0.009365369565784931,-0.010662444867193699,-0.009331409819424152,-0.010122881270945072,0.0021904832683503628,0.001859093550592661,-0.0003313897177577019,0.032898131757974625,0.03128714859485626,-0.0016109831631183624,0.0022255354560911655,0.001875622314400971,-0.0003499131416901946,0.85<=A<0.95,1.4<=beta<1.7,baseline_weakest_25
840,856_0.91_1.07.png,856,0.91,1.07,480,640,27.799777000697116,0.9863860607147217,28.44314064058917,0.9870848059654236,0.6433636398920548,0.0006987452507019043,38.20498275756836,14.32862663269043,35.494754791259766,0.3750460175211556,0.9290608771241573,0.3699619174003601,0.6130800247192383,22.24036407470703,8.260824203491211,0.3714338567364496,0.3779316842556,0.611846923828125,-0.009185808710753918,-0.01078779436647892,-0.009701112285256386,-0.010184919461607933,0.001583790173754096,0.001367054763250053,-0.0002167354105040431,0.027822939679026604,0.027336712926626205,-0.00048622675240039825,0.001610135892406106,0.0013802244793623686,-0.0002299114130437374,0.85<=A<0.95,0.8<=beta<1.1,baseline_weakest_25
841,857_0.8_1.07.png,857,0.8,1.07,480,640,37.59141407091342,0.9887039065361023,36.362031740681566,0.9886695742607117,-1.2293823302318572,-3.4332275390625e-05,10.892468452453613,10.002693176269531,13.033924102783203,0.9183127975015017,1.1965996651426802,0.22402364015579224,0.5633227825164795,6.201843738555908,5.681910991668701,0.9161648102071864,0.21081911027431488,0.5647621154785156,0.002942748134955764,0.0036965752951800823,0.004042613785713911,0.0035106295254081488,0.00012873900413978845,0.00018433504737913609,5.559604323934764e-05,0.008262819610536098,0.010316813364624977,0.0020539937540888786,0.0001252046349691227,0.000181930823600851,5.672618863172829e-05,0.75<=A<0.85,0.8<=beta<1.1,baseline_strongest_25
842,858_0.8_1.72.png,858,0.8,1.72,480,640,34.66889662259332,0.9817622900009155,34.444080347362615,0.9814650416374207,-0.22481627523070813,-0.00029724836349487305,15.469890594482422,13.769928932189941,15.680383682250977,0.8901115911641418,1.0136066306663882,0.42966535687446594,0.5731789469718933,8.735709190368652,7.754502773284912,0.8876786766018326,0.4181853234767914,0.5668966174125671,0.0053908261470496655,0.006257307715713978,0.0069816759787499905,0.006080807186663151,0.00025967610417865217,0.0002667908265721053,7.114722393453121e-06,0.011431936174631119,0.01282552070915699,0.0013935845345258713,0.0002484134747646749,0.00025972750154323876,1.1314026778563857e-05,0.75<=A<0.85,beta>=1.7,baseline_middle_50
843,859_0.97_1.76.png,859,0.97,1.76,480,640,32.46065974344561,0.9779355525970459,31.973676200232383,0.9740626811981201,-0.4869835432132277,-0.0038728713989257812,20.295005798339844,20.83300018310547,21.513347625732422,1.0265087081083581,1.0600316077511167,0.4530176818370819,0.6882610321044922,11.536093711853027,11.763141632080078,1.01968152529775,0.4511365294456482,0.6856969594955444,0.004988625645637512,0.006720039062201977,0.007286578882485628,0.0062669324688613415,0.00044692630763165653,0.0005021963152103126,5.527000757865608e-05,0.01590844988822937,0.016449416056275368,0.0005409661680459976,0.00043320789700374007,0.0004850712139159441,5.186331691220403e-05,A>=0.95,beta>=1.7,baseline_middle_50
844,85_0.81_1.32.png,85,0.81,1.32,400,400,29.668836067827606,0.9850098490715027,28.961956393731917,0.9851727485656738,-0.7068796740956884,0.00016289949417114258,21.031492233276367,8.31865406036377,22.706159591674805,0.39553323026703074,1.079626654153848,-0.011563058011233807,0.5055903196334839,12.052200317382812,4.811473369598389,0.3992194987548316,-0.011768973432481289,0.5112125873565674,-0.022998709231615067,-0.020027238875627518,-0.016884932294487953,-0.02055748738348484,0.0009215076570399106,0.0010741034056991339,0.00015259574865922332,0.02541564404964447,0.02623109146952629,0.0008154474198818207,0.0009078470175154507,0.0010610671015456319,0.00015322008403018117,0.75<=A<0.85,1.1<=beta<1.4,baseline_middle_50
845,860_0.84_0.88.png,860,0.84,0.88,480,640,38.2193896769471,0.9895360469818115,36.85655595319387,0.9900268912315369,-1.3628337237532335,0.0004908442497253418,10.08492374420166,10.34387493133545,12.394396781921387,1.025677059510011,1.2290025285563078,0.26400429010391235,0.6093013882637024,5.727401256561279,5.905835151672363,1.0311544253873728,0.25736862421035767,0.6109415888786316,-2.2393061954062432e-05,0.001003493438474834,0.001248168176971376,0.0007246463792398572,0.00011035773059120402,0.0001666895259404555,5.633179534925148e-05,0.007751159835606813,0.009499581530690193,0.0017484216950833797,0.0001067810007953085,0.000163642514962703,5.686151416739449e-05,0.75<=A<0.85,0.8<=beta<1.1,baseline_strongest_25
846,861_0.58_1.68.png,861,0.58,1.68,480,640,34.81820896661384,0.9913650155067444,35.251364176099926,0.9911037683486938,0.4331552094860882,-0.0002612471580505371,15.810153007507324,13.561018943786621,15.019148826599121,0.8577411576818568,0.9499685941981333,0.4857408106327057,0.6611441969871521,9.04183578491211,7.7485032081604,0.8569612844650573,0.4993331730365753,0.6584678888320923,0.0026055914349853992,0.005384183954447508,0.007133140694350004,0.004752765875309706,0.0002712249697651714,0.00024476434919051826,-2.646062057465315e-05,0.012906931340694427,0.010887360200285912,-0.002019571140408516,0.00026612888905219734,0.00023381134087685496,-3.231754817534238e-05,A<0.65,1.4<=beta<1.7,baseline_middle_50
847,862_0.81_1.83.png,862,0.81,1.83,480,640,32.218906945954316,0.9867897033691406,30.362374430186794,0.9849194288253784,-1.8565325157675225,-0.001870274543762207,22.150362014770508,18.14302635192871,27.52422523498535,0.8190848682215853,1.2426083698601131,0.077418252825737,0.603888213634491,12.737377166748047,10.298221588134766,0.8085040941567708,0.07457786053419113,0.6029983162879944,0.009519207291305065,0.012616856023669243,0.014222312718629837,0.011873682029545307,0.0005323768709786236,0.0008220301824621856,0.000289653311483562,0.01699524000287056,0.01950908452272415,0.002513844519853592,0.0005281275371089578,0.0008096648380160332,0.0002815373009070754,0.75<=A<0.85,beta>=1.7,baseline_middle_50
848,863_0.96_0.8.png,863,0.96,0.8,480,640,34.326301517884666,0.9921844005584717,31.43480072209977,0.9897701740264893,-2.8915007957848964,-0.002414226531982422,17.43093490600586,12.69393539428711,24.788820266723633,0.7282417990049055,1.422116507255305,-0.3378540873527527,0.5149718523025513,10.092629432678223,7.219349384307861,0.7153090710863546,-0.3387826383113861,0.5132843852043152,0.00654596695676446,0.008959623984992504,0.009948062710464,0.008350622840225697,0.0003296848153695464,0.0006667595589533448,0.0003370747435837984,0.013563907705247402,0.017485270276665688,0.003921362571418285,0.00033157935831695795,0.0006619436899200082,0.00033036433160305023,A>=0.95,0.8<=beta<1.1,baseline_middle_50
849,864_0.76_1.26.png,864,0.76,1.26,480,640,34.789490752412654,0.9915903806686401,32.72015736559816,0.9902207255363464,-2.069333386814492,-0.0013696551322937012,16.23188591003418,12.221179008483887,20.926055908203125,0.752911835150901,1.2891943686757383,-0.06318521499633789,0.6074672341346741,9.4058198928833,6.930563926696777,0.7368378307924682,-0.05385203659534454,0.6081381440162659,0.005236860364675522,0.007977736182510853,0.009434198960661888,0.007324250880628824,0.0002858877705875784,0.00047515175538137555,0.00018926398479379714,0.012552423402667046,0.014783911406993866,0.0022314880043268204,0.00028798647690564394,0.0004671977076213807,0.00017921123071573675,0.75<=A<0.85,1.1<=beta<1.4,baseline_middle_50
850,865_0.73_1.24.png,865,0.73,1.24,480,640,39.13979923001759,0.9940666556358337,39.68695795787874,0.994804322719574,0.5471587278611523,0.0007376670837402344,9.49290657043457,6.323744773864746,8.954106330871582,0.6661547469096448,0.94324180528216,0.4158620536327362,0.6215100884437561,5.513655662536621,3.623450994491577,0.6571775998112597,0.4135773777961731,0.6089862585067749,-0.0018585301004350185,-0.0023900417145341635,-0.0019325282191857696,-0.0021789632737636566,9.778133971849456e-05,8.699656609678641e-05,-1.0784773621708155e-05,0.00708583602681756,0.0068065449595451355,-0.0002792910672724247,9.895963012240827e-05,8.790534047875553e-05,-1.1054289643652737e-05,0.65<=A<0.75,1.1<=beta<1.4,baseline_strongest_25
851,866_0.62_0.59.png,866,0.62,0.59,480,640,42.31374256958259,0.9968717694282532,43.69344058235661,0.9973278641700745,1.3796980127740213,0.00045609474182128906,6.514402389526367,5.11151647567749,5.418755531311035,0.7846485632965522,0.8318116086938573,0.5886474847793579,0.8066912889480591,3.74895977973938,2.9235315322875977,0.7798247258045632,0.5958757996559143,0.8078659176826477,0.00062409951351583,-0.000128730564028956,-1.7577112885192037e-05,0.00010903708607656881,4.604757123161107e-05,3.186079629813321e-05,-1.4186774933477864e-05,0.005427700933068991,0.004171611741185188,-0.0012560891918838024,4.57509740954265e-05,3.105435462202877e-05,-1.4696619473397732e-05,A<0.65,beta<0.8,baseline_strongest_25
852,867_0.6_1.88.png,867,0.6,1.88,480,640,38.98364030009769,0.9927358031272888,38.63398340683254,0.993568480014801,-0.3496568932651485,0.000832676887512207,9.42939567565918,7.7675042152404785,10.078622817993164,0.8237541919352617,1.0688514051870666,0.325417160987854,0.5735083818435669,5.4265666007995605,4.423875331878662,0.8152254744697761,0.3184308409690857,0.5707584023475647,-0.0023550514597445726,-0.002753863111138344,-0.002219217596575618,-0.002573668956756592,9.647732804296538e-05,0.00011021988757420331,1.374255953123793e-05,0.007128881290555,0.008356520906090736,0.001227639615535736,9.585815132595599e-05,0.00010979657963616773,1.3938428310211748e-05,A<0.65,beta>=1.7,baseline_strongest_25
853,868_0.67_1.22.png,868,0.67,1.22,480,640,40.186018290759364,0.994747519493103,40.354938782258245,0.9953217506408691,0.16892049149888066,0.0005742311477661133,8.28610897064209,5.768025875091553,8.246828079223633,0.6961078952169016,0.9952594285740592,0.35484787821769714,0.6046627163887024,4.780418872833252,3.284006118774414,0.6869703693618074,0.35086679458618164,0.5962293744087219,-0.0009076331043615937,-0.0016181207029148936,-0.0011143195442855358,-0.0013482514768838882,7.450043631251901e-05,7.379576709354296e-05,-7.046692189760506e-07,0.00627874955534935,0.006327728740870953,4.897918552160263e-05,7.438933971570805e-05,7.363488111877814e-05,-7.544585969299078e-07,0.65<=A<0.75,1.1<=beta<1.4,baseline_strongest_25
854,869_0.55_0.51.png,869,0.55,0.51,480,640,41.94611861190524,0.9964317679405212,42.43464801574294,0.9962056875228882,0.4885294038376955,-0.00022608041763305664,6.719136714935303,4.094449996948242,6.24916410446167,0.6093714372334611,0.9300546140951444,0.4154543876647949,0.7157123684883118,3.8089911937713623,2.2469112873077393,0.5898966873386298,0.4101099371910095,0.708492636680603,-0.003071789862588048,-0.0022645036224275827,-0.001908304519020021,-0.0024652755819261074,4.898741462966427e-05,4.2374187614768744e-05,-6.6132270148955286e-06,0.005080690607428551,0.004796247463673353,-0.0002844431437551975,4.722790981759317e-05,4.081119550392032e-05,-6.4167143136728555e-06,A<0.65,beta<0.8,baseline_strongest_25
855,86_0.65_0.51.png,86,0.65,0.51,400,400,29.914834702074863,0.9884304404258728,30.26034249217039,0.9890851378440857,0.3455077900955281,0.0006546974182128906,20.750492095947266,6.443787574768066,19.236465454101562,0.31053661498594476,0.9270365909952851,0.38165584206581116,0.7019354701042175,11.980425834655762,3.659893035888672,0.30548939465087327,0.3928220868110657,0.7103316187858582,-0.0201860424131155,-0.018217070028185844,-0.015781724825501442,-0.01852816343307495,0.000897047808393836,0.0007709200726822019,-0.00012612773571163416,0.02557823248207569,0.02260216325521469,-0.002976069226861,0.0008970662020146847,0.0007654826040379703,-0.00013158359797671437,0.65<=A<0.75,beta<0.8,baseline_middle_50
856,870_0.92_0.7.png,870,0.92,0.7,480,640,38.45115873234079,0.9942905306816101,38.55666420007988,0.9941767454147339,0.10550546773909275,-0.0001137852668762207,10.264104843139648,5.399257659912109,10.131012916564941,0.5260329802185215,0.9870332650914353,0.28750675916671753,0.5781564116477966,5.909947872161865,3.1065378189086914,0.525645553244502,0.2902936637401581,0.5711941123008728,-0.0006893841200508177,0.0001240449637407437,0.0006039980798959732,-6.445564213208854e-05,0.00011431407619966194,0.00011136873217765242,-2.9453440220095217e-06,0.007073636166751385,0.00740073062479496,0.0003270944580435753,0.00011369623825885355,0.00011041270045097917,-3.2835378078743815e-06,0.85<=A<0.95,beta<0.8,baseline_strongest_25
857,871_0.51_1.24.png,871,0.51,1.24,480,640,37.46278962375796,0.994575023651123,36.553384700492636,0.993950366973877,-0.9094049232653276,-0.0006246566772460938,11.508810997009277,5.443840980529785,13.074968338012695,0.47301506488762757,1.1360833314067287,-0.07076110690832138,0.4839361906051636,6.503723621368408,3.0267789363861084,0.46539169137529596,-0.09982173889875412,0.4581197202205658,-0.008482785895466805,-0.007026325911283493,-0.0063028656877577305,-0.007379332557320595,0.00014372040459420532,0.00018549783271737397,4.177742812316865e-05,0.008459961973130703,0.009879211895167828,0.0014192499220371246,0.00013769017823506147,0.00018030554929282516,4.2615371057763696e-05,A<0.65,1.1<=beta<1.4,baseline_strongest_25
858,872_0.58_1.62.png,872,0.58,1.62,480,640,37.13011240513634,0.9927580952644348,37.232284047157684,0.992057740688324,0.10217164202134654,-0.0007003545761108398,11.499617576599121,5.724751949310303,11.386800765991211,0.49782107197718933,0.9901895163159613,0.2685207426548004,0.5860912799835205,6.360023021697998,3.1756296157836914,0.4993110252823994,0.24533489346504211,0.5764801502227783,-0.003746518399566412,-0.0026093977503478527,-0.0015196875901892781,-0.0028251700568944216,0.00014349090633913875,0.0001406892843078822,-2.8016220312565565e-06,0.008711716160178185,0.008619101718068123,-9.261444211006165e-05,0.00013167283032089472,0.0001322409516433254,5.681213224306703e-07,A<0.65,1.4<=beta<1.7,baseline_strongest_25
859,873_0.7_1.86.png,873,0.7,1.86,480,640,33.53498223464263,0.988615870475769,32.511151740713665,0.9879942536354065,-1.023830493928962,-0.0006216168403625488,18.85529327392578,11.827376365661621,21.413789749145508,0.6272708779352278,1.1356911525082332,0.08263920247554779,0.5181714296340942,10.715912818908691,6.77536153793335,0.632271058232009,0.09790059179067612,0.5270564556121826,0.0006855713436380029,-0.001282455283217132,-0.003100421978160739,-0.0009012635564431548,0.0003857661795336753,0.0004975590272806585,0.00011179284774698317,0.013807373121380806,0.016191929578781128,0.002384556457400322,0.00037379813147708774,0.0004769541847053915,0.00010315605322830379,0.65<=A<0.75,beta>=1.7,baseline_middle_50
860,874_0.77_1.02.png,874,0.77,1.02,480,640,33.55990613992518,0.9923136830329895,33.7658459383822,0.9924975633621216,0.20593979845701682,0.00018388032913208008,19.225299835205078,9.321539878845215,18.769073486328125,0.4848579714619458,0.9762694806953534,0.2907913327217102,0.5625103712081909,10.976387023925781,5.321181774139404,0.4847844525289203,0.28767284750938416,0.569688618183136,0.002455722074955702,0.0009196928585879505,-0.00048619459266774356,0.001218694495037198,0.0004010548291262239,0.0003822462458629161,-1.880858326330781e-05,0.014122102409601212,0.013958060182631016,-0.00016404222697019577,0.000392191024729982,0.00037497279117815197,-1.7218233551830053e-05,0.75<=A<0.85,0.8<=beta<1.1,baseline_middle_50
861,875_0.61_1.58.png,875,0.61,1.58,480,640,36.40929921895359,0.9922053217887878,36.23990802330235,0.9921015501022339,-0.16939119565124372,-0.00010377168655395508,13.3297119140625,8.725079536437988,13.59003734588623,0.654558747607535,1.019529711782375,0.297151654958725,0.589368999004364,7.412813186645508,4.898033618927002,0.6607523345861479,0.3243022561073303,0.5428906083106995,0.0006805105949752033,-0.001412603072822094,-0.002929731272161007,-0.0009597147582098842,0.00019279649131931365,0.00020040050731040537,7.604015991091728e-06,0.009590121917426586,0.010296201333403587,0.0007060794159770012,0.0001788730442058295,0.0001803087943699211,1.435750164091587e-06,A<0.65,1.4<=beta<1.7,baseline_strongest_25
862,876_0.63_0.98.png,876,0.63,0.98,480,640,37.24874167995459,0.9945076704025269,37.93016736243906,0.9947147965431213,0.6814256824844662,0.00020712614059448242,12.295939445495605,6.1245856285095215,11.292920112609863,0.4980982263012976,0.9184267833025821,0.40613874793052673,0.6649783253669739,6.928573131561279,3.4115874767303467,0.49239394777977646,0.4276413023471832,0.6607717275619507,0.002332956762984395,0.0003520539030432701,-0.0008133898372761905,0.000811483187135309,0.0001640517875785008,0.00013837896403856575,-2.5672823539935052e-05,0.009000184945762157,0.00838374812155962,-0.0006164368242025375,0.00015626668755430728,0.00012834429799113423,-2.7922389563173056e-05,A<0.65,0.8<=beta<1.1,baseline_strongest_25
863,877_0.67_1.49.png,877,0.67,1.49,480,640,36.090172984761885,0.9941616654396057,35.35815913388883,0.9934209585189819,-0.7320138508730523,-0.0007407069206237793,13.473509788513184,11.93862247467041,14.850300788879395,0.886081107451947,1.1021850298828588,0.3218260407447815,0.6314702033996582,7.782503128051758,6.96734619140625,0.8952577437833203,0.3328038454055786,0.6273642778396606,-0.0013905473751947284,-0.0020384478848427534,-0.0017225424526259303,-0.0018087124917656183,0.00019697858078870922,0.00023929192684590816,4.231334605719894e-05,0.010052494704723358,0.011107394471764565,0.0010548997670412064,0.00019715935923159122,0.0002376944903517142,4.053513112012297e-05,0.65<=A<0.75,1.4<=beta<1.7,baseline_middle_50
864,878_0.77_1.29.png,878,0.77,1.29,480,640,35.72769261393701,0.9944692254066467,34.51337941480605,0.9934181571006775,-1.214313199130956,-0.0010510683059692383,14.248043060302734,12.138313293457031,16.71828842163086,0.8519284537591174,1.1733743610173817,0.20481470227241516,0.5618000626564026,8.300251007080078,7.070377826690674,0.8518269894078712,0.21353697776794434,0.5595300793647766,-0.0012163715437054634,-0.0020998104009777308,-0.0019047822570428252,-0.0018134292913600802,0.00022027641534805298,0.0003032781824003905,8.300176705233753e-05,0.010655106045305729,0.012316230684518814,0.0016611246392130852,0.00022426486248150468,0.0003054075059480965,8.114264346659184e-05,0.75<=A<0.85,1.1<=beta<1.4,baseline_middle_50
865,879_0.87_1.64.png,879,0.87,1.64,480,640,32.77335098502832,0.9912499785423279,31.98833500364,0.9903762936592102,-0.7850159813883231,-0.0008736848831176758,20.295507431030273,16.175294876098633,22.350021362304688,0.7969889361508571,1.1012299859097496,0.26504990458488464,0.5837755799293518,11.80280876159668,9.373863220214844,0.7942061427543414,0.2709968090057373,0.5815620422363281,-0.0032115185167640448,-0.004219054710119963,-0.00387692847289145,-0.003878799034282565,0.00044694842654280365,0.0005420176894403994,9.506926289759576e-05,0.015087712556123734,0.01677250675857067,0.0016847942024469376,0.000453471060609445,0.0005443052505142987,9.08341899048537e-05,0.85<=A<0.95,1.4<=beta<1.7,baseline_middle_50
866,87_0.87_0.93.png,87,0.87,0.93,400,400,31.11139607891143,0.9872902631759644,29.884521939222722,0.9869536757469177,-1.2268741396887073,-0.00033658742904663086,17.30055809020996,7.756197929382324,20.1801815032959,0.4483206778035329,1.166446850909131,-0.17800521850585938,0.42073866724967957,9.904781341552734,4.466823101043701,0.4509764473350256,-0.18977808952331543,0.40456825494766235,-0.01906757429242134,-0.016637463122606277,-0.013390902429819107,-0.01699395850300789,0.0006235610926523805,0.0008484161226078868,0.00022485502995550632,0.019463375210762024,0.022310281172394753,0.0028469059616327286,0.0006131543195806444,0.0008428115397691727,0.0002296572201885283,0.85<=A<0.95,0.8<=beta<1.1,baseline_middle_50
867,880_0.7_0.67.png,880,0.7,0.67,480,640,39.66060636437725,0.9969698786735535,38.47498778783621,0.9963722229003906,-1.1856185765410387,-0.0005976557731628418,8.891487121582031,8.260433197021484,10.360906600952148,0.9290271789261428,1.1652613853315315,0.2719281315803528,0.6151145100593567,5.134857177734375,4.815339088439941,0.9377746881296097,0.2847605347633362,0.6169417500495911,-0.001505390857346356,-0.002006000839173794,-0.0020336115267127752,-0.0018594658467918634,8.57840059325099e-05,0.00011648045619949698,3.0696450266987085e-05,0.006785241421312094,0.0075311060063540936,0.0007458645850419998,8.582929149270058e-05,0.00011546947644092143,2.964018494822085e-05,0.65<=A<0.75,beta<0.8,baseline_strongest_25
868,881_0.71_1.55.png,881,0.71,1.55,480,640,34.25360362670087,0.9857827425003052,33.391973155003306,0.985069990158081,-0.8616304716975662,-0.0007127523422241211,16.79973602294922,10.085079193115234,18.92063331604004,0.6003117655740869,1.1262458701847204,0.07658065855503082,0.44143420457839966,9.64078140258789,5.759701728820801,0.5974310056729131,0.057461898773908615,0.44012293219566345,-0.00782287772744894,-0.007196882739663124,-0.007529578171670437,-0.007421981543302536,0.0003062403993681073,0.0003884444013237953,8.2204001955688e-05,0.011902601458132267,0.013624670915305614,0.0017220694571733475,0.00030255428282544017,0.0003897700225934386,8.721573976799846e-05,0.65<=A<0.75,1.4<=beta<1.7,baseline_middle_50
869,882_0.99_1.67.png,882,0.99,1.67,480,640,28.86536050329014,0.9746989607810974,28.38704185950067,0.9735721349716187,-0.4783186437894713,-0.0011268258094787598,32.33606719970703,18.028636932373047,34.279598236083984,0.5575395678462837,1.060104125352466,0.1677275449037552,0.5597861409187317,18.66142463684082,10.501423835754395,0.5627343056661817,0.1593925654888153,0.5596699118614197,0.0023504437413066626,0.003085172036662698,0.003387284465134144,0.002899929415434599,0.0011345717357471585,0.001275055343285203,0.00014048360753804445,0.02107083611190319,0.023159382864832878,0.0020885467529296875,0.0011336223687976599,0.0012892443919554353,0.0001556220231577754,A>=0.95,1.4<=beta<1.7,baseline_weakest_25
870,883_0.79_0.54.png,883,0.79,0.54,480,640,39.671710354871095,0.9927129149436951,39.413961918901464,0.9930915236473083,-0.2577484359696314,0.00037860870361328125,8.86801528930664,5.438488006591797,9.25977897644043,0.6132700304598836,1.0441771551303245,0.23300853371620178,0.5590929985046387,5.034916877746582,3.0942625999450684,0.614560811047576,0.2063586264848709,0.5533478260040283,0.0006822339491918683,0.0008398365462198853,0.00046991195995360613,0.0007505419198423624,8.533171057933941e-05,9.303765546064824e-05,7.705944881308824e-06,0.006222402211278677,0.00656336173415184,0.0003409595228731632,8.252079715020955e-05,9.275709453504533e-05,1.023629738483578e-05,0.75<=A<0.85,beta<0.8,baseline_strongest_25
871,884_0.73_1.32.png,884,0.73,1.32,480,640,34.94963369650885,0.9874095320701599,34.39553445727798,0.987088143825531,-0.5540992392308652,-0.00032138824462890625,15.526515007019043,7.85054874420166,16.795869827270508,0.5056220755689655,1.0817540072371443,0.08451186865568161,0.4668234884738922,8.888467788696289,4.4749836921691895,0.5034595161451955,0.0570499412715435,0.4596081078052521,-0.005189194809645414,-0.00473632151260972,-0.004990423563867807,-0.00490069855004549,0.0002615806006360799,0.00030609939130954444,4.451879067346454e-05,0.010908886790275574,0.01210043579339981,0.001191549003124237,0.0002571773075032979,0.0003075909335166216,5.0413626013323665e-05,0.65<=A<0.75,1.1<=beta<1.4,baseline_middle_50
872,885_0.82_0.54.png,885,0.82,0.54,480,640,37.3676869089368,0.9945448637008667,38.90607633244241,0.9950370788574219,1.5383894235056133,0.0004922151565551758,12.1235933303833,5.811161041259766,9.905891418457031,0.4793266223056361,0.8170755277341396,0.5863866806030273,0.7252644300460815,6.317198276519775,3.063394069671631,0.4849292258338444,0.578974187374115,0.7214128971099854,-0.001062460127286613,-0.0009932181565091014,-0.0013338136486709118,-0.0010527493432164192,0.0001594851491972804,0.00010647426825016737,-5.301088094711304e-05,0.00858383346349001,0.00712859770283103,-0.0014552357606589794,0.00012990558752790093,8.750873530516401e-05,-4.2396852222736925e-05,0.75<=A<0.85,beta<0.8,baseline_strongest_25
873,886_0.51_0.87.png,886,0.51,0.87,480,640,38.997989226606165,0.9953743815422058,39.56087856093743,0.9955006241798401,0.5628893343312669,0.00012624263763427734,9.865738868713379,4.902594089508057,9.096220016479492,0.4969312643227723,0.9220008899004802,0.3993057608604431,0.6134580373764038,4.758122444152832,2.2342092990875244,0.4695569156344647,0.2860414385795593,0.5746747851371765,-0.003358426271006465,-0.003167351009324193,-0.0034505249932408333,-0.003256764030084014,0.00010561284580035135,8.977996185421944e-05,-1.5832883946131915e-05,0.007818049751222134,0.007586158346384764,-0.00023189140483736992,7.36970323487185e-05,7.014912989689037e-05,-3.547902451828122e-06,A<0.65,0.8<=beta<1.1,baseline_strongest_25
874,887_0.61_1.36.png,887,0.61,1.36,480,640,36.651706155979525,0.9918560981750488,37.061858110289016,0.9920908808708191,0.4101519543094909,0.00023478269577026367,12.863304138183594,7.7911200523376465,12.219039916992188,0.605685752948217,0.9499145620541642,0.38346415758132935,0.6185230612754822,6.1422038078308105,3.471635103225708,0.5652100144901827,0.2903537154197693,0.5729910135269165,0.00788742583245039,0.0062863389030098915,0.005105033051222563,0.006630395073443651,0.00017954056966118515,0.00016200622485484928,-1.7534344806335866e-05,0.009845947846770287,0.009537427686154842,-0.0003085201606154442,0.00012280818191356957,0.00012173246796010062,-1.0757139534689486e-06,A<0.65,1.1<=beta<1.4,baseline_strongest_25
875,888_0.85_1.91.png,888,0.85,1.91,480,640,31.394823963983008,0.9820695519447327,31.24390215952112,0.9818124771118164,-0.15092180446188763,-0.00025707483291625977,24.115015029907227,14.947602272033691,24.665796279907227,0.6198462764172367,1.0228397639112778,0.2726548910140991,0.5251801013946533,12.86125659942627,7.800796031951904,0.6065345148544732,0.24889646470546722,0.5222723484039307,0.009369917213916779,0.009332102723419666,0.008915221318602562,0.00929588545113802,0.0006310047465376556,0.000660157878883183,2.915313234552741e-05,0.017517276108264923,0.019277794286608696,0.0017605181783437729,0.0005384503165259957,0.0005739641492255032,3.5513832699507475e-05,0.85<=A<0.95,beta>=1.7,baseline_middle_50
876,889_0.63_1.04.png,889,0.63,1.04,480,640,38.407280845986094,0.995983362197876,37.04778936785618,0.9959068894386292,-1.359491478129911,-7.647275924682617e-05,10.451117515563965,6.769758701324463,12.277199745178223,0.64775452876143,1.1747260258909946,0.030570758506655693,0.4311921000480652,5.9422149658203125,3.818026542663574,0.6425258198541968,0.004682634957134724,0.41514769196510315,-0.008120719343423843,-0.007677879650145769,-0.00660302396863699,-0.007687754929065704,0.00011851764429593459,0.0001635521330172196,4.5034488721285015e-05,0.00840730033814907,0.010252556763589382,0.0018452564254403114,0.00011494114005472511,0.0001617017260286957,4.676058597397059e-05,A<0.65,0.8<=beta<1.1,baseline_strongest_25
877,88_0.63_0.94.png,88,0.63,0.94,400,400,28.751066214147095,0.9887889623641968,29.43111888068065,0.9885873794555664,0.6800526665335553,-0.0002015829086303711,24.30984115600586,7.596083641052246,21.574007034301758,0.3124694888915635,0.8874598108581964,0.49613213539123535,0.6895483136177063,14.001848220825195,4.353561878204346,0.3109276582308053,0.49658143520355225,0.6847053170204163,-0.02075551077723503,-0.01936502940952778,-0.017591482028365135,-0.0195786003023386,0.0012311841128394008,0.0009696620400063694,-0.0002615220728330314,0.029686927795410156,0.025820422917604446,-0.00386650487780571,0.0012253234162926674,0.0009654007735662162,-0.00025992264272645116,A<0.65,0.8<=beta<1.1,baseline_weakest_25
878,890_0.8_0.6.png,890,0.8,0.6,480,640,38.48627378028634,0.9964439272880554,36.74742231760298,0.9964779019355774,-1.7388514626833569,3.3974647521972656e-05,10.5866060256958,8.768604278564453,13.084269523620605,0.828273410503924,1.2359267447813282,0.09569419175386429,0.6130703091621399,6.063803195953369,5.029290676116943,0.8293954327992044,0.10108602046966553,0.6075394749641418,-0.0005517861573025584,-0.0001307952479692176,0.00047421237104572356,-0.00018770064343698323,0.00012161050108261406,0.00018576184811536223,6.415134703274816e-05,0.007899588905274868,0.00902093667536974,0.0011213477700948715,0.0001196930679725483,0.0001819593453546986,6.226627738215029e-05,0.75<=A<0.85,beta<0.8,baseline_strongest_25
879,891_0.81_0.99.png,891,0.81,0.99,480,640,36.25167610867822,0.9950157403945923,35.001095438858606,0.995000422000885,-1.2505806698196125,-1.531839370727539e-05,13.726962089538574,8.70044231414795,15.851482391357422,0.6338213988933957,1.154769881927332,0.05382910370826721,0.6352043747901917,7.858366012573242,5.024871349334717,0.6394295380610949,0.05493195727467537,0.6315152645111084,-0.0007467021350748837,-0.0006462835590355098,0.00015804731810931116,-0.0005846149870194495,0.00020445908012334257,0.0002726448583416641,6.81857782183215e-05,0.00995967723429203,0.010309852659702301,0.0003501754254102707,0.00020102187409065664,0.0002690918918233365,6.807001773267984e-05,0.75<=A<0.85,0.8<=beta<1.1,baseline_strongest_25
880,892_0.86_1.73.png,892,0.86,1.73,480,640,33.266470141167005,0.9915635585784912,31.391268964491378,0.9904581904411316,-1.8752011766756276,-0.0011053681373596191,19.09229850769043,12.30572509765625,23.9599609375,0.6445386914885848,1.2549542386344348,-0.12371627986431122,0.5611657500267029,10.953113555908203,7.1533427238464355,0.6530876072208583,-0.11529470980167389,0.5563364028930664,-0.002392298076301813,-0.002652204828336835,-0.0014261347241699696,-0.002434720750898123,0.00039552501402795315,0.000622916326392442,0.00022739131236448884,0.012852927669882774,0.015472708269953728,0.0026197806000709534,0.0003905296034645289,0.0006159113836474717,0.00022538178018294275,0.85<=A<0.95,beta>=1.7,baseline_middle_50
881,893_1.0_1.91.png,893,1.0,1.91,480,640,32.10142880450961,0.9893437623977661,30.19810979868334,0.9862880706787109,-1.903319005826269,-0.0030556917190551758,21.82805824279785,16.520938873291016,27.679616928100586,0.7568670877420847,1.2680750903362397,-0.02323167957365513,0.5518027544021606,12.52673625946045,9.481390953063965,0.7568923586064505,-0.019828690215945244,0.5505223274230957,-0.00020602555014193058,0.0004968069260939956,0.0014678346924483776,0.0003973572456743568,0.0005169966607354581,0.0008313381113111973,0.00031434145057573915,0.016013123095035553,0.019628766924142838,0.0036156438291072845,0.0005108044715598226,0.0008187696803361177,0.0003079652087762952,A>=0.95,beta>=1.7,baseline_middle_50
882,894_0.8_0.61.png,894,0.8,0.61,480,640,41.78888944145238,0.9972978234291077,40.4922627349649,0.9969363212585449,-1.29662670648748,-0.00036150217056274414,6.969626426696777,6.501589298248291,8.229828834533691,0.9328461670978956,1.180813479903281,0.25506967306137085,0.6925108432769775,3.9855518341064453,3.725407600402832,0.9347281770425306,0.26304519176483154,0.6933526396751404,0.0016559935174882412,0.002132032299414277,0.002234884537756443,0.002001421991735697,5.2708001021528617e-05,7.349184306804091e-05,2.078384204651229e-05,0.005361155606806278,0.005858683958649635,0.0004975283518433571,5.1707756938412786e-05,7.145832933019847e-05,1.975057239178568e-05,0.75<=A<0.85,beta<0.8,baseline_strongest_25
883,895_0.51_1.82.png,895,0.51,1.82,480,640,36.241587417280584,0.9951111674308777,30.558903537850167,0.9924087524414062,-5.682683879430417,-0.0027024149894714355,13.523676872253418,17.366802215576172,27.540388107299805,1.2841775487262426,2.036457123861376,-0.5832704305648804,0.3446383476257324,7.735934257507324,10.00550651550293,1.2933804996847154,-0.6042689681053162,0.32819318771362305,-0.015655353665351868,-0.014866954647004604,-0.013535703532397747,-0.014950924552977085,0.000198448178707622,0.000822995905764401,0.000624547727056779,0.00934467650949955,0.019262993708252907,0.009918317198753357,0.00019480691116768867,0.0008251888793893158,0.0006303819682216272,A<0.65,beta>=1.7,baseline_strongest_25
884,896_0.98_0.62.png,896,0.98,0.62,480,640,38.31361388447589,0.9964823722839355,36.676025619881514,0.9958239793777466,-1.6375882645943776,-0.0006583929061889648,10.685162544250488,6.944180488586426,12.963282585144043,0.6498900189705561,1.213204060439808,-0.03808882087469101,0.5292776823043823,6.1050896644592285,4.028604030609131,0.6598763084613882,-0.044103436172008514,0.5244489312171936,0.0008389624417759478,0.0010078024351969361,0.0013071700232103467,0.0009914471302181482,0.00012388531467877328,0.00018234235176350921,5.845703708473593e-05,0.007739268243312836,0.009480620734393597,0.001741352491080761,0.00012132851406931877,0.0001812214031815529,5.9892889112234116e-05,A>=0.95,beta<0.8,baseline_strongest_25
885,897_0.57_1.69.png,897,0.57,1.69,480,640,39.022516055972936,0.9918733835220337,38.55435940669659,0.992108166217804,-0.46815664927634515,0.00023478269577026367,9.368265151977539,6.7951836585998535,10.037075996398926,0.7253406632246595,1.0713911096207827,0.2607327997684479,0.5965930819511414,5.248226642608643,3.8693015575408936,0.7372588535196432,0.2668289542198181,0.5914434194564819,0.0017673054244369268,0.0017790835117921233,0.0024414111394435167,0.0018510669469833374,9.5230461738538e-05,0.00010931303404504433,1.4082572306506336e-05,0.006988105829805136,0.00760505860671401,0.0006169527769088745,8.966108725871891e-05,0.00010311981168342754,1.3458724424708635e-05,A<0.65,1.4<=beta<1.7,baseline_strongest_25
886,898_0.57_1.86.png,898,0.57,1.86,480,640,38.390012811132564,0.9909101128578186,38.12252129574862,0.9912137985229492,-0.267491515383945,0.00030368566513061523,10.150168418884277,7.143966197967529,10.524787902832031,0.7038273556797597,1.036907711132239,0.2985073924064636,0.6193356513977051,5.707057476043701,4.066413879394531,0.7125237298667417,0.31198829412460327,0.6181260347366333,0.0017087400192394853,0.001834486029110849,0.002608719514682889,0.00188515055924654,0.00011179027205798775,0.00012019440328003839,8.404131222050637e-06,0.007630666717886925,0.007988236844539642,0.0003575701266527176,0.0001060237773344852,0.00011271303083049133,6.689253496006131e-06,A<0.65,beta>=1.7,baseline_strongest_25
887,899_0.98_1.65.png,899,0.98,1.65,480,640,30.093362566175735,0.9830950498580933,31.685063450578802,0.9837820529937744,1.5917008844030676,0.0006870031356811523,28.391565322875977,14.595667839050293,23.430734634399414,0.514084647079677,0.8252709693156839,0.5672322511672974,0.6638728380203247,16.518478393554688,8.451555252075195,0.5116424800587499,0.5712502598762512,0.6637272834777832,0.0002085846645059064,0.00022264292056206614,0.0008925497531890869,0.0002948087640106678,0.0008746538078412414,0.0005957023822702467,-0.0002789514255709946,0.01883729360997677,0.016624590381979942,-0.002212703227996826,0.0008882166002877057,0.0006015236140228808,-0.00028669298626482487,A>=0.95,1.4<=beta<1.7,baseline_middle_50
888,89_0.63_1.05.png,89,0.63,1.05,400,400,26.527898980609933,0.9771170616149902,24.30359497588174,0.9656904935836792,-2.224304004728193,-0.011426568031311035,32.33906555175781,11.035412788391113,41.910614013671875,0.34124092951075624,1.2959748000941789,-0.8250848054885864,0.10375486314296722,18.71745491027832,6.311218738555908,0.3371835951419991,-0.8242527842521667,0.0949055552482605,0.04656928777694702,0.04551033303141594,0.04421374574303627,0.04567914828658104,0.0021787816658616066,0.0036593740805983543,0.0014805924147367477,0.040957365185022354,0.0531650073826313,0.012207642197608948,0.0021896446123719215,0.00365570280700922,0.0014660581946372986,A<0.65,0.8<=beta<1.1,baseline_weakest_25
889,8_0.74_1.34.png,8,0.74,1.34,400,400,30.104708894367494,0.9878746271133423,29.29527295875107,0.986879289150238,-0.809435935616424,-0.000995337963104248,20.938798904418945,7.733737945556641,23.143999099731445,0.3693496451663474,1.1053164608619033,-0.11548049747943878,0.4959377646446228,11.917980194091797,4.096871376037598,0.3437555113632908,-0.168557271361351,0.4162430763244629,-0.00916349608451128,-0.011867355555295944,-0.015682639554142952,-0.011493843980133533,0.0009134027059189975,0.001115926424972713,0.00020252371905371547,0.02083578333258629,0.02341110073029995,0.002575317397713661,0.0008877389482222497,0.0010955168399959803,0.00020777789177373052,0.65<=A<0.75,1.1<=beta<1.4,baseline_middle_50
890,900_0.95_1.75.png,900,0.95,1.75,480,640,30.622296430689957,0.9833511114120483,31.87920062574767,0.9838370084762573,1.2569041950577144,0.0004858970642089844,26.597904205322266,14.122211456298828,22.86906623840332,0.5309520384494415,0.8598070758457427,0.5110083818435669,0.6551665663719177,15.455622673034668,8.165730476379395,0.5283339693991168,0.5150550007820129,0.6543625593185425,0.00020204842439852655,0.000729838851839304,0.0014223025646060705,0.0006509703816846013,0.0007676307577639818,0.0005674850544892251,-0.00020014570327475667,0.017664704471826553,0.016352394595742226,-0.0013123098760843277,0.0007775920676067472,0.0005714482394978404,-0.00020614382810890675,A>=0.95,beta>=1.7,baseline_middle_50
891,901_0.64_0.74.png,901,0.64,0.74,480,640,35.74393207371379,0.9963172078132629,37.62909549442598,0.9967694878578186,1.885163420712189,0.00045228004455566406,14.724373817443848,5.112353324890137,11.73572826385498,0.3472034456795421,0.7970273241740004,0.6988665461540222,0.8483366966247559,8.265878677368164,2.874476432800293,0.34775207149731835,0.728278398513794,0.8570454120635986,-0.007713109254837036,-0.00907632801681757,-0.010016691870987415,-0.008775927126407623,0.0002352508599869907,0.00014944368740543723,-8.580717258155346e-05,0.012277577072381973,0.009496837854385376,-0.0027807392179965973,0.000222411283175461,0.0001366518990835175,-8.57593840919435e-05,A<0.65,beta<0.8,baseline_middle_50
892,902_0.83_0.82.png,902,0.83,0.82,480,640,33.18493553959475,0.9952483177185059,34.69949665553331,0.9960078597068787,1.5145611159385624,0.0007595419883728027,20.145917892456055,5.645337104797363,16.89439582824707,0.28022238226789087,0.8386014436489605,0.669597327709198,0.8799125552177429,11.29871940612793,3.1665146350860596,0.2802542944263826,0.677924633026123,0.8906516432762146,-0.008840936236083508,-0.011143461801111698,-0.012463182210922241,-0.010605454444885254,0.0004403841739986092,0.000309701164951548,-0.0001306830090470612,0.014465558342635632,0.011762150563299656,-0.0027034077793359756,0.00041556337964721024,0.0002902958949562162,-0.00012526748469099402,0.75<=A<0.85,0.8<=beta<1.1,baseline_middle_50
893,903_0.56_1.15.png,903,0.56,1.15,480,640,35.19950745092393,0.9957583546638489,35.506922739063654,0.9960108995437622,0.3074152881397225,0.0002525448799133301,15.638382911682129,4.725512504577637,15.181720733642578,0.30217398635555864,0.9707986317627242,0.2463136464357376,0.6351727247238159,8.768104553222656,2.6103997230529785,0.2977153964357718,0.24621278047561646,0.6549035310745239,-0.011741984635591507,-0.01229940913617611,-0.012847671285271645,-0.012195241637527943,0.00026536351651884615,0.0002500918635632843,-1.5271652955561876e-05,0.013696921057999134,0.013019383884966373,-0.0006775371730327606,0.00025025929789990187,0.0002357522171223536,-1.4507080777548254e-05,A<0.65,1.1<=beta<1.4,baseline_middle_50
894,904_0.82_1.3.png,904,0.82,1.3,480,640,31.708307598844982,0.9938966631889343,32.7756117040512,0.9946920871734619,1.0673041052062189,0.0007954239845275879,23.965770721435547,6.341622352600098,21.230436325073242,0.264611659116308,0.8858649518032918,0.5390211939811707,0.849096953868866,13.416339874267578,3.5576493740081787,0.2651728718375508,0.5540424585342407,0.8620163202285767,-0.01112482137978077,-0.014138299971818924,-0.01573384925723076,-0.01341916248202324,0.0006232184823602438,0.0004890749114565551,-0.00013414357090368867,0.01748126558959484,0.015047323890030384,-0.002433941699564457,0.0005859315278939903,0.00045496560051105917,-0.0001309659273829311,0.75<=A<0.85,1.1<=beta<1.4,baseline_middle_50
895,905_0.76_0.64.png,905,0.76,0.64,480,640,37.973394720246375,0.99308842420578,38.885546998726305,0.9930019974708557,0.9121522784799296,-8.64267349243164e-05,10.870038032531738,4.994710922241211,9.40807819366455,0.45949341734528354,0.865505545197556,0.5027648210525513,0.6471894979476929,6.194453239440918,2.8203885555267334,0.45530871676759777,0.5056175589561462,0.6419927477836609,-0.004082372412085533,-0.0033002735581249,-0.003131687408313155,-0.003514902200549841,0.00012820934352930635,9.604160732124001e-05,-3.2167736208066344e-05,0.007618710398674011,0.007004967890679836,-0.000613742507994175,0.00012490642257034779,9.329034946858883e-05,-3.161607310175896e-05,0.75<=A<0.85,beta<0.8,baseline_strongest_25
896,906_0.95_1.42.png,906,0.95,1.42,480,640,33.36083935760099,0.9833311438560486,33.42216675459661,0.9834262728691101,0.06132739699562251,9.512901306152344e-05,17.85160255432129,10.405043601989746,17.0845947265625,0.5828632790993336,0.9570342312167867,0.36356306076049805,0.6926574110984802,10.29442024230957,5.997903347015381,0.5826363414196253,0.3535863161087036,0.6949304342269897,-0.005457484629005194,-0.0048231882974505424,-0.004132350441068411,-0.0049340869300067425,0.00034578959457576275,0.0003167137037962675,-2.907589077949524e-05,0.012658176012337208,0.011067614890635014,-0.0015905611217021942,0.0003449709911365062,0.0003199400962330401,-2.5030894903466105e-05,A>=0.95,1.4<=beta<1.7,baseline_middle_50
897,907_0.51_1.15.png,907,0.51,1.15,480,640,34.86911983563797,0.9914853572845459,36.56740430973331,0.991862416267395,1.6982844740953453,0.0003770589828491211,15.747900009155273,6.802597999572754,12.703495025634766,0.43196857965938085,0.8066786694257267,0.6202607750892639,0.6958297491073608,8.97535514831543,3.7965517044067383,0.42299737911978974,0.626677930355072,0.6971163153648376,-0.0021785402204841375,-0.0019492751453071833,-0.001280536293052137,-0.0019415891729295254,0.00026909325970336795,0.00017510719771962613,-9.398606198374182e-05,0.01157261524349451,0.0095922090113163,-0.001980406232178211,0.0002622297906782478,0.00017012434545904398,-9.210544521920383e-05,A<0.65,1.1<=beta<1.4,baseline_middle_50
898,908_0.68_1.49.png,908,0.68,1.49,480,640,33.72490512605685,0.9869888424873352,34.92030769301432,0.9880046248435974,1.195402566957469,0.001015782356262207,17.932971954345703,7.094161033630371,15.108344078063965,0.3955931594434486,0.8424896953236329,0.5646017789840698,0.6574511528015137,10.281838417053223,3.970369815826416,0.38615368718898085,0.5657866597175598,0.6600087881088257,-0.006134423427283764,-0.005433439742773771,-0.004715174902230501,-0.005561152007430792,0.00034894910641014576,0.00024768017465248704,-0.00010126893175765872,0.013009374029934406,0.011320728808641434,-0.0016886452212929726,0.000344128260621801,0.0002450721513014287,-9.905610932037234e-05,0.65<=A<0.75,1.4<=beta<1.7,baseline_middle_50
899,909_0.51_1.37.png,909,0.51,1.37,480,640,38.411712176127615,0.9948878288269043,38.04094464467237,0.99505215883255,-0.3707675314552432,0.00016433000564575195,9.446333885192871,5.673715114593506,10.044748306274414,0.6006261459259931,1.0633488534657405,0.19150091707706451,0.6283947229385376,5.073540687561035,3.105473756790161,0.612092017790249,0.18219579756259918,0.6225449442863464,-0.003247479209676385,-0.0022728086914867163,-0.0019179221708327532,-0.0025237782392650843,9.682424570200965e-05,0.00010948022827506065,1.2655982573051006e-05,0.006848042365163565,0.00704134302213788,0.00019330065697431564,8.379171777050942e-05,9.649583080317825e-05,1.2704113032668829e-05,A<0.65,1.1<=beta<1.4,baseline_strongest_25
900,90_0.89_0.67.png,90,0.89,0.67,400,400,30.07202589234336,0.9869827628135681,26.440103487648795,0.979290246963501,-3.6319224046945635,-0.007692515850067139,21.491140365600586,13.858113288879395,32.722774505615234,0.6448291274045718,1.5226169458179317,-0.6998427510261536,0.32931652665138245,12.3753662109375,7.989342212677002,0.6455843064761932,-0.6995135545730591,0.33266425132751465,0.03738302364945412,0.035723235458135605,0.03555387631058693,0.036200206726789474,0.0009622274083085358,0.0022307918407022953,0.0012685644323937595,0.025693368166685104,0.036668531596660614,0.01097516342997551,0.0009571855189278722,0.0022206406574696302,0.001263455138541758,0.85<=A<0.95,beta<0.8,baseline_middle_50
901,910_0.92_1.51.png,910,0.92,1.51,480,640,33.045667500330815,0.9894235730171204,33.995223472824904,0.9899889826774597,0.949555972494089,0.0005654096603393555,19.02904510498047,9.829089164733887,16.62238311767578,0.5165308669199234,0.8735269177182836,0.48763278126716614,0.6758303642272949,10.931792259216309,5.652124404907227,0.517035475142886,0.4851749539375305,0.6715558767318726,0.0035742351319640875,0.005393561441451311,0.0054011293686926365,0.004850445315241814,0.00039290860877372324,0.0002998086274601519,-9.309998131357133e-05,0.011742261238396168,0.010919670574367046,-0.0008225906640291214,0.00038901064544916153,0.0002978344273287803,-9.117621812038124e-05,0.85<=A<0.95,1.4<=beta<1.7,baseline_middle_50
902,911_0.54_0.67.png,911,0.54,0.67,480,640,41.785691048699185,0.9968278408050537,42.48396956829669,0.9970700740814209,0.6982785195975083,0.0002422332763671875,6.100451946258545,4.626002788543701,5.291715145111084,0.7583049304045194,0.8674300185835468,0.542388379573822,0.7514342665672302,3.262187957763672,2.5379602909088135,0.7779932743816091,0.5637267231941223,0.7409437894821167,0.0004865438968408853,0.0011114466469734907,0.0010125248227268457,0.0009133236017078161,4.038141923956573e-05,3.0384382625925355e-05,-9.997036613640375e-06,0.00464448519051075,0.0039829895831644535,-0.0006614956073462963,3.4641503589227796e-05,2.5223249394912273e-05,-9.418254194315523e-06,A<0.65,beta<0.8,baseline_strongest_25
903,912_0.87_1.22.png,912,0.87,1.22,480,640,35.397523991333614,0.9926848411560059,35.66772167907065,0.9927287101745605,0.27019768773703845,4.38690185546875e-05,14.218206405639648,8.505271911621094,13.643035888671875,0.5981958391212748,0.9595469006034663,0.36535531282424927,0.6616854667663574,8.143585205078125,4.876639366149902,0.5988319939366458,0.3559817373752594,0.651070773601532,0.0035884070675820112,0.004918569233268499,0.004925987217575312,0.004521696828305721,0.00021935481345281005,0.00020196659897919744,-1.7388214473612607e-05,0.009133619256317616,0.008991199545562267,-0.0001424197107553482,0.0002158788702217862,0.00020125380251556635,-1.4625067706219852e-05,0.85<=A<0.95,1.1<=beta<1.4,baseline_middle_50
904,913_0.51_1.08.png,913,0.51,1.08,480,640,39.16365376576163,0.9943957328796387,37.87266547966931,0.9943949580192566,-1.2909882860923219,-7.748603820800781e-07,8.944869995117188,6.110234260559082,10.90261459350586,0.6830992808050343,1.2188678649837685,-0.013917652890086174,0.5734226107597351,5.043415546417236,3.3423914909362793,0.6627237950500949,-0.053758371621370316,0.5703258514404297,-0.003988899290561676,-0.003245958359912038,-0.002537250518798828,-0.0033873049542307854,8.681716280989349e-05,0.00012897896522190422,4.216180241201073e-05,0.006508848164230585,0.007664545439183712,0.001155697274953127,8.279960457002744e-05,0.00012506522762123495,4.226562305120751e-05,A<0.65,0.8<=beta<1.1,baseline_strongest_25
905,914_0.82_1.11.png,914,0.82,1.11,480,640,37.15054638175635,0.991618812084198,36.792645455195874,0.9916126132011414,-0.35790092656047534,-6.198883056640625e-06,11.245548248291016,7.682824611663818,11.79426097869873,0.6831880884803795,1.048793773170739,0.26843100786209106,0.6197487711906433,6.3965229988098145,4.394941806793213,0.6870829367159266,0.26503461599349976,0.6159253120422363,-0.00047715456457808614,0.0005917669623158872,0.0006225985707715154,0.0002756741887424141,0.000137220456963405,0.00015093813999556005,1.3717683032155037e-05,0.008591863326728344,0.008865035139024258,0.0002731718122959137,0.0001331884996034205,0.00014755706069990993,1.436856109648943e-05,0.75<=A<0.85,1.1<=beta<1.4,baseline_strongest_25
906,915_0.8_0.83.png,915,0.8,0.83,480,640,38.709690528139085,0.9935067892074585,38.17358580975502,0.9935582280158997,-0.5361047183840668,5.143880844116211e-05,9.326886177062988,6.5379958152771,10.060192108154297,0.7009837679112642,1.0786228026342468,0.23392218351364136,0.6160564422607422,5.282063007354736,3.7035980224609375,0.701165059429252,0.2238784283399582,0.6126605868339539,0.0009263677638955414,0.001946458825841546,0.0018823717255145311,0.0016341458540409803,9.439107816433534e-05,0.00010981712694047019,1.542604877613485e-05,0.007030263543128967,0.0073450286872684956,0.0003147651441395283,9.082093311008066e-05,0.00010695809032768011,1.613715721759945e-05,0.75<=A<0.85,0.8<=beta<1.1,baseline_strongest_25
907,916_0.53_0.72.png,916,0.53,0.72,480,640,41.58854325409544,0.9957582950592041,40.62094968176619,0.9957693815231323,-0.9675935723292497,1.1086463928222656e-05,6.508071422576904,4.78805685043335,7.642900466918945,0.7357105568668596,1.174372555348002,0.11017855256795883,0.5434646606445312,3.614971876144409,2.567795753479004,0.7103224703971187,0.08397246897220612,0.5268871188163757,-0.0017558746039867401,-0.0010675236117094755,-0.0008083392749540508,-0.0012437935220077634,4.595811333274469e-05,6.338317325571552e-05,1.742505992297083e-05,0.00487156305462122,0.005782445427030325,0.0009108823724091053,4.253913357388228e-05,5.892788612982258e-05,1.63887525559403e-05,A<0.65,beta<0.8,baseline_strongest_25
908,917_0.81_0.57.png,917,0.81,0.57,480,640,42.68443719893153,0.9939164519309998,43.025179941142156,0.994462251663208,0.3407427422106224,0.000545799732208252,5.749902248382568,4.052046775817871,5.373047351837158,0.7047157674650383,0.9344589037750305,0.44231370091438293,0.777349054813385,3.0093724727630615,2.067070484161377,0.6868775809142336,0.49136731028556824,0.803067684173584,0.0004069898568559438,0.0011187790660187602,0.0015826509334146976,0.0009588354150764644,3.587388710002415e-05,3.132556230411865e-05,-4.548324795905501e-06,0.003731517354026437,0.0033981562592089176,-0.0003333610948175192,2.9480215744115412e-05,2.3489319573855028e-05,-5.990896170260385e-06,0.75<=A<0.85,beta<0.8,baseline_strongest_25
909,918_0.58_1.11.png,918,0.58,1.11,480,640,39.41663320564521,0.9920806288719177,39.62318405081436,0.9928585886955261,0.20655084516914712,0.0007779598236083984,9.02928352355957,4.884849548339844,8.807024955749512,0.5410007932073566,0.9753846950059623,0.31544002890586853,0.6061742305755615,4.812066555023193,2.37044095993042,0.49260352757506587,0.26419302821159363,0.5696342587471008,-0.00020202400628477335,0.0005201668827794492,0.0014012635219842196,0.0004046768299303949,8.846349373925477e-05,8.41619839775376e-05,-4.3015097617171705e-06,0.0063682314939796925,0.006249295547604561,-0.00011893594637513161,7.537756027886644e-05,7.40488976589404e-05,-1.3286626199260354e-06,A<0.65,1.1<=beta<1.4,baseline_strongest_25
910,919_0.82_1.44.png,919,0.82,1.44,480,640,38.65397822865938,0.9877675175666809,39.53620132865674,0.9882059693336487,0.8822230999973542,0.00043845176696777344,9.505413055419922,5.893839359283447,8.353069305419922,0.6200508410229285,0.878769734331225,0.49369072914123535,0.7288331985473633,4.719310283660889,2.9577362537384033,0.6267306186623551,0.5326423048973083,0.7416061758995056,-0.00019137268827762455,0.000982526340521872,0.0026457724161446095,0.000821140652988106,9.803914872463793e-05,7.570938760181889e-05,-2.2329761122819036e-05,0.006386693101376295,0.005611972883343697,-0.0007747202180325985,7.249964983202517e-05,5.2572744607459754e-05,-1.9926905224565417e-05,0.75<=A<0.85,1.4<=beta<1.7,baseline_strongest_25
911,91_0.78_1.41.png,91,0.78,1.41,400,400,26.98799988648269,0.9780286550521851,24.708605839952483,0.967612624168396,-2.279394046530207,-0.010416030883789062,30.60518455505371,12.117083549499512,39.91781234741211,0.39591604251570073,1.3042826869939799,-0.6875244975090027,0.2351934164762497,17.62752914428711,6.948724746704102,0.39419731998889407,-0.6890943646430969,0.23031263053417206,0.044014476239681244,0.042523376643657684,0.04141924902796745,0.04284334555268288,0.0019514112500473857,0.003319649724289775,0.0013682384742423892,0.03689984604716301,0.048065830022096634,0.011165983974933624,0.0019420612370595336,0.003298920812085271,0.0013568595750257373,0.75<=A<0.85,1.4<=beta<1.7,baseline_weakest_25
912,920_0.84_0.76.png,920,0.84,0.76,480,640,41.97545345834193,0.9924662709236145,41.66407283480663,0.9929739236831665,-0.3113806235352996,0.000507652759552002,6.1927032470703125,4.101510047912598,6.481846809387207,0.6623133523882271,1.0466910088827015,0.2590140402317047,0.6855877041816711,3.1375906467437744,1.9947259426116943,0.6357508570092923,0.276907354593277,0.6908475160598755,0.00041259205318056047,0.0014145871391519904,0.002247620839625597,0.0012099564773961902,4.1611947381170467e-05,4.558847285807133e-05,3.976525476900861e-06,0.004014119040220976,0.004070139955729246,5.6020915508270264e-05,3.204582026228309e-05,3.371511775185354e-05,1.6692974895704538e-06,0.75<=A<0.85,beta<0.8,baseline_strongest_25
913,921_0.97_1.13.png,921,0.97,1.13,480,640,32.225231554499565,0.9882650375366211,31.94518978352103,0.9878802299499512,-0.280041770978535,-0.0003848075866699219,22.37148666381836,9.075864791870117,23.09723472595215,0.40568894362074776,1.0324407614495978,0.12158286571502686,0.5740655064582825,12.673707962036133,5.067025661468506,0.39980609279042023,0.12348845601081848,0.5698269605636597,0.006348638329654932,0.0063811843283474445,0.005101597402244806,0.006225580349564552,0.0005430593155324459,0.0005788652924820781,3.580597694963217e-05,0.01599043421447277,0.01636992208659649,0.00037948787212371826,0.0005228609079495072,0.000554808764718473,3.194785676896572e-05,A>=0.95,1.1<=beta<1.4,baseline_middle_50
914,922_0.72_1.69.png,922,0.72,1.69,480,640,33.34873204811005,0.987834095954895,33.42650395063513,0.9874007105827332,0.07777190252507893,-0.00043338537216186523,19.244083404541016,8.104822158813477,18.892457962036133,0.42115916816807114,0.9817281272839469,0.2535680830478668,0.6473835110664368,10.763259887695312,4.502194881439209,0.418292871157573,0.26627930998802185,0.6525156497955322,0.006441634614020586,0.006655220407992601,0.005708253011107445,0.006483403965830803,0.0004018389736302197,0.0003872883680742234,-1.4550605555996299e-05,0.014122117310762405,0.013457116670906544,-0.0006650006398558617,0.0003771086048800498,0.0003590841079130769,-1.8024496966972947e-05,0.65<=A<0.75,1.4<=beta<1.7,baseline_middle_50
915,923_1.0_0.51.png,923,1.0,0.51,480,640,34.25561956581107,0.9930251836776733,34.27612121208676,0.9932396411895752,0.020501646275690177,0.00021445751190185547,17.589927673339844,6.353780746459961,17.57034683227539,0.36121699102208715,0.9988868151462538,0.18368865549564362,0.6129584908485413,10.073725700378418,3.5164647102355957,0.3490729065715478,0.20738893747329712,0.6128214597702026,0.0071078017354011536,0.006873561535030603,0.004698527976870537,0.006695645861327648,0.0003357265377417207,0.00033497950062155724,-7.470371201634407e-07,0.013216263614594936,0.01313243992626667,-8.382368832826614e-05,0.0003303384000901133,0.0003227617999073118,-7.576600182801485e-06,A>=0.95,beta<0.8,baseline_middle_50
916,924_0.79_1.01.png,924,0.79,1.01,480,640,34.5859378467228,0.9916454553604126,34.750872822445736,0.9916020035743713,0.16493497572293592,-4.3451786041259766e-05,16.70734405517578,7.298768997192383,16.321048736572266,0.4368599205887121,0.9768787117014063,0.2707442343235016,0.6505378484725952,9.394697189331055,4.113947868347168,0.43790106114533534,0.3011285960674286,0.6560910940170288,0.0036776098422706127,0.0038505627308040857,0.0030675812158733606,0.0037095898296684027,0.0003028812352567911,0.000289037125185132,-1.3844110071659088e-05,0.012146896682679653,0.01172525342553854,-0.0004216432571411133,0.00028730579651892185,0.00026662787422537804,-2.0677922293543816e-05,0.75<=A<0.85,0.8<=beta<1.1,baseline_middle_50
917,925_0.65_1.68.png,925,0.65,1.68,480,640,29.329952896397504,0.9817153215408325,30.95028934009526,0.984765350818634,1.6203364436977559,0.0030500292778015137,31.771190643310547,10.989517211914062,26.38766860961914,0.34589566803748084,0.8305533433061656,0.6213216185569763,0.6230850219726562,18.21656036376953,6.219178676605225,0.3414024685458401,0.6128549575805664,0.6195189356803894,0.0026814083103090525,-0.0007021652418188751,0.0003161322674714029,0.00042560911970213056,0.0010952784214168787,0.0007555437041446567,-0.00033973471727222204,0.024126114323735237,0.020347079262137413,-0.003779035061597824,0.0010802182368934155,0.000754095206502825,-0.00032612303039059043,0.65<=A<0.75,1.4<=beta<1.7,baseline_middle_50
918,926_0.82_1.0.png,926,0.82,1.0,480,640,30.86175257040598,0.9867942333221436,31.456126643850336,0.9866770505905151,0.5943740734443566,-0.00011718273162841797,26.67426872253418,6.7611541748046875,24.9365291595459,0.25347102277232914,0.9348533382090338,0.3753816485404968,0.5483964085578918,15.33262825012207,3.8498425483703613,0.251088233900128,0.36151546239852905,0.5442917346954346,0.005533955991268158,0.002629081718623638,0.0033167905639857054,0.0035760379396378994,0.0007720449357293546,0.000674729235470295,-9.731570025905967e-05,0.020074019208550453,0.019481273368000984,-0.000592745840549469,0.0007652653148397803,0.000674581911880523,-9.068340295925736e-05,0.75<=A<0.85,0.8<=beta<1.1,baseline_middle_50
919,927_0.99_0.84.png,927,0.99,0.84,480,640,30.912850955001655,0.9871522784233093,31.74993270216124,0.9879117012023926,0.8370817471595835,0.000759422779083252,26.432661056518555,8.6376953125,24.040176391601562,0.3267811475367842,0.9094875593569123,0.42783743143081665,0.5569882988929749,15.25631332397461,4.979350566864014,0.3263796738520825,0.4171881079673767,0.5511236786842346,0.000569536117836833,-0.0015860224375501275,-0.0008838193607516587,-0.0008614594116806984,0.0007581223617307842,0.000627094239462167,-0.00013102812226861715,0.019256126135587692,0.018779246136546135,-0.0004768799990415573,0.0007576663629151881,0.0006320455577224493,-0.00012562080519273877,A>=0.95,0.8<=beta<1.1,baseline_middle_50
920,928_0.52_1.63.png,928,0.52,1.63,480,640,35.750829361074835,0.9918222427368164,34.66892069606281,0.9918831586837769,-1.0819086650120227,6.091594696044922e-05,14.643800735473633,11.20012378692627,16.995960235595703,0.7648372160510704,1.1606249321888218,0.1555400788784027,0.4362502992153168,8.360461235046387,6.300137519836426,0.7535633911472195,0.13762754201889038,0.42442983388900757,-0.01128140464425087,-0.011082843877375126,-0.010353033430874348,-0.011059015057981014,0.00023268326185643673,0.00031343603041023016,8.075276855379343e-05,0.011119640432298183,0.01480860821902752,0.003688967786729336,0.0002275303122587502,0.00030954033718444407,8.201002492569387e-05,A<0.65,1.4<=beta<1.7,baseline_middle_50
921,929_0.65_0.89.png,929,0.65,0.89,480,640,38.982374697490265,0.9907125234603882,40.30092832495448,0.9915050268173218,1.3185536274642118,0.0007925033569335938,9.858168601989746,5.308608531951904,8.241601943969727,0.5384984520228665,0.8360175481586168,0.5487993955612183,0.7806867361068726,5.62896728515625,2.9871184825897217,0.5306690075223638,0.5406116247177124,0.7827812433242798,0.0022456494625657797,0.001837890362367034,0.0016818782314658165,0.0019420250318944454,0.00010545083205215633,7.370225648628548e-05,-3.174857556587085e-05,0.0076281968504190445,0.006189046427607536,-0.0014391504228115082,0.00010314217070117593,7.30079336790368e-05,-3.0134237022139132e-05,0.65<=A<0.75,0.8<=beta<1.1,baseline_strongest_25
922,92_0.97_1.46.png,92,0.97,1.46,400,400,28.376852900595146,0.9802613258361816,24.86903117757473,0.9696634411811829,-3.5078217230204167,-0.01059788465499878,25.891197204589844,16.970266342163086,39.013614654541016,0.655445409034801,1.5068293036532472,-0.6414917707443237,0.3438625633716583,14.83491325378418,9.787391662597656,0.6597538856589559,-0.646279513835907,0.3445381820201874,0.03967474400997162,0.038665056228637695,0.03878550976514816,0.03898068889975548,0.0013965709367766976,0.003170962445437908,0.0017743915086612105,0.029299145564436913,0.04290780425071716,0.01360865868628025,0.00137546646874398,0.003147130599245429,0.001771664130501449,A>=0.95,1.4<=beta<1.7,baseline_weakest_25
923,930_0.99_1.54.png,930,0.99,1.54,480,640,34.60682773105396,0.9772350788116455,33.65159330784846,0.9755306243896484,-0.9552344232055034,-0.0017044544219970703,16.173620223999023,9.72205924987793,18.262666702270508,0.6011059438289502,1.1291638142443632,0.07179858535528183,0.551131546497345,9.281717300415039,5.552917003631592,0.5982639660209527,0.07482142746448517,0.5527706146240234,-0.0007845861255191267,-0.0012026523472741246,-0.0019454896682873368,-0.0011623341124504805,0.00028383894823491573,0.000361897808033973,7.805885979905725e-05,0.011766528710722923,0.013139545917510986,0.001373017206788063,0.00028043711790814996,0.0003557047457434237,7.526762783527374e-05,A>=0.95,1.4<=beta<1.7,baseline_middle_50
924,931_0.95_0.99.png,931,0.95,0.99,480,640,37.134043074968694,0.9868006110191345,36.88640234353686,0.9857810139656067,-0.2476407314318365,-0.001019597053527832,12.173745155334473,6.813881874084473,12.475326538085938,0.5597194443567487,1.0247730980814325,0.23505161702632904,0.6040025353431702,7.003367900848389,3.91923451423645,0.5596213949807882,0.23420654237270355,0.6003376841545105,-0.0017708989325910807,-0.002240376081317663,-0.0024757578503340483,-0.00212683598510921,0.0001608073798706755,0.00016887346282601357,8.066082955338061e-06,0.008723818697035313,0.008924136869609356,0.00020031817257404327,0.0001596587389940396,0.00016780805890448391,8.14931991044432e-06,A>=0.95,0.8<=beta<1.1,baseline_strongest_25
925,932_0.72_1.79.png,932,0.72,1.79,480,640,35.29157465404579,0.9825776219367981,34.85035279627642,0.981104850769043,-0.44122185776937073,-0.001472771167755127,15.10590648651123,10.418910026550293,16.01818084716797,0.6897242503026101,1.060391897796491,0.2546587586402893,0.636038601398468,8.599019050598145,5.929213523864746,0.6895220825743271,0.2474401742219925,0.636229932308197,-0.0032051485031843185,-0.0028851607348769903,-0.002901785308495164,-0.0029827323742210865,0.0002476002846378833,0.0002784093958325684,3.08091111946851e-05,0.011316541582345963,0.011110164225101471,-0.00020637735724449158,0.0002407003048574552,0.0002730046398937702,3.2304335036315024e-05,0.65<=A<0.75,beta>=1.7,baseline_middle_50
926,933_0.73_1.5.png,933,0.73,1.5,480,640,40.326637988681185,0.9877330660820007,39.177130678271034,0.9865559935569763,-1.1495073104101508,-0.001177072525024414,8.146719932556152,8.426604270935059,9.40604305267334,1.0343554633884522,1.1545803870198907,0.35618093609809875,0.668310821056366,4.593017578125,4.7164626121521,1.0268766735435604,0.362786203622818,0.6622217893600464,-0.0013387126382440329,-0.0018803735729306936,-0.0022428708616644144,-0.0017597415717318654,7.201502739917487e-05,9.600004705134779e-05,2.3985019652172923e-05,0.0049101985059678555,0.005632180720567703,0.0007219822145998478,6.867126649012789e-05,8.99182996363379e-05,2.1247033146210015e-05,0.65<=A<0.75,1.4<=beta<1.7,baseline_strongest_25
927,934_0.94_1.97.png,934,0.94,1.97,480,640,35.43094870938019,0.9775635600090027,34.37997754006638,0.9773861169815063,-1.0509711693138115,-0.0001774430274963379,14.83626651763916,8.624037742614746,16.907470703125,0.5812808587902786,1.139604137134052,0.0337098091840744,0.6230373978614807,8.427119255065918,4.880172252655029,0.5791032623302844,0.03263262286782265,0.6277932524681091,-0.006885344162583351,-0.005994913633912802,-0.00612480565905571,-0.006275959778577089,0.0002388398424955085,0.00031018073786981404,7.134089537430555e-05,0.008605999872088432,0.00906694121658802,0.000460941344499588,0.00023117299133446068,0.00029996203375048935,6.878904241602868e-05,0.85<=A<0.95,beta>=1.7,baseline_middle_50
928,935_0.58_0.55.png,935,0.58,0.55,480,640,45.857977814441014,0.9936826229095459,44.769424043177075,0.9936435222625732,-1.088553771263939,-3.910064697265625e-05,4.000467300415039,6.5917792320251465,4.6659064292907715,1.6477523091717972,1.1663403494903444,0.7145302891731262,0.8370737433433533,2.2841029167175293,3.7445294857025146,1.639387375365623,0.7327994108200073,0.8372608423233032,-0.0022662177216261625,-0.0021799493115395308,-0.002248815493658185,-0.002213594503700733,1.7365169696859084e-05,2.362270424782764e-05,6.257534550968558e-06,0.0028726249001920223,0.003068616148084402,0.00019599124789237976,1.6982832676148973e-05,2.182135358452797e-05,4.838520908378996e-06,A<0.65,beta<0.8,baseline_strongest_25
929,936_0.99_0.55.png,936,0.99,0.55,480,640,41.42922594036355,0.9913540482521057,41.61384795803539,0.9914378523826599,0.18462201767184183,8.380413055419922e-05,7.316921234130859,7.204333305358887,6.997885704040527,0.9846126635548856,0.9563975721643492,0.5356248021125793,0.7466546893119812,4.217854022979736,4.100776672363281,0.9722424365616749,0.5513957738876343,0.7389945983886719,0.0015109918313100934,0.0002513518847990781,-0.00016183333355002105,0.0005808811401948333,5.809173308080062e-05,5.313629299052991e-05,-4.955440090270713e-06,0.004782236646860838,0.004361122380942106,-0.0004211142659187317,5.791110379504971e-05,5.0560716772452e-05,-7.350387022597715e-06,A>=0.95,beta<0.8,baseline_strongest_25
930,937_0.69_1.84.png,937,0.69,1.84,480,640,31.328311498437525,0.972560465335846,31.19729006074701,0.9716805815696716,-0.13102143769051366,-0.0008798837661743164,24.445083618164062,11.220653533935547,24.76860237121582,0.45901473315468533,1.0132345120231605,0.20048414170742035,0.5999881625175476,14.079222679138184,6.445319175720215,0.45778941938822615,0.19451217353343964,0.601116955280304,0.0008913098718039691,0.00048453142517246306,0.0009361485135741532,0.0006576425512321293,0.0006483964389190078,0.0006656723562628031,1.72759173437953e-05,0.018031097948551178,0.017954528331756592,-7.656961679458618e-05,0.0006452620727941394,0.000665574858430773,2.0312785636633635e-05,0.65<=A<0.75,beta>=1.7,baseline_middle_50
931,938_0.64_0.6.png,938,0.64,0.6,480,640,36.10470557005523,0.979594886302948,36.4823592227756,0.9855294823646545,0.3776536527203689,0.005934596061706543,14.255694389343262,6.656182765960693,13.557737350463867,0.4669139632325784,0.951040123348804,0.335748553276062,0.6011192202568054,8.183493614196777,3.839895725250244,0.469224503161922,0.336873322725296,0.592814564704895,0.0009418531553819776,0.001417819526977837,0.0015220220666378736,0.00128738465718925,0.00022051304404158145,0.00019944904488511384,-2.1063999156467617e-05,0.010146478191018105,0.010013281367719173,-0.00013319682329893112,0.00021799991372972727,0.00019707917817868292,-2.0920735551044345e-05,A<0.65,beta<0.8,baseline_middle_50
932,939_1.0_1.16.png,939,1.0,1.16,480,640,29.10827105847992,0.9695249199867249,29.056996039340728,0.9674177765846252,-0.051275019139193745,-0.0021071434020996094,32.19859313964844,15.963884353637695,32.477542877197266,0.4957944679259983,1.0086634138435489,0.23034770786762238,0.6214081645011902,18.608177185058594,9.229414939880371,0.49598705171891394,0.23080818355083466,0.6209701299667358,0.007545381784439087,0.008572186343371868,0.008778898045420647,0.008288736455142498,0.0011249452363699675,0.0011445214040577412,1.9576167687773705e-05,0.02255428396165371,0.022975530475378036,0.0004212465137243271,0.0011271623661741614,0.0011463775299489498,1.921516377478838e-05,A>=0.95,1.1<=beta<1.4,baseline_middle_50
933,93_0.63_1.76.png,93,0.63,1.76,400,400,28.31278099685131,0.9504098296165466,28.64007583555352,0.9542214274406433,0.3272948387022119,0.0038115978240966797,25.635591506958008,11.421494483947754,24.65838050842285,0.4455327071679908,0.9618806923854313,0.30669480562210083,0.5536096096038818,14.60450553894043,6.31836462020874,0.43263119065290473,0.26403090357780457,0.5684253573417664,0.02267015539109707,0.022347431629896164,0.02172592654824257,0.022373074665665627,0.00136913254391402,0.0012667410774156451,-0.00010239146649837494,0.030462313443422318,0.029071234166622162,-0.0013910792768001556,0.0013330724323168397,0.0012780347606167197,-5.503767170011997e-05,A<0.65,beta>=1.7,baseline_weakest_25
934,940_0.56_1.47.png,940,0.56,1.47,480,640,33.73716898110909,0.9787058234214783,34.111213828169966,0.9805386662483215,0.3740448470608726,0.0018328428268432617,18.464195251464844,8.610807418823242,17.494728088378906,0.46635162277869163,0.9474947513345308,0.3428073227405548,0.6204764246940613,10.565794944763184,4.940968990325928,0.467638167895248,0.3426724076271057,0.616381049156189,-0.0002927948662545532,-0.00033979673753492534,6.285195559030399e-05,-0.00027984121697954834,0.00036992895184084773,0.000332102325046435,-3.782662679441273e-05,0.01357594970613718,0.01284254714846611,-0.0007334025576710701,0.00036339854705147445,0.00032640169956721365,-3.69968474842608e-05,A<0.65,1.4<=beta<1.7,baseline_middle_50
935,941_0.67_0.92.png,941,0.67,0.92,480,640,32.617385907570394,0.9925899505615234,31.35186717334058,0.9926148653030396,-1.2655187342298149,2.491474151611328e-05,21.633869171142578,14.290060997009277,25.081619262695312,0.6605411581239843,1.1593681677686989,0.06977616995573044,0.37736624479293823,12.488358497619629,8.217674255371094,0.6580267740502038,0.0679946169257164,0.37609902024269104,-0.01706387847661972,-0.01726207323372364,-0.017079832032322884,-0.017182037234306335,0.0005078389076516032,0.0006826038006693125,0.00017476489301770926,0.017090825363993645,0.022065939381718636,0.004975114017724991,0.0005076794186607003,0.0006820746930316091,0.00017439527437090874,0.65<=A<0.75,0.8<=beta<1.1,baseline_middle_50
936,942_0.76_1.39.png,942,0.76,1.39,480,640,29.83766706922413,0.9871921539306641,29.669517739328644,0.9881784915924072,-0.1681493298954848,0.000986337661743164,29.894601821899414,17.351451873779297,30.387479782104492,0.5804209059934164,1.0164871893307512,0.2615707218647003,0.44777873158454895,17.244163513183594,9.978830337524414,0.5786787123594223,0.25991666316986084,0.4423762857913971,-0.016106698662042618,-0.01693902537226677,-0.016871802508831024,-0.016682494431734085,0.000969712738879025,0.0010019519831985235,3.223924431949854e-05,0.022772466763854027,0.025674227625131607,0.0029017608612775803,0.0009679726790636778,0.001000934629701078,3.296195063740015e-05,0.75<=A<0.85,1.1<=beta<1.4,baseline_middle_50
937,943_0.71_1.63.png,943,0.71,1.63,480,640,30.327866290099372,0.9875053763389587,29.62930606231033,0.9879938364028931,-0.6985602277890415,0.0004884600639343262,28.10893440246582,19.700822830200195,30.497562408447266,0.7008740547799622,1.0849775367426204,0.22404032945632935,0.421730637550354,16.241893768310547,11.352476119995117,0.6989625890882786,0.22471562027931213,0.4223115146160126,-0.020143138244748116,-0.020924102514982224,-0.020890256389975548,-0.020686734467744827,0.0008573266095481813,0.0010092244483530521,0.00015189783880487084,0.021707409992814064,0.02651446871459484,0.004807058721780777,0.0008587210322730243,0.0010084932437166572,0.00014977221144363284,0.65<=A<0.75,1.4<=beta<1.7,baseline_middle_50
938,944_0.59_1.45.png,944,0.59,1.45,480,640,33.247509783741776,0.9920166730880737,30.365243917214762,0.9911255836486816,-2.882265866527014,-0.0008910894393920898,19.8187198638916,20.853538513183594,28.142385482788086,1.05221420235004,1.4199900738322486,0.0431390218436718,0.3465169072151184,11.462373733520508,12.023887634277344,1.0489875756811826,0.03996698185801506,0.34512218832969666,-0.024152245372533798,-0.02465161122381687,-0.0242755264043808,-0.02445942535996437,0.00042619541636668146,0.000859368359670043,0.00043317294330336154,0.015484856441617012,0.025693677365779877,0.010208820924162865,0.00042768882121890783,0.0008624452748335898,0.00043475645361468196,A<0.65,1.4<=beta<1.7,baseline_middle_50
939,945_0.94_1.2.png,945,0.94,1.2,480,640,30.417792351422083,0.9778781533241272,32.368014601097876,0.9778503179550171,1.950222249675793,-2.7835369110107422e-05,27.899259567260742,12.94965934753418,22.0473690032959,0.4641578145224457,0.7902492519610833,0.6365814208984375,0.6616700887680054,16.005691528320312,7.417667865753174,0.4634393867099354,0.6341790556907654,0.6603147983551025,0.00781918317079544,0.00826483778655529,0.008339826948940754,0.008140135556459427,0.0008445840794593096,0.0005274376017041504,-0.00031714647775515914,0.017785662785172462,0.014604521915316582,-0.0031811408698558807,0.0008339264313690364,0.0005228460067883134,-0.00031108042458072305,0.85<=A<0.95,1.1<=beta<1.4,baseline_middle_50
940,946_0.65_0.58.png,946,0.65,0.58,480,640,35.693831478693646,0.9889920353889465,39.63728720455907,0.9913594722747803,3.9434557258654266,0.0023674368858337402,15.22287368774414,8.913192749023438,9.276912689208984,0.5855131515805326,0.609406139701322,0.8295713067054749,0.9001035094261169,8.734416007995605,5.103689193725586,0.5843194541058725,0.8321928977966309,0.8995800018310547,0.004260675050318241,0.004387732595205307,0.0044038910418748856,0.004351584706455469,0.00025144952815026045,9.338228119304404e-05,-0.0001580672469572164,0.01106773130595684,0.00667852396145463,-0.004389207344502211,0.00024833992938511074,9.161166963167489e-05,-0.00015672825975343585,0.65<=A<0.75,beta<0.8,baseline_middle_50
941,947_0.79_1.07.png,947,0.79,1.07,480,640,31.205182896457305,0.9807782769203186,33.51125011387931,0.9832465052604675,2.306067217422008,0.0024682283401489258,25.65711212158203,10.141127586364746,19.470684051513672,0.39525600302593367,0.7588805770208054,0.7341160774230957,0.7416872978210449,14.747162818908691,5.774921417236328,0.3915954199564252,0.7333517074584961,0.7390525341033936,0.010355139151215553,0.010558555833995342,0.010415894910693169,0.010481470264494419,0.0007142875692807138,0.0004113580216653645,-0.0003029295476153493,0.01764235459268093,0.01382555440068245,-0.0038168001919984818,0.0007079388597048819,0.00040989136323332787,-0.00029804749647155404,0.75<=A<0.85,0.8<=beta<1.1,baseline_middle_50
942,948_0.89_0.6.png,948,0.89,0.6,480,640,32.0259350504299,0.9860487580299377,35.52935500413186,0.9894782304763794,3.5034199537019575,0.0034294724464416504,23.36437225341797,12.298640251159668,15.371465682983398,0.5263843649538028,0.6579019336046878,0.8019287586212158,0.8658336400985718,13.441417694091797,7.056858062744141,0.5250084643858659,0.8034947514533997,0.8667174577713013,0.006686366628855467,0.006846706848591566,0.006768525578081608,0.006789852865040302,0.0005923327407799661,0.00025638233637437224,-0.00033595040440559387,0.015819896012544632,0.009951313026249409,-0.005868582986295223,0.0005881240358576179,0.0002540406712796539,-0.00033408336457796395,0.85<=A<0.95,beta<0.8,baseline_middle_50
943,949_0.8_0.6.png,949,0.8,0.6,480,640,40.67565492947418,0.9959768652915955,37.354096372619125,0.9951053261756897,-3.3215585568550523,-0.0008715391159057617,8.037088394165039,10.676098823547363,12.317116737365723,1.3283540381736074,1.5325346858581277,0.15653282403945923,0.4750584065914154,4.626193046569824,6.198800086975098,1.3399354554759257,0.1656462401151657,0.47543203830718994,-0.006902109365910292,-0.006658927537500858,-0.007017154712229967,-0.006772477179765701,7.008983084233478e-05,0.00016461737686768174,9.452754602534696e-05,0.006173752248287201,0.010607613250613213,0.004433861002326012,6.966686487430707e-05,0.000163822784088552,9.415591921424493e-05,0.75<=A<0.85,beta<0.8,baseline_strongest_25
944,94_0.95_1.64.png,94,0.95,1.64,400,400,26.207650239452242,0.9420035481452942,26.361966600923445,0.9445812106132507,0.15431636147120287,0.002577662467956543,32.662166595458984,14.556180953979492,32.046634674072266,0.4456587688828712,0.9811545899875393,0.26471734046936035,0.5958846807479858,18.847820281982422,8.427433013916016,0.4471303783585109,0.2661956250667572,0.6047917604446411,0.03099258430302143,0.026937203481793404,0.024616796523332596,0.027885233983397484,0.0022225354332476854,0.0021395559888333082,-8.297944441437721e-05,0.03399870917201042,0.03248666599392891,-0.0015120431780815125,0.002220252063125372,0.002135610207915306,-8.464185521006584e-05,A>=0.95,1.4<=beta<1.7,baseline_weakest_25
945,950_0.57_1.28.png,950,0.57,1.28,480,640,33.22181503471172,0.9938653111457825,29.391573569314016,0.9934201240539551,-3.8302414653977017,-0.0004451870918273926,20.09299659729004,15.256284713745117,31.906478881835938,0.7592836956834376,1.5879402918994767,-0.6223252415657043,0.2345469892024994,11.426614761352539,8.843518257141113,0.7739403525751076,-0.6203433871269226,0.24023672938346863,-0.02565773017704487,-0.02454189769923687,-0.025685206055641174,-0.025005869567394257,0.00043807344627566636,0.0011046261060982943,0.0006665526598226279,0.01748744212090969,0.02761220559477806,0.01012476347386837,0.0004250245401635766,0.0010877232998609543,0.0006626987596973777,A<0.65,1.1<=beta<1.4,baseline_middle_50
946,951_0.57_0.85.png,951,0.57,0.85,480,640,36.129862184748625,0.9952505230903625,31.523744840355683,0.9949914813041687,-4.606117344392942,-0.00025904178619384766,14.23381519317627,15.187870025634766,24.952110290527344,1.0670273443564078,1.7530163172618298,-0.4379076361656189,0.27489253878593445,8.035961151123047,8.797999382019043,1.0948285110598748,-0.4281044602394104,0.27652138471603394,-0.01932651549577713,-0.019009320065379143,-0.02048509754240513,-0.019272401928901672,0.0002198366855736822,0.000675572722684592,0.0004557360371109098,0.012353739701211452,0.02159767970442772,0.009243940003216267,0.0002102105354424566,0.0006592310382984579,0.00044902050285600126,A<0.65,0.8<=beta<1.1,baseline_strongest_25
947,952_0.97_1.33.png,952,0.97,1.33,480,640,32.15903395891197,0.9892669320106506,31.311389571661074,0.986535370349884,-0.8476443872508952,-0.0027315616607666016,22.482505798339844,15.939984321594238,24.830398559570312,0.7089950054753809,1.1044319873545343,0.19951055943965912,0.6637919545173645,13.230916023254395,9.413232803344727,0.7114573765565602,0.1971893310546875,0.6525227427482605,-0.0005269234534353018,0.0001792761031538248,0.001117098261602223,7.503420056309551e-05,0.0005484625580720603,0.0006689981673844159,0.00012053560931235552,0.015915649011731148,0.01592099852859974,5.349516868591309e-06,0.00056984752882272,0.0006983981584198773,0.00012855062959715724,A>=0.95,1.1<=beta<1.4,baseline_middle_50
948,953_0.96_1.7.png,953,0.96,1.7,480,640,28.636248218541933,0.969177782535553,29.075745583768757,0.9689154028892517,0.43949736522682414,-0.00026237964630126953,34.33951187133789,15.811718940734863,32.586631774902344,0.4604526412599478,0.9489544259393325,0.3382564187049866,0.4902096092700958,20.838207244873047,9.199122428894043,0.4414545992749621,0.3309442698955536,0.4862985908985138,0.010167776606976986,0.011575781740248203,0.004559329245239496,0.010354913771152496,0.0012795162620022893,0.001152222859673202,-0.00012729340232908726,0.02262989990413189,0.02348204515874386,0.000852145254611969,0.0014135119272395968,0.0012759609380736947,-0.00013755098916590214,A>=0.95,beta>=1.7,baseline_weakest_25
949,954_0.75_1.19.png,954,0.75,1.19,480,640,32.616257287370836,0.9843574166297913,35.96973202427908,0.9877249598503113,3.3534747369082467,0.0033675432205200195,21.730937957763672,10.554610252380371,14.39550495147705,0.48569510772587676,0.6624428719761755,0.8205447793006897,0.8137982487678528,12.749541282653809,6.093367099761963,0.4779283399044481,0.8320908546447754,0.8067895174026489,0.001992851961404085,0.0023392222356051207,-0.001655070809647441,0.0017803080845624208,0.0005124063463881612,0.00022485957015305758,-0.0002875467762351036,0.013407507911324501,0.008961854502558708,-0.004445653408765793,0.0005291367415338755,0.0002291457640239969,-0.0002999909775098786,0.75<=A<0.85,1.1<=beta<1.4,baseline_middle_50
950,955_0.87_0.65.png,955,0.87,0.65,480,640,32.8248084612047,0.9886038303375244,35.870022884574375,0.9911397099494934,3.0452144233696785,0.002535879611968994,21.248004913330078,10.085427284240723,14.760048866271973,0.47465290625538037,0.6946557536332344,0.782412588596344,0.8954958319664001,12.667737007141113,5.883530139923096,0.4644499752881202,0.7803614139556885,0.8952686190605164,0.0038585623260587454,0.003940061200410128,0.001122194342315197,0.0035944562405347824,0.0004898846964351833,0.00023639219580218196,-0.00025349250063300133,0.013602843508124352,0.00940998550504446,-0.004192858003079891,0.0005223684129305184,0.0002563972375355661,-0.0002659711753949523,0.85<=A<0.95,beta<0.8,baseline_middle_50
951,956_0.51_0.81.png,956,0.51,0.81,480,640,33.28945519578745,0.9915655851364136,33.546721194640575,0.9917104840278625,0.2572659988531285,0.0001448988914489746,20.257343292236328,8.144001007080078,19.683996200561523,0.4020271014610926,0.9716968270022585,0.27041828632354736,0.43223240971565247,10.851678848266602,4.683371067047119,0.4315803234257361,0.2840975224971771,0.4078254997730255,-0.01256608311086893,-0.012110409326851368,-0.015251398086547852,-0.0126047283411026,0.0004452690191101283,0.0004204207216389477,-2.4848297471180558e-05,0.013676107861101627,0.014687041752040386,0.0010109338909387589,0.0003833298396784812,0.0003607286198530346,-2.2601219825446606e-05,A<0.65,0.8<=beta<1.1,baseline_middle_50
952,957_0.55_0.69.png,957,0.55,0.69,480,640,40.51646751636548,0.9952124357223511,41.36332785985644,0.9961064457893372,0.8468603434909596,0.000894010066986084,7.205148220062256,4.668729782104492,6.827939510345459,0.6479713726228039,0.9476473351836837,0.4026655852794647,0.6714051961898804,4.1301164627075195,2.543437957763672,0.6158271759959785,0.397478848695755,0.6705037951469421,-0.003718913532793522,-0.00343898544088006,-0.003085630713030696,-0.0034824013710021973,5.6330474762944505e-05,5.0586761062731966e-05,-5.743713700212538e-06,0.005570279899984598,0.005136947613209486,-0.00043333228677511215,5.552689253818244e-05,4.940152939525433e-05,-6.1253631429281086e-06,A<0.65,beta<0.8,baseline_strongest_25
953,958_0.9_0.64.png,958,0.9,0.64,480,640,33.34147215389305,0.9931398034095764,38.84820404264066,0.9949787259101868,5.506731888747609,0.0018389225006103516,19.4525146484375,18.7021541595459,9.530163764953613,0.9614260416993505,0.48991937223494714,0.8759483098983765,0.7782477736473083,11.402288436889648,10.970141410827637,0.9620999741890502,0.8775085806846619,0.7783238887786865,9.012550435727462e-05,0.0011149643687531352,0.0011522135464474559,0.0008127840119414032,0.0004105906409677118,9.855035750661045e-05,-0.00031204028346110135,0.01330637838691473,0.006931070704013109,-0.006375307682901621,0.00042321672663092613,0.00010035927698481828,-0.00032285744964610785,0.85<=A<0.95,beta<0.8,baseline_middle_50
954,959_0.93_1.27.png,959,0.93,1.27,480,640,32.761884518300455,0.9894482493400574,34.49966167121195,0.9903476238250732,1.737777152911498,0.0008993744850158691,20.02306365966797,20.996015548706055,16.06483268737793,1.048591559492361,0.8023164167298225,0.6941848397254944,0.7546545267105103,11.670201301574707,12.251184463500977,1.049783473901849,0.6932424306869507,0.7520971298217773,0.0035938990768045187,0.005046655423939228,0.005160165950655937,0.004625221714377403,0.00043502941844053566,0.0002800334768835455,-0.00015499594155699015,0.014456406235694885,0.011875287629663944,-0.002581118606030941,0.00044333856203593314,0.00028663454577326775,-0.0001567040162626654,0.85<=A<0.95,1.1<=beta<1.4,baseline_middle_50
955,95_0.86_0.62.png,95,0.86,0.62,400,400,30.15035189727067,0.964898943901062,30.13875822116416,0.966651201248169,-0.011593676106510742,0.0017522573471069336,20.9451847076416,6.3397440910339355,20.965375900268555,0.3026826537710577,1.0009640016504409,0.14815472066402435,0.5225278735160828,12.135870933532715,3.643465995788574,0.3002228695199194,0.13552457094192505,0.5318623781204224,0.02475847490131855,0.022319884970784187,0.020714206621050835,0.02286597713828087,0.0009139598696492612,0.0009157229214906693,1.7630518414080143e-06,0.023966440930962563,0.023928562179207802,-3.787875175476074e-05,0.0009204959496855736,0.000928558234591037,8.062284905463457e-06,0.85<=A<0.95,beta<0.8,baseline_middle_50
956,960_0.78_0.97.png,960,0.78,0.97,480,640,33.71727007405244,0.9919849038124084,38.96564952714898,0.9942594766616821,5.24837945309654,0.0022745728492736816,18.356361389160156,19.11269187927246,9.126891136169434,1.041202636736,0.4972058973277279,0.8820998668670654,0.8338083028793335,10.735021591186523,11.165589332580566,1.0401086982207413,0.8848853707313538,0.8352274894714355,0.0003685762931127101,0.0007463875226676464,0.0012323573464527726,0.0006888224743306637,0.000365620682714507,9.038644202519208e-05,-0.0002752342406893149,0.012875271029770374,0.006658764090389013,-0.006216506939381361,0.00037513248389586806,9.043394675245509e-05,-0.000284698537143413,0.75<=A<0.85,0.8<=beta<1.1,baseline_middle_50
957,961_0.68_1.73.png,961,0.68,1.73,480,640,34.69103976832318,0.9896827340126038,33.78612845940512,0.9888290762901306,-0.9049113089180594,-0.0008536577224731445,15.00639533996582,13.49099349975586,17.860233306884766,0.8990162656734717,1.190174782302213,0.21785707771778107,0.5218085646629333,8.60509967803955,7.877636432647705,0.9154613807381742,0.20603369176387787,0.5173577666282654,0.008473072201013565,0.0075332848355174065,0.006349919829517603,0.007679378148168325,0.00024434886290691793,0.000346124084899202,0.00010177522199228406,0.010835076682269573,0.013264906592667103,0.0024298299103975296,0.00024104084877762944,0.00035212154034525156,0.00011108069156762213,0.65<=A<0.75,beta>=1.7,baseline_middle_50
958,962_0.83_0.89.png,962,0.83,0.89,480,640,35.026034537319774,0.9926454424858093,33.25771736002505,0.9929728507995605,-1.7683171772947262,0.0003274083137512207,14.970258712768555,12.40150260925293,19.445661544799805,0.8284093713541062,1.2989529384828902,-0.0006135974545031786,0.5422675013542175,8.608492851257324,7.375460147857666,0.8567655541214086,-0.03665953502058983,0.5353865027427673,0.006111439783126116,0.005246845539659262,0.0027717682532966137,0.005223200656473637,0.00024317344650626183,0.00041030137799680233,0.0001671279314905405,0.010452332906425,0.013312451541423798,0.0028601186349987984,0.0002412309986539185,0.0004334593832027167,0.0001922283845487982,0.75<=A<0.85,0.8<=beta<1.1,baseline_middle_50
959,963_0.66_0.84.png,963,0.66,0.84,480,640,39.092209947224724,0.9936151504516602,36.64496584811095,0.9947009682655334,-2.4472440991137745,0.001085817813873291,8.74675178527832,10.544256210327148,12.941615104675293,1.20550536578324,1.479590986731481,0.10951995849609375,0.5646212697029114,4.8421220779418945,6.165698051452637,1.2733462626934258,0.06286624819040298,0.5575165748596191,0.007249652873724699,0.006214391905814409,0.004297187551856041,0.00630537373945117,8.301396883325651e-05,0.00018173329590354115,9.871932707028463e-05,0.006414214614778757,0.009483415633440018,0.0030692010186612606,7.632209599250928e-05,0.00018785230349749327,0.00011153020750498399,0.65<=A<0.75,0.8<=beta<1.1,baseline_strongest_25
960,964_0.9_0.92.png,964,0.9,0.92,480,640,32.91599588576431,0.9922521114349365,31.368418500936173,0.9916361570358276,-1.5475773848281378,-0.0006159543991088867,19.577226638793945,16.077255249023438,24.48157501220703,0.8212223082285304,1.2505129283069494,0.06735305488109589,0.5640421509742737,11.244173049926758,9.513073921203613,0.8460447806133311,0.020839884877204895,0.5643178224563599,0.007097471505403519,0.0063751148991286755,0.003456581849604845,0.006258387118577957,0.00041587220039218664,0.0006503337062895298,0.00023446150589734316,0.013387957587838173,0.0166958998888731,0.0033079423010349274,0.0004115607007406652,0.0006916396087035537,0.0002800789079628885,0.85<=A<0.95,0.8<=beta<1.1,baseline_middle_50
961,965_0.88_1.49.png,965,0.88,1.49,480,640,36.21595751249919,0.9918960332870483,37.5762359557894,0.9920897483825684,1.3602784432902126,0.00019371509552001953,12.929226875305176,8.769696235656738,10.625926971435547,0.6782846584900493,0.8218532379326615,0.578390896320343,0.7609144449234009,7.225858211517334,4.720213413238525,0.6532391412988082,0.5668977499008179,0.7540126442909241,-0.0039016613736748695,-0.0035757231526076794,-0.003263214835897088,-0.0036375527270138264,0.00018138554878532887,0.00012251555745024234,-5.8869991335086524e-05,0.009333047084510326,0.007804544642567635,-0.0015285024419426918,0.00016996428894344717,0.00011660938616842031,-5.335490277502686e-05,0.85<=A<0.95,1.4<=beta<1.7,baseline_strongest_25
962,966_0.54_1.62.png,966,0.54,1.62,480,640,37.23101081336207,0.9937593936920166,37.366673534793186,0.9938843846321106,0.13566272143111746,0.00012499094009399414,11.632560729980469,7.388554573059082,11.520354270935059,0.6351614871879966,0.9903541050289794,0.3326941132545471,0.646635115146637,6.397830963134766,3.9456892013549805,0.6167229525272888,0.3328557312488556,0.6534701585769653,-0.005809580907225609,-0.004872538149356842,-0.00452269334346056,-0.005112831946462393,0.00014682776236440986,0.000144008852657862,-2.8189097065478563e-06,0.008608155883848667,0.008112865500152111,-0.0004952903836965561,0.0001332429819740355,0.00012921741290483624,-4.025569069199264e-06,A<0.65,1.4<=beta<1.7,baseline_strongest_25
963,967_0.89_0.68.png,967,0.89,0.68,480,640,38.62664047342338,0.995520293712616,39.93363006972794,0.9956359267234802,1.306989596304561,0.00011563301086425781,9.875518798828125,7.6423444747924805,8.322221755981445,0.773867644877488,0.8427123602831883,0.5741983652114868,0.7385768294334412,5.418853759765625,4.219821453094482,0.7787295321431589,0.5463014245033264,0.7348839044570923,-0.004271863494068384,-0.004327498376369476,-0.004140062257647514,-0.004289496224373579,0.00010582233517197892,7.515123434131965e-05,-3.067110083065927e-05,0.0069717420265078545,0.0063272095285356045,-0.00064453249797225,9.558585588820279e-05,7.222251588245854e-05,-2.336334000574425e-05,0.85<=A<0.95,beta<0.8,baseline_strongest_25
964,968_0.9_1.83.png,968,0.9,1.83,480,640,34.73317898504744,0.989212691783905,35.973338843117915,0.9896080493927002,1.2401598580704771,0.000395357608795166,15.433675765991211,10.15128231048584,12.819795608520508,0.6577358799291767,0.8306378728500631,0.5645557641983032,0.7470865845680237,8.725778579711914,5.538532257080078,0.634732156733564,0.559962272644043,0.7414734959602356,-0.003883461933583021,-0.0035397286992520094,-0.0035706758499145508,-0.0036460328847169876,0.00025846174685284495,0.0001783280895324424,-8.013365732040256e-05,0.010981627739965916,0.009299623779952526,-0.0016820039600133896,0.0002478489768691361,0.00017151959764305502,-7.632937922608107e-05,0.85<=A<0.95,beta>=1.7,baseline_middle_50
965,969_0.54_1.07.png,969,0.54,1.07,480,640,34.60099362980094,0.991024911403656,32.92734832825503,0.9916548132896423,-1.6736453015459105,0.0006299018859863281,16.642013549804688,8.970293998718262,20.59125518798828,0.5390149438271271,1.2373055175303558,-0.2229880839586258,0.29947739839553833,9.603915214538574,5.181157112121582,0.5394838455339814,-0.20740465819835663,0.29403629899024963,-0.01837661676108837,-0.01762322336435318,-0.017383137717843056,-0.017821116372942924,0.00030051713110879064,0.0004600691900122911,0.00015955205890350044,0.013979756273329258,0.01824350096285343,0.004263744689524174,0.00030024474835954607,0.00045481842244043946,0.0001545736740808934,A<0.65,0.8<=beta<1.1,baseline_middle_50
966,96_0.6_1.11.png,96,0.6,1.11,400,400,29.891150656028497,0.9610878229141235,30.754492607901867,0.9661877751350403,0.8633419518733696,0.005099952220916748,21.49750518798828,7.721986770629883,19.414234161376953,0.3592038565919053,0.9030924282425407,0.4363141357898712,0.656412661075592,12.334463119506836,4.322096824645996,0.3504081841884663,0.4070751965045929,0.6279377341270447,0.020451800897717476,0.019889436662197113,0.018402934074401855,0.019888121634721756,0.0009627973195165396,0.000785234326031059,-0.00017756299348548055,0.026095019653439522,0.022773319855332375,-0.003321699798107147,0.000950868590734899,0.0007963533280417323,-0.00015451526269316673,A<0.65,1.1<=beta<1.4,baseline_middle_50
967,970_0.74_1.09.png,970,0.74,1.09,480,640,33.76447317384138,0.9896077513694763,33.832917412793144,0.9906322956085205,0.06844423895176277,0.0010245442390441895,18.301956176757812,8.742146492004395,18.321123123168945,0.47766186344093103,1.0010472621738367,0.23663730919361115,0.4519326090812683,10.611836433410645,5.048346996307373,0.475727931540011,0.24326814711093903,0.45073869824409485,-0.014580161310732365,-0.014574788510799408,-0.014134800061583519,-0.014526236802339554,0.00036345660919323564,0.0003642182855401188,7.616763468831778e-07,0.014404617249965668,0.015427608974277973,0.0010229917243123055,0.000366572494385764,0.0003646876139100641,-1.8848804756999016e-06,0.65<=A<0.75,0.8<=beta<1.1,baseline_middle_50
968,971_0.63_1.38.png,971,0.63,1.38,480,640,33.94388968102243,0.9896145462989807,32.56806182561243,0.989574134349823,-1.3758278554100016,-4.0411949157714844e-05,17.86478614807129,9.444596290588379,21.36298179626465,0.5286711081961668,1.1958151426610293,-0.142319917678833,0.32335156202316284,10.366238594055176,5.470451354980469,0.527718063340512,-0.1311463862657547,0.3195303976535797,-0.01865357905626297,-0.018202923238277435,-0.01765754073858261,-0.018275495618581772,0.00034630054142326117,0.0004952007438987494,0.00014890020247548819,0.014710086397826672,0.018922170624136925,0.004212084226310253,0.0003498010919429362,0.0004956342745572329,0.00014583318261429667,A<0.65,1.1<=beta<1.4,baseline_middle_50
969,972_0.99_0.62.png,972,0.99,0.62,480,640,32.62737755741089,0.9891769886016846,34.54153753270365,0.9914816617965698,1.9141599752927618,0.002304673194885254,20.94169044494629,12.312451362609863,16.544893264770508,0.5879397078749744,0.7900457371512323,0.6135839223861694,0.6720482707023621,12.073504447937012,7.056978702545166,0.5845012716047813,0.6147573590278625,0.6663341522216797,-0.006581783294677734,-0.0077149998396635056,-0.0072635444812476635,-0.007324702106416225,0.0004758619761560112,0.0002970198984257877,-0.00017884207773022354,0.015069635584950447,0.011978362686932087,-0.00309127289801836,0.00047451016143895686,0.00029561453266069293,-0.00017889562877826393,A>=0.95,beta<0.8,baseline_middle_50
970,973_0.76_1.96.png,973,0.76,1.96,480,640,32.93802189800895,0.9895781874656677,31.878109328489362,0.9900859594345093,-1.059912569519586,0.0005077719688415527,20.13338851928711,9.697772026062012,23.021577835083008,0.48167609822717483,1.1434527185043446,-0.07834327220916748,0.5864713191986084,11.545178413391113,5.530220985412598,0.47900697480760984,-0.09673205763101578,0.5836555361747742,0.005221855826675892,0.005623186938464642,0.004788610152900219,0.005408046767115593,0.0004398365563247353,0.0005750792915932834,0.00013524273526854813,0.013931338675320148,0.014573504216969013,0.0006421655416488647,0.00043389046913944185,0.0005736546008847654,0.00013976413174532354,0.75<=A<0.85,beta>=1.7,baseline_middle_50
971,974_0.6_1.86.png,974,0.6,1.86,480,640,34.27250727119988,0.9920087456703186,35.65155659593614,0.9925978779792786,1.3790493247362647,0.0005891323089599609,17.394554138183594,9.019305229187012,14.656608581542969,0.5185131597819065,0.8425975431798833,0.5389305949211121,0.6613032817840576,9.925814628601074,5.135821342468262,0.5174206384702648,0.5529630780220032,0.6599984169006348,-0.0007627906743437052,0.00022609987354371697,-0.00014484649000223726,-0.0001118663712986745,0.0003283100086264312,0.00023309048265218735,-9.521952597424388e-05,0.012500043958425522,0.010887717828154564,-0.001612326130270958,0.000320709019433707,0.00022305158199742436,-9.765743743628263e-05,A<0.65,beta>=1.7,baseline_middle_50
972,975_0.9_1.51.png,975,0.9,1.51,480,640,33.66999536336232,0.9912111163139343,33.02032696181412,0.9909675121307373,-0.6496684015481975,-0.00024360418319702148,18.37700843811035,11.50995922088623,20.015920639038086,0.6263238796265015,1.0891827528102425,0.16442176699638367,0.707726001739502,10.551309585571289,6.6077656745910645,0.6262507626187991,0.14665408432483673,0.7003144025802612,0.0037825084291398525,0.004279358312487602,0.003457884769886732,0.004037152044475079,0.00036644359352067113,0.00043471905519254506,6.827546167187393e-05,0.012885493226349354,0.012075231410562992,-0.0008102618157863617,0.0003624028177000582,0.0004379657912068069,7.556297350674868e-05,0.85<=A<0.95,1.4<=beta<1.7,baseline_middle_50
973,976_0.95_1.78.png,976,0.95,1.78,480,640,32.168659353435054,0.9892478585243225,31.77672056347926,0.989226758480072,-0.3919387899557947,-2.110004425048828e-05,21.864072799682617,15.146854400634766,23.105985641479492,0.692773690401115,1.0568015325038116,0.2620668113231659,0.7249463200569153,12.559818267822266,8.695679664611816,0.6923412010578042,0.2491316944360733,0.7195897698402405,0.004031706135720015,0.004564909264445305,0.003787907073274255,0.004316903185099363,0.0005187041242606938,0.0005793040618300438,6.0599937569350004e-05,0.015600910410284996,0.014610983431339264,-0.0009899269789457321,0.0005135059473104775,0.0005825047846883535,6.899883737787604e-05,A>=0.95,beta>=1.7,baseline_middle_50
974,977_0.64_0.58.png,977,0.64,0.58,480,640,42.909633249775254,0.9962469339370728,42.76183545776452,0.9963864684104919,-0.14779779201073495,0.00013953447341918945,6.018593788146973,4.273928165435791,6.186993598937988,0.7101207218624509,1.027979926328084,0.3151074945926666,0.5906326770782471,3.244490623474121,2.233851909637451,0.688506199856265,0.288352370262146,0.5935013294219971,-0.001893965876661241,-0.002325210487470031,-0.0029107832815498114,-0.0022630239836871624,3.930498496629298e-05,4.153525878791697e-05,2.230273821623996e-06,0.004460626281797886,0.004896101541817188,0.00043547526001930237,3.426666808081791e-05,3.690437733894214e-05,2.6377092581242323e-06,A<0.65,beta<0.8,baseline_strongest_25
975,978_0.6_0.57.png,978,0.6,0.57,480,640,42.918693099263415,0.9963429570198059,42.69326701790435,0.9965727925300598,-0.2254260813590676,0.00022983551025390625,6.039181709289551,4.01025390625,6.273189544677734,0.6640392853358549,1.0387482686649798,0.2725366950035095,0.5585708618164062,3.284296989440918,2.079284191131592,0.633098711175187,0.23551476001739502,0.5505243539810181,-0.0019802756141871214,-0.002263852395117283,-0.0027444888837635517,-0.0022338558919727802,3.9574344555148855e-05,4.270064164302312e-05,3.1262970878742635e-06,0.004597050603479147,0.005045292433351278,0.00044824182987213135,3.5112654586555436e-05,3.8715414120815694e-05,3.602759534260258e-06,A<0.65,beta<0.8,baseline_strongest_25
976,979_0.72_1.66.png,979,0.72,1.66,480,640,35.802662559104014,0.9919865131378174,36.09383653893118,0.9916976094245911,0.291173979827164,-0.00028890371322631836,14.509421348571777,6.600981712341309,14.059122085571289,0.45494451872066355,0.9689650433202966,0.29463088512420654,0.5358352065086365,8.02452278137207,3.5213098526000977,0.43881860000128353,0.2788914144039154,0.5213667750358582,-0.005949890241026878,-0.006739034783095121,-0.00683223083615303,-0.006513705477118492,0.00022843242913950235,0.00021447364997584373,-1.3958779163658619e-05,0.010600578039884567,0.011011668480932713,0.0004110904410481453,0.00020961250993423164,0.00019866996444761753,-1.0942545486614108e-05,0.65<=A<0.75,1.4<=beta<1.7,baseline_middle_50
977,97_0.61_1.21.png,97,0.61,1.21,400,400,35.19537682596558,0.990517795085907,33.808280482833354,0.9916297197341919,-1.387096343132228,0.0011119246482849121,10.898000717163086,7.295605182647705,13.063673973083496,0.6694443661724094,1.1987220694993832,0.00838102400302887,0.42678654193878174,6.292109489440918,4.229207515716553,0.6721446158579699,0.008312271907925606,0.42368993163108826,-0.00775175541639328,-0.008331254124641418,-0.00851021520793438,-0.00817838590592146,0.0002474300272297114,0.00035554077476263046,0.00010811074753291905,0.013155478052794933,0.01603229157626629,0.0028768135234713554,0.00024744149413891137,0.0003564652579370886,0.00010902376379817724,A<0.65,1.1<=beta<1.4,baseline_middle_50
978,980_0.83_1.9.png,980,0.83,1.9,480,640,34.36126753457907,0.988677978515625,35.38957126950309,0.9886872172355652,1.028303734924016,9.238719940185547e-06,17.072460174560547,8.74959945678711,15.09199047088623,0.5124978689260482,0.8839962323282857,0.46946990489959717,0.5883315205574036,9.413650512695312,4.779369831085205,0.5077063169744527,0.46912068128585815,0.5794810652732849,-0.007202072534710169,-0.007828283123672009,-0.00795089639723301,-0.007655024062842131,0.0003162639623042196,0.00024714431492611766,-6.911964737810194e-05,0.011661326512694359,0.011405101977288723,-0.00025622453540563583,0.0002884661953430623,0.0002254117134725675,-6.305448187049478e-05,0.75<=A<0.85,beta>=1.7,baseline_middle_50
979,981_0.69_0.63.png,981,0.69,0.63,480,640,40.34397535251721,0.9913008213043213,40.9444841408359,0.9929007291793823,0.6005087883186846,0.0015999078750610352,8.214388847351074,5.795905590057373,7.610250949859619,0.7055796478305749,0.9264537010947231,0.4531921446323395,0.7323582172393799,4.695921421051025,3.2333552837371826,0.6885454405694684,0.45753833651542664,0.7335151433944702,0.002404155908152461,0.0028130547143518925,0.003166893497109413,0.002731131622567773,7.321635348489508e-05,6.284279515966773e-05,-1.037355832522735e-05,0.005935115274041891,0.005393929313868284,-0.0005411859601736069,7.178280793596059e-05,6.058633516659029e-05,-1.1196472769370303e-05,0.65<=A<0.75,beta<0.8,baseline_strongest_25
980,982_0.81_0.68.png,982,0.81,0.68,480,640,39.51660099847948,0.9910190105438232,39.77566671435964,0.9919971227645874,0.2590657158801548,0.0009781122207641602,9.082518577575684,6.747450828552246,8.736104965209961,0.7429052603549183,0.961859300434463,0.4218135476112366,0.7086763381958008,5.2285261154174805,3.8689351081848145,0.7399666794771078,0.4388394057750702,0.7071560025215149,0.002664965810254216,0.0026619553100317717,0.003089259145781398,0.0027115680277347565,8.950970368459821e-05,8.28119955258444e-05,-6.697708158753812e-06,0.006463552359491587,0.006251264829188585,-0.0002122875303030014,8.89892180566676e-05,7.992099563125521e-05,-9.068222425412387e-06,0.75<=A<0.85,beta<0.8,baseline_strongest_25
981,983_0.6_1.97.png,983,0.6,1.97,480,640,37.700227946971964,0.9858638644218445,38.15392756496236,0.9869047403335571,0.45369961799039515,0.0010408759117126465,10.940491676330566,10.275284767150879,10.225870132446289,0.9391977135160349,0.9346810394792091,0.5368751287460327,0.7801840901374817,6.166250228881836,5.74125862121582,0.9310777876519808,0.5208752155303955,0.7807070016860962,-0.0026042975950986147,-0.002198877278715372,-0.0018423653673380613,-0.0022794557735323906,0.00012987670197617263,0.00011346401151968166,-1.6412690456490964e-05,0.007850416004657745,0.007032228168100119,-0.0008181878365576267,0.00012377162056509405,0.00011101758718723431,-1.2754033377859741e-05,A<0.65,beta>=1.7,baseline_strongest_25
982,984_0.75_1.79.png,984,0.75,1.79,480,640,35.80024700926808,0.9843867421150208,36.788997938059744,0.9858555197715759,0.9887509287916671,0.0014687776565551758,13.943217277526855,10.577559471130371,12.178864479064941,0.7586168429132117,0.8734615717919256,0.5355564951896667,0.7552335858345032,7.869462490081787,5.917331695556641,0.751935942640873,0.525699257850647,0.7447510957717896,0.0007105931872501969,0.0004600956162903458,0.0008495195652358234,0.0005793887539766729,0.00021095194097142667,0.00016094263992272317,-5.000930104870349e-05,0.009953528642654419,0.00823439471423626,-0.0017191339284181595,0.00020158998086117208,0.00015619659097865224,-4.539338988251984e-05,0.75<=A<0.85,beta>=1.7,baseline_middle_50
983,985_0.51_1.94.png,985,0.51,1.94,480,640,39.2317048371752,0.9914769530296326,40.43571667741066,0.9924278855323792,1.2040118402354594,0.000950932502746582,8.82462215423584,11.02762222290039,7.400588512420654,1.2496424243622835,0.8386295053854916,0.7435355186462402,0.8518217206001282,4.778083801269531,6.225712776184082,1.3029727051940607,0.755571722984314,0.8492781519889832,-0.0027837222442030907,-0.002562199253588915,-0.0019126229453831911,-0.002554382896050811,8.449864981230348e-05,5.9427853557281196e-05,-2.5070796255022287e-05,0.006795552093535662,0.0057457489892840385,-0.0010498031042516232,7.431668200297281e-05,5.415896885097027e-05,-2.0157713152002543e-05,A<0.65,beta>=1.7,baseline_strongest_25
984,986_0.75_1.85.png,986,0.75,1.85,480,640,36.60383628829127,0.9892910718917847,37.66292496160428,0.989879846572876,1.0590886733130134,0.0005887746810913086,12.405672073364258,10.60837459564209,10.64773178100586,0.8551229254575352,0.8582954408304243,0.5815328359603882,0.7469071745872498,7.173015117645264,6.1339216232299805,0.8551385327685753,0.581251859664917,0.7469387054443359,0.00322326528839767,0.0029328325763344765,0.0030289290007203817,0.0030306268017739058,0.00016699294792488217,0.0001230188790941611,-4.397406883072108e-05,0.008696123026311398,0.0071609183214604855,-0.001535204704850912,0.00016748746566008776,0.0001234650844708085,-4.402238118927926e-05,0.75<=A<0.85,beta>=1.7,baseline_strongest_25
985,987_0.98_0.84.png,987,0.98,0.84,480,640,38.72747507296483,0.9929357767105103,38.208565924844315,0.9927634000778198,-0.5189091481205139,-0.0001723766326904297,9.663270950317383,10.838407516479492,10.357095718383789,1.1216085704523802,1.0718001980523602,0.49449071288108826,0.6619971394538879,5.59941291809082,6.277153968811035,1.1210378767621405,0.4930727779865265,0.6581462025642395,0.0017882129177451134,0.0012182901846244931,0.0012230274733155966,0.0013892371207475662,0.00010132248280569911,0.0001163947963505052,1.5072313544806093e-05,0.006741322576999664,0.007200636435300112,0.00045931385830044746,0.00010206191655015573,0.00011749568511731923,1.5433768567163497e-05,A>=0.95,0.8<=beta<1.1,baseline_strongest_25
986,988_0.99_1.47.png,988,0.99,1.47,480,640,33.47867248334205,0.9867168068885803,33.766274640230726,0.9869998097419739,0.2876021568886742,0.0002830028533935547,18.747716903686523,23.390527725219727,17.9084415435791,1.2476467318866036,0.9552331964249797,0.6589013338088989,0.7150013446807861,10.895597457885742,13.57850456237793,1.2462377226088157,0.659515917301178,0.7147599458694458,0.004720219876617193,0.004929048474878073,0.004952968563884497,0.004869335796684027,0.0003813768271356821,0.00034799508284777403,-3.338174428790808e-05,0.011901876889169216,0.011838400736451149,-6.347615271806717e-05,0.0003864389727823436,0.00035138163366355,-3.505733911879361e-05,A>=0.95,1.4<=beta<1.7,baseline_middle_50
987,989_0.52_1.33.png,989,0.52,1.33,480,640,37.01918940441849,0.9866911768913269,38.132771874912265,0.9874173998832703,1.1135824704937747,0.0007262229919433594,12.202657699584961,7.8163862228393555,10.54438304901123,0.6405478556614111,0.8641054521565305,0.5180121660232544,0.6887587904930115,6.439626693725586,4.1509175300598145,0.6445897763148658,0.5313397645950317,0.6983397603034973,-0.0031745813321322203,-0.0007625825237482786,0.0025046179071068764,-0.0011113093933090568,0.0001615720975678414,0.00012064237671438605,-4.0929720853455365e-05,0.009247292764484882,0.008078341372311115,-0.001168951392173767,0.000134989561047405,9.86103477771394e-05,-3.637921327026561e-05,A<0.65,1.1<=beta<1.4,baseline_strongest_25
988,98_0.88_0.57.png,98,0.88,0.57,400,400,33.980648855697076,0.9896358251571655,33.58710773525534,0.9895462989807129,-0.39354112044173917,-8.952617645263672e-05,13.308955192565918,5.954290390014648,13.95474910736084,0.4473897690586997,1.0485232616273026,0.11260489374399185,0.4857126474380493,7.6498188972473145,3.420651435852051,0.44715456428425077,0.10223711282014847,0.4768187701702118,-0.0018091860692948103,-0.0018829373875632882,-0.0021023331210017204,-0.001885896665044129,0.0003690172452479601,0.00040569796692579985,3.6680721677839756e-05,0.016221873462200165,0.017329338937997818,0.0011074654757976532,0.00036574830301105976,0.0004054376913700253,3.9689388358965516e-05,0.85<=A<0.95,beta<0.8,baseline_middle_50
989,990_0.83_0.56.png,990,0.83,0.56,480,640,38.58273316563286,0.9903351664543152,40.389984695471746,0.9911457300186157,1.8072515298388865,0.0008105635643005371,10.254284858703613,6.562462329864502,8.082036018371582,0.6399726963206437,0.7881618396344554,0.6159372329711914,0.7097141146659851,5.485439300537109,3.442615509033203,0.627591578434952,0.6256832480430603,0.7123161554336548,0.0016683840658515692,0.003165724454447627,0.0044759162701666355,0.002867381554096937,0.00011409545550122857,7.087598351063207e-05,-4.32194719905965e-05,0.006822741124778986,0.005781096871942282,-0.0010416442528367043,9.794937068363652e-05,5.960455382592045e-05,-3.834481685771607e-05,0.75<=A<0.85,beta<0.8,baseline_strongest_25
990,991_0.56_1.71.png,991,0.56,1.71,480,640,35.40127587761447,0.982245683670044,36.1020862163016,0.98369961977005,0.700810338687134,0.0014539361000061035,14.75599193572998,9.373821258544922,13.514795303344727,0.6352552440644308,0.9158852459535549,0.444469690322876,0.6395630240440369,7.833693504333496,5.1298627853393555,0.6548459909111306,0.42529648542404175,0.6322139501571655,-0.0014969093026593328,9.139303438132629e-05,0.0033033068757504225,-1.7351185306324624e-05,0.00023626224719919264,0.00019818759756162763,-3.807464963756502e-05,0.01142528560012579,0.010644400492310524,-0.0007808851078152657,0.00019976157636847347,0.0001741552841849625,-2.560629218351096e-05,A<0.65,beta>=1.7,baseline_middle_50
991,992_0.7_0.53.png,992,0.7,0.53,480,640,40.217898611852846,0.9913599491119385,41.797906443769676,0.9924481511116028,1.5800078319168307,0.0010882019996643066,8.366066932678223,5.936858654022217,6.705771446228027,0.7096355673216751,0.8015440828037117,0.6067267656326294,0.731883704662323,4.385572910308838,3.2458901405334473,0.7401291021530109,0.6192194223403931,0.7234718203544617,-0.0018519365694373846,-1.936116677825339e-05,0.0015570299001410604,-0.0003875926195178181,7.594517956022173e-05,4.8792720917845145e-05,-2.7152458642376587e-05,0.005794932134449482,0.0049245464615523815,-0.0008703856728971004,6.26082401140593e-05,3.9517479308415204e-05,-2.3090760805644095e-05,0.65<=A<0.75,beta<0.8,baseline_strongest_25
992,993_0.73_0.6.png,993,0.73,0.6,480,640,37.22724841952998,0.9954910278320312,35.09308392893623,0.9949625730514526,-2.134164490593747,-0.0005284547805786133,12.577147483825684,5.595254421234131,16.27117156982422,0.44487467674444264,1.2937092127407332,-0.5347236394882202,0.2611042857170105,7.080409049987793,3.148207426071167,0.4446363767749541,-0.5651973485946655,0.2455160766839981,0.010363275185227394,0.010586363263428211,0.011340565979480743,0.010605638846755028,0.00017164130986202508,0.00028727322933264077,0.00011563191947061568,0.010346654802560806,0.013560471124947071,0.003213816322386265,0.0001631907362025231,0.00027747583226300776,0.00011428509606048465,0.65<=A<0.75,beta<0.8,baseline_strongest_25
993,994_0.53_1.75.png,994,0.53,1.75,480,640,32.674674304766924,0.9909085035324097,36.63629756158838,0.9919331669807434,3.961623256821454,0.0010246634483337402,21.369970321655273,12.744932174682617,12.758155822753906,0.5963944723763857,0.5970132681852824,0.837752103805542,0.828149676322937,12.178444862365723,7.315700054168701,0.6007088866309972,0.8605963587760925,0.8236176371574402,0.011102437041699886,0.0075361477211117744,0.007143167778849602,0.008557667955756187,0.0004955247277393937,0.00017661733727436513,-0.0003189073904650286,0.018019799143075943,0.010705498978495598,-0.007314300164580345,0.0004827947122976184,0.00015783302660565823,-0.00032496168569196016,A<0.65,beta>=1.7,baseline_middle_50
994,995_0.53_1.8.png,995,0.53,1.8,480,640,32.242420532765394,0.9904187321662903,36.452099680582634,0.9918254017829895,4.209679147817241,0.0014066696166992188,22.508275985717773,13.673286437988281,13.03958511352539,0.6074781758791488,0.5793240282729529,0.8505765199661255,0.8386229872703552,12.849416732788086,7.856103420257568,0.6113976675852538,0.8726860284805298,0.8396576642990112,0.011507049202919006,0.007650901563465595,0.007120237685739994,0.008743394166231155,0.0005497206002473831,0.00018449522031005472,-0.0003652253799373284,0.018965361639857292,0.010894368402659893,-0.0080709932371974,0.0005374593893066049,0.000164833792950958,-0.00037262559635564685,A<0.65,beta>=1.7,baseline_middle_50
995,996_0.71_1.66.png,996,0.71,1.66,480,640,31.235275799371188,0.9897071719169617,35.14405357653107,0.9906566143035889,3.9087777771598837,0.0009494423866271973,25.44856071472168,15.0596284866333,15.616469383239746,0.5917673952351062,0.6136484321569435,0.8226410150527954,0.8231469392776489,14.459929466247559,8.37557315826416,0.5792264186221977,0.8317878842353821,0.8285287618637085,0.010179625824093819,0.007141246926039457,0.006945149041712284,0.008027368225157261,0.0007027226965874434,0.00026462035020813346,-0.0004381023463793099,0.02043246291577816,0.012723568826913834,-0.0077088940888643265,0.0006806300953030586,0.00025313731748610735,-0.0004274927778169513,0.65<=A<0.75,1.4<=beta<1.7,baseline_middle_50
996,997_1.0_0.71.png,997,1.0,0.71,480,640,32.42634650944698,0.9939653873443604,32.64041894651974,0.994010329246521,0.21407243707275825,4.494190216064453e-05,22.048765182495117,8.599506378173828,21.567890167236328,0.39002213080853704,0.9781903879297257,0.250320166349411,0.6553329229354858,12.594008445739746,5.018738746643066,0.3985020947274961,0.23577147722244263,0.65576171875,0.0033759677316993475,0.0015507439384236932,0.00043665498378686607,0.0019694797229021788,0.0005275044240988791,0.0005047459853813052,-2.275843871757388e-05,0.01774130016565323,0.017732465639710426,-8.83452594280243e-06,0.0005163055029697716,0.0005012773326598108,-1.5028170309960842e-05,A>=0.95,beta<0.8,baseline_middle_50
997,998_0.7_0.93.png,998,0.7,0.93,480,640,35.093227265549636,0.9952056407928467,35.7807416569329,0.9955275058746338,0.6875143913832673,0.0003218650817871094,16.20973777770996,7.508418560028076,14.9699068069458,0.4632041963290064,0.9235132000426896,0.39041247963905334,0.5404660701751709,9.191527366638184,4.145443916320801,0.4510070797773193,0.3750951588153839,0.532589316368103,-0.0065256403759121895,-0.007260632701218128,-0.007771789561957121,-0.007099141366779804,0.00028510804986581206,0.00024316202325280756,-4.1946026613004506e-05,0.013780430890619755,0.012627548538148403,-0.0011528823524713516,0.0002750135899987072,0.0002379049692535773,-3.710862074512988e-05,0.65<=A<0.75,0.8<=beta<1.1,baseline_middle_50
998,999_0.88_0.61.png,999,0.88,0.61,480,640,35.48737149969212,0.9957038164138794,36.43566030462371,0.9959573745727539,0.9482888049315932,0.0002535581588745117,15.4397611618042,6.39614725112915,13.797687530517578,0.41426464982841316,0.8936464357137285,0.450208842754364,0.6405754685401917,8.7808837890625,3.676706075668335,0.41871708634249927,0.44740188121795654,0.6305885314941406,-0.0033606805372983217,-0.004709514323621988,-0.00523909879848361,-0.004366585984826088,0.0002586656191851944,0.00020657139248214662,-5.209422670304775e-05,0.012696071527898312,0.010978497564792633,-0.0017175739631056786,0.00025098936748690903,0.0002009557356359437,-5.003363185096532e-05,0.85<=A<0.95,beta<0.8,baseline_middle_50
999,99_0.75_1.69.png,99,0.75,1.69,400,400,32.84104299858107,0.9865772128105164,31.4251570748012,0.9872817993164062,-1.415885923779868,0.0007045865058898926,14.315098762512207,8.137825012207031,17.130277633666992,0.5684784399474794,1.1966580124844866,-0.09571404755115509,0.43560951948165894,8.198393821716309,4.68778133392334,0.5717926505928654,-0.08984070271253586,0.43585360050201416,-0.01024569384753704,-0.011672473512589931,-0.01258920133113861,-0.011350373737514019,0.00042692094575613737,0.0006113467388786376,0.00018442579312250018,0.017665008082985878,0.020371142774820328,0.0027061346918344498,0.0004200853290967643,0.0006005907198414207,0.00018050539074465632,0.75<=A<0.85,1.4<=beta<1.7,baseline_middle_50
1000,9_0.85_1.67.png,9,0.85,1.67,400,400,33.81031022305045,0.9902745485305786,34.19488790096835,0.9908676147460938,0.3845776779178962,0.0005930662155151367,12.752400398254395,7.824204921722412,11.976433753967285,0.6135476206341062,0.9391513268048479,0.4029315710067749,0.6235608458518982,6.417152404785156,4.341012001037598,0.6764701423953375,0.3565954267978668,0.5510889887809753,-0.00074159842915833,-0.0028896781150251627,-0.008776770904660225,-0.0029185309540480375,0.000338799407472834,0.0002988228516187519,-3.997655585408211e-05,0.01443507056683302,0.013558431528508663,-0.0008766390383243561,0.000257374020293355,0.0002509807236492634,-6.393296644091606e-06,0.85<=A<0.95,1.4<=beta<1.7,baseline_middle_50
