filename,image_id,airlight,beta,airlight_bin,beta_bin,airlight_beta_bin,official_strength_bin,cr_strength_bin,content_cluster,residual_energy_bin,official_psnr,official_ssim,best_candidate,best_candidate_psnr,best_candidate_gain_vs_official,oracle_with_nochange_gain_vs_official,label_nochange,label_strong_official_nochange,label_residual_low_energy,warm_psnr,warm_ssim,warm_delta_official_psnr,cold_cr_psnr,cold_cr_ssim,cold_cr_delta_official_psnr,lfv1_psnr,lfv1_ssim,lfv1_delta_official_psnr,residualcalib_psnr,residualcalib_ssim,residualcalib_delta_official_psnr,crplus_psnr,crplus_ssim,crplus_delta_official_psnr,cbrfrc_psnr,cbrfrc_ssim,cbrfrc_delta_official_psnr,label_intervene_m015,label_preserve_m015,label_ignore_m015,label_class_m015,label_intervene_m020,label_preserve_m020,label_ignore_m020,label_class_m020
1000_0.73_1.8.png,1000,0.73,1.8,0.65<=A<0.75,beta>=1.7,0.65<=A<0.75 | beta>=1.7,midlow_official_q2,midlow_cr_q2,content_k5_c2,residual_midhigh_q3,30.1821348859917,,warm,30.338795842231395,0.15666095623969412,0.15666095623969412,0,0,0,30.338795842231395,,0.15666095623969412,29.276771070165253,,-0.9053638158264476,28.705572259092975,,-1.4765626268987262,29.904040399408505,,-0.27809448658319624,29.359880320294735,0.9895191788673401,-0.8222545656969658,29.27729329497826,,-0.9048415910134402,1,0,0,1,0,0,1,-1
100_0.5_1.76.png,100,0.5,1.76,A<0.65,beta>=1.7,A<0.65 | beta>=1.7,weak_official_q1,midlow_cr_q2,content_k5_c1,residual_midhigh_q3,29.64157417374128,,lfv1,33.009392319564455,3.3678181458231755,3.3678181458231755,0,0,0,30.216333068627684,,0.5747588948864042,30.764687547743712,,1.1231133740024326,33.009392319564455,,3.3678181458231755,29.722317577098476,,0.08074340335719654,27.488300381167555,0.9861255288124084,-2.1532737925737244,30.756709140683014,,1.115134966941735,1,0,0,1,1,0,0,1
101_0.83_1.44.png,101,0.83,1.44,0.75<=A<0.85,1.4<=beta<1.7,0.75<=A<0.85 | 1.4<=beta<1.7,weak_official_q1,weak_cr_q1,content_k5_c3,residual_high_q4,27.262911982353202,,warm,27.111644617247048,-0.15126736510615402,0.0,1,0,0,27.111644617247048,,-0.15126736510615402,24.821110784068097,,-2.4418011982851056,26.04964715337291,,-1.213264828980293,24.880837760365125,,-2.382074221988077,25.291283394951513,0.9672132730484009,-1.971628587401689,24.828627601731203,,-2.4342843806219996,0,1,0,0,0,1,0,0
102_0.67_1.36.png,102,0.67,1.36,0.65<=A<0.75,1.1<=beta<1.4,0.65<=A<0.75 | 1.1<=beta<1.4,weak_official_q1,weak_cr_q1,content_k5_c3,residual_midhigh_q3,26.65744284919878,,warm,26.531360199932422,-0.12608264926635826,0.0,1,0,0,26.531360199932422,,-0.12608264926635826,25.43667006769229,,-1.22077278150649,25.38855679496058,,-1.2688860542382017,24.865836351620636,,-1.7916064975781438,25.22598198581352,0.9696574807167053,-1.4314608633852615,25.444286557279923,,-1.2131562919188568,0,1,0,0,0,1,0,0
103_0.94_0.98.png,103,0.94,0.98,0.85<=A<0.95,0.8<=beta<1.1,0.85<=A<0.95 | 0.8<=beta<1.1,weak_official_q1,weak_cr_q1,content_k5_c3,residual_midhigh_q3,29.708689000966192,,warm,29.518427774556834,-0.19026122640935839,0.0,1,0,0,29.518427774556834,,-0.19026122640935839,28.30147085404178,,-1.4072181469244107,28.231666666843477,,-1.477022334122715,27.206732500701314,,-2.5019565002648783,27.634688453623532,0.9778748750686646,-2.07400054734266,28.309597319305034,,-1.399091681661158,0,1,0,0,0,1,0,0
104_0.91_1.41.png,104,0.91,1.41,0.85<=A<0.95,1.4<=beta<1.7,0.85<=A<0.95 | 1.4<=beta<1.7,weak_official_q1,weak_cr_q1,content_k5_c3,residual_high_q4,28.610814050310296,,warm,28.31252937055074,-0.2982846797595542,0.0,1,0,0,28.31252937055074,,-0.2982846797595542,25.367978607319866,,-3.2428354429904296,26.7909752583014,,-1.8198387920088948,25.271437003499678,,-3.3393770468106183,25.908038443558404,0.9673904776573181,-2.702775606751892,25.3751355663403,,-3.235678483969995,0,1,0,0,0,1,0,0
105_0.84_0.8.png,105,0.84,0.8,0.75<=A<0.85,0.8<=beta<1.1,0.75<=A<0.85 | 0.8<=beta<1.1,weak_official_q1,weak_cr_q1,content_k5_c0,residual_midhigh_q3,26.254083280031494,,warm,26.05905837401085,-0.19502490602064526,0.0,1,0,0,26.05905837401085,,-0.19502490602064526,25.77426916448789,,-0.4798141155436042,24.968968443076104,,-1.2851148369553904,26.02532231699822,,-0.22876096303327387,25.62552022490346,0.9782664775848389,-0.6285630551280335,25.76946532803418,,-0.48461795199731483,0,1,0,0,0,1,0,0
106_0.59_1.07.png,106,0.59,1.07,A<0.65,0.8<=beta<1.1,A<0.65 | 0.8<=beta<1.1,weak_official_q1,weak_cr_q1,content_k5_c0,residual_midlow_q2,29.14206263310669,,warm,28.927109718158725,-0.21495291494796476,0.0,1,0,0,28.927109718158725,,-0.21495291494796476,28.46771577313455,,-0.6743468599721396,27.98353398107462,,-1.1585286520320714,28.056144362685483,,-1.0859182704212067,28.320265828745175,0.9800468683242798,-0.8217968043615151,28.46033124546572,,-0.6817313876409692,0,1,0,0,0,1,0,0
107_0.89_1.5.png,107,0.89,1.5,0.85<=A<0.95,1.4<=beta<1.7,0.85<=A<0.95 | 1.4<=beta<1.7,weak_official_q1,weak_cr_q1,content_k5_c3,residual_high_q4,27.553313555666172,,cold_cr,27.879226887678517,0.3259133320123446,0.3259133320123446,0,0,0,27.475258690582514,,-0.07805486508365789,27.879226887678517,,0.3259133320123446,23.85911669746974,,-3.694196858196431,27.54845839046623,,-0.00485516519994178,26.74885683351578,0.9774661660194397,-0.8044567221503911,27.874645304944575,,0.3213317492784036,1,0,0,1,1,0,0,1
108_0.73_1.27.png,108,0.73,1.27,0.65<=A<0.75,1.1<=beta<1.4,0.65<=A<0.75 | 1.1<=beta<1.4,weak_official_q1,weak_cr_q1,content_k5_c0,residual_midhigh_q3,27.63659393446499,,warm,27.360346399302635,-0.276247535162355,0.0,1,0,0,27.360346399302635,,-0.276247535162355,27.247278792005346,,-0.38931514245964394,25.237479366516908,,-2.3991145679480823,27.295142241644403,,-0.34145169282058774,26.89715111743969,0.9802689552307129,-0.7394428170252993,27.24240038326185,,-0.39419355120314137,0,1,0,0,0,1,0,0
109_0.74_1.74.png,109,0.74,1.74,0.65<=A<0.75,beta>=1.7,0.65<=A<0.75 | beta>=1.7,midlow_official_q2,weak_cr_q1,content_k5_c3,residual_midhigh_q3,30.714966069651084,,warm,30.62405422053638,-0.09091184911470407,0.0,1,0,0,30.62405422053638,,-0.09091184911470407,28.09889074226099,,-2.6160753273900923,26.47126499733365,,-4.243701072317435,28.480155090246306,,-2.2348109794047772,28.646033288291846,0.9874687790870667,-2.068932781359237,28.092279358607666,,-2.6226867110434178,0,1,0,0,0,1,0,0
10_0.6_1.67.png,10,0.6,1.67,A<0.65,1.4<=beta<1.7,A<0.65 | 1.4<=beta<1.7,midhigh_official_q3,midlow_cr_q2,content_k5_c1,residual_midhigh_q3,35.44274825738474,,warm,36.18319320068152,0.7404449432967795,0.7404449432967795,0,0,0,36.18319320068152,,0.7404449432967795,31.131781531339968,,-4.310966726044775,30.549060253777853,,-4.89368800360689,29.35949116057436,,-6.083257096810382,30.201519336286427,0.9921550750732422,-5.241228921098315,31.121811020763076,,-4.320937236621667,1,0,0,1,1,0,0,1
110_0.68_1.22.png,110,0.68,1.22,0.65<=A<0.75,1.1<=beta<1.4,0.65<=A<0.75 | 1.1<=beta<1.4,midlow_official_q2,weak_cr_q1,content_k5_c0,residual_midlow_q2,30.681352847731794,,warm,30.283042096161044,-0.3983107515707509,0.0,1,0,0,30.283042096161044,,-0.3983107515707509,28.094142010741443,,-2.5872108369903515,27.656337041390067,,-3.0250158063417274,28.791720352129655,,-1.8896324956021395,27.623150829894257,0.9899271130561829,-3.0582020178375373,28.084695877874445,,-2.5966569698573494,0,1,0,0,0,1,0,0
111_0.98_0.89.png,111,0.98,0.89,A>=0.95,0.8<=beta<1.1,A>=0.95 | 0.8<=beta<1.1,midlow_official_q2,weak_cr_q1,content_k5_c0,residual_midhigh_q3,30.888019892718603,,warm,30.234360706315062,-0.6536591864035408,0.0,1,0,0,30.234360706315062,,-0.6536591864035408,26.927077189631305,,-3.960942703087298,27.923621376261938,,-2.964398516456665,28.571009208311256,,-2.3170106844073466,28.5166077130331,0.9852627515792847,-2.371412179685503,26.92683051468965,,-3.9611893780289513,0,1,0,0,0,1,0,0
112_0.54_0.98.png,112,0.54,0.98,A<0.65,0.8<=beta<1.1,A<0.65 | 0.8<=beta<1.1,weak_official_q1,weak_cr_q1,content_k5_c0,residual_midlow_q2,27.696469662173943,,warm,27.4497033545496,-0.24676630762434115,0.0,1,0,0,27.4497033545496,,-0.24676630762434115,26.025125940911444,,-1.6713437212624989,26.07047309026428,,-1.6259965719096634,26.977317016603575,,-0.7191526455703681,25.41466374760457,0.9895192980766296,-2.2818059145693717,26.014540855353438,,-1.6819288068205047,0,1,0,0,0,1,0,0
113_0.71_1.48.png,113,0.71,1.48,0.65<=A<0.75,1.4<=beta<1.7,0.65<=A<0.75 | 1.4<=beta<1.7,midhigh_official_q3,midlow_cr_q2,content_k5_c3,residual_midhigh_q3,34.575261873315334,,warm,34.41825285761355,-0.1570090157017816,0.0,1,0,0,34.41825285761355,,-0.1570090157017816,30.89224148275838,,-3.6830203905569547,32.082872995619304,,-2.4923888776960297,32.0574267276662,,-2.517835145649137,32.710479139591264,0.9869794845581055,-1.8647827337240699,30.886809250754954,,-3.68845262256038,0,1,0,0,0,1,0,0
114_0.7_0.91.png,114,0.7,0.91,0.65<=A<0.75,0.8<=beta<1.1,0.65<=A<0.75 | 0.8<=beta<1.1,midhigh_official_q3,midhigh_cr_q3,content_k5_c0,residual_midlow_q2,37.07014005138871,,warm,36.94184881716721,-0.1282912342214999,0.0,1,0,0,36.94184881716721,,-0.1282912342214999,33.73400174245174,,-3.336138308936974,33.43298012207194,,-3.6371599293167733,34.35529049438687,,-2.714849557001841,34.55474765492197,0.9916490912437439,-2.515392396466744,33.72989154153944,,-3.3402485098492747,0,1,0,0,0,1,0,0
115_0.52_0.82.png,115,0.52,0.82,A<0.65,0.8<=beta<1.1,A<0.65 | 0.8<=beta<1.1,midhigh_official_q3,midhigh_cr_q3,content_k5_c0,residual_midlow_q2,38.73203420079771,,warm,38.946402421966745,0.21436822116903187,0.21436822116903187,0,0,0,38.946402421966745,,0.21436822116903187,35.23220424039092,,-3.4998299604067924,33.89127191655018,,-4.840762284247532,35.01292165124916,,-3.719112549548555,36.64757134693954,0.9940459728240967,-2.08446285385817,35.223962009817605,,-3.5080721909801085,1,0,0,1,1,0,0,1
116_0.73_1.62.png,116,0.73,1.62,0.65<=A<0.75,1.4<=beta<1.7,0.65<=A<0.75 | 1.4<=beta<1.7,midlow_official_q2,midlow_cr_q2,content_k5_c3,residual_midhigh_q3,33.54507113405704,,warm,33.421499471791286,-0.12357166226575345,0.0,1,0,0,33.421499471791286,,-0.12357166226575345,29.72195050715989,,-3.8231206268971505,31.8335813376869,,-1.711489796370138,31.415248688932962,,-2.129822445124077,31.86492946521995,0.9846682548522949,-1.6801416688370878,29.716409340353266,,-3.8286617937037732,0,1,0,0,0,1,0,0
117_0.69_1.13.png,117,0.69,1.13,0.65<=A<0.75,1.1<=beta<1.4,0.65<=A<0.75 | 1.1<=beta<1.4,weak_official_q1,weak_cr_q1,content_k5_c0,residual_midlow_q2,27.850105348363947,,cold_cr,28.051096408013713,0.20099105964976616,0.20099105964976616,0,0,0,27.528574367001095,,-0.3215309813628515,28.051096408013713,,0.20099105964976616,25.99201425874994,,-1.8580910896140068,25.931959487098396,,-1.9181458612655504,26.567122997659567,0.9850414395332336,-1.2829823507043798,28.040682202632073,,0.19057685426812654,1,0,0,1,1,0,0,1
118_0.68_1.96.png,118,0.68,1.96,0.65<=A<0.75,beta>=1.7,0.65<=A<0.75 | beta>=1.7,weak_official_q1,weak_cr_q1,content_k5_c1,residual_midlow_q2,24.876532012319785,,cold_cr,26.590670759584864,1.7141387472650784,1.7141387472650784,0,0,0,24.722805968722152,,-0.15372604359763287,26.590670759584864,,1.7141387472650784,24.91006692177505,,0.03353490945526616,24.834793265688834,,-0.04173874663095134,24.178155535986043,0.9746018052101135,-0.6983764763337419,26.58234297757749,,1.7058109652577045,1,0,0,1,1,0,0,1
119_0.81_0.75.png,119,0.81,0.75,0.75<=A<0.85,beta<0.8,0.75<=A<0.85 | beta<0.8,weak_official_q1,midlow_cr_q2,content_k5_c0,residual_midlow_q2,29.51966287569267,,cold_cr,29.371107659806363,-0.14855521588630793,0.0,1,0,0,29.292182972617255,,-0.227479903075416,29.371107659806363,,-0.14855521588630793,27.295271069189045,,-2.2243918065036254,26.829133951905103,,-2.690528923787568,28.857775364498266,0.9902912974357605,-0.6618875111944043,29.35870204124636,,-0.16096083444631049,0,1,0,0,0,1,0,0
11_0.98_0.72.png,11,0.98,0.72,A>=0.95,beta<0.8,A>=0.95 | beta<0.8,midhigh_official_q3,midhigh_cr_q3,content_k5_c0,residual_low_q1,37.181077577957296,,warm,37.56383709522902,0.3827595172717224,0.3827595172717224,0,0,1,37.56383709522902,,0.3827595172717224,34.57209403704238,,-2.608983540914913,34.939278452216556,,-2.241799125740741,37.559927946323256,,0.37885036836595987,36.877789622192566,0.9955776333808899,-0.30328795576473055,34.59493104420631,,-2.586146533750984,1,0,0,1,1,0,0,1
120_0.8_0.89.png,120,0.8,0.89,0.75<=A<0.85,0.8<=beta<1.1,0.75<=A<0.85 | 0.8<=beta<1.1,weak_official_q1,midlow_cr_q2,content_k5_c0,residual_midlow_q2,28.96219087983696,,cold_cr,29.292342767799457,0.33015188796249717,0.33015188796249717,0,0,0,28.74809597405315,,-0.21409490578380996,29.292342767799457,,0.33015188796249717,27.011206501597123,,-1.9509843782398377,26.838993113834782,,-2.1231977660021784,28.31759281138753,0.9889920949935913,-0.6445980684494295,29.280700854956415,,0.3185099751194542,1,0,0,1,1,0,0,1
121_0.86_1.21.png,121,0.86,1.21,0.85<=A<0.95,1.1<=beta<1.4,0.85<=A<0.95 | 1.1<=beta<1.4,midlow_official_q2,midlow_cr_q2,content_k5_c3,residual_low_q1,31.379929432263175,,crplus,32.036171654887575,0.6562422226243996,0.6562422226243996,0,0,1,31.168570802337943,,-0.21135862992523258,30.10065596556405,,-1.2792734666991237,30.92812434044682,,-0.45180509181635387,29.464387935978404,,-1.9155414962847708,32.036171654887575,0.9829457998275757,0.6562422226243996,30.102189411159607,,-1.2777400211035683,1,0,0,1,1,0,0,1
122_0.94_1.72.png,122,0.94,1.72,0.85<=A<0.95,beta>=1.7,0.85<=A<0.95 | beta>=1.7,midlow_official_q2,midlow_cr_q2,content_k5_c3,residual_midhigh_q3,30.470215576846435,,lfv1,31.092017895661797,0.6218023188153623,0.6218023188153623,0,0,0,30.144425091797515,,-0.3257904850489197,30.390295886816517,,-0.07991969002991794,31.092017895661797,,0.6218023188153623,27.626768670369792,,-2.843446906476643,30.659454118687126,0.9742456078529358,0.189238541840691,30.390851813987698,,-0.07936376285873692,1,0,0,1,1,0,0,1
123_0.59_0.7.png,123,0.59,0.7,A<0.65,beta<0.8,A<0.65 | beta<0.8,midhigh_official_q3,midlow_cr_q2,content_k5_c0,residual_low_q1,34.8837471858285,,warm,34.604164380037545,-0.27958280579095174,0.0,1,0,1,34.604164380037545,,-0.27958280579095174,32.109124484696416,,-2.774622701132081,34.533141913348445,,-0.3506052724800526,33.42473095255903,,-1.459016233269466,32.80654792874644,0.9872276186943054,-2.077199257082057,32.10927608876394,,-2.7744710970645556,0,1,0,0,0,1,0,0
124_1.0_0.82.png,124,1.0,0.82,A>=0.95,0.8<=beta<1.1,A>=0.95 | 0.8<=beta<1.1,weak_official_q1,midlow_cr_q2,content_k5_c0,residual_midhigh_q3,29.79282852607731,,crplus,31.858930801083524,2.0661022750062124,2.0661022750062124,0,0,0,29.82914548466588,,0.03631695858856787,29.4413996959021,,-0.3514288301752124,31.182580742554986,,1.3897522164776746,30.06401631259951,,0.2711877865221979,31.858930801083524,0.9843980669975281,2.0661022750062124,29.445697200149827,,-0.3471313259274851,1,0,0,1,1,0,0,1
125_0.57_1.94.png,125,0.57,1.94,A<0.65,beta>=1.7,A<0.65 | beta>=1.7,weak_official_q1,midlow_cr_q2,content_k5_c3,residual_high_q4,29.131971877221154,,cold_cr,32.2782638827745,3.1462920055533488,3.1462920055533488,0,0,0,28.838427405987147,,-0.2935444712340072,32.2782638827745,,3.1462920055533488,29.642787060465107,,0.5108151832439525,28.41312082506041,,-0.7188510521607441,30.2875001348325,0.9858752489089966,1.1555282576113441,32.27746815610339,,3.1454962788822343,1,0,0,1,1,0,0,1
126_0.64_1.73.png,126,0.64,1.73,A<0.65,beta>=1.7,A<0.65 | beta>=1.7,midlow_official_q2,midhigh_cr_q3,content_k5_c3,residual_high_q4,30.833302071976142,,cold_cr,33.832474139615606,2.9991720676394635,2.9991720676394635,0,0,0,30.548099664795068,,-0.2852024071810746,33.832474139615606,,2.9991720676394635,30.725702774625297,,-0.10759929735084484,30.068401366004622,,-0.7649007059715203,31.709493444656317,0.9874430894851685,0.8761913726801751,33.82895583190057,,2.99565375992443,1,0,0,1,1,0,0,1
127_0.57_0.92.png,127,0.57,0.92,A<0.65,0.8<=beta<1.1,A<0.65 | 0.8<=beta<1.1,midlow_official_q2,strong_cr_q4,content_k5_c0,residual_midlow_q2,33.198195589792824,,cbrfrc,36.20392995204208,3.0057343622492567,3.0057343622492567,0,0,0,33.327197780143145,,0.12900219035032023,36.19361522886562,,2.995419639072793,32.17895822014329,,-1.019237369649531,30.13565969238585,,-3.062535897406974,34.97578397012871,0.9938043355941772,1.7775883803358852,36.20392995204208,,3.0057343622492567,1,0,0,1,1,0,0,1
128_0.65_0.67.png,128,0.65,0.67,0.65<=A<0.75,beta<0.8,0.65<=A<0.75 | beta<0.8,midhigh_official_q3,strong_cr_q4,content_k5_c0,residual_low_q1,35.503810542515446,,cbrfrc,37.03700216692893,1.5331916244134831,1.5331916244134831,0,0,1,35.5016587691095,,-0.0021517734059486315,37.02428332705829,,1.5204727845428465,34.69880371623677,,-0.805006826278678,32.17163095309572,,-3.3321795894197237,36.62061080893025,0.9950342178344727,1.1168002664148062,37.03700216692893,,1.5331916244134831,1,0,0,1,1,0,0,1
129_0.76_1.71.png,129,0.76,1.71,0.75<=A<0.85,beta>=1.7,0.75<=A<0.85 | beta>=1.7,midlow_official_q2,midlow_cr_q2,content_k5_c3,residual_midhigh_q3,32.30841948665248,,residualcalib,32.51792821800852,0.20950873135603842,0.20950873135603842,0,0,0,31.90235498062963,,-0.40606450602285094,30.254476596901043,,-2.05394288975144,31.74529239004009,,-0.5631270966123942,32.51792821800852,,0.20950873135603842,31.335953207946076,0.9657308459281921,-0.9724662787064062,30.259986595080363,,-2.0484328915721193,1,0,0,1,1,0,0,1
12_0.75_1.95.png,12,0.75,1.95,0.75<=A<0.85,beta>=1.7,0.75<=A<0.85 | beta>=1.7,midhigh_official_q3,midhigh_cr_q3,content_k5_c3,residual_midhigh_q3,35.28147364389539,,warm,34.80290720432017,-0.47856643957521783,0.0,1,0,0,34.80290720432017,,-0.47856643957521783,34.31502103816969,,-0.9664526057256992,32.14540936811102,,-3.1360642757843706,31.692602957661236,,-3.588870686234152,32.06577931540126,0.9903783202171326,-3.2156943284941306,34.31187534777198,,-0.969598296123408,0,1,0,0,0,1,0,0
130_0.9_0.92.png,130,0.9,0.92,0.85<=A<0.95,0.8<=beta<1.1,0.85<=A<0.95 | 0.8<=beta<1.1,midlow_official_q2,midlow_cr_q2,content_k5_c0,residual_midhigh_q3,33.90667360230616,,warm,33.441647562951275,-0.46502603935488196,0.0,1,0,0,33.441647562951275,,-0.46502603935488196,30.257445167550742,,-3.6492284347554147,31.639366507649743,,-2.267307094656413,32.79638188116488,,-1.110291721141273,32.315751759506526,0.9751656651496887,-1.5909218427996308,30.263945243215367,,-3.642728359090789,0,1,0,0,0,1,0,0
131_0.72_0.59.png,131,0.72,0.59,0.65<=A<0.75,beta<0.8,0.65<=A<0.75 | beta<0.8,midhigh_official_q3,midlow_cr_q2,content_k5_c0,residual_midlow_q2,36.779720908452155,,warm,36.54115195745498,-0.2385689509971769,0.0,1,0,0,36.54115195745498,,-0.2385689509971769,32.22385570915422,,-4.5558651992979335,33.48801013154225,,-3.291710776909909,34.51968089589717,,-2.260040012554988,34.5440317490514,0.9796529412269592,-2.2356891594007564,32.23070845548757,,-4.549012452964583,0,1,0,0,0,1,0,0
132_1.0_1.29.png,132,1.0,1.29,A>=0.95,1.1<=beta<1.4,A>=0.95 | 1.1<=beta<1.4,midlow_official_q2,weak_cr_q1,content_k5_c3,residual_midhigh_q3,30.927865790762095,,residualcalib,30.639194386985267,-0.2886714037768279,0.0,1,0,0,30.569675844443044,,-0.358189946319051,28.818187292781168,,-2.1096784979809264,29.511287460688678,,-1.416578330073417,30.639194386985267,,-0.2886714037768279,29.054365375354003,0.9501121044158936,-1.8735004154080919,28.82345104272277,,-2.104414748039325,0,1,0,0,0,1,0,0
133_0.67_1.65.png,133,0.67,1.65,0.65<=A<0.75,1.4<=beta<1.7,0.65<=A<0.75 | 1.4<=beta<1.7,midlow_official_q2,midlow_cr_q2,content_k5_c1,residual_midhigh_q3,30.4198298499891,,lfv1,30.920721388156434,0.500891538167334,0.500891538167334,0,0,0,30.629021545092478,,0.2091916951033781,29.466522520464785,,-0.9533073295243142,30.920721388156434,,0.500891538167334,29.426379426835258,,-0.9934504231538419,29.395747240275245,0.9853832125663757,-1.0240826097138545,29.460772488944833,,-0.9590573610442661,1,0,0,1,1,0,0,1
134_0.53_0.77.png,134,0.53,0.77,A<0.65,beta<0.8,A<0.65 | beta<0.8,midlow_official_q2,midlow_cr_q2,content_k5_c1,residual_midhigh_q3,31.99552330413196,,lfv1,32.74709979317483,0.751576489042872,0.751576489042872,0,0,0,32.02455079737486,,0.02902749324289644,32.220936277037005,,0.22541297290504403,32.74709979317483,,0.751576489042872,31.520352191145967,,-0.47517111298599346,32.24385567010307,0.9927150011062622,0.24833236597111252,32.215165601150794,,0.21964229701883298,1,0,0,1,1,0,0,1
135_0.54_1.58.png,135,0.54,1.58,A<0.65,1.4<=beta<1.7,A<0.65 | 1.4<=beta<1.7,midlow_official_q2,weak_cr_q1,content_k5_c1,residual_high_q4,30.99586417255534,,warm,30.96447628047043,-0.03138789208491133,0.0,1,0,0,30.96447628047043,,-0.03138789208491133,28.670018484863217,,-2.325845687692123,29.291209723555276,,-1.7046544490000635,28.10839367202432,,-2.8874705005310197,28.95635081085874,0.9877475500106812,-2.0395133616965992,28.66219966319931,,-2.33366450935603,0,1,0,0,0,1,0,0
136_0.75_0.8.png,136,0.75,0.8,0.75<=A<0.85,0.8<=beta<1.1,0.75<=A<0.85 | 0.8<=beta<1.1,midlow_official_q2,midlow_cr_q2,content_k5_c0,residual_midlow_q2,31.48490181896038,,residualcalib,33.23620172155629,1.7512999025959104,1.7512999025959104,0,0,0,31.58177816376272,,0.09687634480233953,31.96487154341277,,0.4799697244523884,32.873238685749506,,1.3883368667891247,33.23620172155629,,1.7512999025959104,32.02146713181163,0.9918034076690674,0.536565312851252,31.963961542988947,,0.47905972402856634,1,0,0,1,1,0,0,1
137_0.99_1.98.png,137,0.99,1.98,A>=0.95,beta>=1.7,A>=0.95 | beta>=1.7,midlow_official_q2,midlow_cr_q2,content_k5_c3,residual_high_q4,31.36513877051176,,warm,31.213775706774328,-0.15136306373743125,0.0,1,0,0,31.213775706774328,,-0.15136306373743125,29.37532869027255,,-1.9898100802392094,30.095779761706815,,-1.269359008804944,26.790668581893826,,-4.5744701886179335,29.307576910289512,0.9760946035385132,-2.057561860222247,29.384671547656627,,-1.9804672228551325,0,1,0,0,0,1,0,0
138_1.0_1.48.png,138,1.0,1.48,A>=0.95,1.4<=beta<1.7,A>=0.95 | 1.4<=beta<1.7,midlow_official_q2,midlow_cr_q2,content_k5_c3,residual_midhigh_q3,34.17581187246143,,warm,34.62933586998686,0.45352399752542993,0.45352399752542993,0,0,0,34.62933586998686,,0.45352399752542993,32.16752200057168,,-2.008289871889751,33.2863456806814,,-0.8894661917800306,31.634500974527164,,-2.5413108979342667,32.473437580498306,0.9832776188850403,-1.7023742919631246,32.177814828162006,,-1.9979970442994244,1,0,0,1,1,0,0,1
139_0.85_0.96.png,139,0.85,0.96,0.85<=A<0.95,0.8<=beta<1.1,0.85<=A<0.95 | 0.8<=beta<1.1,midhigh_official_q3,midlow_cr_q2,content_k5_c3,residual_midlow_q2,36.90226181321129,,warm,37.41401218994849,0.5117503767371971,0.5117503767371971,0,0,0,37.41401218994849,,0.5117503767371971,32.20023027191565,,-4.702031541295639,35.92357372808732,,-0.9786880851239701,33.151125527703,,-3.751136285508288,32.61224345759294,0.9875389337539673,-4.290018355618351,32.21268999101223,,-4.689571822199056,1,0,0,1,1,0,0,1
13_0.52_1.9.png,13,0.52,1.9,A<0.65,beta>=1.7,A<0.65 | beta>=1.7,weak_official_q1,weak_cr_q1,content_k5_c1,residual_high_q4,29.3058331337433,,warm,29.552608131916102,0.24677499817280335,0.24677499817280335,0,0,0,29.552608131916102,,0.24677499817280335,25.925332917056167,,-3.380500216687132,29.069072285886257,,-0.23676084785704177,27.33950589369551,,-1.9663272400477894,27.271017005032725,0.9819756150245667,-2.034816128710574,25.918833390822233,,-3.3869997429210663,1,0,0,1,1,0,0,1
140_0.94_1.55.png,140,0.94,1.55,0.85<=A<0.95,1.4<=beta<1.7,0.85<=A<0.95 | 1.4<=beta<1.7,midlow_official_q2,midlow_cr_q2,content_k5_c3,residual_high_q4,34.07299828060949,,warm,34.36502243135316,0.2920241507436714,0.2920241507436714,0,0,0,34.36502243135316,,0.2920241507436714,31.63496028249019,,-2.4380379981192988,32.701557902728375,,-1.3714403778811146,30.574699344518525,,-3.498298936090965,31.5660530597537,0.9824674725532532,-2.5069452208557905,31.646372006442295,,-2.4266262741671945,1,0,0,1,1,0,0,1
141_0.79_1.1.png,141,0.79,1.1,0.75<=A<0.85,1.1<=beta<1.4,0.75<=A<0.85 | 1.1<=beta<1.4,midlow_official_q2,midhigh_cr_q3,content_k5_c0,residual_low_q1,32.54116945676309,,cold_cr,33.74624582810781,1.2050763713447168,1.2050763713447168,0,0,1,32.64076394121457,,0.09959448445147956,33.74624582810781,,1.2050763713447168,33.14019401767871,,0.5990245609156162,32.17501084753951,,-0.36615860922358223,31.65764605576955,0.9877424836158752,-0.8835234009935427,33.743162042092514,,1.201992585329421,1,0,0,1,1,0,0,1
142_0.96_1.88.png,142,0.96,1.88,A>=0.95,beta>=1.7,A>=0.95 | beta>=1.7,midlow_official_q2,midlow_cr_q2,content_k5_c3,residual_midhigh_q3,30.45412573044143,,warm,30.350601061029256,-0.10352466941217386,0.0,1,0,0,30.350601061029256,,-0.10352466941217386,29.141821551101003,,-1.3123041793404262,28.37328470474974,,-2.08084102569169,27.07840098531104,,-3.375724745130391,26.64065695138829,0.9698518514633179,-3.8134687790531387,29.146794033556333,,-1.3073316968850968,0,1,0,0,0,1,0,0
143_0.68_1.8.png,143,0.68,1.8,0.65<=A<0.75,beta>=1.7,0.65<=A<0.75 | beta>=1.7,midlow_official_q2,midlow_cr_q2,content_k5_c1,residual_midlow_q2,31.617496247260114,,warm,31.15560427210734,-0.46189197515277414,0.0,1,0,0,31.15560427210734,,-0.46189197515277414,30.038557009760325,,-1.5789392374997888,29.963832595266815,,-1.6536636519932983,29.12227419309002,,-2.4952220541700925,29.517953107614858,0.9826434850692749,-2.099543139645256,30.04415072995108,,-1.5733455173090327,0,1,0,0,0,1,0,0
144_0.6_0.66.png,144,0.6,0.66,A<0.65,beta<0.8,A<0.65 | beta<0.8,midlow_official_q2,midhigh_cr_q3,content_k5_c0,residual_low_q1,33.67947268979617,,lfv1,37.11268834797561,3.433215658179442,3.433215658179442,0,0,1,33.9783322787292,,0.298859588933027,35.01555831174102,,1.3360856219448465,37.11268834797561,,3.433215658179442,33.914271704666426,,0.234799014870255,33.22893595917517,0.990147590637207,-0.4505367306210033,35.002454975444046,,1.3229822856478748,1,0,0,1,1,0,0,1
145_0.59_1.25.png,145,0.59,1.25,A<0.65,1.1<=beta<1.4,A<0.65 | 1.1<=beta<1.4,weak_official_q1,weak_cr_q1,content_k5_c1,residual_midhigh_q3,22.382517422114113,,residualcalib,24.82827750066842,2.445760078554308,2.445760078554308,0,0,0,22.27740375261436,,-0.10511366949975098,23.254514150976764,,0.8719967288626513,23.66912037554476,,1.2866029534306485,24.82827750066842,,2.445760078554308,23.769440461599864,0.9615470170974731,1.386923039485751,23.2583966133595,,0.8758791912453887,1,0,0,1,1,0,0,1
146_0.72_0.71.png,146,0.72,0.71,0.65<=A<0.75,beta<0.8,0.65<=A<0.75 | beta<0.8,weak_official_q1,weak_cr_q1,content_k5_c0,residual_midhigh_q3,24.12621501216322,,crplus,27.2713536154643,3.1451386033010778,3.1451386033010778,0,0,0,24.128685959037526,,0.0024709468743040475,24.543839730204265,,0.4176247180410435,25.049665761361375,,0.9234507491981532,26.981140124004966,,2.8549251118417445,27.2713536154643,0.977412760257721,3.1451386033010778,24.549741494290892,,0.4235264821276701,1,0,0,1,1,0,0,1
147_0.87_1.14.png,147,0.87,1.14,0.85<=A<0.95,1.1<=beta<1.4,0.85<=A<0.95 | 1.1<=beta<1.4,weak_official_q1,weak_cr_q1,content_k5_c3,residual_midlow_q2,21.144219963507087,,residualcalib,22.64931807413361,1.5050981106265233,1.5050981106265233,0,0,0,21.125446681220513,,-0.018773282286574045,21.662883550435698,,0.5186635869286107,21.864553140830296,,0.7203331773232087,22.64931807413361,,1.5050981106265233,21.929890498401008,0.9528003334999084,0.7856705348939208,21.66613351050634,,0.5219135469992544,1,0,0,1,1,0,0,1
148_0.51_1.15.png,148,0.51,1.15,A<0.65,1.1<=beta<1.4,A<0.65 | 1.1<=beta<1.4,weak_official_q1,weak_cr_q1,content_k5_c1,residual_midhigh_q3,23.544219982244144,,residualcalib,25.972948672299445,2.4287286900553013,2.4287286900553013,0,0,0,23.3959721812996,,-0.14824780094454226,23.856307114488935,,0.3120871322447911,24.70593770063415,,1.1617177183900047,25.972948672299445,,2.4287286900553013,25.338330050861607,0.9682809710502625,1.7941100686174636,23.859133909615707,,0.3149139273715633,1,0,0,1,1,0,0,1
149_0.8_1.92.png,149,0.8,1.92,0.75<=A<0.85,beta>=1.7,0.75<=A<0.85 | beta>=1.7,midlow_official_q2,midhigh_cr_q3,content_k5_c3,residual_high_q4,33.160496670038896,,crplus,33.69703137602105,0.5365347059821559,0.5365347059821559,0,0,0,32.7251977463883,,-0.4352989236505991,33.27235604792645,,0.11185937788755496,32.19730906353397,,-0.9631876065049241,29.413071302897134,,-3.747425367141762,33.69703137602105,0.9875591993331909,0.5365347059821559,33.27549935867556,,0.11500268863666463,1,0,0,1,1,0,0,1
14_0.98_1.76.png,14,0.98,1.76,A>=0.95,beta>=1.7,A>=0.95 | beta>=1.7,weak_official_q1,weak_cr_q1,content_k5_c3,residual_high_q4,27.69911794177017,,warm,27.925675844726396,0.2265579029562268,0.2265579029562268,0,0,0,27.925675844726396,,0.2265579029562268,27.36064980648623,,-0.3384681352839394,27.086861073052226,,-0.6122568687179424,26.93181157751077,,-0.7673063642593974,27.756029364385647,0.9824008941650391,0.0569114226154781,27.35891004576149,,-0.3402078960086783,1,0,0,1,1,0,0,1
150_0.6_1.29.png,150,0.6,1.29,A<0.65,1.1<=beta<1.4,A<0.65 | 1.1<=beta<1.4,midlow_official_q2,midlow_cr_q2,content_k5_c0,residual_midhigh_q3,33.71939164262985,,lfv1,35.726055325870576,2.006663683240724,2.006663683240724,0,0,0,33.38694846011851,,-0.33244318251134075,31.974183572674804,,-1.7452080699550478,35.726055325870576,,2.006663683240724,30.795823296149937,,-2.9235683464799145,29.99197144620365,0.9908033609390259,-3.727420196426202,31.9545865344589,,-1.7648051081709504,1,0,0,1,1,0,0,1
151_0.86_1.95.png,151,0.86,1.95,0.85<=A<0.95,beta>=1.7,0.85<=A<0.95 | beta>=1.7,midlow_official_q2,midhigh_cr_q3,content_k5_c3,residual_high_q4,32.821308780977525,,crplus,33.14767379419681,0.3263650132192879,0.3263650132192879,0,0,0,32.22011094347384,,-0.6011978375036833,32.40213459255166,,-0.4191741884258633,31.644244511510205,,-1.1770642694673192,28.813802047607506,,-4.007506733370018,33.14767379419681,0.9862954616546631,0.3263650132192879,32.40999679322507,,-0.41131198775245537,1,0,0,1,1,0,0,1
152_0.61_1.16.png,152,0.61,1.16,A<0.65,1.1<=beta<1.4,A<0.65 | 1.1<=beta<1.4,midlow_official_q2,midhigh_cr_q3,content_k5_c0,residual_midhigh_q3,34.13286841487484,,lfv1,36.10519065623046,1.97232224135562,1.97232224135562,0,0,0,33.80214143376561,,-0.3307269811092297,33.375120987140136,,-0.7577474277347065,36.10519065623046,,1.97232224135562,31.615079969511818,,-2.517788445363024,31.00212391540255,0.9913152456283569,-3.130744499472293,33.35366509113371,,-0.7792033237411289,1,0,0,1,1,0,0,1
153_0.96_1.61.png,153,0.96,1.61,A>=0.95,1.4<=beta<1.7,A>=0.95 | 1.4<=beta<1.7,weak_official_q1,weak_cr_q1,content_k5_c3,residual_midhigh_q3,28.77961526230051,,warm,28.41642381650983,-0.3631914457906795,0.0,1,0,0,28.41642381650983,,-0.3631914457906795,28.246429279935327,,-0.5331859823651826,27.081106276174648,,-1.6985089861258622,27.91215453621804,,-0.86746072608247,26.19080526968399,0.9590426683425903,-2.5888099926165182,28.249754154154793,,-0.5298611081457167,0,1,0,0,0,1,0,0
154_0.97_1.3.png,154,0.97,1.3,A>=0.95,1.1<=beta<1.4,A>=0.95 | 1.1<=beta<1.4,weak_official_q1,weak_cr_q1,content_k5_c3,residual_midlow_q2,29.212630751071018,,warm,28.97586509954079,-0.23676565153022722,0.0,1,0,0,28.97586509954079,,-0.23676565153022722,28.415178977114778,,-0.7974517739562401,27.684895417068844,,-1.5277353340021733,28.83917154433483,,-0.37345920673618593,26.9890770006619,0.9637464880943298,-2.223553750409117,28.418225709277827,,-0.7944050417931905,0,1,0,0,0,1,0,0
155_0.68_1.77.png,155,0.68,1.77,0.65<=A<0.75,beta>=1.7,0.65<=A<0.75 | beta>=1.7,weak_official_q1,midlow_cr_q2,content_k5_c3,residual_midhigh_q3,29.849270118477946,,cbrfrc,30.070529265326513,0.22125914684856696,0.22125914684856696,0,0,0,29.333699533032608,,-0.5155705854453387,30.06907219420137,,0.21980207572342536,28.869050690348224,,-0.9802194281297218,29.41572922532383,,-0.4335408931541167,27.784127769874157,0.9719510674476624,-2.065142348603789,30.070529265326513,,0.22125914684856696,1,0,0,1,1,0,0,1
156_0.53_1.42.png,156,0.53,1.42,A<0.65,1.4<=beta<1.7,A<0.65 | 1.4<=beta<1.7,midlow_official_q2,midlow_cr_q2,content_k5_c0,residual_high_q4,30.38808228782372,,cold_cr,31.59062403236757,1.2025417445438507,1.2025417445438507,0,0,0,30.34454200656629,,-0.0435402812574317,31.59062403236757,,1.2025417445438507,29.82706021008405,,-0.5610220777396719,30.336090167839433,,-0.051992119984287655,29.46447106455586,0.9824522137641907,-0.9236112232678622,31.587922758578706,,1.1998404707549852,1,0,0,1,1,0,0,1
157_0.94_0.74.png,157,0.94,0.74,0.85<=A<0.95,beta<0.8,0.85<=A<0.95 | beta<0.8,midlow_official_q2,midhigh_cr_q3,content_k5_c0,residual_low_q1,33.20057355150288,,cbrfrc,33.79915321942864,0.5985796679257618,0.5985796679257618,0,0,1,32.93079554777269,,-0.26977800373018823,33.797706551399,,0.5971329998961252,32.66440809487433,,-0.5361654566285452,32.21709715283298,,-0.9834763986699002,32.60587887595684,0.9842196106910706,-0.5946946755460374,33.79915321942864,,0.5985796679257618,1,0,0,1,1,0,0,1
158_0.83_0.86.png,158,0.83,0.86,0.75<=A<0.85,0.8<=beta<1.1,0.75<=A<0.85 | 0.8<=beta<1.1,midlow_official_q2,midhigh_cr_q3,content_k5_c0,residual_low_q1,33.604771567389484,,cold_cr,34.187360866269124,0.5825892988796397,0.5825892988796397,0,0,1,33.30763425549393,,-0.29713731189555403,34.187360866269124,,0.5825892988796397,32.93511898285978,,-0.6696525845297074,32.33846108954753,,-1.2663104778419552,32.731000572010956,0.9839665293693542,-0.8737709953785284,34.186857693462244,,0.5820861260727597,1,0,0,1,1,0,0,1
159_0.64_0.71.png,159,0.64,0.71,A<0.65,beta<0.8,A<0.65 | beta<0.8,midhigh_official_q3,midhigh_cr_q3,content_k5_c0,residual_low_q1,34.90456243561941,,residualcalib,35.83441910600349,0.9298566703840763,0.9298566703840763,0,0,1,34.87245494130284,,-0.032107494316569785,35.63455672992987,,0.7299942943104583,35.342536776476294,,0.4379743408568828,35.83441910600349,,0.9298566703840763,34.8014617020096,0.9886026382446289,-0.1031007336098142,35.63510076219725,,0.730538326577836,1,0,0,1,1,0,0,1
15_0.99_1.38.png,15,0.99,1.38,A>=0.95,1.1<=beta<1.4,A>=0.95 | 1.1<=beta<1.4,weak_official_q1,weak_cr_q1,content_k5_c3,residual_high_q4,27.735751432252638,,warm,27.938130975928914,0.20237954367627609,0.20237954367627609,0,0,0,27.938130975928914,,0.20237954367627609,27.604089679223094,,-0.13166175302954386,26.95951084132812,,-0.776240590924516,27.384642737392,,-0.35110869486063834,27.919834772709518,0.984585702419281,0.1840833404568798,27.602163182704324,,-0.13358824954831405,1,0,0,1,1,0,0,1
160_0.94_1.85.png,160,0.94,1.85,0.85<=A<0.95,beta>=1.7,0.85<=A<0.95 | beta>=1.7,midlow_official_q2,midlow_cr_q2,content_k5_c3,residual_midhigh_q3,31.162635241537522,,warm,30.747318297808263,-0.415316943729259,0.0,1,0,0,30.747318297808263,,-0.415316943729259,29.573940001839727,,-1.5886952396977954,30.236792017042,,-0.925843224495523,27.80544162592033,,-3.3571936156171915,29.16084961930831,0.9683279991149902,-2.001785622229214,29.572134972852044,,-1.590500268685478,0,1,0,0,0,1,0,0
161_0.56_1.13.png,161,0.56,1.13,A<0.65,1.1<=beta<1.4,A<0.65 | 1.1<=beta<1.4,weak_official_q1,weak_cr_q1,content_k5_c0,residual_midhigh_q3,27.430837290389924,,residualcalib,28.21538292983095,0.7845456394410277,0.7845456394410277,0,0,0,27.359252162003852,,-0.07158512838607223,25.01860543735711,,-2.4122318530328144,25.265109466094195,,-2.165727824295729,28.21538292983095,,0.7845456394410277,26.336203170836324,0.9841342568397522,-1.0946341195536,25.024068454752317,,-2.4067688356376067,1,0,0,1,1,0,0,1
162_0.9_0.74.png,162,0.9,0.74,0.85<=A<0.95,beta<0.8,0.85<=A<0.95 | beta<0.8,midlow_official_q2,weak_cr_q1,content_k5_c0,residual_low_q1,30.6202506570864,,warm,30.728751880479187,0.10850122339278556,0.10850122339278556,0,0,1,30.728751880479187,,0.10850122339278556,28.81986603628091,,-1.8003846208054917,30.33775878202713,,-0.28249187505927154,30.363463012245077,,-0.25678764484132444,29.363917072855884,0.9870455861091614,-1.2563335842305179,28.82816488829158,,-1.79208576879482,0,0,1,-1,0,0,1,-1
163_0.97_1.57.png,163,0.97,1.57,A>=0.95,1.4<=beta<1.7,A>=0.95 | 1.4<=beta<1.7,midlow_official_q2,weak_cr_q1,content_k5_c3,residual_midhigh_q3,30.202898628646683,,warm,30.093426621553824,-0.10947200709285809,0.0,1,0,0,30.093426621553824,,-0.10947200709285809,27.506516421483305,,-2.696382207163378,26.965717003049274,,-3.237181625597408,29.126785175600993,,-1.0761134530456893,26.555597658071164,0.9770104289054871,-3.647300970575518,27.512837657072353,,-2.6900609715743293,0,1,0,0,0,1,0,0
164_0.84_1.26.png,164,0.84,1.26,0.75<=A<0.85,1.1<=beta<1.4,0.75<=A<0.85 | 1.1<=beta<1.4,weak_official_q1,weak_cr_q1,content_k5_c3,residual_midhigh_q3,28.40538892882335,,residualcalib,28.518538652279336,0.11314972345598662,0.11314972345598662,0,0,0,28.461150971087903,,0.05576204226455417,27.496676765624276,,-0.9087121631990733,27.049541273383394,,-1.3558476554399554,28.518538652279336,,0.11314972345598662,27.169152899462574,0.9822810292243958,-1.236236029360775,27.501875103295713,,-0.9035138255276358,0,0,1,-1,0,0,1,-1
165_0.8_0.79.png,165,0.8,0.79,0.75<=A<0.85,beta<0.8,0.75<=A<0.85 | beta<0.8,midlow_official_q2,weak_cr_q1,content_k5_c0,residual_midlow_q2,30.499907968165303,,warm,30.087333710439825,-0.4125742577254776,0.0,1,0,0,30.087333710439825,,-0.4125742577254776,28.196244418932373,,-2.3036635492329296,28.015733244388073,,-2.4841747237772296,29.909462915981653,,-0.5904450521836502,29.223462617873828,0.9792169332504272,-1.2764453502914748,28.187781140801768,,-2.312126827363535,0,1,0,0,0,1,0,0
166_0.74_1.47.png,166,0.74,1.47,0.65<=A<0.75,1.4<=beta<1.7,0.65<=A<0.75 | 1.4<=beta<1.7,midlow_official_q2,midlow_cr_q2,content_k5_c3,residual_high_q4,32.771538375624736,,warm,32.42029697361376,-0.3512414020109773,0.0,1,0,0,32.42029697361376,,-0.3512414020109773,31.008407361521122,,-1.7631310141036138,27.770838464224955,,-5.000699911399781,31.327376961390904,,-1.4441614142338324,30.474727646600602,0.963714599609375,-2.296810729024134,31.00091797312139,,-1.7706204025033472,0,1,0,0,0,1,0,0
167_0.53_1.34.png,167,0.53,1.34,A<0.65,1.1<=beta<1.4,A<0.65 | 1.1<=beta<1.4,weak_official_q1,midhigh_cr_q3,content_k5_c0,residual_high_q4,29.32687754804697,,cold_cr,32.53067490623272,3.2037973581857493,3.2037973581857493,0,0,0,28.216210001700475,,-1.1106675463464946,32.53067490623272,,3.2037973581857493,28.166417542833777,,-1.1604600052131921,31.738955933931,,2.41207838588403,30.9124760378785,0.9650278687477112,1.5855984898315292,32.52866347391289,,3.2017859258659236,1,0,0,1,1,0,0,1
168_0.8_1.19.png,168,0.8,1.19,0.75<=A<0.85,1.1<=beta<1.4,0.75<=A<0.85 | 1.1<=beta<1.4,midlow_official_q2,midlow_cr_q2,content_k5_c0,residual_high_q4,31.40582406646172,,warm,31.2476447568686,-0.15817930959311965,0.0,1,0,0,31.2476447568686,,-0.15817930959311965,28.846397822651046,,-2.559426243810673,26.848425902367715,,-4.557398164094003,30.039747221976285,,-1.366076844485434,28.49936476793962,0.971664309501648,-2.9064592985220976,28.836910114862086,,-2.568913951599633,0,1,0,0,0,1,0,0
169_0.77_1.51.png,169,0.77,1.51,0.75<=A<0.85,1.4<=beta<1.7,0.75<=A<0.85 | 1.4<=beta<1.7,weak_official_q1,weak_cr_q1,content_k5_c3,residual_high_q4,24.20116913588016,,residualcalib,24.963250836490296,0.7620817006101355,0.7620817006101355,0,0,0,24.357156199311515,,0.15598706343135404,24.820084163093345,,0.618915027213184,23.904186317108362,,-0.29698281877179866,24.963250836490296,,0.7620817006101355,24.048964938211807,0.912073016166687,-0.1522041976683539,24.821120910349098,,0.6199517744689373,1,0,0,1,1,0,0,1
16_0.6_1.46.png,16,0.6,1.46,A<0.65,1.4<=beta<1.7,A<0.65 | 1.4<=beta<1.7,midlow_official_q2,midlow_cr_q2,content_k5_c1,residual_low_q1,31.034306981596234,,cold_cr,31.349118247347157,0.31481126575092233,0.31481126575092233,0,0,1,30.957438154687388,,-0.07686882690884644,31.349118247347157,,0.31481126575092233,30.99690333844117,,-0.03740364315506284,31.26581753376648,,0.23151055217024563,30.2865354672416,0.9863526821136475,-0.7477715143546355,31.34425358872123,,0.30994660712499567,1,0,0,1,1,0,0,1
170_0.96_1.28.png,170,0.96,1.28,A>=0.95,1.1<=beta<1.4,A>=0.95 | 1.1<=beta<1.4,weak_official_q1,weak_cr_q1,content_k5_c3,residual_high_q4,24.88902756232968,,cbrfrc,25.434699289327703,0.5456717269980231,0.5456717269980231,0,0,0,25.067844095982878,,0.1788165336531975,25.433819002726672,,0.5447914403969918,23.874412219251763,,-1.0146153430779172,25.181646911603657,,0.29261934927397704,24.20965174393825,0.9119153022766113,-0.6793758183914314,25.434699289327703,,0.5456717269980231,1,0,0,1,1,0,0,1
171_0.81_0.74.png,171,0.81,0.74,0.75<=A<0.85,beta<0.8,0.75<=A<0.85 | beta<0.8,weak_official_q1,weak_cr_q1,content_k5_c0,residual_midhigh_q3,26.65284282973012,,residualcalib,27.053251518583362,0.40040868885324343,0.40040868885324343,0,0,0,26.860235589463173,,0.20739275973305382,26.756078630516935,,0.10323580078681616,25.361905129420194,,-1.2909377003099252,27.053251518583362,,0.40040868885324343,25.57160790282124,0.9294821619987488,-1.0812349269088806,26.757867983786966,,0.10502515405684676,1,0,0,1,1,0,0,1
172_0.86_1.47.png,172,0.86,1.47,0.85<=A<0.95,1.4<=beta<1.7,0.85<=A<0.95 | 1.4<=beta<1.7,weak_official_q1,weak_cr_q1,content_k5_c3,residual_high_q4,24.419844555595812,,residualcalib,25.229175721933387,0.8093311663375751,0.8093311663375751,0,0,0,24.58277158409285,,0.16292702849703744,25.13529530189838,,0.7154507463025688,23.79915006672632,,-0.6206944888694927,25.229175721933387,,0.8093311663375751,23.969648489780205,0.9084039926528931,-0.4501960658156072,25.136396575870595,,0.7165520202747828,1,0,0,1,1,0,0,1
173_0.83_1.31.png,173,0.83,1.31,0.75<=A<0.85,1.1<=beta<1.4,0.75<=A<0.85 | 1.1<=beta<1.4,weak_official_q1,weak_cr_q1,content_k5_c3,residual_midhigh_q3,22.739678805298116,,residualcalib,23.275628287816517,0.5359494825184008,0.5359494825184008,0,0,0,22.551155932986134,,-0.18852287231198162,21.49011843223306,,-1.249560373065055,21.337308434596956,,-1.4023703707011599,23.275628287816517,,0.5359494825184008,22.454632187226792,0.9778028726577759,-0.28504661807132337,21.484301487379373,,-1.255377317918743,1,0,0,1,1,0,0,1
174_0.97_0.75.png,174,0.97,0.75,A>=0.95,beta<0.8,A>=0.95 | beta<0.8,weak_official_q1,weak_cr_q1,content_k5_c0,residual_midlow_q2,24.983064070997294,,crplus,24.90172453365675,-0.08133953734054344,0.0,1,0,0,24.65223885287761,,-0.3308252181196849,24.077482550613354,,-0.9055815203839401,23.512401691729963,,-1.4706623792673312,24.681687082638533,,-0.30137698835876137,24.90172453365675,0.9865602254867554,-0.08133953734054344,24.074766380578893,,-0.9082976904184008,0,1,0,0,0,1,0,0
175_0.86_1.38.png,175,0.86,1.38,0.85<=A<0.95,1.1<=beta<1.4,0.85<=A<0.95 | 1.1<=beta<1.4,weak_official_q1,weak_cr_q1,content_k5_c3,residual_midlow_q2,23.988638147636724,,residualcalib,24.11247666596463,0.12383851832790427,0.12383851832790427,0,0,0,23.72291323415289,,-0.2657249134838331,23.692251586617367,,-0.29638656101935723,23.36455828522852,,-0.6240798624082053,24.11247666596463,,0.12383851832790427,23.86937887093992,0.9790228605270386,-0.11925927669680547,23.686368492492377,,-0.30226965514434667,0,0,1,-1,0,0,1,-1
176_0.77_0.84.png,176,0.77,0.84,0.75<=A<0.85,0.8<=beta<1.1,0.75<=A<0.85 | 0.8<=beta<1.1,weak_official_q1,weak_cr_q1,content_k5_c0,residual_low_q1,22.438232744567493,,residualcalib,23.17697467995921,0.7387419353917153,0.7387419353917153,0,0,1,22.118099106001694,,-0.32013363856579957,21.543319050693373,,-0.8949136938741198,21.517937785951982,,-0.9202949586155107,23.17697467995921,,0.7387419353917153,22.62769235171584,0.9842151403427124,0.18945960714834698,21.536915590752294,,-0.9013171538151994,1,0,0,1,1,0,0,1
177_0.65_1.52.png,177,0.65,1.52,0.65<=A<0.75,1.4<=beta<1.7,0.65<=A<0.75 | 1.4<=beta<1.7,weak_official_q1,weak_cr_q1,content_k5_c1,residual_high_q4,26.72451459172585,,lfv1,27.285171201785083,0.5606566100592332,0.5606566100592332,0,0,0,26.610839779728742,,-0.11367481199710738,24.65802920089887,,-2.06648539082698,27.285171201785083,,0.5606566100592332,26.147808705509135,,-0.5767058862167147,26.72243417689222,0.9869827032089233,-0.002080414833628197,24.649949653360625,,-2.0745649383652243,1,0,0,1,1,0,0,1
178_0.64_1.88.png,178,0.64,1.88,A<0.65,beta>=1.7,A<0.65 | beta>=1.7,weak_official_q1,weak_cr_q1,content_k5_c1,residual_high_q4,24.947001208780023,,residualcalib,26.697038508634037,1.7500372998540143,1.7500372998540143,0,0,0,24.893278642745393,,-0.05372256603462944,22.597131388914057,,-2.3498698198659653,25.77391223667055,,0.8269110278905281,26.697038508634037,,1.7500372998540143,25.963906854823154,0.9824184775352478,1.0169056460431314,22.590931660803356,,-2.3560695479766665,1,0,0,1,1,0,0,1
179_0.78_1.87.png,179,0.78,1.87,0.75<=A<0.85,beta>=1.7,0.75<=A<0.85 | beta>=1.7,weak_official_q1,weak_cr_q1,content_k5_c1,residual_high_q4,25.256506598621332,,residualcalib,26.154013850031824,0.8975072514104916,0.8975072514104916,0,0,0,25.234991331229885,,-0.021515267391446713,25.192360501713157,,-0.06414609690817485,26.007622236852242,,0.7511156382309103,26.154013850031824,,0.8975072514104916,24.392175843769692,0.9820046424865723,-0.8643307548516397,25.188147759033242,,-0.06835883958808964,1,0,0,1,1,0,0,1
17_0.54_0.92.png,17,0.54,0.92,A<0.65,0.8<=beta<1.1,A<0.65 | 0.8<=beta<1.1,midhigh_official_q3,midhigh_cr_q3,content_k5_c0,residual_low_q1,38.13009910383227,,warm,38.34458033762226,0.2144812337899893,0.2144812337899893,0,0,1,38.34458033762226,,0.2144812337899893,34.730988892862555,,-3.3991102109697167,34.9961794690243,,-3.133919634807974,36.01533823574617,,-2.114760868086101,34.054707887306876,0.9829157590866089,-4.0753912165253965,34.742825820637904,,-3.387273283194368,1,0,0,1,1,0,0,1
180_0.79_1.22.png,180,0.79,1.22,0.75<=A<0.85,1.1<=beta<1.4,0.75<=A<0.85 | 1.1<=beta<1.4,weak_official_q1,midlow_cr_q2,content_k5_c1,residual_high_q4,27.32153661650147,,cold_cr,29.14771301116231,1.8261763946608411,1.8261763946608411,0,0,0,27.29194989556086,,-0.02958672094060688,29.14771301116231,,1.8261763946608411,27.777373930800884,,0.45583731429941565,27.92768453877549,,0.6061479222740225,27.537513781076584,0.990541934967041,0.21597716457511495,29.14474406827187,,1.8232074517704007,1,0,0,1,1,0,0,1
181_0.82_0.77.png,181,0.82,0.77,0.75<=A<0.85,beta<0.8,0.75<=A<0.85 | beta<0.8,midlow_official_q2,weak_cr_q1,content_k5_c3,residual_high_q4,31.12558347818378,,warm,30.667075582266847,-0.4585078959169344,0.0,1,0,0,30.667075582266847,,-0.4585078959169344,27.611808598365887,,-3.5137748798178947,26.63958497166799,,-4.4859985065157915,28.939847063577346,,-2.185736414606435,29.77113680666494,0.9919819831848145,-1.35444667151884,27.59865709719758,,-3.5269263809862004,0,1,0,0,0,1,0,0
182_0.89_1.0.png,182,0.89,1.0,0.85<=A<0.95,0.8<=beta<1.1,0.85<=A<0.95 | 0.8<=beta<1.1,midlow_official_q2,weak_cr_q1,content_k5_c3,residual_high_q4,31.910819755621638,,warm,31.456362781584893,-0.454456974036745,0.0,1,0,0,31.456362781584893,,-0.454456974036745,27.83261409230015,,-4.078205663321487,26.764709205993213,,-5.146110549628425,27.610627559913283,,-4.300192195708355,29.079973661252776,0.989655613899231,-2.8308460943688623,27.819874458058365,,-4.090945297563273,0,1,0,0,0,1,0,0
183_0.86_1.21.png,183,0.86,1.21,0.85<=A<0.95,1.1<=beta<1.4,0.85<=A<0.95 | 1.1<=beta<1.4,midlow_official_q2,weak_cr_q1,content_k5_c3,residual_high_q4,31.08954455295057,,warm,30.88963977817864,-0.19990477477193025,0.0,1,0,0,30.88963977817864,,-0.19990477477193025,27.363981796602943,,-3.725562756347628,26.271550059029774,,-4.817994493920796,27.903725241091152,,-3.1858193118594187,28.440628547571265,0.9878387451171875,-2.6489160053793057,27.35172522871366,,-3.7378193242369093,0,1,0,0,0,1,0,0
184_0.83_0.77.png,184,0.83,0.77,0.75<=A<0.85,beta<0.8,0.75<=A<0.85 | beta<0.8,midlow_official_q2,weak_cr_q1,content_k5_c3,residual_high_q4,31.48174382080618,,warm,31.01120054970724,-0.4705432710989399,0.0,1,0,0,31.01120054970724,,-0.4705432710989399,27.44968199572673,,-4.032061825079449,26.444508466468054,,-5.037235354338126,28.70374166959829,,-2.7780021512078896,29.409676159231154,0.9919713735580444,-2.0720676615750264,27.436655558197742,,-4.045088262608438,0,1,0,0,0,1,0,0
185_0.79_1.23.png,185,0.79,1.23,0.75<=A<0.85,1.1<=beta<1.4,0.75<=A<0.85 | 1.1<=beta<1.4,midlow_official_q2,midlow_cr_q2,content_k5_c3,residual_midlow_q2,32.23534034871874,,lfv1,32.816928350549624,0.5815880018308803,0.5815880018308803,0,0,0,32.313950693017276,,0.0786103442985322,30.93940939957214,,-1.2959309491466051,32.816928350549624,,0.5815880018308803,31.763331019307827,,-0.4720093294109162,32.344068444548085,0.9895217418670654,0.10872809582934195,30.938707714700563,,-1.2966326340181809,1,0,0,1,1,0,0,1
186_0.74_1.02.png,186,0.74,1.02,0.65<=A<0.75,0.8<=beta<1.1,0.65<=A<0.75 | 0.8<=beta<1.1,midlow_official_q2,midlow_cr_q2,content_k5_c3,residual_low_q1,32.77785347252798,,lfv1,33.416784446743286,0.638930974215306,0.638930974215306,0,0,1,32.86283584933714,,0.08498237680915821,31.333605740849862,,-1.444247731678118,33.416784446743286,,0.638930974215306,32.248460038421086,,-0.5293934341068933,33.013278163233565,0.9910815358161926,0.23542469070558525,31.331715352222062,,-1.4461381203059176,1,0,0,1,1,0,0,1
187_0.93_1.99.png,187,0.93,1.99,0.85<=A<0.95,beta>=1.7,0.85<=A<0.95 | beta>=1.7,midlow_official_q2,midlow_cr_q2,content_k5_c3,residual_high_q4,30.56921240294929,,warm,30.551974584836596,-0.01723781811269376,0.0,1,0,0,30.551974584836596,,-0.01723781811269376,29.444405989735,,-1.1248064132142908,30.02322517628133,,-0.5459872266679611,26.891230405615836,,-3.677981997333454,28.833925824907336,0.9806906580924988,-1.7352865780419542,29.450653369550732,,-1.118559033398558,0,1,0,0,0,1,0,0
188_0.91_0.91.png,188,0.91,0.91,0.85<=A<0.95,0.8<=beta<1.1,0.85<=A<0.95 | 0.8<=beta<1.1,midlow_official_q2,midlow_cr_q2,content_k5_c3,residual_midlow_q2,32.70088175610874,,lfv1,33.181649589846415,0.48076783373767285,0.48076783373767285,0,0,0,32.72087199419411,,0.019990238085370038,30.279449625274832,,-2.42143213083391,33.181649589846415,,0.48076783373767285,31.680225016019754,,-1.020656740088988,31.986592408543387,0.9908313751220703,-0.7142893475653551,30.286872212350193,,-2.4140095437585494,1,0,0,1,1,0,0,1
189_0.71_1.65.png,189,0.71,1.65,0.65<=A<0.75,1.4<=beta<1.7,0.65<=A<0.75 | 1.4<=beta<1.7,weak_official_q1,midlow_cr_q2,content_k5_c3,residual_midhigh_q3,29.554174644477392,,cold_cr,31.415844733433474,1.8616700889560818,1.8616700889560818,0,0,0,29.889258168595333,,0.33508352411794107,31.415844733433474,,1.8616700889560818,29.473283220601942,,-0.08089142387544968,26.551324034226447,,-3.0028506102509454,26.87240373665359,0.9759712219238281,-2.6817709078238003,31.414645723624023,,1.860471079146631,1,0,0,1,1,0,0,1
18_0.67_1.61.png,18,0.67,1.61,0.65<=A<0.75,1.4<=beta<1.7,0.65<=A<0.75 | 1.4<=beta<1.7,midhigh_official_q3,midhigh_cr_q3,content_k5_c0,residual_low_q1,36.11749778581716,,warm,35.88756829183276,-0.22992949398440032,0.0,1,0,1,35.88756829183276,,-0.22992949398440032,34.435978967415004,,-1.6815188184021537,34.507808246827885,,-1.6096895389892723,33.03105754710654,,-3.0864402387106153,33.80298787172384,0.9746230840682983,-2.314509914093314,34.442047433696054,,-1.6754503521211035,0,1,0,0,0,1,0,0
190_0.67_1.29.png,190,0.67,1.29,0.65<=A<0.75,1.1<=beta<1.4,0.65<=A<0.75 | 1.1<=beta<1.4,weak_official_q1,midlow_cr_q2,content_k5_c3,residual_midlow_q2,29.718796123074974,,cold_cr,29.98761596495191,0.26881984187693675,0.26881984187693675,0,0,0,29.96172926233051,,0.2429331392555376,29.98761596495191,,0.26881984187693675,29.42351751502204,,-0.29527860805293216,27.596580676391138,,-2.1222154466838354,26.883200325440313,0.978996992111206,-2.83559579763466,29.983803272810317,,0.265007149735343,1,0,0,1,1,0,0,1
191_0.86_1.88.png,191,0.86,1.88,0.85<=A<0.95,beta>=1.7,0.85<=A<0.95 | beta>=1.7,midlow_official_q2,midhigh_cr_q3,content_k5_c3,residual_midhigh_q3,31.89142895349905,,cold_cr,34.66058000804132,2.76915105454227,2.76915105454227,0,0,0,32.33568566248642,,0.4442567089873677,34.66058000804132,,2.76915105454227,31.287133742216838,,-0.6042952112822135,28.927445015323563,,-2.963983938175488,28.50513503375001,0.9754445552825928,-3.3862939197490434,34.65567307005107,,2.764244116552021,1,0,0,1,1,0,0,1
192_0.78_1.42.png,192,0.78,1.42,0.75<=A<0.85,1.4<=beta<1.7,0.75<=A<0.85 | 1.4<=beta<1.7,midlow_official_q2,midhigh_cr_q3,content_k5_c3,residual_midhigh_q3,31.079754707197893,,cold_cr,32.654436256818904,1.5746815496210118,1.5746815496210118,0,0,0,31.3536810785519,,0.2739263713540083,32.654436256818904,,1.5746815496210118,31.137094957171577,,0.057340249973684365,28.26481954891662,,-2.8149351582812727,28.396780803358975,0.9796769618988037,-2.682973903838917,32.65366773960049,,1.5739130324026007,1,0,0,1,1,0,0,1
193_0.52_0.72.png,193,0.52,0.72,A<0.65,beta<0.8,A<0.65 | beta<0.8,weak_official_q1,weak_cr_q1,content_k5_c0,residual_midlow_q2,27.45090186523404,,lfv1,29.009906306424025,1.559004441189984,1.559004441189984,0,0,0,27.13546183693338,,-0.3154400283006602,27.7715584248418,,0.32065655960775885,29.009906306424025,,1.559004441189984,26.852659347413148,,-0.5982425178208928,26.035852566079335,0.9905505180358887,-1.4150492991547061,27.759843869838683,,0.30894200460464205,1,0,0,1,1,0,0,1
194_0.78_1.46.png,194,0.78,1.46,0.75<=A<0.85,1.4<=beta<1.7,0.75<=A<0.85 | 1.4<=beta<1.7,weak_official_q1,weak_cr_q1,content_k5_c1,residual_midhigh_q3,27.220708787629228,,residualcalib,28.790973582890892,1.5702647952616644,1.5702647952616644,0,0,0,27.24484413037786,,0.024135342748632382,28.529945566817076,,1.3092367791878488,28.70434902911065,,1.483640241481421,28.790973582890892,,1.5702647952616644,27.172227476902936,0.9869105815887451,-0.04848131072629158,28.519746959152936,,1.2990381715237085,1,0,0,1,1,0,0,1
195_0.61_1.47.png,195,0.61,1.47,A<0.65,1.4<=beta<1.7,A<0.65 | 1.4<=beta<1.7,weak_official_q1,weak_cr_q1,content_k5_c1,residual_midhigh_q3,26.56267671982736,,lfv1,28.96675453286814,2.4040778130407823,2.4040778130407823,0,0,0,26.495553779981247,,-0.0671229398461115,26.80218209903672,,0.239505379209362,28.96675453286814,,2.4040778130407823,27.191976506070603,,0.6292997862432443,25.404304815513314,0.9851409196853638,-1.1583719043140448,26.79207174320368,,0.22939502337632334,1,0,0,1,1,0,0,1
196_0.67_0.7.png,196,0.67,0.7,0.65<=A<0.75,beta<0.8,0.65<=A<0.75 | beta<0.8,midlow_official_q2,midlow_cr_q2,content_k5_c0,residual_low_q1,31.447616232450216,,lfv1,32.19572702099692,0.748110788546704,0.748110788546704,0,0,1,31.043519988811383,,-0.4040962436388327,31.5135973997329,,0.06598116728268622,32.19572702099692,,0.748110788546704,28.62373402479153,,-2.8238822076586843,29.08160286174897,0.9926430583000183,-2.3660133707012463,31.498149283752696,,0.0505330513024802,1,0,0,1,1,0,0,1
197_0.88_1.9.png,197,0.88,1.9,0.85<=A<0.95,beta>=1.7,0.85<=A<0.95 | beta>=1.7,weak_official_q1,weak_cr_q1,content_k5_c3,residual_high_q4,27.580828067301738,,lfv1,29.522289028765343,1.941460961463605,1.941460961463605,0,0,0,27.332855886184404,,-0.24797218111733343,27.20723027259424,,-0.37359779470749643,29.522289028765343,,1.941460961463605,29.232369689069266,,1.651541621767528,27.088321911025176,0.9650595188140869,-0.492506156276562,27.211715183332874,,-0.36911288396886377,1,0,0,1,1,0,0,1
198_0.99_0.62.png,198,0.99,0.62,A>=0.95,beta<0.8,A>=0.95 | beta<0.8,midlow_official_q2,midhigh_cr_q3,content_k5_c0,residual_midhigh_q3,31.87804777829892,,crplus,36.66226570590186,4.784217927602938,4.784217927602938,0,0,0,31.926699719996545,,0.048651941697624324,34.186247533772466,,2.308199755473545,36.11789330308814,,4.239845524789217,36.27024522585207,,4.392197447553151,36.66226570590186,0.9902805089950562,4.784217927602938,34.194033581461724,,2.3159858031628033,1,0,0,1,1,0,0,1
199_0.58_1.12.png,199,0.58,1.12,A<0.65,1.1<=beta<1.4,A<0.65 | 1.1<=beta<1.4,midlow_official_q2,midhigh_cr_q3,content_k5_c0,residual_midhigh_q3,31.49186085892993,,residualcalib,36.04586027654984,4.5539994176199095,4.5539994176199095,0,0,0,31.39811154799462,,-0.09374931093530847,33.3843271137071,,1.8924662547771725,34.80829397839764,,3.316433119467714,36.04586027654984,,4.5539994176199095,33.8397891959813,0.9905385375022888,2.3479283370513677,33.39370438647336,,1.9018435275434307,1,0,0,1,1,0,0,1
19_0.7_1.99.png,19,0.7,1.99,0.65<=A<0.75,beta>=1.7,0.65<=A<0.75 | beta>=1.7,midhigh_official_q3,midhigh_cr_q3,content_k5_c3,residual_midlow_q2,34.50617157279667,,warm,34.27782946173588,-0.2283421110607904,0.0,1,0,0,34.27782946173588,,-0.2283421110607904,32.986766946558134,,-1.5194046262385328,33.71195344954735,,-0.7942181232493155,31.85938770583489,,-2.6467838669617763,32.87786315008547,0.9720199108123779,-1.6283084227112,32.99276106761536,,-1.5134105051813052,0,1,0,0,0,1,0,0
1_0.89_1.56.png,1,0.89,1.56,0.85<=A<0.95,1.4<=beta<1.7,0.85<=A<0.95 | 1.4<=beta<1.7,midlow_official_q2,midhigh_cr_q3,content_k5_c3,residual_midlow_q2,33.652087070670966,,cbrfrc,33.4311395842264,-0.2209474864445653,0.0,1,0,0,33.3289422779132,,-0.3231447927577662,33.42616008709057,,-0.22592698358039343,30.96160982049917,,-2.6904772501717957,32.3632199354413,,-1.2888671352296655,32.848981640589194,0.9874363541603088,-0.8031054300817715,33.4311395842264,,-0.2209474864445653,0,1,0,0,0,1,0,0
200_0.81_1.52.png,200,0.81,1.52,0.75<=A<0.85,1.4<=beta<1.7,0.75<=A<0.85 | 1.4<=beta<1.7,weak_official_q1,midlow_cr_q2,content_k5_c3,residual_high_q4,29.648352988428336,,residualcalib,33.75899005499593,4.110637066567591,4.110637066567591,0,0,0,29.357142981533126,,-0.29121000689520926,30.634247307119256,,0.9858943186909208,32.66972724659556,,3.021374258167228,33.75899005499593,,4.110637066567591,32.93618398817984,0.9811397194862366,3.287830999751506,30.639665650159845,,0.9913126617315093,1,0,0,1,1,0,0,1
201_0.88_0.95.png,201,0.88,0.95,0.85<=A<0.95,0.8<=beta<1.1,0.85<=A<0.95 | 0.8<=beta<1.1,midlow_official_q2,midlow_cr_q2,content_k5_c0,residual_low_q1,30.24589950364924,,residualcalib,31.046923894386047,0.8010243907368064,0.8010243907368064,0,0,1,30.477301870942473,,0.2314023672932315,29.592080461023542,,-0.6538190426256989,30.21107054042036,,-0.034828963228882515,31.046923894386047,,0.8010243907368064,28.153611441755444,0.9881517887115479,-2.0922880618937967,29.597655475702105,,-0.6482440279471362,1,0,0,1,1,0,0,1
202_0.92_0.59.png,202,0.92,0.59,0.85<=A<0.95,beta<0.8,0.85<=A<0.95 | beta<0.8,midlow_official_q2,midlow_cr_q2,content_k5_c0,residual_low_q1,32.07138040357411,,residualcalib,32.70361382783091,0.6322334242567962,0.6322334242567962,0,0,1,32.28330986714133,,0.2119294635672162,30.80725974249929,,-1.26412066107482,31.910418632890337,,-0.16096177068377315,32.70361382783091,,0.6322334242567962,30.033456516257267,0.9919048547744751,-2.0379238873168433,30.816260464881722,,-1.2551199386923884,1,0,0,1,1,0,0,1
203_1.0_1.96.png,203,1.0,1.96,A>=0.95,beta>=1.7,A>=0.95 | beta>=1.7,weak_official_q1,weak_cr_q1,content_k5_c0,residual_midlow_q2,25.99150157339031,,warm,26.2638673475405,0.2723657741501917,0.2723657741501917,0,0,0,26.2638673475405,,0.2723657741501917,24.67211624449407,,-1.3193853288962387,25.674861751129168,,-0.3166398222611413,24.74154283132529,,-1.2499587420650187,23.036717593672208,0.9726459980010986,-2.9547839797181013,24.676782224280984,,-1.3147193491093248,1,0,0,1,1,0,0,1
204_0.7_1.37.png,204,0.7,1.37,0.65<=A<0.75,1.1<=beta<1.4,0.65<=A<0.75 | 1.1<=beta<1.4,weak_official_q1,weak_cr_q1,content_k5_c0,residual_low_q1,29.730812478078445,,residualcalib,31.018428367003462,1.2876158889250178,1.2876158889250178,0,0,1,29.824812287116224,,0.09399980903777916,28.823875997191678,,-0.9069364808867668,28.586280028037727,,-1.1445324500407175,31.018428367003462,,1.2876158889250178,27.58290624172983,0.9859831929206848,-2.1479062363486143,28.829336620111455,,-0.9014758579669895,1,0,0,1,1,0,0,1
205_0.62_1.05.png,205,0.62,1.05,A<0.65,0.8<=beta<1.1,A<0.65 | 0.8<=beta<1.1,midlow_official_q2,midlow_cr_q2,content_k5_c0,residual_midlow_q2,31.079809163974858,,residualcalib,30.866494593580676,-0.2133145703941821,0.0,1,0,0,30.814205737009587,,-0.26560342696527073,29.067419226468914,,-2.0123899375059437,29.39231461747439,,-1.6874945465004672,30.866494593580676,,-0.2133145703941821,30.71942510971992,0.9831665754318237,-0.36038405425493636,29.069829672323195,,-2.009979491651663,0,1,0,0,0,1,0,0
206_0.58_0.83.png,206,0.58,0.83,A<0.65,0.8<=beta<1.1,A<0.65 | 0.8<=beta<1.1,midlow_official_q2,midlow_cr_q2,content_k5_c0,residual_midlow_q2,31.333179627233584,,residualcalib,31.513526835130854,0.18034720789727032,0.18034720789727032,0,0,0,31.15733273358403,,-0.17584689364955253,29.956750690097106,,-1.3764289371364775,30.76987489409637,,-0.5633047331372119,31.513526835130854,,0.18034720789727032,31.214821536698896,0.9845637679100037,-0.11835809053468793,29.95962995301031,,-1.3735496742232733,1,0,0,1,0,0,1,-1
207_0.84_0.64.png,207,0.84,0.64,0.75<=A<0.85,beta<0.8,0.75<=A<0.85 | beta<0.8,midlow_official_q2,weak_cr_q1,content_k5_c0,residual_midhigh_q3,30.46005136892495,,residualcalib,31.46515177724186,1.0051004083169097,1.0051004083169097,0,0,0,30.326398229335307,,-0.13365313958964364,28.20552919853917,,-2.25452217038578,29.257715637820205,,-1.2023357311047462,31.46515177724186,,1.0051004083169097,30.577856459880934,0.9847038984298706,0.1178050909559829,28.207316264604945,,-2.2527351043200063,1,0,0,1,1,0,0,1
208_0.67_0.92.png,208,0.67,0.92,0.65<=A<0.75,0.8<=beta<1.1,0.65<=A<0.75 | 0.8<=beta<1.1,midlow_official_q2,weak_cr_q1,content_k5_c0,residual_midlow_q2,30.785145569034,,residualcalib,31.04964604388972,0.26450047485571915,0.26450047485571915,0,0,0,30.55630894916947,,-0.22883661986453063,28.740121069878782,,-2.0450244991552182,29.25569656599115,,-1.5294490030428491,31.04964604388972,,0.26450047485571915,30.584909873216436,0.983386218547821,-0.20023569581756462,28.742197155792375,,-2.042948413241625,1,0,0,1,1,0,0,1
209_0.97_1.99.png,209,0.97,1.99,A>=0.95,beta>=1.7,A>=0.95 | beta>=1.7,weak_official_q1,midlow_cr_q2,content_k5_c3,residual_high_q4,28.33847686642381,,crplus,29.089917532401934,0.751440665978123,0.751440665978123,0,0,0,28.444638063038564,,0.1061611966147531,28.94496064896409,,0.6064837825402805,28.214742702657922,,-0.12373416376588864,28.26599353289678,,-0.07248333352703185,29.089917532401934,0.9798920750617981,0.751440665978123,28.943429865439143,,0.6049529990153317,1,0,0,1,1,0,0,1
20_0.58_1.76.png,20,0.58,1.76,A<0.65,beta>=1.7,A<0.65 | beta>=1.7,midhigh_official_q3,midhigh_cr_q3,content_k5_c1,residual_low_q1,35.87002532635631,,lfv1,35.91580205119067,0.045776724834354354,0.045776724834354354,1,0,1,35.613882277432936,,-0.25614304892337714,35.61818718365289,,-0.25183814270342,35.91580205119067,,0.045776724834354354,34.873933977771664,,-0.996091348584649,35.0656144659904,0.9760141968727112,-0.8044108603659126,35.61857523096107,,-0.2514500953952421,0,1,0,0,0,1,0,0
210_0.63_1.2.png,210,0.63,1.2,A<0.65,1.1<=beta<1.4,A<0.65 | 1.1<=beta<1.4,weak_official_q1,weak_cr_q1,content_k5_c1,residual_midlow_q2,26.644440383124284,,crplus,27.498931068658152,0.8544906855338681,0.8544906855338681,0,0,0,26.60271051728632,,-0.04172986583796501,26.260485425023774,,-0.38395495810051017,25.05434584232664,,-1.5900945407976437,26.310670804507215,,-0.33376957861706913,27.498931068658152,0.9903119802474976,0.8544906855338681,26.25032515289457,,-0.3941152302297155,1,0,0,1,1,0,0,1
211_0.94_0.77.png,211,0.94,0.77,0.85<=A<0.95,beta<0.8,0.85<=A<0.95 | beta<0.8,midlow_official_q2,midhigh_cr_q3,content_k5_c0,residual_midhigh_q3,32.52627757724151,,crplus,35.103572643734665,2.577295066493157,2.577295066493157,0,0,0,32.45384564917852,,-0.07243192806298993,34.21141897462275,,1.6851413973812441,32.19924191602893,,-0.32703566121257666,33.18103324153343,,0.654755664291919,35.103572643734665,0.992339551448822,2.577295066493157,34.20779550654039,,1.6815179292988844,1,0,0,1,1,0,0,1
212_0.54_1.78.png,212,0.54,1.78,A<0.65,beta>=1.7,A<0.65 | beta>=1.7,weak_official_q1,weak_cr_q1,content_k5_c1,residual_high_q4,24.82769262743772,,crplus,30.54472136464035,5.717028737202629,5.717028737202629,0,0,0,24.936747165907978,,0.10905453847025726,25.920952437614567,,1.0932598101768463,30.4495716405332,,5.62187901309548,27.19917248187852,,2.3714798544408,30.54472136464035,0.9870773553848267,5.717028737202629,25.91164179919265,,1.0839491717549308,1,0,0,1,1,0,0,1
213_0.7_1.14.png,213,0.7,1.14,0.65<=A<0.75,1.1<=beta<1.4,0.65<=A<0.75 | 1.1<=beta<1.4,weak_official_q1,weak_cr_q1,content_k5_c1,residual_midlow_q2,25.80009265203583,,lfv1,27.805032298662272,2.0049396466264433,2.0049396466264433,0,0,0,25.992220394609127,,0.19212774257329812,26.606292072368085,,0.8061994203322556,27.805032298662272,,2.0049396466264433,27.60751301425282,,1.807420362216991,24.573745023692155,0.9766940474510193,-1.2263476283436745,26.5985478560455,,0.7984552040096702,1,0,0,1,1,0,0,1
214_0.62_0.87.png,214,0.62,0.87,A<0.65,0.8<=beta<1.1,A<0.65 | 0.8<=beta<1.1,weak_official_q1,weak_cr_q1,content_k5_c1,residual_midlow_q2,25.99351409035304,,lfv1,27.60196554460666,1.6084514542536184,1.6084514542536184,0,0,0,26.081436726552557,,0.08792263619951513,26.103329890286457,,0.10981579993341484,27.60196554460666,,1.6084514542536184,27.504234842334117,,1.5107207519810757,24.654026967322956,0.9788655638694763,-1.3394871230300858,26.095786143192687,,0.1022720528396448,1,0,0,1,1,0,0,1
215_0.91_1.29.png,215,0.91,1.29,0.85<=A<0.95,1.1<=beta<1.4,0.85<=A<0.95 | 1.1<=beta<1.4,weak_official_q1,weak_cr_q1,content_k5_c3,residual_midhigh_q3,23.98766293295101,,cold_cr,25.922558021349708,1.9348950883986973,1.9348950883986973,0,0,0,24.25433502028696,,0.26667208733594805,25.922558021349708,,1.9348950883986973,25.655309622248858,,1.6676466892978468,25.823892971066684,,1.8362300381156729,23.56591819654509,0.9729194641113281,-0.4217447364059197,25.915434089869667,,1.9277711569186557,1,0,0,1,1,0,0,1
216_0.94_0.88.png,216,0.94,0.88,0.85<=A<0.95,0.8<=beta<1.1,0.85<=A<0.95 | 0.8<=beta<1.1,weak_official_q1,weak_cr_q1,content_k5_c3,residual_midhigh_q3,23.941414512530308,,cold_cr,26.054814522673002,2.113400010142694,2.113400010142694,0,0,0,24.047558521362973,,0.10614400883266484,26.054814522673002,,2.113400010142694,25.683158017252342,,1.7417435047220344,25.5117325959477,,1.5703180834173907,24.066616183763752,0.9763420820236206,0.1252016712334445,26.047470086817587,,2.1060555742872786,1,0,0,1,1,0,0,1
217_0.86_1.31.png,217,0.86,1.31,0.85<=A<0.95,1.1<=beta<1.4,0.85<=A<0.95 | 1.1<=beta<1.4,weak_official_q1,midlow_cr_q2,content_k5_c3,residual_high_q4,29.107157036780713,,residualcalib,34.69731714152918,5.59016010474847,5.59016010474847,0,0,0,29.53939829599416,,0.43224125921344836,29.72183052849431,,0.6146734917135959,33.55684058665379,,4.449683549873079,34.69731714152918,,5.59016010474847,31.76594245709404,0.991773784160614,2.658785420313329,29.729603739534937,,0.6224467027542246,1,0,0,1,1,0,0,1
218_0.53_1.18.png,218,0.53,1.18,A<0.65,1.1<=beta<1.4,A<0.65 | 1.1<=beta<1.4,weak_official_q1,weak_cr_q1,content_k5_c1,residual_high_q4,24.860091209259096,,cold_cr,28.051139983279263,3.1910487740201674,3.1910487740201674,0,0,0,25.01786304122045,,0.15777183196135525,28.051139983279263,,3.1910487740201674,27.851340094483646,,2.9912488852245502,21.97711339384696,,-2.8829778154121364,26.99332032530887,0.9921650290489197,2.1332291160497725,28.04108376148587,,3.1809925522267726,1,0,0,1,1,0,0,1
219_0.62_1.27.png,219,0.62,1.27,A<0.65,1.1<=beta<1.4,A<0.65 | 1.1<=beta<1.4,weak_official_q1,midhigh_cr_q3,content_k5_c1,residual_high_q4,29.137736395847696,,crplus,34.36667723174266,5.228940835894967,5.228940835894967,0,0,0,29.362263156913023,,0.2245267610653272,34.03337876102182,,4.895642365174126,32.2994402108986,,3.161703815050906,25.18592910990376,,-3.9518072859439357,34.36667723174266,0.9940383434295654,5.228940835894967,34.019505507556,,4.8817691117083015,1,0,0,1,1,0,0,1
21_0.7_1.86.png,21,0.7,1.86,0.65<=A<0.75,beta>=1.7,0.65<=A<0.75 | beta>=1.7,weak_official_q1,weak_cr_q1,content_k5_c3,residual_high_q4,29.866838442201228,,warm,29.763943969954614,-0.1028944722466143,0.0,1,0,0,29.763943969954614,,-0.1028944722466143,25.891999437150144,,-3.9748390050510842,27.552950625765455,,-2.3138878164357735,26.186233275987956,,-3.6806051662132724,27.335316042693684,0.9724524617195129,-2.531522399507544,25.901372295756858,,-3.9654661464443706,0,1,0,0,0,1,0,0
220_0.68_1.35.png,220,0.68,1.35,0.65<=A<0.75,1.1<=beta<1.4,0.65<=A<0.75 | 1.1<=beta<1.4,weak_official_q1,midhigh_cr_q3,content_k5_c1,residual_high_q4,28.617241837729782,,crplus,37.69028968495117,9.073047847221385,9.073047847221385,0,0,0,29.125209622152273,,0.5079677844224904,34.96824956096805,,6.351007723238265,34.4394667021433,,5.822224864413517,27.396186199038848,,-1.2210556386909346,37.69028968495117,0.9935785531997681,9.073047847221385,34.9754270497455,,6.358185212015716,1,0,0,1,1,0,0,1
221_0.63_0.68.png,221,0.63,0.68,A<0.65,beta<0.8,A<0.65 | beta<0.8,midlow_official_q2,midlow_cr_q2,content_k5_c0,residual_low_q1,34.22265443388659,,warm,34.27045273119268,0.047798297306087534,0.047798297306087534,1,0,1,34.27045273119268,,0.047798297306087534,31.450360103300724,,-2.772294330585865,30.527502079381364,,-3.6951523545052254,30.72074127319344,,-3.5019131606931495,27.966823112427285,0.9867144227027893,-6.255831321459304,31.433128081084046,,-2.789526352802543,0,1,0,0,0,1,0,0
222_0.76_0.62.png,222,0.76,0.62,0.75<=A<0.85,beta<0.8,0.75<=A<0.85 | beta<0.8,midhigh_official_q3,midhigh_cr_q3,content_k5_c0,residual_low_q1,34.31393081108724,,warm,34.03092549279635,-0.2830053182908898,0.0,1,0,1,34.03092549279635,,-0.2830053182908898,33.418711944531594,,-0.8952188665556449,31.163251133710812,,-3.150679677376427,33.605900779536384,,-0.7080300315508552,28.930425123716166,0.9858944416046143,-5.383505687371073,33.3970183158316,,-0.9169124952556373,0,1,0,0,0,1,0,0
223_0.66_1.32.png,223,0.66,1.32,0.65<=A<0.75,1.1<=beta<1.4,0.65<=A<0.75 | 1.1<=beta<1.4,midlow_official_q2,weak_cr_q1,content_k5_c1,residual_high_q4,33.23896642386347,,warm,33.46548193061001,0.2265155067465443,0.2265155067465443,0,0,0,33.46548193061001,,0.2265155067465443,28.459525149571267,,-4.7794412742922,28.737394569929357,,-4.501571853934109,30.50534774845407,,-2.733618675409396,27.575145329235582,0.9751929640769958,-5.663821094627885,28.449023059215527,,-4.7899433646479395,1,0,0,1,1,0,0,1
224_0.7_1.92.png,224,0.7,1.92,0.65<=A<0.75,beta>=1.7,0.65<=A<0.75 | beta>=1.7,midlow_official_q2,midlow_cr_q2,content_k5_c1,residual_high_q4,32.859547123242415,,warm,33.222527185970506,0.36298006272809147,0.36298006272809147,0,0,0,33.222527185970506,,0.36298006272809147,28.82564528814047,,-4.033901835101943,28.06965215962351,,-4.789894963618906,29.825116766889693,,-3.034430356352722,29.208768373879703,0.9733875393867493,-3.6507787493627113,28.81847653892844,,-4.0410705843139745,1,0,0,1,1,0,0,1
225_0.7_0.86.png,225,0.7,0.86,0.65<=A<0.75,0.8<=beta<1.1,0.65<=A<0.75 | 0.8<=beta<1.1,midlow_official_q2,weak_cr_q1,content_k5_c0,residual_high_q4,31.966797081089688,,warm,32.04000043642012,0.07320335533043476,0.07320335533043476,0,0,0,32.04000043642012,,0.07320335533043476,27.831755354389344,,-4.135041726700344,29.28069314349554,,-2.6861039375941473,29.468729733332815,,-2.498067347756873,29.228324219749705,0.9771932363510132,-2.7384728613399822,27.8319888971038,,-4.134808183985889,0,0,1,-1,0,0,1,-1
226_0.92_1.94.png,226,0.92,1.94,0.85<=A<0.95,beta>=1.7,0.85<=A<0.95 | beta>=1.7,weak_official_q1,weak_cr_q1,content_k5_c3,residual_high_q4,26.87246721969251,,warm,27.01007359705813,0.1376063773656213,0.1376063773656213,0,0,0,27.01007359705813,,0.1376063773656213,24.767860491923376,,-2.1046067277691343,26.123992135795206,,-0.7484750838973042,25.642687302168863,,-1.229779917523647,25.328731479198296,0.9521297216415405,-1.5437357404942134,24.767561931799918,,-2.104905287892592,0,0,1,-1,0,0,1,-1
227_0.61_0.93.png,227,0.61,0.93,A<0.65,0.8<=beta<1.1,A<0.65 | 0.8<=beta<1.1,midlow_official_q2,weak_cr_q1,content_k5_c0,residual_high_q4,31.35164734705734,,warm,31.372407657439876,0.020760310382534897,0.020760310382534897,1,0,0,31.372407657439876,,0.020760310382534897,27.941892023636164,,-3.4097553234211766,29.246121004220296,,-2.105526342837045,29.9039978694637,,-1.4476494775936395,29.68851399036508,0.9789864420890808,-1.66313335669226,27.943310892166167,,-3.408336454891174,0,1,0,0,0,1,0,0
228_0.6_1.2.png,228,0.6,1.2,A<0.65,1.1<=beta<1.4,A<0.65 | 1.1<=beta<1.4,midlow_official_q2,weak_cr_q1,content_k5_c0,residual_high_q4,30.313810089042775,,warm,30.378106073221392,0.06429598417861726,0.06429598417861726,0,0,0,30.378106073221392,,0.06429598417861726,27.640239733173885,,-2.6735703558688897,28.788119359761332,,-1.5256907292814432,29.392475062701685,,-0.9213350263410902,29.21744772473342,0.9772768616676331,-1.0963623643093534,27.642124737656367,,-2.671685351386408,0,0,1,-1,0,0,1,-1
229_0.53_0.63.png,229,0.53,0.63,A<0.65,beta<0.8,A<0.65 | beta<0.8,weak_official_q1,midlow_cr_q2,content_k5_c0,residual_midlow_q2,29.48596753376193,,lfv1,33.13809385360918,3.6521263198472482,3.6521263198472482,0,0,0,29.07980594803497,,-0.4061615857269594,32.12656238576222,,2.640594852000291,33.13809385360918,,3.6521263198472482,30.306749364941616,,0.8207818311796871,32.771669019025055,0.9956216216087341,3.285701485263125,32.10437772352029,,2.6184101897583574,1,0,0,1,1,0,0,1
22_0.77_1.45.png,22,0.77,1.45,0.75<=A<0.85,1.4<=beta<1.7,0.75<=A<0.85 | 1.4<=beta<1.7,midlow_official_q2,midlow_cr_q2,content_k5_c3,residual_midhigh_q3,30.97880947548116,,warm,31.430201454360954,0.4513919788797942,0.4513919788797942,0,0,0,31.430201454360954,,0.4513919788797942,29.49646291249514,,-1.4823465629860202,28.886700081863218,,-2.0921093936179425,28.52763059137019,,-2.45117888411097,30.32911232322452,0.978508472442627,-0.649697152256639,29.507685588982866,,-1.4711238864982938,1,0,0,1,1,0,0,1
230_0.95_0.66.png,230,0.95,0.66,A>=0.95,beta<0.8,A>=0.95 | beta<0.8,midhigh_official_q3,midhigh_cr_q3,content_k5_c0,residual_midlow_q2,34.449410802465444,,warm,34.095202874750086,-0.3542079277153576,0.0,1,0,0,34.095202874750086,,-0.3542079277153576,34.0448318045589,,-0.4045789979065404,32.33747238383609,,-2.1119384186293573,33.35659322250831,,-1.092817579957135,33.60797906526321,0.9938974976539612,-0.8414317372022353,34.056754509833,,-0.39265629263244506,0,1,0,0,0,1,0,0
231_0.55_1.16.png,231,0.55,1.16,A<0.65,1.1<=beta<1.4,A<0.65 | 1.1<=beta<1.4,midlow_official_q2,midhigh_cr_q3,content_k5_c1,residual_midhigh_q3,31.461064877620515,,residualcalib,34.99738606942126,3.536321191800745,3.536321191800745,0,0,0,30.667833482408177,,-0.793231395212338,32.96899982420466,,1.5079349465841432,32.45895254546005,,0.9978876678395352,34.99738606942126,,3.536321191800745,34.80170150371482,0.9932384490966797,3.3406366260943017,32.949522376831496,,1.4884574992109805,1,0,0,1,1,0,0,1
232_0.58_1.19.png,232,0.58,1.19,A<0.65,1.1<=beta<1.4,A<0.65 | 1.1<=beta<1.4,midlow_official_q2,midlow_cr_q2,content_k5_c1,residual_high_q4,30.72402192985829,,residualcalib,34.735722952479605,4.011701022621317,4.011701022621317,0,0,0,30.118861131253656,,-0.6051607986046328,32.096495853948454,,1.3724739240901656,33.42056555920964,,2.6965436293513534,34.735722952479605,,4.011701022621317,34.60653857788252,0.9929260611534119,3.882516648024229,32.07833431532773,,1.3543123854694414,1,0,0,1,1,0,0,1
233_0.72_1.98.png,233,0.72,1.98,0.65<=A<0.75,beta>=1.7,0.65<=A<0.75 | beta>=1.7,weak_official_q1,weak_cr_q1,content_k5_c3,residual_midhigh_q3,25.498392086558628,,crplus,26.346580983365797,0.8481888968071694,0.8481888968071694,0,0,0,25.26013975418742,,-0.23825233237120713,26.010635644854602,,0.5122435582959746,25.904765329674536,,0.40637324311590817,24.66745201428443,,-0.8309400722741991,26.346580983365797,0.9665214419364929,0.8481888968071694,26.014485520809355,,0.5160934342507275,1,0,0,1,1,0,0,1
234_0.63_1.11.png,234,0.63,1.11,A<0.65,1.1<=beta<1.4,A<0.65 | 1.1<=beta<1.4,weak_official_q1,weak_cr_q1,content_k5_c0,residual_high_q4,27.187563514597997,,cbrfrc,28.103015152437933,0.9154516378399364,0.9154516378399364,0,0,0,27.314599923352617,,0.12703640875461986,28.09920894510311,,0.9116454305051143,27.503278728924077,,0.3157152143260795,26.419657518832427,,-0.7679059957655703,27.119381567961586,0.9723562598228455,-0.06818194663641108,28.103015152437933,,0.9154516378399364,1,0,0,1,1,0,0,1
235_0.9_0.72.png,235,0.9,0.72,0.85<=A<0.95,beta<0.8,0.85<=A<0.95 | beta<0.8,weak_official_q1,weak_cr_q1,content_k5_c0,residual_midhigh_q3,23.673264253712247,,cold_cr,24.973486679269907,1.30022242555766,1.30022242555766,0,0,0,23.94765470616711,,0.27439045245486327,24.973486679269907,,1.30022242555766,24.97175747940648,,1.2984932256942336,24.356185337203954,,0.6829210834917063,24.359832225560044,0.9624492526054382,0.686567971847797,24.97229186274437,,1.299027609032123,1,0,0,1,1,0,0,1
236_0.77_1.96.png,236,0.77,1.96,0.75<=A<0.85,beta>=1.7,0.75<=A<0.85 | beta>=1.7,weak_official_q1,weak_cr_q1,content_k5_c3,residual_midhigh_q3,25.24501225633546,,crplus,26.29345802157282,1.0484457652373607,1.0484457652373607,0,0,0,24.931809888445095,,-0.3132023678903657,25.80109309199201,,0.5560808356565481,25.897815193556603,,0.6528029372211428,24.575969163777653,,-0.669043092557807,26.29345802157282,0.9670494794845581,1.0484457652373607,25.803789890873148,,0.5587776345376874,1,0,0,1,1,0,0,1
237_0.94_0.77.png,237,0.94,0.77,0.85<=A<0.95,beta<0.8,0.85<=A<0.95 | beta<0.8,midhigh_official_q3,midhigh_cr_q3,content_k5_c0,residual_midhigh_q3,36.825910205823156,,warm,36.48822969561816,-0.3376805102049971,0.0,1,0,0,36.48822969561816,,-0.3376805102049971,33.79235870148071,,-3.033551504342448,34.10001507334422,,-2.7258951324789393,31.4111654281212,,-5.414744777701955,33.61114683988862,0.9824095368385315,-3.2147633659345374,33.80075775683028,,-3.025152448992877,0,1,0,0,0,1,0,0
238_0.95_1.84.png,238,0.95,1.84,A>=0.95,beta>=1.7,A>=0.95 | beta>=1.7,midlow_official_q2,midlow_cr_q2,content_k5_c3,residual_high_q4,33.47110542388372,,warm,33.20015838376151,-0.27094704012220916,0.0,1,0,0,33.20015838376151,,-0.27094704012220916,29.643027350010897,,-3.828078073872824,30.431782884693188,,-3.0393225391905325,28.267954610714334,,-5.203150813169387,29.82650589282143,0.9719380140304565,-3.6445995310622905,29.65033645235051,,-3.8207689715332123,0,1,0,0,0,1,0,0
239_0.85_1.8.png,239,0.85,1.8,0.85<=A<0.95,beta>=1.7,0.85<=A<0.95 | beta>=1.7,midlow_official_q2,midlow_cr_q2,content_k5_c3,residual_midhigh_q3,33.67037438919767,,warm,33.15615873852416,-0.5142156506735063,0.0,1,0,0,33.15615873852416,,-0.5142156506735063,30.376436774675525,,-3.293937614522143,30.493153988022726,,-3.1772204011749423,29.06255141598043,,-4.607822973217239,31.40639645296124,0.9744159579277039,-2.2639779362364294,30.38535375378168,,-3.2850206354159894,0,1,0,0,0,1,0,0
23_0.58_0.76.png,23,0.58,0.76,A<0.65,beta<0.8,A<0.65 | beta<0.8,midlow_official_q2,midhigh_cr_q3,content_k5_c0,residual_midhigh_q3,33.489246846699984,,crplus,35.99555207095217,2.5063052242521877,2.5063052242521877,0,0,0,34.368697972417394,,0.8794511257174094,33.50240994395246,,0.013163097252473221,31.63733973748521,,-1.8519071092147747,30.64104751635096,,-2.8481993303490256,35.99555207095217,0.9883073568344116,2.5063052242521877,33.5160228687929,,0.02677602209291763,1,0,0,1,1,0,0,1
240_0.99_1.13.png,240,0.99,1.13,A>=0.95,1.1<=beta<1.4,A>=0.95 | 1.1<=beta<1.4,midhigh_official_q3,midlow_cr_q2,content_k5_c3,residual_high_q4,35.2898369635917,,warm,35.003073705496085,-0.2867632580956183,0.0,1,0,0,35.003073705496085,,-0.2867632580956183,31.495498482307852,,-3.7943384812838516,32.628102544414034,,-2.6617344191776695,29.5833378976613,,-5.706499065930405,32.067157243262386,0.9800578951835632,-3.2226797203293174,31.505008409481352,,-3.7848285541103515,0,1,0,0,0,1,0,0
241_0.85_0.72.png,241,0.85,0.72,0.85<=A<0.95,beta<0.8,0.85<=A<0.95 | beta<0.8,weak_official_q1,weak_cr_q1,content_k5_c0,residual_midlow_q2,28.690993984845612,,lfv1,29.523005157389516,0.8320111725439041,0.8320111725439041,0,0,0,28.870678266769882,,0.17968428192427055,28.41281946573664,,-0.2781745191089726,29.523005157389516,,0.8320111725439041,27.597591866139975,,-1.0934021187056366,29.435005793320414,0.9859586954116821,0.7440118084748022,28.40703419499464,,-0.2839597898509716,1,0,0,1,1,0,0,1
242_0.62_1.18.png,242,0.62,1.18,A<0.65,1.1<=beta<1.4,A<0.65 | 1.1<=beta<1.4,weak_official_q1,weak_cr_q1,content_k5_c0,residual_midlow_q2,25.3817875769209,,lfv1,26.84351262485949,1.4617250479385895,1.4617250479385895,0,0,0,25.515913073838306,,0.13412549691740594,25.292342177268942,,-0.0894453996519573,26.84351262485949,,1.4617250479385895,25.46646915548632,,0.08468157856541936,26.742328018689115,0.9829525947570801,1.3605404417682152,25.287462503612396,,-0.0943250733085037,1,0,0,1,1,0,0,1
243_0.7_1.66.png,243,0.7,1.66,0.65<=A<0.75,1.4<=beta<1.7,0.65<=A<0.75 | 1.4<=beta<1.7,weak_official_q1,weak_cr_q1,content_k5_c3,residual_midhigh_q3,24.634747009348153,,lfv1,25.28932450759346,0.6545774982453061,0.6545774982453061,0,0,0,24.906721283226855,,0.2719742738787012,23.363686828264463,,-1.2710601810836906,25.28932450759346,,0.6545774982453061,25.151725922225058,,0.5169789128769047,24.66121459815392,0.9787980318069458,0.026467588805765274,23.35973236577729,,-1.275014643570863,1,0,0,1,1,0,0,1
244_0.67_1.65.png,244,0.67,1.65,0.65<=A<0.75,1.4<=beta<1.7,0.65<=A<0.75 | 1.4<=beta<1.7,weak_official_q1,weak_cr_q1,content_k5_c3,residual_midhigh_q3,24.6503794870571,,lfv1,25.094298805549858,0.4439193184927568,0.4439193184927568,0,0,0,24.88551215210089,,0.23513266504378905,23.210656927782296,,-1.4397225592748057,25.094298805549858,,0.4439193184927568,24.92043798263825,,0.27005849558115,24.42333867192427,0.9780759215354919,-0.22704081513283114,23.206799116803136,,-1.4435803702539651,1,0,0,1,1,0,0,1
245_0.99_1.32.png,245,0.99,1.32,A>=0.95,1.1<=beta<1.4,A>=0.95 | 1.1<=beta<1.4,midhigh_official_q3,midhigh_cr_q3,content_k5_c3,residual_midhigh_q3,34.40746775625798,,warm,34.275105649967784,-0.13236210629019496,0.0,1,0,0,34.275105649967784,,-0.13236210629019496,33.544307799945166,,-0.8631599563128134,33.63629750290415,,-0.77117025335383,33.16730773302324,,-1.2401600232347363,33.910467259669815,0.9792301058769226,-0.49700049658816425,33.542694661696586,,-0.864773094561393,0,1,0,0,0,1,0,0
246_0.77_1.86.png,246,0.77,1.86,0.75<=A<0.85,beta>=1.7,0.75<=A<0.85 | beta>=1.7,midlow_official_q2,midhigh_cr_q3,content_k5_c3,residual_midhigh_q3,31.613378965322383,,cbrfrc,32.763024406670596,1.1496454413482127,1.1496454413482127,0,0,0,31.69499180516747,,0.08161283984508572,32.759642862590695,,1.1462638972683123,31.245891096803376,,-0.3674878685190066,30.98937501314793,,-0.6240039521744514,31.18509105211767,0.970488429069519,-0.4282879132047128,32.763024406670596,,1.1496454413482127,1,0,0,1,1,0,0,1
247_0.59_1.34.png,247,0.59,1.34,A<0.65,1.1<=beta<1.4,A<0.65 | 1.1<=beta<1.4,midlow_official_q2,midhigh_cr_q3,content_k5_c3,residual_midlow_q2,32.04114855646587,,lfv1,33.77737242555892,1.7362238690930525,1.7362238690930525,0,0,0,32.084223678780525,,0.04307512231465438,33.283831994039254,,1.2426834375733833,33.77737242555892,,1.7362238690930525,31.21511112364679,,-0.8260374328190814,32.66729904405033,0.9799181818962097,0.6261504875844608,33.2912048218331,,1.2500562653672276,1,0,0,1,1,0,0,1
248_0.62_1.13.png,248,0.62,1.13,A<0.65,1.1<=beta<1.4,A<0.65 | 1.1<=beta<1.4,midlow_official_q2,midhigh_cr_q3,content_k5_c0,residual_low_q1,32.916455015033655,,cbrfrc,35.07831135222952,2.1618563371958643,2.1618563371958643,0,0,1,33.018647903794495,,0.10219288876083965,35.07251951350094,,2.1560644984672876,34.83411764254272,,1.917662627509067,32.64753286400954,,-0.268922151024114,33.73587008009851,0.9813053607940674,0.8194150650648524,35.07831135222952,,2.1618563371958643,1,0,0,1,1,0,0,1
249_0.85_1.68.png,249,0.85,1.68,0.85<=A<0.95,1.4<=beta<1.7,0.85<=A<0.95 | 1.4<=beta<1.7,weak_official_q1,weak_cr_q1,content_k5_c1,residual_midlow_q2,21.2006005184497,,residualcalib,21.4913376084907,0.2907370900409987,0.2907370900409987,0,0,0,21.18192387264005,,-0.018676645809652115,19.84839764188286,,-1.3522028765668423,20.217183882389335,,-0.9834166360603653,21.4913376084907,,0.2907370900409987,20.878741800521862,0.9657764434814453,-0.3218587179278387,19.85168767893173,,-1.348912839517972,1,0,0,1,1,0,0,1
24_1.0_0.62.png,24,1.0,0.62,A>=0.95,beta<0.8,A>=0.95 | beta<0.8,midlow_official_q2,midhigh_cr_q3,content_k5_c0,residual_midlow_q2,32.21513318435217,,crplus,36.985361554859765,4.770228370507596,4.770228370507596,0,0,0,32.74612344891708,,0.5309902645649132,35.37712378720442,,3.1619906028522493,31.972775103163364,,-0.24235808118880442,33.931346346910956,,1.7162131625587875,36.985361554859765,0.9864218235015869,4.770228370507596,35.385752594637935,,3.1706194102857665,1,0,0,1,1,0,0,1
250_0.69_1.38.png,250,0.69,1.38,0.65<=A<0.75,1.1<=beta<1.4,0.65<=A<0.75 | 1.1<=beta<1.4,weak_official_q1,weak_cr_q1,content_k5_c1,residual_midhigh_q3,23.479675474264887,,crplus,25.08042731327044,1.6007518390055537,1.6007518390055537,0,0,0,23.498513934921924,,0.01883846065703665,23.830073429998176,,0.350397955733289,23.18521013456568,,-0.2944653396992081,24.94942691047113,,1.4697514362062414,25.08042731327044,0.9789376258850098,1.6007518390055537,23.83541500740806,,0.3557395331431721,1,0,0,1,1,0,0,1
251_0.55_1.12.png,251,0.55,1.12,A<0.65,1.1<=beta<1.4,A<0.65 | 1.1<=beta<1.4,weak_official_q1,midlow_cr_q2,content_k5_c1,residual_midlow_q2,27.925427802214827,,crplus,29.317610106503583,1.392182304288756,1.392182304288756,0,0,0,27.869622748965504,,-0.05580505324932261,29.059678377839507,,1.1342505756246801,27.496350921978305,,-0.42907688023652213,28.16068997937304,,0.23526217715821218,29.317610106503583,0.9869807958602905,1.392182304288756,29.065575167822125,,1.140147365607298,1,0,0,1,1,0,0,1
252_0.51_0.51.png,252,0.51,0.51,A<0.65,beta<0.8,A<0.65 | beta<0.8,midlow_official_q2,midhigh_cr_q3,content_k5_c0,residual_low_q1,33.35113019454884,,crplus,34.62499237586241,1.273862181313575,1.273862181313575,0,0,1,33.227913109106076,,-0.12321708544276078,32.62078415993749,,-0.730346034611344,33.65390026245384,,0.3027700679050014,33.757187704132235,,0.40605750958339826,34.62499237586241,0.992613673210144,1.273862181313575,32.634552198031464,,-0.7165779965173726,1,0,0,1,1,0,0,1
253_0.53_1.99.png,253,0.53,1.99,A<0.65,beta>=1.7,A<0.65 | beta>=1.7,weak_official_q1,midlow_cr_q2,content_k5_c1,residual_high_q4,27.472417672830744,,lfv1,31.88326784021356,4.410850167382815,4.410850167382815,0,0,0,28.555945259685718,,1.0835275868549736,31.19969126053992,,3.7272735877091776,31.88326784021356,,4.410850167382815,27.094713487232212,,-0.3777041855985317,25.29871434113811,0.9794565439224243,-2.1737033316926357,31.192618389456047,,3.7202007166253033,1,0,0,1,1,0,0,1
254_0.7_0.56.png,254,0.7,0.56,0.65<=A<0.75,beta<0.8,0.65<=A<0.75 | beta<0.8,midhigh_official_q3,strong_cr_q4,content_k5_c0,residual_midlow_q2,38.823093604147175,,cold_cr,39.54814622436656,0.7250526202193868,0.7250526202193868,0,0,0,38.7893875548948,,-0.033706049252373305,39.54814622436656,,0.7250526202193868,37.130711669355506,,-1.692381934791669,38.440491736206454,,-0.38260186794072126,36.562177840686196,0.994537353515625,-2.2609157634609787,39.53742717865752,,0.7143335745103485,1,0,0,1,1,0,0,1
255_0.53_1.86.png,255,0.53,1.86,A<0.65,beta>=1.7,A<0.65 | beta>=1.7,weak_official_q1,midhigh_cr_q3,content_k5_c1,residual_high_q4,29.592597362891482,,lfv1,32.953129454180264,3.360532091288782,3.360532091288782,0,0,0,30.506894619861047,,0.9142972569695651,32.668554100103776,,3.0759567372122945,32.953129454180264,,3.360532091288782,28.428140879886165,,-1.164456483005317,26.43227843872442,0.9822389483451843,-3.1603189241670613,32.663688225582284,,3.0710908626908022,1,0,0,1,1,0,0,1
256_0.51_1.17.png,256,0.51,1.17,A<0.65,1.1<=beta<1.4,A<0.65 | 1.1<=beta<1.4,midhigh_official_q3,midhigh_cr_q3,content_k5_c1,residual_midhigh_q3,38.236800874268454,,warm,38.488888555135745,0.25208768086729094,0.25208768086729094,0,0,0,38.488888555135745,,0.25208768086729094,33.37528568259686,,-4.861515191671593,31.558374122195527,,-6.678426752072927,33.67387900196721,,-4.562921872301246,31.96507105370543,0.991004467010498,-6.271729820563024,33.359118983641,,-4.877681890627457,1,0,0,1,1,0,0,1
257_0.57_1.44.png,257,0.57,1.44,A<0.65,1.4<=beta<1.7,A<0.65 | 1.4<=beta<1.7,weak_official_q1,weak_cr_q1,content_k5_c0,residual_high_q4,20.537273910101106,,warm,20.493038560795966,-0.04423534930513995,0.0,1,0,0,20.493038560795966,,-0.04423534930513995,18.075796032433974,,-2.461477877667132,18.55265584227857,,-1.984618067822538,19.821474898557202,,-0.7157990115439041,19.19600180630405,0.9210262298583984,-1.3412721037970563,18.072910218779008,,-2.4643636913220988,0,1,0,0,0,1,0,0
258_0.98_1.6.png,258,0.98,1.6,A>=0.95,1.4<=beta<1.7,A>=0.95 | 1.4<=beta<1.7,weak_official_q1,weak_cr_q1,content_k5_c0,residual_midlow_q2,26.229401658526946,,lfv1,26.453367151462484,0.22396549293553747,0.22396549293553747,0,0,0,26.043711639302455,,-0.18569001922449146,25.82661286581689,,-0.4027887927100551,26.453367151462484,,0.22396549293553747,24.901202200931188,,-1.3281994575957583,26.372676856878616,0.954874575138092,0.14327519835167024,25.821777472375366,,-0.4076241861515797,1,0,0,1,1,0,0,1
259_0.71_0.98.png,259,0.71,0.98,0.65<=A<0.75,0.8<=beta<1.1,0.65<=A<0.75 | 0.8<=beta<1.1,weak_official_q1,weak_cr_q1,content_k5_c0,residual_midlow_q2,26.498717471009982,,residualcalib,26.4919879688587,-0.006729502151280542,0.0,1,0,0,26.288723814654947,,-0.20999365635503509,24.853781956989195,,-1.644935514020787,25.363199591571966,,-1.1355178794380159,26.4919879688587,,-0.006729502151280542,25.299403904433966,0.9680160284042358,-1.1993135665760164,24.846598065802333,,-1.6521194052076495,0,1,0,0,0,1,0,0
25_0.5_1.67.png,25,0.5,1.67,A<0.65,1.4<=beta<1.7,A<0.65 | 1.4<=beta<1.7,midhigh_official_q3,midlow_cr_q2,content_k5_c0,residual_midlow_q2,34.42547055649638,,warm,34.56524957911689,0.1397790226205089,0.1397790226205089,0,0,0,34.56524957911689,,0.1397790226205089,31.5551195899343,,-2.8703509665620786,31.70141886568224,,-2.7240516908141394,31.960271439425732,,-2.4651991170706467,31.63859225679922,0.9865981936454773,-2.7868782996971575,31.56409536014813,,-2.8613751963482486,0,0,1,-1,0,0,1,-1
260_0.57_1.92.png,260,0.57,1.92,A<0.65,beta>=1.7,A<0.65 | beta>=1.7,weak_official_q1,weak_cr_q1,content_k5_c1,residual_high_q4,19.374406059008848,,warm,19.345326123580165,-0.029079935428683257,0.0,1,0,0,19.345326123580165,,-0.029079935428683257,15.906750572081146,,-3.4676554869277023,16.13006775120267,,-3.244338307806178,17.086148982816006,,-2.288257076192842,17.199826085692507,0.8799890279769897,-2.174579973316341,15.9047598949217,,-3.4696461640871483,0,1,0,0,0,1,0,0
261_0.79_1.66.png,261,0.79,1.66,0.75<=A<0.85,1.4<=beta<1.7,0.75<=A<0.85 | 1.4<=beta<1.7,weak_official_q1,weak_cr_q1,content_k5_c1,residual_midhigh_q3,21.888534561226262,,lfv1,22.598988987361164,0.710454426134902,0.710454426134902,0,0,0,21.795028443663856,,-0.09350611756240568,20.473085803127805,,-1.4154487580984565,22.598988987361164,,0.710454426134902,22.379286440407988,,0.490751879181726,20.877965930764482,0.9612331986427307,-1.0105686304617798,20.47628424093302,,-1.4122503202932428,1,0,0,1,1,0,0,1
262_0.58_0.98.png,262,0.58,0.98,A<0.65,0.8<=beta<1.1,A<0.65 | 0.8<=beta<1.1,weak_official_q1,midlow_cr_q2,content_k5_c1,residual_midhigh_q3,28.11770668180025,,cbrfrc,30.221628850142693,2.103922168342443,2.103922168342443,0,0,0,27.880315704824138,,-0.237390976976112,30.214550561983323,,2.096843880183073,28.67959538770817,,0.5618887059079185,27.918107992325233,,-0.19959868947501747,29.15616408593692,0.9854613542556763,1.0384574041366683,30.221628850142693,,2.103922168342443,1,0,0,1,1,0,0,1
263_0.94_1.82.png,263,0.94,1.82,0.85<=A<0.95,beta>=1.7,0.85<=A<0.95 | beta>=1.7,weak_official_q1,weak_cr_q1,content_k5_c3,residual_high_q4,20.592738500680767,,warm,20.539875983755906,-0.052862516924861325,0.0,1,0,0,20.539875983755906,,-0.052862516924861325,18.936426942715674,,-1.6563115579650933,19.415282089264498,,-1.1774564114162693,19.310385060114758,,-1.282353440566009,20.190154692259657,0.9552156925201416,-0.4025838084211095,18.938369474037728,,-1.6543690266430389,0,1,0,0,0,1,0,0
264_0.77_1.87.png,264,0.77,1.87,0.75<=A<0.85,beta>=1.7,0.75<=A<0.85 | beta>=1.7,weak_official_q1,weak_cr_q1,content_k5_c1,residual_midhigh_q3,21.585441298487286,,residualcalib,21.986909794809073,0.4014684963217867,0.4014684963217867,0,0,0,21.465308843601644,,-0.12013245488564195,20.283169127675013,,-1.302272170812273,21.490297139727197,,-0.09514415876008897,21.986909794809073,,0.4014684963217867,20.224168031429915,0.9572067260742188,-1.3612732670573706,20.286335646882954,,-1.2991056516043322,1,0,0,1,1,0,0,1
265_0.72_0.95.png,265,0.72,0.95,0.65<=A<0.75,0.8<=beta<1.1,0.65<=A<0.75 | 0.8<=beta<1.1,midlow_official_q2,midlow_cr_q2,content_k5_c0,residual_low_q1,31.807557524710795,,residualcalib,33.34141868082827,1.5338611561174744,1.5338611561174744,0,0,1,32.10947371610398,,0.3019161913931825,31.127670690339112,,-0.6798868343716826,30.8215611291649,,-0.9859963955458966,33.34141868082827,,1.5338611561174744,31.02699090673678,0.9912595152854919,-0.7805666179740136,31.131242247432876,,-0.6763152772779186,1,0,0,1,1,0,0,1
266_0.71_1.06.png,266,0.71,1.06,0.65<=A<0.75,0.8<=beta<1.1,0.65<=A<0.75 | 0.8<=beta<1.1,midlow_official_q2,midlow_cr_q2,content_k5_c0,residual_low_q1,31.182331152145252,,residualcalib,31.881468642585247,0.6991374904399947,0.6991374904399947,0,0,1,31.375976741968337,,0.19364558982308466,30.575803222384668,,-0.6065279297605848,30.122661169192185,,-1.0596699829530678,31.881468642585247,,0.6991374904399947,30.25280322935542,0.9901808500289917,-0.9295279227898341,30.580766779368595,,-0.6015643727766573,1,0,0,1,1,0,0,1
267_0.94_0.99.png,267,0.94,0.99,0.85<=A<0.95,0.8<=beta<1.1,0.85<=A<0.95 | 0.8<=beta<1.1,weak_official_q1,midlow_cr_q2,content_k5_c0,residual_low_q1,29.346116034385968,,residualcalib,32.14471672895988,2.79860069457391,2.79860069457391,0,0,1,29.712617253407593,,0.36650121902162525,29.091553339286705,,-0.25456269509926344,31.14353051502748,,1.7974144806415104,32.14471672895988,,2.79860069457391,29.19026764949736,0.9899574518203735,-0.15584838488860697,29.10189708413884,,-0.24421895024712725,1,0,0,1,1,0,0,1
268_0.7_1.83.png,268,0.7,1.83,0.65<=A<0.75,beta>=1.7,0.65<=A<0.75 | beta>=1.7,weak_official_q1,weak_cr_q1,content_k5_c1,residual_midlow_q2,28.021359225767508,,warm,27.591437372316236,-0.42992185345127254,0.0,1,0,0,27.591437372316236,,-0.42992185345127254,27.186063361983102,,-0.8352958637844061,25.87392376994412,,-2.1474354558233877,26.68562891224179,,-1.335730313525719,27.440065465772978,0.985526978969574,-0.58129375999453,27.1942031006515,,-0.8271561251160087,0,1,0,0,0,1,0,0
269_0.97_1.84.png,269,0.97,1.84,A>=0.95,beta>=1.7,A>=0.95 | beta>=1.7,weak_official_q1,weak_cr_q1,content_k5_c3,residual_midhigh_q3,25.388594911067216,,residualcalib,26.531889335117707,1.1432944240504916,1.1432944240504916,0,0,0,25.142109997227017,,-0.24648491384019877,23.163300150585915,,-2.225294760481301,24.032920435153933,,-1.3556744759132826,26.531889335117707,,1.1432944240504916,22.758600046936603,0.9708887934684753,-2.6299948641306123,23.168149099640743,,-2.2204458114264725,1,0,0,1,1,0,0,1
26_0.93_1.97.png,26,0.93,1.97,0.85<=A<0.95,beta>=1.7,0.85<=A<0.95 | beta>=1.7,midlow_official_q2,midlow_cr_q2,content_k5_c3,residual_midhigh_q3,30.11541771789146,,warm,30.04439487596113,-0.07102284193032915,0.0,1,0,0,30.04439487596113,,-0.07102284193032915,29.184220588875295,,-0.9311971290161658,29.00841241733266,,-1.1070053005588,29.491896313736767,,-0.6235214041546939,29.671746216393142,0.9794396162033081,-0.4436715014983186,29.185273669578677,,-0.9301440483127834,0,1,0,0,0,1,0,0
270_0.73_1.75.png,270,0.73,1.75,0.65<=A<0.75,beta>=1.7,0.65<=A<0.75 | beta>=1.7,midlow_official_q2,midlow_cr_q2,content_k5_c1,residual_high_q4,32.09368123472529,,warm,32.09538870836644,0.0017074736411544222,0.0017074736411544222,1,0,0,32.09538870836644,,0.0017074736411544222,29.053796902488862,,-3.0398843322364257,28.955645155555708,,-3.1380360791695807,31.623955420082904,,-0.46972581464238417,26.81575660732583,0.9812615513801575,-5.277924627399457,29.05639386025992,,-3.037287374465368,0,1,0,0,0,1,0,0
271_0.97_1.97.png,271,0.97,1.97,A>=0.95,beta>=1.7,A>=0.95 | beta>=1.7,weak_official_q1,weak_cr_q1,content_k5_c3,residual_midhigh_q3,24.494420990718723,,residualcalib,25.563873519347794,1.0694525286290713,1.0694525286290713,0,0,0,24.24043029978457,,-0.2539906909341525,22.501470772703726,,-1.9929502180149967,23.23730110525185,,-1.2571198854668744,25.563873519347794,,1.0694525286290713,22.124565864718782,0.9662011861801147,-2.3698551259999405,22.505977547509218,,-1.9884434432095048,1,0,0,1,1,0,0,1
272_0.94_1.17.png,272,0.94,1.17,0.85<=A<0.95,1.1<=beta<1.4,0.85<=A<0.95 | 1.1<=beta<1.4,weak_official_q1,weak_cr_q1,content_k5_c3,residual_midhigh_q3,28.457927231055848,,residualcalib,31.02672864535925,2.568801414303401,2.568801414303401,0,0,0,28.34087533641114,,-0.11705189464470678,27.293017545319334,,-1.1649096857365144,28.561086609643883,,0.10315937858803537,31.02672864535925,,2.568801414303401,25.83174911603851,0.9845042824745178,-2.626178115017339,27.300278504585688,,-1.1576487264701605,1,0,0,1,1,0,0,1
273_0.85_0.7.png,273,0.85,0.7,0.85<=A<0.95,beta<0.8,0.85<=A<0.95 | beta<0.8,midhigh_official_q3,midlow_cr_q2,content_k5_c0,residual_midhigh_q3,36.74255476151892,,warm,36.39077275408673,-0.3517820074321847,0.0,1,0,0,36.39077275408673,,-0.3517820074321847,31.32269597801797,,-5.419858783500949,31.932051987621435,,-4.810502773897483,33.149644162029404,,-3.592910599489514,31.089764500222678,0.9928524494171143,-5.652790261296239,31.318209400135345,,-5.424345361383573,0,1,0,0,0,1,0,0
274_0.71_1.95.png,274,0.71,1.95,0.65<=A<0.75,beta>=1.7,0.65<=A<0.75 | beta>=1.7,midlow_official_q2,midlow_cr_q2,content_k5_c3,residual_high_q4,33.266445739379016,,warm,32.96600557100513,-0.3004401683738891,0.0,1,0,0,32.96600557100513,,-0.3004401683738891,29.130098141024938,,-4.136347598354078,29.166523674486157,,-4.0999220648928585,30.805418623082158,,-2.461027116296858,30.255190466648727,0.984256386756897,-3.0112552727302884,29.129724070064015,,-4.136721669315001,0,1,0,0,0,1,0,0
275_0.63_2.0.png,275,0.63,2.0,A<0.65,beta>=1.7,A<0.65 | beta>=1.7,midhigh_official_q3,midlow_cr_q2,content_k5_c3,residual_high_q4,35.09525490316974,,warm,34.93028576101206,-0.16496914215768044,0.0,1,0,0,34.93028576101206,,-0.16496914215768044,28.954186502186488,,-6.141068400983251,28.031588647042305,,-7.0636662561274335,30.295189754050902,,-4.800065149118836,29.952776938610434,0.9844385981559753,-5.142477964559305,28.951177342221985,,-6.144077560947753,0,1,0,0,0,1,0,0
276_0.83_1.69.png,276,0.83,1.69,0.75<=A<0.85,1.4<=beta<1.7,0.75<=A<0.85 | 1.4<=beta<1.7,midlow_official_q2,midlow_cr_q2,content_k5_c3,residual_high_q4,32.362711186103056,,warm,32.174396883895675,-0.188314302207381,0.0,1,0,0,32.174396883895675,,-0.188314302207381,29.112996681786093,,-3.2497145043169624,28.608389520941024,,-3.7543216651620313,29.14769098998549,,-3.215020196117564,28.577363005451684,0.9864377975463867,-3.785348180651372,29.111132348735115,,-3.2515788373679406,0,1,0,0,0,1,0,0
277_0.66_1.5.png,277,0.66,1.5,0.65<=A<0.75,1.4<=beta<1.7,0.65<=A<0.75 | 1.4<=beta<1.7,midhigh_official_q3,midhigh_cr_q3,content_k5_c1,residual_low_q1,35.025704020771634,,warm,34.758253067978885,-0.2674509527927498,0.0,1,0,1,34.758253067978885,,-0.2674509527927498,33.45999047296494,,-1.5657135478066948,31.875497718304505,,-3.1502063024671294,33.49018576615442,,-1.535518254617216,33.32123169641208,0.9913265705108643,-1.704472324359557,33.45540125823947,,-1.5703027625321653,0,1,0,0,0,1,0,0
278_0.98_1.19.png,278,0.98,1.19,A>=0.95,1.1<=beta<1.4,A>=0.95 | 1.1<=beta<1.4,weak_official_q1,weak_cr_q1,content_k5_c0,residual_midlow_q2,28.538350736457105,,residualcalib,31.25379827151905,2.7154475350619443,2.7154475350619443,0,0,0,28.158838939745312,,-0.37951179671179247,27.34470946373356,,-1.1936412727235428,28.26643886171481,,-0.27191187474229395,31.25379827151905,,2.7154475350619443,30.284210829108794,0.9913530945777893,1.7458600926516894,27.34380181713428,,-1.1945489193228234,1,0,0,1,1,0,0,1
279_0.94_1.64.png,279,0.94,1.64,0.85<=A<0.95,1.4<=beta<1.7,0.85<=A<0.95 | 1.4<=beta<1.7,weak_official_q1,weak_cr_q1,content_k5_c0,residual_midlow_q2,28.08065284135425,,residualcalib,29.727487356911592,1.646834515557341,1.646834515557341,0,0,0,27.6318162661055,,-0.44883657524875176,26.64749576429297,,-1.4331570770612814,27.929701067682554,,-0.15095177367169654,29.727487356911592,,1.646834515557341,28.68600369719141,0.9887256622314453,0.605350855837159,26.64432271383085,,-1.4363301275234015,1,0,0,1,1,0,0,1
27_0.76_0.89.png,27,0.76,0.89,0.75<=A<0.85,0.8<=beta<1.1,0.75<=A<0.85 | 0.8<=beta<1.1,midlow_official_q2,midhigh_cr_q3,content_k5_c0,residual_low_q1,33.96263547120933,,lfv1,34.340404558280966,0.37776908707163415,0.37776908707163415,0,0,1,33.82565356188843,,-0.1369819093209017,33.149637636157244,,-0.8129978350520872,34.340404558280966,,0.37776908707163415,33.374479861639514,,-0.5881556095698173,33.67221702015576,0.9914349317550659,-0.29041845105356856,33.15628396383304,,-0.8063515073762915,1,0,0,1,1,0,0,1
280_0.71_1.47.png,280,0.71,1.47,0.65<=A<0.75,1.4<=beta<1.7,0.65<=A<0.75 | 1.4<=beta<1.7,midlow_official_q2,midlow_cr_q2,content_k5_c1,residual_low_q1,32.770962251612296,,crplus,33.21640909584025,0.445446844227952,0.445446844227952,0,0,1,32.502565991606616,,-0.2683962600056802,31.384192369088233,,-1.3867698825240637,30.56835251567303,,-2.202609735939266,32.36282225214905,,-0.40813999946324486,33.21640909584025,0.9920729398727417,0.445446844227952,31.379416785609486,,-1.3915454660028104,1,0,0,1,1,0,0,1
281_0.8_1.72.png,281,0.8,1.72,0.75<=A<0.85,beta>=1.7,0.75<=A<0.85 | beta>=1.7,weak_official_q1,weak_cr_q1,content_k5_c3,residual_midhigh_q3,21.785135768849464,,lfv1,23.351333249030848,1.5661974801813834,1.5661974801813834,0,0,0,21.844576922690866,,0.05944115384140147,22.874044512565046,,1.0889087437155816,23.351333249030848,,1.5661974801813834,23.014040973525166,,1.2289052046757014,22.925111456864524,0.9846805334091187,1.1399756880150598,22.864500213574658,,1.0793644447251936,1,0,0,1,1,0,0,1
282_0.78_1.39.png,282,0.78,1.39,0.75<=A<0.85,1.1<=beta<1.4,0.75<=A<0.85 | 1.1<=beta<1.4,weak_official_q1,weak_cr_q1,content_k5_c3,residual_midhigh_q3,21.92536043831725,,lfv1,22.74338229405773,0.8180218557404828,0.8180218557404828,0,0,0,22.024292935806784,,0.09893249748953536,22.137593846756634,,0.21223340843938487,22.74338229405773,,0.8180218557404828,22.333347627070236,,0.4079871887529869,22.302660852113526,0.9859809279441833,0.3773004137962772,22.12871400753718,,0.20335356921993153,1,0,0,1,1,0,0,1
283_0.79_1.68.png,283,0.79,1.68,0.75<=A<0.85,1.4<=beta<1.7,0.75<=A<0.85 | 1.4<=beta<1.7,weak_official_q1,weak_cr_q1,content_k5_c3,residual_midlow_q2,21.742640094583514,,lfv1,22.922981777340027,1.180341682756513,1.180341682756513,0,0,0,21.853136781649706,,0.11049668706619187,22.239403249211144,,0.49676315462762943,22.922981777340027,,1.180341682756513,22.64038607362361,,0.8977459790400957,22.46304613476959,0.9844691753387451,0.7204060401860772,22.23049281257559,,0.48785271799207663,1,0,0,1,1,0,0,1
284_0.8_1.86.png,284,0.8,1.86,0.75<=A<0.85,beta>=1.7,0.75<=A<0.85 | beta>=1.7,weak_official_q1,weak_cr_q1,content_k5_c3,residual_midhigh_q3,21.706367182066565,,lfv1,23.60189115960573,1.8955239775391668,1.8955239775391668,0,0,0,21.81514519168409,,0.10877800961752371,22.94088197345228,,1.2345147913857168,23.60189115960573,,1.8955239775391668,23.134416573428123,,1.428049391361558,22.872758239550407,0.983783483505249,1.1663910574838425,22.9313693409672,,1.2250021589006366,1,0,0,1,1,0,0,1
285_0.71_1.94.png,285,0.71,1.94,0.65<=A<0.75,beta>=1.7,0.65<=A<0.75 | beta>=1.7,weak_official_q1,midhigh_cr_q3,content_k5_c3,residual_high_q4,29.609540927449572,,crplus,34.477147033017985,4.867606105568413,4.867606105568413,0,0,0,30.316508983591135,,0.7069680561415623,32.585882045384785,,2.9763411179352133,32.77622341620821,,3.1666824887586387,31.34875613154545,,1.7392152040958777,34.477147033017985,0.9867565035820007,4.867606105568413,32.586389650119244,,2.976848722669672,1,0,0,1,1,0,0,1
286_0.6_1.07.png,286,0.6,1.07,A<0.65,0.8<=beta<1.1,A<0.65 | 0.8<=beta<1.1,midlow_official_q2,midhigh_cr_q3,content_k5_c3,residual_midlow_q2,30.753858360661148,,crplus,35.937141877879924,5.183283517218776,5.183283517218776,0,0,0,31.230065445233702,,0.4762070845725539,34.61474968814548,,3.8608913274843317,32.13356314785597,,1.3797047871948251,31.572146022546455,,0.8182876618853072,35.937141877879924,0.9929869771003723,5.183283517218776,34.607531709665,,3.8536733490038486,1,0,0,1,1,0,0,1
287_0.77_1.14.png,287,0.77,1.14,0.75<=A<0.85,1.1<=beta<1.4,0.75<=A<0.85 | 1.1<=beta<1.4,midlow_official_q2,strong_cr_q4,content_k5_c3,residual_midhigh_q3,32.03746828520286,,cold_cr,36.23583815455841,4.198369869355545,4.198369869355545,0,0,0,32.63192531013094,,0.5944570249280758,36.23583815455841,,4.198369869355545,33.26589901438785,,1.2284307291849856,32.92042494467499,,0.8829566594721285,36.02163274060945,0.9914282560348511,3.984164455406585,36.22890605293575,,4.191437767732886,1,0,0,1,1,0,0,1
288_0.82_1.17.png,288,0.82,1.17,0.75<=A<0.85,1.1<=beta<1.4,0.75<=A<0.85 | 1.1<=beta<1.4,midlow_official_q2,strong_cr_q4,content_k5_c3,residual_midlow_q2,32.84306923133721,,crplus,36.26379403893013,3.4207248075929186,3.4207248075929186,0,0,0,33.326523722458106,,0.4834544911208951,35.964284236396274,,3.1212150050590637,33.5024291963727,,0.6593599650354918,32.98442528811117,,0.14135605677395802,36.26379403893013,0.9911158680915833,3.4207248075929186,35.957112014676895,,3.114042783339684,1,0,0,1,1,0,0,1
289_0.61_0.88.png,289,0.61,0.88,A<0.65,0.8<=beta<1.1,A<0.65 | 0.8<=beta<1.1,midlow_official_q2,weak_cr_q1,content_k5_c0,residual_low_q1,30.570482085334042,,warm,30.43379315796915,-0.1366889273648937,0.0,1,0,1,30.43379315796915,,-0.1366889273648937,28.208376072458666,,-2.362106012875376,28.714159946299922,,-1.8563221390341198,28.342390024816865,,-2.2280920605171772,29.63381320374043,0.9930058717727661,-0.9366688815936115,28.196931326991347,,-2.373550758342695,0,1,0,0,0,1,0,0
28_0.81_1.96.png,28,0.81,1.96,0.75<=A<0.85,beta>=1.7,0.75<=A<0.85 | beta>=1.7,midlow_official_q2,midlow_cr_q2,content_k5_c3,residual_high_q4,31.538069591855482,,warm,31.70154080114817,0.16347120929268755,0.16347120929268755,0,0,0,31.70154080114817,,0.16347120929268755,30.763691328640427,,-0.7743782632150555,30.620894852234727,,-0.917174739620755,31.173894345025165,,-0.36417524683031743,31.101149379668,0.9827775955200195,-0.43692021218748067,30.76944240365458,,-0.7686271882009024,1,0,0,1,0,0,1,-1
290_0.66_1.66.png,290,0.66,1.66,0.65<=A<0.75,1.4<=beta<1.7,0.65<=A<0.75 | 1.4<=beta<1.7,weak_official_q1,weak_cr_q1,content_k5_c1,residual_low_q1,29.708784977307708,,warm,29.747168231122707,0.03838325381499885,0.03838325381499885,1,0,1,29.747168231122707,,0.03838325381499885,28.783016660611736,,-0.9257683166959723,27.46873076734324,,-2.2400542099644696,27.983978917677696,,-1.724806059630012,27.439237760030682,0.9874531626701355,-2.269547217277026,28.774830626398654,,-0.9339543509090547,0,1,0,0,0,1,0,0
291_0.52_0.89.png,291,0.52,0.89,A<0.65,0.8<=beta<1.1,A<0.65 | 0.8<=beta<1.1,weak_official_q1,weak_cr_q1,content_k5_c0,residual_midlow_q2,29.96408430152659,,warm,29.82731431605461,-0.13676998547197883,0.0,1,0,0,29.82731431605461,,-0.13676998547197883,26.669905189393535,,-3.2941791121330546,27.547271745917534,,-2.416812555609056,28.42524233556791,,-1.5388419659586816,28.783818995230416,0.992730975151062,-1.1802653062961745,26.6598175546876,,-3.304266746838991,0,1,0,0,0,1,0,0
292_0.81_0.91.png,292,0.81,0.91,0.75<=A<0.85,0.8<=beta<1.1,0.75<=A<0.85 | 0.8<=beta<1.1,weak_official_q1,midlow_cr_q2,content_k5_c0,residual_low_q1,29.14776370184272,,crplus,29.56507512063636,0.4173114187936413,0.4173114187936413,0,0,1,29.075086046159196,,-0.07267765568352402,29.557324889808175,,0.4095611879654548,28.834596898749858,,-0.31316680309286227,28.333487203494187,,-0.8142764983485336,29.56507512063636,0.9927912950515747,0.4173114187936413,29.54632905310308,,0.3985653512603591,1,0,0,1,1,0,0,1
293_0.71_1.13.png,293,0.71,1.13,0.65<=A<0.75,1.1<=beta<1.4,0.65<=A<0.75 | 1.1<=beta<1.4,weak_official_q1,midlow_cr_q2,content_k5_c1,residual_low_q1,29.036239802700674,,cold_cr,29.71681336198706,0.6805735592863869,0.6805735592863869,0,0,1,29.124343745260806,,0.08810394256013154,29.71681336198706,,0.6805735592863869,27.94366827959692,,-1.0925715231037536,27.69268572315483,,-1.343554079545843,28.49596235531527,0.9890792965888977,-0.5402774473854031,29.703793239867448,,0.6675534371667737,1,0,0,1,1,0,0,1
294_0.89_1.44.png,294,0.89,1.44,0.85<=A<0.95,1.4<=beta<1.7,0.85<=A<0.95 | 1.4<=beta<1.7,weak_official_q1,midlow_cr_q2,content_k5_c3,residual_midlow_q2,28.10631044183285,,residualcalib,29.572978967663165,1.4666685258303147,1.4666685258303147,0,0,0,28.428790819092328,,0.32248037725947754,29.180689834237832,,1.0743793924049818,26.705488978178913,,-1.4008214636539371,29.572978967663165,,1.4666685258303147,27.68697532469506,0.9849492311477661,-0.41933511713779126,29.172017962090877,,1.0657075202580266,1,0,0,1,1,0,0,1
295_0.64_0.73.png,295,0.64,0.73,A<0.65,beta<0.8,A<0.65 | beta<0.8,midlow_official_q2,midlow_cr_q2,content_k5_c0,residual_low_q1,30.896639028583138,,warm,30.702736922372978,-0.19390210621016024,0.0,1,0,1,30.702736922372978,,-0.19390210621016024,29.850587857166246,,-1.0460511714168916,28.14810140853101,,-2.7485376200521294,28.271673625256074,,-2.6249654033270637,28.57897559803149,0.9914323091506958,-2.3176634305516473,29.83583814675447,,-1.0608008818286692,0,1,0,0,0,1,0,0
296_0.97_1.18.png,296,0.97,1.18,A>=0.95,1.1<=beta<1.4,A>=0.95 | 1.1<=beta<1.4,weak_official_q1,midlow_cr_q2,content_k5_c3,residual_midhigh_q3,28.495965573665924,,residualcalib,30.29500603930238,1.7990404656364554,1.7990404656364554,0,0,0,28.65485332529272,,0.15888775162679636,29.603435158362984,,1.1074695846970606,28.46829704378387,,-0.02766852988205315,30.29500603930238,,1.7990404656364554,29.142039810656595,0.9866782426834106,0.6460742369906711,29.59796056940644,,1.1019949957405153,1,0,0,1,1,0,0,1
297_0.69_1.91.png,297,0.69,1.91,0.65<=A<0.75,beta>=1.7,0.65<=A<0.75 | beta>=1.7,midlow_official_q2,midlow_cr_q2,content_k5_c3,residual_high_q4,33.42952115727056,,lfv1,33.96932546375598,0.5398043064854221,0.5398043064854221,0,0,0,33.76042898916892,,0.33090783189836515,31.408511233053105,,-2.021009924217452,33.96932546375598,,0.5398043064854221,29.83236015826676,,-3.5971609990037976,31.74940926126999,0.9864818453788757,-1.680111896000568,31.41678379204165,,-2.012737365228908,1,0,0,1,1,0,0,1
298_0.63_1.85.png,298,0.63,1.85,A<0.65,beta>=1.7,A<0.65 | beta>=1.7,midlow_official_q2,midlow_cr_q2,content_k5_c3,residual_midhigh_q3,33.34122443727562,,lfv1,34.28540556076324,0.944181123487617,0.944181123487617,0,0,0,33.7509195366559,,0.40969509938027926,31.435205263150543,,-1.9060191741250776,34.28540556076324,,0.944181123487617,29.867477374231882,,-3.4737470630437386,31.338879607166877,0.9877938032150269,-2.0023448301087434,31.438903107241174,,-1.9023213300344466,1,0,0,1,1,0,0,1
299_0.72_1.91.png,299,0.72,1.91,0.65<=A<0.75,beta>=1.7,0.65<=A<0.75 | beta>=1.7,midlow_official_q2,midlow_cr_q2,content_k5_c3,residual_high_q4,33.052043671853795,,lfv1,33.74919425130478,0.6971505794509838,0.6971505794509838,0,0,0,33.35501163858693,,0.3029679667331351,31.22295536980516,,-1.8290883020486355,33.74919425130478,,0.6971505794509838,29.645050314051655,,-3.40699335780214,31.827480237700428,0.9857398271560669,-1.2245634341533673,31.232673870071217,,-1.8193698017825781,1,0,0,1,1,0,0,1
29_0.85_1.7.png,29,0.85,1.7,0.85<=A<0.95,beta>=1.7,0.85<=A<0.95 | beta>=1.7,midlow_official_q2,weak_cr_q1,content_k5_c3,residual_midhigh_q3,31.586573662157985,,warm,31.42745799546414,-0.15911566669384314,0.0,1,0,0,31.42745799546414,,-0.15911566669384314,28.68510306596182,,-2.901470596196166,29.79012660437283,,-1.796447057785155,30.24882821736378,,-1.337745444794205,28.850785854733445,0.963377058506012,-2.73578780742454,28.687768893334553,,-2.8988047688234317,0,1,0,0,0,1,0,0
2_0.93_1.66.png,2,0.93,1.66,0.85<=A<0.95,1.4<=beta<1.7,0.85<=A<0.95 | 1.4<=beta<1.7,midlow_official_q2,midhigh_cr_q3,content_k5_c3,residual_midhigh_q3,33.170265740202474,,cbrfrc,33.20789462675779,0.03762888655531782,0.03762888655531782,1,0,0,32.779007627149724,,-0.39125811305274993,33.2037387932765,,0.03347305307402593,30.872520115744674,,-2.2977456244578,32.03333125024609,,-1.1369344899563814,32.313674632845135,0.985541045665741,-0.8565911073573389,33.20789462675779,,0.03762888655531782,0,1,0,0,0,1,0,0
300_0.92_0.72.png,300,0.92,0.72,0.85<=A<0.95,beta<0.8,0.85<=A<0.95 | beta<0.8,midhigh_official_q3,strong_cr_q4,content_k5_c0,residual_midlow_q2,35.55737441723363,,cold_cr,36.77224018969732,1.214865772463689,1.214865772463689,0,0,0,35.761100621304365,,0.20372620407073327,36.77224018969732,,1.214865772463689,35.235669921429306,,-0.32170449580432603,33.091552382807585,,-2.465822034426047,35.40969808549125,0.9947259426116943,-0.1476763317423817,36.75822256355465,,1.2008481463210146,1,0,0,1,1,0,0,1
301_0.75_0.88.png,301,0.75,0.88,0.75<=A<0.85,0.8<=beta<1.1,0.75<=A<0.85 | 0.8<=beta<1.1,weak_official_q1,weak_cr_q1,content_k5_c0,residual_high_q4,26.58939848863362,,warm,26.44940674429101,-0.13999174434260908,0.0,1,0,0,26.44940674429101,,-0.13999174434260908,25.8253710306651,,-0.7640274579685205,26.29154228024896,,-0.2978562083846583,25.747376689501102,,-0.8420217991325174,25.408760755485545,0.9687547087669373,-1.1806377331480746,25.82163297279879,,-0.7677655158348315,0,1,0,0,0,1,0,0
302_0.69_0.75.png,302,0.69,0.75,0.65<=A<0.75,beta<0.8,0.65<=A<0.75 | beta<0.8,weak_official_q1,weak_cr_q1,content_k5_c0,residual_high_q4,27.260317068003957,,warm,27.082721168985113,-0.17759589901884354,0.0,1,0,0,27.082721168985113,,-0.17759589901884354,25.95350798784456,,-1.3068090801593968,27.04144155005212,,-0.21887551795183668,25.57591617780488,,-1.6844008901990755,24.765325051033717,0.9670608043670654,-2.49499201697024,25.948810172444983,,-1.3115068955589742,0,1,0,0,0,1,0,0
303_0.89_1.94.png,303,0.89,1.94,0.85<=A<0.95,beta>=1.7,0.85<=A<0.95 | beta>=1.7,weak_official_q1,weak_cr_q1,content_k5_c3,residual_midhigh_q3,25.672940430106777,,crplus,26.57201558470318,0.8990751545964031,0.8990751545964031,0,0,0,25.621716648627896,,-0.05122378147888185,25.78797534856902,,0.11503491846224279,23.99977872004814,,-1.6731617100586362,25.640337318015824,,-0.032603112090953346,26.57201558470318,0.9669786691665649,0.8990751545964031,25.785780707045873,,0.11284027693909593,1,0,0,1,1,0,0,1
304_0.91_0.92.png,304,0.91,0.92,0.85<=A<0.95,0.8<=beta<1.1,0.85<=A<0.95 | 0.8<=beta<1.1,weak_official_q1,weak_cr_q1,content_k5_c0,residual_midhigh_q3,25.43230515747795,,crplus,25.772549378574713,0.3402442210967642,0.3402442210967642,0,0,0,25.335250561916183,,-0.09705459556176521,25.276386271593747,,-0.15591888588420133,24.9643955952417,,-0.46790956223624747,25.623740575205346,,0.1914354177273978,25.772549378574713,0.9674489498138428,0.3402442210967642,25.274103703477913,,-0.15820145400003582,1,0,0,1,1,0,0,1
305_0.84_0.52.png,305,0.84,0.52,0.75<=A<0.85,beta<0.8,0.75<=A<0.85 | beta<0.8,midhigh_official_q3,midhigh_cr_q3,content_k5_c0,residual_low_q1,36.07105073183101,,crplus,36.360065125591184,0.28901439376017635,0.28901439376017635,0,0,1,36.22093973007063,,0.14988899823962498,34.21381362154535,,-1.8572371102856593,34.93878776230965,,-1.1322629695213564,34.76050423753041,,-1.3105464943005956,36.360065125591184,0.9949923157691956,0.28901439376017635,34.23399643559158,,-1.8370542962394296,1,0,0,1,1,0,0,1
306_0.65_1.44.png,306,0.65,1.44,0.65<=A<0.75,1.4<=beta<1.7,0.65<=A<0.75 | 1.4<=beta<1.7,midhigh_official_q3,midhigh_cr_q3,content_k5_c0,residual_midlow_q2,35.03630675040342,,warm,35.45234862807185,0.4160418776684338,0.4160418776684338,0,0,0,35.45234862807185,,0.4160418776684338,34.48502813988837,,-0.5512786105150482,33.48759674871462,,-1.5487100016887965,34.11436998160946,,-0.9219367687939624,35.32008232989642,0.9934631586074829,0.28377557949300325,34.482231582994245,,-0.5540751674091737,1,0,0,1,1,0,0,1
307_0.77_1.05.png,307,0.77,1.05,0.75<=A<0.85,0.8<=beta<1.1,0.75<=A<0.85 | 0.8<=beta<1.1,midlow_official_q2,midhigh_cr_q3,content_k5_c0,residual_low_q1,34.30888874406402,,crplus,35.87582061133319,1.5669318672691688,1.5669318672691688,0,0,1,34.55503157634097,,0.2461428322769521,33.51835040302097,,-0.7905383410430531,33.34921550713689,,-0.9596732369271308,33.50538233888099,,-0.803506405183029,35.87582061133319,0.9941333532333374,1.5669318672691688,33.5343943646609,,-0.7744943794031229,1,0,0,1,1,0,0,1
308_0.71_0.58.png,308,0.71,0.58,0.65<=A<0.75,beta<0.8,0.65<=A<0.75 | beta<0.8,midhigh_official_q3,midhigh_cr_q3,content_k5_c0,residual_low_q1,36.05690493222072,,crplus,36.55953519545852,0.5026302632378048,0.5026302632378048,0,0,1,36.27338465450667,,0.21647972228595336,34.626320530223516,,-1.4305844019972014,35.4066148199848,,-0.6502901122359148,35.005194534602126,,-1.0517103976185922,36.55953519545852,0.9949746131896973,0.5026302632378048,34.64601100099449,,-1.4108939312262265,1,0,0,1,1,0,0,1
309_0.61_1.02.png,309,0.61,1.02,A<0.65,0.8<=beta<1.1,A<0.65 | 0.8<=beta<1.1,midlow_official_q2,midhigh_cr_q3,content_k5_c0,residual_low_q1,34.00918501338794,,lfv1,36.14602456551762,2.136839552129679,2.136839552129679,0,0,1,33.55540706684572,,-0.4537779465422247,32.90429804519232,,-1.104886968195622,36.14602456551762,,2.136839552129679,33.791190549824684,,-0.21799446356325802,33.11247590962754,0.9934126138687134,-0.8967091037604007,32.88982527127337,,-1.1193597421145753,1,0,0,1,1,0,0,1
30_0.74_0.8.png,30,0.74,0.8,0.65<=A<0.75,0.8<=beta<1.1,0.65<=A<0.75 | 0.8<=beta<1.1,midlow_official_q2,midlow_cr_q2,content_k5_c0,residual_midlow_q2,33.854430892862254,,warm,33.42644107387531,-0.4279898189869442,0.0,1,0,0,33.42644107387531,,-0.4279898189869442,30.847403856297234,,-3.0070270365650202,29.7680160036483,,-4.086414889213955,32.6158860705259,,-1.238544822336351,30.554539298355202,0.9777402877807617,-3.299891594507052,30.854406404384495,,-3.0000244884777594,0,1,0,0,0,1,0,0
310_0.8_1.12.png,310,0.8,1.12,0.75<=A<0.85,1.1<=beta<1.4,0.75<=A<0.85 | 1.1<=beta<1.4,midlow_official_q2,midlow_cr_q2,content_k5_c0,residual_midlow_q2,30.992983599995,,lfv1,33.843912284212294,2.850928684217294,2.850928684217294,0,0,0,30.933631722548974,,-0.059351877446026435,31.523998327721372,,0.5310147277263724,33.843912284212294,,2.850928684217294,32.85173734740318,,1.85875374740818,31.047535819048054,0.9909308552742004,0.054552219053054074,31.512081766658795,,0.5190981666637953,1,0,0,1,1,0,0,1
311_0.75_0.62.png,311,0.75,0.62,0.75<=A<0.85,beta<0.8,0.75<=A<0.85 | beta<0.8,midhigh_official_q3,midhigh_cr_q3,content_k5_c0,residual_low_q1,34.64446136180498,,lfv1,36.8991505186024,2.2546891567974185,2.2546891567974185,0,0,1,34.330377087570845,,-0.31408427423413343,35.05602581083088,,0.41156444902590295,36.8991505186024,,2.2546891567974185,34.39787033828049,,-0.2465910235244877,33.69279803341232,0.9945506453514099,-0.9516633283926552,35.05080667699292,,0.4063453151879415,1,0,0,1,1,0,0,1
312_0.61_0.79.png,312,0.61,0.79,A<0.65,beta<0.8,A<0.65 | beta<0.8,midhigh_official_q3,midhigh_cr_q3,content_k5_c0,residual_low_q1,35.56024330475476,,lfv1,38.338821222244185,2.7785779174894216,2.7785779174894216,0,0,1,34.90129675381449,,-0.6589465509402714,35.25112235460714,,-0.30912095014762286,38.338821222244185,,2.7785779174894216,34.35252973222661,,-1.2077135725281565,34.48758601054071,0.994662344455719,-1.0726572942140535,35.24363382744947,,-0.3166094773052919,1,0,0,1,1,0,0,1
313_0.51_1.58.png,313,0.51,1.58,A<0.65,1.4<=beta<1.7,A<0.65 | 1.4<=beta<1.7,midlow_official_q2,midlow_cr_q2,content_k5_c1,residual_high_q4,32.06756049291308,,warm,32.50031306972686,0.4327525768137761,0.4327525768137761,0,0,0,32.50031306972686,,0.4327525768137761,30.008031866413795,,-2.0595286264992865,28.876917891481085,,-3.190642601431996,26.337962922067316,,-5.729597570845765,27.321331426735046,0.9825800657272339,-4.746229066178035,30.00595410696546,,-2.06160638594762,1,0,0,1,1,0,0,1
314_0.99_1.61.png,314,0.99,1.61,A>=0.95,1.4<=beta<1.7,A>=0.95 | 1.4<=beta<1.7,weak_official_q1,weak_cr_q1,content_k5_c3,residual_high_q4,28.280372918401525,,warm,28.571616478658278,0.2912435602567527,0.2912435602567527,0,0,0,28.571616478658278,,0.2912435602567527,28.24196240710541,,-0.038410511296113725,27.79324060977709,,-0.48713230862443524,25.240178009094024,,-3.040194909307502,27.323437811409438,0.9775577187538147,-0.9569351069920877,28.24660113556266,,-0.033771782838865505,1,0,0,1,1,0,0,1
315_0.52_1.41.png,315,0.52,1.41,A<0.65,1.4<=beta<1.7,A<0.65 | 1.4<=beta<1.7,midlow_official_q2,midlow_cr_q2,content_k5_c1,residual_high_q4,32.725309011154295,,warm,33.05368462712578,0.32837561597148834,0.32837561597148834,0,0,0,33.05368462712578,,0.32837561597148834,31.31830939397609,,-1.4069996171782044,30.210375560492363,,-2.514933450661932,27.391932459896033,,-5.333376551258262,28.320298110007197,0.9844400882720947,-4.405010901147097,31.318308024181896,,-1.407000986972399,1,0,0,1,1,0,0,1
316_0.91_0.85.png,316,0.91,0.85,0.85<=A<0.95,0.8<=beta<1.1,0.85<=A<0.95 | 0.8<=beta<1.1,midlow_official_q2,midhigh_cr_q3,content_k5_c0,residual_midhigh_q3,31.161414949273933,,cbrfrc,33.040470962377725,1.879056013103792,1.879056013103792,0,0,0,31.571476953493836,,0.4100620042199026,33.03941926864373,,1.8780043193697935,32.348318871763205,,1.1869039224892717,27.96522660105845,,-3.1961883482154825,29.973831833462228,0.9877828359603882,-1.1875831158117052,33.040470962377725,,1.879056013103792,1,0,0,1,1,0,0,1
317_0.74_1.28.png,317,0.74,1.28,0.65<=A<0.75,1.1<=beta<1.4,0.65<=A<0.75 | 1.1<=beta<1.4,midhigh_official_q3,midlow_cr_q2,content_k5_c0,residual_midhigh_q3,34.352789027963894,,warm,34.368813758099,0.016024730135107745,0.016024730135107745,1,0,0,34.368813758099,,0.016024730135107745,31.48989463070684,,-2.8628943972570546,33.15055057041639,,-1.2022384575475016,32.75110548205444,,-1.6016835459094523,29.712146905683916,0.963318943977356,-4.640642122279978,31.483949695771074,,-2.8688393321928203,0,1,0,0,0,1,0,0
318_0.87_0.58.png,318,0.87,0.58,0.85<=A<0.95,beta<0.8,0.85<=A<0.95 | beta<0.8,midhigh_official_q3,midhigh_cr_q3,content_k5_c0,residual_low_q1,36.533629497911384,,warm,36.546136327600685,0.012506829689300503,0.012506829689300503,1,0,1,36.546136327600685,,0.012506829689300503,34.35684542261416,,-2.1767840752972276,34.48639193701873,,-2.047237560892654,34.28015129471984,,-2.2534782031915412,34.40434849865805,0.978481650352478,-2.129280999253332,34.35874676174159,,-2.174882736169792,0,1,0,0,0,1,0,0
319_0.83_1.89.png,319,0.83,1.89,0.75<=A<0.85,beta>=1.7,0.75<=A<0.85 | beta>=1.7,midlow_official_q2,midlow_cr_q2,content_k5_c3,residual_high_q4,32.135874166675194,,warm,32.03454908906019,-0.10132507761500165,0.0,1,0,0,32.03454908906019,,-0.10132507761500165,29.90192133233503,,-2.2339528343401653,31.503924631541878,,-0.631949535133316,30.405498026634177,,-1.7303761400410167,28.337076962671766,0.9570961594581604,-3.798797204003428,29.89768876662644,,-2.238185400048753,0,1,0,0,0,1,0,0
31_0.58_0.89.png,31,0.58,0.89,A<0.65,0.8<=beta<1.1,A<0.65 | 0.8<=beta<1.1,midlow_official_q2,midlow_cr_q2,content_k5_c0,residual_midlow_q2,34.03856332805583,,warm,33.791402670080394,-0.24716065797543507,0.0,1,0,0,33.791402670080394,,-0.24716065797543507,30.841999765924754,,-3.1965635621310753,30.322330538412277,,-3.716232789643552,32.64640521717661,,-1.3921581108792225,30.31429489121553,0.975369393825531,-3.724268436840301,30.848346015082182,,-3.1902173129736475,0,1,0,0,0,1,0,0
320_0.75_1.18.png,320,0.75,1.18,0.75<=A<0.85,1.1<=beta<1.4,0.75<=A<0.85 | 1.1<=beta<1.4,midhigh_official_q3,midlow_cr_q2,content_k5_c0,residual_midhigh_q3,34.508146933755505,,warm,34.52494843900804,0.016801505252537652,0.016801505252537652,1,0,0,34.52494843900804,,0.016801505252537652,32.2854888977613,,-2.2226580359942076,33.417655352118416,,-1.0904915816370888,33.12836303462624,,-1.379783899129265,30.422881343082565,0.9662446975708008,-4.08526559067294,32.27975364610571,,-2.2283932876497943,0,1,0,0,0,1,0,0
321_0.93_1.28.png,321,0.93,1.28,0.85<=A<0.95,1.1<=beta<1.4,0.85<=A<0.95 | 1.1<=beta<1.4,weak_official_q1,weak_cr_q1,content_k5_c3,residual_midlow_q2,28.837925194344507,,warm,28.73192631141233,-0.10599888293217674,0.0,1,0,0,28.73192631141233,,-0.10599888293217674,26.90546639221275,,-1.9324588021317552,28.585314057239653,,-0.2526111371048536,26.222016349881446,,-2.6159088444630605,25.980883399256896,0.9761385321617126,-2.8570417950876106,26.90872103889392,,-1.9292041554505879,0,1,0,0,0,1,0,0
322_0.95_0.58.png,322,0.95,0.58,A>=0.95,beta<0.8,A>=0.95 | beta<0.8,midlow_official_q2,midlow_cr_q2,content_k5_c0,residual_low_q1,31.47194652708825,,lfv1,32.126775651899834,0.6548291248115845,0.6548291248115845,0,0,1,31.57791925332376,,0.10597272623551035,30.294098131771165,,-1.1778483953170849,32.126775651899834,,0.6548291248115845,30.693643436548204,,-0.7783030905400459,30.262719376300353,0.9857599139213562,-1.2092271507878962,30.301898363113814,,-1.1700481639744353,1,0,0,1,1,0,0,1
323_0.82_1.16.png,323,0.82,1.16,0.75<=A<0.85,1.1<=beta<1.4,0.75<=A<0.85 | 1.1<=beta<1.4,midlow_official_q2,weak_cr_q1,content_k5_c0,residual_low_q1,30.42543253781123,,warm,30.511442418982963,0.08600988117173358,0.08600988117173358,0,0,1,30.511442418982963,,0.08600988117173358,28.385965788921727,,-2.0394667488895024,30.10717309491148,,-0.3182594428997483,28.394957039352917,,-2.030475498458312,28.68743889211327,0.9817671775817871,-1.7379936456979586,28.391310411010995,,-2.0341221268002343,0,0,1,-1,0,0,1,-1
324_0.66_0.57.png,324,0.66,0.57,0.65<=A<0.75,beta<0.8,0.65<=A<0.75 | beta<0.8,midhigh_official_q3,midhigh_cr_q3,content_k5_c0,residual_low_q1,35.80798053985348,,warm,36.615585503832946,0.8076049639794647,0.8076049639794647,0,0,1,36.615585503832946,,0.8076049639794647,34.09982176826265,,-1.7081587715908313,33.803761338669055,,-2.0042192011844264,34.401973954982395,,-1.4060065848710863,35.60637985564304,0.9896593689918518,-0.2016006842104403,34.11359751238989,,-1.6943830274635943,1,0,0,1,1,0,0,1
325_0.8_1.68.png,325,0.8,1.68,0.75<=A<0.85,1.4<=beta<1.7,0.75<=A<0.85 | 1.4<=beta<1.7,weak_official_q1,weak_cr_q1,content_k5_c0,residual_low_q1,26.95721040422024,,crplus,28.11251206184909,1.155301657628847,1.155301657628847,0,0,1,26.925364707398913,,-0.03184569682132832,26.683947291315143,,-0.27326311290509864,27.809220116358073,,0.852009712137832,26.933398340505086,,-0.02381206371515532,28.11251206184909,0.9833329319953918,1.155301657628847,26.69578808947803,,-0.26142231474221234,1,0,0,1,1,0,0,1
326_0.65_1.18.png,326,0.65,1.18,0.65<=A<0.75,1.1<=beta<1.4,0.65<=A<0.75 | 1.1<=beta<1.4,weak_official_q1,midlow_cr_q2,content_k5_c0,residual_midlow_q2,28.29380122520501,,crplus,31.050348821532904,2.756547596327895,2.756547596327895,0,0,0,28.286534246869934,,-0.007266978335074725,28.974211202913956,,0.6804099777089476,29.681742726492747,,1.387941501287738,28.43347670924084,,0.13967548403583052,31.050348821532904,0.9913380146026611,2.756547596327895,28.988965169909598,,0.6951639447045892,1,0,0,1,1,0,0,1
327_0.98_1.23.png,327,0.98,1.23,A>=0.95,1.1<=beta<1.4,A>=0.95 | 1.1<=beta<1.4,midlow_official_q2,midlow_cr_q2,content_k5_c0,residual_low_q1,30.46528272309217,,warm,30.192554556103893,-0.2727281669882764,0.0,1,0,1,30.192554556103893,,-0.2727281669882764,29.471122930503185,,-0.9941597925889845,29.6837245793947,,-0.7815581436974703,28.954353805123688,,-1.5109289179684815,28.64593186369857,0.9769030213356018,-1.819350859393598,29.47709825243735,,-0.9881844706548186,0,1,0,0,0,1,0,0
328_0.77_1.67.png,328,0.77,1.67,0.75<=A<0.85,1.4<=beta<1.7,0.75<=A<0.85 | 1.4<=beta<1.7,weak_official_q1,weak_cr_q1,content_k5_c0,residual_low_q1,26.753128335116855,,crplus,28.015874437473226,1.2627461023563704,1.2627461023563704,0,0,1,26.676628423377537,,-0.0764999117393188,26.27526527348767,,-0.47786306162918635,27.282738738779514,,0.5296104036626588,26.54190454999856,,-0.2112237851182961,28.015874437473226,0.9831508994102478,1.2627461023563704,26.286764576421415,,-0.4663637586954401,1,0,0,1,1,0,0,1
329_0.81_1.47.png,329,0.81,1.47,0.75<=A<0.85,1.4<=beta<1.7,0.75<=A<0.85 | 1.4<=beta<1.7,weak_official_q1,weak_cr_q1,content_k5_c3,residual_high_q4,24.087973111703672,,residualcalib,24.978810466332774,0.8908373546291024,0.8908373546291024,0,0,0,24.361519347300206,,0.2735462355965339,24.900561796087686,,0.8125886843840142,24.125742012460343,,0.03776890075667083,24.978810466332774,,0.8908373546291024,24.275624903393332,0.9567738175392151,0.18765179168966029,24.90041553824279,,0.8124424265391177,1,0,0,1,1,0,0,1
32_0.6_1.67.png,32,0.6,1.67,A<0.65,1.4<=beta<1.7,A<0.65 | 1.4<=beta<1.7,midlow_official_q2,weak_cr_q1,content_k5_c3,residual_midhigh_q3,31.650575782664024,,warm,31.55920985526992,-0.09136592739410432,0.0,1,0,0,31.55920985526992,,-0.09136592739410432,27.897296378303253,,-3.7532794043607716,29.606673074658953,,-2.0439027080050707,28.652242836007062,,-2.998332946656962,28.003967928412923,0.964581310749054,-3.6466078542511013,27.901285081140024,,-3.749290701524,0,1,0,0,0,1,0,0
330_0.6_0.81.png,330,0.6,0.81,A<0.65,0.8<=beta<1.1,A<0.65 | 0.8<=beta<1.1,weak_official_q1,weak_cr_q1,content_k5_c0,residual_midhigh_q3,25.718885749525814,,crplus,26.390003677322916,0.671117927797102,0.671117927797102,0,0,0,25.680118076888622,,-0.03876767263719216,23.936187318977133,,-1.782698430548681,26.01392777181878,,0.2950420222929644,26.19223902898783,,0.47335327946201744,26.390003677322916,0.9690660238265991,0.671117927797102,23.934346577229313,,-1.7845391722965012,1,0,0,1,1,0,0,1
331_0.72_0.9.png,331,0.72,0.9,0.65<=A<0.75,0.8<=beta<1.1,0.65<=A<0.75 | 0.8<=beta<1.1,weak_official_q1,weak_cr_q1,content_k5_c0,residual_midhigh_q3,25.295645690960566,,crplus,25.977115239190482,0.6814695482299165,0.6814695482299165,0,0,0,25.288137298120958,,-0.0075083928396075805,24.125377035188475,,-1.170268655772091,25.10692755635565,,-0.18871813460491538,25.863653629231504,,0.568007938270938,25.977115239190482,0.9680467844009399,0.6814695482299165,24.12419342310612,,-1.1714522678544448,1,0,0,1,1,0,0,1
332_0.82_1.48.png,332,0.82,1.48,0.75<=A<0.85,1.4<=beta<1.7,0.75<=A<0.85 | 1.4<=beta<1.7,weak_official_q1,weak_cr_q1,content_k5_c3,residual_high_q4,24.002597815086748,,residualcalib,24.993870409115363,0.9912725940286151,0.9912725940286151,0,0,0,24.262978881263543,,0.26038106617679446,24.858694723305007,,0.8560969082182588,23.971246885783533,,-0.03135092930321548,24.993870409115363,,0.9912725940286151,24.15046940733255,0.9562791585922241,0.14787159224580293,24.858634676120367,,0.8560368610336191,1,0,0,1,1,0,0,1
333_0.76_0.55.png,333,0.76,0.55,0.75<=A<0.85,beta<0.8,0.75<=A<0.85 | beta<0.8,midlow_official_q2,midlow_cr_q2,content_k5_c0,residual_midlow_q2,31.124655531587926,,residualcalib,30.661214652226093,-0.4634408793618334,0.0,1,0,0,30.568306413925516,,-0.5563491176624105,30.30594342672591,,-0.8187121048620156,28.070566063334045,,-3.0540894682538813,30.661214652226093,,-0.4634408793618334,29.68658404502711,0.99211186170578,-1.4380714865608155,30.29514429813185,,-0.8295112334560777,0,1,0,0,0,1,0,0
334_0.93_1.76.png,334,0.93,1.76,0.85<=A<0.95,beta>=1.7,0.85<=A<0.95 | beta>=1.7,weak_official_q1,weak_cr_q1,content_k5_c3,residual_midhigh_q3,25.459238765588594,,crplus,26.231741523589278,0.7725027580006838,0.7725027580006838,0,0,0,25.487311579469882,,0.028072813881287573,24.391327753975695,,-1.0679110116128996,24.51671982753863,,-0.9425189380499646,24.79412879195805,,-0.6651099736305426,26.231741523589278,0.9774965047836304,0.7725027580006838,24.387585739491332,,-1.0716530260972625,1,0,0,1,1,0,0,1
335_1.0_1.88.png,335,1.0,1.88,A>=0.95,beta>=1.7,A>=0.95 | beta>=1.7,weak_official_q1,weak_cr_q1,content_k5_c3,residual_midhigh_q3,25.789102612671805,,crplus,26.71696138445008,0.9278587717782756,0.9278587717782756,0,0,0,25.79239943005252,,0.003296817380714856,24.52129016485834,,-1.2678124478134656,25.04242323499136,,-0.7466793776804437,24.985748395254745,,-0.8033542174170591,26.71696138445008,0.9757680892944336,0.9278587717782756,24.51954326848268,,-1.2695593441891262,1,0,0,1,1,0,0,1
336_0.94_1.46.png,336,0.94,1.46,0.85<=A<0.95,1.4<=beta<1.7,0.85<=A<0.95 | 1.4<=beta<1.7,weak_official_q1,weak_cr_q1,content_k5_c3,residual_midlow_q2,25.60352231761439,,crplus,26.196907073101315,0.5933847554869232,0.5933847554869232,0,0,0,25.422280825086254,,-0.18124149252813737,25.027208758015917,,-0.576313559598475,25.04701276316386,,-0.5565095544505319,25.362133822114554,,-0.24138849549983732,26.196907073101315,0.9784725308418274,0.5933847554869232,25.024006720038745,,-0.5795155975756465,1,0,0,1,1,0,0,1
337_0.72_1.65.png,337,0.72,1.65,0.65<=A<0.75,1.4<=beta<1.7,0.65<=A<0.75 | 1.4<=beta<1.7,midlow_official_q2,midlow_cr_q2,content_k5_c3,residual_midhigh_q3,30.85216129665438,,cold_cr,31.808818327390775,0.9566570307363946,0.9566570307363946,0,0,0,31.234624079171102,,0.38246278251672194,31.808818327390775,,0.9566570307363946,31.319816429272883,,0.46765513261850344,31.30582592389978,,0.4536646272453986,28.016928888345287,0.9713708162307739,-2.8352324083090927,31.80183733651569,,0.9496760398613091,1,0,0,1,1,0,0,1
338_0.99_1.37.png,338,0.99,1.37,A>=0.95,1.1<=beta<1.4,A>=0.95 | 1.1<=beta<1.4,weak_official_q1,midlow_cr_q2,content_k5_c3,residual_high_q4,29.91395232583054,,residualcalib,30.5961114565438,0.6821591307132593,0.6821591307132593,0,0,0,30.274709524106083,,0.3607571982755431,30.228604915529964,,0.3146525896994241,29.355028352009302,,-0.558923973821237,30.5961114565438,,0.6821591307132593,29.04587368437072,0.9540045857429504,-0.8680786414598209,30.23083625543388,,0.316883929603339,1,0,0,1,1,0,0,1
339_0.64_1.47.png,339,0.64,1.47,A<0.65,1.4<=beta<1.7,A<0.65 | 1.4<=beta<1.7,midlow_official_q2,midhigh_cr_q3,content_k5_c3,residual_midhigh_q3,31.457141632215702,,cold_cr,32.60593138810967,1.148789755893965,1.148789755893965,0,0,0,31.716961030114565,,0.25981939789886255,32.60593138810967,,1.148789755893965,32.086612806523085,,0.6294711743073833,31.891054233195597,,0.4339126009798946,27.99446814342549,0.9784562587738037,-3.4626734887902124,32.596204909823015,,1.1390632776073133,1,0,0,1,1,0,0,1
33_0.55_1.75.png,33,0.55,1.75,A<0.65,beta>=1.7,A<0.65 | beta>=1.7,weak_official_q1,weak_cr_q1,content_k5_c1,residual_high_q4,26.014872473489188,,warm,25.89933043115474,-0.11554204233444665,0.0,1,0,0,25.89933043115474,,-0.11554204233444665,21.599118160287397,,-4.415754313201791,23.635541496357774,,-2.3793309771314135,23.89981178469902,,-2.1150606887901695,21.192828448496908,0.9736950397491455,-4.82204402499228,21.593996731157553,,-4.420875742331635,0,1,0,0,0,1,0,0
340_0.55_0.55.png,340,0.55,0.55,A<0.65,beta<0.8,A<0.65 | beta<0.8,midlow_official_q2,midhigh_cr_q3,content_k5_c0,residual_midlow_q2,33.09865776041586,,lfv1,33.580819518376245,0.48216175796038385,0.48216175796038385,0,0,0,33.38320916129247,,0.2845514008766088,33.23879056419586,,0.14013280377999848,33.580819518376245,,0.48216175796038385,33.09547689620106,,-0.003180864214797907,32.39465382838,0.9890408515930176,-0.7040039320358602,33.22682646194171,,0.12816870152585125,1,0,0,1,1,0,0,1
341_0.68_1.62.png,341,0.68,1.62,0.65<=A<0.75,1.4<=beta<1.7,0.65<=A<0.75 | 1.4<=beta<1.7,weak_official_q1,weak_cr_q1,content_k5_c1,residual_high_q4,24.498063671129962,,lfv1,27.429763755151036,2.931700084021074,2.931700084021074,0,0,0,24.316447962905116,,-0.18161570822484663,25.228846400406916,,0.7307827292769531,27.429763755151036,,2.931700084021074,25.436595108729286,,0.9385314375993232,25.549784533730154,0.9715811014175415,1.0517208626001917,25.23051112888689,,0.7324474577569262,1,0,0,1,1,0,0,1
342_0.96_1.08.png,342,0.96,1.08,A>=0.95,0.8<=beta<1.1,A>=0.95 | 0.8<=beta<1.1,weak_official_q1,midlow_cr_q2,content_k5_c3,residual_high_q4,26.010514180614667,,crplus,32.715520104094026,6.705005923479359,6.705005923479359,0,0,0,25.70802113497092,,-0.3024930456437467,29.161401019395214,,3.150886838780547,31.30313873763933,,5.292624557024663,26.57378442232193,,0.5632702417072615,32.715520104094026,0.9862839579582214,6.705005923479359,29.163977648193573,,3.1534634675789057,1,0,0,1,1,0,0,1
343_0.83_1.07.png,343,0.83,1.07,0.75<=A<0.85,0.8<=beta<1.1,0.75<=A<0.85 | 0.8<=beta<1.1,weak_official_q1,midlow_cr_q2,content_k5_c1,residual_high_q4,27.077173552813335,,lfv1,33.37975986913803,6.3025863163246925,6.3025863163246925,0,0,0,26.925955056339554,,-0.15121849647378127,30.08642332141195,,3.0092497685986146,33.37975986913803,,6.3025863163246925,26.052733064524112,,-1.0244404882892226,32.090348068274686,0.9866489768028259,5.013174515461351,30.089463682998744,,3.0122901301854093,1,0,0,1,1,0,0,1
344_0.82_1.51.png,344,0.82,1.51,0.75<=A<0.85,1.4<=beta<1.7,0.75<=A<0.85 | 1.4<=beta<1.7,weak_official_q1,weak_cr_q1,content_k5_c1,residual_high_q4,24.0347409711283,,lfv1,29.53028865234661,5.495547681218309,5.495547681218309,0,0,0,23.874841593890316,,-0.1598993772379842,28.485864909570733,,4.451123938442432,29.53028865234661,,5.495547681218309,23.920393251417728,,-0.11434771971057245,28.284128810832048,0.9783308506011963,4.249387839703747,28.48783576390852,,4.45309479278022,1,0,0,1,1,0,0,1
345_0.98_1.02.png,345,0.98,1.02,A>=0.95,0.8<=beta<1.1,A>=0.95 | 0.8<=beta<1.1,weak_official_q1,weak_cr_q1,content_k5_c0,residual_high_q4,27.752757588141364,,warm,27.275560748747473,-0.47719683939389057,0.0,1,0,0,27.275560748747473,,-0.47719683939389057,24.45585189434923,,-3.2969056937921337,24.20333654460969,,-3.549421043531673,24.70602465983842,,-3.0467329283029443,26.153373252854784,0.9800043702125549,-1.5993843352865795,24.454701343503498,,-3.2980562446378663,0,1,0,0,0,1,0,0
346_0.77_1.92.png,346,0.77,1.92,0.75<=A<0.85,beta>=1.7,0.75<=A<0.85 | beta>=1.7,weak_official_q1,weak_cr_q1,content_k5_c3,residual_midhigh_q3,25.609484313891883,,cold_cr,25.82675985205757,0.217275538165687,0.217275538165687,0,0,0,25.326631869417035,,-0.28285244447484814,25.82675985205757,,0.217275538165687,23.89678030847294,,-1.7127040054189422,23.98081271554009,,-1.6286715983517936,24.231869202186907,0.966647207736969,-1.3776151117049764,25.82379517320067,,0.21431085930878524,1,0,0,1,1,0,0,1
347_0.92_1.53.png,347,0.92,1.53,0.85<=A<0.95,1.4<=beta<1.7,0.85<=A<0.95 | 1.4<=beta<1.7,weak_official_q1,weak_cr_q1,content_k5_c0,residual_high_q4,26.283788054178526,,warm,25.96614707138073,-0.31764098279779773,0.0,1,0,0,25.96614707138073,,-0.31764098279779773,25.214907371081097,,-1.0688806830974293,24.08469116575585,,-2.1990968884226767,23.837135506060765,,-2.4466525481177612,25.019500527379872,0.9734448194503784,-1.264287526798654,25.213112257726333,,-1.0706757964521927,0,1,0,0,0,1,0,0
348_0.72_1.07.png,348,0.72,1.07,0.65<=A<0.75,0.8<=beta<1.1,0.65<=A<0.75 | 0.8<=beta<1.1,weak_official_q1,weak_cr_q1,content_k5_c0,residual_high_q4,27.917126084601982,,warm,27.45988125300833,-0.4572448315936519,0.0,1,0,0,27.45988125300833,,-0.4572448315936519,25.723257724497067,,-2.193868360104915,24.214627742110185,,-3.702498342491797,25.41692075314824,,-2.500205331453742,25.47790809691096,0.973946213722229,-2.4392179876910234,25.720817316989674,,-2.196308767612308,0,1,0,0,0,1,0,0
349_0.53_1.85.png,349,0.53,1.85,A<0.65,beta>=1.7,A<0.65 | beta>=1.7,midlow_official_q2,midlow_cr_q2,content_k5_c1,residual_midlow_q2,31.34102131044388,,warm,31.718453761182758,0.3774324507388762,0.3774324507388762,0,0,0,31.718453761182758,,0.3774324507388762,29.784054261456838,,-1.556967048987044,29.561581029057358,,-1.779440281386524,28.25966957149365,,-3.0813517389502323,29.346068628727267,0.9875954389572144,-1.9949526817166152,29.78798486237575,,-1.5530364480681307,1,0,0,1,1,0,0,1
34_0.77_1.56.png,34,0.77,1.56,0.75<=A<0.85,1.4<=beta<1.7,0.75<=A<0.85 | 1.4<=beta<1.7,weak_official_q1,weak_cr_q1,content_k5_c3,residual_midlow_q2,27.09078912785342,,warm,27.692864052655505,0.6020749248020856,0.6020749248020856,0,0,0,27.692864052655505,,0.6020749248020856,25.415768527368403,,-1.6750206004850163,27.023597804884588,,-0.06719132296883146,26.899113939321218,,-0.19167518853220145,25.34517410941578,0.977048933506012,-1.7456150184376398,25.411672753310928,,-1.6791163745424917,1,0,0,1,1,0,0,1
350_0.84_1.87.png,350,0.84,1.87,0.75<=A<0.85,beta>=1.7,0.75<=A<0.85 | beta>=1.7,midlow_official_q2,midlow_cr_q2,content_k5_c3,residual_high_q4,31.68072343257345,,warm,31.858037299476937,0.17731386690348572,0.17731386690348572,0,0,0,31.858037299476937,,0.17731386690348572,30.78784027180475,,-0.8928831607687009,29.228936747873092,,-2.451786684700359,28.27026690930349,,-3.4104565232699606,30.864492775237316,0.988113284111023,-0.8162306573361349,30.796407522400703,,-0.8843159101727487,1,0,0,1,0,0,1,-1
351_0.75_1.19.png,351,0.75,1.19,0.75<=A<0.85,1.1<=beta<1.4,0.75<=A<0.85 | 1.1<=beta<1.4,midhigh_official_q3,midhigh_cr_q3,content_k5_c0,residual_midlow_q2,34.48875092148384,,warm,34.75680572064043,0.26805479915658736,0.26805479915658736,0,0,0,34.75680572064043,,0.26805479915658736,32.58657950128026,,-1.9021714202035795,32.40549733745894,,-2.0832535840249022,32.11902559829995,,-2.369725323183893,33.422456099831955,0.9931570291519165,-1.066294821651887,32.58821788557298,,-1.9005330359108612,1,0,0,1,1,0,0,1
352_0.87_0.77.png,352,0.87,0.77,0.85<=A<0.95,beta<0.8,0.85<=A<0.95 | beta<0.8,midlow_official_q2,midhigh_cr_q3,content_k5_c0,residual_low_q1,32.98248022856113,,residualcalib,34.281269995909916,1.2987897673487865,1.2987897673487865,0,0,1,33.28490660958746,,0.30242638102632924,32.822469701691695,,-0.16001052686943495,34.08783580685895,,1.105355578297818,34.281269995909916,,1.2987897673487865,32.19910307759631,0.99461829662323,-0.7833771509648173,32.8125093399398,,-0.1699708886213287,1,0,0,1,1,0,0,1
353_0.53_1.07.png,353,0.53,1.07,A<0.65,0.8<=beta<1.1,A<0.65 | 0.8<=beta<1.1,midhigh_official_q3,midlow_cr_q2,content_k5_c0,residual_midhigh_q3,34.92081317579894,,warm,34.8481282995701,-0.07268487622884123,0.0,1,0,0,34.8481282995701,,-0.07268487622884123,32.14177714194592,,-2.779036033853018,30.842081702874687,,-4.078731472924254,31.713018048157522,,-3.2077951276414183,32.04366747644238,0.9881485104560852,-2.8771456993565607,32.13971535966512,,-2.7810978161338227,0,1,0,0,0,1,0,0
354_0.98_1.12.png,354,0.98,1.12,A>=0.95,1.1<=beta<1.4,A>=0.95 | 1.1<=beta<1.4,weak_official_q1,weak_cr_q1,content_k5_c0,residual_midlow_q2,28.147467062450367,,residualcalib,28.469812763772985,0.3223457013226181,0.3223457013226181,0,0,0,28.20665280326488,,0.05918574081451311,27.23115752859785,,-0.916309533852516,27.020102191150315,,-1.1273648713000526,28.469812763772985,,0.3223457013226181,27.039737595381716,0.98603355884552,-1.1077294670686513,27.229561832367587,,-0.9179052300827806,1,0,0,1,1,0,0,1
355_0.83_0.96.png,355,0.83,0.96,0.75<=A<0.85,0.8<=beta<1.1,0.75<=A<0.85 | 0.8<=beta<1.1,midlow_official_q2,midlow_cr_q2,content_k5_c0,residual_midlow_q2,30.683125833005338,,warm,30.98376355752331,0.30063772451797277,0.30063772451797277,0,0,0,30.98376355752331,,0.30063772451797277,29.430279835163148,,-1.25284599784219,28.59866939933354,,-2.0844564336717966,30.911843867412692,,0.22871803440735405,28.22046183272723,0.9869614839553833,-2.4626640002781066,29.42612956552795,,-1.256996267477387,1,0,0,1,1,0,0,1
356_0.67_0.95.png,356,0.67,0.95,0.65<=A<0.75,0.8<=beta<1.1,0.65<=A<0.75 | 0.8<=beta<1.1,midhigh_official_q3,midlow_cr_q2,content_k5_c0,residual_midlow_q2,34.982035227873475,,warm,35.42808410529405,0.44604887742057286,0.44604887742057286,0,0,0,35.42808410529405,,0.44604887742057286,32.293981030935925,,-2.68805419693755,30.30046316284851,,-4.681572065024966,32.608359616981126,,-2.3736756108923487,30.590210501792136,0.988140881061554,-4.391824726081339,32.28963995077862,,-2.692395277094853,1,0,0,1,1,0,0,1
357_0.86_1.37.png,357,0.86,1.37,0.85<=A<0.95,1.1<=beta<1.4,0.85<=A<0.95 | 1.1<=beta<1.4,weak_official_q1,weak_cr_q1,content_k5_c0,residual_midhigh_q3,20.73328544122797,,warm,20.766416779069758,0.033131337841787456,0.033131337841787456,1,0,0,20.766416779069758,,0.033131337841787456,19.624008722745874,,-1.1092767184820964,20.106782635857755,,-0.6265028053702153,19.7918112651194,,-0.9414741761085708,19.60620787386407,0.9537523984909058,-1.1270775673639015,19.625645549278236,,-1.1076398919497343,0,1,0,0,0,1,0,0
358_0.68_1.38.png,358,0.68,1.38,0.65<=A<0.75,1.1<=beta<1.4,0.65<=A<0.75 | 1.1<=beta<1.4,weak_official_q1,weak_cr_q1,content_k5_c1,residual_low_q1,22.175964581944715,,residualcalib,22.64026832755162,0.46430374560690524,0.46430374560690524,0,0,1,22.025140068526202,,-0.1508245134185131,22.217688707073854,,0.04172412512913937,22.109465087695565,,-0.06649949424915036,22.64026832755162,,0.46430374560690524,22.189782705194343,0.9692298173904419,0.013818123249627945,22.216887744083422,,0.04092316213870717,1,0,0,1,1,0,0,1
359_0.5_1.58.png,359,0.5,1.58,A<0.65,1.4<=beta<1.7,A<0.65 | 1.4<=beta<1.7,weak_official_q1,weak_cr_q1,content_k5_c1,residual_high_q4,19.759009855581652,,warm,19.755848522844957,-0.003161332736695499,0.0,1,0,0,19.755848522844957,,-0.003161332736695499,17.220471890500402,,-2.5385379650812503,19.660909553248622,,-0.09810030233303024,19.46981143116286,,-0.2891984244187924,17.76304426601976,0.963234007358551,-1.9959655895618909,17.21905045922707,,-2.5399593963545826,0,1,0,0,0,1,0,0
35_0.77_1.43.png,35,0.77,1.43,0.75<=A<0.85,1.4<=beta<1.7,0.75<=A<0.85 | 1.4<=beta<1.7,weak_official_q1,weak_cr_q1,content_k5_c3,residual_midlow_q2,27.703445550619904,,warm,28.340827374730804,0.6373818241108999,0.6373818241108999,0,0,0,28.340827374730804,,0.6373818241108999,25.607326166718213,,-2.0961193839016907,27.58117682289841,,-0.12226872772149378,27.29425248667878,,-0.40919306394112454,25.556326979674644,0.9782775044441223,-2.14711857094526,25.602335307859573,,-2.101110242760331,1,0,0,1,1,0,0,1
360_0.87_0.88.png,360,0.87,0.88,0.85<=A<0.95,0.8<=beta<1.1,0.85<=A<0.95 | 0.8<=beta<1.1,weak_official_q1,weak_cr_q1,content_k5_c0,residual_midlow_q2,22.58053695280428,,warm,22.592398657108753,0.011861704304472198,0.011861704304472198,1,0,0,22.592398657108753,,0.011861704304472198,21.65483676924907,,-0.925700183555211,22.204752560815415,,-0.3757843919888657,21.398285672099306,,-1.1822512807049748,21.494366648840632,0.9659895896911621,-1.086170303963648,21.657208037819984,,-0.923328914984296,0,1,0,0,0,1,0,0
361_0.51_1.62.png,361,0.51,1.62,A<0.65,1.4<=beta<1.7,A<0.65 | 1.4<=beta<1.7,weak_official_q1,weak_cr_q1,content_k5_c1,residual_high_q4,17.883427397245534,,lfv1,19.48393183525011,1.6005044380045774,1.6005044380045774,0,0,0,18.179058131679735,,0.2956307344342015,17.19106352173339,,-0.6923638755121431,19.48393183525011,,1.6005044380045774,19.018377418838973,,1.1349500215934398,18.833908972083407,0.960525393486023,0.9504815748378732,17.18817509913115,,-0.6952522981143829,1,0,0,1,1,0,0,1
362_0.82_0.88.png,362,0.82,0.88,0.75<=A<0.85,0.8<=beta<1.1,0.75<=A<0.85 | 0.8<=beta<1.1,weak_official_q1,weak_cr_q1,content_k5_c0,residual_midhigh_q3,23.968164647406848,,warm,23.824805256782575,-0.14335939062427272,0.0,1,0,0,23.824805256782575,,-0.14335939062427272,22.65148821942663,,-1.3166764279802194,23.711441128490783,,-0.2567235189160648,21.960350522745323,,-2.0078141246615253,23.352746197948775,0.973381757736206,-0.6154184494580726,22.647859634047816,,-1.3203050133590324,0,1,0,0,0,1,0,0
363_0.56_0.51.png,363,0.56,0.51,A<0.65,beta<0.8,A<0.65 | beta<0.8,weak_official_q1,weak_cr_q1,content_k5_c0,residual_high_q4,24.48477396210358,,warm,24.292354023394623,-0.19241993870895868,0.0,1,0,0,24.292354023394623,,-0.19241993870895868,22.009654448976107,,-2.475119513127474,22.07198412903808,,-2.412789833065503,21.19928168344871,,-3.2854922786548713,23.36364470788689,0.9762222766876221,-1.1211292542166902,22.006077710016037,,-2.478696252087545,0,1,0,0,0,1,0,0
364_0.98_0.89.png,364,0.98,0.89,A>=0.95,0.8<=beta<1.1,A>=0.95 | 0.8<=beta<1.1,weak_official_q1,weak_cr_q1,content_k5_c0,residual_midhigh_q3,23.889179417965252,,crplus,23.747916495291427,-0.14126292267382468,0.0,1,0,0,23.73776008427928,,-0.15141933368597194,23.260901722897227,,-0.6282776950680251,23.36163568936953,,-0.5275437285957238,21.775930340138988,,-2.1132490778262643,23.747916495291427,0.9752056002616882,-0.14126292267382468,23.257276464249777,,-0.6319029537154748,0,1,0,0,0,1,0,0
365_0.71_0.69.png,365,0.71,0.69,0.65<=A<0.75,beta<0.8,0.65<=A<0.75 | beta<0.8,weak_official_q1,weak_cr_q1,content_k5_c0,residual_midhigh_q3,27.456447876167722,,lfv1,28.99671331641037,1.5402654402426492,1.5402654402426492,0,0,0,27.72101193232926,,0.26456405616153944,27.813716352045997,,0.3572684758782749,28.99671331641037,,1.5402654402426492,27.04203816892332,,-0.4144097072444026,28.36266425579997,0.969956636428833,0.906216379632248,27.817556192041565,,0.3611083158738424,1,0,0,1,1,0,0,1
366_0.54_0.64.png,366,0.54,0.64,A<0.65,beta<0.8,A<0.65 | beta<0.8,weak_official_q1,weak_cr_q1,content_k5_c0,residual_midlow_q2,28.096601674491005,,lfv1,28.788713388624284,0.6921117141332793,0.6921117141332793,0,0,0,28.503577563634913,,0.4069758891439079,27.62853713623022,,-0.46806453826078354,28.788713388624284,,0.6921117141332793,27.266755260136947,,-0.8298464143540585,28.488132022487918,0.9728044867515564,0.39153034799691255,27.63317047532218,,-0.4634311991688236,1,0,0,1,1,0,0,1
367_0.88_0.72.png,367,0.88,0.72,0.85<=A<0.95,beta<0.8,0.85<=A<0.95 | beta<0.8,weak_official_q1,weak_cr_q1,content_k5_c0,residual_high_q4,26.71535207404704,,lfv1,27.92369221463416,1.2083401405871186,1.2083401405871186,0,0,0,26.88083294886652,,0.1654808748194796,27.729538424216408,,1.0141863501693678,27.92369221463416,,1.2083401405871186,26.31110885369371,,-0.4042432203533295,27.62096239369548,0.9662975072860718,0.9056103196484386,27.73316772349532,,1.0178156494482806,1,0,0,1,1,0,0,1
368_0.79_1.95.png,368,0.79,1.95,0.75<=A<0.85,beta>=1.7,0.75<=A<0.85 | beta>=1.7,weak_official_q1,weak_cr_q1,content_k5_c3,residual_high_q4,24.66027683046984,,warm,24.82191574363517,0.16163891316532997,0.16163891316532997,0,0,0,24.82191574363517,,0.16163891316532997,24.365307201379288,,-0.29496962909055213,24.75550635396591,,0.09522952349606939,22.414078235117447,,-2.246198595352393,24.58391153881951,0.948740541934967,-0.07636529165032968,24.366516386909115,,-0.29376044356072484,1,0,0,1,0,0,1,-1
369_0.55_1.18.png,369,0.55,1.18,A<0.65,1.1<=beta<1.4,A<0.65 | 1.1<=beta<1.4,midlow_official_q2,midlow_cr_q2,content_k5_c1,residual_midlow_q2,31.861714088576903,,cbrfrc,32.11761177017719,0.25589768160028825,0.25589768160028825,0,0,0,32.07689574393615,,0.21518165535924538,32.113086827474405,,0.25137273889750134,31.718629498695236,,-0.14308458988166706,32.00042937265086,,0.13871528407396028,30.31965441849959,0.9868717193603516,-1.5420596700773146,32.11761177017719,,0.25589768160028825,1,0,0,1,1,0,0,1
36_0.83_1.99.png,36,0.83,1.99,0.75<=A<0.85,beta>=1.7,0.75<=A<0.85 | beta>=1.7,weak_official_q1,weak_cr_q1,content_k5_c3,residual_high_q4,25.591637479994507,,lfv1,26.907085721754413,1.3154482417599063,1.3154482417599063,0,0,0,26.182713073899038,,0.5910755939045309,25.02890095343346,,-0.5627365265610464,26.907085721754413,,1.3154482417599063,26.61353313699001,,1.021895656995504,25.10538225304634,0.9736015796661377,-0.4862552269481668,25.026654705705727,,-0.5649827742887794,1,0,0,1,1,0,0,1
370_0.7_0.68.png,370,0.7,0.68,0.65<=A<0.75,beta<0.8,0.65<=A<0.75 | beta<0.8,midlow_official_q2,midhigh_cr_q3,content_k5_c0,residual_midlow_q2,32.896360172998875,,residualcalib,35.01157566687209,2.1152154938732153,2.1152154938732153,0,0,0,33.13919393689109,,0.24283376389221445,32.47810417885081,,-0.4182559941480619,33.44681312842517,,0.5504529554262945,35.01157566687209,,2.1152154938732153,33.2301356162828,0.9900309443473816,0.33377544328392617,32.493191005920195,,-0.4031691670786799,1,0,0,1,1,0,0,1
371_0.52_1.3.png,371,0.52,1.3,A<0.65,1.1<=beta<1.4,A<0.65 | 1.1<=beta<1.4,midlow_official_q2,midlow_cr_q2,content_k5_c1,residual_midhigh_q3,31.311583435214068,,warm,31.526353666950392,0.21477023173632404,0.21477023173632404,0,0,0,31.526353666950392,,0.21477023173632404,31.074716844427115,,-0.2368665907869527,30.8039357031666,,-0.5076477320474666,30.74502252253518,,-0.566560912678888,28.793627856688357,0.9856870770454407,-2.5179555785257115,31.07329540451285,,-0.2382880307012165,1,0,0,1,1,0,0,1
372_0.98_1.7.png,372,0.98,1.7,A>=0.95,beta>=1.7,A>=0.95 | beta>=1.7,weak_official_q1,weak_cr_q1,content_k5_c3,residual_midhigh_q3,27.67140305304338,,residualcalib,28.012943301454243,0.34154024841086184,0.34154024841086184,0,0,0,27.90258624597879,,0.2311831929354078,26.623927782244717,,-1.0474752707986639,26.338979943967008,,-1.3324231090763732,28.012943301454243,,0.34154024841086184,27.342788516270634,0.9766217470169067,-0.3286145367727471,26.627529675735783,,-1.043873377307598,1,0,0,1,1,0,0,1
373_0.53_1.07.png,373,0.53,1.07,A<0.65,0.8<=beta<1.1,A<0.65 | 0.8<=beta<1.1,weak_official_q1,weak_cr_q1,content_k5_c1,residual_midhigh_q3,28.297086062632903,,warm,28.26637407760902,-0.030711985023884836,0.0,1,0,0,28.26637407760902,,-0.030711985023884836,25.358089337503596,,-2.938996725129307,26.12893650966452,,-2.1681495529683836,28.031739354136818,,-0.2653467084960859,26.676349942694806,0.9744532704353333,-1.6207361199380976,25.35200573779678,,-2.9450803248361233,0,1,0,0,0,1,0,0
374_0.52_1.1.png,374,0.52,1.1,A<0.65,1.1<=beta<1.4,A<0.65 | 1.1<=beta<1.4,weak_official_q1,weak_cr_q1,content_k5_c1,residual_midhigh_q3,28.263100855430032,,residualcalib,28.204003314442822,-0.059097540987210095,0.0,1,0,0,28.036341490567143,,-0.2267593648628896,25.36093314606184,,-2.902167709368193,26.24647568838318,,-2.016625167046854,28.204003314442822,,-0.059097540987210095,26.240094147404566,0.9743001461029053,-2.0230067080254663,25.354862913450273,,-2.9082379419797597,0,1,0,0,0,1,0,0
375_0.88_0.76.png,375,0.88,0.76,0.85<=A<0.95,beta<0.8,0.85<=A<0.95 | beta<0.8,midlow_official_q2,weak_cr_q1,content_k5_c3,residual_midlow_q2,30.43722181751011,,warm,30.639353421606444,0.20213160409633346,0.20213160409633346,0,0,0,30.639353421606444,,0.20213160409633346,27.930670125395668,,-2.506551692114442,28.027233576069914,,-2.409988241440196,28.284750737535887,,-2.152471079974223,28.94809566121583,0.9754157662391663,-1.4891261562942795,27.924901660320934,,-2.5123201571891762,1,0,0,1,1,0,0,1
376_0.67_0.58.png,376,0.67,0.58,0.65<=A<0.75,beta<0.8,0.65<=A<0.75 | beta<0.8,midlow_official_q2,weak_cr_q1,content_k5_c0,residual_midlow_q2,30.300957585506133,,warm,30.116261762502837,-0.18469582300329535,0.0,1,0,0,30.116261762502837,,-0.18469582300329535,28.460585198437197,,-1.8403723870689355,29.13947533130916,,-1.1614822541969723,28.405212424617496,,-1.8957451608886373,28.622451893453192,0.9777421951293945,-1.6785056920529406,28.452677421384575,,-1.848280164121558,0,1,0,0,0,1,0,0
377_0.53_0.92.png,377,0.53,0.92,A<0.65,0.8<=beta<1.1,A<0.65 | 0.8<=beta<1.1,weak_official_q1,weak_cr_q1,content_k5_c0,residual_high_q4,28.988916299232237,,warm,28.638199848449393,-0.3507164507828442,0.0,1,0,0,28.638199848449393,,-0.3507164507828442,24.1427726171886,,-4.846143682043635,23.58844057420901,,-5.400475725023227,24.28815314504537,,-4.700763154186866,24.71737896363132,0.9701234698295593,-4.271537335600918,24.1388728165703,,-4.850043482661938,0,1,0,0,0,1,0,0
378_0.74_1.24.png,378,0.74,1.24,0.65<=A<0.75,1.1<=beta<1.4,0.65<=A<0.75 | 1.1<=beta<1.4,weak_official_q1,weak_cr_q1,content_k5_c0,residual_high_q4,24.453003293674787,,warm,24.340628791169646,-0.11237450250514058,0.0,1,0,0,24.340628791169646,,-0.11237450250514058,22.86079363448382,,-1.5922096591909671,22.674411024413097,,-1.77859226926169,23.606215387715782,,-0.8467879059590047,22.29472387560934,0.9662632942199707,-2.1582794180654474,22.858098079995102,,-1.5949052136796844,0,1,0,0,0,1,0,0
379_0.54_1.57.png,379,0.54,1.57,A<0.65,1.4<=beta<1.7,A<0.65 | 1.4<=beta<1.7,weak_official_q1,weak_cr_q1,content_k5_c1,residual_high_q4,29.50104468443769,,warm,29.538083928966984,0.03703924452929286,0.03703924452929286,1,0,0,29.538083928966984,,0.03703924452929286,23.260717474439545,,-6.240327209998146,23.930087036686647,,-5.570957647751044,24.003043102682806,,-5.498001581754885,24.643092525704958,0.9682149887084961,-4.857952158732733,23.25690614210474,,-6.244138542332951,0,1,0,0,0,1,0,0
37_0.76_1.34.png,37,0.76,1.34,0.75<=A<0.85,1.1<=beta<1.4,0.75<=A<0.85 | 1.1<=beta<1.4,midlow_official_q2,midlow_cr_q2,content_k5_c3,residual_midhigh_q3,33.7702649506631,,warm,33.23254470526445,-0.5377202453986456,0.0,1,0,0,33.23254470526445,,-0.5377202453986456,29.852924431680364,,-3.9173405189827335,30.714406403978476,,-3.0558585466846218,31.230893352220047,,-2.5393715984430507,29.40360243090187,0.9827560782432556,-4.366662519761228,29.850868746423153,,-3.919396204239945,0,1,0,0,0,1,0,0
380_0.53_1.36.png,380,0.53,1.36,A<0.65,1.1<=beta<1.4,A<0.65 | 1.1<=beta<1.4,weak_official_q1,weak_cr_q1,content_k5_c1,residual_high_q4,28.873397711203033,,warm,28.77933279148958,-0.09406491971345332,0.0,1,0,0,28.77933279148958,,-0.09406491971345332,23.469859194548107,,-5.403538516654926,23.427681750486858,,-5.445715960716175,23.79530353509842,,-5.078094176104614,24.43717871023813,0.967434823513031,-4.436219000964904,23.466142922231235,,-5.407254788971798,0,1,0,0,0,1,0,0
381_0.63_1.38.png,381,0.63,1.38,A<0.65,1.1<=beta<1.4,A<0.65 | 1.1<=beta<1.4,midlow_official_q2,midhigh_cr_q3,content_k5_c1,residual_midlow_q2,30.415790860264508,,residualcalib,33.74037980269284,3.324588942428335,3.324588942428335,0,0,0,30.383713700256166,,-0.03207716000834182,33.60208380332595,,3.1862929430614386,29.64448567114955,,-0.7713051891149583,33.74037980269284,,3.324588942428335,29.743744776799236,0.9919988512992859,-0.672046083465272,33.585137811613386,,3.169346951348878,1,0,0,1,1,0,0,1
382_0.53_1.12.png,382,0.53,1.12,A<0.65,1.1<=beta<1.4,A<0.65 | 1.1<=beta<1.4,weak_official_q1,midlow_cr_q2,content_k5_c0,residual_low_q1,29.464176993181795,,cold_cr,31.988051314883734,2.523874321701939,2.523874321701939,0,0,1,29.437823316701493,,-0.026353676480301402,31.988051314883734,,2.523874321701939,28.603016333539806,,-0.861160659641989,31.404661354752477,,1.9404843615706824,28.590729333182026,0.9919766783714294,-0.8734476599997691,31.972794612343762,,2.508617619161967,1,0,0,1,1,0,0,1
383_0.62_1.77.png,383,0.62,1.77,A<0.65,beta>=1.7,A<0.65 | beta>=1.7,weak_official_q1,midlow_cr_q2,content_k5_c1,residual_midlow_q2,28.82603920486584,,cold_cr,32.34823335361342,3.522194148747584,3.522194148747584,0,0,0,29.09767267435438,,0.27163346948854183,32.34823335361342,,3.522194148747584,28.881281004198,,0.05524179933216189,31.661552774570787,,2.835513569704947,29.324161790915674,0.9905654191970825,0.49812258604983484,32.332429287500375,,3.5063900826345353,1,0,0,1,1,0,0,1
384_0.97_0.82.png,384,0.97,0.82,A>=0.95,0.8<=beta<1.1,A>=0.95 | 0.8<=beta<1.1,midlow_official_q2,midhigh_cr_q3,content_k5_c0,residual_midlow_q2,34.17809897157119,,cold_cr,34.891731172598426,0.713632201027238,0.713632201027238,0,0,0,34.30002866749111,,0.12192969591992409,34.891731172598426,,0.713632201027238,31.65901667455074,,-2.5190822970204465,34.28079477518503,,0.10269580361384101,32.86492263831289,0.993503987789154,-1.3131763332582977,34.887537145787974,,0.7094381742167855,1,0,0,1,1,0,0,1
385_0.84_1.99.png,385,0.84,1.99,0.75<=A<0.85,beta>=1.7,0.75<=A<0.85 | beta>=1.7,weak_official_q1,weak_cr_q1,content_k5_c3,residual_high_q4,23.414380577238365,,lfv1,25.09700668800204,1.6826261107636746,1.6826261107636746,0,0,0,23.52112757591855,,0.10674699868018322,23.322184198177702,,-0.09219637906066325,25.09700668800204,,1.6826261107636746,24.706486080760666,,1.2921055035223006,24.537815745418136,0.9768711924552917,1.1234351681797712,23.31776673511694,,-0.09661384212142465,1,0,0,1,1,0,0,1
386_0.96_1.55.png,386,0.96,1.55,A>=0.95,1.4<=beta<1.7,A>=0.95 | 1.4<=beta<1.7,weak_official_q1,weak_cr_q1,content_k5_c3,residual_high_q4,24.094610388428297,,residualcalib,24.542993163626644,0.4483827751983469,0.4483827751983469,0,0,0,24.111852694019113,,0.017242305590816187,23.309174033469997,,-0.7854363549582999,24.49103617710517,,0.39642578867687206,24.542993163626644,,0.4483827751983469,24.47914411867319,0.9781103730201721,0.38453373024489323,23.306042958181223,,-0.788567430247074,1,0,0,1,1,0,0,1
387_0.66_1.81.png,387,0.66,1.81,0.65<=A<0.75,beta>=1.7,0.65<=A<0.75 | beta>=1.7,weak_official_q1,weak_cr_q1,content_k5_c3,residual_midhigh_q3,25.447749924940265,,lfv1,27.464064499087296,2.0163145741470316,2.0163145741470316,0,0,0,25.30187428225195,,-0.14587564268831343,25.161921085584247,,-0.285828839356018,27.464064499087296,,2.0163145741470316,26.973284210769428,,1.5255342858291634,25.114543483015893,0.9815616607666016,-0.33320644192437143,25.156014502150946,,-0.2917354227893192,1,0,0,1,1,0,0,1
388_0.55_0.83.png,388,0.55,0.83,A<0.65,0.8<=beta<1.1,A<0.65 | 0.8<=beta<1.1,weak_official_q1,midlow_cr_q2,content_k5_c0,residual_midlow_q2,27.058006392309167,,cold_cr,29.373427515291066,2.315421122981899,2.315421122981899,0,0,0,26.67870536105059,,-0.37930103125857784,29.373427515291066,,2.315421122981899,28.95206696252773,,1.8940605702185636,29.152348252642785,,2.0943418603336177,27.35520106722902,0.9901329278945923,0.2971946749198544,29.36328084321021,,2.3052744509010417,1,0,0,1,1,0,0,1
389_0.75_1.27.png,389,0.75,1.27,0.75<=A<0.85,1.1<=beta<1.4,0.75<=A<0.85 | 1.1<=beta<1.4,weak_official_q1,weak_cr_q1,content_k5_c3,residual_high_q4,20.64552682332316,,cold_cr,24.258030494610733,3.6125036712875733,3.6125036712875733,0,0,0,20.747503201345012,,0.10197637802185255,24.258030494610733,,3.6125036712875733,21.791349461629945,,1.145822638306786,21.045298433825295,,0.3997716105021354,22.74330127853701,0.9618388414382935,2.0977744552138518,24.25181928472449,,3.606292461401331,1,0,0,1,1,0,0,1
38_0.87_1.94.png,38,0.87,1.94,0.85<=A<0.95,beta>=1.7,0.85<=A<0.95 | beta>=1.7,midlow_official_q2,weak_cr_q1,content_k5_c3,residual_midhigh_q3,31.197482560833155,,warm,30.787607820372074,-0.4098747404610812,0.0,1,0,0,30.787607820372074,,-0.4098747404610812,28.01788205299563,,-3.179600507837524,28.312583876918367,,-2.8848986839147877,28.13978075604669,,-3.057701804786465,27.64241029114521,0.9719652533531189,-3.555072269687944,28.016703118897006,,-3.1807794419361493,0,1,0,0,0,1,0,0
390_0.55_1.07.png,390,0.55,1.07,A<0.65,0.8<=beta<1.1,A<0.65 | 0.8<=beta<1.1,weak_official_q1,weak_cr_q1,content_k5_c0,residual_high_q4,20.08666376936157,,cold_cr,26.893098581613593,6.8064348122520215,6.8064348122520215,0,0,0,20.164646023753786,,0.0779822543922144,26.893098581613593,,6.8064348122520215,21.948414768349842,,1.8617509989882706,18.886540764075935,,-1.2001230052856364,22.559471860652586,0.9618744254112244,2.4728080912910144,26.88623442646852,,6.799570657106948,1,0,0,1,1,0,0,1
391_0.87_1.8.png,391,0.87,1.8,0.85<=A<0.95,beta>=1.7,0.85<=A<0.95 | beta>=1.7,weak_official_q1,weak_cr_q1,content_k5_c3,residual_high_q4,20.911471594183713,,cold_cr,24.702864168899094,3.791392574715381,3.791392574715381,0,0,0,21.044150659607457,,0.1326790654237442,24.702864168899094,,3.791392574715381,22.456477164916727,,1.5450055707330144,22.819064310730163,,1.90759271654645,22.591705500204725,0.962676465511322,1.6802339060210123,24.69753716873506,,3.7860655745513476,1,0,0,1,1,0,0,1
392_0.97_1.81.png,392,0.97,1.81,A>=0.95,beta>=1.7,A>=0.95 | beta>=1.7,weak_official_q1,weak_cr_q1,content_k5_c3,residual_high_q4,24.273397321536745,,lfv1,25.32489956782987,1.0515022462931256,1.0515022462931256,0,0,0,24.164457126051246,,-0.10894019548549849,24.647355918578477,,0.3739585970417316,25.32489956782987,,1.0515022462931256,23.290718609063052,,-0.9826787124736924,24.091268433998415,0.9697927832603455,-0.18212888753832956,24.64658561673719,,0.37318829520044616,1,0,0,1,1,0,0,1
393_0.8_0.84.png,393,0.8,0.84,0.75<=A<0.85,0.8<=beta<1.1,0.75<=A<0.85 | 0.8<=beta<1.1,midlow_official_q2,midhigh_cr_q3,content_k5_c0,residual_low_q1,33.50160594849111,,residualcalib,33.57077071343671,0.06916476494559731,0.06916476494559731,0,0,1,33.296916974831674,,-0.2046889736594366,32.95374423293446,,-0.5478617155566496,33.159247288641026,,-0.34235865985008473,33.57077071343671,,0.06916476494559731,32.559087693692604,0.9884560108184814,-0.9425182547985074,32.96143381963268,,-0.5401721288584298,0,0,1,-1,0,0,1,-1
394_0.79_0.57.png,394,0.79,0.57,0.75<=A<0.85,beta<0.8,0.75<=A<0.85 | beta<0.8,midhigh_official_q3,midhigh_cr_q3,content_k5_c0,residual_low_q1,36.14828576975951,,warm,35.893899673875936,-0.2543860958835751,0.0,1,0,1,35.893899673875936,,-0.2543860958835751,34.89082913252395,,-1.2574566372355633,35.03635148982386,,-1.111934279935653,34.808087083023224,,-1.3401986867362865,34.06454460810938,0.9915013313293457,-2.0837411616501313,34.899442798888224,,-1.2488429708712872,0,1,0,0,0,1,0,0
395_0.95_1.58.png,395,0.95,1.58,A>=0.95,1.4<=beta<1.7,A>=0.95 | 1.4<=beta<1.7,midlow_official_q2,midlow_cr_q2,content_k5_c3,residual_midhigh_q3,31.27368450217113,,warm,31.246986798705628,-0.026697703465501377,0.0,1,0,0,31.246986798705628,,-0.026697703465501377,30.044107316302902,,-1.2295771858682265,30.056451192065055,,-1.2172333101060744,30.60115112978458,,-0.6725333723865496,28.453859748720035,0.9728792905807495,-2.819824753451094,30.047445304009592,,-1.2262391981615366,0,1,0,0,0,1,0,0
396_0.76_1.73.png,396,0.76,1.73,0.75<=A<0.85,beta>=1.7,0.75<=A<0.85 | beta>=1.7,midlow_official_q2,midlow_cr_q2,content_k5_c3,residual_high_q4,30.485397513246735,,warm,30.87784042816451,0.39244291491777616,0.39244291491777616,0,0,0,30.87784042816451,,0.39244291491777616,29.557009397179943,,-0.9283881160667917,30.155751193854265,,-0.32964631939247013,30.775266983136422,,0.28986946988968754,30.096895804568028,0.9769629240036011,-0.3885017086787066,29.56224972750948,,-0.9231477857372532,1,0,0,1,1,0,0,1
397_0.61_1.53.png,397,0.61,1.53,A<0.65,1.4<=beta<1.7,A<0.65 | 1.4<=beta<1.7,weak_official_q1,midlow_cr_q2,content_k5_c3,residual_high_q4,30.016411728495473,,cold_cr,30.17535776757086,0.15894603907538496,0.15894603907538496,0,0,0,29.93772201634244,,-0.07868971215303233,30.17535776757086,,0.15894603907538496,27.6360555865954,,-2.380356141900073,26.789733714706145,,-3.2266780137893285,28.55172484885873,0.9832169413566589,-1.4646868796367443,30.1708161081844,,0.15440437968892695,1,0,0,1,0,0,1,-1
398_0.78_1.13.png,398,0.78,1.13,0.75<=A<0.85,1.1<=beta<1.4,0.75<=A<0.85 | 1.1<=beta<1.4,midlow_official_q2,midlow_cr_q2,content_k5_c3,residual_high_q4,33.9443877302038,,warm,33.406552945349965,-0.5378347848538354,0.0,1,0,0,33.406552945349965,,-0.5378347848538354,29.74382294258327,,-4.200564787620529,29.556680688286036,,-4.387707041917764,28.056192835983968,,-5.888194894219833,31.981762979540417,0.9818853735923767,-1.9626247506633838,29.748016406073354,,-4.196371324130446,0,1,0,0,0,1,0,0
399_0.98_1.03.png,399,0.98,1.03,A>=0.95,0.8<=beta<1.1,A>=0.95 | 0.8<=beta<1.1,midlow_official_q2,midlow_cr_q2,content_k5_c3,residual_high_q4,32.945207497307955,,warm,32.8549913808296,-0.09021611647835215,0.0,1,0,0,32.8549913808296,,-0.09021611647835215,29.188202517601386,,-3.7570049797065685,29.284768845146118,,-3.6604386521618366,28.060680251292705,,-4.884527246015249,29.474120314029015,0.9734631776809692,-3.4710871832789394,29.18337009728055,,-3.761837400027403,0,1,0,0,0,1,0,0
39_0.78_1.14.png,39,0.78,1.14,0.75<=A<0.85,1.1<=beta<1.4,0.75<=A<0.85 | 1.1<=beta<1.4,midlow_official_q2,midlow_cr_q2,content_k5_c0,residual_midhigh_q3,33.98918417350683,,warm,33.521659051230515,-0.4675251222763137,0.0,1,0,0,33.521659051230515,,-0.4675251222763137,29.641941495995567,,-4.347242677511261,30.693505829745995,,-3.2956783437608337,31.25606281168502,,-2.7331213618218086,29.295704984282523,0.9833801984786987,-4.6934791892243055,29.642152871679386,,-4.3470313018274425,0,1,0,0,0,1,0,0
3_0.5_0.82.png,3,0.5,0.82,A<0.65,0.8<=beta<1.1,A<0.65 | 0.8<=beta<1.1,midhigh_official_q3,midhigh_cr_q3,content_k5_c0,residual_low_q1,34.45672283751454,,warm,35.07193957573621,0.6152167382216689,0.6152167382216689,0,0,1,35.07193957573621,,0.6152167382216689,33.26434850242667,,-1.1923743350878695,34.85558690202731,,0.3988640645127717,33.16393425783956,,-1.2927885796749834,34.32306385548414,0.9929213523864746,-0.13365898203039706,33.270726998786316,,-1.1859958387282248,1,0,0,1,1,0,0,1
400_0.77_1.32.png,400,0.77,1.32,0.75<=A<0.85,1.1<=beta<1.4,0.75<=A<0.85 | 1.1<=beta<1.4,midlow_official_q2,midlow_cr_q2,content_k5_c3,residual_high_q4,32.40895293024032,,warm,31.75317195000478,-0.6557809802355372,0.0,1,0,0,31.75317195000478,,-0.6557809802355372,29.61356456355839,,-2.7953883666819266,28.888604366123968,,-3.5203485641163503,27.507611948414016,,-4.901340981826301,31.27988930587391,0.9804428219795227,-1.1290636243664096,29.616849852058984,,-2.7921030781813343,0,1,0,0,0,1,0,0
401_0.7_0.6.png,401,0.7,0.6,0.65<=A<0.75,beta<0.8,0.65<=A<0.75 | beta<0.8,midhigh_official_q3,midlow_cr_q2,content_k5_c0,residual_midhigh_q3,37.52190736426429,,residualcalib,39.433027736506816,1.9111203722425287,1.9111203722425287,0,0,0,36.92559124742985,,-0.5963161168344371,29.794859326315013,,-7.727048037949274,33.96720397604064,,-3.5547033882236434,39.433027736506816,,1.9111203722425287,34.34075378971981,0.9807098507881165,-3.1811535745444743,29.790309185319195,,-7.731598178945092,1,0,0,1,1,0,0,1
402_0.5_1.99.png,402,0.5,1.99,A<0.65,beta>=1.7,A<0.65 | beta>=1.7,weak_official_q1,weak_cr_q1,content_k5_c1,residual_high_q4,22.412961393474422,,residualcalib,27.384859246567718,4.971897853093296,4.971897853093296,0,0,0,23.042758690205307,,0.6297972967308851,17.640655197990704,,-4.7723061954837185,23.23344127966202,,0.8204798861875986,27.384859246567718,,4.971897853093296,19.018942403397368,0.9378892779350281,-3.394018990077054,17.63930734318755,,-4.773654050286872,1,0,0,1,1,0,0,1
403_0.91_0.7.png,403,0.91,0.7,0.85<=A<0.95,beta<0.8,0.85<=A<0.95 | beta<0.8,midlow_official_q2,midlow_cr_q2,content_k5_c0,residual_midhigh_q3,34.26344709616107,,residualcalib,37.130588284668164,2.867141188507091,2.867141188507091,0,0,0,33.765293351484054,,-0.498153744677019,29.547204489329346,,-4.716242606831727,34.142602465709146,,-0.12084463045192706,37.130588284668164,,2.867141188507091,33.16808597445059,0.9749749898910522,-1.0953611217104822,29.542688912780758,,-4.720758183380315,1,0,0,1,1,0,0,1
404_0.71_1.78.png,404,0.71,1.78,0.65<=A<0.75,beta>=1.7,0.65<=A<0.75 | beta>=1.7,midhigh_official_q3,weak_cr_q1,content_k5_c3,residual_high_q4,35.099789059631284,,warm,35.46986350655161,0.3700744469203272,0.3700744469203272,0,0,0,35.46986350655161,,0.3700744469203272,27.346183113343677,,-7.753605946287607,31.554318992850593,,-3.545470066780691,31.82975221753667,,-3.2700368420946155,31.042021636966073,0.9580432772636414,-4.057767422665211,27.339937459653378,,-7.759851599977907,1,0,0,1,1,0,0,1
405_0.73_1.88.png,405,0.73,1.88,0.65<=A<0.75,beta>=1.7,0.65<=A<0.75 | beta>=1.7,midlow_official_q2,midhigh_cr_q3,content_k5_c3,residual_high_q4,33.238156196299926,,lfv1,32.95052310034455,-0.28763309595537834,0.0,1,0,0,32.67050796189415,,-0.5676482344057732,32.46382515737271,,-0.7743310389272153,32.95052310034455,,-0.28763309595537834,30.94313782468834,,-2.2950183716115866,29.097156411134062,0.9875466823577881,-4.140999785165864,32.462201831363345,,-0.775954364936581,0,1,0,0,0,1,0,0
406_0.86_1.52.png,406,0.86,1.52,0.85<=A<0.95,1.4<=beta<1.7,0.85<=A<0.95 | 1.4<=beta<1.7,midlow_official_q2,midhigh_cr_q3,content_k5_c3,residual_midlow_q2,32.417976916213654,,cold_cr,32.84451677184876,0.4265398556351059,0.4265398556351059,0,0,0,32.03644517166356,,-0.3815317445500952,32.84451677184876,,0.4265398556351059,31.26554315320075,,-1.1524337630129047,30.458226672412895,,-1.9597502438007588,30.056989035367078,0.988715648651123,-2.360987880846576,32.842646008130814,,0.42466909191715985,1,0,0,1,1,0,0,1
407_0.68_1.96.png,407,0.68,1.96,0.65<=A<0.75,beta>=1.7,0.65<=A<0.75 | beta>=1.7,midlow_official_q2,midhigh_cr_q3,content_k5_c1,residual_midhigh_q3,34.00111493250454,,warm,33.4243163189805,-0.5767986135240406,0.0,1,0,0,33.4243163189805,,-0.5767986135240406,32.78349151308603,,-1.2176234194185156,32.91423353744269,,-1.0868813950618517,31.62909790140604,,-2.372017031098501,29.534617381723685,0.9878728985786438,-4.466497550780858,32.78279193506813,,-1.2183229974364096,0,1,0,0,0,1,0,0
408_0.56_1.7.png,408,0.56,1.7,A<0.65,beta>=1.7,A<0.65 | beta>=1.7,midhigh_official_q3,midhigh_cr_q3,content_k5_c1,residual_midlow_q2,36.247148544446624,,warm,35.98703601651758,-0.2601125279290457,0.0,1,0,0,35.98703601651758,,-0.2601125279290457,34.13509042613635,,-2.112058118310273,34.69867543389977,,-1.5484731105468512,35.32137161500859,,-0.9257769294380367,33.933318756357,0.9914956092834473,-2.3138297880896275,34.13151598737104,,-2.1156325570755854,0,1,0,0,0,1,0,0
409_0.54_1.68.png,409,0.54,1.68,A<0.65,1.4<=beta<1.7,A<0.65 | 1.4<=beta<1.7,weak_official_q1,weak_cr_q1,content_k5_c1,residual_midhigh_q3,24.844405261801207,,lfv1,26.840989424885663,1.9965841630844565,1.9965841630844565,0,0,0,24.509180002799464,,-0.33522525900174216,24.083638214438427,,-0.7607670473627799,26.840989424885663,,1.9965841630844565,23.15608935636893,,-1.688315905432276,26.05954848879196,0.9827893376350403,1.2151432269907545,24.091604874360307,,-0.7528003874408995,1,0,0,1,1,0,0,1
40_0.96_1.08.png,40,0.96,1.08,A>=0.95,0.8<=beta<1.1,A>=0.95 | 0.8<=beta<1.1,midlow_official_q2,weak_cr_q1,content_k5_c3,residual_midhigh_q3,31.51425689390412,,warm,31.000309080402136,-0.5139478135019822,0.0,1,0,0,31.000309080402136,,-0.5139478135019822,27.59734180881017,,-3.9169150850939474,28.67651667097234,,-2.837740222931778,28.89677455091555,,-2.61748234298857,27.35267438289948,0.9760547876358032,-4.161582511004639,27.59749707527167,,-3.9167598186324497,0,1,0,0,0,1,0,0
410_0.98_1.98.png,410,0.98,1.98,A>=0.95,beta>=1.7,A>=0.95 | beta>=1.7,weak_official_q1,weak_cr_q1,content_k5_c3,residual_high_q4,24.549060367027145,,lfv1,25.062999888170502,0.5139395211433566,0.5139395211433566,0,0,0,24.330587647272072,,-0.21847271975507354,21.908658605217035,,-2.6404017618101108,25.062999888170502,,0.5139395211433566,20.190454305586112,,-4.358606061441034,23.05753825430425,0.9771256446838379,-1.491522112722894,21.914843315098658,,-2.6342170519284878,1,0,0,1,1,0,0,1
411_0.76_1.73.png,411,0.76,1.73,0.75<=A<0.85,beta>=1.7,0.75<=A<0.85 | beta>=1.7,weak_official_q1,weak_cr_q1,content_k5_c3,residual_high_q4,27.355645746428117,,lfv1,29.529275984838826,2.173630238410709,2.173630238410709,0,0,0,26.77393037660299,,-0.5817153698251261,24.199411787764365,,-3.1562339586637513,29.529275984838826,,2.173630238410709,22.049208170191463,,-5.306437576236654,25.77618270598743,0.9845829606056213,-1.579463040440686,24.207604271425947,,-3.14804147500217,1,0,0,1,1,0,0,1
412_0.52_0.64.png,412,0.52,0.64,A<0.65,beta<0.8,A<0.65 | beta<0.8,midlow_official_q2,midlow_cr_q2,content_k5_c1,residual_midhigh_q3,30.15208546605834,,lfv1,36.52295291031224,6.3708674442539,6.3708674442539,0,0,0,30.417600315187077,,0.2655148491287349,30.37388801719656,,0.221802551138218,36.52295291031224,,6.3708674442539,27.54209259731067,,-2.6099928687476712,34.6440083984567,0.9953823685646057,4.4919229323983565,30.38870981121713,,0.23662434515878772,1,0,0,1,1,0,0,1
413_0.65_1.48.png,413,0.65,1.48,0.65<=A<0.75,1.4<=beta<1.7,0.65<=A<0.75 | 1.4<=beta<1.7,weak_official_q1,midlow_cr_q2,content_k5_c1,residual_high_q4,27.807661571355567,,lfv1,33.46795667391226,5.660295102556695,5.660295102556695,0,0,0,27.153496767590447,,-0.65416480376512,29.001840099864054,,1.1941785285084876,33.46795667391226,,5.660295102556695,30.254146374664085,,2.4464848033085183,29.38334439576976,0.9874654412269592,1.5756828244141943,28.999567474908684,,1.191905903553117,1,0,0,1,1,0,0,1
414_0.58_1.54.png,414,0.58,1.54,A<0.65,1.4<=beta<1.7,A<0.65 | 1.4<=beta<1.7,weak_official_q1,midlow_cr_q2,content_k5_c1,residual_high_q4,26.989014823033553,,lfv1,34.19698539859799,7.207970575564435,7.207970575564435,0,0,0,26.203963704788755,,-0.7850511182447981,29.908911348875556,,2.9198965258420024,34.19698539859799,,7.207970575564435,29.92970887232007,,2.940694049286517,28.56148483568291,0.9868996143341064,1.572470012649358,29.902902619598876,,2.913887796565323,1,0,0,1,1,0,0,1
415_0.56_1.96.png,415,0.56,1.96,A<0.65,beta>=1.7,A<0.65 | beta>=1.7,weak_official_q1,weak_cr_q1,content_k5_c1,residual_high_q4,28.113139030443314,,lfv1,33.147363836243066,5.034224805799752,5.034224805799752,0,0,0,27.556543845290427,,-0.5565951851528865,28.527428517448005,,0.4142894870046909,33.147363836243066,,5.034224805799752,28.38158440952717,,0.26844537908385746,28.914727793189474,0.9854475259780884,0.8015887627461602,28.52215486843886,,0.40901583799554686,1,0,0,1,1,0,0,1
416_0.95_0.59.png,416,0.95,0.59,A>=0.95,beta<0.8,A>=0.95 | beta<0.8,midlow_official_q2,midlow_cr_q2,content_k5_c0,residual_low_q1,30.080151725619054,,crplus,32.33686792477518,2.2567161991561235,2.2567161991561235,0,0,1,29.473677337589237,,-0.6064743880298167,29.575567874832185,,-0.5045838507868687,31.859587471316473,,1.7794357456974197,30.511889781703903,,0.43173805608484983,32.33686792477518,0.9917169213294983,2.2567161991561235,29.579522052705734,,-0.5006296729133197,1,0,0,1,1,0,0,1
417_0.88_1.82.png,417,0.88,1.82,0.85<=A<0.95,beta>=1.7,0.85<=A<0.95 | beta>=1.7,midlow_official_q2,midlow_cr_q2,content_k5_c3,residual_midlow_q2,32.32673412416057,,warm,32.25232657525742,-0.07440754890315304,0.0,1,0,0,32.25232657525742,,-0.07440754890315304,30.327747976436047,,-1.9989861477245263,30.42030296254946,,-1.9064311616111134,30.535290721593114,,-1.7914434025674595,31.60210833018828,0.9849604964256287,-0.7246257939722938,30.33620133421417,,-1.9905327899464034,0,1,0,0,0,1,0,0
418_0.98_0.77.png,418,0.98,0.77,A>=0.95,beta<0.8,A>=0.95 | beta<0.8,midlow_official_q2,weak_cr_q1,content_k5_c0,residual_low_q1,30.897869821776233,,residualcalib,31.95414923719548,1.0562794154192474,1.0562794154192474,0,0,1,31.116221722298473,,0.21835190052224007,28.151074366169237,,-2.7467954556069962,28.99422719135754,,-1.9036426304186946,31.95414923719548,,1.0562794154192474,30.752318989716937,0.9917561411857605,-0.1455508320592962,28.166141442199088,,-2.731728379577145,1,0,0,1,1,0,0,1
419_0.87_0.61.png,419,0.87,0.61,0.85<=A<0.95,beta<0.8,0.85<=A<0.95 | beta<0.8,midhigh_official_q3,midlow_cr_q2,content_k5_c0,residual_low_q1,35.399617321200736,,warm,35.83857940622144,0.4389620850207052,0.4389620850207052,0,0,1,35.83857940622144,,0.4389620850207052,31.49334449300754,,-3.9062728281931953,33.154259625678634,,-2.2453576955221024,35.33441852096171,,-0.06519880023902402,34.30549371336875,0.9931132793426514,-1.094123607831989,31.51101340563637,,-3.8886039155643672,1,0,0,1,1,0,0,1
41_0.76_1.73.png,41,0.76,1.73,0.75<=A<0.85,beta>=1.7,0.75<=A<0.85 | beta>=1.7,weak_official_q1,weak_cr_q1,content_k5_c3,residual_midhigh_q3,29.835985172220028,,warm,29.504685256934394,-0.3312999152856335,0.0,1,0,0,29.504685256934394,,-0.3312999152856335,27.926957362032525,,-1.909027810187503,27.124245682449356,,-2.7117394897706717,28.21830302606617,,-1.6176821461538573,26.307510635595442,0.971672534942627,-3.5284745366245858,27.930046350137097,,-1.9059388220829305,0,1,0,0,0,1,0,0
420_0.62_1.38.png,420,0.62,1.38,A<0.65,1.1<=beta<1.4,A<0.65 | 1.1<=beta<1.4,midlow_official_q2,midlow_cr_q2,content_k5_c1,residual_high_q4,31.737602475842564,,warm,31.642367111680507,-0.09523536416205758,0.0,1,0,0,31.642367111680507,,-0.09523536416205758,30.65244261428189,,-1.0851598615606726,30.76467518780116,,-0.9729272880414044,28.16717400928397,,-3.570428466558596,28.696499669126375,0.9882895350456238,-3.0411028067161894,30.65136901448577,,-1.0862334613567945,0,1,0,0,0,1,0,0
421_0.58_1.77.png,421,0.58,1.77,A<0.65,beta>=1.7,A<0.65 | beta>=1.7,midlow_official_q2,weak_cr_q1,content_k5_c1,residual_high_q4,32.124485960295246,,warm,31.773418076329058,-0.3510678839661878,0.0,1,0,0,31.773418076329058,,-0.3510678839661878,25.184212988229262,,-6.9402729720659835,26.635980060771963,,-5.4885058995232825,27.493410344594956,,-4.63107561570029,26.9653801394305,0.9860996007919312,-5.159105820864745,25.193560594849977,,-6.930925365445269,0,1,0,0,0,1,0,0
422_0.65_0.92.png,422,0.65,0.92,0.65<=A<0.75,0.8<=beta<1.1,0.65<=A<0.75 | 0.8<=beta<1.1,midhigh_official_q3,weak_cr_q1,content_k5_c0,residual_high_q4,34.68281964009385,,residualcalib,34.62167816214688,-0.06114147794696834,0.0,1,0,0,34.57311084074404,,-0.1097087993498036,28.03577697295211,,-6.647042667141736,31.666021320547912,,-3.0167983195459342,34.62167816214688,,-0.06114147794696834,32.72789020675062,0.9943628907203674,-1.9549294333432243,28.04957413041911,,-6.633245509674737,0,1,0,0,0,1,0,0
423_0.81_1.79.png,423,0.81,1.79,0.75<=A<0.85,beta>=1.7,0.75<=A<0.85 | beta>=1.7,midlow_official_q2,midlow_cr_q2,content_k5_c3,residual_high_q4,31.89618042801206,,crplus,33.06141320890297,1.1652327808909106,1.1652327808909106,0,0,0,32.522410631300986,,0.6262302032889266,29.42045750695285,,-2.4757229210592087,30.758671210484934,,-1.1375092175271249,31.715167503140034,,-0.18101292487202514,33.06141320890297,0.9863906502723694,1.1652327808909106,29.43084346784806,,-2.4653369601639987,1,0,0,1,1,0,0,1
424_0.81_1.5.png,424,0.81,1.5,0.75<=A<0.85,1.4<=beta<1.7,0.75<=A<0.85 | 1.4<=beta<1.7,midlow_official_q2,midlow_cr_q2,content_k5_c3,residual_high_q4,33.85870989596465,,residualcalib,34.83525387315168,0.9765439771870277,0.9765439771870277,0,0,0,34.299778625950125,,0.4410687299854743,30.397739316987217,,-3.4609705789774345,32.684484513413786,,-1.1742253825508655,34.83525387315168,,0.9765439771870277,34.231445970113,0.9897579550743103,0.3727360741483494,30.409354390840786,,-3.449355505123865,1,0,0,1,1,0,0,1
425_0.95_1.73.png,425,0.95,1.73,A>=0.95,beta>=1.7,A>=0.95 | beta>=1.7,weak_official_q1,weak_cr_q1,content_k5_c3,residual_high_q4,25.70562839367001,,warm,25.604167208214527,-0.10146118545548433,0.0,1,0,0,25.604167208214527,,-0.10146118545548433,25.169878874819695,,-0.5357495188503165,25.01806725172592,,-0.6875611419440908,24.394826253502714,,-1.3108021401672971,24.943151369152336,0.9622743725776672,-0.7624770245176755,25.167952705254773,,-0.5376756884152378,0,1,0,0,0,1,0,0
426_0.84_1.85.png,426,0.84,1.85,0.75<=A<0.85,beta>=1.7,0.75<=A<0.85 | beta>=1.7,weak_official_q1,weak_cr_q1,content_k5_c3,residual_high_q4,27.35796090375318,,warm,27.41960615388885,0.061645250135669016,0.061645250135669016,0,0,0,27.41960615388885,,0.061645250135669016,26.431303798994534,,-0.9266571047586467,27.13329441268524,,-0.2246664910679428,25.608614231215796,,-1.749346672537385,26.255193550127196,0.9665738940238953,-1.1027673536259854,26.427061418510796,,-0.9308994852423851,0,0,1,-1,0,0,1,-1
427_0.69_0.58.png,427,0.69,0.58,0.65<=A<0.75,beta<0.8,0.65<=A<0.75 | beta<0.8,weak_official_q1,midlow_cr_q2,content_k5_c0,residual_midlow_q2,29.673187016308475,,warm,30.16490045213778,0.49171343582930405,0.49171343582930405,0,0,0,30.16490045213778,,0.49171343582930405,29.95609548629439,,0.2829084699859159,29.7219524040824,,0.04876538777392625,29.5537448692956,,-0.11944214701287592,29.7354543276623,0.9855886697769165,0.062267311353824795,29.947201706774365,,0.27401469046589,1,0,0,1,1,0,0,1
428_0.92_0.82.png,428,0.92,0.82,0.85<=A<0.95,0.8<=beta<1.1,0.85<=A<0.95 | 0.8<=beta<1.1,weak_official_q1,midlow_cr_q2,content_k5_c0,residual_midhigh_q3,30.066115370132493,,warm,30.354709044877282,0.2885936747447886,0.2885936747447886,0,0,0,30.354709044877282,,0.2885936747447886,29.52300017442946,,-0.5431151957030345,29.908071259627384,,-0.15804411050510936,29.27366555796027,,-0.7924498121722223,29.509623436564738,0.9827720522880554,-0.5564919335677558,29.51963526424379,,-0.5464801058887048,1,0,0,1,1,0,0,1
429_0.52_1.11.png,429,0.52,1.11,A<0.65,1.1<=beta<1.4,A<0.65 | 1.1<=beta<1.4,weak_official_q1,midlow_cr_q2,content_k5_c0,residual_high_q4,22.45015453358465,,cold_cr,28.99008734387217,6.539932810287517,6.539932810287517,0,0,0,22.348253322167757,,-0.10190121141689445,28.99008734387217,,6.539932810287517,25.4471923538005,,2.997037820215848,24.020897763155908,,1.5707432295712564,27.926081962608812,0.9812228679656982,5.475927429024161,28.975725320511636,,6.525570786926984,1,0,0,1,1,0,0,1
42_0.58_1.34.png,42,0.58,1.34,A<0.65,1.1<=beta<1.4,A<0.65 | 1.1<=beta<1.4,midlow_official_q2,midhigh_cr_q3,content_k5_c3,residual_low_q1,32.63081699631214,,cold_cr,32.87116307698874,0.24034608067660201,0.24034608067660201,0,0,1,32.19212200022053,,-0.43869499609161267,32.87116307698874,,0.24034608067660201,32.173479436959276,,-0.45733755935286524,31.882370487887243,,-0.7484465084248981,30.090496022235833,0.983064591884613,-2.540320974076309,32.871057315092344,,0.24024031878020224,1,0,0,1,1,0,0,1
430_0.66_1.24.png,430,0.66,1.24,0.65<=A<0.75,1.1<=beta<1.4,0.65<=A<0.75 | 1.1<=beta<1.4,weak_official_q1,weak_cr_q1,content_k5_c0,residual_high_q4,25.275759638287468,,lfv1,29.23280567110708,3.957046032819612,3.957046032819612,0,0,0,24.842937633660448,,-0.43282200462702036,25.977548935888123,,0.701789297600655,29.23280567110708,,3.957046032819612,25.50433098750919,,0.2285713492217205,26.917125639397156,0.9852657914161682,1.641366001109688,25.970931265310966,,0.6951716270234982,1,0,0,1,1,0,0,1
431_0.86_1.86.png,431,0.86,1.86,0.85<=A<0.95,beta>=1.7,0.85<=A<0.95 | beta>=1.7,weak_official_q1,weak_cr_q1,content_k5_c3,residual_high_q4,22.28609129702031,,cold_cr,23.445054788792913,1.158963491772603,1.158963491772603,0,0,0,21.743717134602033,,-0.5423741624182767,23.445054788792913,,1.158963491772603,23.020691941355214,,0.734600644334904,20.362842258932602,,-1.9232490380877074,21.870728515819966,0.9719262719154358,-0.41536278120034353,23.44412859180349,,1.1580372947831812,1,0,0,1,1,0,0,1
432_0.67_1.68.png,432,0.67,1.68,0.65<=A<0.75,1.4<=beta<1.7,0.65<=A<0.75 | 1.4<=beta<1.7,weak_official_q1,weak_cr_q1,content_k5_c0,residual_midlow_q2,26.150337123505754,,lfv1,26.709700004229475,0.5593628807237216,0.5593628807237216,0,0,0,25.75277405051098,,-0.39756307299477456,25.369896352795838,,-0.7804407707099159,26.709700004229475,,0.5593628807237216,25.856007917421135,,-0.294329206084619,25.379059881979956,0.9792852997779846,-0.771277241525798,25.364620676715568,,-0.785716446790186,1,0,0,1,1,0,0,1
433_0.95_1.27.png,433,0.95,1.27,A>=0.95,1.1<=beta<1.4,A>=0.95 | 1.1<=beta<1.4,weak_official_q1,weak_cr_q1,content_k5_c4,residual_high_q4,25.655807543755543,,cold_cr,27.048660715908106,1.392853172152563,1.392853172152563,0,0,0,25.576014756884927,,-0.07979278687061608,27.048660715908106,,1.392853172152563,25.393593816340598,,-0.2622137274149452,26.979927259514703,,1.32411971575916,25.504048357580075,0.9444574117660522,-0.15175918617546813,27.046781287124553,,1.3909737433690097,1,0,0,1,1,0,0,1
434_0.56_1.76.png,434,0.56,1.76,A<0.65,beta>=1.7,A<0.65 | beta>=1.7,weak_official_q1,weak_cr_q1,content_k5_c1,residual_midhigh_q3,25.691406421198334,,residualcalib,26.76144794416269,1.070041522964356,1.070041522964356,0,0,0,25.7841819923495,,0.09277557115116508,23.678129960246554,,-2.0132764609517793,25.86570454446673,,0.17429812326839667,26.76144794416269,,1.070041522964356,23.669716824002897,0.9491055011749268,-2.0216895971954365,23.674251474424608,,-2.0171549467737258,1,0,0,1,1,0,0,1
435_0.52_0.95.png,435,0.52,0.95,A<0.65,0.8<=beta<1.1,A<0.65 | 0.8<=beta<1.1,midlow_official_q2,weak_cr_q1,content_k5_c2,residual_high_q4,32.88178959851962,,warm,32.899686269751534,0.017896671231916628,0.017896671231916628,1,0,0,32.899686269751534,,0.017896671231916628,28.343890048916997,,-4.537899549602621,29.925753314540614,,-2.956036283979003,31.621151826379766,,-1.2606377721398516,28.42130762119952,0.9800754189491272,-4.4604819773200965,28.337307950184645,,-4.544481648334973,0,1,0,0,0,1,0,0
436_0.98_1.16.png,436,0.98,1.16,A>=0.95,1.1<=beta<1.4,A>=0.95 | 1.1<=beta<1.4,weak_official_q1,weak_cr_q1,content_k5_c0,residual_high_q4,25.79083779079522,,residualcalib,27.32106540390364,1.5302276131084191,1.5302276131084191,0,0,0,25.631763993796383,,-0.15907379699883606,27.035679137223717,,1.2448413464284975,25.458976469645425,,-0.3318613211497947,27.32106540390364,,1.5302276131084191,25.70234451921387,0.9476213455200195,-0.08849327158134912,27.034844298331045,,1.2440065075358255,1,0,0,1,1,0,0,1
437_0.96_1.74.png,437,0.96,1.74,A>=0.95,beta>=1.7,A>=0.95 | beta>=1.7,midlow_official_q2,midlow_cr_q2,content_k5_c3,residual_high_q4,32.18385621143535,,warm,32.776920499458264,0.5930642880229158,0.5930642880229158,0,0,0,32.776920499458264,,0.5930642880229158,30.87022639922399,,-1.3136298122113566,30.066040936318657,,-2.1178152751166905,30.733128735523756,,-1.4507274759115916,31.527612670259415,0.9848922491073608,-0.6562435411759324,30.866254808064063,,-1.3176014033712846,1,0,0,1,1,0,0,1
438_0.56_1.19.png,438,0.56,1.19,A<0.65,1.1<=beta<1.4,A<0.65 | 1.1<=beta<1.4,midlow_official_q2,midlow_cr_q2,content_k5_c3,residual_midlow_q2,31.933140750177582,,lfv1,32.01609447827691,0.08295372809932999,0.08295372809932999,0,0,0,31.845250989144734,,-0.08788976103284796,30.658186988071243,,-1.274953762106339,32.01609447827691,,0.08295372809932999,30.569232000219987,,-1.363908749957595,31.46332542119504,0.9814203381538391,-0.4698153289825413,30.658784467496517,,-1.2743562826810653,0,0,1,-1,0,0,1,-1
439_0.82_1.6.png,439,0.82,1.6,0.75<=A<0.85,1.4<=beta<1.7,0.75<=A<0.85 | 1.4<=beta<1.7,weak_official_q1,midlow_cr_q2,content_k5_c3,residual_high_q4,29.167295327959035,,crplus,32.10583117597071,2.9385358480116714,2.9385358480116714,0,0,0,29.43179174200474,,0.26449641404570556,30.308055839656014,,1.1407605116969783,30.121645074167258,,0.9543497462082229,31.01001824120715,,1.8427229132481138,32.10583117597071,0.9870617389678955,2.9385358480116714,30.303407230104078,,1.1361119021450428,1,0,0,1,1,0,0,1
43_0.96_1.8.png,43,0.96,1.8,A>=0.95,beta>=1.7,A>=0.95 | beta>=1.7,weak_official_q1,weak_cr_q1,content_k5_c3,residual_high_q4,27.6827198357015,,warm,27.415444580312837,-0.2672752553886646,0.0,1,0,0,27.415444580312837,,-0.2672752553886646,25.223212029952663,,-2.4595078057488386,24.924219339948547,,-2.758500495752955,25.79476022106445,,-1.887959614637051,24.10196348413029,0.9558782577514648,-3.5807563515712104,25.22592202884684,,-2.456797806854663,0,1,0,0,0,1,0,0
440_0.86_1.63.png,440,0.86,1.63,0.85<=A<0.95,1.4<=beta<1.7,0.85<=A<0.95 | 1.4<=beta<1.7,weak_official_q1,midlow_cr_q2,content_k5_c3,residual_high_q4,29.694238294877692,,crplus,32.00601054790703,2.311772253029339,2.311772253029339,0,0,0,30.016714208736843,,0.32247591385915086,30.752615997720547,,1.0583777028428543,30.035839569555733,,0.341601274678041,30.98463048480539,,1.2903921899276973,32.00601054790703,0.9869552254676819,2.311772253029339,30.747701745703296,,1.0534634508256033,1,0,0,1,1,0,0,1
441_0.7_1.99.png,441,0.7,1.99,0.65<=A<0.75,beta>=1.7,0.65<=A<0.75 | beta>=1.7,weak_official_q1,weak_cr_q1,content_k5_c3,residual_high_q4,19.51034570010421,,warm,19.499324297746263,-0.011021402357947352,0.0,1,0,0,19.499324297746263,,-0.011021402357947352,16.565679865417998,,-2.9446658346862122,16.859648905008623,,-2.6506967950955875,16.601794713091593,,-2.9085509870126174,17.22368963416672,0.9159179329872131,-2.286656065937489,16.563234432593404,,-2.947111267510806,0,1,0,0,0,1,0,0
442_0.69_0.5.png,442,0.69,0.5,0.65<=A<0.75,beta<0.8,0.65<=A<0.75 | beta<0.8,weak_official_q1,weak_cr_q1,content_k5_c0,residual_midhigh_q3,20.443137130631687,,lfv1,20.724094264178973,0.280957133547286,0.280957133547286,0,0,0,20.418032826159962,,-0.02510430447172496,20.72320984924965,,0.2800727186179621,20.724094264178973,,0.280957133547286,19.705928060031926,,-0.7372090705997607,20.26161730470865,0.9350512027740479,-0.1815198259230364,20.71978283039256,,0.2766456997608735,1,0,0,1,1,0,0,1
443_0.56_1.04.png,443,0.56,1.04,A<0.65,0.8<=beta<1.1,A<0.65 | 0.8<=beta<1.1,weak_official_q1,weak_cr_q1,content_k5_c0,residual_high_q4,13.767196688129195,,warm,13.871859846488839,0.10466315835964402,0.10466315835964402,0,0,0,13.871859846488839,,0.10466315835964402,12.712170706512103,,-1.0550259816170922,13.043109727075581,,-0.7240869610536134,12.3024692352553,,-1.4647274528738947,13.303321722649448,0.8793178200721741,-0.4638749654797465,12.710875462729582,,-1.0563212253996124,0,0,1,-1,0,0,1,-1
444_0.75_0.74.png,444,0.75,0.74,0.75<=A<0.85,beta<0.8,0.75<=A<0.85 | beta<0.8,weak_official_q1,weak_cr_q1,content_k5_c0,residual_midlow_q2,20.669906931037183,,lfv1,21.413711887897016,0.743804956859833,0.743804956859833,0,0,0,20.75365568571908,,0.08374875468189913,21.167497813559205,,0.4975908825220223,21.413711887897016,,0.743804956859833,20.421692356787233,,-0.24821457424994975,20.91678985232499,0.940122127532959,0.2468829212878063,21.16419066967233,,0.4942837386351471,1,0,0,1,1,0,0,1
445_0.81_1.09.png,445,0.81,1.09,0.75<=A<0.85,0.8<=beta<1.1,0.75<=A<0.85 | 0.8<=beta<1.1,weak_official_q1,weak_cr_q1,content_k5_c0,residual_low_q1,29.307720460408365,,residualcalib,30.35377074529805,1.0460502848896844,1.0460502848896844,0,0,1,29.155093483331356,,-0.15262697707700923,27.815301223676375,,-1.4924192367319904,28.64730536863241,,-0.6604150917759561,30.35377074529805,,1.0460502848896844,30.223091186179364,0.988156259059906,0.9153707257709982,27.826086360821584,,-1.4816340995867812,1,0,0,1,1,0,0,1
446_0.73_1.78.png,446,0.73,1.78,0.65<=A<0.75,beta>=1.7,0.65<=A<0.75 | beta>=1.7,weak_official_q1,weak_cr_q1,content_k5_c3,residual_midlow_q2,29.38040197833688,,crplus,29.29003919301215,-0.09036278532473219,0.0,1,0,0,28.958014623422095,,-0.4223873549147861,27.035685779792313,,-2.3447161985445675,26.97191039485017,,-2.408491583486711,28.70707625349672,,-0.6733257248401614,29.29003919301215,0.9839162826538086,-0.09036278532473219,27.04506909165818,,-2.3353328866786995,0,1,0,0,0,1,0,0
447_0.86_1.46.png,447,0.86,1.46,0.85<=A<0.95,1.4<=beta<1.7,0.85<=A<0.95 | 1.4<=beta<1.7,weak_official_q1,weak_cr_q1,content_k5_c3,residual_midlow_q2,29.226310301296238,,residualcalib,30.445165439284327,1.2188551379880899,1.2188551379880899,0,0,0,29.018538420656576,,-0.2077718806396618,28.66235200037314,,-0.5639583009230975,28.497454495390258,,-0.7288558059059795,30.445165439284327,,1.2188551379880899,29.944248310682493,0.9844430088996887,0.7179380093862555,28.673206204928825,,-0.553104096367413,1,0,0,1,1,0,0,1
448_0.7_1.9.png,448,0.7,1.9,0.65<=A<0.75,beta>=1.7,0.65<=A<0.75 | beta>=1.7,weak_official_q1,weak_cr_q1,content_k5_c3,residual_midhigh_q3,29.47076485152103,,warm,29.15412009675152,-0.31664475476950926,0.0,1,0,0,29.15412009675152,,-0.31664475476950926,26.677974978845697,,-2.792789872675332,26.53790589826823,,-2.932858953252797,27.914201709493955,,-1.5565631420270734,28.478544222167606,0.9831235408782959,-0.9922206293534224,26.686847174422354,,-2.7839176770986747,0,1,0,0,0,1,0,0
449_0.93_0.78.png,449,0.93,0.78,0.85<=A<0.95,beta<0.8,0.85<=A<0.95 | beta<0.8,midhigh_official_q3,midlow_cr_q2,content_k5_c0,residual_low_q1,35.31373744875828,,warm,35.24144192733859,-0.07229552141969009,0.0,1,0,1,35.24144192733859,,-0.07229552141969009,31.833006850778563,,-3.4807305979797185,33.527097542066755,,-1.7866399066915264,33.73013410550884,,-1.5836033432494432,34.46595118247305,0.9910504221916199,-0.8477862662852331,31.845499209273544,,-3.4682382394847373,0,1,0,0,0,1,0,0
44_0.73_0.53.png,44,0.73,0.53,0.65<=A<0.75,beta<0.8,0.65<=A<0.75 | beta<0.8,midhigh_official_q3,strong_cr_q4,content_k5_c0,residual_midhigh_q3,35.10188277833297,,cbrfrc,38.43111234676013,3.3292295684271593,3.3292295684271593,0,0,0,35.564157611857816,,0.46227483352484455,38.41667995505539,,3.314797176722422,36.73465023101144,,1.632767452678472,36.06872048434964,,0.9668377060166691,38.185838528994914,0.9902710914611816,3.083955750661943,38.43111234676013,,3.3292295684271593,1,0,0,1,1,0,0,1
450_0.55_1.68.png,450,0.55,1.68,A<0.65,1.4<=beta<1.7,A<0.65 | 1.4<=beta<1.7,weak_official_q1,weak_cr_q1,content_k5_c1,residual_low_q1,28.716929461275754,,residualcalib,30.23181716036192,1.5148876990861666,1.5148876990861666,0,0,1,28.696216561178787,,-0.020712900096967246,28.007194638427052,,-0.7097348228487022,28.729389842586915,,0.012460381311161228,30.23181716036192,,1.5148876990861666,29.751621327583706,0.9839036464691162,1.034691866307952,28.016169645104124,,-0.7007598161716295,1,0,0,1,1,0,0,1
451_0.69_1.79.png,451,0.69,1.79,0.65<=A<0.75,beta>=1.7,0.65<=A<0.75 | beta>=1.7,midlow_official_q2,weak_cr_q1,content_k5_c3,residual_midhigh_q3,30.221836622977968,,warm,30.179819076774628,-0.04201754620333986,0.0,1,0,0,30.179819076774628,,-0.04201754620333986,27.300712707244546,,-2.9211239157334212,27.86831130536123,,-2.353525317616736,28.519921707934767,,-1.7019149150432007,29.311129553166985,0.9820331335067749,-0.9107070698109823,27.309767258468774,,-2.9120693645091933,0,1,0,0,0,1,0,0
452_0.62_0.88.png,452,0.62,0.88,A<0.65,0.8<=beta<1.1,A<0.65 | 0.8<=beta<1.1,midlow_official_q2,midlow_cr_q2,content_k5_c0,residual_low_q1,32.31274924867202,,residualcalib,32.9216225759534,0.6088733272813798,0.6088733272813798,0,0,1,32.442435044458165,,0.1296857957861448,29.9816127160734,,-2.33113653259862,30.866972043807586,,-1.4457772048644344,32.9216225759534,,0.6088733272813798,32.06609456885659,0.9909817576408386,-0.24665467981542832,29.99397487017214,,-2.3187743784998815,1,0,0,1,1,0,0,1
453_0.95_0.6.png,453,0.95,0.6,A>=0.95,beta<0.8,A>=0.95 | beta<0.8,midlow_official_q2,midlow_cr_q2,content_k5_c0,residual_midlow_q2,32.46768399418373,,crplus,32.71814322824551,0.25045923406177906,0.25045923406177906,0,0,0,32.53249115536835,,0.06480716118461771,31.121055351583333,,-1.3466286426003968,31.091752978184314,,-1.3759310159994165,32.44469586029859,,-0.02298813388514276,32.71814322824551,0.9913838505744934,0.25045923406177906,31.129945156823503,,-1.3377388373602273,1,0,0,1,1,0,0,1
454_0.7_1.23.png,454,0.7,1.23,0.65<=A<0.75,1.1<=beta<1.4,0.65<=A<0.75 | 1.1<=beta<1.4,weak_official_q1,midlow_cr_q2,content_k5_c3,residual_high_q4,29.295047290860047,,residualcalib,32.67136831374001,3.3763210228799636,3.3763210228799636,0,0,0,29.33415665056037,,0.0391093597003227,30.417920101968654,,1.122872811108607,31.477387646992558,,2.18234035613251,32.67136831374001,,3.3763210228799636,29.58187608476125,0.9873555302619934,0.2868287939012042,30.4073631697271,,1.1123158788670509,1,0,0,1,1,0,0,1
455_0.71_0.53.png,455,0.71,0.53,0.65<=A<0.75,beta<0.8,0.65<=A<0.75 | beta<0.8,midhigh_official_q3,midhigh_cr_q3,content_k5_c0,residual_midlow_q2,34.75897748975243,,residualcalib,36.155865012438795,1.396887522686363,1.396887522686363,0,0,0,34.94905887622514,,0.19008138647270556,33.8915694939339,,-0.8674079958185317,34.34757406516334,,-0.4114034245890892,36.155865012438795,,1.396887522686363,36.02811110709589,0.994147002696991,1.2691336173434564,33.90221672312371,,-0.8567607666287245,1,0,0,1,1,0,0,1
456_0.72_0.84.png,456,0.72,0.84,0.65<=A<0.75,0.8<=beta<1.1,0.65<=A<0.75 | 0.8<=beta<1.1,midlow_official_q2,midhigh_cr_q3,content_k5_c0,residual_midhigh_q3,32.325832297078065,,residualcalib,34.521637351509284,2.1958050544312187,2.1958050544312187,0,0,0,32.352238451652724,,0.026406154574658558,33.693341176304,,1.3675088792259373,33.12071130182305,,0.7948790047449847,34.521637351509284,,2.1958050544312187,32.65718027403839,0.9913468956947327,0.33134797696032336,33.691496955893285,,1.36566465881522,1,0,0,1,1,0,0,1
457_0.61_0.57.png,457,0.61,0.57,A<0.65,beta<0.8,A<0.65 | beta<0.8,midlow_official_q2,midhigh_cr_q3,content_k5_c0,residual_midhigh_q3,31.01528527604284,,crplus,38.26986311015241,7.254577834109568,7.254577834109568,0,0,0,31.42647590019511,,0.4111906241522725,33.1497524929397,,2.1344672168968586,36.061656082043875,,5.046370806001036,38.02948523841194,,7.014199962369098,38.26986311015241,0.9966146349906921,7.254577834109568,33.167019695858826,,2.1517344198159876,1,0,0,1,1,0,0,1
458_0.58_0.65.png,458,0.58,0.65,A<0.65,beta<0.8,A<0.65 | beta<0.8,midlow_official_q2,midhigh_cr_q3,content_k5_c0,residual_midhigh_q3,31.313653220078233,,crplus,38.38119964266014,7.067546422581909,7.067546422581909,0,0,0,31.5847293972385,,0.27107617716026766,35.1467404939926,,3.8330872739143693,36.18233826760451,,4.868685047526274,37.923244400776895,,6.609591180698661,38.38119964266014,0.9964609742164612,7.067546422581909,35.16484783273604,,3.851194612657803,1,0,0,1,1,0,0,1
459_0.97_1.71.png,459,0.97,1.71,A>=0.95,beta>=1.7,A>=0.95 | beta>=1.7,weak_official_q1,weak_cr_q1,content_k5_c3,residual_high_q4,17.712461303641827,,warm,17.582271645535656,-0.1301896581061719,0.0,1,0,0,17.582271645535656,,-0.1301896581061719,16.66050992576598,,-1.0519513778758487,15.98257175883321,,-1.7298895448086178,17.07093340963453,,-0.6415278940072966,17.402171514204475,0.9585492014884949,-0.31028978943735197,16.663208104810916,,-1.049253198830911,0,1,0,0,0,1,0,0
45_0.99_1.02.png,45,0.99,1.02,A>=0.95,0.8<=beta<1.1,A>=0.95 | 0.8<=beta<1.1,weak_official_q1,midlow_cr_q2,content_k5_c3,residual_midhigh_q3,28.7142656090846,,lfv1,29.84846736325283,1.134201754168231,1.134201754168231,0,0,0,28.7340827197867,,0.019817110702099683,28.95734130699751,,0.24307569791291073,29.84846736325283,,1.134201754168231,29.1928572684083,,0.4785916593237012,28.234342855201383,0.9711414575576782,-0.4799227538832156,28.959961982220808,,0.24569637313620873,1,0,0,1,1,0,0,1
460_0.99_1.03.png,460,0.99,1.03,A>=0.95,0.8<=beta<1.1,A>=0.95 | 0.8<=beta<1.1,weak_official_q1,weak_cr_q1,content_k5_c0,residual_high_q4,20.8878983171145,,crplus,20.918804433053605,0.03090611593910353,0.03090611593910353,1,0,0,20.82659091037824,,-0.06130740673626178,19.03102470679585,,-1.856873610318651,18.770015680963667,,-2.117882636150835,20.893936051219715,,0.006037734105213133,20.918804433053605,0.9771283864974976,0.03090611593910353,19.03446090897839,,-1.853437408136113,0,1,0,0,0,1,0,0
461_0.68_1.75.png,461,0.68,1.75,0.65<=A<0.75,beta>=1.7,0.65<=A<0.75 | beta>=1.7,midlow_official_q2,midlow_cr_q2,content_k5_c3,residual_midhigh_q3,30.23446049403993,,crplus,30.404431321699835,0.16997082765990612,0.16997082765990612,0,0,0,30.00118302448131,,-0.23327746955861883,29.282624006652107,,-0.9518364873878227,28.708883462155445,,-1.5255770318844846,28.780013042891312,,-1.4544474511486172,30.404431321699835,0.9809823036193848,0.16997082765990612,29.280906498964296,,-0.9535539950756338,1,0,0,1,0,0,1,-1
462_0.91_1.52.png,462,0.91,1.52,0.85<=A<0.95,1.4<=beta<1.7,0.85<=A<0.95 | 1.4<=beta<1.7,weak_official_q1,weak_cr_q1,content_k5_c3,residual_midhigh_q3,27.283753812642644,,crplus,29.003746117375655,1.7199923047330117,1.7199923047330117,0,0,0,27.295221707446654,,0.011467894804010115,27.939783308891784,,0.6560294962491398,26.992323100108855,,-0.2914307125337885,26.194545900965313,,-1.089207911677331,29.003746117375655,0.9800074100494385,1.7199923047330117,27.938189786053442,,0.6544359734107985,1,0,0,1,1,0,0,1
463_0.97_1.52.png,463,0.97,1.52,A>=0.95,1.4<=beta<1.7,A>=0.95 | 1.4<=beta<1.7,weak_official_q1,weak_cr_q1,content_k5_c3,residual_high_q4,26.795322249431965,,crplus,28.567106003596223,1.7717837541642574,1.7717837541642574,0,0,0,26.803229108721766,,0.007906859289800394,27.479768909005546,,0.684446659573581,26.794776462255776,,-0.0005457871761898048,26.002236794985798,,-0.7930854544461674,28.567106003596223,0.978354811668396,1.7717837541642574,27.47858758573903,,0.6832653363070662,1,0,0,1,1,0,0,1
464_0.68_1.75.png,464,0.68,1.75,0.65<=A<0.75,beta>=1.7,0.65<=A<0.75 | beta>=1.7,midlow_official_q2,midlow_cr_q2,content_k5_c3,residual_midhigh_q3,30.23446049403993,,crplus,30.404431321699835,0.16997082765990612,0.16997082765990612,0,0,0,30.00118302448131,,-0.23327746955861883,29.282624006652107,,-0.9518364873878227,28.708883462155445,,-1.5255770318844846,28.780013042891312,,-1.4544474511486172,30.404431321699835,0.9809823036193848,0.16997082765990612,29.280906498964296,,-0.9535539950756338,1,0,0,1,0,0,1,-1
465_0.94_1.86.png,465,0.94,1.86,0.85<=A<0.95,beta>=1.7,0.85<=A<0.95 | beta>=1.7,midlow_official_q2,midlow_cr_q2,content_k5_c3,residual_high_q4,31.500628849392527,,warm,31.796426298760693,0.2957974493681661,0.2957974493681661,0,0,0,31.796426298760693,,0.2957974493681661,30.388861591505382,,-1.111767257887145,31.33879840635671,,-0.16183044303581795,30.69243240911009,,-0.8081964402824369,30.23088797470553,0.9805031418800354,-1.2697408746869954,30.39824244603395,,-1.102386403358576,1,0,0,1,1,0,0,1
466_0.99_1.63.png,466,0.99,1.63,A>=0.95,1.4<=beta<1.7,A>=0.95 | 1.4<=beta<1.7,midlow_official_q2,midlow_cr_q2,content_k5_c3,residual_midlow_q2,30.930063014378145,,lfv1,31.133129377846608,0.20306636346846219,0.20306636346846219,0,0,0,30.860887634084506,,-0.06917538029363968,29.024947040137697,,-1.9051159742404487,31.133129377846608,,0.20306636346846219,30.482776957303162,,-0.44728605707498303,29.128396874689145,0.981829822063446,-1.8016661396890008,29.035400389556546,,-1.8946626248215992,1,0,0,1,1,0,0,1
467_0.71_1.76.png,467,0.71,1.76,0.65<=A<0.75,beta>=1.7,0.65<=A<0.75 | beta>=1.7,weak_official_q1,midlow_cr_q2,content_k5_c1,residual_low_q1,29.28328539395021,,lfv1,30.917310333549388,1.634024939599179,1.634024939599179,0,0,1,29.16182993453549,,-0.1214554594147188,29.720812028904824,,0.4375266349546152,30.917310333549388,,1.634024939599179,28.732453796110416,,-0.5508315978397924,27.758934215058982,0.9857132434844971,-1.5243511788912265,29.735958606758892,,0.45267321280868345,1,0,0,1,1,0,0,1
468_0.73_1.94.png,468,0.73,1.94,0.65<=A<0.75,beta>=1.7,0.65<=A<0.75 | beta>=1.7,weak_official_q1,weak_cr_q1,content_k5_c1,residual_low_q1,28.802984916600085,,lfv1,30.220561942910017,1.4175770263099317,1.4175770263099317,0,0,1,28.481653570020406,,-0.32133134657967943,28.537948848865128,,-0.26503606773495747,30.220561942910017,,1.4175770263099317,27.453845578684444,,-1.3491393379156413,27.0858033711131,0.9844520688056946,-1.7171815454869837,28.552124753097758,,-0.25086016350232754,1,0,0,1,1,0,0,1
469_0.96_1.99.png,469,0.96,1.99,A>=0.95,beta>=1.7,A>=0.95 | beta>=1.7,midlow_official_q2,weak_cr_q1,content_k5_c3,residual_high_q4,30.279784203699165,,warm,29.69000226174601,-0.5897819419531558,0.0,1,0,0,29.69000226174601,,-0.5897819419531558,28.70536698755179,,-1.5744172161473742,28.357062083649907,,-1.922722120049258,29.19713120700628,,-1.082652996692886,27.71040610227205,0.9451449513435364,-2.569378101427116,28.709020544814226,,-1.570763658884939,0,1,0,0,0,1,0,0
46_0.57_1.55.png,46,0.57,1.55,A<0.65,1.4<=beta<1.7,A<0.65 | 1.4<=beta<1.7,weak_official_q1,midlow_cr_q2,content_k5_c3,residual_midhigh_q3,28.776340874203512,,residualcalib,30.68536572737026,1.9090248531667484,1.9090248531667484,0,0,0,28.820504884261382,,0.04416401005786952,30.299539759159483,,1.5231988849559706,30.334854691887344,,1.5585138176838313,30.68536572737026,,1.9090248531667484,28.87946898541561,0.9703466296195984,0.1031281112120972,30.300802615197654,,1.5244617409941412,1,0,0,1,1,0,0,1
470_0.53_1.34.png,470,0.53,1.34,A<0.65,1.1<=beta<1.4,A<0.65 | 1.1<=beta<1.4,midhigh_official_q3,midlow_cr_q2,content_k5_c3,residual_midhigh_q3,36.68619662987277,,warm,36.54845138514146,-0.13774524473130612,0.0,1,0,0,36.54845138514146,,-0.13774524473130612,31.17024816779754,,-5.5159484620752295,31.755632986513543,,-4.930563643359225,30.664676290051815,,-6.0215203398209525,31.09248926118996,0.9848611354827881,-5.593707368682807,31.15878690274883,,-5.527409727123938,0,1,0,0,0,1,0,0
471_0.76_0.79.png,471,0.76,0.79,0.75<=A<0.85,beta<0.8,0.75<=A<0.85 | beta<0.8,midhigh_official_q3,midhigh_cr_q3,content_k5_c3,residual_high_q4,34.90845318883142,,warm,34.25665853707408,-0.6517946517573421,0.0,1,0,0,34.25665853707408,,-0.6517946517573421,32.90994614889822,,-1.9985070399332017,31.615742588289105,,-3.2927106005423177,29.754571733025557,,-5.153881455805866,31.652091351727123,0.9717418551445007,-3.2563618371043006,32.89617992412963,,-2.01227326470179,0,1,0,0,0,1,0,0
472_0.69_0.68.png,472,0.69,0.68,0.65<=A<0.75,beta<0.8,0.65<=A<0.75 | beta<0.8,midhigh_official_q3,midlow_cr_q2,content_k5_c0,residual_high_q4,35.84630044749978,,warm,35.11829846401668,-0.7280019834830966,0.0,1,0,0,35.11829846401668,,-0.7280019834830966,31.69417732862587,,-4.152123118873909,31.913824644272246,,-3.9324758032275327,29.476281647838498,,-6.370018799661281,31.245081202855168,0.9765437841415405,-4.601219244644611,31.6798472402374,,-4.1664532072623786,0,1,0,0,0,1,0,0
473_0.63_0.94.png,473,0.63,0.94,A<0.65,0.8<=beta<1.1,A<0.65 | 0.8<=beta<1.1,midlow_official_q2,midlow_cr_q2,content_k5_c0,residual_low_q1,30.136764118079846,,cold_cr,30.40762111607713,0.270856997997285,0.270856997997285,0,0,1,30.04024625924789,,-0.0965178588319553,30.40762111607713,,0.270856997997285,28.934891409380448,,-1.2018727086993977,28.327463616433302,,-1.8093005016465433,27.678362460380093,0.9807876348495483,-2.4584016576997527,30.399256915908172,,0.262492797828326,1,0,0,1,1,0,0,1
474_0.6_1.43.png,474,0.6,1.43,A<0.65,1.4<=beta<1.7,A<0.65 | 1.4<=beta<1.7,midlow_official_q2,midlow_cr_q2,content_k5_c1,residual_low_q1,31.018631637606028,,warm,30.921960589135193,-0.09667104847083507,0.0,1,0,1,30.921960589135193,,-0.09667104847083507,30.88457336547414,,-0.13405827213188815,30.271272200500277,,-0.7473594371057501,29.82108499035001,,-1.1975466472560186,29.381656756693523,0.9842251539230347,-1.6369748809125042,30.878221959888172,,-0.14040967771785517,0,1,0,0,0,1,0,0
475_0.94_1.55.png,475,0.94,1.55,0.85<=A<0.95,1.4<=beta<1.7,0.85<=A<0.95 | 1.4<=beta<1.7,weak_official_q1,midlow_cr_q2,content_k5_c3,residual_midhigh_q3,26.3136450451372,,cold_cr,29.157441078849935,2.843796033712735,2.843796033712735,0,0,0,26.37655646171548,,0.06291141657828092,29.157441078849935,,2.843796033712735,27.718713238722216,,1.4050681935850164,28.60040310883978,,2.2867580637025817,28.017545090511437,0.9824788570404053,1.7039000453742368,29.152680600341746,,2.8390355552045463,1,0,0,1,1,0,0,1
476_0.91_1.92.png,476,0.91,1.92,0.85<=A<0.95,beta>=1.7,0.85<=A<0.95 | beta>=1.7,weak_official_q1,weak_cr_q1,content_k5_c3,residual_high_q4,25.704863701870448,,cold_cr,28.63857379854544,2.933710096674993,2.933710096674993,0,0,0,25.879563824656906,,0.17470012278645797,28.63857379854544,,2.933710096674993,26.47566128902951,,0.7707975871590627,28.395440599416734,,2.6905768975462863,28.070711320088925,0.981730580329895,2.3658476182184778,28.63356288281394,,2.928699180943493,1,0,0,1,1,0,0,1
477_0.9_1.45.png,477,0.9,1.45,0.85<=A<0.95,1.4<=beta<1.7,0.85<=A<0.95 | 1.4<=beta<1.7,weak_official_q1,weak_cr_q1,content_k5_c3,residual_high_q4,26.94967713907396,,cold_cr,27.99255061469374,1.042873475619782,1.042873475619782,0,0,0,27.161244275686656,,0.21156713661269677,27.99255061469374,,1.042873475619782,27.6880318327176,,0.7383546936436396,27.36025031560296,,0.4105731765290024,27.962569793258343,0.9732974767684937,1.012892654184384,27.992259555609525,,1.0425824165355664,1,0,0,1,1,0,0,1
478_0.84_0.71.png,478,0.84,0.71,0.75<=A<0.85,beta<0.8,0.75<=A<0.85 | beta<0.8,weak_official_q1,midlow_cr_q2,content_k5_c0,residual_high_q4,27.279532793611775,,cold_cr,30.902563711808476,3.623030918196701,3.623030918196701,0,0,0,27.902555053382862,,0.623022259771087,30.902563711808476,,3.623030918196701,29.998512111031825,,2.7189793174200503,27.80680897321198,,0.5272761796002037,30.293603677946717,0.9861996173858643,3.0140708843349415,30.89441702496154,,3.614884231349766,1,0,0,1,1,0,0,1
479_0.79_0.62.png,479,0.79,0.62,0.75<=A<0.85,beta<0.8,0.75<=A<0.85 | beta<0.8,weak_official_q1,midlow_cr_q2,content_k5_c0,residual_high_q4,27.286562797955174,,cold_cr,30.913005048461983,3.626442250506809,3.626442250506809,0,0,0,27.899504875972127,,0.6129420780169532,30.913005048461983,,3.626442250506809,30.403192618904914,,3.11662982094974,27.6795404351088,,0.39297763715362777,30.383686638214936,0.9865593314170837,3.097123840259762,30.90456665911788,,3.6180038611627054,1,0,0,1,1,0,0,1
47_0.78_0.6.png,47,0.78,0.6,0.75<=A<0.85,beta<0.8,0.75<=A<0.85 | beta<0.8,weak_official_q1,midlow_cr_q2,content_k5_c0,residual_midlow_q2,29.60320996969463,,lfv1,32.70789789361086,3.1046879239162344,3.1046879239162344,0,0,0,29.850578575918256,,0.24736860622362755,28.938294324925845,,-0.664915644768783,32.70789789361086,,3.1046879239162344,30.812379958657623,,1.2091699889629943,32.24592425463493,0.9838461875915527,2.6427142849403005,28.940522822789898,,-0.6626871469047302,1,0,0,1,1,0,0,1
480_0.54_0.98.png,480,0.54,0.98,A<0.65,0.8<=beta<1.1,A<0.65 | 0.8<=beta<1.1,weak_official_q1,weak_cr_q1,content_k5_c0,residual_midhigh_q3,23.64343281926814,,crplus,26.85130552802064,3.2078727087525003,3.2078727087525003,0,0,0,23.890191705507853,,0.24675888623971431,26.799248717144373,,3.1558158978762343,25.18495801473305,,1.54152519546491,23.656269338725636,,0.01283651945749753,26.85130552802064,0.9865855574607849,3.2078727087525003,26.789173663408437,,3.145740844140299,1,0,0,1,1,0,0,1
481_0.81_0.67.png,481,0.81,0.67,0.75<=A<0.85,beta<0.8,0.75<=A<0.85 | beta<0.8,midlow_official_q2,midhigh_cr_q3,content_k5_c0,residual_high_q4,31.907876172482418,,lfv1,35.46967289243884,3.561796719956419,3.561796719956419,0,0,0,31.713847319140044,,-0.19402885334237396,34.44899533523294,,2.541119162750519,35.46967289243884,,3.561796719956419,33.36032144758832,,1.4524452751059016,33.62596672770348,0.9908208847045898,1.7180905552210604,34.4387427282164,,2.5308665557339793,1,0,0,1,1,0,0,1
482_0.91_0.62.png,482,0.91,0.62,0.85<=A<0.95,beta<0.8,0.85<=A<0.95 | beta<0.8,midlow_official_q2,midhigh_cr_q3,content_k5_c0,residual_midhigh_q3,32.02040953930756,,lfv1,35.28522729111662,3.264817751809062,3.264817751809062,0,0,0,31.91636980444466,,-0.10403973486289786,34.90140381204333,,2.8809942727357694,35.28522729111662,,3.264817751809062,34.86418473176525,,2.8437751924576915,33.980136201443024,0.9908722043037415,1.9597266621354663,34.90307840552931,,2.8826688662217492,1,0,0,1,1,0,0,1
483_0.64_0.86.png,483,0.64,0.86,A<0.65,0.8<=beta<1.1,A<0.65 | 0.8<=beta<1.1,midlow_official_q2,midlow_cr_q2,content_k5_c0,residual_high_q4,30.112439818498274,,lfv1,32.34510853829549,2.2326687197972177,2.2326687197972177,0,0,0,30.00019697646243,,-0.11224284203584389,32.008168760476565,,1.895728941978291,32.34510853829549,,2.2326687197972177,29.13046810572267,,-0.9819717127756036,29.41985231096205,0.9879186153411865,-0.6925875075362242,31.994942599665997,,1.882502781167723,1,0,0,1,1,0,0,1
484_0.94_1.48.png,484,0.94,1.48,0.85<=A<0.95,1.4<=beta<1.7,0.85<=A<0.95 | 1.4<=beta<1.7,midlow_official_q2,midlow_cr_q2,content_k5_c3,residual_high_q4,32.01050274704168,,warm,32.266036988580865,0.2555342415391877,0.2555342415391877,0,0,0,32.266036988580865,,0.2555342415391877,31.583660126012102,,-0.42684262102957504,30.37259519389274,,-1.6379075531489384,31.837612208222502,,-0.17289053881917482,31.685228526140516,0.9836241006851196,-0.32527422090116076,31.57767604953206,,-0.43282669750961844,1,0,0,1,1,0,0,1
485_0.94_1.87.png,485,0.94,1.87,0.85<=A<0.95,beta>=1.7,0.85<=A<0.95 | beta>=1.7,weak_official_q1,weak_cr_q1,content_k5_c3,residual_high_q4,24.74003304911353,,residualcalib,25.75803572870931,1.018002679595778,1.018002679595778,0,0,0,24.834654438868377,,0.09462138975484535,25.459176922028437,,0.7191438729149056,25.026694278526737,,0.2866612294132054,25.75803572870931,,1.018002679595778,25.058444973393872,0.9729689955711365,0.3184119242803405,25.454984631988932,,0.7149515828754005,1,0,0,1,1,0,0,1
486_0.96_1.3.png,486,0.96,1.3,A>=0.95,1.1<=beta<1.4,A>=0.95 | 1.1<=beta<1.4,weak_official_q1,weak_cr_q1,content_k5_c3,residual_midhigh_q3,25.7044466198083,,residualcalib,26.53641350146192,0.8319668816536172,0.8319668816536172,0,0,0,25.535642713933846,,-0.16880390587445504,25.23126751344715,,-0.473179106361151,24.982621993693115,,-0.7218246261151862,26.53641350146192,,0.8319668816536172,25.899861066255212,0.9789549112319946,0.19541444644691097,25.225907208151202,,-0.4785394116570991,1,0,0,1,1,0,0,1
487_0.7_0.65.png,487,0.7,0.65,0.65<=A<0.75,beta<0.8,0.65<=A<0.75 | beta<0.8,weak_official_q1,weak_cr_q1,content_k5_c0,residual_high_q4,26.007304075247283,,warm,25.72824626562256,-0.2790578096247245,0.0,1,0,0,25.72824626562256,,-0.2790578096247245,22.704047085707426,,-3.3032569895398574,22.899311309837024,,-3.107992765410259,23.017296920916117,,-2.990007154331167,22.52835885302315,0.980867862701416,-3.4789452222241337,22.69810322085702,,-3.3092008543902622,0,1,0,0,0,1,0,0
488_0.99_1.47.png,488,0.99,1.47,A>=0.95,1.4<=beta<1.7,A>=0.95 | 1.4<=beta<1.7,weak_official_q1,weak_cr_q1,content_k5_c3,residual_midhigh_q3,26.342282881949476,,residualcalib,27.37045917814903,1.028176296199554,1.028176296199554,0,0,0,26.211137471936393,,-0.1311454100130831,26.185146795395482,,-0.1571360865539937,25.611937303333562,,-0.7303455786159141,27.37045917814903,,1.028176296199554,26.771541989166128,0.9769466519355774,0.4292591072166516,26.182123222534027,,-0.16015965941544863,1,0,0,1,1,0,0,1
489_0.55_1.03.png,489,0.55,1.03,A<0.65,0.8<=beta<1.1,A<0.65 | 0.8<=beta<1.1,weak_official_q1,weak_cr_q1,content_k5_c1,residual_midlow_q2,29.92473355881248,,warm,30.117706443389206,0.1929728845767258,0.1929728845767258,0,0,0,30.117706443389206,,0.1929728845767258,28.412942953873674,,-1.5117906049388061,27.057787604182902,,-2.8669459546295784,29.07869634059152,,-0.8460372182209603,29.072011569204047,0.9867515563964844,-0.8527219896084333,28.40254192297573,,-1.5221916358367515,1,0,0,1,0,0,1,-1
48_0.88_0.81.png,48,0.88,0.81,0.85<=A<0.95,0.8<=beta<1.1,0.85<=A<0.95 | 0.8<=beta<1.1,weak_official_q1,midlow_cr_q2,content_k5_c0,residual_midhigh_q3,28.623840088216667,,lfv1,31.435848385100048,2.8120082968833806,2.8120082968833806,0,0,0,28.788203505723065,,0.16436341750639727,29.420104023319684,,0.796263935103017,31.435848385100048,,2.8120082968833806,30.015850977739923,,1.392010889523256,30.336843805959134,0.9786038398742676,1.7130037177424668,29.421735419952544,,0.7978953317358766,1,0,0,1,1,0,0,1
490_0.61_1.55.png,490,0.61,1.55,A<0.65,1.4<=beta<1.7,A<0.65 | 1.4<=beta<1.7,weak_official_q1,weak_cr_q1,content_k5_c1,residual_midhigh_q3,28.837000626796954,,warm,29.09525658175182,0.25825595495486553,0.25825595495486553,0,0,0,29.09525658175182,,0.25825595495486553,25.80139342274819,,-3.0356072040487625,26.007221816723366,,-2.829778810073588,26.50750610072288,,-2.3294945260740754,26.99910986606232,0.9808114767074585,-1.8378907607346342,25.79423267446579,,-3.0427679523311646,1,0,0,1,1,0,0,1
491_0.68_1.42.png,491,0.68,1.42,0.65<=A<0.75,1.4<=beta<1.7,0.65<=A<0.75 | 1.4<=beta<1.7,midlow_official_q2,weak_cr_q1,content_k5_c1,residual_midhigh_q3,30.825311672642044,,warm,31.053133685818594,0.22782201317654938,0.22782201317654938,0,0,0,31.053133685818594,,0.22782201317654938,28.12764512150707,,-2.6976665511349758,27.483650155002216,,-3.341661517639828,29.09364153873384,,-1.731670133908203,28.349762904797245,0.9840438961982727,-2.475548767844799,28.119096963823598,,-2.7062147088184467,1,0,0,1,1,0,0,1
492_0.53_1.9.png,492,0.53,1.9,A<0.65,beta>=1.7,A<0.65 | beta>=1.7,weak_official_q1,weak_cr_q1,content_k5_c1,residual_high_q4,27.622939073020994,,warm,27.674067456053677,0.05112838303268319,0.05112838303268319,0,0,0,27.674067456053677,,0.05112838303268319,24.597221509315016,,-3.025717563705978,24.247509521764584,,-3.37542955125641,24.506598468676714,,-3.1163406043442805,24.482874773570966,0.9696261882781982,-3.140064299450028,24.59125986135327,,-3.0316792116677256,0,0,1,-1,0,0,1,-1
493_0.69_0.5.png,493,0.69,0.5,0.65<=A<0.75,beta<0.8,0.65<=A<0.75 | beta<0.8,midlow_official_q2,weak_cr_q1,content_k5_c0,residual_midlow_q2,30.929378493511877,,warm,31.471020295323555,0.5416418018116786,0.5416418018116786,0,0,0,31.471020295323555,,0.5416418018116786,27.974679694436247,,-2.9546987990756293,30.200098392365046,,-0.7292801011468306,30.532249254817835,,-0.39712923869404193,30.052239365663944,0.9637395143508911,-0.8771391278479328,27.973420163944816,,-2.9559583295670606,1,0,0,1,1,0,0,1
494_0.77_0.54.png,494,0.77,0.54,0.75<=A<0.85,beta<0.8,0.75<=A<0.85 | beta<0.8,midlow_official_q2,weak_cr_q1,content_k5_c0,residual_midlow_q2,30.37098473065187,,warm,31.021100728660535,0.6501159980086655,0.6501159980086655,0,0,0,31.021100728660535,,0.6501159980086655,28.10686458618089,,-2.2641201444709793,29.9298407033992,,-0.441144027252669,30.015617564378438,,-0.3553671662734317,29.713668858822118,0.96220862865448,-0.657315871829752,28.10669490261329,,-2.264289828038578,1,0,0,1,1,0,0,1
495_0.74_1.05.png,495,0.74,1.05,0.65<=A<0.75,0.8<=beta<1.1,0.65<=A<0.75 | 0.8<=beta<1.1,weak_official_q1,weak_cr_q1,content_k5_c0,residual_low_q1,29.596110979712968,,warm,29.986327055727454,0.39021607601448594,0.39021607601448594,0,0,1,29.986327055727454,,0.39021607601448594,27.803723137499894,,-1.7923878422130741,29.588353960547686,,-0.007757019165282486,27.57017844796012,,-2.025932531752847,27.531236447818948,0.9556921720504761,-2.06487453189402,27.802804856029873,,-1.7933061236830952,1,0,0,1,1,0,0,1
496_0.61_0.71.png,496,0.61,0.71,A<0.65,beta<0.8,A<0.65 | beta<0.8,midlow_official_q2,weak_cr_q1,content_k5_c0,residual_midlow_q2,30.505906387805936,,warm,31.0400882351057,0.534181847299763,0.534181847299763,0,0,0,31.0400882351057,,0.534181847299763,27.982158461862817,,-2.5237479259431197,29.33120748413962,,-1.1746989036663145,29.254289437387555,,-1.2516169504183807,28.705237900363496,0.959922730922699,-1.8006684874424401,27.981209293105938,,-2.5246970946999987,1,0,0,1,1,0,0,1
497_0.7_0.61.png,497,0.7,0.61,0.65<=A<0.75,beta<0.8,0.65<=A<0.75 | beta<0.8,midhigh_official_q3,midhigh_cr_q3,content_k5_c0,residual_midhigh_q3,35.08629168789029,,warm,35.88341029613422,0.7971186082439345,0.7971186082439345,0,0,0,35.88341029613422,,0.7971186082439345,32.427441865161555,,-2.658849822728733,29.327585118418913,,-5.758706569471375,33.17528548413218,,-1.911006203758106,30.258421101590287,0.9931929707527161,-4.827870586300001,32.40826273604902,,-2.67802895184127,1,0,0,1,1,0,0,1
498_0.81_1.42.png,498,0.81,1.42,0.75<=A<0.85,1.4<=beta<1.7,0.75<=A<0.85 | 1.4<=beta<1.7,midlow_official_q2,midlow_cr_q2,content_k5_c3,residual_midlow_q2,31.43083434687853,,warm,32.70660030269497,1.2757659558164427,1.2757659558164427,0,0,0,32.70660030269497,,1.2757659558164427,30.005251954834733,,-1.4255823920437969,29.07296304798047,,-2.3578712988980612,29.360476343250088,,-2.070358003628442,29.71108053121947,0.9901010394096375,-1.719753815659061,29.99159146022135,,-1.4392428866571798,1,0,0,1,1,0,0,1
499_0.85_1.47.png,499,0.85,1.47,0.85<=A<0.95,1.4<=beta<1.7,0.85<=A<0.95 | 1.4<=beta<1.7,midlow_official_q2,midlow_cr_q2,content_k5_c3,residual_midlow_q2,31.325530100484773,,warm,32.45958136474235,1.1340512642575753,1.1340512642575753,0,0,0,32.45958136474235,,1.1340512642575753,29.464164926848575,,-1.861365173636198,29.08368382459568,,-2.241846275889092,29.819939631248435,,-1.5055904692363384,29.998681427397663,0.9895153641700745,-1.3268486730871096,29.451310995633282,,-1.8742191048514911,1,0,0,1,1,0,0,1
49_0.7_1.47.png,49,0.7,1.47,0.65<=A<0.75,1.4<=beta<1.7,0.65<=A<0.75 | 1.4<=beta<1.7,midlow_official_q2,midhigh_cr_q3,content_k5_c1,residual_midhigh_q3,32.49787439646975,,cold_cr,35.315074275297185,2.817199878827438,2.817199878827438,0,0,0,32.961267346653955,,0.46339295018420756,35.315074275297185,,2.817199878827438,30.8083372613345,,-1.6895371351352466,35.253224237659104,,2.755349841189357,33.66096943823295,0.9919703006744385,1.1630950417631993,35.30220267518824,,2.8043282787184936,1,0,0,1,1,0,0,1
4_0.85_1.44.png,4,0.85,1.44,0.85<=A<0.95,1.4<=beta<1.7,0.85<=A<0.95 | 1.4<=beta<1.7,midhigh_official_q3,midhigh_cr_q3,content_k5_c3,residual_midlow_q2,34.36688693315833,,warm,34.074443063227335,-0.2924438699309917,0.0,1,0,0,34.074443063227335,,-0.2924438699309917,33.55970101385375,,-0.8071859193045796,31.23313657507743,,-3.1337503580808956,32.75813411992727,,-1.6087528132310567,33.76179416426062,0.9888450503349304,-0.6050927688977055,33.565972782713786,,-0.800914150444541,0,1,0,0,0,1,0,0
500_0.73_1.2.png,500,0.73,1.2,0.65<=A<0.75,1.1<=beta<1.4,0.65<=A<0.75 | 1.1<=beta<1.4,midlow_official_q2,midlow_cr_q2,content_k5_c1,residual_midlow_q2,31.132113532594154,,warm,32.11556800893527,0.9834544763411159,0.9834544763411159,0,0,0,32.11556800893527,,0.9834544763411159,30.030101258239654,,-1.1020122743545002,28.78935991288102,,-2.3427536197131325,29.569319177983463,,-1.5627943546106913,28.69138859298843,0.9905932545661926,-2.4407249396057225,30.015606908850483,,-1.1165066237436712,1,0,0,1,1,0,0,1
501_0.55_1.96.png,501,0.55,1.96,A<0.65,beta>=1.7,A<0.65 | beta>=1.7,midhigh_official_q3,midlow_cr_q2,content_k5_c1,residual_high_q4,34.761961899344584,,warm,34.99244955577791,0.23048765643332558,0.23048765643332558,0,0,0,34.99244955577791,,0.23048765643332558,31.107739989419372,,-3.6542219099252122,30.512499327141356,,-4.249462572203228,29.824836567016657,,-4.937125332327927,32.1358067858833,0.9872246384620667,-2.6261551134612873,31.103774710386926,,-3.6581871889576583,1,0,0,1,1,0,0,1
502_0.8_1.09.png,502,0.8,1.09,0.75<=A<0.85,0.8<=beta<1.1,0.75<=A<0.85 | 0.8<=beta<1.1,midhigh_official_q3,midhigh_cr_q3,content_k5_c4,residual_midhigh_q3,37.86429694931158,,warm,37.514237842301384,-0.35005910701019616,0.0,1,0,0,37.514237842301384,,-0.35005910701019616,35.29434973317904,,-2.5699472161325403,33.105871945832476,,-4.758425003479104,34.49435638229048,,-3.3699405670210965,35.16396528464811,0.9921362400054932,-2.700331664663473,35.29190295304842,,-2.572393996263159,0,1,0,0,0,1,0,0
503_0.9_0.94.png,503,0.9,0.94,0.85<=A<0.95,0.8<=beta<1.1,0.85<=A<0.95 | 0.8<=beta<1.1,midhigh_official_q3,midhigh_cr_q3,content_k5_c4,residual_midhigh_q3,36.48202522764862,,warm,36.028216452156165,-0.4538087754924547,0.0,1,0,0,36.028216452156165,,-0.4538087754924547,34.258416092494194,,-2.223609135154426,32.044824257766905,,-4.437200969881715,32.33264122805402,,-4.149383999594598,33.86491964046723,0.9916749000549316,-2.617105587181392,34.25603916577461,,-2.2259860618740106,0,1,0,0,0,1,0,0
504_0.84_1.72.png,504,0.84,1.72,0.75<=A<0.85,beta>=1.7,0.75<=A<0.85 | beta>=1.7,midlow_official_q2,midlow_cr_q2,content_k5_c4,residual_high_q4,33.743874641886045,,warm,33.555554094790395,-0.18832054709564972,0.0,1,0,0,33.555554094790395,,-0.18832054709564972,32.022788779891535,,-1.72108586199451,29.589059449933387,,-4.1548151919526575,30.662159666147186,,-3.0817149757388584,31.58938818520062,0.9847320318222046,-2.154486456685426,32.022381611427484,,-1.7214930304585607,0,1,0,0,0,1,0,0
505_1.0_1.88.png,505,1.0,1.88,A>=0.95,beta>=1.7,A>=0.95 | beta>=1.7,weak_official_q1,weak_cr_q1,content_k5_c4,residual_high_q4,30.06230138135507,,warm,30.291187398459265,0.22888601710419465,0.22888601710419465,0,0,0,30.291187398459265,,0.22888601710419465,27.40492287413803,,-2.6573785072170395,27.829663850365634,,-2.232637530989436,27.853562350516956,,-2.208739030838114,27.871905797323944,0.9751176238059998,-2.190395584031126,27.404587988529585,,-2.6577133928254852,1,0,0,1,1,0,0,1
506_0.68_0.66.png,506,0.68,0.66,0.65<=A<0.75,beta<0.8,0.65<=A<0.75 | beta<0.8,strong_official_q4,strong_cr_q4,content_k5_c2,residual_low_q1,40.45027071333163,,warm,40.27040986434518,-0.1798608489864506,0.0,1,1,1,40.27040986434518,,-0.1798608489864506,38.849891812709274,,-1.6003789006223599,39.01291788157607,,-1.437352831755561,39.20928137855205,,-1.2409893347795844,38.13142398111394,0.9937383532524109,-2.3188467322176933,38.845142421816234,,-1.605128291515399,0,1,0,0,0,1,0,0
507_0.66_0.7.png,507,0.66,0.7,0.65<=A<0.75,beta<0.8,0.65<=A<0.75 | beta<0.8,strong_official_q4,strong_cr_q4,content_k5_c2,residual_low_q1,40.64714123078184,,warm,40.61279956685009,-0.0343416639317482,0.0,1,1,1,40.61279956685009,,-0.0343416639317482,38.687587819344586,,-1.9595534114372555,39.06816806357324,,-1.578973167208602,38.78742913755235,,-1.85971209322949,38.11385417979364,0.9938574433326721,-2.5332870509882,38.6825687784143,,-1.9645724523675412,0,1,0,0,0,1,0,0
508_0.72_1.04.png,508,0.72,1.04,0.65<=A<0.75,0.8<=beta<1.1,0.65<=A<0.75 | 0.8<=beta<1.1,midhigh_official_q3,strong_cr_q4,content_k5_c2,residual_midlow_q2,37.258355494816136,,warm,37.51742198838286,0.2590664935667206,0.2590664935667206,0,0,0,37.51742198838286,,0.2590664935667206,36.038511561810445,,-1.2198439330056914,36.626262081836295,,-0.6320934129798417,37.32137712973346,,0.06302163491732671,36.261234360737156,0.9913244843482971,-0.9971211340789807,36.03709487249227,,-1.221260622323868,1,0,0,1,1,0,0,1
509_0.95_1.52.png,509,0.95,1.52,A>=0.95,1.4<=beta<1.7,A>=0.95 | 1.4<=beta<1.7,midlow_official_q2,weak_cr_q1,content_k5_c4,residual_high_q4,32.04202066728793,,warm,31.576472227744215,-0.4655484395437135,0.0,1,0,0,31.576472227744215,,-0.4655484395437135,27.59607749516322,,-4.445943172124707,25.02198121502522,,-7.020039452262708,27.372142009933278,,-4.669878657354651,27.73975846987539,0.9819984436035156,-4.302262197412539,27.59144143737128,,-4.450579229916649,0,1,0,0,0,1,0,0
50_0.66_0.83.png,50,0.66,0.83,0.65<=A<0.75,0.8<=beta<1.1,0.65<=A<0.75 | 0.8<=beta<1.1,midlow_official_q2,midhigh_cr_q3,content_k5_c0,residual_low_q1,30.320939468820022,,cold_cr,32.49679931632312,2.175859847503098,2.175859847503098,0,0,1,30.37822245723662,,0.05728298841659907,32.49679931632312,,2.175859847503098,32.32142217555249,,2.0004827067324698,30.56938589950802,,0.24844643068799854,30.789700331303692,0.9928014874458313,0.4687608624836699,32.483319855368265,,2.162380386548243,1,0,0,1,1,0,0,1
510_0.71_1.55.png,510,0.71,1.55,0.65<=A<0.75,1.4<=beta<1.7,0.65<=A<0.75 | 1.4<=beta<1.7,midhigh_official_q3,midlow_cr_q2,content_k5_c4,residual_high_q4,35.752797342636015,,warm,35.59666484417599,-0.15613249846002475,0.0,1,0,0,35.59666484417599,,-0.15613249846002475,31.094894997333704,,-4.657902345302311,28.084330598177086,,-7.668466744458929,34.11859622248366,,-1.6342011201523547,30.70968728023868,0.9887443780899048,-5.043110062397336,31.082675915784957,,-4.670121426851058,0,1,0,0,0,1,0,0
511_0.79_0.83.png,511,0.79,0.83,0.75<=A<0.85,0.8<=beta<1.1,0.75<=A<0.85 | 0.8<=beta<1.1,midhigh_official_q3,midhigh_cr_q3,content_k5_c2,residual_high_q4,38.892253641643414,,warm,38.47037547396436,-0.4218781676790542,0.0,1,0,0,38.47037547396436,,-0.4218781676790542,34.99264387604371,,-3.899609765599706,32.079275946387796,,-6.8129776952556185,34.78386862742417,,-4.108385014219245,33.35198201511985,0.9930832982063293,-5.5402716265235625,34.98011585534035,,-3.912137786303063,0,1,0,0,0,1,0,0
512_0.94_1.48.png,512,0.94,1.48,0.85<=A<0.95,1.4<=beta<1.7,0.85<=A<0.95 | 1.4<=beta<1.7,midlow_official_q2,weak_cr_q1,content_k5_c4,residual_high_q4,32.61826721104889,,warm,32.18621882945889,-0.4320483815900005,0.0,1,0,0,32.18621882945889,,-0.4320483815900005,27.730208999912755,,-4.8880582111361335,25.29101908162062,,-7.327248129428266,27.78473943379558,,-4.833527777253309,27.98287555854641,0.9827255606651306,-4.635391652502477,27.725495581508994,,-4.892771629539894,0,1,0,0,0,1,0,0
513_0.97_0.99.png,513,0.97,0.99,A>=0.95,0.8<=beta<1.1,A>=0.95 | 0.8<=beta<1.1,midlow_official_q2,midlow_cr_q2,content_k5_c2,residual_high_q4,33.55898845534972,,warm,33.39696332546417,-0.1620251298855493,0.0,1,0,0,33.39696332546417,,-0.1620251298855493,29.479674117445942,,-4.079314337903778,28.940463402464644,,-4.618525052885076,29.164550300993856,,-4.394438154355864,29.131069469059547,0.9848226308822632,-4.427918986290173,29.48249609531039,,-4.076492360039332,0,1,0,0,0,1,0,0
514_0.92_1.6.png,514,0.92,1.6,0.85<=A<0.95,1.4<=beta<1.7,0.85<=A<0.95 | 1.4<=beta<1.7,midlow_official_q2,weak_cr_q1,content_k5_c4,residual_high_q4,31.39516867914221,,warm,31.325722195059985,-0.0694464840822242,0.0,1,0,0,31.325722195059985,,-0.0694464840822242,28.748641345145206,,-2.6465273339970032,27.811415726014992,,-3.5837529531272168,28.266725822830093,,-3.128442856312116,27.962917066353135,0.9779401421546936,-3.4322516127890736,28.749628796450352,,-2.645539882691857,0,1,0,0,0,1,0,0
515_0.62_0.56.png,515,0.62,0.56,A<0.65,beta<0.8,A<0.65 | beta<0.8,strong_official_q4,midhigh_cr_q3,content_k5_c2,residual_low_q1,39.7656623815855,,warm,39.30287524999399,-0.4627871315915115,0.0,1,1,1,39.30287524999399,,-0.4627871315915115,35.11631710782878,,-4.6493452737567225,35.01746211338541,,-4.748200268200087,35.62715476661533,,-4.138507614970173,35.32478645457854,0.9951340556144714,-4.440875927006957,35.1007138859318,,-4.664948495653697,0,1,0,0,0,1,0,0
516_0.64_0.94.png,516,0.64,0.94,A<0.65,0.8<=beta<1.1,A<0.65 | 0.8<=beta<1.1,midhigh_official_q3,midhigh_cr_q3,content_k5_c2,residual_midhigh_q3,38.298560522855375,,warm,38.083949900788966,-0.21461062206640946,0.0,1,0,0,38.083949900788966,,-0.21461062206640946,33.3442271801721,,-4.954333342683277,33.64547384516555,,-4.653086677689828,33.51502127383662,,-4.783539249018752,33.34283266463896,0.992333710193634,-4.955727858216413,33.33211675464507,,-4.966443768210304,0,1,0,0,0,1,0,0
517_0.8_1.62.png,517,0.8,1.62,0.75<=A<0.85,1.4<=beta<1.7,0.75<=A<0.85 | 1.4<=beta<1.7,strong_official_q4,strong_cr_q4,content_k5_c4,residual_low_q1,40.43012283470745,,warm,41.07451635469577,0.64439351998832,0.64439351998832,0,0,1,41.07451635469577,,0.64439351998832,38.24051065902163,,-2.1896121756858165,37.603259087603014,,-2.826863747104433,38.31292215736169,,-2.117200677345757,39.24637240919898,0.9883971214294434,-1.1837504255084639,38.24097513189105,,-2.189147702816399,1,0,0,1,1,0,0,1
518_0.86_0.85.png,518,0.86,0.85,0.85<=A<0.95,0.8<=beta<1.1,0.85<=A<0.95 | 0.8<=beta<1.1,strong_official_q4,strong_cr_q4,content_k5_c4,residual_low_q1,43.80669168810846,,warm,44.274444495112334,0.4677528070038761,0.4677528070038761,0,0,1,44.274444495112334,,0.4677528070038761,42.82329973480587,,-0.9833919533025863,41.71669555718394,,-2.0899961309245185,40.44331618939463,,-3.363375498713829,42.918905968482846,0.9932613968849182,-0.8877857196256116,42.82460778411778,,-0.9820839039906772,1,0,0,1,1,0,0,1
519_0.58_1.19.png,519,0.58,1.19,A<0.65,1.1<=beta<1.4,A<0.65 | 1.1<=beta<1.4,strong_official_q4,strong_cr_q4,content_k5_c4,residual_low_q1,43.91336890921401,,warm,44.22242234168304,0.30905343246903527,0.30905343246903527,0,0,1,44.22242234168304,,0.30905343246903527,41.798835376708126,,-2.114533532505881,43.07016861084806,,-0.8432002983659501,41.19267428000483,,-2.720694629209177,42.446576850593885,0.9931891560554504,-1.466792058620122,41.800191124351684,,-2.113177784862323,1,0,0,1,1,0,0,1
51_0.6_1.79.png,51,0.6,1.79,A<0.65,beta>=1.7,A<0.65 | beta>=1.7,midlow_official_q2,midlow_cr_q2,content_k5_c1,residual_midhigh_q3,33.55578625431156,,warm,34.046889182229684,0.4911029279181207,0.4911029279181207,0,0,0,34.046889182229684,,0.4911029279181207,29.81090184934594,,-3.7448844049656245,28.39773265172259,,-5.158053602588975,32.501609818535215,,-1.0541764357763483,29.943177794947673,0.9886391758918762,-3.6126084593638907,29.801347178369134,,-3.754439075942429,1,0,0,1,1,0,0,1
520_0.95_0.81.png,520,0.95,0.81,A>=0.95,0.8<=beta<1.1,A>=0.95 | 0.8<=beta<1.1,strong_official_q4,strong_cr_q4,content_k5_c4,residual_low_q1,43.239534086176185,,warm,43.5012965631373,0.2617624769611169,0.2617624769611169,0,0,1,43.5012965631373,,0.2617624769611169,41.09213435069676,,-2.147399735479425,41.12172412357138,,-2.1178099626048024,40.68573197667277,,-2.5538021095034154,42.11230362876491,0.9928258061408997,-1.1272304574112724,41.09314178052192,,-2.146392305654267,1,0,0,1,1,0,0,1
521_0.53_1.56.png,521,0.53,1.56,A<0.65,1.4<=beta<1.7,A<0.65 | 1.4<=beta<1.7,midhigh_official_q3,strong_cr_q4,content_k5_c4,residual_midhigh_q3,34.90945910826921,,lfv1,37.073615688452655,2.1641565801834446,2.1641565801834446,0,0,0,35.18317231709684,,0.27371320882762973,36.04440916131484,,1.1349500530456282,37.073615688452655,,2.1641565801834446,33.9253339963006,,-0.9841251119686092,36.761536089836,0.9902345538139343,1.852076981566789,36.037773465353816,,1.128314357084605,1,0,0,1,1,0,0,1
522_0.68_1.78.png,522,0.68,1.78,0.65<=A<0.75,beta>=1.7,0.65<=A<0.75 | beta>=1.7,midhigh_official_q3,midhigh_cr_q3,content_k5_c4,residual_high_q4,35.06606450478995,,crplus,35.88717114010761,0.8211066353176619,0.8211066353176619,0,0,0,35.07314871366964,,0.007084208879689413,35.31783990299509,,0.2517753982051403,34.999186408345395,,-0.06687809644455456,34.85082007765755,,-0.21524442713239722,35.88717114010761,0.9855349063873291,0.8211066353176619,35.31790269067687,,0.25183818588691764,1,0,0,1,1,0,0,1
523_0.5_1.76.png,523,0.5,1.76,A<0.65,beta>=1.7,A<0.65 | beta>=1.7,midlow_official_q2,midhigh_cr_q3,content_k5_c1,residual_midhigh_q3,31.251595612206827,,lfv1,33.8029723977217,2.5513767855148757,2.5513767855148757,0,0,0,31.572006972581917,,0.32041136037508977,32.705997375481054,,1.4544017632742268,33.8029723977217,,2.5513767855148757,31.050305679363266,,-0.20128993284356156,33.67147310362286,0.9884549975395203,2.419877491416031,32.699344338179145,,1.4477487259723176,1,0,0,1,1,0,0,1
524_0.59_1.65.png,524,0.59,1.65,A<0.65,1.4<=beta<1.7,A<0.65 | 1.4<=beta<1.7,midhigh_official_q3,strong_cr_q4,content_k5_c4,residual_midhigh_q3,36.896333392411414,,crplus,37.87598299959056,0.9796496071791481,0.9796496071791481,0,0,0,37.102579152032526,,0.2062457596211118,37.05044982371063,,0.15411643129921515,36.72584319046513,,-0.1704902019462864,34.744025081457764,,-2.15230831095365,37.87598299959056,0.9890236258506775,0.9796496071791481,37.04913396773163,,0.15280057532021374,1,0,0,1,1,0,0,1
525_0.74_1.31.png,525,0.74,1.31,0.65<=A<0.75,1.1<=beta<1.4,0.65<=A<0.75 | 1.1<=beta<1.4,strong_official_q4,strong_cr_q4,content_k5_c2,residual_low_q1,42.18768241791775,,warm,42.099591665746914,-0.08809075217083517,0.0,1,1,1,42.099591665746914,,-0.08809075217083517,37.60094322395429,,-4.58673919396346,38.26376062447584,,-3.923921793441906,38.965874649756806,,-3.221807768160943,37.776278726159134,0.9942415356636047,-4.411403691758615,37.60596801346839,,-4.581714404449357,0,1,0,0,0,1,0,0
526_0.73_0.69.png,526,0.73,0.69,0.65<=A<0.75,beta<0.8,0.65<=A<0.75 | beta<0.8,strong_official_q4,strong_cr_q4,content_k5_c2,residual_low_q1,44.94499167854295,,warm,45.17182829151628,0.22683661297332947,0.22683661297332947,0,0,1,45.17182829151628,,0.22683661297332947,41.23039388762113,,-3.7145977909218146,41.53334801508895,,-3.411643663454001,41.46299189401836,,-3.4819997845245894,41.002774062939366,0.9959415793418884,-3.9422176156035817,41.238857218262,,-3.70613446028095,1,0,0,1,1,0,0,1
527_0.72_1.87.png,527,0.72,1.87,0.65<=A<0.75,beta>=1.7,0.65<=A<0.75 | beta>=1.7,strong_official_q4,strong_cr_q4,content_k5_c2,residual_midlow_q2,40.10665711085851,,warm,39.85937271503292,-0.24728439582558792,0.0,1,1,0,39.85937271503292,,-0.24728439582558792,35.90225897635307,,-4.204398134505439,36.862275322256856,,-3.2443817886016504,37.117122253277216,,-2.9895348575812903,36.2965104095199,0.9918530583381653,-3.81014670133861,35.906317860165004,,-4.200339250693503,0,1,0,0,0,1,0,0
528_0.95_0.76.png,528,0.95,0.76,A>=0.95,beta<0.8,A>=0.95 | beta<0.8,strong_official_q4,strong_cr_q4,content_k5_c2,residual_low_q1,42.10802623224368,,warm,42.28407153734369,0.17604530510001126,0.17604530510001126,0,0,1,42.28407153734369,,0.17604530510001126,38.199903422670616,,-3.908122809573065,38.78143888172334,,-3.3265873505203416,38.61323975028285,,-3.49478648196083,37.80647983394062,0.995107114315033,-4.30154639830306,38.20702032089022,,-3.901005911353458,1,0,0,1,0,0,1,-1
529_0.86_1.47.png,529,0.86,1.47,0.85<=A<0.95,1.4<=beta<1.7,0.85<=A<0.95 | 1.4<=beta<1.7,midhigh_official_q3,midhigh_cr_q3,content_k5_c2,residual_midlow_q2,38.3808509526436,,warm,38.11848757475074,-0.2623633778928607,0.0,1,0,0,38.11848757475074,,-0.2623633778928607,35.26928920594963,,-3.1115617466939653,37.30127439743893,,-1.0795765552046674,38.029463157623496,,-0.3513877950201021,37.21866768680498,0.992606520652771,-1.162183265838621,35.26403011702372,,-3.116820835619876,0,1,0,0,0,1,0,0
52_0.57_1.57.png,52,0.57,1.57,A<0.65,1.4<=beta<1.7,A<0.65 | 1.4<=beta<1.7,midlow_official_q2,midlow_cr_q2,content_k5_c1,residual_midhigh_q3,31.815347847231536,,warm,31.977536747452362,0.16218890022082633,0.16218890022082633,0,0,0,31.977536747452362,,0.16218890022082633,30.063538649290106,,-1.75180919794143,27.413435519986386,,-4.4019123272451495,30.613757469131137,,-1.2015903781003985,29.58330850040842,0.9888023734092712,-2.2320393468231146,30.054047590527034,,-1.7613002567045015,1,0,0,1,0,0,1,-1
530_0.62_1.06.png,530,0.62,1.06,A<0.65,0.8<=beta<1.1,A<0.65 | 0.8<=beta<1.1,strong_official_q4,strong_cr_q4,content_k5_c2,residual_low_q1,41.37222137482118,,crplus,41.42977708850685,0.05755571368567303,0.05755571368567303,0,0,1,40.54596828326723,,-0.8262530915539514,38.137258000581134,,-3.2349633742400457,40.25968030805902,,-1.1125410667621622,40.01244616211753,,-1.3597752127036529,41.42977708850685,0.9954561591148376,0.05755571368567303,38.1388617237348,,-3.2333596510863813,0,0,1,-1,0,0,1,-1
531_0.78_1.72.png,531,0.78,1.72,0.75<=A<0.85,beta>=1.7,0.75<=A<0.85 | beta>=1.7,midhigh_official_q3,midhigh_cr_q3,content_k5_c4,residual_midlow_q2,39.03497558200271,,warm,38.62501239048094,-0.4099631915217685,0.0,1,0,0,38.62501239048094,,-0.4099631915217685,35.406158356059116,,-3.6288172259435925,37.451711904525254,,-1.5832636774774542,38.13259838052434,,-0.902377201478366,38.33343269249185,0.9928534626960754,-0.7015428895108613,35.402441278372294,,-3.6325343036304147,0,1,0,0,0,1,0,0
532_0.63_1.43.png,532,0.63,1.43,A<0.65,1.4<=beta<1.7,A<0.65 | 1.4<=beta<1.7,strong_official_q4,strong_cr_q4,content_k5_c2,residual_low_q1,40.78432391739451,,warm,40.25490864430456,-0.5294152730899526,0.0,1,1,1,40.25490864430456,,-0.5294152730899526,37.181796871339756,,-3.602527046054753,39.42937256680205,,-1.354951350592458,39.29493322557572,,-1.489390691818791,39.87944011926827,0.9942298531532288,-0.9048837981262423,37.1815247279694,,-3.602799189425106,0,1,0,0,0,1,0,0
533_0.75_0.77.png,533,0.75,0.77,0.75<=A<0.85,beta<0.8,0.75<=A<0.85 | beta<0.8,midhigh_official_q3,strong_cr_q4,content_k5_c2,residual_low_q1,38.788522510220346,,warm,38.47007064874911,-0.31845186147123883,0.0,1,0,1,38.47007064874911,,-0.31845186147123883,37.171536258443005,,-1.616986251777341,36.48340748203017,,-2.3051150281901798,36.4451311532069,,-2.343391357013445,36.71899672234334,0.9819344282150269,-2.069525787877005,37.17246324657495,,-1.616059263645397,0,1,0,0,0,1,0,0
534_0.58_0.58.png,534,0.58,0.58,A<0.65,beta<0.8,A<0.65 | beta<0.8,strong_official_q4,strong_cr_q4,content_k5_c2,residual_low_q1,41.7353132514937,,warm,41.57713643295284,-0.1581768185408592,0.0,1,1,1,41.57713643295284,,-0.1581768185408592,38.76977826161168,,-2.9655349898820234,38.584905701663324,,-3.1504075498303763,37.94057903095515,,-3.794734220538551,39.16056029772135,0.9881777763366699,-2.5747529537723537,38.77012391132151,,-2.965189340172188,0,1,0,0,0,1,0,0
535_0.65_1.44.png,535,0.65,1.44,0.65<=A<0.75,1.4<=beta<1.7,0.65<=A<0.75 | 1.4<=beta<1.7,midhigh_official_q3,midhigh_cr_q3,content_k5_c4,residual_midlow_q2,37.07448269641051,,warm,36.99457325273292,-0.07990944367759312,0.0,1,0,0,36.99457325273292,,-0.07990944367759312,35.685315903859646,,-1.389166792550867,34.98663713670694,,-2.087845559703574,35.32782033974284,,-1.7466623566676702,35.66545175537005,0.9772419929504395,-1.409030941040463,35.68691823792872,,-1.3875644584817906,0,1,0,0,0,1,0,0
536_0.93_0.57.png,536,0.93,0.57,0.85<=A<0.95,beta<0.8,0.85<=A<0.95 | beta<0.8,midhigh_official_q3,strong_cr_q4,content_k5_c2,residual_midlow_q2,38.21780541798235,,warm,37.85479939121374,-0.36300602676860905,0.0,1,0,0,37.85479939121374,,-0.36300602676860905,36.97537686682267,,-1.2424285511596764,36.47294214935185,,-1.7448632686304961,35.21739661428178,,-3.000408803700566,35.44973541332894,0.981274425983429,-2.76807000465341,36.97608997305394,,-1.2417154449284098,0,1,0,0,0,1,0,0
537_0.58_1.0.png,537,0.58,1.0,A<0.65,0.8<=beta<1.1,A<0.65 | 0.8<=beta<1.1,strong_official_q4,strong_cr_q4,content_k5_c2,residual_midlow_q2,41.459383419131264,,warm,42.11935740406148,0.6599739849302182,0.6599739849302182,0,0,0,42.11935740406148,,0.6599739849302182,37.202518874372544,,-4.25686454475872,37.86866412120283,,-3.5907192979284304,38.39513050683894,,-3.064252912292325,37.253565234749225,0.9942562580108643,-4.205818184382039,37.19040195576869,,-4.268981463362572,1,0,0,1,1,0,0,1
538_0.61_1.35.png,538,0.61,1.35,A<0.65,1.1<=beta<1.4,A<0.65 | 1.1<=beta<1.4,strong_official_q4,midhigh_cr_q3,content_k5_c4,residual_midlow_q2,39.42742897917455,,warm,40.13876546391642,0.7113364847418708,0.7113364847418708,0,0,0,40.13876546391642,,0.7113364847418708,34.346653415905315,,-5.080775563269235,35.12559147730695,,-4.3018375018676025,37.09788403842532,,-2.32954494074923,34.31928251172949,0.9917243123054504,-5.10814646744506,34.336790958072385,,-5.090638021102166,1,0,0,1,1,0,0,1
539_0.86_1.44.png,539,0.86,1.44,0.85<=A<0.95,1.4<=beta<1.7,0.85<=A<0.95 | 1.4<=beta<1.7,midhigh_official_q3,midhigh_cr_q3,content_k5_c4,residual_high_q4,35.891738125129685,,warm,36.31154051373877,0.41980238860908514,0.41980238860908514,0,0,0,36.31154051373877,,0.41980238860908514,33.59481417020824,,-2.2969239549214464,34.44568287798562,,-1.4460552471440664,32.02350534410105,,-3.868232781028631,32.537797992805174,0.9875323176383972,-3.35394013232451,33.59356929221251,,-2.2981688329171774,1,0,0,1,1,0,0,1
53_0.72_1.32.png,53,0.72,1.32,0.65<=A<0.75,1.1<=beta<1.4,0.65<=A<0.75 | 1.1<=beta<1.4,weak_official_q1,midlow_cr_q2,content_k5_c0,residual_midhigh_q3,29.39191726632015,,residualcalib,30.687384960038354,1.295467693718205,1.295467693718205,0,0,0,29.323064974971178,,-0.0688522913489713,30.10578397697149,,0.7138667106513417,29.472168242408927,,0.08025097608877729,30.687384960038354,,1.295467693718205,28.917523830891014,0.9833221435546875,-0.4743934354291355,30.10461825875776,,0.7127009924376111,1,0,0,1,1,0,0,1
540_0.65_1.28.png,540,0.65,1.28,0.65<=A<0.75,1.1<=beta<1.4,0.65<=A<0.75 | 1.1<=beta<1.4,strong_official_q4,midhigh_cr_q3,content_k5_c4,residual_midlow_q2,39.265386511924135,,warm,39.88970909386896,0.6243225819448242,0.6243225819448242,0,0,0,39.88970909386896,,0.6243225819448242,35.073656855273775,,-4.1917296566503595,36.28357550046789,,-2.9818110114562444,36.65129983470038,,-2.614086677223753,34.99143460313921,0.9920235276222229,-4.273951908784923,35.06445001937535,,-4.200936492548784,1,0,0,1,1,0,0,1
541_0.58_1.83.png,541,0.58,1.83,A<0.65,beta>=1.7,A<0.65 | beta>=1.7,midhigh_official_q3,midhigh_cr_q3,content_k5_c2,residual_midhigh_q3,38.678021169580944,,warm,37.67078126885414,-1.0072399007268018,0.0,1,0,0,37.67078126885414,,-1.0072399007268018,35.35213768077479,,-3.3258834888061557,35.276378689437784,,-3.4016424801431597,33.55870851266127,,-5.119312656919675,33.7343732550907,0.9906198978424072,-4.943647914490242,35.349855251006005,,-3.328165918574939,0,1,0,0,0,1,0,0
542_0.78_0.72.png,542,0.78,0.72,0.75<=A<0.85,beta<0.8,0.75<=A<0.85 | beta<0.8,strong_official_q4,strong_cr_q4,content_k5_c2,residual_low_q1,41.738016427792466,,warm,40.36676814955467,-1.3712482782377933,0.0,1,1,1,40.36676814955467,,-1.3712482782377933,38.66183704791355,,-3.0761793798789157,39.21639931966861,,-2.5216171081238556,37.170078127271665,,-4.567938300520801,37.60254363953252,0.9947287440299988,-4.135472788259946,38.66225595302036,,-3.0757604747721032,0,1,0,0,0,1,0,0
543_0.82_1.54.png,543,0.82,1.54,0.75<=A<0.85,1.4<=beta<1.7,0.75<=A<0.85 | 1.4<=beta<1.7,strong_official_q4,strong_cr_q4,content_k5_c2,residual_midlow_q2,40.2718342910011,,warm,40.02380594366598,-0.24802834733512213,0.0,1,1,0,40.02380594366598,,-0.24802834733512213,36.98658654783065,,-3.2852477431704514,37.34487097558534,,-2.9269633154157617,36.45301415479407,,-3.81882013620703,36.60239234083695,0.992672324180603,-3.669441950164149,36.98722759680866,,-3.2846066941924406,0,1,0,0,0,1,0,0
544_0.53_0.73.png,544,0.53,0.73,A<0.65,beta<0.8,A<0.65 | beta<0.8,strong_official_q4,strong_cr_q4,content_k5_c2,residual_midlow_q2,40.63316942123083,,warm,39.01325322303674,-1.6199161981940904,0.0,1,1,0,39.01325322303674,,-1.6199161981940904,36.75733676746711,,-3.875832653763723,37.38058428862963,,-3.2525851326012045,34.44645515994356,,-6.186714261287271,35.398184564962484,0.9935511946678162,-5.234984856268348,36.75465172564344,,-3.878517695587391,0,1,0,0,0,1,0,0
545_0.65_1.46.png,545,0.65,1.46,0.65<=A<0.75,1.4<=beta<1.7,0.65<=A<0.75 | 1.4<=beta<1.7,strong_official_q4,strong_cr_q4,content_k5_c4,residual_low_q1,44.903856324343906,,warm,44.97644154753346,0.07258522318955585,0.07258522318955585,0,0,1,44.97644154753346,,0.07258522318955585,40.00254869144143,,-4.901307632902473,39.63941689902117,,-5.264439425322735,39.66011455745911,,-5.243741766884796,39.62558135565488,0.9933792948722839,-5.278274968689026,40.00232642517595,,-4.901529899167954,0,0,1,-1,0,0,1,-1
546_0.93_1.03.png,546,0.93,1.03,0.85<=A<0.95,0.8<=beta<1.1,0.85<=A<0.95 | 0.8<=beta<1.1,strong_official_q4,strong_cr_q4,content_k5_c2,residual_low_q1,42.70779055181922,,warm,42.49306853268662,-0.21472201913260136,0.0,1,1,1,42.49306853268662,,-0.21472201913260136,38.13646376769747,,-4.5713267841217515,38.08129318498112,,-4.626497366838102,38.516265135565945,,-4.191525416253278,38.59515402417952,0.9929512739181519,-4.112636527639701,38.134862574952415,,-4.572927976866808,0,1,0,0,0,1,0,0
547_0.86_0.87.png,547,0.86,0.87,0.85<=A<0.95,0.8<=beta<1.1,0.85<=A<0.95 | 0.8<=beta<1.1,strong_official_q4,strong_cr_q4,content_k5_c2,residual_low_q1,44.36274668611942,,warm,44.40862575989378,0.0458790737743584,0.0458790737743584,1,1,1,44.40862575989378,,0.0458790737743584,39.52397428192499,,-4.8387724041944296,39.42143858582168,,-4.941308100297739,39.74608291137133,,-4.6166637747480905,39.71608740512116,0.9941760897636414,-4.646659280998264,39.521123533944845,,-4.841623152174577,0,1,0,0,0,1,0,0
548_0.7_1.93.png,548,0.7,1.93,0.65<=A<0.75,beta>=1.7,0.65<=A<0.75 | beta>=1.7,strong_official_q4,strong_cr_q4,content_k5_c4,residual_midlow_q2,42.47871072645714,,warm,42.60923194520526,0.13052121874812173,0.13052121874812173,0,0,0,42.60923194520526,,0.13052121874812173,38.06789702484966,,-4.410813701607481,37.51033850963128,,-4.9683722168258555,37.8155121759522,,-4.663198550504937,37.45747157926686,0.9904670119285583,-5.021239147190279,38.066466671474316,,-4.412244054982821,0,0,1,-1,0,0,1,-1
549_0.6_0.92.png,549,0.6,0.92,A<0.65,0.8<=beta<1.1,A<0.65 | 0.8<=beta<1.1,strong_official_q4,strong_cr_q4,content_k5_c2,residual_low_q1,44.58791302624414,,warm,44.597434902026016,0.009521875781878464,0.009521875781878464,1,1,1,44.597434902026016,,0.009521875781878464,39.95915067368685,,-4.628762352557288,38.89858958849909,,-5.6893234377450455,40.590868503067824,,-3.9970445231763136,40.54957735029432,0.9955076575279236,-4.038335675949817,39.942465885888964,,-4.645447140355174,0,1,0,0,0,1,0,0
54_0.91_0.59.png,54,0.91,0.59,0.85<=A<0.95,beta<0.8,0.85<=A<0.95 | beta<0.8,midlow_official_q2,midlow_cr_q2,content_k5_c0,residual_low_q1,30.494210136670308,,cold_cr,30.524967541990996,0.03075740532068849,0.03075740532068849,1,0,1,30.464498870046963,,-0.029711266623344557,30.524967541990996,,0.03075740532068849,29.573707629305048,,-0.92050250736526,30.25832827379704,,-0.23588186287326707,29.274451353312358,0.9874273538589478,-1.2197587833579497,30.524225894591947,,0.030015757921638908,0,1,0,0,0,1,0,0
550_0.55_1.01.png,550,0.55,1.01,A<0.65,0.8<=beta<1.1,A<0.65 | 0.8<=beta<1.1,strong_official_q4,strong_cr_q4,content_k5_c2,residual_midlow_q2,44.31272066894695,,warm,44.21801344253281,-0.09470722641414397,0.0,1,1,0,44.21801344253281,,-0.09470722641414397,37.121359717931384,,-7.191360951015568,37.402152083532954,,-6.910568585413998,38.44332505219176,,-5.869395616755192,39.04299441658261,0.9951940774917603,-5.269726252364343,37.106144149872485,,-7.206576519074467,0,1,0,0,0,1,0,0
551_0.71_1.31.png,551,0.71,1.31,0.65<=A<0.75,1.1<=beta<1.4,0.65<=A<0.75 | 1.1<=beta<1.4,strong_official_q4,strong_cr_q4,content_k5_c4,residual_midlow_q2,41.58931318898115,,warm,41.442302818685235,-0.14701037029591646,0.0,1,1,0,41.442302818685235,,-0.14701037029591646,37.63963839563918,,-3.94967479334197,38.02073358753171,,-3.568579601449443,38.53258190759958,,-3.0567312813815732,39.10880161604418,0.9939708113670349,-2.480511572936969,37.62856759294317,,-3.960745596037981,0,1,0,0,0,1,0,0
552_0.88_1.88.png,552,0.88,1.88,0.85<=A<0.95,beta>=1.7,0.85<=A<0.95 | beta>=1.7,midhigh_official_q3,midhigh_cr_q3,content_k5_c4,residual_midhigh_q3,37.32226672865269,,warm,37.07875002076794,-0.24351670788475133,0.0,1,0,0,37.07875002076794,,-0.24351670788475133,33.992015475507,,-3.33025125314569,34.745286866887845,,-2.5769798617648476,33.72033135554132,,-3.601935373111374,34.47652268914679,0.9863304495811462,-2.8457440395059024,33.989046409663835,,-3.3332203189888574,0,1,0,0,0,1,0,0
553_0.51_1.76.png,553,0.51,1.76,A<0.65,beta>=1.7,A<0.65 | beta>=1.7,strong_official_q4,midhigh_cr_q3,content_k5_c2,residual_high_q4,42.40930494730418,,warm,42.03070977561754,-0.3785951716866407,0.0,1,1,0,42.03070977561754,,-0.3785951716866407,34.196748528254844,,-8.212556419049335,32.54767981038475,,-9.861625136919429,37.91324077495163,,-4.496064172352547,35.866075342182036,0.9954290390014648,-6.543229605122143,34.17600561409327,,-8.233299333210908,0,1,0,0,0,1,0,0
554_0.96_1.87.png,554,0.96,1.87,A>=0.95,beta>=1.7,A>=0.95 | beta>=1.7,midhigh_official_q3,midhigh_cr_q3,content_k5_c2,residual_midlow_q2,35.79481416957934,,warm,35.93565573322293,0.14084156364359046,0.14084156364359046,0,0,0,35.93565573322293,,0.14084156364359046,35.18956881061059,,-0.6052453589687516,35.207461019848324,,-0.5873531497310154,35.36023096523201,,-0.43458320434732656,34.522082025806725,0.9917284250259399,-1.2727321437726147,35.18587521009892,,-0.6089389594804189,0,0,1,-1,0,0,1,-1
555_0.75_1.55.png,555,0.75,1.55,0.75<=A<0.85,1.4<=beta<1.7,0.75<=A<0.85 | 1.4<=beta<1.7,strong_official_q4,strong_cr_q4,content_k5_c2,residual_midlow_q2,40.04963666224712,,cold_cr,40.99707952524071,0.94744286299359,0.94744286299359,0,0,0,40.58116715504503,,0.5315304927979128,40.99707952524071,,0.94744286299359,39.32350264054645,,-0.7261340217006662,39.174447729754995,,-0.8751889324921223,39.388555686805475,0.9951034188270569,-0.6610809754416422,40.98192587300648,,0.9322892107593646,1,0,0,1,1,0,0,1
556_0.61_0.91.png,556,0.61,0.91,A<0.65,0.8<=beta<1.1,A<0.65 | 0.8<=beta<1.1,strong_official_q4,strong_cr_q4,content_k5_c2,residual_midlow_q2,45.42663608575025,,warm,46.53828903121227,1.1116529454620192,1.1116529454620192,0,0,0,46.53828903121227,,1.1116529454620192,40.99734827158012,,-4.429287814170131,38.875938639034004,,-6.550697446716249,43.13584924636057,,-2.290786839389682,42.795637095783675,0.9968406558036804,-2.630998989966578,40.96165043440048,,-4.464985651349771,1,0,0,1,1,0,0,1
557_0.68_0.68.png,557,0.68,0.68,0.65<=A<0.75,beta<0.8,0.65<=A<0.75 | beta<0.8,strong_official_q4,strong_cr_q4,content_k5_c2,residual_low_q1,43.12676386244624,,warm,43.01219990272876,-0.11456395971747924,0.0,1,1,1,43.01219990272876,,-0.11456395971747924,40.07522999393463,,-3.051533868511612,42.592000236781615,,-0.534763625664624,41.823425961109955,,-1.3033379013362847,41.423903386082976,0.9962988495826721,-1.7028604763632629,40.055555318624016,,-3.071208543822223,0,1,0,0,0,1,0,0
558_0.93_1.03.png,558,0.93,1.03,0.85<=A<0.95,0.8<=beta<1.1,0.85<=A<0.95 | 0.8<=beta<1.1,midhigh_official_q3,strong_cr_q4,content_k5_c2,residual_midhigh_q3,35.967722703563,,cold_cr,37.39950168192175,1.43177897835875,1.43177897835875,0,0,0,36.48549125487321,,0.5177685513102119,37.39950168192175,,1.43177897835875,36.5679126787245,,0.6001899751614985,35.5664462310491,,-0.4012764725138993,35.9720472427147,0.9924670457839966,0.004324539151703277,37.396256014973176,,1.4285333114101775,1,0,0,1,1,0,0,1
559_1.0_1.23.png,559,1.0,1.23,A>=0.95,1.1<=beta<1.4,A>=0.95 | 1.1<=beta<1.4,midlow_official_q2,midhigh_cr_q3,content_k5_c2,residual_high_q4,33.40479831462377,,cbrfrc,34.2252261570627,0.8204278424389315,0.8204278424389315,0,0,0,33.8419558702425,,0.4371575556187324,34.22464201191142,,0.8198436972876522,33.69795737771505,,0.2931590630912808,32.90532541395275,,-0.4994729006710159,32.78400691219227,0.989318311214447,-0.6207914024315002,34.2252261570627,,0.8204278424389315,1,0,0,1,1,0,0,1
55_0.56_1.57.png,55,0.56,1.57,A<0.65,1.4<=beta<1.7,A<0.65 | 1.4<=beta<1.7,midlow_official_q2,midhigh_cr_q3,content_k5_c0,residual_midhigh_q3,32.4469449753975,,cold_cr,34.08661003998156,1.639665064584058,1.639665064584058,0,0,0,32.470990727400604,,0.024045752003104326,34.08661003998156,,1.639665064584058,32.54171225661908,,0.09476728122157851,32.443786955176215,,-0.003158020221285085,31.993134948774898,0.9857749938964844,-0.4538100266226017,34.08590434437762,,1.6389593689801174,1,0,0,1,1,0,0,1
560_0.74_1.77.png,560,0.74,1.77,0.65<=A<0.75,beta>=1.7,0.65<=A<0.75 | beta>=1.7,midhigh_official_q3,strong_cr_q4,content_k5_c2,residual_midhigh_q3,37.49253153963406,,warm,38.18424191369644,0.6917103740623816,0.6917103740623816,0,0,0,38.18424191369644,,0.6917103740623816,37.5906330744072,,0.09810153477314287,33.865913851685086,,-3.626617687948972,35.817185587809206,,-1.675345951824852,36.27032046416899,0.9919757843017578,-1.2222110754650686,37.58436841161188,,0.09183687197781865,1,0,0,1,1,0,0,1
561_0.52_1.24.png,561,0.52,1.24,A<0.65,1.1<=beta<1.4,A<0.65 | 1.1<=beta<1.4,strong_official_q4,strong_cr_q4,content_k5_c2,residual_low_q1,40.48781769643593,,warm,41.0817368226536,0.5939191262176706,0.5939191262176706,0,0,1,41.0817368226536,,0.5939191262176706,37.18430013502407,,-3.3035175614118657,36.88291019077826,,-3.604907505657671,37.736984036693066,,-2.7508336597428666,37.46827647460235,0.9953662157058716,-3.0195412218335846,37.18511912150261,,-3.3026985749333235,1,0,0,1,1,0,0,1
562_0.83_0.92.png,562,0.83,0.92,0.75<=A<0.85,0.8<=beta<1.1,0.75<=A<0.85 | 0.8<=beta<1.1,midhigh_official_q3,strong_cr_q4,content_k5_c2,residual_midlow_q2,38.0467880859253,,warm,38.280375130198266,0.23358704427296573,0.23358704427296573,0,0,0,38.280375130198266,,0.23358704427296573,37.7746493467843,,-0.27213873914099906,37.09502246106152,,-0.951765624863782,37.28742613915141,,-0.7593619467738932,37.95474959037067,0.9956333041191101,-0.0920384955546325,37.77804321959023,,-0.26874486633506933,1,0,0,1,1,0,0,1
563_0.56_1.5.png,563,0.56,1.5,A<0.65,1.4<=beta<1.7,A<0.65 | 1.4<=beta<1.7,strong_official_q4,strong_cr_q4,content_k5_c2,residual_low_q1,39.21572873067659,,warm,39.60982837148675,0.39409964081016113,0.39409964081016113,0,0,1,39.60982837148675,,0.39409964081016113,36.60778813376667,,-2.60794059690992,36.07271289001718,,-3.143015840659409,37.35015926180743,,-1.865569468869161,36.27398381709724,0.9944481253623962,-2.941744913579349,36.61001295385477,,-2.6057157768218175,1,0,0,1,1,0,0,1
564_0.83_1.95.png,564,0.83,1.95,0.75<=A<0.85,beta>=1.7,0.75<=A<0.85 | beta>=1.7,midhigh_official_q3,midhigh_cr_q3,content_k5_c4,residual_midhigh_q3,34.90259022513623,,warm,35.27018661554466,0.36759639040842984,0.36759639040842984,0,0,0,35.27018661554466,,0.36759639040842984,34.42447128034496,,-0.4781189447912695,34.19871265033383,,-0.703877574802398,33.858041503886554,,-1.0445487212496758,34.06687024300798,0.9914549589157104,-0.8357199821282464,34.42888011941452,,-0.47371010572170746,1,0,0,1,1,0,0,1
565_0.8_0.81.png,565,0.8,0.81,0.75<=A<0.85,0.8<=beta<1.1,0.75<=A<0.85 | 0.8<=beta<1.1,midhigh_official_q3,midhigh_cr_q3,content_k5_c2,residual_midlow_q2,34.9866223932555,,warm,34.80755937235746,-0.1790630208980417,0.0,1,0,0,34.80755937235746,,-0.1790630208980417,32.83860605984906,,-2.1480163334064386,32.276544902948274,,-2.7100774903072278,33.6597803147038,,-1.3268420785516994,31.734399689703096,0.9884741306304932,-3.2522227035524054,32.838820385608074,,-2.147802007647428,0,1,0,0,0,1,0,0
566_0.82_1.84.png,566,0.82,1.84,0.75<=A<0.85,beta>=1.7,0.75<=A<0.85 | beta>=1.7,midlow_official_q2,midlow_cr_q2,content_k5_c4,residual_high_q4,31.385529764545176,,warm,31.332078798172134,-0.05345096637304181,0.0,1,0,0,31.332078798172134,,-0.05345096637304181,29.152443503638548,,-2.233086260906628,28.195054102337366,,-3.1904756622078096,30.115037938348493,,-1.2704918261966824,28.365327691108035,0.973522424697876,-3.02020207343714,29.152832432222063,,-2.232697332323113,0,1,0,0,0,1,0,0
567_0.56_0.66.png,567,0.56,0.66,A<0.65,beta<0.8,A<0.65 | beta<0.8,strong_official_q4,strong_cr_q4,content_k5_c2,residual_low_q1,40.03286426845903,,warm,39.87190516113786,-0.16095910732116891,0.0,1,1,1,39.87190516113786,,-0.16095910732116891,38.0075909556715,,-2.025273312787526,37.14737104618277,,-2.88549322227626,36.679691242384436,,-3.353173026074593,36.26858656550067,0.9927796125411987,-3.76427770295836,38.00473382346565,,-2.02813044499338,0,1,0,0,0,1,0,0
568_0.51_1.22.png,568,0.51,1.22,A<0.65,1.1<=beta<1.4,A<0.65 | 1.1<=beta<1.4,midhigh_official_q3,midhigh_cr_q3,content_k5_c2,residual_midlow_q2,37.534348475561906,,warm,37.46681964310375,-0.06752883245815866,0.0,1,0,0,37.46681964310375,,-0.06752883245815866,35.11255399413048,,-2.4217944814314265,35.372089621897146,,-2.16225885366476,34.69714118743441,,-2.8372072881274946,34.08773602220145,0.9907014966011047,-3.4466124533604585,35.108318340640764,,-2.4260301349211417,0,1,0,0,0,1,0,0
569_0.87_1.21.png,569,0.87,1.21,0.85<=A<0.95,1.1<=beta<1.4,0.85<=A<0.95 | 1.1<=beta<1.4,midhigh_official_q3,midhigh_cr_q3,content_k5_c2,residual_midhigh_q3,37.688101380088106,,warm,37.760594991712814,0.07249361162470791,0.07249361162470791,0,0,0,37.760594991712814,,0.07249361162470791,32.7576103337644,,-4.930491046323709,33.65600957050692,,-4.032091809581189,33.38721451419958,,-4.300886865888529,33.327235034465744,0.992335319519043,-4.360866345622362,32.756206249760424,,-4.931895130327682,0,0,1,-1,0,0,1,-1
56_0.84_1.19.png,56,0.84,1.19,0.75<=A<0.85,1.1<=beta<1.4,0.75<=A<0.85 | 1.1<=beta<1.4,weak_official_q1,weak_cr_q1,content_k5_c0,residual_midhigh_q3,28.738644917118595,,warm,28.67499080051708,-0.06365411660151565,0.0,1,0,0,28.67499080051708,,-0.06365411660151565,28.544354589199813,,-0.19429032791878242,28.233265584487313,,-0.5053793326312821,28.47331818170275,,-0.26532673541584373,28.079288454921954,0.9830113649368286,-0.6593564621966408,28.541832791238846,,-0.19681212587974883,0,1,0,0,0,1,0,0
570_0.63_0.57.png,570,0.63,0.57,A<0.65,beta<0.8,A<0.65 | beta<0.8,strong_official_q4,strong_cr_q4,content_k5_c2,residual_low_q1,43.87351238217199,,warm,44.210712286003265,0.3371999038312765,0.3371999038312765,0,0,1,44.210712286003265,,0.3371999038312765,40.071102131930154,,-3.8024102502418344,41.07533876952174,,-2.7981736126502454,40.39874265453371,,-3.474769727638275,40.96032377863346,0.9969276785850525,-2.9131886035385293,40.08667224098481,,-3.7868401411871773,1,0,0,1,1,0,0,1
571_0.95_0.72.png,571,0.95,0.72,A>=0.95,beta<0.8,A>=0.95 | beta<0.8,midhigh_official_q3,midhigh_cr_q3,content_k5_c2,residual_midhigh_q3,37.80229320871068,,warm,37.898816761916024,0.09652355320534411,0.09652355320534411,0,0,0,37.898816761916024,,0.09652355320534411,33.22746449204575,,-4.574828716664932,33.96456073716499,,-3.837732471545692,33.60134977511413,,-4.200943433596549,34.09340664858813,0.9943476915359497,-3.7088865601225507,33.22600547823372,,-4.576287730476956,0,0,1,-1,0,0,1,-1
572_0.61_0.84.png,572,0.61,0.84,A<0.65,0.8<=beta<1.1,A<0.65 | 0.8<=beta<1.1,strong_official_q4,strong_cr_q4,content_k5_c2,residual_low_q1,42.56739164907229,,warm,42.72599133956794,0.15859969049564882,0.15859969049564882,0,0,1,42.72599133956794,,0.15859969049564882,38.9151889484704,,-3.6522027006018902,39.672540460935004,,-2.894851188137288,39.54865086015048,,-3.0187407889218107,39.024468327176145,0.9958251118659973,-3.542923321896147,38.92884937812451,,-3.638542270947781,1,0,0,1,0,0,1,-1
573_0.91_1.54.png,573,0.91,1.54,0.85<=A<0.95,1.4<=beta<1.7,0.85<=A<0.95 | 1.4<=beta<1.7,midhigh_official_q3,midlow_cr_q2,content_k5_c4,residual_high_q4,34.693092112823805,,warm,34.68939360444217,-0.0036985083816389874,0.0,1,0,0,34.68939360444217,,-0.0036985083816389874,30.26082673082341,,-4.432265382000395,30.15307938027771,,-4.540012732546096,32.70617555792245,,-1.9869165549013559,30.967999467247044,0.9803950786590576,-3.725092645576762,30.261578427703046,,-4.431513685120759,0,1,0,0,0,1,0,0
574_0.95_1.03.png,574,0.95,1.03,A>=0.95,0.8<=beta<1.1,A>=0.95 | 0.8<=beta<1.1,midhigh_official_q3,midlow_cr_q2,content_k5_c2,residual_high_q4,36.9300238580555,,warm,36.36550235111067,-0.5645215069448284,0.0,1,0,0,36.36550235111067,,-0.5645215069448284,31.61752669770894,,-5.31249716034656,31.82610430170562,,-5.103919556349879,34.41806093661384,,-2.5119629214416577,32.66705237426713,0.9858322143554688,-4.26297148378837,31.61804548876141,,-5.3119783692940885,0,1,0,0,0,1,0,0
575_0.57_1.51.png,575,0.57,1.51,A<0.65,1.4<=beta<1.7,A<0.65 | 1.4<=beta<1.7,midhigh_official_q3,midhigh_cr_q3,content_k5_c4,residual_midhigh_q3,38.18575529242902,,warm,37.887665996688845,-0.2980892957401764,0.0,1,0,0,37.887665996688845,,-0.2980892957401764,35.72374102214035,,-2.4620142702886696,35.332730492647684,,-2.8530247997813376,35.518806041258635,,-2.6669492511703865,35.799824125815256,0.9880450963973999,-2.3859311666137657,35.72905536491574,,-2.4566999275132844,0,1,0,0,0,1,0,0
576_0.53_1.95.png,576,0.53,1.95,A<0.65,beta>=1.7,A<0.65 | beta>=1.7,midhigh_official_q3,midhigh_cr_q3,content_k5_c4,residual_midhigh_q3,36.649596914409976,,warm,36.75253947390063,0.102942559490657,0.102942559490657,0,0,0,36.75253947390063,,0.102942559490657,34.922624056232046,,-1.7269728581779304,34.70158098809143,,-1.948015926318547,34.31236694628248,,-2.3372299681274953,35.12486043167619,0.9861524105072021,-1.5247364827337861,34.92736937174982,,-1.722227542660157,0,0,1,-1,0,0,1,-1
577_0.85_0.68.png,577,0.85,0.68,0.85<=A<0.95,beta<0.8,0.85<=A<0.95 | beta<0.8,midhigh_official_q3,strong_cr_q4,content_k5_c2,residual_midlow_q2,38.81781979309109,,warm,38.732775717858736,-0.08504407523235358,0.0,1,0,0,38.732775717858736,,-0.08504407523235358,36.095292436360346,,-2.722527356730744,34.706198658181684,,-4.111621134909406,35.51984437726112,,-3.297975415829967,35.692060183285676,0.9933981895446777,-3.1257596098054137,36.09900818926613,,-2.7188116038249603,0,1,0,0,0,1,0,0
578_0.8_1.52.png,578,0.8,1.52,0.75<=A<0.85,1.4<=beta<1.7,0.75<=A<0.85 | 1.4<=beta<1.7,midhigh_official_q3,midhigh_cr_q3,content_k5_c4,residual_high_q4,35.355064082681906,,warm,35.66200603231781,0.30694194963590604,0.30694194963590604,0,0,0,35.66200603231781,,0.30694194963590604,32.717796285753,,-2.637267796928903,31.858556547351867,,-3.496507535330039,31.804990666735375,,-3.5500734159465317,32.5431258515217,0.9859167337417603,-2.8119382311602052,32.72087577811314,,-2.6341883045687666,1,0,0,1,1,0,0,1
579_0.52_0.61.png,579,0.52,0.61,A<0.65,beta<0.8,A<0.65 | beta<0.8,strong_official_q4,strong_cr_q4,content_k5_c2,residual_midlow_q2,42.298154159110204,,warm,41.98662176559974,-0.31153239351046125,0.0,1,1,0,41.98662176559974,,-0.31153239351046125,38.332275463945244,,-3.9658786951649603,35.50605499735781,,-6.792099161752397,35.5519246163838,,-6.746229542726404,36.365817102952654,0.9956289529800415,-5.93233705615755,38.32607955118715,,-3.972074607923055,0,1,0,0,0,1,0,0
57_0.67_1.75.png,57,0.67,1.75,0.65<=A<0.75,beta>=1.7,0.65<=A<0.75 | beta>=1.7,weak_official_q1,midlow_cr_q2,content_k5_c3,residual_midlow_q2,29.03152087015976,,residualcalib,29.559786153722435,0.5282652835626749,0.5282652835626749,0,0,0,29.16103424510135,,0.12951337494159176,29.5568601054735,,0.5253392353137407,28.398228758225894,,-0.6332921119338657,29.559786153722435,,0.5282652835626749,28.8900098297516,0.9800217747688293,-0.1415110404081581,29.5543197374216,,0.5227988672618409,1,0,0,1,1,0,0,1
580_0.88_1.15.png,580,0.88,1.15,0.85<=A<0.95,1.1<=beta<1.4,0.85<=A<0.95 | 1.1<=beta<1.4,midhigh_official_q3,midhigh_cr_q3,content_k5_c4,residual_high_q4,35.789241432090925,,warm,35.98517864447223,0.19593721238130257,0.19593721238130257,0,0,0,35.98517864447223,,0.19593721238130257,32.84840391922855,,-2.940837512862373,32.076289378157675,,-3.7129520539332503,31.2413468688834,,-4.5478945632075245,32.10230859370555,0.986980676651001,-3.686932838385374,32.85096138182211,,-2.9382800502688156,1,0,0,1,0,0,1,-1
581_1.0_1.04.png,581,1.0,1.04,A>=0.95,0.8<=beta<1.1,A>=0.95 | 0.8<=beta<1.1,midhigh_official_q3,midhigh_cr_q3,content_k5_c4,residual_high_q4,35.80488557109844,,warm,35.81589667058248,0.011011099484043996,0.011011099484043996,1,0,0,35.81589667058248,,0.011011099484043996,32.543563096865185,,-3.2613224742332534,33.902655375240684,,-1.9022301958577543,33.81800084364569,,-1.9868847274527468,31.783667364063476,0.9910122156143188,-4.021218207034963,32.55009841566517,,-3.25478715543327,0,1,0,0,0,1,0,0
582_0.55_1.63.png,582,0.55,1.63,A<0.65,1.4<=beta<1.7,A<0.65 | 1.4<=beta<1.7,strong_official_q4,strong_cr_q4,content_k5_c1,residual_midlow_q2,40.27071489114367,,warm,40.53236484306809,0.26164995192441864,0.26164995192441864,0,0,0,40.53236484306809,,0.26164995192441864,37.041088913157914,,-3.229625977985755,36.45919070887739,,-3.8115241822662824,35.962212585153466,,-4.308502305990203,36.40308908693143,0.9928054809570312,-3.8676258042122384,37.03348355861232,,-3.2372313325313513,1,0,0,1,1,0,0,1
583_0.7_0.93.png,583,0.7,0.93,0.65<=A<0.75,0.8<=beta<1.1,0.65<=A<0.75 | 0.8<=beta<1.1,strong_official_q4,strong_cr_q4,content_k5_c2,residual_midlow_q2,41.19907067902283,,warm,41.223381190571416,0.024310511548584657,0.024310511548584657,1,1,0,41.223381190571416,,0.024310511548584657,36.57838920055403,,-4.6206814784688035,38.54184038046348,,-2.657230298559348,39.012084675184695,,-2.186986003838136,38.22457925598111,0.9952758550643921,-2.9744914230417194,36.58899997189234,,-4.61007070713049,0,1,0,0,0,1,0,0
584_0.74_1.42.png,584,0.74,1.42,0.65<=A<0.75,1.4<=beta<1.7,0.65<=A<0.75 | 1.4<=beta<1.7,midhigh_official_q3,midhigh_cr_q3,content_k5_c4,residual_midlow_q2,38.18759394352606,,warm,37.86408168174869,-0.323512261777374,0.0,1,0,0,37.86408168174869,,-0.323512261777374,34.449547774527275,,-3.7380461689987854,34.9605883784971,,-3.2270055650289606,35.59895047514145,,-2.5886434683846105,35.02768468167595,0.9926185607910156,-3.1599092618501103,34.45695633188323,,-3.730637611642834,0,1,0,0,0,1,0,0
585_0.75_1.97.png,585,0.75,1.97,0.75<=A<0.85,beta>=1.7,0.75<=A<0.85 | beta>=1.7,midhigh_official_q3,weak_cr_q1,content_k5_c4,residual_high_q4,35.52505918011815,,warm,35.483244750311414,-0.041814429806734665,0.0,1,0,0,35.483244750311414,,-0.041814429806734665,28.435210935094204,,-7.089848245023944,29.85205307759387,,-5.67300610252428,32.45856202860724,,-3.0664971515109087,30.909920477019025,0.9800005555152893,-4.615138703099124,28.437781994105457,,-7.087277186012692,0,1,0,0,0,1,0,0
586_0.98_1.59.png,586,0.98,1.59,A>=0.95,1.4<=beta<1.7,A>=0.95 | 1.4<=beta<1.7,midlow_official_q2,weak_cr_q1,content_k5_c4,residual_high_q4,32.981992467279454,,warm,32.78292339723553,-0.19906907004392593,0.0,1,0,0,32.78292339723553,,-0.19906907004392593,26.666949941361565,,-6.315042525917889,29.062130971872293,,-3.9198614954071616,29.02257186622583,,-3.9594206010536226,27.038880499578866,0.9749308228492737,-5.943111967700588,26.670010871818807,,-6.311981595460647,0,1,0,0,0,1,0,0
587_0.87_1.84.png,587,0.87,1.84,0.85<=A<0.95,beta>=1.7,0.85<=A<0.95 | beta>=1.7,midlow_official_q2,weak_cr_q1,content_k5_c4,residual_high_q4,33.79716080416486,,warm,33.85404988820577,0.056889084040911087,0.056889084040911087,0,0,0,33.85404988820577,,0.056889084040911087,26.750445115569626,,-7.046715688595235,29.32370658949058,,-4.47345421467428,30.60784937017192,,-3.189311433992941,28.838265283554463,0.9772248268127441,-4.9588955206103975,26.75370434735568,,-7.0434564568091815,0,0,1,-1,0,0,1,-1
588_0.71_0.58.png,588,0.71,0.58,0.65<=A<0.75,beta<0.8,0.65<=A<0.75 | beta<0.8,strong_official_q4,midhigh_cr_q3,content_k5_c2,residual_midhigh_q3,40.96153411404651,,warm,41.63674604125986,0.6752119272133541,0.6752119272133541,0,0,0,41.63674604125986,,0.6752119272133541,34.56954637211674,,-6.391987741929768,36.63712142425108,,-4.32441268979543,37.486457364744545,,-3.4750767493019623,36.99696801633524,0.9945232272148132,-3.9645660977112698,34.57326771124628,,-6.388266402800227,1,0,0,1,1,0,0,1
589_0.81_1.82.png,589,0.81,1.82,0.75<=A<0.85,beta>=1.7,0.75<=A<0.85 | beta>=1.7,strong_official_q4,strong_cr_q4,content_k5_c4,residual_midlow_q2,40.50301066324744,,warm,40.854543665277774,0.35153300203033666,0.35153300203033666,0,0,0,40.854543665277774,,0.35153300203033666,36.49861796402967,,-4.004392699217767,36.47519885845967,,-4.027811804787767,37.89546541098201,,-2.6075452522654246,36.23761934905724,0.9751991629600525,-4.265391314190197,36.493968005917836,,-4.009042657329601,1,0,0,1,1,0,0,1
58_0.51_1.21.png,58,0.51,1.21,A<0.65,1.1<=beta<1.4,A<0.65 | 1.1<=beta<1.4,midhigh_official_q3,midlow_cr_q2,content_k5_c1,residual_low_q1,34.54547864077899,,warm,35.01358317226835,0.4681045314893595,0.4681045314893595,0,0,1,35.01358317226835,,0.4681045314893595,31.855955114888527,,-2.6895235258904613,33.72973640317666,,-0.8157422376023291,32.53795670863282,,-2.007521932146169,31.609747864868936,0.9834344983100891,-2.935730775910052,31.850263763408904,,-2.695214877370084,1,0,0,1,1,0,0,1
590_0.71_1.38.png,590,0.71,1.38,0.65<=A<0.75,1.1<=beta<1.4,0.65<=A<0.75 | 1.1<=beta<1.4,strong_official_q4,strong_cr_q4,content_k5_c4,residual_low_q1,42.7965021440081,,warm,42.985188337539995,0.1886861935318933,0.1886861935318933,0,0,1,42.985188337539995,,0.1886861935318933,38.084727267990765,,-4.711774876017337,39.310003890075606,,-3.4864982539324956,39.99947496470017,,-2.797027179307932,38.7968707563472,0.9819483160972595,-3.999631387660905,38.08104170011185,,-4.715460443896255,1,0,0,1,0,0,1,-1
591_0.6_1.21.png,591,0.6,1.21,A<0.65,1.1<=beta<1.4,A<0.65 | 1.1<=beta<1.4,strong_official_q4,strong_cr_q4,content_k5_c4,residual_low_q1,43.712967559366604,,warm,44.12790377856722,0.4149362192006194,0.4149362192006194,0,0,1,44.12790377856722,,0.4149362192006194,39.671586423949854,,-4.041381135416749,40.58443974219045,,-3.128527817176156,40.59498761992296,,-3.117979939443643,40.533961461502095,0.9864190816879272,-3.1790060978645087,39.6663745668749,,-4.0465929924917035,1,0,0,1,1,0,0,1
592_0.66_1.53.png,592,0.66,1.53,0.65<=A<0.75,1.4<=beta<1.7,0.65<=A<0.75 | 1.4<=beta<1.7,strong_official_q4,strong_cr_q4,content_k5_c4,residual_low_q1,42.54560483882245,,warm,42.902046468294,0.3564416294715542,0.3564416294715542,0,0,1,42.902046468294,,0.3564416294715542,37.449470872223934,,-5.096133966598515,39.01005091334937,,-3.5355539254730814,39.532783500770265,,-3.012821338052184,38.32099788250653,0.9807823300361633,-4.224606956315917,37.4461908188275,,-5.099414019994946,1,0,0,1,1,0,0,1
593_0.87_1.5.png,593,0.87,1.5,0.85<=A<0.95,1.4<=beta<1.7,0.85<=A<0.95 | 1.4<=beta<1.7,strong_official_q4,strong_cr_q4,content_k5_c4,residual_low_q1,40.336356343675995,,warm,40.95162835503367,0.6152720113576748,0.6152720113576748,0,0,1,40.95162835503367,,0.6152720113576748,38.29192371826802,,-2.044432625407971,37.68804200126042,,-2.648314342415574,37.634837362530995,,-2.701518981145,37.37896855109166,0.9910331964492798,-2.957387792584335,38.289536949262725,,-2.0468193944132693,1,0,0,1,1,0,0,1
594_0.67_1.12.png,594,0.67,1.12,0.65<=A<0.75,1.1<=beta<1.4,0.65<=A<0.75 | 1.1<=beta<1.4,strong_official_q4,strong_cr_q4,content_k5_c2,residual_low_q1,44.884026307588286,,warm,44.81506883897283,-0.0689574686154586,0.0,1,1,1,44.81506883897283,,-0.0689574686154586,41.02550272744254,,-3.858523580145743,41.1602772216777,,-3.7237490859105833,39.56825451335605,,-5.315771794232234,41.40944896941642,0.9940416216850281,-3.474577338171869,41.02107450537687,,-3.8629518022114127,0,1,0,0,0,1,0,0
595_0.66_0.97.png,595,0.66,0.97,0.65<=A<0.75,0.8<=beta<1.1,0.65<=A<0.75 | 0.8<=beta<1.1,strong_official_q4,strong_cr_q4,content_k5_c2,residual_low_q1,45.05484632401466,,warm,44.84282510667225,-0.21202121734241075,0.0,1,1,1,44.84282510667225,,-0.21202121734241075,41.86688724700778,,-3.18795907700688,42.564851316703745,,-2.4899950073109167,40.120974004603966,,-4.933872319410696,42.10321194734716,0.9942939877510071,-2.9516343766674993,41.86209026405872,,-3.19275605995594,0,1,0,0,0,1,0,0
596_0.91_0.52.png,596,0.91,0.52,0.85<=A<0.95,beta<0.8,0.85<=A<0.95 | beta<0.8,strong_official_q4,strong_cr_q4,content_k5_c2,residual_low_q1,45.8178384531038,,warm,45.99596554309062,0.17812708998681615,0.17812708998681615,0,0,1,45.99596554309062,,0.17812708998681615,42.46694854595827,,-3.350889907145536,41.98355632306451,,-3.8342821300392913,40.947409194460676,,-4.870429258643128,41.17102858359011,0.9947335720062256,-4.646809869513696,42.47327980891156,,-3.34455864419224,1,0,0,1,0,0,1,-1
597_0.87_0.61.png,597,0.87,0.61,0.85<=A<0.95,beta<0.8,0.85<=A<0.95 | beta<0.8,strong_official_q4,strong_cr_q4,content_k5_c2,residual_low_q1,42.353618312270655,,warm,42.213837131650166,-0.1397811806204885,0.0,1,1,1,42.213837131650166,,-0.1397811806204885,39.74063328905339,,-2.612985023217263,39.328338933260824,,-3.025279379009831,39.796913451903954,,-2.5567048603667004,39.17670584388328,0.9940517544746399,-3.1769124683873713,39.74170593326595,,-2.611912379004707,0,1,0,0,0,1,0,0
598_0.58_1.14.png,598,0.58,1.14,A<0.65,1.1<=beta<1.4,A<0.65 | 1.1<=beta<1.4,strong_official_q4,strong_cr_q4,content_k5_c2,residual_low_q1,42.27244558752709,,warm,42.33607626911591,0.06363068158881902,0.06363068158881902,0,0,1,42.33607626911591,,0.06363068158881902,38.52884926762328,,-3.7435963199038085,39.67325759168189,,-2.599187995845199,40.57281366119442,,-1.6996319263326711,40.214206232017546,0.9937955737113953,-2.058239355509542,38.5252728370744,,-3.747172750452691,0,0,1,-1,0,0,1,-1
599_0.69_1.58.png,599,0.69,1.58,0.65<=A<0.75,1.4<=beta<1.7,0.65<=A<0.75 | 1.4<=beta<1.7,strong_official_q4,midhigh_cr_q3,content_k5_c4,residual_midhigh_q3,40.124271860027925,,warm,40.06623472356577,-0.05803713646215414,0.0,1,1,0,40.06623472356577,,-0.05803713646215414,35.40052234812961,,-4.723749511898312,34.943060397862084,,-5.181211462165841,37.48151261993557,,-2.642759240092353,37.64546368475007,0.9897447824478149,-2.4788081752778552,35.396877094519546,,-4.727394765508379,0,1,0,0,0,1,0,0
59_0.83_0.85.png,59,0.83,0.85,0.75<=A<0.85,0.8<=beta<1.1,0.75<=A<0.85 | 0.8<=beta<1.1,weak_official_q1,midlow_cr_q2,content_k5_c3,residual_low_q1,29.549083948198003,,crplus,30.21413333264576,0.6650493844477552,0.6650493844477552,0,0,1,29.673954262633835,,0.12487031443583163,29.07205240092201,,-0.47703154727599184,28.390205711978318,,-1.1588782362196852,29.759433740904967,,0.21034979270696397,30.21413333264576,0.9858946800231934,0.6650493844477552,29.06948034406392,,-0.4796036041340841,1,0,0,1,1,0,0,1
5_0.89_1.34.png,5,0.89,1.34,0.85<=A<0.95,1.1<=beta<1.4,0.85<=A<0.95 | 1.1<=beta<1.4,weak_official_q1,weak_cr_q1,content_k5_c3,residual_midlow_q2,29.573115983380966,,crplus,30.78270045406086,1.2095844706798928,1.2095844706798928,0,0,0,29.554410537044433,,-0.018705446336532816,28.387300281670896,,-1.1858157017100694,28.518705444057893,,-1.0544105393230723,28.18902510843035,,-1.3840908749506156,30.78270045406086,0.9866817593574524,1.2095844706798928,28.384879179405992,,-1.1882368039749736,1,0,0,1,1,0,0,1
600_0.54_1.56.png,600,0.54,1.56,A<0.65,1.4<=beta<1.7,A<0.65 | 1.4<=beta<1.7,midhigh_official_q3,midhigh_cr_q3,content_k5_c4,residual_midlow_q2,39.06323564133573,,warm,39.07109714137547,0.007861500039737734,0.007861500039737734,1,0,0,39.07109714137547,,0.007861500039737734,34.334201710871355,,-4.729033930464375,35.43157686267396,,-3.631658778661773,36.09014472860858,,-2.9730909127271516,35.16920383700147,0.9908932447433472,-3.8940318043342614,34.3309608967948,,-4.7322747445409306,0,1,0,0,0,1,0,0
601_0.58_1.51.png,601,0.58,1.51,A<0.65,1.4<=beta<1.7,A<0.65 | 1.4<=beta<1.7,midhigh_official_q3,midhigh_cr_q3,content_k5_c2,residual_midhigh_q3,38.13386685839812,,warm,37.614396469396084,-0.5194703890020378,0.0,1,0,0,37.614396469396084,,-0.5194703890020378,33.15730733893936,,-4.97655951945876,35.547149403198055,,-2.5867174552000662,37.26242757214922,,-0.8714392862489007,36.04857975368623,0.9910238981246948,-2.0852871047118953,33.15564767893039,,-4.978219179467729,0,1,0,0,0,1,0,0
602_0.6_1.52.png,602,0.6,1.52,A<0.65,1.4<=beta<1.7,A<0.65 | 1.4<=beta<1.7,midhigh_official_q3,midhigh_cr_q3,content_k5_c2,residual_midhigh_q3,37.473792167792716,,residualcalib,37.241694356744375,-0.23209781104834093,0.0,1,0,0,37.02809063816434,,-0.44570152962837284,33.77797693021141,,-3.695815237581307,35.56380852931249,,-1.9099836384802273,37.241694356744375,,-0.23209781104834093,36.40898323515154,0.9910666346549988,-1.0648089326411778,33.77637384994355,,-3.697418317849163,0,1,0,0,0,1,0,0
603_0.9_0.85.png,603,0.9,0.85,0.85<=A<0.95,0.8<=beta<1.1,0.85<=A<0.95 | 0.8<=beta<1.1,midhigh_official_q3,midhigh_cr_q3,content_k5_c2,residual_midlow_q2,34.90555924101799,,warm,34.569810628309185,-0.3357486127088052,0.0,1,0,0,34.569810628309185,,-0.3357486127088052,32.51775037180038,,-2.387808869217608,32.482176739898634,,-2.423382501119356,33.916451263752776,,-0.9891079772652134,33.3997955439323,0.9893656373023987,-1.5057636970856905,32.51890153588968,,-2.3866577051283073,0,1,0,0,0,1,0,0
604_0.68_1.26.png,604,0.68,1.26,0.65<=A<0.75,1.1<=beta<1.4,0.65<=A<0.75 | 1.1<=beta<1.4,midhigh_official_q3,midhigh_cr_q3,content_k5_c2,residual_midlow_q2,37.145640618538025,,warm,36.64867194191247,-0.4969686766255563,0.0,1,0,0,36.64867194191247,,-0.4969686766255563,33.47158723843673,,-3.6740533801012916,34.45069618583112,,-2.6949444327069045,35.6589789028071,,-1.486661715730925,35.621639810410116,0.9911088347434998,-1.5240008081279086,33.47181523349864,,-3.673825385039386,0,1,0,0,0,1,0,0
605_0.78_1.73.png,605,0.78,1.73,0.75<=A<0.85,beta>=1.7,0.75<=A<0.85 | beta>=1.7,midlow_official_q2,midhigh_cr_q3,content_k5_c4,residual_high_q4,34.31137084338579,,warm,34.41549721014776,0.10412636676197451,0.10412636676197451,0,0,0,34.41549721014776,,0.10412636676197451,33.08409450720013,,-1.2272763361856605,33.32902361787164,,-0.9823472255141468,32.26073022286378,,-2.0506406205220102,31.29014071545898,0.983435869216919,-3.0212301279268097,33.0857826022182,,-1.2255882411675856,0,0,1,-1,0,0,1,-1
606_0.55_1.35.png,606,0.55,1.35,A<0.65,1.1<=beta<1.4,A<0.65 | 1.1<=beta<1.4,midhigh_official_q3,strong_cr_q4,content_k5_c4,residual_midhigh_q3,37.235058323196355,,lfv1,38.14635594245002,0.9112976192536664,0.9112976192536664,0,0,0,36.98070878422542,,-0.25434953897093493,36.6207213938872,,-0.6143369293091538,38.14635594245002,,0.9112976192536664,35.5559104739833,,-1.6791478492130523,36.89838526501818,0.99210125207901,-0.33667305817817805,36.61983853422828,,-0.6152197889680764,1,0,0,1,1,0,0,1
607_0.93_1.19.png,607,0.93,1.19,0.85<=A<0.95,1.1<=beta<1.4,0.85<=A<0.95 | 1.1<=beta<1.4,midlow_official_q2,midhigh_cr_q3,content_k5_c4,residual_high_q4,33.432119231583656,,warm,33.57542768296455,0.14330845138089643,0.14330845138089643,0,0,0,33.57542768296455,,0.14330845138089643,32.739042010196314,,-0.6930772213873411,32.57182339925825,,-0.8602958323254057,32.114131037964555,,-1.317988193619101,31.428559034849034,0.9840637445449829,-2.0035601967346217,32.74128303458231,,-0.6908361970013459,0,0,1,-1,0,0,1,-1
608_0.61_1.18.png,608,0.61,1.18,A<0.65,1.1<=beta<1.4,A<0.65 | 1.1<=beta<1.4,midhigh_official_q3,strong_cr_q4,content_k5_c4,residual_midlow_q2,38.77822598833036,,warm,38.30635923424108,-0.4718667540892838,0.0,1,0,0,38.30635923424108,,-0.4718667540892838,37.538513604266285,,-1.2397123840640774,37.242272712628115,,-1.5359532757022478,36.38797621367936,,-2.3902497746510036,35.107738110161144,0.9924046993255615,-3.6704878781692187,37.544483344044465,,-1.233742644285897,0,1,0,0,0,1,0,0
609_0.88_1.91.png,609,0.88,1.91,0.85<=A<0.95,beta>=1.7,0.85<=A<0.95 | beta>=1.7,weak_official_q1,weak_cr_q1,content_k5_c4,residual_high_q4,29.45298045863005,,warm,29.423248339027527,-0.02973211960252442,0.0,1,0,0,29.423248339027527,,-0.02973211960252442,26.877722304345003,,-2.5752581542850486,26.87055919683931,,-2.582421261790742,27.828766441635704,,-1.6242140169943475,27.296155878649984,0.9637176990509033,-2.156824579980068,26.875848416945022,,-2.5771320416850294,0,1,0,0,0,1,0,0
60_0.6_1.68.png,60,0.6,1.68,A<0.65,1.4<=beta<1.7,A<0.65 | 1.4<=beta<1.7,midlow_official_q2,midlow_cr_q2,content_k5_c3,residual_midhigh_q3,31.136140904421673,,warm,31.195473053894922,0.059332149473249274,0.059332149473249274,0,0,0,31.195473053894922,,0.059332149473249274,30.08525531133118,,-1.0508855930904915,29.803711042854385,,-1.332429861567288,30.734032953772612,,-0.4021079506490608,29.302954374913885,0.9796287417411804,-1.8331865295077883,30.081954094518068,,-1.0541868099036051,0,0,1,-1,0,0,1,-1
610_0.56_1.07.png,610,0.56,1.07,A<0.65,0.8<=beta<1.1,A<0.65 | 0.8<=beta<1.1,midhigh_official_q3,midlow_cr_q2,content_k5_c2,residual_midhigh_q3,36.89149632075411,,warm,36.623008608615606,-0.2684877121385014,0.0,1,0,0,36.623008608615606,,-0.2684877121385014,32.061533962531755,,-4.829962358222353,34.2147138727715,,-2.6767824479826103,35.167573821811466,,-1.7239224989426418,34.597974942629655,0.9898115992546082,-2.293521378124453,32.05657343664075,,-4.834922884113361,0,1,0,0,0,1,0,0
611_0.69_1.58.png,611,0.69,1.58,0.65<=A<0.75,1.4<=beta<1.7,0.65<=A<0.75 | 1.4<=beta<1.7,midlow_official_q2,midlow_cr_q2,content_k5_c4,residual_high_q4,33.210703573136165,,warm,33.105259023146864,-0.10544454998930064,0.0,1,0,0,33.105259023146864,,-0.10544454998930064,29.109433552056274,,-4.101270021079891,29.9337088659,,-3.276994707236163,30.80728287939996,,-2.403420693736205,30.562599629500205,0.9807895421981812,-2.6481039436359595,29.106266354362383,,-4.104437218773782,0,1,0,0,0,1,0,0
612_0.8_0.85.png,612,0.8,0.85,0.75<=A<0.85,0.8<=beta<1.1,0.75<=A<0.85 | 0.8<=beta<1.1,midhigh_official_q3,midlow_cr_q2,content_k5_c2,residual_midhigh_q3,34.74562008766712,,warm,34.529501768329126,-0.21611831933799408,0.0,1,0,0,34.529501768329126,,-0.21611831933799408,30.70267094609269,,-4.042949141574429,31.98708052034798,,-2.75853956731914,33.07373907797672,,-1.6718810096904022,31.916929877019268,0.9860955476760864,-2.828690210647853,30.69978175215031,,-4.045838335516809,0,1,0,0,0,1,0,0
613_0.85_1.39.png,613,0.85,1.39,0.85<=A<0.95,1.1<=beta<1.4,0.85<=A<0.95 | 1.1<=beta<1.4,midhigh_official_q3,midlow_cr_q2,content_k5_c2,residual_midhigh_q3,36.93472651508603,,warm,36.587202922642824,-0.34752359244320274,0.0,1,0,0,36.587202922642824,,-0.34752359244320274,32.113555642403824,,-4.8211708726822025,34.11115096301193,,-2.8235755520740966,34.48214643692458,,-2.4525800781614464,33.9097669105982,0.991527795791626,-3.024959604487826,32.10698697882962,,-4.827739536256409,0,1,0,0,0,1,0,0
614_0.73_0.93.png,614,0.73,0.93,0.65<=A<0.75,0.8<=beta<1.1,0.65<=A<0.75 | 0.8<=beta<1.1,midhigh_official_q3,midhigh_cr_q3,content_k5_c2,residual_midlow_q2,38.373079083784866,,warm,37.876897273699214,-0.4961818100856519,0.0,1,0,0,37.876897273699214,,-0.4961818100856519,34.00243052633721,,-4.370648557447659,35.99976353582771,,-2.373315547957155,36.72701555864787,,-1.646063525136995,35.88106595019703,0.9943681359291077,-2.4920131335878324,33.99343546464437,,-4.379643619140495,0,1,0,0,0,1,0,0
615_0.52_0.98.png,615,0.52,0.98,A<0.65,0.8<=beta<1.1,A<0.65 | 0.8<=beta<1.1,strong_official_q4,midhigh_cr_q3,content_k5_c2,residual_midhigh_q3,39.52898645161929,,warm,38.49600115447928,-1.0329852971400086,0.0,1,1,0,38.49600115447928,,-1.0329852971400086,33.259513142698545,,-6.269473308920745,35.27652692724695,,-4.252459524372341,35.69562038560488,,-3.833366066014406,35.365150529802236,0.9948105216026306,-4.1638359218170535,33.24914082902827,,-6.279845622591019,0,1,0,0,0,1,0,0
616_0.8_1.72.png,616,0.8,1.72,0.75<=A<0.85,beta>=1.7,0.75<=A<0.85 | beta>=1.7,midhigh_official_q3,midlow_cr_q2,content_k5_c2,residual_midhigh_q3,36.40145425404842,,warm,36.02980250800672,-0.3716517460416995,0.0,1,0,0,36.02980250800672,,-0.3716517460416995,32.065998159887,,-4.335456094161415,33.84883799488342,,-2.5526162591649992,34.40842510782871,,-1.9930291462197047,34.17231774161445,0.9911400079727173,-2.2291365124339677,32.05844748719279,,-4.3430067668556305,0,1,0,0,0,1,0,0
617_0.98_0.85.png,617,0.98,0.85,A>=0.95,0.8<=beta<1.1,A>=0.95 | 0.8<=beta<1.1,midlow_official_q2,midlow_cr_q2,content_k5_c2,residual_midhigh_q3,32.735930154176714,,lfv1,33.18072615181556,0.4447959976388489,0.4447959976388489,0,0,0,32.24318655828635,,-0.4927435958903672,31.666051371145457,,-1.0698787830312568,33.18072615181556,,0.4447959976388489,31.183342214697053,,-1.5525879394796611,31.43113729642497,0.9882176518440247,-1.3047928577517425,31.66636301923161,,-1.0695671349451032,1,0,0,1,1,0,0,1
618_0.89_1.01.png,618,0.89,1.01,0.85<=A<0.95,0.8<=beta<1.1,0.85<=A<0.95 | 0.8<=beta<1.1,midlow_official_q2,midhigh_cr_q3,content_k5_c2,residual_midlow_q2,34.035360938992966,,lfv1,34.0999367756274,0.06457583663443245,0.06457583663443245,0,0,0,33.75861192572958,,-0.27674901326338386,32.94664913395946,,-1.0887118050335047,34.0999367756274,,0.06457583663443245,33.16189823645225,,-0.8734627025407136,33.031142385205136,0.9899227023124695,-1.0042185537878296,32.94669497130836,,-1.088665967684605,0,0,1,-1,0,0,1,-1
619_0.63_1.97.png,619,0.63,1.97,A<0.65,beta>=1.7,A<0.65 | beta>=1.7,midhigh_official_q3,midhigh_cr_q3,content_k5_c4,residual_midlow_q2,34.741335024383076,,residualcalib,36.764958664248766,2.02362363986569,2.02362363986569,0,0,0,34.50235577651371,,-0.23897924786936642,34.502221405785015,,-0.23911361859806135,35.10296153149906,,0.3616265071159859,36.764958664248766,,2.02362363986569,35.01478178427716,0.9857287406921387,0.2734467598940853,34.500881490161476,,-0.24045353422160076,1,0,0,1,1,0,0,1
61_0.98_0.82.png,61,0.98,0.82,A>=0.95,0.8<=beta<1.1,A>=0.95 | 0.8<=beta<1.1,midlow_official_q2,midlow_cr_q2,content_k5_c3,residual_midlow_q2,30.63855713539859,,warm,30.94642337470479,0.3078662393062004,0.3078662393062004,0,0,0,30.94642337470479,,0.3078662393062004,30.848543015405866,,0.20998588000727736,30.71625434957999,,0.07769721418140207,29.3539271995002,,-1.2846299358983906,30.82574792864073,0.9858136177062988,0.1871907932421415,30.84871943201627,,0.21016229661768193,1,0,0,1,1,0,0,1
620_0.56_0.87.png,620,0.56,0.87,A<0.65,0.8<=beta<1.1,A<0.65 | 0.8<=beta<1.1,strong_official_q4,strong_cr_q4,content_k5_c2,residual_low_q1,41.00553510969065,,warm,40.75253565625395,-0.2529994534367006,0.0,1,1,1,40.75253565625395,,-0.2529994534367006,39.93961262257993,,-1.0659224871107185,40.7188495068215,,-0.2866856028691487,40.387120998321066,,-0.6184141113695816,40.55371992999228,0.9929186105728149,-0.4518151796983645,39.940448487887124,,-1.0650866218035233,0,1,0,0,0,1,0,0
621_0.68_1.14.png,621,0.68,1.14,0.65<=A<0.75,1.1<=beta<1.4,0.65<=A<0.75 | 1.1<=beta<1.4,strong_official_q4,midhigh_cr_q3,content_k5_c2,residual_midlow_q2,40.38381870533413,,warm,40.30532435832939,-0.07849434700473523,0.0,1,1,0,40.30532435832939,,-0.07849434700473523,35.19198574948946,,-5.191832955844667,36.6975852075475,,-3.686233497786631,35.79980346324715,,-4.584015242086977,36.07025389913246,0.9916380643844604,-4.3135648062016685,35.19030498459282,,-5.193513720741308,0,1,0,0,0,1,0,0
622_0.55_1.49.png,622,0.55,1.49,A<0.65,1.4<=beta<1.7,A<0.65 | 1.4<=beta<1.7,strong_official_q4,midhigh_cr_q3,content_k5_c4,residual_midhigh_q3,39.89373215708401,,warm,39.90727141995008,0.013539262866068213,0.013539262866068213,1,1,0,39.90727141995008,,0.013539262866068213,33.58924376675314,,-6.304488390330867,35.716560365913395,,-4.177171791170615,36.094311156213955,,-3.799421000870055,36.3438982020098,0.9912630319595337,-3.549833955074213,33.58489542121599,,-6.30883673586802,0,1,0,0,0,1,0,0
623_0.75_1.05.png,623,0.75,1.05,0.75<=A<0.85,0.8<=beta<1.1,0.75<=A<0.85 | 0.8<=beta<1.1,strong_official_q4,midhigh_cr_q3,content_k5_c2,residual_midlow_q2,39.14061789733532,,warm,39.13574135464353,-0.004876542691789609,0.0,1,1,0,39.13574135464353,,-0.004876542691789609,34.22927453214145,,-4.911343365193865,35.17087562229162,,-3.9697422750437,35.035848903188295,,-4.1047689941470225,34.35217851965963,0.9908623695373535,-4.788439377675687,34.22705031911645,,-4.913567578218867,0,1,0,0,0,1,0,0
624_0.58_0.68.png,624,0.58,0.68,A<0.65,beta<0.8,A<0.65 | beta<0.8,strong_official_q4,strong_cr_q4,content_k5_c2,residual_midlow_q2,42.62425289915499,,warm,42.3116419749763,-0.3126109241786921,0.0,1,1,0,42.3116419749763,,-0.3126109241786921,36.24340609687474,,-6.380846802280246,39.77782994996505,,-2.846422949189936,39.94900650121552,,-2.6752463979394676,40.27354085457337,0.9954630732536316,-2.35071204458162,36.23670421696071,,-6.387548682194279,0,1,0,0,0,1,0,0
625_0.89_1.64.png,625,0.89,1.64,0.85<=A<0.95,1.4<=beta<1.7,0.85<=A<0.95 | 1.4<=beta<1.7,midhigh_official_q3,midlow_cr_q2,content_k5_c4,residual_high_q4,35.33839711070549,,warm,35.317522108037586,-0.020875002667906983,0.0,1,0,0,35.317522108037586,,-0.020875002667906983,31.617394991881305,,-3.721002118824188,32.56268643206479,,-2.7757106786407064,32.5033352205718,,-2.8350618901336944,32.504793980844056,0.9870721697807312,-2.8336031298614373,31.619603702057297,,-3.718793408648196,0,1,0,0,0,1,0,0
626_0.78_1.81.png,626,0.78,1.81,0.75<=A<0.85,beta>=1.7,0.75<=A<0.85 | beta>=1.7,midhigh_official_q3,midhigh_cr_q3,content_k5_c4,residual_midhigh_q3,36.072046722538126,,warm,35.91947300716377,-0.15257371537435915,0.0,1,0,0,35.91947300716377,,-0.15257371537435915,32.67909667350308,,-3.3929500490350435,33.40622976536639,,-2.665816957171735,33.07058204501351,,-3.0014646775246163,33.2109068913128,0.9883167147636414,-2.861139831225323,32.68166460287461,,-3.3903821196635135,0,1,0,0,0,1,0,0
627_0.73_1.69.png,627,0.73,1.69,0.65<=A<0.75,1.4<=beta<1.7,0.65<=A<0.75 | 1.4<=beta<1.7,midhigh_official_q3,midhigh_cr_q3,content_k5_c4,residual_midhigh_q3,37.299708594624825,,warm,37.29298372831974,-0.006724866305084731,0.0,1,0,0,37.29298372831974,,-0.006724866305084731,33.99969941500534,,-3.3000091796194866,34.25564616845741,,-3.0440624261674145,34.23216767960886,,-3.067540915015968,33.29025563840178,0.9891329407691956,-4.009452956223043,34.00255060762025,,-3.2971579870045744,0,1,0,0,0,1,0,0
628_0.94_1.47.png,628,0.94,1.47,0.85<=A<0.95,1.4<=beta<1.7,0.85<=A<0.95 | 1.4<=beta<1.7,midhigh_official_q3,midlow_cr_q2,content_k5_c4,residual_midhigh_q3,35.29002924632514,,warm,35.31141928179399,0.021390035468847657,0.021390035468847657,1,0,0,35.31141928179399,,0.021390035468847657,31.890688921793835,,-3.3993403245313054,32.86725404715751,,-2.4227751991676314,32.39807972325592,,-2.891949523069222,32.2938082646609,0.9871360659599304,-2.996220981664237,31.892390323417473,,-3.3976389229076673,0,1,0,0,0,1,0,0
629_0.58_1.06.png,629,0.58,1.06,A<0.65,0.8<=beta<1.1,A<0.65 | 0.8<=beta<1.1,strong_official_q4,strong_cr_q4,content_k5_c2,residual_low_q1,41.79566548794117,,warm,41.48486561240173,-0.31079987553944477,0.0,1,1,1,41.48486561240173,,-0.31079987553944477,37.49921965447876,,-4.296445833462414,37.521803424196484,,-4.273862063744687,36.86096801351057,,-4.9346974744306,38.446713949346545,0.9943624138832092,-3.3489515385946262,37.49679310369406,,-4.298872384247112,0,1,0,0,0,1,0,0
62_0.6_0.77.png,62,0.6,0.77,A<0.65,beta<0.8,A<0.65 | beta<0.8,midlow_official_q2,midlow_cr_q2,content_k5_c0,residual_low_q1,30.201861999751117,,cbrfrc,30.751603007368942,0.5497410076178255,0.5497410076178255,0,0,1,30.635668126611417,,0.4338061268603006,30.744080909268654,,0.5422189095175369,29.911642637924054,,-0.290219361827063,28.95632019695376,,-1.245541802797355,30.178469219060283,0.9911165833473206,-0.02339278069083406,30.751603007368942,,0.5497410076178255,1,0,0,1,1,0,0,1
630_0.86_1.53.png,630,0.86,1.53,0.85<=A<0.95,1.4<=beta<1.7,0.85<=A<0.95 | 1.4<=beta<1.7,midhigh_official_q3,midlow_cr_q2,content_k5_c4,residual_high_q4,36.548077730338036,,warm,36.535605732404754,-0.012471997933282353,0.0,1,0,0,36.535605732404754,,-0.012471997933282353,30.848399797435082,,-5.699677932902954,32.3701828947189,,-4.177894835619135,32.727568539260645,,-3.8205091910773916,32.77039959960482,0.9886319637298584,-3.7776781307332143,30.84884882924272,,-5.699228901095317,0,1,0,0,0,1,0,0
631_0.6_1.43.png,631,0.6,1.43,A<0.65,1.4<=beta<1.7,A<0.65 | 1.4<=beta<1.7,strong_official_q4,strong_cr_q4,content_k5_c4,residual_midlow_q2,39.467715215346395,,warm,39.377855448009136,-0.0898597673372592,0.0,1,1,0,39.377855448009136,,-0.0898597673372592,35.82742464011766,,-3.6402905752287325,36.02467663748305,,-3.443038577863348,35.615725596195205,,-3.8519896191511904,37.14064289389166,0.9926135540008545,-2.327072321454736,35.824915051878136,,-3.6428001634682587,0,1,0,0,0,1,0,0
632_0.57_0.74.png,632,0.57,0.74,A<0.65,beta<0.8,A<0.65 | beta<0.8,strong_official_q4,strong_cr_q4,content_k5_c2,residual_low_q1,43.98110135021867,,warm,43.52743055499494,-0.45367079522372933,0.0,1,1,1,43.52743055499494,,-0.45367079522372933,38.64442696776014,,-5.336674382458533,38.542393797169005,,-5.438707553049667,37.75137024682047,,-6.229731103398201,39.53364281431557,0.995499849319458,-4.4474585359031025,38.64047638024536,,-5.340624969973312,0,1,0,0,0,1,0,0
633_0.96_0.87.png,633,0.96,0.87,A>=0.95,0.8<=beta<1.1,A>=0.95 | 0.8<=beta<1.1,midhigh_official_q3,midlow_cr_q2,content_k5_c4,residual_high_q4,36.700492085808285,,warm,36.77177705430765,0.07128496849936283,0.07128496849936283,0,0,0,36.77177705430765,,0.07128496849936283,32.176436812645186,,-4.5240552731631,32.8776042264179,,-3.8228878593903843,33.65508748360642,,-3.045404602201863,32.94140544679339,0.9887874126434326,-3.759086639014896,32.17699472688048,,-4.523497358927806,0,0,1,-1,0,0,1,-1
634_0.93_1.27.png,634,0.93,1.27,0.85<=A<0.95,1.1<=beta<1.4,0.85<=A<0.95 | 1.1<=beta<1.4,midhigh_official_q3,midlow_cr_q2,content_k5_c4,residual_high_q4,34.994125704359085,,warm,35.08022536098458,0.08609965662549257,0.08609965662549257,0,0,0,35.08022536098458,,0.08609965662549257,30.108365417073067,,-4.885760287286018,31.37647891775965,,-3.617646786599437,32.51687027568979,,-2.477255428669295,31.62602153343152,0.9846410155296326,-3.368104170927566,30.109101549834932,,-4.885024154524153,0,0,1,-1,0,0,1,-1
635_0.83_0.65.png,635,0.83,0.65,0.75<=A<0.85,beta<0.8,0.75<=A<0.85 | beta<0.8,strong_official_q4,midhigh_cr_q3,content_k5_c2,residual_midhigh_q3,39.095013158177736,,warm,39.36920188211201,0.27418872393427307,0.27418872393427307,0,0,0,39.36920188211201,,0.27418872393427307,35.365710971519555,,-3.729302186658181,36.724849512756826,,-2.3701636454209094,36.49874890959399,,-2.5962642485837435,36.967628444602994,0.9938271045684814,-2.1273847135747417,35.36525096050865,,-3.729762197669089,1,0,0,1,1,0,0,1
636_0.58_1.91.png,636,0.58,1.91,A<0.65,beta>=1.7,A<0.65 | beta>=1.7,midhigh_official_q3,midhigh_cr_q3,content_k5_c1,residual_high_q4,37.61264068096295,,warm,37.58206368332664,-0.0305769976363095,0.0,1,0,0,37.58206368332664,,-0.0305769976363095,32.763452837548506,,-4.849187843414441,32.4260221108632,,-5.186618570099746,34.088775450162274,,-3.5238652308006735,32.40480021575764,0.9830557107925415,-5.207840465205308,32.76794650409687,,-4.844694176866078,0,1,0,0,0,1,0,0
637_0.63_1.9.png,637,0.63,1.9,A<0.65,beta>=1.7,A<0.65 | beta>=1.7,midhigh_official_q3,midhigh_cr_q3,content_k5_c4,residual_midhigh_q3,37.71492884770164,,warm,38.33909067341774,0.6241618257161008,0.6241618257161008,0,0,0,38.33909067341774,,0.6241618257161008,33.47810992305978,,-4.2368189246418595,34.04306077629813,,-3.671868071403516,34.85246329918122,,-2.862465548520426,34.95724310725792,0.9886950850486755,-2.757685740443719,33.476260857708326,,-4.238667989993317,1,0,0,1,1,0,0,1
638_0.82_1.07.png,638,0.82,1.07,0.75<=A<0.85,0.8<=beta<1.1,0.75<=A<0.85 | 0.8<=beta<1.1,strong_official_q4,strong_cr_q4,content_k5_c4,residual_midlow_q2,39.43386448394669,,warm,39.44727330183912,0.013408817892425873,0.013408817892425873,1,1,0,39.44727330183912,,0.013408817892425873,37.081488254878124,,-2.352376229068568,36.41517246253234,,-3.0186920214143527,36.08880251625004,,-3.345061967696651,37.10770402655402,0.9927189350128174,-2.3261604573926746,37.085173576661006,,-2.348690907285686,0,1,0,0,0,1,0,0
639_0.78_0.71.png,639,0.78,0.71,0.75<=A<0.85,beta<0.8,0.75<=A<0.85 | beta<0.8,strong_official_q4,strong_cr_q4,content_k5_c2,residual_low_q1,42.10685783390321,,warm,42.090188533304385,-0.016669300598827874,0.0,1,1,1,42.090188533304385,,-0.016669300598827874,39.125485850468,,-2.98137198343521,38.25394942637996,,-3.852908407523252,37.90592327589096,,-4.20093455801225,38.53608360965877,0.9953060150146484,-3.5707742242444453,39.126434647174065,,-2.9804231867291477,0,1,0,0,0,1,0,0
63_0.51_1.84.png,63,0.51,1.84,A<0.65,beta>=1.7,A<0.65 | beta>=1.7,midlow_official_q2,midlow_cr_q2,content_k5_c1,residual_high_q4,31.748527421181088,,warm,32.18137999894159,0.43285257776049946,0.43285257776049946,0,0,0,32.18137999894159,,0.43285257776049946,29.557759585790624,,-2.1907678353904636,27.5877356869092,,-4.160791734271889,29.07524949100229,,-2.6732779301787986,27.620005957141448,0.9844664335250854,-4.12852146403964,29.56288835522777,,-2.1856390659533176,1,0,0,1,1,0,0,1
640_0.64_1.94.png,640,0.64,1.94,A<0.65,beta>=1.7,A<0.65 | beta>=1.7,midhigh_official_q3,midhigh_cr_q3,content_k5_c4,residual_midhigh_q3,37.27099313581246,,warm,37.863913958224614,0.5929208224121538,0.5929208224121538,0,0,0,37.863913958224614,,0.5929208224121538,33.423429897879274,,-3.847563237933187,33.594666674738484,,-3.6763264610739768,34.40416032723723,,-2.866832808575232,34.74874282448661,0.9882263541221619,-2.5222503113258483,33.42173847009103,,-3.849254665721432,1,0,0,1,1,0,0,1
641_0.95_1.18.png,641,0.95,1.18,A>=0.95,1.1<=beta<1.4,A>=0.95 | 1.1<=beta<1.4,strong_official_q4,strong_cr_q4,content_k5_c4,residual_low_q1,40.573542017064284,,warm,40.02741524096922,-0.5461267760950648,0.0,1,1,1,40.02741524096922,,-0.5461267760950648,36.143468334724446,,-4.430073682339838,37.42579087815278,,-3.1477511389115023,37.02507077279894,,-3.548471244265343,35.26181134425962,0.9827406406402588,-5.311730672804664,36.14480908225626,,-4.428732934808025,0,1,0,0,0,1,0,0
642_0.99_1.18.png,642,0.99,1.18,A>=0.95,1.1<=beta<1.4,A>=0.95 | 1.1<=beta<1.4,strong_official_q4,midhigh_cr_q3,content_k5_c4,residual_midlow_q2,39.849537431299495,,warm,39.56179287145729,-0.2877445598422028,0.0,1,1,0,39.56179287145729,,-0.2877445598422028,35.382041585804544,,-4.467495845494952,36.73713241694631,,-3.112405014353186,35.833609800753536,,-4.01592763054596,34.371977456742286,0.9817246198654175,-5.477559974557209,35.38444886100398,,-4.465088570295514,0,1,0,0,0,1,0,0
643_0.82_0.72.png,643,0.82,0.72,0.75<=A<0.85,beta<0.8,0.75<=A<0.85 | beta<0.8,strong_official_q4,strong_cr_q4,content_k5_c4,residual_low_q1,44.758210631045046,,warm,44.39538135571712,-0.3628292753279254,0.0,1,1,1,44.39538135571712,,-0.3628292753279254,39.09016600085444,,-5.668044630190607,39.63264300609814,,-5.125567624946903,39.48892624893127,,-5.269284382113774,38.22477158175438,0.9888501167297363,-6.5334390492906635,39.09131371185782,,-5.666896919187224,0,1,0,0,0,1,0,0
644_0.97_1.85.png,644,0.97,1.85,A>=0.95,beta>=1.7,A>=0.95 | beta>=1.7,midhigh_official_q3,midhigh_cr_q3,content_k5_c4,residual_midlow_q2,37.46082602743289,,warm,36.8545010771873,-0.6063249502455861,0.0,1,0,0,36.8545010771873,,-0.6063249502455861,33.96750869296104,,-3.493317334471847,35.250524846452876,,-2.210301180980011,34.682705947501546,,-2.778120079931341,32.36486811756736,0.9723101258277893,-5.095957909865525,33.96865811247341,,-3.4921679149594738,0,1,0,0,0,1,0,0
645_0.58_1.99.png,645,0.58,1.99,A<0.65,beta>=1.7,A<0.65 | beta>=1.7,midhigh_official_q3,midhigh_cr_q3,content_k5_c4,residual_midhigh_q3,35.298915152730686,,warm,35.82722540578414,0.5283102530534549,0.5283102530534549,0,0,0,35.82722540578414,,0.5283102530534549,33.66184225655067,,-1.6370728961800154,35.25293020088099,,-0.04598495184969664,34.53990571697623,,-0.7590094357544572,34.826932763332564,0.9847042560577393,-0.4719823893981214,33.655253468262075,,-1.6436616844686114,1,0,0,1,1,0,0,1
646_0.52_1.97.png,646,0.52,1.97,A<0.65,beta>=1.7,A<0.65 | beta>=1.7,midhigh_official_q3,midhigh_cr_q3,content_k5_c4,residual_midhigh_q3,34.52698648712706,,warm,35.07509094825717,0.5481044611301087,0.5481044611301087,0,0,0,35.07509094825717,,0.5481044611301087,32.395270333930135,,-2.131716153196926,33.97907189436691,,-0.5479145927601508,32.96000375984898,,-1.5669827272780807,33.96639895818443,0.9857544898986816,-0.5605875289426336,32.38707642686822,,-2.139910060258842,1,0,0,1,1,0,0,1
647_0.82_0.94.png,647,0.82,0.94,0.75<=A<0.85,0.8<=beta<1.1,0.75<=A<0.85 | 0.8<=beta<1.1,strong_official_q4,strong_cr_q4,content_k5_c2,residual_midlow_q2,40.94660711334526,,warm,41.2424981284489,0.295891015103642,0.295891015103642,0,0,0,41.2424981284489,,0.295891015103642,36.61064795739164,,-4.335959155953617,37.552719097515585,,-3.393888015829674,35.79295947398563,,-5.153647639359626,35.63946473759577,0.9909725189208984,-5.3071423757494856,36.60743075201829,,-4.33917636132697,1,0,0,1,1,0,0,1
648_0.94_1.95.png,648,0.94,1.95,0.85<=A<0.95,beta>=1.7,0.85<=A<0.95 | beta>=1.7,midhigh_official_q3,weak_cr_q1,content_k5_c4,residual_high_q4,34.366825092643666,,warm,34.464141182150414,0.09731608950674797,0.09731608950674797,0,0,0,34.464141182150414,,0.09731608950674797,28.470330326489446,,-5.89649476615422,26.85056218442049,,-7.516262908223176,30.068674102181745,,-4.29815099046192,29.825426124661647,0.9619114995002747,-4.541398967982019,28.470576332592664,,-5.896248760051002,0,0,1,-1,0,0,1,-1
649_0.85_1.14.png,649,0.85,1.14,0.85<=A<0.95,1.1<=beta<1.4,0.85<=A<0.95 | 1.1<=beta<1.4,strong_official_q4,strong_cr_q4,content_k5_c4,residual_low_q1,42.60735671368556,,warm,42.671503694400066,0.06414698071450431,0.06414698071450431,0,0,1,42.671503694400066,,0.06414698071450431,37.72219607276314,,-4.885160640922422,38.192478452543426,,-4.414878261142135,39.93946491367099,,-2.667891800014573,38.875285438925964,0.9928800463676453,-3.7320712747595977,37.71523692997105,,-4.892119783714513,0,0,1,-1,0,0,1,-1
64_0.62_0.79.png,64,0.62,0.79,A<0.65,beta<0.8,A<0.65 | beta<0.8,midlow_official_q2,midlow_cr_q2,content_k5_c0,residual_low_q1,30.207681607567892,,cbrfrc,30.880044986874854,0.6723633793069617,0.6723633793069617,0,0,1,30.704325113379028,,0.4966435058111358,30.87206832091872,,0.6643867133508294,29.92433208326675,,-0.2833495243011406,28.907435372402762,,-1.3002462351651296,30.113127343807896,0.9908299446105957,-0.09455426375999565,30.880044986874854,,0.6723633793069617,1,0,0,1,1,0,0,1
650_0.56_0.65.png,650,0.56,0.65,A<0.65,beta<0.8,A<0.65 | beta<0.8,strong_official_q4,strong_cr_q4,content_k5_c2,residual_low_q1,47.622749187948074,,warm,47.838352088917645,0.21560290096957146,0.21560290096957146,0,0,1,47.838352088917645,,0.21560290096957146,41.176414054893385,,-6.4463351330546885,44.21923713128824,,-3.403512056659835,43.85424560560084,,-3.768503582347236,44.48172596398904,0.9963011145591736,-3.1410232239590314,41.17037691722732,,-6.452372270720751,1,0,0,1,1,0,0,1
651_0.89_1.04.png,651,0.89,1.04,0.85<=A<0.95,0.8<=beta<1.1,0.85<=A<0.95 | 0.8<=beta<1.1,strong_official_q4,strong_cr_q4,content_k5_c4,residual_low_q1,42.40371000543317,,warm,42.43124404835511,0.027534042921942614,0.027534042921942614,1,1,1,42.43124404835511,,0.027534042921942614,38.00020858769685,,-4.403501417736322,38.09254974396609,,-4.31116026146708,39.67306005386468,,-2.7306499515684877,38.897112710748594,0.9934344291687012,-3.5065972946845747,37.995060694054274,,-4.408649311378895,0,1,0,0,0,1,0,0
652_0.67_1.73.png,652,0.67,1.73,0.65<=A<0.75,beta>=1.7,0.65<=A<0.75 | beta>=1.7,strong_official_q4,midhigh_cr_q3,content_k5_c1,residual_high_q4,41.75885024392652,,warm,41.01899433626406,-0.7398559076624593,0.0,1,1,0,41.01899433626406,,-0.7398559076624593,34.930545763497,,-6.828304480429516,36.76066400608884,,-4.998186237837679,38.181805471018116,,-3.577044772908401,37.79492391684989,0.9900286197662354,-3.963926327076628,34.923581815925374,,-6.835268428001143,0,1,0,0,0,1,0,0
653_0.88_1.66.png,653,0.88,1.66,0.85<=A<0.95,1.4<=beta<1.7,0.85<=A<0.95 | 1.4<=beta<1.7,strong_official_q4,strong_cr_q4,content_k5_c4,residual_low_q1,42.35204222569061,,warm,42.529850011248556,0.1778077855579454,0.1778077855579454,0,0,1,42.529850011248556,,0.1778077855579454,37.734930765603835,,-4.617111460086775,37.27465630299808,,-5.077385922692528,37.726653237391375,,-4.625388988299235,36.67816420993238,0.9735792875289917,-5.673878015758227,37.73095156521781,,-4.621090660472802,1,0,0,1,0,0,1,-1
654_0.84_1.35.png,654,0.84,1.35,0.75<=A<0.85,1.1<=beta<1.4,0.75<=A<0.85 | 1.1<=beta<1.4,strong_official_q4,strong_cr_q4,content_k5_c4,residual_low_q1,43.29356506194791,,warm,43.34255314667374,0.04898808472582772,0.04898808472582772,1,1,1,43.34255314667374,,0.04898808472582772,39.19099102393715,,-4.102574038010758,39.411011659388706,,-3.8825534025592034,39.160494924339176,,-4.133070137608733,38.04466803852474,0.9788585305213928,-5.248897023423169,39.18649883102156,,-4.10706623092635,0,1,0,0,0,1,0,0
655_0.8_1.51.png,655,0.8,1.51,0.75<=A<0.85,1.4<=beta<1.7,0.75<=A<0.85 | 1.4<=beta<1.7,strong_official_q4,strong_cr_q4,content_k5_c4,residual_low_q1,43.38580964337484,,warm,43.45518595579905,0.06937631242421105,0.06937631242421105,0,0,1,43.45518595579905,,0.06937631242421105,39.01633796754565,,-4.369471675829189,39.80516911086368,,-3.580640532511161,38.96531236312339,,-4.420497280251453,38.16582119739421,0.9778299927711487,-5.219988445980633,39.01169204118353,,-4.374117602191312,0,0,1,-1,0,0,1,-1
656_0.88_1.72.png,656,0.88,1.72,0.85<=A<0.95,beta>=1.7,0.85<=A<0.95 | beta>=1.7,strong_official_q4,strong_cr_q4,content_k5_c4,residual_low_q1,41.575556045685644,,warm,41.72284388351546,0.1472878378298148,0.1472878378298148,0,0,1,41.72284388351546,,0.1472878378298148,37.21691361709921,,-4.358642428586435,36.879766201726014,,-4.695789843959631,37.40191615652846,,-4.173639889157187,36.3659082483974,0.9729340672492981,-5.209647797288241,37.21316174755537,,-4.362394298130276,0,0,1,-1,0,0,1,-1
657_0.61_1.25.png,657,0.61,1.25,A<0.65,1.1<=beta<1.4,A<0.65 | 1.1<=beta<1.4,strong_official_q4,strong_cr_q4,content_k5_c4,residual_low_q1,41.30907917578507,,warm,41.36291395692699,0.053834781141915755,0.053834781141915755,0,0,1,41.36291395692699,,0.053834781141915755,38.01446975462025,,-3.2946094211648216,37.44745710832398,,-3.8616220674610915,37.965602570332194,,-3.343476605452878,37.610450315189645,0.9899576306343079,-3.698628860595427,38.00364098329513,,-3.3054381924899445,0,0,1,-1,0,0,1,-1
658_0.67_0.54.png,658,0.67,0.54,0.65<=A<0.75,beta<0.8,0.65<=A<0.75 | beta<0.8,strong_official_q4,strong_cr_q4,content_k5_c2,residual_low_q1,44.91277275522536,,warm,45.3162690012665,0.40349624604113643,0.40349624604113643,0,0,1,45.3162690012665,,0.40349624604113643,42.13596511173303,,-2.776807643492333,41.32801546558458,,-3.584757289640784,42.10477182335411,,-2.8080009318712484,41.755702294345305,0.9946109056472778,-3.157070460880057,42.12700120151635,,-2.7857715537090115,1,0,0,1,1,0,0,1
659_0.8_1.18.png,659,0.8,1.18,0.75<=A<0.85,1.1<=beta<1.4,0.75<=A<0.85 | 1.1<=beta<1.4,strong_official_q4,strong_cr_q4,content_k5_c4,residual_low_q1,41.48295385453174,,warm,41.480452808332785,-0.002501046198958079,0.0,1,1,1,41.480452808332785,,-0.002501046198958079,37.95252489638062,,-3.53042895815112,37.10533050941807,,-4.377623345113676,37.367483870481294,,-4.115469984050449,37.345253690066286,0.9884608387947083,-4.137700164465457,37.95350198018992,,-3.5294518743418237,0,1,0,0,0,1,0,0
65_0.89_0.51.png,65,0.89,0.51,0.85<=A<0.95,beta<0.8,0.85<=A<0.95 | beta<0.8,midlow_official_q2,midlow_cr_q2,content_k5_c0,residual_midhigh_q3,31.53251526477101,,lfv1,34.64660676652305,3.114091501752039,3.114091501752039,0,0,0,30.776184854544574,,-0.7563304102264361,29.032961626538082,,-2.4995536382329284,34.64660676652305,,3.114091501752039,32.26674200853053,,0.7342267437595176,33.50984857790487,0.9912053942680359,1.9773333131338582,29.02959373095816,,-2.5029215338128488,1,0,0,1,1,0,0,1
660_0.62_1.91.png,660,0.62,1.91,A<0.65,beta>=1.7,A<0.65 | beta>=1.7,midhigh_official_q3,strong_cr_q4,content_k5_c4,residual_midlow_q2,37.35937974000338,,warm,37.6879922721169,0.3286125321135245,0.3286125321135245,0,0,0,37.6879922721169,,0.3286125321135245,36.00277904673066,,-1.3566006932727177,35.96614866909542,,-1.3932310709079587,33.27690628523891,,-4.082473454764468,35.718521836952206,0.9849262237548828,-1.6408579030511703,35.99581548208595,,-1.3635642579174245,1,0,0,1,1,0,0,1
661_0.7_0.75.png,661,0.7,0.75,0.65<=A<0.75,beta<0.8,0.65<=A<0.75 | beta<0.8,strong_official_q4,strong_cr_q4,content_k5_c2,residual_low_q1,44.449476206966345,,warm,44.96967277802267,0.5201965710563243,0.5201965710563243,0,0,1,44.96967277802267,,0.5201965710563243,39.96739594805934,,-4.482080258907004,38.28396184923521,,-6.1655143577311335,39.5768413509179,,-4.8726348560484425,39.076288326761,0.9960010051727295,-5.373187880205343,39.97204231431397,,-4.477433892652378,1,0,0,1,1,0,0,1
662_0.79_1.86.png,662,0.79,1.86,0.75<=A<0.85,beta>=1.7,0.75<=A<0.85 | beta>=1.7,strong_official_q4,midhigh_cr_q3,content_k5_c2,residual_midhigh_q3,39.78607885633202,,warm,39.56488427212825,-0.22119458420376503,0.0,1,1,0,39.56488427212825,,-0.22119458420376503,34.48487868438896,,-5.301200171943059,33.47354906222985,,-6.3125297941021685,34.30034302585433,,-5.485735830477687,31.388972513537134,0.9883028268814087,-8.397106342794885,34.48747340838727,,-5.298605447944752,0,1,0,0,0,1,0,0
663_0.84_1.13.png,663,0.84,1.13,0.75<=A<0.85,1.1<=beta<1.4,0.75<=A<0.85 | 1.1<=beta<1.4,strong_official_q4,strong_cr_q4,content_k5_c2,residual_low_q1,40.359408734803296,,warm,40.17364494576911,-0.18576378903418345,0.0,1,1,1,40.17364494576911,,-0.18576378903418345,37.279835404071484,,-3.0795733307318116,36.51625265017426,,-3.8431560846290367,36.531472459468816,,-3.82793627533448,35.06583440698933,0.9932790994644165,-5.293574327813964,37.28147212251235,,-3.077936612290948,0,1,0,0,0,1,0,0
664_0.99_1.07.png,664,0.99,1.07,A>=0.95,0.8<=beta<1.1,A>=0.95 | 0.8<=beta<1.1,midhigh_official_q3,midhigh_cr_q3,content_k5_c2,residual_midlow_q2,36.16630680876875,,warm,36.13452025161849,-0.03178655715026224,0.0,1,0,0,36.13452025161849,,-0.03178655715026224,34.779938529773,,-1.3863682789957537,33.609365335268954,,-2.5569414734997977,33.87698743749641,,-2.2893193712723416,32.55974576555912,0.9914387464523315,-3.6065610432096307,34.783513065573125,,-1.3827937431956272,0,1,0,0,0,1,0,0
665_0.78_1.86.png,665,0.78,1.86,0.75<=A<0.85,beta>=1.7,0.75<=A<0.85 | beta>=1.7,midhigh_official_q3,midhigh_cr_q3,content_k5_c4,residual_midhigh_q3,38.52479269234816,,warm,38.41045501202293,-0.11433768032522806,0.0,1,0,0,38.41045501202293,,-0.11433768032522806,35.258583515274616,,-3.2662091770735415,34.47137297378773,,-4.053419718560427,34.02053638706909,,-4.504256305279064,34.996026521117926,0.989071786403656,-3.528766171230231,35.25643451602183,,-3.2683581763263305,0,1,0,0,0,1,0,0
666_0.72_0.6.png,666,0.72,0.6,0.65<=A<0.75,beta<0.8,0.65<=A<0.75 | beta<0.8,strong_official_q4,strong_cr_q4,content_k5_c2,residual_low_q1,45.23862944393477,,warm,45.3914327138243,0.15280326988953163,0.15280326988953163,0,0,1,45.3914327138243,,0.15280326988953163,41.316127346069166,,-3.9225020978656033,40.74821526458792,,-4.49041417934685,40.51854323290809,,-4.720086211026683,40.353593105580934,0.9960471987724304,-4.885036338353835,41.32623840556761,,-3.9123910383671614,1,0,0,1,0,0,1,-1
667_0.82_1.98.png,667,0.82,1.98,0.75<=A<0.85,beta>=1.7,0.75<=A<0.85 | beta>=1.7,midhigh_official_q3,midhigh_cr_q3,content_k5_c4,residual_midhigh_q3,37.534303699376814,,warm,37.385592606239186,-0.14871109313762787,0.0,1,0,0,37.385592606239186,,-0.14871109313762787,34.470655692263236,,-3.063648007113578,33.79178003371969,,-3.7425236656571244,33.664424734852936,,-3.8698789645238776,34.16108671045836,0.987166166305542,-3.3732169889184505,34.47072221363672,,-3.0635814857400945,0,1,0,0,0,1,0,0
668_0.69_1.25.png,668,0.69,1.25,0.65<=A<0.75,1.1<=beta<1.4,0.65<=A<0.75 | 1.1<=beta<1.4,strong_official_q4,strong_cr_q4,content_k5_c2,residual_midlow_q2,41.796563356354,,warm,41.787706996806676,-0.008856359547323223,0.0,1,1,0,41.787706996806676,,-0.008856359547323223,37.528273879670444,,-4.268289476683556,37.5305670524636,,-4.265996303890397,36.45322304492649,,-5.343340311427511,37.288940124514646,0.9932376742362976,-4.507623231839354,37.52618213396869,,-4.270381222385311,0,1,0,0,0,1,0,0
669_0.82_1.33.png,669,0.82,1.33,0.75<=A<0.85,1.1<=beta<1.4,0.75<=A<0.85 | 1.1<=beta<1.4,midhigh_official_q3,midhigh_cr_q3,content_k5_c4,residual_midlow_q2,37.07329547733239,,warm,37.30570535427691,0.23240987694452286,0.23240987694452286,0,0,0,37.30570535427691,,0.23240987694452286,34.622136496601044,,-2.4511589807313428,35.180326110051375,,-1.8929693672810117,34.7876919005283,,-2.2856035768040854,34.92202296276987,0.9890064001083374,-2.151272514562514,34.621949639784326,,-2.451345837548061,1,0,0,1,1,0,0,1
66_0.62_1.57.png,66,0.62,1.57,A<0.65,1.4<=beta<1.7,A<0.65 | 1.4<=beta<1.7,weak_official_q1,weak_cr_q1,content_k5_c1,residual_high_q4,29.633888951042078,,crplus,31.07059915200908,1.4367102009670027,1.4367102009670027,0,0,0,30.18218629214761,,0.5482973411055312,28.265624212561384,,-1.3682647384806934,29.59817073705362,,-0.035718213988456426,29.7753658617377,,0.14147691069562285,31.07059915200908,0.9863564968109131,1.4367102009670027,28.25782800082759,,-1.3760609502144874,1,0,0,1,1,0,0,1
670_0.75_1.02.png,670,0.75,1.02,0.75<=A<0.85,0.8<=beta<1.1,0.75<=A<0.85 | 0.8<=beta<1.1,strong_official_q4,strong_cr_q4,content_k5_c2,residual_low_q1,39.623047880034036,,warm,39.88759595937446,0.2645480793404218,0.2645480793404218,0,0,1,39.88759595937446,,0.2645480793404218,36.892565335381924,,-2.730482544652112,37.802828938622284,,-1.8202189414117527,36.92879290242381,,-2.6942549776102283,37.136431033089465,0.9921780228614807,-2.486616846944571,36.89372981024344,,-2.729318069790594,1,0,0,1,1,0,0,1
671_0.76_1.47.png,671,0.76,1.47,0.75<=A<0.85,1.4<=beta<1.7,0.75<=A<0.85 | 1.4<=beta<1.7,midhigh_official_q3,midhigh_cr_q3,content_k5_c4,residual_midlow_q2,37.35980227426968,,warm,37.349709857149215,-0.010092417120468156,0.0,1,0,0,37.349709857149215,,-0.010092417120468156,34.76084695024739,,-2.598955324022292,35.56172872467188,,-1.7980735495978024,35.04502391598082,,-2.314778358288862,35.244140750891205,0.9892012476921082,-2.1156615233784777,34.76036768955625,,-2.5994345847134355,0,1,0,0,0,1,0,0
672_0.65_0.76.png,672,0.65,0.76,0.65<=A<0.75,beta<0.8,0.65<=A<0.75 | beta<0.8,strong_official_q4,strong_cr_q4,content_k5_c2,residual_low_q1,41.86608252576069,,warm,42.0111195779092,0.14503705214850982,0.14503705214850982,0,0,1,42.0111195779092,,0.14503705214850982,39.329267305762,,-2.5368152199986866,39.73761237509925,,-2.1284701506614354,38.90991034971696,,-2.9561721760437294,39.6179734935415,0.9941151738166809,-2.2481090322191903,39.3356429403022,,-2.5304395854584882,0,0,1,-1,0,0,1,-1
673_0.85_1.82.png,673,0.85,1.82,0.85<=A<0.95,beta>=1.7,0.85<=A<0.95 | beta>=1.7,strong_official_q4,strong_cr_q4,content_k5_c4,residual_midhigh_q3,39.327602386915366,,warm,39.19760826932717,-0.1299941175881969,0.0,1,1,0,39.19760826932717,,-0.1299941175881969,36.91261756893157,,-2.414984817983793,37.73078740590462,,-1.5968149810107448,37.879572989609834,,-1.4480293973055325,38.26001569381945,0.9925297498703003,-1.0675866930959188,36.915816815570416,,-2.41178557134495,0,1,0,0,0,1,0,0
674_0.95_1.43.png,674,0.95,1.43,A>=0.95,1.4<=beta<1.7,A>=0.95 | 1.4<=beta<1.7,midhigh_official_q3,strong_cr_q4,content_k5_c4,residual_midhigh_q3,38.86662312606597,,warm,38.86718105552598,0.0005579294600153162,0.0005579294600153162,1,0,0,38.86718105552598,,0.0005579294600153162,36.81435081189385,,-2.0522723141721144,36.37025808200272,,-2.4963650440632463,38.0453312228623,,-0.8212919032036652,38.03461182191289,0.9928045272827148,-0.8320113041530774,36.817024441363685,,-2.049598684702282,0,1,0,0,0,1,0,0
675_0.78_1.9.png,675,0.78,1.9,0.75<=A<0.85,beta>=1.7,0.75<=A<0.85 | beta>=1.7,strong_official_q4,strong_cr_q4,content_k5_c4,residual_midlow_q2,39.982171895429694,,warm,39.920729222251595,-0.06144267317809948,0.0,1,1,0,39.920729222251595,,-0.06144267317809948,36.25494461108219,,-3.7272272843475065,38.620592242271464,,-1.3615796531582305,38.263787319014156,,-1.7183845764155379,38.95192169176329,0.9929639101028442,-1.0302502036664052,36.25865883290224,,-3.723513062527452,0,1,0,0,0,1,0,0
676_0.97_1.88.png,676,0.97,1.88,A>=0.95,beta>=1.7,A>=0.95 | beta>=1.7,midhigh_official_q3,midhigh_cr_q3,content_k5_c4,residual_midhigh_q3,36.94232544897804,,warm,36.947242027569345,0.00491657859130612,0.00491657859130612,1,0,0,36.947242027569345,,0.00491657859130612,35.535409944669425,,-1.4069155043086141,35.2142125332151,,-1.7281129157629422,35.62752837545367,,-1.3147970735243675,35.93497010618675,0.990135133266449,-1.0073553427912856,35.53800013777976,,-1.4043253111982779,0,1,0,0,0,1,0,0
677_0.58_1.45.png,677,0.58,1.45,A<0.65,1.4<=beta<1.7,A<0.65 | 1.4<=beta<1.7,strong_official_q4,strong_cr_q4,content_k5_c2,residual_midlow_q2,42.052112728012006,,warm,41.93864465595843,-0.11346807205357834,0.0,1,1,0,41.93864465595843,,-0.11346807205357834,36.96746622292014,,-5.084646505091868,37.953871254399935,,-4.09824147361207,38.93700792470315,,-3.115104803308853,38.50417816428536,0.9941555261611938,-3.547934563726642,36.98195359893462,,-5.070159129077382,0,1,0,0,0,1,0,0
678_0.62_0.73.png,678,0.62,0.73,A<0.65,beta<0.8,A<0.65 | beta<0.8,strong_official_q4,strong_cr_q4,content_k5_c2,residual_low_q1,44.9347650137087,,warm,44.490695444917804,-0.4440695687908942,0.0,1,1,1,44.490695444917804,,-0.4440695687908942,39.885308428589376,,-5.049456585119323,42.08582353801977,,-2.8489414756889317,41.79979033371852,,-3.1349746799901794,42.19784041787428,0.9963449239730835,-2.7369245958344166,39.904101784205665,,-5.030663229503034,0,1,0,0,0,1,0,0
679_0.84_1.04.png,679,0.84,1.04,0.75<=A<0.85,0.8<=beta<1.1,0.75<=A<0.85 | 0.8<=beta<1.1,strong_official_q4,midhigh_cr_q3,content_k5_c2,residual_midhigh_q3,39.66674416840368,,warm,39.830112712069706,0.16336854366602438,0.16336854366602438,0,0,0,39.830112712069706,,0.16336854366602438,33.93934718830959,,-5.727396980094092,35.67399845189179,,-3.992745716511891,37.32164419493025,,-2.345099973473431,36.86979177140412,0.9950398206710815,-2.796952396999565,33.9484896395626,,-5.718254528841079,1,0,0,1,0,0,1,-1
67_0.68_1.12.png,67,0.68,1.12,0.65<=A<0.75,1.1<=beta<1.4,0.65<=A<0.75 | 1.1<=beta<1.4,midlow_official_q2,weak_cr_q1,content_k5_c1,residual_high_q4,32.520962204285496,,warm,32.6222764423231,0.10131423803760242,0.10131423803760242,0,0,0,32.6222764423231,,0.10131423803760242,26.17303201905564,,-6.347930185229856,32.620982454169486,,0.10002024988398972,31.447557668381467,,-1.0734045359040287,31.24258512041944,0.9887653589248657,-1.2783770838660544,26.16640478926382,,-6.354557415021677,0,0,1,-1,0,0,1,-1
680_0.72_1.1.png,680,0.72,1.1,0.65<=A<0.75,1.1<=beta<1.4,0.65<=A<0.75 | 1.1<=beta<1.4,strong_official_q4,midhigh_cr_q3,content_k5_c2,residual_midlow_q2,41.89688902014959,,warm,41.938460477615955,0.041571457466368145,0.041571457466368145,1,1,0,41.938460477615955,,0.041571457466368145,35.584999954960814,,-6.3118890651887725,37.526801434614846,,-4.3700875855347405,38.82683814374516,,-3.07005087640443,38.019256198511776,0.9950605034828186,-3.8776328216378104,35.59602931952452,,-6.300859700625068,0,1,0,0,0,1,0,0
681_0.89_1.64.png,681,0.89,1.64,0.85<=A<0.95,1.4<=beta<1.7,0.85<=A<0.95 | 1.4<=beta<1.7,midhigh_official_q3,midlow_cr_q2,content_k5_c4,residual_high_q4,35.97061208172876,,warm,35.74171348421149,-0.22889859751727215,0.0,1,0,0,35.74171348421149,,-0.22889859751727215,30.013126911728783,,-5.957485169999977,32.82689886392343,,-3.1437132178053275,32.91130595032172,,-3.059306131407041,32.3514829244443,0.9884547591209412,-3.619129157284462,30.017577103713347,,-5.953034978015413,0,1,0,0,0,1,0,0
682_0.58_0.74.png,682,0.58,0.74,A<0.65,beta<0.8,A<0.65 | beta<0.8,strong_official_q4,strong_cr_q4,content_k5_c2,residual_low_q1,44.31532649760659,,warm,44.321949211694616,0.006622714088024395,0.006622714088024395,1,1,1,44.321949211694616,,0.006622714088024395,40.65157805924691,,-3.663748438359683,41.321096621235554,,-2.994229876371037,41.2571569468473,,-3.0581695507592883,39.90413454784628,0.9966632127761841,-4.411191949760308,40.66829378484418,,-3.6470327127624103,0,1,0,0,0,1,0,0
683_0.65_0.66.png,683,0.65,0.66,0.65<=A<0.75,beta<0.8,0.65<=A<0.75 | beta<0.8,strong_official_q4,strong_cr_q4,content_k5_c2,residual_low_q1,44.71484000771119,,warm,44.73460202823282,0.01976202052163245,0.01976202052163245,1,1,1,44.73460202823282,,0.01976202052163245,39.57386804294086,,-5.14097196477033,41.090558449849624,,-3.624281557861565,40.84330940781694,,-3.8715305998942497,39.240468873030785,0.9967140555381775,-5.474371134680403,39.58987586120391,,-5.124964146507281,0,1,0,0,0,1,0,0
684_0.89_1.28.png,684,0.89,1.28,0.85<=A<0.95,1.1<=beta<1.4,0.85<=A<0.95 | 1.1<=beta<1.4,midhigh_official_q3,midlow_cr_q2,content_k5_c2,residual_high_q4,37.87848327292805,,warm,37.81218475721056,-0.06629851571749157,0.0,1,0,0,37.81218475721056,,-0.06629851571749157,30.889402434316843,,-6.989080838611208,34.22389915430361,,-3.6545841186244417,33.97221230067923,,-3.9062709722488194,33.556657393086276,0.9910114407539368,-4.321825879841775,30.894283156972968,,-6.984200115955083,0,1,0,0,0,1,0,0
685_0.95_1.13.png,685,0.95,1.13,A>=0.95,1.1<=beta<1.4,A>=0.95 | 1.1<=beta<1.4,midhigh_official_q3,midlow_cr_q2,content_k5_c4,residual_midhigh_q3,34.86800146493181,,warm,35.02435326571189,0.1563518007800795,0.1563518007800795,0,0,0,35.02435326571189,,0.1563518007800795,31.215685673155654,,-3.6523157917761537,31.934600751522453,,-2.9334007134093554,31.853419927154416,,-3.014581537777392,31.113711039055776,0.9843118190765381,-3.7542904258760323,31.216390084940304,,-3.651611379991504,1,0,0,1,0,0,1,-1
686_0.88_1.15.png,686,0.88,1.15,0.85<=A<0.95,1.1<=beta<1.4,0.85<=A<0.95 | 1.1<=beta<1.4,midhigh_official_q3,midlow_cr_q2,content_k5_c4,residual_midlow_q2,35.82907979899466,,warm,36.04295548161296,0.21387568261829415,0.21387568261829415,0,0,0,36.04295548161296,,0.21387568261829415,32.201517653251884,,-3.627562145742779,33.43350481961418,,-2.395574979380484,32.94468356551676,,-2.8843962334779008,32.25253336853521,0.9858749508857727,-3.5765464304594516,32.20264841303066,,-3.626431385964004,1,0,0,1,1,0,0,1
687_0.97_0.94.png,687,0.97,0.94,A>=0.95,0.8<=beta<1.1,A>=0.95 | 0.8<=beta<1.1,midlow_official_q2,midlow_cr_q2,content_k5_c4,residual_midlow_q2,34.236749899195964,,warm,34.65671221904046,0.41996231984449395,0.41996231984449395,0,0,0,34.65671221904046,,0.41996231984449395,30.988796304872213,,-3.24795359432375,32.69576322040629,,-1.5409866787896718,32.183633436590384,,-2.05311646260558,31.3945953307999,0.9863054156303406,-2.842154568396065,30.9886039482707,,-3.248145950925263,1,0,0,1,1,0,0,1
688_0.83_1.51.png,688,0.83,1.51,0.75<=A<0.85,1.4<=beta<1.7,0.75<=A<0.85 | 1.4<=beta<1.7,midhigh_official_q3,midlow_cr_q2,content_k5_c4,residual_midhigh_q3,34.92296134889721,,warm,34.86197327492988,-0.06098807396733008,0.0,1,0,0,34.86197327492988,,-0.06098807396733008,32.385870347934016,,-2.537091000963194,32.31897883266798,,-2.6039825162292303,32.34988627924625,,-2.5730750696509617,31.7357578048529,0.9825608134269714,-3.187203544044312,32.38645320047117,,-2.5365081484260372,0,1,0,0,0,1,0,0
689_0.67_0.91.png,689,0.67,0.91,0.65<=A<0.75,0.8<=beta<1.1,0.65<=A<0.75 | 0.8<=beta<1.1,strong_official_q4,strong_cr_q4,content_k5_c2,residual_low_q1,41.11970314976191,,cold_cr,41.99094061245045,0.8712374626885406,0.8712374626885406,0,0,1,40.35438811867376,,-0.76531503108815,41.99094061245045,,0.8712374626885406,39.93370164597008,,-1.1860015037918288,39.604961546203526,,-1.5147416035583845,39.67087337714987,0.9962904453277588,-1.4488297726120436,41.98763590411696,,0.8679327543550457,1,0,0,1,1,0,0,1
68_0.78_1.68.png,68,0.78,1.68,0.75<=A<0.85,1.4<=beta<1.7,0.75<=A<0.85 | 1.4<=beta<1.7,weak_official_q1,midlow_cr_q2,content_k5_c1,residual_high_q4,27.896374295976027,,cbrfrc,29.370779602223422,1.4744053062473945,1.4744053062473945,0,0,0,28.068922536341567,,0.17254824036553984,29.368555150806834,,1.4721808548308069,27.949990552389565,,0.0536162564135374,27.246490776571257,,-0.6498835194047707,27.310005375872734,0.9810600280761719,-0.5863689201032933,29.370779602223422,,1.4744053062473945,1,0,0,1,1,0,0,1
690_0.62_0.99.png,690,0.62,0.99,A<0.65,0.8<=beta<1.1,A<0.65 | 0.8<=beta<1.1,strong_official_q4,strong_cr_q4,content_k5_c2,residual_low_q1,41.89275011025673,,cold_cr,41.90158703865572,0.008836928398991972,0.008836928398991972,1,1,1,40.96344610613275,,-0.9293040041239777,41.90158703865572,,0.008836928398991972,39.598386042692496,,-2.2943640675642314,39.59920887705526,,-2.2935412332014664,40.43253537143354,0.9962835311889648,-1.4602147388231899,41.898901484892086,,0.006151374635358309,0,1,0,0,0,1,0,0
691_0.84_1.65.png,691,0.84,1.65,0.75<=A<0.85,1.4<=beta<1.7,0.75<=A<0.85 | 1.4<=beta<1.7,midhigh_official_q3,midhigh_cr_q3,content_k5_c4,residual_high_q4,35.74403122056222,,cold_cr,35.78877504327558,0.04474382271335742,0.04474382271335742,1,0,0,35.582515507229544,,-0.16151571333267611,35.78877504327558,,0.04474382271335742,33.74119514327895,,-2.00283607728327,34.19011476441791,,-1.5539164561443073,32.70006496448903,0.9917906522750854,-3.0439662560731904,35.784612357646395,,0.04058113708417466,0,1,0,0,0,1,0,0
692_0.92_1.8.png,692,0.92,1.8,0.85<=A<0.95,beta>=1.7,0.85<=A<0.95 | beta>=1.7,midhigh_official_q3,midhigh_cr_q3,content_k5_c4,residual_high_q4,35.03224061264122,,warm,35.042968322801485,0.010727710160267634,0.010727710160267634,1,0,0,35.042968322801485,,0.010727710160267634,32.69871559409312,,-2.3335250185480945,30.916541030011246,,-4.115699582629972,31.959129020813265,,-3.073111591827953,30.532404706725686,0.9896897673606873,-4.499835905915532,32.694075774483174,,-2.3381648381580433,0,1,0,0,0,1,0,0
693_0.8_1.0.png,693,0.8,1.0,0.75<=A<0.85,0.8<=beta<1.1,0.75<=A<0.85 | 0.8<=beta<1.1,strong_official_q4,strong_cr_q4,content_k5_c4,residual_midlow_q2,42.107721781831955,,warm,41.79485283576832,-0.312868946063638,0.0,1,1,0,41.79485283576832,,-0.312868946063638,36.973772490954005,,-5.1339492908779505,36.068174537371405,,-6.03954724446055,37.18730946271451,,-4.920412319117446,36.73835197363799,0.9931548833847046,-5.369369808193966,36.972737439900385,,-5.13498434193157,0,1,0,0,0,1,0,0
694_0.63_0.82.png,694,0.63,0.82,A<0.65,0.8<=beta<1.1,A<0.65 | 0.8<=beta<1.1,strong_official_q4,strong_cr_q4,content_k5_c4,residual_low_q1,43.724605416886575,,warm,43.63719312081358,-0.08741229607299772,0.0,1,1,1,43.63719312081358,,-0.08741229607299772,40.41544271780634,,-3.3091626990802325,39.30567429566965,,-4.418931121216929,40.19691103515051,,-3.527694381736069,40.38669473259183,0.9953354001045227,-3.337910684294748,40.41392835165415,,-3.3106770652324258,0,1,0,0,0,1,0,0
695_0.61_1.6.png,695,0.61,1.6,A<0.65,1.4<=beta<1.7,A<0.65 | 1.4<=beta<1.7,strong_official_q4,strong_cr_q4,content_k5_c1,residual_midlow_q2,41.02094858785145,,warm,40.56267336760693,-0.4582752202445164,0.0,1,1,0,40.56267336760693,,-0.4582752202445164,36.40270675195234,,-4.618241835899113,36.96270695964235,,-4.058241628209103,37.41990207649763,,-3.6010465113538217,38.08488747496802,0.9913053512573242,-2.9360611128834293,36.39667941900469,,-4.624269168846759,0,1,0,0,0,1,0,0
696_0.96_1.81.png,696,0.96,1.81,A>=0.95,beta>=1.7,A>=0.95 | beta>=1.7,midhigh_official_q3,midlow_cr_q2,content_k5_c4,residual_high_q4,37.94592498648217,,warm,37.683948675367695,-0.2619763111144735,0.0,1,0,0,37.683948675367695,,-0.2619763111144735,31.599437902201686,,-6.346487084280483,31.565078992985683,,-6.380845993496486,32.24970960165484,,-5.696215384827326,32.028857333313944,0.9826502799987793,-5.917067653168225,31.596965921965992,,-6.348959064516176,0,1,0,0,0,1,0,0
697_0.85_1.82.png,697,0.85,1.82,0.85<=A<0.95,beta>=1.7,0.85<=A<0.95 | beta>=1.7,strong_official_q4,strong_cr_q4,content_k5_c4,residual_midlow_q2,41.42988469132482,,warm,41.32984346904855,-0.10004122227627477,0.0,1,1,0,41.32984346904855,,-0.10004122227627477,36.023706628539884,,-5.406178062784939,36.647653122536326,,-4.782231568788497,36.76300424815862,,-4.6668804431662,36.420928916654745,0.9894561171531677,-5.008955774670078,36.02096424929757,,-5.408920442027252,0,1,0,0,0,1,0,0
698_0.51_1.13.png,698,0.51,1.13,A<0.65,1.1<=beta<1.4,A<0.65 | 1.1<=beta<1.4,strong_official_q4,strong_cr_q4,content_k5_c4,residual_midlow_q2,45.61123747122981,,warm,45.77943762210416,0.16820015087434825,0.16820015087434825,0,0,0,45.77943762210416,,0.16820015087434825,37.87223915838251,,-7.7389983128473006,41.28026235818447,,-4.330975113045341,41.463658442832354,,-4.147579028397459,40.093689245566736,0.9941768646240234,-5.517548225663077,37.865937893845405,,-7.745299577384408,1,0,0,1,0,0,1,-1
699_0.67_1.68.png,699,0.67,1.68,0.65<=A<0.75,1.4<=beta<1.7,0.65<=A<0.75 | 1.4<=beta<1.7,strong_official_q4,strong_cr_q4,content_k5_c4,residual_midlow_q2,43.98878815382061,,warm,44.09455767605357,0.10576952223296132,0.10576952223296132,0,0,0,44.09455767605357,,0.10576952223296132,37.671588274698045,,-6.317199879122562,38.92779366889216,,-5.06099448492845,39.94125271597572,,-4.047535437844886,39.16472095403631,0.9921579360961914,-4.824067199784295,37.66639877444392,,-6.322389379376688,0,0,1,-1,0,0,1,-1
69_0.85_0.92.png,69,0.85,0.92,0.85<=A<0.95,0.8<=beta<1.1,0.85<=A<0.95 | 0.8<=beta<1.1,midlow_official_q2,midlow_cr_q2,content_k5_c3,residual_midlow_q2,31.412632244038974,,crplus,31.978071677995345,0.5654394339563709,0.5654394339563709,0,0,0,31.270406080308465,,-0.14222616373050911,30.84693408244422,,-0.565698161594753,31.935461987851692,,0.5228297438127179,30.501347071803263,,-0.9112851722357114,31.978071677995345,0.9877476096153259,0.5654394339563709,30.850886191124168,,-0.5617460529148062,1,0,0,1,1,0,0,1
6_0.59_1.99.png,6,0.59,1.99,A<0.65,beta>=1.7,A<0.65 | beta>=1.7,midlow_official_q2,midlow_cr_q2,content_k5_c1,residual_midhigh_q3,33.844237571036494,,warm,33.72928086543614,-0.1149567056003562,0.0,1,0,0,33.72928086543614,,-0.1149567056003562,31.438557367764616,,-2.405680203271878,31.50170859010416,,-2.342528980932336,30.707784105899634,,-3.13645346513686,32.60859606169427,0.9861776232719421,-1.2356415093422228,31.436283988962487,,-2.4079535820740077,0,1,0,0,0,1,0,0
700_0.87_1.42.png,700,0.87,1.42,0.85<=A<0.95,1.4<=beta<1.7,0.85<=A<0.95 | 1.4<=beta<1.7,strong_official_q4,strong_cr_q4,content_k5_c4,residual_midlow_q2,42.534567629252294,,warm,42.37765054434405,-0.15691708490824396,0.0,1,1,0,42.37765054434405,,-0.15691708490824396,36.8824952178193,,-5.6520724114329965,37.9446366009474,,-4.589931028304896,38.20640390594204,,-4.328163723310254,37.24468006305706,0.9920358061790466,-5.289887566195233,36.87945996860523,,-5.655107660647062,0,1,0,0,0,1,0,0
701_0.72_0.54.png,701,0.72,0.54,0.65<=A<0.75,beta<0.8,0.65<=A<0.75 | beta<0.8,strong_official_q4,strong_cr_q4,content_k5_c2,residual_low_q1,46.622965120560536,,warm,47.04588136242953,0.4229162418689967,0.4229162418689967,0,0,1,47.04588136242953,,0.4229162418689967,43.049252944864726,,-3.5737121756958103,43.37099093363132,,-3.2519741869292176,44.03612401784274,,-2.5868411027177984,44.128520593577925,0.9924593567848206,-2.494444526982612,43.04737794587783,,-3.5755871746827097,1,0,0,1,1,0,0,1
702_0.99_1.46.png,702,0.99,1.46,A>=0.95,1.4<=beta<1.7,A>=0.95 | 1.4<=beta<1.7,strong_official_q4,strong_cr_q4,content_k5_c4,residual_low_q1,40.92573365582307,,warm,40.92305373913124,-0.002679916691832318,0.0,1,1,1,40.92305373913124,,-0.002679916691832318,37.04657676642125,,-3.87915688940182,37.69467592395664,,-3.2310577318664357,38.004222493302024,,-2.9215111625210497,37.34100251502501,0.9775092601776123,-3.5847311407980627,37.04660814185862,,-3.8791255139644534,0,1,0,0,0,1,0,0
703_0.99_1.55.png,703,0.99,1.55,A>=0.95,1.4<=beta<1.7,A>=0.95 | 1.4<=beta<1.7,strong_official_q4,strong_cr_q4,content_k5_c4,residual_midlow_q2,40.43001956491534,,warm,40.50660798384756,0.0765884189322179,0.0765884189322179,0,0,0,40.50660798384756,,0.0765884189322179,36.79153765526554,,-3.638481909649798,37.44335941583387,,-2.986660149081473,37.690740846700294,,-2.739278718215047,37.08883519549008,0.9756215214729309,-3.341184369425264,36.79169373861643,,-3.63832582629891,0,0,1,-1,0,0,1,-1
704_0.99_1.12.png,704,0.99,1.12,A>=0.95,1.1<=beta<1.4,A>=0.95 | 1.1<=beta<1.4,strong_official_q4,strong_cr_q4,content_k5_c4,residual_low_q1,42.57267047678639,,warm,42.62583898138553,0.05316850459913525,0.05316850459913525,0,0,1,42.62583898138553,,0.05316850459913525,37.68334325748009,,-4.889327219306303,38.68503882234313,,-3.887631654443261,39.28752057362631,,-3.2851499031600824,38.629705319695525,0.9829760193824768,-3.9429651570908675,37.68330470341247,,-4.889365773373925,0,0,1,-1,0,0,1,-1
705_0.82_1.3.png,705,0.82,1.3,0.75<=A<0.85,1.1<=beta<1.4,0.75<=A<0.85 | 1.1<=beta<1.4,midhigh_official_q3,strong_cr_q4,content_k5_c4,residual_midlow_q2,38.33545126156334,,warm,39.095286651462196,0.7598353898988535,0.7598353898988535,0,0,0,39.095286651462196,,0.7598353898988535,35.84207985816553,,-2.493371403397809,35.978883135114785,,-2.3565681264485576,36.278944820812775,,-2.0565064407505673,35.867975689395394,0.9891701340675354,-2.467475572167949,35.84113183356704,,-2.4943194279963024,1,0,0,1,1,0,0,1
706_0.76_0.65.png,706,0.76,0.65,0.75<=A<0.85,beta<0.8,0.75<=A<0.85 | beta<0.8,strong_official_q4,strong_cr_q4,content_k5_c2,residual_low_q1,41.72367841657852,,warm,42.11134525315843,0.3876668365799105,0.3876668365799105,0,0,1,42.11134525315843,,0.3876668365799105,41.21444135774793,,-0.5092370588305926,40.23402267242564,,-1.4896557441528842,40.32192392433642,,-1.4017544922421052,39.20760126250521,0.994804322719574,-2.516077154073315,41.21514983144837,,-0.5085285851301506,1,0,0,1,1,0,0,1
707_0.88_1.27.png,707,0.88,1.27,0.85<=A<0.95,1.1<=beta<1.4,0.85<=A<0.95 | 1.1<=beta<1.4,midhigh_official_q3,midhigh_cr_q3,content_k5_c4,residual_midlow_q2,38.138774030546834,,warm,38.785442934677725,0.6466689041308911,0.6466689041308911,0,0,0,38.785442934677725,,0.6466689041308911,34.69642514271891,,-3.442348887827926,34.99286972941336,,-3.145904301133477,35.289908320857116,,-2.8488657096897185,34.69740810364458,0.9880741834640503,-3.4413659269022574,34.69736485912264,,-3.4414091714241977,1,0,0,1,1,0,0,1
708_0.81_0.85.png,708,0.81,0.85,0.75<=A<0.85,0.8<=beta<1.1,0.75<=A<0.85 | 0.8<=beta<1.1,strong_official_q4,strong_cr_q4,content_k5_c4,residual_low_q1,39.601691289394765,,warm,40.2279308350252,0.6262395456304333,0.6262395456304333,0,0,1,40.2279308350252,,0.6262395456304333,39.06175822843281,,-0.5399330609619568,38.23948410575673,,-1.3622071836380343,38.17635899041316,,-1.4253322989816013,37.74704113920412,0.9929437637329102,-1.8546501501906434,39.06030116967812,,-0.5413901197166453,1,0,0,1,1,0,0,1
709_0.82_0.76.png,709,0.82,0.76,0.75<=A<0.85,beta<0.8,0.75<=A<0.85 | beta<0.8,strong_official_q4,strong_cr_q4,content_k5_c2,residual_low_q1,43.58179279289671,,warm,43.703353034432595,0.12156024153588874,0.12156024153588874,0,0,1,43.703353034432595,,0.12156024153588874,39.147974417293234,,-4.433818375603472,40.737480047969726,,-2.844312744926981,40.666844863162424,,-2.914947929734282,40.224250881859476,0.9959597587585449,-3.357541911037231,39.152966901463394,,-4.428825891433313,0,0,1,-1,0,0,1,-1
70_0.84_1.08.png,70,0.84,1.08,0.75<=A<0.85,0.8<=beta<1.1,0.75<=A<0.85 | 0.8<=beta<1.1,midlow_official_q2,midlow_cr_q2,content_k5_c3,residual_low_q1,31.025130122096822,,lfv1,31.379660597813242,0.3545304757164196,0.3545304757164196,0,0,1,30.824509895211353,,-0.20062022688546932,31.037116240478454,,0.011986118381631883,31.379660597813242,,0.3545304757164196,29.866100085276823,,-1.159030036819999,31.18791817361147,0.986583411693573,0.16278805151464937,31.040289631129912,,0.015159509033090046,1,0,0,1,1,0,0,1
710_0.76_0.76.png,710,0.76,0.76,0.75<=A<0.85,beta<0.8,0.75<=A<0.85 | beta<0.8,strong_official_q4,strong_cr_q4,content_k5_c2,residual_low_q1,44.259246858232416,,warm,44.53031286715752,0.2710660089251036,0.2710660089251036,0,0,1,44.53031286715752,,0.2710660089251036,40.181709029162,,-4.077537829070415,41.09442955024345,,-3.1648173079889688,41.58128433380359,,-2.6779625244288283,41.43510245338604,0.9963818788528442,-2.824144404846379,40.18694617206776,,-4.0723006861646525,1,0,0,1,1,0,0,1
711_0.55_1.83.png,711,0.55,1.83,A<0.65,beta>=1.7,A<0.65 | beta>=1.7,strong_official_q4,strong_cr_q4,content_k5_c2,residual_low_q1,43.059622760359545,,warm,43.39637021985294,0.33674745949339524,0.33674745949339524,0,0,1,43.39637021985294,,0.33674745949339524,37.65915346115942,,-5.400469299200125,38.702752031885154,,-4.356870728474391,39.40630103146119,,-3.653321728898355,39.087185112355314,0.9950956702232361,-3.972437648004231,37.660446894550006,,-5.399175865809539,1,0,0,1,1,0,0,1
712_0.91_0.63.png,712,0.91,0.63,0.85<=A<0.95,beta<0.8,0.85<=A<0.95 | beta<0.8,strong_official_q4,strong_cr_q4,content_k5_c2,residual_low_q1,43.68600767939359,,warm,43.752785495517905,0.06677781612431488,0.06677781612431488,0,0,1,43.752785495517905,,0.06677781612431488,39.985023665466564,,-3.7009840139270267,40.88581523546552,,-2.8001924439280685,40.16493439017742,,-3.5210732892161687,39.94301911157601,0.9959704279899597,-3.7429885678175836,39.98967822128809,,-3.6963294581055024,0,0,1,-1,0,0,1,-1
713_0.58_0.72.png,713,0.58,0.72,A<0.65,beta<0.8,A<0.65 | beta<0.8,strong_official_q4,strong_cr_q4,content_k5_c2,residual_low_q1,44.53928405867713,,warm,45.04690068097803,0.507616622300894,0.507616622300894,0,0,1,45.04690068097803,,0.507616622300894,42.69702300246511,,-1.842261056212024,42.97875233042761,,-1.5605317282495221,42.30791098741634,,-2.2313730712607907,43.341942936252316,0.99764484167099,-1.1973411224248167,42.70456240130764,,-1.8347216573694922,1,0,0,1,1,0,0,1
714_0.64_1.61.png,714,0.64,1.61,A<0.65,1.4<=beta<1.7,A<0.65 | 1.4<=beta<1.7,midhigh_official_q3,strong_cr_q4,content_k5_c2,residual_low_q1,36.2153964418578,,cbrfrc,38.40820722613876,2.192810784280958,2.192810784280958,0,0,1,36.39756409931104,,0.18216765745324182,38.39971339565452,,2.184316953796724,36.54119470518516,,0.32579826332736417,36.78601736292899,,0.570620921071189,37.39319932273758,0.9954802989959717,1.1778028808797814,38.40820722613876,,2.192810784280958,1,0,0,1,1,0,0,1
715_0.63_1.36.png,715,0.63,1.36,A<0.65,1.1<=beta<1.4,A<0.65 | 1.1<=beta<1.4,midhigh_official_q3,strong_cr_q4,content_k5_c2,residual_low_q1,38.2395506810815,,cbrfrc,40.13548234267973,1.8959316615982331,1.8959316615982331,0,0,1,38.50783407200633,,0.2682833909248359,40.124143747537424,,1.8845930664559276,38.17274797673007,,-0.06680270435142432,38.417404211918765,,0.17785353083726818,39.251037091244605,0.9964076280593872,1.0114864101631085,40.13548234267973,,1.8959316615982331,1,0,0,1,1,0,0,1
716_0.87_1.54.png,716,0.87,1.54,0.85<=A<0.95,1.4<=beta<1.7,0.85<=A<0.95 | 1.4<=beta<1.7,midlow_official_q2,midlow_cr_q2,content_k5_c2,residual_low_q1,33.63497821193846,,warm,33.87070402892221,0.23572581698375217,0.23572581698375217,0,0,1,33.87070402892221,,0.23572581698375217,31.88697777178429,,-1.7480004401541684,31.528521937845593,,-2.106456274092867,32.4055672757174,,-1.2294109362210577,32.993691219708495,0.9939711093902588,-0.6412869922299649,31.89125546062181,,-1.7437227513166498,1,0,0,1,1,0,0,1
717_0.8_0.81.png,717,0.8,0.81,0.75<=A<0.85,0.8<=beta<1.1,0.75<=A<0.85 | 0.8<=beta<1.1,strong_official_q4,strong_cr_q4,content_k5_c2,residual_low_q1,41.7307652498983,,warm,42.08466313959291,0.3538978896946148,0.3538978896946148,0,0,1,42.08466313959291,,0.3538978896946148,36.7716063588463,,-4.959158891051999,37.806813550063666,,-3.9239516998346318,37.39736169922344,,-4.333403550674859,38.09214486465805,0.9956401586532593,-3.6386203852402446,36.77636219613907,,-4.954403053759229,1,0,0,1,1,0,0,1
718_0.99_0.96.png,718,0.99,0.96,A>=0.95,0.8<=beta<1.1,A>=0.95 | 0.8<=beta<1.1,midhigh_official_q3,midhigh_cr_q3,content_k5_c2,residual_midhigh_q3,38.40818488556878,,warm,38.77210454795292,0.3639196623841414,0.3639196623841414,0,0,0,38.77210454795292,,0.3639196623841414,35.26320150102806,,-3.1449833845407227,34.59398811261966,,-3.814196772949117,34.68494096139659,,-3.7232439241721877,34.362813214483566,0.9936831593513489,-4.0453716710852134,35.265084909280226,,-3.1430999762885534,1,0,0,1,1,0,0,1
719_0.73_1.72.png,719,0.73,1.72,0.65<=A<0.75,beta>=1.7,0.65<=A<0.75 | beta>=1.7,strong_official_q4,midhigh_cr_q3,content_k5_c2,residual_midhigh_q3,39.2025832196643,,warm,38.59811755181479,-0.6044656678495102,0.0,1,1,0,38.59811755181479,,-0.6044656678495102,34.88680536943994,,-4.315777850224357,35.17082116066632,,-4.031762058997977,33.31277339997109,,-5.889809819693205,35.170989536601596,0.9929246306419373,-4.031593683062702,34.89094294920535,,-4.311640270458945,0,1,0,0,0,1,0,0
71_0.51_0.85.png,71,0.51,0.85,A<0.65,0.8<=beta<1.1,A<0.65 | 0.8<=beta<1.1,midlow_official_q2,midlow_cr_q2,content_k5_c0,residual_low_q1,32.55770943832506,,warm,32.323700704341746,-0.23400873398331612,0.0,1,0,1,32.323700704341746,,-0.23400873398331612,31.983507628836275,,-0.5742018094887875,31.04885680211174,,-1.508852636213323,31.36833639953864,,-1.189373038786421,31.754775630276903,0.9921843409538269,-0.8029338080481594,31.977604108402776,,-0.5801053299222865,0,1,0,0,0,1,0,0
720_0.96_1.96.png,720,0.96,1.96,A>=0.95,beta>=1.7,A>=0.95 | beta>=1.7,midlow_official_q2,midlow_cr_q2,content_k5_c2,residual_high_q4,31.874424087880627,,warm,31.615739287779036,-0.2586848001015909,0.0,1,0,0,31.615739287779036,,-0.2586848001015909,31.167934638447047,,-0.7064894494335796,28.03746881537965,,-3.836955272500976,28.003858731114626,,-3.8705653567660008,27.487064293777653,0.9851564168930054,-4.387359794102974,31.169426445809272,,-0.7049976420713548,0,1,0,0,0,1,0,0
721_0.9_1.42.png,721,0.9,1.42,0.85<=A<0.95,1.4<=beta<1.7,0.85<=A<0.95 | 1.4<=beta<1.7,midlow_official_q2,midhigh_cr_q3,content_k5_c2,residual_high_q4,34.06245243991506,,residualcalib,33.912906923595344,-0.14954551631971924,0.0,1,0,0,33.709253481119084,,-0.3531989587959785,33.393409495546976,,-0.669042944368087,32.26812511728005,,-1.794327322635013,33.912906923595344,,-0.14954551631971924,32.56288300340589,0.9918299913406372,-1.4995694365091765,33.388527102397376,,-0.6739253375176872,0,1,0,0,0,1,0,0
722_0.57_1.91.png,722,0.57,1.91,A<0.65,beta>=1.7,A<0.65 | beta>=1.7,midhigh_official_q3,midlow_cr_q2,content_k5_c2,residual_high_q4,37.872135778871026,,warm,37.01482602844638,-0.8573097504246476,0.0,1,0,0,37.01482602844638,,-0.8573097504246476,31.53880306778278,,-6.3333327110882465,32.90640288251679,,-4.96573289635424,33.76505723753267,,-4.107078541338353,33.94639994137393,0.9913682341575623,-3.9257358374970934,31.53857105119684,,-6.333564727674187,0,1,0,0,0,1,0,0
723_0.75_0.58.png,723,0.75,0.58,0.75<=A<0.85,beta<0.8,0.75<=A<0.85 | beta<0.8,strong_official_q4,strong_cr_q4,content_k5_c2,residual_low_q1,43.18590317325662,,warm,43.19294682236699,0.00704364911037203,0.00704364911037203,1,1,1,43.19294682236699,,0.00704364911037203,40.287070031895794,,-2.898833141360825,41.034132565843734,,-2.1517706074128853,38.535120980281796,,-4.650782192974823,38.573341695174285,0.9962170720100403,-4.612561478082334,40.28949928835168,,-2.8964038849049416,0,1,0,0,0,1,0,0
724_0.53_1.64.png,724,0.53,1.64,A<0.65,1.4<=beta<1.7,A<0.65 | 1.4<=beta<1.7,midhigh_official_q3,midhigh_cr_q3,content_k5_c2,residual_high_q4,39.04669553770697,,warm,38.537827621881476,-0.5088679158254905,0.0,1,0,0,38.537827621881476,,-0.5088679158254905,32.63210928423439,,-6.414586253472578,33.55542913505014,,-5.4912664026568265,34.00861171715787,,-5.038083820549097,33.993262695622974,0.9923538565635681,-5.053432842083993,32.63352155657352,,-6.413173981133447,0,1,0,0,0,1,0,0
725_0.52_1.2.png,725,0.52,1.2,A<0.65,1.1<=beta<1.4,A<0.65 | 1.1<=beta<1.4,strong_official_q4,strong_cr_q4,content_k5_c4,residual_midlow_q2,41.24435697241057,,warm,41.36392002155516,0.11956304914458826,0.11956304914458826,0,0,0,41.36392002155516,,0.11956304914458826,37.63818787940606,,-3.6061690930045103,36.82638797599093,,-4.4179689964196385,36.53244276666054,,-4.711914205750034,38.01860058788305,0.9896144270896912,-3.2257563845275214,37.635405257492906,,-3.6089517149176658,0,0,1,-1,0,0,1,-1
726_0.61_1.15.png,726,0.61,1.15,A<0.65,1.1<=beta<1.4,A<0.65 | 1.1<=beta<1.4,strong_official_q4,strong_cr_q4,content_k5_c4,residual_midlow_q2,40.149386471492356,,warm,40.086759601533835,-0.06262686995852107,0.0,1,1,0,40.086759601533835,,-0.06262686995852107,37.25806943604151,,-2.8913170354508466,35.93890687028626,,-4.210479601206096,36.726925433882826,,-3.42246103760953,37.61700574448862,0.9881008863449097,-2.5323807270037335,37.260778506004925,,-2.888607965487431,0,1,0,0,0,1,0,0
727_0.64_0.73.png,727,0.64,0.73,A<0.65,beta<0.8,A<0.65 | beta<0.8,strong_official_q4,strong_cr_q4,content_k5_c2,residual_low_q1,41.324924200676314,,warm,41.451058699673325,0.12613449899701124,0.12613449899701124,0,0,1,41.451058699673325,,0.12613449899701124,39.117510927329924,,-2.20741327334639,37.89213998247871,,-3.432784218197604,38.075293616066844,,-3.24963058460947,39.06644021194279,0.9914767742156982,-2.2584839887335235,39.123481966208175,,-2.2014422344681392,0,0,1,-1,0,0,1,-1
728_0.75_1.78.png,728,0.75,1.78,0.75<=A<0.85,beta>=1.7,0.75<=A<0.85 | beta>=1.7,midhigh_official_q3,midhigh_cr_q3,content_k5_c4,residual_high_q4,35.331283393746865,,warm,35.193652537665855,-0.13763085608101022,0.0,1,0,0,35.193652537665855,,-0.13763085608101022,32.45603498231698,,-2.8752484114298866,32.24531841341186,,-3.0859649803350067,33.323576391069366,,-2.007707002677499,33.241004517327866,0.9752309322357178,-2.0902788764189992,32.45753402842067,,-2.873749365326198,0,1,0,0,0,1,0,0
729_0.93_1.82.png,729,0.93,1.82,0.85<=A<0.95,beta>=1.7,0.85<=A<0.95 | beta>=1.7,weak_official_q1,midlow_cr_q2,content_k5_c4,residual_high_q4,29.62743008505955,,cbrfrc,30.779656809426562,1.1522267243670115,1.1522267243670115,0,0,0,29.8145937678842,,0.18716368282465012,30.778538901062262,,1.1511088160027114,30.045737413469435,,0.4183073284098846,29.496297228606082,,-0.13113285645346906,29.303315676541214,0.9773979187011719,-0.32411440851833717,30.779656809426562,,1.1522267243670115,1,0,0,1,1,0,0,1
72_0.99_1.92.png,72,0.99,1.92,A>=0.95,beta>=1.7,A>=0.95 | beta>=1.7,weak_official_q1,weak_cr_q1,content_k5_c3,residual_midhigh_q3,26.229781928154125,,warm,25.947533302529415,-0.2822486256247103,0.0,1,0,0,25.947533302529415,,-0.2822486256247103,25.07272948063219,,-1.1570524475219344,24.81803870160681,,-1.4117432265473155,24.326943041464872,,-1.9028388866892527,25.885360980569235,0.9607837200164795,-0.34442094758489006,25.07522027166612,,-1.1545616564880063,0,1,0,0,0,1,0,0
730_0.73_1.15.png,730,0.73,1.15,0.65<=A<0.75,1.1<=beta<1.4,0.65<=A<0.75 | 1.1<=beta<1.4,midlow_official_q2,midlow_cr_q2,content_k5_c2,residual_midhigh_q3,32.657953608810764,,lfv1,33.62386264028906,0.9659090314782972,0.9659090314782972,0,0,0,32.87640935639482,,0.21845574758405206,31.687165558500926,,-0.9707880503098387,33.62386264028906,,0.9659090314782972,31.68113516257631,,-0.9768184462344536,33.2558653420826,0.9901676774024963,0.597911733271836,31.69221402624348,,-0.9657395825672843,1,0,0,1,1,0,0,1
731_0.77_1.95.png,731,0.77,1.95,0.75<=A<0.85,beta>=1.7,0.75<=A<0.85 | beta>=1.7,midlow_official_q2,midhigh_cr_q3,content_k5_c4,residual_high_q4,30.274774425750216,,cbrfrc,32.53275249330281,2.2579780675525924,2.2579780675525924,0,0,0,30.37743099713301,,0.10265657138279494,32.52856708976986,,2.2537926640196417,31.227895916615616,,0.9531214908653993,29.240564909178598,,-1.034209516571618,30.38323047489877,0.9817168712615967,0.108456049148554,32.53275249330281,,2.2579780675525924,1,0,0,1,1,0,0,1
732_0.9_0.79.png,732,0.9,0.79,0.85<=A<0.95,beta<0.8,0.85<=A<0.95 | beta<0.8,midlow_official_q2,midhigh_cr_q3,content_k5_c2,residual_midhigh_q3,32.788104927346275,,crplus,34.43218644429785,1.644081516951573,1.644081516951573,0,0,0,33.03240397595145,,0.24429904860517837,33.42818999931825,,0.6400850719719742,33.561441880881766,,0.773336953535491,32.633871567068226,,-0.1542333602780488,34.43218644429785,0.9920406341552734,1.644081516951573,33.43039072224947,,0.642285794903195,1,0,0,1,1,0,0,1
733_0.65_1.63.png,733,0.65,1.63,0.65<=A<0.75,1.4<=beta<1.7,0.65<=A<0.75 | 1.4<=beta<1.7,midhigh_official_q3,midlow_cr_q2,content_k5_c2,residual_high_q4,38.62570085461738,,warm,37.84934983283226,-0.7763510217851177,0.0,1,0,0,37.84934983283226,,-0.7763510217851177,31.052347675309754,,-7.573353179307624,31.007430153974,,-7.618270700643379,33.16759369236245,,-5.458107162254926,31.605117680964185,0.9926469326019287,-7.020583173653193,31.065104408398483,,-7.560596446218895,0,1,0,0,0,1,0,0
734_0.89_1.57.png,734,0.89,1.57,0.85<=A<0.95,1.4<=beta<1.7,0.85<=A<0.95 | 1.4<=beta<1.7,midhigh_official_q3,midlow_cr_q2,content_k5_c2,residual_high_q4,36.042174964911524,,warm,35.7012090148988,-0.34096595001272334,0.0,1,0,0,35.7012090148988,,-0.34096595001272334,30.18362617532137,,-5.858548789590156,30.063878292776977,,-5.978296672134547,31.60210906133633,,-4.440065903575196,29.927626969438386,0.9910844564437866,-6.1145479954731385,30.1934454443118,,-5.848729520599726,0,1,0,0,0,1,0,0
735_0.79_1.19.png,735,0.79,1.19,0.75<=A<0.85,1.1<=beta<1.4,0.75<=A<0.85 | 1.1<=beta<1.4,strong_official_q4,midhigh_cr_q3,content_k5_c2,residual_high_q4,41.15127220309276,,warm,40.84858366128049,-0.302688541812266,0.0,1,1,0,40.84858366128049,,-0.302688541812266,32.39099521024019,,-8.760276992852567,33.17420431087728,,-7.97706789221548,34.38170530145737,,-6.769566901635386,32.336338442734665,0.9943122267723083,-8.814933760358095,32.404772948917845,,-8.746499254174914,0,1,0,0,0,1,0,0
736_0.92_0.9.png,736,0.92,0.9,0.85<=A<0.95,0.8<=beta<1.1,0.85<=A<0.95 | 0.8<=beta<1.1,strong_official_q4,midhigh_cr_q3,content_k5_c2,residual_high_q4,39.66037637999698,,warm,39.54213184812461,-0.11824453187237083,0.0,1,1,0,39.54213184812461,,-0.11824453187237083,33.32691661549036,,-6.333459764506621,33.53931684423209,,-6.121059535764893,35.745669606003496,,-3.914706773993487,33.89337242513746,0.9951484799385071,-5.7670039548595255,33.341295913527716,,-6.319080466469266,0,1,0,0,0,1,0,0
737_0.97_1.23.png,737,0.97,1.23,A>=0.95,1.1<=beta<1.4,A>=0.95 | 1.1<=beta<1.4,weak_official_q1,weak_cr_q1,content_k5_c4,residual_high_q4,28.433227156177523,,residualcalib,29.69772809466277,1.2645009384852486,1.2645009384852486,0,0,0,28.43720161798253,,0.003974461805007934,27.722590259473264,,-0.7106368967042584,28.57533763591231,,0.14211047973478586,29.69772809466277,,1.2645009384852486,27.440252226075227,0.9598774313926697,-0.9929749301022959,27.72526350343528,,-0.7079636527422437,1,0,0,1,1,0,0,1
738_0.8_0.91.png,738,0.8,0.91,0.75<=A<0.85,0.8<=beta<1.1,0.75<=A<0.85 | 0.8<=beta<1.1,midlow_official_q2,midlow_cr_q2,content_k5_c2,residual_high_q4,32.88153780288652,,residualcalib,32.9616182971438,0.08008049425728103,0.08008049425728103,0,0,0,32.74107822051052,,-0.1404595823759962,30.441418474866673,,-2.440119328019847,32.16872849543528,,-0.7128093074512378,32.9616182971438,,0.08008049425728103,30.852822370624608,0.9782615303993225,-2.0287154322619116,30.445618631226388,,-2.4359191716601316,0,0,1,-1,0,0,1,-1
739_0.58_1.14.png,739,0.58,1.14,A<0.65,1.1<=beta<1.4,A<0.65 | 1.1<=beta<1.4,midhigh_official_q3,midlow_cr_q2,content_k5_c4,residual_midhigh_q3,35.01219088789895,,warm,34.9739074854828,-0.038283402416155354,0.0,1,0,0,34.9739074854828,,-0.038283402416155354,32.31009734349963,,-2.7020935443993253,33.46661424621526,,-1.5455766416836951,34.59913340093332,,-0.41305748696563427,32.52139089919461,0.9831163883209229,-2.490799988704346,32.31476131742798,,-2.697429570470973,0,1,0,0,0,1,0,0
73_0.54_1.5.png,73,0.54,1.5,A<0.65,1.4<=beta<1.7,A<0.65 | 1.4<=beta<1.7,weak_official_q1,weak_cr_q1,content_k5_c1,residual_high_q4,24.61654306848649,,crplus,24.65099643323569,0.03445336474920069,0.03445336474920069,1,0,0,24.249992897312747,,-0.366550171173742,22.76562200550707,,-1.8509210629794204,22.81024285614718,,-1.806300212339309,21.456039686182766,,-3.160503382303723,24.65099643323569,0.9853879809379578,0.03445336474920069,22.773562210175896,,-1.842980858310593,0,1,0,0,0,1,0,0
740_0.81_0.75.png,740,0.81,0.75,0.75<=A<0.85,beta<0.8,0.75<=A<0.85 | beta<0.8,midlow_official_q2,midlow_cr_q2,content_k5_c2,residual_high_q4,34.09107908427022,,warm,33.849855520893584,-0.24122356337663575,0.0,1,0,0,33.849855520893584,,-0.24122356337663575,30.806321584127097,,-3.2847575001431224,33.334556950133894,,-0.7565221341363255,33.66812631990549,,-0.42295276436473017,31.388876796418185,0.9791224598884583,-2.7022022878520353,30.810779490101503,,-3.280299594168717,0,1,0,0,0,1,0,0
741_0.56_1.58.png,741,0.56,1.58,A<0.65,1.4<=beta<1.7,A<0.65 | 1.4<=beta<1.7,midhigh_official_q3,strong_cr_q4,content_k5_c2,residual_midlow_q2,37.759686764219055,,warm,38.792050238426604,1.0323634742075498,1.0323634742075498,0,0,0,38.792050238426604,,1.0323634742075498,37.103722825044684,,-0.6559639391743701,38.036671469814735,,0.2769847055956802,38.54733972913693,,0.787652964917875,37.42961045459738,0.9951014518737793,-0.3300763096216741,37.114136439185906,,-0.6455503250331489,1,0,0,1,1,0,0,1
742_0.81_1.63.png,742,0.81,1.63,0.75<=A<0.85,1.4<=beta<1.7,0.75<=A<0.85 | 1.4<=beta<1.7,midlow_official_q2,weak_cr_q1,content_k5_c2,residual_midhigh_q3,30.556271882530275,,warm,30.977545400797304,0.42127351826702863,0.42127351826702863,0,0,0,30.977545400797304,,0.42127351826702863,27.50815995795171,,-3.0481119245785635,29.3107503453125,,-1.2455215372177761,30.895168439510687,,0.3388965569804121,29.44082402350172,0.9909929037094116,-1.1154478590285564,27.51360164963846,,-3.0426702328918154,1,0,0,1,1,0,0,1
743_0.95_1.15.png,743,0.95,1.15,A>=0.95,1.1<=beta<1.4,A>=0.95 | 1.1<=beta<1.4,midlow_official_q2,midlow_cr_q2,content_k5_c2,residual_high_q4,32.95747019654017,,warm,33.46692369797357,0.5094535014333985,0.5094535014333985,0,0,0,33.46692369797357,,0.5094535014333985,28.973583270502417,,-3.983886926037755,28.472900924904096,,-4.484569271636076,30.369172572171294,,-2.5882976243688773,29.012910530536786,0.9914224147796631,-3.9445596660033857,28.977510836659906,,-3.979959359880265,1,0,0,1,1,0,0,1
744_0.73_1.83.png,744,0.73,1.83,0.65<=A<0.75,beta>=1.7,0.65<=A<0.75 | beta>=1.7,midlow_official_q2,weak_cr_q1,content_k5_c2,residual_midlow_q2,30.319698771164838,,residualcalib,31.084320101471764,0.7646213303069267,0.7646213303069267,0,0,0,30.940163931441763,,0.6204651602769253,28.284037879395907,,-2.0356608917689307,29.493537360531363,,-0.8261614106334747,31.084320101471764,,0.7646213303069267,30.19877556123516,0.991395890712738,-0.12092320992967842,28.29043803706224,,-2.0292607341025963,1,0,0,1,1,0,0,1
745_0.58_1.34.png,745,0.58,1.34,A<0.65,1.1<=beta<1.4,A<0.65 | 1.1<=beta<1.4,strong_official_q4,midhigh_cr_q3,content_k5_c2,residual_midlow_q2,39.55178393252303,,warm,39.27982071223832,-0.27196322028471087,0.0,1,1,0,39.27982071223832,,-0.27196322028471087,34.690338499915185,,-4.8614454326078445,35.06274002546137,,-4.489043907061657,35.39643785526746,,-4.155346077255572,35.691774724442816,0.9921278953552246,-3.860009208080214,34.68169324875279,,-4.870090683770243,0,1,0,0,0,1,0,0
746_0.99_1.16.png,746,0.99,1.16,A>=0.95,1.1<=beta<1.4,A>=0.95 | 1.1<=beta<1.4,midlow_official_q2,weak_cr_q1,content_k5_c2,residual_high_q4,31.500749561290796,,warm,31.426448164583114,-0.07430139670768199,0.0,1,0,0,31.426448164583114,,-0.07430139670768199,28.38603168447856,,-3.114717876812236,28.80463091731752,,-2.696118643973275,30.31733945734727,,-1.183410103943526,27.80783278250121,0.983208954334259,-3.6929167787895842,28.384130180234465,,-3.1166193810563314,0,1,0,0,0,1,0,0
747_0.72_0.64.png,747,0.72,0.64,0.65<=A<0.75,beta<0.8,0.65<=A<0.75 | beta<0.8,midhigh_official_q3,midhigh_cr_q3,content_k5_c2,residual_midlow_q2,38.821667227505955,,warm,38.444641243579056,-0.3770259839268988,0.0,1,0,0,38.444641243579056,,-0.3770259839268988,34.50956763663835,,-4.312099590867604,34.44130510542042,,-4.380362122085536,34.86986376593407,,-3.9518034615718847,34.90110921291324,0.9940527677536011,-3.9205580145927144,34.50170035755663,,-4.319966869949326,0,1,0,0,0,1,0,0
748_0.73_1.16.png,748,0.73,1.16,0.65<=A<0.75,1.1<=beta<1.4,0.65<=A<0.75 | 1.1<=beta<1.4,midhigh_official_q3,midlow_cr_q2,content_k5_c2,residual_midhigh_q3,35.997124731692324,,warm,35.71400047027816,-0.2831242614141658,0.0,1,0,0,35.71400047027816,,-0.2831242614141658,32.22207589979134,,-3.775048831900982,32.40543751694914,,-3.5916872147431818,32.94217634132559,,-3.0549483903667323,32.556928696972896,0.9901991486549377,-3.4401960347194276,32.21735998099925,,-3.779764750693076,0,1,0,0,0,1,0,0
749_0.73_1.08.png,749,0.73,1.08,0.65<=A<0.75,0.8<=beta<1.1,0.65<=A<0.75 | 0.8<=beta<1.1,midhigh_official_q3,midhigh_cr_q3,content_k5_c2,residual_midhigh_q3,38.49694665599365,,warm,37.982348447593644,-0.5145982084000096,0.0,1,0,0,37.982348447593644,,-0.5145982084000096,34.98254038311714,,-3.5144062728765135,34.222079322427646,,-4.274867333566007,33.62685002010949,,-4.870096635884167,34.58989510526842,0.9940387606620789,-3.9070515507252352,34.99054870826997,,-3.506397947723684,0,1,0,0,0,1,0,0
74_0.62_1.6.png,74,0.62,1.6,A<0.65,1.4<=beta<1.7,A<0.65 | 1.4<=beta<1.7,weak_official_q1,weak_cr_q1,content_k5_c1,residual_high_q4,26.074488198282285,,warm,25.54084755920941,-0.5336406390728747,0.0,1,0,0,25.54084755920941,,-0.5336406390728747,24.39302966026519,,-1.6814585380170968,23.89204702283635,,-2.182441175445934,21.990306393068877,,-4.084181805213408,24.83960754442549,0.9854501485824585,-1.234880653856795,24.401785747108594,,-1.6727024511736914,0,1,0,0,0,1,0,0
750_0.6_1.27.png,750,0.6,1.27,A<0.65,1.1<=beta<1.4,A<0.65 | 1.1<=beta<1.4,midhigh_official_q3,strong_cr_q4,content_k5_c2,residual_low_q1,37.679926990655154,,warm,37.939692938054904,0.25976594739974956,0.25976594739974956,0,0,1,37.939692938054904,,0.25976594739974956,36.29931846251211,,-1.3806085281430427,36.831913843089666,,-0.8480131475654886,33.81742240243558,,-3.862504588219572,35.94447143850581,0.9949673414230347,-1.7354555521493467,36.31822198215015,,-1.3617050085050053,1,0,0,1,1,0,0,1
751_0.54_1.86.png,751,0.54,1.86,A<0.65,beta>=1.7,A<0.65 | beta>=1.7,midhigh_official_q3,midhigh_cr_q3,content_k5_c2,residual_midhigh_q3,36.75451552654693,,warm,37.42643411291231,0.6719185863653792,0.6719185863653792,0,0,0,37.42643411291231,,0.6719185863653792,34.214499716808945,,-2.5400158097379872,34.2520778181344,,-2.502437708412529,33.28089142201107,,-3.4736241045358653,34.5752513619744,0.9929078817367554,-2.1792641645725297,34.2285830871092,,-2.5259324394377316,1,0,0,1,1,0,0,1
752_0.51_1.28.png,752,0.51,1.28,A<0.65,1.1<=beta<1.4,A<0.65 | 1.1<=beta<1.4,midhigh_official_q3,midhigh_cr_q3,content_k5_c2,residual_midhigh_q3,36.97810172740888,,warm,37.707316265726206,0.7292145383173292,0.7292145383173292,0,0,0,37.707316265726206,,0.7292145383173292,35.474502283191,,-1.5035994442178762,36.26133830073459,,-0.7167634266742837,35.23816079455804,,-1.7399409328508355,36.80510613730159,0.9957691431045532,-0.17299559010728416,35.49322306804352,,-1.4848786593653571,1,0,0,1,1,0,0,1
753_0.9_1.18.png,753,0.9,1.18,0.85<=A<0.95,1.1<=beta<1.4,0.85<=A<0.95 | 1.1<=beta<1.4,midhigh_official_q3,midhigh_cr_q3,content_k5_c2,residual_midhigh_q3,36.83999390220924,,warm,36.59784942378551,-0.24214447842372522,0.0,1,0,0,36.59784942378551,,-0.24214447842372522,34.70944008191612,,-2.130553820293116,33.49552644825961,,-3.344467453949626,33.87484887388378,,-2.965145028325459,32.50648238082361,0.9915188550949097,-4.333511521385624,34.70531043568786,,-2.1346834665213734,0,1,0,0,0,1,0,0
754_0.73_1.45.png,754,0.73,1.45,0.65<=A<0.75,1.4<=beta<1.7,0.65<=A<0.75 | 1.4<=beta<1.7,strong_official_q4,midhigh_cr_q3,content_k5_c2,residual_midlow_q2,39.133884422481884,,warm,38.691208864169994,-0.4426755583118904,0.0,1,1,0,38.691208864169994,,-0.4426755583118904,35.769441755473295,,-3.364442667008589,34.252407568137244,,-4.8814768543446405,35.417538167875826,,-3.7163462546060586,33.97642616128452,0.9923833608627319,-5.1574582611973625,35.76525512272073,,-3.368629299761153,0,1,0,0,0,1,0,0
755_0.58_0.84.png,755,0.58,0.84,A<0.65,0.8<=beta<1.1,A<0.65 | 0.8<=beta<1.1,strong_official_q4,strong_cr_q4,content_k5_c2,residual_low_q1,44.348163544805246,,warm,43.89500247492448,-0.453161069880764,0.0,1,1,1,43.89500247492448,,-0.453161069880764,39.836574723737556,,-4.51158882106769,39.98021177976943,,-4.367951765035819,39.70040320385631,,-4.647760340948935,39.7357919740988,0.9963382482528687,-4.612371570706443,39.83098642200995,,-4.517177122795296,0,1,0,0,0,1,0,0
756_0.75_1.06.png,756,0.75,1.06,0.75<=A<0.85,0.8<=beta<1.1,0.75<=A<0.85 | 0.8<=beta<1.1,strong_official_q4,strong_cr_q4,content_k5_c2,residual_midlow_q2,39.97088425859853,,warm,39.612781319788745,-0.35810293880978605,0.0,1,1,0,39.612781319788745,,-0.35810293880978605,36.723175165828,,-3.2477090927705277,35.326096526174254,,-4.644787732424277,35.888886017008076,,-4.081998241590455,35.37038906708872,0.9943008422851562,-4.600495191509808,36.71862116532089,,-3.252263093277641,0,1,0,0,0,1,0,0
757_0.64_1.31.png,757,0.64,1.31,A<0.65,1.1<=beta<1.4,A<0.65 | 1.1<=beta<1.4,midhigh_official_q3,midhigh_cr_q3,content_k5_c4,residual_low_q1,35.55584914634895,,warm,35.34578954448762,-0.21005960186132455,0.0,1,0,1,35.34578954448762,,-0.21005960186132455,32.606760611536636,,-2.9490885348123115,34.07488201840258,,-1.4809671279463643,32.45804554941843,,-3.097803596930518,34.28271392911175,0.9921475052833557,-1.273135217237197,32.59707365056654,,-2.9587754957824046,0,1,0,0,0,1,0,0
758_0.61_0.98.png,758,0.61,0.98,A<0.65,0.8<=beta<1.1,A<0.65 | 0.8<=beta<1.1,midhigh_official_q3,midhigh_cr_q3,content_k5_c2,residual_low_q1,37.67485627728726,,warm,37.099039761449816,-0.5758165158374453,0.0,1,0,1,37.099039761449816,,-0.5758165158374453,34.21643284021029,,-3.4584234370769735,35.59681021172836,,-2.078046065558901,34.11361413369881,,-3.5612421435884514,35.830686225441994,0.9943134188652039,-1.8441700518452677,34.20329395771657,,-3.471562319570694,0,1,0,0,0,1,0,0
759_0.96_0.76.png,759,0.96,0.76,A>=0.95,beta<0.8,A>=0.95 | beta<0.8,midhigh_official_q3,midlow_cr_q2,content_k5_c2,residual_midhigh_q3,35.44773609999698,,warm,34.82014897172088,-0.6275871282760974,0.0,1,0,0,34.82014897172088,,-0.6275871282760974,31.14260234378135,,-4.305133756215632,31.725130773666777,,-3.7226053263302035,30.635809765892898,,-4.811926334104083,30.50777339503389,0.9898280501365662,-4.93996270496309,31.13853447915585,,-4.3092016208411295,0,1,0,0,0,1,0,0
75_0.99_0.83.png,75,0.99,0.83,A>=0.95,0.8<=beta<1.1,A>=0.95 | 0.8<=beta<1.1,weak_official_q1,weak_cr_q1,content_k5_c0,residual_low_q1,25.18276133778609,,crplus,27.73127667893776,2.5485153411516706,2.5485153411516706,0,0,1,25.042022212880983,,-0.14073912490510665,26.67476454243722,,1.4920032046511302,26.493725857116086,,1.3109645193299961,24.118744292109966,,-1.064017045676124,27.73127667893776,0.9898048043251038,2.5485153411516706,26.68266436216679,,1.4999030243807,1,0,0,1,1,0,0,1
760_0.85_1.01.png,760,0.85,1.01,0.85<=A<0.95,0.8<=beta<1.1,0.85<=A<0.95 | 0.8<=beta<1.1,midhigh_official_q3,midlow_cr_q2,content_k5_c2,residual_midhigh_q3,35.28524905961424,,warm,35.058514977932674,-0.22673408168156328,0.0,1,0,0,35.058514977932674,,-0.22673408168156328,31.814735839427982,,-3.4705132201862554,32.231749640878945,,-3.053499418735292,30.65282423940055,,-4.632424820213686,31.043818306736437,0.9899286031723022,-4.2414307528778,31.807897510551292,,-3.477351549062945,0,1,0,0,0,1,0,0
761_0.56_1.17.png,761,0.56,1.17,A<0.65,1.1<=beta<1.4,A<0.65 | 1.1<=beta<1.4,strong_official_q4,strong_cr_q4,content_k5_c4,residual_midlow_q2,41.3907813545451,,warm,41.5695481937907,0.1787668392456041,0.1787668392456041,0,0,0,41.5695481937907,,0.1787668392456041,39.47597512460755,,-1.9148062299375468,40.11878916535671,,-1.2719921891883885,38.32682969643183,,-3.063951658113268,38.54308690987753,0.9907061457633972,-2.8476944446675674,39.46811246171274,,-1.9226688928323554,1,0,0,1,0,0,1,-1
762_0.57_1.33.png,762,0.57,1.33,A<0.65,1.1<=beta<1.4,A<0.65 | 1.1<=beta<1.4,strong_official_q4,strong_cr_q4,content_k5_c4,residual_midlow_q2,40.97679867083957,,warm,40.81595991129092,-0.16083875954865334,0.0,1,1,0,40.81595991129092,,-0.16083875954865334,38.29212288815561,,-2.6846757826839607,39.37433969525507,,-1.6024589755845042,37.60171006921528,,-3.3750886016242916,37.532983904804055,0.9895807504653931,-3.4438147660355156,38.28470432837473,,-2.6920943424648414,0,1,0,0,0,1,0,0
763_0.82_1.68.png,763,0.82,1.68,0.75<=A<0.85,1.4<=beta<1.7,0.75<=A<0.85 | 1.4<=beta<1.7,midhigh_official_q3,midhigh_cr_q3,content_k5_c4,residual_midhigh_q3,38.89016606396484,,warm,38.60484628853416,-0.2853197754306791,0.0,1,0,0,38.60484628853416,,-0.2853197754306791,35.6944627182885,,-3.1957033456763426,34.62511446697143,,-4.265051596993409,34.539683178783456,,-4.3504828851813855,34.412018191481366,0.982494056224823,-4.478147872483476,35.691830502281995,,-3.198335561682846,0,1,0,0,0,1,0,0
764_0.9_1.49.png,764,0.9,1.49,0.85<=A<0.95,1.4<=beta<1.7,0.85<=A<0.95 | 1.4<=beta<1.7,midhigh_official_q3,midhigh_cr_q3,content_k5_c4,residual_high_q4,38.03098579063484,,warm,37.83763333946689,-0.19335245116794653,0.0,1,0,0,37.83763333946689,,-0.19335245116794653,35.33518657303402,,-2.6957992176008148,34.88872406176612,,-3.142261728868718,33.57903398305495,,-4.4519518075798885,33.62193243615601,0.9820199608802795,-4.409053354478829,35.333022214387,,-2.6979635762478367,0,1,0,0,0,1,0,0
765_0.56_1.92.png,765,0.56,1.92,A<0.65,beta>=1.7,A<0.65 | beta>=1.7,midhigh_official_q3,midlow_cr_q2,content_k5_c1,residual_high_q4,36.887124442403916,,warm,37.46981320297011,0.5826887605661923,0.5826887605661923,0,0,0,37.46981320297011,,0.5826887605661923,31.325598704714835,,-5.561525737689081,32.986003682589434,,-3.901120759814482,33.167030441215275,,-3.7200940011886416,31.818450678966393,0.9844839572906494,-5.068673763437523,31.323185859224893,,-5.563938583179024,1,0,0,1,1,0,0,1
766_0.58_1.2.png,766,0.58,1.2,A<0.65,1.1<=beta<1.4,A<0.65 | 1.1<=beta<1.4,strong_official_q4,strong_cr_q4,content_k5_c4,residual_midlow_q2,41.008980716449216,,warm,41.228119210274514,0.21913849382529804,0.21913849382529804,0,0,0,41.228119210274514,,0.21913849382529804,37.805457106080055,,-3.2035236103691602,37.91153458663375,,-3.0974461298154665,40.23054014780222,,-0.7784405686469924,38.59886721744925,0.9931923151016235,-2.410113498999962,37.80391203122163,,-3.2050686852275874,1,0,0,1,1,0,0,1
767_0.78_1.61.png,767,0.78,1.61,0.75<=A<0.85,1.4<=beta<1.7,0.75<=A<0.85 | 1.4<=beta<1.7,midhigh_official_q3,midhigh_cr_q3,content_k5_c4,residual_midhigh_q3,36.83934308576652,,warm,37.2340109093209,0.39466782355437857,0.39466782355437857,0,0,0,37.2340109093209,,0.39466782355437857,33.99253555603679,,-2.8468075297297304,34.378886129386565,,-2.460456956379957,35.65564754445524,,-1.1836955413112804,34.36455315064751,0.9866543412208557,-2.474789935119013,33.991711569403456,,-2.847631516363066,1,0,0,1,1,0,0,1
768_0.65_1.02.png,768,0.65,1.02,0.65<=A<0.75,0.8<=beta<1.1,0.65<=A<0.75 | 0.8<=beta<1.1,strong_official_q4,strong_cr_q4,content_k5_c4,residual_midlow_q2,41.47289176382655,,warm,41.881684826652155,0.4087930628256018,0.4087930628256018,0,0,0,41.881684826652155,,0.4087930628256018,39.2767862651642,,-2.196105498662355,38.467234933509744,,-3.005656830316809,40.907529119117704,,-0.5653626447088484,40.41837282560841,0.9942300319671631,-1.0545189382181448,39.278308442105136,,-2.1945833217214172,1,0,0,1,1,0,0,1
769_0.81_1.66.png,769,0.81,1.66,0.75<=A<0.85,1.4<=beta<1.7,0.75<=A<0.85 | 1.4<=beta<1.7,strong_official_q4,strong_cr_q4,content_k5_c4,residual_low_q1,40.219241107298565,,warm,40.374827573424085,0.15558646612551996,0.15558646612551996,0,0,1,40.374827573424085,,0.15558646612551996,36.543785147834036,,-3.6754559594645286,36.44424202618631,,-3.774999081112256,35.967316655936266,,-4.251924451362299,37.00430957101694,0.9825941324234009,-3.2149315362816253,36.5450414430564,,-3.674199664242167,1,0,0,1,0,0,1,-1
76_0.64_1.74.png,76,0.64,1.74,A<0.65,beta>=1.7,A<0.65 | beta>=1.7,weak_official_q1,weak_cr_q1,content_k5_c1,residual_high_q4,25.17794821325291,,warm,24.642504088987224,-0.5354441242656875,0.0,1,0,0,24.642504088987224,,-0.5354441242656875,23.148985307253326,,-2.0289629059995846,23.29987966263362,,-1.8780685506192896,21.50630915707207,,-3.6716390561808403,23.89573474403411,0.9833908677101135,-1.2822134692187994,23.15671263295597,,-2.021235580296942,0,1,0,0,0,1,0,0
770_0.95_0.52.png,770,0.95,0.52,A>=0.95,beta<0.8,A>=0.95 | beta<0.8,strong_official_q4,strong_cr_q4,content_k5_c2,residual_low_q1,45.02203213440423,,warm,45.281418257306534,0.2593861229023062,0.2593861229023062,0,0,1,45.281418257306534,,0.2593861229023062,41.43617288471515,,-3.5858592496890793,39.184494101306136,,-5.837538033098092,41.14190231748857,,-3.8801298169156553,40.583506789112135,0.9924575686454773,-4.438525345292092,41.43772974687699,,-3.584302387527238,1,0,0,1,1,0,0,1
771_0.84_0.54.png,771,0.84,0.54,0.75<=A<0.85,beta<0.8,0.75<=A<0.85 | beta<0.8,strong_official_q4,strong_cr_q4,content_k5_c2,residual_low_q1,45.52489296536746,,warm,46.00126436030106,0.4763713949336008,0.4763713949336008,0,0,1,46.00126436030106,,0.4763713949336008,41.30145650838395,,-4.223436456983507,39.30338366618802,,-6.221509299179438,41.50206341299713,,-4.022829552370325,41.37038541458037,0.9929777979850769,-4.154507550787088,41.30765272257227,,-4.217240242795185,1,0,0,1,1,0,0,1
772_0.69_1.76.png,772,0.69,1.76,0.65<=A<0.75,beta>=1.7,0.65<=A<0.75 | beta>=1.7,strong_official_q4,strong_cr_q4,content_k5_c4,residual_low_q1,41.99690494046961,,warm,41.95167842321599,-0.045226517253624365,0.0,1,1,1,41.95167842321599,,-0.045226517253624365,37.51461366902137,,-4.48229127144824,37.410075063330986,,-4.586829877138626,37.66464583301556,,-4.33225910745405,38.04443437679805,0.9844506978988647,-3.952470563671561,37.51580126699077,,-4.481103673478842,0,1,0,0,0,1,0,0
773_0.51_0.63.png,773,0.51,0.63,A<0.65,beta<0.8,A<0.65 | beta<0.8,strong_official_q4,strong_cr_q4,content_k5_c2,residual_low_q1,47.949985092887644,,warm,47.15569078093541,-0.7942943119522354,0.0,1,1,1,47.15569078093541,,-0.7942943119522354,44.36599706734796,,-3.583988025539682,44.497507162398776,,-3.452477930488868,45.120122007689034,,-2.8298630851986104,44.38999103194096,0.9933956265449524,-3.5599940609466856,44.35883314333056,,-3.591151949557087,0,1,0,0,0,1,0,0
774_0.77_0.95.png,774,0.77,0.95,0.75<=A<0.85,0.8<=beta<1.1,0.75<=A<0.85 | 0.8<=beta<1.1,strong_official_q4,strong_cr_q4,content_k5_c4,residual_low_q1,43.15035560615755,,warm,43.45821937836597,0.307863772208421,0.307863772208421,0,0,1,43.45821937836597,,0.307863772208421,40.91717622639267,,-2.233179379764877,41.67907225140777,,-1.4712833547497794,41.327277187504436,,-1.823078418653111,41.2536926667957,0.988490641117096,-1.8966629393618462,40.91924254506489,,-2.231113061092657,1,0,0,1,1,0,0,1
775_0.63_1.13.png,775,0.63,1.13,A<0.65,1.1<=beta<1.4,A<0.65 | 1.1<=beta<1.4,strong_official_q4,strong_cr_q4,content_k5_c4,residual_low_q1,44.49345521982671,,warm,45.06666527172403,0.5732100518973198,0.5732100518973198,0,0,1,45.06666527172403,,0.5732100518973198,41.830663134150825,,-2.662792085675882,42.69731142567429,,-1.7961437941524139,42.16965504196547,,-2.323800177861237,42.02045603253786,0.9885496497154236,-2.472999187288849,41.8313543715821,,-2.662100848244606,1,0,0,1,1,0,0,1
776_0.77_1.8.png,776,0.77,1.8,0.75<=A<0.85,beta>=1.7,0.75<=A<0.85 | beta>=1.7,strong_official_q4,strong_cr_q4,content_k5_c4,residual_low_q1,41.03507690034222,,warm,41.12714338616841,0.09206648582619437,0.09206648582619437,0,0,1,41.12714338616841,,0.09206648582619437,38.930064897241174,,-2.105012003101045,37.981235417883205,,-3.0538414824590134,37.78076788701326,,-3.2543090133289567,38.38973451157739,0.9797945618629456,-2.6453423887648313,38.928388152720494,,-2.1066887476217246,0,0,1,-1,0,0,1,-1
777_0.57_0.83.png,777,0.57,0.83,A<0.65,0.8<=beta<1.1,A<0.65 | 0.8<=beta<1.1,strong_official_q4,strong_cr_q4,content_k5_c2,residual_low_q1,44.110834940944756,,warm,43.981202508078916,-0.12963243286584003,0.0,1,1,1,43.981202508078916,,-0.12963243286584003,39.998223656635204,,-4.112611284309551,40.049085986586675,,-4.06174895435808,39.916421633418324,,-4.194413307526432,40.621083112906284,0.9945524334907532,-3.4897518280384716,39.99087440925263,,-4.119960531692122,0,1,0,0,0,1,0,0
778_0.91_1.51.png,778,0.91,1.51,0.85<=A<0.95,1.4<=beta<1.7,0.85<=A<0.95 | 1.4<=beta<1.7,midhigh_official_q3,midhigh_cr_q3,content_k5_c4,residual_midlow_q2,37.14853575464162,,warm,37.3162886346741,0.1677528800324808,0.1677528800324808,0,0,0,37.3162886346741,,0.1677528800324808,33.82149626750599,,-3.327039487135629,33.86052967285289,,-3.2880060817887298,33.683835341561725,,-3.464700413079896,33.908266764826095,0.9856446981430054,-3.240268989815526,33.819610533431316,,-3.328925221210305,1,0,0,1,0,0,1,-1
779_0.85_0.72.png,779,0.85,0.72,0.85<=A<0.95,beta<0.8,0.85<=A<0.95 | beta<0.8,strong_official_q4,strong_cr_q4,content_k5_c2,residual_low_q1,41.22295989246568,,warm,41.19964252710504,-0.023317365360639997,0.0,1,1,1,41.19964252710504,,-0.023317365360639997,37.34699759405323,,-3.8759622984124533,37.94110967201529,,-3.2818502204503943,36.79946121184771,,-4.423498680617975,36.453675488483874,0.9932121634483337,-4.769284403981807,37.34049992981599,,-3.8824599626496905,0,1,0,0,0,1,0,0
77_0.92_1.85.png,77,0.92,1.85,0.85<=A<0.95,beta>=1.7,0.85<=A<0.95 | beta>=1.7,weak_official_q1,weak_cr_q1,content_k5_c3,residual_high_q4,22.89202514429464,,warm,23.148790295805615,0.2567651515109759,0.2567651515109759,0,0,0,23.148790295805615,,0.2567651515109759,19.606320175071946,,-3.2857049692226923,21.052569741073896,,-1.839455403220743,20.51254131298153,,-2.3794838313131095,19.36770546363368,0.9546040892601013,-3.524319680660959,19.610993962553216,,-3.2810311817414224,1,0,0,1,1,0,0,1
780_0.86_1.18.png,780,0.86,1.18,0.85<=A<0.95,1.1<=beta<1.4,0.85<=A<0.95 | 1.1<=beta<1.4,midhigh_official_q3,strong_cr_q4,content_k5_c4,residual_low_q1,38.724486524577216,,warm,38.863304294573126,0.1388177699959101,0.1388177699959101,0,0,1,38.863304294573126,,0.1388177699959101,35.864562588830985,,-2.859923935746231,36.12523655796528,,-2.5992499666119357,35.39976325225675,,-3.324723272320469,35.47784652235616,0.989654004573822,-3.2466400022210564,35.861344679877796,,-2.8631418446994203,0,0,1,-1,0,0,1,-1
781_0.52_0.96.png,781,0.52,0.96,A<0.65,0.8<=beta<1.1,A<0.65 | 0.8<=beta<1.1,strong_official_q4,strong_cr_q4,content_k5_c2,residual_low_q1,41.968517530072155,,warm,41.688638105844774,-0.27987942422738143,0.0,1,1,1,41.688638105844774,,-0.27987942422738143,38.89179824480619,,-3.076719285265966,39.08649782060753,,-2.882019709464622,38.77018961644414,,-3.198327913628013,40.002055168247864,0.9962398409843445,-1.9664623618242913,38.88372313149858,,-3.084794398573578,0,1,0,0,0,1,0,0
782_0.6_0.51.png,782,0.6,0.51,A<0.65,beta<0.8,A<0.65 | beta<0.8,strong_official_q4,strong_cr_q4,content_k5_c2,residual_low_q1,43.891940100729805,,warm,44.00528295682142,0.11334285609161299,0.11334285609161299,0,0,1,44.00528295682142,,0.11334285609161299,40.94404388361746,,-2.947896217112344,40.834669522254366,,-3.057270578475439,40.77370006855736,,-3.1182400321724444,41.25102514369012,0.9969702363014221,-2.6409149570396835,40.937815552428205,,-2.9541245483016,0,0,1,-1,0,0,1,-1
783_0.63_0.68.png,783,0.63,0.68,A<0.65,beta<0.8,A<0.65 | beta<0.8,strong_official_q4,strong_cr_q4,content_k5_c2,residual_low_q1,42.15571266991088,,warm,42.45446182973651,0.29874915982562555,0.29874915982562555,0,0,1,42.45446182973651,,0.29874915982562555,39.64707905688147,,-2.50863361302941,38.68938674792699,,-3.466325921983895,39.06980171686625,,-3.085910953044632,39.805958643830465,0.9962048530578613,-2.3497540260804186,39.64410008366292,,-2.5116125862479635,1,0,0,1,1,0,0,1
784_0.5_0.79.png,784,0.5,0.79,A<0.65,beta<0.8,A<0.65 | beta<0.8,strong_official_q4,strong_cr_q4,content_k5_c2,residual_low_q1,42.53506270017637,,warm,42.265338844075856,-0.2697238561005122,0.0,1,1,1,42.265338844075856,,-0.2697238561005122,39.05441783475474,,-3.480644865421631,39.662474744723106,,-2.8725879554532625,39.50256052369435,,-3.0325021764820193,40.02021773893962,0.996651828289032,-2.514844961236747,39.0430699595351,,-3.4919927406412654,0,1,0,0,0,1,0,0
785_0.54_0.53.png,785,0.54,0.53,A<0.65,beta<0.8,A<0.65 | beta<0.8,strong_official_q4,strong_cr_q4,content_k5_c2,residual_low_q1,41.56642931392148,,warm,40.748641366187584,-0.8177879477338976,0.0,1,1,1,40.748641366187584,,-0.8177879477338976,38.10247415549527,,-3.4639551584262094,36.043758503252484,,-5.522670810668998,40.11625423261934,,-1.4501750813021417,40.01312088973278,0.9971214532852173,-1.5533084241886996,38.08172671570576,,-3.484702598215719,0,1,0,0,0,1,0,0
786_0.77_1.16.png,786,0.77,1.16,0.75<=A<0.85,1.1<=beta<1.4,0.75<=A<0.85 | 1.1<=beta<1.4,midhigh_official_q3,strong_cr_q4,content_k5_c2,residual_midlow_q2,37.61565291577157,,warm,37.69401549445411,0.07836257868254393,0.07836257868254393,0,0,0,37.69401549445411,,0.07836257868254393,36.35572493790248,,-1.25992797786909,34.52447660255564,,-3.0911763132159322,35.18799833350688,,-2.4276545822646867,35.27869356566914,0.9933866858482361,-2.3369593501024326,36.347885843033154,,-1.2677670727384154,0,0,1,-1,0,0,1,-1
787_0.84_1.65.png,787,0.84,1.65,0.75<=A<0.85,1.4<=beta<1.7,0.75<=A<0.85 | 1.4<=beta<1.7,midhigh_official_q3,midhigh_cr_q3,content_k5_c4,residual_midhigh_q3,34.58293541238497,,warm,34.64967715729141,0.06674174490643736,0.06674174490643736,0,0,0,34.64967715729141,,0.06674174490643736,34.04289467921891,,-0.5400407331660588,32.06881524165431,,-2.5141201707306564,32.6557281379243,,-1.9272072744606703,32.98799257254985,0.9892337322235107,-1.5949428398351202,34.039629820823265,,-0.5433055915617047,0,0,1,-1,0,0,1,-1
788_0.69_0.73.png,788,0.69,0.73,0.65<=A<0.75,beta<0.8,0.65<=A<0.75 | beta<0.8,strong_official_q4,strong_cr_q4,content_k5_c2,residual_low_q1,41.14927284329867,,warm,40.736913879135784,-0.412358964162884,0.0,1,1,1,40.736913879135784,,-0.412358964162884,39.08083564574904,,-2.0684371975496276,36.84061306203008,,-4.308659781268588,38.68491510002818,,-2.46435774327049,38.540157975040586,0.9959695339202881,-2.6091148682580823,39.06655439514438,,-2.0827184481542886,0,1,0,0,0,1,0,0
789_0.85_1.57.png,789,0.85,1.57,0.85<=A<0.95,1.4<=beta<1.7,0.85<=A<0.95 | 1.4<=beta<1.7,strong_official_q4,strong_cr_q4,content_k5_c4,residual_low_q1,42.0122137820875,,warm,41.71176768990203,-0.30044609218546725,0.0,1,1,1,41.71176768990203,,-0.30044609218546725,38.14074446653388,,-3.871469315553618,37.953418740019885,,-4.058795042067615,37.85477586711111,,-4.157437914976391,37.738689079356305,0.9850273132324219,-4.273524702731194,38.14588663347679,,-3.866327148610708,0,1,0,0,0,1,0,0
78_1.0_0.78.png,78,1.0,0.78,A>=0.95,beta<0.8,A>=0.95 | beta<0.8,weak_official_q1,weak_cr_q1,content_k5_c0,residual_high_q4,27.881903651650333,,warm,28.467713996754256,0.5858103451039227,0.5858103451039227,0,0,0,28.467713996754256,,0.5858103451039227,24.47513046337376,,-3.406773188276574,26.5336378050352,,-1.3482658466151314,27.052577951819785,,-0.829325699830548,26.39215941824224,0.9770654439926147,-1.4897442334080928,24.482173115846827,,-3.3997305358035064,1,0,0,1,1,0,0,1
790_0.93_1.12.png,790,0.93,1.12,0.85<=A<0.95,1.1<=beta<1.4,0.85<=A<0.95 | 1.1<=beta<1.4,strong_official_q4,strong_cr_q4,content_k5_c4,residual_midlow_q2,42.62995566531136,,warm,42.45557992970682,-0.174375735604535,0.0,1,1,0,42.45557992970682,,-0.174375735604535,38.1651377007981,,-4.464817964513259,37.713747134793294,,-4.9162085305180625,38.35657602488773,,-4.273379640423627,38.60327446197565,0.9882364869117737,-4.026681203335706,38.163277891996124,,-4.466677773315233,0,1,0,0,0,1,0,0
791_0.94_1.39.png,791,0.94,1.39,0.85<=A<0.95,1.1<=beta<1.4,0.85<=A<0.95 | 1.1<=beta<1.4,strong_official_q4,strong_cr_q4,content_k5_c4,residual_midlow_q2,42.027173091448304,,warm,41.7332437605916,-0.2939293308567059,0.0,1,1,0,41.7332437605916,,-0.2939293308567059,37.263835930272016,,-4.763337161176288,36.38617050980088,,-5.641002581647427,37.008713485988956,,-5.018459605459348,37.16154572430869,0.9847729206085205,-4.865627367139616,37.26346974687731,,-4.763703344570992,0,1,0,0,0,1,0,0
792_0.71_0.8.png,792,0.71,0.8,0.65<=A<0.75,0.8<=beta<1.1,0.65<=A<0.75 | 0.8<=beta<1.1,strong_official_q4,strong_cr_q4,content_k5_c4,residual_low_q1,46.21994784463472,,warm,46.17445748605646,-0.04549035857825601,0.0,1,1,1,46.17445748605646,,-0.04549035857825601,40.824091183527585,,-5.395856661107132,42.92756726465314,,-3.2923805799815753,41.62363293122492,,-4.596314913409799,42.70771333339024,0.9938415288925171,-3.512234511244479,40.81559883216058,,-5.404349012474135,0,1,0,0,0,1,0,0
793_0.81_1.92.png,793,0.81,1.92,0.75<=A<0.85,beta>=1.7,0.75<=A<0.85 | beta>=1.7,strong_official_q4,midhigh_cr_q3,content_k5_c4,residual_midhigh_q3,39.65656397929476,,warm,40.11038975835896,0.4538257790642035,0.4538257790642035,0,0,0,40.11038975835896,,0.4538257790642035,34.241624272236876,,-5.414939707057883,35.86938953270079,,-3.7871744465939727,35.87932626169064,,-3.777237717604116,34.32148268167159,0.9882336854934692,-5.335081297623169,34.23646123150989,,-5.420102747784867,1,0,0,1,1,0,0,1
794_0.81_1.13.png,794,0.81,1.13,0.75<=A<0.85,1.1<=beta<1.4,0.75<=A<0.85 | 1.1<=beta<1.4,strong_official_q4,strong_cr_q4,content_k5_c4,residual_low_q1,42.582761431104494,,warm,42.99364425408709,0.41088282298259315,0.41088282298259315,0,0,1,42.99364425408709,,0.41088282298259315,37.18577230616533,,-5.396989124939161,38.306136732912094,,-4.2766246981924,37.86583505084199,,-4.716926380262507,37.40803459508552,0.9932156205177307,-5.174726836018976,37.17870356651432,,-5.404057864590172,1,0,0,1,1,0,0,1
795_0.9_2.0.png,795,0.9,2.0,0.85<=A<0.95,beta>=1.7,0.85<=A<0.95 | beta>=1.7,strong_official_q4,midhigh_cr_q3,content_k5_c4,residual_midhigh_q3,39.5013129225778,,warm,39.86054608719045,0.35923316461264676,0.35923316461264676,0,0,0,39.86054608719045,,0.35923316461264676,33.409182203248506,,-6.0921307193292975,34.50018283113831,,-5.001130091439492,35.01902871133296,,-4.4822842112448456,34.46346183165328,0.9864259362220764,-5.037851090924526,33.4052664606154,,-6.096046461962402,1,0,0,1,1,0,0,1
796_0.82_1.56.png,796,0.82,1.56,0.75<=A<0.85,1.4<=beta<1.7,0.75<=A<0.85 | 1.4<=beta<1.7,strong_official_q4,midhigh_cr_q3,content_k5_c4,residual_midlow_q2,41.215060795660406,,warm,41.609629944393674,0.3945691487332681,0.3945691487332681,0,0,0,41.609629944393674,,0.3945691487332681,35.38437724342819,,-5.830683552232216,37.15922934801686,,-4.055831447643548,36.857549578751126,,-4.3575112169092804,35.872610478349586,0.9908725023269653,-5.342450317310821,35.37856182199408,,-5.836498973666323,1,0,0,1,1,0,0,1
797_0.73_0.63.png,797,0.73,0.63,0.65<=A<0.75,beta<0.8,0.65<=A<0.75 | beta<0.8,strong_official_q4,strong_cr_q4,content_k5_c2,residual_low_q1,47.57489829650078,,warm,47.60770298115423,0.032804684653456206,0.032804684653456206,1,1,1,47.60770298115423,,0.032804684653456206,40.2568013267522,,-7.318096969748574,41.66635216682422,,-5.908546129676559,44.017703969744886,,-3.5571943267558908,40.36338405956994,0.9968454837799072,-7.211514236930839,40.23694098240787,,-7.337957314092904,0,1,0,0,0,1,0,0
798_0.79_0.52.png,798,0.79,0.52,0.75<=A<0.85,beta<0.8,0.75<=A<0.85 | beta<0.8,strong_official_q4,strong_cr_q4,content_k5_c2,residual_low_q1,47.40389900228068,,warm,47.45575381521707,0.051854812936390715,0.051854812936390715,0,0,1,47.45575381521707,,0.051854812936390715,40.78619012084665,,-6.617708881434034,41.17379232169189,,-6.23010668058879,43.66271627850899,,-3.7411827237716935,40.17624520055353,0.9969457983970642,-7.2276538017271506,40.767065983921185,,-6.636833018359496,0,0,1,-1,0,0,1,-1
799_0.52_1.97.png,799,0.52,1.97,A<0.65,beta>=1.7,A<0.65 | beta>=1.7,midhigh_official_q3,weak_cr_q1,content_k5_c1,residual_high_q4,36.35976336330235,,warm,36.771050142547395,0.41128677924504586,0.41128677924504586,0,0,0,36.771050142547395,,0.41128677924504586,27.21426097952673,,-9.145502383775618,31.63593504555341,,-4.723828317748939,33.74925298845832,,-2.6105103748440257,30.959289386621535,0.9908186793327332,-5.400473976680814,27.207379907652903,,-9.152383455649446,1,0,0,1,1,0,0,1
79_0.63_1.89.png,79,0.63,1.89,A<0.65,beta>=1.7,A<0.65 | beta>=1.7,weak_official_q1,weak_cr_q1,content_k5_c3,residual_midhigh_q3,19.181809145451297,,warm,19.286086540390155,0.10427739493885824,0.10427739493885824,0,0,0,19.286086540390155,,0.10427739493885824,18.021029237847813,,-1.1607799076034837,18.63212744656121,,-0.5496816988900868,18.339261285610913,,-0.8425478598403835,18.00748260992122,0.9368311166763306,-1.1743265355300778,18.025211751458034,,-1.1565973939932626,0,0,1,-1,0,0,1,-1
7_0.95_1.37.png,7,0.95,1.37,A>=0.95,1.1<=beta<1.4,A>=0.95 | 1.1<=beta<1.4,weak_official_q1,weak_cr_q1,content_k5_c3,residual_midlow_q2,29.111098152045088,,crplus,30.695868882902207,1.5847707308571195,1.5847707308571195,0,0,0,29.042494548013018,,-0.06860360403207011,28.215749007881033,,-0.8953491441640544,28.47725688351356,,-0.6338412685315262,28.292420764407545,,-0.8186773876375426,30.695868882902207,0.9851754903793335,1.5847707308571195,28.21405431235503,,-0.8970438396900562,1,0,0,1,1,0,0,1
800_0.55_1.84.png,800,0.55,1.84,A<0.65,beta>=1.7,A<0.65 | beta>=1.7,strong_official_q4,weak_cr_q1,content_k5_c1,residual_high_q4,39.68761483824292,,warm,40.155831177141614,0.4682163388986922,0.4682163388986922,0,0,0,40.155831177141614,,0.4682163388986922,28.816715170542302,,-10.87089966770062,34.70924980472151,,-4.978365033521413,36.3985079753676,,-3.2891068628753217,33.50402149704624,0.9925236105918884,-6.1835933411966835,28.80858878503193,,-10.879026053210993,1,0,0,1,1,0,0,1
801_0.62_1.22.png,801,0.62,1.22,A<0.65,1.1<=beta<1.4,A<0.65 | 1.1<=beta<1.4,strong_official_q4,strong_cr_q4,content_k5_c4,residual_low_q1,41.246778701864486,,warm,41.197389307130734,-0.049389394733751146,0.0,1,1,1,41.197389307130734,,-0.049389394733751146,37.85715167348481,,-3.389627028379678,37.450580702762494,,-3.7961979991019916,38.33400969989468,,-2.9127690019698065,37.779112947071056,0.9898961186408997,-3.4676657547934298,37.857799951554014,,-3.3889787503104714,0,1,0,0,0,1,0,0
802_0.67_0.91.png,802,0.67,0.91,0.65<=A<0.75,0.8<=beta<1.1,0.65<=A<0.75 | 0.8<=beta<1.1,strong_official_q4,strong_cr_q4,content_k5_c4,residual_low_q1,41.96602084041335,,warm,41.930756676314616,-0.03526416409873434,0.0,1,1,1,41.930756676314616,,-0.03526416409873434,38.148675188684045,,-3.8173456517293047,38.24115132425072,,-3.7248695161626273,38.93294724941605,,-3.0330735909972972,38.696113864213125,0.9919608235359192,-3.2699069762002253,38.144707811174705,,-3.8213130292386452,0,1,0,0,0,1,0,0
803_0.96_1.38.png,803,0.96,1.38,A>=0.95,1.1<=beta<1.4,A>=0.95 | 1.1<=beta<1.4,midhigh_official_q3,midlow_cr_q2,content_k5_c4,residual_high_q4,35.32039643953389,,warm,35.35141819809337,0.03102175855948275,0.03102175855948275,1,0,0,35.35141819809337,,0.03102175855948275,30.806677402950395,,-4.513719036583492,31.389122880689513,,-3.9312735588443743,31.377193933036843,,-3.9432025064970446,32.22437671552918,0.9790388941764832,-3.096019724004705,30.803912888288558,,-4.516483551245329,0,1,0,0,0,1,0,0
804_0.64_0.58.png,804,0.64,0.58,A<0.65,beta<0.8,A<0.65 | beta<0.8,strong_official_q4,strong_cr_q4,content_k5_c2,residual_low_q1,44.853389865051774,,warm,44.82091936727741,-0.03247049777436217,0.0,1,1,1,44.82091936727741,,-0.03247049777436217,40.71965349262019,,-4.133736372431585,41.11112377335586,,-3.7422660916959174,41.167511159784326,,-3.6858787052674487,41.41990479198132,0.9944551587104797,-3.4334850730704574,40.71480126177727,,-4.138588603274506,0,1,0,0,0,1,0,0
805_0.64_1.71.png,805,0.64,1.71,A<0.65,beta>=1.7,A<0.65 | beta>=1.7,midhigh_official_q3,midhigh_cr_q3,content_k5_c1,residual_midlow_q2,37.2428936853412,,warm,36.7464780685271,-0.4964156168141045,0.0,1,0,0,36.7464780685271,,-0.4964156168141045,34.328341564064864,,-2.914552121276337,35.07162180106001,,-2.1712718842811896,35.53257955002772,,-1.7103141353134816,35.395541121831265,0.9880287647247314,-1.8473525635099364,34.33343473399806,,-2.90945895134314,0,1,0,0,0,1,0,0
806_0.86_1.72.png,806,0.86,1.72,0.85<=A<0.95,beta>=1.7,0.85<=A<0.95 | beta>=1.7,midhigh_official_q3,midlow_cr_q2,content_k5_c4,residual_midhigh_q3,35.22203156430776,,warm,34.906942399038954,-0.3150891652688088,0.0,1,0,0,34.906942399038954,,-0.3150891652688088,32.15239869095792,,-3.069632873349846,34.19494335619658,,-1.0270882081111807,33.4146069759752,,-1.807424588332566,33.66670705505407,0.9844721555709839,-1.555324509253694,32.15218125831583,,-3.0698503059919346,0,1,0,0,0,1,0,0
807_0.81_1.1.png,807,0.81,1.1,0.75<=A<0.85,1.1<=beta<1.4,0.75<=A<0.85 | 1.1<=beta<1.4,strong_official_q4,strong_cr_q4,content_k5_c4,residual_low_q1,39.35052979941145,,warm,39.11327594734932,-0.2372538520621248,0.0,1,1,1,39.11327594734932,,-0.2372538520621248,36.74458958875076,,-2.605940210660684,37.193582426970536,,-2.1569473724409107,36.49531346028897,,-2.855216339122478,37.0216003306075,0.9920751452445984,-2.328929468803949,36.74534792888936,,-2.605181870522088,0,1,0,0,0,1,0,0
808_0.52_0.78.png,808,0.52,0.78,A<0.65,beta<0.8,A<0.65 | beta<0.8,strong_official_q4,strong_cr_q4,content_k5_c2,residual_low_q1,43.00310996232129,,warm,43.44865319129302,0.4455432289717294,0.4455432289717294,0,0,1,43.44865319129302,,0.4455432289717294,40.68917174226102,,-2.3139382200602725,40.23341943935322,,-2.7696905229680695,41.608386389601726,,-1.3947235727195633,40.82830306131831,0.9956077933311462,-2.174806901002981,40.701494983038835,,-2.301614979282455,1,0,0,1,1,0,0,1
809_0.73_1.63.png,809,0.73,1.63,0.65<=A<0.75,1.4<=beta<1.7,0.65<=A<0.75 | 1.4<=beta<1.7,midlow_official_q2,midlow_cr_q2,content_k5_c4,residual_midlow_q2,33.41447435371467,,warm,33.53641188082737,0.12193752711270633,0.12193752711270633,0,0,0,33.53641188082737,,0.12193752711270633,30.572604335566318,,-2.8418700181483487,31.090562836714852,,-2.3239115169998144,30.97977836292269,,-2.434695990791976,29.977125777475713,0.981855034828186,-3.4373485762389535,30.572572897934865,,-2.8419014557798015,0,0,1,-1,0,0,1,-1
80_0.74_1.76.png,80,0.74,1.76,0.65<=A<0.75,beta>=1.7,0.65<=A<0.75 | beta>=1.7,weak_official_q1,weak_cr_q1,content_k5_c3,residual_high_q4,21.966741338210944,,warm,22.120112261371865,0.15337092316092082,0.15337092316092082,0,0,0,22.120112261371865,,0.15337092316092082,19.328726221052264,,-2.6380151171586803,20.277843252956302,,-1.6888980852546425,19.707078427831956,,-2.2596629103789887,19.48017817032105,0.9471566081047058,-2.4865631678898943,19.33320864065375,,-2.633532697557193,1,0,0,1,0,0,1,-1
810_0.88_1.95.png,810,0.88,1.95,0.85<=A<0.95,beta>=1.7,0.85<=A<0.95 | beta>=1.7,midlow_official_q2,weak_cr_q1,content_k5_c4,residual_high_q4,30.188408292500398,,warm,30.2648635270832,0.07645523458280223,0.07645523458280223,0,0,0,30.2648635270832,,0.07645523458280223,27.480932154363558,,-2.7074761381368404,27.475225332531934,,-2.7131829599684636,27.4348408357366,,-2.753567456763797,26.49474167583593,0.9718443155288696,-3.693666616664469,27.481497757010903,,-2.706910535489495,0,0,1,-1,0,0,1,-1
811_0.61_0.62.png,811,0.61,0.62,A<0.65,beta<0.8,A<0.65 | beta<0.8,strong_official_q4,strong_cr_q4,content_k5_c2,residual_low_q1,39.915090215690824,,warm,40.54198487330585,0.6268946576150256,0.6268946576150256,0,0,1,40.54198487330585,,0.6268946576150256,39.02663259835406,,-0.888457617336762,38.57792351847025,,-1.3371666972205745,38.784590617984726,,-1.1304995977060983,39.41804822805328,0.9948432445526123,-0.4970419876375445,39.02363542576366,,-0.8914547899271668,1,0,0,1,1,0,0,1
812_0.81_1.01.png,812,0.81,1.01,0.75<=A<0.85,0.8<=beta<1.1,0.75<=A<0.85 | 0.8<=beta<1.1,midlow_official_q2,midlow_cr_q2,content_k5_c4,residual_midlow_q2,34.152431383641975,,warm,34.688887189364365,0.5364558057223903,0.5364558057223903,0,0,0,34.688887189364365,,0.5364558057223903,30.940921106001174,,-3.2115102776408015,31.671514758919585,,-2.48091662472239,31.94814610627916,,-2.204285277362814,30.795912261083124,0.9865680932998657,-3.3565191225588507,30.941030360989764,,-3.211401022652211,1,0,0,1,1,0,0,1
813_0.58_1.0.png,813,0.58,1.0,A<0.65,0.8<=beta<1.1,A<0.65 | 0.8<=beta<1.1,strong_official_q4,strong_cr_q4,content_k5_c2,residual_midlow_q2,42.86871065125147,,warm,43.52730241531782,0.658591764066351,0.658591764066351,0,0,0,43.52730241531782,,0.658591764066351,36.42209415564907,,-6.446616495602399,37.9915387588377,,-4.87717189241377,37.80848251543339,,-5.060228135818079,39.160938232458015,0.9968175292015076,-3.7077724187934535,36.408196554711495,,-6.460514096539974,1,0,0,1,1,0,0,1
814_0.74_1.87.png,814,0.74,1.87,0.65<=A<0.75,beta>=1.7,0.65<=A<0.75 | beta>=1.7,midhigh_official_q3,midhigh_cr_q3,content_k5_c4,residual_midhigh_q3,36.65230810751533,,warm,37.60138774489173,0.9490796373763999,0.9490796373763999,0,0,0,37.60138774489173,,0.9490796373763999,35.243120622457596,,-1.4091874850577355,34.18106314505924,,-2.4712449624560904,33.9056221741442,,-2.7466859333711326,35.561386660118295,0.9910660982131958,-1.0909214473970366,35.23740422176676,,-1.414903885748572,1,0,0,1,1,0,0,1
815_0.97_1.1.png,815,0.97,1.1,A>=0.95,1.1<=beta<1.4,A>=0.95 | 1.1<=beta<1.4,midhigh_official_q3,midhigh_cr_q3,content_k5_c2,residual_high_q4,35.89091021735281,,warm,36.56784758811504,0.6769373707622321,0.6769373707622321,0,0,0,36.56784758811504,,0.6769373707622321,33.158295383545955,,-2.7326148338068563,33.2700442041046,,-2.620866013248211,32.607114922487185,,-3.2837952948656266,33.987355595732076,0.9932225346565247,-1.903554621620735,33.15941969497882,,-2.7314905223739885,1,0,0,1,1,0,0,1
816_0.61_1.87.png,816,0.61,1.87,A<0.65,beta>=1.7,A<0.65 | beta>=1.7,midhigh_official_q3,midhigh_cr_q3,content_k5_c4,residual_midlow_q2,38.27362334051877,,warm,39.039185510876926,0.7655621703581588,0.7655621703581588,0,0,0,39.039185510876926,,0.7655621703581588,34.61098570586613,,-3.66263763465264,34.55428014497627,,-3.7193431955425,34.5543613062873,,-3.7192620342314697,36.392205846277,0.9929442405700684,-1.8814174942417665,34.60067059344983,,-3.6729527470689405,1,0,0,1,1,0,0,1
817_0.59_1.1.png,817,0.59,1.1,A<0.65,1.1<=beta<1.4,A<0.65 | 1.1<=beta<1.4,strong_official_q4,strong_cr_q4,content_k5_c2,residual_midlow_q2,39.11339033805946,,warm,38.772939171733164,-0.3404511663262966,0.0,1,1,0,38.772939171733164,,-0.3404511663262966,36.10934007274822,,-3.0040502653112426,37.94232421472028,,-1.1710661233391804,38.332366291790315,,-0.7810240462691453,38.61286365876433,0.9955348372459412,-0.5005266792951275,36.104500417073034,,-3.0088899209864266,0,1,0,0,0,1,0,0
818_0.52_0.76.png,818,0.52,0.76,A<0.65,beta<0.8,A<0.65 | beta<0.8,strong_official_q4,midhigh_cr_q3,content_k5_c2,residual_midlow_q2,41.151213300449484,,warm,40.1736821094967,-0.9775311909527815,0.0,1,1,0,40.1736821094967,,-0.9775311909527815,35.4909046766487,,-5.660308623800788,38.57555597340677,,-2.5756573270427126,38.214250696906355,,-2.9369626035431295,39.71743912500909,0.9965390563011169,-1.4337741754403908,35.485816524589914,,-5.66539677585957,0,1,0,0,0,1,0,0
819_0.63_2.0.png,819,0.63,2.0,A<0.65,beta>=1.7,A<0.65 | beta>=1.7,midhigh_official_q3,midhigh_cr_q3,content_k5_c4,residual_midlow_q2,35.76132446948838,,lfv1,35.69737623828347,-0.06394823120491111,0.0,1,0,0,35.47173980961662,,-0.28958465987175686,35.356474003510755,,-0.4048504659776242,35.69737623828347,,-0.06394823120491111,34.868933291246755,,-0.8923911782416241,34.685984906974284,0.9911985993385315,-1.0753395625140953,35.354575706086706,,-0.4067487634016729,0,1,0,0,0,1,0,0
81_0.84_1.33.png,81,0.84,1.33,0.75<=A<0.85,1.1<=beta<1.4,0.75<=A<0.85 | 1.1<=beta<1.4,weak_official_q1,weak_cr_q1,content_k5_c0,residual_low_q1,28.333158253336663,,residualcalib,29.398682907973175,1.065524654636512,1.065524654636512,0,0,1,28.163686807694432,,-0.16947144564223038,28.152761509980955,,-0.18039674335570766,27.832492852029493,,-0.5006654013071703,29.398682907973175,,1.065524654636512,29.243061957640908,0.9873576760292053,0.909903704304245,28.151217716529263,,-0.1819405368073994,1,0,0,1,1,0,0,1
820_0.87_1.24.png,820,0.87,1.24,0.85<=A<0.95,1.1<=beta<1.4,0.85<=A<0.95 | 1.1<=beta<1.4,midhigh_official_q3,midhigh_cr_q3,content_k5_c2,residual_midlow_q2,34.48436574679366,,warm,34.28644490033746,-0.19792084645619923,0.0,1,0,0,34.28644490033746,,-0.19792084645619923,33.80677702055913,,-0.677588726234525,33.71213647844819,,-0.7722292683454697,33.057354768040085,,-1.4270109787535716,33.24134042680373,0.9913495779037476,-1.2430253199899255,33.80695589010458,,-0.6774098566890743,0,1,0,0,0,1,0,0
821_0.7_1.3.png,821,0.7,1.3,0.65<=A<0.75,1.1<=beta<1.4,0.65<=A<0.75 | 1.1<=beta<1.4,midhigh_official_q3,strong_cr_q4,content_k5_c2,residual_low_q1,38.123668263246174,,warm,37.96225306519093,-0.16141519805524496,0.0,1,0,1,37.96225306519093,,-0.16141519805524496,37.159561873199635,,-0.9641063900465383,37.44355796440572,,-0.6801102988404537,37.197135111445895,,-0.9265331518002782,37.40999604390329,0.9896998405456543,-0.7136722193428824,37.15635170317536,,-0.9673165600708131,0,1,0,0,0,1,0,0
822_0.64_0.8.png,822,0.64,0.8,A<0.65,0.8<=beta<1.1,A<0.65 | 0.8<=beta<1.1,strong_official_q4,strong_cr_q4,content_k5_c2,residual_low_q1,40.44314751673411,,lfv1,40.022646392407154,-0.42050112432695386,0.0,1,1,1,39.82682792019136,,-0.6163195965427448,37.92059646504639,,-2.5225510516877208,40.022646392407154,,-0.42050112432695386,39.338046969350266,,-1.1051005473838416,38.69855977894079,0.9924284219741821,-1.7445877377933172,37.91467040933626,,-2.5284771073978476,0,1,0,0,0,1,0,0
823_0.52_1.62.png,823,0.52,1.62,A<0.65,1.4<=beta<1.7,A<0.65 | 1.4<=beta<1.7,midhigh_official_q3,midhigh_cr_q3,content_k5_c2,residual_low_q1,37.53735168283691,,warm,37.070759427582196,-0.46659225525471726,0.0,1,0,1,37.070759427582196,,-0.46659225525471726,35.1191939639901,,-2.418157718846814,36.442641220345266,,-1.0947104624916477,35.03702586142186,,-2.5003258214150534,34.206304348952024,0.9881280660629272,-3.3310473338848894,35.11447659118686,,-2.422875091650056,0,1,0,0,0,1,0,0
824_0.82_1.95.png,824,0.82,1.95,0.75<=A<0.85,beta>=1.7,0.75<=A<0.85 | beta>=1.7,midhigh_official_q3,strong_cr_q4,content_k5_c4,residual_midlow_q2,37.17740832808416,,warm,37.27976615110103,0.10235782301686669,0.10235782301686669,0,0,0,37.27976615110103,,0.10235782301686669,35.82940200437062,,-1.3480063237135411,35.60174183280187,,-1.5756664952822916,34.201405582331105,,-2.976002745753057,35.63918595639206,0.9836344718933105,-1.5382223716921004,35.828222152542246,,-1.3491861755419166,0,0,1,-1,0,0,1,-1
825_0.79_0.64.png,825,0.79,0.64,0.75<=A<0.85,beta<0.8,0.75<=A<0.85 | beta<0.8,strong_official_q4,midhigh_cr_q3,content_k5_c4,residual_midlow_q2,41.24028227167457,,warm,41.9655358846495,0.7252536129749245,0.7252536129749245,0,0,0,41.9655358846495,,0.7252536129749245,35.39126754418734,,-5.84901472748723,38.201147860756464,,-3.039134410918109,37.58560895007199,,-3.65467332160258,37.26108324340113,0.9945631623268127,-3.9791990282734417,35.39624999880151,,-5.844032272873065,1,0,0,1,1,0,0,1
826_0.82_0.58.png,826,0.82,0.58,0.75<=A<0.85,beta<0.8,0.75<=A<0.85 | beta<0.8,strong_official_q4,midhigh_cr_q3,content_k5_c2,residual_midlow_q2,41.185044640889636,,warm,41.99779734327799,0.8127527023883516,0.8127527023883516,0,0,0,41.99779734327799,,0.8127527023883516,35.51766708525682,,-5.667377555632818,38.46816619780759,,-2.716878443082045,37.41114214044454,,-3.7739025004450966,37.109561676066846,0.9946077466011047,-4.07548296482279,35.52233198759977,,-5.662712653289866,1,0,0,1,1,0,0,1
827_0.72_0.85.png,827,0.72,0.85,0.65<=A<0.75,0.8<=beta<1.1,0.65<=A<0.75 | 0.8<=beta<1.1,strong_official_q4,midhigh_cr_q3,content_k5_c4,residual_midlow_q2,40.82256452677402,,warm,41.651167305609036,0.8286027788350125,0.8286027788350125,0,0,0,41.651167305609036,,0.8286027788350125,35.31685090174993,,-5.505713625024093,38.48966557289381,,-2.3328989538802105,37.65333630057184,,-3.1692282262021862,36.975321120960956,0.9939082264900208,-3.8472434058130673,35.32255838820193,,-5.500006138572097,1,0,0,1,1,0,0,1
828_0.63_0.64.png,828,0.63,0.64,A<0.65,beta<0.8,A<0.65 | beta<0.8,strong_official_q4,strong_cr_q4,content_k5_c2,residual_low_q1,42.637635208480624,,warm,44.09327332398992,1.455638115509295,1.455638115509295,0,0,1,44.09327332398992,,1.455638115509295,37.598129101945375,,-5.039506106535249,41.54803641228185,,-1.0895987961987714,40.738890548699985,,-1.8987446597806397,39.85571939323589,0.9956275820732117,-2.781915815244737,37.606099844129744,,-5.03153536435088,1,0,0,1,1,0,0,1
829_0.92_1.57.png,829,0.92,1.57,0.85<=A<0.95,1.4<=beta<1.7,0.85<=A<0.95 | 1.4<=beta<1.7,strong_official_q4,midhigh_cr_q3,content_k5_c4,residual_midlow_q2,39.53296199015466,,warm,40.01870147198063,0.4857394818259664,0.4857394818259664,0,0,0,40.01870147198063,,0.4857394818259664,34.58948198010508,,-4.9434800100495835,36.94842376159717,,-2.5845382285574914,36.215146336645525,,-3.317815653509136,36.24923387257367,0.9926523566246033,-3.283728117580992,34.5942145431483,,-4.938747447006364,1,0,0,1,1,0,0,1
82_0.83_1.9.png,82,0.83,1.9,0.75<=A<0.85,beta>=1.7,0.75<=A<0.85 | beta>=1.7,weak_official_q1,weak_cr_q1,content_k5_c3,residual_midhigh_q3,27.319437153634567,,crplus,28.989003225326098,1.6695660716915306,1.6695660716915306,0,0,0,27.164160888315582,,-0.1552762653189852,27.552154070753822,,0.23271691711925513,27.90186887294758,,0.5824317193130142,28.17805590426157,,0.8586187506270022,28.989003225326098,0.9849457144737244,1.6695660716915306,27.550697455156488,,0.231260301521921,1,0,0,1,1,0,0,1
830_0.58_1.52.png,830,0.58,1.52,A<0.65,1.4<=beta<1.7,A<0.65 | 1.4<=beta<1.7,strong_official_q4,strong_cr_q4,content_k5_c2,residual_midlow_q2,39.13988399303054,,warm,40.50103845979039,1.3611544667598494,1.3611544667598494,0,0,0,40.50103845979039,,1.3611544667598494,37.004112366912864,,-2.1357716261176733,38.061168912250565,,-1.078715080779972,37.763965809830566,,-1.3759181831999712,38.08019065983941,0.9951090812683105,-1.0596933331911274,37.00788457567706,,-2.1319994173534766,1,0,0,1,1,0,0,1
831_0.8_1.88.png,831,0.8,1.88,0.75<=A<0.85,beta>=1.7,0.75<=A<0.85 | beta>=1.7,midhigh_official_q3,midhigh_cr_q3,content_k5_c4,residual_midlow_q2,38.89229183838743,,warm,39.55473046114468,0.6624386227572501,0.6624386227572501,0,0,0,39.55473046114468,,0.6624386227572501,35.08844376746458,,-3.8038480709228466,36.91740427056636,,-1.9748875678210709,36.80531328568111,,-2.08697855270632,36.70562051095676,0.9926244020462036,-2.186671327430666,35.092810744901826,,-3.7994810934856034,1,0,0,1,1,0,0,1
832_0.91_1.78.png,832,0.91,1.78,0.85<=A<0.95,beta>=1.7,0.85<=A<0.95 | beta>=1.7,strong_official_q4,midhigh_cr_q3,content_k5_c4,residual_midhigh_q3,39.18573067416327,,warm,39.434124943046534,0.248394268883267,0.248394268883267,0,0,0,39.434124943046534,,0.248394268883267,34.08550863502243,,-5.100222039140839,36.644349154123546,,-2.541381520039721,35.82008029213712,,-3.3656503820261463,35.92914936524827,0.9919783473014832,-3.2565813089149955,34.08991009737329,,-5.095820576789976,1,0,0,1,1,0,0,1
833_0.84_0.74.png,833,0.84,0.74,0.75<=A<0.85,beta<0.8,0.75<=A<0.85 | beta<0.8,strong_official_q4,strong_cr_q4,content_k5_c2,residual_midlow_q2,43.77696177840352,,warm,43.93567228435904,0.1587105059555256,0.1587105059555256,0,0,0,43.93567228435904,,0.1587105059555256,38.117536574099304,,-5.659425204304213,38.90313369494259,,-4.873828083460928,39.32392206862882,,-4.4530397097747,39.42915090511603,0.9929223656654358,-4.347810873287486,38.1211942107071,,-5.655767567696415,1,0,0,1,0,0,1,-1
834_1.0_1.28.png,834,1.0,1.28,A>=0.95,1.1<=beta<1.4,A>=0.95 | 1.1<=beta<1.4,midhigh_official_q3,midlow_cr_q2,content_k5_c4,residual_midhigh_q3,37.72445963595175,,warm,37.8831240275923,0.15866439164054924,0.15866439164054924,0,0,0,37.8831240275923,,0.15866439164054924,32.209386185705206,,-5.515073450246547,34.36876778908576,,-3.3556918468659944,33.555554668008504,,-4.168904967943249,33.99187857252365,0.9858105778694153,-3.7325810634281,32.21168617595587,,-5.512773459995884,1,0,0,1,0,0,1,-1
835_0.92_1.87.png,835,0.92,1.87,0.85<=A<0.95,beta>=1.7,0.85<=A<0.95 | beta>=1.7,midhigh_official_q3,midhigh_cr_q3,content_k5_c4,residual_high_q4,38.46101963077347,,warm,38.770032973262815,0.30901334248934376,0.30901334248934376,0,0,0,38.770032973262815,,0.30901334248934376,34.98638770018739,,-3.474631930586078,35.52036296250318,,-2.940656668270293,33.513133723498385,,-4.9478859072750865,35.48692032968533,0.9830237030982971,-2.9740993010881382,34.9885418536264,,-3.47247777714707,1,0,0,1,1,0,0,1
836_0.77_0.51.png,836,0.77,0.51,0.75<=A<0.85,beta<0.8,0.75<=A<0.85 | beta<0.8,strong_official_q4,strong_cr_q4,content_k5_c2,residual_low_q1,45.69609816577389,,warm,46.216699945221094,0.5206017794472046,0.5206017794472046,0,0,1,46.216699945221094,,0.5206017794472046,40.693836731052706,,-5.002261434721184,41.10216745595313,,-4.593930709820761,40.632167826811695,,-5.063930338962194,41.985934323356474,0.9948623776435852,-3.7101638424174155,40.6999246812055,,-4.996173484568388,1,0,0,1,1,0,0,1
837_0.58_1.79.png,837,0.58,1.79,A<0.65,beta>=1.7,A<0.65 | beta>=1.7,midhigh_official_q3,midhigh_cr_q3,content_k5_c4,residual_midhigh_q3,35.939176295633274,,warm,35.79595473274828,-0.143221562884996,0.0,1,0,0,35.79595473274828,,-0.143221562884996,34.90180589005422,,-1.037370405579054,33.36127702600789,,-2.5778992696253837,31.2167968628693,,-4.722379432763972,31.288017149853697,0.9879273772239685,-4.651159145779577,34.891572113033426,,-1.0476041825998479,0,1,0,0,0,1,0,0
838_0.95_1.3.png,838,0.95,1.3,A>=0.95,1.1<=beta<1.4,A>=0.95 | 1.1<=beta<1.4,midhigh_official_q3,midhigh_cr_q3,content_k5_c4,residual_midhigh_q3,34.372567231363654,,warm,34.632640876338805,0.26007364497515084,0.26007364497515084,0,0,0,34.632640876338805,,0.26007364497515084,33.384260987272086,,-0.988306244091568,31.880304279773593,,-2.4922629515900603,32.904238838261456,,-1.4683283931021975,33.72039178749827,0.9875127673149109,-0.6521754438653815,33.3891479624408,,-0.9834192689228516,1,0,0,1,1,0,0,1
839_0.64_0.83.png,839,0.64,0.83,A<0.65,0.8<=beta<1.1,A<0.65 | 0.8<=beta<1.1,strong_official_q4,strong_cr_q4,content_k5_c2,residual_low_q1,42.675080008171875,,warm,42.44581011661723,-0.22926989155464383,0.0,1,1,1,42.44581011661723,,-0.22926989155464383,39.13163396963582,,-3.5434460385360538,39.79385525848323,,-2.8812247496886485,39.2403956535272,,-3.4346843546446735,39.27004683183329,0.9942843914031982,-3.405033176338584,39.120064736507004,,-3.555015271664871,0,1,0,0,0,1,0,0
83_0.9_0.57.png,83,0.9,0.57,0.85<=A<0.95,beta<0.8,0.85<=A<0.95 | beta<0.8,midlow_official_q2,weak_cr_q1,content_k5_c0,residual_low_q1,30.362378826838917,,warm,30.151770791421857,-0.21060803541706008,0.0,1,0,1,30.151770791421857,,-0.21060803541706008,28.597036302411944,,-1.7653425244269734,28.813555816838445,,-1.548823010000472,30.018021307675294,,-0.3443575191636228,29.793486551782458,0.9889060258865356,-0.5688922750564593,28.596217605535873,,-1.7661612213030438,0,1,0,0,0,1,0,0
840_0.73_1.28.png,840,0.73,1.28,0.65<=A<0.75,1.1<=beta<1.4,0.65<=A<0.75 | 1.1<=beta<1.4,strong_official_q4,strong_cr_q4,content_k5_c4,residual_low_q1,39.16801358133769,,warm,39.28719876944344,0.11918518810575307,0.11918518810575307,0,0,1,39.28719876944344,,0.11918518810575307,36.51906670267686,,-2.64894687866083,36.00136742025939,,-3.1666461610782974,36.40762833169446,,-2.760385249643228,36.05456595463587,0.9905582070350647,-3.11344762670182,36.51458599695518,,-2.653427584382513,0,0,1,-1,0,0,1,-1
841_0.56_0.7.png,841,0.56,0.7,A<0.65,beta<0.8,A<0.65 | beta<0.8,strong_official_q4,strong_cr_q4,content_k5_c2,residual_low_q1,41.25615421117559,,lfv1,42.77707382487481,1.5209196136992205,1.5209196136992205,0,0,1,42.2133897170707,,0.9572355058951061,41.170400499638006,,-0.08575371153758482,42.77707382487481,,1.5209196136992205,41.38775123435761,,0.13159702318201738,42.485728972302745,0.9963454008102417,1.2295747611271537,41.1789963313514,,-0.07715787982419187,1,0,0,1,1,0,0,1
842_0.85_1.49.png,842,0.85,1.49,0.85<=A<0.95,1.4<=beta<1.7,0.85<=A<0.95 | 1.4<=beta<1.7,midhigh_official_q3,midhigh_cr_q3,content_k5_c4,residual_midhigh_q3,36.230085881323134,,warm,36.245924133885865,0.015838252562730304,0.015838252562730304,1,0,0,36.245924133885865,,0.015838252562730304,32.73022454936756,,-3.4998613319555716,34.21357749909755,,-2.016508382225581,34.13684631120857,,-2.0932395701145623,35.4772339477021,0.9904705286026001,-0.7528519336210309,32.73269152058356,,-3.4973943607395768,0,1,0,0,0,1,0,0
843_0.54_1.62.png,843,0.54,1.62,A<0.65,1.4<=beta<1.7,A<0.65 | 1.4<=beta<1.7,midhigh_official_q3,strong_cr_q4,content_k5_c4,residual_low_q1,37.66340502463552,,lfv1,38.872908112819346,1.2095030881838227,1.2095030881838227,0,0,1,38.070421135654925,,0.40701611101940216,37.04108667489403,,-0.6223183497414908,38.872908112819346,,1.2095030881838227,36.62084243104405,,-1.0425625935914695,38.66317192622903,0.9933596253395081,0.9997669015935102,37.049726646304094,,-0.6136783783314286,1,0,0,1,1,0,0,1
844_0.65_0.6.png,844,0.65,0.6,0.65<=A<0.75,beta<0.8,0.65<=A<0.75 | beta<0.8,strong_official_q4,strong_cr_q4,content_k5_c2,residual_low_q1,41.45240148531579,,warm,42.44280636757499,0.9904048822591989,0.9904048822591989,0,0,1,42.44280636757499,,0.9904048822591989,39.93499426693933,,-1.5174072183764622,41.12883793490931,,-0.323563550406476,40.78419446010892,,-0.6682070252068684,41.423525332661086,0.9961647987365723,-0.028876152654703446,39.941590037357024,,-1.5108114479587655,1,0,0,1,1,0,0,1
845_0.65_1.14.png,845,0.65,1.14,0.65<=A<0.75,1.1<=beta<1.4,0.65<=A<0.75 | 1.1<=beta<1.4,strong_official_q4,strong_cr_q4,content_k5_c2,residual_low_q1,39.287858493683565,,warm,39.395737947072085,0.10787945338852012,0.10787945338852012,0,0,1,39.395737947072085,,0.10787945338852012,37.430629879039465,,-1.8572286146441002,38.15009366614802,,-1.1377648275355483,36.09243767100224,,-3.195420822681328,37.65671586297085,0.9945718050003052,-1.6311426307127164,37.43281116685248,,-1.8550473268310839,0,0,1,-1,0,0,1,-1
846_0.6_1.35.png,846,0.6,1.35,A<0.65,1.1<=beta<1.4,A<0.65 | 1.1<=beta<1.4,strong_official_q4,strong_cr_q4,content_k5_c4,residual_low_q1,39.37400482766584,,warm,39.76239155450921,0.3883867268433647,0.3883867268433647,0,0,1,39.76239155450921,,0.3883867268433647,37.53102805157199,,-1.842976776093856,37.45743814640461,,-1.91656668126123,36.494942375503705,,-2.879062452162138,36.86371777627648,0.9941668510437012,-2.510287051389362,37.53423277484439,,-1.839772052821452,1,0,0,1,1,0,0,1
847_0.59_0.93.png,847,0.59,0.93,A<0.65,0.8<=beta<1.1,A<0.65 | 0.8<=beta<1.1,strong_official_q4,strong_cr_q4,content_k5_c2,residual_low_q1,41.81979891978294,,warm,42.07839356923507,0.25859464945212807,0.25859464945212807,0,0,1,42.07839356923507,,0.25859464945212807,39.350366270800706,,-2.4694326489822345,39.299346775608576,,-2.5204521441743637,36.88226462591418,,-4.937534293868758,38.85786582650209,0.9956357479095459,-2.961933093280848,39.351072671477226,,-2.468726248305714,1,0,0,1,1,0,0,1
848_0.68_0.53.png,848,0.68,0.53,0.65<=A<0.75,beta<0.8,0.65<=A<0.75 | beta<0.8,strong_official_q4,strong_cr_q4,content_k5_c2,residual_low_q1,42.65325867608544,,warm,42.607339434210935,-0.04591924187450758,0.0,1,1,1,42.607339434210935,,-0.04591924187450758,40.52970166522245,,-2.1235570108629958,41.32530148471119,,-1.327957191374253,37.70244545771757,,-4.95081321836787,40.33039894805789,0.9963164925575256,-2.3228597280275523,40.53047531112779,,-2.1227833649576553,0,1,0,0,0,1,0,0
849_0.69_1.0.png,849,0.69,1.0,0.65<=A<0.75,0.8<=beta<1.1,0.65<=A<0.75 | 0.8<=beta<1.1,strong_official_q4,strong_cr_q4,content_k5_c2,residual_midlow_q2,41.61155112857182,,warm,41.66954784179224,0.05799671322041888,0.05799671322041888,0,0,0,41.66954784179224,,0.05799671322041888,37.14383262916363,,-4.4677184994081856,36.57693041296615,,-5.034620715605669,36.83538229112309,,-4.776168837448729,37.71283745358118,0.9933905005455017,-3.8987136749906384,37.13996178676236,,-4.471589341809455,0,0,1,-1,0,0,1,-1
84_0.62_1.05.png,84,0.62,1.05,A<0.65,0.8<=beta<1.1,A<0.65 | 0.8<=beta<1.1,midlow_official_q2,midlow_cr_q2,content_k5_c0,residual_midlow_q2,31.172347027803834,,lfv1,32.91320257623869,1.7408555484348547,1.7408555484348547,0,0,0,30.999513478899395,,-0.17283354890443903,31.306928314992653,,0.13458128718881923,32.91320257623869,,1.7408555484348547,31.817329977553474,,0.6449829497496395,31.490460747612957,0.989471435546875,0.31811371980912284,31.308005704762806,,0.13565867695897182,1,0,0,1,1,0,0,1
850_0.52_0.65.png,850,0.52,0.65,A<0.65,beta<0.8,A<0.65 | beta<0.8,strong_official_q4,strong_cr_q4,content_k5_c2,residual_low_q1,44.05454375548448,,warm,44.27144608249919,0.2169023270147079,0.2169023270147079,0,0,1,44.27144608249919,,0.2169023270147079,39.79498845309548,,-4.259555302389003,39.74558937584703,,-4.3089543796374485,40.41069279889001,,-3.64385095659447,39.70886464401004,0.9955136775970459,-4.345679111474439,39.785119099587256,,-4.269424655897225,1,0,0,1,1,0,0,1
851_0.77_1.87.png,851,0.77,1.87,0.75<=A<0.85,beta>=1.7,0.75<=A<0.85 | beta>=1.7,midhigh_official_q3,midhigh_cr_q3,content_k5_c2,residual_midhigh_q3,37.14688283982604,,warm,37.583144891276916,0.4362620514508748,0.4362620514508748,0,0,0,37.583144891276916,,0.4362620514508748,33.395834104399256,,-3.751048735426785,32.793684152233354,,-4.353198687592688,32.93467576316512,,-4.212207076660924,33.922451944979656,0.9897725582122803,-3.2244308948463853,33.39290756434412,,-3.7539752754819204,1,0,0,1,1,0,0,1
852_0.78_1.79.png,852,0.78,1.79,0.75<=A<0.85,beta>=1.7,0.75<=A<0.85 | beta>=1.7,midhigh_official_q3,midhigh_cr_q3,content_k5_c2,residual_midhigh_q3,37.41038001521964,,warm,37.73178782460625,0.3214078093866135,0.3214078093866135,0,0,0,37.73178782460625,,0.3214078093866135,33.23868292027646,,-4.171697094943177,32.73023308154435,,-4.680146933675289,32.795377554765366,,-4.615002460454271,33.675470612882606,0.9897717237472534,-3.7349094023370313,33.23593064693518,,-4.174449368284456,1,0,0,1,1,0,0,1
853_1.0_1.75.png,853,1.0,1.75,A>=0.95,beta>=1.7,A>=0.95 | beta>=1.7,weak_official_q1,weak_cr_q1,content_k5_c4,residual_high_q4,29.736990182619092,,warm,29.532483121683608,-0.20450706093548376,0.0,1,0,0,29.532483121683608,,-0.20450706093548376,26.942895600586105,,-2.7940945820329866,25.32287620747765,,-4.4141139751414435,26.24674070655541,,-3.4902494760636813,25.6954419308652,0.9781734347343445,-4.041548251753891,26.941450361864412,,-2.79553982075468,0,1,0,0,0,1,0,0
854_0.72_1.32.png,854,0.72,1.32,0.65<=A<0.75,1.1<=beta<1.4,0.65<=A<0.75 | 1.1<=beta<1.4,midlow_official_q2,midlow_cr_q2,content_k5_c2,residual_midhigh_q3,34.027360649366045,,warm,33.88836069749308,-0.1389999518729681,0.0,1,0,0,33.88836069749308,,-0.1389999518729681,30.612671556860278,,-3.4146890925057676,31.055531574516785,,-2.9718290748492606,30.69532828707441,,-3.332032362291635,31.10103536998437,0.9895421266555786,-2.9263252793816754,30.60985207315822,,-3.417508576207826,0,1,0,0,0,1,0,0
855_0.94_1.42.png,855,0.94,1.42,0.85<=A<0.95,1.4<=beta<1.7,0.85<=A<0.95 | 1.4<=beta<1.7,midlow_official_q2,weak_cr_q1,content_k5_c2,residual_high_q4,30.93604667325735,,warm,30.88178423018098,-0.054262443076371625,0.0,1,0,0,30.88178423018098,,-0.054262443076371625,27.88309623503544,,-3.052950438221913,26.401459331759302,,-4.5345873414980495,27.022133104341858,,-3.9139135689154934,26.767924396431315,0.9833717346191406,-4.168122276826036,27.88114530046763,,-3.054901372789722,0,1,0,0,0,1,0,0
856_0.91_1.07.png,856,0.91,1.07,0.85<=A<0.95,0.8<=beta<1.1,0.85<=A<0.95 | 0.8<=beta<1.1,midlow_official_q2,weak_cr_q1,content_k5_c2,residual_high_q4,32.04790106299538,,warm,32.0336114521386,-0.014289610856778268,0.0,1,0,0,32.0336114521386,,-0.014289610856778268,28.63246419415467,,-3.4154368688407075,27.7987027048467,,-4.2491983581486785,27.956473949835118,,-4.091427113160261,27.913608439624337,0.9869425296783447,-4.134292623371042,28.630422191064998,,-3.4174788719303812,0,1,0,0,0,1,0,0
857_0.8_1.07.png,857,0.8,1.07,0.75<=A<0.85,0.8<=beta<1.1,0.75<=A<0.85 | 0.8<=beta<1.1,midhigh_official_q3,strong_cr_q4,content_k5_c4,residual_midhigh_q3,38.778434923535315,,warm,38.63058678852628,-0.14784813500903482,0.0,1,0,0,38.63058678852628,,-0.14784813500903482,36.1667810465419,,-2.6116538769934152,37.59058154519026,,-1.1878533783450536,38.02988431782926,,-0.7485506057060576,37.798212628503805,0.9902215003967285,-0.9802222950315098,36.155681159365926,,-2.6227537641693885,0,1,0,0,0,1,0,0
858_0.8_1.72.png,858,0.8,1.72,0.75<=A<0.85,beta>=1.7,0.75<=A<0.85 | beta>=1.7,midhigh_official_q3,midhigh_cr_q3,content_k5_c4,residual_high_q4,36.436920760308446,,warm,36.58754136097647,0.1506206006680273,0.1506206006680273,0,0,0,36.58754136097647,,0.1506206006680273,34.0927319578818,,-2.3441888024266433,34.66884958712263,,-1.7680711731858167,35.893014894527234,,-0.5439058657812126,36.13806221003025,0.9848507642745972,-0.2988585502781973,34.08331993207503,,-2.353600828233418,1,0,0,1,0,0,1,-1
859_0.97_1.76.png,859,0.97,1.76,A>=0.95,beta>=1.7,A>=0.95 | beta>=1.7,midlow_official_q2,midlow_cr_q2,content_k5_c4,residual_high_q4,34.25119300053626,,warm,34.160951291900325,-0.09024170863593639,0.0,1,0,0,34.160951291900325,,-0.09024170863593639,30.50415516468757,,-3.7470378358486904,32.459062537730325,,-1.792130462805936,32.77905939874715,,-1.4721336017891105,31.179333537226846,0.9769448041915894,-3.0718594633094156,30.507605752032468,,-3.7435872485037933,0,1,0,0,0,1,0,0
85_0.81_1.32.png,85,0.81,1.32,0.75<=A<0.85,1.1<=beta<1.4,0.75<=A<0.85 | 1.1<=beta<1.4,midlow_official_q2,midhigh_cr_q3,content_k5_c3,residual_midhigh_q3,30.74112476633524,,cold_cr,32.506024093800136,1.7648993274648959,1.7648993274648959,0,0,0,31.16697180318891,,0.4258470368536713,32.506024093800136,,1.7648993274648959,29.67351434565615,,-1.0676104206790882,28.49462801807677,,-2.246496748258469,27.009710418924456,0.9881106019020081,-3.7314143474107837,32.4974790163748,,1.756354250039557,1,0,0,1,1,0,0,1
860_0.84_0.88.png,860,0.84,0.88,0.75<=A<0.85,0.8<=beta<1.1,0.75<=A<0.85 | 0.8<=beta<1.1,midhigh_official_q3,strong_cr_q4,content_k5_c2,residual_midhigh_q3,38.30924037204074,,lfv1,38.22068082667031,-0.08855954537042976,0.0,1,0,0,38.03599875046614,,-0.2732416215745985,36.1585934721636,,-2.150646899877138,38.22068082667031,,-0.08855954537042976,38.15841989288606,,-0.15082047915468166,37.236386257475274,0.9909600615501404,-1.072854114565466,36.14848857568613,,-2.16075179635461,0,1,0,0,0,1,0,0
861_0.58_1.68.png,861,0.58,1.68,A<0.65,1.4<=beta<1.7,A<0.65 | 1.4<=beta<1.7,midhigh_official_q3,midhigh_cr_q3,content_k5_c4,residual_midhigh_q3,38.00731414491835,,warm,38.506193461190435,0.49887931627208815,0.49887931627208815,0,0,0,38.506193461190435,,0.49887931627208815,34.0489610208779,,-3.9583531240404497,34.81673230653619,,-3.1905818383821583,35.29595701115174,,-2.7113571337666045,35.90746887921407,0.9912694692611694,-2.0998452657042748,34.03986820767601,,-3.9674459372423385,1,0,0,1,1,0,0,1
862_0.81_1.83.png,862,0.81,1.83,0.75<=A<0.85,beta>=1.7,0.75<=A<0.85 | beta>=1.7,midlow_official_q2,midlow_cr_q2,content_k5_c4,residual_high_q4,32.934505841151875,,warm,33.2785368476347,0.3440310064828225,0.3440310064828225,0,0,0,33.2785368476347,,0.3440310064828225,31.470264486170624,,-1.464241354981251,32.219547041686525,,-0.7149587994653501,30.881013452307666,,-2.0534923888442087,31.264320323628958,0.9854406714439392,-1.670185517522917,31.471472212149965,,-1.4630336290019095,1,0,0,1,1,0,0,1
863_0.96_0.8.png,863,0.96,0.8,A>=0.95,0.8<=beta<1.1,A>=0.95 | 0.8<=beta<1.1,midhigh_official_q3,midhigh_cr_q3,content_k5_c2,residual_midlow_q2,34.35313030265635,,warm,34.7634681215088,0.41033781885244736,0.41033781885244736,0,0,0,34.7634681215088,,0.41033781885244736,33.23803178473795,,-1.1150985179184048,34.32698199734108,,-0.026148305315274456,33.03229675443369,,-1.3208335482226659,31.829994159622945,0.9901124238967896,-2.5231361430334083,33.24085256681407,,-1.1122777358422837,1,0,0,1,1,0,0,1
864_0.76_1.26.png,864,0.76,1.26,0.75<=A<0.85,1.1<=beta<1.4,0.75<=A<0.85 | 1.1<=beta<1.4,midhigh_official_q3,midhigh_cr_q3,content_k5_c4,residual_midhigh_q3,35.99500167368462,,warm,36.54289640656628,0.5478947328816588,0.5478947328816588,0,0,0,36.54289640656628,,0.5478947328816588,34.55980365570713,,-1.4351980179774912,34.790336946335316,,-1.2046647273493036,33.971064778705596,,-2.0239368949790233,33.96776710462065,0.9910169839859009,-2.027234569063971,34.55889070726889,,-1.4361109664157325,1,0,0,1,1,0,0,1
865_0.73_1.24.png,865,0.73,1.24,0.65<=A<0.75,1.1<=beta<1.4,0.65<=A<0.75 | 1.1<=beta<1.4,strong_official_q4,strong_cr_q4,content_k5_c2,residual_low_q1,42.9548827640168,,warm,42.9938447743936,0.03896201037679958,0.03896201037679958,1,1,1,42.9938447743936,,0.03896201037679958,40.32060680787388,,-2.634275956142922,39.13785246904004,,-3.8170302949767603,39.733559522875424,,-3.221323241141377,40.25331389453173,0.9943689107894897,-2.7015688694850724,40.32086230608536,,-2.6340204579314417,0,1,0,0,0,1,0,0
866_0.62_0.59.png,866,0.62,0.59,A<0.65,beta<0.8,A<0.65 | beta<0.8,strong_official_q4,strong_cr_q4,content_k5_c2,residual_low_q1,45.9990967669956,,warm,46.46490832447289,0.46581155747728786,0.46581155747728786,0,0,1,46.46490832447289,,0.46581155747728786,44.31957733545058,,-1.6795194315450175,42.31233829319926,,-3.6867584737963384,42.55592501967258,,-3.443171747323021,45.1319182884848,0.9972021579742432,-0.8671784785108017,44.34367846032806,,-1.655418306667542,1,0,0,1,1,0,0,1
867_0.6_1.88.png,867,0.6,1.88,A<0.65,beta>=1.7,A<0.65 | beta>=1.7,strong_official_q4,strong_cr_q4,content_k5_c2,residual_low_q1,41.018889654757906,,warm,40.992408143569044,-0.026481511188862328,0.0,1,1,1,40.992408143569044,,-0.026481511188862328,39.24174590294496,,-1.7771437518129432,38.98423897710816,,-2.0346506776497435,38.21884069807271,,-2.8000489566851954,38.93043836354699,0.9920333027839661,-2.088451291210916,39.243681399903785,,-1.775208254854121,0,1,0,0,0,1,0,0
868_0.67_1.22.png,868,0.67,1.22,0.65<=A<0.75,1.1<=beta<1.4,0.65<=A<0.75 | 1.1<=beta<1.4,strong_official_q4,strong_cr_q4,content_k5_c2,residual_low_q1,42.89763265471564,,warm,42.963124156621674,0.06549150190603115,0.06549150190603115,0,0,1,42.963124156621674,,0.06549150190603115,41.00690075235527,,-1.890731902360372,40.186336578219326,,-2.7112960764963177,40.097909421531654,,-2.7997232331839896,40.565273706032414,0.9947952032089233,-2.332358948683229,41.01552999956241,,-1.8821026551532327,0,0,1,-1,0,0,1,-1
869_0.55_0.51.png,869,0.55,0.51,A<0.65,beta<0.8,A<0.65 | beta<0.8,strong_official_q4,strong_cr_q4,content_k5_c2,residual_low_q1,44.101074505487816,,warm,44.325697459215796,0.22462295372798025,0.22462295372798025,0,0,1,44.325697459215796,,0.22462295372798025,41.768213798267595,,-2.3328607072202203,41.9447318720311,,-2.156342633456717,42.240395378752815,,-1.8606791267350005,41.90954920292526,0.9965278506278992,-2.191525302562553,41.76092296998302,,-2.340151535504795,1,0,0,1,1,0,0,1
86_0.65_0.51.png,86,0.65,0.51,0.65<=A<0.75,beta<0.8,0.65<=A<0.75 | beta<0.8,midlow_official_q2,midhigh_cr_q3,content_k5_c0,residual_midhigh_q3,33.36058313513983,,warm,33.190723233289006,-0.16985990185082045,0.0,1,0,0,33.190723233289006,,-0.16985990185082045,33.05989922314708,,-0.30068391199274913,29.9118299043325,,-3.448753230807327,28.788867168510528,,-4.571715966629299,28.634030195761355,0.9902403354644775,-4.726552939378472,33.06279876372949,,-0.2977843714103372,0,1,0,0,0,1,0,0
870_0.92_0.7.png,870,0.92,0.7,0.85<=A<0.95,beta<0.8,0.85<=A<0.95 | beta<0.8,strong_official_q4,strong_cr_q4,content_k5_c2,residual_low_q1,39.904468380160814,,warm,39.92681115411536,0.022342773954548534,0.022342773954548534,1,1,1,39.92681115411536,,0.022342773954548534,36.04999306873086,,-3.854475311429951,38.45091674337277,,-1.453551636788042,36.51270253939533,,-3.391765840765487,38.29132754266246,0.9943568110466003,-1.6131408374983565,36.04892833205942,,-3.855540048101396,0,1,0,0,0,1,0,0
871_0.51_1.24.png,871,0.51,1.24,A<0.65,1.1<=beta<1.4,A<0.65 | 1.1<=beta<1.4,strong_official_q4,strong_cr_q4,content_k5_c2,residual_low_q1,41.19562951898168,,warm,41.148276184026216,-0.04735333495546712,0.0,1,1,1,41.148276184026216,,-0.04735333495546712,37.26498886914402,,-3.930640649837663,37.46135365231057,,-3.734275866671112,38.4769784554709,,-2.7186510635107837,37.20900163918381,0.9945554137229919,-3.9866278797978723,37.24995503474886,,-3.945674484232825,0,1,0,0,0,1,0,0
872_0.58_1.62.png,872,0.58,1.62,A<0.65,1.4<=beta<1.7,A<0.65 | 1.4<=beta<1.7,strong_official_q4,strong_cr_q4,content_k5_c4,residual_low_q1,39.893027628423724,,warm,39.908213387643805,0.015185759220081252,0.015185759220081252,1,1,1,39.908213387643805,,0.015185759220081252,36.07468948117079,,-3.8183381472529305,37.12888019129921,,-2.764147437124514,37.786108476777954,,-2.1069191516457693,37.74905121745742,0.9928327202796936,-2.143976410966303,36.06493809302324,,-3.828089535400487,0,1,0,0,0,1,0,0
873_0.7_1.86.png,873,0.7,1.86,0.65<=A<0.75,beta>=1.7,0.65<=A<0.75 | beta>=1.7,midhigh_official_q3,midlow_cr_q2,content_k5_c4,residual_midhigh_q3,36.26942973683967,,warm,35.75978110405031,-0.5096486327893572,0.0,1,0,0,35.75978110405031,,-0.5096486327893572,32.362451607519624,,-3.906978129320045,33.53446766579397,,-2.7349620710457003,33.4943371155286,,-2.7750926213110674,33.11931414898484,0.9890142679214478,-3.1501155878548275,32.363481302452094,,-3.905948434387575,0,1,0,0,0,1,0,0
874_0.77_1.02.png,874,0.77,1.02,0.75<=A<0.85,0.8<=beta<1.1,0.75<=A<0.85 | 0.8<=beta<1.1,midhigh_official_q3,midhigh_cr_q3,content_k5_c2,residual_midhigh_q3,38.00838433791359,,warm,37.241396669120505,-0.7669876687930852,0.0,1,0,0,37.241396669120505,,-0.7669876687930852,33.09133088110059,,-4.917053456813001,33.56073161927277,,-4.447652718640818,33.62564194733957,,-4.382742390574023,33.14578229931954,0.9927281141281128,-4.862602038594048,33.09258380231279,,-4.915800535600802,0,1,0,0,0,1,0,0
875_0.61_1.58.png,875,0.61,1.58,A<0.65,1.4<=beta<1.7,A<0.65 | 1.4<=beta<1.7,midhigh_official_q3,midhigh_cr_q3,content_k5_c4,residual_midlow_q2,37.7238627638578,,warm,37.54350074017941,-0.18036202367839138,0.0,1,0,0,37.54350074017941,,-0.18036202367839138,35.47794245410722,,-2.2459203097505807,36.40847737719246,,-1.3153853866653407,35.79321999530328,,-1.9306427685545202,36.09495297474848,0.9926045536994934,-1.628909789109322,35.48087050716625,,-2.242992256691551,0,1,0,0,0,1,0,0
876_0.63_0.98.png,876,0.63,0.98,A<0.65,0.8<=beta<1.1,A<0.65 | 0.8<=beta<1.1,strong_official_q4,strong_cr_q4,content_k5_c2,residual_low_q1,39.621523927776224,,warm,39.600251761250206,-0.0212721665260176,0.0,1,1,1,39.600251761250206,,-0.0212721665260176,36.62549519422703,,-2.9960287335491955,37.24902477693481,,-2.3724991508414135,36.013287014322174,,-3.60823691345405,37.18903143307996,0.9948685765266418,-2.4324924946962625,36.63029431934164,,-2.991229608434587,0,1,0,0,0,1,0,0
877_0.67_1.49.png,877,0.67,1.49,0.65<=A<0.75,1.4<=beta<1.7,0.65<=A<0.75 | 1.4<=beta<1.7,midhigh_official_q3,strong_cr_q4,content_k5_c4,residual_midlow_q2,38.506035751422935,,warm,38.056058162339546,-0.4499775890833888,0.0,1,0,0,38.056058162339546,,-0.4499775890833888,37.01267965592082,,-1.493356095502115,36.089763545381984,,-2.4162722060409507,35.88576375031082,,-2.620272001112113,34.65047515075546,0.9933598041534424,-3.8555606006674736,37.01432866193099,,-1.4917070894919462,0,1,0,0,0,1,0,0
878_0.77_1.29.png,878,0.77,1.29,0.75<=A<0.85,1.1<=beta<1.4,0.75<=A<0.85 | 1.1<=beta<1.4,midhigh_official_q3,strong_cr_q4,content_k5_c4,residual_midlow_q2,37.85228688874976,,warm,37.5367115220295,-0.3155753667202603,0.0,1,0,0,37.5367115220295,,-0.3155753667202603,36.30249867719322,,-1.549788211556539,35.724969811085344,,-2.127317077664415,34.69160823616279,,-3.1606786525869666,33.99641324377737,0.9936016201972961,-3.855873644972391,36.303130197506434,,-1.5491566912433257,0,1,0,0,0,1,0,0
879_0.87_1.64.png,879,0.87,1.64,0.85<=A<0.95,1.4<=beta<1.7,0.85<=A<0.95 | 1.4<=beta<1.7,midhigh_official_q3,midhigh_cr_q3,content_k5_c4,residual_high_q4,35.230126411360814,,warm,34.83116168085421,-0.39896473050660575,0.0,1,0,0,34.83116168085421,,-0.39896473050660575,32.82630129563426,,-2.403825115726555,32.77493159278749,,-2.455194818573325,31.666305882074948,,-3.5638205292858665,31.963590047410634,0.9905006289482117,-3.2665363639501805,32.82628384962025,,-2.4038425617405608,0,1,0,0,0,1,0,0
87_0.87_0.93.png,87,0.87,0.93,0.85<=A<0.95,0.8<=beta<1.1,0.85<=A<0.95 | 0.8<=beta<1.1,midlow_official_q2,midhigh_cr_q3,content_k5_c0,residual_midhigh_q3,33.627375652693864,,warm,33.95580711181752,0.32843145912365657,0.32843145912365657,0,0,0,33.95580711181752,,0.32843145912365657,33.25554034383056,,-0.37183530886330374,31.10789299911486,,-2.5194826535790042,30.561296290307567,,-3.066079362386297,28.53774918269519,0.9889075756072998,-5.089626469998674,33.25625483704664,,-0.3711208156472239,1,0,0,1,1,0,0,1
880_0.7_0.67.png,880,0.7,0.67,0.65<=A<0.75,beta<0.8,0.65<=A<0.75 | beta<0.8,strong_official_q4,strong_cr_q4,content_k5_c2,residual_low_q1,41.25671885455222,,warm,41.18096338921027,-0.07575546534194899,0.0,1,1,1,41.18096338921027,,-0.07575546534194899,40.367694198500566,,-0.889024656051653,39.66105409444391,,-1.5956647601083063,39.04960102454561,,-2.2071178300066094,38.66917047103455,0.9967361092567444,-2.587548383517671,40.36650443538544,,-0.8902144191667816,0,1,0,0,0,1,0,0
881_0.71_1.55.png,881,0.71,1.55,0.65<=A<0.75,1.4<=beta<1.7,0.65<=A<0.75 | 1.4<=beta<1.7,midhigh_official_q3,midhigh_cr_q3,content_k5_c4,residual_midlow_q2,35.77981984091195,,warm,35.646293515631,-0.13352632528094688,0.0,1,0,0,35.646293515631,,-0.13352632528094688,34.96838090005109,,-0.8114389408608602,34.25250515202062,,-1.5273146888913303,34.11248142298732,,-1.6673384179246256,33.69862616433731,0.98526531457901,-2.0811936765746353,34.96597140044245,,-0.8138484404694992,0,1,0,0,0,1,0,0
882_0.99_1.67.png,882,0.99,1.67,A>=0.95,1.4<=beta<1.7,A>=0.95 | 1.4<=beta<1.7,midlow_official_q2,weak_cr_q1,content_k5_c4,residual_high_q4,30.76323624860347,,warm,30.689560386413653,-0.07367586218981614,0.0,1,0,0,30.689560386413653,,-0.07367586218981614,28.589033822266924,,-2.174202426336546,28.863898383416387,,-1.899337865187082,27.940496588763857,,-2.8227396598396126,28.500087019028285,0.9740526676177979,-2.263149229575184,28.590118288303785,,-2.1731179602996846,0,1,0,0,0,1,0,0
883_0.79_0.54.png,883,0.79,0.54,0.75<=A<0.85,beta<0.8,0.75<=A<0.85 | beta<0.8,strong_official_q4,strong_cr_q4,content_k5_c2,residual_low_q1,43.428990120525256,,warm,43.00602839182187,-0.42296172870338467,0.0,1,1,1,43.00602839182187,,-0.42296172870338467,40.12347950910382,,-3.3055106114214396,39.671403024394955,,-3.757587096130301,39.527110850565336,,-3.9018792699599203,39.90024790869463,0.9926857352256775,-3.5287422118306253,40.12809909332934,,-3.3008910271959166,0,1,0,0,0,1,0,0
884_0.73_1.32.png,884,0.73,1.32,0.65<=A<0.75,1.1<=beta<1.4,0.65<=A<0.75 | 1.1<=beta<1.4,midhigh_official_q3,midhigh_cr_q3,content_k5_c4,residual_midlow_q2,36.99094470327677,,warm,36.81388134346845,-0.1770633598083151,0.0,1,0,0,36.81388134346845,,-0.1770633598083151,35.53394298961158,,-1.4570017136651856,34.94931684457778,,-2.0416278586989876,35.04983298202025,,-1.9411117212565188,34.56156147740668,0.9870309829711914,-2.4293832258700903,35.53274221837425,,-1.4582024849025146,0,1,0,0,0,1,0,0
885_0.82_0.54.png,885,0.82,0.54,0.75<=A<0.85,beta<0.8,0.75<=A<0.85 | beta<0.8,strong_official_q4,strong_cr_q4,content_k5_c2,residual_midlow_q2,39.75954262469551,,warm,40.02021742147435,0.26067479677883654,0.26067479677883654,0,0,0,40.02021742147435,,0.26067479677883654,37.495085278326826,,-2.264457346368687,37.36891878712878,,-2.3906238375667357,36.184438114123594,,-3.5751045105719186,37.09317425492379,0.9945425391197205,-2.6663683697717246,37.496072965706,,-2.2634696589895142,1,0,0,1,1,0,0,1
886_0.51_0.87.png,886,0.51,0.87,A<0.65,0.8<=beta<1.1,A<0.65 | 0.8<=beta<1.1,strong_official_q4,strong_cr_q4,content_k5_c2,residual_high_q4,42.59881665477356,,warm,42.710060561723026,0.1112439069494684,0.1112439069494684,0,0,0,42.710060561723026,,0.1112439069494684,39.93694995900028,,-2.661866695773277,38.99949880857194,,-3.5993178462016147,33.025609536062724,,-9.573207118710833,39.12522698278602,0.9952841997146606,-3.47358967198754,39.9333997889519,,-2.665416865821655,0,0,1,-1,0,0,1,-1
887_0.61_1.36.png,887,0.61,1.36,A<0.65,1.1<=beta<1.4,A<0.65 | 1.1<=beta<1.4,strong_official_q4,strong_cr_q4,content_k5_c4,residual_high_q4,39.499943735083164,,warm,39.98797436430079,0.48803062921762574,0.48803062921762574,0,0,0,39.98797436430079,,0.48803062921762574,36.583479250640714,,-2.91646448444245,36.653188235397245,,-2.8467554996859192,32.876185814432034,,-6.62375792065113,38.05181771563189,0.992447555065155,-1.4481260194512728,36.58964055569924,,-2.9103031793839236,1,0,0,1,1,0,0,1
888_0.85_1.91.png,888,0.85,1.91,0.85<=A<0.95,beta>=1.7,0.85<=A<0.95 | beta>=1.7,midhigh_official_q3,midlow_cr_q2,content_k5_c4,residual_high_q4,36.13264361095604,,warm,36.05215031681456,-0.08049329414147621,0.0,1,0,0,36.05215031681456,,-0.08049329414147621,30.90706144104647,,-5.225582169909568,31.394998235163474,,-4.737645375792564,31.82070832757085,,-4.311935283385189,31.19246802083605,0.9821208715438843,-4.940175590119988,30.90785149973656,,-5.224792111219479,0,1,0,0,0,1,0,0
889_0.63_1.04.png,889,0.63,1.04,A<0.65,0.8<=beta<1.1,A<0.65 | 0.8<=beta<1.1,strong_official_q4,midhigh_cr_q3,content_k5_c2,residual_midlow_q2,40.87668675391285,,warm,39.98396697946277,-0.8927197744500788,0.0,1,1,0,39.98396697946277,,-0.8927197744500788,35.139615806943524,,-5.737070946969325,38.406518865760944,,-2.470167888151906,37.89381288472246,,-2.982873869190392,36.356303615742135,0.9958131313323975,-4.520383138170715,35.128773390812846,,-5.747913363100004,0,1,0,0,0,1,0,0
88_0.63_0.94.png,88,0.63,0.94,A<0.65,0.8<=beta<1.1,A<0.65 | 0.8<=beta<1.1,midlow_official_q2,midhigh_cr_q3,content_k5_c0,residual_high_q4,31.261762459191043,,cold_cr,32.82866781838602,1.5669053591949798,1.5669053591949798,0,0,0,31.22401815699883,,-0.03774430219221259,32.82866781838602,,1.5669053591949798,28.75277876886038,,-2.5089836903306626,26.63475268694881,,-4.627009772242232,26.99373375266518,0.9897179007530212,-4.268028706525865,32.82807582438683,,1.5663133651957857,1,0,0,1,1,0,0,1
890_0.8_0.6.png,890,0.8,0.6,0.75<=A<0.85,beta<0.8,0.75<=A<0.85 | beta<0.8,strong_official_q4,strong_cr_q4,content_k5_c2,residual_low_q1,39.35402387142779,,warm,39.25440675166418,-0.09961711976361443,0.0,1,1,1,39.25440675166418,,-0.09961711976361443,37.331293425407196,,-2.0227304460205957,38.486610521004664,,-0.8674133504231278,37.57544141098511,,-1.778582460442685,35.76321049129324,0.9960879683494568,-3.5908133801345485,37.32546813157132,,-2.028555739856472,0,1,0,0,0,1,0,0
891_0.81_0.99.png,891,0.81,0.99,0.75<=A<0.85,0.8<=beta<1.1,0.75<=A<0.85 | 0.8<=beta<1.1,midhigh_official_q3,midhigh_cr_q3,content_k5_c2,residual_midlow_q2,37.377945285041,,warm,37.424107249108005,0.04616196406700368,0.04616196406700368,1,0,0,37.424107249108005,,0.04616196406700368,34.90214665002701,,-2.4757986350139944,36.25314029629422,,-1.1248049887467815,35.194608858356446,,-2.183336426684555,34.3058217531574,0.9947105646133423,-3.072123531883598,34.8956389276217,,-2.4823063574193043,0,1,0,0,0,1,0,0
892_0.86_1.73.png,892,0.86,1.73,0.85<=A<0.95,beta>=1.7,0.85<=A<0.95 | beta>=1.7,midlow_official_q2,midlow_cr_q2,content_k5_c4,residual_midhigh_q3,34.10567248752499,,warm,34.25505320382935,0.149380716304357,0.149380716304357,0,0,0,34.25505320382935,,0.149380716304357,31.75828413618263,,-2.34738835134236,33.26783015425127,,-0.8378423332737199,32.026059997450574,,-2.0796124900744175,31.81952016768124,0.9907724857330322,-2.286152319843751,31.754811981168906,,-2.350860506356085,0,0,1,-1,0,0,1,-1
893_1.0_1.91.png,893,1.0,1.91,A>=0.95,beta>=1.7,A>=0.95 | beta>=1.7,midhigh_official_q3,midlow_cr_q2,content_k5_c4,residual_high_q4,35.47725982310645,,warm,35.777666510256765,0.30040668715031416,0.30040668715031416,0,0,0,35.777666510256765,,0.30040668715031416,32.046105252686964,,-3.431154570419487,32.10079973122105,,-3.3764600918853986,32.30250956137914,,-3.1747502617273113,32.137391131229755,0.98919677734375,-3.3398686918766956,32.04716345157927,,-3.4300963715271777,1,0,0,1,1,0,0,1
894_0.8_0.61.png,894,0.8,0.61,0.75<=A<0.85,beta<0.8,0.75<=A<0.85 | beta<0.8,strong_official_q4,strong_cr_q4,content_k5_c2,residual_low_q1,42.00391646581739,,cbrfrc,41.98688039586158,-0.01703606995580742,0.0,1,1,1,41.778304696721555,,-0.2256117690958348,41.98670364687358,,-0.017212818943811214,41.78614536591364,,-0.2177710999037501,41.53519749330617,,-0.4687189725112191,40.753986390545414,0.997238278388977,-1.2499300752719762,41.98688039586158,,-0.01703606995580742,0,1,0,0,0,1,0,0
895_0.51_1.82.png,895,0.51,1.82,A<0.65,beta>=1.7,A<0.65 | beta>=1.7,midhigh_official_q3,midlow_cr_q2,content_k5_c1,residual_midhigh_q3,36.90563722406788,,warm,36.72341262045467,-0.18222460361321424,0.0,1,0,0,36.72341262045467,,-0.18222460361321424,31.914492417852685,,-4.991144806215196,36.24293352876602,,-0.6627036953018646,34.794153340993724,,-2.1114838830741576,30.85544951129433,0.9927789568901062,-6.05018771277355,31.908040131971262,,-4.997597092096619,0,1,0,0,0,1,0,0
896_0.98_0.62.png,896,0.98,0.62,A>=0.95,beta<0.8,A>=0.95 | beta<0.8,strong_official_q4,strong_cr_q4,content_k5_c2,residual_midhigh_q3,41.0160638081659,,warm,40.894389847251844,-0.12167396091405891,0.0,1,1,0,40.894389847251844,,-0.12167396091405891,37.83207713103002,,-3.1839866771358842,38.31288744533537,,-2.7031763628305328,37.04512349969031,,-3.9709403084755905,37.46289638937063,0.9964562654495239,-3.553167418795276,37.835057421353426,,-3.181006386812477,0,1,0,0,0,1,0,0
897_0.57_1.69.png,897,0.57,1.69,A<0.65,1.4<=beta<1.7,A<0.65 | 1.4<=beta<1.7,strong_official_q4,strong_cr_q4,content_k5_c4,residual_midlow_q2,39.35184206055408,,cbrfrc,39.62867122806006,0.27682916750597997,0.27682916750597997,0,0,0,39.15857921802193,,-0.19326284253214965,39.62423618645272,,0.27239412589864287,39.02109379257442,,-0.33074826797965784,38.67079844274207,,-0.6810436178120085,39.08252114173655,0.9911879301071167,-0.2693209188175274,39.62867122806006,,0.27682916750597997,1,0,0,1,1,0,0,1
898_0.57_1.86.png,898,0.57,1.86,A<0.65,beta>=1.7,A<0.65 | beta>=1.7,midhigh_official_q3,strong_cr_q4,content_k5_c4,residual_midlow_q2,38.06674484883381,,cbrfrc,38.91743142810529,0.850686579271482,0.850686579271482,0,0,0,37.69077761009312,,-0.37596723874068516,38.914113914362474,,0.8473690655286674,38.38863457409228,,0.3218897252584725,38.084293031081486,,0.017548182247679733,37.96269503609104,0.9900833964347839,-0.10404981274276537,38.91743142810529,,0.850686579271482,1,0,0,1,1,0,0,1
899_0.98_1.65.png,899,0.98,1.65,A>=0.95,1.4<=beta<1.7,A>=0.95 | 1.4<=beta<1.7,midlow_official_q2,midlow_cr_q2,content_k5_c4,residual_high_q4,32.547734805049615,,warm,32.60028536283138,0.052550557781763985,0.052550557781763985,0,0,0,32.60028536283138,,0.052550557781763985,30.63891704219708,,-1.9088177628525358,30.093113069153393,,-2.4546217358962217,30.949306876983833,,-1.5984279280657816,30.909397140507092,0.9827508330345154,-1.6383376645425223,30.63965598421127,,-1.9080788208383446,0,0,1,-1,0,0,1,-1
89_0.63_1.05.png,89,0.63,1.05,A<0.65,0.8<=beta<1.1,A<0.65 | 0.8<=beta<1.1,weak_official_q1,weak_cr_q1,content_k5_c0,residual_midlow_q2,25.230996373383867,,lfv1,26.52612555515073,1.295129181766864,1.295129181766864,0,0,0,25.31928794904326,,0.08829157565939383,23.797383943163712,,-1.4336124302201547,26.52612555515073,,1.295129181766864,25.583134063096242,,0.35213768971237513,24.368551983169773,0.9656040668487549,-0.8624443902140939,23.800093554402043,,-1.4309028189818243,1,0,0,1,1,0,0,1
8_0.74_1.34.png,8,0.74,1.34,0.65<=A<0.75,1.1<=beta<1.4,0.65<=A<0.75 | 1.1<=beta<1.4,midlow_official_q2,midlow_cr_q2,content_k5_c1,residual_midlow_q2,31.339750546913873,,crplus,31.559147595031686,0.2193970481178127,0.2193970481178127,0,0,0,31.162738655098043,,-0.17701189181583032,29.037614879533898,,-2.302135667379975,30.10577361595584,,-1.2339769309580326,29.556775189544872,,-1.7829753573690006,31.559147595031686,0.9886330962181091,0.2193970481178127,29.036427305951122,,-2.303323240962751,1,0,0,1,1,0,0,1
900_0.95_1.75.png,900,0.95,1.75,A>=0.95,beta>=1.7,A>=0.95 | beta>=1.7,midlow_official_q2,midlow_cr_q2,content_k5_c4,residual_high_q4,32.8414928125951,,warm,32.864594571092304,0.023101758497205083,0.023101758497205083,1,0,0,32.864594571092304,,0.023101758497205083,31.690285187379533,,-1.1512076252155659,30.61998297530028,,-2.2215098372948177,31.202226153011765,,-1.6392666595833347,31.713501489016302,0.9836325645446777,-1.1279913235787973,31.690902292766523,,-1.150590519828576,0,1,0,0,0,1,0,0
901_0.64_0.74.png,901,0.64,0.74,A<0.65,beta<0.8,A<0.65 | beta<0.8,strong_official_q4,strong_cr_q4,content_k5_c2,residual_midlow_q2,42.39342464370475,,warm,41.646150236040896,-0.747274407663852,0.0,1,1,0,41.646150236040896,,-0.747274407663852,37.01520425580766,,-5.378220387897088,35.74402552785896,,-6.649399115845789,38.710035654486745,,-3.6833889892180025,37.13231598936441,0.996835470199585,-5.26110865434034,36.99907560183035,,-5.394349041874399,0,1,0,0,0,1,0,0
902_0.83_0.82.png,902,0.83,0.82,0.75<=A<0.85,0.8<=beta<1.1,0.75<=A<0.85 | 0.8<=beta<1.1,midhigh_official_q3,midhigh_cr_q3,content_k5_c2,residual_low_q1,37.00466183407136,,warm,36.66115375088328,-0.3435080831880768,0.0,1,0,1,36.66115375088328,,-0.3435080831880768,34.13950179772509,,-2.8651600363462677,33.18403797676828,,-3.820623857303076,35.06845751398808,,-1.9362043200832773,34.06248948063332,0.9958295822143555,-2.942172353438039,34.12919015570425,,-2.8754716783671057,0,1,0,0,0,1,0,0
903_0.56_1.15.png,903,0.56,1.15,A<0.65,1.1<=beta<1.4,A<0.65 | 1.1<=beta<1.4,strong_official_q4,strong_cr_q4,content_k5_c2,residual_midlow_q2,41.12115058025891,,warm,40.54221005592365,-0.5789405243352661,0.0,1,1,0,40.54221005592365,,-0.5789405243352661,36.31450815514042,,-4.80664242511849,35.19959156825244,,-5.921559012006476,36.130615841163234,,-4.990534739095679,36.26577476878987,0.9962481260299683,-4.855375811469045,36.30120786669979,,-4.819942713559122,0,1,0,0,0,1,0,0
904_0.82_1.3.png,904,0.82,1.3,0.75<=A<0.85,1.1<=beta<1.4,0.75<=A<0.85 | 1.1<=beta<1.4,midhigh_official_q3,midhigh_cr_q3,content_k5_c2,residual_low_q1,34.543317119205554,,warm,34.32619062489801,-0.21712649430754283,0.0,1,0,1,34.32619062489801,,-0.21712649430754283,32.41869292189766,,-2.124624197307895,31.709282853761877,,-2.8340342654436768,33.0749530643299,,-1.4683640548756571,32.307191190209366,0.9946630597114563,-2.236125928996188,32.41050802980326,,-2.1328090894022935,0,1,0,0,0,1,0,0
905_0.76_0.64.png,905,0.76,0.64,0.75<=A<0.85,beta<0.8,0.75<=A<0.85 | beta<0.8,strong_official_q4,strong_cr_q4,content_k5_c2,residual_low_q1,43.09541225344533,,warm,43.628731621012975,0.5333193675676426,0.5333193675676426,0,0,1,43.628731621012975,,0.5333193675676426,37.68905452137249,,-5.406357732072841,37.97275312858896,,-5.122659124856369,37.05364580624589,,-6.041766447199443,39.42187311229573,0.9931121468544006,-3.673539141149604,37.679856610981545,,-5.4155556424637865,1,0,0,1,1,0,0,1
906_0.95_1.42.png,906,0.95,1.42,A>=0.95,1.4<=beta<1.7,A>=0.95 | 1.4<=beta<1.7,midhigh_official_q3,midlow_cr_q2,content_k5_c4,residual_high_q4,37.34557401646329,,warm,37.918076531526644,0.5725025150633556,0.5725025150633556,0,0,0,37.918076531526644,,0.5725025150633556,30.191424493092107,,-7.154149523371181,33.36005237798278,,-3.985521638480506,33.09185271595564,,-4.2537213005076495,32.366521720655086,0.9829769134521484,-4.979052295808202,30.188322493079024,,-7.157251523384264,1,0,0,1,1,0,0,1
907_0.51_1.15.png,907,0.51,1.15,A<0.65,1.1<=beta<1.4,A<0.65 | 1.1<=beta<1.4,strong_official_q4,midhigh_cr_q3,content_k5_c2,residual_midlow_q2,40.69979511674573,,warm,41.072879678383956,0.37308456163822257,0.37308456163822257,0,0,0,41.072879678383956,,0.37308456163822257,33.645684818545625,,-7.054110298200108,34.86927574790818,,-5.83051936883755,35.795398334758694,,-4.904396781987039,36.08522787579902,0.9909287691116333,-4.6145672409467124,33.637495400691975,,-7.062299716053758,1,0,0,1,1,0,0,1
908_0.68_1.49.png,908,0.68,1.49,0.65<=A<0.75,1.4<=beta<1.7,0.65<=A<0.75 | 1.4<=beta<1.7,midhigh_official_q3,midlow_cr_q2,content_k5_c4,residual_midhigh_q3,37.91297225790858,,warm,38.248485662922775,0.335513405014197,0.335513405014197,0,0,0,38.248485662922775,,0.335513405014197,32.28329746511002,,-5.629674792798561,33.725095854070595,,-4.187876403837983,34.03085994205679,,-3.882112315851785,33.53193507302419,0.9865006804466248,-4.381037184884391,32.276734918199736,,-5.636237339708842,1,0,0,1,1,0,0,1
909_0.51_1.37.png,909,0.51,1.37,A<0.65,1.1<=beta<1.4,A<0.65 | 1.1<=beta<1.4,strong_official_q4,strong_cr_q4,content_k5_c2,residual_low_q1,42.55773973246049,,warm,42.8861297223311,0.3283899898706082,0.3283899898706082,0,0,1,42.8861297223311,,0.3283899898706082,38.86530745585832,,-3.692432276602169,38.41220453306195,,-4.145535199398537,37.493874230028126,,-5.063865502432364,39.44631045932503,0.9954025745391846,-3.1114292731354567,38.860832877851024,,-3.696906854609466,1,0,0,1,1,0,0,1
90_0.89_0.67.png,90,0.89,0.67,0.85<=A<0.95,beta<0.8,0.85<=A<0.95 | beta<0.8,weak_official_q1,weak_cr_q1,content_k5_c0,residual_midhigh_q3,26.339586702029347,,lfv1,30.074407064950478,3.7348203629211305,3.7348203629211305,0,0,0,26.430617858474218,,0.09103115644487048,25.27297751078685,,-1.0666091912424989,30.074407064950478,,3.7348203629211305,28.79804260378487,,2.4584559017555243,25.97130155965438,0.9758322238922119,-0.3682851423749689,25.276684797557856,,-1.0629019044714916,1,0,0,1,1,0,0,1
910_0.92_1.51.png,910,0.92,1.51,0.85<=A<0.95,1.4<=beta<1.7,0.85<=A<0.95 | 1.4<=beta<1.7,midhigh_official_q3,midhigh_cr_q3,content_k5_c4,residual_midhigh_q3,34.88029802519528,,warm,34.671711900850006,-0.20858612434527402,0.0,1,0,0,34.671711900850006,,-0.20858612434527402,33.92475137943897,,-0.9555466457563071,33.046215483313446,,-1.834082541881834,32.45073105531024,,-2.4295669698850375,31.84969790221139,0.9893525838851929,-3.0306001229838913,33.92937452048389,,-0.9509235047113904,0,1,0,0,0,1,0,0
911_0.54_0.67.png,911,0.54,0.67,A<0.65,beta<0.8,A<0.65 | beta<0.8,strong_official_q4,strong_cr_q4,content_k5_c2,residual_low_q1,44.69034817694647,,warm,45.549407755324424,0.859059578377952,0.859059578377952,0,0,1,45.549407755324424,,0.859059578377952,42.27903230527743,,-2.4113158716690393,41.78455617840767,,-2.9057919985388025,41.7927299561261,,-2.8976182208203696,42.96819680282592,0.9972004294395447,-1.7221513741205499,42.294278243593205,,-2.3960699333532673,1,0,0,1,1,0,0,1
912_0.87_1.22.png,912,0.87,1.22,0.85<=A<0.95,1.1<=beta<1.4,0.85<=A<0.95 | 1.1<=beta<1.4,midhigh_official_q3,midhigh_cr_q3,content_k5_c2,residual_midlow_q2,37.87422010633455,,warm,37.8712635396237,-0.002956566710849984,0.0,1,0,0,37.8712635396237,,-0.002956566710849984,35.29631046106863,,-2.577909645265919,35.39708337274826,,-2.477136733586285,34.56453723469241,,-3.3096828716421385,34.31063312402658,0.992549479007721,-3.5635869823079673,35.30183974759022,,-2.5723803587443257,0,1,0,0,0,1,0,0
913_0.51_1.08.png,913,0.51,1.08,A<0.65,0.8<=beta<1.1,A<0.65 | 0.8<=beta<1.1,strong_official_q4,strong_cr_q4,content_k5_c2,residual_low_q1,42.96583879758499,,warm,43.097550228300136,0.1317114307151428,0.1317114307151428,0,0,1,43.097550228300136,,0.1317114307151428,38.31241607491246,,-4.653422722672531,39.16328654055825,,-3.80255225702674,39.58836264049811,,-3.377476157086882,39.44784871674347,0.9945424199104309,-3.517990080841521,38.308896555426756,,-4.656942242158237,0,0,1,-1,0,0,1,-1
914_0.82_1.11.png,914,0.82,1.11,0.75<=A<0.85,1.1<=beta<1.4,0.75<=A<0.85 | 1.1<=beta<1.4,strong_official_q4,strong_cr_q4,content_k5_c2,residual_midlow_q2,39.80114179596874,,warm,39.46550935609321,-0.33563243987553193,0.0,1,1,0,39.46550935609321,,-0.33563243987553193,37.54934829914346,,-2.251793496825279,37.15056638451711,,-2.6505754114516265,36.86865674438592,,-2.932485051582816,36.59436615873592,0.9917688965797424,-3.2067756372328162,37.547717777575215,,-2.253424018393524,0,1,0,0,0,1,0,0
915_0.8_0.83.png,915,0.8,0.83,0.75<=A<0.85,0.8<=beta<1.1,0.75<=A<0.85 | 0.8<=beta<1.1,strong_official_q4,strong_cr_q4,content_k5_c2,residual_low_q1,40.96885930346642,,warm,40.910022174948665,-0.05883712851775158,0.0,1,1,1,40.910022174948665,,-0.05883712851775158,39.24038902138676,,-1.7284702820796554,38.70832062358089,,-2.260538679885528,38.672280385626344,,-2.2965789178400726,38.18603622223283,0.9938375949859619,-2.7828230812335875,39.23856105905835,,-1.7302982444080683,0,1,0,0,0,1,0,0
916_0.53_0.72.png,916,0.53,0.72,A<0.65,beta<0.8,A<0.65 | beta<0.8,strong_official_q4,strong_cr_q4,content_k5_c2,residual_low_q1,44.722394309846976,,warm,44.916629801426794,0.19423549157981768,0.19423549157981768,0,0,1,44.916629801426794,,0.19423549157981768,41.640598588443694,,-3.0817957214032816,41.59018579498849,,-3.1322085148584833,41.77317004419356,,-2.949224265653413,41.47271389529187,0.9958886504173279,-3.249680414555108,41.64335599463894,,-3.079038315208038,1,0,0,1,0,0,1,-1
917_0.81_0.57.png,917,0.81,0.57,0.75<=A<0.85,beta<0.8,0.75<=A<0.85 | beta<0.8,strong_official_q4,strong_cr_q4,content_k5_c2,residual_low_q1,45.37450423861037,,warm,46.181622016791124,0.8071177781807535,0.8071177781807535,0,0,1,46.181622016791124,,0.8071177781807535,43.16370870627387,,-2.2107955323364976,42.68565598970706,,-2.6888482489033123,42.89469291018469,,-2.479811328425683,42.80384936352981,0.9944649338722229,-2.570654875080564,43.16041286520335,,-2.2140913734070224,1,0,0,1,1,0,0,1
918_0.58_1.11.png,918,0.58,1.11,A<0.65,1.1<=beta<1.4,A<0.65 | 1.1<=beta<1.4,strong_official_q4,strong_cr_q4,content_k5_c4,residual_low_q1,43.30064815046488,,warm,44.11961450710638,0.8189663566414964,0.8189663566414964,0,0,1,44.11961450710638,,0.8189663566414964,39.14771576381726,,-4.15293238664762,39.416979941581346,,-3.8836682088835346,40.41429368413786,,-2.8863544663270204,39.567271625582194,0.9930314421653748,-3.7333765248826865,39.14087379493307,,-4.159774355531809,1,0,0,1,1,0,0,1
919_0.82_1.44.png,919,0.82,1.44,0.75<=A<0.85,1.4<=beta<1.7,0.75<=A<0.85 | 1.4<=beta<1.7,strong_official_q4,strong_cr_q4,content_k5_c4,residual_low_q1,40.77705492607902,,warm,41.35212704513532,0.5750721190563013,0.5750721190563013,0,0,1,41.35212704513532,,0.5750721190563013,38.896523472752456,,-1.8805314533265616,38.652774076890395,,-2.1242808491886223,40.12947987204012,,-0.6475750540388958,39.317086197590605,0.9890272617340088,-1.4599687284884126,38.89418446698059,,-1.8828704590984273,1,0,0,1,1,0,0,1
91_0.78_1.41.png,91,0.78,1.41,0.75<=A<0.85,1.4<=beta<1.7,0.75<=A<0.85 | 1.4<=beta<1.7,weak_official_q1,weak_cr_q1,content_k5_c3,residual_midlow_q2,26.394401307825998,,lfv1,26.99145305513199,0.5970517473059935,0.5970517473059935,0,0,0,26.30868565075744,,-0.08571565706855822,25.31578896519017,,-1.0786123426358287,26.99145305513199,,0.5970517473059935,25.585243629895547,,-0.8091576779304503,24.896865921063384,0.9689963459968567,-1.497535386762614,25.318773812900048,,-1.07562749492595,1,0,0,1,1,0,0,1
920_0.84_0.76.png,920,0.84,0.76,0.75<=A<0.85,beta<0.8,0.75<=A<0.85 | beta<0.8,strong_official_q4,strong_cr_q4,content_k5_c4,residual_low_q1,43.72619285177627,,warm,44.51891042101653,0.7927175692402599,0.7927175692402599,0,0,1,44.51891042101653,,0.7927175692402599,41.769312111962485,,-1.9568807398137835,41.97391842932802,,-1.7522744224482452,41.96619426499437,,-1.7599985867818972,41.834697948916386,0.9931215047836304,-1.8914949028598826,41.76640809629866,,-1.9597847554776067,1,0,0,1,1,0,0,1
921_0.97_1.13.png,921,0.97,1.13,A>=0.95,1.1<=beta<1.4,A>=0.95 | 1.1<=beta<1.4,midlow_official_q2,midlow_cr_q2,content_k5_c2,residual_midhigh_q3,34.104705438998124,,warm,34.10611363465536,0.001408195657234046,0.001408195657234046,1,0,0,34.10611363465536,,0.001408195657234046,31.76077196023263,,-2.343933478765493,32.22529063152275,,-1.8794148074753707,31.316512253148026,,-2.7881931858500977,31.18055788014449,0.9874377846717834,-2.924147558853633,31.76454223364417,,-2.340163205353953,0,1,0,0,0,1,0,0
922_0.72_1.69.png,922,0.72,1.69,0.65<=A<0.75,1.4<=beta<1.7,0.65<=A<0.75 | 1.4<=beta<1.7,midhigh_official_q3,midhigh_cr_q3,content_k5_c4,residual_midlow_q2,34.64282907408409,,warm,34.82069278872328,0.17786371463918726,0.17786371463918726,0,0,0,34.82069278872328,,0.17786371463918726,32.45669408938733,,-2.186134984696764,33.34893619298286,,-1.293892881101229,33.502584917614456,,-1.1402441564696346,32.58898821317438,0.9873996376991272,-2.053840860909709,32.46199817843499,,-2.180830895649102,1,0,0,1,0,0,1,-1
923_1.0_0.51.png,923,1.0,0.51,A>=0.95,beta<0.8,A>=0.95 | beta<0.8,midhigh_official_q3,midhigh_cr_q3,content_k5_c2,residual_midlow_q2,36.6995491172552,,warm,37.174659742619355,0.4751106253641524,0.4751106253641524,0,0,0,37.174659742619355,,0.4751106253641524,34.336370344775254,,-2.363178772479948,34.25553134047939,,-2.4440177767758087,33.206608262763574,,-3.4929408544916285,34.15175337947703,0.9931387901306152,-2.5477957377781735,34.34170341541664,,-2.3578457018385635,1,0,0,1,1,0,0,1
924_0.79_1.01.png,924,0.79,1.01,0.75<=A<0.85,0.8<=beta<1.1,0.75<=A<0.85 | 0.8<=beta<1.1,midhigh_official_q3,midhigh_cr_q3,content_k5_c2,residual_midlow_q2,36.682185186643494,,warm,36.72965737219704,0.04747218555354493,0.04747218555354493,1,0,0,36.72965737219704,,0.04747218555354493,33.989869573990276,,-2.6923156126532177,34.58733770644312,,-2.0948474802003716,34.05767619080916,,-2.624508995834333,34.02669773797297,0.991426944732666,-2.6554874486705273,33.99519017280873,,-2.6869950138347676,0,1,0,0,0,1,0,0
925_0.65_1.68.png,925,0.65,1.68,0.65<=A<0.75,1.4<=beta<1.7,0.65<=A<0.75 | 1.4<=beta<1.7,midlow_official_q2,midlow_cr_q2,content_k5_c2,residual_midhigh_q3,31.72439184393076,,warm,31.686049152866126,-0.03834269106463495,0.0,1,0,0,31.686049152866126,,-0.03834269106463495,30.28972465606934,,-1.4346671878614217,29.33173846374477,,-2.3926533801859904,30.749605974371278,,-0.9747858695594829,30.807116357350665,0.9855539798736572,-0.9172754865800954,30.290093538541456,,-1.434298305389305,0,1,0,0,0,1,0,0
926_0.82_1.0.png,926,0.82,1.0,0.75<=A<0.85,0.8<=beta<1.1,0.75<=A<0.85 | 0.8<=beta<1.1,midlow_official_q2,midlow_cr_q2,content_k5_c2,residual_midhigh_q3,33.48680395386975,,warm,33.48377263692853,-0.0030313169412252705,0.0,1,0,0,33.48377263692853,,-0.0030313169412252705,31.405696180887904,,-2.0811077729818486,30.864284562593653,,-2.6225193912761,32.73035822206304,,-0.7564457318067142,32.33929233083017,0.9891791939735413,-1.147511623039584,31.405864948709986,,-2.0809390051597667,0,1,0,0,0,1,0,0
927_0.99_0.84.png,927,0.99,0.84,A>=0.95,0.8<=beta<1.1,A>=0.95 | 0.8<=beta<1.1,midlow_official_q2,midlow_cr_q2,content_k5_c2,residual_midhigh_q3,33.90857203747199,,warm,33.64043547611229,-0.26813656135970376,0.0,1,0,0,33.64043547611229,,-0.26813656135970376,31.28301252852944,,-2.625559508942551,30.91157848927836,,-2.9969935481936325,31.628214408480012,,-2.280357628991979,32.49426025473566,0.9894635081291199,-1.414311782736334,31.282449381133638,,-2.626122656338353,0,1,0,0,0,1,0,0
928_0.52_1.63.png,928,0.52,1.63,A<0.65,1.4<=beta<1.7,A<0.65 | 1.4<=beta<1.7,midhigh_official_q3,midhigh_cr_q3,content_k5_c2,residual_midlow_q2,36.007594815162335,,warm,36.0918563556816,0.0842615405192646,0.0842615405192646,0,0,0,36.0918563556816,,0.0842615405192646,34.23379439375082,,-1.773800421411515,35.74935621604088,,-0.2582385991214551,35.81226978516737,,-0.1953250299949616,35.04445490663845,0.9920613169670105,-0.9631399085238854,34.23259540350514,,-1.7749994116571983,0,0,1,-1,0,0,1,-1
929_0.65_0.89.png,929,0.65,0.89,0.65<=A<0.75,0.8<=beta<1.1,0.65<=A<0.75 | 0.8<=beta<1.1,strong_official_q4,strong_cr_q4,content_k5_c4,residual_low_q1,42.697473433247985,,warm,43.221594485269996,0.5241210520220108,0.5241210520220108,0,0,1,43.221594485269996,,0.5241210520220108,39.680197337378395,,-3.0172760958695903,38.98171429038982,,-3.715759142858168,38.505779933269466,,-4.19169349997852,40.3753191665276,0.9920917749404907,-2.322154266720382,39.68593343461863,,-3.0115399986293525,1,0,0,1,1,0,0,1
92_0.97_1.46.png,92,0.97,1.46,A>=0.95,1.4<=beta<1.7,A>=0.95 | 1.4<=beta<1.7,weak_official_q1,weak_cr_q1,content_k5_c3,residual_midlow_q2,26.620951164181648,,lfv1,28.373478341507322,1.7525271773256748,1.7525271773256748,0,0,0,26.398415977723275,,-0.2225351864583729,25.831061014729634,,-0.7898901494520132,28.373478341507322,,1.7525271773256748,26.790567166114528,,0.16961600193288007,23.81303004248184,0.9636999368667603,-2.807921121699806,25.834582050804407,,-0.7863691133772406,1,0,0,1,1,0,0,1
930_0.99_1.54.png,930,0.99,1.54,A>=0.95,1.4<=beta<1.7,A>=0.95 | 1.4<=beta<1.7,midhigh_official_q3,midhigh_cr_q3,content_k5_c4,residual_midlow_q2,37.98711669684052,,warm,37.93556926288082,-0.05154743395970485,0.0,1,0,0,37.93556926288082,,-0.05154743395970485,35.0981693497808,,-2.8889473470597267,34.60789579316409,,-3.3792209036764334,35.42271783980895,,-2.56439885703157,34.50252900326924,0.9779499173164368,-3.484587693571285,35.09861418845237,,-2.88850250838815,0,1,0,0,0,1,0,0
931_0.95_0.99.png,931,0.95,0.99,A>=0.95,0.8<=beta<1.1,A>=0.95 | 0.8<=beta<1.1,strong_official_q4,strong_cr_q4,content_k5_c4,residual_low_q1,41.12175562564806,,warm,40.995369241160034,-0.12638638448802908,0.0,1,1,1,40.995369241160034,,-0.12638638448802908,37.57535317738024,,-3.546402448267827,37.13568391983618,,-3.986071705811881,38.117496424409616,,-3.0042592012384475,37.90082195492252,0.9873796701431274,-3.220933670725543,37.575181416282646,,-3.546574209365417,0,1,0,0,0,1,0,0
932_0.72_1.79.png,932,0.72,1.79,0.65<=A<0.75,beta>=1.7,0.65<=A<0.75 | beta>=1.7,midhigh_official_q3,midhigh_cr_q3,content_k5_c4,residual_midlow_q2,38.465581620950616,,warm,38.718839774253524,0.2532581533029088,0.2532581533029088,0,0,0,38.718839774253524,,0.2532581533029088,35.16244345581611,,-3.3031381651345058,35.29075786148192,,-3.174823759468694,35.49244804416031,,-2.9731335767903033,34.88569216868001,0.9830723404884338,-3.5798894522706064,35.16323771172466,,-3.3023439092259537,1,0,0,1,1,0,0,1
933_0.73_1.5.png,933,0.73,1.5,0.65<=A<0.75,1.4<=beta<1.7,0.65<=A<0.75 | 1.4<=beta<1.7,strong_official_q4,strong_cr_q4,content_k5_c4,residual_low_q1,43.0125299540438,,warm,42.92982888911267,-0.08270106493112905,0.0,1,1,1,42.92982888911267,,-0.08270106493112905,38.40563793802643,,-4.606892016017369,40.32852368479829,,-2.684006269245508,40.85935707890077,,-2.153172875143028,40.49092832107086,0.9879855513572693,-2.5216016329729385,38.40237279632323,,-4.610157157720572,0,1,0,0,0,1,0,0
934_0.94_1.97.png,934,0.94,1.97,0.85<=A<0.95,beta>=1.7,0.85<=A<0.95 | beta>=1.7,midhigh_official_q3,midhigh_cr_q3,content_k5_c4,residual_midlow_q2,37.23369436122184,,warm,37.72585427882482,0.49215991760297584,0.49215991760297584,0,0,0,37.72585427882482,,0.49215991760297584,34.807030578818065,,-2.4266637824037787,35.42988948586563,,-1.8038048753562137,35.25014842888208,,-1.9835459323397657,35.2191690330634,0.9783401489257812,-2.0145253281584417,34.80564179874002,,-2.428052562481824,1,0,0,1,1,0,0,1
935_0.58_0.55.png,935,0.58,0.55,A<0.65,beta<0.8,A<0.65 | beta<0.8,strong_official_q4,strong_cr_q4,content_k5_c2,residual_low_q1,48.06391693527474,,warm,49.21193019781509,1.1480132625403527,1.1480132625403527,0,0,1,49.21193019781509,,1.1480132625403527,44.48216763459211,,-3.581749300682631,45.857914200051,,-2.2060027352237412,46.4169829977224,,-1.6469339375523404,46.694658057041266,0.9941560626029968,-1.3692588782334738,44.47679613858944,,-3.587120796685298,1,0,0,1,1,0,0,1
936_0.99_0.55.png,936,0.99,0.55,A>=0.95,beta<0.8,A>=0.95 | beta<0.8,strong_official_q4,strong_cr_q4,content_k5_c2,residual_low_q1,44.99956916645616,,warm,45.20628238567667,0.20671321922051078,0.20671321922051078,0,0,1,45.20628238567667,,0.20671321922051078,42.54332040437197,,-2.4562487620841935,41.43076098495507,,-3.5688081815010904,42.46670736479861,,-2.5328618016575533,41.95108364427654,0.992154061794281,-3.048485522179625,42.54476421569259,,-2.454804950763574,1,0,0,1,1,0,0,1
937_0.69_1.84.png,937,0.69,1.84,0.65<=A<0.75,beta>=1.7,0.65<=A<0.75 | beta>=1.7,midlow_official_q2,midlow_cr_q2,content_k5_c4,residual_midhigh_q3,33.753671040079716,,warm,34.09089201225227,0.33722097217255254,0.33722097217255254,0,0,0,34.09089201225227,,0.33722097217255254,30.310980076812232,,-3.4426909632674842,31.32677509284119,,-2.4268959472385276,31.916280592535035,,-1.8373904475446814,30.402823157164065,0.9713464379310608,-3.3508478829156516,30.31360873812754,,-3.4400623019521746,1,0,0,1,1,0,0,1
938_0.64_0.6.png,938,0.64,0.6,A<0.65,beta<0.8,A<0.65 | beta<0.8,strong_official_q4,strong_cr_q4,content_k5_c2,residual_low_q1,39.64863386190896,,warm,40.26069653940433,0.6120626774953664,0.6120626774953664,0,0,1,40.26069653940433,,0.6120626774953664,36.584679148507135,,-3.0639547134018272,36.105098892947474,,-3.543534968961488,37.026930373942754,,-2.621703487966208,37.07540724451357,0.9850674271583557,-2.5732266173953917,36.58570115071592,,-3.0629327111930422,1,0,0,1,1,0,0,1
939_1.0_1.16.png,939,1.0,1.16,A>=0.95,1.1<=beta<1.4,A>=0.95 | 1.1<=beta<1.4,midlow_official_q2,midlow_cr_q2,content_k5_c2,residual_high_q4,31.61472358329356,,warm,31.779596354194155,0.16487277090059393,0.16487277090059393,0,0,0,31.779596354194155,,0.16487277090059393,29.384429778375324,,-2.2302938049182366,29.10732292803803,,-2.5074006552555304,29.68680042721595,,-1.927923156077611,27.945592064429757,0.9676185846328735,-3.6691315188638036,29.385927121454944,,-2.2287964618386162,1,0,0,1,0,0,1,-1
93_0.63_1.76.png,93,0.63,1.76,A<0.65,beta>=1.7,A<0.65 | beta>=1.7,weak_official_q1,weak_cr_q1,content_k5_c3,residual_midlow_q2,28.214791638157596,,cbrfrc,28.7198539815545,0.5050623433969044,0.5050623433969044,0,0,0,28.34172286181773,,0.12693122366013299,28.71575982820403,,0.5009681900464322,28.311235131011422,,0.09644349285382603,28.312228740802446,,0.09743710264485017,27.967098541506125,0.9524156451225281,-0.24769309665147077,28.7198539815545,,0.5050623433969044,1,0,0,1,1,0,0,1
940_0.56_1.47.png,940,0.56,1.47,A<0.65,1.4<=beta<1.7,A<0.65 | 1.4<=beta<1.7,midhigh_official_q3,midhigh_cr_q3,content_k5_c4,residual_midlow_q2,36.39593685674609,,warm,37.044932754524645,0.6489958977785548,0.6489958977785548,0,0,0,37.044932754524645,,0.6489958977785548,34.011148219471856,,-2.3847886372742337,33.73663019033805,,-2.6593066664080425,34.65620738462071,,-1.7397294721253829,35.039991436648265,0.9809498190879822,-1.3559454200978251,34.01533026970221,,-2.3806065870438786,1,0,0,1,1,0,0,1
941_0.67_0.92.png,941,0.67,0.92,0.65<=A<0.75,0.8<=beta<1.1,0.65<=A<0.75 | 0.8<=beta<1.1,midhigh_official_q3,midhigh_cr_q3,content_k5_c2,residual_midlow_q2,35.24736166750627,,warm,35.11769923940894,-0.1296624280973262,0.0,1,0,0,35.11769923940894,,-0.1296624280973262,32.582443176204634,,-2.664918491301634,32.617413618792895,,-2.6299480487133735,33.77981992170527,,-1.4675417458010003,33.237387938593656,0.9933517575263977,-2.0099737289126125,32.572983959066335,,-2.674377708439934,0,1,0,0,0,1,0,0
942_0.76_1.39.png,942,0.76,1.39,0.75<=A<0.85,1.1<=beta<1.4,0.75<=A<0.85 | 1.1<=beta<1.4,midlow_official_q2,midlow_cr_q2,content_k5_c4,residual_midhigh_q3,32.78332596489952,,warm,32.616389806541754,-0.166936158357764,0.0,1,0,0,32.616389806541754,,-0.166936158357764,30.49963852610626,,-2.283687438793258,29.837809773148635,,-2.945516191750883,30.875561219153248,,-1.9077647457462703,30.192284233705585,0.9879860281944275,-2.5910417311939327,30.493600603615334,,-2.2897253612841837,0,1,0,0,0,1,0,0
943_0.71_1.63.png,943,0.71,1.63,0.65<=A<0.75,1.4<=beta<1.7,0.65<=A<0.75 | 1.4<=beta<1.7,midlow_official_q2,midlow_cr_q2,content_k5_c4,residual_midhigh_q3,32.85356229023599,,warm,32.68388324156442,-0.16967904867156847,0.0,1,0,0,32.68388324156442,,-0.16967904867156847,30.52160148007829,,-2.331960810157703,30.327322455548448,,-2.5262398346875443,31.396292591778817,,-1.457269698457175,30.673042131866396,0.9881614446640015,-2.180520158369596,30.51536103910626,,-2.338201251129732,0,1,0,0,0,1,0,0
944_0.59_1.45.png,944,0.59,1.45,A<0.65,1.4<=beta<1.7,A<0.65 | 1.4<=beta<1.7,midhigh_official_q3,midlow_cr_q2,content_k5_c4,residual_midhigh_q3,34.90828177521337,,warm,34.57910783148981,-0.32917394372356057,0.0,1,0,0,34.57910783148981,,-0.32917394372356057,31.376265824326225,,-3.5320159508871427,33.247327437411414,,-1.6609543378019538,33.16543517787401,,-1.7428465973393585,33.18261609703813,0.9923656582832336,-1.7256656781752397,31.367707353415394,,-3.5405744217979738,0,1,0,0,0,1,0,0
945_0.94_1.2.png,945,0.94,1.2,0.85<=A<0.95,1.1<=beta<1.4,0.85<=A<0.95 | 1.1<=beta<1.4,midhigh_official_q3,midlow_cr_q2,content_k5_c4,residual_midhigh_q3,34.60990738421338,,warm,35.093025942248644,0.48311855803526527,0.48311855803526527,0,0,0,35.093025942248644,,0.48311855803526527,32.33927543585903,,-2.2706319483543496,30.417142523921008,,-4.192764860292371,31.07955601058263,,-3.530351373630751,31.82547807565484,0.9791903495788574,-2.78442930855854,32.343457429726506,,-2.2664499544868733,1,0,0,1,1,0,0,1
946_0.65_0.58.png,946,0.65,0.58,0.65<=A<0.75,beta<0.8,0.65<=A<0.75 | beta<0.8,midhigh_official_q3,strong_cr_q4,content_k5_c2,residual_low_q1,38.57347911596745,,cbrfrc,41.92367075664887,3.350191640681416,3.350191640681416,0,0,1,40.44788789293303,,1.8744087769655806,41.91635172611228,,3.3428726101448305,35.69497115328781,,-2.8785079626796417,37.9824517041942,,-0.5910274117732541,37.04119059550513,0.9904214143753052,-1.5322885204623233,41.92367075664887,,3.350191640681416,1,0,0,1,1,0,0,1
947_0.79_1.07.png,947,0.79,1.07,0.75<=A<0.85,0.8<=beta<1.1,0.75<=A<0.85 | 0.8<=beta<1.1,midhigh_official_q3,midhigh_cr_q3,content_k5_c4,residual_midlow_q2,34.95483542614062,,warm,35.718261513851644,0.763426087711025,0.763426087711025,0,0,0,35.718261513851644,,0.763426087711025,35.52827376583893,,0.5734383396983134,31.205562599428426,,-3.7492728267121933,33.29477555514626,,-1.6600598709943597,32.24219261541275,0.9827254414558411,-2.7126428107278713,35.534199727482026,,0.5793643013414069,1,0,0,1,1,0,0,1
948_0.89_0.6.png,948,0.89,0.6,0.85<=A<0.95,beta<0.8,0.85<=A<0.95 | beta<0.8,midhigh_official_q3,midhigh_cr_q3,content_k5_c2,residual_midlow_q2,36.94578908572303,,warm,37.981275915568936,1.0354868298459081,1.0354868298459081,0,0,0,37.981275915568936,,1.0354868298459081,35.172872881678984,,-1.7729162040440443,32.026400597100526,,-4.919388488622502,34.07887631982899,,-2.8669127658940354,34.03774465459676,0.9879159927368164,-2.908044431126271,35.17961870299246,,-1.7661703827305715,1,0,0,1,1,0,0,1
949_0.8_0.6.png,949,0.8,0.6,0.75<=A<0.85,beta<0.8,0.75<=A<0.85 | beta<0.8,strong_official_q4,strong_cr_q4,content_k5_c2,residual_midlow_q2,40.598731609204606,,cbrfrc,40.956820438687345,0.3580888294827389,0.3580888294827389,0,0,0,39.4536446786774,,-1.1450869305272064,40.94093546910784,,0.3422038599032362,40.674746468753106,,0.07601485954850062,35.7919415276304,,-4.806790081574206,36.23788164807837,0.9946056604385376,-4.360849961126235,40.956820438687345,,0.3580888294827389,1,0,0,1,1,0,0,1
94_0.95_1.64.png,94,0.95,1.64,A>=0.95,1.4<=beta<1.7,A>=0.95 | 1.4<=beta<1.7,weak_official_q1,weak_cr_q1,content_k5_c3,residual_midhigh_q3,28.50093397384773,,warm,28.50096726834526,3.329449753053382e-05,3.329449753053382e-05,1,0,0,28.50096726834526,,3.329449753053382e-05,27.3508130930147,,-1.150120880833029,26.206595961070306,,-2.2943380127774233,27.547047849114847,,-0.9538861247328825,26.858441828762203,0.945626974105835,-1.6424921450855265,27.35372408009006,,-1.147209893757669,0,1,0,0,0,1,0,0
950_0.57_1.28.png,950,0.57,1.28,A<0.65,1.1<=beta<1.4,A<0.65 | 1.1<=beta<1.4,midhigh_official_q3,strong_cr_q4,content_k5_c2,residual_midlow_q2,36.82558644751053,,cold_cr,37.10830929919166,0.2827228516811289,0.2827228516811289,0,0,0,35.72654951864304,,-1.0990369288674913,37.10830929919166,,0.2827228516811289,33.222178660532755,,-3.603407786977776,34.09613145413217,,-2.7294549933783614,33.31380450728082,0.9929044842720032,-3.51178194022971,37.08351133991472,,0.2579248924041906,1,0,0,1,1,0,0,1
951_0.57_0.85.png,951,0.57,0.85,A<0.65,0.8<=beta<1.1,A<0.65 | 0.8<=beta<1.1,strong_official_q4,strong_cr_q4,content_k5_c2,residual_low_q1,39.42105222292082,,cold_cr,39.31683563366795,-0.10421658925287147,0.0,1,1,1,37.52273647358814,,-1.8983157493326814,39.31683563366795,,-0.10421658925287147,36.12975564119438,,-3.291296581726442,35.83576876783779,,-3.5852834550830295,33.80995008763736,0.9941563606262207,-5.61110213528346,39.29817743753976,,-0.12287478538105745,0,1,0,0,0,1,0,0
952_0.97_1.33.png,952,0.97,1.33,A>=0.95,1.1<=beta<1.4,A>=0.95 | 1.1<=beta<1.4,midlow_official_q2,midhigh_cr_q3,content_k5_c2,residual_high_q4,34.004993616486885,,warm,33.77648844375759,-0.22850517272929238,0.0,1,0,0,33.77648844375759,,-0.22850517272929238,33.2116699488403,,-0.7933236676465825,32.16035823896763,,-1.8446353775192534,28.51511975418527,,-5.489873862301614,31.92454853102546,0.9882027506828308,-2.080445085461424,33.20433220258947,,-0.8006614138974157,0,1,0,0,0,1,0,0
953_0.96_1.7.png,953,0.96,1.7,A>=0.95,beta>=1.7,A>=0.95 | beta>=1.7,midlow_official_q2,weak_cr_q1,content_k5_c4,residual_high_q4,32.334459583937765,,warm,32.607168831888416,0.272709247950651,0.272709247950651,0,0,0,32.607168831888416,,0.272709247950651,28.60067564323954,,-3.733783940698224,28.636072049802483,,-3.698387534135282,29.55939876269969,,-2.7750608212380747,28.619701485606576,0.9632484316825867,-3.7147580983311883,28.604691280235674,,-3.729768303702091,1,0,0,1,1,0,0,1
954_0.75_1.19.png,954,0.75,1.19,0.75<=A<0.85,1.1<=beta<1.4,0.75<=A<0.85 | 1.1<=beta<1.4,midhigh_official_q3,midhigh_cr_q3,content_k5_c2,residual_midhigh_q3,35.92824054784525,,warm,36.321148410814274,0.39290786296902525,0.39290786296902525,0,0,0,36.321148410814274,,0.39290786296902525,33.601521829001,,-2.3267187188442477,32.6146549104549,,-3.3135856373903465,36.231646304002346,,0.30340575615709753,35.54882400841021,0.9777348041534424,-0.3794165394350415,33.60912536109391,,-2.3191151867513398,1,0,0,1,1,0,0,1
955_0.87_0.65.png,955,0.87,0.65,0.85<=A<0.95,beta<0.8,0.85<=A<0.95 | beta<0.8,midhigh_official_q3,midhigh_cr_q3,content_k5_c2,residual_midhigh_q3,36.34614658953318,,warm,36.93526259197177,0.589116002438594,0.589116002438594,0,0,0,36.93526259197177,,0.589116002438594,33.31822146768447,,-3.0279251218487104,32.825063287235835,,-3.521083302297342,36.21306647402845,,-0.13308011550472543,35.76832387587028,0.9852349162101746,-0.5778227136628971,33.330731836857005,,-3.015414752676172,1,0,0,1,1,0,0,1
956_0.51_0.81.png,956,0.51,0.81,A<0.65,0.8<=beta<1.1,A<0.65 | 0.8<=beta<1.1,strong_official_q4,midhigh_cr_q3,content_k5_c2,residual_high_q4,40.55364634374654,,warm,40.03116789371753,-0.5224784500290127,0.0,1,1,0,40.03116789371753,,-0.5224784500290127,35.722748138870536,,-4.830898204876007,33.28993452699536,,-7.263711816751183,35.22193859807236,,-5.33170774567418,33.91769784044109,0.9862210154533386,-6.63594850330545,35.70858687099066,,-4.845059472755885,0,1,0,0,0,1,0,0
957_0.55_0.69.png,957,0.55,0.69,A<0.65,beta<0.8,A<0.65 | beta<0.8,strong_official_q4,strong_cr_q4,content_k5_c2,residual_midlow_q2,44.82595643211027,,warm,44.40185614996885,-0.42410028214141704,0.0,1,1,0,44.40185614996885,,-0.42410028214141704,37.90611604319886,,-6.91984038891141,40.51696793280048,,-4.308988499309784,42.36722880197493,,-2.4587276301353356,41.53483122417998,0.9960570931434631,-3.2911252079302855,37.88818593662587,,-6.937770495484401,0,1,0,0,0,1,0,0
958_0.9_0.64.png,958,0.9,0.64,0.85<=A<0.95,beta<0.8,0.85<=A<0.95 | beta<0.8,midhigh_official_q3,strong_cr_q4,content_k5_c2,residual_high_q4,38.426317626048984,,warm,38.4633082342707,0.03699060822171418,0.03699060822171418,1,0,0,38.4633082342707,,0.03699060822171418,36.937136260447986,,-1.4891813656009987,33.34175562669703,,-5.084561999351955,38.10386945238044,,-0.3224481736685476,35.4809941894418,0.9944921731948853,-2.9453234366071825,36.93373504084132,,-1.4925825852076642,0,1,0,0,0,1,0,0
959_0.93_1.27.png,959,0.93,1.27,0.85<=A<0.95,1.1<=beta<1.4,0.85<=A<0.95 | 1.1<=beta<1.4,midhigh_official_q3,midhigh_cr_q3,content_k5_c4,residual_high_q4,35.49699628882702,,warm,35.16687762657196,-0.33011866225506026,0.0,1,0,0,35.16687762657196,,-0.33011866225506026,34.06790017344938,,-1.4290961153776394,32.76215621149583,,-2.7348400773311923,33.97057848236712,,-1.5264178064599037,31.79504640613399,0.9894919395446777,-3.701949882693029,34.06681704409338,,-1.4301792447336368,0,1,0,0,0,1,0,0
95_0.86_0.62.png,95,0.86,0.62,0.85<=A<0.95,beta<0.8,0.85<=A<0.95 | beta<0.8,midlow_official_q2,midlow_cr_q2,content_k5_c0,residual_low_q1,31.347397949009633,,warm,31.581985572716675,0.23458762370704278,0.23458762370704278,0,0,1,31.581985572716675,,0.23458762370704278,30.368940842193034,,-0.9784571068165988,30.15084784243467,,-1.1965501065749642,30.107804329246335,,-1.2395936197632977,29.776242611487284,0.9636273980140686,-1.5711553375223488,30.37257894307658,,-0.9748190059330533,1,0,0,1,1,0,0,1
960_0.78_0.97.png,960,0.78,0.97,0.75<=A<0.85,0.8<=beta<1.1,0.75<=A<0.85 | 0.8<=beta<1.1,strong_official_q4,strong_cr_q4,content_k5_c4,residual_high_q4,40.04801551695103,,warm,39.71482606099565,-0.3331894559553845,0.0,1,1,0,39.71482606099565,,-0.3331894559553845,36.516623576728534,,-3.5313919402224982,33.71352994970632,,-6.3344855672447125,38.778556091478194,,-1.2694594254728386,37.19411333925922,0.9941390156745911,-2.8539021776918148,36.50712464164548,,-3.54089087530555,0,1,0,0,0,1,0,0
961_0.68_1.73.png,961,0.68,1.73,0.65<=A<0.75,beta>=1.7,0.65<=A<0.75 | beta>=1.7,midhigh_official_q3,midhigh_cr_q3,content_k5_c4,residual_midhigh_q3,37.04534305902747,,warm,36.99998771792763,-0.045355341099842406,0.0,1,0,0,36.99998771792763,,-0.045355341099842406,33.34387448293323,,-3.7014685760942427,34.69221997131414,,-2.3531230877133353,33.25721267240362,,-3.7881303866238554,33.93860303716253,0.9889588952064514,-3.106740021864944,33.349719520592494,,-3.6956235384349796,0,1,0,0,0,1,0,0
962_0.83_0.89.png,962,0.83,0.89,0.75<=A<0.85,0.8<=beta<1.1,0.75<=A<0.85 | 0.8<=beta<1.1,midhigh_official_q3,midhigh_cr_q3,content_k5_c2,residual_high_q4,37.52653682653572,,warm,37.617359535266644,0.09082270873092568,0.09082270873092568,0,0,0,37.617359535266644,,0.09082270873092568,34.00815491595964,,-3.5183819105760747,35.023742347838464,,-2.502794478697254,33.49502953437401,,-4.031507292161706,34.51169134729555,0.9928579330444336,-3.014845479240165,34.009963952164725,,-3.5165728743709934,0,0,1,-1,0,0,1,-1
963_0.66_0.84.png,963,0.66,0.84,0.65<=A<0.75,0.8<=beta<1.1,0.65<=A<0.75 | 0.8<=beta<1.1,strong_official_q4,strong_cr_q4,content_k5_c2,residual_low_q1,40.62641240727494,,warm,40.75090960592199,0.12449719864704889,0.12449719864704889,0,0,1,40.75090960592199,,0.12449719864704889,38.2505175051352,,-2.3758949021397413,39.09272069953284,,-1.5336917077421006,36.649254774334544,,-3.977157632940397,37.09923419419838,0.9939968585968018,-3.52717821307656,38.25338084417291,,-2.373031563102032,0,0,1,-1,0,0,1,-1
964_0.9_0.92.png,964,0.9,0.92,0.85<=A<0.95,0.8<=beta<1.1,0.85<=A<0.95 | 0.8<=beta<1.1,midhigh_official_q3,midlow_cr_q2,content_k5_c2,residual_high_q4,36.40492117313536,,warm,36.30829019824744,-0.0966309748879155,0.0,1,0,0,36.30829019824744,,-0.0966309748879155,32.23046256258459,,-4.174458610550765,32.91692112046979,,-3.4880000526655692,32.598817632022275,,-3.8061035411130817,32.8583874789321,0.9923158884048462,-3.546533694203255,32.23149058888188,,-4.173430584253474,0,1,0,0,0,1,0,0
965_0.88_1.49.png,965,0.88,1.49,0.85<=A<0.95,1.4<=beta<1.7,0.85<=A<0.95 | 1.4<=beta<1.7,strong_official_q4,strong_cr_q4,content_k5_c4,residual_midlow_q2,39.49431238364399,,warm,39.55268777822779,0.05837539458380547,0.05837539458380547,0,0,0,39.55268777822779,,0.05837539458380547,35.95831943768807,,-3.5359929459559183,36.217367912567816,,-3.2769444710761704,36.54342586574846,,-2.950886517895526,36.27690739393906,0.9921214580535889,-3.2174049897049244,35.963901465321186,,-3.5304109183228007,0,0,1,-1,0,0,1,-1
966_0.54_1.62.png,966,0.54,1.62,A<0.65,1.4<=beta<1.7,A<0.65 | 1.4<=beta<1.7,strong_official_q4,strong_cr_q4,content_k5_c1,residual_midlow_q2,41.23200080289119,,warm,41.23977104828864,0.007770245397445308,0.007770245397445308,1,1,0,41.23977104828864,,0.007770245397445308,39.516902655942175,,-1.7150981469490176,37.22773840123407,,-4.004262401657122,38.95239138170206,,-2.279609421189136,40.25364954740195,0.9938735961914062,-0.978351255489244,39.525743422462305,,-1.7062573804288874,0,1,0,0,0,1,0,0
967_0.89_0.68.png,967,0.89,0.68,0.85<=A<0.95,beta<0.8,0.85<=A<0.95 | beta<0.8,strong_official_q4,strong_cr_q4,content_k5_c2,residual_low_q1,42.94691108597899,,warm,42.97088643505021,0.023975349071221785,0.023975349071221785,1,1,1,42.97088643505021,,0.023975349071221785,39.49717822843636,,-3.449732857542628,38.628410640995654,,-4.318500444983336,38.268555136779774,,-4.678355949199215,37.936592053415694,0.9955363869667053,-5.010319032563295,39.498603977285725,,-3.448307108693264,0,1,0,0,0,1,0,0
968_0.9_1.83.png,968,0.9,1.83,0.85<=A<0.95,beta>=1.7,0.85<=A<0.95 | beta>=1.7,midhigh_official_q3,midhigh_cr_q3,content_k5_c4,residual_midlow_q2,38.15071204775864,,warm,38.17313346773928,0.02242141998063829,0.02242141998063829,1,0,0,38.17313346773928,,0.02242141998063829,34.44041075432769,,-3.710301293430952,34.73532768625018,,-3.4153843615084583,34.76347607029777,,-3.3872359774608682,35.19562476176314,0.9892520308494568,-2.9550872859954964,34.44578982820555,,-3.70492221955309,0,1,0,0,0,1,0,0
969_0.54_1.07.png,969,0.54,1.07,A<0.65,0.8<=beta<1.1,A<0.65 | 0.8<=beta<1.1,strong_official_q4,midhigh_cr_q3,content_k5_c2,residual_high_q4,43.34030033071266,,warm,42.647495891151344,-0.6928044395613142,0.0,1,1,0,42.647495891151344,,-0.6928044395613142,33.384310582003955,,-9.955989748708703,34.60019483309889,,-8.740105497613769,32.16961577662582,,-11.17068455408684,35.548819472999334,0.9924634099006653,-7.791480857713324,33.37291923216955,,-9.967381098543107,0,1,0,0,0,1,0,0
96_0.6_1.11.png,96,0.6,1.11,A<0.65,1.1<=beta<1.4,A<0.65 | 1.1<=beta<1.4,weak_official_q1,midlow_cr_q2,content_k5_c0,residual_low_q1,30.05142327525627,,warm,30.254170765220508,0.20274748996423853,0.20274748996423853,0,0,1,30.254170765220508,,0.20274748996423853,29.78588267695872,,-0.26554059829754806,29.886515796712917,,-0.16490747854335197,29.398284973761164,,-0.6531383014951047,29.370174729012312,0.9616289138793945,-0.6812485462439568,29.79002881351334,,-0.2613944617429276,1,0,0,1,1,0,0,1
970_0.74_1.09.png,970,0.74,1.09,0.65<=A<0.75,0.8<=beta<1.1,0.65<=A<0.75 | 0.8<=beta<1.1,strong_official_q4,midhigh_cr_q3,content_k5_c2,residual_high_q4,41.40972087826995,,warm,41.1810177198505,-0.22870315841944944,0.0,1,1,0,41.1810177198505,,-0.22870315841944944,34.057635330301316,,-7.352085547968635,33.76291445123228,,-7.646806427037674,31.38859487825232,,-10.021126000017631,34.533876771031956,0.9904123544692993,-6.875844107237995,34.04867236804497,,-7.3610485102249825,0,1,0,0,0,1,0,0
971_0.63_1.38.png,971,0.63,1.38,A<0.65,1.1<=beta<1.4,A<0.65 | 1.1<=beta<1.4,strong_official_q4,midhigh_cr_q3,content_k5_c2,residual_high_q4,40.820050933180056,,warm,40.3195594563407,-0.5004914768393576,0.0,1,1,0,40.3195594563407,,-0.5004914768393576,34.20420567461981,,-6.615845258560249,33.94351735683063,,-6.8765335763494235,32.32197400492342,,-8.498076928256637,35.27317832765581,0.9904990792274475,-5.546872605524243,34.19274727274984,,-6.627303660430215,0,1,0,0,0,1,0,0
972_0.99_0.62.png,972,0.99,0.62,A>=0.95,beta<0.8,A>=0.95 | beta<0.8,strong_official_q4,midlow_cr_q2,content_k5_c2,residual_high_q4,39.93541640517891,,warm,39.85452196093332,-0.08089444424559389,0.0,1,1,0,39.85452196093332,,-0.08089444424559389,31.266575469053087,,-8.668840936125825,32.623156426553884,,-7.312259978625029,27.8050749986603,,-12.130341406518614,34.850674481289595,0.9909597635269165,-5.084741923889318,31.264670393185362,,-8.67074601199355,0,1,0,0,0,1,0,0
973_0.76_1.96.png,973,0.76,1.96,0.75<=A<0.85,beta>=1.7,0.75<=A<0.85 | beta>=1.7,midhigh_official_q3,midhigh_cr_q3,content_k5_c4,residual_midhigh_q3,36.459519036975905,,warm,36.24334356379578,-0.21617547318012242,0.0,1,0,0,36.24334356379578,,-0.21617547318012242,32.497004607769696,,-3.962514429206209,32.93657765401201,,-3.522941382963893,32.983018286266294,,-3.4765007507096115,31.632047612180706,0.9899564981460571,-4.827471424795199,32.495185174265444,,-3.964333862710461,0,1,0,0,0,1,0,0
974_0.6_1.86.png,974,0.6,1.86,A<0.65,beta>=1.7,A<0.65 | beta>=1.7,midhigh_official_q3,midhigh_cr_q3,content_k5_c1,residual_midhigh_q3,36.733704881739044,,warm,36.647627421468556,-0.0860774602704879,0.0,1,0,0,36.647627421468556,,-0.0860774602704879,35.75747065275594,,-0.9762342289831025,34.27298631915714,,-2.460718562581903,34.50630606580104,,-2.2273988159380025,34.28624956011882,0.9926465153694153,-2.4474553216202253,35.752719861152464,,-0.98098502058658,0,1,0,0,0,1,0,0
975_0.9_1.51.png,975,0.9,1.51,0.85<=A<0.95,1.4<=beta<1.7,0.85<=A<0.95 | 1.4<=beta<1.7,midhigh_official_q3,midlow_cr_q2,content_k5_c2,residual_midhigh_q3,37.10783423098168,,warm,36.877048752193744,-0.23078547878793643,0.0,1,0,0,36.877048752193744,,-0.23078547878793643,32.059613899147955,,-5.0482203318337255,33.66934685860859,,-3.438487372373089,33.4422623819433,,-3.665571849038379,32.439627857701964,0.990795373916626,-4.668206373279716,32.057281388424094,,-5.050552842557586,0,1,0,0,0,1,0,0
976_0.95_1.78.png,976,0.95,1.78,A>=0.95,beta>=1.7,A>=0.95 | beta>=1.7,midhigh_official_q3,midlow_cr_q2,content_k5_c4,residual_high_q4,36.06550049094988,,warm,35.90369140891829,-0.1618090820315885,0.0,1,0,0,35.90369140891829,,-0.1618090820315885,30.629526480235086,,-5.435974010714794,32.169637023609035,,-3.8958634673408454,32.84251564423354,,-3.2229848467163364,31.771212998100502,0.9893181920051575,-4.294287492849378,30.627609908345693,,-5.437890582604187,0,1,0,0,0,1,0,0
977_0.64_0.58.png,977,0.64,0.58,A<0.65,beta<0.8,A<0.65 | beta<0.8,strong_official_q4,strong_cr_q4,content_k5_c2,residual_low_q1,45.919875779184366,,warm,45.13942006062811,-0.7804557185562544,0.0,1,1,1,45.13942006062811,,-0.7804557185562544,42.99422065686556,,-2.9256551223188083,42.90759227050841,,-3.0122835086759565,41.77995062999343,,-4.139925149190937,42.49695929232967,0.9962567090988159,-3.422916486854696,42.99851539217785,,-2.9213603870065157,0,1,0,0,0,1,0,0
978_0.6_0.57.png,978,0.6,0.57,A<0.65,beta<0.8,A<0.65 | beta<0.8,strong_official_q4,strong_cr_q4,content_k5_c2,residual_low_q1,46.47359600289561,,warm,45.70436104113896,-0.7692349617566521,0.0,1,1,1,45.70436104113896,,-0.7692349617566521,43.11349393101121,,-3.3601020718843984,42.921003969056635,,-3.5525920338389767,41.76164443868231,,-4.711951564213301,41.97086293204424,0.996293842792511,-4.50273307085137,43.11546244591404,,-3.3581335569815707,0,1,0,0,0,1,0,0
979_0.72_1.66.png,979,0.72,1.66,0.65<=A<0.75,1.4<=beta<1.7,0.65<=A<0.75 | 1.4<=beta<1.7,midhigh_official_q3,strong_cr_q4,content_k5_c4,residual_low_q1,38.35345612017563,,warm,37.93241831928409,-0.42103780089153986,0.0,1,0,1,37.93241831928409,,-0.42103780089153986,36.90735955475892,,-1.4460965654167097,35.80513285651408,,-2.548323263661551,35.57405053428807,,-2.7794055858875595,36.55322837764864,0.9922749996185303,-1.8002277425269924,36.90633246002386,,-1.4471236601517674,0,1,0,0,0,1,0,0
97_0.61_1.21.png,97,0.61,1.21,A<0.65,1.1<=beta<1.4,A<0.65 | 1.1<=beta<1.4,midlow_official_q2,midhigh_cr_q3,content_k5_c1,residual_midlow_q2,33.385660327191104,,cold_cr,35.24198451611832,1.8563241889272177,1.8563241889272177,0,0,0,34.000747196520635,,0.6150868693295308,35.24198451611832,,1.8563241889272177,35.19678435263254,,1.811124025441437,34.43387475892133,,1.0482144317302229,33.71740840563324,0.9914500117301941,0.33174807844213916,35.23328127492967,,1.8476209477385694,1,0,0,1,1,0,0,1
980_0.83_1.9.png,980,0.83,1.9,0.75<=A<0.85,beta>=1.7,0.75<=A<0.85 | beta>=1.7,midhigh_official_q3,midhigh_cr_q3,content_k5_c4,residual_midlow_q2,37.67508937730122,,warm,37.577467660955655,-0.09762171634556438,0.0,1,0,0,37.577467660955655,,-0.09762171634556438,34.469328662256416,,-3.2057607150448035,34.36215367090858,,-3.3129357063926363,35.437944302787486,,-2.237145074513734,35.186448868508904,0.989375650882721,-2.488640508792315,34.46693848416474,,-3.2081508931364766,0,1,0,0,0,1,0,0
981_0.69_0.63.png,981,0.69,0.63,0.65<=A<0.75,beta<0.8,0.65<=A<0.75 | beta<0.8,strong_official_q4,strong_cr_q4,content_k5_c2,residual_low_q1,44.339323303618826,,warm,45.34883705982025,1.0095137562014216,1.0095137562014216,0,0,1,45.34883705982025,,1.0095137562014216,40.13446891501474,,-4.204854388604083,40.345144589452445,,-3.994178714166381,41.432208684280766,,-2.90711461933806,41.27309333258644,0.993011474609375,-3.066229971032385,40.14487749602631,,-4.1944458075925155,1,0,0,1,1,0,0,1
982_0.81_0.68.png,982,0.81,0.68,0.75<=A<0.85,beta<0.8,0.75<=A<0.85 | beta<0.8,strong_official_q4,strong_cr_q4,content_k5_c2,residual_low_q1,42.501172785768645,,warm,42.9745475992664,0.473374813497756,0.473374813497756,0,0,1,42.9745475992664,,0.473374813497756,39.69963557626178,,-2.8015372095068685,39.51514191676218,,-2.9860308690064628,39.6666399861669,,-2.834532799601746,40.35976779311338,0.992104172706604,-2.141404992655268,39.70785887048872,,-2.7933139152799242,1,0,0,1,1,0,0,1
983_0.6_1.97.png,983,0.6,1.97,A<0.65,beta>=1.7,A<0.65 | beta>=1.7,strong_official_q4,strong_cr_q4,content_k5_c4,residual_low_q1,41.839221029414446,,warm,41.98088942180641,0.1416683923919635,0.1416683923919635,0,0,1,41.98088942180641,,0.1416683923919635,37.74278511761027,,-4.096435911804178,37.70075979319932,,-4.138461236215129,38.6197123395402,,-3.219508689874246,39.66877563613618,0.9877508282661438,-2.170445393278264,37.750022348531346,,-4.089198680883101,0,0,1,-1,0,0,1,-1
984_0.75_1.79.png,984,0.75,1.79,0.75<=A<0.85,beta>=1.7,0.75<=A<0.85 | beta>=1.7,strong_official_q4,strong_cr_q4,content_k5_c4,residual_midlow_q2,40.83913010940678,,warm,40.782262144291806,-0.05686796511497505,0.0,1,1,0,40.782262144291806,,-0.05686796511497505,35.79482472897563,,-5.044305380431155,35.801921647645145,,-5.037208461761637,36.52686390207152,,-4.312266207335263,37.448343414638295,0.9864593744277954,-3.3907866947684866,35.801816843639656,,-5.037313265767125,0,1,0,0,0,1,0,0
985_0.51_1.94.png,985,0.51,1.94,A<0.65,beta>=1.7,A<0.65 | beta>=1.7,strong_official_q4,strong_cr_q4,content_k5_c4,residual_midlow_q2,42.01650789466836,,warm,42.28588095270879,0.2693730580404292,0.2693730580404292,0,0,0,42.28588095270879,,0.2693730580404292,39.31384915016126,,-2.7026587445070973,39.23158252186664,,-2.784925372801716,39.5661717187045,,-2.450336175963855,40.725609335797266,0.9917346239089966,-1.290898558871092,39.326352898859184,,-2.6901549958091735,1,0,0,1,1,0,0,1
986_0.75_1.85.png,986,0.75,1.85,0.75<=A<0.85,beta>=1.7,0.75<=A<0.85 | beta>=1.7,strong_official_q4,strong_cr_q4,content_k5_c4,residual_high_q4,39.294563863736386,,warm,39.14507687264778,-0.14948699108860808,0.0,1,1,0,39.14507687264778,,-0.14948699108860808,36.64416588476362,,-2.6503979789727623,36.60430816858866,,-2.6902556951477266,35.17593188670739,,-4.118631977028997,37.37284395756623,0.9885120391845703,-1.9217199061701535,36.64982132151295,,-2.644742542223433,0,1,0,0,0,1,0,0
987_0.98_0.84.png,987,0.98,0.84,A>=0.95,0.8<=beta<1.1,A>=0.95 | 0.8<=beta<1.1,strong_official_q4,strong_cr_q4,content_k5_c2,residual_midhigh_q3,39.36125449228756,,warm,39.19116125028524,-0.17009324200231646,0.0,1,1,0,39.19116125028524,,-0.17009324200231646,39.14728263165088,,-0.21397186063667561,38.719642574710555,,-0.6416119175770021,37.83727689001194,,-1.5239776022756146,38.638807995647255,0.9921886324882507,-0.7224464966403019,39.15115846714333,,-0.21009602514422454,0,1,0,0,0,1,0,0
988_0.99_1.47.png,988,0.99,1.47,A>=0.95,1.4<=beta<1.7,A>=0.95 | 1.4<=beta<1.7,midhigh_official_q3,midhigh_cr_q3,content_k5_c4,residual_high_q4,37.47849083050199,,warm,37.412499604653206,-0.06599122584878359,0.0,1,0,0,37.412499604653206,,-0.06599122584878359,35.10634931392567,,-2.3721415165763204,33.48295996410865,,-3.995530866393338,34.12375781848759,,-3.3547330120143997,35.62830571414156,0.986797034740448,-1.8501851163604286,35.109232688777055,,-2.3692581417249343,0,1,0,0,0,1,0,0
989_0.52_1.33.png,989,0.52,1.33,A<0.65,1.1<=beta<1.4,A<0.65 | 1.1<=beta<1.4,strong_official_q4,midhigh_cr_q3,content_k5_c4,residual_midlow_q2,39.51039382667137,,warm,39.40073247242516,-0.1096613542462066,0.0,1,1,0,39.40073247242516,,-0.1096613542462066,34.350937451798494,,-5.159456374872875,37.0187841081821,,-2.491609718489265,37.79632920056156,,-1.7140646261098098,37.68609074516887,0.9879836440086365,-1.8243030815024994,34.34817223066143,,-5.162221596009935,0,1,0,0,0,1,0,0
98_0.88_0.57.png,98,0.88,0.57,0.85<=A<0.95,beta<0.8,0.85<=A<0.95 | beta<0.8,midlow_official_q2,midhigh_cr_q3,content_k5_c0,residual_low_q1,33.50098125618644,,residualcalib,34.66585036877367,1.1648691125872261,1.1648691125872261,0,0,1,34.02912432657559,,0.5281430703891488,34.32603832278756,,0.8250570666011185,33.984996522341056,,0.4840152661546142,34.66585036877367,,1.1648691125872261,33.41060096263873,0.9911789298057556,-0.09038029354771027,34.31716747573795,,0.8161862195515113,1,0,0,1,1,0,0,1
990_0.83_0.56.png,990,0.83,0.56,0.75<=A<0.85,beta<0.8,0.75<=A<0.85 | beta<0.8,strong_official_q4,strong_cr_q4,content_k5_c4,residual_low_q1,42.719220746458916,,warm,43.43698411164729,0.7177633651883752,0.7177633651883752,0,0,1,43.43698411164729,,0.7177633651883752,39.82140073275834,,-2.8978200137005743,38.58436326408301,,-4.134857482375907,38.757996454787026,,-3.96122429167189,39.22819930128714,0.9912722706794739,-3.491021445171775,39.82248593114649,,-2.8967348153124277,1,0,0,1,1,0,0,1
991_0.56_1.71.png,991,0.56,1.71,A<0.65,beta>=1.7,A<0.65 | beta>=1.7,midhigh_official_q3,midhigh_cr_q3,content_k5_c4,residual_midhigh_q3,37.763586278062704,,warm,37.68560334627755,-0.07798293178515081,0.0,1,0,0,37.68560334627755,,-0.07798293178515081,32.592753727062174,,-5.1708325510005295,35.40189273815618,,-2.3616935399065255,35.94309601706597,,-1.8204902609967348,34.995502625512884,0.9837895035743713,-2.7680836525498194,32.59034568030127,,-5.173240597761435,0,1,0,0,0,1,0,0
992_0.7_0.53.png,992,0.7,0.53,0.65<=A<0.75,beta<0.8,0.65<=A<0.75 | beta<0.8,strong_official_q4,strong_cr_q4,content_k5_c2,residual_low_q1,43.8985690589707,,warm,44.4172125132011,0.5186434542303999,0.5186434542303999,0,0,1,44.4172125132011,,0.5186434542303999,40.78749455405515,,-3.1110745049155497,40.21922980733783,,-3.679339251632868,40.42704568116043,,-3.4715233778102714,41.10829071904101,0.9926465153694153,-2.790278339929692,40.78640522687159,,-3.112163832099114,1,0,0,1,1,0,0,1
993_0.73_0.6.png,993,0.73,0.6,0.65<=A<0.75,beta<0.8,0.65<=A<0.75 | beta<0.8,strong_official_q4,midhigh_cr_q3,content_k5_c2,residual_midlow_q2,40.95525428709399,,warm,42.226391140734805,1.2711368536408116,1.2711368536408116,0,0,0,42.226391140734805,,1.2711368536408116,34.977737615311426,,-5.977516671782567,37.22759220199641,,-3.7276620850975846,38.04601425547973,,-2.90924003161426,38.04842325617987,0.9960876107215881,-2.9068310309141197,34.98599404997055,,-5.969260237123443,1,0,0,1,1,0,0,1
994_0.53_1.75.png,994,0.53,1.75,A<0.65,beta>=1.7,A<0.65 | beta>=1.7,midhigh_official_q3,midlow_cr_q2,content_k5_c1,residual_midlow_q2,35.69105951916875,,warm,36.06670470670267,0.3756451875339195,0.3756451875339195,0,0,0,36.06670470670267,,0.3756451875339195,31.343110686562746,,-4.347948832606008,32.676476888858346,,-3.0145826303104073,35.609082637785974,,-0.08197688138277925,32.240931237148,0.9919285774230957,-3.4501282820207564,31.351741211864162,,-4.339318307304591,1,0,0,1,1,0,0,1
995_0.53_1.8.png,995,0.53,1.8,A<0.65,beta>=1.7,A<0.65 | beta>=1.7,midhigh_official_q3,midlow_cr_q2,content_k5_c1,residual_midlow_q2,35.76636553686059,,warm,35.97457529902899,0.20820976216840137,0.20820976216840137,0,0,0,35.97457529902899,,0.20820976216840137,31.86142884955101,,-3.904936687309579,32.241821957530334,,-3.524543579330256,35.742908953515524,,-0.02345658334506595,32.47463917822356,0.9918086528778076,-3.2917263586370282,31.870644358797996,,-3.895721178062594,1,0,0,1,1,0,0,1
996_0.71_1.66.png,996,0.71,1.66,0.65<=A<0.75,1.4<=beta<1.7,0.65<=A<0.75 | 1.4<=beta<1.7,midhigh_official_q3,midlow_cr_q2,content_k5_c4,residual_high_q4,35.198825365595766,,warm,35.16428241675046,-0.0345429488453064,0.0,1,0,0,35.16428241675046,,-0.0345429488453064,29.281029890043193,,-5.917795475552573,31.235160229480442,,-3.963665136115324,31.020152953458897,,-4.178672412136869,32.56800018011981,0.9912508130073547,-2.630825185475956,29.286644893019588,,-5.912180472576178,0,1,0,0,0,1,0,0
997_1.0_0.71.png,997,1.0,0.71,A>=0.95,beta<0.8,A>=0.95 | beta<0.8,midhigh_official_q3,midhigh_cr_q3,content_k5_c2,residual_midlow_q2,35.57685514310693,,warm,35.54782950616137,-0.029025636945561928,0.0,1,0,0,35.54782950616137,,-0.029025636945561928,32.57282167230501,,-3.0040334708019216,32.42732029268594,,-3.1495348504209915,33.525650179324174,,-2.0512049637827587,32.63027823185816,0.9935510754585266,-2.946576911248769,32.57554843765383,,-3.0013067054531035,0,1,0,0,0,1,0,0
998_0.7_0.93.png,998,0.7,0.93,0.65<=A<0.75,0.8<=beta<1.1,0.65<=A<0.75 | 0.8<=beta<1.1,midhigh_official_q3,midhigh_cr_q3,content_k5_c2,residual_low_q1,35.73380588289926,,warm,36.18724421801671,0.4534383351174469,0.4534383351174469,0,0,1,36.18724421801671,,0.4534383351174469,35.54909069889721,,-0.18471518400205156,35.09358174791813,,-0.640224134981132,35.716911102419914,,-0.01689478047934756,36.068068729745015,0.995032012462616,0.33426284684575336,35.54771388114351,,-0.18609200175575324,1,0,0,1,1,0,0,1
999_0.88_0.61.png,999,0.88,0.61,0.85<=A<0.95,beta<0.8,0.85<=A<0.95 | beta<0.8,midhigh_official_q3,strong_cr_q4,content_k5_c2,residual_low_q1,37.71131713984464,,warm,37.708275125281176,-0.003042014563462203,0.0,1,0,1,37.708275125281176,,-0.003042014563462203,36.15289224150562,,-1.5584248983390196,35.48888185174106,,-2.2224352881035756,36.33842266306134,,-1.3728944767833013,36.41020195900524,0.9955958724021912,-1.3011151808393961,36.15093288456063,,-1.5603842552840064,0,1,0,0,0,1,0,0
99_0.75_1.69.png,99,0.75,1.69,0.75<=A<0.85,1.4<=beta<1.7,0.75<=A<0.85 | 1.4<=beta<1.7,midlow_official_q2,midhigh_cr_q3,content_k5_c3,residual_midlow_q2,32.12714734577044,,lfv1,32.84468758912526,0.7175402433548186,0.7175402433548186,0,0,0,32.734296776301164,,0.6071494305307255,32.49397967488968,,0.3668323291192408,32.84468758912526,,0.7175402433548186,32.40844055620563,,0.2812932104351944,31.514760985491716,0.9871182441711426,-0.6123863602787232,32.48717589096795,,0.36002854519750827,1,0,0,1,1,0,0,1
9_0.85_1.67.png,9,0.85,1.67,0.85<=A<0.95,1.4<=beta<1.7,0.85<=A<0.95 | 1.4<=beta<1.7,midhigh_official_q3,midhigh_cr_q3,content_k5_c3,residual_midlow_q2,36.17365441674338,,warm,35.80741682273156,-0.366237594011821,0.0,1,0,0,35.80741682273156,,-0.366237594011821,35.71948026225503,,-0.4541741544883493,33.80571094082036,,-2.3679434759230205,32.80936179193881,,-3.3642926248045697,31.417714995057526,0.991323709487915,-4.755939421685856,35.717552306890255,,-0.45610210985312705,0,1,0,0,0,1,0,0
