index,filename,image_id,airlight,beta,height,width,input_psnr,input_ssim,baseline_psnr,baseline_ssim,current_psnr,current_ssim,delta_psnr,delta_ssim,airlight_bin,beta_bin,airlight_beta_bin,baseline_strength_bin
1,1000_0.73_1.8.png,1000,0.73,1.8,480,640,21.34797847782968,0.9399944543838501,28.24249804090565,0.9886918663978577,29.083606036605914,0.9898658394813538,0.8411079957002627,0.0011739730834960938,0.65<=A<0.75,beta>=1.7,0.65<=A<0.75 | beta>=1.7,baseline_weakest_25
2,100_0.5_1.76.png,100,0.5,1.76,400,400,15.609945657187724,0.7223281264305115,30.57648415912629,0.9862955808639526,28.333793097829883,0.9874917268753052,-2.2426910612964086,0.001196146011352539,A<0.65,beta>=1.7,A<0.65 | beta>=1.7,baseline_middle_50
3,101_0.83_1.44.png,101,0.83,1.44,400,400,10.359807369608907,0.720355749130249,25.578229724978566,0.9686010479927063,23.83835743973669,0.9636284112930298,-1.7398722852418764,-0.004972636699676514,0.75<=A<0.85,1.4<=beta<1.7,0.75<=A<0.85 | 1.4<=beta<1.7,baseline_weakest_25
4,102_0.67_1.36.png,102,0.67,1.36,400,400,11.457589744981323,0.7599693536758423,25.183861705696152,0.9696736931800842,24.236561475140324,0.9634947776794434,-0.9473002305558289,-0.006178915500640869,0.65<=A<0.75,1.1<=beta<1.4,0.65<=A<0.75 | 1.1<=beta<1.4,baseline_weakest_25
5,103_0.94_0.98.png,103,0.94,0.98,400,400,12.420238502475016,0.786376416683197,27.040612252937407,0.9762679934501648,26.528454063404272,0.9736794233322144,-0.5121581895331353,-0.0025885701179504395,0.85<=A<0.95,0.8<=beta<1.1,0.85<=A<0.95 | 0.8<=beta<1.1,baseline_weakest_25
6,104_0.91_1.41.png,104,0.91,1.41,400,400,10.346996004583302,0.7144492864608765,26.112627759678823,0.9677022695541382,24.154585982412954,0.962372899055481,-1.9580417772658691,-0.0053293704986572266,0.85<=A<0.95,1.4<=beta<1.7,0.85<=A<0.95 | 1.4<=beta<1.7,baseline_weakest_25
7,105_0.84_0.8.png,105,0.84,0.8,400,400,21.790187248062463,0.9608063101768494,25.959153518009266,0.9803422093391418,25.794656549643122,0.9795946478843689,-0.16449696836614436,-0.0007475614547729492,0.75<=A<0.85,0.8<=beta<1.1,0.75<=A<0.85 | 0.8<=beta<1.1,baseline_weakest_25
8,106_0.59_1.07.png,106,0.59,1.07,400,400,24.377562460410246,0.9747257828712463,28.131729861637677,0.9805872440338135,27.96966657098106,0.9809557199478149,-0.16206329065661507,0.00036847591400146484,A<0.65,0.8<=beta<1.1,A<0.65 | 0.8<=beta<1.1,baseline_weakest_25
9,107_0.89_1.5.png,107,0.89,1.5,400,400,12.54811371449331,0.8407064080238342,27.3630775518492,0.9818595051765442,25.340984198773636,0.9759136438369751,-2.022093353075565,-0.005945861339569092,0.85<=A<0.95,1.4<=beta<1.7,0.85<=A<0.95 | 1.4<=beta<1.7,baseline_weakest_25
10,108_0.73_1.27.png,108,0.73,1.27,400,400,18.199268428950226,0.9230210185050964,27.61934867528982,0.9833579659461975,26.41685705613069,0.9791178703308105,-1.2024916191591295,-0.004240095615386963,0.65<=A<0.75,1.1<=beta<1.4,0.65<=A<0.75 | 1.1<=beta<1.4,baseline_weakest_25
11,109_0.74_1.74.png,109,0.74,1.74,400,400,14.103398922125699,0.8613152503967285,27.188750301080894,0.9832786321640015,29.29481432792899,0.9889912605285645,2.1060640268480952,0.005712628364562988,0.65<=A<0.75,beta>=1.7,0.65<=A<0.75 | beta>=1.7,baseline_weakest_25
12,10_0.6_1.67.png,10,0.6,1.67,400,400,16.447699349708618,0.870558500289917,30.85020942395621,0.9921467304229736,28.627184624083398,0.9915305972099304,-2.2230247998728103,-0.0006161332130432129,A<0.65,1.4<=beta<1.7,A<0.65 | 1.4<=beta<1.7,baseline_middle_50
13,110_0.68_1.22.png,110,0.68,1.22,400,400,19.501371282483888,0.9362725615501404,28.24326214173192,0.9899033904075623,27.919246995402066,0.9893113970756531,-0.3240151463298524,-0.0005919933319091797,0.65<=A<0.75,1.1<=beta<1.4,0.65<=A<0.75 | 1.1<=beta<1.4,baseline_weakest_25
14,111_0.98_0.89.png,111,0.98,0.89,400,400,18.76340486211127,0.9268628358840942,29.202982082698206,0.9874264001846313,27.819009361761154,0.9826988577842712,-1.3839727209370523,-0.004727542400360107,A>=0.95,0.8<=beta<1.1,A>=0.95 | 0.8<=beta<1.1,baseline_middle_50
15,112_0.54_0.98.png,112,0.54,0.98,400,400,24.955849219672803,0.9711683988571167,26.03360085926944,0.9913222193717957,26.61383682961699,0.9884142279624939,0.5802359703475481,-0.002907991409301758,A<0.65,0.8<=beta<1.1,A<0.65 | 0.8<=beta<1.1,baseline_weakest_25
16,113_0.71_1.48.png,113,0.71,1.48,400,400,12.738859149551786,0.7542374730110168,30.2270530885925,0.9784660935401917,31.671157425907758,0.9846225380897522,1.4441043373152596,0.006156444549560547,0.65<=A<0.75,1.4<=beta<1.7,0.65<=A<0.75 | 1.4<=beta<1.7,baseline_middle_50
17,114_0.7_0.91.png,114,0.7,0.91,400,400,15.969496373066253,0.8625573515892029,32.39491490011828,0.9861091375350952,34.63525523520314,0.9911083579063416,2.240340335084859,0.004999220371246338,0.65<=A<0.75,0.8<=beta<1.1,0.65<=A<0.75 | 0.8<=beta<1.1,baseline_middle_50
18,115_0.52_0.82.png,115,0.52,0.82,400,400,19.582632142951933,0.9146227836608887,36.03144236213285,0.992007851600647,36.55498225955282,0.9941326975822449,0.5235398974199725,0.0021248459815979004,A<0.65,0.8<=beta<1.1,A<0.65 | 0.8<=beta<1.1,baseline_middle_50
19,116_0.73_1.62.png,116,0.73,1.62,400,400,11.931531955251709,0.7238272428512573,29.800785991836012,0.9762475490570068,30.822697806169835,0.9817607998847961,1.0219118143338228,0.005513250827789307,0.65<=A<0.75,1.4<=beta<1.7,0.65<=A<0.75 | 1.4<=beta<1.7,baseline_middle_50
20,117_0.69_1.13.png,117,0.69,1.13,400,400,20.858106456432594,0.9190354347229004,27.72746619942145,0.9852119088172913,28.49988371718005,0.9869033694267273,0.7724175177586012,0.0016914606094360352,0.65<=A<0.75,1.1<=beta<1.4,0.65<=A<0.75 | 1.1<=beta<1.4,baseline_weakest_25
21,118_0.68_1.96.png,118,0.68,1.96,400,400,17.137817356880298,0.8440964818000793,25.473171013320485,0.9768790602684021,25.649836250110866,0.9784289002418518,0.17666523679038093,0.001549839973449707,0.65<=A<0.75,beta>=1.7,0.65<=A<0.75 | beta>=1.7,baseline_weakest_25
22,119_0.81_0.75.png,119,0.81,0.75,400,400,23.726289763331533,0.9448643326759338,29.585575888314793,0.9899871945381165,29.38343388350885,0.9902728796005249,-0.20214200480594258,0.00028568506240844727,0.75<=A<0.85,beta<0.8,0.75<=A<0.85 | beta<0.8,baseline_middle_50
23,11_0.98_0.72.png,11,0.98,0.72,400,400,18.03385224616276,0.9308559894561768,32.349558422861705,0.9950039982795715,35.62888222626584,0.9956389665603638,3.2793238034041323,0.0006349682807922363,A>=0.95,beta<0.8,A>=0.95 | beta<0.8,baseline_middle_50
24,120_0.8_0.89.png,120,0.8,0.89,400,400,22.402664948881444,0.931528627872467,29.073123145583985,0.9887459874153137,29.38400419183249,0.9892888069152832,0.3108810462485039,0.0005428194999694824,0.75<=A<0.85,0.8<=beta<1.1,0.75<=A<0.85 | 0.8<=beta<1.1,baseline_middle_50
25,121_0.86_1.21.png,121,0.86,1.21,400,400,12.647723528037101,0.7740514278411865,32.067017681217244,0.9834564328193665,30.14254645889966,0.979453980922699,-1.9244712223175853,-0.0040024518966674805,0.85<=A<0.95,1.1<=beta<1.4,0.85<=A<0.95 | 1.1<=beta<1.4,baseline_middle_50
26,122_0.94_1.72.png,122,0.94,1.72,400,400,9.075501060980086,0.6610303521156311,32.06126048651521,0.97845458984375,28.73606710809429,0.9717047214508057,-3.32519337842092,-0.006749868392944336,0.85<=A<0.95,beta>=1.7,0.85<=A<0.95 | beta>=1.7,baseline_middle_50
27,123_0.59_0.7.png,123,0.59,0.7,400,400,21.21668506204631,0.9254453182220459,31.95781430145071,0.9881306290626526,32.65924653679059,0.9884242415428162,0.7014322353398796,0.0002936124801635742,A<0.65,beta<0.8,A<0.65 | beta<0.8,baseline_middle_50
28,124_1.0_0.82.png,124,1.0,0.82,400,400,13.670452635078593,0.8206385970115662,31.469272664069354,0.9845576882362366,28.973631968942158,0.9825122356414795,-2.4956406951271966,-0.00204545259475708,A>=0.95,0.8<=beta<1.1,A>=0.95 | 0.8<=beta<1.1,baseline_middle_50
29,125_0.57_1.94.png,125,0.57,1.94,400,400,11.135551263404846,0.680870771408081,29.572335647308744,0.9854758977890015,27.159577317181572,0.9806712865829468,-2.412758330127172,-0.0048046112060546875,A<0.65,beta>=1.7,A<0.65 | beta>=1.7,baseline_middle_50
30,126_0.64_1.73.png,126,0.64,1.73,400,400,11.23489240136177,0.6935153603553772,31.154538966674338,0.9879656434059143,29.03276779857179,0.984652042388916,-2.1217711681025477,-0.003313601016998291,A<0.65,beta>=1.7,A<0.65 | beta>=1.7,baseline_middle_50
31,127_0.57_0.92.png,127,0.57,0.92,400,400,17.4635706871789,0.8673653602600098,32.13347927670212,0.9921829700469971,31.55576480355665,0.991186261177063,-0.5777144731454698,-0.000996708869934082,A<0.65,0.8<=beta<1.1,A<0.65 | 0.8<=beta<1.1,baseline_middle_50
32,128_0.65_0.67.png,128,0.65,0.67,400,400,19.36721281038843,0.9020578265190125,34.097944395095666,0.9940375089645386,32.88871405175055,0.9924531579017639,-1.2092303433451193,-0.0015843510627746582,0.65<=A<0.75,beta<0.8,0.65<=A<0.75 | beta<0.8,baseline_middle_50
33,129_0.76_1.71.png,129,0.76,1.71,400,400,11.7347034363892,0.666666567325592,32.01009311452526,0.9684204459190369,30.634799077604697,0.9603674411773682,-1.3752940369205646,-0.008053004741668701,0.75<=A<0.85,beta>=1.7,0.75<=A<0.85 | beta>=1.7,baseline_middle_50
34,12_0.75_1.95.png,12,0.75,1.95,400,400,13.631057796401361,0.8160576224327087,33.39421497063852,0.9895017743110657,31.320394379024485,0.9892316460609436,-2.0738205916140373,-0.0002701282501220703,0.75<=A<0.85,beta>=1.7,0.75<=A<0.85 | beta>=1.7,baseline_middle_50
35,130_0.9_0.92.png,130,0.9,0.92,400,400,15.225630339908056,0.7797244191169739,32.7766981872188,0.9757996201515198,31.134469436407755,0.9663097262382507,-1.642228750811043,-0.009489893913269043,0.85<=A<0.95,0.8<=beta<1.1,0.85<=A<0.95 | 0.8<=beta<1.1,baseline_middle_50
36,131_0.72_0.59.png,131,0.72,0.59,400,400,22.02968220186722,0.8977658748626709,34.73305005918795,0.9814453721046448,33.71254000122812,0.974595844745636,-1.0205100579598323,-0.006849527359008789,0.65<=A<0.75,beta<0.8,0.65<=A<0.75 | beta<0.8,baseline_middle_50
37,132_1.0_1.29.png,132,1.0,1.29,400,400,11.508636285997667,0.683469295501709,30.662620177349694,0.9637113213539124,29.1233264055208,0.9531573057174683,-1.5392937718288948,-0.010554015636444092,A>=0.95,1.1<=beta<1.4,A>=0.95 | 1.1<=beta<1.4,baseline_middle_50
38,133_0.67_1.65.png,133,0.67,1.65,400,400,14.54503550957278,0.7812089920043945,29.770044821935116,0.9845234751701355,29.66286769795265,0.9847827553749084,-0.10717712398246704,0.0002592802047729492,0.65<=A<0.75,1.4<=beta<1.7,0.65<=A<0.75 | 1.4<=beta<1.7,baseline_middle_50
39,134_0.53_0.77.png,134,0.53,0.77,400,400,20.059476479201336,0.9260807633399963,31.70011930616348,0.9907902479171753,30.373717473613837,0.990429699420929,-1.3264018325496423,-0.0003605484962463379,A<0.65,beta<0.8,A<0.65 | beta<0.8,baseline_middle_50
40,135_0.54_1.58.png,135,0.54,1.58,400,400,15.87693915722324,0.8100388050079346,29.26740011118494,0.9855383038520813,29.81354117379547,0.9870902299880981,0.5461410626105305,0.0015519261360168457,A<0.65,1.4<=beta<1.7,A<0.65 | 1.4<=beta<1.7,baseline_middle_50
41,136_0.75_0.8.png,136,0.75,0.8,400,400,18.04796452395559,0.8972182869911194,31.847143929357795,0.9901724457740784,30.99422293692513,0.9893423318862915,-0.8529209924326651,-0.0008301138877868652,0.75<=A<0.85,0.8<=beta<1.1,0.75<=A<0.85 | 0.8<=beta<1.1,baseline_middle_50
42,137_0.99_1.98.png,137,0.99,1.98,400,400,8.200817841122905,0.6581417322158813,28.271463760360902,0.9761341214179993,28.376843854677283,0.9767681360244751,0.10538009431638073,0.0006340146064758301,A>=0.95,beta>=1.7,A>=0.95 | beta>=1.7,baseline_weakest_25
43,138_1.0_1.48.png,138,1.0,1.48,400,400,9.819796892452842,0.7136504054069519,32.890747405971176,0.9843940734863281,31.170983646503913,0.9837679862976074,-1.7197637594672628,-0.0006260871887207031,A>=0.95,1.4<=beta<1.7,A>=0.95 | 1.4<=beta<1.7,baseline_middle_50
44,139_0.85_0.96.png,139,0.85,0.96,400,400,13.620262144169242,0.8219941258430481,33.54610771069155,0.9885581731796265,33.065269094815,0.989363968372345,-0.4808386158765501,0.0008057951927185059,0.85<=A<0.95,0.8<=beta<1.1,0.85<=A<0.95 | 0.8<=beta<1.1,baseline_middle_50
45,13_0.52_1.9.png,13,0.52,1.9,400,400,17.32064733079445,0.7858678698539734,30.878326244870003,0.9879580736160278,27.748540444493543,0.9826566576957703,-3.1297858003764603,-0.005301415920257568,A<0.65,beta>=1.7,A<0.65 | beta>=1.7,baseline_middle_50
46,140_0.94_1.55.png,140,0.94,1.55,400,400,9.69240697756609,0.7105016708374023,31.86886087791864,0.9833967089653015,30.252163425115903,0.9827725291252136,-1.616697452802736,-0.0006241798400878906,0.85<=A<0.95,1.4<=beta<1.7,0.85<=A<0.95 | 1.4<=beta<1.7,baseline_middle_50
47,141_0.79_1.1.png,141,0.79,1.1,400,400,14.364528648612286,0.7707449197769165,31.546255804890585,0.9868234395980835,32.42687028309973,0.9893539547920227,0.8806144782091465,0.002530515193939209,0.75<=A<0.85,1.1<=beta<1.4,0.75<=A<0.85 | 1.1<=beta<1.4,baseline_middle_50
48,142_0.96_1.88.png,142,0.96,1.88,400,400,9.07990225553592,0.5980791449546814,27.509540257178507,0.9729070663452148,26.91131717850361,0.9734619855880737,-0.5982230786748985,0.0005549192428588867,A>=0.95,beta>=1.7,A>=0.95 | beta>=1.7,baseline_weakest_25
49,143_0.68_1.8.png,143,0.68,1.8,400,400,12.308525886547537,0.6775362491607666,29.23705762488607,0.9806509613990784,28.24678042638267,0.9799852967262268,-0.9902771985033993,-0.0006656646728515625,0.65<=A<0.75,beta>=1.7,0.65<=A<0.75 | beta>=1.7,baseline_middle_50
50,144_0.6_0.66.png,144,0.6,0.66,400,400,20.67142869134932,0.9069802761077881,33.110848813431666,0.9898967146873474,34.39460115193049,0.9921882748603821,1.2837523384988216,0.002291560173034668,A<0.65,beta<0.8,A<0.65 | beta<0.8,baseline_middle_50
51,145_0.59_1.25.png,145,0.59,1.25,400,400,15.349530322235845,0.8568813800811768,23.603866554204057,0.959263026714325,22.384835244021154,0.9529694318771362,-1.2190313101829027,-0.006293594837188721,A<0.65,1.1<=beta<1.4,A<0.65 | 1.1<=beta<1.4,baseline_weakest_25
52,146_0.72_0.71.png,146,0.72,0.71,400,400,17.16970840773029,0.9002749919891357,25.73606409403714,0.9709088206291199,25.084737649995816,0.9687310457229614,-0.6513264440413238,-0.0021777749061584473,0.65<=A<0.75,beta<0.8,0.65<=A<0.75 | beta<0.8,baseline_weakest_25
53,147_0.87_1.14.png,147,0.87,1.14,400,400,12.163499186667941,0.819038987159729,22.207241635095883,0.9522393941879272,20.70390040935053,0.9444584250450134,-1.503341225745352,-0.007780969142913818,0.85<=A<0.95,1.1<=beta<1.4,0.85<=A<0.95 | 1.1<=beta<1.4,baseline_weakest_25
54,148_0.51_1.15.png,148,0.51,1.15,400,400,16.439284136602236,0.8797754645347595,24.363326975483695,0.9653105139732361,23.155640987193422,0.9584996104240417,-1.2076859882902724,-0.006810903549194336,A<0.65,1.1<=beta<1.4,A<0.65 | 1.1<=beta<1.4,baseline_weakest_25
55,149_0.8_1.92.png,149,0.8,1.92,400,400,12.565712025395959,0.7993361949920654,31.175959176327417,0.9862514138221741,30.1281091822935,0.9857795834541321,-1.0478499940339177,-0.0004718303680419922,0.75<=A<0.85,beta>=1.7,0.75<=A<0.85 | beta>=1.7,baseline_middle_50
56,14_0.98_1.76.png,14,0.98,1.76,400,400,9.538012161705163,0.6679147481918335,27.863449390153505,0.9831972122192383,27.19308290538773,0.9820111393928528,-0.6703664847657755,-0.001186072826385498,A>=0.95,beta>=1.7,A>=0.95 | beta>=1.7,baseline_weakest_25
57,150_0.6_1.29.png,150,0.6,1.29,400,400,20.452484473455335,0.9328266978263855,33.93514598789849,0.9925143718719482,33.92323138892045,0.9924846291542053,-0.011914598978037816,-2.9742717742919922e-05,A<0.65,1.1<=beta<1.4,A<0.65 | 1.1<=beta<1.4,baseline_middle_50
58,151_0.86_1.95.png,151,0.86,1.95,400,400,11.838732844426536,0.780813455581665,29.074167600548854,0.9845964908599854,29.18389838797994,0.9836583733558655,0.10973078743108644,-0.000938117504119873,0.85<=A<0.95,beta>=1.7,0.85<=A<0.95 | beta>=1.7,baseline_middle_50
59,152_0.61_1.16.png,152,0.61,1.16,400,400,21.69242685176954,0.9450699090957642,34.697406239647684,0.9931742548942566,34.75150994949513,0.9930137991905212,0.05410370984744617,-0.00016045570373535156,A<0.65,1.1<=beta<1.4,A<0.65 | 1.1<=beta<1.4,baseline_middle_50
60,153_0.96_1.61.png,153,0.96,1.61,400,400,11.460543639899164,0.7872135639190674,28.11467917094182,0.9685016870498657,28.364686485769223,0.9689323306083679,0.25000731482740335,0.00043064355850219727,A>=0.95,1.4<=beta<1.7,A>=0.95 | 1.4<=beta<1.7,baseline_weakest_25
61,154_0.97_1.3.png,154,0.97,1.3,400,400,13.035508836174222,0.823555588722229,28.923144591214786,0.9718631505966187,29.185722553176046,0.974278450012207,0.2625779619612594,0.002415299415588379,A>=0.95,1.1<=beta<1.4,A>=0.95 | 1.1<=beta<1.4,baseline_middle_50
62,155_0.68_1.77.png,155,0.68,1.77,400,400,13.00674623210969,0.8171200156211853,28.956803285684096,0.9762974977493286,31.127922075397507,0.9797878861427307,2.171118789713411,0.0034903883934020996,0.65<=A<0.75,beta>=1.7,0.65<=A<0.75 | beta>=1.7,baseline_middle_50
63,156_0.53_1.42.png,156,0.53,1.42,400,400,18.15499105136879,0.893946647644043,30.904392629073477,0.9852278828620911,31.83503293041825,0.9844052195549011,0.9306403013447735,-0.0008226633071899414,A<0.65,1.4<=beta<1.7,A<0.65 | 1.4<=beta<1.7,baseline_middle_50
64,157_0.94_0.74.png,157,0.94,0.74,400,400,13.65881405839077,0.7716119885444641,32.79760644373448,0.9837653636932373,33.3803090062642,0.9881221652030945,0.5827025625297182,0.004356801509857178,0.85<=A<0.95,beta<0.8,0.85<=A<0.95 | beta<0.8,baseline_middle_50
65,158_0.83_0.86.png,158,0.83,0.86,400,400,13.75602389467723,0.7638489007949829,33.26865747366054,0.9839484691619873,32.738508648592976,0.9867568016052246,-0.5301488250675632,0.0028083324432373047,0.75<=A<0.85,0.8<=beta<1.1,0.75<=A<0.85 | 0.8<=beta<1.1,baseline_middle_50
66,159_0.64_0.71.png,159,0.64,0.71,400,400,17.581275951070584,0.8379876613616943,34.42508363358188,0.9855318665504456,35.50800002199475,0.9903479218482971,1.082916388412869,0.0048160552978515625,A<0.65,beta<0.8,A<0.65 | beta<0.8,baseline_middle_50
67,15_0.99_1.38.png,15,0.99,1.38,400,400,11.131657516354823,0.7463123798370361,27.84311128214422,0.9843974113464355,27.596501023947823,0.9848265647888184,-0.24661025819639804,0.0004291534423828125,A>=0.95,1.1<=beta<1.4,A>=0.95 | 1.1<=beta<1.4,baseline_weakest_25
68,160_0.94_1.85.png,160,0.94,1.85,400,400,7.975195154484689,0.541861891746521,29.915821391183886,0.9709837436676025,27.53732021024012,0.9654480218887329,-2.378501180943765,-0.005535721778869629,0.85<=A<0.95,beta>=1.7,0.85<=A<0.95 | beta>=1.7,baseline_middle_50
69,161_0.56_1.13.png,161,0.56,1.13,400,400,18.28716537918541,0.9313605427742004,28.439077800488867,0.9882044792175293,24.31980023922864,0.9785352945327759,-4.119277561260226,-0.009669184684753418,A<0.65,1.1<=beta<1.4,A<0.65 | 1.1<=beta<1.4,baseline_weakest_25
70,162_0.9_0.74.png,162,0.9,0.74,400,400,18.80407923796513,0.935499906539917,32.7785498588608,0.9912295937538147,28.587170985214804,0.9855349063873291,-4.191378873645995,-0.005694687366485596,0.85<=A<0.95,beta<0.8,0.85<=A<0.95 | beta<0.8,baseline_middle_50
71,163_0.97_1.57.png,163,0.97,1.57,400,400,13.122649735544229,0.8344894647598267,29.638289673558074,0.9821630716323853,25.15624221840084,0.9704046845436096,-4.4820474551572325,-0.011758387088775635,A>=0.95,1.4<=beta<1.7,A>=0.95 | 1.4<=beta<1.7,baseline_middle_50
72,164_0.84_1.26.png,164,0.84,1.26,400,400,15.262316284016283,0.8844103217124939,29.418386122131498,0.9860591888427734,26.013017191532754,0.9779918193817139,-3.405368930598744,-0.00806736946105957,0.75<=A<0.85,1.1<=beta<1.4,0.75<=A<0.85 | 1.1<=beta<1.4,baseline_middle_50
73,165_0.8_0.79.png,165,0.8,0.79,400,400,20.983163785717267,0.8692274689674377,28.02199112611746,0.9795738458633423,27.375570688731653,0.9696819186210632,-0.6464204373858067,-0.009891927242279053,0.75<=A<0.85,beta<0.8,0.75<=A<0.85 | beta<0.8,baseline_weakest_25
74,166_0.74_1.47.png,166,0.74,1.47,400,400,14.691217530309256,0.731041669845581,27.87104204275043,0.9634413123130798,30.626166318300637,0.9738790392875671,2.7551242755502052,0.010437726974487305,0.65<=A<0.75,1.4<=beta<1.7,0.65<=A<0.75 | 1.4<=beta<1.7,baseline_weakest_25
75,167_0.53_1.34.png,167,0.53,1.34,400,400,18.80419716937379,0.8476434350013733,29.400639654759026,0.9796637296676636,33.08919319766672,0.9802570343017578,3.688553542907691,0.0005933046340942383,A<0.65,1.1<=beta<1.4,A<0.65 | 1.1<=beta<1.4,baseline_middle_50
76,168_0.8_1.19.png,168,0.8,1.19,400,400,16.07208196238688,0.766139566898346,26.047183176457764,0.9685554504394531,27.656583150074773,0.9695000648498535,1.609399973617009,0.0009446144104003906,0.75<=A<0.85,1.1<=beta<1.4,0.75<=A<0.85 | 1.1<=beta<1.4,baseline_weakest_25
77,169_0.77_1.51.png,169,0.77,1.51,400,400,9.764712956522159,0.5597204566001892,23.029082050098154,0.904515266418457,24.680048840828764,0.9314911365509033,1.6509667907306103,0.02697587013244629,0.75<=A<0.85,1.4<=beta<1.7,0.75<=A<0.85 | 1.4<=beta<1.7,baseline_weakest_25
78,16_0.6_1.46.png,16,0.6,1.46,400,400,17.33629589589791,0.8483312129974365,31.855191651839057,0.9892427325248718,31.41242646803922,0.9874902367591858,-0.4427651837998354,-0.0017524957656860352,A<0.65,1.4<=beta<1.7,A<0.65 | 1.4<=beta<1.7,baseline_middle_50
79,170_0.96_1.28.png,170,0.96,1.28,400,400,9.286438153474242,0.5651288032531738,23.727844936584983,0.9118860363960266,25.172942758723305,0.9353654980659485,1.4450978221383224,0.023479461669921875,A>=0.95,1.1<=beta<1.4,A>=0.95 | 1.1<=beta<1.4,baseline_weakest_25
80,171_0.81_0.74.png,171,0.81,0.74,400,400,14.10760982146786,0.7250635027885437,24.90607756073533,0.9296591281890869,26.37077057790107,0.9463744759559631,1.4646930171657395,0.01671534776687622,0.75<=A<0.85,beta<0.8,0.75<=A<0.85 | beta<0.8,baseline_weakest_25
81,172_0.86_1.47.png,172,0.86,1.47,400,400,9.209361562143927,0.5478372573852539,23.298118165474023,0.9052196145057678,25.003532590553405,0.9321494698524475,1.7054144250793826,0.026929855346679688,0.85<=A<0.95,1.4<=beta<1.7,0.85<=A<0.95 | 1.4<=beta<1.7,baseline_weakest_25
82,173_0.83_1.31.png,173,0.83,1.31,400,400,17.371454997965692,0.9237631559371948,22.129521326354368,0.9788908362388611,21.723382514907573,0.9797914028167725,-0.40613881144679453,0.000900566577911377,0.75<=A<0.85,1.1<=beta<1.4,0.75<=A<0.85 | 1.1<=beta<1.4,baseline_weakest_25
83,174_0.97_0.75.png,174,0.97,0.75,400,400,20.946079557564087,0.9589924812316895,25.07123205087896,0.9863472580909729,24.98860340518039,0.986970067024231,-0.08262864569857342,0.0006228089332580566,A>=0.95,beta<0.8,A>=0.95 | beta<0.8,baseline_weakest_25
84,175_0.86_1.38.png,175,0.86,1.38,400,400,15.997387916382511,0.9126349091529846,24.208396443255516,0.9825429320335388,23.503702820279415,0.981102466583252,-0.7046936229761016,-0.0014404654502868652,0.85<=A<0.95,1.1<=beta<1.4,0.85<=A<0.95 | 1.1<=beta<1.4,baseline_weakest_25
85,176_0.77_0.84.png,176,0.77,0.84,400,400,23.042713457659477,0.9717004299163818,21.605900622163276,0.980330765247345,21.558985722589338,0.984186589717865,-0.04691489957393813,0.0038558244705200195,0.75<=A<0.85,0.8<=beta<1.1,0.75<=A<0.85 | 0.8<=beta<1.1,baseline_weakest_25
86,177_0.65_1.52.png,177,0.65,1.52,400,400,16.9312543520919,0.8757264018058777,28.515536058278293,0.9846926927566528,25.54753831837464,0.9827458262443542,-2.9679977399036517,-0.001946866512298584,0.65<=A<0.75,1.4<=beta<1.7,0.65<=A<0.75 | 1.4<=beta<1.7,baseline_weakest_25
87,178_0.64_1.88.png,178,0.64,1.88,400,400,15.587535282123177,0.8431252837181091,27.62415798629453,0.9794257283210754,25.594135035789588,0.9779140949249268,-2.030022950504943,-0.0015116333961486816,A<0.65,beta>=1.7,A<0.65 | beta>=1.7,baseline_weakest_25
88,179_0.78_1.87.png,179,0.78,1.87,400,400,16.015873701885344,0.8496071696281433,26.10405715477598,0.9821368455886841,24.360851099155937,0.9798929691314697,-1.7432060556200426,-0.0022438764572143555,0.75<=A<0.85,beta>=1.7,0.75<=A<0.85 | beta>=1.7,baseline_weakest_25
89,17_0.54_0.92.png,17,0.54,0.92,400,400,18.33325221687098,0.8217495083808899,34.76811079811749,0.9844865798950195,34.09150967232315,0.9804691672325134,-0.6766011257943418,-0.0040174126625061035,A<0.65,0.8<=beta<1.1,A<0.65 | 0.8<=beta<1.1,baseline_middle_50
90,180_0.79_1.22.png,180,0.79,1.22,400,400,18.342742250903804,0.8992883563041687,29.08324331732329,0.9889882206916809,25.208559948231194,0.9848946928977966,-3.8746833690920965,-0.004093527793884277,0.75<=A<0.85,1.1<=beta<1.4,0.75<=A<0.85 | 1.1<=beta<1.4,baseline_middle_50
91,181_0.82_0.77.png,181,0.82,0.77,400,400,20.55541093363322,0.9557443857192993,28.011386999683,0.9902372360229492,30.317874699440384,0.9932669997215271,2.3064876997573833,0.003029763698577881,0.75<=A<0.85,beta<0.8,0.75<=A<0.85 | beta<0.8,baseline_weakest_25
92,182_0.89_1.0.png,182,0.89,1.0,400,400,17.472162685383314,0.9317448139190674,26.929913213595384,0.9878251552581787,28.209602854410953,0.9914005994796753,1.279689640815569,0.003575444221496582,0.85<=A<0.95,0.8<=beta<1.1,0.85<=A<0.95 | 0.8<=beta<1.1,baseline_weakest_25
93,183_0.86_1.21.png,183,0.86,1.21,400,400,16.59120274297408,0.9192861318588257,26.021422776732315,0.9844364523887634,28.482476617512724,0.9903900027275085,2.4610538407804086,0.005953550338745117,0.85<=A<0.95,1.1<=beta<1.4,0.85<=A<0.95 | 1.1<=beta<1.4,baseline_weakest_25
94,184_0.83_0.77.png,184,0.83,0.77,400,400,20.40631227307715,0.955058753490448,27.987045452465644,0.9904117584228516,29.79603475067263,0.9933291673660278,1.8089892982069848,0.0029174089431762695,0.75<=A<0.85,beta<0.8,0.75<=A<0.85 | beta<0.8,baseline_weakest_25
95,185_0.79_1.23.png,185,0.79,1.23,400,400,13.620729116912592,0.8454121351242065,31.574847670119006,0.988918125629425,31.473530198873767,0.9884849190711975,-0.10131747124523827,-0.00043320655822753906,0.75<=A<0.85,1.1<=beta<1.4,0.75<=A<0.85 | 1.1<=beta<1.4,baseline_middle_50
96,186_0.74_1.02.png,186,0.74,1.02,400,400,15.241509704973268,0.8781782388687134,32.186545457680914,0.9907094240188599,31.868535521232065,0.9897924661636353,-0.3180099364488491,-0.0009169578552246094,0.65<=A<0.75,0.8<=beta<1.1,0.65<=A<0.75 | 0.8<=beta<1.1,baseline_middle_50
97,187_0.93_1.99.png,187,0.93,1.99,400,400,10.275639568426083,0.7440600395202637,28.41848634501404,0.9790786504745483,28.331836503817847,0.97794508934021,-0.08664984119619135,-0.001133561134338379,0.85<=A<0.95,beta>=1.7,0.85<=A<0.95 | beta>=1.7,baseline_weakest_25
98,188_0.91_0.91.png,188,0.91,0.91,400,400,14.797104780135669,0.8739095330238342,31.618015034674887,0.9902470707893372,30.402503925371647,0.9893432855606079,-1.2155111093032396,-0.000903785228729248,0.85<=A<0.95,0.8<=beta<1.1,0.85<=A<0.95 | 0.8<=beta<1.1,baseline_middle_50
99,189_0.71_1.65.png,189,0.71,1.65,400,400,12.404016511896657,0.824554443359375,28.82384244664282,0.9795600175857544,28.32709453509747,0.976460874080658,-0.49674791154535214,-0.0030991435050964355,0.65<=A<0.75,1.4<=beta<1.7,0.65<=A<0.75 | 1.4<=beta<1.7,baseline_middle_50
100,18_0.67_1.61.png,18,0.67,1.61,400,400,12.872692094187329,0.6914923191070557,34.05692660643717,0.9736901521682739,32.67783154263524,0.9698095321655273,-1.379095063801934,-0.003880620002746582,0.65<=A<0.75,1.4<=beta<1.7,0.65<=A<0.75 | 1.4<=beta<1.7,baseline_middle_50
101,190_0.67_1.29.png,190,0.67,1.29,400,400,14.719869651207752,0.870384693145752,29.1126389183447,0.9825862050056458,28.110368938486033,0.9770538806915283,-1.0022699798586672,-0.005532324314117432,0.65<=A<0.75,1.1<=beta<1.4,0.65<=A<0.75 | 1.1<=beta<1.4,baseline_middle_50
102,191_0.86_1.88.png,191,0.86,1.88,400,400,10.914899734393265,0.7866133451461792,30.989612169313343,0.9799134135246277,31.862658809810487,0.9781302809715271,0.8730466404971438,-0.001783132553100586,0.85<=A<0.95,beta>=1.7,0.85<=A<0.95 | beta>=1.7,baseline_middle_50
103,192_0.78_1.42.png,192,0.78,1.42,400,400,13.132673402250617,0.8403010368347168,30.200437766931216,0.9830809831619263,29.589103144374565,0.9788934588432312,-0.6113346225566509,-0.004187524318695068,0.75<=A<0.85,1.4<=beta<1.7,0.75<=A<0.85 | 1.4<=beta<1.7,baseline_middle_50
104,193_0.52_0.72.png,193,0.52,0.72,400,400,20.18904516199069,0.9472264647483826,26.87810319052806,0.992098331451416,26.861149436224807,0.9918606281280518,-0.016953754303251856,-0.0002377033233642578,A<0.65,beta<0.8,A<0.65 | beta<0.8,baseline_weakest_25
105,194_0.78_1.46.png,194,0.78,1.46,400,400,15.318573956322439,0.8234334588050842,28.70087633366376,0.9865981936454773,28.583295193143947,0.9868109226226807,-0.11758114051981394,0.00021272897720336914,0.75<=A<0.85,1.4<=beta<1.7,0.75<=A<0.85 | 1.4<=beta<1.7,baseline_weakest_25
106,195_0.61_1.47.png,195,0.61,1.47,400,400,16.511716874570865,0.8435496091842651,27.659056800964215,0.9873335957527161,26.94331025784588,0.9853631854057312,-0.7157465431183354,-0.0019704103469848633,A<0.65,1.4<=beta<1.7,A<0.65 | 1.4<=beta<1.7,baseline_weakest_25
107,196_0.67_0.7.png,196,0.67,0.7,400,400,21.09002903649749,0.9408908486366272,30.670735419504027,0.9942631721496582,29.089086947334874,0.9928021430969238,-1.581648472169153,-0.001461029052734375,0.65<=A<0.75,beta<0.8,0.65<=A<0.75 | beta<0.8,baseline_middle_50
108,197_0.88_1.9.png,197,0.88,1.9,400,400,9.268437160058271,0.6013458967208862,29.796291871936678,0.9718430042266846,27.104732270991562,0.9583198428153992,-2.6915596009451157,-0.0135231614112854,0.85<=A<0.95,beta>=1.7,0.85<=A<0.95 | beta>=1.7,baseline_middle_50
109,198_0.99_0.62.png,198,0.99,0.62,400,400,16.289434434343928,0.8173574209213257,35.22021424593723,0.9894158840179443,35.44163836384102,0.9878243803977966,0.22142411790379413,-0.001591503620147705,A>=0.95,beta<0.8,A>=0.95 | beta<0.8,baseline_middle_50
110,199_0.58_1.12.png,199,0.58,1.12,400,400,15.004043373201114,0.773779571056366,33.89754083200594,0.9879196882247925,34.29239171934777,0.984345555305481,0.39485088734183194,-0.0035741329193115234,A<0.65,1.1<=beta<1.4,A<0.65 | 1.1<=beta<1.4,baseline_middle_50
111,19_0.7_1.99.png,19,0.7,1.99,400,400,11.306740110058378,0.635794997215271,33.37448508483537,0.9712690114974976,31.914080742942666,0.9643140435218811,-1.4604043418927048,-0.006954967975616455,0.65<=A<0.75,beta>=1.7,0.65<=A<0.75 | beta>=1.7,baseline_middle_50
112,1_0.89_1.56.png,1,0.89,1.56,400,400,10.280320370168283,0.6234567761421204,32.77993817194257,0.9847835302352905,30.726897415187935,0.9855181574821472,-2.0530407567546334,0.0007346272468566895,0.85<=A<0.95,1.4<=beta<1.7,0.85<=A<0.95 | 1.4<=beta<1.7,baseline_middle_50
113,200_0.81_1.52.png,200,0.81,1.52,400,400,10.99159260818617,0.6621325612068176,34.343160713291695,0.982027530670166,30.950739591979435,0.9727458953857422,-3.3924211213122604,-0.009281635284423828,0.75<=A<0.85,1.4<=beta<1.7,0.75<=A<0.85 | 1.4<=beta<1.7,baseline_middle_50
114,201_0.88_0.95.png,201,0.88,0.95,400,400,19.40699362173263,0.9238725304603577,30.261938482898486,0.9915314316749573,30.12931481951778,0.9906986951828003,-0.13262366338070564,-0.0008327364921569824,0.85<=A<0.95,0.8<=beta<1.1,0.85<=A<0.95 | 0.8<=beta<1.1,baseline_middle_50
115,202_0.92_0.59.png,202,0.92,0.59,400,400,22.39593660935141,0.9566868543624878,31.835414034632677,0.9942426681518555,31.715682705099514,0.993519127368927,-0.11973132953316323,-0.0007235407829284668,0.85<=A<0.95,beta<0.8,0.85<=A<0.95 | beta<0.8,baseline_middle_50
116,203_1.0_1.96.png,203,1.0,1.96,400,400,12.846637231266943,0.7992081046104431,25.11959773877631,0.9801099300384521,25.734783877162645,0.9797811508178711,0.6151861383863348,-0.0003287792205810547,A>=0.95,beta>=1.7,A>=0.95 | beta>=1.7,baseline_weakest_25
117,204_0.7_1.37.png,204,0.7,1.37,400,400,19.530796617616584,0.9071317911148071,29.953535683302167,0.9897807240486145,29.450952318656643,0.9893059730529785,-0.502583364645524,-0.00047475099563598633,0.65<=A<0.75,1.1<=beta<1.4,0.65<=A<0.75 | 1.1<=beta<1.4,baseline_middle_50
118,205_0.62_1.05.png,205,0.62,1.05,400,400,20.514862657747933,0.939469039440155,29.2472359675715,0.9829729199409485,30.715840579892692,0.9850502014160156,1.4686046123211938,0.0020772814750671387,A<0.65,0.8<=beta<1.1,A<0.65 | 0.8<=beta<1.1,baseline_middle_50
119,206_0.58_0.83.png,206,0.58,0.83,400,400,24.13071435248331,0.9683284163475037,30.979595274459637,0.9864165186882019,32.077140026837576,0.9882897138595581,1.0975447523779387,0.0018731951713562012,A<0.65,0.8<=beta<1.1,A<0.65 | 0.8<=beta<1.1,baseline_middle_50
120,207_0.84_0.64.png,207,0.84,0.64,400,400,21.100528877431444,0.9538005590438843,29.275458936423533,0.9826551079750061,30.88374384198228,0.9861658811569214,1.6082849055587474,0.003510773181915283,0.75<=A<0.85,beta<0.8,0.75<=A<0.85 | beta<0.8,baseline_middle_50
121,208_0.67_0.92.png,208,0.67,0.92,400,400,20.852546485362428,0.9448012709617615,28.984902369609088,0.9826838374137878,30.689263215313716,0.9851545691490173,1.7043608457046275,0.002470731735229492,0.65<=A<0.75,0.8<=beta<1.1,0.65<=A<0.75 | 0.8<=beta<1.1,baseline_middle_50
122,209_0.97_1.99.png,209,0.97,1.99,400,400,10.640463463846874,0.7660452723503113,29.429490606266242,0.9830749034881592,29.31056355771082,0.9818424582481384,-0.11892704855542036,-0.001232445240020752,A>=0.95,beta>=1.7,A>=0.95 | beta>=1.7,baseline_middle_50
123,20_0.58_1.76.png,20,0.58,1.76,400,400,13.938556708030296,0.6970716118812561,35.20960940595803,0.9761431217193604,33.874098111705536,0.9696069955825806,-1.3355112942524912,-0.006536126136779785,A<0.65,beta>=1.7,A<0.65 | beta>=1.7,baseline_middle_50
124,210_0.63_1.2.png,210,0.63,1.2,400,400,17.94015613796985,0.9005948901176453,27.482756331494524,0.9898692965507507,27.027240554887207,0.9891560077667236,-0.45551577660731724,-0.0007132887840270996,A<0.65,1.1<=beta<1.4,A<0.65 | 1.1<=beta<1.4,baseline_weakest_25
125,211_0.94_0.77.png,211,0.94,0.77,400,400,17.182496609097576,0.9100202322006226,32.563862800224584,0.9914219975471497,34.082452654962054,0.9925537705421448,1.5185898547374705,0.0011317729949951172,0.85<=A<0.95,beta<0.8,0.85<=A<0.95 | beta<0.8,baseline_middle_50
126,212_0.54_1.78.png,212,0.54,1.78,400,400,16.17461354988308,0.8584255576133728,26.689988227141058,0.9856049418449402,30.719255061017282,0.9877517819404602,4.029266833876225,0.0021468400955200195,A<0.65,beta>=1.7,A<0.65 | beta>=1.7,baseline_weakest_25
127,213_0.7_1.14.png,213,0.7,1.14,400,400,19.149824654314067,0.9173517227172852,27.667593306471314,0.9872523546218872,26.139104863969095,0.985383927822113,-1.5284884425022192,-0.00186842679977417,0.65<=A<0.75,1.1<=beta<1.4,0.65<=A<0.75 | 1.1<=beta<1.4,baseline_weakest_25
128,214_0.62_0.87.png,214,0.62,0.87,400,400,20.91657505882118,0.9485132694244385,27.9127657416843,0.9898170828819275,26.307055235251507,0.98716139793396,-1.6057105064327928,-0.0026556849479675293,A<0.65,0.8<=beta<1.1,A<0.65 | 0.8<=beta<1.1,baseline_weakest_25
129,215_0.91_1.29.png,215,0.91,1.29,400,400,15.258516641490766,0.8733862638473511,26.036179726762498,0.9829270839691162,25.022733637233916,0.9841724038124084,-1.013446089528582,0.0012453198432922363,0.85<=A<0.95,1.1<=beta<1.4,0.85<=A<0.95 | 1.1<=beta<1.4,baseline_weakest_25
130,216_0.94_0.88.png,216,0.94,0.88,400,400,17.264226986300407,0.9175963401794434,27.797150060085478,0.9885613918304443,25.606485930769168,0.9868940114974976,-2.1906641293163105,-0.0016673803329467773,0.85<=A<0.95,0.8<=beta<1.1,0.85<=A<0.95 | 0.8<=beta<1.1,baseline_weakest_25
131,217_0.86_1.31.png,217,0.86,1.31,400,400,14.725731184515258,0.8808556199073792,32.34243377144362,0.9912419319152832,33.00189747215398,0.9914183616638184,0.6594637007103543,0.00017642974853515625,0.85<=A<0.95,1.1<=beta<1.4,0.85<=A<0.95 | 1.1<=beta<1.4,baseline_middle_50
132,218_0.53_1.18.png,218,0.53,1.18,400,400,21.762918099755687,0.9428542852401733,24.6898848946592,0.989970862865448,27.661495861333858,0.9925647377967834,2.971610966674657,0.0025938749313354492,A<0.65,1.1<=beta<1.4,A<0.65 | 1.1<=beta<1.4,baseline_weakest_25
133,219_0.62_1.27.png,219,0.62,1.27,400,400,20.77383431884607,0.9284816384315491,30.75273715155456,0.9932229518890381,35.18108238813804,0.9942140579223633,4.428345236583478,0.0009911060333251953,A<0.65,1.1<=beta<1.4,A<0.65 | 1.1<=beta<1.4,baseline_middle_50
134,21_0.7_1.86.png,21,0.7,1.86,400,400,13.465128050588383,0.7741098999977112,26.19500607510664,0.9476673007011414,26.304831200039636,0.9514656066894531,0.10982512493299623,0.0037983059883117676,0.65<=A<0.75,beta>=1.7,0.65<=A<0.75 | beta>=1.7,baseline_weakest_25
135,220_0.68_1.35.png,220,0.68,1.35,400,400,18.718680850536323,0.9112768173217773,36.28487021430579,0.99327552318573,38.0077579294186,0.993690013885498,1.7228877151128117,0.0004144906997680664,0.65<=A<0.75,1.1<=beta<1.4,0.65<=A<0.75 | 1.1<=beta<1.4,baseline_strongest_25
136,221_0.63_0.68.png,221,0.63,0.68,400,400,22.734971976864614,0.9644641876220703,28.785029272647535,0.9911692142486572,26.160880761333452,0.9897608160972595,-2.6241485113140826,-0.001408398151397705,A<0.65,beta<0.8,A<0.65 | beta<0.8,baseline_middle_50
137,222_0.76_0.62.png,222,0.76,0.62,400,400,22.74032034988568,0.9615945219993591,30.149143546125295,0.9904179573059082,27.461494832774438,0.9907152056694031,-2.687648713350857,0.00029724836349487305,0.75<=A<0.85,beta<0.8,0.75<=A<0.85 | beta<0.8,baseline_middle_50
138,223_0.66_1.32.png,223,0.66,1.32,400,400,17.91078899820949,0.900809645652771,27.51743961522424,0.9838500618934631,24.871121910928405,0.9832212328910828,-2.6463177042958357,-0.0006288290023803711,0.65<=A<0.75,1.1<=beta<1.4,0.65<=A<0.75 | 1.1<=beta<1.4,baseline_weakest_25
139,224_0.7_1.92.png,224,0.7,1.92,400,400,15.281574682793968,0.8378002047538757,25.57534993909812,0.9772374033927917,25.07173460434448,0.9793880581855774,-0.5036153347536398,0.0021506547927856445,0.65<=A<0.75,beta>=1.7,0.65<=A<0.75 | beta>=1.7,baseline_weakest_25
140,225_0.7_0.86.png,225,0.7,0.86,400,400,16.447447662638837,0.8803595304489136,29.889214797461605,0.9811432361602783,29.658993048596773,0.98074871301651,-0.2302217488648317,-0.00039452314376831055,0.65<=A<0.75,0.8<=beta<1.1,0.65<=A<0.75 | 0.8<=beta<1.1,baseline_middle_50
141,226_0.92_1.94.png,226,0.92,1.94,400,400,9.134873156082172,0.6373410224914551,25.978361182495426,0.9584833383560181,25.537485413481967,0.9520798325538635,-0.44087576901345926,-0.006403505802154541,0.85<=A<0.95,beta>=1.7,0.85<=A<0.95 | beta>=1.7,baseline_weakest_25
142,227_0.61_0.93.png,227,0.61,0.93,400,400,16.741285082498358,0.8839338421821594,30.259832543092053,0.9833061099052429,30.01142232296075,0.981943666934967,-0.24841022013130143,-0.001362442970275879,A<0.65,0.8<=beta<1.1,A<0.65 | 0.8<=beta<1.1,baseline_middle_50
143,228_0.6_1.2.png,228,0.6,1.2,400,400,14.963864085231652,0.840659499168396,29.73935640491128,0.9820986390113831,29.728706905718013,0.9810614585876465,-0.010649499193267076,-0.0010371804237365723,A<0.65,1.1<=beta<1.4,A<0.65 | 1.1<=beta<1.4,baseline_middle_50
144,229_0.53_0.63.png,229,0.53,0.63,400,400,23.389875565595005,0.9748921990394592,28.953156201224537,0.9954248666763306,31.719628108154218,0.9959508180618286,2.766471906929681,0.0005259513854980469,A<0.65,beta<0.8,A<0.65 | beta<0.8,baseline_middle_50
145,22_0.77_1.45.png,22,0.77,1.45,400,400,14.589193688571836,0.8012186288833618,27.892591758187493,0.9520931243896484,28.541809662255098,0.9611251354217529,0.6492179040676049,0.009032011032104492,0.75<=A<0.85,1.4<=beta<1.7,0.75<=A<0.85 | 1.4<=beta<1.7,baseline_weakest_25
146,230_0.95_0.66.png,230,0.95,0.66,400,400,17.9173072372317,0.9253607392311096,34.97458772676326,0.9954900145530701,34.7145900768625,0.9951351284980774,-0.259997649900761,-0.0003548860549926758,A>=0.95,beta<0.8,A>=0.95 | beta<0.8,baseline_middle_50
147,231_0.55_1.16.png,231,0.55,1.16,400,400,17.6874538829713,0.9009902477264404,30.08821900821557,0.9937201738357544,35.47838064374734,0.9946010112762451,5.390161635531772,0.0008808374404907227,A<0.65,1.1<=beta<1.4,A<0.65 | 1.1<=beta<1.4,baseline_middle_50
148,232_0.58_1.19.png,232,0.58,1.19,400,400,17.781394335998684,0.8940786719322205,31.36712619023458,0.9939144849777222,35.66540982583452,0.9944648742675781,4.298283635599944,0.000550389289855957,A<0.65,1.1<=beta<1.4,A<0.65 | 1.1<=beta<1.4,baseline_middle_50
149,233_0.72_1.98.png,233,0.72,1.98,400,400,10.942313370885426,0.8205994963645935,25.006423016688334,0.9583258032798767,25.975778380362208,0.9667415022850037,0.9693553636738734,0.008415699005126953,0.65<=A<0.75,beta>=1.7,0.65<=A<0.75 | beta>=1.7,baseline_weakest_25
150,234_0.63_1.11.png,234,0.63,1.11,400,400,15.656681256924305,0.9174114465713501,26.072675229898575,0.9683979749679565,27.240801622920337,0.9728054404258728,1.1681263930217618,0.00440746545791626,A<0.65,1.1<=beta<1.4,A<0.65 | 1.1<=beta<1.4,baseline_weakest_25
151,235_0.9_0.72.png,235,0.9,0.72,400,400,18.454864360197494,0.9491826891899109,24.244052160258278,0.9616501331329346,24.574649213351304,0.9628883600234985,0.330597053093026,0.0012382268905639648,0.85<=A<0.95,beta<0.8,0.85<=A<0.95 | beta<0.8,baseline_weakest_25
152,236_0.77_1.96.png,236,0.77,1.96,400,400,10.969687554784851,0.8194621205329895,24.80176611497367,0.9577743411064148,26.2419809388118,0.9687030911445618,1.4402148238381294,0.010928750038146973,0.75<=A<0.85,beta>=1.7,0.75<=A<0.85 | beta>=1.7,baseline_weakest_25
153,237_0.94_0.77.png,237,0.94,0.77,400,400,16.21826079794011,0.7656853199005127,33.7631047513834,0.9798838496208191,33.38853344569847,0.9858604073524475,-0.37457130568493113,0.005976557731628418,0.85<=A<0.95,beta<0.8,0.85<=A<0.95 | beta<0.8,baseline_middle_50
154,238_0.95_1.84.png,238,0.95,1.84,400,400,7.700011520206644,0.4822986125946045,31.478719233491816,0.9730557799339294,29.96446489706253,0.9745408892631531,-1.5142543364292855,0.0014851093292236328,A>=0.95,beta>=1.7,A>=0.95 | beta>=1.7,baseline_middle_50
155,239_0.85_1.8.png,239,0.85,1.8,400,400,8.75800736363981,0.5175477266311646,32.223839679179974,0.9776820540428162,29.82080213957987,0.9788146018981934,-2.4030375396001027,0.0011325478553771973,0.85<=A<0.95,beta>=1.7,0.85<=A<0.95 | beta>=1.7,baseline_middle_50
156,23_0.58_0.76.png,23,0.58,0.76,400,400,20.66220624504776,0.8859502673149109,32.36899371049488,0.9588857293128967,31.721123259296693,0.9660936594009399,-0.6478704511981839,0.007207930088043213,A<0.65,beta<0.8,A<0.65 | beta<0.8,baseline_middle_50
157,240_0.99_1.13.png,240,0.99,1.13,400,400,11.19945867785579,0.6242799758911133,33.3009491751053,0.9794225096702576,31.563268106782175,0.9832965135574341,-1.737681068323127,0.0038740038871765137,A>=0.95,1.1<=beta<1.4,A>=0.95 | 1.1<=beta<1.4,baseline_middle_50
158,241_0.85_0.72.png,241,0.85,0.72,400,400,17.25368628012904,0.9123193621635437,28.039340936757064,0.9864552021026611,28.891930451871914,0.9888355135917664,0.8525895151148504,0.0023803114891052246,0.85<=A<0.95,beta<0.8,0.85<=A<0.95 | beta<0.8,baseline_weakest_25
159,242_0.62_1.18.png,242,0.62,1.18,400,400,15.114057420377403,0.8705973029136658,23.703543040680373,0.9809510707855225,25.51047366240247,0.9851948618888855,1.806930621722099,0.004243791103363037,A<0.65,1.1<=beta<1.4,A<0.65 | 1.1<=beta<1.4,baseline_weakest_25
160,243_0.7_1.66.png,243,0.7,1.66,400,400,11.912560806409036,0.7776098847389221,22.97079506290138,0.9782809615135193,24.209694126662434,0.9806063771247864,1.2388990637610533,0.00232541561126709,0.65<=A<0.75,1.4<=beta<1.7,0.65<=A<0.75 | 1.4<=beta<1.7,baseline_weakest_25
161,244_0.67_1.65.png,244,0.67,1.65,400,400,12.178878794974446,0.7874085903167725,22.67009598852372,0.9779161810874939,24.117970914025257,0.9809147119522095,1.4478749255015373,0.002998530864715576,0.65<=A<0.75,1.4<=beta<1.7,0.65<=A<0.75 | 1.4<=beta<1.7,baseline_weakest_25
162,245_0.99_1.32.png,245,0.99,1.32,400,400,10.023929040743301,0.6489742398262024,32.3697557804464,0.9727043509483337,33.738324483862606,0.9794800281524658,1.3685687034162086,0.00677567720413208,A>=0.95,1.1<=beta<1.4,A>=0.95 | 1.1<=beta<1.4,baseline_middle_50
163,246_0.77_1.86.png,246,0.77,1.86,400,400,9.180073909038729,0.5903552174568176,28.303489071977648,0.964579701423645,31.351039000453298,0.9768578410148621,3.04754992847565,0.012278139591217041,0.75<=A<0.85,beta>=1.7,0.75<=A<0.85 | beta>=1.7,baseline_weakest_25
164,247_0.59_1.34.png,247,0.59,1.34,400,400,12.826194720966754,0.7385240793228149,32.33295959085274,0.981187105178833,32.188412435837975,0.9802929759025574,-0.144547155014763,-0.0008941292762756348,A<0.65,1.1<=beta<1.4,A<0.65 | 1.1<=beta<1.4,baseline_middle_50
165,248_0.62_1.13.png,248,0.62,1.13,400,400,13.783189898895712,0.7755221724510193,33.61439304197338,0.9831893444061279,33.03270329552445,0.9790704250335693,-0.5816897464489301,-0.004118919372558594,A<0.65,1.1<=beta<1.4,A<0.65 | 1.1<=beta<1.4,baseline_middle_50
166,249_0.85_1.68.png,249,0.85,1.68,400,400,12.974674911805542,0.8224896192550659,19.91307904902271,0.9631569385528564,21.407112077139978,0.9683089852333069,1.4940330281172685,0.0051520466804504395,0.85<=A<0.95,1.4<=beta<1.7,0.85<=A<0.95 | 1.4<=beta<1.7,baseline_weakest_25
167,24_1.0_0.62.png,24,1.0,0.62,400,400,19.329210021951887,0.8757272958755493,33.613501822718696,0.9591721892356873,33.66057097217705,0.9703876376152039,0.047069149458351944,0.011215448379516602,A>=0.95,beta<0.8,A>=0.95 | beta<0.8,baseline_middle_50
168,250_0.69_1.38.png,250,0.69,1.38,400,400,16.897120234217407,0.8871490359306335,22.61611738475951,0.9746015667915344,24.890906854962182,0.9799352884292603,2.2747894702026734,0.00533372163772583,0.65<=A<0.75,1.1<=beta<1.4,0.65<=A<0.75 | 1.1<=beta<1.4,baseline_weakest_25
169,251_0.55_1.12.png,251,0.55,1.12,400,400,19.610284716418427,0.9322816729545593,27.73373354728878,0.9859113097190857,28.866520116562707,0.9872761964797974,1.1327865692739287,0.00136488676071167,A<0.65,1.1<=beta<1.4,A<0.65 | 1.1<=beta<1.4,baseline_weakest_25
170,252_0.51_0.51.png,252,0.51,0.51,400,400,24.67456549614731,0.9808297157287598,33.0724146498923,0.9922029972076416,33.190002050217046,0.9932859539985657,0.11758740032474435,0.0010829567909240723,A<0.65,beta<0.8,A<0.65 | beta<0.8,baseline_middle_50
171,253_0.53_1.99.png,253,0.53,1.99,400,400,13.904013397726104,0.7933495044708252,19.947114399247155,0.9721939563751221,25.96771830825629,0.9790759086608887,6.020603909009136,0.0068819522857666016,A<0.65,beta>=1.7,A<0.65 | beta>=1.7,baseline_weakest_25
172,254_0.7_0.56.png,254,0.7,0.56,400,400,23.702585665769583,0.9611066579818726,36.83487852663321,0.9955981373786926,39.20873908824559,0.9958328604698181,2.373860561612382,0.00023472309112548828,0.65<=A<0.75,beta<0.8,0.65<=A<0.75 | beta<0.8,baseline_strongest_25
173,255_0.53_1.86.png,255,0.53,1.86,400,400,14.1645911370906,0.8079404830932617,21.740919801598764,0.9784173369407654,26.989324708994246,0.9827675819396973,5.248404907395482,0.004350244998931885,A<0.65,beta>=1.7,A<0.65 | beta>=1.7,baseline_weakest_25
174,256_0.51_1.17.png,256,0.51,1.17,400,400,15.97144496721934,0.8900002241134644,27.709233450724334,0.9911487102508545,33.55816388079628,0.9922273755073547,5.848930430071945,0.0010786652565002441,A<0.65,1.1<=beta<1.4,A<0.65 | 1.1<=beta<1.4,baseline_weakest_25
175,257_0.57_1.44.png,257,0.57,1.44,400,400,17.847753767551797,0.781534731388092,19.061758472844257,0.9243372678756714,19.39029492127508,0.9296464920043945,0.3285364484308211,0.0053092241287231445,A<0.65,1.4<=beta<1.7,A<0.65 | 1.4<=beta<1.7,baseline_weakest_25
176,258_0.98_1.6.png,258,0.98,1.6,400,400,11.554256325417649,0.6822091937065125,25.670865835227307,0.9592701196670532,25.37853897017434,0.961854875087738,-0.2923268650529671,0.0025847554206848145,A>=0.95,1.4<=beta<1.7,A>=0.95 | 1.4<=beta<1.7,baseline_weakest_25
177,259_0.71_0.98.png,259,0.71,0.98,400,400,19.214316822536524,0.8296808004379272,24.54910965365004,0.96816486120224,25.24738248539933,0.9754219055175781,0.6982728317492928,0.007257044315338135,0.65<=A<0.75,0.8<=beta<1.1,0.65<=A<0.75 | 0.8<=beta<1.1,baseline_weakest_25
178,25_0.5_1.67.png,25,0.5,1.67,400,400,17.53195465030954,0.8607256412506104,31.395886429735725,0.9847670793533325,33.41419774667654,0.9877630472183228,2.0183113169408173,0.0029959678649902344,A<0.65,1.4<=beta<1.7,A<0.65 | 1.4<=beta<1.7,baseline_middle_50
179,260_0.57_1.92.png,260,0.57,1.92,400,400,16.11211451671251,0.7120532393455505,16.711449196906884,0.8717606663703918,17.069561317088283,0.8804405927658081,0.35811212018139926,0.00867992639541626,A<0.65,beta>=1.7,A<0.65 | beta>=1.7,baseline_weakest_25
180,261_0.79_1.66.png,261,0.79,1.66,400,400,12.955422942283619,0.8364942669868469,22.629315941569125,0.9642186164855957,21.372309114759513,0.9613183736801147,-1.2570068268096115,-0.002900242805480957,0.75<=A<0.85,1.4<=beta<1.7,0.75<=A<0.85 | 1.4<=beta<1.7,baseline_weakest_25
181,262_0.58_0.98.png,262,0.58,0.98,400,400,22.762294499832127,0.9535022974014282,29.92330371991999,0.9856866002082825,28.25238065834114,0.9853029847145081,-1.6709230615788506,-0.00038361549377441406,A<0.65,0.8<=beta<1.1,A<0.65 | 0.8<=beta<1.1,baseline_middle_50
182,263_0.94_1.82.png,263,0.94,1.82,400,400,9.933503525818272,0.7780722975730896,19.907846636308044,0.9505914449691772,20.46207466045621,0.9540836215019226,0.5542280241481663,0.0034921765327453613,0.85<=A<0.95,beta>=1.7,0.85<=A<0.95 | beta>=1.7,baseline_weakest_25
183,264_0.77_1.87.png,264,0.77,1.87,400,400,12.72889763966113,0.8238482475280762,21.785998224860013,0.9603270292282104,20.386808390150772,0.9560561180114746,-1.3991898347092402,-0.00427091121673584,0.75<=A<0.85,beta>=1.7,0.75<=A<0.85 | beta>=1.7,baseline_weakest_25
184,265_0.72_0.95.png,265,0.72,0.95,400,400,19.601959185374653,0.9321678876876831,28.94348020897086,0.9891398549079895,29.994864062601096,0.9890211224555969,1.0513838536302345,-0.00011873245239257812,0.65<=A<0.75,0.8<=beta<1.1,0.65<=A<0.75 | 0.8<=beta<1.1,baseline_middle_50
185,266_0.71_1.06.png,266,0.71,1.06,400,400,18.905325082823396,0.9228031635284424,28.70742915018115,0.9881795644760132,29.860452328150128,0.988701581954956,1.1530231779689792,0.0005220174789428711,0.65<=A<0.75,0.8<=beta<1.1,0.65<=A<0.75 | 0.8<=beta<1.1,baseline_middle_50
186,267_0.94_0.99.png,267,0.94,0.99,400,400,16.25673926597303,0.8988330960273743,28.515283182009124,0.9887561202049255,28.659589211605415,0.9876418113708496,0.14430602959629013,-0.0011143088340759277,0.85<=A<0.95,0.8<=beta<1.1,0.85<=A<0.95 | 0.8<=beta<1.1,baseline_weakest_25
187,268_0.7_1.83.png,268,0.7,1.83,400,400,15.687631263008289,0.8553687334060669,25.1071110894595,0.9800422191619873,25.699984957169256,0.9824614524841309,0.5928738677097556,0.0024192333221435547,0.65<=A<0.75,beta>=1.7,0.65<=A<0.75 | beta>=1.7,baseline_weakest_25
188,269_0.97_1.84.png,269,0.97,1.84,400,400,11.56970218002051,0.7553978562355042,22.12610057877823,0.9675161838531494,22.45895236733717,0.9689067602157593,0.33285178855893705,0.0013905763626098633,A>=0.95,beta>=1.7,A>=0.95 | beta>=1.7,baseline_weakest_25
189,26_0.93_1.97.png,26,0.93,1.97,400,400,8.920422864168124,0.6258049607276917,29.09664061991412,0.9793573617935181,27.302774608236252,0.9771453738212585,-1.793866011677867,-0.0022119879722595215,0.85<=A<0.95,beta>=1.7,0.85<=A<0.95 | beta>=1.7,baseline_middle_50
190,270_0.73_1.75.png,270,0.73,1.75,400,400,16.279416644489952,0.8137919306755066,28.923308729711298,0.9807167649269104,30.29735703821801,0.9819006323814392,1.374048308506712,0.0011838674545288086,0.65<=A<0.75,beta>=1.7,0.65<=A<0.75 | beta>=1.7,baseline_middle_50
191,271_0.97_1.97.png,271,0.97,1.97,400,400,11.254143755238083,0.7416805028915405,21.295968760802104,0.9619006514549255,21.52706964439064,0.9635498523712158,0.2311008835885353,0.0016492009162902832,A>=0.95,beta>=1.7,A>=0.95 | beta>=1.7,baseline_weakest_25
192,272_0.94_1.17.png,272,0.94,1.17,400,400,14.505540203434958,0.8466655015945435,27.593053531616576,0.9851118326187134,27.214562603282427,0.9839909076690674,-0.37849092833414844,-0.001120924949645996,0.85<=A<0.95,1.1<=beta<1.4,0.85<=A<0.95 | 1.1<=beta<1.4,baseline_weakest_25
193,273_0.85_0.7.png,273,0.85,0.7,400,400,18.22480766268229,0.910785436630249,31.12042185588285,0.9931368231773376,30.56732513905061,0.9929574728012085,-0.5530967168322398,-0.0001793503761291504,0.85<=A<0.95,beta<0.8,0.85<=A<0.95 | beta<0.8,baseline_middle_50
194,274_0.71_1.95.png,274,0.71,1.95,400,400,10.892575127631531,0.7097625136375427,29.50777857869069,0.9845786094665527,31.054387731507948,0.9848109483718872,1.5466091528172576,0.00023233890533447266,0.65<=A<0.75,beta>=1.7,0.65<=A<0.75 | beta>=1.7,baseline_middle_50
195,275_0.63_2.0.png,275,0.63,2.0,400,400,12.152489750335068,0.7256569266319275,29.411185765374377,0.9846705794334412,31.492639685800214,0.9856722950935364,2.0814539204258367,0.0010017156600952148,A<0.65,beta>=1.7,A<0.65 | beta>=1.7,baseline_middle_50
196,276_0.83_1.69.png,276,0.83,1.69,400,400,10.916162984746634,0.7216506004333496,28.84408419811458,0.9864246845245361,28.05429050352059,0.9861049652099609,-0.789793694593989,-0.0003197193145751953,0.75<=A<0.85,1.4<=beta<1.7,0.75<=A<0.85 | 1.4<=beta<1.7,baseline_middle_50
197,277_0.66_1.5.png,277,0.66,1.5,400,400,18.295390748958557,0.9069629907608032,31.96942719276096,0.9911445379257202,30.723190261330465,0.9928600192070007,-1.246236931430495,0.0017154812812805176,0.65<=A<0.75,1.4<=beta<1.7,0.65<=A<0.75 | 1.4<=beta<1.7,baseline_middle_50
198,278_0.98_1.19.png,278,0.98,1.19,400,400,16.67428165355869,0.886421799659729,27.229961770150478,0.9890487194061279,27.759887033376835,0.990386962890625,0.5299252632263567,0.0013382434844970703,A>=0.95,1.1<=beta<1.4,A>=0.95 | 1.1<=beta<1.4,baseline_weakest_25
199,279_0.94_1.64.png,279,0.94,1.64,400,400,14.717602901033986,0.8495253920555115,26.449407637175266,0.9868247509002686,26.429355619858335,0.9867680668830872,-0.020052017316931625,-5.6684017181396484e-05,0.85<=A<0.95,1.4<=beta<1.7,0.85<=A<0.95 | 1.4<=beta<1.7,baseline_weakest_25
200,27_0.76_0.89.png,27,0.76,0.89,400,400,20.003972983114853,0.9080857634544373,31.8206429722509,0.9897463917732239,32.080841431434905,0.9904476404190063,0.26019845918400364,0.0007012486457824707,0.75<=A<0.85,0.8<=beta<1.1,0.75<=A<0.85 | 0.8<=beta<1.1,baseline_middle_50
201,280_0.71_1.47.png,280,0.71,1.47,400,400,18.407510061780275,0.9029117226600647,30.523768133162474,0.9908058643341064,29.886298589740004,0.9926321506500244,-0.6374695434224691,0.0018262863159179688,0.65<=A<0.75,1.4<=beta<1.7,0.65<=A<0.75 | 1.4<=beta<1.7,baseline_middle_50
202,281_0.8_1.72.png,281,0.8,1.72,400,400,16.822666252524773,0.9039716720581055,23.498119746118277,0.9846569299697876,25.376884887586463,0.9830685257911682,1.878765141468186,-0.0015884041786193848,0.75<=A<0.85,beta>=1.7,0.75<=A<0.85 | beta>=1.7,baseline_weakest_25
203,282_0.78_1.39.png,282,0.78,1.39,400,400,18.37530381830671,0.9320919513702393,22.811995667381986,0.9868114590644836,25.48147019813799,0.9859143495559692,2.6694745307560055,-0.0008971095085144043,0.75<=A<0.85,1.1<=beta<1.4,0.75<=A<0.85 | 1.1<=beta<1.4,baseline_weakest_25
204,283_0.79_1.68.png,283,0.79,1.68,400,400,16.995828921333484,0.9081162810325623,22.959748088191525,0.9847628474235535,25.291917402194475,0.9839658737182617,2.3321693140029502,-0.000796973705291748,0.75<=A<0.85,1.4<=beta<1.7,0.75<=A<0.85 | 1.4<=beta<1.7,baseline_weakest_25
205,284_0.8_1.86.png,284,0.8,1.86,400,400,16.279382987095364,0.8931032419204712,23.31266943543899,0.9837790727615356,25.08756355752402,0.9819508194923401,1.7748941220850298,-0.0018282532691955566,0.75<=A<0.85,beta>=1.7,0.75<=A<0.85 | beta>=1.7,baseline_weakest_25
206,285_0.71_1.94.png,285,0.71,1.94,400,400,10.084738413733703,0.6549056172370911,33.12367016558931,0.9842345714569092,30.25206028291992,0.9858074188232422,-2.8716098826693894,0.0015728473663330078,0.65<=A<0.75,beta>=1.7,0.65<=A<0.75 | beta>=1.7,baseline_middle_50
207,286_0.6_1.07.png,286,0.6,1.07,400,400,15.074400280055876,0.8210034370422363,33.93464774636755,0.9920779466629028,32.100486458826495,0.9924638271331787,-1.8341612875410576,0.0003858804702758789,A<0.65,0.8<=beta<1.1,A<0.65 | 0.8<=beta<1.1,baseline_middle_50
208,287_0.77_1.14.png,287,0.77,1.14,400,400,12.978465800365758,0.7728320360183716,33.19601627518311,0.9889629483222961,33.105061624644236,0.991424560546875,-0.09095465053887608,0.0024616122245788574,0.75<=A<0.85,1.1<=beta<1.4,0.75<=A<0.85 | 1.1<=beta<1.4,baseline_middle_50
209,288_0.82_1.17.png,288,0.82,1.17,400,400,12.393492841588534,0.7575480341911316,32.61044151016917,0.9872963428497314,33.225318521819204,0.991290271282196,0.6148770116500373,0.0039939284324646,0.75<=A<0.85,1.1<=beta<1.4,0.75<=A<0.85 | 1.1<=beta<1.4,baseline_middle_50
210,289_0.61_0.88.png,289,0.61,0.88,400,400,20.528383778522986,0.9420157670974731,29.463370410245233,0.9923102855682373,30.057789264574026,0.9931828379631042,0.5944188543287936,0.0008725523948669434,A<0.65,0.8<=beta<1.1,A<0.65 | 0.8<=beta<1.1,baseline_middle_50
211,28_0.81_1.96.png,28,0.81,1.96,400,400,9.925085735097268,0.664765477180481,29.98390854807246,0.9823437333106995,28.456870311412462,0.9816349744796753,-1.5270382366599975,-0.0007087588310241699,0.75<=A<0.85,beta>=1.7,0.75<=A<0.85 | beta>=1.7,baseline_middle_50
212,290_0.66_1.66.png,290,0.66,1.66,400,400,16.543256500216454,0.8554443717002869,28.41149183926948,0.987352728843689,28.467157670193295,0.9879550337791443,0.0556658309238145,0.0006023049354553223,0.65<=A<0.75,1.4<=beta<1.7,0.65<=A<0.75 | 1.4<=beta<1.7,baseline_weakest_25
213,291_0.52_0.89.png,291,0.52,0.89,400,400,19.686222616736654,0.9452973008155823,27.987110017630727,0.991950511932373,29.35768542721318,0.9933992028236389,1.3705754095824538,0.0014486908912658691,A<0.65,0.8<=beta<1.1,A<0.65 | 0.8<=beta<1.1,baseline_weakest_25
214,292_0.81_0.91.png,292,0.81,0.91,400,400,18.90789724800611,0.9224324226379395,30.160837156831906,0.9925938844680786,30.226995288755802,0.992687463760376,0.06615813192389552,9.357929229736328e-05,0.75<=A<0.85,0.8<=beta<1.1,0.75<=A<0.85 | 0.8<=beta<1.1,baseline_middle_50
215,293_0.71_1.13.png,293,0.71,1.13,400,400,19.63640339583688,0.9391353130340576,28.374810045328786,0.9892352819442749,28.22688722341144,0.9901747703552246,-0.14792282191734785,0.000939488410949707,0.65<=A<0.75,1.1<=beta<1.4,0.65<=A<0.75 | 1.1<=beta<1.4,baseline_weakest_25
216,294_0.89_1.44.png,294,0.89,1.44,400,400,16.468675544634735,0.890855073928833,28.14026077245426,0.986089825630188,29.15734488534868,0.9886372685432434,1.0170841128944232,0.00254744291305542,0.85<=A<0.95,1.4<=beta<1.7,0.85<=A<0.95 | 1.4<=beta<1.7,baseline_weakest_25
217,295_0.64_0.73.png,295,0.64,0.73,400,400,21.697228984504097,0.9719729423522949,28.138739530144154,0.9913687705993652,28.21517576746406,0.9921106696128845,0.07643623731990701,0.0007418990135192871,A<0.65,beta<0.8,A<0.65 | beta<0.8,baseline_weakest_25
218,296_0.97_1.18.png,296,0.97,1.18,400,400,16.613076757047214,0.9094690680503845,28.478706991737212,0.9875110983848572,30.226976111099756,0.9902313947677612,1.7482691193625435,0.0027202963829040527,A>=0.95,1.1<=beta<1.4,A>=0.95 | 1.1<=beta<1.4,baseline_weakest_25
219,297_0.69_1.91.png,297,0.69,1.91,400,400,11.15138312017432,0.7418334484100342,31.76218310600872,0.9864019751548767,30.852608256543373,0.9843259453773499,-0.9095748494653471,-0.0020760297775268555,0.65<=A<0.75,beta>=1.7,0.65<=A<0.75 | beta>=1.7,baseline_middle_50
220,298_0.63_1.85.png,298,0.63,1.85,400,400,11.907500469713138,0.7624281048774719,32.58100939981952,0.9884236454963684,30.79879565068,0.9857696890830994,-1.7822137491395225,-0.002653956413269043,A<0.65,beta>=1.7,A<0.65 | beta>=1.7,baseline_middle_50
221,299_0.72_1.91.png,299,0.72,1.91,400,400,10.893475737862788,0.7357219457626343,31.391738779401372,0.9855313897132874,30.860940955539462,0.9837766885757446,-0.53079782386191,-0.0017547011375427246,0.65<=A<0.75,beta>=1.7,0.65<=A<0.75 | beta>=1.7,baseline_middle_50
222,29_0.85_1.7.png,29,0.85,1.7,400,400,9.920514713041923,0.6583492159843445,29.34294925618735,0.9665235877037048,29.431589473456306,0.9608839154243469,0.08864021726895643,-0.00563967227935791,0.85<=A<0.95,beta>=1.7,0.85<=A<0.95 | beta>=1.7,baseline_middle_50
223,2_0.93_1.66.png,2,0.93,1.66,400,400,9.608130398311,0.5985805988311768,32.68931459169171,0.9832623600959778,30.26727004013582,0.9832647442817688,-2.422044551555892,2.384185791015625e-06,0.85<=A<0.95,1.4<=beta<1.7,0.85<=A<0.95 | 1.4<=beta<1.7,baseline_middle_50
224,300_0.92_0.72.png,300,0.92,0.72,400,400,16.651775041436107,0.8930976390838623,35.93096856131426,0.9949609637260437,34.866840354894194,0.9937841892242432,-1.0641282064200652,-0.0011767745018005371,0.85<=A<0.95,beta<0.8,0.85<=A<0.95 | beta<0.8,baseline_middle_50
225,301_0.75_0.88.png,301,0.75,0.88,400,400,19.550177187759733,0.9452588558197021,26.382663511442317,0.9712930917739868,26.470299065048483,0.9709532856941223,0.08763555360616593,-0.00033980607986450195,0.75<=A<0.85,0.8<=beta<1.1,0.75<=A<0.85 | 0.8<=beta<1.1,baseline_weakest_25
226,302_0.69_0.75.png,302,0.69,0.75,400,400,23.0659122461342,0.9678573608398438,26.77822373350352,0.9736108779907227,26.119963298963498,0.971684455871582,-0.658260434540022,-0.001926422119140625,0.65<=A<0.75,beta<0.8,0.65<=A<0.75 | beta<0.8,baseline_weakest_25
227,303_0.89_1.94.png,303,0.89,1.94,400,400,9.795707625666903,0.7717025876045227,26.315142885204175,0.9660070538520813,24.79038371649611,0.9541249871253967,-1.5247591687080657,-0.01188206672668457,0.85<=A<0.95,beta>=1.7,0.85<=A<0.95 | beta>=1.7,baseline_weakest_25
228,304_0.91_0.92.png,304,0.91,0.92,400,400,16.032692472521784,0.910420298576355,25.183553481179274,0.9644307494163513,25.541124263822596,0.9651585817337036,0.35757078264332165,0.0007278323173522949,0.85<=A<0.95,0.8<=beta<1.1,0.85<=A<0.95 | 0.8<=beta<1.1,baseline_weakest_25
229,305_0.84_0.52.png,305,0.84,0.52,400,400,23.7831647698774,0.9654713273048401,35.50088448130951,0.9945682287216187,35.34990637261938,0.9954874515533447,-0.15097810869013273,0.0009192228317260742,0.75<=A<0.85,beta<0.8,0.75<=A<0.85 | beta<0.8,baseline_middle_50
230,306_0.65_1.44.png,306,0.65,1.44,400,400,18.46105923642164,0.892893373966217,33.17717017303127,0.991741955280304,33.97304395468,0.9926308989524841,0.79587378164873,0.0008889436721801758,0.65<=A<0.75,1.4<=beta<1.7,0.65<=A<0.75 | 1.4<=beta<1.7,baseline_middle_50
231,307_0.77_1.05.png,307,0.77,1.05,400,400,19.123770253692424,0.918074905872345,33.16463671813966,0.9925156235694885,33.405970851026304,0.9932660460472107,0.2413341328866423,0.000750422477722168,0.75<=A<0.85,0.8<=beta<1.1,0.75<=A<0.85 | 0.8<=beta<1.1,baseline_middle_50
232,308_0.71_0.58.png,308,0.71,0.58,400,400,24.341109025019918,0.9670577049255371,35.92788914983619,0.9946036338806152,35.43697884508085,0.9953734278678894,-0.4909103047553387,0.0007697939872741699,0.65<=A<0.75,beta<0.8,0.65<=A<0.75 | beta<0.8,baseline_middle_50
233,309_0.61_1.02.png,309,0.61,1.02,400,400,21.125535520137184,0.9491609334945679,31.767216676943214,0.9942326545715332,31.900681781853727,0.9944201707839966,0.13346510491051333,0.0001875162124633789,A<0.65,0.8<=beta<1.1,A<0.65 | 0.8<=beta<1.1,baseline_middle_50
234,30_0.74_0.8.png,30,0.74,0.8,400,400,16.699559816878423,0.8290809988975525,29.862153524955055,0.9778492450714111,32.10832875284786,0.9765890836715698,2.246175227892806,-0.0012601613998413086,0.65<=A<0.75,0.8<=beta<1.1,0.65<=A<0.75 | 0.8<=beta<1.1,baseline_middle_50
235,310_0.8_1.12.png,310,0.8,1.12,400,400,18.887768820234186,0.9231533408164978,32.66853400513574,0.9935356974601746,33.32496473613238,0.9940040111541748,0.6564307309966395,0.00046831369400024414,0.75<=A<0.85,1.1<=beta<1.4,0.75<=A<0.85 | 1.1<=beta<1.4,baseline_middle_50
236,311_0.75_0.62.png,311,0.75,0.62,400,400,24.470741179491565,0.9703649878501892,34.876661228342705,0.9961032271385193,36.01519432078301,0.996302604675293,1.138533092440305,0.00019937753677368164,0.75<=A<0.85,beta<0.8,0.75<=A<0.85 | beta<0.8,baseline_middle_50
237,312_0.61_0.79.png,312,0.61,0.79,400,400,22.989587762197576,0.965768039226532,32.68609785285224,0.9952684640884399,33.954337478258864,0.995686411857605,1.268239625406622,0.00041794776916503906,A<0.65,beta<0.8,A<0.65 | beta<0.8,baseline_middle_50
238,313_0.51_1.58.png,313,0.51,1.58,400,400,19.10233726728567,0.8681613206863403,27.38789594196948,0.9858812689781189,28.684577192660864,0.9864604473114014,1.2966812506913854,0.0005791783332824707,A<0.65,1.4<=beta<1.7,A<0.65 | 1.4<=beta<1.7,baseline_weakest_25
239,314_0.99_1.61.png,314,0.99,1.61,400,400,12.11634840973549,0.7796101570129395,27.764645500044306,0.9798645973205566,27.706793381300162,0.9804586172103882,-0.057852118744143866,0.000594019889831543,A>=0.95,1.4<=beta<1.7,A>=0.95 | 1.4<=beta<1.7,baseline_weakest_25
240,315_0.52_1.41.png,315,0.52,1.41,400,400,19.788147129655172,0.8859309554100037,28.62320558764861,0.9875480532646179,29.479058819858466,0.9874902963638306,0.8558532322098564,-5.7756900787353516e-05,A<0.65,1.4<=beta<1.7,A<0.65 | 1.4<=beta<1.7,baseline_weakest_25
241,316_0.91_0.85.png,316,0.91,0.85,400,400,17.748135842948077,0.9058454036712646,29.692259646432646,0.9890141487121582,30.49174109345128,0.9893087148666382,0.7994814470186355,0.00029456615447998047,0.85<=A<0.95,0.8<=beta<1.1,0.85<=A<0.95 | 0.8<=beta<1.1,baseline_middle_50
242,317_0.74_1.28.png,317,0.74,1.28,400,400,13.865313247019227,0.7106910347938538,30.861213120909955,0.9591588377952576,31.894552228951166,0.9712792038917542,1.0333391080412113,0.012120366096496582,0.65<=A<0.75,1.1<=beta<1.4,0.65<=A<0.75 | 1.1<=beta<1.4,baseline_middle_50
243,318_0.87_0.58.png,318,0.87,0.58,400,400,18.859488457667712,0.8423103094100952,34.102626347128194,0.9753791093826294,34.113486379390274,0.9799699187278748,0.01086003226208021,0.004590809345245361,0.85<=A<0.95,beta<0.8,0.85<=A<0.95 | beta<0.8,baseline_middle_50
244,319_0.83_1.89.png,319,0.83,1.89,400,400,10.11481299368738,0.5767234563827515,29.5325248886259,0.941902756690979,30.122669750331337,0.9607553482055664,0.5901448617054363,0.018852591514587402,0.75<=A<0.85,beta>=1.7,0.75<=A<0.85 | beta>=1.7,baseline_middle_50
245,31_0.58_0.89.png,31,0.58,0.89,400,400,17.630860952606596,0.8428229093551636,30.233504333756432,0.9784596562385559,32.018420256381226,0.9757217168807983,1.7849159226247941,-0.0027379393577575684,A<0.65,0.8<=beta<1.1,A<0.65 | 0.8<=beta<1.1,baseline_middle_50
246,320_0.75_1.18.png,320,0.75,1.18,400,400,14.37160910443141,0.7276062369346619,31.546865412204323,0.9616158604621887,32.352592582386286,0.9731404781341553,0.8057271701819637,0.011524617671966553,0.75<=A<0.85,1.1<=beta<1.4,0.75<=A<0.85 | 1.1<=beta<1.4,baseline_middle_50
247,321_0.93_1.28.png,321,0.93,1.28,400,400,13.694952533020174,0.8100565075874329,27.45932324664103,0.9767747521400452,27.067566787571078,0.9770915508270264,-0.3917564590699527,0.00031679868698120117,0.85<=A<0.95,1.1<=beta<1.4,0.85<=A<0.95 | 1.1<=beta<1.4,baseline_weakest_25
248,322_0.95_0.58.png,322,0.95,0.58,400,400,18.727900961219746,0.9154198169708252,32.476701302966696,0.9888384938240051,32.08188485735651,0.9881406426429749,-0.39481644561018214,-0.0006978511810302734,A>=0.95,beta<0.8,A>=0.95 | beta<0.8,baseline_middle_50
249,323_0.82_1.16.png,323,0.82,1.16,400,400,15.620075613443255,0.84617018699646,29.72399444739187,0.982761800289154,28.135016415217326,0.980909526348114,-1.5889780321745448,-0.001852273941040039,0.75<=A<0.85,1.1<=beta<1.4,0.75<=A<0.85 | 1.1<=beta<1.4,baseline_middle_50
250,324_0.66_0.57.png,324,0.66,0.57,400,400,23.279614457031045,0.9492241144180298,37.21985134313514,0.9916069507598877,37.160138923961185,0.990743100643158,-0.05971241917395531,-0.0008638501167297363,0.65<=A<0.75,beta<0.8,0.65<=A<0.75 | beta<0.8,baseline_strongest_25
251,325_0.8_1.68.png,325,0.8,1.68,400,400,19.0440707995231,0.9225678443908691,26.496847595065457,0.984951376914978,26.376105176977383,0.9844152927398682,-0.12074241808807429,-0.0005360841751098633,0.75<=A<0.85,1.4<=beta<1.7,0.75<=A<0.85 | 1.4<=beta<1.7,baseline_weakest_25
252,326_0.65_1.18.png,326,0.65,1.18,400,400,23.743551398594505,0.9674846529960632,29.35011301767705,0.9917697906494141,28.65238296162606,0.9910613298416138,-0.6977300560509896,-0.000708460807800293,0.65<=A<0.75,1.1<=beta<1.4,0.65<=A<0.75 | 1.1<=beta<1.4,baseline_middle_50
253,327_0.98_1.23.png,327,0.98,1.23,400,400,22.177247126289576,0.9465336203575134,30.60814654714189,0.9852803349494934,30.32787664951368,0.9839597344398499,-0.28026989762820875,-0.0013206005096435547,A>=0.95,1.1<=beta<1.4,A>=0.95 | 1.1<=beta<1.4,baseline_middle_50
254,328_0.77_1.67.png,328,0.77,1.67,400,400,19.639873536799996,0.9294313192367554,26.447202326410178,0.9850167632102966,26.40766475543402,0.9845751523971558,-0.039537570976158065,-0.00044161081314086914,0.75<=A<0.85,1.4<=beta<1.7,0.75<=A<0.85 | 1.4<=beta<1.7,baseline_weakest_25
255,329_0.81_1.47.png,329,0.81,1.47,400,400,13.076849409120154,0.8523697853088379,23.33886507188359,0.9563226699829102,26.472196587461525,0.9720154404640198,3.133331515577936,0.01569277048110962,0.75<=A<0.85,1.4<=beta<1.7,0.75<=A<0.85 | 1.4<=beta<1.7,baseline_weakest_25
256,32_0.6_1.67.png,32,0.6,1.67,400,400,11.761349697128033,0.7090536952018738,29.506817179294927,0.9708243012428284,28.620837064475214,0.962354838848114,-0.8859801148197128,-0.008469462394714355,A<0.65,1.4<=beta<1.7,A<0.65 | 1.4<=beta<1.7,baseline_middle_50
257,330_0.6_0.81.png,330,0.6,0.81,400,400,22.546907776983886,0.9673973321914673,23.9081822746204,0.9644239544868469,27.821370345897108,0.980357825756073,3.913188071276707,0.015933871269226074,A<0.65,0.8<=beta<1.1,A<0.65 | 0.8<=beta<1.1,baseline_weakest_25
258,331_0.72_0.9.png,331,0.72,0.9,400,400,18.492727116911528,0.943091094493866,23.703367964782565,0.9622520804405212,27.947105108112215,0.9799084663391113,4.24373714332965,0.017656385898590088,0.65<=A<0.75,0.8<=beta<1.1,0.65<=A<0.75 | 0.8<=beta<1.1,baseline_weakest_25
259,332_0.82_1.48.png,332,0.82,1.48,400,400,12.86470093842879,0.8483876585960388,23.37293555568323,0.9557764530181885,26.247092242749037,0.9710366129875183,2.874156687065806,0.015260159969329834,0.75<=A<0.85,1.4<=beta<1.7,0.75<=A<0.85 | 1.4<=beta<1.7,baseline_weakest_25
260,333_0.76_0.55.png,333,0.76,0.55,400,400,24.20216529108972,0.9743006825447083,31.571966674338125,0.99422287940979,30.93320549135796,0.9937885403633118,-0.6387611829801649,-0.0004343390464782715,0.75<=A<0.85,beta<0.8,0.75<=A<0.85 | beta<0.8,baseline_middle_50
261,334_0.93_1.76.png,334,0.93,1.76,400,400,12.226401614874845,0.8204980492591858,26.212866707408256,0.9778837561607361,26.183162758185734,0.9781583547592163,-0.029703949222522397,0.0002745985984802246,0.85<=A<0.95,beta>=1.7,0.85<=A<0.95 | beta>=1.7,baseline_weakest_25
262,335_1.0_1.88.png,335,1.0,1.88,400,400,11.291863869394687,0.7956492304801941,26.229545104542154,0.974250853061676,26.06304537498891,0.9736523032188416,-0.16649972955324444,-0.0005985498428344727,A>=0.95,beta>=1.7,A>=0.95 | beta>=1.7,baseline_weakest_25
263,336_0.94_1.46.png,336,0.94,1.46,400,400,13.686080784747281,0.8548880815505981,27.039780045453057,0.9811031222343445,26.708873396237273,0.9806753993034363,-0.33090664921578394,-0.0004277229309082031,0.85<=A<0.95,1.4<=beta<1.7,0.85<=A<0.95 | 1.4<=beta<1.7,baseline_weakest_25
264,337_0.72_1.65.png,337,0.72,1.65,400,400,10.583609491609185,0.5935299396514893,28.501974099946423,0.9716513752937317,29.890958362569208,0.970212996006012,1.3889842626227846,-0.0014383792877197266,0.65<=A<0.75,1.4<=beta<1.7,0.65<=A<0.75 | 1.4<=beta<1.7,baseline_weakest_25
265,338_0.99_1.37.png,338,0.99,1.37,400,400,9.249937074080904,0.570411205291748,30.403741044620926,0.9652127623558044,29.349349103305187,0.9611661434173584,-1.054391941315739,-0.004046618938446045,A>=0.95,1.1<=beta<1.4,A>=0.95 | 1.1<=beta<1.4,baseline_middle_50
266,339_0.64_1.47.png,339,0.64,1.47,400,400,12.692862497532913,0.6573128700256348,28.361370938626887,0.9765001535415649,29.231574950079814,0.975071907043457,0.8702040114529268,-0.0014282464981079102,A<0.65,1.4<=beta<1.7,A<0.65 | 1.4<=beta<1.7,baseline_weakest_25
267,33_0.55_1.75.png,33,0.55,1.75,400,400,19.046591394530495,0.9444438219070435,19.81630820645385,0.9653235673904419,22.74812680921883,0.9791603088378906,2.931818602764981,0.01383674144744873,A<0.65,beta>=1.7,A<0.65 | beta>=1.7,baseline_weakest_25
268,340_0.55_0.55.png,340,0.55,0.55,400,400,23.546080084502513,0.8946681022644043,30.271271931413928,0.9859809875488281,32.21978725995346,0.9845736026763916,1.9485153285395356,-0.0014073848724365234,A<0.65,beta<0.8,A<0.65 | beta<0.8,baseline_middle_50
269,341_0.68_1.62.png,341,0.68,1.62,400,400,13.656097190678988,0.7945029139518738,26.353887443777666,0.9731911420822144,24.199807508079175,0.9668821692466736,-2.1540799356984905,-0.0063089728355407715,0.65<=A<0.75,1.4<=beta<1.7,0.65<=A<0.75 | 1.4<=beta<1.7,baseline_weakest_25
270,342_0.96_1.08.png,342,0.96,1.08,400,400,10.882031304434673,0.7743873000144958,30.186331630567373,0.9827393293380737,24.47943682573108,0.9690414071083069,-5.706894804836292,-0.013697922229766846,A>=0.95,0.8<=beta<1.1,A>=0.95 | 0.8<=beta<1.1,baseline_middle_50
271,343_0.83_1.07.png,343,0.83,1.07,400,400,12.93274230415195,0.8126692175865173,32.888607369968014,0.9874969124794006,25.98755078406953,0.9752498865127563,-6.901056585898484,-0.012247025966644287,0.75<=A<0.85,0.8<=beta<1.1,0.75<=A<0.85 | 0.8<=beta<1.1,baseline_middle_50
272,344_0.82_1.51.png,344,0.82,1.51,400,400,11.354840427881081,0.7608848214149475,28.059229958907164,0.9767868518829346,23.340674600525013,0.9622398018836975,-4.718555358382151,-0.01454704999923706,0.75<=A<0.85,1.4<=beta<1.7,0.75<=A<0.85 | 1.4<=beta<1.7,baseline_weakest_25
273,345_0.98_1.02.png,345,0.98,1.02,400,400,18.636735397397082,0.9189393520355225,24.73750958335412,0.9688157439231873,24.685543578848236,0.9710153937339783,-0.05196600450588562,0.0021996498107910156,A>=0.95,0.8<=beta<1.1,A>=0.95 | 0.8<=beta<1.1,baseline_weakest_25
274,346_0.77_1.92.png,346,0.77,1.92,400,400,13.83716055787657,0.8172554969787598,23.802742721466522,0.9559390544891357,23.455257806113007,0.9604384303092957,-0.34748491535351533,0.004499375820159912,0.75<=A<0.85,beta>=1.7,0.75<=A<0.85 | beta>=1.7,baseline_weakest_25
275,347_0.92_1.53.png,347,0.92,1.53,400,400,14.110963806120525,0.8311777710914612,24.388143961547655,0.9631977081298828,24.21040989740229,0.9676600098609924,-0.17773406414536552,0.004462301731109619,0.85<=A<0.95,1.4<=beta<1.7,0.85<=A<0.95 | 1.4<=beta<1.7,baseline_weakest_25
276,348_0.72_1.07.png,348,0.72,1.07,400,400,22.703545045758315,0.9552996158599854,24.81791298116722,0.9668330550193787,25.419212035598576,0.9732289910316467,0.6012990544313581,0.006395936012268066,0.65<=A<0.75,0.8<=beta<1.1,0.65<=A<0.75 | 0.8<=beta<1.1,baseline_weakest_25
277,349_0.53_1.85.png,349,0.53,1.85,400,400,15.046115217138523,0.8642687797546387,31.589025153572017,0.9899224042892456,29.131313266356344,0.9887306690216064,-2.457711887215673,-0.0011917352676391602,A<0.65,beta>=1.7,A<0.65 | beta>=1.7,baseline_middle_50
278,34_0.77_1.56.png,34,0.77,1.56,400,400,19.268034579017183,0.9454007744789124,24.258162302968486,0.9702778458595276,26.54037886612683,0.9806358814239502,2.282216563158343,0.010358035564422607,0.75<=A<0.85,1.4<=beta<1.7,0.75<=A<0.85 | 1.4<=beta<1.7,baseline_weakest_25
279,350_0.84_1.87.png,350,0.84,1.87,400,400,12.693985407189622,0.8180069327354431,31.04024626756062,0.9886372089385986,28.499619582162655,0.9875782132148743,-2.5406266853979638,-0.0010589957237243652,0.75<=A<0.85,beta>=1.7,0.75<=A<0.85 | beta>=1.7,baseline_middle_50
280,351_0.75_1.19.png,351,0.75,1.19,400,400,16.47301633664753,0.8998492360115051,33.769074727877936,0.9932626485824585,32.13073184283124,0.9932488203048706,-1.638342885046697,-1.3828277587890625e-05,0.75<=A<0.85,1.1<=beta<1.4,0.75<=A<0.85 | 1.1<=beta<1.4,baseline_middle_50
281,352_0.87_0.77.png,352,0.87,0.77,400,400,18.951031446000044,0.9343131184577942,32.5977453200588,0.9946610927581787,32.51689960935356,0.995245099067688,-0.08084571070524049,0.0005840063095092773,0.85<=A<0.95,beta<0.8,0.85<=A<0.95 | beta<0.8,baseline_middle_50
282,353_0.53_1.07.png,353,0.53,1.07,400,400,21.728954609035505,0.9530631899833679,32.678610905848004,0.988798201084137,33.93478442087215,0.9913806319236755,1.2561735150241446,0.0025824308395385742,A<0.65,0.8<=beta<1.1,A<0.65 | 0.8<=beta<1.1,baseline_middle_50
283,354_0.98_1.12.png,354,0.98,1.12,400,400,15.684125662967027,0.8976887464523315,28.257647914856356,0.9891833662986755,28.32353122896948,0.9906045198440552,0.06588331411312254,0.0014211535453796387,A>=0.95,1.1<=beta<1.4,A>=0.95 | 1.1<=beta<1.4,baseline_weakest_25
284,355_0.83_0.96.png,355,0.83,0.96,400,400,18.80043231619851,0.934213399887085,30.149373782001124,0.9907459616661072,30.960013955455466,0.9928621649742126,0.8106401734543418,0.0021162033081054688,0.75<=A<0.85,0.8<=beta<1.1,0.75<=A<0.85 | 0.8<=beta<1.1,baseline_middle_50
285,356_0.67_0.95.png,356,0.67,0.95,400,400,21.218205425087007,0.9506170749664307,32.81842283188375,0.9909382462501526,34.34158216773379,0.9933019280433655,1.523159335850039,0.0023636817932128906,0.65<=A<0.75,0.8<=beta<1.1,0.65<=A<0.75 | 0.8<=beta<1.1,baseline_middle_50
286,357_0.86_1.37.png,357,0.86,1.37,400,400,14.573388211928055,0.9153630137443542,18.983221985381633,0.9507431387901306,20.76343430804097,0.9599021673202515,1.780212322659338,0.00915902853012085,0.85<=A<0.95,1.1<=beta<1.4,0.85<=A<0.95 | 1.1<=beta<1.4,baseline_weakest_25
287,358_0.68_1.38.png,358,0.68,1.38,400,400,16.7294068025262,0.9328230023384094,20.85173837284028,0.9630950689315796,22.348140804904,0.9680690765380859,1.496402432063718,0.004974007606506348,0.65<=A<0.75,1.1<=beta<1.4,0.65<=A<0.75 | 1.1<=beta<1.4,baseline_weakest_25
288,359_0.5_1.58.png,359,0.5,1.58,400,400,15.344539411090025,0.929787278175354,18.010872215282216,0.9640379548072815,17.427511564618218,0.9617263078689575,-0.5833606506639981,-0.0023116469383239746,A<0.65,1.4<=beta<1.7,A<0.65 | 1.4<=beta<1.7,baseline_weakest_25
289,35_0.77_1.43.png,35,0.77,1.43,400,400,19.97116362030329,0.9519566297531128,24.725839314634893,0.9732186198234558,26.553026395146993,0.9811135530471802,1.8271870805121004,0.007894933223724365,0.75<=A<0.85,1.4<=beta<1.7,0.75<=A<0.85 | 1.4<=beta<1.7,baseline_weakest_25
290,360_0.87_0.88.png,360,0.87,0.88,400,400,16.858518548872347,0.9397175908088684,21.830718910763174,0.9677725434303284,23.765025295459044,0.9745895862579346,1.9343063846958692,0.006817042827606201,0.85<=A<0.95,0.8<=beta<1.1,0.85<=A<0.95 | 0.8<=beta<1.1,baseline_weakest_25
291,361_0.51_1.62.png,361,0.51,1.62,400,400,12.426325418382953,0.8163831830024719,16.907629237614206,0.9459699392318726,16.991828569444344,0.9374450445175171,0.08419933183013839,-0.008524894714355469,A<0.65,1.4<=beta<1.7,A<0.65 | 1.4<=beta<1.7,baseline_weakest_25
292,362_0.82_0.88.png,362,0.82,0.88,400,400,21.12589718404218,0.9509037733078003,23.33203214440679,0.9735087156295776,21.671425460055815,0.9614050984382629,-1.6606066843509737,-0.012103617191314697,0.75<=A<0.85,0.8<=beta<1.1,0.75<=A<0.85 | 0.8<=beta<1.1,baseline_weakest_25
293,363_0.56_0.51.png,363,0.56,0.51,400,400,19.980772641166183,0.9812355637550354,22.824893240068604,0.975071132183075,21.10428907922134,0.9600978493690491,-1.720604160847266,-0.014973282814025879,A<0.65,beta<0.8,A<0.65 | beta<0.8,baseline_weakest_25
294,364_0.98_0.89.png,364,0.98,0.89,400,400,18.390896351550378,0.9374829530715942,23.248105626391066,0.9714572429656982,22.31238199169782,0.9645166993141174,-0.9357236346932467,-0.0069405436515808105,A>=0.95,0.8<=beta<1.1,A>=0.95 | 0.8<=beta<1.1,baseline_weakest_25
295,365_0.71_0.69.png,365,0.71,0.69,400,400,18.26705113619767,0.8809755444526672,27.716014738881974,0.9671778678894043,27.43575370490877,0.96748948097229,-0.2802610339732041,0.0003116130828857422,0.65<=A<0.75,beta<0.8,0.65<=A<0.75 | beta<0.8,baseline_weakest_25
296,366_0.54_0.64.png,366,0.54,0.64,400,400,21.075906342761886,0.9148434400558472,27.72777929217732,0.9695737361907959,27.397679366538267,0.9692137241363525,-0.330099925639054,-0.0003600120544433594,A<0.65,beta<0.8,A<0.65 | beta<0.8,baseline_weakest_25
297,367_0.88_0.72.png,367,0.88,0.72,400,400,16.148286446631314,0.8508396148681641,27.389323900472974,0.9657537937164307,27.16416641456032,0.9668120741844177,-0.2251574859126535,0.0010582804679870605,0.85<=A<0.95,beta<0.8,0.85<=A<0.95 | beta<0.8,baseline_weakest_25
298,368_0.79_1.95.png,368,0.79,1.95,400,400,10.26665914223678,0.6567432284355164,23.759806554078338,0.9433042407035828,24.095002644401696,0.9458490610122681,0.3351960903233575,0.0025448203086853027,0.75<=A<0.85,beta>=1.7,0.75<=A<0.85 | beta>=1.7,baseline_weakest_25
299,369_0.55_1.18.png,369,0.55,1.18,400,400,17.68014987208549,0.8936208486557007,31.48476411110327,0.9874497652053833,32.575327964701856,0.986970067024231,1.090563853598585,-0.00047969818115234375,A<0.65,1.1<=beta<1.4,A<0.65 | 1.1<=beta<1.4,baseline_middle_50
300,36_0.83_1.99.png,36,0.83,1.99,400,400,16.97057375876549,0.9200527667999268,23.290980504596916,0.9626256227493286,24.941921958241274,0.9723336100578308,1.6509414536443572,0.009707987308502197,0.75<=A<0.85,beta>=1.7,0.75<=A<0.85 | beta>=1.7,baseline_weakest_25
301,370_0.7_0.68.png,370,0.7,0.68,400,400,18.561622426366213,0.9271594882011414,33.86235913264522,0.9900637269020081,33.86201956799585,0.9892743825912476,-0.0003395646493657978,-0.000789344310760498,0.65<=A<0.75,beta<0.8,0.65<=A<0.75 | beta<0.8,baseline_middle_50
302,371_0.52_1.3.png,371,0.52,1.3,400,400,17.66363390903098,0.8863864541053772,29.63148427056445,0.9856680035591125,31.046998530421934,0.9855891466140747,1.4155142598574848,-7.88569450378418e-05,A<0.65,1.1<=beta<1.4,A<0.65 | 1.1<=beta<1.4,baseline_middle_50
303,372_0.98_1.7.png,372,0.98,1.7,400,400,10.623100887243108,0.7671210765838623,28.83421070937329,0.979430615901947,28.32324289545781,0.9773682951927185,-0.5109678139154816,-0.0020623207092285156,A>=0.95,beta>=1.7,A>=0.95 | beta>=1.7,baseline_middle_50
304,373_0.53_1.07.png,373,0.53,1.07,400,400,16.59601172185763,0.8739057183265686,24.637380285453553,0.9687616229057312,23.74936914651514,0.9598010778427124,-0.8880111389384133,-0.008960545063018799,A<0.65,0.8<=beta<1.1,A<0.65 | 0.8<=beta<1.1,baseline_weakest_25
305,374_0.52_1.1.png,374,0.52,1.1,400,400,16.37046772014953,0.8700515627861023,24.600274815524124,0.9689856767654419,23.600777527739368,0.9591777324676514,-0.9994972877847559,-0.009807944297790527,A<0.65,1.1<=beta<1.4,A<0.65 | 1.1<=beta<1.4,baseline_weakest_25
306,375_0.88_0.76.png,375,0.88,0.76,400,400,16.17326971888412,0.8776304721832275,27.459623507689464,0.9738097190856934,25.9342772519665,0.96375572681427,-1.5253462557229653,-0.01005399227142334,0.85<=A<0.95,beta<0.8,0.85<=A<0.95 | beta<0.8,baseline_weakest_25
307,376_0.67_0.58.png,376,0.67,0.58,400,400,20.583898004965263,0.9359725117683411,27.758375056036524,0.9765088558197021,25.848930413127967,0.9678910374641418,-1.9094446429085572,-0.008617818355560303,0.65<=A<0.75,beta<0.8,0.65<=A<0.75 | beta<0.8,baseline_weakest_25
308,377_0.53_0.92.png,377,0.53,0.92,400,400,20.90124628552164,0.9820795655250549,24.999160432770886,0.9714928865432739,25.335606360750397,0.9725511074066162,0.33644592797951134,0.0010582208633422852,A<0.65,0.8<=beta<1.1,A<0.65 | 0.8<=beta<1.1,baseline_weakest_25
309,378_0.74_1.24.png,378,0.74,1.24,400,400,19.996131867935038,0.9424132704734802,23.09621199648337,0.9690385460853577,22.766973684756255,0.967843234539032,-0.3292383117271136,-0.0011953115463256836,0.65<=A<0.75,1.1<=beta<1.4,0.65<=A<0.75 | 1.1<=beta<1.4,baseline_weakest_25
310,379_0.54_1.57.png,379,0.54,1.57,400,400,17.531464342100964,0.9452162384986877,25.36633689083552,0.9708773493766785,26.02001154889734,0.974999189376831,0.6536746580618207,0.004121840000152588,A<0.65,1.4<=beta<1.7,A<0.65 | 1.4<=beta<1.7,baseline_weakest_25
311,37_0.76_1.34.png,37,0.76,1.34,400,400,13.913368878091728,0.8310230374336243,31.32570950283483,0.9865149259567261,30.29510939480263,0.985741138458252,-1.0306001080321998,-0.0007737874984741211,0.75<=A<0.85,1.1<=beta<1.4,0.75<=A<0.85 | 1.1<=beta<1.4,baseline_middle_50
312,380_0.53_1.36.png,380,0.53,1.36,400,400,18.306467459585157,0.9615881443023682,25.080515914656402,0.9697213768959045,25.809065239224566,0.9742574095726013,0.7285493245681636,0.004536032676696777,A<0.65,1.1<=beta<1.4,A<0.65 | 1.1<=beta<1.4,baseline_weakest_25
313,381_0.63_1.38.png,381,0.63,1.38,400,400,18.184996464933143,0.8770421147346497,30.584097190298664,0.9924106597900391,31.828948280693634,0.992788553237915,1.2448510903949703,0.00037789344787597656,A<0.65,1.1<=beta<1.4,A<0.65 | 1.1<=beta<1.4,baseline_middle_50
314,382_0.53_1.12.png,382,0.53,1.12,400,400,20.384501445234203,0.9195266366004944,29.28033543244352,0.9927876591682434,30.351237718159165,0.9933114051818848,1.070902285715647,0.0005237460136413574,A<0.65,1.1<=beta<1.4,A<0.65 | 1.1<=beta<1.4,baseline_middle_50
315,383_0.62_1.77.png,383,0.62,1.77,400,400,16.897657950411336,0.8283949494361877,28.957928315365997,0.990671694278717,29.94493018459933,0.9908214211463928,0.9870018692333318,0.00014972686767578125,A<0.65,beta>=1.7,A<0.65 | beta>=1.7,baseline_middle_50
316,384_0.97_0.82.png,384,0.97,0.82,400,400,17.152186468044675,0.9052150249481201,33.77456608033637,0.994140088558197,34.38954483161582,0.9945580959320068,0.6149787512794518,0.00041800737380981445,A>=0.95,0.8<=beta<1.1,A>=0.95 | 0.8<=beta<1.1,baseline_middle_50
317,385_0.84_1.99.png,385,0.84,1.99,400,400,11.752313474843238,0.8113180994987488,24.131412510627325,0.9708362221717834,23.920179786324898,0.9706642627716064,-0.2112327243024268,-0.00017195940017700195,0.75<=A<0.85,beta>=1.7,0.75<=A<0.85 | beta>=1.7,baseline_weakest_25
318,386_0.96_1.55.png,386,0.96,1.55,400,400,12.725551095255662,0.8420544266700745,23.58639921029877,0.9719380736351013,23.515433470203565,0.9719831943511963,-0.07096574009520396,4.51207160949707e-05,A>=0.95,1.4<=beta<1.7,A>=0.95 | 1.4<=beta<1.7,baseline_weakest_25
319,387_0.66_1.81.png,387,0.66,1.81,400,400,14.554690728566397,0.8709344863891602,26.670482951385228,0.9806444048881531,26.22454257187509,0.9789609313011169,-0.4459403795101373,-0.0016834735870361328,0.65<=A<0.75,beta>=1.7,0.65<=A<0.75 | beta>=1.7,baseline_weakest_25
320,388_0.55_0.83.png,388,0.55,0.83,400,400,25.489649975766177,0.9746298789978027,26.591661073964627,0.987939715385437,27.31905725276205,0.9890789985656738,0.7273961787974237,0.0011392831802368164,A<0.65,0.8<=beta<1.1,A<0.65 | 0.8<=beta<1.1,baseline_weakest_25
321,389_0.75_1.27.png,389,0.75,1.27,400,400,14.860442583942021,0.8151103854179382,22.27991670944903,0.9611220359802246,23.25935427874144,0.9689921140670776,0.9794375692924113,0.007870078086853027,0.75<=A<0.85,1.1<=beta<1.4,0.75<=A<0.85 | 1.1<=beta<1.4,baseline_weakest_25
322,38_0.87_1.94.png,38,0.87,1.94,400,400,9.985564697530947,0.7143183946609497,30.258085482158723,0.978771448135376,28.14073622878597,0.9741789102554321,-2.1173492533727547,-0.004592537879943848,0.85<=A<0.95,beta>=1.7,0.85<=A<0.95 | beta>=1.7,baseline_middle_50
323,390_0.55_1.07.png,390,0.55,1.07,400,400,21.00829378372663,0.8891355395317078,22.744383892437163,0.9669486880302429,28.349737664623333,0.9823694229125977,5.60535377218617,0.015420734882354736,A<0.65,0.8<=beta<1.1,A<0.65 | 0.8<=beta<1.1,baseline_weakest_25
324,391_0.87_1.8.png,391,0.87,1.8,400,400,10.82386441146239,0.7010100483894348,22.979628580842892,0.9678995013237,21.863876538008586,0.9651808738708496,-1.1157520428343055,-0.002718627452850342,0.85<=A<0.95,beta>=1.7,0.85<=A<0.95 | beta>=1.7,baseline_weakest_25
325,392_0.97_1.81.png,392,0.97,1.81,400,400,9.420816134218077,0.6763436198234558,24.791314044602146,0.9776185154914856,22.07354763935122,0.9664121270179749,-2.717766405250927,-0.011206388473510742,A>=0.95,beta>=1.7,A>=0.95 | beta>=1.7,baseline_weakest_25
326,393_0.8_0.84.png,393,0.8,0.84,400,400,17.648730881059212,0.8119093775749207,33.94274429061481,0.9898371696472168,31.769298529733845,0.9869758486747742,-2.1734457608809663,-0.002861320972442627,0.75<=A<0.85,0.8<=beta<1.1,0.75<=A<0.85 | 0.8<=beta<1.1,baseline_middle_50
327,394_0.79_0.57.png,394,0.79,0.57,400,400,20.737346197797155,0.8641012907028198,35.52156887879597,0.9929813742637634,34.30570695344521,0.9912827014923096,-1.215861925350758,-0.0016986727714538574,0.75<=A<0.85,beta<0.8,0.75<=A<0.85 | beta<0.8,baseline_middle_50
328,395_0.95_1.58.png,395,0.95,1.58,400,400,12.231045596442113,0.6859041452407837,29.359488106768268,0.9689171314239502,27.407217145482427,0.9698617458343506,-1.9522709612858407,0.0009446144104003906,A>=0.95,1.4<=beta<1.7,A>=0.95 | 1.4<=beta<1.7,baseline_middle_50
329,396_0.76_1.73.png,396,0.76,1.73,400,400,12.73751216458609,0.6931975483894348,30.21899730055448,0.9736777544021606,28.27727512689976,0.9725494980812073,-1.9417221736547212,-0.0011282563209533691,0.75<=A<0.85,beta>=1.7,0.75<=A<0.85 | beta>=1.7,baseline_middle_50
330,397_0.61_1.53.png,397,0.61,1.53,400,400,11.84394417789677,0.7722338438034058,29.063684210216056,0.9788596630096436,27.292995316881125,0.9773940443992615,-1.7706888933349312,-0.00146561861038208,A<0.65,1.4<=beta<1.7,A<0.65 | 1.4<=beta<1.7,baseline_middle_50
331,398_0.78_1.13.png,398,0.78,1.13,400,400,12.685126136956066,0.7992040514945984,30.12355942042238,0.9807429909706116,28.03435683606649,0.977003276348114,-2.089202584355892,-0.0037397146224975586,0.75<=A<0.85,1.1<=beta<1.4,0.75<=A<0.85 | 1.1<=beta<1.4,baseline_middle_50
332,399_0.98_1.03.png,399,0.98,1.03,400,400,12.806627508369651,0.7957687973976135,29.851798497315887,0.9770949482917786,28.56322409929767,0.9776746034622192,-1.2885743980182163,0.0005796551704406738,A>=0.95,0.8<=beta<1.1,A>=0.95 | 0.8<=beta<1.1,baseline_middle_50
333,39_0.78_1.14.png,39,0.78,1.14,400,400,15.371924117259631,0.8625192642211914,30.798104471153547,0.9855443239212036,30.228609445278547,0.9858904480934143,-0.5694950258749998,0.00034612417221069336,0.75<=A<0.85,1.1<=beta<1.4,0.75<=A<0.85 | 1.1<=beta<1.4,baseline_middle_50
334,3_0.5_0.82.png,3,0.5,0.82,400,400,21.02989028631218,0.8813179731369019,38.486255494451704,0.9942866563796997,34.674331351689254,0.9929448962211609,-3.81192414276245,-0.0013417601585388184,A<0.65,0.8<=beta<1.1,A<0.65 | 0.8<=beta<1.1,baseline_strongest_25
335,400_0.77_1.32.png,400,0.77,1.32,400,400,11.781104175514926,0.7744696736335754,29.847661339273806,0.9786422252655029,28.36189792754829,0.9767386317253113,-1.4857634117255145,-0.0019035935401916504,0.75<=A<0.85,1.1<=beta<1.4,0.75<=A<0.85 | 1.1<=beta<1.4,baseline_middle_50
336,401_0.7_0.6.png,401,0.7,0.6,400,400,16.708937376903375,0.6786662936210632,31.738006432132458,0.9769778847694397,36.53289898833997,0.9788500070571899,4.794892556207515,0.0018721222877502441,0.65<=A<0.75,beta<0.8,0.65<=A<0.75 | beta<0.8,baseline_middle_50
337,402_0.5_1.99.png,402,0.5,1.99,400,400,11.195037258434903,0.47856464982032776,17.721527107060524,0.9272080659866333,20.6244185899042,0.9318709969520569,2.9028914828436747,0.004662930965423584,A<0.65,beta>=1.7,A<0.65 | beta>=1.7,baseline_weakest_25
338,403_0.91_0.7.png,403,0.91,0.7,400,400,13.133070809669134,0.5947240591049194,29.863658420168417,0.9704911708831787,35.1305824944945,0.9743867516517639,5.266924074326081,0.003895580768585205,0.85<=A<0.95,beta<0.8,0.85<=A<0.95 | beta<0.8,baseline_middle_50
339,404_0.71_1.78.png,404,0.71,1.78,400,400,9.260857951496359,0.4456545114517212,32.08743318475867,0.9558656215667725,33.217237016561455,0.9518895149230957,1.129803831802782,-0.003976106643676758,0.65<=A<0.75,beta>=1.7,0.65<=A<0.75 | beta>=1.7,baseline_middle_50
340,405_0.73_1.88.png,405,0.73,1.88,400,400,12.23833997913604,0.7252489924430847,31.27216187633735,0.9875426292419434,31.82644843731568,0.9864863157272339,0.5542865609783298,-0.0010563135147094727,0.65<=A<0.75,beta>=1.7,0.65<=A<0.75 | beta>=1.7,baseline_middle_50
341,406_0.86_1.52.png,406,0.86,1.52,400,400,11.84720369705725,0.7475813627243042,31.209162417694717,0.9876534342765808,31.17622497207861,0.9871846437454224,-0.03293744561610623,-0.00046879053115844727,0.85<=A<0.95,1.4<=beta<1.7,0.85<=A<0.95 | 1.4<=beta<1.7,baseline_middle_50
342,407_0.68_1.96.png,407,0.68,1.96,400,400,12.779635408985737,0.7306291460990906,32.088427901943774,0.9881866574287415,32.05587939870338,0.9865327477455139,-0.032548503240391824,-0.001653909683227539,0.65<=A<0.75,beta>=1.7,0.65<=A<0.75 | beta>=1.7,baseline_middle_50
343,408_0.56_1.7.png,408,0.56,1.7,400,400,16.509235002571792,0.824329674243927,34.772379515000466,0.9912997484207153,33.702547064456,0.9894828200340271,-1.0698324505444674,-0.0018169283866882324,A<0.65,beta>=1.7,A<0.65 | beta>=1.7,baseline_middle_50
344,409_0.54_1.68.png,409,0.54,1.68,400,400,14.185440358934848,0.7710492014884949,27.602974204330906,0.9855213761329651,23.69047399531411,0.9777700901031494,-3.9125002090167946,-0.007751286029815674,A<0.65,1.4<=beta<1.7,A<0.65 | 1.4<=beta<1.7,baseline_weakest_25
345,40_0.96_1.08.png,40,0.96,1.08,400,400,14.163842416588777,0.8330597281455994,29.895808236592984,0.9829902648925781,28.263724184577303,0.9801722764968872,-1.6320840520156814,-0.002817988395690918,A>=0.95,0.8<=beta<1.1,A>=0.95 | 0.8<=beta<1.1,baseline_middle_50
346,410_0.98_1.98.png,410,0.98,1.98,400,400,8.55170975174611,0.635169267654419,22.477655942717544,0.9734591245651245,19.56339914213427,0.9647142291069031,-2.9142568005832743,-0.008744895458221436,A>=0.95,beta>=1.7,A>=0.95 | beta>=1.7,baseline_weakest_25
347,411_0.76_1.73.png,411,0.76,1.73,400,400,11.281655854465292,0.7115141749382019,27.02549169434374,0.9863827228546143,23.490488770497734,0.9777510762214661,-3.5350029238460046,-0.008631646633148193,0.75<=A<0.85,beta>=1.7,0.75<=A<0.85 | beta>=1.7,baseline_weakest_25
348,412_0.52_0.64.png,412,0.52,0.64,400,400,21.614408213214723,0.931384801864624,34.66049905511899,0.995272696018219,31.89850703876924,0.9932965040206909,-2.761992016349751,-0.001976191997528076,A<0.65,beta<0.8,A<0.65 | beta<0.8,baseline_middle_50
349,413_0.65_1.48.png,413,0.65,1.48,400,400,20.315305758225453,0.9260755181312561,30.480148099596136,0.9906940460205078,29.311718491072696,0.9867361187934875,-1.1684296085234394,-0.003957927227020264,0.65<=A<0.75,1.4<=beta<1.7,0.65<=A<0.75 | 1.4<=beta<1.7,baseline_middle_50
350,414_0.58_1.54.png,414,0.58,1.54,400,400,19.323334242508995,0.9274530410766602,28.42723549292346,0.9901300668716431,28.715358486038774,0.9861778616905212,0.2881229931153122,-0.003952205181121826,A<0.65,1.4<=beta<1.7,A<0.65 | 1.4<=beta<1.7,baseline_weakest_25
351,415_0.56_1.96.png,415,0.56,1.96,400,400,17.348032316655587,0.8914294838905334,27.545447280106035,0.9873943328857422,30.901958184980852,0.9852575659751892,3.356510904874817,-0.0021367669105529785,A<0.65,beta>=1.7,A<0.65 | beta>=1.7,baseline_weakest_25
352,416_0.95_0.59.png,416,0.95,0.59,400,400,23.946655531955052,0.9676700234413147,32.249590782212636,0.9923591017723083,30.76933285429409,0.990157425403595,-1.4802579279185473,-0.002201676368713379,A>=0.95,beta<0.8,A>=0.95 | beta<0.8,baseline_middle_50
353,417_0.88_1.82.png,417,0.88,1.82,400,400,15.47770556453174,0.8781123757362366,30.178448674116556,0.9823260307312012,30.60156776147827,0.9846594929695129,0.4231190873617159,0.0023334622383117676,0.85<=A<0.95,beta>=1.7,0.85<=A<0.95 | beta>=1.7,baseline_middle_50
354,418_0.98_0.77.png,418,0.98,0.77,400,400,19.302317971493117,0.9494767189025879,29.81763915333036,0.9908871650695801,29.70472273120396,0.9917953014373779,-0.11291642212639985,0.0009081363677978516,A>=0.95,beta<0.8,A>=0.95 | beta<0.8,baseline_middle_50
355,419_0.87_0.61.png,419,0.87,0.61,400,400,22.93869322480578,0.967881441116333,35.26439202250823,0.9928553104400635,34.636484704197,0.9935168623924255,-0.6279073183112303,0.0006615519523620605,0.85<=A<0.95,beta<0.8,0.85<=A<0.95 | beta<0.8,baseline_middle_50
356,41_0.76_1.73.png,41,0.76,1.73,400,400,11.923216619883558,0.7030500173568726,27.56337252835069,0.9700009226799011,25.907718430041346,0.9567503333091736,-1.6556540983093448,-0.013250589370727539,0.75<=A<0.85,beta>=1.7,0.75<=A<0.85 | beta>=1.7,baseline_weakest_25
357,420_0.62_1.38.png,420,0.62,1.38,400,400,20.32459395221856,0.9310217499732971,29.235276215136395,0.988269567489624,31.531483228571915,0.9894540309906006,2.29620701343552,0.0011844635009765625,A<0.65,1.1<=beta<1.4,A<0.65 | 1.1<=beta<1.4,baseline_middle_50
358,421_0.58_1.77.png,421,0.58,1.77,400,400,15.394678821062161,0.836327850818634,23.829419381936525,0.9834648370742798,27.35791935429024,0.9852160811424255,3.528499972353714,0.001751244068145752,A<0.65,beta>=1.7,A<0.65 | beta>=1.7,baseline_weakest_25
359,422_0.65_0.92.png,422,0.65,0.92,400,400,19.222798187443757,0.9105566740036011,28.350570322003335,0.99213045835495,30.245337482886313,0.9921618700027466,1.894767160882978,3.141164779663086e-05,0.65<=A<0.75,0.8<=beta<1.1,0.65<=A<0.75 | 0.8<=beta<1.1,baseline_weakest_25
360,423_0.81_1.79.png,423,0.81,1.79,400,400,12.322284837830482,0.793554425239563,29.055103931919845,0.9840853810310364,31.23374978553073,0.9841039180755615,2.1786458536108846,1.8537044525146484e-05,0.75<=A<0.85,beta>=1.7,0.75<=A<0.85 | beta>=1.7,baseline_middle_50
361,424_0.81_1.5.png,424,0.81,1.5,400,400,13.379180496023245,0.8219202160835266,30.800746433557244,0.9883290529251099,32.79051032044626,0.9885295629501343,1.9897638868890155,0.00020051002502441406,0.75<=A<0.85,1.4<=beta<1.7,0.75<=A<0.85 | 1.4<=beta<1.7,baseline_middle_50
362,425_0.95_1.73.png,425,0.95,1.73,400,400,10.719970157699423,0.6969814300537109,24.92900957514893,0.9609495997428894,25.402067333928045,0.9669508934020996,0.4730577587791167,0.006001293659210205,A>=0.95,beta>=1.7,A>=0.95 | beta>=1.7,baseline_weakest_25
363,426_0.84_1.85.png,426,0.84,1.85,400,400,10.787796168720005,0.6968492269515991,25.468447283218353,0.9628812074661255,26.924725128738277,0.970446765422821,1.4562778455199243,0.007565557956695557,0.75<=A<0.85,beta>=1.7,0.75<=A<0.85 | beta>=1.7,baseline_weakest_25
364,427_0.69_0.58.png,427,0.69,0.58,400,400,19.516707817316444,0.9298052787780762,30.572362935002452,0.9871638417243958,29.399150439216356,0.9867944121360779,-1.173212495786096,-0.0003694295883178711,0.65<=A<0.75,beta<0.8,0.65<=A<0.75 | beta<0.8,baseline_middle_50
365,428_0.92_0.82.png,428,0.92,0.82,400,400,14.991472803192682,0.8612902164459229,31.731066324766868,0.9841206669807434,30.109832103509714,0.9854844808578491,-1.6212342212571542,0.0013638138771057129,0.85<=A<0.95,0.8<=beta<1.1,0.85<=A<0.95 | 0.8<=beta<1.1,baseline_middle_50
366,429_0.52_1.11.png,429,0.52,1.11,400,400,24.93501520413343,0.9809380173683167,26.333033502638976,0.9786221385002136,23.509681478961358,0.979647159576416,-2.823352023677618,0.0010250210762023926,A<0.65,1.1<=beta<1.4,A<0.65 | 1.1<=beta<1.4,baseline_weakest_25
367,42_0.58_1.34.png,42,0.58,1.34,400,400,14.826551014639215,0.7834385633468628,30.862042976107613,0.9810266494750977,29.062920967813227,0.9709047675132751,-1.7991220082943862,-0.01012188196182251,A<0.65,1.1<=beta<1.4,A<0.65 | 1.1<=beta<1.4,baseline_middle_50
368,430_0.66_1.24.png,430,0.66,1.24,400,400,25.99199215899487,0.9783449769020081,26.7558084227013,0.983074963092804,25.857611870942286,0.9852533936500549,-0.898196551759014,0.0021784305572509766,0.65<=A<0.75,1.1<=beta<1.4,0.65<=A<0.75 | 1.1<=beta<1.4,baseline_weakest_25
369,431_0.86_1.86.png,431,0.86,1.86,400,400,15.61908813338087,0.9233854413032532,22.370470686100866,0.9735626578330994,21.80381369174232,0.970962643623352,-0.5666569943585458,-0.0026000142097473145,0.85<=A<0.95,beta>=1.7,0.85<=A<0.95 | beta>=1.7,baseline_weakest_25
370,432_0.67_1.68.png,432,0.67,1.68,400,400,20.963874305788742,0.9615875482559204,26.096384139604595,0.9801640510559082,25.42889608072691,0.9815554022789001,-0.6674880588776837,0.0013913512229919434,0.65<=A<0.75,1.4<=beta<1.7,0.65<=A<0.75 | 1.4<=beta<1.7,baseline_weakest_25
371,433_0.95_1.27.png,433,0.95,1.27,400,400,10.892108998069807,0.7176221609115601,25.57338930111287,0.949008584022522,25.314455270445926,0.9422606825828552,-0.25893403066694276,-0.006747901439666748,A>=0.95,1.1<=beta<1.4,A>=0.95 | 1.1<=beta<1.4,baseline_weakest_25
372,434_0.56_1.76.png,434,0.56,1.76,400,400,15.301746633912906,0.7386762499809265,23.368736334846865,0.9466860890388489,24.91442800932767,0.951193630695343,1.5456916744808034,0.004507541656494141,A<0.65,beta>=1.7,A<0.65 | beta>=1.7,baseline_weakest_25
373,435_0.52_0.95.png,435,0.52,0.95,400,400,19.358936275635223,0.848691999912262,29.616124561255038,0.9744653701782227,30.73067742846382,0.9778162837028503,1.1145528672087828,0.0033509135246276855,A<0.65,0.8<=beta<1.1,A<0.65 | 0.8<=beta<1.1,baseline_middle_50
374,436_0.98_1.16.png,436,0.98,1.16,400,400,11.035116426521206,0.7286959290504456,25.58307957252005,0.9502894878387451,25.363773602529236,0.944982647895813,-0.2193059699908133,-0.005306839942932129,A>=0.95,1.1<=beta<1.4,A>=0.95 | 1.1<=beta<1.4,baseline_weakest_25
375,437_0.96_1.74.png,437,0.96,1.74,400,400,8.151726126580478,0.5185379981994629,31.784637577961774,0.9804350137710571,32.09290142513643,0.9841411709785461,0.3082638471746577,0.0037061572074890137,A>=0.95,beta>=1.7,A>=0.95 | beta>=1.7,baseline_middle_50
376,438_0.56_1.19.png,438,0.56,1.19,400,400,12.596715837035116,0.6875205636024475,30.338168657649952,0.9798288941383362,31.123064104641493,0.9820226430892944,0.7848954469915412,0.002193748950958252,A<0.65,1.1<=beta<1.4,A<0.65 | 1.1<=beta<1.4,baseline_middle_50
377,439_0.82_1.6.png,439,0.82,1.6,400,400,9.062370848175206,0.5611078143119812,31.26658189853425,0.9801036715507507,31.86368255448533,0.9850773811340332,0.5971006559510812,0.004973709583282471,0.75<=A<0.85,1.4<=beta<1.7,0.75<=A<0.85 | 1.4<=beta<1.7,baseline_middle_50
378,43_0.96_1.8.png,43,0.96,1.8,400,400,10.718858151487588,0.6705940365791321,24.460332045269038,0.9527565240859985,24.161821800473877,0.9472200870513916,-0.2985102447951604,-0.005536437034606934,A>=0.95,beta>=1.7,A>=0.95 | beta>=1.7,baseline_weakest_25
379,440_0.86_1.63.png,440,0.86,1.63,400,400,8.805964374202734,0.5498883128166199,31.757943085966446,0.9805983901023865,32.242366729635236,0.9852268099784851,0.48442364366879076,0.004628419876098633,0.85<=A<0.95,1.4<=beta<1.7,0.85<=A<0.95 | 1.4<=beta<1.7,baseline_middle_50
380,441_0.7_1.99.png,441,0.7,1.99,400,400,18.673180652163115,0.9520366191864014,16.80093173265954,0.9229187965393066,17.051299026790957,0.9245885610580444,0.25036729413141856,0.001669764518737793,0.65<=A<0.75,beta>=1.7,0.65<=A<0.75 | beta>=1.7,baseline_weakest_25
381,442_0.69_0.5.png,442,0.69,0.5,400,400,25.46004423398491,0.9893390536308289,21.650268148639768,0.948677659034729,21.314487568951623,0.9489749073982239,-0.33578057968814434,0.00029724836349487305,0.65<=A<0.75,beta<0.8,0.65<=A<0.75 | beta<0.8,baseline_weakest_25
382,443_0.56_1.04.png,443,0.56,1.04,400,400,19.42714008605588,0.9714317321777344,13.105915587572722,0.8811737298965454,12.862040171341881,0.8782359957695007,-0.24387541623084097,-0.0029377341270446777,A<0.65,0.8<=beta<1.1,A<0.65 | 0.8<=beta<1.1,baseline_weakest_25
383,444_0.75_0.74.png,444,0.75,0.74,400,400,23.582603596256643,0.9853368401527405,22.387697464797306,0.9538711905479431,21.761065073721127,0.9517713189125061,-0.6266323910761784,-0.0020998716354370117,0.75<=A<0.85,beta<0.8,0.75<=A<0.85 | beta<0.8,baseline_weakest_25
384,445_0.81_1.09.png,445,0.81,1.09,400,400,13.892142163271558,0.7508426904678345,28.921418356237055,0.9861732125282288,28.237685104439873,0.9847114682197571,-0.6837332517971824,-0.0014617443084716797,0.75<=A<0.85,0.8<=beta<1.1,0.75<=A<0.85 | 0.8<=beta<1.1,baseline_middle_50
385,446_0.73_1.78.png,446,0.73,1.78,400,400,11.082038017371483,0.6559697985649109,27.96686680001212,0.9839885234832764,27.44538707279213,0.9836766123771667,-0.5214797272199903,-0.00031191110610961914,0.65<=A<0.75,beta>=1.7,0.65<=A<0.75 | beta>=1.7,baseline_weakest_25
386,447_0.86_1.46.png,447,0.86,1.46,400,400,11.655179409778613,0.6790520548820496,29.06716389876263,0.983140230178833,28.664207970525553,0.9824395179748535,-0.40295592823707693,-0.0007007122039794922,0.85<=A<0.95,1.4<=beta<1.7,0.85<=A<0.95 | 1.4<=beta<1.7,baseline_middle_50
387,448_0.7_1.9.png,448,0.7,1.9,400,400,10.91001838130037,0.6471971273422241,27.97967575027631,0.9837945699691772,27.270990573587575,0.9830112457275391,-0.7086851766887357,-0.0007833242416381836,0.65<=A<0.75,beta>=1.7,0.65<=A<0.75 | beta>=1.7,baseline_weakest_25
388,449_0.93_0.78.png,449,0.93,0.78,400,400,14.615797646462703,0.7268884181976318,34.190063351166835,0.9885412454605103,34.851649336244904,0.9858052134513855,0.6615859850780694,-0.002736032009124756,0.85<=A<0.95,beta<0.8,0.85<=A<0.95 | beta<0.8,baseline_middle_50
389,44_0.73_0.53.png,44,0.73,0.53,400,400,21.468364868464572,0.90814208984375,33.976364269920246,0.9880757331848145,35.02509411892194,0.9880927801132202,1.0487298490016954,1.704692840576172e-05,0.65<=A<0.75,beta<0.8,0.65<=A<0.75 | beta<0.8,baseline_middle_50
390,450_0.55_1.68.png,450,0.55,1.68,400,400,12.437954502493177,0.6505826711654663,28.80169097161081,0.9807416796684265,31.103072359579144,0.9845353364944458,2.301381387968334,0.003793656826019287,A<0.65,1.4<=beta<1.7,A<0.65 | 1.4<=beta<1.7,baseline_middle_50
391,451_0.69_1.79.png,451,0.69,1.79,400,400,10.456777734092814,0.5980139970779419,28.64581008328358,0.9819371104240417,29.70927198354889,0.9822703003883362,1.0634619002653132,0.0003331899642944336,0.65<=A<0.75,beta>=1.7,0.65<=A<0.75 | beta>=1.7,baseline_weakest_25
392,452_0.62_0.88.png,452,0.62,0.88,400,400,16.524756940414132,0.768275260925293,31.35551335678741,0.989465057849884,32.68554280396553,0.990402102470398,1.3300294471781235,0.000937044620513916,A<0.65,0.8<=beta<1.1,A<0.65 | 0.8<=beta<1.1,baseline_middle_50
393,453_0.95_0.6.png,453,0.95,0.6,400,400,14.667473576933201,0.8325104713439941,32.32718337994027,0.9903801083564758,32.65565591661464,0.9910050630569458,0.3284725366743686,0.0006249547004699707,A>=0.95,beta<0.8,A>=0.95 | beta<0.8,baseline_middle_50
394,454_0.7_1.23.png,454,0.7,1.23,400,400,12.09476118087065,0.7245957851409912,30.68717677578823,0.9874568581581116,30.617518920191387,0.9880445599555969,-0.06965785559684434,0.0005877017974853516,0.65<=A<0.75,1.1<=beta<1.4,0.65<=A<0.75 | 1.1<=beta<1.4,baseline_middle_50
395,455_0.71_0.53.png,455,0.71,0.53,400,400,17.83594654716068,0.8898128271102905,35.27132714620285,0.9928867816925049,36.059288019158515,0.9938935041427612,0.7879608729556651,0.0010067224502563477,0.65<=A<0.75,beta<0.8,0.65<=A<0.75 | beta<0.8,baseline_middle_50
396,456_0.72_0.84.png,456,0.72,0.84,400,400,14.402518508170473,0.8108808398246765,33.09517425007641,0.9903932809829712,33.65650471575951,0.9914248585700989,0.5613304656830991,0.0010315775871276855,0.65<=A<0.75,0.8<=beta<1.1,0.65<=A<0.75 | 0.8<=beta<1.1,baseline_middle_50
397,457_0.61_0.57.png,457,0.61,0.57,400,400,26.351271344700532,0.9851759076118469,33.63045934346395,0.9952552914619446,35.50758713677907,0.9955818057060242,1.8771277933151254,0.00032651424407958984,A<0.65,beta<0.8,A<0.65 | beta<0.8,baseline_middle_50
398,458_0.58_0.65.png,458,0.58,0.65,400,400,26.46240827560547,0.983644962310791,33.86711182453695,0.9949967265129089,33.845754366370656,0.9949573874473572,-0.02135745816629253,-3.933906555175781e-05,A<0.65,beta<0.8,A<0.65 | beta<0.8,baseline_middle_50
399,459_0.97_1.71.png,459,0.97,1.71,400,400,11.335234883726415,0.8538459539413452,17.1445847608655,0.957798957824707,16.83852149908247,0.9558064341545105,-0.30606326178302723,-0.001992523670196533,A>=0.95,beta>=1.7,A>=0.95 | beta>=1.7,baseline_weakest_25
400,45_0.99_1.02.png,45,0.99,1.02,400,400,11.636482511842392,0.7582800984382629,30.379995906628263,0.9789644479751587,27.5645993637633,0.9700992107391357,-2.8153965428649634,-0.00886523723602295,A>=0.95,0.8<=beta<1.1,A>=0.95 | 0.8<=beta<1.1,baseline_middle_50
401,460_0.99_1.03.png,460,0.99,1.03,400,400,13.591080109202737,0.9077173471450806,19.869714916582538,0.9746160507202148,19.690844241095476,0.9731282591819763,-0.1788706754870617,-0.0014877915382385254,A>=0.95,0.8<=beta<1.1,A>=0.95 | 0.8<=beta<1.1,baseline_weakest_25
402,461_0.68_1.75.png,461,0.68,1.75,400,400,12.549521355948457,0.7978988289833069,28.633835291357876,0.9820113182067871,28.105845603587838,0.9789429903030396,-0.5279896877700381,-0.0030683279037475586,0.65<=A<0.75,beta>=1.7,0.65<=A<0.75 | beta>=1.7,baseline_weakest_25
403,462_0.91_1.52.png,462,0.91,1.52,400,400,10.762660541227733,0.7691597938537598,27.638712768706775,0.98063063621521,24.774800748423115,0.9732363224029541,-2.86391202028366,-0.007394313812255859,0.85<=A<0.95,1.4<=beta<1.7,0.85<=A<0.95 | 1.4<=beta<1.7,baseline_weakest_25
404,463_0.97_1.52.png,463,0.97,1.52,400,400,10.210371421197104,0.7559155225753784,27.387002217343806,0.9797227382659912,24.205267234092553,0.9698830842971802,-3.1817349832512534,-0.009839653968811035,A>=0.95,1.4<=beta<1.7,A>=0.95 | 1.4<=beta<1.7,baseline_weakest_25
405,464_0.68_1.75.png,464,0.68,1.75,400,400,12.549521355948457,0.7978988289833069,28.633835291357876,0.9820113182067871,28.105845603587838,0.9789429903030396,-0.5279896877700381,-0.0030683279037475586,0.65<=A<0.75,beta>=1.7,0.65<=A<0.75 | beta>=1.7,baseline_weakest_25
406,465_0.94_1.86.png,465,0.94,1.86,400,400,14.246171997685067,0.8186492919921875,30.523318119426616,0.9799310564994812,31.09088682708359,0.9804688692092896,0.5675687076569744,0.0005378127098083496,0.85<=A<0.95,beta>=1.7,0.85<=A<0.95 | beta>=1.7,baseline_middle_50
407,466_0.99_1.63.png,466,0.99,1.63,400,400,14.580020714942998,0.8302552700042725,29.37772615366289,0.9815620183944702,29.972358109949944,0.9825686812400818,0.5946319562870528,0.0010066628456115723,A>=0.95,1.4<=beta<1.7,A>=0.95 | 1.4<=beta<1.7,baseline_middle_50
408,467_0.71_1.76.png,467,0.71,1.76,400,400,17.474972724289447,0.859235942363739,27.370834494984855,0.9851221442222595,27.99862814065755,0.9817067980766296,0.6277936456726962,-0.003415346145629883,0.65<=A<0.75,beta>=1.7,0.65<=A<0.75 | beta>=1.7,baseline_weakest_25
409,468_0.73_1.94.png,468,0.73,1.94,400,400,16.431028876317185,0.842710554599762,26.248153415474192,0.9828066229820251,27.183498352126225,0.9780054688453674,0.935344936652033,-0.004801154136657715,0.65<=A<0.75,beta>=1.7,0.65<=A<0.75 | beta>=1.7,baseline_weakest_25
410,469_0.96_1.99.png,469,0.96,1.99,400,400,8.465499231061298,0.6393591165542603,28.846247418978127,0.955239474773407,27.932660715058233,0.9492141008377075,-0.9135867039198935,-0.006025373935699463,A>=0.95,beta>=1.7,A>=0.95 | beta>=1.7,baseline_middle_50
411,46_0.57_1.55.png,46,0.57,1.55,400,400,11.799133400219599,0.7513036727905273,30.56453176540952,0.9785350561141968,29.17784219247949,0.9725035429000854,-1.386689572930031,-0.006031513214111328,A<0.65,1.4<=beta<1.7,A<0.65 | 1.4<=beta<1.7,baseline_middle_50
412,470_0.53_1.34.png,470,0.53,1.34,400,400,13.503909634645979,0.7767052054405212,28.11028844468597,0.9820076823234558,33.66090630373808,0.9854645729064941,5.55061785905211,0.00345689058303833,A<0.65,1.1<=beta<1.4,A<0.65 | 1.1<=beta<1.4,baseline_weakest_25
413,471_0.76_0.79.png,471,0.76,0.79,400,400,15.536436285021777,0.8330294489860535,31.002045270628088,0.9735883474349976,32.92600580932032,0.9808182120323181,1.923960538692235,0.007229864597320557,0.75<=A<0.85,beta<0.8,0.75<=A<0.85 | beta<0.8,baseline_middle_50
414,472_0.69_0.68.png,472,0.69,0.68,400,400,17.53720303955235,0.8678895235061646,29.974554055134423,0.9774218797683716,32.09442105754916,0.982861340045929,2.1198670024147397,0.005439460277557373,0.65<=A<0.75,beta<0.8,0.65<=A<0.75 | beta<0.8,baseline_middle_50
415,473_0.63_0.94.png,473,0.63,0.94,400,400,20.643402887367387,0.9302018880844116,31.010733457915308,0.9881060123443604,28.338265817563773,0.9843629598617554,-2.6724676403515346,-0.0037430524826049805,A<0.65,0.8<=beta<1.1,A<0.65 | 0.8<=beta<1.1,baseline_middle_50
416,474_0.6_1.43.png,474,0.6,1.43,400,400,16.515155153829944,0.8601334691047668,31.241042743709873,0.9873075485229492,30.101894893774475,0.9859802722930908,-1.139147849935398,-0.0013272762298583984,A<0.65,1.4<=beta<1.7,A<0.65 | 1.4<=beta<1.7,baseline_middle_50
417,475_0.94_1.55.png,475,0.94,1.55,400,400,11.218031091661643,0.7484118342399597,28.940302971647228,0.9835836887359619,28.58502058485894,0.9836543798446655,-0.3552823867882893,7.069110870361328e-05,0.85<=A<0.95,1.4<=beta<1.7,0.85<=A<0.95 | 1.4<=beta<1.7,baseline_middle_50
418,476_0.91_1.92.png,476,0.91,1.92,400,400,10.033578939491985,0.7012248635292053,28.273829572394146,0.9811142086982727,28.17920965593725,0.9797225594520569,-0.09461991645689594,-0.0013916492462158203,0.85<=A<0.95,beta>=1.7,0.85<=A<0.95 | beta>=1.7,baseline_weakest_25
419,477_0.9_1.45.png,477,0.9,1.45,400,400,13.036143200677246,0.7770143747329712,27.643245613508753,0.9693354964256287,28.20260464036465,0.9726746082305908,0.5593590268558977,0.003339111804962158,0.85<=A<0.95,1.4<=beta<1.7,0.85<=A<0.95 | 1.4<=beta<1.7,baseline_weakest_25
420,478_0.84_0.71.png,478,0.84,0.71,400,400,18.059484598301502,0.8966204524040222,29.061489791498744,0.9850268363952637,28.598453375034453,0.9803237318992615,-0.4630364164642913,-0.004703104496002197,0.75<=A<0.85,beta<0.8,0.75<=A<0.85 | beta<0.8,baseline_middle_50
421,479_0.79_0.62.png,479,0.79,0.62,400,400,19.204681166686616,0.9163724780082703,29.319741605357883,0.9852799773216248,28.89771154081192,0.9807015657424927,-0.4220300645459645,-0.00457841157913208,0.75<=A<0.85,beta<0.8,0.75<=A<0.85 | beta<0.8,baseline_middle_50
422,47_0.78_0.6.png,47,0.78,0.6,400,400,16.972833442468517,0.8752238154411316,29.740042093419454,0.9760404229164124,29.594733745264314,0.9768864512443542,-0.14530834815514027,0.0008460283279418945,0.75<=A<0.85,beta<0.8,0.75<=A<0.85 | beta<0.8,baseline_middle_50
423,480_0.54_0.98.png,480,0.54,0.98,400,400,18.213231202468354,0.8940433859825134,24.4806223208691,0.9819546937942505,24.92173732530641,0.9799755215644836,0.4411150044373109,-0.0019791722297668457,A<0.65,0.8<=beta<1.1,A<0.65 | 0.8<=beta<1.1,baseline_weakest_25
424,481_0.81_0.67.png,481,0.81,0.67,400,400,16.70688970502025,0.8555569052696228,34.22839200530823,0.992350161075592,32.6988939486237,0.9880298376083374,-1.529498056684531,-0.004320323467254639,0.75<=A<0.85,beta<0.8,0.75<=A<0.85 | beta<0.8,baseline_middle_50
425,482_0.91_0.62.png,482,0.91,0.62,400,400,16.153896984047137,0.8520427346229553,36.53757717159935,0.9925293326377869,33.40451844777569,0.9883950352668762,-3.133058723823659,-0.0041342973709106445,0.85<=A<0.95,beta<0.8,0.85<=A<0.95 | beta<0.8,baseline_strongest_25
426,483_0.64_0.86.png,483,0.64,0.86,400,400,17.231991414237445,0.8459409475326538,30.646502518783056,0.9911314845085144,30.000412876551756,0.9861485958099365,-0.6460896422312992,-0.004982888698577881,A<0.65,0.8<=beta<1.1,A<0.65 | 0.8<=beta<1.1,baseline_middle_50
427,484_0.94_1.48.png,484,0.94,1.48,400,400,10.249610173244214,0.6651479005813599,30.074295972804173,0.9843699932098389,30.781637447708118,0.9810487031936646,0.7073414749039451,-0.0033212900161743164,0.85<=A<0.95,1.4<=beta<1.7,0.85<=A<0.95 | 1.4<=beta<1.7,baseline_middle_50
428,485_0.94_1.87.png,485,0.94,1.87,400,400,12.947819792073398,0.8275609016418457,24.212316529103553,0.9693892002105713,25.821289515827907,0.9711602330207825,1.6089729867243534,0.0017710328102111816,0.85<=A<0.95,beta>=1.7,0.85<=A<0.95 | beta>=1.7,baseline_weakest_25
429,486_0.96_1.3.png,486,0.96,1.3,400,400,15.24736752358642,0.8833626508712769,25.343465198043656,0.9748574495315552,25.829534570279776,0.9760745167732239,0.4860693722361198,0.0012170672416687012,A>=0.95,1.1<=beta<1.4,A>=0.95 | 1.1<=beta<1.4,baseline_weakest_25
430,487_0.7_0.65.png,487,0.7,0.65,400,400,25.629207379595563,0.9786048531532288,21.745575165433486,0.9779072999954224,21.669568578674273,0.9700860977172852,-0.07600658675921323,-0.007821202278137207,0.65<=A<0.75,beta<0.8,0.65<=A<0.75 | beta<0.8,baseline_weakest_25
431,488_0.99_1.47.png,488,0.99,1.47,400,400,13.938785102918136,0.859430730342865,26.246182568147596,0.9748531579971313,25.963722417891223,0.9736254215240479,-0.28246015025637305,-0.001227736473083496,A>=0.95,1.4<=beta<1.7,A>=0.95 | 1.4<=beta<1.7,baseline_weakest_25
432,489_0.55_1.03.png,489,0.55,1.03,400,400,17.013595815927843,0.8526729345321655,26.598057659654486,0.9880950450897217,28.093941855476317,0.9894110560417175,1.49588419582183,0.0013160109519958496,A<0.65,0.8<=beta<1.1,A<0.65 | 0.8<=beta<1.1,baseline_weakest_25
433,48_0.88_0.81.png,48,0.88,0.81,400,400,13.900962006721675,0.8158961534500122,30.422068330570504,0.9789783954620361,28.520641632004747,0.9735283851623535,-1.901426698565757,-0.005450010299682617,0.85<=A<0.95,0.8<=beta<1.1,0.85<=A<0.95 | 0.8<=beta<1.1,baseline_middle_50
434,490_0.61_1.55.png,490,0.61,1.55,400,400,14.819969734126524,0.7675814032554626,25.633275747609275,0.984633207321167,27.218537314441498,0.9822685122489929,1.585261566832223,-0.0023646950721740723,A<0.65,1.4<=beta<1.7,A<0.65 | 1.4<=beta<1.7,baseline_weakest_25
435,491_0.68_1.42.png,491,0.68,1.42,400,400,14.794227903822462,0.7751712203025818,27.615280943492863,0.987075924873352,29.045480012962848,0.9855400919914246,1.4301990694699853,-0.0015358328819274902,0.65<=A<0.75,1.4<=beta<1.7,0.65<=A<0.75 | 1.4<=beta<1.7,baseline_weakest_25
436,492_0.53_1.9.png,492,0.53,1.9,400,400,13.923160169571918,0.7309036254882812,23.473320807390063,0.9747984409332275,25.335347626473762,0.9714298248291016,1.8620268190836988,-0.0033686161041259766,A<0.65,beta>=1.7,A<0.65 | beta>=1.7,baseline_weakest_25
437,493_0.69_0.5.png,493,0.69,0.5,400,400,23.040768496403736,0.9142971634864807,30.233725480464997,0.9645332098007202,29.814725057291128,0.9640486240386963,-0.41900042317386976,-0.0004845857620239258,0.65<=A<0.75,beta<0.8,0.65<=A<0.75 | beta<0.8,baseline_middle_50
438,494_0.77_0.54.png,494,0.77,0.54,400,400,20.737419053959606,0.8917901515960693,30.017585733528982,0.9623765349388123,29.501047839421396,0.9611079692840576,-0.5165378941075858,-0.0012685656547546387,0.75<=A<0.85,beta<0.8,0.75<=A<0.85 | beta<0.8,baseline_middle_50
439,495_0.74_1.05.png,495,0.74,1.05,400,400,14.456172263759443,0.8011912107467651,27.251496755996985,0.9496957659721375,27.092404002060746,0.9483100175857544,-0.159092753936239,-0.0013857483863830566,0.65<=A<0.75,0.8<=beta<1.1,0.65<=A<0.75 | 0.8<=beta<1.1,baseline_weakest_25
440,496_0.61_0.71.png,496,0.61,0.71,400,400,20.27238307722675,0.8860279321670532,29.10636306935163,0.9623364806175232,28.736137401991844,0.9607688784599304,-0.37022566735978657,-0.0015676021575927734,A<0.65,beta<0.8,A<0.65 | beta<0.8,baseline_middle_50
441,497_0.7_0.61.png,497,0.7,0.61,400,400,20.02829890303041,0.8923999667167664,33.59071970619042,0.9919155240058899,31.73197588969014,0.9939576983451843,-1.8587438165002794,0.0020421743392944336,0.65<=A<0.75,beta<0.8,0.65<=A<0.75 | beta<0.8,baseline_middle_50
442,498_0.81_1.42.png,498,0.81,1.42,400,400,13.421904487162708,0.7230120301246643,30.258274617017996,0.9867421984672546,30.36864087756705,0.9879451990127563,0.11036626054905341,0.001203000545501709,0.75<=A<0.85,1.4<=beta<1.7,0.75<=A<0.85 | 1.4<=beta<1.7,baseline_middle_50
443,499_0.85_1.47.png,499,0.85,1.47,400,400,12.73437669407264,0.707645058631897,30.45178006526351,0.9858039021492004,30.861729758041868,0.9867459535598755,0.40994969277835835,0.0009420514106750488,0.85<=A<0.95,1.4<=beta<1.7,0.85<=A<0.95 | 1.4<=beta<1.7,baseline_middle_50
444,49_0.7_1.47.png,49,0.7,1.47,400,400,15.7418559938108,0.8572536110877991,31.53646545498401,0.9891319870948792,34.4629581281327,0.992433488368988,2.9264926731486867,0.0033015012741088867,0.65<=A<0.75,1.4<=beta<1.7,0.65<=A<0.75 | 1.4<=beta<1.7,baseline_middle_50
445,4_0.85_1.44.png,4,0.85,1.44,400,400,11.138934502627329,0.6531268954277039,33.361858368276366,0.987101137638092,31.056947533729996,0.9866521954536438,-2.3049108345463694,-0.0004489421844482422,0.85<=A<0.95,1.4<=beta<1.7,0.85<=A<0.95 | 1.4<=beta<1.7,baseline_middle_50
446,500_0.73_1.2.png,500,0.73,1.2,400,400,15.261010520463682,0.7752312421798706,30.794031329304687,0.9888550639152527,29.612101790469264,0.990614652633667,-1.1819295388354227,0.0017595887184143066,0.65<=A<0.75,1.1<=beta<1.4,0.65<=A<0.75 | 1.1<=beta<1.4,baseline_middle_50
447,501_0.55_1.96.png,501,0.55,1.96,480,640,17.646766898137223,0.8190103769302368,32.30632694611165,0.989084780216217,31.61062834129296,0.9883475303649902,-0.6956986048186948,-0.0007372498512268066,A<0.65,beta>=1.7,A<0.65 | beta>=1.7,baseline_middle_50
448,502_0.8_1.09.png,502,0.8,1.09,480,640,17.416296655692708,0.8823630213737488,33.75517363188052,0.9916025400161743,32.74469025725222,0.9908707737922668,-1.0104833746282935,-0.0007317662239074707,0.75<=A<0.85,0.8<=beta<1.1,0.75<=A<0.85 | 0.8<=beta<1.1,baseline_middle_50
449,503_0.9_0.94.png,503,0.9,0.94,480,640,16.799927284890025,0.8887011408805847,32.51927539127567,0.9912859797477722,31.675816948503396,0.9908577799797058,-0.843458442772274,-0.00042819976806640625,0.85<=A<0.95,0.8<=beta<1.1,0.85<=A<0.95 | 0.8<=beta<1.1,baseline_middle_50
450,504_0.84_1.72.png,504,0.84,1.72,480,640,13.70386673617115,0.7976094484329224,31.392736390403023,0.9852878451347351,30.264690494445926,0.9845132827758789,-1.1280458959570971,-0.0007745623588562012,0.75<=A<0.85,beta>=1.7,0.75<=A<0.85 | beta>=1.7,baseline_middle_50
451,505_1.0_1.88.png,505,1.0,1.88,480,640,11.924003191591721,0.7719061374664307,28.556737904768177,0.9783770442008972,27.76875037598634,0.9740840792655945,-0.7879875287818372,-0.004292964935302734,A>=0.95,beta>=1.7,A>=0.95 | beta>=1.7,baseline_weakest_25
452,506_0.68_0.66.png,506,0.68,0.66,480,640,23.047924818776956,0.9432827830314636,37.950226835171414,0.995128870010376,39.06520732653828,0.9956839084625244,1.1149804913668646,0.0005550384521484375,0.65<=A<0.75,beta<0.8,0.65<=A<0.75 | beta<0.8,baseline_strongest_25
453,507_0.66_0.7.png,507,0.66,0.7,480,640,22.770567335000376,0.9408226609230042,37.868410725345996,0.9952002167701721,38.83770283528127,0.9955901503562927,0.9692921099352745,0.00038993358612060547,0.65<=A<0.75,beta<0.8,0.65<=A<0.75 | beta<0.8,baseline_strongest_25
454,508_0.72_1.04.png,508,0.72,1.04,480,640,19.330655160859173,0.8997300863265991,36.42270892231929,0.9929851293563843,36.469851951072854,0.9926558136940002,0.047143028753566796,-0.0003293156623840332,0.65<=A<0.75,0.8<=beta<1.1,0.65<=A<0.75 | 0.8<=beta<1.1,baseline_strongest_25
455,509_0.95_1.52.png,509,0.95,1.52,480,640,14.15255172564545,0.8437962532043457,26.47633641266929,0.978803813457489,26.076539140402808,0.979273796081543,-0.39979727226648265,0.0004699826240539551,A>=0.95,1.4<=beta<1.7,A>=0.95 | 1.4<=beta<1.7,baseline_weakest_25
456,50_0.66_0.83.png,50,0.66,0.83,400,400,20.222851793395883,0.9407013058662415,30.799361740288617,0.9908773303031921,32.02929334455518,0.9931305050849915,1.229931604266561,0.0022531747817993164,0.65<=A<0.75,0.8<=beta<1.1,0.65<=A<0.75 | 0.8<=beta<1.1,baseline_middle_50
457,510_0.71_1.55.png,510,0.71,1.55,480,640,17.818006653244854,0.8727928400039673,31.25269039326165,0.9874230027198792,29.21329674912316,0.9874773621559143,-2.039393644138489,5.435943603515625e-05,0.65<=A<0.75,1.4<=beta<1.7,0.65<=A<0.75 | 1.4<=beta<1.7,baseline_middle_50
458,511_0.79_0.83.png,511,0.79,0.83,480,640,21.055354289741427,0.9251044392585754,32.53319413127332,0.9910528063774109,32.158839050334485,0.9920673966407776,-0.37435508093883385,0.0010145902633666992,0.75<=A<0.85,0.8<=beta<1.1,0.75<=A<0.85 | 0.8<=beta<1.1,baseline_middle_50
459,512_0.94_1.48.png,512,0.94,1.48,480,640,14.475734797497816,0.8485710024833679,26.67684952717694,0.979698657989502,26.255742600544394,0.9802262783050537,-0.4211069266325467,0.0005276203155517578,0.85<=A<0.95,1.4<=beta<1.7,0.85<=A<0.95 | 1.4<=beta<1.7,baseline_weakest_25
460,513_0.97_0.99.png,513,0.97,0.99,480,640,15.99185498230344,0.8878510594367981,29.779687944866453,0.9863840341567993,28.958669347757393,0.9849730134010315,-0.8210185971090596,-0.0014110207557678223,A>=0.95,0.8<=beta<1.1,A>=0.95 | 0.8<=beta<1.1,baseline_middle_50
461,514_0.92_1.6.png,514,0.92,1.6,480,640,13.91792258626068,0.8309286236763,28.42322723488005,0.9790884256362915,28.06738427890048,0.976689875125885,-0.3558429559795684,-0.002398550510406494,0.85<=A<0.95,1.4<=beta<1.7,0.85<=A<0.95 | 1.4<=beta<1.7,baseline_weakest_25
462,515_0.62_0.56.png,515,0.62,0.56,480,640,25.502091999843408,0.9631165862083435,36.51206754156024,0.9953898191452026,35.22711576617794,0.9951150417327881,-1.2849517753823037,-0.0002747774124145508,A<0.65,beta<0.8,A<0.65 | beta<0.8,baseline_strongest_25
463,516_0.64_0.94.png,516,0.64,0.94,480,640,21.69106273960572,0.9294739961624146,34.73860824435401,0.9927186369895935,33.63887827082972,0.9924870133399963,-1.0997299735242905,-0.00023162364959716797,A<0.65,0.8<=beta<1.1,A<0.65 | 0.8<=beta<1.1,baseline_middle_50
464,517_0.8_1.62.png,517,0.8,1.62,480,640,13.382692884536286,0.6061902046203613,38.7106405134747,0.9878895878791809,40.22134740164234,0.9884303212165833,1.5107068881676398,0.0005407333374023438,0.75<=A<0.85,1.4<=beta<1.7,0.75<=A<0.85 | 1.4<=beta<1.7,baseline_strongest_25
465,518_0.86_0.85.png,518,0.86,0.85,480,640,17.35765740921314,0.6866487860679626,41.55940903973089,0.9924816489219666,42.438793978379096,0.9930674433708191,0.879384938648208,0.0005857944488525391,0.85<=A<0.95,0.8<=beta<1.1,0.85<=A<0.95 | 0.8<=beta<1.1,baseline_strongest_25
466,519_0.58_1.19.png,519,0.58,1.19,480,640,18.677436253745675,0.7035165429115295,43.00413251485687,0.9932909607887268,43.292581641283135,0.9934327006340027,0.28844912642626497,0.0001417398452758789,A<0.65,1.1<=beta<1.4,A<0.65 | 1.1<=beta<1.4,baseline_strongest_25
467,51_0.6_1.79.png,51,0.6,1.79,400,400,16.31166181874469,0.8491923213005066,29.092703160656484,0.9869940280914307,31.66659231746069,0.9893728494644165,2.5738891568042064,0.00237882137298584,A<0.65,beta>=1.7,A<0.65 | beta>=1.7,baseline_middle_50
468,520_0.95_0.81.png,520,0.95,0.81,480,640,16.763932154654075,0.6772412061691284,40.83667587472838,0.9919212460517883,40.95839306550451,0.9925890564918518,0.12171719077613119,0.0006678104400634766,A>=0.95,0.8<=beta<1.1,A>=0.95 | 0.8<=beta<1.1,baseline_strongest_25
469,521_0.53_1.56.png,521,0.53,1.56,480,640,19.012573725304016,0.8537161946296692,37.822709031444795,0.9886446595191956,36.68516572990309,0.9891449213027954,-1.1375433015417045,0.0005002617835998535,A<0.65,1.4<=beta<1.7,A<0.65 | 1.4<=beta<1.7,baseline_strongest_25
470,522_0.68_1.78.png,522,0.68,1.78,480,640,16.16967871299636,0.8064994215965271,34.12129182792722,0.9825373291969299,34.18109988729618,0.9844500422477722,0.0598080593689545,0.0019127130508422852,0.65<=A<0.75,beta>=1.7,0.65<=A<0.75 | beta>=1.7,baseline_middle_50
471,523_0.5_1.76.png,523,0.5,1.76,480,640,18.4933314722371,0.8417298793792725,34.75279430124953,0.9868631958961487,32.59752463689888,0.9869652390480042,-2.155269664350648,0.00010204315185546875,A<0.65,beta>=1.7,A<0.65 | beta>=1.7,baseline_middle_50
472,524_0.59_1.65.png,524,0.59,1.65,480,640,17.993555587209475,0.8354800939559937,36.13418549477439,0.9863083362579346,36.192149668140786,0.987725019454956,0.05796417336639337,0.0014166831970214844,A<0.65,1.4<=beta<1.7,A<0.65 | 1.4<=beta<1.7,baseline_middle_50
473,525_0.74_1.31.png,525,0.74,1.31,480,640,19.142250611666785,0.8842626214027405,38.16705963583128,0.9936470985412598,38.53013577393426,0.9936438202857971,0.3630761381029828,-3.2782554626464844e-06,0.65<=A<0.75,1.1<=beta<1.4,0.65<=A<0.75 | 1.1<=beta<1.4,baseline_strongest_25
474,526_0.73_0.69.png,526,0.73,0.69,480,640,23.939987379284673,0.936245322227478,41.267452165883384,0.9959675669670105,41.84649426204302,0.9961655139923096,0.5790420961596325,0.00019794702529907227,0.65<=A<0.75,beta<0.8,0.65<=A<0.75 | beta<0.8,baseline_strongest_25
475,527_0.72_1.87.png,527,0.72,1.87,480,640,17.13362391271422,0.8471214771270752,36.43622859104425,0.9911043643951416,36.841836681265605,0.9916512370109558,0.4056080902213566,0.000546872615814209,0.65<=A<0.75,beta>=1.7,0.65<=A<0.75 | beta>=1.7,baseline_strongest_25
476,528_0.95_0.76.png,528,0.95,0.76,480,640,20.166262855940545,0.9086567163467407,38.932183607966294,0.9951109886169434,38.345800006481056,0.9948615431785583,-0.5863836014852382,-0.00024944543838500977,A>=0.95,beta<0.8,A>=0.95 | beta<0.8,baseline_strongest_25
477,529_0.86_1.47.png,529,0.86,1.47,480,640,18.947834237767008,0.8770046830177307,36.3748201723086,0.9923330545425415,38.31960231308566,0.993162214756012,1.9447821407770576,0.000829160213470459,0.85<=A<0.95,1.4<=beta<1.7,0.85<=A<0.95 | 1.4<=beta<1.7,baseline_strongest_25
478,52_0.57_1.57.png,52,0.57,1.57,400,400,17.37227253461698,0.8796200752258301,28.059854456758657,0.98623126745224,29.850695814192125,0.9889084100723267,1.790841357433468,0.00267714262008667,A<0.65,1.4<=beta<1.7,A<0.65 | 1.4<=beta<1.7,baseline_weakest_25
479,530_0.62_1.06.png,530,0.62,1.06,480,640,22.54146617289338,0.9429011344909668,39.46094943864291,0.9954245090484619,41.19035941655359,0.9956084489822388,1.7294099779106773,0.00018393993377685547,A<0.65,0.8<=beta<1.1,A<0.65 | 0.8<=beta<1.1,baseline_strongest_25
480,531_0.78_1.72.png,531,0.78,1.72,480,640,18.59844151231638,0.8675720691680908,36.87703859151373,0.9922220706939697,38.26499382919391,0.9929032921791077,1.3879552376801811,0.0006812214851379395,0.75<=A<0.85,beta>=1.7,0.75<=A<0.85 | beta>=1.7,baseline_strongest_25
481,532_0.63_1.43.png,532,0.63,1.43,480,640,20.344387662461507,0.9130447506904602,39.68460852737191,0.9947867393493652,40.22509078828768,0.9946778416633606,0.5404822609157733,-0.00010889768600463867,A<0.65,1.4<=beta<1.7,A<0.65 | 1.4<=beta<1.7,baseline_strongest_25
482,533_0.75_0.77.png,533,0.75,0.77,480,640,17.69596786130051,0.7960175275802612,35.716781458610136,0.9820129871368408,36.95872716044542,0.9839789867401123,1.2419457018352844,0.0019659996032714844,0.75<=A<0.85,beta<0.8,0.75<=A<0.85 | beta<0.8,baseline_middle_50
483,534_0.58_0.58.png,534,0.58,0.58,480,640,22.005891552359834,0.8593940138816833,37.9510622455714,0.9873287677764893,38.529687075092916,0.9881681799888611,0.578624829521516,0.0008394122123718262,A<0.65,beta<0.8,A<0.65 | beta<0.8,baseline_strongest_25
484,535_0.65_1.44.png,535,0.65,1.44,480,640,14.668801189266112,0.7305026650428772,34.60592565142241,0.9764561057090759,34.46219597259781,0.9735116958618164,-0.14372967882459875,-0.0029444098472595215,0.65<=A<0.75,1.4<=beta<1.7,0.65<=A<0.75 | 1.4<=beta<1.7,baseline_middle_50
485,536_0.93_0.57.png,536,0.93,0.57,480,640,17.905588333777217,0.8032218813896179,35.40521573433662,0.9831005930900574,36.18714597638224,0.9821735620498657,0.7819302420456182,-0.0009270310401916504,0.85<=A<0.95,beta<0.8,0.85<=A<0.95 | beta<0.8,baseline_middle_50
486,537_0.58_1.0.png,537,0.58,1.0,480,640,20.50764138273225,0.8899645805358887,37.292802110461864,0.9945104718208313,36.501450260317654,0.9943100810050964,-0.7913518501442098,-0.00020039081573486328,A<0.65,0.8<=beta<1.1,A<0.65 | 0.8<=beta<1.1,baseline_strongest_25
487,538_0.61_1.35.png,538,0.61,1.35,480,640,18.1964881954392,0.8496918678283691,35.45274032450258,0.9929166436195374,33.657049792810824,0.9915971755981445,-1.7956905316917542,-0.0013194680213928223,A<0.65,1.1<=beta<1.4,A<0.65 | 1.1<=beta<1.4,baseline_middle_50
488,539_0.86_1.44.png,539,0.86,1.44,480,640,13.622038695869943,0.7991424202919006,33.170287509289615,0.9885733723640442,32.652433738903134,0.9869514107704163,-0.5178537703864805,-0.0016219615936279297,0.85<=A<0.95,1.4<=beta<1.7,0.85<=A<0.95 | 1.4<=beta<1.7,baseline_middle_50
489,53_0.72_1.32.png,53,0.72,1.32,400,400,22.827500004618052,0.9527089595794678,28.225040012225328,0.9830043315887451,30.08105101368464,0.9877315759658813,1.8560110014593114,0.0047272443771362305,0.65<=A<0.75,1.1<=beta<1.4,0.65<=A<0.75 | 1.1<=beta<1.4,baseline_weakest_25
490,540_0.65_1.28.png,540,0.65,1.28,480,640,17.858154399916874,0.8511020541191101,36.2775271576453,0.9928848743438721,34.45448975600259,0.9917084574699402,-1.8230374016427149,-0.0011764168739318848,0.65<=A<0.75,1.1<=beta<1.4,0.65<=A<0.75 | 1.1<=beta<1.4,baseline_strongest_25
491,541_0.58_1.83.png,541,0.58,1.83,480,640,22.91885940863768,0.9355430603027344,36.85400458460424,0.9927703142166138,35.299047462244395,0.9918246865272522,-1.5549571223598448,-0.0009456276893615723,A<0.65,beta>=1.7,A<0.65 | beta>=1.7,baseline_strongest_25
492,542_0.78_0.72.png,542,0.78,0.72,480,640,28.000949091815333,0.9703272581100464,39.82819845832056,0.9949830770492554,37.98151890961403,0.9946759343147278,-1.8466795487065255,-0.0003071427345275879,0.75<=A<0.85,beta<0.8,0.75<=A<0.85 | beta<0.8,baseline_strongest_25
493,543_0.82_1.54.png,543,0.82,1.54,480,640,21.40865836218402,0.9191935062408447,37.9902343850217,0.9928513169288635,36.7865390119408,0.9925805926322937,-1.2036953730808975,-0.0002707242965698242,0.75<=A<0.85,1.4<=beta<1.7,0.75<=A<0.85 | 1.4<=beta<1.7,baseline_strongest_25
494,544_0.53_0.73.png,544,0.53,0.73,480,640,30.626626824847733,0.9824067950248718,38.23899788401414,0.9948177933692932,36.2079449406153,0.993876576423645,-2.0310529433988407,-0.0009412169456481934,A<0.65,beta<0.8,A<0.65 | beta<0.8,baseline_strongest_25
495,545_0.65_1.46.png,545,0.65,1.46,480,640,18.035156442071504,0.8401270508766174,37.44372249297947,0.992925226688385,40.237001384247364,0.9936684966087341,2.793278891267896,0.0007432699203491211,0.65<=A<0.75,1.4<=beta<1.7,0.65<=A<0.75 | 1.4<=beta<1.7,baseline_strongest_25
496,546_0.93_1.03.png,546,0.93,1.03,480,640,16.11489957984282,0.8381418585777283,38.53417479815659,0.9926061034202576,38.42768279455982,0.9927766919136047,-0.10649200359677025,0.00017058849334716797,0.85<=A<0.95,0.8<=beta<1.1,0.85<=A<0.95 | 0.8<=beta<1.1,baseline_strongest_25
497,547_0.86_0.87.png,547,0.86,0.87,480,640,18.299531977366104,0.870421290397644,39.689198640111016,0.9941726326942444,40.32950467953803,0.9944937229156494,0.640306039427017,0.0003210902214050293,0.85<=A<0.95,0.8<=beta<1.1,0.85<=A<0.95 | 0.8<=beta<1.1,baseline_strongest_25
498,548_0.7_1.93.png,548,0.7,1.93,480,640,15.431933789571005,0.7848989963531494,36.083564512593846,0.9896225333213806,38.427930093028586,0.9908789396286011,2.34436558043474,0.001256406307220459,0.65<=A<0.75,beta>=1.7,0.65<=A<0.75 | beta>=1.7,baseline_middle_50
499,549_0.6_0.92.png,549,0.6,0.92,480,640,20.606039123548886,0.8709172606468201,40.806094608862864,0.9955885410308838,39.46426983803383,0.9945297837257385,-1.3418247708290352,-0.0010587573051452637,A<0.65,0.8<=beta<1.1,A<0.65 | 0.8<=beta<1.1,baseline_strongest_25
500,54_0.91_0.59.png,54,0.91,0.59,400,400,24.08176808141675,0.9769777655601501,28.76579270889109,0.9873243570327759,30.596104496908243,0.9901379942893982,1.830311788017152,0.0028136372566223145,0.85<=A<0.95,beta<0.8,0.85<=A<0.95 | beta<0.8,baseline_middle_50
501,550_0.55_1.01.png,550,0.55,1.01,480,640,20.37173618748818,0.8668982982635498,39.493688315795595,0.9954802989959717,36.935149005546755,0.9941110014915466,-2.5585393102488396,-0.0013692975044250488,A<0.65,0.8<=beta<1.1,A<0.65 | 0.8<=beta<1.1,baseline_strongest_25
502,551_0.71_1.31.png,551,0.71,1.31,480,640,16.814301683757712,0.8247793912887573,37.88648956120636,0.9934816956520081,38.051743061433825,0.9930180311203003,0.16525350022746466,-0.00046366453170776367,0.65<=A<0.75,1.1<=beta<1.4,0.65<=A<0.75 | 1.1<=beta<1.4,baseline_strongest_25
503,552_0.88_1.88.png,552,0.88,1.88,480,640,11.875234556976274,0.7465157508850098,34.316520632797406,0.9877631664276123,33.72192579044565,0.9872735738754272,-0.5945948423517535,-0.0004895925521850586,0.85<=A<0.95,beta>=1.7,0.85<=A<0.95 | beta>=1.7,baseline_middle_50
504,553_0.51_1.76.png,553,0.51,1.76,480,640,23.125850592237303,0.916639506816864,35.9206981725019,0.9952430725097656,33.98900840661411,0.9948102235794067,-1.9316897658877892,-0.0004328489303588867,A<0.65,beta>=1.7,A<0.65 | beta>=1.7,baseline_middle_50
505,554_0.96_1.87.png,554,0.96,1.87,480,640,18.499143463897273,0.8799609541893005,34.339844541709006,0.9925042390823364,34.15827344194871,0.992332935333252,-0.18157109976029773,-0.00017130374908447266,A>=0.95,beta>=1.7,A>=0.95 | beta>=1.7,baseline_middle_50
506,555_0.75_1.55.png,555,0.75,1.55,480,640,22.900331386960985,0.9075355529785156,38.23489665950318,0.994902491569519,38.24566394659094,0.9945219159126282,0.010767287087759314,-0.00038057565689086914,0.75<=A<0.85,1.4<=beta<1.7,0.75<=A<0.85 | 1.4<=beta<1.7,baseline_strongest_25
507,556_0.61_0.91.png,556,0.61,0.91,480,640,28.357701125035618,0.9413047432899475,41.756552162677394,0.9965439438819885,42.13971877308815,0.9964468479156494,0.38316661041075406,-9.709596633911133e-05,A<0.65,0.8<=beta<1.1,A<0.65 | 0.8<=beta<1.1,baseline_strongest_25
508,557_0.68_0.68.png,557,0.68,0.68,480,640,26.28256777112552,0.9072145223617554,40.34499610833198,0.9959105253219604,41.365294978543815,0.9960876703262329,1.0202988702118319,0.00017714500427246094,0.65<=A<0.75,beta<0.8,0.65<=A<0.75 | beta<0.8,baseline_strongest_25
509,558_0.93_1.03.png,558,0.93,1.03,480,640,19.387617387108975,0.8463919162750244,35.62328894820338,0.992211639881134,36.02596880121787,0.9926798939704895,0.40267985301449016,0.00046825408935546875,0.85<=A<0.95,0.8<=beta<1.1,0.85<=A<0.95 | 0.8<=beta<1.1,baseline_middle_50
510,559_1.0_1.23.png,559,1.0,1.23,480,640,17.216639823688173,0.8220280408859253,32.96781759600194,0.9890256524085999,32.789072017763566,0.9887362122535706,-0.17874557823837733,-0.0002894401550292969,A>=0.95,1.1<=beta<1.4,A>=0.95 | 1.1<=beta<1.4,baseline_middle_50
511,55_0.56_1.57.png,55,0.56,1.57,400,400,24.850744768581954,0.9582692384719849,30.622617355160276,0.9849056005477905,32.2491609375981,0.9887881875038147,1.6265435824378223,0.00388258695602417,A<0.65,1.4<=beta<1.7,A<0.65 | 1.4<=beta<1.7,baseline_middle_50
512,560_0.74_1.77.png,560,0.74,1.77,480,640,18.52707604522805,0.821342945098877,36.71940348871815,0.9913526773452759,36.40074646820417,0.9911787509918213,-0.3186570205139816,-0.00017392635345458984,0.65<=A<0.75,beta>=1.7,0.65<=A<0.75 | beta>=1.7,baseline_strongest_25
513,561_0.52_1.24.png,561,0.52,1.24,480,640,22.33294133626807,0.9199670553207397,37.17354470815269,0.9953215718269348,35.56152812237801,0.9945328831672668,-1.6120165857746827,-0.0007886886596679688,A<0.65,1.1<=beta<1.4,A<0.65 | 1.1<=beta<1.4,baseline_strongest_25
514,562_0.83_0.92.png,562,0.83,0.92,480,640,20.006870568543533,0.9187868237495422,36.907835517109426,0.9953718781471252,37.20832102569415,0.9950849413871765,0.3004855085847211,-0.00028693675994873047,0.75<=A<0.85,0.8<=beta<1.1,0.75<=A<0.85 | 0.8<=beta<1.1,baseline_strongest_25
515,563_0.56_1.5.png,563,0.56,1.5,480,640,20.726576939578806,0.9020367860794067,35.824271813628584,0.9941863417625427,35.27670328571384,0.9937012195587158,-0.5475685279147413,-0.0004851222038269043,A<0.65,1.4<=beta<1.7,A<0.65 | 1.4<=beta<1.7,baseline_middle_50
516,564_0.83_1.95.png,564,0.83,1.95,480,640,15.085642888332497,0.8477099537849426,33.851455585794675,0.9906432032585144,34.46937995287018,0.9907575249671936,0.6179243670755028,0.00011432170867919922,0.75<=A<0.85,beta>=1.7,0.75<=A<0.85 | beta>=1.7,baseline_middle_50
517,565_0.8_0.81.png,565,0.8,0.81,480,640,20.634741498278075,0.9277194738388062,31.34068981596306,0.987998902797699,31.77228004012037,0.9888758659362793,0.4315902241573113,0.0008769631385803223,0.75<=A<0.85,0.8<=beta<1.1,0.75<=A<0.85 | 0.8<=beta<1.1,baseline_middle_50
518,566_0.82_1.84.png,566,0.82,1.84,480,640,14.868235368278608,0.8486146330833435,27.945475504424895,0.9728215932846069,27.247259747060035,0.9702638387680054,-0.69821575736486,-0.0025577545166015625,0.75<=A<0.85,beta>=1.7,0.75<=A<0.85 | beta>=1.7,baseline_weakest_25
519,567_0.56_0.66.png,567,0.56,0.66,480,640,26.42619807488956,0.9611052870750427,35.62413290314494,0.993445634841919,36.98374780682752,0.9945166110992432,1.3596149036825835,0.0010709762573242188,A<0.65,beta<0.8,A<0.65 | beta<0.8,baseline_middle_50
520,568_0.51_1.22.png,568,0.51,1.22,480,640,22.79145881320874,0.9335503578186035,34.07219407368595,0.9901875257492065,34.57435074327353,0.9919271469116211,0.5021566695875777,0.0017396211624145508,A<0.65,1.1<=beta<1.4,A<0.65 | 1.1<=beta<1.4,baseline_middle_50
521,569_0.87_1.21.png,569,0.87,1.21,480,640,20.190636450164703,0.927082896232605,33.58004958737683,0.9918531179428101,33.33776633771351,0.9915787577629089,-0.24228324966331627,-0.00027436017990112305,0.85<=A<0.95,1.1<=beta<1.4,0.85<=A<0.95 | 1.1<=beta<1.4,baseline_middle_50
522,56_0.84_1.19.png,56,0.84,1.19,400,400,20.569697288455508,0.9449334740638733,27.038445879591798,0.9820084571838379,28.93606301266776,0.9863381385803223,1.8976171330759612,0.004329681396484375,0.75<=A<0.85,1.1<=beta<1.4,0.75<=A<0.85 | 1.1<=beta<1.4,baseline_weakest_25
523,570_0.63_0.57.png,570,0.63,0.57,480,640,27.589764925015963,0.9748246669769287,40.37562992892555,0.9967675805091858,40.391923004178274,0.9967718720436096,0.01629307525272594,4.291534423828125e-06,A<0.65,beta<0.8,A<0.65 | beta<0.8,baseline_strongest_25
524,571_0.95_0.72.png,571,0.95,0.72,480,640,22.472277498429936,0.9522352814674377,33.838598735209466,0.993869423866272,33.597885238138765,0.9941171407699585,-0.24071349707070056,0.00024771690368652344,A>=0.95,beta<0.8,A>=0.95 | beta<0.8,baseline_middle_50
525,572_0.61_0.84.png,572,0.61,0.84,480,640,24.88874548922301,0.9617505669593811,38.83149656217319,0.9954392313957214,39.137654524658174,0.9959123730659485,0.3061579624849813,0.0004731416702270508,A<0.65,0.8<=beta<1.1,A<0.65 | 0.8<=beta<1.1,baseline_strongest_25
526,573_0.91_1.54.png,573,0.91,1.54,480,640,14.272989591875373,0.8206570744514465,31.524795509061363,0.9806151390075684,31.912615449806218,0.9818528890609741,0.3878199407448548,0.0012377500534057617,0.85<=A<0.95,1.4<=beta<1.7,0.85<=A<0.95 | 1.4<=beta<1.7,baseline_middle_50
527,574_0.95_1.03.png,574,0.95,1.03,480,640,16.37923475662401,0.8602779507637024,33.14227617453679,0.9852415919303894,33.49399094750001,0.9858297109603882,0.35171477296321996,0.0005881190299987793,A>=0.95,0.8<=beta<1.1,A>=0.95 | 0.8<=beta<1.1,baseline_middle_50
528,575_0.57_1.51.png,575,0.57,1.51,480,640,18.601684902063152,0.8733975887298584,35.866852168447906,0.9896363019943237,35.81767819800251,0.987237274646759,-0.04917397044539484,-0.0023990273475646973,A<0.65,1.4<=beta<1.7,A<0.65 | 1.4<=beta<1.7,baseline_middle_50
529,576_0.53_1.95.png,576,0.53,1.95,480,640,17.4331063808297,0.8508464694023132,35.04849208265223,0.9875084161758423,34.688291548162155,0.985329806804657,-0.36020053449007605,-0.0021786093711853027,A<0.65,beta>=1.7,A<0.65 | beta>=1.7,baseline_middle_50
530,577_0.85_0.68.png,577,0.85,0.68,480,640,18.743747659632145,0.923039972782135,36.526686376058876,0.9938689470291138,35.64778639424333,0.9936825037002563,-0.8788999818155432,-0.00018644332885742188,0.85<=A<0.95,beta<0.8,0.85<=A<0.95 | beta<0.8,baseline_strongest_25
531,578_0.8_1.52.png,578,0.8,1.52,480,640,14.246581894956936,0.8346021771430969,33.16103107020881,0.9861522912979126,32.95095497354418,0.9867284297943115,-0.21007609666462912,0.0005761384963989258,0.75<=A<0.85,1.4<=beta<1.7,0.75<=A<0.85 | 1.4<=beta<1.7,baseline_middle_50
532,579_0.52_0.61.png,579,0.52,0.61,480,640,25.193700348699373,0.9626089334487915,37.128725862878895,0.9958674311637878,36.536858524623625,0.9960240721702576,-0.5918673382552697,0.00015664100646972656,A<0.65,beta<0.8,A<0.65 | beta<0.8,baseline_strongest_25
533,57_0.67_1.75.png,57,0.67,1.75,400,400,11.188883244609666,0.7626206874847412,28.732414525178285,0.9807254076004028,28.216639524340444,0.9776027202606201,-0.5157750008378414,-0.003122687339782715,0.65<=A<0.75,beta>=1.7,0.65<=A<0.75 | beta>=1.7,baseline_middle_50
534,580_0.88_1.15.png,580,0.88,1.15,480,640,14.510237555755987,0.8586269617080688,33.120426857023205,0.9878591895103455,32.544186122664016,0.9878112077713013,-0.5762407343591889,-4.798173904418945e-05,0.85<=A<0.95,1.1<=beta<1.4,0.85<=A<0.95 | 1.1<=beta<1.4,baseline_middle_50
535,581_1.0_1.04.png,581,1.0,1.04,480,640,13.996147894394774,0.8575880527496338,33.87260005973588,0.9917240738868713,32.94762228504639,0.9910001754760742,-0.9249777746894878,-0.0007238984107971191,A>=0.95,0.8<=beta<1.1,A>=0.95 | 0.8<=beta<1.1,baseline_middle_50
536,582_0.55_1.63.png,582,0.55,1.63,480,640,18.781229744673375,0.868638277053833,36.62285382506739,0.9929271340370178,36.370697305695494,0.9931639432907104,-0.2521565193718942,0.00023680925369262695,A<0.65,1.4<=beta<1.7,A<0.65 | 1.4<=beta<1.7,baseline_strongest_25
537,583_0.7_0.93.png,583,0.7,0.93,480,640,20.195944394835287,0.9149928092956543,36.922339681245006,0.9953396320343018,38.02610336863376,0.9955673217773438,1.1037636873887564,0.0002276897430419922,0.65<=A<0.75,0.8<=beta<1.1,0.65<=A<0.75 | 0.8<=beta<1.1,baseline_strongest_25
538,584_0.74_1.42.png,584,0.74,1.42,480,640,16.679986085321023,0.8603513240814209,32.768517924291956,0.992002546787262,36.15759726438762,0.992591917514801,3.3890793400956625,0.0005893707275390625,0.65<=A<0.75,1.4<=beta<1.7,0.65<=A<0.75 | 1.4<=beta<1.7,baseline_middle_50
539,585_0.75_1.97.png,585,0.75,1.97,480,640,13.584545675716313,0.7942026853561401,28.809078007278266,0.977393627166748,30.04845134199718,0.9791379570960999,1.2393733347189126,0.0017443299293518066,0.75<=A<0.85,beta>=1.7,0.75<=A<0.85 | beta>=1.7,baseline_middle_50
540,586_0.98_1.59.png,586,0.98,1.59,480,640,11.044951857386938,0.7807598114013672,26.71013564823638,0.9732131958007812,26.6830732752979,0.9722644686698914,-0.027062372938480905,-0.0009487271308898926,A>=0.95,1.4<=beta<1.7,A>=0.95 | 1.4<=beta<1.7,baseline_weakest_25
541,587_0.87_1.84.png,587,0.87,1.84,480,640,11.9041492467892,0.7796000242233276,26.913924807767632,0.9726556539535522,28.239468936838144,0.9757293462753296,1.3255441290705114,0.0030736923217773438,0.85<=A<0.95,beta>=1.7,0.85<=A<0.95 | beta>=1.7,baseline_weakest_25
542,588_0.71_0.58.png,588,0.71,0.58,480,640,22.1403317225456,0.9407126307487488,35.65244833119202,0.9928202033042908,35.75941308214776,0.992378830909729,0.10696475095573987,-0.0004413723945617676,0.65<=A<0.75,beta<0.8,0.65<=A<0.75 | beta<0.8,baseline_middle_50
543,589_0.81_1.82.png,589,0.81,1.82,480,640,8.770056755999919,0.4353843927383423,36.33129160516059,0.9732517600059509,35.17465301709838,0.9732460975646973,-1.1566385880622079,-5.662441253662109e-06,0.75<=A<0.85,beta>=1.7,0.75<=A<0.85 | beta>=1.7,baseline_strongest_25
544,58_0.51_1.21.png,58,0.51,1.21,400,400,16.032316744611418,0.8709778785705566,32.63751056539954,0.9871432185173035,30.813559051147816,0.9855276346206665,-1.8239515142517213,-0.0016155838966369629,A<0.65,1.1<=beta<1.4,A<0.65 | 1.1<=beta<1.4,baseline_middle_50
545,590_0.71_1.38.png,590,0.71,1.38,480,640,11.555753764679086,0.5031948089599609,38.28453317226941,0.9820270538330078,38.324729186466215,0.9807460904121399,0.040196014196801855,-0.00128096342086792,0.65<=A<0.75,1.1<=beta<1.4,0.65<=A<0.75 | 1.1<=beta<1.4,baseline_strongest_25
546,591_0.6_1.21.png,591,0.6,1.21,480,640,13.8818663645159,0.5504094362258911,38.3591857438476,0.9852718114852905,40.21153339134506,0.9858677983283997,1.85234764749746,0.0005959868431091309,A<0.65,1.1<=beta<1.4,A<0.65 | 1.1<=beta<1.4,baseline_strongest_25
547,592_0.66_1.53.png,592,0.66,1.53,480,640,11.512773735091063,0.49668383598327637,37.63051917138036,0.9811885356903076,38.059009902216786,0.9808176755905151,0.42849073083642963,-0.00037086009979248047,0.65<=A<0.75,1.4<=beta<1.7,0.65<=A<0.75 | 1.4<=beta<1.7,baseline_strongest_25
548,593_0.87_1.5.png,593,0.87,1.5,480,640,16.729854428588844,0.7703781127929688,37.351892428577635,0.9914697408676147,35.93430441286326,0.9901889562606812,-1.4175880157143723,-0.0012807846069335938,0.85<=A<0.95,1.4<=beta<1.7,0.85<=A<0.95 | 1.4<=beta<1.7,baseline_strongest_25
549,594_0.67_1.12.png,594,0.67,1.12,480,640,21.94575849175045,0.8387957811355591,41.265737772153955,0.9946251511573792,40.43400316203903,0.9945502877235413,-0.8317346101149212,-7.486343383789062e-05,0.65<=A<0.75,1.1<=beta<1.4,0.65<=A<0.75 | 1.1<=beta<1.4,baseline_strongest_25
550,595_0.66_0.97.png,595,0.66,0.97,480,640,23.146232155746127,0.8554203510284424,41.76446794597395,0.9950617551803589,41.3778029169017,0.9950214624404907,-0.38666502907224753,-4.029273986816406e-05,0.65<=A<0.75,0.8<=beta<1.1,0.65<=A<0.75 | 0.8<=beta<1.1,baseline_strongest_25
551,596_0.91_0.52.png,596,0.91,0.52,480,640,23.77792323327931,0.8820780515670776,40.8322526351564,0.9950883388519287,40.82883155432551,0.9948986768722534,-0.0034210808308898777,-0.00018966197967529297,0.85<=A<0.95,beta<0.8,0.85<=A<0.95 | beta<0.8,baseline_strongest_25
552,597_0.87_0.61.png,597,0.87,0.61,480,640,19.826388528496416,0.8816924691200256,38.78683069593554,0.9933010935783386,38.69279647667361,0.9938225150108337,-0.09403421926193545,0.0005214214324951172,0.85<=A<0.95,beta<0.8,0.85<=A<0.95 | beta<0.8,baseline_strongest_25
553,598_0.58_1.14.png,598,0.58,1.14,480,640,19.770890090980846,0.862553060054779,39.66935568624562,0.9929351210594177,39.27443755682209,0.9933716058731079,-0.3949181294235302,0.00043648481369018555,A<0.65,1.1<=beta<1.4,A<0.65 | 1.1<=beta<1.4,baseline_strongest_25
554,599_0.69_1.58.png,599,0.69,1.58,480,640,15.916630157147845,0.8049095273017883,36.85270864194459,0.9892482161521912,36.34879853480403,0.9894711971282959,-0.5039101071405554,0.00022298097610473633,0.65<=A<0.75,1.4<=beta<1.7,0.65<=A<0.75 | 1.4<=beta<1.7,baseline_strongest_25
555,59_0.83_0.85.png,59,0.83,0.85,400,400,14.459801230792156,0.8621912002563477,29.05659281424713,0.9870584607124329,27.762811683014977,0.9847532510757446,-1.2937811312321514,-0.0023052096366882324,0.75<=A<0.85,0.8<=beta<1.1,0.75<=A<0.85 | 0.8<=beta<1.1,baseline_middle_50
556,5_0.89_1.34.png,5,0.89,1.34,400,400,13.064030088570659,0.8295921683311462,28.863856348910517,0.9853671789169312,27.556060257468673,0.9830674529075623,-1.307796091441844,-0.0022997260093688965,0.85<=A<0.95,1.1<=beta<1.4,0.85<=A<0.95 | 1.1<=beta<1.4,baseline_middle_50
557,600_0.54_1.56.png,600,0.54,1.56,480,640,18.425501281712656,0.8344005942344666,35.13342677740749,0.9899834990501404,33.815393900492666,0.990088701248169,-1.3180328769148275,0.00010520219802856445,A<0.65,1.4<=beta<1.7,A<0.65 | 1.4<=beta<1.7,baseline_middle_50
558,601_0.58_1.51.png,601,0.58,1.51,480,640,19.11367189631756,0.8809483647346497,36.92090779731759,0.9916874170303345,32.3692091878085,0.9881379008293152,-4.5516986095090886,-0.003549516201019287,A<0.65,1.4<=beta<1.7,A<0.65 | 1.4<=beta<1.7,baseline_strongest_25
559,602_0.6_1.52.png,602,0.6,1.52,480,640,18.80188856875356,0.8777838945388794,36.88556405712766,0.9914828538894653,33.01174495356717,0.9885522723197937,-3.8738191035604927,-0.002930581569671631,A<0.65,1.4<=beta<1.7,A<0.65 | 1.4<=beta<1.7,baseline_strongest_25
560,603_0.9_0.85.png,603,0.9,0.85,480,640,17.641243988047194,0.8965344429016113,33.24287314353698,0.9893162250518799,33.18885241005634,0.9883873462677002,-0.05402073348064107,-0.0009288787841796875,0.85<=A<0.95,0.8<=beta<1.1,0.85<=A<0.95 | 0.8<=beta<1.1,baseline_middle_50
561,604_0.68_1.26.png,604,0.68,1.26,480,640,18.61806803870279,0.8863921761512756,35.279115514814436,0.9911921620368958,33.56713275733678,0.9886518120765686,-1.7119827574776565,-0.0025403499603271484,0.65<=A<0.75,1.1<=beta<1.4,0.65<=A<0.75 | 1.1<=beta<1.4,baseline_middle_50
562,605_0.78_1.73.png,605,0.78,1.73,480,640,14.090005186558095,0.7943549752235413,31.42383057973315,0.9815417528152466,33.24702737021915,0.9858720302581787,1.8231967904860014,0.004330277442932129,0.75<=A<0.85,beta>=1.7,0.75<=A<0.85 | beta>=1.7,baseline_middle_50
563,606_0.55_1.35.png,606,0.55,1.35,480,640,18.640762569596006,0.8776274919509888,36.01123877924204,0.9910733103752136,37.71306588248532,0.9920491576194763,1.701827103243275,0.0009758472442626953,A<0.65,1.1<=beta<1.4,A<0.65 | 1.1<=beta<1.4,baseline_middle_50
564,607_0.93_1.19.png,607,0.93,1.19,480,640,13.983916397003213,0.825486421585083,30.461358687101136,0.9818975925445557,32.28937913569413,0.9868068695068359,1.8280204485929978,0.0049092769622802734,0.85<=A<0.95,1.1<=beta<1.4,0.85<=A<0.95 | 1.1<=beta<1.4,baseline_middle_50
565,608_0.61_1.18.png,608,0.61,1.18,480,640,18.90900393634681,0.8854491710662842,36.77512019078464,0.9916144013404846,37.82448904747932,0.9929344654083252,1.0493688566946773,0.0013200640678405762,A<0.65,1.1<=beta<1.4,A<0.65 | 1.1<=beta<1.4,baseline_strongest_25
566,609_0.88_1.91.png,609,0.88,1.91,480,640,12.770754502050941,0.784955620765686,28.018655692211656,0.9621856212615967,26.243316315620895,0.9600649476051331,-1.775339376590761,-0.002120673656463623,0.85<=A<0.95,beta>=1.7,0.85<=A<0.95 | beta>=1.7,baseline_weakest_25
567,60_0.6_1.68.png,60,0.6,1.68,400,400,12.216022115362133,0.7881020903587341,29.895870924263743,0.9820289611816406,30.139536592506516,0.9800925850868225,0.24366566824277314,-0.0019363760948181152,A<0.65,1.4<=beta<1.7,A<0.65 | 1.4<=beta<1.7,baseline_middle_50
568,610_0.56_1.07.png,610,0.56,1.07,480,640,21.12372896202094,0.9120666980743408,33.833757342496554,0.9901565313339233,33.20141113852367,0.9871053695678711,-0.6323462039728867,-0.003051161766052246,A<0.65,0.8<=beta<1.1,A<0.65 | 0.8<=beta<1.1,baseline_middle_50
569,611_0.69_1.58.png,611,0.69,1.58,480,640,16.869797205986504,0.8519020676612854,30.549412819426113,0.9795658588409424,29.104196346940153,0.9761642217636108,-1.44521647248596,-0.003401637077331543,0.65<=A<0.75,1.4<=beta<1.7,0.65<=A<0.75 | 1.4<=beta<1.7,baseline_middle_50
570,612_0.8_0.85.png,612,0.8,0.85,480,640,19.353567675061186,0.8985152244567871,32.68312778317257,0.9872710108757019,30.97959749174779,0.9824742674827576,-1.7035302914247836,-0.004796743392944336,0.75<=A<0.85,0.8<=beta<1.1,0.75<=A<0.85 | 0.8<=beta<1.1,baseline_middle_50
571,613_0.85_1.39.png,613,0.85,1.39,480,640,19.64573944557398,0.914761483669281,36.05780844406182,0.993468165397644,33.48470868167868,0.9924295544624329,-2.573099762383137,-0.0010386109352111816,0.85<=A<0.95,1.1<=beta<1.4,0.85<=A<0.95 | 1.1<=beta<1.4,baseline_middle_50
572,614_0.73_0.93.png,614,0.73,0.93,480,640,24.393108628004377,0.9515462517738342,38.66836531820388,0.9952710270881653,35.02550419510865,0.9948777556419373,-3.64286112309523,-0.00039327144622802734,0.65<=A<0.75,0.8<=beta<1.1,0.65<=A<0.75 | 0.8<=beta<1.1,baseline_strongest_25
573,615_0.52_0.98.png,615,0.52,0.98,480,640,26.28362389755506,0.963119626045227,37.80358311141964,0.9953480362892151,33.46762299413495,0.9948270320892334,-4.335960117284692,-0.0005210041999816895,A<0.65,0.8<=beta<1.1,A<0.65 | 0.8<=beta<1.1,baseline_strongest_25
574,616_0.8_1.72.png,616,0.8,1.72,480,640,18.91977126215052,0.9011756777763367,36.24302372782951,0.9930158257484436,33.22779935584514,0.9915139079093933,-3.0152243719843668,-0.001501917839050293,0.75<=A<0.85,beta>=1.7,0.75<=A<0.85 | beta>=1.7,baseline_strongest_25
575,617_0.98_0.85.png,617,0.98,0.85,480,640,19.382929354688848,0.9189817905426025,31.448754154979216,0.9891639351844788,32.12649391181533,0.9886507987976074,0.6777397568361145,-0.0005131363868713379,A>=0.95,0.8<=beta<1.1,A>=0.95 | 0.8<=beta<1.1,baseline_middle_50
576,618_0.89_1.01.png,618,0.89,1.01,480,640,19.505209003739672,0.9146574139595032,32.80798431057852,0.9901221394538879,32.950344080050435,0.9891680479049683,0.1423597694719163,-0.0009540915489196777,0.85<=A<0.95,0.8<=beta<1.1,0.85<=A<0.95 | 0.8<=beta<1.1,baseline_middle_50
577,619_0.63_1.97.png,619,0.63,1.97,480,640,18.982217810463705,0.8831997513771057,34.88935796959756,0.9873888492584229,33.66201877982999,0.9882221221923828,-1.2273391897675694,0.0008332729339599609,A<0.65,beta>=1.7,A<0.65 | beta>=1.7,baseline_middle_50
578,61_0.98_0.82.png,61,0.98,0.82,400,400,11.274786859862642,0.7329077124595642,29.410882919261148,0.9797759056091309,30.14217553151065,0.9844648838043213,0.7312926122495007,0.00468897819519043,A>=0.95,0.8<=beta<1.1,A>=0.95 | 0.8<=beta<1.1,baseline_middle_50
579,620_0.56_0.87.png,620,0.56,0.87,480,640,24.494152032444376,0.9472547769546509,39.3352470527678,0.9955072999000549,40.01767717255544,0.9947644472122192,0.6824301197876395,-0.0007428526878356934,A<0.65,0.8<=beta<1.1,A<0.65 | 0.8<=beta<1.1,baseline_strongest_25
580,621_0.68_1.14.png,621,0.68,1.14,480,640,18.21516557720781,0.8892304301261902,36.4789083350226,0.9926794767379761,35.84294267248772,0.9920527338981628,-0.6359656625348791,-0.0006267428398132324,0.65<=A<0.75,1.1<=beta<1.4,0.65<=A<0.75 | 1.1<=beta<1.4,baseline_strongest_25
581,622_0.55_1.49.png,622,0.55,1.49,480,640,18.665514165945265,0.87811279296875,36.481411002322126,0.9917086958885193,35.05606589512526,0.9908401966094971,-1.4253451071968684,-0.0008684992790222168,A<0.65,1.4<=beta<1.7,A<0.65 | 1.4<=beta<1.7,baseline_strongest_25
582,623_0.75_1.05.png,623,0.75,1.05,480,640,17.61567685856372,0.8882423639297485,35.00885651218684,0.9921800494194031,34.73561012305548,0.9912835359573364,-0.27324638913135857,-0.0008965134620666504,0.75<=A<0.85,0.8<=beta<1.1,0.75<=A<0.85 | 0.8<=beta<1.1,baseline_middle_50
583,624_0.58_0.68.png,624,0.58,0.68,480,640,23.274284474143077,0.9414940476417542,39.983860569436736,0.995774507522583,37.57865339410131,0.9949380159378052,-2.405207175335427,-0.000836491584777832,A<0.65,beta<0.8,A<0.65 | beta<0.8,baseline_strongest_25
584,625_0.89_1.64.png,625,0.89,1.64,480,640,12.227385296267347,0.7741613388061523,33.17755004632892,0.9876851439476013,32.963236935834644,0.9875632524490356,-0.21431311049427393,-0.00012189149856567383,0.85<=A<0.95,1.4<=beta<1.7,0.85<=A<0.95 | 1.4<=beta<1.7,baseline_middle_50
585,626_0.78_1.81.png,626,0.78,1.81,480,640,13.263798278828297,0.7797770500183105,33.83427653634193,0.9879786968231201,33.96428929067503,0.9885044097900391,0.13001275433310155,0.0005257129669189453,0.75<=A<0.85,beta>=1.7,0.75<=A<0.85 | beta>=1.7,baseline_middle_50
586,627_0.73_1.69.png,627,0.73,1.69,480,640,14.399935976587479,0.801346480846405,34.93143681292854,0.9896936416625977,35.05756304527645,0.9902995824813843,0.12612623234791442,0.0006059408187866211,0.65<=A<0.75,1.4<=beta<1.7,0.65<=A<0.75 | 1.4<=beta<1.7,baseline_middle_50
587,628_0.94_1.47.png,628,0.94,1.47,480,640,12.190106236213516,0.7826050519943237,33.27325325234337,0.9880878329277039,32.67944100653108,0.9880476593971252,-0.5938122458122947,-4.017353057861328e-05,0.85<=A<0.95,1.4<=beta<1.7,0.85<=A<0.95 | 1.4<=beta<1.7,baseline_middle_50
588,629_0.58_1.06.png,629,0.58,1.06,480,640,21.306166583415312,0.9105690121650696,37.74806750994943,0.9941390156745911,38.21864821541855,0.9943145513534546,0.4705807054691178,0.0001755356788635254,A<0.65,0.8<=beta<1.1,A<0.65 | 0.8<=beta<1.1,baseline_strongest_25
589,62_0.6_0.77.png,62,0.6,0.77,400,400,14.813929712143333,0.8324609398841858,28.975369902672547,0.9836856722831726,30.670428619048668,0.9875929951667786,1.6950587163761206,0.003907322883605957,A<0.65,beta<0.8,A<0.65 | beta<0.8,baseline_middle_50
590,630_0.86_1.53.png,630,0.86,1.53,480,640,14.225780241354741,0.821215033531189,32.065122034698,0.9879427552223206,32.35260388028378,0.9880468249320984,0.2874818455857806,0.00010406970977783203,0.85<=A<0.95,1.4<=beta<1.7,0.85<=A<0.95 | 1.4<=beta<1.7,baseline_middle_50
591,631_0.6_1.43.png,631,0.6,1.43,480,640,19.075395534173182,0.8740630745887756,36.77687065148061,0.9923558235168457,36.65335053759068,0.9924535155296326,-0.12352011388992423,9.769201278686523e-05,A<0.65,1.4<=beta<1.7,A<0.65 | 1.4<=beta<1.7,baseline_strongest_25
592,632_0.57_0.74.png,632,0.57,0.74,480,640,23.986539048026398,0.9406583905220032,38.67510883694544,0.9953657984733582,39.39016505835874,0.9955273270606995,0.7150562214132989,0.0001615285873413086,A<0.65,beta<0.8,A<0.65 | beta<0.8,baseline_strongest_25
593,633_0.96_0.87.png,633,0.96,0.87,480,640,13.957413222907144,0.8357135057449341,32.21833940870381,0.987467885017395,32.15966903090719,0.9873908162117004,-0.05867037779662354,-7.706880569458008e-05,A>=0.95,0.8<=beta<1.1,A>=0.95 | 0.8<=beta<1.1,baseline_middle_50
594,634_0.93_1.27.png,634,0.93,1.27,480,640,11.976606794819045,0.7854788303375244,30.73861650266617,0.9821602702140808,30.895290529472398,0.981579601764679,0.156674026806229,-0.0005806684494018555,0.85<=A<0.95,1.1<=beta<1.4,0.85<=A<0.95 | 1.1<=beta<1.4,baseline_middle_50
595,635_0.83_0.65.png,635,0.83,0.65,480,640,17.85889695039937,0.8906980156898499,35.06967624298667,0.9928503632545471,35.47255259131602,0.9922277331352234,0.40287634832935026,-0.0006226301193237305,0.75<=A<0.85,beta<0.8,0.75<=A<0.85 | beta<0.8,baseline_middle_50
596,636_0.58_1.91.png,636,0.58,1.91,480,640,15.129855912708823,0.8001540303230286,34.502930017640104,0.9861096143722534,32.62526069550633,0.9818483591079712,-1.8776693221337766,-0.0042612552642822266,A<0.65,beta>=1.7,A<0.65 | beta>=1.7,baseline_middle_50
597,637_0.63_1.9.png,637,0.63,1.9,480,640,14.905566280865372,0.7967516183853149,32.83933558829869,0.9888929724693298,32.19686046617472,0.9873359203338623,-0.6424751221239688,-0.0015570521354675293,A<0.65,beta>=1.7,A<0.65 | beta>=1.7,baseline_middle_50
598,638_0.82_1.07.png,638,0.82,1.07,480,640,15.525606809131506,0.8471013903617859,36.920560085328844,0.9922838807106018,36.90349053704929,0.9917669892311096,-0.017069548279557978,-0.0005168914794921875,0.75<=A<0.85,0.8<=beta<1.1,0.75<=A<0.85 | 0.8<=beta<1.1,baseline_strongest_25
599,639_0.78_0.71.png,639,0.78,0.71,480,640,18.922250697691652,0.8980653285980225,37.84264362692288,0.9945532083511353,38.78740714862151,0.994706392288208,0.9447635216986328,0.0001531839370727539,0.75<=A<0.85,beta<0.8,0.75<=A<0.85 | beta<0.8,baseline_strongest_25
600,63_0.51_1.84.png,63,0.51,1.84,400,400,12.600941756772453,0.6429449319839478,26.958396861988568,0.9772908687591553,26.86391128570259,0.9801496267318726,-0.09448557628597953,0.002858757972717285,A<0.65,beta>=1.7,A<0.65 | beta>=1.7,baseline_weakest_25
601,640_0.64_1.94.png,640,0.64,1.94,480,640,14.635502453643905,0.7913252115249634,32.643476563491596,0.9883306622505188,31.946871118437844,0.9864773750305176,-0.696605445053752,-0.0018532872200012207,A<0.65,beta>=1.7,A<0.65 | beta>=1.7,baseline_middle_50
602,641_0.95_1.18.png,641,0.95,1.18,480,640,12.17254655881229,0.4626326560974121,36.94325073283808,0.9831361174583435,37.99764842471934,0.9832377433776855,1.054397691881256,0.00010162591934204102,A>=0.95,1.1<=beta<1.4,A>=0.95 | 1.1<=beta<1.4,baseline_strongest_25
603,642_0.99_1.18.png,642,0.99,1.18,480,640,11.789830674263527,0.45506545901298523,36.34864804195158,0.9822868704795837,37.4776358285698,0.9824841022491455,1.1289877866182252,0.00019723176956176758,A>=0.95,1.1<=beta<1.4,A>=0.95 | 1.1<=beta<1.4,baseline_strongest_25
604,643_0.82_0.72.png,643,0.82,0.72,480,640,17.088836242939472,0.5793390870094299,39.21726105454487,0.9882587194442749,39.28499156735037,0.9888678789138794,0.0677305128054968,0.0006091594696044922,0.75<=A<0.85,beta<0.8,0.75<=A<0.85 | beta<0.8,baseline_strongest_25
605,644_0.97_1.85.png,644,0.97,1.85,480,640,9.146358991240099,0.3809768557548523,34.730020839345094,0.9733319878578186,34.73005163943183,0.9724122881889343,3.080008673350676e-05,-0.0009196996688842773,A>=0.95,beta>=1.7,A>=0.95 | beta>=1.7,baseline_middle_50
606,645_0.58_1.99.png,645,0.58,1.99,480,640,15.669546791878696,0.8102685809135437,34.26389916708416,0.9847359657287598,34.951992243694136,0.9844066500663757,0.6880930766099738,-0.0003293156623840332,A<0.65,beta>=1.7,A<0.65 | beta>=1.7,baseline_middle_50
607,646_0.52_1.97.png,646,0.52,1.97,480,640,16.537278628245144,0.8226145505905151,32.6431276364682,0.9854371547698975,33.08551715440731,0.9864711165428162,0.4423895179391124,0.0010339617729187012,A<0.65,beta>=1.7,A<0.65 | beta>=1.7,baseline_middle_50
608,647_0.82_0.94.png,647,0.82,0.94,480,640,16.647653426277124,0.8612379431724548,35.97348137772868,0.9908532500267029,36.36932142077688,0.9900063872337341,0.39584004304819587,-0.00084686279296875,0.75<=A<0.85,0.8<=beta<1.1,0.75<=A<0.85 | 0.8<=beta<1.1,baseline_middle_50
609,648_0.94_1.95.png,648,0.94,1.95,480,640,10.784964810507613,0.7381727695465088,27.533649160072514,0.9508103132247925,28.97675739513195,0.956615686416626,1.4431082350594373,0.005805373191833496,0.85<=A<0.95,beta>=1.7,0.85<=A<0.95 | beta>=1.7,baseline_weakest_25
610,649_0.85_1.14.png,649,0.85,1.14,480,640,12.54251937475598,0.695288896560669,39.191095676941984,0.9919505715370178,39.42783862263452,0.9931020736694336,0.23674294569253362,0.0011515021324157715,0.85<=A<0.95,1.1<=beta<1.4,0.85<=A<0.95 | 1.1<=beta<1.4,baseline_strongest_25
611,64_0.62_0.79.png,64,0.62,0.79,400,400,14.354412150890246,0.8218002915382385,28.893634422494397,0.9835127592086792,30.688669230341322,0.9879157543182373,1.7950348078469247,0.0044029951095581055,A<0.65,beta<0.8,A<0.65 | beta<0.8,baseline_middle_50
612,650_0.56_0.65.png,650,0.56,0.65,480,640,19.209165750995435,0.824536144733429,41.74253663425383,0.9960814714431763,42.787322056526655,0.9962798357009888,1.044785422272824,0.0001983642578125,A<0.65,beta<0.8,A<0.65 | beta<0.8,baseline_strongest_25
613,651_0.89_1.04.png,651,0.89,1.04,480,640,12.645427112587917,0.7045016884803772,39.33923659191674,0.9924334287643433,39.46056540555205,0.993401825428009,0.12132881363531567,0.0009683966636657715,0.85<=A<0.95,0.8<=beta<1.1,0.85<=A<0.95 | 0.8<=beta<1.1,baseline_strongest_25
614,652_0.67_1.73.png,652,0.67,1.73,480,640,12.218864304350213,0.6440449953079224,37.16555135528102,0.9904640316963196,35.43927259991918,0.9903446435928345,-1.7262787553618395,-0.00011938810348510742,0.65<=A<0.75,beta>=1.7,0.65<=A<0.75 | beta>=1.7,baseline_strongest_25
615,653_0.88_1.66.png,653,0.88,1.66,480,640,10.397878602540036,0.398546427488327,37.83741862125923,0.9733574390411377,36.975381591081124,0.9698845744132996,-0.862037030178108,-0.0034728646278381348,0.85<=A<0.95,1.4<=beta<1.7,0.85<=A<0.95 | 1.4<=beta<1.7,baseline_strongest_25
616,654_0.84_1.35.png,654,0.84,1.35,480,640,12.155081510323456,0.43486303091049194,38.938366286707044,0.9786397814750671,38.34117614413563,0.9776623845100403,-0.5971901425714137,-0.0009773969650268555,0.75<=A<0.85,1.1<=beta<1.4,0.75<=A<0.85 | 1.1<=beta<1.4,baseline_strongest_25
617,655_0.8_1.51.png,655,0.8,1.51,480,640,11.838920126533601,0.42661252617836,38.92130013661385,0.9774845838546753,38.569917135843205,0.9765022397041321,-0.351383000770646,-0.0009823441505432129,0.75<=A<0.85,1.4<=beta<1.7,0.75<=A<0.85 | 1.4<=beta<1.7,baseline_strongest_25
618,656_0.88_1.72.png,656,0.88,1.72,480,640,10.174466708038135,0.3936229348182678,37.22194860274095,0.9725686311721802,36.77037412464299,0.969706118106842,-0.45157447809796025,-0.0028625130653381348,0.85<=A<0.95,beta>=1.7,0.85<=A<0.95 | beta>=1.7,baseline_strongest_25
619,657_0.61_1.25.png,657,0.61,1.25,480,640,18.49399081289662,0.7953914999961853,38.18868784606043,0.9898028373718262,37.27379326983272,0.9894809126853943,-0.9148945762277094,-0.00032192468643188477,A<0.65,1.1<=beta<1.4,A<0.65 | 1.1<=beta<1.4,baseline_strongest_25
620,658_0.67_0.54.png,658,0.67,0.54,480,640,24.077528058602763,0.8751576542854309,41.90133833369231,0.9943155646324158,42.138942547009705,0.994554877281189,0.23760421331739678,0.00023931264877319336,0.65<=A<0.75,beta<0.8,0.65<=A<0.75 | beta<0.8,baseline_strongest_25
621,659_0.8_1.18.png,659,0.8,1.18,480,640,16.718152468214477,0.770513117313385,36.99643502922452,0.9875017404556274,36.98370710003131,0.9877030253410339,-0.012727929193211196,0.00020128488540649414,0.75<=A<0.85,1.1<=beta<1.4,0.75<=A<0.85 | 1.1<=beta<1.4,baseline_strongest_25
622,65_0.89_0.51.png,65,0.89,0.51,400,400,24.715976396602052,0.9741595983505249,30.418162532182954,0.9840105772018433,31.583286289063686,0.9887851476669312,1.1651237568807318,0.004774570465087891,0.85<=A<0.95,beta<0.8,0.85<=A<0.95 | beta<0.8,baseline_middle_50
623,660_0.62_1.91.png,660,0.62,1.91,480,640,15.697974910760792,0.729274332523346,36.4138361065703,0.9849449396133423,34.246661053566314,0.9840825796127319,-2.1671750530039873,-0.0008623600006103516,A<0.65,beta>=1.7,A<0.65 | beta>=1.7,baseline_strongest_25
624,661_0.7_0.75.png,661,0.7,0.75,480,640,23.025031070478942,0.9491544961929321,40.47383593755674,0.9962266683578491,38.01899666579292,0.9957247376441956,-2.4548392717638237,-0.0005019307136535645,0.65<=A<0.75,beta<0.8,0.65<=A<0.75 | beta<0.8,baseline_strongest_25
625,662_0.79_1.86.png,662,0.79,1.86,480,640,15.765628674586889,0.8641106486320496,31.32994046913197,0.9879149198532104,34.63621709506323,0.9901436567306519,3.306276625931261,0.0022287368774414062,0.75<=A<0.85,beta>=1.7,0.75<=A<0.85 | beta>=1.7,baseline_middle_50
626,663_0.84_1.13.png,663,0.84,1.13,480,640,17.913890772183862,0.9062923789024353,35.28767757230163,0.9931785464286804,33.08382607723753,0.9923133850097656,-2.2038514950641,-0.0008651614189147949,0.75<=A<0.85,1.1<=beta<1.4,0.75<=A<0.85 | 1.1<=beta<1.4,baseline_middle_50
627,664_0.99_1.07.png,664,0.99,1.07,480,640,16.131104857062496,0.8939344882965088,32.172117385761204,0.9909465312957764,31.30761659753525,0.990403413772583,-0.8645007882259534,-0.0005431175231933594,A>=0.95,0.8<=beta<1.1,A>=0.95 | 0.8<=beta<1.1,baseline_middle_50
628,665_0.78_1.86.png,665,0.78,1.86,480,640,15.409631760392902,0.8177726864814758,34.77339158101676,0.9887826442718506,34.399075817290544,0.988969624042511,-0.3743157637262158,0.0001869797706604004,0.75<=A<0.85,beta>=1.7,0.75<=A<0.85 | beta>=1.7,baseline_middle_50
629,666_0.72_0.6.png,666,0.72,0.6,480,640,23.445750013309386,0.9454671740531921,40.48299859630431,0.9960713982582092,40.947780614875384,0.9963389039039612,0.4647820185710714,0.0002675056457519531,0.65<=A<0.75,beta<0.8,0.65<=A<0.75 | beta<0.8,baseline_strongest_25
630,667_0.82_1.98.png,667,0.82,1.98,480,640,14.539380487623399,0.8018532395362854,33.94064451388507,0.9866080284118652,33.61475068495116,0.9871081709861755,-0.32589382893390706,0.0005001425743103027,0.75<=A<0.85,beta>=1.7,0.75<=A<0.85 | beta>=1.7,baseline_middle_50
631,668_0.69_1.25.png,668,0.69,1.25,480,640,18.80151133867027,0.8847453594207764,37.53567764296279,0.9935899972915649,37.32752720361532,0.9935840368270874,-0.20815043934747024,-5.9604644775390625e-06,0.65<=A<0.75,1.1<=beta<1.4,0.65<=A<0.75 | 1.1<=beta<1.4,baseline_strongest_25
632,669_0.82_1.33.png,669,0.82,1.33,480,640,15.051730433301513,0.8251163959503174,34.48588166129087,0.9882858991622925,33.828578581547994,0.9871224164962769,-0.6573030797428743,-0.001163482666015625,0.75<=A<0.85,1.1<=beta<1.4,0.75<=A<0.85 | 1.1<=beta<1.4,baseline_middle_50
633,66_0.62_1.57.png,66,0.62,1.57,400,400,16.800542936574498,0.910861074924469,25.11246120911943,0.9817476272583008,30.33182893292302,0.986068606376648,5.21936772380359,0.004320979118347168,A<0.65,1.4<=beta<1.7,A<0.65 | 1.4<=beta<1.7,baseline_weakest_25
634,670_0.75_1.02.png,670,0.75,1.02,480,640,17.66755110963583,0.8694291114807129,36.26236581063724,0.9912694096565247,36.07829131860993,0.9914799332618713,-0.18407449202731385,0.0002105236053466797,0.75<=A<0.85,0.8<=beta<1.1,0.75<=A<0.85 | 0.8<=beta<1.1,baseline_strongest_25
635,671_0.76_1.47.png,671,0.76,1.47,480,640,15.277723255228384,0.8186365365982056,34.60158179266645,0.9880816340446472,34.03422925225178,0.9872593879699707,-0.5673525404146744,-0.0008222460746765137,0.75<=A<0.85,1.4<=beta<1.7,0.75<=A<0.85 | 1.4<=beta<1.7,baseline_middle_50
636,672_0.65_0.76.png,672,0.65,0.76,480,640,20.88739220219614,0.910801112651825,38.45582463235539,0.9933587312698364,38.42694846270769,0.9941113591194153,-0.02887616964769535,0.0007526278495788574,0.65<=A<0.75,beta<0.8,0.65<=A<0.75 | beta<0.8,baseline_strongest_25
637,673_0.85_1.82.png,673,0.85,1.82,480,640,15.106857488084305,0.7543745040893555,38.14276359787141,0.9913628697395325,38.04107063858683,0.9918157458305359,-0.101692959284577,0.00045287609100341797,0.85<=A<0.95,beta>=1.7,0.85<=A<0.95 | beta>=1.7,baseline_strongest_25
638,674_0.95_1.43.png,674,0.95,1.43,480,640,15.70902806825255,0.7781615257263184,37.06285131539326,0.991891086101532,36.29441895551685,0.991239607334137,-0.7684323598764067,-0.0006514787673950195,A>=0.95,1.4<=beta<1.7,A>=0.95 | 1.4<=beta<1.7,baseline_strongest_25
639,675_0.78_1.9.png,675,0.78,1.9,480,640,15.54035822635516,0.7590535283088684,38.911970055349286,0.9919437170028687,38.50362108782164,0.991860568523407,-0.40834896752764394,-8.314847946166992e-05,0.75<=A<0.85,beta>=1.7,0.75<=A<0.85 | beta>=1.7,baseline_strongest_25
640,676_0.97_1.88.png,676,0.97,1.88,480,640,13.629152552004555,0.7288967967033386,35.649262612528524,0.9896732568740845,34.71029101081793,0.9887654781341553,-0.9389716017105911,-0.0009077787399291992,A>=0.95,beta>=1.7,A>=0.95 | beta>=1.7,baseline_middle_50
641,677_0.58_1.45.png,677,0.58,1.45,480,640,17.901375201996675,0.9004948139190674,38.350592195242925,0.994884192943573,36.72790857900977,0.99351966381073,-1.6226836162331537,-0.0013645291328430176,A<0.65,1.4<=beta<1.7,A<0.65 | 1.4<=beta<1.7,baseline_strongest_25
642,678_0.62_0.73.png,678,0.62,0.73,480,640,22.854494511230932,0.9556617140769958,42.654423621762085,0.9971030354499817,41.15342042987052,0.9959113597869873,-1.501003191891563,-0.0011916756629943848,A<0.65,beta<0.8,A<0.65 | beta<0.8,baseline_strongest_25
643,679_0.84_1.04.png,679,0.84,1.04,480,640,20.926291849518392,0.9164073467254639,36.505847322885685,0.99559086561203,35.89939749450255,0.994067907333374,-0.6064498283831341,-0.0015229582786560059,0.75<=A<0.85,0.8<=beta<1.1,0.75<=A<0.85 | 0.8<=beta<1.1,baseline_strongest_25
644,67_0.68_1.12.png,67,0.68,1.12,400,400,19.290104366866235,0.9420136213302612,27.82928351780461,0.9863225817680359,31.41556421111349,0.9895307421684265,3.5862806933088827,0.003208160400390625,0.65<=A<0.75,1.1<=beta<1.4,0.65<=A<0.75 | 1.1<=beta<1.4,baseline_weakest_25
645,680_0.72_1.1.png,680,0.72,1.1,480,640,20.81943153900788,0.9199917316436768,37.66184363045332,0.9958317279815674,36.85636411953766,0.9942922592163086,-0.8054795109156601,-0.001539468765258789,0.65<=A<0.75,1.1<=beta<1.4,0.65<=A<0.75 | 1.1<=beta<1.4,baseline_strongest_25
646,681_0.89_1.64.png,681,0.89,1.64,480,640,16.873974156240024,0.8488722443580627,33.05814294496757,0.989874005317688,31.688198722340346,0.9889696836471558,-1.3699442226272254,-0.0009043216705322266,0.85<=A<0.95,1.4<=beta<1.7,0.85<=A<0.95 | 1.4<=beta<1.7,baseline_middle_50
647,682_0.58_0.74.png,682,0.58,0.74,480,640,22.747413678331768,0.957123339176178,41.81452814496291,0.996941864490509,39.93547306697454,0.9965286254882812,-1.8790550779883688,-0.0004132390022277832,A<0.65,beta<0.8,A<0.65 | beta<0.8,baseline_strongest_25
648,683_0.65_0.66.png,683,0.65,0.66,480,640,24.093577868029094,0.9609918594360352,41.32882338256036,0.9969549775123596,38.17229240283944,0.9963629841804504,-3.1565309797209196,-0.0005919933319091797,0.65<=A<0.75,beta<0.8,0.65<=A<0.75 | beta<0.8,baseline_strongest_25
649,684_0.89_1.28.png,684,0.89,1.28,480,640,18.214031122137598,0.8833237290382385,34.37513480828868,0.9925779700279236,32.22248367320915,0.9915238618850708,-2.1526511350795303,-0.0010541081428527832,0.85<=A<0.95,1.1<=beta<1.4,0.85<=A<0.95 | 1.1<=beta<1.4,baseline_middle_50
650,685_0.95_1.13.png,685,0.95,1.13,480,640,11.294743316377023,0.720256507396698,32.33470581055283,0.9856162071228027,30.54241620312594,0.9828464984893799,-1.7922896074268948,-0.0027697086334228516,A>=0.95,1.1<=beta<1.4,A>=0.95 | 1.1<=beta<1.4,baseline_middle_50
651,686_0.88_1.15.png,686,0.88,1.15,480,640,12.072965975143417,0.7312947511672974,33.407078337231646,0.9870554208755493,31.643221750186463,0.9842448234558105,-1.7638565870451828,-0.0028105974197387695,0.85<=A<0.95,1.1<=beta<1.4,0.85<=A<0.95 | 1.1<=beta<1.4,baseline_middle_50
652,687_0.97_0.94.png,687,0.97,0.94,480,640,12.200408871178382,0.749465823173523,32.384489067718725,0.9873483777046204,30.713123736392376,0.9843354225158691,-1.6713653313263492,-0.0030129551887512207,A>=0.95,0.8<=beta<1.1,A>=0.95 | 0.8<=beta<1.1,baseline_middle_50
653,688_0.83_1.51.png,688,0.83,1.51,480,640,11.178067390381354,0.6888772249221802,32.52596507391938,0.9840816259384155,31.611917147344663,0.981879472732544,-0.9140479265747175,-0.002202153205871582,0.75<=A<0.85,1.4<=beta<1.7,0.75<=A<0.85 | 1.4<=beta<1.7,baseline_middle_50
654,689_0.67_0.91.png,689,0.67,0.91,480,640,22.622308808526665,0.9269591569900513,40.36626927224091,0.9960324168205261,40.964632453378854,0.9961837530136108,0.5983631811379411,0.0001513361930847168,0.65<=A<0.75,0.8<=beta<1.1,0.65<=A<0.75 | 0.8<=beta<1.1,baseline_strongest_25
655,68_0.78_1.68.png,68,0.78,1.68,400,400,15.666028020012464,0.8765204548835754,29.475571389448906,0.9806247353553772,28.324000714001386,0.9825758934020996,-1.1515706754475197,0.0019511580467224121,0.75<=A<0.85,1.4<=beta<1.7,0.75<=A<0.85 | 1.4<=beta<1.7,baseline_middle_50
656,690_0.62_0.99.png,690,0.62,0.99,480,640,22.612565460896388,0.9265893697738647,40.35189386316665,0.9959654808044434,40.69087597572241,0.9960833191871643,0.3389821125557617,0.00011783838272094727,A<0.65,0.8<=beta<1.1,A<0.65 | 0.8<=beta<1.1,baseline_strongest_25
657,691_0.84_1.65.png,691,0.84,1.65,480,640,16.104773159260528,0.8428561687469482,35.640649062548924,0.9923131465911865,35.53676387073122,0.9915451407432556,-0.10388519181770306,-0.0007680058479309082,0.75<=A<0.85,1.4<=beta<1.7,0.75<=A<0.85 | 1.4<=beta<1.7,baseline_middle_50
658,692_0.92_1.8.png,692,0.92,1.8,480,640,14.518658721028341,0.8176950812339783,32.91774162715082,0.9898794293403625,33.08901660646217,0.9880053997039795,0.17127497931134883,-0.0018740296363830566,0.85<=A<0.95,beta>=1.7,0.85<=A<0.95 | beta>=1.7,baseline_middle_50
659,693_0.8_1.0.png,693,0.8,1.0,480,640,14.392137090989003,0.7701517939567566,36.08739345988207,0.9925752878189087,36.538891487021814,0.9923325181007385,0.45149802713974196,-0.00024276971817016602,0.75<=A<0.85,0.8<=beta<1.1,0.75<=A<0.85 | 0.8<=beta<1.1,baseline_middle_50
660,694_0.63_0.82.png,694,0.63,0.82,480,640,18.45585205562601,0.8308980464935303,38.83820289318082,0.994968056678772,38.91076106481511,0.9946238994598389,0.07255817163429157,-0.00034415721893310547,A<0.65,0.8<=beta<1.1,A<0.65 | 0.8<=beta<1.1,baseline_strongest_25
661,695_0.61_1.6.png,695,0.61,1.6,480,640,14.686076241843075,0.7271093726158142,36.645920977267764,0.9907557964324951,36.360752095662015,0.9903677105903625,-0.28516888160574894,-0.00038808584213256836,A<0.65,1.4<=beta<1.7,A<0.65 | 1.4<=beta<1.7,baseline_strongest_25
662,696_0.96_1.81.png,696,0.96,1.81,480,640,8.743694233329887,0.6232584714889526,31.227021970284085,0.9810131192207336,31.829202119135488,0.981269896030426,0.6021801488514029,0.0002567768096923828,A>=0.95,beta>=1.7,A>=0.95 | beta>=1.7,baseline_middle_50
663,697_0.85_1.82.png,697,0.85,1.82,480,640,11.29346962184224,0.6968072056770325,36.973649077754146,0.9886887073516846,36.607043018849794,0.9898632168769836,-0.3666060589043525,0.0011745095252990723,0.85<=A<0.95,beta>=1.7,0.85<=A<0.95 | beta>=1.7,baseline_strongest_25
664,698_0.51_1.13.png,698,0.51,1.13,480,640,18.88084484728037,0.8385675549507141,39.43308070446854,0.995293915271759,40.92500203670877,0.9952829480171204,1.4919213322402314,-1.0967254638671875e-05,A<0.65,1.1<=beta<1.4,A<0.65 | 1.1<=beta<1.4,baseline_strongest_25
665,699_0.67_1.68.png,699,0.67,1.68,480,640,14.203328772470545,0.7472817897796631,38.73351405668076,0.9920864701271057,38.06840821100583,0.9922020435333252,-0.6651058456749297,0.00011557340621948242,0.65<=A<0.75,1.4<=beta<1.7,0.65<=A<0.75 | 1.4<=beta<1.7,baseline_strongest_25
666,69_0.85_0.92.png,69,0.85,0.92,400,400,13.150915348749475,0.7755202054977417,31.7304280482307,0.9868099093437195,32.031807413838095,0.9885799884796143,0.30137936560739575,0.0017700791358947754,0.85<=A<0.95,0.8<=beta<1.1,0.85<=A<0.95 | 0.8<=beta<1.1,baseline_middle_50
667,6_0.59_1.99.png,6,0.59,1.99,400,400,15.79632995518021,0.8350812196731567,32.73085739796424,0.9869743585586548,30.611781485983336,0.9853466153144836,-2.1190759119809073,-0.0016277432441711426,A<0.65,beta>=1.7,A<0.65 | beta>=1.7,baseline_middle_50
668,700_0.87_1.42.png,700,0.87,1.42,480,640,12.502917138973292,0.7375316023826599,37.88370592657458,0.9912360310554504,37.78066211271065,0.9918528199195862,-0.10304381386392691,0.0006167888641357422,0.85<=A<0.95,1.4<=beta<1.7,0.85<=A<0.95 | 1.4<=beta<1.7,baseline_strongest_25
669,701_0.72_0.54.png,701,0.72,0.54,480,640,21.30878894427881,0.7403315305709839,43.8240603054996,0.9924407601356506,42.66856759416065,0.991969883441925,-1.155492711338951,-0.00047087669372558594,0.65<=A<0.75,beta<0.8,0.65<=A<0.75 | beta<0.8,baseline_strongest_25
670,702_0.99_1.46.png,702,0.99,1.46,480,640,11.35315084971927,0.553288996219635,37.6788417888048,0.9784025549888611,37.071120985806,0.9770875573158264,-0.6077208029988057,-0.001314997673034668,A>=0.95,1.4<=beta<1.7,A>=0.95 | 1.4<=beta<1.7,baseline_strongest_25
671,703_0.99_1.55.png,703,0.99,1.55,480,640,10.985538959134429,0.5440701246261597,37.4962959542527,0.976695716381073,36.7484385111316,0.9754290580749512,-0.7478574431210987,-0.0012666583061218262,A>=0.95,1.4<=beta<1.7,A>=0.95 | 1.4<=beta<1.7,baseline_strongest_25
672,704_0.99_1.12.png,704,0.99,1.12,480,640,13.06396293054119,0.5934708714485168,38.522726920649,0.9822192192077637,37.928949545462324,0.9818992614746094,-0.5937773751866757,-0.0003199577331542969,A>=0.95,1.1<=beta<1.4,A>=0.95 | 1.1<=beta<1.4,baseline_strongest_25
673,705_0.82_1.3.png,705,0.82,1.3,480,640,12.614569614653915,0.7524939775466919,36.10777577489226,0.9899054765701294,36.49282869932481,0.9902433753013611,0.38505292443255,0.00033789873123168945,0.75<=A<0.85,1.1<=beta<1.4,0.75<=A<0.85 | 1.1<=beta<1.4,baseline_middle_50
674,706_0.76_0.65.png,706,0.76,0.65,480,640,17.862672928156094,0.8470333218574524,39.45664329155373,0.9944776892662048,40.47408651397375,0.9952120184898376,1.0174432224200203,0.0007343292236328125,0.75<=A<0.85,beta<0.8,0.75<=A<0.85 | beta<0.8,baseline_strongest_25
675,707_0.88_1.27.png,707,0.88,1.27,480,640,11.991694504095838,0.7456238865852356,35.669854279129616,0.9896154999732971,35.86890176334088,0.9895310997962952,0.19904748421126328,-8.440017700195312e-05,0.85<=A<0.95,1.1<=beta<1.4,0.85<=A<0.95 | 1.1<=beta<1.4,baseline_middle_50
676,708_0.81_0.85.png,708,0.81,0.85,480,640,15.351960798344146,0.8095980286598206,37.6286301909445,0.9923478364944458,39.273019639706035,0.9938462972640991,1.6443894487615367,0.0014984607696533203,0.75<=A<0.85,0.8<=beta<1.1,0.75<=A<0.85 | 0.8<=beta<1.1,baseline_strongest_25
677,709_0.82_0.76.png,709,0.82,0.76,480,640,24.697094888833995,0.9381549954414368,40.39977567285999,0.9960386157035828,39.19332966262862,0.995814859867096,-1.2064460102313674,-0.0002237558364868164,0.75<=A<0.85,beta<0.8,0.75<=A<0.85 | beta<0.8,baseline_strongest_25
678,70_0.84_1.08.png,70,0.84,1.08,400,400,12.093175934889926,0.7454672455787659,31.310997084296982,0.9859793186187744,31.78500093977588,0.9867535829544067,0.4740038554788981,0.0007742643356323242,0.75<=A<0.85,0.8<=beta<1.1,0.75<=A<0.85 | 0.8<=beta<1.1,baseline_middle_50
679,710_0.76_0.76.png,710,0.76,0.76,480,640,25.760371813455155,0.9430195093154907,41.31988845467761,0.9963928461074829,39.564597271887095,0.9961212873458862,-1.7552911827905149,-0.0002715587615966797,0.75<=A<0.85,beta<0.8,0.75<=A<0.85 | beta<0.8,baseline_strongest_25
680,711_0.55_1.83.png,711,0.55,1.83,480,640,23.347921575597283,0.9057542681694031,37.8773977061436,0.9951615929603577,39.76139424638629,0.9951562285423279,1.8839965402426913,-5.364418029785156e-06,A<0.65,beta>=1.7,A<0.65 | beta>=1.7,baseline_strongest_25
681,712_0.91_0.63.png,712,0.91,0.63,480,640,24.655301857979946,0.9421048760414124,40.71194642907241,0.995988667011261,40.078884231097746,0.9959518909454346,-0.6330621979746667,-3.6776065826416016e-05,0.85<=A<0.95,beta<0.8,0.85<=A<0.95 | beta<0.8,baseline_strongest_25
682,713_0.58_0.72.png,713,0.58,0.72,480,640,25.626078269412012,0.9804765582084656,42.880120252433386,0.9974089860916138,42.06440314615349,0.9975546598434448,-0.815717106279898,0.0001456737518310547,A<0.65,beta<0.8,A<0.65 | beta<0.8,baseline_strongest_25
683,714_0.64_1.61.png,714,0.64,1.61,480,640,21.010687134336447,0.9395342469215393,34.47579322054302,0.9945683479309082,37.1041111455429,0.9957142472267151,2.628317924999884,0.0011458992958068848,A<0.65,1.4<=beta<1.7,A<0.65 | 1.4<=beta<1.7,baseline_middle_50
684,715_0.63_1.36.png,715,0.63,1.36,480,640,21.94958906337768,0.9514430165290833,36.24444986697966,0.9955719709396362,38.2951170813655,0.9963905215263367,2.0506672143858395,0.0008185505867004395,A<0.65,1.1<=beta<1.4,A<0.65 | 1.1<=beta<1.4,baseline_strongest_25
685,716_0.87_1.54.png,716,0.87,1.54,480,640,20.541384004324588,0.9282964468002319,31.920750122315194,0.9936488270759583,32.48200706685164,0.9940747022628784,0.5612569445364421,0.000425875186920166,0.85<=A<0.95,1.4<=beta<1.7,0.85<=A<0.95 | 1.4<=beta<1.7,baseline_middle_50
686,717_0.8_0.81.png,717,0.8,0.81,480,640,22.557444498922056,0.9456332921981812,37.933055942622794,0.995041012763977,37.07928675541167,0.9949091076850891,-0.853769187211121,-0.00013190507888793945,0.75<=A<0.85,0.8<=beta<1.1,0.75<=A<0.85 | 0.8<=beta<1.1,baseline_strongest_25
687,718_0.99_0.96.png,718,0.99,0.96,480,640,18.916149458586744,0.9189993739128113,36.551826867524014,0.992989718914032,34.44373747698174,0.992772102355957,-2.1080893905422755,-0.00021761655807495117,A>=0.95,0.8<=beta<1.1,A>=0.95 | 0.8<=beta<1.1,baseline_strongest_25
688,719_0.73_1.72.png,719,0.73,1.72,480,640,18.317236441831184,0.8932746648788452,34.923313197799104,0.9921770095825195,35.66847687459027,0.9920847415924072,0.7451636767911651,-9.226799011230469e-05,0.65<=A<0.75,beta>=1.7,0.65<=A<0.75 | beta>=1.7,baseline_middle_50
689,71_0.51_0.85.png,71,0.51,0.85,400,400,17.882908181916097,0.8589959740638733,31.296913601181963,0.9883264303207397,29.78124529449722,0.9912713766098022,-1.5156683066847414,0.0029449462890625,A<0.65,0.8<=beta<1.1,A<0.65 | 0.8<=beta<1.1,baseline_middle_50
690,720_0.96_1.96.png,720,0.96,1.96,480,640,14.599786048939063,0.8515491485595703,28.979722379035195,0.9864208102226257,27.330193154139785,0.9834243655204773,-1.64952922489541,-0.0029964447021484375,A>=0.95,beta>=1.7,A>=0.95 | beta>=1.7,baseline_middle_50
691,721_0.9_1.42.png,721,0.9,1.42,480,640,17.170482507002372,0.8734128475189209,32.96239128812525,0.9915242791175842,31.879356492076315,0.9912030696868896,-1.0830347960489313,-0.0003212094306945801,0.85<=A<0.95,1.4<=beta<1.7,0.85<=A<0.95 | 1.4<=beta<1.7,baseline_middle_50
692,722_0.57_1.91.png,722,0.57,1.91,480,640,17.797034676799978,0.8708146214485168,31.388468195060785,0.9904941320419312,30.4227835394874,0.9902292490005493,-0.9656846555733836,-0.00026488304138183594,A<0.65,beta>=1.7,A<0.65 | beta>=1.7,baseline_middle_50
693,723_0.75_0.58.png,723,0.75,0.58,480,640,24.77908182334355,0.9621471166610718,39.49622789537633,0.9965165257453918,40.718702597856606,0.9968084096908569,1.2224747024802767,0.0002918839454650879,0.75<=A<0.85,beta<0.8,0.75<=A<0.85 | beta<0.8,baseline_strongest_25
694,724_0.53_1.64.png,724,0.53,1.64,480,640,18.354995835412055,0.8927095532417297,32.29197984992676,0.9920375943183899,30.838604578017904,0.9916197061538696,-1.4533752719088575,-0.00041788816452026367,A<0.65,1.4<=beta<1.7,A<0.65 | 1.4<=beta<1.7,baseline_middle_50
695,725_0.52_1.2.png,725,0.52,1.2,480,640,18.046706520920054,0.8551487922668457,36.83845005083833,0.9888289570808411,37.27509699514252,0.9895174503326416,0.4366469443041865,0.0006884932518005371,A<0.65,1.1<=beta<1.4,A<0.65 | 1.1<=beta<1.4,baseline_strongest_25
696,726_0.61_1.15.png,726,0.61,1.15,480,640,17.703192720159624,0.8425140976905823,36.52700138320158,0.9871652126312256,37.10512314797412,0.9878062605857849,0.5781217647725398,0.0006410479545593262,A<0.65,1.1<=beta<1.4,A<0.65 | 1.1<=beta<1.4,baseline_strongest_25
697,727_0.64_0.73.png,727,0.64,0.73,480,640,20.509360186578476,0.8912550210952759,37.96331023325279,0.9906054735183716,39.08323083147651,0.9913289546966553,1.1199205982237217,0.0007234811782836914,A<0.65,beta<0.8,A<0.65 | beta<0.8,baseline_strongest_25
698,728_0.75_1.78.png,728,0.75,1.78,480,640,13.532717869142491,0.7398779392242432,32.44947695617839,0.9732913374900818,32.96251079901068,0.9736055731773376,0.5130338428322929,0.0003142356872558594,0.75<=A<0.85,beta>=1.7,0.75<=A<0.85 | beta>=1.7,baseline_middle_50
699,729_0.93_1.82.png,729,0.93,1.82,480,640,10.793771693567207,0.7725072503089905,28.0047109899525,0.974107563495636,30.07352046420612,0.9779756665229797,2.0688094742536194,0.00386810302734375,0.85<=A<0.95,beta>=1.7,0.85<=A<0.95 | beta>=1.7,baseline_weakest_25
700,72_0.99_1.92.png,72,0.99,1.92,400,400,7.894043123401642,0.5870447754859924,25.49250713989734,0.95904141664505,26.170443047984527,0.9632153511047363,0.6779359080871856,0.004173934459686279,A>=0.95,beta>=1.7,A>=0.95 | beta>=1.7,baseline_weakest_25
701,730_0.73_1.15.png,730,0.73,1.15,480,640,16.22195220695754,0.8706088066101074,32.836544018670544,0.9896042346954346,33.462409068141106,0.9903377294540405,0.625865049470562,0.000733494758605957,0.65<=A<0.75,1.1<=beta<1.4,0.65<=A<0.75 | 1.1<=beta<1.4,baseline_middle_50
702,731_0.77_1.95.png,731,0.77,1.95,480,640,12.4783537477254,0.7973532676696777,29.62420865555842,0.9793949127197266,32.18620461060644,0.983635663986206,2.561995955048019,0.004240751266479492,0.75<=A<0.85,beta>=1.7,0.75<=A<0.85 | beta>=1.7,baseline_middle_50
703,732_0.9_0.79.png,732,0.9,0.79,480,640,16.400381753804783,0.8814125061035156,32.571010415074085,0.9904823303222656,33.27797085347747,0.9910733103752136,0.7069604384033852,0.000590980052947998,0.85<=A<0.95,beta<0.8,0.85<=A<0.95 | beta<0.8,baseline_middle_50
704,733_0.65_1.63.png,733,0.65,1.63,480,640,20.83643529334885,0.9120296835899353,30.109373743192265,0.9925516843795776,34.10183646211016,0.9939422011375427,3.992462718917892,0.0013905167579650879,0.65<=A<0.75,1.4<=beta<1.7,0.65<=A<0.75 | 1.4<=beta<1.7,baseline_middle_50
705,734_0.89_1.57.png,734,0.89,1.57,480,640,17.86663037676677,0.8961363434791565,28.23497756006949,0.9909372925758362,31.726593209810858,0.9925624132156372,3.4916156497413695,0.0016251206398010254,0.85<=A<0.95,1.4<=beta<1.7,0.85<=A<0.95 | 1.4<=beta<1.7,baseline_weakest_25
706,735_0.79_1.19.png,735,0.79,1.19,480,640,21.473686290824517,0.9320727586746216,31.733863044088828,0.9946798086166382,34.64154113028003,0.9951363205909729,2.907678086191204,0.0004565119743347168,0.75<=A<0.85,1.1<=beta<1.4,0.75<=A<0.85 | 1.1<=beta<1.4,baseline_middle_50
707,736_0.92_0.9.png,736,0.92,0.9,480,640,20.909334244628255,0.9439255595207214,32.28009465033456,0.9950855374336243,34.12910969486417,0.995533287525177,1.849015044529608,0.0004477500915527344,0.85<=A<0.95,0.8<=beta<1.1,0.85<=A<0.95 | 0.8<=beta<1.1,baseline_middle_50
708,737_0.97_1.23.png,737,0.97,1.23,480,640,12.56305745309997,0.7019007802009583,29.2044274067094,0.9629337191581726,26.327449820757707,0.9603023529052734,-2.8769775859516926,-0.00263136625289917,A>=0.95,1.1<=beta<1.4,A>=0.95 | 1.1<=beta<1.4,baseline_middle_50
709,738_0.8_0.91.png,738,0.8,0.91,480,640,16.47093907772572,0.7939605116844177,31.794565266900193,0.9737659096717834,29.625213559328316,0.9785292148590088,-2.1693517075718773,0.004763305187225342,0.75<=A<0.85,0.8<=beta<1.1,0.75<=A<0.85 | 0.8<=beta<1.1,baseline_middle_50
710,739_0.58_1.14.png,739,0.58,1.14,480,640,17.68660663153817,0.809037446975708,31.94093217964534,0.978171706199646,31.71938172058697,0.983177661895752,-0.22155045905837056,0.005005955696105957,A<0.65,1.1<=beta<1.4,A<0.65 | 1.1<=beta<1.4,baseline_middle_50
711,73_0.54_1.5.png,73,0.54,1.5,400,400,23.111221687551673,0.9650609493255615,20.757507285228694,0.9801406860351562,22.28707222528193,0.9824471473693848,1.529564940053234,0.0023064613342285156,A<0.65,1.4<=beta<1.7,A<0.65 | 1.4<=beta<1.7,baseline_weakest_25
712,740_0.81_0.75.png,740,0.81,0.75,480,640,17.797286027543255,0.8219448328018188,32.44107202401185,0.9758324027061462,30.941430358163302,0.9825892448425293,-1.49964166584855,0.006756842136383057,0.75<=A<0.85,beta<0.8,0.75<=A<0.85 | beta<0.8,baseline_middle_50
713,741_0.56_1.58.png,741,0.56,1.58,480,640,24.43622237178284,0.9528438448905945,36.97905704624657,0.9950765371322632,37.73383360916697,0.9949726462364197,0.7547765629204051,-0.00010389089584350586,A<0.65,1.4<=beta<1.7,A<0.65 | 1.4<=beta<1.7,baseline_strongest_25
714,742_0.81_1.63.png,742,0.81,1.63,480,640,18.82555833033981,0.9298041462898254,27.6541135585581,0.9898030757904053,28.60378022560065,0.9902201294898987,0.9496666670425498,0.0004170536994934082,0.75<=A<0.85,1.4<=beta<1.7,0.75<=A<0.85 | 1.4<=beta<1.7,baseline_weakest_25
715,743_0.95_1.15.png,743,0.95,1.15,480,640,18.676208099256908,0.9413655996322632,27.899949391250946,0.9907126426696777,28.276458782703923,0.9906889200210571,0.3765093914529771,-2.372264862060547e-05,A>=0.95,1.1<=beta<1.4,A>=0.95 | 1.1<=beta<1.4,baseline_weakest_25
716,744_0.73_1.83.png,744,0.73,1.83,480,640,19.795366981861168,0.9289800524711609,28.065111105410928,0.9901297688484192,29.513183074843084,0.9907805919647217,1.4480719694321564,0.0006508231163024902,0.65<=A<0.75,beta>=1.7,0.65<=A<0.75 | beta>=1.7,baseline_weakest_25
717,745_0.58_1.34.png,745,0.58,1.34,480,640,21.936699356849964,0.9296567440032959,37.41108956378377,0.9927691221237183,36.06247379987538,0.9929507374763489,-1.3486157639083913,0.00018161535263061523,A<0.65,1.1<=beta<1.4,A<0.65 | 1.1<=beta<1.4,baseline_strongest_25
718,746_0.99_1.16.png,746,0.99,1.16,480,640,16.30825259971943,0.8893165588378906,29.653386401732412,0.986082136631012,29.427334259817872,0.9859287738800049,-0.22605214191453982,-0.00015336275100708008,A>=0.95,1.1<=beta<1.4,A>=0.95 | 1.1<=beta<1.4,baseline_middle_50
719,747_0.72_0.64.png,747,0.72,0.64,480,640,24.786655262740673,0.9572197794914246,37.00660819818512,0.9947856068611145,36.786217270723334,0.9944636821746826,-0.22039092746178568,-0.00032192468643188477,0.65<=A<0.75,beta<0.8,0.65<=A<0.75 | beta<0.8,baseline_strongest_25
720,748_0.73_1.16.png,748,0.73,1.16,480,640,20.112885581935203,0.9212395548820496,34.19991794654474,0.9915425777435303,33.99504587568908,0.9915532469749451,-0.20487207085565728,1.0669231414794922e-05,0.65<=A<0.75,1.1<=beta<1.4,0.65<=A<0.75 | 1.1<=beta<1.4,baseline_middle_50
721,749_0.73_1.08.png,749,0.73,1.08,480,640,22.48357448915654,0.9588019847869873,33.43741599421809,0.9931610822677612,34.040249205230594,0.9932569265365601,0.6028332110125021,9.584426879882812e-05,0.65<=A<0.75,0.8<=beta<1.1,0.65<=A<0.75 | 0.8<=beta<1.1,baseline_middle_50
722,74_0.62_1.6.png,74,0.62,1.6,400,400,23.198171251857865,0.9613603353500366,22.24630501545959,0.9825855493545532,23.460894147508213,0.9842294454574585,1.2145891320486228,0.0016438961029052734,A<0.65,1.4<=beta<1.7,A<0.65 | 1.4<=beta<1.7,baseline_weakest_25
723,750_0.6_1.27.png,750,0.6,1.27,480,640,23.83496065907101,0.960364043712616,35.60358459774266,0.9943320155143738,36.95659986113372,0.9944781064987183,1.3530152633910575,0.00014609098434448242,A<0.65,1.1<=beta<1.4,A<0.65 | 1.1<=beta<1.4,baseline_middle_50
724,751_0.54_1.86.png,751,0.54,1.86,480,640,22.236993164850603,0.9433640241622925,34.51797535387342,0.9922130107879639,34.47385482541355,0.9921994805335999,-0.04412052845987091,-1.3530254364013672e-05,A<0.65,beta>=1.7,A<0.65 | beta>=1.7,baseline_middle_50
725,752_0.51_1.28.png,752,0.51,1.28,480,640,24.788955549428398,0.9654175043106079,36.31391987372348,0.9951145052909851,36.062807669020195,0.994986891746521,-0.25111220470328277,-0.00012761354446411133,A<0.65,1.1<=beta<1.4,A<0.65 | 1.1<=beta<1.4,baseline_strongest_25
726,753_0.9_1.18.png,753,0.9,1.18,480,640,19.523999508214157,0.9306402206420898,33.66760631989132,0.9913213849067688,34.05534035920666,0.9912384748458862,0.38773403931534034,-8.291006088256836e-05,0.85<=A<0.95,1.1<=beta<1.4,0.85<=A<0.95 | 1.1<=beta<1.4,baseline_middle_50
727,754_0.73_1.45.png,754,0.73,1.45,480,640,20.51934314159591,0.9288569092750549,35.19566573733881,0.9931765794754028,36.09880330523526,0.9932805895805359,0.9031375678964508,0.00010401010513305664,0.65<=A<0.75,1.4<=beta<1.7,0.65<=A<0.75 | 1.4<=beta<1.7,baseline_middle_50
728,755_0.58_0.84.png,755,0.58,0.84,480,640,25.178425620856807,0.9624412059783936,40.05863505757767,0.9968093633651733,39.84841676876493,0.9962724447250366,-0.21021828881274018,-0.0005369186401367188,A<0.65,0.8<=beta<1.1,A<0.65 | 0.8<=beta<1.1,baseline_strongest_25
729,756_0.75_1.06.png,756,0.75,1.06,480,640,22.284391546040013,0.9450931549072266,35.89588298070201,0.9945589303970337,36.66267950203158,0.9938374161720276,0.7667965213295673,-0.0007215142250061035,0.75<=A<0.85,0.8<=beta<1.1,0.75<=A<0.85 | 0.8<=beta<1.1,baseline_middle_50
730,757_0.64_1.31.png,757,0.64,1.31,480,640,19.3032704583631,0.8780395984649658,34.64032678609547,0.9919269680976868,31.920657279814026,0.9912011027336121,-2.719669506281445,-0.000725865364074707,A<0.65,1.1<=beta<1.4,A<0.65 | 1.1<=beta<1.4,baseline_middle_50
731,758_0.61_0.98.png,758,0.61,0.98,480,640,21.131156768553314,0.9096591472625732,36.308100048112124,0.9941655397415161,33.05171851568308,0.99314945936203,-3.256381532429046,-0.001016080379486084,A<0.65,0.8<=beta<1.1,A<0.65 | 0.8<=beta<1.1,baseline_strongest_25
732,759_0.96_0.76.png,759,0.96,0.76,480,640,19.760112368811832,0.9006861448287964,30.764774972731963,0.9897258877754211,31.324720309447574,0.9904789328575134,0.5599453367156109,0.0007530450820922852,A>=0.95,beta<0.8,A>=0.95 | beta<0.8,baseline_middle_50
733,75_0.99_0.83.png,75,0.99,0.83,400,400,15.388279711411233,0.9482842683792114,25.4382176228806,0.988932192325592,27.312535397042023,0.9905247688293457,1.8743177741614225,0.0015925765037536621,A>=0.95,0.8<=beta<1.1,A>=0.95 | 0.8<=beta<1.1,baseline_weakest_25
734,760_0.85_1.01.png,760,0.85,1.01,480,640,19.45952473495051,0.885879397392273,30.97835377087875,0.9895253777503967,31.593414548787145,0.9903908371925354,0.6150607779083934,0.0008654594421386719,0.85<=A<0.95,0.8<=beta<1.1,0.85<=A<0.95 | 0.8<=beta<1.1,baseline_middle_50
735,761_0.56_1.17.png,761,0.56,1.17,480,640,18.597440181398706,0.6244369745254517,40.12161218765272,0.9915183186531067,39.26411158173367,0.9907932281494141,-0.85750060591905,-0.000725090503692627,A<0.65,1.1<=beta<1.4,A<0.65 | 1.1<=beta<1.4,baseline_strongest_25
736,762_0.57_1.33.png,762,0.57,1.33,480,640,17.614139181758684,0.598421573638916,39.21098296089561,0.9905582666397095,39.14228941178658,0.98968106508255,-0.06869354910903525,-0.0008772015571594238,A<0.65,1.1<=beta<1.4,A<0.65 | 1.1<=beta<1.4,baseline_strongest_25
737,763_0.82_1.68.png,763,0.82,1.68,480,640,12.362973742103879,0.4898083508014679,35.18990660836293,0.9826181530952454,34.88056555124699,0.980962336063385,-0.30934105711594384,-0.0016558170318603516,0.75<=A<0.85,1.4<=beta<1.7,0.75<=A<0.85 | 1.4<=beta<1.7,baseline_middle_50
738,764_0.9_1.49.png,764,0.9,1.49,480,640,12.019330601432571,0.49465155601501465,35.11397719211574,0.9831569194793701,34.46428780579456,0.981103241443634,-0.6496893863211781,-0.002053678035736084,0.85<=A<0.95,1.4<=beta<1.7,0.85<=A<0.95 | 1.4<=beta<1.7,baseline_middle_50
739,765_0.56_1.92.png,765,0.56,1.92,480,640,13.573322619605737,0.6711170673370361,28.38596997273688,0.9812292456626892,30.81400236054312,0.9837197661399841,2.4280323878062404,0.002490520477294922,A<0.65,beta>=1.7,A<0.65 | beta>=1.7,baseline_weakest_25
740,766_0.58_1.2.png,766,0.58,1.2,480,640,16.002373011117715,0.7558558583259583,34.03732096520724,0.9915153980255127,36.354719330645665,0.9925501346588135,2.3173983654384216,0.0010347366333007812,A<0.65,1.1<=beta<1.4,A<0.65 | 1.1<=beta<1.4,baseline_middle_50
741,767_0.78_1.61.png,767,0.78,1.61,480,640,11.154690072425982,0.6497623920440674,32.47466197112919,0.985177218914032,33.16088503268278,0.985430121421814,0.6862230615535907,0.0002529025077819824,0.75<=A<0.85,1.4<=beta<1.7,0.75<=A<0.85 | 1.4<=beta<1.7,baseline_middle_50
742,768_0.65_1.02.png,768,0.65,1.02,480,640,15.874013161711257,0.7655137181282043,36.31135265390646,0.9930806756019592,37.63352367971558,0.9932960867881775,1.3221710258091193,0.00021541118621826172,0.65<=A<0.75,0.8<=beta<1.1,0.65<=A<0.75 | 0.8<=beta<1.1,baseline_strongest_25
743,769_0.81_1.66.png,769,0.81,1.66,480,640,13.01019084865391,0.6237365007400513,36.70938971155502,0.9819029569625854,34.407607945375275,0.979297935962677,-2.3017817661797437,-0.0026050209999084473,0.75<=A<0.85,1.4<=beta<1.7,0.75<=A<0.85 | 1.4<=beta<1.7,baseline_strongest_25
744,76_0.64_1.74.png,76,0.64,1.74,400,400,22.221535521954756,0.9556422233581543,22.37597887198401,0.9815607666969299,22.794720609381965,0.9821809530258179,0.41874173739795495,0.0006201863288879395,A<0.65,beta>=1.7,A<0.65 | beta>=1.7,baseline_weakest_25
745,770_0.95_0.52.png,770,0.95,0.52,480,640,19.243233801936725,0.7698010206222534,40.60556808022926,0.9922213554382324,39.80564861491908,0.9918543696403503,-0.7999194653101824,-0.0003669857978820801,A>=0.95,beta<0.8,A>=0.95 | beta<0.8,baseline_strongest_25
746,771_0.84_0.54.png,771,0.84,0.54,480,640,20.24100468826979,0.7828521132469177,41.58677701990632,0.9928479194641113,40.6748158609181,0.9926412105560303,-0.9119611589882197,-0.0002067089080810547,0.75<=A<0.85,beta<0.8,0.75<=A<0.85 | beta<0.8,baseline_strongest_25
747,772_0.69_1.76.png,772,0.69,1.76,480,640,14.285594149361742,0.6429789662361145,37.81515906596543,0.9844985604286194,36.69768624773563,0.9823480248451233,-1.1174728182297997,-0.0021505355834960938,0.65<=A<0.75,beta>=1.7,0.65<=A<0.75 | beta>=1.7,baseline_strongest_25
748,773_0.51_0.63.png,773,0.51,0.63,480,640,22.60802935338082,0.7808090448379517,43.205567652764884,0.993023693561554,45.079558496554874,0.9936767816543579,1.87399084378999,0.0006530880928039551,A<0.65,beta<0.8,A<0.65 | beta<0.8,baseline_strongest_25
749,774_0.77_0.95.png,774,0.77,0.95,480,640,15.58849686545421,0.6519282460212708,39.81173720771999,0.9863775372505188,40.90379727490686,0.9875674247741699,1.092060067186864,0.001189887523651123,0.75<=A<0.85,0.8<=beta<1.1,0.75<=A<0.85 | 0.8<=beta<1.1,baseline_strongest_25
750,775_0.63_1.13.png,775,0.63,1.13,480,640,16.4112018001581,0.6611725091934204,41.812981306454915,0.9872746467590332,42.288711162905386,0.988287627696991,0.47572985645047083,0.0010129809379577637,A<0.65,1.1<=beta<1.4,A<0.65 | 1.1<=beta<1.4,baseline_strongest_25
751,776_0.77_1.8.png,776,0.77,1.8,480,640,11.565235017479377,0.5448978543281555,37.14929786717719,0.9751155972480774,38.90338898502585,0.9800394177436829,1.7540911178486596,0.004923820495605469,0.75<=A<0.85,beta>=1.7,0.75<=A<0.85 | beta>=1.7,baseline_strongest_25
752,777_0.57_0.83.png,777,0.57,0.83,480,640,21.19072738405557,0.874837338924408,40.0814238401845,0.9946497082710266,39.41872702768269,0.9940565824508667,-0.6626968125018067,-0.0005931258201599121,A<0.65,0.8<=beta<1.1,A<0.65 | 0.8<=beta<1.1,baseline_strongest_25
753,778_0.91_1.51.png,778,0.91,1.51,480,640,12.546109820112317,0.757883608341217,32.09532359094452,0.984947144985199,33.514547960736955,0.9858189821243286,1.4192243697924383,0.0008718371391296387,0.85<=A<0.95,1.4<=beta<1.7,0.85<=A<0.95 | 1.4<=beta<1.7,baseline_middle_50
754,779_0.85_0.72.png,779,0.85,0.72,480,640,18.696078608914114,0.852910041809082,35.32005952556073,0.9924854040145874,36.92598669333725,0.9931284189224243,1.605927167776521,0.0006430149078369141,0.85<=A<0.95,beta<0.8,0.85<=A<0.95 | beta<0.8,baseline_middle_50
755,77_0.92_1.85.png,77,0.92,1.85,400,400,10.843003234829794,0.7071681022644043,20.816646265547334,0.9594468474388123,20.180187120141344,0.9488105773925781,-0.6364591454059898,-0.01063627004623413,0.85<=A<0.95,beta>=1.7,0.85<=A<0.95 | beta>=1.7,baseline_weakest_25
756,780_0.86_1.18.png,780,0.86,1.18,480,640,14.858885208373545,0.7982755303382874,33.52904786030119,0.9889499545097351,35.40419347557013,0.9898345470428467,1.8751456152689414,0.0008845925331115723,0.85<=A<0.95,1.1<=beta<1.4,0.85<=A<0.95 | 1.1<=beta<1.4,baseline_middle_50
757,781_0.52_0.96.png,781,0.52,0.96,480,640,25.36368911281146,0.9569253325462341,38.9860445104832,0.9958319067955017,38.55027622878967,0.9956876039505005,-0.43576828169352666,-0.0001443028450012207,A<0.65,0.8<=beta<1.1,A<0.65 | 0.8<=beta<1.1,baseline_strongest_25
758,782_0.6_0.51.png,782,0.6,0.51,480,640,28.552310590697125,0.9741499423980713,41.44146823048952,0.9969364404678345,41.894431692960936,0.9968747496604919,0.4529634624714163,-6.16908073425293e-05,A<0.65,beta<0.8,A<0.65 | beta<0.8,baseline_strongest_25
759,783_0.63_0.68.png,783,0.63,0.68,480,640,25.88825697036708,0.9632582068443298,39.89806513087047,0.9961192011833191,40.549442511981496,0.9960404634475708,0.6513773811110255,-7.873773574829102e-05,A<0.65,beta<0.8,A<0.65 | beta<0.8,baseline_strongest_25
760,784_0.5_0.79.png,784,0.5,0.79,480,640,27.02460784443914,0.9662578701972961,39.18932766829724,0.9964777827262878,38.4747320127133,0.9962424039840698,-0.7145956555839419,-0.00023537874221801758,A<0.65,beta<0.8,A<0.65 | beta<0.8,baseline_strongest_25
761,785_0.54_0.53.png,785,0.54,0.53,480,640,25.63632341805054,0.9465720057487488,38.83583320627105,0.9967817068099976,38.61567342244448,0.9969159960746765,-0.22015978382656698,0.00013428926467895508,A<0.65,beta<0.8,A<0.65 | beta<0.8,baseline_strongest_25
762,786_0.77_1.16.png,786,0.77,1.16,480,640,16.947885920078694,0.8656273484230042,35.05929369246461,0.9927467703819275,35.30399247602812,0.9930481314659119,0.24469878356351416,0.000301361083984375,0.75<=A<0.85,1.1<=beta<1.4,0.75<=A<0.85 | 1.1<=beta<1.4,baseline_middle_50
763,787_0.84_1.65.png,787,0.84,1.65,480,640,13.839534481528862,0.8130409121513367,32.451583622852475,0.9879314303398132,33.30644466554206,0.9884121417999268,0.8548610426895848,0.0004807114601135254,0.75<=A<0.85,1.4<=beta<1.7,0.75<=A<0.85 | 1.4<=beta<1.7,baseline_middle_50
764,788_0.69_0.73.png,788,0.69,0.73,480,640,21.258726693008096,0.9149977564811707,37.958698377304984,0.9954807162284851,38.701576930743606,0.9957705736160278,0.7428785534386222,0.0002898573875427246,0.65<=A<0.75,beta<0.8,0.65<=A<0.75 | beta<0.8,baseline_strongest_25
765,789_0.85_1.57.png,789,0.85,1.57,480,640,9.768354297903949,0.5753687620162964,36.46468746113625,0.9838265180587769,37.29333648171885,0.9855356216430664,0.8286490205826027,0.0017091035842895508,0.85<=A<0.95,1.4<=beta<1.7,0.85<=A<0.95 | 1.4<=beta<1.7,baseline_strongest_25
766,78_1.0_0.78.png,78,1.0,0.78,400,400,16.247296274622617,0.8466280102729797,26.55024646104426,0.9739518165588379,24.630126243316234,0.9771403074264526,-1.9201202177280265,0.003188490867614746,A>=0.95,beta<0.8,A>=0.95 | beta<0.8,baseline_weakest_25
767,790_0.93_1.12.png,790,0.93,1.12,480,640,10.833299793379322,0.6154537796974182,36.59907611498892,0.987695038318634,37.78804216152671,0.9890275597572327,1.188966046537793,0.0013325214385986328,0.85<=A<0.95,1.1<=beta<1.4,0.85<=A<0.95 | 1.1<=beta<1.4,baseline_strongest_25
768,791_0.94_1.39.png,791,0.94,1.39,480,640,9.432182661542193,0.578050971031189,35.19581626318033,0.983673095703125,36.579754455686896,0.9853755831718445,1.3839381925065624,0.0017024874687194824,0.85<=A<0.95,1.1<=beta<1.4,0.85<=A<0.95 | 1.1<=beta<1.4,baseline_middle_50
769,792_0.71_0.8.png,792,0.71,0.8,480,640,15.773020198266103,0.7110897898674011,42.032247354085676,0.9936734437942505,41.92555733432932,0.9935040473937988,-0.10669001975635695,-0.00016939640045166016,0.65<=A<0.75,0.8<=beta<1.1,0.65<=A<0.75 | 0.8<=beta<1.1,baseline_strongest_25
770,793_0.81_1.92.png,793,0.81,1.92,480,640,12.78124875163716,0.643236517906189,34.60610269395718,0.9878542423248291,34.029149577381844,0.9870814681053162,-0.5769531165753392,-0.0007727742195129395,0.75<=A<0.85,beta>=1.7,0.75<=A<0.85 | beta>=1.7,baseline_middle_50
771,794_0.81_1.13.png,794,0.81,1.13,480,640,16.321056281933753,0.7367637753486633,37.4257999617393,0.9929287433624268,37.168025515702496,0.9926580190658569,-0.2577744460368052,-0.0002707242965698242,0.75<=A<0.85,1.1<=beta<1.4,0.75<=A<0.85 | 1.1<=beta<1.4,baseline_strongest_25
772,795_0.9_2.0.png,795,0.9,2.0,480,640,11.574679820481212,0.6167993545532227,33.88267235317294,0.9851540923118591,33.735859324776094,0.984856903553009,-0.14681302839684918,-0.00029718875885009766,0.85<=A<0.95,beta>=1.7,0.85<=A<0.95 | beta>=1.7,baseline_middle_50
773,796_0.82_1.56.png,796,0.82,1.56,480,640,13.99879561760562,0.6798454523086548,36.05357192661825,0.9904723167419434,35.453693762776936,0.9899635314941406,-0.5998781638413107,-0.0005087852478027344,0.75<=A<0.85,1.4<=beta<1.7,0.75<=A<0.85 | 1.4<=beta<1.7,baseline_middle_50
774,797_0.73_0.63.png,797,0.73,0.63,480,640,20.823255409023858,0.8976485133171082,41.00634974274149,0.9969797134399414,39.63290027385362,0.9969615340232849,-1.3734494688878698,-1.817941665649414e-05,0.65<=A<0.75,beta<0.8,0.65<=A<0.75 | beta<0.8,baseline_strongest_25
775,798_0.79_0.52.png,798,0.79,0.52,480,640,21.442486546518683,0.9066882729530334,40.654484948814115,0.9970886707305908,40.911055264740995,0.9972107410430908,0.2565703159268793,0.0001220703125,0.75<=A<0.85,beta<0.8,0.75<=A<0.85 | beta<0.8,baseline_strongest_25
776,799_0.52_1.97.png,799,0.52,1.97,480,640,15.360527389130336,0.7792377471923828,32.03970000988106,0.991867184638977,29.302857487455,0.9901636838912964,-2.736842522426059,-0.001703500747680664,A<0.65,beta>=1.7,A<0.65 | beta>=1.7,baseline_middle_50
777,79_0.63_1.89.png,79,0.63,1.89,400,400,11.73079404222204,0.7287281155586243,17.83174492044814,0.9474532604217529,17.334265475681395,0.9221001267433167,-0.4974794447667463,-0.02535313367843628,A<0.65,beta>=1.7,A<0.65 | beta>=1.7,baseline_weakest_25
778,7_0.95_1.37.png,7,0.95,1.37,400,400,12.089941470198088,0.8117634057998657,28.83745437531164,0.9843920469284058,27.480166811407635,0.9818501472473145,-1.3572875639040056,-0.0025418996810913086,A>=0.95,1.1<=beta<1.4,A>=0.95 | 1.1<=beta<1.4,baseline_middle_50
779,800_0.55_1.84.png,800,0.55,1.84,480,640,15.623246685554042,0.7878499627113342,35.188104349970615,0.9932053089141846,31.646397489528553,0.9920676946640015,-3.541706860442062,-0.0011376142501831055,A<0.65,beta>=1.7,A<0.65 | beta>=1.7,baseline_middle_50
780,801_0.62_1.22.png,801,0.62,1.22,480,640,16.539575658026415,0.7957253456115723,36.84550930318031,0.9878702163696289,37.9342120699653,0.9890124201774597,1.0887027667849907,0.0011422038078308105,A<0.65,1.1<=beta<1.4,A<0.65 | 1.1<=beta<1.4,baseline_strongest_25
781,802_0.67_0.91.png,802,0.67,0.91,480,640,17.90302153083861,0.8274843096733093,37.29905399639857,0.9904229044914246,38.89252788212981,0.9912630319595337,1.5934738857312425,0.0008401274681091309,0.65<=A<0.75,0.8<=beta<1.1,0.65<=A<0.75 | 0.8<=beta<1.1,baseline_strongest_25
782,803_0.96_1.38.png,803,0.96,1.38,480,640,11.680070909307616,0.7196620106697083,30.388122922055544,0.9777401089668274,31.540534216262873,0.9775728583335876,1.1524112942073295,-0.0001672506332397461,A>=0.95,1.1<=beta<1.4,A>=0.95 | 1.1<=beta<1.4,baseline_middle_50
783,804_0.64_0.58.png,804,0.64,0.58,480,640,21.372991261789892,0.881011962890625,40.300518223846936,0.9945294260978699,41.28499236057727,0.9941927790641785,0.9844741367303342,-0.00033664703369140625,A<0.65,beta<0.8,A<0.65 | beta<0.8,baseline_strongest_25
784,805_0.64_1.71.png,805,0.64,1.71,480,640,13.970888810093742,0.7437817454338074,35.74341408009596,0.9888354539871216,32.94607272076956,0.9851412773132324,-2.7973413593264027,-0.00369417667388916,A<0.65,beta>=1.7,A<0.65 | beta>=1.7,baseline_middle_50
785,806_0.86_1.72.png,806,0.86,1.72,480,640,11.765046702358672,0.7119224667549133,34.37798722087645,0.9855583310127258,31.86064191983168,0.9803629517555237,-2.51734530104477,-0.0051953792572021484,0.85<=A<0.95,beta>=1.7,0.85<=A<0.95 | beta>=1.7,baseline_middle_50
786,807_0.81_1.1.png,807,0.81,1.1,480,640,14.960988209616396,0.7933033108711243,36.59977538005314,0.9913904070854187,36.753565544402505,0.9918304085731506,0.15379016434936688,0.0004400014877319336,0.75<=A<0.85,1.1<=beta<1.4,0.75<=A<0.85 | 1.1<=beta<1.4,baseline_strongest_25
787,808_0.52_0.78.png,808,0.52,0.78,480,640,18.987515546911993,0.8789412379264832,40.12123427058239,0.9957062602043152,41.07358768267196,0.9952552914619446,0.9523534120895718,-0.00045096874237060547,A<0.65,beta<0.8,A<0.65 | beta<0.8,baseline_strongest_25
788,809_0.73_1.63.png,809,0.73,1.63,480,640,13.581440832000096,0.7324382662773132,29.321259617840596,0.9804912209510803,31.273588919923647,0.9847572445869446,1.9523293020830508,0.004266023635864258,0.65<=A<0.75,1.4<=beta<1.7,0.65<=A<0.75 | 1.4<=beta<1.7,baseline_middle_50
789,80_0.74_1.76.png,80,0.74,1.76,400,400,11.516873374932054,0.7274803519248962,19.728487380655345,0.9500073790550232,18.789823327231453,0.9359363317489624,-0.9386640534238921,-0.014071047306060791,0.65<=A<0.75,beta>=1.7,0.65<=A<0.75 | beta>=1.7,baseline_weakest_25
790,810_0.88_1.95.png,810,0.88,1.95,480,640,10.444451699052369,0.6558341383934021,27.58775396410172,0.9740795493125916,27.690859753263013,0.9731155037879944,0.10310578916129387,-0.000964045524597168,0.85<=A<0.95,beta>=1.7,0.85<=A<0.95 | beta>=1.7,baseline_weakest_25
791,811_0.61_0.62.png,811,0.61,0.62,480,640,22.253393088692583,0.90629643201828,36.59815490911005,0.992413341999054,39.174967985059844,0.9945700168609619,2.5768130759497936,0.002156674861907959,A<0.65,beta<0.8,A<0.65 | beta<0.8,baseline_strongest_25
792,812_0.81_1.01.png,812,0.81,1.01,480,640,15.629060868165222,0.7970197200775146,29.483407685339014,0.9829120635986328,31.946717559316596,0.9878512620925903,2.4633098739775825,0.0049391984939575195,0.75<=A<0.85,0.8<=beta<1.1,0.75<=A<0.85 | 0.8<=beta<1.1,baseline_middle_50
793,813_0.58_1.0.png,813,0.58,1.0,480,640,20.615567499295267,0.9240666031837463,39.80553651439633,0.9969186186790466,37.31888940334223,0.9963428378105164,-2.486647111054097,-0.0005757808685302734,A<0.65,0.8<=beta<1.1,A<0.65 | 0.8<=beta<1.1,baseline_strongest_25
794,814_0.74_1.87.png,814,0.74,1.87,480,640,14.945190699175113,0.8427304625511169,36.42736728272673,0.9916566610336304,34.93873101139128,0.9913451671600342,-1.4886362713354444,-0.0003114938735961914,0.65<=A<0.75,beta>=1.7,0.65<=A<0.75 | beta>=1.7,baseline_strongest_25
795,815_0.97_1.1.png,815,0.97,1.1,480,640,14.52991668765694,0.8781803846359253,34.16291280217158,0.9933285713195801,33.612856471058016,0.9926702380180359,-0.5500563311135664,-0.0006583333015441895,A>=0.95,1.1<=beta<1.4,A>=0.95 | 1.1<=beta<1.4,baseline_middle_50
796,816_0.61_1.87.png,816,0.61,1.87,480,640,16.711820992315324,0.8563010096549988,36.800144797921526,0.9935526847839355,35.59063477497597,0.9930101633071899,-1.2095100229455582,-0.0005425214767456055,A<0.65,beta>=1.7,A<0.65 | beta>=1.7,baseline_strongest_25
797,817_0.59_1.1.png,817,0.59,1.1,480,640,22.221501455442834,0.9253959655761719,38.62797148736835,0.9956960082054138,37.706421347182314,0.9954593181610107,-0.9215501401860351,-0.00023669004440307617,A<0.65,1.1<=beta<1.4,A<0.65 | 1.1<=beta<1.4,baseline_strongest_25
798,818_0.52_0.76.png,818,0.52,0.76,480,640,26.572192849369053,0.9523329138755798,38.02913717795534,0.9963817000389099,37.130940168774046,0.9961682558059692,-0.8981970091812954,-0.00021344423294067383,A<0.65,beta<0.8,A<0.65 | beta<0.8,baseline_strongest_25
799,819_0.63_2.0.png,819,0.63,2.0,480,640,17.446643761903523,0.8686085343360901,35.83518447652034,0.9917008876800537,34.5204721771176,0.9913241863250732,-1.3147122994027427,-0.00037670135498046875,A<0.65,beta>=1.7,A<0.65 | beta>=1.7,baseline_middle_50
800,81_0.84_1.33.png,81,0.84,1.33,400,400,20.980233013192375,0.9509750604629517,27.124182060690988,0.9797548651695251,28.059876126602727,0.9828535318374634,0.9356940659117399,0.0030986666679382324,0.75<=A<0.85,1.1<=beta<1.4,0.75<=A<0.85 | 1.1<=beta<1.4,baseline_weakest_25
801,820_0.87_1.24.png,820,0.87,1.24,480,640,16.335584882196347,0.8735414147377014,32.675763910411334,0.9906483292579651,33.34772430881765,0.9910808205604553,0.6719603984063127,0.0004324913024902344,0.85<=A<0.95,1.1<=beta<1.4,0.85<=A<0.95 | 1.1<=beta<1.4,baseline_middle_50
802,821_0.7_1.3.png,821,0.7,1.3,480,640,18.975764697805822,0.7696858644485474,37.84016389603164,0.9906020760536194,38.19110190233343,0.9896709322929382,0.3509380063017886,-0.0009311437606811523,0.65<=A<0.75,1.1<=beta<1.4,0.65<=A<0.75 | 1.1<=beta<1.4,baseline_strongest_25
803,822_0.64_0.8.png,822,0.64,0.8,480,640,25.24036354324965,0.8389394283294678,39.173004615366246,0.9932100772857666,38.64307980431804,0.9928488731384277,-0.529924811048204,-0.0003612041473388672,A<0.65,0.8<=beta<1.1,A<0.65 | 0.8<=beta<1.1,baseline_strongest_25
804,823_0.52_1.62.png,823,0.52,1.62,480,640,20.956149472252285,0.7890986800193787,35.33699606898225,0.9898927211761475,34.58894526702111,0.9889700412750244,-0.748050801961142,-0.0009226799011230469,A<0.65,1.4<=beta<1.7,A<0.65 | 1.4<=beta<1.7,baseline_middle_50
805,824_0.82_1.95.png,824,0.82,1.95,480,640,12.477723993630367,0.6659152507781982,34.95595897644578,0.9841701984405518,35.091538562522786,0.9818652868270874,0.13557958607700726,-0.0023049116134643555,0.75<=A<0.85,beta>=1.7,0.75<=A<0.85 | beta>=1.7,baseline_middle_50
806,825_0.79_0.64.png,825,0.79,0.64,480,640,17.720925896325966,0.8673297762870789,38.42730043372149,0.9950278997421265,36.83126484561805,0.9945326447486877,-1.5960355881034403,-0.0004952549934387207,0.75<=A<0.85,beta<0.8,0.75<=A<0.85 | beta<0.8,baseline_strongest_25
807,826_0.82_0.58.png,826,0.82,0.58,480,640,18.000260077522114,0.8736650943756104,38.545600032039566,0.9951890707015991,36.9655423460569,0.9945584535598755,-1.5800576859826663,-0.0006306171417236328,0.75<=A<0.85,beta<0.8,0.75<=A<0.85 | beta<0.8,baseline_strongest_25
808,827_0.72_0.85.png,827,0.72,0.85,480,640,16.808188544084157,0.8445392847061157,38.282565787283254,0.9944557547569275,36.761611344870744,0.9940163493156433,-1.5209544424125099,-0.0004394054412841797,0.65<=A<0.75,0.8<=beta<1.1,0.65<=A<0.75 | 0.8<=beta<1.1,baseline_strongest_25
809,828_0.63_0.64.png,828,0.63,0.64,480,640,20.486432945659814,0.8922421336174011,40.92483000094096,0.9958900809288025,40.01499032812329,0.9954718351364136,-0.9098396728176681,-0.000418245792388916,A<0.65,beta<0.8,A<0.65 | beta<0.8,baseline_strongest_25
810,829_0.92_1.57.png,829,0.92,1.57,480,640,15.57456346074269,0.8545850515365601,34.861682887017565,0.991924524307251,35.50225056878838,0.9925713539123535,0.6405676817708112,0.0006468296051025391,0.85<=A<0.95,1.4<=beta<1.7,0.85<=A<0.95 | 1.4<=beta<1.7,baseline_middle_50
811,82_0.83_1.9.png,82,0.83,1.9,400,400,15.85105490420859,0.8806639313697815,26.86839191669727,0.9773359298706055,27.77841598383254,0.9812173247337341,0.9100240671352715,0.003881394863128662,0.75<=A<0.85,beta>=1.7,0.75<=A<0.85 | beta>=1.7,baseline_weakest_25
812,830_0.58_1.52.png,830,0.58,1.52,480,640,20.983339289181714,0.9092264771461487,38.491092326999876,0.9950633645057678,37.80513035678269,0.9951205253601074,-0.6859619702171855,5.716085433959961e-05,A<0.65,1.4<=beta<1.7,A<0.65 | 1.4<=beta<1.7,baseline_strongest_25
813,831_0.8_1.88.png,831,0.8,1.88,480,640,15.824367302631632,0.8515592813491821,35.89722337985692,0.9921731352806091,36.03800188620438,0.9926959276199341,0.14077850634745914,0.0005227923393249512,0.75<=A<0.85,beta>=1.7,0.75<=A<0.85 | beta>=1.7,baseline_middle_50
814,832_0.91_1.78.png,832,0.91,1.78,480,640,14.828211909806846,0.8402769565582275,34.437590098851,0.9910517334938049,35.159005430774144,0.9916921257972717,0.7214153319231471,0.0006403923034667969,0.85<=A<0.95,beta>=1.7,0.85<=A<0.95 | beta>=1.7,baseline_middle_50
815,833_0.84_0.74.png,833,0.84,0.74,480,640,19.369548951039896,0.8089800477027893,36.79350465514559,0.9921924471855164,38.67703728167471,0.9926839470863342,1.8835326265291172,0.0004914999008178711,0.75<=A<0.85,beta<0.8,0.75<=A<0.85 | beta<0.8,baseline_strongest_25
816,834_1.0_1.28.png,834,1.0,1.28,480,640,13.649596230549598,0.7167378664016724,32.80988751230705,0.9842369556427002,33.38154626432859,0.983954668045044,0.5716587520215413,-0.00028228759765625,A>=0.95,1.1<=beta<1.4,A>=0.95 | 1.1<=beta<1.4,baseline_middle_50
817,835_0.92_1.87.png,835,0.92,1.87,480,640,12.050857480556372,0.6766485571861267,34.62755627650678,0.9809364676475525,35.34241005523307,0.98162841796875,0.7148537787262867,0.0006919503211975098,0.85<=A<0.95,beta>=1.7,0.85<=A<0.95 | beta>=1.7,baseline_middle_50
818,836_0.77_0.51.png,836,0.77,0.51,480,640,23.1750770524736,0.8542890548706055,39.954742908249415,0.9947330951690674,41.64112327849173,0.9947206377983093,1.6863803702423183,-1.245737075805664e-05,0.75<=A<0.85,beta<0.8,0.75<=A<0.85 | beta<0.8,baseline_strongest_25
819,837_0.58_1.79.png,837,0.58,1.79,480,640,17.16855257514126,0.7763965725898743,36.42415786422462,0.9898276329040527,34.11540211060107,0.9898865222930908,-2.308755753623551,5.888938903808594e-05,A<0.65,beta>=1.7,A<0.65 | beta>=1.7,baseline_strongest_25
820,838_0.95_1.3.png,838,0.95,1.3,480,640,13.432605209755435,0.7513612508773804,32.205164927300295,0.9870983958244324,32.140247472296785,0.9873555302619934,-0.06491745500350987,0.00025713443756103516,A>=0.95,1.1<=beta<1.4,A>=0.95 | 1.1<=beta<1.4,baseline_middle_50
821,839_0.64_0.83.png,839,0.64,0.83,480,640,21.324495542893015,0.8600556254386902,39.56206568804412,0.994110107421875,39.51367428458458,0.9943732023239136,-0.04839140345954007,0.0002630949020385742,A<0.65,0.8<=beta<1.1,A<0.65 | 0.8<=beta<1.1,baseline_strongest_25
822,83_0.9_0.57.png,83,0.9,0.57,400,400,29.83045178182543,0.9925436973571777,27.62358841548231,0.9827188849449158,28.826564740003946,0.9859482645988464,1.2029763245216358,0.003229379653930664,0.85<=A<0.95,beta<0.8,0.85<=A<0.95 | beta<0.8,baseline_weakest_25
823,840_0.73_1.28.png,840,0.73,1.28,480,640,16.76530202433473,0.7941611409187317,36.53991758451936,0.9909060597419739,36.094555941196546,0.9912126064300537,-0.44536164332281203,0.000306546688079834,0.65<=A<0.75,1.1<=beta<1.4,0.65<=A<0.75 | 1.1<=beta<1.4,baseline_strongest_25
824,841_0.56_0.7.png,841,0.56,0.7,480,640,24.04411118280807,0.9102330207824707,43.91180685189556,0.996608555316925,43.099857314300785,0.9965360760688782,-0.8119495375947778,-7.2479248046875e-05,A<0.65,beta<0.8,A<0.65 | beta<0.8,baseline_strongest_25
825,842_0.85_1.49.png,842,0.85,1.49,480,640,13.851198185875273,0.7640138268470764,33.14319329672935,0.9889997243881226,33.96077839054811,0.9897032380104065,0.8175850938187565,0.0007035136222839355,0.85<=A<0.95,1.4<=beta<1.7,0.85<=A<0.95 | 1.4<=beta<1.7,baseline_middle_50
826,843_0.54_1.62.png,843,0.54,1.62,480,640,18.306850608905187,0.8253265619277954,40.54860166004886,0.994171142578125,38.61737017431575,0.9936137199401855,-1.9312314857331074,-0.0005574226379394531,A<0.65,1.4<=beta<1.7,A<0.65 | 1.4<=beta<1.7,baseline_strongest_25
827,844_0.65_0.6.png,844,0.65,0.6,480,640,23.51762493534749,0.9092298746109009,41.90035148745484,0.9963242411613464,42.117652317659555,0.9964441657066345,0.2173008302047137,0.00011992454528808594,0.65<=A<0.75,beta<0.8,0.65<=A<0.75 | beta<0.8,baseline_strongest_25
828,845_0.65_1.14.png,845,0.65,1.14,480,640,20.145183359484996,0.8830056190490723,37.488583582599425,0.9944313168525696,35.78314972999385,0.993998110294342,-1.705433852605573,-0.00043320655822753906,0.65<=A<0.75,1.1<=beta<1.4,0.65<=A<0.75 | 1.1<=beta<1.4,baseline_strongest_25
829,846_0.6_1.35.png,846,0.6,1.35,480,640,19.87280235690331,0.8751505613327026,37.172981694853554,0.9940477609634399,35.90815411927105,0.9935250878334045,-1.2648275755825011,-0.0005226731300354004,A<0.65,1.1<=beta<1.4,A<0.65 | 1.1<=beta<1.4,baseline_strongest_25
830,847_0.59_0.93.png,847,0.59,0.93,480,640,22.66682477775835,0.9065592885017395,38.92086090840584,0.9954084157943726,37.57158395003996,0.9952319860458374,-1.3492769583658841,-0.00017642974853515625,A<0.65,0.8<=beta<1.1,A<0.65 | 0.8<=beta<1.1,baseline_strongest_25
831,848_0.68_0.53.png,848,0.68,0.53,480,640,25.300847443277362,0.9318430423736572,40.70662386154802,0.996208667755127,38.18203000909628,0.9959954619407654,-2.524593852451737,-0.00021320581436157227,0.65<=A<0.75,beta<0.8,0.65<=A<0.75 | beta<0.8,baseline_strongest_25
832,849_0.69_1.0.png,849,0.69,1.0,480,640,25.496112425953342,0.9454829692840576,37.870885352728635,0.9934428334236145,34.67050984016207,0.9915390610694885,-3.2003755125665663,-0.0019037723541259766,0.65<=A<0.75,0.8<=beta<1.1,0.65<=A<0.75 | 0.8<=beta<1.1,baseline_strongest_25
833,84_0.62_1.05.png,84,0.62,1.05,400,400,28.61190139849329,0.987945556640625,28.42659669618095,0.9820544123649597,30.706169070831976,0.9875192642211914,2.279572374651025,0.0054648518562316895,A<0.65,0.8<=beta<1.1,A<0.65 | 0.8<=beta<1.1,baseline_weakest_25
834,850_0.52_0.65.png,850,0.52,0.65,480,640,31.949467009973507,0.9761567115783691,39.830464909991235,0.995673418045044,39.13533427367915,0.9953393936157227,-0.6951306363120864,-0.00033402442932128906,A<0.65,beta<0.8,A<0.65 | beta<0.8,baseline_strongest_25
835,851_0.77_1.87.png,851,0.77,1.87,480,640,19.528756403849712,0.8901559114456177,33.05597503612173,0.9886513352394104,31.786422270061422,0.9864575266838074,-1.2695527660603076,-0.0021938085556030273,0.75<=A<0.85,beta>=1.7,0.75<=A<0.85 | beta>=1.7,baseline_middle_50
836,852_0.78_1.79.png,852,0.78,1.79,480,640,19.629876999188284,0.892601490020752,33.07408333126654,0.9887699484825134,31.59694839521518,0.9865000247955322,-1.477134936051364,-0.002269923686981201,0.75<=A<0.85,beta>=1.7,0.75<=A<0.85 | beta>=1.7,baseline_middle_50
837,853_1.0_1.75.png,853,1.0,1.75,480,640,13.264050408643849,0.8543428182601929,26.305776135471007,0.9792486429214478,25.97639571056879,0.9772453308105469,-0.3293804249022152,-0.002003312110900879,A>=0.95,beta>=1.7,A>=0.95 | beta>=1.7,baseline_weakest_25
838,854_0.72_1.32.png,854,0.72,1.32,480,640,18.815334917235983,0.9065964221954346,31.714662867102724,0.9914067387580872,31.190123343213134,0.9890902638435364,-0.5245395238895902,-0.0023164749145507812,0.65<=A<0.75,1.1<=beta<1.4,0.65<=A<0.75 | 1.1<=beta<1.4,baseline_middle_50
839,855_0.94_1.42.png,855,0.94,1.42,480,640,15.28310234027715,0.8788685202598572,27.511065791553126,0.9851382374763489,27.109974493930373,0.9831008315086365,-0.4010912976227523,-0.0020374059677124023,0.85<=A<0.95,1.4<=beta<1.7,0.85<=A<0.95 | 1.4<=beta<1.7,baseline_weakest_25
840,856_0.91_1.07.png,856,0.91,1.07,480,640,17.56785128832555,0.901616632938385,28.707259080433264,0.9885836243629456,28.44314064058917,0.9870848059654236,-0.26411843984409344,-0.0014988183975219727,0.85<=A<0.95,0.8<=beta<1.1,0.85<=A<0.95 | 0.8<=beta<1.1,baseline_weakest_25
841,857_0.8_1.07.png,857,0.8,1.07,480,640,15.986429251156185,0.8186748623847961,37.409539708727884,0.989294171333313,36.362031740681566,0.9886695742607117,-1.0475079680463182,-0.0006245970726013184,0.75<=A<0.85,0.8<=beta<1.1,0.75<=A<0.85 | 0.8<=beta<1.1,baseline_strongest_25
842,858_0.8_1.72.png,858,0.8,1.72,480,640,13.11147289629269,0.7470235824584961,35.54769619758865,0.9833440780639648,34.444080347362615,0.9814650416374207,-1.103615850226035,-0.0018790364265441895,0.75<=A<0.85,beta>=1.7,0.75<=A<0.85 | beta>=1.7,baseline_middle_50
843,859_0.97_1.76.png,859,0.97,1.76,480,640,10.602527182530254,0.7119013071060181,30.82395824337069,0.9756454229354858,31.973676200232383,0.9740626811981201,1.1497179568616929,-0.0015827417373657227,A>=0.95,beta>=1.7,A>=0.95 | beta>=1.7,baseline_middle_50
844,85_0.81_1.32.png,85,0.81,1.32,400,400,17.086218873539224,0.8848021030426025,28.70333093413337,0.9871776103973389,28.961956393731917,0.9851727485656738,0.258625459598548,-0.002004861831665039,0.75<=A<0.85,1.1<=beta<1.4,0.75<=A<0.85 | 1.1<=beta<1.4,baseline_weakest_25
845,860_0.84_0.88.png,860,0.84,0.88,480,640,16.682550174869846,0.8365838527679443,37.11850151475386,0.990415632724762,36.85655595319387,0.9900268912315369,-0.2619455615599904,-0.00038874149322509766,0.75<=A<0.85,0.8<=beta<1.1,0.75<=A<0.85 | 0.8<=beta<1.1,baseline_strongest_25
846,861_0.58_1.68.png,861,0.58,1.68,480,640,17.819599640487894,0.8287612795829773,35.00715905568042,0.9906596541404724,35.251364176099926,0.9911037683486938,0.24420512041950815,0.00044411420822143555,A<0.65,1.4<=beta<1.7,A<0.65 | 1.4<=beta<1.7,baseline_middle_50
847,862_0.81_1.83.png,862,0.81,1.83,480,640,13.357449127488813,0.7752395272254944,31.024022418199166,0.9848423600196838,30.362374430186794,0.9849194288253784,-0.6616479880123727,7.706880569458008e-05,0.75<=A<0.85,beta>=1.7,0.75<=A<0.85 | beta>=1.7,baseline_middle_50
848,863_0.96_0.8.png,863,0.96,0.8,480,640,16.76669461114621,0.8590360283851624,31.53263614667912,0.9903173446655273,31.43480072209977,0.9897701740264893,-0.09783542457935113,-0.0005471706390380859,A>=0.95,0.8<=beta<1.1,A>=0.95 | 0.8<=beta<1.1,baseline_middle_50
849,864_0.76_1.26.png,864,0.76,1.26,480,640,16.515196128026332,0.8367780447006226,33.51957276564648,0.9904530644416809,32.72015736559816,0.9902207255363464,-0.7994154000483178,-0.00023233890533447266,0.75<=A<0.85,1.1<=beta<1.4,0.75<=A<0.85 | 1.1<=beta<1.4,baseline_middle_50
850,865_0.73_1.24.png,865,0.73,1.24,480,640,20.68217784362985,0.9106132388114929,40.131125857200786,0.9943634271621704,39.68695795787874,0.994804322719574,-0.44416789932204637,0.00044089555740356445,0.65<=A<0.75,1.1<=beta<1.4,0.65<=A<0.75 | 1.1<=beta<1.4,baseline_strongest_25
851,866_0.62_0.59.png,866,0.62,0.59,480,640,27.830855672515046,0.9625121355056763,43.8884837773195,0.996959924697876,43.69344058235661,0.9973278641700745,-0.19504319496289213,0.00036793947219848633,A<0.65,beta<0.8,A<0.65 | beta<0.8,baseline_strongest_25
852,867_0.6_1.88.png,867,0.6,1.88,480,640,19.541514667071027,0.8885329961776733,37.232914955699215,0.992018461227417,38.63398340683254,0.993568480014801,1.4010684511333267,0.0015500187873840332,A<0.65,beta>=1.7,A<0.65 | beta>=1.7,baseline_strongest_25
853,868_0.67_1.22.png,868,0.67,1.22,480,640,21.665038446741516,0.9182463884353638,40.06402336763393,0.994781494140625,40.354938782258245,0.9953217506408691,0.29091541462431536,0.0005402565002441406,0.65<=A<0.75,1.1<=beta<1.4,0.65<=A<0.75 | 1.1<=beta<1.4,baseline_strongest_25
854,869_0.55_0.51.png,869,0.55,0.51,480,640,27.87537431371338,0.947943389415741,39.89811420815929,0.9961940050125122,42.43464801574294,0.9962056875228882,2.5365338075836448,1.1682510375976562e-05,A<0.65,beta<0.8,A<0.65 | beta<0.8,baseline_strongest_25
855,86_0.65_0.51.png,86,0.65,0.51,400,400,26.36924466679721,0.9773866534233093,28.721815680195498,0.9890093207359314,30.26034249217039,0.9890851378440857,1.5385268119748936,7.581710815429688e-05,0.65<=A<0.75,beta<0.8,0.65<=A<0.75 | beta<0.8,baseline_middle_50
856,870_0.92_0.7.png,870,0.92,0.7,480,640,20.82228702851873,0.8996132016181946,37.18809560996922,0.9940028190612793,38.55666420007988,0.9941767454147339,1.3685685901106623,0.00017392635345458984,0.85<=A<0.95,beta<0.8,0.85<=A<0.95 | beta<0.8,baseline_strongest_25
857,871_0.51_1.24.png,871,0.51,1.24,480,640,21.261761580342554,0.893851637840271,35.92589909090368,0.9940091967582703,36.553384700492636,0.993950366973877,0.6274856095889589,-5.882978439331055e-05,A<0.65,1.1<=beta<1.4,A<0.65 | 1.1<=beta<1.4,baseline_middle_50
858,872_0.58_1.62.png,872,0.58,1.62,480,640,18.99940042887042,0.8547778129577637,36.35263158940545,0.9918134212493896,37.232284047157684,0.992057740688324,0.8796524577522362,0.00024431943893432617,A<0.65,1.4<=beta<1.7,A<0.65 | 1.4<=beta<1.7,baseline_strongest_25
859,873_0.7_1.86.png,873,0.7,1.86,480,640,17.02285280919536,0.8673096299171448,31.800262868821477,0.9875068068504333,32.511151740713665,0.9879942536354065,0.7108888718921875,0.00048744678497314453,0.65<=A<0.75,beta>=1.7,0.65<=A<0.75 | beta>=1.7,baseline_middle_50
860,874_0.77_1.02.png,874,0.77,1.02,480,640,19.835647507899775,0.9157062768936157,32.73784571871191,0.9919880032539368,33.7658459383822,0.9924975633621216,1.0280002196702895,0.0005095601081848145,0.75<=A<0.85,0.8<=beta<1.1,0.75<=A<0.85 | 0.8<=beta<1.1,baseline_middle_50
861,875_0.61_1.58.png,875,0.61,1.58,480,640,19.683746672963565,0.8978015780448914,34.34938429292758,0.9912647604942322,36.23990802330235,0.9921015501022339,1.8905237303747668,0.000836789608001709,A<0.65,1.4<=beta<1.7,A<0.65 | 1.4<=beta<1.7,baseline_middle_50
862,876_0.63_0.98.png,876,0.63,0.98,480,640,22.627007610681467,0.9333606362342834,36.057251120244715,0.9942260980606079,37.93016736243906,0.9947147965431213,1.8729162421943428,0.0004886984825134277,A<0.65,0.8<=beta<1.1,A<0.65 | 0.8<=beta<1.1,baseline_middle_50
863,877_0.67_1.49.png,877,0.67,1.49,480,640,18.10788380791334,0.8884032964706421,36.2474676189438,0.9939476847648621,35.35815913388883,0.9934209585189819,-0.8893084850549684,-0.000526726245880127,0.65<=A<0.75,1.4<=beta<1.7,0.65<=A<0.75 | 1.4<=beta<1.7,baseline_strongest_25
864,878_0.77_1.29.png,878,0.77,1.29,480,640,17.553916184143734,0.8959255218505859,35.292674211353976,0.9940730929374695,34.51337941480605,0.9934181571006775,-0.7792947965479229,-0.0006549358367919922,0.75<=A<0.85,1.1<=beta<1.4,0.75<=A<0.85 | 1.1<=beta<1.4,baseline_middle_50
865,879_0.87_1.64.png,879,0.87,1.64,480,640,14.497236460746763,0.8476767539978027,32.49373951294029,0.9911084771156311,31.98833500364,0.9903762936592102,-0.5054045093002877,-0.0007321834564208984,0.85<=A<0.95,1.4<=beta<1.7,0.85<=A<0.95 | 1.4<=beta<1.7,baseline_middle_50
866,87_0.87_0.93.png,87,0.87,0.93,400,400,19.211513166754003,0.9223760366439819,30.754865861638017,0.9894464015960693,29.884521939222722,0.9869536757469177,-0.8703439224152945,-0.0024927258491516113,0.85<=A<0.95,0.8<=beta<1.1,0.85<=A<0.95 | 0.8<=beta<1.1,baseline_middle_50
867,880_0.7_0.67.png,880,0.7,0.67,480,640,23.011187143207536,0.9603509902954102,39.69351769158886,0.9968841075897217,38.47498778783621,0.9963722229003906,-1.2185299037526462,-0.0005118846893310547,0.65<=A<0.75,beta<0.8,0.65<=A<0.75 | beta<0.8,baseline_strongest_25
868,881_0.71_1.55.png,881,0.71,1.55,480,640,16.32056426748153,0.7300390601158142,35.18299262872213,0.9858941435813904,33.391973155003306,0.985069990158081,-1.7910194737188263,-0.0008241534233093262,0.65<=A<0.75,1.4<=beta<1.7,0.65<=A<0.75 | 1.4<=beta<1.7,baseline_middle_50
869,882_0.99_1.67.png,882,0.99,1.67,480,640,11.670942951072828,0.6629796028137207,28.597663330215415,0.9738562703132629,28.38704185950067,0.9735721349716187,-0.21062147071474513,-0.0002841353416442871,A>=0.95,1.4<=beta<1.7,A>=0.95 | 1.4<=beta<1.7,baseline_weakest_25
870,883_0.79_0.54.png,883,0.79,0.54,480,640,22.578046784690105,0.8189714550971985,38.96491497148449,0.992929995059967,39.413961918901464,0.9930915236473083,0.44904694741697426,0.0001615285873413086,0.75<=A<0.85,beta<0.8,0.75<=A<0.85 | beta<0.8,baseline_strongest_25
871,884_0.73_1.32.png,884,0.73,1.32,480,640,17.024115637394733,0.7434823513031006,35.652977885645775,0.9873254895210266,34.39553445727798,0.987088143825531,-1.257443428367793,-0.00023734569549560547,0.65<=A<0.75,1.1<=beta<1.4,0.65<=A<0.75 | 1.1<=beta<1.4,baseline_middle_50
872,885_0.82_0.54.png,885,0.82,0.54,480,640,21.547940247512827,0.9152551293373108,37.33413477471913,0.9941842555999756,38.90607633244241,0.9950370788574219,1.571941557723278,0.0008528232574462891,0.75<=A<0.85,beta<0.8,0.75<=A<0.85 | beta<0.8,baseline_strongest_25
873,886_0.51_0.87.png,886,0.51,0.87,480,640,23.115392027474925,0.9163775444030762,39.48128856682671,0.9951622486114502,39.56087856093743,0.9955006241798401,0.07958999411071943,0.0003383755683898926,A<0.65,0.8<=beta<1.1,A<0.65 | 0.8<=beta<1.1,baseline_strongest_25
874,887_0.61_1.36.png,887,0.61,1.36,480,640,18.278369425208957,0.8592634797096252,37.04639812284232,0.9920977354049683,37.061858110289016,0.9920908808708191,0.015459987446696744,-6.854534149169922e-06,A<0.65,1.1<=beta<1.4,A<0.65 | 1.1<=beta<1.4,baseline_strongest_25
875,888_0.85_1.91.png,888,0.85,1.91,480,640,12.287414318339733,0.7621492743492126,31.868007694490675,0.9824851155281067,31.24390215952112,0.9818124771118164,-0.624105534969555,-0.0006726384162902832,0.85<=A<0.95,beta>=1.7,0.85<=A<0.95 | beta>=1.7,baseline_middle_50
876,889_0.63_1.04.png,889,0.63,1.04,480,640,21.558073963524418,0.928499698638916,36.43201258093161,0.9957352876663208,37.04778936785618,0.9959068894386292,0.6157767869245703,0.0001716017723083496,A<0.65,0.8<=beta<1.1,A<0.65 | 0.8<=beta<1.1,baseline_strongest_25
877,88_0.63_0.94.png,88,0.63,0.94,400,400,21.533277236796447,0.943333089351654,27.368853960870666,0.9890034794807434,29.43111888068065,0.9885873794555664,2.0622649198099836,-0.00041610002517700195,A<0.65,0.8<=beta<1.1,A<0.65 | 0.8<=beta<1.1,baseline_weakest_25
878,890_0.8_0.6.png,890,0.8,0.6,480,640,22.56533437036267,0.947485089302063,37.94359616998485,0.9966225028038025,36.74742231760298,0.9964779019355774,-1.1961738523818681,-0.00014460086822509766,0.75<=A<0.85,beta<0.8,0.75<=A<0.85 | beta<0.8,baseline_strongest_25
879,891_0.81_0.99.png,891,0.81,0.99,480,640,18.763870383494115,0.9139771461486816,35.90639320638117,0.995184600353241,35.001095438858606,0.995000422000885,-0.905297767522562,-0.00018417835235595703,0.75<=A<0.85,0.8<=beta<1.1,0.75<=A<0.85 | 0.8<=beta<1.1,baseline_middle_50
880,892_0.86_1.73.png,892,0.86,1.73,480,640,14.35787054608236,0.8457013964653015,31.27239770776359,0.9905147552490234,31.391268964491378,0.9904581904411316,0.11887125672778609,-5.65648078918457e-05,0.85<=A<0.95,beta>=1.7,0.85<=A<0.95 | beta>=1.7,baseline_middle_50
881,893_1.0_1.91.png,893,1.0,1.91,480,640,13.216370341458978,0.8368914127349854,31.017712840685654,0.9893131852149963,30.19810979868334,0.9862880706787109,-0.8196030420023135,-0.0030251145362854004,A>=0.95,beta>=1.7,A>=0.95 | beta>=1.7,baseline_middle_50
882,894_0.8_0.61.png,894,0.8,0.61,480,640,24.171791337545198,0.9595025777816772,39.07780851118065,0.9971149563789368,40.4922627349649,0.9969363212585449,1.4144542237842543,-0.0001786351203918457,0.75<=A<0.85,beta<0.8,0.75<=A<0.85 | beta<0.8,baseline_strongest_25
883,895_0.51_1.82.png,895,0.51,1.82,480,640,20.086259007497382,0.9061017632484436,31.49124431245356,0.9934046864509583,30.558903537850167,0.9924087524414062,-0.9323407746033929,-0.000995934009552002,A<0.65,beta>=1.7,A<0.65 | beta>=1.7,baseline_middle_50
884,896_0.98_0.62.png,896,0.98,0.62,480,640,21.24813756645089,0.9478237628936768,36.41220137358626,0.9963223934173584,36.676025619881514,0.9958239793777466,0.2638242462952576,-0.0004984140396118164,A>=0.95,beta<0.8,A>=0.95 | beta<0.8,baseline_strongest_25
885,897_0.57_1.69.png,897,0.57,1.69,480,640,17.041529349195468,0.8016365170478821,38.92212596647654,0.9919131994247437,38.55435940669659,0.992108166217804,-0.36776655977995176,0.00019496679306030273,A<0.65,1.4<=beta<1.7,A<0.65 | 1.4<=beta<1.7,baseline_strongest_25
886,898_0.57_1.86.png,898,0.57,1.86,480,640,16.467634242014597,0.7890815734863281,38.386678751766674,0.9909489154815674,38.12252129574862,0.9912137985229492,-0.2641574560180544,0.00026488304138183594,A<0.65,beta>=1.7,A<0.65 | beta>=1.7,baseline_strongest_25
887,899_0.98_1.65.png,899,0.98,1.65,480,640,10.967091293529002,0.7207818627357483,29.821970534255847,0.9834253191947937,31.685063450578802,0.9837820529937744,1.8630929163229553,0.0003567337989807129,A>=0.95,1.4<=beta<1.7,A>=0.95 | 1.4<=beta<1.7,baseline_middle_50
888,89_0.63_1.05.png,89,0.63,1.05,400,400,14.797750801760268,0.8317185044288635,23.725266324321645,0.9630988240242004,24.30359497588174,0.9656904935836792,0.5783286515600956,0.0025916695594787598,A<0.65,0.8<=beta<1.1,A<0.65 | 0.8<=beta<1.1,baseline_weakest_25
889,8_0.74_1.34.png,8,0.74,1.34,400,400,15.535689884237433,0.8642924427986145,30.018734667384987,0.9883115291595459,29.29527295875107,0.986879289150238,-0.7234617086339163,-0.0014322400093078613,0.65<=A<0.75,1.1<=beta<1.4,0.65<=A<0.75 | 1.1<=beta<1.4,baseline_middle_50
890,900_0.95_1.75.png,900,0.95,1.75,480,640,10.968180159318845,0.7173827886581421,30.127658521360388,0.9835554957389832,31.87920062574767,0.9838370084762573,1.7515421043872834,0.0002815127372741699,A>=0.95,beta>=1.7,A>=0.95 | beta>=1.7,baseline_middle_50
891,901_0.64_0.74.png,901,0.64,0.74,480,640,30.59846648355034,0.9768995642662048,37.91441079623391,0.9969523549079895,37.62909549442598,0.9967694878578186,-0.28531530180792686,-0.00018286705017089844,A<0.65,beta<0.8,A<0.65 | beta<0.8,baseline_strongest_25
892,902_0.83_0.82.png,902,0.83,0.82,480,640,28.442453582004003,0.9675354361534119,33.872148710222994,0.9958754181861877,34.69949665553331,0.9960078597068787,0.827347945310315,0.00013244152069091797,0.75<=A<0.85,0.8<=beta<1.1,0.75<=A<0.85 | 0.8<=beta<1.1,baseline_middle_50
893,903_0.56_1.15.png,903,0.56,1.15,480,640,26.77518232773156,0.9687718749046326,36.78576409929944,0.9962701201438904,35.506922739063654,0.9960108995437622,-1.2788413602357878,-0.00025922060012817383,A<0.65,1.1<=beta<1.4,A<0.65 | 1.1<=beta<1.4,baseline_strongest_25
894,904_0.82_1.3.png,904,0.82,1.3,480,640,24.950220605276563,0.9529494047164917,32.1464435613284,0.9944838881492615,32.7756117040512,0.9946920871734619,0.6291681427228042,0.00020819902420043945,0.75<=A<0.85,1.1<=beta<1.4,0.75<=A<0.85 | 1.1<=beta<1.4,baseline_middle_50
895,905_0.76_0.64.png,905,0.76,0.64,480,640,18.617573167146162,0.8019053339958191,38.364750758171596,0.9928098320960999,38.885546998726305,0.9930019974708557,0.5207962405547093,0.00019216537475585938,0.75<=A<0.85,beta<0.8,0.75<=A<0.85 | beta<0.8,baseline_strongest_25
896,906_0.95_1.42.png,906,0.95,1.42,480,640,11.038748209697896,0.6764160394668579,31.831409868026952,0.9818912744522095,33.42216675459661,0.9834262728691101,1.5907568865696575,0.0015349984169006348,A>=0.95,1.4<=beta<1.7,A>=0.95 | 1.4<=beta<1.7,baseline_middle_50
897,907_0.51_1.15.png,907,0.51,1.15,480,640,17.843962174603192,0.7733549475669861,34.701585092829525,0.9908604621887207,36.56740430973331,0.991862416267395,1.8658192169037875,0.0010019540786743164,A<0.65,1.1<=beta<1.4,A<0.65 | 1.1<=beta<1.4,baseline_middle_50
898,908_0.68_1.49.png,908,0.68,1.49,480,640,13.909973346340557,0.7088384628295898,31.71515061845831,0.9843423962593079,34.92030769301432,0.9880046248435974,3.2051570745560127,0.0036622285842895508,0.65<=A<0.75,1.4<=beta<1.7,0.65<=A<0.75 | 1.4<=beta<1.7,baseline_middle_50
899,909_0.51_1.37.png,909,0.51,1.37,480,640,19.6663158900385,0.8763558268547058,38.66644769281492,0.99503093957901,38.04094464467237,0.99505215883255,-0.6255030481425479,2.1219253540039062e-05,A<0.65,1.1<=beta<1.4,A<0.65 | 1.1<=beta<1.4,baseline_strongest_25
900,90_0.89_0.67.png,90,0.89,0.67,400,400,16.49949762152489,0.8718492388725281,25.314130418447427,0.9739832282066345,26.440103487648795,0.979290246963501,1.1259730692013683,0.005307018756866455,0.85<=A<0.95,beta<0.8,0.85<=A<0.95 | beta<0.8,baseline_weakest_25
901,910_0.92_1.51.png,910,0.92,1.51,480,640,13.027810763635534,0.800223708152771,32.31492199581233,0.9888280034065247,33.995223472824904,0.9899889826774597,1.680301477012577,0.0011609792709350586,0.85<=A<0.95,1.4<=beta<1.7,0.85<=A<0.95 | 1.4<=beta<1.7,baseline_middle_50
902,911_0.54_0.67.png,911,0.54,0.67,480,640,24.17086764205729,0.9338633418083191,42.53065577875493,0.9971312284469604,42.48396956829669,0.9970700740814209,-0.04668621045823329,-6.115436553955078e-05,A<0.65,beta<0.8,A<0.65 | beta<0.8,baseline_strongest_25
903,912_0.87_1.22.png,912,0.87,1.22,480,640,14.990412389839749,0.8377917408943176,34.17847310427422,0.9921146631240845,35.66772167907065,0.9927287101745605,1.4892485747964344,0.0006140470504760742,0.85<=A<0.95,1.1<=beta<1.4,0.85<=A<0.95 | 1.1<=beta<1.4,baseline_middle_50
904,913_0.51_1.08.png,913,0.51,1.08,480,640,20.723258102793316,0.8940812945365906,39.409951170820825,0.9946064949035645,37.87266547966931,0.9943949580192566,-1.5372856911515171,-0.00021153688430786133,A<0.65,0.8<=beta<1.1,A<0.65 | 0.8<=beta<1.1,baseline_strongest_25
905,914_0.82_1.11.png,914,0.82,1.11,480,640,16.958011880142266,0.8535183668136597,36.77675511557307,0.9914533495903015,36.792645455195874,0.9916126132011414,0.015890339622806948,0.00015926361083984375,0.75<=A<0.85,1.1<=beta<1.4,0.75<=A<0.85 | 1.1<=beta<1.4,baseline_strongest_25
906,915_0.8_0.83.png,915,0.8,0.83,480,640,19.22747351198319,0.8849555850028992,38.51383310958812,0.9936506152153015,38.17358580975502,0.9935582280158997,-0.3402472998331021,-9.238719940185547e-05,0.75<=A<0.85,0.8<=beta<1.1,0.75<=A<0.85 | 0.8<=beta<1.1,baseline_strongest_25
907,916_0.53_0.72.png,916,0.53,0.72,480,640,23.481956270801465,0.9233647584915161,40.678862085786946,0.9958218336105347,40.62094968176619,0.9957693815231323,-0.05791240402075459,-5.245208740234375e-05,A<0.65,beta<0.8,A<0.65 | beta<0.8,baseline_strongest_25
908,917_0.81_0.57.png,917,0.81,0.57,480,640,19.539818650046332,0.7767190933227539,43.14673303055243,0.994487464427948,43.025179941142156,0.994462251663208,-0.12155308941027698,-2.5212764739990234e-05,0.75<=A<0.85,beta<0.8,0.75<=A<0.85 | beta<0.8,baseline_strongest_25
909,918_0.58_1.11.png,918,0.58,1.11,480,640,17.577879884518836,0.7346007227897644,39.90333469111306,0.9929094910621643,39.62318405081436,0.9928585886955261,-0.2801506402987002,-5.0902366638183594e-05,A<0.65,1.1<=beta<1.4,A<0.65 | 1.1<=beta<1.4,baseline_strongest_25
910,919_0.82_1.44.png,919,0.82,1.44,480,640,12.717502852650293,0.6471500992774963,39.74989062283763,0.9892152547836304,39.53620132865674,0.9882059693336487,-0.21368929418089522,-0.0010092854499816895,0.75<=A<0.85,1.4<=beta<1.7,0.75<=A<0.85 | 1.4<=beta<1.7,baseline_strongest_25
911,91_0.78_1.41.png,91,0.78,1.41,400,400,11.779445596280771,0.7466439008712769,24.7073510782244,0.9707377552986145,24.708605839952483,0.967612624168396,0.0012547617280844747,-0.003125131130218506,0.75<=A<0.85,1.4<=beta<1.7,0.75<=A<0.85 | 1.4<=beta<1.7,baseline_weakest_25
912,920_0.84_0.76.png,920,0.84,0.76,480,640,16.99809368229426,0.7367714643478394,41.97767007531651,0.9929948449134827,41.66407283480663,0.9929739236831665,-0.31359724050987836,-2.092123031616211e-05,0.75<=A<0.85,beta<0.8,0.75<=A<0.85 | beta<0.8,baseline_strongest_25
913,921_0.97_1.13.png,921,0.97,1.13,480,640,16.65286145029004,0.8344922065734863,32.21681412490263,0.9883908629417419,31.94518978352103,0.9878802299499512,-0.2716243413816031,-0.0005106329917907715,A>=0.95,1.1<=beta<1.4,A>=0.95 | 1.1<=beta<1.4,baseline_middle_50
914,922_0.72_1.69.png,922,0.72,1.69,480,640,17.17586369459278,0.8247783780097961,33.72007743143448,0.9884253144264221,33.42650395063513,0.9874007105827332,-0.29357348079935264,-0.0010246038436889648,0.65<=A<0.75,1.4<=beta<1.7,0.65<=A<0.75 | 1.4<=beta<1.7,baseline_middle_50
915,923_1.0_0.51.png,923,1.0,0.51,480,640,22.50653829695137,0.9148714542388916,34.99986022907062,0.9931893348693848,34.27612121208676,0.9932396411895752,-0.7237390169838633,5.030632019042969e-05,A>=0.95,beta<0.8,A>=0.95 | beta<0.8,baseline_middle_50
916,924_0.79_1.01.png,924,0.79,1.01,480,640,19.86558919223611,0.876660168170929,34.49620963112639,0.9914469122886658,34.750872822445736,0.9916020035743713,0.2546631913193451,0.0001550912857055664,0.75<=A<0.85,0.8<=beta<1.1,0.75<=A<0.85 | 0.8<=beta<1.1,baseline_middle_50
917,925_0.65_1.68.png,925,0.65,1.68,480,640,19.38984152184108,0.8889987468719482,30.231862224921663,0.9835611581802368,30.95028934009526,0.984765350818634,0.718427115173597,0.0012041926383972168,0.65<=A<0.75,1.4<=beta<1.7,0.65<=A<0.75 | 1.4<=beta<1.7,baseline_middle_50
918,926_0.82_1.0.png,926,0.82,1.0,480,640,20.0703994654626,0.905265212059021,31.301442692952833,0.9871830344200134,31.456126643850336,0.9866770505905151,0.1546839508975033,-0.000505983829498291,0.75<=A<0.85,0.8<=beta<1.1,0.75<=A<0.85 | 0.8<=beta<1.1,baseline_middle_50
919,927_0.99_0.84.png,927,0.99,0.84,480,640,18.94507017558014,0.8981025218963623,30.813385581316282,0.9866847395896912,31.74993270216124,0.9879117012023926,0.9365471208449563,0.001226961612701416,A>=0.95,0.8<=beta<1.1,A>=0.95 | 0.8<=beta<1.1,baseline_middle_50
920,928_0.52_1.63.png,928,0.52,1.63,480,640,21.594100361671835,0.9115487337112427,35.32559200919745,0.991112470626831,34.66892069606281,0.9918831586837769,-0.6566713131346376,0.0007706880569458008,A<0.65,1.4<=beta<1.7,A<0.65 | 1.4<=beta<1.7,baseline_middle_50
921,929_0.65_0.89.png,929,0.65,0.89,480,640,16.24034141763518,0.7248929738998413,40.42591622968714,0.9914427399635315,40.30092832495448,0.9915050268173218,-0.12498790473266297,6.22868537902832e-05,0.65<=A<0.75,0.8<=beta<1.1,0.65<=A<0.75 | 0.8<=beta<1.1,baseline_strongest_25
922,92_0.97_1.46.png,92,0.97,1.46,400,400,10.8014759517865,0.7122363448143005,24.505460933820068,0.9694182276725769,24.86903117757473,0.9696634411811829,0.36357024375466196,0.00024521350860595703,A>=0.95,1.4<=beta<1.7,A>=0.95 | 1.4<=beta<1.7,baseline_weakest_25
923,930_0.99_1.54.png,930,0.99,1.54,480,640,8.691116979048463,0.5434350967407227,34.66825076270594,0.9760819673538208,33.65159330784846,0.9755306243896484,-1.01665745485748,-0.0005513429641723633,A>=0.95,1.4<=beta<1.7,A>=0.95 | 1.4<=beta<1.7,baseline_middle_50
924,931_0.95_0.99.png,931,0.95,0.99,480,640,11.87141321946627,0.6336379647254944,38.43836333000572,0.9861388802528381,36.88640234353686,0.9857810139656067,-1.5519609864688633,-0.0003578662872314453,A>=0.95,0.8<=beta<1.1,A>=0.95 | 0.8<=beta<1.1,baseline_strongest_25
925,932_0.72_1.79.png,932,0.72,1.79,480,640,10.616276153689556,0.5804439187049866,35.22727875775213,0.9813726544380188,34.85035279627642,0.981104850769043,-0.3769259614757132,-0.0002678036689758301,0.65<=A<0.75,beta>=1.7,0.65<=A<0.75 | beta>=1.7,baseline_middle_50
926,933_0.73_1.5.png,933,0.73,1.5,480,640,13.974518165598457,0.5653198957443237,40.498122588011675,0.9869844317436218,39.177130678271034,0.9865559935569763,-1.3209919097406413,-0.0004284381866455078,0.65<=A<0.75,1.4<=beta<1.7,0.65<=A<0.75 | 1.4<=beta<1.7,baseline_strongest_25
927,934_0.94_1.97.png,934,0.94,1.97,480,640,9.86413576507038,0.4690127968788147,34.4798250759213,0.9760745167732239,34.37997754006638,0.9773861169815063,-0.09984753585492001,0.0013116002082824707,0.85<=A<0.95,beta>=1.7,0.85<=A<0.95 | beta>=1.7,baseline_middle_50
928,935_0.58_0.55.png,935,0.58,0.55,480,640,23.45516325689219,0.7609660029411316,45.824596622538714,0.9941233396530151,44.769424043177075,0.9936435222625732,-1.0551725793616384,-0.00047981739044189453,A<0.65,beta<0.8,A<0.65 | beta<0.8,baseline_strongest_25
929,936_0.99_0.55.png,936,0.99,0.55,480,640,18.029903975646413,0.6733261346817017,42.19245598298065,0.9914653301239014,41.61384795803539,0.9914378523826599,-0.5786080249452539,-2.7477741241455078e-05,A>=0.95,beta<0.8,A>=0.95 | beta<0.8,baseline_strongest_25
930,937_0.69_1.84.png,937,0.69,1.84,480,640,15.846707635240733,0.7640286087989807,31.592065204496016,0.9762222766876221,31.19729006074701,0.9716805815696716,-0.3947751437490048,-0.0045416951179504395,0.65<=A<0.75,beta>=1.7,0.65<=A<0.75 | beta>=1.7,baseline_middle_50
931,938_0.64_0.6.png,938,0.64,0.6,480,640,24.378043470811143,0.9100316166877747,35.961751687340104,0.9886558651924133,36.4823592227756,0.9855294823646545,0.5206075354354951,-0.003126382827758789,A<0.65,beta<0.8,A<0.65 | beta<0.8,baseline_middle_50
932,939_1.0_1.16.png,939,1.0,1.16,480,640,14.886990315339245,0.773176372051239,29.76079244255193,0.9741019010543823,29.056996039340728,0.9674177765846252,-0.7037964032112036,-0.00668412446975708,A>=0.95,1.1<=beta<1.4,A>=0.95 | 1.1<=beta<1.4,baseline_middle_50
933,93_0.63_1.76.png,93,0.63,1.76,400,400,9.295496420203538,0.5297738313674927,28.201532873591578,0.9537326693534851,28.64007583555352,0.9542214274406433,0.438542961961943,0.0004887580871582031,A<0.65,beta>=1.7,A<0.65 | beta>=1.7,baseline_weakest_25
934,940_0.56_1.47.png,940,0.56,1.47,480,640,19.011386858205707,0.8286696076393127,33.40231585262806,0.9828222990036011,34.111213828169966,0.9805386662483215,0.7088979755419089,-0.002283632755279541,A<0.65,1.4<=beta<1.7,A<0.65 | 1.4<=beta<1.7,baseline_middle_50
935,941_0.67_0.92.png,941,0.67,0.92,480,640,22.904219497505608,0.9409797787666321,32.26341940543913,0.9926263689994812,31.35186717334058,0.9926148653030396,-0.9115522320985505,-1.150369644165039e-05,0.65<=A<0.75,0.8<=beta<1.1,0.65<=A<0.75 | 0.8<=beta<1.1,baseline_middle_50
936,942_0.76_1.39.png,942,0.76,1.39,480,640,17.482586820323363,0.8862287402153015,30.060594817358187,0.9878946542739868,29.669517739328644,0.9881784915924072,-0.39107707802954295,0.00028383731842041016,0.75<=A<0.85,1.1<=beta<1.4,0.75<=A<0.85 | 1.1<=beta<1.4,baseline_middle_50
937,943_0.71_1.63.png,943,0.71,1.63,480,640,17.30686811751276,0.8765679597854614,30.509596575313935,0.9882979393005371,29.62930606231033,0.9879938364028931,-0.8802905130036045,-0.00030410289764404297,0.65<=A<0.75,1.4<=beta<1.7,0.65<=A<0.75 | 1.4<=beta<1.7,baseline_middle_50
938,944_0.59_1.45.png,944,0.59,1.45,480,640,20.472901341045635,0.9123708605766296,32.732692943419856,0.9923540949821472,30.365243917214762,0.9911255836486816,-2.367449026205094,-0.0012285113334655762,A<0.65,1.4<=beta<1.7,A<0.65 | 1.4<=beta<1.7,baseline_middle_50
939,945_0.94_1.2.png,945,0.94,1.2,480,640,12.746986084404718,0.6712757349014282,31.177377162689748,0.9802504181861877,32.368014601097876,0.9778503179550171,1.1906374384081282,-0.0024001002311706543,0.85<=A<0.95,1.1<=beta<1.4,0.85<=A<0.95 | 1.1<=beta<1.4,baseline_middle_50
940,946_0.65_0.58.png,946,0.65,0.58,480,640,22.22495365008527,0.8258258700370789,38.6566217663174,0.9915035367012024,39.63728720455907,0.9913594722747803,0.9806654382416724,-0.00014406442642211914,0.65<=A<0.75,beta<0.8,0.65<=A<0.75 | beta<0.8,baseline_strongest_25
941,947_0.79_1.07.png,947,0.79,1.07,480,640,15.488640249573075,0.7221851944923401,32.65349914977011,0.9844125509262085,33.51125011387931,0.9832465052604675,0.8577509641092007,-0.0011660456657409668,0.75<=A<0.85,0.8<=beta<1.1,0.75<=A<0.85 | 0.8<=beta<1.1,baseline_middle_50
942,948_0.89_0.6.png,948,0.89,0.6,480,640,18.300459806252412,0.7805226445198059,33.750398222002204,0.9884398579597473,35.52935500413186,0.9894782304763794,1.7789567821296544,0.00103837251663208,0.85<=A<0.95,beta<0.8,0.85<=A<0.95 | beta<0.8,baseline_middle_50
943,949_0.8_0.6.png,949,0.8,0.6,480,640,26.05232031501614,0.957367479801178,40.0884401028668,0.995493471622467,37.354096372619125,0.9951053261756897,-2.734343730247673,-0.00038814544677734375,0.75<=A<0.85,beta<0.8,0.75<=A<0.85 | beta<0.8,baseline_strongest_25
944,94_0.95_1.64.png,94,0.95,1.64,400,400,7.720275667640219,0.48265939950942993,26.313142707108284,0.9427052140235901,26.361966600923445,0.9445812106132507,0.04882389381516106,0.0018759965896606445,A>=0.95,1.4<=beta<1.7,A>=0.95 | 1.4<=beta<1.7,baseline_weakest_25
945,950_0.57_1.28.png,950,0.57,1.28,480,640,20.746032358054816,0.9347694516181946,34.90320427038103,0.9940612316131592,29.391573569314016,0.9934201240539551,-5.511630701067016,-0.0006411075592041016,A<0.65,1.1<=beta<1.4,A<0.65 | 1.1<=beta<1.4,baseline_middle_50
946,951_0.57_0.85.png,951,0.57,0.85,480,640,23.68113479594095,0.9550599455833435,35.965768729120605,0.9952405095100403,31.523744840355683,0.9949914813041687,-4.442023888764922,-0.00024902820587158203,A<0.65,0.8<=beta<1.1,A<0.65 | 0.8<=beta<1.1,baseline_middle_50
947,952_0.97_1.33.png,952,0.97,1.33,480,640,17.377203984191848,0.9052741527557373,31.184987437035154,0.9886597990989685,31.311389571661074,0.986535370349884,0.12640213462591987,-0.0021244287490844727,A>=0.95,1.1<=beta<1.4,A>=0.95 | 1.1<=beta<1.4,baseline_middle_50
948,953_0.96_1.7.png,953,0.96,1.7,480,640,15.995082796351024,0.8710479140281677,30.870194584897575,0.9753810167312622,29.075745583768757,0.9689154028892517,-1.794449001128818,-0.006465613842010498,A>=0.95,beta>=1.7,A>=0.95 | beta>=1.7,baseline_middle_50
949,954_0.75_1.19.png,954,0.75,1.19,480,640,21.83866249218614,0.9145307540893555,37.71603020235552,0.9884756803512573,35.96973202427908,0.9877249598503113,-1.7462981780764366,-0.0007507205009460449,0.75<=A<0.85,1.1<=beta<1.4,0.75<=A<0.85 | 1.1<=beta<1.4,baseline_strongest_25
950,955_0.87_0.65.png,955,0.87,0.65,480,640,24.377166830496016,0.9356508851051331,37.59975029937793,0.9879399538040161,35.870022884574375,0.9911397099494934,-1.7297274148035555,0.003199756145477295,0.85<=A<0.95,beta<0.8,0.85<=A<0.95 | beta<0.8,baseline_strongest_25
951,956_0.51_0.81.png,956,0.51,0.81,480,640,25.000324290965036,0.9464190006256104,35.07725538567985,0.9909077286720276,33.546721194640575,0.9917104840278625,-1.5305341910392727,0.0008027553558349609,A<0.65,0.8<=beta<1.1,A<0.65 | 0.8<=beta<1.1,baseline_middle_50
952,957_0.55_0.69.png,957,0.55,0.69,480,640,21.617857190530252,0.8755776882171631,41.21129537544618,0.9957959651947021,41.36332785985644,0.9961064457893372,0.15203248441026318,0.00031048059463500977,A<0.65,beta<0.8,A<0.65 | beta<0.8,baseline_strongest_25
953,958_0.9_0.64.png,958,0.9,0.64,480,640,17.14002048469987,0.8437485098838806,34.24508561299007,0.9937328100204468,38.84820404264066,0.9949787259101868,4.603118429650593,0.0012459158897399902,0.85<=A<0.95,beta<0.8,0.85<=A<0.95 | beta<0.8,baseline_middle_50
954,959_0.93_1.27.png,959,0.93,1.27,480,640,12.291168633512894,0.7382639646530151,32.201059389033,0.9890941381454468,34.49966167121195,0.9903476238250732,2.2986022821789547,0.0012534856796264648,0.85<=A<0.95,1.1<=beta<1.4,0.85<=A<0.95 | 1.1<=beta<1.4,baseline_middle_50
955,95_0.86_0.62.png,95,0.86,0.62,400,400,14.823715489099587,0.737946629524231,30.434557518203697,0.9714546799659729,30.13875822116416,0.966651201248169,-0.29579929703953667,-0.004803478717803955,0.85<=A<0.95,beta<0.8,0.85<=A<0.95 | beta<0.8,baseline_middle_50
956,960_0.78_0.97.png,960,0.78,0.97,480,640,16.14852971077773,0.805455207824707,35.623898941850996,0.9931640625,38.96564952714898,0.9942594766616821,3.341750585297987,0.001095414161682129,0.75<=A<0.85,0.8<=beta<1.1,0.75<=A<0.85 | 0.8<=beta<1.1,baseline_middle_50
957,961_0.68_1.73.png,961,0.68,1.73,480,640,16.606594333254417,0.8194050192832947,31.940450807566506,0.988836407661438,33.78612845940512,0.9888290762901306,1.8456776518386135,-7.331371307373047e-06,0.65<=A<0.75,beta>=1.7,0.65<=A<0.75 | beta>=1.7,baseline_middle_50
958,962_0.83_0.89.png,962,0.83,0.89,480,640,18.809934836225313,0.8983485698699951,34.900661491757944,0.9940187335014343,33.25771736002505,0.9929728507995605,-1.6429441317328966,-0.0010458827018737793,0.75<=A<0.85,0.8<=beta<1.1,0.75<=A<0.85 | 0.8<=beta<1.1,baseline_middle_50
959,963_0.66_0.84.png,963,0.66,0.84,480,640,21.085665954993175,0.9223059415817261,37.081654146596755,0.9950296878814697,36.64496584811095,0.9947009682655334,-0.43668829848580515,-0.0003287196159362793,0.65<=A<0.75,0.8<=beta<1.1,0.65<=A<0.75 | 0.8<=beta<1.1,baseline_strongest_25
960,964_0.9_0.92.png,964,0.9,0.92,480,640,17.610720129593034,0.8861514329910278,33.46677149662191,0.9932343363761902,31.368418500936173,0.9916361570358276,-2.0983529956857367,-0.0015981793403625488,0.85<=A<0.95,0.8<=beta<1.1,0.85<=A<0.95 | 0.8<=beta<1.1,baseline_middle_50
961,965_0.88_1.49.png,965,0.88,1.49,480,640,14.49682636045048,0.8169651031494141,37.24564625947936,0.9917187690734863,37.5762359557894,0.9920897483825684,0.3305896963100423,0.00037097930908203125,0.85<=A<0.95,1.4<=beta<1.7,0.85<=A<0.95 | 1.4<=beta<1.7,baseline_strongest_25
962,966_0.54_1.62.png,966,0.54,1.62,480,640,18.017356505429206,0.8462769985198975,38.67515402143126,0.9940783381462097,37.366673534793186,0.9938843846321106,-1.308480486638075,-0.0001939535140991211,A<0.65,1.4<=beta<1.7,A<0.65 | 1.4<=beta<1.7,baseline_strongest_25
963,967_0.89_0.68.png,967,0.89,0.68,480,640,19.854872244482703,0.889506995677948,39.44581117836311,0.9954736828804016,39.93363006972794,0.9956359267234802,0.4878188913648316,0.00016224384307861328,0.85<=A<0.95,beta<0.8,0.85<=A<0.95 | beta<0.8,baseline_strongest_25
964,968_0.9_1.83.png,968,0.9,1.83,480,640,12.919531384150794,0.7874813079833984,35.864465041399114,0.9891965985298157,35.973338843117915,0.9896080493927002,0.10887380171880068,0.0004114508628845215,0.85<=A<0.95,beta>=1.7,0.85<=A<0.95 | beta>=1.7,baseline_middle_50
965,969_0.54_1.07.png,969,0.54,1.07,480,640,25.47172145248837,0.9554774761199951,35.454763690756906,0.993254542350769,32.92734832825503,0.9916548132896423,-2.527415362501877,-0.001599729061126709,A<0.65,0.8<=beta<1.1,A<0.65 | 0.8<=beta<1.1,baseline_middle_50
966,96_0.6_1.11.png,96,0.6,1.11,400,400,12.952717840581284,0.666964054107666,29.622124001619433,0.964496374130249,30.754492607901867,0.9661877751350403,1.1323686062824336,0.0016914010047912598,A<0.65,1.1<=beta<1.4,A<0.65 | 1.1<=beta<1.4,baseline_middle_50
967,970_0.74_1.09.png,970,0.74,1.09,480,640,22.89110500101406,0.9425447583198547,36.99590748704076,0.9918156862258911,33.832917412793144,0.9906322956085205,-3.1629900742476167,-0.0011833906173706055,0.65<=A<0.75,0.8<=beta<1.1,0.65<=A<0.75 | 0.8<=beta<1.1,baseline_strongest_25
968,971_0.63_1.38.png,971,0.63,1.38,480,640,22.922422468515528,0.938774824142456,36.04189348484162,0.9916513562202454,32.56806182561243,0.989574134349823,-3.473831659229191,-0.0020772218704223633,A<0.65,1.1<=beta<1.4,A<0.65 | 1.1<=beta<1.4,baseline_middle_50
969,972_0.99_0.62.png,972,0.99,0.62,480,640,23.28002373359056,0.9516398310661316,35.48970455934666,0.9917517900466919,34.54153753270365,0.9914816617965698,-0.9481670266430129,-0.0002701282501220703,A>=0.95,beta<0.8,A>=0.95 | beta<0.8,baseline_middle_50
970,973_0.76_1.96.png,973,0.76,1.96,480,640,19.322398107843853,0.8972834348678589,32.272369655459926,0.9900259375572205,31.878109328489362,0.9900859594345093,-0.39426032697056357,6.002187728881836e-05,0.75<=A<0.85,beta>=1.7,0.75<=A<0.85 | beta>=1.7,baseline_middle_50
971,974_0.6_1.86.png,974,0.6,1.86,480,640,18.6336809982416,0.9139330983161926,35.23653086496415,0.9923927187919617,35.65155659593614,0.9925978779792786,0.41502573097199047,0.00020515918731689453,A<0.65,beta>=1.7,A<0.65 | beta>=1.7,baseline_middle_50
972,975_0.9_1.51.png,975,0.9,1.51,480,640,19.606641948889084,0.9073198437690735,33.329737244088,0.9904069304466248,33.02032696181412,0.9909675121307373,-0.30941028227388045,0.0005605816841125488,0.85<=A<0.95,1.4<=beta<1.7,0.85<=A<0.95 | 1.4<=beta<1.7,baseline_middle_50
973,976_0.95_1.78.png,976,0.95,1.78,480,640,17.692261744446647,0.8866508603096008,32.3711485284833,0.9888057112693787,31.77672056347926,0.989226758480072,-0.5944279650040443,0.0004210472106933594,A>=0.95,beta>=1.7,A>=0.95 | beta>=1.7,baseline_middle_50
974,977_0.64_0.58.png,977,0.64,0.58,480,640,27.316929549541786,0.9319697022438049,43.23151169491507,0.9965676665306091,42.76183545776452,0.9963864684104919,-0.4696762371505514,-0.0001811981201171875,A<0.65,beta<0.8,A<0.65 | beta<0.8,baseline_strongest_25
975,978_0.6_0.57.png,978,0.6,0.57,480,640,28.252575064529438,0.936100959777832,43.00425242262503,0.996596097946167,42.69326701790435,0.9965727925300598,-0.31098540472068237,-2.3305416107177734e-05,A<0.65,beta<0.8,A<0.65 | beta<0.8,baseline_strongest_25
976,979_0.72_1.66.png,979,0.72,1.66,480,640,17.74782471073177,0.8410917520523071,36.28426739909778,0.9922342896461487,36.09383653893118,0.9916976094245911,-0.19043086016660027,-0.0005366802215576172,0.65<=A<0.75,1.4<=beta<1.7,0.65<=A<0.75 | 1.4<=beta<1.7,baseline_strongest_25
977,97_0.61_1.21.png,97,0.61,1.21,400,400,17.065765393491105,0.7973477840423584,35.632767825443736,0.9916291236877441,33.808280482833354,0.9916297197341919,-1.8244873426103823,5.960464477539062e-07,A<0.65,1.1<=beta<1.4,A<0.65 | 1.1<=beta<1.4,baseline_middle_50
978,980_0.83_1.9.png,980,0.83,1.9,480,640,15.214577853061893,0.8070942163467407,35.088035047242954,0.9895179271697998,35.38957126950309,0.9886872172355652,0.30153622226013255,-0.0008307099342346191,0.75<=A<0.85,beta>=1.7,0.75<=A<0.85 | beta>=1.7,baseline_middle_50
979,981_0.69_0.63.png,981,0.69,0.63,480,640,23.68863802533916,0.8518256545066833,41.59330582696021,0.99346923828125,40.9444841408359,0.9929007291793823,-0.6488216861243146,-0.0005685091018676758,0.65<=A<0.75,beta<0.8,0.65<=A<0.75 | beta<0.8,baseline_strongest_25
980,982_0.81_0.68.png,982,0.81,0.68,480,640,21.241114803302494,0.8279421925544739,41.20369718560357,0.9930182099342346,39.77566671435964,0.9919971227645874,-1.428030471243936,-0.0010210871696472168,0.75<=A<0.85,beta<0.8,0.75<=A<0.85 | beta<0.8,baseline_strongest_25
981,983_0.6_1.97.png,983,0.6,1.97,480,640,16.704878604571853,0.74403977394104,38.45869367639721,0.9874856472015381,38.15392756496236,0.9869047403335571,-0.30476611143485144,-0.000580906867980957,A<0.65,beta>=1.7,A<0.65 | beta>=1.7,baseline_strongest_25
982,984_0.75_1.79.png,984,0.75,1.79,480,640,14.938064133312645,0.7214066982269287,37.720909173948755,0.9863771200180054,36.788997938059744,0.9858555197715759,-0.9319112358890109,-0.0005216002464294434,0.75<=A<0.85,beta>=1.7,0.75<=A<0.85 | beta>=1.7,baseline_strongest_25
983,985_0.51_1.94.png,985,0.51,1.94,480,640,18.185561873457935,0.7903346419334412,38.05792110097426,0.9910960793495178,40.43571667741066,0.9924278855323792,2.377795576436398,0.0013318061828613281,A<0.65,beta>=1.7,A<0.65 | beta>=1.7,baseline_strongest_25
984,986_0.75_1.85.png,986,0.75,1.85,480,640,14.105118098097364,0.7302121520042419,35.97590618293131,0.9887356758117676,37.66292496160428,0.989879846572876,1.6870187786729716,0.0011441707611083984,0.75<=A<0.85,beta>=1.7,0.75<=A<0.85 | beta>=1.7,baseline_middle_50
985,987_0.98_0.84.png,987,0.98,0.84,480,640,16.53017176893821,0.8086914420127869,35.604197342196905,0.9909893870353699,38.208565924844315,0.9927634000778198,2.6043685826474103,0.0017740130424499512,A>=0.95,0.8<=beta<1.1,A>=0.95 | 0.8<=beta<1.1,baseline_middle_50
986,988_0.99_1.47.png,988,0.99,1.47,480,640,12.46518087217001,0.7138090133666992,31.84969403200563,0.9837023615837097,33.766274640230726,0.9869998097419739,1.9165806082250967,0.00329744815826416,A>=0.95,1.4<=beta<1.7,A>=0.95 | 1.4<=beta<1.7,baseline_middle_50
987,989_0.52_1.33.png,989,0.52,1.33,480,640,13.986808672852803,0.6734723448753357,35.274600230280335,0.9863030314445496,38.132771874912265,0.9874173998832703,2.8581716446319305,0.0011143684387207031,A<0.65,1.1<=beta<1.4,A<0.65 | 1.1<=beta<1.4,baseline_middle_50
988,98_0.88_0.57.png,98,0.88,0.57,400,400,18.634600046002067,0.8864022493362427,35.87967962540788,0.9919252991676331,33.58710773525534,0.9895462989807129,-2.2925718901525443,-0.002379000186920166,0.85<=A<0.95,beta<0.8,0.85<=A<0.95 | beta<0.8,baseline_middle_50
989,990_0.83_0.56.png,990,0.83,0.56,480,640,16.659500696065766,0.751977801322937,41.49150081010227,0.9916068315505981,40.389984695471746,0.9911457300186157,-1.1015161146305275,-0.0004611015319824219,0.75<=A<0.85,beta<0.8,0.75<=A<0.85 | beta<0.8,baseline_strongest_25
990,991_0.56_1.71.png,991,0.56,1.71,480,640,11.553788452591105,0.6058938503265381,34.258645567113426,0.9816263914108276,36.1020862163016,0.98369961977005,1.8434406491881745,0.002073228359222412,A<0.65,beta>=1.7,A<0.65 | beta>=1.7,baseline_middle_50
991,992_0.7_0.53.png,992,0.7,0.53,480,640,18.59125719605998,0.7868024706840515,42.72276826897674,0.992812991142273,41.797906443769676,0.9924481511116028,-0.9248618252070671,-0.000364840030670166,0.65<=A<0.75,beta<0.8,0.65<=A<0.75 | beta<0.8,baseline_strongest_25
992,993_0.73_0.6.png,993,0.73,0.6,480,640,22.716345572323636,0.930212140083313,37.31087264178601,0.9957781434059143,35.09308392893623,0.9949625730514526,-2.2177887128497815,-0.0008155703544616699,0.65<=A<0.75,beta<0.8,0.65<=A<0.75 | beta<0.8,baseline_strongest_25
993,994_0.53_1.75.png,994,0.53,1.75,480,640,18.04195334254795,0.865784227848053,35.20898780378099,0.9924778938293457,36.63629756158838,0.9919331669807434,1.427309757807386,-0.0005447268486022949,A<0.65,beta>=1.7,A<0.65 | beta>=1.7,baseline_middle_50
994,995_0.53_1.8.png,995,0.53,1.8,480,640,17.87043736193414,0.8624981641769409,34.848779084372076,0.9921035766601562,36.452099680582634,0.9918254017829895,1.6033205962105583,-0.00027817487716674805,A<0.65,beta>=1.7,A<0.65 | beta>=1.7,baseline_middle_50
995,996_0.71_1.66.png,996,0.71,1.66,480,640,15.824133493605856,0.8403168320655823,34.13114882297553,0.9918009042739868,35.14405357653107,0.9906566143035889,1.0129047535555387,-0.0011442899703979492,0.65<=A<0.75,1.4<=beta<1.7,0.65<=A<0.75 | 1.4<=beta<1.7,baseline_middle_50
996,997_1.0_0.71.png,997,1.0,0.71,480,640,23.176595172174807,0.9708265066146851,32.221139894676305,0.9934591054916382,32.64041894651974,0.994010329246521,0.41927905184343217,0.0005512237548828125,A>=0.95,beta<0.8,A>=0.95 | beta<0.8,baseline_middle_50
997,998_0.7_0.93.png,998,0.7,0.93,480,640,26.16513759208876,0.9753846526145935,35.479775827012624,0.9948782920837402,35.7807416569329,0.9955275058746338,0.30096582992027976,0.0006492137908935547,0.65<=A<0.75,0.8<=beta<1.1,0.65<=A<0.75 | 0.8<=beta<1.1,baseline_middle_50
998,999_0.88_0.61.png,999,0.88,0.61,480,640,26.836168487838542,0.9809148907661438,35.17054595282228,0.9952566623687744,36.43566030462371,0.9959573745727539,1.2651143518014294,0.0007007122039794922,0.85<=A<0.95,beta<0.8,0.85<=A<0.95 | beta<0.8,baseline_middle_50
999,99_0.75_1.69.png,99,0.75,1.69,400,400,13.212457622012476,0.6709049940109253,34.07395215782459,0.9886344075202942,31.4251570748012,0.9872817993164062,-2.648795083023394,-0.0013526082038879395,0.75<=A<0.85,1.4<=beta<1.7,0.75<=A<0.85 | 1.4<=beta<1.7,baseline_middle_50
1000,9_0.85_1.67.png,9,0.85,1.67,400,400,13.515392123859172,0.8282961249351501,34.90706407230774,0.9911543130874634,34.19488790096835,0.9908676147460938,-0.7121761713393937,-0.0002866983413696289,0.85<=A<0.95,1.4<=beta<1.7,0.85<=A<0.95 | 1.4<=beta<1.7,baseline_middle_50
