index,filename,image_id,airlight,beta,height,width,input_psnr,input_ssim,baseline_psnr,baseline_ssim,current_psnr,current_ssim,delta_psnr,delta_ssim,airlight_bin,beta_bin,airlight_beta_bin,baseline_strength_bin
1,1000_0.73_1.8.png,1000,0.73,1.8,480,640,21.34797847782968,0.9399944543838501,29.276544649578057,0.9898760318756104,29.083606036605914,0.9898658394813538,-0.1929386129721422,-1.0192394256591797e-05,0.65<=A<0.75,beta>=1.7,0.65<=A<0.75 | beta>=1.7,baseline_middle_50
2,100_0.5_1.76.png,100,0.5,1.76,400,400,15.609945657187724,0.7223281264305115,30.763515921282988,0.9860671758651733,28.333793097829883,0.9874917268753052,-2.4297228234531048,0.001424551010131836,A<0.65,beta>=1.7,A<0.65 | beta>=1.7,baseline_middle_50
3,101_0.83_1.44.png,101,0.83,1.44,400,400,10.359807369608907,0.720355749130249,24.82007373244601,0.9667182564735413,23.83835743973669,0.9636284112930298,-0.9817162927093186,-0.0030898451805114746,0.75<=A<0.85,1.4<=beta<1.7,0.75<=A<0.85 | 1.4<=beta<1.7,baseline_weakest_25
4,102_0.67_1.36.png,102,0.67,1.36,400,400,11.457589744981323,0.7599693536758423,25.43641408109729,0.9698611497879028,24.236561475140324,0.9634947776794434,-1.1998526059569663,-0.006366372108459473,0.65<=A<0.75,1.1<=beta<1.4,0.65<=A<0.75 | 1.1<=beta<1.4,baseline_weakest_25
5,103_0.94_0.98.png,103,0.94,0.98,400,400,12.420238502475016,0.786376416683197,28.30194274778668,0.9779810905456543,26.528454063404272,0.9736794233322144,-1.7734886843824071,-0.004301667213439941,0.85<=A<0.95,0.8<=beta<1.1,0.85<=A<0.95 | 0.8<=beta<1.1,baseline_weakest_25
6,104_0.91_1.41.png,104,0.91,1.41,400,400,10.346996004583302,0.7144492864608765,25.36829672251354,0.9662331938743591,24.154585982412954,0.962372899055481,-1.2137107401005878,-0.003860294818878174,0.85<=A<0.95,1.4<=beta<1.7,0.85<=A<0.95 | 1.4<=beta<1.7,baseline_weakest_25
7,105_0.84_0.8.png,105,0.84,0.8,400,400,21.790187248062463,0.9608063101768494,25.77411515456191,0.9798886775970459,25.794656549643122,0.9795946478843689,0.020541395081213665,-0.00029402971267700195,0.75<=A<0.85,0.8<=beta<1.1,0.75<=A<0.85 | 0.8<=beta<1.1,baseline_weakest_25
8,106_0.59_1.07.png,106,0.59,1.07,400,400,24.377562460410246,0.9747257828712463,28.469115431336824,0.9819873571395874,27.96966657098106,0.9809557199478149,-0.49944886035576275,-0.001031637191772461,A<0.65,0.8<=beta<1.1,A<0.65 | 0.8<=beta<1.1,baseline_weakest_25
9,107_0.89_1.5.png,107,0.89,1.5,400,400,12.54811371449331,0.8407064080238342,27.87759836047469,0.9823389649391174,25.340984198773636,0.9759136438369751,-2.5366141617010527,-0.006425321102142334,0.85<=A<0.95,1.4<=beta<1.7,0.85<=A<0.95 | 1.4<=beta<1.7,baseline_weakest_25
10,108_0.73_1.27.png,108,0.73,1.27,400,400,18.199268428950226,0.9230210185050964,27.24645269367477,0.9827321767807007,26.41685705613069,0.9791178703308105,-0.8295956375440774,-0.0036143064498901367,0.65<=A<0.75,1.1<=beta<1.4,0.65<=A<0.75 | 1.1<=beta<1.4,baseline_weakest_25
11,109_0.74_1.74.png,109,0.74,1.74,400,400,14.103398922125699,0.8613152503967285,28.09817576841244,0.983495831489563,29.29481432792899,0.9889912605285645,1.1966385595165505,0.005495429039001465,0.65<=A<0.75,beta>=1.7,0.65<=A<0.75 | beta>=1.7,baseline_weakest_25
12,10_0.6_1.67.png,10,0.6,1.67,400,400,16.447699349708618,0.870558500289917,31.13352711842708,0.9915494322776794,28.627184624083398,0.9915305972099304,-2.5063424943436807,-1.8835067749023438e-05,A<0.65,1.4<=beta<1.7,A<0.65 | 1.4<=beta<1.7,baseline_middle_50
13,110_0.68_1.22.png,110,0.68,1.22,400,400,19.501371282483888,0.9362725615501404,28.092756760223715,0.9878865480422974,27.919246995402066,0.9893113970756531,-0.17350976482164882,0.0014248490333557129,0.65<=A<0.75,1.1<=beta<1.4,0.65<=A<0.75 | 1.1<=beta<1.4,baseline_weakest_25
14,111_0.98_0.89.png,111,0.98,0.89,400,400,18.76340486211127,0.9268628358840942,26.925266074640408,0.9785400629043579,27.819009361761154,0.9826988577842712,0.8937432871207456,0.00415879487991333,A>=0.95,0.8<=beta<1.1,A>=0.95 | 0.8<=beta<1.1,baseline_weakest_25
15,112_0.54_0.98.png,112,0.54,0.98,400,400,24.955849219672803,0.9711683988571167,26.023734152150286,0.989223301410675,26.61383682961699,0.9884142279624939,0.5901026774667031,-0.0008090734481811523,A<0.65,0.8<=beta<1.1,A<0.65 | 0.8<=beta<1.1,baseline_weakest_25
16,113_0.71_1.48.png,113,0.71,1.48,400,400,12.738859149551786,0.7542374730110168,30.889649086045377,0.9823632836341858,31.671157425907758,0.9846225380897522,0.7815083398623806,0.0022592544555664062,0.65<=A<0.75,1.4<=beta<1.7,0.65<=A<0.75 | 1.4<=beta<1.7,baseline_middle_50
17,114_0.7_0.91.png,114,0.7,0.91,400,400,15.969496373066253,0.8625573515892029,33.730186319697374,0.989467442035675,34.63525523520314,0.9911083579063416,0.9050689155057654,0.001640915870666504,0.65<=A<0.75,0.8<=beta<1.1,0.65<=A<0.75 | 0.8<=beta<1.1,baseline_middle_50
18,115_0.52_0.82.png,115,0.52,0.82,400,400,19.582632142951933,0.9146227836608887,35.22781957981877,0.9928041696548462,36.55498225955282,0.9941326975822449,1.3271626797340517,0.0013285279273986816,A<0.65,0.8<=beta<1.1,A<0.65 | 0.8<=beta<1.1,baseline_middle_50
19,116_0.73_1.62.png,116,0.73,1.62,400,400,11.931531955251709,0.7238272428512573,29.722424289296583,0.9783832430839539,30.822697806169835,0.9817607998847961,1.1002735168732514,0.003377556800842285,0.65<=A<0.75,1.4<=beta<1.7,0.65<=A<0.75 | 1.4<=beta<1.7,baseline_middle_50
20,117_0.69_1.13.png,117,0.69,1.13,400,400,20.858106456432594,0.9190354347229004,28.04887948821717,0.9866617321968079,28.49988371718005,0.9869033694267273,0.45100422896287995,0.0002416372299194336,0.65<=A<0.75,1.1<=beta<1.4,0.65<=A<0.75 | 1.1<=beta<1.4,baseline_weakest_25
21,118_0.68_1.96.png,118,0.68,1.96,400,400,17.137817356880298,0.8440964818000793,26.58907851973174,0.9797402024269104,25.649836250110866,0.9784289002418518,-0.9392422696208733,-0.0013113021850585938,0.65<=A<0.75,beta>=1.7,0.65<=A<0.75 | beta>=1.7,baseline_weakest_25
22,119_0.81_0.75.png,119,0.81,0.75,400,400,23.726289763331533,0.9448643326759338,29.36992676846396,0.9896746277809143,29.38343388350885,0.9902728796005249,0.013507115044891549,0.0005982518196105957,0.75<=A<0.85,beta<0.8,0.75<=A<0.85 | beta<0.8,baseline_middle_50
23,11_0.98_0.72.png,11,0.98,0.72,400,400,18.03385224616276,0.9308559894561768,34.57800439006828,0.9950124025344849,35.62888222626584,0.9956389665603638,1.0508778361975573,0.0006265640258789062,A>=0.95,beta<0.8,A>=0.95 | beta<0.8,baseline_middle_50
24,120_0.8_0.89.png,120,0.8,0.89,400,400,22.402664948881444,0.931528627872467,29.292137870202374,0.9890537858009338,29.38400419183249,0.9892888069152832,0.0918663216301141,0.00023502111434936523,0.75<=A<0.85,0.8<=beta<1.1,0.75<=A<0.85 | 0.8<=beta<1.1,baseline_middle_50
25,121_0.86_1.21.png,121,0.86,1.21,400,400,12.647723528037101,0.7740514278411865,30.099330486413713,0.9791867136955261,30.14254645889966,0.979453980922699,0.043215972485946,0.00026726722717285156,0.85<=A<0.95,1.1<=beta<1.4,0.85<=A<0.95 | 1.1<=beta<1.4,baseline_middle_50
26,122_0.94_1.72.png,122,0.94,1.72,400,400,9.075501060980086,0.6610303521156311,30.3920092558525,0.9739630222320557,28.73606710809429,0.9717047214508057,-1.6559421477582106,-0.00225830078125,0.85<=A<0.95,beta>=1.7,0.85<=A<0.95 | beta>=1.7,baseline_middle_50
27,123_0.59_0.7.png,123,0.59,0.7,400,400,21.21668506204631,0.9254453182220459,32.10929170140751,0.9816542863845825,32.65924653679059,0.9884242415428162,0.5499548353830832,0.006769955158233643,A<0.65,beta<0.8,A<0.65 | beta<0.8,baseline_middle_50
28,124_1.0_0.82.png,124,1.0,0.82,400,400,13.670452635078593,0.8206385970115662,29.440304872445765,0.9801253080368042,28.973631968942158,0.9825122356414795,-0.466672903503607,0.002386927604675293,A>=0.95,0.8<=beta<1.1,A>=0.95 | 0.8<=beta<1.1,baseline_middle_50
29,125_0.57_1.94.png,125,0.57,1.94,400,400,11.135551263404846,0.680870771408081,32.28083187504555,0.9889993071556091,27.159577317181572,0.9806712865829468,-5.121254557863978,-0.008328020572662354,A<0.65,beta>=1.7,A<0.65 | beta>=1.7,baseline_middle_50
30,126_0.64_1.73.png,126,0.64,1.73,400,400,11.23489240136177,0.6935153603553772,33.83230612921554,0.9898461103439331,29.03276779857179,0.984652042388916,-4.799538330643749,-0.00519406795501709,A<0.65,beta>=1.7,A<0.65 | beta>=1.7,baseline_middle_50
31,127_0.57_0.92.png,127,0.57,0.92,400,400,17.4635706871789,0.8673653602600098,36.19220857561447,0.9939585328102112,31.55576480355665,0.991186261177063,-4.636443772057824,-0.0027722716331481934,A<0.65,0.8<=beta<1.1,A<0.65 | 0.8<=beta<1.1,baseline_strongest_25
32,128_0.65_0.67.png,128,0.65,0.67,400,400,19.36721281038843,0.9020578265190125,37.02456745363627,0.9943735599517822,32.88871405175055,0.9924531579017639,-4.135853401885726,-0.0019204020500183105,0.65<=A<0.75,beta<0.8,0.65<=A<0.75 | beta<0.8,baseline_strongest_25
33,129_0.76_1.71.png,129,0.76,1.71,400,400,11.7347034363892,0.666666567325592,30.256021630710535,0.9556193351745605,30.634799077604697,0.9603674411773682,0.37877744689416204,0.004748106002807617,0.75<=A<0.85,beta>=1.7,0.75<=A<0.85 | beta>=1.7,baseline_middle_50
34,12_0.75_1.95.png,12,0.75,1.95,400,400,13.631057796401361,0.8160576224327087,34.30935102516704,0.9893993735313416,31.320394379024485,0.9892316460609436,-2.9889566461425545,-0.00016772747039794922,0.75<=A<0.85,beta>=1.7,0.75<=A<0.85 | beta>=1.7,baseline_middle_50
35,130_0.9_0.92.png,130,0.9,0.92,400,400,15.225630339908056,0.7797244191169739,30.260026853469203,0.9627422094345093,31.134469436407755,0.9663097262382507,0.8744425829385527,0.003567516803741455,0.85<=A<0.95,0.8<=beta<1.1,0.85<=A<0.95 | 0.8<=beta<1.1,baseline_middle_50
36,131_0.72_0.59.png,131,0.72,0.59,400,400,22.02968220186722,0.8977658748626709,32.22620853851407,0.9721187353134155,33.71254000122812,0.974595844745636,1.4863314627140483,0.002477109432220459,0.65<=A<0.75,beta<0.8,0.65<=A<0.75 | beta<0.8,baseline_middle_50
37,132_1.0_1.29.png,132,1.0,1.29,400,400,11.508636285997667,0.683469295501709,28.818733448797403,0.9524396061897278,29.1233264055208,0.9531573057174683,0.3045929567233969,0.0007176995277404785,A>=0.95,1.1<=beta<1.4,A>=0.95 | 1.1<=beta<1.4,baseline_weakest_25
38,133_0.67_1.65.png,133,0.67,1.65,400,400,14.54503550957278,0.7812089920043945,29.46336862297016,0.9859359264373779,29.66286769795265,0.9847827553749084,0.1994990749824872,-0.0011531710624694824,0.65<=A<0.75,1.4<=beta<1.7,0.65<=A<0.75 | 1.4<=beta<1.7,baseline_middle_50
39,134_0.53_0.77.png,134,0.53,0.77,400,400,20.059476479201336,0.9260807633399963,32.21557735764853,0.9916658401489258,30.373717473613837,0.990429699420929,-1.8418598840346903,-0.0012361407279968262,A<0.65,beta<0.8,A<0.65 | beta<0.8,baseline_middle_50
40,135_0.54_1.58.png,135,0.54,1.58,400,400,15.87693915722324,0.8100388050079346,28.67243223886378,0.9872890114784241,29.81354117379547,0.9870902299880981,1.1411089349316903,-0.00019878149032592773,A<0.65,1.4<=beta<1.7,A<0.65 | 1.4<=beta<1.7,baseline_weakest_25
41,136_0.75_0.8.png,136,0.75,0.8,400,400,18.04796452395559,0.8972182869911194,31.96449679088748,0.9911322593688965,30.99422293692513,0.9893423318862915,-0.9702738539623503,-0.0017899274826049805,0.75<=A<0.85,0.8<=beta<1.1,0.75<=A<0.85 | 0.8<=beta<1.1,baseline_middle_50
42,137_0.99_1.98.png,137,0.99,1.98,400,400,8.200817841122905,0.6581417322158813,29.382670664937407,0.9768816232681274,28.376843854677283,0.9767681360244751,-1.0058268102601247,-0.00011348724365234375,A>=0.95,beta>=1.7,A>=0.95 | beta>=1.7,baseline_middle_50
43,138_1.0_1.48.png,138,1.0,1.48,400,400,9.819796892452842,0.7136504054069519,32.169949907887904,0.9841094017028809,31.170983646503913,0.9837679862976074,-0.9989662613839911,-0.0003414154052734375,A>=0.95,1.4<=beta<1.7,A>=0.95 | 1.4<=beta<1.7,baseline_middle_50
44,139_0.85_0.96.png,139,0.85,0.96,400,400,13.620262144169242,0.8219941258430481,32.204466892509764,0.9884433150291443,33.065269094815,0.989363968372345,0.8608022023052371,0.0009206533432006836,0.85<=A<0.95,0.8<=beta<1.1,0.85<=A<0.95 | 0.8<=beta<1.1,baseline_middle_50
45,13_0.52_1.9.png,13,0.52,1.9,400,400,17.32064733079445,0.7858678698539734,25.925987441654428,0.9812366366386414,27.748540444493543,0.9826566576957703,1.8225530028391148,0.0014200210571289062,A<0.65,beta>=1.7,A<0.65 | beta>=1.7,baseline_weakest_25
46,140_0.94_1.55.png,140,0.94,1.55,400,400,9.69240697756609,0.7105016708374023,31.643422149617084,0.9834430813789368,30.252163425115903,0.9827725291252136,-1.3912587245011814,-0.0006705522537231445,0.85<=A<0.95,1.4<=beta<1.7,0.85<=A<0.95 | 1.4<=beta<1.7,baseline_middle_50
47,141_0.79_1.1.png,141,0.79,1.1,400,400,14.364528648612286,0.7707449197769165,33.745801730951925,0.9903691411018372,32.42687028309973,0.9893539547920227,-1.3189314478521936,-0.0010151863098144531,0.75<=A<0.85,1.1<=beta<1.4,0.75<=A<0.85 | 1.1<=beta<1.4,baseline_middle_50
48,142_0.96_1.88.png,142,0.96,1.88,400,400,9.07990225553592,0.5980791449546814,29.14219500568237,0.9774559736251831,26.91131717850361,0.9734619855880737,-2.2308778271787624,-0.003993988037109375,A>=0.95,beta>=1.7,A>=0.95 | beta>=1.7,baseline_middle_50
49,143_0.68_1.8.png,143,0.68,1.8,400,400,12.308525886547537,0.6775362491607666,30.041217964631137,0.9838500618934631,28.24678042638267,0.9799852967262268,-1.7944375382484665,-0.003864765167236328,0.65<=A<0.75,beta>=1.7,0.65<=A<0.75 | beta>=1.7,baseline_middle_50
50,144_0.6_0.66.png,144,0.6,0.66,400,400,20.67142869134932,0.9069802761077881,35.01261377764599,0.9930039644241333,34.39460115193049,0.9921882748603821,-0.618012625715501,-0.0008156895637512207,A<0.65,beta<0.8,A<0.65 | beta<0.8,baseline_middle_50
51,145_0.59_1.25.png,145,0.59,1.25,400,400,15.349530322235845,0.8568813800811768,23.254449971834156,0.9580361843109131,22.384835244021154,0.9529694318771362,-0.8696147278130013,-0.0050667524337768555,A<0.65,1.1<=beta<1.4,A<0.65 | 1.1<=beta<1.4,baseline_weakest_25
52,146_0.72_0.71.png,146,0.72,0.71,400,400,17.16970840773029,0.9002749919891357,24.542458999116924,0.9653512239456177,25.084737649995816,0.9687310457229614,0.5422786508788917,0.00337982177734375,0.65<=A<0.75,beta<0.8,0.65<=A<0.75 | beta<0.8,baseline_weakest_25
53,147_0.87_1.14.png,147,0.87,1.14,400,400,12.163499186667941,0.819038987159729,21.662879101728343,0.9508435130119324,20.70390040935053,0.9444584250450134,-0.9589786923778121,-0.006385087966918945,0.85<=A<0.95,1.1<=beta<1.4,0.85<=A<0.95 | 1.1<=beta<1.4,baseline_weakest_25
54,148_0.51_1.15.png,148,0.51,1.15,400,400,16.439284136602236,0.8797754645347595,23.85492191930972,0.9617291688919067,23.155640987193422,0.9584996104240417,-0.6992809321162987,-0.0032295584678649902,A<0.65,1.1<=beta<1.4,A<0.65 | 1.1<=beta<1.4,baseline_weakest_25
55,149_0.8_1.92.png,149,0.8,1.92,400,400,12.565712025395959,0.7993361949920654,33.27574389198069,0.9867354035377502,30.1281091822935,0.9857795834541321,-3.147634709687189,-0.0009558200836181641,0.75<=A<0.85,beta>=1.7,0.75<=A<0.85 | beta>=1.7,baseline_middle_50
56,14_0.98_1.76.png,14,0.98,1.76,400,400,9.538012161705163,0.6679147481918335,27.36113084117038,0.9821534156799316,27.19308290538773,0.9820111393928528,-0.1680479357826492,-0.00014227628707885742,A>=0.95,beta>=1.7,A>=0.95 | beta>=1.7,baseline_weakest_25
57,150_0.6_1.29.png,150,0.6,1.29,400,400,20.452484473455335,0.9328266978263855,31.968515044100883,0.9925158023834229,33.92323138892045,0.9924846291542053,1.9547163448195661,-3.11732292175293e-05,A<0.65,1.1<=beta<1.4,A<0.65 | 1.1<=beta<1.4,baseline_middle_50
58,151_0.86_1.95.png,151,0.86,1.95,400,400,11.838732844426536,0.780813455581665,32.401317163647725,0.9854691624641418,29.18389838797994,0.9836583733558655,-3.2174187756677846,-0.0018107891082763672,0.85<=A<0.95,beta>=1.7,0.85<=A<0.95 | beta>=1.7,baseline_middle_50
59,152_0.61_1.16.png,152,0.61,1.16,400,400,21.69242685176954,0.9450699090957642,33.37518037576678,0.9932037591934204,34.75150994949513,0.9930137991905212,1.3763295737283485,-0.00018996000289916992,A<0.65,1.1<=beta<1.4,A<0.65 | 1.1<=beta<1.4,baseline_middle_50
60,153_0.96_1.61.png,153,0.96,1.61,400,400,11.460543639899164,0.7872135639190674,28.24611664843314,0.9685911536216736,28.364686485769223,0.9689323306083679,0.11856983733608217,0.00034117698669433594,A>=0.95,1.4<=beta<1.7,A>=0.95 | 1.4<=beta<1.7,baseline_weakest_25
61,154_0.97_1.3.png,154,0.97,1.3,400,400,13.035508836174222,0.823555588722229,28.41590491453355,0.9704409241676331,29.185722553176046,0.974278450012207,0.7698176386424969,0.0038375258445739746,A>=0.95,1.1<=beta<1.4,A>=0.95 | 1.1<=beta<1.4,baseline_weakest_25
62,155_0.68_1.77.png,155,0.68,1.77,400,400,13.00674623210969,0.8171200156211853,30.07122303583983,0.9767075777053833,31.127922075397507,0.9797878861427307,1.056699039557678,0.003080308437347412,0.65<=A<0.75,beta>=1.7,0.65<=A<0.75 | beta>=1.7,baseline_middle_50
63,156_0.53_1.42.png,156,0.53,1.42,400,400,18.15499105136879,0.893946647644043,31.589676153556514,0.9843698143959045,31.83503293041825,0.9844052195549011,0.24535677686173685,3.540515899658203e-05,A<0.65,1.4<=beta<1.7,A<0.65 | 1.4<=beta<1.7,baseline_middle_50
64,157_0.94_0.74.png,157,0.94,0.74,400,400,13.65881405839077,0.7716119885444641,33.79955581406962,0.9864739179611206,33.3803090062642,0.9881221652030945,-0.4192468078054219,0.001648247241973877,0.85<=A<0.95,beta<0.8,0.85<=A<0.95 | beta<0.8,baseline_middle_50
65,158_0.83_0.86.png,158,0.83,0.86,400,400,13.75602389467723,0.7638489007949829,34.187173909882446,0.9866652488708496,32.738508648592976,0.9867568016052246,-1.4486652612894702,9.1552734375e-05,0.75<=A<0.85,0.8<=beta<1.1,0.75<=A<0.85 | 0.8<=beta<1.1,baseline_middle_50
66,159_0.64_0.71.png,159,0.64,0.71,400,400,17.581275951070584,0.8379876613616943,35.635091046737685,0.9891884922981262,35.50800002199475,0.9903479218482971,-0.12709102474293843,0.0011594295501708984,A<0.65,beta<0.8,A<0.65 | beta<0.8,baseline_middle_50
67,15_0.99_1.38.png,15,0.99,1.38,400,400,11.131657516354823,0.7463123798370361,27.603511087309695,0.9841506481170654,27.596501023947823,0.9848265647888184,-0.007010063361871488,0.0006759166717529297,A>=0.95,1.1<=beta<1.4,A>=0.95 | 1.1<=beta<1.4,baseline_weakest_25
68,160_0.94_1.85.png,160,0.94,1.85,400,400,7.975195154484689,0.541861891746521,29.576993165739648,0.9676931500434875,27.53732021024012,0.9654480218887329,-2.039672955499526,-0.0022451281547546387,0.85<=A<0.95,beta>=1.7,0.85<=A<0.95 | beta>=1.7,baseline_middle_50
69,161_0.56_1.13.png,161,0.56,1.13,400,400,18.28716537918541,0.9313605427742004,25.01755321185614,0.9803255200386047,24.31980023922864,0.9785352945327759,-0.697752972627498,-0.0017902255058288574,A<0.65,1.1<=beta<1.4,A<0.65 | 1.1<=beta<1.4,baseline_weakest_25
70,162_0.9_0.74.png,162,0.9,0.74,400,400,18.80407923796513,0.935499906539917,28.818180745488156,0.9860170483589172,28.587170985214804,0.9855349063873291,-0.23100976027335207,-0.00048214197158813477,0.85<=A<0.95,beta<0.8,0.85<=A<0.95 | beta<0.8,baseline_weakest_25
71,163_0.97_1.57.png,163,0.97,1.57,400,400,13.122649735544229,0.8344894647598267,27.508187872970318,0.9787312746047974,25.15624221840084,0.9704046845436096,-2.3519456545694766,-0.008326590061187744,A>=0.95,1.4<=beta<1.7,A>=0.95 | 1.4<=beta<1.7,baseline_weakest_25
72,164_0.84_1.26.png,164,0.84,1.26,400,400,15.262316284016283,0.8844103217124939,27.49126246855186,0.9815158843994141,26.013017191532754,0.9779918193817139,-1.4782452770191057,-0.0035240650177001953,0.75<=A<0.85,1.1<=beta<1.4,0.75<=A<0.85 | 1.1<=beta<1.4,baseline_weakest_25
73,165_0.8_0.79.png,165,0.8,0.79,400,400,20.983163785717267,0.8692274689674377,28.196624240961256,0.9706705808639526,27.375570688731653,0.9696819186210632,-0.8210535522296034,-0.0009886622428894043,0.75<=A<0.85,beta<0.8,0.75<=A<0.85 | beta<0.8,baseline_weakest_25
74,166_0.74_1.47.png,166,0.74,1.47,400,400,14.691217530309256,0.731041669845581,31.01164599277434,0.9716339707374573,30.626166318300637,0.9738790392875671,-0.3854796744737037,0.0022450685501098633,0.65<=A<0.75,1.4<=beta<1.7,0.65<=A<0.75 | 1.4<=beta<1.7,baseline_middle_50
75,167_0.53_1.34.png,167,0.53,1.34,400,400,18.80419716937379,0.8476434350013733,32.52933460215213,0.9720075726509094,33.08919319766672,0.9802570343017578,0.5598585955145836,0.008249461650848389,A<0.65,1.1<=beta<1.4,A<0.65 | 1.1<=beta<1.4,baseline_middle_50
76,168_0.8_1.19.png,168,0.8,1.19,400,400,16.07208196238688,0.766139566898346,28.848367118250977,0.9730207324028015,27.656583150074773,0.9695000648498535,-1.1917839681762032,-0.003520667552947998,0.75<=A<0.85,1.1<=beta<1.4,0.75<=A<0.85 | 1.1<=beta<1.4,baseline_middle_50
77,169_0.77_1.51.png,169,0.77,1.51,400,400,9.764712956522159,0.5597204566001892,24.82174049954926,0.9196789264678955,24.680048840828764,0.9314911365509033,-0.1416916587204966,0.011812210083007812,0.75<=A<0.85,1.4<=beta<1.7,0.75<=A<0.85 | 1.4<=beta<1.7,baseline_weakest_25
78,16_0.6_1.46.png,16,0.6,1.46,400,400,17.33629589589791,0.8483312129974365,31.348772684752106,0.9881719946861267,31.41242646803922,0.9874902367591858,0.06365378328711557,-0.000681757926940918,A<0.65,1.4<=beta<1.7,A<0.65 | 1.4<=beta<1.7,baseline_middle_50
79,170_0.96_1.28.png,170,0.96,1.28,400,400,9.286438153474242,0.5651288032531738,25.433685791434833,0.9228552579879761,25.172942758723305,0.9353654980659485,-0.26074303271152743,0.012510240077972412,A>=0.95,1.1<=beta<1.4,A>=0.95 | 1.1<=beta<1.4,baseline_weakest_25
80,171_0.81_0.74.png,171,0.81,0.74,400,400,14.10760982146786,0.7250635027885437,26.757207073565393,0.9372380971908569,26.37077057790107,0.9463744759559631,-0.3864364956643236,0.009136378765106201,0.75<=A<0.85,beta<0.8,0.75<=A<0.85 | beta<0.8,baseline_weakest_25
81,172_0.86_1.47.png,172,0.86,1.47,400,400,9.209361562143927,0.5478372573852539,25.1352735299735,0.9212587475776672,25.003532590553405,0.9321494698524475,-0.13174093942009435,0.010890722274780273,0.85<=A<0.95,1.4<=beta<1.7,0.85<=A<0.95 | 1.4<=beta<1.7,baseline_weakest_25
82,173_0.83_1.31.png,173,0.83,1.31,400,400,17.371454997965692,0.9237631559371948,21.49063946919384,0.9784189462661743,21.723382514907573,0.9797914028167725,0.2327430457137325,0.0013724565505981445,0.75<=A<0.85,1.1<=beta<1.4,0.75<=A<0.85 | 1.1<=beta<1.4,baseline_weakest_25
83,174_0.97_0.75.png,174,0.97,0.75,400,400,20.946079557564087,0.9589924812316895,24.07640446101847,0.9843230843544006,24.98860340518039,0.986970067024231,0.9121989441619185,0.0026469826698303223,A>=0.95,beta<0.8,A>=0.95 | beta<0.8,baseline_weakest_25
84,175_0.86_1.38.png,175,0.86,1.38,400,400,15.997387916382511,0.9126349091529846,23.690529341853896,0.9809238314628601,23.503702820279415,0.981102466583252,-0.18682652157448132,0.0001786351203918457,0.85<=A<0.95,1.1<=beta<1.4,0.85<=A<0.95 | 1.1<=beta<1.4,baseline_weakest_25
85,176_0.77_0.84.png,176,0.77,0.84,400,400,23.042713457659477,0.9717004299163818,21.542172596018474,0.9820160269737244,21.558985722589338,0.984186589717865,0.01681312657086309,0.002170562744140625,0.75<=A<0.85,0.8<=beta<1.1,0.75<=A<0.85 | 0.8<=beta<1.1,baseline_weakest_25
86,177_0.65_1.52.png,177,0.65,1.52,400,400,16.9312543520919,0.8757264018058777,24.657934331170075,0.9856621026992798,25.54753831837464,0.9827458262443542,0.8896039872045662,-0.002916276454925537,0.65<=A<0.75,1.4<=beta<1.7,0.65<=A<0.75 | 1.4<=beta<1.7,baseline_weakest_25
87,178_0.64_1.88.png,178,0.64,1.88,400,400,15.587535282123177,0.8431252837181091,22.59654374400645,0.9783858060836792,25.594135035789588,0.9779140949249268,2.997591291783138,-0.0004717111587524414,A<0.65,beta>=1.7,A<0.65 | beta>=1.7,baseline_weakest_25
88,179_0.78_1.87.png,179,0.78,1.87,400,400,16.015873701885344,0.8496071696281433,25.192964518283816,0.9810303449630737,24.360851099155937,0.9798929691314697,-0.8321134191278787,-0.001137375831604004,0.75<=A<0.85,beta>=1.7,0.75<=A<0.85 | beta>=1.7,baseline_weakest_25
89,17_0.54_0.92.png,17,0.54,0.92,400,400,18.33325221687098,0.8217495083808899,34.72739424545607,0.9837379455566406,34.09150967232315,0.9804691672325134,-0.6358845731329197,-0.0032687783241271973,A<0.65,0.8<=beta<1.1,A<0.65 | 0.8<=beta<1.1,baseline_middle_50
90,180_0.79_1.22.png,180,0.79,1.22,400,400,18.342742250903804,0.8992883563041687,29.146457982258738,0.9900813698768616,25.208559948231194,0.9848946928977966,-3.937898034027544,-0.005186676979064941,0.75<=A<0.85,1.1<=beta<1.4,0.75<=A<0.85 | 1.1<=beta<1.4,baseline_middle_50
91,181_0.82_0.77.png,181,0.82,0.77,400,400,20.55541093363322,0.9557443857192993,27.61240901222039,0.9891216158866882,30.317874699440384,0.9932669997215271,2.705465687219995,0.004145383834838867,0.75<=A<0.85,beta<0.8,0.75<=A<0.85 | beta<0.8,baseline_weakest_25
92,182_0.89_1.0.png,182,0.89,1.0,400,400,17.472162685383314,0.9317448139190674,27.827948323505236,0.9878626465797424,28.209602854410953,0.9914005994796753,0.3816545309057169,0.0035379528999328613,0.85<=A<0.95,0.8<=beta<1.1,0.85<=A<0.95 | 0.8<=beta<1.1,baseline_weakest_25
93,183_0.86_1.21.png,183,0.86,1.21,400,400,16.59120274297408,0.9192861318588257,27.36043890596183,0.9866560697555542,28.482476617512724,0.9903900027275085,1.1220377115508953,0.0037339329719543457,0.85<=A<0.95,1.1<=beta<1.4,0.85<=A<0.95 | 1.1<=beta<1.4,baseline_weakest_25
94,184_0.83_0.77.png,184,0.83,0.77,400,400,20.40631227307715,0.955058753490448,27.447226993228348,0.9890769720077515,29.79603475067263,0.9933291673660278,2.3488077574442805,0.004252195358276367,0.75<=A<0.85,beta<0.8,0.75<=A<0.85 | beta<0.8,baseline_weakest_25
95,185_0.79_1.23.png,185,0.79,1.23,400,400,13.620729116912592,0.8454121351242065,30.94186932995597,0.9878204464912415,31.473530198873767,0.9884849190711975,0.5316608689177968,0.0006644725799560547,0.75<=A<0.85,1.1<=beta<1.4,0.75<=A<0.85 | 1.1<=beta<1.4,baseline_middle_50
96,186_0.74_1.02.png,186,0.74,1.02,400,400,15.241509704973268,0.8781782388687134,31.33215128488707,0.9888088703155518,31.868535521232065,0.9897924661636353,0.5363842363449969,0.000983595848083496,0.65<=A<0.75,0.8<=beta<1.1,0.65<=A<0.75 | 0.8<=beta<1.1,baseline_middle_50
97,187_0.93_1.99.png,187,0.93,1.99,400,400,10.275639568426083,0.7440600395202637,29.445516977161557,0.979520320892334,28.331836503817847,0.97794508934021,-1.1136804733437096,-0.0015752315521240234,0.85<=A<0.95,beta>=1.7,0.85<=A<0.95 | beta>=1.7,baseline_middle_50
98,188_0.91_0.91.png,188,0.91,0.91,400,400,14.797104780135669,0.8739095330238342,30.280500897569183,0.9880704283714294,30.402503925371647,0.9893432855606079,0.12200302780246375,0.0012728571891784668,0.85<=A<0.95,0.8<=beta<1.1,0.85<=A<0.95 | 0.8<=beta<1.1,baseline_middle_50
99,189_0.71_1.65.png,189,0.71,1.65,400,400,12.404016511896657,0.824554443359375,31.421466352603858,0.9816940426826477,28.32709453509747,0.976460874080658,-3.0943718175063886,-0.005233168601989746,0.65<=A<0.75,1.4<=beta<1.7,0.65<=A<0.75 | 1.4<=beta<1.7,baseline_middle_50
100,18_0.67_1.61.png,18,0.67,1.61,400,400,12.872692094187329,0.6914923191070557,34.43793353776294,0.9784435033798218,32.67783154263524,0.9698095321655273,-1.7601019951276982,-0.008633971214294434,0.65<=A<0.75,1.4<=beta<1.7,0.65<=A<0.75 | 1.4<=beta<1.7,baseline_middle_50
101,190_0.67_1.29.png,190,0.67,1.29,400,400,14.719869651207752,0.870384693145752,29.98926332128777,0.9821685552597046,28.110368938486033,0.9770538806915283,-1.878894382801736,-0.0051146745681762695,0.65<=A<0.75,1.1<=beta<1.4,0.65<=A<0.75 | 1.1<=beta<1.4,baseline_middle_50
102,191_0.86_1.88.png,191,0.86,1.88,400,400,10.914899734393265,0.7866133451461792,34.656651650584216,0.9816129803657532,31.862658809810487,0.9781302809715271,-2.793992840773729,-0.0034826993942260742,0.85<=A<0.95,beta>=1.7,0.85<=A<0.95 | beta>=1.7,baseline_middle_50
103,192_0.78_1.42.png,192,0.78,1.42,400,400,13.132673402250617,0.8403010368347168,32.661238203053856,0.9838865995407104,29.589103144374565,0.9788934588432312,-3.07213505867929,-0.004993140697479248,0.75<=A<0.85,1.4<=beta<1.7,0.75<=A<0.85 | 1.4<=beta<1.7,baseline_middle_50
104,193_0.52_0.72.png,193,0.52,0.72,400,400,20.18904516199069,0.9472264647483826,27.770689886958436,0.9923082590103149,26.861149436224807,0.9918606281280518,-0.9095404507336298,-0.0004476308822631836,A<0.65,beta<0.8,A<0.65 | beta<0.8,baseline_weakest_25
105,194_0.78_1.46.png,194,0.78,1.46,400,400,15.318573956322439,0.8234334588050842,28.5281601344844,0.9858235716819763,28.583295193143947,0.9868109226226807,0.055135058659548264,0.0009873509407043457,0.75<=A<0.85,1.4<=beta<1.7,0.75<=A<0.85 | 1.4<=beta<1.7,baseline_weakest_25
106,195_0.61_1.47.png,195,0.61,1.47,400,400,16.511716874570865,0.8435496091842651,26.80599894460704,0.985252857208252,26.94331025784588,0.9853631854057312,0.13731131323883972,0.00011032819747924805,A<0.65,1.4<=beta<1.7,A<0.65 | 1.4<=beta<1.7,baseline_weakest_25
107,196_0.67_0.7.png,196,0.67,0.7,400,400,21.09002903649749,0.9408908486366272,31.513606354713616,0.993491530418396,29.089086947334874,0.9928021430969238,-2.4245194073787424,-0.000689387321472168,0.65<=A<0.75,beta<0.8,0.65<=A<0.75 | beta<0.8,baseline_middle_50
108,197_0.88_1.9.png,197,0.88,1.9,400,400,9.268437160058271,0.6013458967208862,27.207999233680784,0.9617409706115723,27.104732270991562,0.9583198428153992,-0.1032669626892222,-0.0034211277961730957,0.85<=A<0.95,beta>=1.7,0.85<=A<0.95 | beta>=1.7,baseline_weakest_25
109,198_0.99_0.62.png,198,0.99,0.62,400,400,16.289434434343928,0.8173574209213257,34.18920600052489,0.9866899847984314,35.44163836384102,0.9878243803977966,1.2524323633161316,0.0011343955993652344,A>=0.95,beta<0.8,A>=0.95 | beta<0.8,baseline_middle_50
110,199_0.58_1.12.png,199,0.58,1.12,400,400,15.004043373201114,0.773779571056366,33.38434998266686,0.986322820186615,34.29239171934777,0.984345555305481,0.9080417366809073,-0.001977264881134033,A<0.65,1.1<=beta<1.4,A<0.65 | 1.1<=beta<1.4,baseline_middle_50
111,19_0.7_1.99.png,19,0.7,1.99,400,400,11.306740110058378,0.635794997215271,32.98724066003643,0.9714077711105347,31.914080742942666,0.9643140435218811,-1.0731599170937614,-0.0070937275886535645,0.65<=A<0.75,beta>=1.7,0.65<=A<0.75 | beta>=1.7,baseline_middle_50
112,1_0.89_1.56.png,1,0.89,1.56,400,400,10.280320370168283,0.6234567761421204,33.42630530769358,0.9874434471130371,30.726897415187935,0.9855181574821472,-2.699407892505647,-0.0019252896308898926,0.85<=A<0.95,1.4<=beta<1.7,0.85<=A<0.95 | 1.4<=beta<1.7,baseline_middle_50
113,200_0.81_1.52.png,200,0.81,1.52,400,400,10.99159260818617,0.6621325612068176,30.63377136630956,0.9760562777519226,30.950739591979435,0.9727458953857422,0.3169682256698749,-0.00331038236618042,0.75<=A<0.85,1.4<=beta<1.7,0.75<=A<0.85 | 1.4<=beta<1.7,baseline_middle_50
114,201_0.88_0.95.png,201,0.88,0.95,400,400,19.40699362173263,0.9238725304603577,29.59124701154795,0.9900593757629395,30.12931481951778,0.9906986951828003,0.5380678079698313,0.0006393194198608398,0.85<=A<0.95,0.8<=beta<1.1,0.85<=A<0.95 | 0.8<=beta<1.1,baseline_middle_50
115,202_0.92_0.59.png,202,0.92,0.59,400,400,22.39593660935141,0.9566868543624878,30.807724635186176,0.992822527885437,31.715682705099514,0.993519127368927,0.907958069913338,0.0006965994834899902,0.85<=A<0.95,beta<0.8,0.85<=A<0.95 | beta<0.8,baseline_middle_50
116,203_1.0_1.96.png,203,1.0,1.96,400,400,12.846637231266943,0.7992081046104431,24.673068731883756,0.9788788557052612,25.734783877162645,0.9797811508178711,1.0617151452788889,0.0009022951126098633,A>=0.95,beta>=1.7,A>=0.95 | beta>=1.7,baseline_weakest_25
117,204_0.7_1.37.png,204,0.7,1.37,400,400,19.530796617616584,0.9071317911148071,28.823246292754938,0.988153338432312,29.450952318656643,0.9893059730529785,0.6277060259017055,0.001152634620666504,0.65<=A<0.75,1.1<=beta<1.4,0.65<=A<0.75 | 1.1<=beta<1.4,baseline_middle_50
118,205_0.62_1.05.png,205,0.62,1.05,400,400,20.514862657747933,0.939469039440155,29.066965275608464,0.978718638420105,30.715840579892692,0.9850502014160156,1.6488753042842283,0.0063315629959106445,A<0.65,0.8<=beta<1.1,A<0.65 | 0.8<=beta<1.1,baseline_middle_50
119,206_0.58_0.83.png,206,0.58,0.83,400,400,24.13071435248331,0.9683284163475037,29.957225261526762,0.9815096259117126,32.077140026837576,0.9882897138595581,2.1199147653108135,0.006780087947845459,A<0.65,0.8<=beta<1.1,A<0.65 | 0.8<=beta<1.1,baseline_middle_50
120,207_0.84_0.64.png,207,0.84,0.64,400,400,21.100528877431444,0.9538005590438843,28.206883648209224,0.9779155254364014,30.88374384198228,0.9861658811569214,2.676860193773056,0.00825035572052002,0.75<=A<0.85,beta<0.8,0.75<=A<0.85 | beta<0.8,baseline_weakest_25
121,208_0.67_0.92.png,208,0.67,0.92,400,400,20.852546485362428,0.9448012709617615,28.73873718560276,0.9784390926361084,30.689263215313716,0.9851545691490173,1.9505260297109572,0.0067154765129089355,0.65<=A<0.75,0.8<=beta<1.1,0.65<=A<0.75 | 0.8<=beta<1.1,baseline_weakest_25
122,209_0.97_1.99.png,209,0.97,1.99,400,400,10.640463463846874,0.7660452723503113,28.9457315973912,0.9821457266807556,29.31056355771082,0.9818424582481384,0.36483196031961995,-0.0003032684326171875,A>=0.95,beta>=1.7,A>=0.95 | beta>=1.7,baseline_middle_50
123,20_0.58_1.76.png,20,0.58,1.76,400,400,13.938556708030296,0.6970716118812561,35.616242400020454,0.9775984287261963,33.874098111705536,0.9696069955825806,-1.7421442883149183,-0.007991433143615723,A<0.65,beta>=1.7,A<0.65 | beta>=1.7,baseline_middle_50
124,210_0.63_1.2.png,210,0.63,1.2,400,400,17.94015613796985,0.9005948901176453,26.2542535798514,0.9881522059440613,27.027240554887207,0.9891560077667236,0.7729869750358063,0.0010038018226623535,A<0.65,1.1<=beta<1.4,A<0.65 | 1.1<=beta<1.4,baseline_weakest_25
125,211_0.94_0.77.png,211,0.94,0.77,400,400,17.182496609097576,0.9100202322006226,34.212036348445736,0.9920117259025574,34.082452654962054,0.9925537705421448,-0.12958369348368137,0.0005420446395874023,0.85<=A<0.95,beta<0.8,0.85<=A<0.95 | beta<0.8,baseline_middle_50
126,212_0.54_1.78.png,212,0.54,1.78,400,400,16.17461354988308,0.8584255576133728,25.92166876854378,0.9843587279319763,30.719255061017282,0.9877517819404602,4.797586292473504,0.0033930540084838867,A<0.65,beta>=1.7,A<0.65 | beta>=1.7,baseline_weakest_25
127,213_0.7_1.14.png,213,0.7,1.14,400,400,19.149824654314067,0.9173517227172852,26.611224839993127,0.9855592846870422,26.139104863969095,0.985383927822113,-0.47211997602403244,-0.00017535686492919922,0.65<=A<0.75,1.1<=beta<1.4,0.65<=A<0.75 | 1.1<=beta<1.4,baseline_weakest_25
128,214_0.62_0.87.png,214,0.62,0.87,400,400,20.91657505882118,0.9485132694244385,26.10589606098822,0.9867878556251526,26.307055235251507,0.98716139793396,0.20115917426328878,0.00037354230880737305,A<0.65,0.8<=beta<1.1,A<0.65 | 0.8<=beta<1.1,baseline_weakest_25
129,215_0.91_1.29.png,215,0.91,1.29,400,400,15.258516641490766,0.8733862638473511,25.919102857853087,0.9832054972648621,25.022733637233916,0.9841724038124084,-0.8963692206191709,0.0009669065475463867,0.85<=A<0.95,1.1<=beta<1.4,0.85<=A<0.95 | 1.1<=beta<1.4,baseline_weakest_25
130,216_0.94_0.88.png,216,0.94,0.88,400,400,17.264226986300407,0.9175963401794434,26.057696463654153,0.9854257702827454,25.606485930769168,0.9868940114974976,-0.4512105328849856,0.0014682412147521973,0.85<=A<0.95,0.8<=beta<1.1,0.85<=A<0.95 | 0.8<=beta<1.1,baseline_weakest_25
131,217_0.86_1.31.png,217,0.86,1.31,400,400,14.725731184515258,0.8808556199073792,29.72210842879597,0.989273726940155,33.00189747215398,0.9914183616638184,3.279789043358008,0.00214463472366333,0.85<=A<0.95,1.1<=beta<1.4,0.85<=A<0.95 | 1.1<=beta<1.4,baseline_middle_50
132,218_0.53_1.18.png,218,0.53,1.18,400,400,21.762918099755687,0.9428542852401733,28.04966964031111,0.9904899001121521,27.661495861333858,0.9925647377967834,-0.3881737789772508,0.0020748376846313477,A<0.65,1.1<=beta<1.4,A<0.65 | 1.1<=beta<1.4,baseline_weakest_25
133,219_0.62_1.27.png,219,0.62,1.27,400,400,20.77383431884607,0.9284816384315491,34.019633397318515,0.9924083948135376,35.18108238813804,0.9942140579223633,1.1614489908195225,0.0018056631088256836,A<0.65,1.1<=beta<1.4,A<0.65 | 1.1<=beta<1.4,baseline_middle_50
134,21_0.7_1.86.png,21,0.7,1.86,400,400,13.465128050588383,0.7741098999977112,25.900030222279796,0.955655038356781,26.304831200039636,0.9514656066894531,0.4048009777598409,-0.004189431667327881,0.65<=A<0.75,beta>=1.7,0.65<=A<0.75 | beta>=1.7,baseline_weakest_25
135,220_0.68_1.35.png,220,0.68,1.35,400,400,18.718680850536323,0.9112768173217773,34.96631366309501,0.9920759201049805,38.0077579294186,0.993690013885498,3.0414442663235945,0.0016140937805175781,0.65<=A<0.75,1.1<=beta<1.4,0.65<=A<0.75 | 1.1<=beta<1.4,baseline_middle_50
136,221_0.63_0.68.png,221,0.63,0.68,400,400,22.734971976864614,0.9644641876220703,31.447611646078983,0.9958648085594177,26.160880761333452,0.9897608160972595,-5.2867308847455305,-0.006103992462158203,A<0.65,beta<0.8,A<0.65 | beta<0.8,baseline_middle_50
137,222_0.76_0.62.png,222,0.76,0.62,400,400,22.74032034988568,0.9615945219993591,33.41299858010468,0.9961280226707458,27.461494832774438,0.9907152056694031,-5.951503747330239,-0.0054128170013427734,0.75<=A<0.85,beta<0.8,0.75<=A<0.85 | beta<0.8,baseline_middle_50
138,223_0.66_1.32.png,223,0.66,1.32,400,400,17.91078899820949,0.900809645652771,28.463102121837323,0.9891747236251831,24.871121910928405,0.9832212328910828,-3.5919802109089183,-0.005953490734100342,0.65<=A<0.75,1.1<=beta<1.4,0.65<=A<0.75 | 1.1<=beta<1.4,baseline_weakest_25
139,224_0.7_1.92.png,224,0.7,1.92,400,400,15.281574682793968,0.8378002047538757,28.822301329011182,0.9841192960739136,25.07173460434448,0.9793880581855774,-3.750566724666701,-0.004731237888336182,0.65<=A<0.75,beta>=1.7,0.65<=A<0.75 | beta>=1.7,baseline_weakest_25
140,225_0.7_0.86.png,225,0.7,0.86,400,400,16.447447662638837,0.8803595304489136,27.83251740674769,0.9718722701072693,29.658993048596773,0.98074871301651,1.8264756418490826,0.008876442909240723,0.65<=A<0.75,0.8<=beta<1.1,0.65<=A<0.75 | 0.8<=beta<1.1,baseline_weakest_25
141,226_0.92_1.94.png,226,0.92,1.94,400,400,9.134873156082172,0.6373410224914551,24.766469104028182,0.945332407951355,25.537485413481967,0.9520798325538635,0.7710163094537847,0.006747424602508545,0.85<=A<0.95,beta>=1.7,0.85<=A<0.95 | beta>=1.7,baseline_weakest_25
142,227_0.61_0.93.png,227,0.61,0.93,400,400,16.741285082498358,0.8839338421821594,27.94298061046137,0.9733509421348572,30.01142232296075,0.981943666934967,2.068441712499382,0.008592724800109863,A<0.65,0.8<=beta<1.1,A<0.65 | 0.8<=beta<1.1,baseline_weakest_25
143,228_0.6_1.2.png,228,0.6,1.2,400,400,14.963864085231652,0.840659499168396,27.640896366707864,0.9723812341690063,29.728706905718013,0.9810614585876465,2.0878105390101496,0.008680224418640137,A<0.65,1.1<=beta<1.4,A<0.65 | 1.1<=beta<1.4,baseline_weakest_25
144,229_0.53_0.63.png,229,0.53,0.63,400,400,23.389875565595005,0.9748921990394592,32.12744769435525,0.9955524206161499,31.719628108154218,0.9959508180618286,-0.407819586201029,0.00039839744567871094,A<0.65,beta<0.8,A<0.65 | beta<0.8,baseline_middle_50
145,22_0.77_1.45.png,22,0.77,1.45,400,400,14.589193688571836,0.8012186288833618,29.499194005473992,0.9621827602386475,28.541809662255098,0.9611251354217529,-0.9573843432188944,-0.0010576248168945312,0.75<=A<0.85,1.4<=beta<1.7,0.75<=A<0.85 | 1.4<=beta<1.7,baseline_middle_50
146,230_0.95_0.66.png,230,0.95,0.66,400,400,17.9173072372317,0.9253607392311096,34.04452129321193,0.9949212074279785,34.7145900768625,0.9951351284980774,0.6700687836505708,0.00021392107009887695,A>=0.95,beta<0.8,A>=0.95 | beta<0.8,baseline_middle_50
147,231_0.55_1.16.png,231,0.55,1.16,400,400,17.6874538829713,0.9009902477264404,32.96194877645119,0.9935483336448669,35.47838064374734,0.9946010112762451,2.5164318672961556,0.0010526776313781738,A<0.65,1.1<=beta<1.4,A<0.65 | 1.1<=beta<1.4,baseline_middle_50
148,232_0.58_1.19.png,232,0.58,1.19,400,400,17.781394335998684,0.8940786719322205,32.092048911676045,0.9928316473960876,35.66540982583452,0.9944648742675781,3.573360914158478,0.0016332268714904785,A<0.65,1.1<=beta<1.4,A<0.65 | 1.1<=beta<1.4,baseline_middle_50
149,233_0.72_1.98.png,233,0.72,1.98,400,400,10.942313370885426,0.8205994963645935,26.014569532657305,0.9668424129486084,25.975778380362208,0.9667415022850037,-0.03879115229509722,-0.00010091066360473633,0.65<=A<0.75,beta>=1.7,0.65<=A<0.75 | beta>=1.7,baseline_weakest_25
150,234_0.63_1.11.png,234,0.63,1.11,400,400,15.656681256924305,0.9174114465713501,28.102070227836386,0.9778368473052979,27.240801622920337,0.9728054404258728,-0.8612686049160487,-0.005031406879425049,A<0.65,1.1<=beta<1.4,A<0.65 | 1.1<=beta<1.4,baseline_weakest_25
151,235_0.9_0.72.png,235,0.9,0.72,400,400,18.454864360197494,0.9491826891899109,24.976481838193813,0.9675696492195129,24.574649213351304,0.9628883600234985,-0.40183262484250903,-0.004681289196014404,0.85<=A<0.95,beta<0.8,0.85<=A<0.95 | beta<0.8,baseline_weakest_25
152,236_0.77_1.96.png,236,0.77,1.96,400,400,10.969687554784851,0.8194621205329895,25.80394457196403,0.9661566019058228,26.2419809388118,0.9687030911445618,0.4380363668477685,0.0025464892387390137,0.75<=A<0.85,beta>=1.7,0.75<=A<0.85 | beta>=1.7,baseline_weakest_25
153,237_0.94_0.77.png,237,0.94,0.77,400,400,16.21826079794011,0.7656853199005127,33.793555626218684,0.9875160455703735,33.38853344569847,0.9858604073524475,-0.40502218052021277,-0.0016556382179260254,0.85<=A<0.95,beta<0.8,0.85<=A<0.95 | beta<0.8,baseline_middle_50
154,238_0.95_1.84.png,238,0.95,1.84,400,400,7.700011520206644,0.4822986125946045,29.649655452674992,0.9759915471076965,29.96446489706253,0.9745408892631531,0.31480944438753866,-0.001450657844543457,A>=0.95,beta>=1.7,A>=0.95 | beta>=1.7,baseline_middle_50
155,239_0.85_1.8.png,239,0.85,1.8,400,400,8.75800736363981,0.5175477266311646,30.371718287590888,0.979833722114563,29.82080213957987,0.9788146018981934,-0.5509161480110158,-0.001019120216369629,0.85<=A<0.95,beta>=1.7,0.85<=A<0.95 | beta>=1.7,baseline_middle_50
156,23_0.58_0.76.png,23,0.58,0.76,400,400,20.66220624504776,0.8859502673149109,33.50317331118352,0.9756472706794739,31.721123259296693,0.9660936594009399,-1.7820500518868236,-0.009553611278533936,A<0.65,beta<0.8,A<0.65 | beta<0.8,baseline_middle_50
157,240_0.99_1.13.png,240,0.99,1.13,400,400,11.19945867785579,0.6242799758911133,31.491998435579287,0.9839372634887695,31.563268106782175,0.9832965135574341,0.07126967120288796,-0.0006407499313354492,A>=0.95,1.1<=beta<1.4,A>=0.95 | 1.1<=beta<1.4,baseline_middle_50
158,241_0.85_0.72.png,241,0.85,0.72,400,400,17.25368628012904,0.9123193621635437,28.412608281094066,0.9847348928451538,28.891930451871914,0.9888355135917664,0.47932217077784856,0.004100620746612549,0.85<=A<0.95,beta<0.8,0.85<=A<0.95 | beta<0.8,baseline_weakest_25
159,242_0.62_1.18.png,242,0.62,1.18,400,400,15.114057420377403,0.8705973029136658,25.28986012252778,0.9829518795013428,25.51047366240247,0.9851948618888855,0.2206135398746909,0.0022429823875427246,A<0.65,1.1<=beta<1.4,A<0.65 | 1.1<=beta<1.4,baseline_weakest_25
160,243_0.7_1.66.png,243,0.7,1.66,400,400,11.912560806409036,0.7776098847389221,23.359930507540874,0.977302610874176,24.209694126662434,0.9806063771247864,0.8497636191215605,0.0033037662506103516,0.65<=A<0.75,1.4<=beta<1.7,0.65<=A<0.75 | 1.4<=beta<1.7,baseline_weakest_25
161,244_0.67_1.65.png,244,0.67,1.65,400,400,12.178878794974446,0.7874085903167725,23.205384203341367,0.977317214012146,24.117970914025257,0.9809147119522095,0.9125867106838896,0.0035974979400634766,0.65<=A<0.75,1.4<=beta<1.7,0.65<=A<0.75 | 1.4<=beta<1.7,baseline_weakest_25
162,245_0.99_1.32.png,245,0.99,1.32,400,400,10.023929040743301,0.6489742398262024,33.547673481937714,0.9811872243881226,33.738324483862606,0.9794800281524658,0.19065100192489126,-0.0017071962356567383,A>=0.95,1.1<=beta<1.4,A>=0.95 | 1.1<=beta<1.4,baseline_middle_50
163,246_0.77_1.86.png,246,0.77,1.86,400,400,9.180073909038729,0.5903552174568176,32.759457223657364,0.975503146648407,31.351039000453298,0.9768578410148621,-1.408418223204066,0.0013546943664550781,0.75<=A<0.85,beta>=1.7,0.75<=A<0.85 | beta>=1.7,baseline_middle_50
164,247_0.59_1.34.png,247,0.59,1.34,400,400,12.826194720966754,0.7385240793228149,33.2823714171618,0.983909010887146,32.188412435837975,0.9802929759025574,-1.0939589813238229,-0.003616034984588623,A<0.65,1.1<=beta<1.4,A<0.65 | 1.1<=beta<1.4,baseline_middle_50
165,248_0.62_1.13.png,248,0.62,1.13,400,400,13.783189898895712,0.7755221724510193,35.07111999198618,0.9863911271095276,33.03270329552445,0.9790704250335693,-2.0384166964617307,-0.007320702075958252,A<0.65,1.1<=beta<1.4,A<0.65 | 1.1<=beta<1.4,baseline_middle_50
166,249_0.85_1.68.png,249,0.85,1.68,400,400,12.974674911805542,0.8224896192550659,19.849152723353704,0.9622712135314941,21.407112077139978,0.9683089852333069,1.5579593537862735,0.006037771701812744,0.85<=A<0.95,1.4<=beta<1.7,0.85<=A<0.95 | 1.4<=beta<1.7,baseline_weakest_25
167,24_1.0_0.62.png,24,1.0,0.62,400,400,19.329210021951887,0.8757272958755493,35.37742504615021,0.979881763458252,33.66057097217705,0.9703876376152039,-1.7168540739731597,-0.009494125843048096,A>=0.95,beta<0.8,A>=0.95 | beta<0.8,baseline_middle_50
168,250_0.69_1.38.png,250,0.69,1.38,400,400,16.897120234217407,0.8871490359306335,23.82980281116172,0.9778630137443542,24.890906854962182,0.9799352884292603,1.0611040438004622,0.002072274684906006,0.65<=A<0.75,1.1<=beta<1.4,0.65<=A<0.75 | 1.1<=beta<1.4,baseline_weakest_25
169,251_0.55_1.12.png,251,0.55,1.12,400,400,19.610284716418427,0.9322816729545593,29.05953587510067,0.9872115254402161,28.866520116562707,0.9872761964797974,-0.19301575853796393,6.467103958129883e-05,A<0.65,1.1<=beta<1.4,A<0.65 | 1.1<=beta<1.4,baseline_middle_50
170,252_0.51_0.51.png,252,0.51,0.51,400,400,24.67456549614731,0.9808297157287598,32.61940236062825,0.9914621710777283,33.190002050217046,0.9932859539985657,0.5705996895887964,0.0018237829208374023,A<0.65,beta<0.8,A<0.65 | beta<0.8,baseline_middle_50
171,253_0.53_1.99.png,253,0.53,1.99,400,400,13.904013397726104,0.7933495044708252,31.195001362417347,0.9820392727851868,25.96771830825629,0.9790759086608887,-5.227283054161056,-0.0029633641242980957,A<0.65,beta>=1.7,A<0.65 | beta>=1.7,baseline_middle_50
172,254_0.7_0.56.png,254,0.7,0.56,400,400,23.702585665769583,0.9611066579818726,39.54804684195017,0.9960156083106995,39.20873908824559,0.9958328604698181,-0.3393077537045741,-0.00018274784088134766,0.65<=A<0.75,beta<0.8,0.65<=A<0.75 | beta<0.8,baseline_strongest_25
173,255_0.53_1.86.png,255,0.53,1.86,400,400,14.1645911370906,0.8079404830932617,32.671062962840466,0.9845666289329529,26.989324708994246,0.9827675819396973,-5.68173825384622,-0.0017990469932556152,A<0.65,beta>=1.7,A<0.65 | beta>=1.7,baseline_middle_50
174,256_0.51_1.17.png,256,0.51,1.17,400,400,15.97144496721934,0.8900002241134644,33.37196466065383,0.9922522902488708,33.55816388079628,0.9922273755073547,0.1861992201424485,-2.491474151611328e-05,A<0.65,1.1<=beta<1.4,A<0.65 | 1.1<=beta<1.4,baseline_middle_50
175,257_0.57_1.44.png,257,0.57,1.44,400,400,17.847753767551797,0.781534731388092,18.07548129316817,0.9047150611877441,19.39029492127508,0.9296464920043945,1.3148136281069078,0.02493143081665039,A<0.65,1.4<=beta<1.7,A<0.65 | 1.4<=beta<1.7,baseline_weakest_25
176,258_0.98_1.6.png,258,0.98,1.6,400,400,11.554256325417649,0.6822091937065125,25.825872981687187,0.9603230953216553,25.37853897017434,0.961854875087738,-0.44733401151284724,0.0015317797660827637,A>=0.95,1.4<=beta<1.7,A>=0.95 | 1.4<=beta<1.7,baseline_weakest_25
177,259_0.71_0.98.png,259,0.71,0.98,400,400,19.214316822536524,0.8296808004379272,24.854001475915766,0.9728003144264221,25.24738248539933,0.9754219055175781,0.3933810094835657,0.002621591091156006,0.65<=A<0.75,0.8<=beta<1.1,0.65<=A<0.75 | 0.8<=beta<1.1,baseline_weakest_25
178,25_0.5_1.67.png,25,0.5,1.67,400,400,17.53195465030954,0.8607256412506104,31.5546541842384,0.9856371283531189,33.41419774667654,0.9877630472183228,1.859543562438141,0.0021259188652038574,A<0.65,1.4<=beta<1.7,A<0.65 | 1.4<=beta<1.7,baseline_middle_50
179,260_0.57_1.92.png,260,0.57,1.92,400,400,16.11211451671251,0.7120532393455505,15.907304417984559,0.8424034714698792,17.069561317088283,0.8804405927658081,1.162256899103724,0.038037121295928955,A<0.65,beta>=1.7,A<0.65 | beta>=1.7,baseline_weakest_25
180,261_0.79_1.66.png,261,0.79,1.66,400,400,12.955422942283619,0.8364942669868469,20.475058548951242,0.9601085186004639,21.372309114759513,0.9613183736801147,0.897250565808271,0.001209855079650879,0.75<=A<0.85,1.4<=beta<1.7,0.75<=A<0.85 | 1.4<=beta<1.7,baseline_weakest_25
181,262_0.58_0.98.png,262,0.58,0.98,400,400,22.762294499832127,0.9535022974014282,30.21561864987399,0.9881086945533752,28.25238065834114,0.9853029847145081,-1.96323799153285,-0.0028057098388671875,A<0.65,0.8<=beta<1.1,A<0.65 | 0.8<=beta<1.1,baseline_middle_50
182,263_0.94_1.82.png,263,0.94,1.82,400,400,9.933503525818272,0.7780722975730896,18.93897388172476,0.9476612210273743,20.46207466045621,0.9540836215019226,1.5231007787314503,0.00642240047454834,0.85<=A<0.95,beta>=1.7,0.85<=A<0.95 | beta>=1.7,baseline_weakest_25
183,264_0.77_1.87.png,264,0.77,1.87,400,400,12.72889763966113,0.8238482475280762,20.284252446226247,0.9577024579048157,20.386808390150772,0.9560561180114746,0.10255594392452494,-0.0016463398933410645,0.75<=A<0.85,beta>=1.7,0.75<=A<0.85 | beta>=1.7,baseline_weakest_25
184,265_0.72_0.95.png,265,0.72,0.95,400,400,19.601959185374653,0.9321678876876831,31.127947968557343,0.990114152431488,29.994864062601096,0.9890211224555969,-1.1330839059562479,-0.0010930299758911133,0.65<=A<0.75,0.8<=beta<1.1,0.65<=A<0.75 | 0.8<=beta<1.1,baseline_middle_50
185,266_0.71_1.06.png,266,0.71,1.06,400,400,18.905325082823396,0.9228031635284424,30.57050284145541,0.9894100427627563,29.860452328150128,0.988701581954956,-0.7100505133052835,-0.000708460807800293,0.65<=A<0.75,0.8<=beta<1.1,0.65<=A<0.75 | 0.8<=beta<1.1,baseline_middle_50
186,267_0.94_0.99.png,267,0.94,0.99,400,400,16.25673926597303,0.8988330960273743,29.09211693113165,0.9894243478775024,28.659589211605415,0.9876418113708496,-0.4325277195262345,-0.001782536506652832,0.85<=A<0.95,0.8<=beta<1.1,0.85<=A<0.95 | 0.8<=beta<1.1,baseline_middle_50
187,268_0.7_1.83.png,268,0.7,1.83,400,400,15.687631263008289,0.8553687334060669,27.18981828920118,0.9849156141281128,25.699984957169256,0.9824614524841309,-1.4898333320319246,-0.0024541616439819336,0.65<=A<0.75,beta>=1.7,0.65<=A<0.75 | beta>=1.7,baseline_weakest_25
188,269_0.97_1.84.png,269,0.97,1.84,400,400,11.56970218002051,0.7553978562355042,23.16384526669063,0.9717128872871399,22.45895236733717,0.9689067602157593,-0.7048928993534602,-0.0028061270713806152,A>=0.95,beta>=1.7,A>=0.95 | beta>=1.7,baseline_weakest_25
189,26_0.93_1.97.png,26,0.93,1.97,400,400,8.920422864168124,0.6258049607276917,29.181490808306116,0.9804390668869019,27.302774608236252,0.9771453738212585,-1.8787162000698636,-0.0032936930656433105,0.85<=A<0.95,beta>=1.7,0.85<=A<0.95 | beta>=1.7,baseline_middle_50
190,270_0.73_1.75.png,270,0.73,1.75,400,400,16.279416644489952,0.8137919306755066,29.05546715586194,0.9809070229530334,30.29735703821801,0.9819006323814392,1.2418898823560696,0.0009936094284057617,0.65<=A<0.75,beta>=1.7,0.65<=A<0.75 | beta>=1.7,baseline_middle_50
191,271_0.97_1.97.png,271,0.97,1.97,400,400,11.254143755238083,0.7416805028915405,22.502071237958585,0.9668962359428406,21.52706964439064,0.9635498523712158,-0.9750015935679457,-0.003346383571624756,A>=0.95,beta>=1.7,A>=0.95 | beta>=1.7,baseline_weakest_25
192,272_0.94_1.17.png,272,0.94,1.17,400,400,14.505540203434958,0.8466655015945435,27.294826833703794,0.9864675998687744,27.214562603282427,0.9839909076690674,-0.08026423042136699,-0.0024766921997070312,0.85<=A<0.95,1.1<=beta<1.4,0.85<=A<0.95 | 1.1<=beta<1.4,baseline_weakest_25
193,273_0.85_0.7.png,273,0.85,0.7,400,400,18.22480766268229,0.910785436630249,31.321090624541807,0.9927696585655212,30.56732513905061,0.9929574728012085,-0.753765485491197,0.00018781423568725586,0.85<=A<0.95,beta<0.8,0.85<=A<0.95 | beta<0.8,baseline_middle_50
194,274_0.71_1.95.png,274,0.71,1.95,400,400,10.892575127631531,0.7097625136375427,29.129181227923844,0.9824828505516052,31.054387731507948,0.9848109483718872,1.9252065035841035,0.0023280978202819824,0.65<=A<0.75,beta>=1.7,0.65<=A<0.75 | beta>=1.7,baseline_middle_50
195,275_0.63_2.0.png,275,0.63,2.0,400,400,12.152489750335068,0.7256569266319275,28.95298814986151,0.9829736351966858,31.492639685800214,0.9856722950935364,2.5396515359387024,0.002698659896850586,A<0.65,beta>=1.7,A<0.65 | beta>=1.7,baseline_middle_50
196,276_0.83_1.69.png,276,0.83,1.69,400,400,10.916162984746634,0.7216506004333496,29.112433671057065,0.985546350479126,28.05429050352059,0.9861049652099609,-1.0581431675364747,0.0005586147308349609,0.75<=A<0.85,1.4<=beta<1.7,0.75<=A<0.85 | 1.4<=beta<1.7,baseline_middle_50
197,277_0.66_1.5.png,277,0.66,1.5,400,400,18.295390748958557,0.9069629907608032,33.45542450453976,0.9908419251441956,30.723190261330465,0.9928600192070007,-2.732234243209291,0.0020180940628051758,0.65<=A<0.75,1.4<=beta<1.7,0.65<=A<0.75 | 1.4<=beta<1.7,baseline_middle_50
198,278_0.98_1.19.png,278,0.98,1.19,400,400,16.67428165355869,0.886421799659729,27.34360736570098,0.9892151355743408,27.759887033376835,0.990386962890625,0.41627966767585534,0.0011718273162841797,A>=0.95,1.1<=beta<1.4,A>=0.95 | 1.1<=beta<1.4,baseline_weakest_25
199,279_0.94_1.64.png,279,0.94,1.64,400,400,14.717602901033986,0.8495253920555115,26.646100700475937,0.9865034818649292,26.429355619858335,0.9867680668830872,-0.21674508061760278,0.000264585018157959,0.85<=A<0.95,1.4<=beta<1.7,0.85<=A<0.95 | 1.4<=beta<1.7,baseline_weakest_25
200,27_0.76_0.89.png,27,0.76,0.89,400,400,20.003972983114853,0.9080857634544373,33.15173555652608,0.9913054704666138,32.080841431434905,0.9904476404190063,-1.070894125091172,-0.0008578300476074219,0.75<=A<0.85,0.8<=beta<1.1,0.75<=A<0.85 | 0.8<=beta<1.1,baseline_middle_50
201,280_0.71_1.47.png,280,0.71,1.47,400,400,18.407510061780275,0.9029117226600647,31.381930583626524,0.991087794303894,29.886298589740004,0.9926321506500244,-1.4956319938865192,0.001544356346130371,0.65<=A<0.75,1.4<=beta<1.7,0.65<=A<0.75 | 1.4<=beta<1.7,baseline_middle_50
202,281_0.8_1.72.png,281,0.8,1.72,400,400,16.822666252524773,0.9039716720581055,22.872914594265694,0.9852566719055176,25.376884887586463,0.9830685257911682,2.5039702933207693,-0.0021881461143493652,0.75<=A<0.85,beta>=1.7,0.75<=A<0.85 | beta>=1.7,baseline_weakest_25
203,282_0.78_1.39.png,282,0.78,1.39,400,400,18.37530381830671,0.9320919513702393,22.13811825476717,0.9872754216194153,25.48147019813799,0.9859143495559692,3.34335194337082,-0.001361072063446045,0.75<=A<0.85,1.1<=beta<1.4,0.75<=A<0.85 | 1.1<=beta<1.4,baseline_weakest_25
204,283_0.79_1.68.png,283,0.79,1.68,400,400,16.995828921333484,0.9081162810325623,22.239691140212848,0.9850145578384399,25.291917402194475,0.9839658737182617,3.0522262619816267,-0.0010486841201782227,0.75<=A<0.85,1.4<=beta<1.7,0.75<=A<0.85 | 1.4<=beta<1.7,baseline_weakest_25
205,284_0.8_1.86.png,284,0.8,1.86,400,400,16.279382987095364,0.8931032419204712,22.932356454549392,0.9842349290847778,25.08756355752402,0.9819508194923401,2.1552071029746287,-0.002284109592437744,0.75<=A<0.85,beta>=1.7,0.75<=A<0.85 | beta>=1.7,baseline_weakest_25
206,285_0.71_1.94.png,285,0.71,1.94,400,400,10.084738413733703,0.6549056172370911,32.5935069461893,0.984348714351654,30.25206028291992,0.9858074188232422,-2.3414466632693802,0.0014587044715881348,0.65<=A<0.75,beta>=1.7,0.65<=A<0.75 | beta>=1.7,baseline_middle_50
207,286_0.6_1.07.png,286,0.6,1.07,400,400,15.074400280055876,0.8210034370422363,34.61134678968943,0.9925932884216309,32.100486458826495,0.9924638271331787,-2.5108603308629327,-0.00012946128845214844,A<0.65,0.8<=beta<1.1,A<0.65 | 0.8<=beta<1.1,baseline_middle_50
208,287_0.77_1.14.png,287,0.77,1.14,400,400,12.978465800365758,0.7728320360183716,36.23766930955419,0.9914846420288086,33.105061624644236,0.991424560546875,-3.1326076849099564,-6.008148193359375e-05,0.75<=A<0.85,1.1<=beta<1.4,0.75<=A<0.85 | 1.1<=beta<1.4,baseline_strongest_25
209,288_0.82_1.17.png,288,0.82,1.17,400,400,12.393492841588534,0.7575480341911316,35.96092079819797,0.9909683465957642,33.225318521819204,0.991290271282196,-2.7356022763787635,0.00032192468643188477,0.75<=A<0.85,1.1<=beta<1.4,0.75<=A<0.85 | 1.1<=beta<1.4,baseline_strongest_25
210,289_0.61_0.88.png,289,0.61,0.88,400,400,20.528383778522986,0.9420157670974731,28.209982172553705,0.9921292066574097,30.057789264574026,0.9931828379631042,1.8478070920203216,0.00105363130569458,A<0.65,0.8<=beta<1.1,A<0.65 | 0.8<=beta<1.1,baseline_weakest_25
211,28_0.81_1.96.png,28,0.81,1.96,400,400,9.925085735097268,0.664765477180481,30.76222439383737,0.9837497472763062,28.456870311412462,0.9816349744796753,-2.305354082424909,-0.0021147727966308594,0.75<=A<0.85,beta>=1.7,0.75<=A<0.85 | beta>=1.7,baseline_middle_50
212,290_0.66_1.66.png,290,0.66,1.66,400,400,16.543256500216454,0.8554443717002869,28.777016460577887,0.9887169003486633,28.467157670193295,0.9879550337791443,-0.30985879038459174,-0.000761866569519043,0.65<=A<0.75,1.4<=beta<1.7,0.65<=A<0.75 | 1.4<=beta<1.7,baseline_weakest_25
213,291_0.52_0.89.png,291,0.52,0.89,400,400,19.686222616736654,0.9452973008155823,26.669121340927717,0.9919682145118713,29.35768542721318,0.9933992028236389,2.6885640862854636,0.0014309883117675781,A<0.65,0.8<=beta<1.1,A<0.65 | 0.8<=beta<1.1,baseline_weakest_25
214,292_0.81_0.91.png,292,0.81,0.91,400,400,18.90789724800611,0.9224324226379395,29.558010286343887,0.9928149580955505,30.226995288755802,0.992687463760376,0.6689850024119153,-0.00012749433517456055,0.75<=A<0.85,0.8<=beta<1.1,0.75<=A<0.85 | 0.8<=beta<1.1,baseline_middle_50
215,293_0.71_1.13.png,293,0.71,1.13,400,400,19.63640339583688,0.9391353130340576,29.713710038472193,0.9888661503791809,28.22688722341144,0.9901747703552246,-1.486822815060755,0.0013086199760437012,0.65<=A<0.75,1.1<=beta<1.4,0.65<=A<0.75 | 1.1<=beta<1.4,baseline_middle_50
216,294_0.89_1.44.png,294,0.89,1.44,400,400,16.468675544634735,0.890855073928833,29.178617952136975,0.9858078360557556,29.15734488534868,0.9886372685432434,-0.021273066788292994,0.002829432487487793,0.85<=A<0.95,1.4<=beta<1.7,0.85<=A<0.95 | 1.4<=beta<1.7,baseline_middle_50
217,295_0.64_0.73.png,295,0.64,0.73,400,400,21.697228984504097,0.9719729423522949,29.848048465979453,0.9910237193107605,28.21517576746406,0.9921106696128845,-1.632872698515392,0.0010869503021240234,A<0.65,beta<0.8,A<0.65 | beta<0.8,baseline_middle_50
218,296_0.97_1.18.png,296,0.97,1.18,400,400,16.613076757047214,0.9094690680503845,29.60377157876035,0.9858644604682922,30.226976111099756,0.9902313947677612,0.623204532339404,0.004366934299468994,A>=0.95,1.1<=beta<1.4,A>=0.95 | 1.1<=beta<1.4,baseline_middle_50
219,297_0.69_1.91.png,297,0.69,1.91,400,400,11.15138312017432,0.7418334484100342,31.411003450918827,0.9856703877449036,30.852608256543373,0.9843259453773499,-0.5583951943754535,-0.001344442367553711,0.65<=A<0.75,beta>=1.7,0.65<=A<0.75 | beta>=1.7,baseline_middle_50
220,298_0.63_1.85.png,298,0.63,1.85,400,400,11.907500469713138,0.7624281048774719,31.431446242378005,0.9870228171348572,30.79879565068,0.9857696890830994,-0.6326505916980061,-0.0012531280517578125,A<0.65,beta>=1.7,A<0.65 | beta>=1.7,baseline_middle_50
221,299_0.72_1.91.png,299,0.72,1.91,400,400,10.893475737862788,0.7357219457626343,31.22323310339833,0.9850938320159912,30.860940955539462,0.9837766885757446,-0.36229214785886654,-0.001317143440246582,0.65<=A<0.75,beta>=1.7,0.65<=A<0.75 | beta>=1.7,baseline_middle_50
222,29_0.85_1.7.png,29,0.85,1.7,400,400,9.920514713041923,0.6583492159843445,28.688114617998046,0.9569553732872009,29.431589473456306,0.9608839154243469,0.7434748554582598,0.003928542137145996,0.85<=A<0.95,beta>=1.7,0.85<=A<0.95 | beta>=1.7,baseline_weakest_25
223,2_0.93_1.66.png,2,0.93,1.66,400,400,9.608130398311,0.5985805988311768,33.204703355908556,0.9861164093017578,30.26727004013582,0.9832647442817688,-2.9374333157727364,-0.0028516650199890137,0.85<=A<0.95,1.4<=beta<1.7,0.85<=A<0.95 | 1.4<=beta<1.7,baseline_middle_50
224,300_0.92_0.72.png,300,0.92,0.72,400,400,16.651775041436107,0.8930976390838623,36.7708911937647,0.9949012994766235,34.866840354894194,0.9937841892242432,-1.9040508388705035,-0.001117110252380371,0.85<=A<0.95,beta<0.8,0.85<=A<0.95 | beta<0.8,baseline_strongest_25
225,301_0.75_0.88.png,301,0.75,0.88,400,400,19.550177187759733,0.9452588558197021,25.822468741406396,0.9690647125244141,26.470299065048483,0.9709532856941223,0.6478303236420864,0.001888573169708252,0.75<=A<0.85,0.8<=beta<1.1,0.75<=A<0.85 | 0.8<=beta<1.1,baseline_weakest_25
226,302_0.69_0.75.png,302,0.69,0.75,400,400,23.0659122461342,0.9678573608398438,25.95336779982423,0.9707341194152832,26.119963298963498,0.971684455871582,0.16659549913926952,0.0009503364562988281,0.65<=A<0.75,beta<0.8,0.65<=A<0.75 | beta<0.8,baseline_weakest_25
227,303_0.89_1.94.png,303,0.89,1.94,400,400,9.795707625666903,0.7717025876045227,25.786815032280906,0.9614222049713135,24.79038371649611,0.9541249871253967,-0.9964313157847968,-0.007297217845916748,0.85<=A<0.95,beta>=1.7,0.85<=A<0.95 | beta>=1.7,baseline_weakest_25
228,304_0.91_0.92.png,304,0.91,0.92,400,400,16.032692472521784,0.910420298576355,25.27596339493464,0.9644438624382019,25.541124263822596,0.9651585817337036,0.265160868887957,0.000714719295501709,0.85<=A<0.95,0.8<=beta<1.1,0.85<=A<0.95 | 0.8<=beta<1.1,baseline_weakest_25
229,305_0.84_0.52.png,305,0.84,0.52,400,400,23.7831647698774,0.9654713273048401,34.2127538390842,0.9935851693153381,35.34990637261938,0.9954874515533447,1.137152533535179,0.0019022822380065918,0.75<=A<0.85,beta<0.8,0.75<=A<0.85 | beta<0.8,baseline_middle_50
230,306_0.65_1.44.png,306,0.65,1.44,400,400,18.46105923642164,0.892893373966217,34.481961959500204,0.9921878576278687,33.97304395468,0.9926308989524841,-0.5089180048202024,0.0004430413246154785,0.65<=A<0.75,1.4<=beta<1.7,0.65<=A<0.75 | 1.4<=beta<1.7,baseline_middle_50
231,307_0.77_1.05.png,307,0.77,1.05,400,400,19.123770253692424,0.918074905872345,33.52060469498539,0.9920799732208252,33.405970851026304,0.9932660460472107,-0.11463384395908349,0.001186072826385498,0.75<=A<0.85,0.8<=beta<1.1,0.75<=A<0.85 | 0.8<=beta<1.1,baseline_middle_50
232,308_0.71_0.58.png,308,0.71,0.58,400,400,24.341109025019918,0.9670577049255371,34.626921670084144,0.9936705827713013,35.43697884508085,0.9953734278678894,0.8100571749967074,0.0017028450965881348,0.65<=A<0.75,beta<0.8,0.65<=A<0.75 | beta<0.8,baseline_middle_50
233,309_0.61_1.02.png,309,0.61,1.02,400,400,21.125535520137184,0.9491609334945679,32.90647001721053,0.9936295747756958,31.900681781853727,0.9944201707839966,-1.0057882353568033,0.0007905960083007812,A<0.65,0.8<=beta<1.1,A<0.65 | 0.8<=beta<1.1,baseline_middle_50
234,30_0.74_0.8.png,30,0.74,0.8,400,400,16.699559816878423,0.8290809988975525,30.84802702258823,0.9736634492874146,32.10832875284786,0.9765890836715698,1.2603017302596307,0.0029256343841552734,0.65<=A<0.75,0.8<=beta<1.1,0.65<=A<0.75 | 0.8<=beta<1.1,baseline_middle_50
235,310_0.8_1.12.png,310,0.8,1.12,400,400,18.887768820234186,0.9231533408164978,31.524764265415964,0.992321252822876,33.32496473613238,0.9940040111541748,1.8002004707164154,0.0016827583312988281,0.75<=A<0.85,1.1<=beta<1.4,0.75<=A<0.85 | 1.1<=beta<1.4,baseline_middle_50
236,311_0.75_0.62.png,311,0.75,0.62,400,400,24.470741179491565,0.9703649878501892,35.05333210347879,0.9957529902458191,36.01519432078301,0.996302604675293,0.9618622173042226,0.000549614429473877,0.75<=A<0.85,beta<0.8,0.75<=A<0.85 | beta<0.8,baseline_middle_50
237,312_0.61_0.79.png,312,0.61,0.79,400,400,22.989587762197576,0.965768039226532,35.24819573069979,0.9953664541244507,33.954337478258864,0.995686411857605,-1.293858252440927,0.0003199577331542969,A<0.65,beta<0.8,A<0.65 | beta<0.8,baseline_middle_50
238,313_0.51_1.58.png,313,0.51,1.58,400,400,19.10233726728567,0.8681613206863403,30.006837653591838,0.9882418513298035,28.684577192660864,0.9864604473114014,-1.3222604609309734,-0.0017814040184020996,A<0.65,1.4<=beta<1.7,A<0.65 | 1.4<=beta<1.7,baseline_middle_50
239,314_0.99_1.61.png,314,0.99,1.61,400,400,12.11634840973549,0.7796101570129395,28.242751714219708,0.9799942970275879,27.706793381300162,0.9804586172103882,-0.5359583329195452,0.00046432018280029297,A>=0.95,1.4<=beta<1.7,A>=0.95 | 1.4<=beta<1.7,baseline_weakest_25
240,315_0.52_1.41.png,315,0.52,1.41,400,400,19.788147129655172,0.8859309554100037,31.318432334764452,0.9892783761024475,29.479058819858466,0.9874902963638306,-1.8393735149059864,-0.0017880797386169434,A<0.65,1.4<=beta<1.7,A<0.65 | 1.4<=beta<1.7,baseline_middle_50
241,316_0.91_0.85.png,316,0.91,0.85,400,400,17.748135842948077,0.9058454036712646,33.041627814168805,0.9911319017410278,30.49174109345128,0.9893087148666382,-2.5498867207175238,-0.0018231868743896484,0.85<=A<0.95,0.8<=beta<1.1,0.85<=A<0.95 | 0.8<=beta<1.1,baseline_middle_50
242,317_0.74_1.28.png,317,0.74,1.28,400,400,13.865313247019227,0.7106910347938538,31.488781494560854,0.9792752861976624,31.894552228951166,0.9712792038917542,0.4057707343903125,-0.007996082305908203,0.65<=A<0.75,1.1<=beta<1.4,0.65<=A<0.75 | 1.1<=beta<1.4,baseline_middle_50
243,318_0.87_0.58.png,318,0.87,0.58,400,400,18.859488457667712,0.8423103094100952,34.35621814609759,0.9802588820457458,34.113486379390274,0.9799699187278748,-0.24273176670731544,-0.00028896331787109375,0.85<=A<0.95,beta<0.8,0.85<=A<0.95 | beta<0.8,baseline_middle_50
244,319_0.83_1.89.png,319,0.83,1.89,400,400,10.11481299368738,0.5767234563827515,29.899729685236657,0.9669778943061829,30.122669750331337,0.9607553482055664,0.22294006509467934,-0.006222546100616455,0.75<=A<0.85,beta>=1.7,0.75<=A<0.85 | beta>=1.7,baseline_middle_50
245,31_0.58_0.89.png,31,0.58,0.89,400,400,17.630860952606596,0.8428229093551636,30.841333280077713,0.9718854427337646,32.018420256381226,0.9757217168807983,1.1770869763035137,0.0038362741470336914,A<0.65,0.8<=beta<1.1,A<0.65 | 0.8<=beta<1.1,baseline_middle_50
246,320_0.75_1.18.png,320,0.75,1.18,400,400,14.37160910443141,0.7276062369346619,32.28465719522993,0.9799594879150391,32.352592582386286,0.9731404781341553,0.0679353871563535,-0.006819009780883789,0.75<=A<0.85,1.1<=beta<1.4,0.75<=A<0.85 | 1.1<=beta<1.4,baseline_middle_50
247,321_0.93_1.28.png,321,0.93,1.28,400,400,13.694952533020174,0.8100565075874329,26.901087060808532,0.9781880974769592,27.067566787571078,0.9770915508270264,0.16647972676254597,-0.0010965466499328613,0.85<=A<0.95,1.1<=beta<1.4,0.85<=A<0.95 | 1.1<=beta<1.4,baseline_weakest_25
248,322_0.95_0.58.png,322,0.95,0.58,400,400,18.727900961219746,0.9154198169708252,30.292507586914454,0.988771378993988,32.08188485735651,0.9881406426429749,1.7893772704420599,-0.0006307363510131836,A>=0.95,beta<0.8,A>=0.95 | beta<0.8,baseline_middle_50
249,323_0.82_1.16.png,323,0.82,1.16,400,400,15.620075613443255,0.84617018699646,28.386476941506157,0.9831820130348206,28.135016415217326,0.980909526348114,-0.251460526288831,-0.002272486686706543,0.75<=A<0.85,1.1<=beta<1.4,0.75<=A<0.85 | 1.1<=beta<1.4,baseline_weakest_25
250,324_0.66_0.57.png,324,0.66,0.57,400,400,23.279614457031045,0.9492241144180298,34.09976166675544,0.9923473000526428,37.160138923961185,0.990743100643158,3.0603772572057437,-0.0016041994094848633,0.65<=A<0.75,beta<0.8,0.65<=A<0.75 | beta<0.8,baseline_middle_50
251,325_0.8_1.68.png,325,0.8,1.68,400,400,19.0440707995231,0.9225678443908691,26.686714205047384,0.9839783906936646,26.376105176977383,0.9844152927398682,-0.3106090280700009,0.0004369020462036133,0.75<=A<0.85,1.4<=beta<1.7,0.75<=A<0.85 | 1.4<=beta<1.7,baseline_weakest_25
252,326_0.65_1.18.png,326,0.65,1.18,400,400,23.743551398594505,0.9674846529960632,28.974241943195224,0.9909389615058899,28.65238296162606,0.9910613298416138,-0.32185898156916437,0.00012236833572387695,0.65<=A<0.75,1.1<=beta<1.4,0.65<=A<0.75 | 1.1<=beta<1.4,baseline_middle_50
253,327_0.98_1.23.png,327,0.98,1.23,400,400,22.177247126289576,0.9465336203575134,29.472982282621246,0.9823496341705322,30.32787664951368,0.9839597344398499,0.8548943668924345,0.001610100269317627,A>=0.95,1.1<=beta<1.4,A>=0.95 | 1.1<=beta<1.4,baseline_middle_50
254,328_0.77_1.67.png,328,0.77,1.67,400,400,19.639873536799996,0.9294313192367554,26.27529143616112,0.9837543368339539,26.40766475543402,0.9845751523971558,0.13237331927290086,0.0008208155632019043,0.75<=A<0.85,1.4<=beta<1.7,0.75<=A<0.85 | 1.4<=beta<1.7,baseline_weakest_25
255,329_0.81_1.47.png,329,0.81,1.47,400,400,13.076849409120154,0.8523697853088379,24.90036553669058,0.962841272354126,26.472196587461525,0.9720154404640198,1.571831050770946,0.009174168109893799,0.75<=A<0.85,1.4<=beta<1.7,0.75<=A<0.85 | 1.4<=beta<1.7,baseline_weakest_25
256,32_0.6_1.67.png,32,0.6,1.67,400,400,11.761349697128033,0.7090536952018738,27.89600769803892,0.9588271975517273,28.620837064475214,0.962354838848114,0.7248293664362926,0.0035276412963867188,A<0.65,1.4<=beta<1.7,A<0.65 | 1.4<=beta<1.7,baseline_weakest_25
257,330_0.6_0.81.png,330,0.6,0.81,400,400,22.546907776983886,0.9673973321914673,23.936731483130803,0.9633965492248535,27.821370345897108,0.980357825756073,3.8846388627663053,0.016961276531219482,A<0.65,0.8<=beta<1.1,A<0.65 | 0.8<=beta<1.1,baseline_weakest_25
258,331_0.72_0.9.png,331,0.72,0.9,400,400,18.492727116911528,0.943091094493866,24.125954581409353,0.9642165303230286,27.947105108112215,0.9799084663391113,3.821150526702862,0.015691936016082764,0.65<=A<0.75,0.8<=beta<1.1,0.65<=A<0.75 | 0.8<=beta<1.1,baseline_weakest_25
259,332_0.82_1.48.png,332,0.82,1.48,400,400,12.86470093842879,0.8483876585960388,24.85620346258767,0.9622409343719482,26.247092242749037,0.9710366129875183,1.3908887801613687,0.008795678615570068,0.75<=A<0.85,1.4<=beta<1.7,0.75<=A<0.85 | 1.4<=beta<1.7,baseline_weakest_25
260,333_0.76_0.55.png,333,0.76,0.55,400,400,24.20216529108972,0.9743006825447083,30.304276414974822,0.9925495982170105,30.93320549135796,0.9937885403633118,0.6289290763831374,0.0012389421463012695,0.75<=A<0.85,beta<0.8,0.75<=A<0.85 | beta<0.8,baseline_middle_50
261,334_0.93_1.76.png,334,0.93,1.76,400,400,12.226401614874845,0.8204980492591858,24.39192926633766,0.968382716178894,26.183162758185734,0.9781583547592163,1.7912334918480752,0.009775638580322266,0.85<=A<0.95,beta>=1.7,0.85<=A<0.95 | beta>=1.7,baseline_weakest_25
262,335_1.0_1.88.png,335,1.0,1.88,400,400,11.291863869394687,0.7956492304801941,24.518464729757973,0.964266300201416,26.06304537498891,0.9736523032188416,1.544580645230937,0.009386003017425537,A>=0.95,beta>=1.7,A>=0.95 | beta>=1.7,baseline_weakest_25
263,336_0.94_1.46.png,336,0.94,1.46,400,400,13.686080784747281,0.8548880815505981,25.024634397188766,0.972851574420929,26.708873396237273,0.9806753993034363,1.6842389990485067,0.007823824882507324,0.85<=A<0.95,1.4<=beta<1.7,0.85<=A<0.95 | 1.4<=beta<1.7,baseline_weakest_25
264,337_0.72_1.65.png,337,0.72,1.65,400,400,10.583609491609185,0.5935299396514893,31.813805322814382,0.9769667983055115,29.890958362569208,0.970212996006012,-1.9228469602451739,-0.006753802299499512,0.65<=A<0.75,1.4<=beta<1.7,0.65<=A<0.75 | 1.4<=beta<1.7,baseline_middle_50
265,338_0.99_1.37.png,338,0.99,1.37,400,400,9.249937074080904,0.570411205291748,30.226548897496535,0.9619469046592712,29.349349103305187,0.9611661434173584,-0.8771997941913483,-0.0007807612419128418,A>=0.95,1.1<=beta<1.4,A>=0.95 | 1.1<=beta<1.4,baseline_middle_50
266,339_0.64_1.47.png,339,0.64,1.47,400,400,12.692862497532913,0.6573128700256348,32.605305429300095,0.9824163913726807,29.231574950079814,0.975071907043457,-3.3737304792202814,-0.007344484329223633,A<0.65,1.4<=beta<1.7,A<0.65 | 1.4<=beta<1.7,baseline_middle_50
267,33_0.55_1.75.png,33,0.55,1.75,400,400,19.046591394530495,0.9444438219070435,21.60091562604218,0.9781070947647095,22.74812680921883,0.9791603088378906,1.1472111831766512,0.0010532140731811523,A<0.65,beta>=1.7,A<0.65 | beta>=1.7,baseline_weakest_25
268,340_0.55_0.55.png,340,0.55,0.55,400,400,23.546080084502513,0.8946681022644043,33.23353059067366,0.9891201853752136,32.21978725995346,0.9845736026763916,-1.013743330720196,-0.0045465826988220215,A<0.65,beta<0.8,A<0.65 | beta<0.8,baseline_middle_50
269,341_0.68_1.62.png,341,0.68,1.62,400,400,13.656097190678988,0.7945029139518738,25.23056744009562,0.9708282947540283,24.199807508079175,0.9668821692466736,-1.0307599320164442,-0.003946125507354736,0.65<=A<0.75,1.4<=beta<1.7,0.65<=A<0.75 | 1.4<=beta<1.7,baseline_weakest_25
270,342_0.96_1.08.png,342,0.96,1.08,400,400,10.882031304434673,0.7743873000144958,29.15851017775509,0.9814919233322144,24.47943682573108,0.9690414071083069,-4.679073352024009,-0.01245051622390747,A>=0.95,0.8<=beta<1.1,A>=0.95 | 0.8<=beta<1.1,baseline_middle_50
271,343_0.83_1.07.png,343,0.83,1.07,400,400,12.93274230415195,0.8126692175865173,30.083276857001884,0.984563946723938,25.98755078406953,0.9752498865127563,-4.095726072932354,-0.00931406021118164,0.75<=A<0.85,0.8<=beta<1.1,0.75<=A<0.85 | 0.8<=beta<1.1,baseline_middle_50
272,344_0.82_1.51.png,344,0.82,1.51,400,400,11.354840427881081,0.7608848214149475,28.485615181996316,0.9778848886489868,23.340674600525013,0.9622398018836975,-5.144940581471303,-0.015645086765289307,0.75<=A<0.85,1.4<=beta<1.7,0.75<=A<0.85 | 1.4<=beta<1.7,baseline_weakest_25
273,345_0.98_1.02.png,345,0.98,1.02,400,400,18.636735397397082,0.9189393520355225,24.45611623408241,0.9729539752006531,24.685543578848236,0.9710153937339783,0.2294273447658277,-0.0019385814666748047,A>=0.95,0.8<=beta<1.1,A>=0.95 | 0.8<=beta<1.1,baseline_weakest_25
274,346_0.77_1.92.png,346,0.77,1.92,400,400,13.83716055787657,0.8172554969787598,25.824111381366713,0.9736698865890503,23.455257806113007,0.9604384303092957,-2.3688535752537057,-0.013231456279754639,0.75<=A<0.85,beta>=1.7,0.75<=A<0.85 | beta>=1.7,baseline_weakest_25
275,347_0.92_1.53.png,347,0.92,1.53,400,400,14.110963806120525,0.8311777710914612,25.21189768519608,0.9745601415634155,24.21040989740229,0.9676600098609924,-1.001487787793792,-0.006900131702423096,0.85<=A<0.95,1.4<=beta<1.7,0.85<=A<0.95 | 1.4<=beta<1.7,baseline_weakest_25
276,348_0.72_1.07.png,348,0.72,1.07,400,400,22.703545045758315,0.9552996158599854,25.72445029601139,0.9758332371711731,25.419212035598576,0.9732289910316467,-0.3052382604128141,-0.002604246139526367,0.65<=A<0.75,0.8<=beta<1.1,0.65<=A<0.75 | 0.8<=beta<1.1,baseline_weakest_25
277,349_0.53_1.85.png,349,0.53,1.85,400,400,15.046115217138523,0.8642687797546387,29.78459404510768,0.9887230396270752,29.131313266356344,0.9887306690216064,-0.6532807787513377,7.62939453125e-06,A<0.65,beta>=1.7,A<0.65 | beta>=1.7,baseline_middle_50
278,34_0.77_1.56.png,34,0.77,1.56,400,400,19.268034579017183,0.9454007744789124,25.416906674018445,0.9785230755805969,26.54037886612683,0.9806358814239502,1.123472192108384,0.0021128058433532715,0.75<=A<0.85,1.4<=beta<1.7,0.75<=A<0.85 | 1.4<=beta<1.7,baseline_weakest_25
279,350_0.84_1.87.png,350,0.84,1.87,400,400,12.693985407189622,0.8180069327354431,30.788152449104224,0.9883943200111389,28.499619582162655,0.9875782132148743,-2.288532866941569,-0.0008161067962646484,0.75<=A<0.85,beta>=1.7,0.75<=A<0.85 | beta>=1.7,baseline_middle_50
280,351_0.75_1.19.png,351,0.75,1.19,400,400,16.47301633664753,0.8998492360115051,32.591576394964584,0.9929713606834412,32.13073184283124,0.9932488203048706,-0.4608445521333451,0.00027745962142944336,0.75<=A<0.85,1.1<=beta<1.4,0.75<=A<0.85 | 1.1<=beta<1.4,baseline_middle_50
281,352_0.87_0.77.png,352,0.87,0.77,400,400,18.951031446000044,0.9343131184577942,32.822185978485656,0.9951817989349365,32.51689960935356,0.995245099067688,-0.30528636913209795,6.330013275146484e-05,0.85<=A<0.95,beta<0.8,0.85<=A<0.95 | beta<0.8,baseline_middle_50
282,353_0.53_1.07.png,353,0.53,1.07,400,400,21.728954609035505,0.9530631899833679,32.141303615192584,0.9892860651016235,33.93478442087215,0.9913806319236755,1.7934808056795646,0.002094566822052002,A<0.65,0.8<=beta<1.1,A<0.65 | 0.8<=beta<1.1,baseline_middle_50
283,354_0.98_1.12.png,354,0.98,1.12,400,400,15.684125662967027,0.8976887464523315,27.23119307237894,0.9876002669334412,28.32353122896948,0.9906045198440552,1.0923381565905395,0.0030042529106140137,A>=0.95,1.1<=beta<1.4,A>=0.95 | 1.1<=beta<1.4,baseline_weakest_25
284,355_0.83_0.96.png,355,0.83,0.96,400,400,18.80043231619851,0.934213399887085,29.428505601530652,0.9907073974609375,30.960013955455466,0.9928621649742126,1.5315083539248135,0.0021547675132751465,0.75<=A<0.85,0.8<=beta<1.1,0.75<=A<0.85 | 0.8<=beta<1.1,baseline_middle_50
285,356_0.67_0.95.png,356,0.67,0.95,400,400,21.218205425087007,0.9506170749664307,32.29250395106819,0.9917536377906799,34.34158216773379,0.9933019280433655,2.049078216665599,0.0015482902526855469,0.65<=A<0.75,0.8<=beta<1.1,0.65<=A<0.75 | 0.8<=beta<1.1,baseline_middle_50
286,357_0.86_1.37.png,357,0.86,1.37,400,400,14.573388211928055,0.9153630137443542,19.623559927503862,0.954352080821991,20.76343430804097,0.9599021673202515,1.1398743805371083,0.005550086498260498,0.85<=A<0.95,1.1<=beta<1.4,0.85<=A<0.95 | 1.1<=beta<1.4,baseline_weakest_25
287,358_0.68_1.38.png,358,0.68,1.38,400,400,16.7294068025262,0.9328230023384094,22.2174693289409,0.9699189066886902,22.348140804904,0.9680690765380859,0.1306714759630978,-0.001849830150604248,0.65<=A<0.75,1.1<=beta<1.4,0.65<=A<0.75 | 1.1<=beta<1.4,baseline_weakest_25
288,359_0.5_1.58.png,359,0.5,1.58,400,400,15.344539411090025,0.929787278175354,17.21977199176029,0.9602577090263367,17.427511564618218,0.9617263078689575,0.20773957285792832,0.0014685988426208496,A<0.65,1.4<=beta<1.7,A<0.65 | 1.4<=beta<1.7,baseline_weakest_25
289,35_0.77_1.43.png,35,0.77,1.43,400,400,19.97116362030329,0.9519566297531128,25.601724111522795,0.9804781079292297,26.553026395146993,0.9811135530471802,0.951302283624198,0.0006354451179504395,0.75<=A<0.85,1.4<=beta<1.7,0.75<=A<0.85 | 1.4<=beta<1.7,baseline_weakest_25
290,360_0.87_0.88.png,360,0.87,0.88,400,400,16.858518548872347,0.9397175908088684,21.65338468083572,0.9663318991661072,23.765025295459044,0.9745895862579346,2.1116406146233224,0.008257687091827393,0.85<=A<0.95,0.8<=beta<1.1,0.85<=A<0.95 | 0.8<=beta<1.1,baseline_weakest_25
291,361_0.51_1.62.png,361,0.51,1.62,400,400,12.426325418382953,0.8163831830024719,17.191342724787052,0.9397258162498474,16.991828569444344,0.9374450445175171,-0.19951415534270822,-0.0022807717323303223,A<0.65,1.4<=beta<1.7,A<0.65 | 1.4<=beta<1.7,baseline_weakest_25
292,362_0.82_0.88.png,362,0.82,0.88,400,400,21.12589718404218,0.9509037733078003,22.650646689374852,0.9699884653091431,21.671425460055815,0.9614050984382629,-0.9792212293190374,-0.008583366870880127,0.75<=A<0.85,0.8<=beta<1.1,0.75<=A<0.85 | 0.8<=beta<1.1,baseline_weakest_25
293,363_0.56_0.51.png,363,0.56,0.51,400,400,19.980772641166183,0.9812355637550354,22.009730903056763,0.9708588719367981,21.10428907922134,0.9600978493690491,-0.9054418238354245,-0.010761022567749023,A<0.65,beta<0.8,A<0.65 | beta<0.8,baseline_weakest_25
294,364_0.98_0.89.png,364,0.98,0.89,400,400,18.390896351550378,0.9374829530715942,23.260861444659792,0.9712173342704773,22.31238199169782,0.9645166993141174,-0.9484794529619727,-0.006700634956359863,A>=0.95,0.8<=beta<1.1,A>=0.95 | 0.8<=beta<1.1,baseline_weakest_25
295,365_0.71_0.69.png,365,0.71,0.69,400,400,18.26705113619767,0.8809755444526672,27.813877105336502,0.9682089686393738,27.43575370490877,0.96748948097229,-0.3781234004277323,-0.0007194876670837402,0.65<=A<0.75,beta<0.8,0.65<=A<0.75 | beta<0.8,baseline_weakest_25
296,366_0.54_0.64.png,366,0.54,0.64,400,400,21.075906342761886,0.9148434400558472,27.62912463704251,0.9704573154449463,27.397679366538267,0.9692137241363525,-0.23144527050424202,-0.00124359130859375,A<0.65,beta<0.8,A<0.65 | beta<0.8,baseline_weakest_25
297,367_0.88_0.72.png,367,0.88,0.72,400,400,16.148286446631314,0.8508396148681641,27.729004315960797,0.9666522145271301,27.16416641456032,0.9668120741844177,-0.5648379014004767,0.00015985965728759766,0.85<=A<0.95,beta<0.8,0.85<=A<0.95 | beta<0.8,baseline_weakest_25
298,368_0.79_1.95.png,368,0.79,1.95,400,400,10.26665914223678,0.6567432284355164,24.364435061502093,0.9485118389129639,24.095002644401696,0.9458490610122681,-0.269432417100397,-0.0026627779006958008,0.75<=A<0.85,beta>=1.7,0.75<=A<0.85 | beta>=1.7,baseline_weakest_25
299,369_0.55_1.18.png,369,0.55,1.18,400,400,17.68014987208549,0.8936208486557007,32.11132511155426,0.9864282011985779,32.575327964701856,0.986970067024231,0.4640028531475977,0.0005418658256530762,A<0.65,1.1<=beta<1.4,A<0.65 | 1.1<=beta<1.4,baseline_middle_50
300,36_0.83_1.99.png,36,0.83,1.99,400,400,16.97057375876549,0.9200527667999268,25.02727343423405,0.9745780825614929,24.941921958241274,0.9723336100578308,-0.08535147599277693,-0.0022444725036621094,0.75<=A<0.85,beta>=1.7,0.75<=A<0.85 | beta>=1.7,baseline_weakest_25
301,370_0.7_0.68.png,370,0.7,0.68,400,400,18.561622426366213,0.9271594882011414,32.478548345896186,0.9890088438987732,33.86201956799585,0.9892743825912476,1.383471222099665,0.00026553869247436523,0.65<=A<0.75,beta<0.8,0.65<=A<0.75 | beta<0.8,baseline_middle_50
302,371_0.52_1.3.png,371,0.52,1.3,400,400,17.66363390903098,0.8863864541053772,31.073946664712714,0.9854820370674133,31.046998530421934,0.9855891466140747,-0.026948134290780246,0.00010710954666137695,A<0.65,1.1<=beta<1.4,A<0.65 | 1.1<=beta<1.4,baseline_middle_50
303,372_0.98_1.7.png,372,0.98,1.7,400,400,10.623100887243108,0.7671210765838623,26.621307396028033,0.9776653051376343,28.32324289545781,0.9773682951927185,1.7019354994297764,-0.0002970099449157715,A>=0.95,beta>=1.7,A>=0.95 | beta>=1.7,baseline_weakest_25
304,373_0.53_1.07.png,373,0.53,1.07,400,400,16.59601172185763,0.8739057183265686,25.3609129928277,0.9644328355789185,23.74936914651514,0.9598010778427124,-1.6115438463125606,-0.004631757736206055,A<0.65,0.8<=beta<1.1,A<0.65 | 0.8<=beta<1.1,baseline_weakest_25
305,374_0.52_1.1.png,374,0.52,1.1,400,400,16.37046772014953,0.8700515627861023,25.361346655475995,0.9645616412162781,23.600777527739368,0.9591777324676514,-1.7605691277366269,-0.005383908748626709,A<0.65,1.1<=beta<1.4,A<0.65 | 1.1<=beta<1.4,baseline_weakest_25
306,375_0.88_0.76.png,375,0.88,0.76,400,400,16.17326971888412,0.8776304721832275,27.930962737312967,0.9703154563903809,25.9342772519665,0.96375572681427,-1.9966854853464682,-0.00655972957611084,0.85<=A<0.95,beta<0.8,0.85<=A<0.95 | beta<0.8,baseline_weakest_25
307,376_0.67_0.58.png,376,0.67,0.58,400,400,20.583898004965263,0.9359725117683411,28.460274143560365,0.9757075905799866,25.848930413127967,0.9678910374641418,-2.6113437304323988,-0.007816553115844727,0.65<=A<0.75,beta<0.8,0.65<=A<0.75 | beta<0.8,baseline_weakest_25
308,377_0.53_0.92.png,377,0.53,0.92,400,400,20.90124628552164,0.9820795655250549,24.143838692789785,0.968174159526825,25.335606360750397,0.9725511074066162,1.1917676679606117,0.00437694787979126,A<0.65,0.8<=beta<1.1,A<0.65 | 0.8<=beta<1.1,baseline_weakest_25
309,378_0.74_1.24.png,378,0.74,1.24,400,400,19.996131867935038,0.9424132704734802,22.859888288509378,0.9676897525787354,22.766973684756255,0.967843234539032,-0.09291460375312255,0.00015348196029663086,0.65<=A<0.75,1.1<=beta<1.4,0.65<=A<0.75 | 1.1<=beta<1.4,baseline_weakest_25
310,379_0.54_1.57.png,379,0.54,1.57,400,400,17.531464342100964,0.9452162384986877,23.26077060575088,0.9632576704025269,26.02001154889734,0.974999189376831,2.759240943146459,0.0117415189743042,A<0.65,1.4<=beta<1.7,A<0.65 | 1.4<=beta<1.7,baseline_weakest_25
311,37_0.76_1.34.png,37,0.76,1.34,400,400,13.913368878091728,0.8310230374336243,29.8508570219865,0.9842393398284912,30.29510939480263,0.985741138458252,0.4442523728161305,0.0015017986297607422,0.75<=A<0.85,1.1<=beta<1.4,0.75<=A<0.85 | 1.1<=beta<1.4,baseline_middle_50
312,380_0.53_1.36.png,380,0.53,1.36,400,400,18.306467459585157,0.9615881443023682,23.469432531291133,0.9632329940795898,25.809065239224566,0.9742574095726013,2.3396327079334327,0.011024415493011475,A<0.65,1.1<=beta<1.4,A<0.65 | 1.1<=beta<1.4,baseline_weakest_25
313,381_0.63_1.38.png,381,0.63,1.38,400,400,18.184996464933143,0.8770421147346497,33.60041721103475,0.9944149851799011,31.828948280693634,0.992788553237915,-1.7714689303411184,-0.001626431941986084,A<0.65,1.1<=beta<1.4,A<0.65 | 1.1<=beta<1.4,baseline_middle_50
314,382_0.53_1.12.png,382,0.53,1.12,400,400,20.384501445234203,0.9195266366004944,31.989499920048804,0.9945859313011169,30.351237718159165,0.9933114051818848,-1.6382622018896384,-0.0012745261192321777,A<0.65,1.1<=beta<1.4,A<0.65 | 1.1<=beta<1.4,baseline_middle_50
315,383_0.62_1.77.png,383,0.62,1.77,400,400,16.897657950411336,0.8283949494361877,32.349847629988226,0.9931427836418152,29.94493018459933,0.9908214211463928,-2.4049174453888966,-0.0023213624954223633,A<0.65,beta>=1.7,A<0.65 | beta>=1.7,baseline_middle_50
316,384_0.97_0.82.png,384,0.97,0.82,400,400,17.152186468044675,0.9052150249481201,34.89451136721047,0.9941835999488831,34.38954483161582,0.9945580959320068,-0.5049665355946473,0.0003744959831237793,A>=0.95,0.8<=beta<1.1,A>=0.95 | 0.8<=beta<1.1,baseline_middle_50
317,385_0.84_1.99.png,385,0.84,1.99,400,400,11.752313474843238,0.8113180994987488,23.322680520473853,0.9691745042800903,23.920179786324898,0.9706642627716064,0.5974992658510452,0.0014897584915161133,0.75<=A<0.85,beta>=1.7,0.75<=A<0.85 | beta>=1.7,baseline_weakest_25
318,386_0.96_1.55.png,386,0.96,1.55,400,400,12.725551095255662,0.8420544266700745,23.308806624858953,0.9708441495895386,23.515433470203565,0.9719831943511963,0.20662684534461206,0.0011390447616577148,A>=0.95,1.4<=beta<1.7,A>=0.95 | 1.4<=beta<1.7,baseline_weakest_25
319,387_0.66_1.81.png,387,0.66,1.81,400,400,14.554690728566397,0.8709344863891602,25.161289512275392,0.9774185419082642,26.22454257187509,0.9789609313011169,1.063253059599699,0.0015423893928527832,0.65<=A<0.75,beta>=1.7,0.65<=A<0.75 | beta>=1.7,baseline_weakest_25
320,388_0.55_0.83.png,388,0.55,0.83,400,400,25.489649975766177,0.9746298789978027,29.373626655317086,0.990618109703064,27.31905725276205,0.9890789985656738,-2.0545694025550354,-0.0015391111373901367,A<0.65,0.8<=beta<1.1,A<0.65 | 0.8<=beta<1.1,baseline_middle_50
321,389_0.75_1.27.png,389,0.75,1.27,400,400,14.860442583942021,0.8151103854179382,24.260371564336335,0.9735732078552246,23.25935427874144,0.9689921140670776,-1.0010172855948944,-0.004581093788146973,0.75<=A<0.85,1.1<=beta<1.4,0.75<=A<0.85 | 1.1<=beta<1.4,baseline_weakest_25
322,38_0.87_1.94.png,38,0.87,1.94,400,400,9.985564697530947,0.7143183946609497,28.020005005287256,0.9732091426849365,28.14073622878597,0.9741789102554321,0.12073122349871213,0.0009697675704956055,0.85<=A<0.95,beta>=1.7,0.85<=A<0.95 | beta>=1.7,baseline_weakest_25
323,390_0.55_1.07.png,390,0.55,1.07,400,400,21.00829378372663,0.8891355395317078,26.89309512036992,0.9824028611183167,28.349737664623333,0.9823694229125977,1.4566425442534126,-3.343820571899414e-05,A<0.65,0.8<=beta<1.1,A<0.65 | 0.8<=beta<1.1,baseline_weakest_25
324,391_0.87_1.8.png,391,0.87,1.8,400,400,10.82386441146239,0.7010100483894348,24.704091946571083,0.9771550297737122,21.863876538008586,0.9651808738708496,-2.8402154085624964,-0.011974155902862549,0.85<=A<0.95,beta>=1.7,0.85<=A<0.95 | beta>=1.7,baseline_weakest_25
325,392_0.97_1.81.png,392,0.97,1.81,400,400,9.420816134218077,0.6763436198234558,24.64532035424014,0.9776203036308289,22.07354763935122,0.9664121270179749,-2.5717727148889225,-0.011208176612854004,A>=0.95,beta>=1.7,A>=0.95 | beta>=1.7,baseline_weakest_25
326,393_0.8_0.84.png,393,0.8,0.84,400,400,17.648730881059212,0.8119093775749207,32.95482429855078,0.9860048890113831,31.769298529733845,0.9869758486747742,-1.1855257688169374,0.0009709596633911133,0.75<=A<0.85,0.8<=beta<1.1,0.75<=A<0.85 | 0.8<=beta<1.1,baseline_middle_50
327,394_0.79_0.57.png,394,0.79,0.57,400,400,20.737346197797155,0.8641012907028198,34.891441127177465,0.9896907210350037,34.30570695344521,0.9912827014923096,-0.5857341737322557,0.0015919804573059082,0.75<=A<0.85,beta<0.8,0.75<=A<0.85 | beta<0.8,baseline_middle_50
328,395_0.95_1.58.png,395,0.95,1.58,400,400,12.231045596442113,0.6859041452407837,30.039937033076704,0.9695462584495544,27.407217145482427,0.9698617458343506,-2.632719887594277,0.0003154873847961426,A>=0.95,1.4<=beta<1.7,A>=0.95 | 1.4<=beta<1.7,baseline_middle_50
329,396_0.76_1.73.png,396,0.76,1.73,400,400,12.73751216458609,0.6931975483894348,29.56132829425379,0.9709373712539673,28.27727512689976,0.9725494980812073,-1.2840531673540312,0.0016121268272399902,0.75<=A<0.85,beta>=1.7,0.75<=A<0.85 | beta>=1.7,baseline_middle_50
330,397_0.61_1.53.png,397,0.61,1.53,400,400,11.84394417789677,0.7722338438034058,30.174170332276656,0.9821826815605164,27.292995316881125,0.9773940443992615,-2.881175015395531,-0.004788637161254883,A<0.65,1.4<=beta<1.7,A<0.65 | 1.4<=beta<1.7,baseline_middle_50
331,398_0.78_1.13.png,398,0.78,1.13,400,400,12.685126136956066,0.7992040514945984,29.745831904593018,0.9821324348449707,28.03435683606649,0.977003276348114,-1.7114750685265285,-0.0051291584968566895,0.75<=A<0.85,1.1<=beta<1.4,0.75<=A<0.85 | 1.1<=beta<1.4,baseline_middle_50
332,399_0.98_1.03.png,399,0.98,1.03,400,400,12.806627508369651,0.7957687973976135,29.187910634231613,0.9792203307151794,28.56322409929767,0.9776746034622192,-0.624686534933943,-0.001545727252960205,A>=0.95,0.8<=beta<1.1,A>=0.95 | 0.8<=beta<1.1,baseline_middle_50
333,39_0.78_1.14.png,39,0.78,1.14,400,400,15.371924117259631,0.8625192642211914,29.64026296101278,0.984137773513794,30.228609445278547,0.9858904480934143,0.5883464842657666,0.0017526745796203613,0.75<=A<0.85,1.1<=beta<1.4,0.75<=A<0.85 | 1.1<=beta<1.4,baseline_middle_50
334,3_0.5_0.82.png,3,0.5,0.82,400,400,21.02989028631218,0.8813179731369019,33.26801121749834,0.9898464679718018,34.674331351689254,0.9929448962211609,1.4063201341909135,0.003098428249359131,A<0.65,0.8<=beta<1.1,A<0.65 | 0.8<=beta<1.1,baseline_middle_50
335,400_0.77_1.32.png,400,0.77,1.32,400,400,11.781104175514926,0.7744696736335754,29.614310707444602,0.9797075390815735,28.36189792754829,0.9767386317253113,-1.2524127798963107,-0.002968907356262207,0.75<=A<0.85,1.1<=beta<1.4,0.75<=A<0.85 | 1.1<=beta<1.4,baseline_middle_50
336,401_0.7_0.6.png,401,0.7,0.6,400,400,16.708937376903375,0.6786662936210632,29.791505545388155,0.9762161374092102,36.53289898833997,0.9788500070571899,6.741393442951818,0.0026338696479797363,0.65<=A<0.75,beta<0.8,0.65<=A<0.75 | beta<0.8,baseline_middle_50
337,402_0.5_1.99.png,402,0.5,1.99,400,400,11.195037258434903,0.47856464982032776,17.641570135967516,0.9183050394058228,20.6244185899042,0.9318709969520569,2.9828484539366826,0.01356595754623413,A<0.65,beta>=1.7,A<0.65 | beta>=1.7,baseline_weakest_25
338,403_0.91_0.7.png,403,0.91,0.7,400,400,13.133070809669134,0.5947240591049194,29.54456323131832,0.9715576767921448,35.1305824944945,0.9743867516517639,5.586019263176176,0.0028290748596191406,0.85<=A<0.95,beta<0.8,0.85<=A<0.95 | beta<0.8,baseline_middle_50
339,404_0.71_1.78.png,404,0.71,1.78,400,400,9.260857951496359,0.4456545114517212,27.34154079449688,0.9539551138877869,33.217237016561455,0.9518895149230957,5.875696222064576,-0.002065598964691162,0.65<=A<0.75,beta>=1.7,0.65<=A<0.75 | beta>=1.7,baseline_weakest_25
340,405_0.73_1.88.png,405,0.73,1.88,400,400,12.23833997913604,0.7252489924430847,32.46145945776257,0.9875528812408447,31.82644843731568,0.9864863157272339,-0.6350110204468926,-0.0010665655136108398,0.65<=A<0.75,beta>=1.7,0.65<=A<0.75 | beta>=1.7,baseline_middle_50
341,406_0.86_1.52.png,406,0.86,1.52,400,400,11.84720369705725,0.7475813627243042,32.84492849670353,0.9882586002349854,31.17622497207861,0.9871846437454224,-1.6687035246249202,-0.0010739564895629883,0.85<=A<0.95,1.4<=beta<1.7,0.85<=A<0.95 | 1.4<=beta<1.7,baseline_middle_50
342,407_0.68_1.96.png,407,0.68,1.96,400,400,12.779635408985737,0.7306291460990906,32.781230526449065,0.9882166981697083,32.05587939870338,0.9865327477455139,-0.7253511277456823,-0.001683950424194336,0.65<=A<0.75,beta>=1.7,0.65<=A<0.75 | beta>=1.7,baseline_middle_50
343,408_0.56_1.7.png,408,0.56,1.7,400,400,16.509235002571792,0.824329674243927,34.13249066161085,0.9907761812210083,33.702547064456,0.9894828200340271,-0.4299435971548533,-0.0012933611869812012,A<0.65,beta>=1.7,A<0.65 | beta>=1.7,baseline_middle_50
344,409_0.54_1.68.png,409,0.54,1.68,400,400,14.185440358934848,0.7710492014884949,24.084604402860666,0.9813941121101379,23.69047399531411,0.9777700901031494,-0.39413040754655526,-0.0036240220069885254,A<0.65,1.4<=beta<1.7,A<0.65 | 1.4<=beta<1.7,baseline_weakest_25
345,40_0.96_1.08.png,40,0.96,1.08,400,400,14.163842416588777,0.8330597281455994,27.596792896236188,0.9775382876396179,28.263724184577303,0.9801722764968872,0.6669312883411145,0.002633988857269287,A>=0.95,0.8<=beta<1.1,A>=0.95 | 0.8<=beta<1.1,baseline_weakest_25
346,410_0.98_1.98.png,410,0.98,1.98,400,400,8.55170975174611,0.635169267654419,21.897143398207003,0.9763468503952026,19.56339914213427,0.9647142291069031,-2.333744256072734,-0.01163262128829956,A>=0.95,beta>=1.7,A>=0.95 | beta>=1.7,baseline_weakest_25
347,411_0.76_1.73.png,411,0.76,1.73,400,400,11.281655854465292,0.7115141749382019,24.199877986245898,0.9839848875999451,23.490488770497734,0.9777510762214661,-0.709389215748164,-0.006233811378479004,0.75<=A<0.85,beta>=1.7,0.75<=A<0.85 | beta>=1.7,baseline_weakest_25
348,412_0.52_0.64.png,412,0.52,0.64,400,400,21.614408213214723,0.931384801864624,30.372706196856463,0.9947199821472168,31.89850703876924,0.9932965040206909,1.5258008419127762,-0.001423478126525879,A<0.65,beta<0.8,A<0.65 | beta<0.8,baseline_middle_50
349,413_0.65_1.48.png,413,0.65,1.48,400,400,20.315305758225453,0.9260755181312561,29.00195540963955,0.9835304617881775,29.311718491072696,0.9867361187934875,0.3097630814331467,0.0032056570053100586,0.65<=A<0.75,1.4<=beta<1.7,0.65<=A<0.75 | 1.4<=beta<1.7,baseline_middle_50
350,414_0.58_1.54.png,414,0.58,1.54,400,400,19.323334242508995,0.9274530410766602,29.906617205186773,0.9859960675239563,28.715358486038774,0.9861778616905212,-1.1912587191479993,0.0001817941665649414,A<0.65,1.4<=beta<1.7,A<0.65 | 1.4<=beta<1.7,baseline_middle_50
351,415_0.56_1.96.png,415,0.56,1.96,400,400,17.348032316655587,0.8914294838905334,28.525802542838676,0.9819060564041138,30.901958184980852,0.9852575659751892,2.3761556421421766,0.0033515095710754395,A<0.65,beta>=1.7,A<0.65 | beta>=1.7,baseline_weakest_25
352,416_0.95_0.59.png,416,0.95,0.59,400,400,23.946655531955052,0.9676700234413147,29.577044077638522,0.9874676465988159,30.76933285429409,0.990157425403595,1.192288776655566,0.0026897788047790527,A>=0.95,beta<0.8,A>=0.95 | beta<0.8,baseline_middle_50
353,417_0.88_1.82.png,417,0.88,1.82,400,400,15.47770556453174,0.8781123757362366,30.328148729294384,0.9836132526397705,30.60156776147827,0.9846594929695129,0.2734190321838881,0.0010462403297424316,0.85<=A<0.95,beta>=1.7,0.85<=A<0.95 | beta>=1.7,baseline_middle_50
354,418_0.98_0.77.png,418,0.98,0.77,400,400,19.302317971493117,0.9494767189025879,28.15384345047706,0.9892660975456238,29.70472273120396,0.9917953014373779,1.5508792807269032,0.0025292038917541504,A>=0.95,beta<0.8,A>=0.95 | beta<0.8,baseline_weakest_25
355,419_0.87_0.61.png,419,0.87,0.61,400,400,22.93869322480578,0.967881441116333,31.498324538439853,0.9911620020866394,34.636484704197,0.9935168623924255,3.1381601657571494,0.002354860305786133,0.85<=A<0.95,beta<0.8,0.85<=A<0.95 | beta<0.8,baseline_middle_50
356,41_0.76_1.73.png,41,0.76,1.73,400,400,11.923216619883558,0.7030500173568726,27.92741379394901,0.9744768738746643,25.907718430041346,0.9567503333091736,-2.0196953639076654,-0.017726540565490723,0.75<=A<0.85,beta>=1.7,0.75<=A<0.85 | beta>=1.7,baseline_weakest_25
357,420_0.62_1.38.png,420,0.62,1.38,400,400,20.32459395221856,0.9310217499732971,30.652507831903325,0.9876400232315063,31.531483228571915,0.9894540309906006,0.87897539666859,0.0018140077590942383,A<0.65,1.1<=beta<1.4,A<0.65 | 1.1<=beta<1.4,baseline_middle_50
358,421_0.58_1.77.png,421,0.58,1.77,400,400,15.394678821062161,0.836327850818634,25.185518286787413,0.9840716123580933,27.35791935429024,0.9852160811424255,2.1724010675028254,0.0011444687843322754,A<0.65,beta>=1.7,A<0.65 | beta>=1.7,baseline_weakest_25
359,422_0.65_0.92.png,422,0.65,0.92,400,400,19.222798187443757,0.9105566740036011,28.034646871579145,0.9918501973152161,30.245337482886313,0.9921618700027466,2.210690611307168,0.0003116726875305176,0.65<=A<0.75,0.8<=beta<1.1,0.65<=A<0.75 | 0.8<=beta<1.1,baseline_weakest_25
360,423_0.81_1.79.png,423,0.81,1.79,400,400,12.322284837830482,0.793554425239563,29.42129952440602,0.9849397540092468,31.23374978553073,0.9841039180755615,1.8124502611247095,-0.0008358359336853027,0.75<=A<0.85,beta>=1.7,0.75<=A<0.85 | beta>=1.7,baseline_middle_50
361,424_0.81_1.5.png,424,0.81,1.5,400,400,13.379180496023245,0.8219202160835266,30.39610925788168,0.9885448813438416,32.79051032044626,0.9885295629501343,2.3944010625645795,-1.531839370727539e-05,0.75<=A<0.85,1.4<=beta<1.7,0.75<=A<0.85 | 1.4<=beta<1.7,baseline_middle_50
362,425_0.95_1.73.png,425,0.95,1.73,400,400,10.719970157699423,0.6969814300537109,25.169853271175548,0.9670820832252502,25.402067333928045,0.9669508934020996,0.23221406275249734,-0.00013118982315063477,A>=0.95,beta>=1.7,A>=0.95 | beta>=1.7,baseline_weakest_25
363,426_0.84_1.85.png,426,0.84,1.85,400,400,10.787796168720005,0.6968492269515991,26.429903137472568,0.9697563648223877,26.924725128738277,0.970446765422821,0.49482199126570947,0.0006904006004333496,0.75<=A<0.85,beta>=1.7,0.75<=A<0.85 | beta>=1.7,baseline_weakest_25
364,427_0.69_0.58.png,427,0.69,0.58,400,400,19.516707817316444,0.9298052787780762,29.955242718178155,0.9881457686424255,29.399150439216356,0.9867944121360779,-0.556092278961799,-0.0013513565063476562,0.65<=A<0.75,beta<0.8,0.65<=A<0.75 | beta<0.8,baseline_middle_50
365,428_0.92_0.82.png,428,0.92,0.82,400,400,14.991472803192682,0.8612902164459229,29.5232941788557,0.9838910102844238,30.109832103509714,0.9854844808578491,0.5865379246540137,0.001593470573425293,0.85<=A<0.95,0.8<=beta<1.1,0.85<=A<0.95 | 0.8<=beta<1.1,baseline_middle_50
366,429_0.52_1.11.png,429,0.52,1.11,400,400,24.93501520413343,0.9809380173683167,28.99338062096113,0.9796062111854553,23.509681478961358,0.979647159576416,-5.483699141999772,4.094839096069336e-05,A<0.65,1.1<=beta<1.4,A<0.65 | 1.1<=beta<1.4,baseline_middle_50
367,42_0.58_1.34.png,42,0.58,1.34,400,400,14.826551014639215,0.7834385633468628,32.87145638387136,0.9853213429450989,29.062920967813227,0.9709047675132751,-3.8085354160581346,-0.01441657543182373,A<0.65,1.1<=beta<1.4,A<0.65 | 1.1<=beta<1.4,baseline_middle_50
368,430_0.66_1.24.png,430,0.66,1.24,400,400,25.99199215899487,0.9783449769020081,25.978408448069693,0.9820736050605774,25.857611870942286,0.9852533936500549,-0.12079657712740755,0.003179788589477539,0.65<=A<0.75,1.1<=beta<1.4,0.65<=A<0.75 | 1.1<=beta<1.4,baseline_weakest_25
369,431_0.86_1.86.png,431,0.86,1.86,400,400,15.61908813338087,0.9233854413032532,23.447172999776058,0.9778646230697632,21.80381369174232,0.970962643623352,-1.6433593080337374,-0.006901979446411133,0.85<=A<0.95,beta>=1.7,0.85<=A<0.95 | beta>=1.7,baseline_weakest_25
370,432_0.67_1.68.png,432,0.67,1.68,400,400,20.963874305788742,0.9615875482559204,25.369209431747443,0.9776178598403931,25.42889608072691,0.9815554022789001,0.059686648979468515,0.00393754243850708,0.65<=A<0.75,1.4<=beta<1.7,0.65<=A<0.75 | 1.4<=beta<1.7,baseline_weakest_25
371,433_0.95_1.27.png,433,0.95,1.27,400,400,10.892108998069807,0.7176221609115601,27.050090815319592,0.9536672234535217,25.314455270445926,0.9422606825828552,-1.7356355448736664,-0.011406540870666504,A>=0.95,1.1<=beta<1.4,A>=0.95 | 1.1<=beta<1.4,baseline_weakest_25
372,434_0.56_1.76.png,434,0.56,1.76,400,400,15.301746633912906,0.7386762499809265,23.67898099349175,0.954071044921875,24.91442800932767,0.951193630695343,1.2354470158359199,-0.0028774142265319824,A<0.65,beta>=1.7,A<0.65 | beta>=1.7,baseline_weakest_25
373,435_0.52_0.95.png,435,0.52,0.95,400,400,19.358936275635223,0.848691999912262,28.340123882602043,0.9780483245849609,30.73067742846382,0.9778162837028503,2.3905535458617777,-0.0002320408821105957,A<0.65,0.8<=beta<1.1,A<0.65 | 0.8<=beta<1.1,baseline_weakest_25
374,436_0.98_1.16.png,436,0.98,1.16,400,400,11.035116426521206,0.7286959290504456,27.033771096830783,0.9532672762870789,25.363773602529236,0.944982647895813,-1.6699974943015476,-0.00828462839126587,A>=0.95,1.1<=beta<1.4,A>=0.95 | 1.1<=beta<1.4,baseline_weakest_25
375,437_0.96_1.74.png,437,0.96,1.74,400,400,8.151726126580478,0.5185379981994629,30.870274275591342,0.9837605357170105,32.09290142513643,0.9841411709785461,1.2226271495450902,0.00038063526153564453,A>=0.95,beta>=1.7,A>=0.95 | beta>=1.7,baseline_middle_50
376,438_0.56_1.19.png,438,0.56,1.19,400,400,12.596715837035116,0.6875205636024475,30.658666200642287,0.976624608039856,31.123064104641493,0.9820226430892944,0.4643979039992061,0.0053980350494384766,A<0.65,1.1<=beta<1.4,A<0.65 | 1.1<=beta<1.4,baseline_middle_50
377,439_0.82_1.6.png,439,0.82,1.6,400,400,9.062370848175206,0.5611078143119812,30.30814268056547,0.9832541346549988,31.86368255448533,0.9850773811340332,1.5555398739198587,0.0018232464790344238,0.75<=A<0.85,1.4<=beta<1.7,0.75<=A<0.85 | 1.4<=beta<1.7,baseline_middle_50
378,43_0.96_1.8.png,43,0.96,1.8,400,400,10.718858151487588,0.6705940365791321,25.216995661261826,0.9606170058250427,24.161821800473877,0.9472200870513916,-1.0551738607879493,-0.013396918773651123,A>=0.95,beta>=1.7,A>=0.95 | beta>=1.7,baseline_weakest_25
379,440_0.86_1.63.png,440,0.86,1.63,400,400,8.805964374202734,0.5498883128166199,30.750017265241,0.9840911626815796,32.242366729635236,0.9852268099784851,1.4923494643942377,0.0011356472969055176,0.85<=A<0.95,1.4<=beta<1.7,0.85<=A<0.95 | 1.4<=beta<1.7,baseline_middle_50
380,441_0.7_1.99.png,441,0.7,1.99,400,400,18.673180652163115,0.9520366191864014,16.567804783685617,0.915661096572876,17.051299026790957,0.9245885610580444,0.4834942431053406,0.008927464485168457,0.65<=A<0.75,beta>=1.7,0.65<=A<0.75 | beta>=1.7,baseline_weakest_25
381,442_0.69_0.5.png,442,0.69,0.5,400,400,25.46004423398491,0.9893390536308289,20.7221111512691,0.9403567314147949,21.314487568951623,0.9489749073982239,0.592376417682523,0.008618175983428955,0.65<=A<0.75,beta<0.8,0.65<=A<0.75 | beta<0.8,baseline_weakest_25
382,443_0.56_1.04.png,443,0.56,1.04,400,400,19.42714008605588,0.9714317321777344,12.712201219476533,0.8661157488822937,12.862040171341881,0.8782359957695007,0.14983895186534824,0.012120246887207031,A<0.65,0.8<=beta<1.1,A<0.65 | 0.8<=beta<1.1,baseline_weakest_25
383,444_0.75_0.74.png,444,0.75,0.74,400,400,23.582603596256643,0.9853368401527405,21.167078428915453,0.9439787864685059,21.761065073721127,0.9517713189125061,0.5939866448056748,0.007792532444000244,0.75<=A<0.85,beta<0.8,0.75<=A<0.85 | beta<0.8,baseline_weakest_25
384,445_0.81_1.09.png,445,0.81,1.09,400,400,13.892142163271558,0.7508426904678345,27.81996443551843,0.9842652678489685,28.237685104439873,0.9847114682197571,0.41772066892144366,0.0004462003707885742,0.75<=A<0.85,0.8<=beta<1.1,0.75<=A<0.85 | 0.8<=beta<1.1,baseline_weakest_25
385,446_0.73_1.78.png,446,0.73,1.78,400,400,11.082038017371483,0.6559697985649109,27.038656537024387,0.9817532896995544,27.44538707279213,0.9836766123771667,0.40673053576774265,0.0019233226776123047,0.65<=A<0.75,beta>=1.7,0.65<=A<0.75 | beta>=1.7,baseline_weakest_25
386,447_0.86_1.46.png,447,0.86,1.46,400,400,11.655179409778613,0.6790520548820496,28.663295495212815,0.9829599857330322,28.664207970525553,0.9824395179748535,0.0009124753127380814,-0.0005204677581787109,0.85<=A<0.95,1.4<=beta<1.7,0.85<=A<0.95 | 1.4<=beta<1.7,baseline_weakest_25
387,448_0.7_1.9.png,448,0.7,1.9,400,400,10.91001838130037,0.6471971273422241,26.679547900303767,0.9807721376419067,27.270990573587575,0.9830112457275391,0.5914426732838081,0.0022391080856323242,0.65<=A<0.75,beta>=1.7,0.65<=A<0.75 | beta>=1.7,baseline_weakest_25
388,449_0.93_0.78.png,449,0.93,0.78,400,400,14.615797646462703,0.7268884181976318,31.837332792863492,0.9899519681930542,34.851649336244904,0.9858052134513855,3.014316543381412,-0.004146754741668701,0.85<=A<0.95,beta<0.8,0.85<=A<0.95 | beta<0.8,baseline_middle_50
389,44_0.73_0.53.png,44,0.73,0.53,400,400,21.468364868464572,0.90814208984375,38.421775580663734,0.9928805828094482,35.02509411892194,0.9880927801132202,-3.3966814617417924,-0.004787802696228027,0.65<=A<0.75,beta<0.8,0.65<=A<0.75 | beta<0.8,baseline_strongest_25
390,450_0.55_1.68.png,450,0.55,1.68,400,400,12.437954502493177,0.6505826711654663,28.006551149305174,0.9770656228065491,31.103072359579144,0.9845353364944458,3.09652121027397,0.0074697136878967285,A<0.65,1.4<=beta<1.7,A<0.65 | 1.4<=beta<1.7,baseline_weakest_25
391,451_0.69_1.79.png,451,0.69,1.79,400,400,10.456777734092814,0.5980139970779419,27.30498699109219,0.9783953428268433,29.70927198354889,0.9822703003883362,2.4042849924567022,0.00387495756149292,0.65<=A<0.75,beta>=1.7,0.65<=A<0.75 | beta>=1.7,baseline_weakest_25
392,452_0.62_0.88.png,452,0.62,0.88,400,400,16.524756940414132,0.768275260925293,29.98218920376166,0.9879854321479797,32.68554280396553,0.990402102470398,2.7033536002038723,0.002416670322418213,A<0.65,0.8<=beta<1.1,A<0.65 | 0.8<=beta<1.1,baseline_middle_50
393,453_0.95_0.6.png,453,0.95,0.6,400,400,14.667473576933201,0.8325104713439941,31.12127330070365,0.9889408946037292,32.65565591661464,0.9910050630569458,1.5343826159109923,0.0020641684532165527,A>=0.95,beta<0.8,A>=0.95 | beta<0.8,baseline_middle_50
394,454_0.7_1.23.png,454,0.7,1.23,400,400,12.09476118087065,0.7245957851409912,30.416945507639483,0.9860561490058899,30.617518920191387,0.9880445599555969,0.20057341255190408,0.0019884109497070312,0.65<=A<0.75,1.1<=beta<1.4,0.65<=A<0.75 | 1.1<=beta<1.4,baseline_middle_50
395,455_0.71_0.53.png,455,0.71,0.53,400,400,17.83594654716068,0.8898128271102905,33.89396417022293,0.9910184741020203,36.059288019158515,0.9938935041427612,2.1653238489355857,0.002875030040740967,0.65<=A<0.75,beta<0.8,0.65<=A<0.75 | beta<0.8,baseline_middle_50
396,456_0.72_0.84.png,456,0.72,0.84,400,400,14.402518508170473,0.8108808398246765,33.69559612307431,0.9900376796722412,33.65650471575951,0.9914248585700989,-0.03909140731479965,0.001387178897857666,0.65<=A<0.75,0.8<=beta<1.1,0.65<=A<0.75 | 0.8<=beta<1.1,baseline_middle_50
397,457_0.61_0.57.png,457,0.61,0.57,400,400,26.351271344700532,0.9851759076118469,33.15048895371539,0.9957671165466309,35.50758713677907,0.9955818057060242,2.357098183063684,-0.00018531084060668945,A<0.65,beta<0.8,A<0.65 | beta<0.8,baseline_middle_50
398,458_0.58_0.65.png,458,0.58,0.65,400,400,26.46240827560547,0.983644962310791,35.14977907257509,0.9960319399833679,33.845754366370656,0.9949573874473572,-1.3040247062044372,-0.0010745525360107422,A<0.65,beta<0.8,A<0.65 | beta<0.8,baseline_middle_50
399,459_0.97_1.71.png,459,0.97,1.71,400,400,11.335234883726415,0.8538459539413452,16.661561768681764,0.9549239873886108,16.83852149908247,0.9558064341545105,0.17695973040070712,0.0008824467658996582,A>=0.95,beta>=1.7,A>=0.95 | beta>=1.7,baseline_weakest_25
400,45_0.99_1.02.png,45,0.99,1.02,400,400,11.636482511842392,0.7582800984382629,28.955838354566808,0.9716420769691467,27.5645993637633,0.9700992107391357,-1.391238990803508,-0.0015428662300109863,A>=0.95,0.8<=beta<1.1,A>=0.95 | 0.8<=beta<1.1,baseline_middle_50
401,460_0.99_1.03.png,460,0.99,1.03,400,400,13.591080109202737,0.9077173471450806,19.033070238725198,0.970887303352356,19.690844241095476,0.9731282591819763,0.657774002370278,0.0022409558296203613,A>=0.95,0.8<=beta<1.1,A>=0.95 | 0.8<=beta<1.1,baseline_weakest_25
402,461_0.68_1.75.png,461,0.68,1.75,400,400,12.549521355948457,0.7978988289833069,29.284265443924056,0.9805923104286194,28.105845603587838,0.9789429903030396,-1.1784198403362183,-0.001649320125579834,0.65<=A<0.75,beta>=1.7,0.65<=A<0.75 | beta>=1.7,baseline_middle_50
403,462_0.91_1.52.png,462,0.91,1.52,400,400,10.762660541227733,0.7691597938537598,27.939823579182832,0.9792845249176025,24.774800748423115,0.9732363224029541,-3.1650228307597175,-0.0060482025146484375,0.85<=A<0.95,1.4<=beta<1.7,0.85<=A<0.95 | 1.4<=beta<1.7,baseline_weakest_25
404,463_0.97_1.52.png,463,0.97,1.52,400,400,10.210371421197104,0.7559155225753784,27.47891832386474,0.9780289530754089,24.205267234092553,0.9698830842971802,-3.273651089772187,-0.00814586877822876,A>=0.95,1.4<=beta<1.7,A>=0.95 | 1.4<=beta<1.7,baseline_weakest_25
405,464_0.68_1.75.png,464,0.68,1.75,400,400,12.549521355948457,0.7978988289833069,29.284265443924056,0.9805923104286194,28.105845603587838,0.9789429903030396,-1.1784198403362183,-0.001649320125579834,0.65<=A<0.75,beta>=1.7,0.65<=A<0.75 | beta>=1.7,baseline_middle_50
406,465_0.94_1.86.png,465,0.94,1.86,400,400,14.246171997685067,0.8186492919921875,30.386746821816235,0.9807683229446411,31.09088682708359,0.9804688692092896,0.7041400052673552,-0.0002994537353515625,0.85<=A<0.95,beta>=1.7,0.85<=A<0.95 | beta>=1.7,baseline_middle_50
407,466_0.99_1.63.png,466,0.99,1.63,400,400,14.580020714942998,0.8302552700042725,29.031890622749646,0.9831365346908569,29.972358109949944,0.9825686812400818,0.9404674872002978,-0.0005678534507751465,A>=0.95,1.4<=beta<1.7,A>=0.95 | 1.4<=beta<1.7,baseline_middle_50
408,467_0.71_1.76.png,467,0.71,1.76,400,400,17.474972724289447,0.859235942363739,29.72173663445932,0.9829211831092834,27.99862814065755,0.9817067980766296,-1.7231084938017673,-0.0012143850326538086,0.65<=A<0.75,beta>=1.7,0.65<=A<0.75 | beta>=1.7,baseline_middle_50
409,468_0.73_1.94.png,468,0.73,1.94,400,400,16.431028876317185,0.842710554599762,28.536723916947967,0.9810574054718018,27.183498352126225,0.9780054688453674,-1.3532255648217415,-0.003051936626434326,0.65<=A<0.75,beta>=1.7,0.65<=A<0.75 | beta>=1.7,baseline_weakest_25
410,469_0.96_1.99.png,469,0.96,1.99,400,400,8.465499231061298,0.6393591165542603,28.706521437757615,0.9517707228660583,27.932660715058233,0.9492141008377075,-0.7738607226993821,-0.00255662202835083,A>=0.95,beta>=1.7,A>=0.95 | beta>=1.7,baseline_weakest_25
411,46_0.57_1.55.png,46,0.57,1.55,400,400,11.799133400219599,0.7513036727905273,30.299027082655037,0.9749182462692261,29.17784219247949,0.9725035429000854,-1.1211848901755488,-0.002414703369140625,A<0.65,1.4<=beta<1.7,A<0.65 | 1.4<=beta<1.7,baseline_middle_50
412,470_0.53_1.34.png,470,0.53,1.34,400,400,13.503909634645979,0.7767052054405212,31.170679443761777,0.9847151041030884,33.66090630373808,0.9854645729064941,2.4902268599763033,0.0007494688034057617,A<0.65,1.1<=beta<1.4,A<0.65 | 1.1<=beta<1.4,baseline_middle_50
413,471_0.76_0.79.png,471,0.76,0.79,400,400,15.536436285021777,0.8330294489860535,32.91048072933701,0.9811497330665588,32.92600580932032,0.9808182120323181,0.01552507998331265,-0.00033152103424072266,0.75<=A<0.85,beta<0.8,0.75<=A<0.85 | beta<0.8,baseline_middle_50
414,472_0.69_0.68.png,472,0.69,0.68,400,400,17.53720303955235,0.8678895235061646,31.695789998453584,0.9839025139808655,32.09442105754916,0.982861340045929,0.39863105909557817,-0.0010411739349365234,0.65<=A<0.75,beta<0.8,0.65<=A<0.75 | beta<0.8,baseline_middle_50
415,473_0.63_0.94.png,473,0.63,0.94,400,400,20.643402887367387,0.9302018880844116,30.407400930560613,0.9876021146774292,28.338265817563773,0.9843629598617554,-2.0691351129968396,-0.003239154815673828,A<0.65,0.8<=beta<1.1,A<0.65 | 0.8<=beta<1.1,baseline_middle_50
416,474_0.6_1.43.png,474,0.6,1.43,400,400,16.515155153829944,0.8601334691047668,30.882123056505677,0.9869570136070251,30.101894893774475,0.9859802722930908,-0.780228162731202,-0.0009767413139343262,A<0.65,1.4<=beta<1.7,A<0.65 | 1.4<=beta<1.7,baseline_middle_50
417,475_0.94_1.55.png,475,0.94,1.55,400,400,11.218031091661643,0.7484118342399597,29.15195770380987,0.9835718870162964,28.58502058485894,0.9836543798446655,-0.566937118950932,8.249282836914062e-05,0.85<=A<0.95,1.4<=beta<1.7,0.85<=A<0.95 | 1.4<=beta<1.7,baseline_middle_50
418,476_0.91_1.92.png,476,0.91,1.92,400,400,10.033578939491985,0.7012248635292053,28.63386851308097,0.9813620448112488,28.17920965593725,0.9797225594520569,-0.4546588571437198,-0.0016394853591918945,0.85<=A<0.95,beta>=1.7,0.85<=A<0.95 | beta>=1.7,baseline_weakest_25
419,477_0.9_1.45.png,477,0.9,1.45,400,400,13.036143200677246,0.7770143747329712,27.99217421594388,0.9715445041656494,28.20260464036465,0.9726746082305908,0.2104304244207711,0.0011301040649414062,0.85<=A<0.95,1.4<=beta<1.7,0.85<=A<0.95 | 1.4<=beta<1.7,baseline_weakest_25
420,478_0.84_0.71.png,478,0.84,0.71,400,400,18.059484598301502,0.8966204524040222,30.8998401276843,0.9865506887435913,28.598453375034453,0.9803237318992615,-2.3013867526498473,-0.006226956844329834,0.75<=A<0.85,beta<0.8,0.75<=A<0.85 | beta<0.8,baseline_middle_50
421,479_0.79_0.62.png,479,0.79,0.62,400,400,19.204681166686616,0.9163724780082703,30.913113915356305,0.9872231483459473,28.89771154081192,0.9807015657424927,-2.0154023745443865,-0.00652158260345459,0.75<=A<0.85,beta<0.8,0.75<=A<0.85 | beta<0.8,baseline_middle_50
422,47_0.78_0.6.png,47,0.78,0.6,400,400,16.972833442468517,0.8752238154411316,28.940541837465684,0.9721933603286743,29.594733745264314,0.9768864512443542,0.65419190779863,0.004693090915679932,0.75<=A<0.85,beta<0.8,0.75<=A<0.85 | beta<0.8,baseline_middle_50
423,480_0.54_0.98.png,480,0.54,0.98,400,400,18.213231202468354,0.8940433859825134,26.793754202287868,0.9865531325340271,24.92173732530641,0.9799755215644836,-1.8720168769814585,-0.006577610969543457,A<0.65,0.8<=beta<1.1,A<0.65 | 0.8<=beta<1.1,baseline_weakest_25
424,481_0.81_0.67.png,481,0.81,0.67,400,400,16.70688970502025,0.8555569052696228,34.44547144796541,0.9885603189468384,32.6988939486237,0.9880298376083374,-1.7465774993417114,-0.0005304813385009766,0.75<=A<0.85,beta<0.8,0.75<=A<0.85 | beta<0.8,baseline_middle_50
425,482_0.91_0.62.png,482,0.91,0.62,400,400,16.153896984047137,0.8520427346229553,34.898882783587155,0.9884518980979919,33.40451844777569,0.9883950352668762,-1.4943643358114613,-5.6862831115722656e-05,0.85<=A<0.95,beta<0.8,0.85<=A<0.95 | beta<0.8,baseline_middle_50
426,483_0.64_0.86.png,483,0.64,0.86,400,400,17.231991414237445,0.8459409475326538,32.00637405416038,0.9882239699363708,30.000412876551756,0.9861485958099365,-2.0059611776086257,-0.002075374126434326,A<0.65,0.8<=beta<1.1,A<0.65 | 0.8<=beta<1.1,baseline_middle_50
427,484_0.94_1.48.png,484,0.94,1.48,400,400,10.249610173244214,0.6651479005813599,31.57896420304462,0.9816334843635559,30.781637447708118,0.9810487031936646,-0.7973267553365027,-0.0005847811698913574,0.85<=A<0.95,1.4<=beta<1.7,0.85<=A<0.95 | 1.4<=beta<1.7,baseline_middle_50
428,485_0.94_1.87.png,485,0.94,1.87,400,400,12.947819792073398,0.8275609016418457,25.45936174448016,0.9706996083259583,25.821289515827907,0.9711602330207825,0.361927771347748,0.00046062469482421875,0.85<=A<0.95,beta>=1.7,0.85<=A<0.95 | beta>=1.7,baseline_weakest_25
429,486_0.96_1.3.png,486,0.96,1.3,400,400,15.24736752358642,0.8833626508712769,25.22940528425712,0.9745814204216003,25.829534570279776,0.9760745167732239,0.600129286022657,0.0014930963516235352,A>=0.95,1.1<=beta<1.4,A>=0.95 | 1.1<=beta<1.4,baseline_weakest_25
430,487_0.7_0.65.png,487,0.7,0.65,400,400,25.629207379595563,0.9786048531532288,22.70392722404933,0.9753971099853516,21.669568578674273,0.9700860977172852,-1.0343586453750575,-0.005311012268066406,0.65<=A<0.75,beta<0.8,0.65<=A<0.75 | beta<0.8,baseline_weakest_25
431,488_0.99_1.47.png,488,0.99,1.47,400,400,13.938785102918136,0.859430730342865,26.183945093071948,0.9744436740875244,25.963722417891223,0.9736254215240479,-0.22022267518072525,-0.0008182525634765625,A>=0.95,1.4<=beta<1.7,A>=0.95 | 1.4<=beta<1.7,baseline_weakest_25
432,489_0.55_1.03.png,489,0.55,1.03,400,400,17.013595815927843,0.8526729345321655,28.411121859822547,0.985887885093689,28.093941855476317,0.9894110560417175,-0.3171800043462305,0.0035231709480285645,A<0.65,0.8<=beta<1.1,A<0.65 | 0.8<=beta<1.1,baseline_weakest_25
433,48_0.88_0.81.png,48,0.88,0.81,400,400,13.900962006721675,0.8158961534500122,29.418701874826425,0.9724313616752625,28.520641632004747,0.9735283851623535,-0.8980602428216784,0.0010970234870910645,0.85<=A<0.95,0.8<=beta<1.1,0.85<=A<0.95 | 0.8<=beta<1.1,baseline_middle_50
434,490_0.61_1.55.png,490,0.61,1.55,400,400,14.819969734126524,0.7675814032554626,25.802405701894706,0.9791887998580933,27.218537314441498,0.9822685122489929,1.416131612546792,0.003079712390899658,A<0.65,1.4<=beta<1.7,A<0.65 | 1.4<=beta<1.7,baseline_weakest_25
435,491_0.68_1.42.png,491,0.68,1.42,400,400,14.794227903822462,0.7751712203025818,28.126279359077557,0.9814927577972412,29.045480012962848,0.9855400919914246,0.9192006538852908,0.00404733419418335,0.65<=A<0.75,1.4<=beta<1.7,0.65<=A<0.75 | 1.4<=beta<1.7,baseline_weakest_25
436,492_0.53_1.9.png,492,0.53,1.9,400,400,13.923160169571918,0.7309036254882812,24.59614506970805,0.971547544002533,25.335347626473762,0.9714298248291016,0.7392025567657114,-0.00011771917343139648,A<0.65,beta>=1.7,A<0.65 | beta>=1.7,baseline_weakest_25
437,493_0.69_0.5.png,493,0.69,0.5,400,400,23.040768496403736,0.9142971634864807,27.974788477674576,0.9510191679000854,29.814725057291128,0.9640486240386963,1.8399365796165519,0.01302945613861084,0.65<=A<0.75,beta<0.8,0.65<=A<0.75 | beta<0.8,baseline_weakest_25
438,494_0.77_0.54.png,494,0.77,0.54,400,400,20.737419053959606,0.8917901515960693,28.10606232577713,0.9510399699211121,29.501047839421396,0.9611079692840576,1.394985513644265,0.010067999362945557,0.75<=A<0.85,beta<0.8,0.75<=A<0.85 | beta<0.8,baseline_weakest_25
439,495_0.74_1.05.png,495,0.74,1.05,400,400,14.456172263759443,0.8011912107467651,27.804869737511424,0.951836347579956,27.092404002060746,0.9483100175857544,-0.712465735450678,-0.00352632999420166,0.65<=A<0.75,0.8<=beta<1.1,0.65<=A<0.75 | 0.8<=beta<1.1,baseline_weakest_25
440,496_0.61_0.71.png,496,0.61,0.71,400,400,20.27238307722675,0.8860279321670532,27.983514277793358,0.9520185589790344,28.736137401991844,0.9607688784599304,0.752623124198486,0.008750319480895996,A<0.65,beta<0.8,A<0.65 | beta<0.8,baseline_weakest_25
441,497_0.7_0.61.png,497,0.7,0.61,400,400,20.02829890303041,0.8923999667167664,32.426593139297694,0.9937790036201477,31.73197588969014,0.9939576983451843,-0.6946172496075533,0.0001786947250366211,0.65<=A<0.75,beta<0.8,0.65<=A<0.75 | beta<0.8,baseline_middle_50
442,498_0.81_1.42.png,498,0.81,1.42,400,400,13.421904487162708,0.7230120301246643,30.003379429318876,0.986842691898346,30.36864087756705,0.9879451990127563,0.3652614482481731,0.0011025071144104004,0.75<=A<0.85,1.4<=beta<1.7,0.75<=A<0.85 | 1.4<=beta<1.7,baseline_middle_50
443,499_0.85_1.47.png,499,0.85,1.47,400,400,12.73437669407264,0.707645058631897,29.46056440085885,0.9856938123703003,30.861729758041868,0.9867459535598755,1.401165357183018,0.0010521411895751953,0.85<=A<0.95,1.4<=beta<1.7,0.85<=A<0.95 | 1.4<=beta<1.7,baseline_middle_50
444,49_0.7_1.47.png,49,0.7,1.47,400,400,15.7418559938108,0.8572536110877991,35.30950666279662,0.9928760528564453,34.4629581281327,0.992433488368988,-0.8465485346639241,-0.0004425644874572754,0.65<=A<0.75,1.4<=beta<1.7,0.65<=A<0.75 | 1.4<=beta<1.7,baseline_middle_50
445,4_0.85_1.44.png,4,0.85,1.44,400,400,11.138934502627329,0.6531268954277039,33.56114857897809,0.9885283708572388,31.056947533729996,0.9866521954536438,-2.504201045248095,-0.0018761754035949707,0.85<=A<0.95,1.4<=beta<1.7,0.85<=A<0.95 | 1.4<=beta<1.7,baseline_middle_50
446,500_0.73_1.2.png,500,0.73,1.2,400,400,15.261010520463682,0.7752312421798706,30.029928676179374,0.9892374277114868,29.612101790469264,0.990614652633667,-0.4178268857101095,0.0013772249221801758,0.65<=A<0.75,1.1<=beta<1.4,0.65<=A<0.75 | 1.1<=beta<1.4,baseline_middle_50
447,501_0.55_1.96.png,501,0.55,1.96,480,640,17.646766898137223,0.8190103769302368,31.108624844980923,0.987908661365509,31.61062834129296,0.9883475303649902,0.5020034963120352,0.00043886899948120117,A<0.65,beta>=1.7,A<0.65 | beta>=1.7,baseline_middle_50
448,502_0.8_1.09.png,502,0.8,1.09,480,640,17.416296655692708,0.8823630213737488,35.294577719108524,0.9929532408714294,32.74469025725222,0.9908707737922668,-2.5498874618563008,-0.0020824670791625977,0.75<=A<0.85,0.8<=beta<1.1,0.75<=A<0.85 | 0.8<=beta<1.1,baseline_middle_50
449,503_0.9_0.94.png,503,0.9,0.94,480,640,16.799927284890025,0.8887011408805847,34.25940854788086,0.9924177527427673,31.675816948503396,0.9908577799797058,-2.5835915993774634,-0.0015599727630615234,0.85<=A<0.95,0.8<=beta<1.1,0.85<=A<0.95 | 0.8<=beta<1.1,baseline_middle_50
450,504_0.84_1.72.png,504,0.84,1.72,480,640,13.70386673617115,0.7976094484329224,32.022804890210296,0.9860945343971252,30.264690494445926,0.9845132827758789,-1.7581143957643697,-0.0015812516212463379,0.75<=A<0.85,beta>=1.7,0.75<=A<0.85 | beta>=1.7,baseline_middle_50
451,505_1.0_1.88.png,505,1.0,1.88,480,640,11.924003191591721,0.7719061374664307,27.405269190817663,0.9747521281242371,27.76875037598634,0.9740840792655945,0.363481185168677,-0.0006680488586425781,A>=0.95,beta>=1.7,A>=0.95 | beta>=1.7,baseline_weakest_25
452,506_0.68_0.66.png,506,0.68,0.66,480,640,23.047924818776956,0.9432827830314636,38.850148841853155,0.9956455230712891,39.06520732653828,0.9956839084625244,0.21505848468512312,3.838539123535156e-05,0.65<=A<0.75,beta<0.8,0.65<=A<0.75 | beta<0.8,baseline_strongest_25
453,507_0.66_0.7.png,507,0.66,0.7,480,640,22.770567335000376,0.9408226609230042,38.68794941423889,0.9955856800079346,38.83770283528127,0.9955901503562927,0.14975342104238365,4.470348358154297e-06,0.65<=A<0.75,beta<0.8,0.65<=A<0.75 | beta<0.8,baseline_strongest_25
454,508_0.72_1.04.png,508,0.72,1.04,480,640,19.330655160859173,0.8997300863265991,36.0386542207765,0.992845892906189,36.469851951072854,0.9926558136940002,0.4311977302963541,-0.0001900792121887207,0.65<=A<0.75,0.8<=beta<1.1,0.65<=A<0.75 | 0.8<=beta<1.1,baseline_strongest_25
455,509_0.95_1.52.png,509,0.95,1.52,480,640,14.15255172564545,0.8437962532043457,27.595496482033013,0.9823422431945801,26.076539140402808,0.979273796081543,-1.5189573416302053,-0.0030684471130371094,A>=0.95,1.4<=beta<1.7,A>=0.95 | 1.4<=beta<1.7,baseline_weakest_25
456,50_0.66_0.83.png,50,0.66,0.83,400,400,20.222851793395883,0.9407013058662415,32.49789281846543,0.9942453503608704,32.02929334455518,0.9931305050849915,-0.4685994739102526,-0.0011148452758789062,0.65<=A<0.75,0.8<=beta<1.1,0.65<=A<0.75 | 0.8<=beta<1.1,baseline_middle_50
457,510_0.71_1.55.png,510,0.71,1.55,480,640,17.818006653244854,0.8727928400039673,31.09276722829105,0.9888768196105957,29.21329674912316,0.9874773621559143,-1.879470479167889,-0.0013994574546813965,0.65<=A<0.75,1.4<=beta<1.7,0.65<=A<0.75 | 1.4<=beta<1.7,baseline_middle_50
458,511_0.79_0.83.png,511,0.79,0.83,480,640,21.055354289741427,0.9251044392585754,34.99273206120906,0.9932804107666016,32.158839050334485,0.9920673966407776,-2.8338930108745757,-0.0012130141258239746,0.75<=A<0.85,0.8<=beta<1.1,0.75<=A<0.85 | 0.8<=beta<1.1,baseline_middle_50
459,512_0.94_1.48.png,512,0.94,1.48,480,640,14.475734797497816,0.8485710024833679,27.730955238259718,0.9827993512153625,26.255742600544394,0.9802262783050537,-1.4752126377153232,-0.002573072910308838,0.85<=A<0.95,1.4<=beta<1.7,0.85<=A<0.95 | 1.4<=beta<1.7,baseline_weakest_25
460,513_0.97_0.99.png,513,0.97,0.99,480,640,15.99185498230344,0.8878510594367981,29.479135951511665,0.9864374399185181,28.958669347757393,0.9849730134010315,-0.5204666037542722,-0.0014644265174865723,A>=0.95,0.8<=beta<1.1,A>=0.95 | 0.8<=beta<1.1,baseline_middle_50
461,514_0.92_1.6.png,514,0.92,1.6,480,640,13.91792258626068,0.8309286236763,28.74862921662096,0.9797415137290955,28.06738427890048,0.976689875125885,-0.6812449377204786,-0.0030516386032104492,0.85<=A<0.95,1.4<=beta<1.7,0.85<=A<0.95 | 1.4<=beta<1.7,baseline_weakest_25
462,515_0.62_0.56.png,515,0.62,0.56,480,640,25.502091999843408,0.9631165862083435,35.11650185930837,0.9952365756034851,35.22711576617794,0.9951150417327881,0.11061390686956685,-0.00012153387069702148,A<0.65,beta<0.8,A<0.65 | beta<0.8,baseline_middle_50
463,516_0.64_0.94.png,516,0.64,0.94,480,640,21.69106273960572,0.9294739961624146,33.34448871875546,0.9929942488670349,33.63887827082972,0.9924870133399963,0.2943895520742643,-0.0005072355270385742,A<0.65,0.8<=beta<1.1,A<0.65 | 0.8<=beta<1.1,baseline_middle_50
464,517_0.8_1.62.png,517,0.8,1.62,480,640,13.382692884536286,0.6061902046203613,38.24023419058978,0.9879693388938904,40.22134740164234,0.9884303212165833,1.981113211052559,0.0004609823226928711,0.75<=A<0.85,1.4<=beta<1.7,0.75<=A<0.85 | 1.4<=beta<1.7,baseline_strongest_25
465,518_0.86_0.85.png,518,0.86,0.85,480,640,17.35765740921314,0.6866487860679626,42.82338569494062,0.9927197694778442,42.438793978379096,0.9930674433708191,-0.38459171656152336,0.0003476738929748535,0.85<=A<0.95,0.8<=beta<1.1,0.85<=A<0.95 | 0.8<=beta<1.1,baseline_strongest_25
466,519_0.58_1.19.png,519,0.58,1.19,480,640,18.677436253745675,0.7035165429115295,41.797841430684805,0.993187427520752,43.292581641283135,0.9934327006340027,1.49474021059833,0.0002452731132507324,A<0.65,1.1<=beta<1.4,A<0.65 | 1.1<=beta<1.4,baseline_strongest_25
467,51_0.6_1.79.png,51,0.6,1.79,400,400,16.31166181874469,0.8491923213005066,29.801838396836608,0.989969789981842,31.66659231746069,0.9893728494644165,1.8647539206240822,-0.0005969405174255371,A<0.65,beta>=1.7,A<0.65 | beta>=1.7,baseline_middle_50
468,520_0.95_0.81.png,520,0.95,0.81,480,640,16.763932154654075,0.6772412061691284,41.09222333972639,0.9922409653663635,40.95839306550451,0.9925890564918518,-0.13383027422187865,0.00034809112548828125,A>=0.95,0.8<=beta<1.1,A>=0.95 | 0.8<=beta<1.1,baseline_strongest_25
469,521_0.53_1.56.png,521,0.53,1.56,480,640,19.012573725304016,0.8537161946296692,36.04575551968962,0.9898817539215088,36.68516572990309,0.9891449213027954,0.6394102102134696,-0.0007368326187133789,A<0.65,1.4<=beta<1.7,A<0.65 | 1.4<=beta<1.7,baseline_strongest_25
470,522_0.68_1.78.png,522,0.68,1.78,480,640,16.16967871299636,0.8064994215965271,35.31756769018888,0.9855297803878784,34.18109988729618,0.9844500422477722,-1.136467802892703,-0.0010797381401062012,0.65<=A<0.75,beta>=1.7,0.65<=A<0.75 | beta>=1.7,baseline_middle_50
471,523_0.5_1.76.png,523,0.5,1.76,480,640,18.4933314722371,0.8417298793792725,32.70424940687538,0.9878407120704651,32.59752463689888,0.9869652390480042,-0.10672476997649483,-0.0008754730224609375,A<0.65,beta>=1.7,A<0.65 | beta>=1.7,baseline_middle_50
472,524_0.59_1.65.png,524,0.59,1.65,480,640,17.993555587209475,0.8354800939559937,37.04988556198545,0.9885551333427429,36.192149668140786,0.987725019454956,-0.8577358938446622,-0.0008301138877868652,A<0.65,1.4<=beta<1.7,A<0.65 | 1.4<=beta<1.7,baseline_strongest_25
473,525_0.74_1.31.png,525,0.74,1.31,480,640,19.142250611666785,0.8842626214027405,37.60140229626431,0.9931257963180542,38.53013577393426,0.9936438202857971,0.928733477669951,0.0005180239677429199,0.65<=A<0.75,1.1<=beta<1.4,0.65<=A<0.75 | 1.1<=beta<1.4,baseline_strongest_25
474,526_0.73_0.69.png,526,0.73,0.69,480,640,23.939987379284673,0.936245322227478,41.23033683837414,0.9960864782333374,41.84649426204302,0.9961655139923096,0.6161574236688736,7.903575897216797e-05,0.65<=A<0.75,beta<0.8,0.65<=A<0.75 | beta<0.8,baseline_strongest_25
475,527_0.72_1.87.png,527,0.72,1.87,480,640,17.13362391271422,0.8471214771270752,35.90231555610383,0.9904720187187195,36.841836681265605,0.9916512370109558,0.9395211251617752,0.0011792182922363281,0.65<=A<0.75,beta>=1.7,0.65<=A<0.75 | beta>=1.7,baseline_strongest_25
476,528_0.95_0.76.png,528,0.95,0.76,480,640,20.166262855940545,0.9086567163467407,38.19982325633546,0.9947507381439209,38.345800006481056,0.9948615431785583,0.14597675014559286,0.00011080503463745117,A>=0.95,beta<0.8,A>=0.95 | beta<0.8,baseline_strongest_25
477,529_0.86_1.47.png,529,0.86,1.47,480,640,18.947834237767008,0.8770046830177307,35.26777296260316,0.9925135374069214,38.31960231308566,0.993162214756012,3.0518293504824996,0.0006486773490905762,0.85<=A<0.95,1.4<=beta<1.7,0.85<=A<0.95 | 1.4<=beta<1.7,baseline_middle_50
478,52_0.57_1.57.png,52,0.57,1.57,400,400,17.37227253461698,0.8796200752258301,30.06116650313515,0.9905237555503845,29.850695814192125,0.9889084100723267,-0.21047068894302612,-0.0016153454780578613,A<0.65,1.4<=beta<1.7,A<0.65 | 1.4<=beta<1.7,baseline_middle_50
479,530_0.62_1.06.png,530,0.62,1.06,480,640,22.54146617289338,0.9429011344909668,38.13667033657505,0.9936507940292358,41.19035941655359,0.9956084489822388,3.0536890799785397,0.0019576549530029297,A<0.65,0.8<=beta<1.1,A<0.65 | 0.8<=beta<1.1,baseline_strongest_25
480,531_0.78_1.72.png,531,0.78,1.72,480,640,18.59844151231638,0.8675720691680908,35.40645154083853,0.9920058846473694,38.26499382919391,0.9929032921791077,2.8585422883553804,0.0008974075317382812,0.75<=A<0.85,beta>=1.7,0.75<=A<0.85 | beta>=1.7,baseline_middle_50
481,532_0.63_1.43.png,532,0.63,1.43,480,640,20.344387662461507,0.9130447506904602,37.18363032022547,0.9926985502243042,40.22509078828768,0.9946778416633606,3.041460468062212,0.0019792914390563965,A<0.65,1.4<=beta<1.7,A<0.65 | 1.4<=beta<1.7,baseline_strongest_25
482,533_0.75_0.77.png,533,0.75,0.77,480,640,17.69596786130051,0.7960175275802612,37.171538894460035,0.9821003079414368,36.95872716044542,0.9839789867401123,-0.21281173401461473,0.0018786787986755371,0.75<=A<0.85,beta<0.8,0.75<=A<0.85 | beta<0.8,baseline_strongest_25
483,534_0.58_0.58.png,534,0.58,0.58,480,640,22.005891552359834,0.8593940138816833,38.768540147314766,0.9873022437095642,38.529687075092916,0.9881681799888611,-0.23885307222185048,0.000865936279296875,A<0.65,beta<0.8,A<0.65 | beta<0.8,baseline_strongest_25
484,535_0.65_1.44.png,535,0.65,1.44,480,640,14.668801189266112,0.7305026650428772,35.68535568589218,0.9757221341133118,34.46219597259781,0.9735116958618164,-1.223159713294372,-0.0022104382514953613,0.65<=A<0.75,1.4<=beta<1.7,0.65<=A<0.75 | 1.4<=beta<1.7,baseline_middle_50
485,536_0.93_0.57.png,536,0.93,0.57,480,640,17.905588333777217,0.8032218813896179,36.97540773207082,0.9832201600074768,36.18714597638224,0.9821735620498657,-0.7882617556885805,-0.001046597957611084,0.85<=A<0.95,beta<0.8,0.85<=A<0.95 | beta<0.8,baseline_strongest_25
486,537_0.58_1.0.png,537,0.58,1.0,480,640,20.50764138273225,0.8899645805358887,37.20126362523354,0.9945854544639587,36.501450260317654,0.9943100810050964,-0.6998133649158831,-0.0002753734588623047,A<0.65,0.8<=beta<1.1,A<0.65 | 0.8<=beta<1.1,baseline_strongest_25
487,538_0.61_1.35.png,538,0.61,1.35,480,640,18.1964881954392,0.8496918678283691,34.34613832265014,0.992455005645752,33.657049792810824,0.9915971755981445,-0.6890885298393172,-0.0008578300476074219,A<0.65,1.1<=beta<1.4,A<0.65 | 1.1<=beta<1.4,baseline_middle_50
488,539_0.86_1.44.png,539,0.86,1.44,480,640,13.622038695869943,0.7991424202919006,33.59527924754641,0.9888563752174377,32.652433738903134,0.9869514107704163,-0.9428455086432734,-0.0019049644470214844,0.85<=A<0.95,1.4<=beta<1.7,0.85<=A<0.95 | 1.4<=beta<1.7,baseline_middle_50
489,53_0.72_1.32.png,53,0.72,1.32,400,400,22.827500004618052,0.9527089595794678,30.106426408221637,0.9871425628662109,30.08105101368464,0.9877315759658813,-0.02537539453699722,0.0005890130996704102,0.65<=A<0.75,1.1<=beta<1.4,0.65<=A<0.75 | 1.1<=beta<1.4,baseline_middle_50
490,540_0.65_1.28.png,540,0.65,1.28,480,640,17.858154399916874,0.8511020541191101,35.07193957573621,0.9925711154937744,34.45448975600259,0.9917084574699402,-0.617449819733622,-0.0008626580238342285,0.65<=A<0.75,1.1<=beta<1.4,0.65<=A<0.75 | 1.1<=beta<1.4,baseline_middle_50
491,541_0.58_1.83.png,541,0.58,1.83,480,640,22.91885940863768,0.9355430603027344,35.35124961366606,0.9919444918632507,35.299047462244395,0.9918246865272522,-0.05220215142166751,-0.00011980533599853516,A<0.65,beta>=1.7,A<0.65 | beta>=1.7,baseline_middle_50
492,542_0.78_0.72.png,542,0.78,0.72,480,640,28.000949091815333,0.9703272581100464,38.661258913772905,0.9947051405906677,37.98151890961403,0.9946759343147278,-0.679740004158873,-2.9206275939941406e-05,0.75<=A<0.85,beta<0.8,0.75<=A<0.85 | beta<0.8,baseline_strongest_25
493,543_0.82_1.54.png,543,0.82,1.54,480,640,21.40865836218402,0.9191935062408447,36.98610566532135,0.9924708604812622,36.7865390119408,0.9925805926322937,-0.19956665338054336,0.00010973215103149414,0.75<=A<0.85,1.4<=beta<1.7,0.75<=A<0.85 | 1.4<=beta<1.7,baseline_strongest_25
494,544_0.53_0.73.png,544,0.53,0.73,480,640,30.626626824847733,0.9824067950248718,36.75738618994997,0.9942114353179932,36.2079449406153,0.993876576423645,-0.5494412493346701,-0.00033485889434814453,A<0.65,beta<0.8,A<0.65 | beta<0.8,baseline_strongest_25
495,545_0.65_1.46.png,545,0.65,1.46,480,640,18.035156442071504,0.8401270508766174,40.00291452285172,0.9933686852455139,40.237001384247364,0.9936684966087341,0.23408686139564594,0.00029981136322021484,0.65<=A<0.75,1.4<=beta<1.7,0.65<=A<0.75 | 1.4<=beta<1.7,baseline_strongest_25
496,546_0.93_1.03.png,546,0.93,1.03,480,640,16.11489957984282,0.8381418585777283,38.13645924139781,0.9925107955932617,38.42768279455982,0.9927766919136047,0.29122355316201265,0.0002658963203430176,0.85<=A<0.95,0.8<=beta<1.1,0.85<=A<0.95 | 0.8<=beta<1.1,baseline_strongest_25
497,547_0.86_0.87.png,547,0.86,0.87,480,640,18.299531977366104,0.870421290397644,39.52369337042005,0.9942885041236877,40.32950467953803,0.9944937229156494,0.8058113091179848,0.00020521879196166992,0.85<=A<0.95,0.8<=beta<1.1,0.85<=A<0.95 | 0.8<=beta<1.1,baseline_strongest_25
498,548_0.7_1.93.png,548,0.7,1.93,480,640,15.431933789571005,0.7848989963531494,38.06764347939706,0.9906468391418457,38.427930093028586,0.9908789396286011,0.3602866136315228,0.0002321004867553711,0.65<=A<0.75,beta>=1.7,0.65<=A<0.75 | beta>=1.7,baseline_strongest_25
499,549_0.6_0.92.png,549,0.6,0.92,480,640,20.606039123548886,0.8709172606468201,39.95874781944293,0.9952200055122375,39.46426983803383,0.9945297837257385,-0.4944779814090978,-0.0006902217864990234,A<0.65,0.8<=beta<1.1,A<0.65 | 0.8<=beta<1.1,baseline_strongest_25
500,54_0.91_0.59.png,54,0.91,0.59,400,400,24.08176808141675,0.9769777655601501,30.525332136644984,0.9899796843528748,30.596104496908243,0.9901379942893982,0.07077236026325906,0.0001583099365234375,0.85<=A<0.95,beta<0.8,0.85<=A<0.95 | beta<0.8,baseline_middle_50
501,550_0.55_1.01.png,550,0.55,1.01,480,640,20.37173618748818,0.8668982982635498,37.12130890637509,0.9947945475578308,36.935149005546755,0.9941110014915466,-0.18615990082833633,-0.0006835460662841797,A<0.65,0.8<=beta<1.1,A<0.65 | 0.8<=beta<1.1,baseline_strongest_25
502,551_0.71_1.31.png,551,0.71,1.31,480,640,16.814301683757712,0.8247793912887573,37.63821759673422,0.993381142616272,38.051743061433825,0.9930180311203003,0.41352546469960316,-0.0003631114959716797,0.65<=A<0.75,1.1<=beta<1.4,0.65<=A<0.75 | 1.1<=beta<1.4,baseline_strongest_25
503,552_0.88_1.88.png,552,0.88,1.88,480,640,11.875234556976274,0.7465157508850098,33.99087126406274,0.9869259595870972,33.72192579044565,0.9872735738754272,-0.2689454736170873,0.0003476142883300781,0.85<=A<0.95,beta>=1.7,0.85<=A<0.95 | beta>=1.7,baseline_middle_50
504,553_0.51_1.76.png,553,0.51,1.76,480,640,23.125850592237303,0.916639506816864,34.19803469357112,0.9953527450561523,33.98900840661411,0.9948102235794067,-0.20902628695700542,-0.0005425214767456055,A<0.65,beta>=1.7,A<0.65 | beta>=1.7,baseline_middle_50
505,554_0.96_1.87.png,554,0.96,1.87,480,640,18.499143463897273,0.8799609541893005,35.19015339687761,0.9920729994773865,34.15827344194871,0.992332935333252,-1.031879954928904,0.0002599358558654785,A>=0.95,beta>=1.7,A>=0.95 | beta>=1.7,baseline_middle_50
506,555_0.75_1.55.png,555,0.75,1.55,480,640,22.900331386960985,0.9075355529785156,40.996475304260905,0.9956600069999695,38.24566394659094,0.9945219159126282,-2.750811357669967,-0.0011380910873413086,0.75<=A<0.85,1.4<=beta<1.7,0.75<=A<0.85 | 1.4<=beta<1.7,baseline_strongest_25
507,556_0.61_0.91.png,556,0.61,0.91,480,640,28.357701125035618,0.9413047432899475,40.99708906624614,0.9970586895942688,42.13971877308815,0.9964468479156494,1.1426297068420084,-0.0006118416786193848,A<0.65,0.8<=beta<1.1,A<0.65 | 0.8<=beta<1.1,baseline_strongest_25
508,557_0.68_0.68.png,557,0.68,0.68,480,640,26.28256777112552,0.9072145223617554,40.07262524026055,0.9962121248245239,41.365294978543815,0.9960876703262329,1.2926697382832657,-0.00012445449829101562,0.65<=A<0.75,beta<0.8,0.65<=A<0.75 | beta<0.8,baseline_strongest_25
509,558_0.93_1.03.png,558,0.93,1.03,480,640,19.387617387108975,0.8463919162750244,37.3991412411035,0.9940488338470459,36.02596880121787,0.9926798939704895,-1.3731724398856286,-0.0013689398765563965,0.85<=A<0.95,0.8<=beta<1.1,0.85<=A<0.95 | 0.8<=beta<1.1,baseline_strongest_25
510,559_1.0_1.23.png,559,1.0,1.23,480,640,17.216639823688173,0.8220280408859253,34.223933586388846,0.9906133413314819,32.789072017763566,0.9887362122535706,-1.43486156862528,-0.001877129077911377,A>=0.95,1.1<=beta<1.4,A>=0.95 | 1.1<=beta<1.4,baseline_middle_50
511,55_0.56_1.57.png,55,0.56,1.57,400,400,24.850744768581954,0.9582692384719849,34.08947253762572,0.9895778298377991,32.2491609375981,0.9887881875038147,-1.8403116000276185,-0.000789642333984375,A<0.65,1.4<=beta<1.7,A<0.65 | 1.4<=beta<1.7,baseline_middle_50
512,560_0.74_1.77.png,560,0.74,1.77,480,640,18.52707604522805,0.821342945098877,37.591880122725165,0.992255449295044,36.40074646820417,0.9911787509918213,-1.1911336545209963,-0.0010766983032226562,0.65<=A<0.75,beta>=1.7,0.65<=A<0.75 | beta>=1.7,baseline_strongest_25
513,561_0.52_1.24.png,561,0.52,1.24,480,640,22.33294133626807,0.9199670553207397,37.18435928988934,0.995002269744873,35.56152812237801,0.9945328831672668,-1.622831167511336,-0.00046938657760620117,A<0.65,1.1<=beta<1.4,A<0.65 | 1.1<=beta<1.4,baseline_strongest_25
514,562_0.83_0.92.png,562,0.83,0.92,480,640,20.006870568543533,0.9187868237495422,37.77430635758041,0.9954720735549927,37.20832102569415,0.9950849413871765,-0.5659853318862602,-0.0003871321678161621,0.75<=A<0.85,0.8<=beta<1.1,0.75<=A<0.85 | 0.8<=beta<1.1,baseline_strongest_25
515,563_0.56_1.5.png,563,0.56,1.5,480,640,20.726576939578806,0.9020367860794067,36.60760755826019,0.9939091205596924,35.27670328571384,0.9937012195587158,-1.3309042725463485,-0.0002079010009765625,A<0.65,1.4<=beta<1.7,A<0.65 | 1.4<=beta<1.7,baseline_strongest_25
516,564_0.83_1.95.png,564,0.83,1.95,480,640,15.085642888332497,0.8477099537849426,34.4245980153243,0.9913418292999268,34.46937995287018,0.9907575249671936,0.04478193754587778,-0.0005843043327331543,0.75<=A<0.85,beta>=1.7,0.75<=A<0.85 | beta>=1.7,baseline_middle_50
517,565_0.8_0.81.png,565,0.8,0.81,480,640,20.634741498278075,0.9277194738388062,32.83821534350598,0.9900323152542114,31.77228004012037,0.9888758659362793,-1.0659353033856078,-0.001156449317932129,0.75<=A<0.85,0.8<=beta<1.1,0.75<=A<0.85 | 0.8<=beta<1.1,baseline_middle_50
518,566_0.82_1.84.png,566,0.82,1.84,480,640,14.868235368278608,0.8486146330833435,29.152023416704385,0.9759080410003662,27.247259747060035,0.9702638387680054,-1.9047636696443497,-0.00564420223236084,0.75<=A<0.85,beta>=1.7,0.75<=A<0.85 | beta>=1.7,baseline_middle_50
519,567_0.56_0.66.png,567,0.56,0.66,480,640,26.42619807488956,0.9611052870750427,38.00734889508343,0.9948508143424988,36.98374780682752,0.9945166110992432,-1.0236010882559086,-0.00033420324325561523,A<0.65,beta<0.8,A<0.65 | beta<0.8,baseline_strongest_25
520,568_0.51_1.22.png,568,0.51,1.22,480,640,22.79145881320874,0.9335503578186035,35.111709485712396,0.9925506711006165,34.57435074327353,0.9919271469116211,-0.5373587424388688,-0.0006235241889953613,A<0.65,1.1<=beta<1.4,A<0.65 | 1.1<=beta<1.4,baseline_middle_50
521,569_0.87_1.21.png,569,0.87,1.21,480,640,20.190636450164703,0.927082896232605,32.757171031788126,0.9923428297042847,33.33776633771351,0.9915787577629089,0.5805953059253852,-0.0007640719413757324,0.85<=A<0.95,1.1<=beta<1.4,0.85<=A<0.95 | 1.1<=beta<1.4,baseline_middle_50
522,56_0.84_1.19.png,56,0.84,1.19,400,400,20.569697288455508,0.9449334740638733,28.542788053583926,0.9858033061027527,28.93606301266776,0.9863381385803223,0.3932749590838327,0.0005348324775695801,0.75<=A<0.85,1.1<=beta<1.4,0.75<=A<0.85 | 1.1<=beta<1.4,baseline_weakest_25
523,570_0.63_0.57.png,570,0.63,0.57,480,640,27.589764925015963,0.9748246669769287,40.07147121418704,0.9969280362129211,40.391923004178274,0.9967718720436096,0.3204517899912318,-0.00015616416931152344,A<0.65,beta<0.8,A<0.65 | beta<0.8,baseline_strongest_25
524,571_0.95_0.72.png,571,0.95,0.72,480,640,22.472277498429936,0.9522352814674377,33.22729361515175,0.99417644739151,33.597885238138765,0.9941171407699585,0.3705916229870141,-5.930662155151367e-05,A>=0.95,beta<0.8,A>=0.95 | beta<0.8,baseline_middle_50
525,572_0.61_0.84.png,572,0.61,0.84,480,640,24.88874548922301,0.9617505669593811,38.91530168495321,0.9961003661155701,39.137654524658174,0.9959123730659485,0.22235283970496766,-0.00018799304962158203,A<0.65,0.8<=beta<1.1,A<0.65 | 0.8<=beta<1.1,baseline_strongest_25
526,573_0.91_1.54.png,573,0.91,1.54,480,640,14.272989591875373,0.8206570744514465,30.260982965678235,0.9783927798271179,31.912615449806218,0.9818528890609741,1.6516324841279832,0.003460109233856201,0.85<=A<0.95,1.4<=beta<1.7,0.85<=A<0.95 | 1.4<=beta<1.7,baseline_middle_50
527,574_0.95_1.03.png,574,0.95,1.03,480,640,16.37923475662401,0.8602779507637024,31.61743608073591,0.9843431711196899,33.49399094750001,0.9858297109603882,1.8765548667640992,0.0014865398406982422,A>=0.95,0.8<=beta<1.1,A>=0.95 | 0.8<=beta<1.1,baseline_middle_50
528,575_0.57_1.51.png,575,0.57,1.51,480,640,18.601684902063152,0.8733975887298584,35.72416553366249,0.9892480969429016,35.81767819800251,0.987237274646759,0.09351266434001815,-0.002010822296142578,A<0.65,1.4<=beta<1.7,A<0.65 | 1.4<=beta<1.7,baseline_middle_50
529,576_0.53_1.95.png,576,0.53,1.95,480,640,17.4331063808297,0.8508464694023132,34.92239240356874,0.9861329793930054,34.688291548162155,0.985329806804657,-0.23410085540658798,-0.0008031725883483887,A<0.65,beta>=1.7,A<0.65 | beta>=1.7,baseline_middle_50
530,577_0.85_0.68.png,577,0.85,0.68,480,640,18.743747659632145,0.923039972782135,36.09408335401354,0.9934031963348389,35.64778639424333,0.9936825037002563,-0.44629695977020845,0.00027930736541748047,0.85<=A<0.95,beta<0.8,0.85<=A<0.95 | beta<0.8,baseline_strongest_25
531,578_0.8_1.52.png,578,0.8,1.52,480,640,14.246581894956936,0.8346021771430969,32.71763842191366,0.986072301864624,32.95095497354418,0.9867284297943115,0.2333165516305158,0.0006561279296875,0.75<=A<0.85,1.4<=beta<1.7,0.75<=A<0.85 | 1.4<=beta<1.7,baseline_middle_50
532,579_0.52_0.61.png,579,0.52,0.61,480,640,25.193700348699373,0.9626089334487915,38.33241493497182,0.996168851852417,36.536858524623625,0.9960240721702576,-1.7955564103481976,-0.00014477968215942383,A<0.65,beta<0.8,A<0.65 | beta<0.8,baseline_strongest_25
533,57_0.67_1.75.png,57,0.67,1.75,400,400,11.188883244609666,0.7626206874847412,29.554832164186372,0.9821690320968628,28.216639524340444,0.9776027202606201,-1.3381926398459285,-0.004566311836242676,0.65<=A<0.75,beta>=1.7,0.65<=A<0.75 | beta>=1.7,baseline_middle_50
534,580_0.88_1.15.png,580,0.88,1.15,480,640,14.510237555755987,0.8586269617080688,32.84859534789434,0.9877235889434814,32.544186122664016,0.9878112077713013,-0.304409225230323,8.761882781982422e-05,0.85<=A<0.95,1.1<=beta<1.4,0.85<=A<0.95 | 1.1<=beta<1.4,baseline_middle_50
535,581_1.0_1.04.png,581,1.0,1.04,480,640,13.996147894394774,0.8575880527496338,32.54263508130477,0.9913829565048218,32.94762228504639,0.9910001754760742,0.40498720374161934,-0.0003827810287475586,A>=0.95,0.8<=beta<1.1,A>=0.95 | 0.8<=beta<1.1,baseline_middle_50
536,582_0.55_1.63.png,582,0.55,1.63,480,640,18.781229744673375,0.868638277053833,37.03986635335341,0.9929270148277283,36.370697305695494,0.9931639432907104,-0.6691690476579168,0.00023692846298217773,A<0.65,1.4<=beta<1.7,A<0.65 | 1.4<=beta<1.7,baseline_strongest_25
537,583_0.7_0.93.png,583,0.7,0.93,480,640,20.195944394835287,0.9149928092956543,36.57699995003041,0.9953017830848694,38.02610336863376,0.9955673217773438,1.4491034186033502,0.00026553869247436523,0.65<=A<0.75,0.8<=beta<1.1,0.65<=A<0.75 | 0.8<=beta<1.1,baseline_strongest_25
538,584_0.74_1.42.png,584,0.74,1.42,480,640,16.679986085321023,0.8603513240814209,34.44950657682048,0.9925583004951477,36.15759726438762,0.992591917514801,1.708090687567136,3.361701965332031e-05,0.65<=A<0.75,1.4<=beta<1.7,0.65<=A<0.75 | 1.4<=beta<1.7,baseline_middle_50
539,585_0.75_1.97.png,585,0.75,1.97,480,640,13.584545675716313,0.7942026853561401,28.434929900477727,0.9755586385726929,30.04845134199718,0.9791379570960999,1.6135214415194525,0.0035793185234069824,0.75<=A<0.85,beta>=1.7,0.75<=A<0.85 | beta>=1.7,baseline_weakest_25
540,586_0.98_1.59.png,586,0.98,1.59,480,640,11.044951857386938,0.7807598114013672,26.66603757327551,0.9731014370918274,26.6830732752979,0.9722644686698914,0.017035702022390353,-0.0008369684219360352,A>=0.95,1.4<=beta<1.7,A>=0.95 | 1.4<=beta<1.7,baseline_weakest_25
541,587_0.87_1.84.png,587,0.87,1.84,480,640,11.9041492467892,0.7796000242233276,26.74989584872307,0.9725815653800964,28.239468936838144,0.9757293462753296,1.4895730881150726,0.0031477808952331543,0.85<=A<0.95,beta>=1.7,0.85<=A<0.95 | beta>=1.7,baseline_weakest_25
542,588_0.71_0.58.png,588,0.71,0.58,480,640,22.1403317225456,0.9407126307487488,34.569807370258225,0.991401731967926,35.75941308214776,0.992378830909729,1.1896057118895342,0.0009770989418029785,0.65<=A<0.75,beta<0.8,0.65<=A<0.75 | beta<0.8,baseline_middle_50
543,589_0.81_1.82.png,589,0.81,1.82,480,640,8.770056755999919,0.4353843927383423,36.4985152422556,0.9751866459846497,35.17465301709838,0.9732460975646973,-1.323862225157221,-0.0019405484199523926,0.75<=A<0.85,beta>=1.7,0.75<=A<0.85 | beta>=1.7,baseline_strongest_25
544,58_0.51_1.21.png,58,0.51,1.21,400,400,16.032316744611418,0.8709778785705566,31.851640793878325,0.986339807510376,30.813559051147816,0.9855276346206665,-1.0380817427305082,-0.0008121728897094727,A<0.65,1.1<=beta<1.4,A<0.65 | 1.1<=beta<1.4,baseline_middle_50
545,590_0.71_1.38.png,590,0.71,1.38,480,640,11.555753764679086,0.5031948089599609,38.08552632856184,0.9828553199768066,38.324729186466215,0.9807460904121399,0.2392028579043739,-0.002109229564666748,0.65<=A<0.75,1.1<=beta<1.4,0.65<=A<0.75 | 1.1<=beta<1.4,baseline_strongest_25
546,591_0.6_1.21.png,591,0.6,1.21,480,640,13.8818663645159,0.5504094362258911,39.67122695639019,0.9863335490226746,40.21153339134506,0.9858677983283997,0.5403064349548643,-0.00046575069427490234,A<0.65,1.1<=beta<1.4,A<0.65 | 1.1<=beta<1.4,baseline_strongest_25
547,592_0.66_1.53.png,592,0.66,1.53,480,640,11.512773735091063,0.49668383598327637,37.45030277935557,0.9819736480712891,38.059009902216786,0.9808176755905151,0.6087071228612189,-0.0011559724807739258,0.65<=A<0.75,1.4<=beta<1.7,0.65<=A<0.75 | 1.4<=beta<1.7,baseline_strongest_25
548,593_0.87_1.5.png,593,0.87,1.5,480,640,16.729854428588844,0.7703781127929688,38.29137103768579,0.9910850524902344,35.93430441286326,0.9901889562606812,-2.3570666248225294,-0.0008960962295532227,0.85<=A<0.95,1.4<=beta<1.7,0.85<=A<0.95 | 1.4<=beta<1.7,baseline_strongest_25
549,594_0.67_1.12.png,594,0.67,1.12,480,640,21.94575849175045,0.8387957811355591,41.02506538357717,0.9942877888679504,40.43400316203903,0.9945502877235413,-0.591062221538138,0.0002624988555908203,0.65<=A<0.75,1.1<=beta<1.4,0.65<=A<0.75 | 1.1<=beta<1.4,baseline_strongest_25
550,595_0.66_0.97.png,595,0.66,0.97,480,640,23.146232155746127,0.8554203510284424,41.86736131072444,0.994670569896698,41.3778029169017,0.9950214624404907,-0.48955839382274036,0.0003508925437927246,0.65<=A<0.75,0.8<=beta<1.1,0.65<=A<0.75 | 0.8<=beta<1.1,baseline_strongest_25
551,596_0.91_0.52.png,596,0.91,0.52,480,640,23.77792323327931,0.8820780515670776,42.46660448350067,0.9950579404830933,40.82883155432551,0.9948986768722534,-1.6377729291751564,-0.00015926361083984375,0.85<=A<0.95,beta<0.8,0.85<=A<0.95 | beta<0.8,baseline_strongest_25
552,597_0.87_0.61.png,597,0.87,0.61,480,640,19.826388528496416,0.8816924691200256,39.73972727038361,0.993797779083252,38.69279647667361,0.9938225150108337,-1.046930793710004,2.473592758178711e-05,0.85<=A<0.95,beta<0.8,0.85<=A<0.95 | beta<0.8,baseline_strongest_25
553,598_0.58_1.14.png,598,0.58,1.14,480,640,19.770890090980846,0.862553060054779,38.53007585463997,0.9931433200836182,39.27443755682209,0.9933716058731079,0.7443617021821254,0.0002282857894897461,A<0.65,1.1<=beta<1.4,A<0.65 | 1.1<=beta<1.4,baseline_strongest_25
554,599_0.69_1.58.png,599,0.69,1.58,480,640,15.916630157147845,0.8049095273017883,35.3995594760131,0.9886457324028015,36.34879853480403,0.9894711971282959,0.9492390587909298,0.0008254647254943848,0.65<=A<0.75,1.4<=beta<1.7,0.65<=A<0.75 | 1.4<=beta<1.7,baseline_middle_50
555,59_0.83_0.85.png,59,0.83,0.85,400,400,14.459801230792156,0.8621912002563477,29.071122349607677,0.9870886206626892,27.762811683014977,0.9847532510757446,-1.3083106665926998,-0.00233536958694458,0.75<=A<0.85,0.8<=beta<1.1,0.75<=A<0.85 | 0.8<=beta<1.1,baseline_middle_50
556,5_0.89_1.34.png,5,0.89,1.34,400,400,13.064030088570659,0.8295921683311462,28.38581796337341,0.983623206615448,27.556060257468673,0.9830674529075623,-0.8297577059047363,-0.0005557537078857422,0.85<=A<0.95,1.1<=beta<1.4,0.85<=A<0.95 | 1.1<=beta<1.4,baseline_weakest_25
557,600_0.54_1.56.png,600,0.54,1.56,480,640,18.425501281712656,0.8344005942344666,34.334886515896905,0.9900810122489929,33.815393900492666,0.990088701248169,-0.5194926154042392,7.68899917602539e-06,A<0.65,1.4<=beta<1.7,A<0.65 | 1.4<=beta<1.7,baseline_middle_50
558,601_0.58_1.51.png,601,0.58,1.51,480,640,19.11367189631756,0.8809483647346497,33.15957379384109,0.9889468550682068,32.3692091878085,0.9881379008293152,-0.7903646060325897,-0.0008089542388916016,A<0.65,1.4<=beta<1.7,A<0.65 | 1.4<=beta<1.7,baseline_middle_50
559,602_0.6_1.52.png,602,0.6,1.52,480,640,18.80188856875356,0.8777838945388794,33.7813463827644,0.9892538189888,33.01174495356717,0.9885522723197937,-0.7696014291972304,-0.0007015466690063477,A<0.65,1.4<=beta<1.7,A<0.65 | 1.4<=beta<1.7,baseline_middle_50
560,603_0.9_0.85.png,603,0.9,0.85,480,640,17.641243988047194,0.8965344429016113,32.51716497519213,0.9878118634223938,33.18885241005634,0.9883873462677002,0.6716874348642108,0.0005754828453063965,0.85<=A<0.95,0.8<=beta<1.1,0.85<=A<0.95 | 0.8<=beta<1.1,baseline_middle_50
561,604_0.68_1.26.png,604,0.68,1.26,480,640,18.61806803870279,0.8863921761512756,33.47347621962107,0.9885358810424805,33.56713275733678,0.9886518120765686,0.09365653771570948,0.00011593103408813477,0.65<=A<0.75,1.1<=beta<1.4,0.65<=A<0.75 | 1.1<=beta<1.4,baseline_middle_50
562,605_0.78_1.73.png,605,0.78,1.73,480,640,14.090005186558095,0.7943549752235413,33.08328721046448,0.9852368235588074,33.24702737021915,0.9858720302581787,0.16374015975466705,0.0006352066993713379,0.75<=A<0.85,beta>=1.7,0.75<=A<0.85 | beta>=1.7,baseline_middle_50
563,606_0.55_1.35.png,606,0.55,1.35,480,640,18.640762569596006,0.8776274919509888,36.621936562624285,0.9921483397483826,37.71306588248532,0.9920491576194763,1.0911293198610323,-9.918212890625e-05,A<0.65,1.1<=beta<1.4,A<0.65 | 1.1<=beta<1.4,baseline_strongest_25
564,607_0.93_1.19.png,607,0.93,1.19,480,640,13.983916397003213,0.825486421585083,32.739382103974336,0.9864961504936218,32.28937913569413,0.9868068695068359,-0.45000296828020225,0.00031071901321411133,0.85<=A<0.95,1.1<=beta<1.4,0.85<=A<0.95 | 1.1<=beta<1.4,baseline_middle_50
565,608_0.61_1.18.png,608,0.61,1.18,480,640,18.90900393634681,0.8854491710662842,37.538115984932915,0.9930576086044312,37.82448904747932,0.9929344654083252,0.28637306254640293,-0.00012314319610595703,A<0.65,1.1<=beta<1.4,A<0.65 | 1.1<=beta<1.4,baseline_strongest_25
566,609_0.88_1.91.png,609,0.88,1.91,480,640,12.770754502050941,0.784955620765686,26.877188233022334,0.9636166095733643,26.243316315620895,0.9600649476051331,-0.6338719174014393,-0.003551661968231201,0.85<=A<0.95,beta>=1.7,0.85<=A<0.95 | beta>=1.7,baseline_weakest_25
567,60_0.6_1.68.png,60,0.6,1.68,400,400,12.216022115362133,0.7881020903587341,30.081636732676323,0.9827567934989929,30.139536592506516,0.9800925850868225,0.057899859830193634,-0.00266420841217041,A<0.65,1.4<=beta<1.7,A<0.65 | 1.4<=beta<1.7,baseline_middle_50
568,610_0.56_1.07.png,610,0.56,1.07,480,640,21.12372896202094,0.9120666980743408,32.061384422249304,0.9883540272712708,33.20141113852367,0.9871053695678711,1.1400267162743631,-0.0012486577033996582,A<0.65,0.8<=beta<1.1,A<0.65 | 0.8<=beta<1.1,baseline_middle_50
569,611_0.69_1.58.png,611,0.69,1.58,480,640,16.869797205986504,0.8519020676612854,29.109527454598847,0.9778626561164856,29.104196346940153,0.9761642217636108,-0.005331107658694378,-0.0016984343528747559,0.65<=A<0.75,1.4<=beta<1.7,0.65<=A<0.75 | 1.4<=beta<1.7,baseline_middle_50
570,612_0.8_0.85.png,612,0.8,0.85,480,640,19.353567675061186,0.8985152244567871,30.70241626327793,0.9842796921730042,30.97959749174779,0.9824742674827576,0.2771812284698605,-0.001805424690246582,0.75<=A<0.85,0.8<=beta<1.1,0.75<=A<0.85 | 0.8<=beta<1.1,baseline_middle_50
571,613_0.85_1.39.png,613,0.85,1.39,480,640,19.64573944557398,0.914761483669281,32.11215716089312,0.9919164180755615,33.48470868167868,0.9924295544624329,1.3725515207855636,0.0005131363868713379,0.85<=A<0.95,1.1<=beta<1.4,0.85<=A<0.95 | 1.1<=beta<1.4,baseline_middle_50
572,614_0.73_0.93.png,614,0.73,0.93,480,640,24.393108628004377,0.9515462517738342,34.003373158367324,0.9944043159484863,35.02550419510865,0.9948777556419373,1.022131036741328,0.00047343969345092773,0.65<=A<0.75,0.8<=beta<1.1,0.65<=A<0.75 | 0.8<=beta<1.1,baseline_middle_50
573,615_0.52_0.98.png,615,0.52,0.98,480,640,26.28362389755506,0.963119626045227,33.259886096932064,0.9944725632667542,33.46762299413495,0.9948270320892334,0.20773689720288502,0.00035446882247924805,A<0.65,0.8<=beta<1.1,A<0.65 | 0.8<=beta<1.1,baseline_middle_50
574,616_0.8_1.72.png,616,0.8,1.72,480,640,18.91977126215052,0.9011756777763367,32.066476564673835,0.991393506526947,33.22779935584514,0.9915139079093933,1.1613227911713082,0.00012040138244628906,0.75<=A<0.85,beta>=1.7,0.75<=A<0.85 | beta>=1.7,baseline_middle_50
575,617_0.98_0.85.png,617,0.98,0.85,480,640,19.382929354688848,0.9189817905426025,31.66546857504024,0.9883189797401428,32.12649391181533,0.9886507987976074,0.4610253367750907,0.0003318190574645996,A>=0.95,0.8<=beta<1.1,A>=0.95 | 0.8<=beta<1.1,baseline_middle_50
576,618_0.89_1.01.png,618,0.89,1.01,480,640,19.505209003739672,0.9146574139595032,32.94644137725905,0.9893413782119751,32.950344080050435,0.9891680479049683,0.003902702791386048,-0.00017333030700683594,0.85<=A<0.95,0.8<=beta<1.1,0.85<=A<0.95 | 0.8<=beta<1.1,baseline_middle_50
577,619_0.63_1.97.png,619,0.63,1.97,480,640,18.982217810463705,0.8831997513771057,34.50220572353057,0.9882557988166809,33.66201877982999,0.9882221221923828,-0.84018694370058,-3.36766242980957e-05,A<0.65,beta>=1.7,A<0.65 | beta>=1.7,baseline_middle_50
578,61_0.98_0.82.png,61,0.98,0.82,400,400,11.274786859862642,0.7329077124595642,30.850786867940002,0.9854090213775635,30.14217553151065,0.9844648838043213,-0.7086113364293531,-0.0009441375732421875,A>=0.95,0.8<=beta<1.1,A>=0.95 | 0.8<=beta<1.1,baseline_middle_50
579,620_0.56_0.87.png,620,0.56,0.87,480,640,24.494152032444376,0.9472547769546509,39.93914894565761,0.9948204159736633,40.01767717255544,0.9947644472122192,0.07852822689783068,-5.59687614440918e-05,A<0.65,0.8<=beta<1.1,A<0.65 | 0.8<=beta<1.1,baseline_strongest_25
580,621_0.68_1.14.png,621,0.68,1.14,480,640,18.21516557720781,0.8892304301261902,35.19245158350397,0.9918128848075867,35.84294267248772,0.9920527338981628,0.6504910889837561,0.00023984909057617188,0.65<=A<0.75,1.1<=beta<1.4,0.65<=A<0.75 | 1.1<=beta<1.4,baseline_middle_50
581,622_0.55_1.49.png,622,0.55,1.49,480,640,18.665514165945265,0.87811279296875,33.589608010528174,0.9900279641151428,35.05606589512526,0.9908401966094971,1.4664578845970837,0.000812232494354248,A<0.65,1.4<=beta<1.7,A<0.65 | 1.4<=beta<1.7,baseline_middle_50
582,623_0.75_1.05.png,623,0.75,1.05,480,640,17.61567685856372,0.8882423639297485,34.22846094103058,0.9912721514701843,34.73561012305548,0.9912835359573364,0.5071491820248966,1.138448715209961e-05,0.75<=A<0.85,0.8<=beta<1.1,0.75<=A<0.85 | 0.8<=beta<1.1,baseline_middle_50
583,624_0.58_0.68.png,624,0.58,0.68,480,640,23.274284474143077,0.9414940476417542,36.24396999964564,0.9947202205657959,37.57865339410131,0.9949380159378052,1.3346833944556664,0.00021779537200927734,A<0.65,beta<0.8,A<0.65 | beta<0.8,baseline_strongest_25
584,625_0.89_1.64.png,625,0.89,1.64,480,640,12.227385296267347,0.7741613388061523,31.617591268041743,0.9857723116874695,32.963236935834644,0.9875632524490356,1.3456456677929012,0.0017909407615661621,0.85<=A<0.95,1.4<=beta<1.7,0.85<=A<0.95 | 1.4<=beta<1.7,baseline_middle_50
585,626_0.78_1.81.png,626,0.78,1.81,480,640,13.263798278828297,0.7797770500183105,32.678739251904545,0.9868429899215698,33.96428929067503,0.9885044097900391,1.285550038770488,0.0016614198684692383,0.75<=A<0.85,beta>=1.7,0.75<=A<0.85 | beta>=1.7,baseline_middle_50
586,627_0.73_1.69.png,627,0.73,1.69,480,640,14.399935976587479,0.801346480846405,34.0010164854498,0.9888894557952881,35.05756304527645,0.9902995824813843,1.05654655982665,0.0014101266860961914,0.65<=A<0.75,1.4<=beta<1.7,0.65<=A<0.75 | 1.4<=beta<1.7,baseline_middle_50
587,628_0.94_1.47.png,628,0.94,1.47,480,640,12.190106236213516,0.7826050519943237,31.89143598714026,0.9865133762359619,32.67944100653108,0.9880476593971252,0.7880050193908197,0.00153428316116333,0.85<=A<0.95,1.4<=beta<1.7,0.85<=A<0.95 | 1.4<=beta<1.7,baseline_middle_50
588,629_0.58_1.06.png,629,0.58,1.06,480,640,21.306166583415312,0.9105690121650696,37.49853286450417,0.9941161274909973,38.21864821541855,0.9943145513534546,0.7201153509143765,0.0001984238624572754,A<0.65,0.8<=beta<1.1,A<0.65 | 0.8<=beta<1.1,baseline_strongest_25
589,62_0.6_0.77.png,62,0.6,0.77,400,400,14.813929712143333,0.8324609398841858,30.74602047132788,0.9891923069953918,30.670428619048668,0.9875929951667786,-0.07559185227921361,-0.0015993118286132812,A<0.65,beta<0.8,A<0.65 | beta<0.8,baseline_middle_50
590,630_0.86_1.53.png,630,0.86,1.53,480,640,14.225780241354741,0.821215033531189,30.848101697921297,0.986467719078064,32.35260388028378,0.9880468249320984,1.504502182362483,0.0015791058540344238,0.85<=A<0.95,1.4<=beta<1.7,0.85<=A<0.95 | 1.4<=beta<1.7,baseline_middle_50
591,631_0.6_1.43.png,631,0.6,1.43,480,640,19.075395534173182,0.8740630745887756,35.82777912574053,0.9921442866325378,36.65335053759068,0.9924535155296326,0.8255714118501558,0.00030922889709472656,A<0.65,1.4<=beta<1.7,A<0.65 | 1.4<=beta<1.7,baseline_strongest_25
592,632_0.57_0.74.png,632,0.57,0.74,480,640,23.986539048026398,0.9406583905220032,38.6448807409782,0.9952368140220642,39.39016505835874,0.9955273270606995,0.7452843173805377,0.0002905130386352539,A<0.65,beta<0.8,A<0.65 | beta<0.8,baseline_strongest_25
593,633_0.96_0.87.png,633,0.96,0.87,480,640,13.957413222907144,0.8357135057449341,32.17547179440775,0.9880292415618896,32.15966903090719,0.9873908162117004,-0.015802763500559536,-0.000638425350189209,A>=0.95,0.8<=beta<1.1,A>=0.95 | 0.8<=beta<1.1,baseline_middle_50
594,634_0.93_1.27.png,634,0.93,1.27,480,640,11.976606794819045,0.7854788303375244,30.10885399830903,0.9824408888816833,30.895290529472398,0.981579601764679,0.7864365311633676,-0.0008612871170043945,0.85<=A<0.95,1.1<=beta<1.4,0.85<=A<0.95 | 1.1<=beta<1.4,baseline_middle_50
595,635_0.83_0.65.png,635,0.83,0.65,480,640,17.85889695039937,0.8906980156898499,35.36616581291851,0.9922866225242615,35.47255259131602,0.9922277331352234,0.10638677839750699,-5.888938903808594e-05,0.75<=A<0.85,beta<0.8,0.75<=A<0.85 | beta<0.8,baseline_middle_50
596,636_0.58_1.91.png,636,0.58,1.91,480,640,15.129855912708823,0.8001540303230286,32.76330858965723,0.9820573329925537,32.62526069550633,0.9818483591079712,-0.13804789415090113,-0.00020897388458251953,A<0.65,beta>=1.7,A<0.65 | beta>=1.7,baseline_middle_50
597,637_0.63_1.9.png,637,0.63,1.9,480,640,14.905566280865372,0.7967516183853149,33.47828504662744,0.9878344535827637,32.19686046617472,0.9873359203338623,-1.2814245804527218,-0.0004985332489013672,A<0.65,beta>=1.7,A<0.65 | beta>=1.7,baseline_middle_50
598,638_0.82_1.07.png,638,0.82,1.07,480,640,15.525606809131506,0.8471013903617859,37.08149955080577,0.9917083382606506,36.90349053704929,0.9917669892311096,-0.17800901375648692,5.8650970458984375e-05,0.75<=A<0.85,0.8<=beta<1.1,0.75<=A<0.85 | 0.8<=beta<1.1,baseline_strongest_25
599,639_0.78_0.71.png,639,0.78,0.71,480,640,18.922250697691652,0.8980653285980225,39.12548326688197,0.9946791529655457,38.78740714862151,0.994706392288208,-0.33807611826046013,2.7239322662353516e-05,0.75<=A<0.85,beta<0.8,0.75<=A<0.85 | beta<0.8,baseline_strongest_25
600,63_0.51_1.84.png,63,0.51,1.84,400,400,12.600941756772453,0.6429449319839478,29.561478653693847,0.9836987257003784,26.86391128570259,0.9801496267318726,-2.697567367991258,-0.0035490989685058594,A<0.65,beta>=1.7,A<0.65 | beta>=1.7,baseline_middle_50
601,640_0.64_1.94.png,640,0.64,1.94,480,640,14.635502453643905,0.7913252115249634,33.42340710022489,0.9873584508895874,31.946871118437844,0.9864773750305176,-1.4765359817870483,-0.0008810758590698242,A<0.65,beta>=1.7,A<0.65 | beta>=1.7,baseline_middle_50
602,641_0.95_1.18.png,641,0.95,1.18,480,640,12.17254655881229,0.4626326560974121,36.141822291218816,0.9822943806648254,37.99764842471934,0.9832377433776855,1.8558261335005213,0.0009433627128601074,A>=0.95,1.1<=beta<1.4,A>=0.95 | 1.1<=beta<1.4,baseline_strongest_25
603,642_0.99_1.18.png,642,0.99,1.18,480,640,11.789830674263527,0.45506545901298523,35.38112818334006,0.980956494808197,37.4776358285698,0.9824841022491455,2.0965076452297424,0.0015276074409484863,A>=0.95,1.1<=beta<1.4,A>=0.95 | 1.1<=beta<1.4,baseline_middle_50
604,643_0.82_0.72.png,643,0.82,0.72,480,640,17.088836242939472,0.5793390870094299,39.090004043731874,0.9884697794914246,39.28499156735037,0.9888678789138794,0.1949875236184937,0.000398099422454834,0.75<=A<0.85,beta<0.8,0.75<=A<0.85 | beta<0.8,baseline_strongest_25
605,644_0.97_1.85.png,644,0.97,1.85,480,640,9.146358991240099,0.3809768557548523,33.966642495788776,0.9731194376945496,34.73005163943183,0.9724122881889343,0.7634091436430523,-0.0007071495056152344,A>=0.95,beta>=1.7,A>=0.95 | beta>=1.7,baseline_middle_50
606,645_0.58_1.99.png,645,0.58,1.99,480,640,15.669546791878696,0.8102685809135437,33.6629790629059,0.9839195609092712,34.951992243694136,0.9844066500663757,1.2890131807882383,0.0004870891571044922,A<0.65,beta>=1.7,A<0.65 | beta>=1.7,baseline_middle_50
607,646_0.52_1.97.png,646,0.52,1.97,480,640,16.537278628245144,0.8226145505905151,32.39682712566725,0.9849000573158264,33.08551715440731,0.9864711165428162,0.6886900287400621,0.001571059226989746,A<0.65,beta>=1.7,A<0.65 | beta>=1.7,baseline_middle_50
608,647_0.82_0.94.png,647,0.82,0.94,480,640,16.647653426277124,0.8612379431724548,36.6100827331043,0.9903907775878906,36.36932142077688,0.9900063872337341,-0.2407613123274217,-0.00038439035415649414,0.75<=A<0.85,0.8<=beta<1.1,0.75<=A<0.85 | 0.8<=beta<1.1,baseline_strongest_25
609,648_0.94_1.95.png,648,0.94,1.95,480,640,10.784964810507613,0.7381727695465088,28.468268617982012,0.9541574716567993,28.97675739513195,0.956615686416626,0.5084887771499389,0.00245821475982666,0.85<=A<0.95,beta>=1.7,0.85<=A<0.95 | beta>=1.7,baseline_weakest_25
610,649_0.85_1.14.png,649,0.85,1.14,480,640,12.54251937475598,0.695288896560669,37.723137646568844,0.9929255247116089,39.42783862263452,0.9931020736694336,1.7047009760656735,0.00017654895782470703,0.85<=A<0.95,1.1<=beta<1.4,0.85<=A<0.95 | 1.1<=beta<1.4,baseline_strongest_25
611,64_0.62_0.79.png,64,0.62,0.79,400,400,14.354412150890246,0.8218002915382385,30.87542267389473,0.9896445274353027,30.688669230341322,0.9879157543182373,-0.18675344355340684,-0.0017287731170654297,A<0.65,beta<0.8,A<0.65 | beta<0.8,baseline_middle_50
612,650_0.56_0.65.png,650,0.56,0.65,480,640,19.209165750995435,0.824536144733429,41.17612156830701,0.9959729909896851,42.787322056526655,0.9962798357009888,1.6112004882196445,0.00030684471130371094,A<0.65,beta<0.8,A<0.65 | beta<0.8,baseline_strongest_25
613,651_0.89_1.04.png,651,0.89,1.04,480,640,12.645427112587917,0.7045016884803772,38.00067318264281,0.9930841326713562,39.46056540555205,0.993401825428009,1.4598922229092466,0.00031769275665283203,0.85<=A<0.95,0.8<=beta<1.1,0.85<=A<0.95 | 0.8<=beta<1.1,baseline_strongest_25
614,652_0.67_1.73.png,652,0.67,1.73,480,640,12.218864304350213,0.6440449953079224,34.93013196959205,0.989322304725647,35.43927259991918,0.9903446435928345,0.5091406303271313,0.0010223388671875,0.65<=A<0.75,beta>=1.7,0.65<=A<0.75 | beta>=1.7,baseline_middle_50
615,653_0.88_1.66.png,653,0.88,1.66,480,640,10.397878602540036,0.398546427488327,37.73427843987336,0.9711940288543701,36.975381591081124,0.9698845744132996,-0.758896848792233,-0.0013094544410705566,0.85<=A<0.95,1.4<=beta<1.7,0.85<=A<0.95 | 1.4<=beta<1.7,baseline_strongest_25
616,654_0.84_1.35.png,654,0.84,1.35,480,640,12.155081510323456,0.43486303091049194,39.19023020158845,0.9772891402244568,38.34117614413563,0.9776623845100403,-0.8490540574528183,0.0003732442855834961,0.75<=A<0.85,1.1<=beta<1.4,0.75<=A<0.85 | 1.1<=beta<1.4,baseline_strongest_25
617,655_0.8_1.51.png,655,0.8,1.51,480,640,11.838920126533601,0.42661252617836,39.016308237964594,0.9760656952857971,38.569917135843205,0.9765022397041321,-0.4463911021213889,0.00043654441833496094,0.75<=A<0.85,1.4<=beta<1.7,0.75<=A<0.85 | 1.4<=beta<1.7,baseline_strongest_25
618,656_0.88_1.72.png,656,0.88,1.72,480,640,10.174466708038135,0.3936229348182678,37.21660597028802,0.9708595275878906,36.77037412464299,0.969706118106842,-0.4462318456450305,-0.001153409481048584,0.85<=A<0.95,beta>=1.7,0.85<=A<0.95 | beta>=1.7,baseline_strongest_25
619,657_0.61_1.25.png,657,0.61,1.25,480,640,18.49399081289662,0.7953914999961853,38.01512674263153,0.9888066053390503,37.27379326983272,0.9894809126853943,-0.7413334727988072,0.0006743073463439941,A<0.65,1.1<=beta<1.4,A<0.65 | 1.1<=beta<1.4,baseline_strongest_25
620,658_0.67_0.54.png,658,0.67,0.54,480,640,24.077528058602763,0.8751576542854309,42.136787320820204,0.9940163493156433,42.138942547009705,0.994554877281189,0.002155226189501036,0.0005385279655456543,0.65<=A<0.75,beta<0.8,0.65<=A<0.75 | beta<0.8,baseline_strongest_25
621,659_0.8_1.18.png,659,0.8,1.18,480,640,16.718152468214477,0.770513117313385,37.95243378672996,0.9872245788574219,36.98370710003131,0.9877030253410339,-0.9687266866986519,0.00047844648361206055,0.75<=A<0.85,1.1<=beta<1.4,0.75<=A<0.85 | 1.1<=beta<1.4,baseline_strongest_25
622,65_0.89_0.51.png,65,0.89,0.51,400,400,24.715976396602052,0.9741595983505249,29.03191044626118,0.9830749034881592,31.583286289063686,0.9887851476669312,2.551375842802507,0.005710244178771973,0.85<=A<0.95,beta<0.8,0.85<=A<0.95 | beta<0.8,baseline_middle_50
623,660_0.62_1.91.png,660,0.62,1.91,480,640,15.697974910760792,0.729274332523346,36.00238128813746,0.9844546318054199,34.246661053566314,0.9840825796127319,-1.7557202345711431,-0.0003720521926879883,A<0.65,beta>=1.7,A<0.65 | beta>=1.7,baseline_strongest_25
624,661_0.7_0.75.png,661,0.7,0.75,480,640,23.025031070478942,0.9491544961929321,39.966784731172595,0.9962792992591858,38.01899666579292,0.9957247376441956,-1.947788065379676,-0.0005545616149902344,0.65<=A<0.75,beta<0.8,0.65<=A<0.75 | beta<0.8,baseline_strongest_25
625,662_0.79_1.86.png,662,0.79,1.86,480,640,15.765628674586889,0.8641106486320496,34.4804534410939,0.9901355504989624,34.63621709506323,0.9901436567306519,0.15576365396933056,8.106231689453125e-06,0.75<=A<0.85,beta>=1.7,0.75<=A<0.85 | beta>=1.7,baseline_middle_50
626,663_0.84_1.13.png,663,0.84,1.13,480,640,17.913890772183862,0.9062923789024353,37.2799529677401,0.9940188527107239,33.08382607723753,0.9923133850097656,-4.196126890502569,-0.001705467700958252,0.75<=A<0.85,1.1<=beta<1.4,0.75<=A<0.85 | 1.1<=beta<1.4,baseline_strongest_25
627,664_0.99_1.07.png,664,0.99,1.07,480,640,16.131104857062496,0.8939344882965088,34.78213444537658,0.9926470518112183,31.30761659753525,0.990403413772583,-3.4745178478413266,-0.002243638038635254,A>=0.95,0.8<=beta<1.1,A>=0.95 | 0.8<=beta<1.1,baseline_middle_50
628,665_0.78_1.86.png,665,0.78,1.86,480,640,15.409631760392902,0.8177726864814758,35.25911594606373,0.9888449907302856,34.399075817290544,0.988969624042511,-0.8600401287731856,0.0001246333122253418,0.75<=A<0.85,beta>=1.7,0.75<=A<0.85 | beta>=1.7,baseline_middle_50
629,666_0.72_0.6.png,666,0.72,0.6,480,640,23.445750013309386,0.9454671740531921,41.31653595796721,0.9961825013160706,40.947780614875384,0.9963389039039612,-0.3687553430918271,0.000156402587890625,0.65<=A<0.75,beta<0.8,0.65<=A<0.75 | beta<0.8,baseline_strongest_25
630,667_0.82_1.98.png,667,0.82,1.98,480,640,14.539380487623399,0.8018532395362854,34.47116312041133,0.9870616793632507,33.61475068495116,0.9871081709861755,-0.8564124354601717,4.649162292480469e-05,0.75<=A<0.85,beta>=1.7,0.75<=A<0.85 | beta>=1.7,baseline_middle_50
631,668_0.69_1.25.png,668,0.69,1.25,480,640,18.80151133867027,0.8847453594207764,37.52725023247378,0.9932368397712708,37.32752720361532,0.9935840368270874,-0.1997230288584646,0.0003471970558166504,0.65<=A<0.75,1.1<=beta<1.4,0.65<=A<0.75 | 1.1<=beta<1.4,baseline_strongest_25
632,669_0.82_1.33.png,669,0.82,1.33,480,640,15.051730433301513,0.8251163959503174,34.62182873671627,0.9879425168037415,33.828578581547994,0.9871224164962769,-0.7932501551682734,-0.0008201003074645996,0.75<=A<0.85,1.1<=beta<1.4,0.75<=A<0.85 | 1.1<=beta<1.4,baseline_middle_50
633,66_0.62_1.57.png,66,0.62,1.57,400,400,16.800542936574498,0.910861074924469,28.267396490295553,0.9829990863800049,30.33182893292302,0.986068606376648,2.064432442627467,0.0030695199966430664,A<0.65,1.4<=beta<1.7,A<0.65 | 1.4<=beta<1.7,baseline_weakest_25
634,670_0.75_1.02.png,670,0.75,1.02,480,640,17.66755110963583,0.8694291114807129,36.89292873669534,0.9920134544372559,36.07829131860993,0.9914799332618713,-0.814637418085411,-0.0005335211753845215,0.75<=A<0.85,0.8<=beta<1.1,0.75<=A<0.85 | 0.8<=beta<1.1,baseline_strongest_25
635,671_0.76_1.47.png,671,0.76,1.47,480,640,15.277723255228384,0.8186365365982056,34.760998266896465,0.9876810908317566,34.03422925225178,0.9872593879699707,-0.7267690146446881,-0.00042170286178588867,0.75<=A<0.85,1.4<=beta<1.7,0.75<=A<0.85 | 1.4<=beta<1.7,baseline_middle_50
636,672_0.65_0.76.png,672,0.65,0.76,480,640,20.88739220219614,0.910801112651825,39.329523462123895,0.9946214556694031,38.42694846270769,0.9941113591194153,-0.9025749994162027,-0.000510096549987793,0.65<=A<0.75,beta<0.8,0.65<=A<0.75 | beta<0.8,baseline_strongest_25
637,673_0.85_1.82.png,673,0.85,1.82,480,640,15.106857488084305,0.7543745040893555,36.91426689587771,0.9919071793556213,38.04107063858683,0.9918157458305359,1.1268037427091215,-9.143352508544922e-05,0.85<=A<0.95,beta>=1.7,0.85<=A<0.95 | beta>=1.7,baseline_strongest_25
638,674_0.95_1.43.png,674,0.95,1.43,480,640,15.70902806825255,0.7781615257263184,36.813306033142645,0.9922236800193787,36.29441895551685,0.991239607334137,-0.5188870776257914,-0.0009840726852416992,A>=0.95,1.4<=beta<1.7,A>=0.95 | 1.4<=beta<1.7,baseline_strongest_25
639,675_0.78_1.9.png,675,0.78,1.9,480,640,15.54035822635516,0.7590535283088684,36.25440916033593,0.9915146231651306,38.50362108782164,0.991860568523407,2.2492119274857103,0.0003459453582763672,0.75<=A<0.85,beta>=1.7,0.75<=A<0.85 | beta>=1.7,baseline_strongest_25
640,676_0.97_1.88.png,676,0.97,1.88,480,640,13.629152552004555,0.7288967967033386,35.533940729662504,0.9894102811813354,34.71029101081793,0.9887654781341553,-0.823649718844571,-0.0006448030471801758,A>=0.95,beta>=1.7,A>=0.95 | beta>=1.7,baseline_middle_50
641,677_0.58_1.45.png,677,0.58,1.45,480,640,17.901375201996675,0.9004948139190674,36.96822456701587,0.994388997554779,36.72790857900977,0.99351966381073,-0.24031598800609544,-0.0008693337440490723,A<0.65,1.4<=beta<1.7,A<0.65 | 1.4<=beta<1.7,baseline_strongest_25
642,678_0.62_0.73.png,678,0.62,0.73,480,640,22.854494511230932,0.9556617140769958,39.886197008574484,0.9964263439178467,41.15342042987052,0.9959113597869873,1.2672234212960376,-0.000514984130859375,A<0.65,beta<0.8,A<0.65 | beta<0.8,baseline_strongest_25
643,679_0.84_1.04.png,679,0.84,1.04,480,640,20.926291849518392,0.9164073467254639,33.937897510547316,0.9945307374000549,35.89939749450255,0.994067907333374,1.9614999839552354,-0.0004628300666809082,0.75<=A<0.85,0.8<=beta<1.1,0.75<=A<0.85 | 0.8<=beta<1.1,baseline_middle_50
644,67_0.68_1.12.png,67,0.68,1.12,400,400,19.290104366866235,0.9420136213302612,26.174169945821024,0.983041524887085,31.41556421111349,0.9895307421684265,5.241394265292467,0.006489217281341553,0.65<=A<0.75,1.1<=beta<1.4,0.65<=A<0.75 | 1.1<=beta<1.4,baseline_weakest_25
645,680_0.72_1.1.png,680,0.72,1.1,480,640,20.81943153900788,0.9199917316436768,35.585521805570565,0.9949145317077637,36.85636411953766,0.9942922592163086,1.2708423139670941,-0.0006222724914550781,0.65<=A<0.75,1.1<=beta<1.4,0.65<=A<0.75 | 1.1<=beta<1.4,baseline_middle_50
646,681_0.89_1.64.png,681,0.89,1.64,480,640,16.873974156240024,0.8488722443580627,30.012087448735166,0.9872701168060303,31.688198722340346,0.9889696836471558,1.67611127360518,0.0016995668411254883,0.85<=A<0.95,1.4<=beta<1.7,0.85<=A<0.95 | 1.4<=beta<1.7,baseline_middle_50
647,682_0.58_0.74.png,682,0.58,0.74,480,640,22.747413678331768,0.957123339176178,40.652070789728604,0.9967560768127441,39.93547306697454,0.9965286254882812,-0.7165977227540665,-0.00022745132446289062,A<0.65,beta<0.8,A<0.65 | beta<0.8,baseline_strongest_25
648,683_0.65_0.66.png,683,0.65,0.66,480,640,24.093577868029094,0.9609918594360352,39.57510514567772,0.9966704845428467,38.17229240283944,0.9963629841804504,-1.4028127428382788,-0.00030750036239624023,0.65<=A<0.75,beta<0.8,0.65<=A<0.75 | beta<0.8,baseline_strongest_25
649,684_0.89_1.28.png,684,0.89,1.28,480,640,18.214031122137598,0.8833237290382385,30.889682594530797,0.9899288415908813,32.22248367320915,0.9915238618850708,1.3328010786783508,0.0015950202941894531,0.85<=A<0.95,1.1<=beta<1.4,0.85<=A<0.95 | 1.1<=beta<1.4,baseline_middle_50
650,685_0.95_1.13.png,685,0.95,1.13,480,640,11.294743316377023,0.720256507396698,31.21627334403493,0.9840401411056519,30.54241620312594,0.9828464984893799,-0.6738571409089928,-0.0011936426162719727,A>=0.95,1.1<=beta<1.4,A>=0.95 | 1.1<=beta<1.4,baseline_middle_50
651,686_0.88_1.15.png,686,0.88,1.15,480,640,12.072965975143417,0.7312947511672974,32.201559621256635,0.9857590198516846,31.643221750186463,0.9842448234558105,-0.5583378710701723,-0.0015141963958740234,0.85<=A<0.95,1.1<=beta<1.4,0.85<=A<0.95 | 1.1<=beta<1.4,baseline_middle_50
652,687_0.97_0.94.png,687,0.97,0.94,480,640,12.200408871178382,0.749465823173523,30.988832809149507,0.985205352306366,30.713123736392376,0.9843354225158691,-0.27570907275713097,-0.0008699297904968262,A>=0.95,0.8<=beta<1.1,A>=0.95 | 0.8<=beta<1.1,baseline_middle_50
653,688_0.83_1.51.png,688,0.83,1.51,480,640,11.178067390381354,0.6888772249221802,32.385613759970376,0.9831689596176147,31.611917147344663,0.981879472732544,-0.773696612625713,-0.0012894868850708008,0.75<=A<0.85,1.4<=beta<1.7,0.75<=A<0.85 | 1.4<=beta<1.7,baseline_middle_50
654,689_0.67_0.91.png,689,0.67,0.91,480,640,22.622308808526665,0.9269591569900513,41.99157236527771,0.9963971972465515,40.964632453378854,0.9961837530136108,-1.0269399118988574,-0.00021344423294067383,0.65<=A<0.75,0.8<=beta<1.1,0.65<=A<0.75 | 0.8<=beta<1.1,baseline_strongest_25
655,68_0.78_1.68.png,68,0.78,1.68,400,400,15.666028020012464,0.8765204548835754,29.36867974593444,0.9805731773376465,28.324000714001386,0.9825758934020996,-1.044679031933054,0.002002716064453125,0.75<=A<0.85,1.4<=beta<1.7,0.75<=A<0.85 | 1.4<=beta<1.7,baseline_middle_50
656,690_0.62_0.99.png,690,0.62,0.99,480,640,22.612565460896388,0.9265893697738647,41.9024958141039,0.9962446093559265,40.69087597572241,0.9960833191871643,-1.2116198383814876,-0.00016129016876220703,A<0.65,0.8<=beta<1.1,A<0.65 | 0.8<=beta<1.1,baseline_strongest_25
657,691_0.84_1.65.png,691,0.84,1.65,480,640,16.104773159260528,0.8428561687469482,35.78772692970598,0.992638111114502,35.53676387073122,0.9915451407432556,-0.25096305897476157,-0.0010929703712463379,0.75<=A<0.85,1.4<=beta<1.7,0.75<=A<0.85 | 1.4<=beta<1.7,baseline_middle_50
658,692_0.92_1.8.png,692,0.92,1.8,480,640,14.518658721028341,0.8176950812339783,32.70016805536373,0.9898613095283508,33.08901660646217,0.9880053997039795,0.38884855109843386,-0.0018559098243713379,0.85<=A<0.95,beta>=1.7,0.85<=A<0.95 | beta>=1.7,baseline_middle_50
659,693_0.8_1.0.png,693,0.8,1.0,480,640,14.392137090989003,0.7701517939567566,36.974336395372134,0.9931097626686096,36.538891487021814,0.9923325181007385,-0.4354449083503198,-0.0007772445678710938,0.75<=A<0.85,0.8<=beta<1.1,0.75<=A<0.85 | 0.8<=beta<1.1,baseline_strongest_25
660,694_0.63_0.82.png,694,0.63,0.82,480,640,18.45585205562601,0.8308980464935303,40.415627704131545,0.9953017830848694,38.91076106481511,0.9946238994598389,-1.5048666393164325,-0.0006778836250305176,A<0.65,0.8<=beta<1.1,A<0.65 | 0.8<=beta<1.1,baseline_strongest_25
661,695_0.61_1.6.png,695,0.61,1.6,480,640,14.686076241843075,0.7271093726158142,36.40186711340284,0.9910438656806946,36.360752095662015,0.9903677105903625,-0.04111501774082171,-0.0006761550903320312,A<0.65,1.4<=beta<1.7,A<0.65 | 1.4<=beta<1.7,baseline_strongest_25
662,696_0.96_1.81.png,696,0.96,1.81,480,640,8.743694233329887,0.6232584714889526,31.599223082141474,0.981024980545044,31.829202119135488,0.981269896030426,0.22997903699401334,0.0002449154853820801,A>=0.95,beta>=1.7,A>=0.95 | beta>=1.7,baseline_middle_50
663,697_0.85_1.82.png,697,0.85,1.82,480,640,11.29346962184224,0.6968072056770325,36.02396315130423,0.989108681678772,36.607043018849794,0.9898632168769836,0.583079867545564,0.0007545351982116699,0.85<=A<0.95,beta>=1.7,0.85<=A<0.95 | beta>=1.7,baseline_strongest_25
664,698_0.51_1.13.png,698,0.51,1.13,480,640,18.88084484728037,0.8385675549507141,37.87303956169889,0.995132565498352,40.92500203670877,0.9952829480171204,3.05196247500988,0.00015038251876831055,A<0.65,1.1<=beta<1.4,A<0.65 | 1.1<=beta<1.4,baseline_strongest_25
665,699_0.67_1.68.png,699,0.67,1.68,480,640,14.203328772470545,0.7472817897796631,37.67211847376104,0.992423951625824,38.06840821100583,0.9922020435333252,0.39628973724479266,-0.0002219080924987793,0.65<=A<0.75,1.4<=beta<1.7,0.65<=A<0.75 | 1.4<=beta<1.7,baseline_strongest_25
666,69_0.85_0.92.png,69,0.85,0.92,400,400,13.150915348749475,0.7755202054977417,30.846838229011986,0.988641619682312,32.031807413838095,0.9885799884796143,1.1849691848261088,-6.16312026977539e-05,0.85<=A<0.95,0.8<=beta<1.1,0.85<=A<0.95 | 0.8<=beta<1.1,baseline_middle_50
667,6_0.59_1.99.png,6,0.59,1.99,400,400,15.79632995518021,0.8350812196731567,31.437604086208285,0.9853079319000244,30.611781485983336,0.9853466153144836,-0.8258226002249494,3.8683414459228516e-05,A<0.65,beta>=1.7,A<0.65 | beta>=1.7,baseline_middle_50
668,700_0.87_1.42.png,700,0.87,1.42,480,640,12.502917138973292,0.7375316023826599,36.88212683151568,0.9916777610778809,37.78066211271065,0.9918528199195862,0.8985352811949738,0.00017505884170532227,0.85<=A<0.95,1.4<=beta<1.7,0.85<=A<0.95 | 1.4<=beta<1.7,baseline_strongest_25
669,701_0.72_0.54.png,701,0.72,0.54,480,640,21.30878894427881,0.7403315305709839,43.049282278039136,0.9920770525932312,42.66856759416065,0.991969883441925,-0.3807146838784874,-0.00010716915130615234,0.65<=A<0.75,beta<0.8,0.65<=A<0.75 | beta<0.8,baseline_strongest_25
670,702_0.99_1.46.png,702,0.99,1.46,480,640,11.35315084971927,0.553288996219635,37.046942400384125,0.9781941771507263,37.071120985806,0.9770875573158264,0.0241785854218719,-0.0011066198348999023,A>=0.95,1.4<=beta<1.7,A>=0.95 | 1.4<=beta<1.7,baseline_strongest_25
671,703_0.99_1.55.png,703,0.99,1.55,480,640,10.985538959134429,0.5440701246261597,36.791822655014286,0.9762011170387268,36.7484385111316,0.9754290580749512,-0.04338414388268319,-0.0007720589637756348,A>=0.95,1.4<=beta<1.7,A>=0.95 | 1.4<=beta<1.7,baseline_strongest_25
672,704_0.99_1.12.png,704,0.99,1.12,480,640,13.06396293054119,0.5934708714485168,37.68341554727938,0.9823203086853027,37.928949545462324,0.9818992614746094,0.24553399818294253,-0.0004210472106933594,A>=0.95,1.1<=beta<1.4,A>=0.95 | 1.1<=beta<1.4,baseline_strongest_25
673,705_0.82_1.3.png,705,0.82,1.3,480,640,12.614569614653915,0.7524939775466919,35.84232538854904,0.989402711391449,36.49282869932481,0.9902433753013611,0.6505033107757683,0.0008406639099121094,0.75<=A<0.85,1.1<=beta<1.4,0.75<=A<0.85 | 1.1<=beta<1.4,baseline_strongest_25
674,706_0.76_0.65.png,706,0.76,0.65,480,640,17.862672928156094,0.8470333218574524,41.21433812668498,0.995471715927124,40.47408651397375,0.9952120184898376,-0.7402516127112264,-0.00025969743728637695,0.75<=A<0.85,beta<0.8,0.75<=A<0.85 | beta<0.8,baseline_strongest_25
675,707_0.88_1.27.png,707,0.88,1.27,480,640,11.991694504095838,0.7456238865852356,34.696402407157876,0.9884340763092041,35.86890176334088,0.9895310997962952,1.1724993561830033,0.0010970234870910645,0.85<=A<0.95,1.1<=beta<1.4,0.85<=A<0.95 | 1.1<=beta<1.4,baseline_middle_50
676,708_0.81_0.85.png,708,0.81,0.85,480,640,15.351960798344146,0.8095980286598206,39.061960381765104,0.9937141537666321,39.273019639706035,0.9938462972640991,0.2110592579409314,0.00013214349746704102,0.75<=A<0.85,0.8<=beta<1.1,0.75<=A<0.85 | 0.8<=beta<1.1,baseline_strongest_25
677,709_0.82_0.76.png,709,0.82,0.76,480,640,24.697094888833995,0.9381549954414368,39.147659152962646,0.995756983757019,39.19332966262862,0.995814859867096,0.045670509665974635,5.78761100769043e-05,0.75<=A<0.85,beta<0.8,0.75<=A<0.85 | beta<0.8,baseline_strongest_25
678,70_0.84_1.08.png,70,0.84,1.08,400,400,12.093175934889926,0.7454672455787659,31.03706103250962,0.9880883693695068,31.78500093977588,0.9867535829544067,0.7479399072662609,-0.0013347864151000977,0.75<=A<0.85,0.8<=beta<1.1,0.75<=A<0.85 | 0.8<=beta<1.1,baseline_middle_50
679,710_0.76_0.76.png,710,0.76,0.76,480,640,25.760371813455155,0.9430195093154907,40.18184346413351,0.9961729645729065,39.564597271887095,0.9961212873458862,-0.6172461922464123,-5.167722702026367e-05,0.75<=A<0.85,beta<0.8,0.75<=A<0.85 | beta<0.8,baseline_strongest_25
680,711_0.55_1.83.png,711,0.55,1.83,480,640,23.347921575597283,0.9057542681694031,37.65835465982049,0.9948264360427856,39.76139424638629,0.9951562285423279,2.1030395865657994,0.00032979249954223633,A<0.65,beta>=1.7,A<0.65 | beta>=1.7,baseline_strongest_25
681,712_0.91_0.63.png,712,0.91,0.63,480,640,24.655301857979946,0.9421048760414124,39.983828143231136,0.9958915710449219,40.078884231097746,0.9959518909454346,0.09505608786660957,6.031990051269531e-05,0.85<=A<0.95,beta<0.8,0.85<=A<0.95 | beta<0.8,baseline_strongest_25
682,713_0.58_0.72.png,713,0.58,0.72,480,640,25.626078269412012,0.9804765582084656,42.69748813477881,0.997385561466217,42.06440314615349,0.9975546598434448,-0.6330849886253205,0.0001690983772277832,A<0.65,beta<0.8,A<0.65 | beta<0.8,baseline_strongest_25
683,714_0.64_1.61.png,714,0.64,1.61,480,640,21.010687134336447,0.9395342469215393,38.40263921971982,0.9958661794662476,37.1041111455429,0.9957142472267151,-1.2985280741769216,-0.0001519322395324707,A<0.65,1.4<=beta<1.7,A<0.65 | 1.4<=beta<1.7,baseline_strongest_25
684,715_0.63_1.36.png,715,0.63,1.36,480,640,21.94958906337768,0.9514430165290833,40.12455150955639,0.9965767860412598,38.2951170813655,0.9963905215263367,-1.8294344281908934,-0.0001862645149230957,A<0.65,1.1<=beta<1.4,A<0.65 | 1.1<=beta<1.4,baseline_strongest_25
685,716_0.87_1.54.png,716,0.87,1.54,480,640,20.541384004324588,0.9282964468002319,31.888048653704764,0.993486225605011,32.48200706685164,0.9940747022628784,0.593958413146872,0.0005884766578674316,0.85<=A<0.95,1.4<=beta<1.7,0.85<=A<0.95 | 1.4<=beta<1.7,baseline_middle_50
686,717_0.8_0.81.png,717,0.8,0.81,480,640,22.557444498922056,0.9456332921981812,36.77184918116682,0.9951676726341248,37.07928675541167,0.9949091076850891,0.30743757424485096,-0.00025856494903564453,0.75<=A<0.85,0.8<=beta<1.1,0.75<=A<0.85 | 0.8<=beta<1.1,baseline_strongest_25
687,718_0.99_0.96.png,718,0.99,0.96,480,640,18.916149458586744,0.9189993739128113,35.263597738978575,0.9933033585548401,34.44373747698174,0.992772102355957,-0.8198602619968369,-0.0005312561988830566,A>=0.95,0.8<=beta<1.1,A>=0.95 | 0.8<=beta<1.1,baseline_middle_50
688,719_0.73_1.72.png,719,0.73,1.72,480,640,18.317236441831184,0.8932746648788452,34.88687234969484,0.9919765591621399,35.66847687459027,0.9920847415924072,0.7816045248954282,0.00010818243026733398,0.65<=A<0.75,beta>=1.7,0.65<=A<0.75 | beta>=1.7,baseline_middle_50
689,71_0.51_0.85.png,71,0.51,0.85,400,400,17.882908181916097,0.8589959740638733,31.980780027538202,0.9923179745674133,29.78124529449722,0.9912713766098022,-2.1995347330409807,-0.001046597957611084,A<0.65,0.8<=beta<1.1,A<0.65 | 0.8<=beta<1.1,baseline_middle_50
690,720_0.96_1.96.png,720,0.96,1.96,480,640,14.599786048939063,0.8515491485595703,31.167110377456126,0.9877974390983582,27.330193154139785,0.9834243655204773,-3.836917223316341,-0.004373073577880859,A>=0.95,beta>=1.7,A>=0.95 | beta>=1.7,baseline_middle_50
691,721_0.9_1.42.png,721,0.9,1.42,480,640,17.170482507002372,0.8734128475189209,33.39333660424713,0.9917670488357544,31.879356492076315,0.9912030696868896,-1.5139801121708167,-0.0005639791488647461,0.85<=A<0.95,1.4<=beta<1.7,0.85<=A<0.95 | 1.4<=beta<1.7,baseline_middle_50
692,722_0.57_1.91.png,722,0.57,1.91,480,640,17.797034676799978,0.8708146214485168,31.53876848067325,0.9896613955497742,30.4227835394874,0.9902292490005493,-1.1159849411858502,0.0005678534507751465,A<0.65,beta>=1.7,A<0.65 | beta>=1.7,baseline_middle_50
693,723_0.75_0.58.png,723,0.75,0.58,480,640,24.77908182334355,0.9621471166610718,40.28576681676344,0.9965118765830994,40.718702597856606,0.9968084096908569,0.432935781093164,0.00029653310775756836,0.75<=A<0.85,beta<0.8,0.75<=A<0.85 | beta<0.8,baseline_strongest_25
694,724_0.53_1.64.png,724,0.53,1.64,480,640,18.354995835412055,0.8927095532417297,32.632566241039925,0.9914895296096802,30.838604578017904,0.9916197061538696,-1.7939616630220208,0.00013017654418945312,A<0.65,1.4<=beta<1.7,A<0.65 | 1.4<=beta<1.7,baseline_middle_50
695,725_0.52_1.2.png,725,0.52,1.2,480,640,18.046706520920054,0.8551487922668457,37.638378293957444,0.9892550110816956,37.27509699514252,0.9895174503326416,-0.36328129881492544,0.0002624392509460449,A<0.65,1.1<=beta<1.4,A<0.65 | 1.1<=beta<1.4,baseline_strongest_25
696,726_0.61_1.15.png,726,0.61,1.15,480,640,17.703192720159624,0.8425140976905823,37.257893305815884,0.9881768226623535,37.10512314797412,0.9878062605857849,-0.15277015784176484,-0.0003705620765686035,A<0.65,1.1<=beta<1.4,A<0.65 | 1.1<=beta<1.4,baseline_strongest_25
697,727_0.64_0.73.png,727,0.64,0.73,480,640,20.509360186578476,0.8912550210952759,39.11660068975958,0.9914050698280334,39.08323083147651,0.9913289546966553,-0.03336985828306638,-7.611513137817383e-05,A<0.65,beta<0.8,A<0.65 | beta<0.8,baseline_strongest_25
698,728_0.75_1.78.png,728,0.75,1.78,480,640,13.532717869142491,0.7398779392242432,32.45602430213471,0.975018322467804,32.96251079901068,0.9736055731773376,0.5064864968759721,-0.0014127492904663086,0.75<=A<0.85,beta>=1.7,0.75<=A<0.85 | beta>=1.7,baseline_middle_50
699,729_0.93_1.82.png,729,0.93,1.82,480,640,10.793771693567207,0.7725072503089905,30.780089410713437,0.9789878129959106,30.07352046420612,0.9779756665229797,-0.7065689465073177,-0.0010121464729309082,0.85<=A<0.95,beta>=1.7,0.85<=A<0.95 | beta>=1.7,baseline_middle_50
700,72_0.99_1.92.png,72,0.99,1.92,400,400,7.894043123401642,0.5870447754859924,25.073698566177054,0.9617658853530884,26.170443047984527,0.9632153511047363,1.0967444818074732,0.0014494657516479492,A>=0.95,beta>=1.7,A>=0.95 | beta>=1.7,baseline_weakest_25
701,730_0.73_1.15.png,730,0.73,1.15,480,640,16.22195220695754,0.8706088066101074,31.688359442234262,0.9884262681007385,33.462409068141106,0.9903377294540405,1.7740496259068443,0.001911461353302002,0.65<=A<0.75,1.1<=beta<1.4,0.65<=A<0.75 | 1.1<=beta<1.4,baseline_middle_50
702,731_0.77_1.95.png,731,0.77,1.95,480,640,12.4783537477254,0.7973532676696777,32.52993476823836,0.9832066297531128,32.18620461060644,0.983635663986206,-0.34373015763192427,0.0004290342330932617,0.75<=A<0.85,beta>=1.7,0.75<=A<0.85 | beta>=1.7,baseline_middle_50
703,732_0.9_0.79.png,732,0.9,0.79,480,640,16.400381753804783,0.8814125061035156,33.42771659293875,0.9914878010749817,33.27797085347747,0.9910733103752136,-0.1497457394612809,-0.0004144906997680664,0.85<=A<0.95,beta<0.8,0.85<=A<0.95 | beta<0.8,baseline_middle_50
704,733_0.65_1.63.png,733,0.65,1.63,480,640,20.83643529334885,0.9120296835899353,31.054206626486447,0.9924941658973694,34.10183646211016,0.9939422011375427,3.0476298356237095,0.0014480352401733398,0.65<=A<0.75,1.4<=beta<1.7,0.65<=A<0.75 | 1.4<=beta<1.7,baseline_middle_50
705,734_0.89_1.57.png,734,0.89,1.57,480,640,17.86663037676677,0.8961363434791565,30.182155712002054,0.9902857542037964,31.726593209810858,0.9925624132156372,1.5444374978088042,0.0022766590118408203,0.85<=A<0.95,1.4<=beta<1.7,0.85<=A<0.95 | 1.4<=beta<1.7,baseline_middle_50
706,735_0.79_1.19.png,735,0.79,1.19,480,640,21.473686290824517,0.9320727586746216,32.38845239645415,0.9935383200645447,34.64154113028003,0.9951363205909729,2.2530887338258836,0.0015980005264282227,0.75<=A<0.85,1.1<=beta<1.4,0.75<=A<0.85 | 1.1<=beta<1.4,baseline_middle_50
707,736_0.92_0.9.png,736,0.92,0.9,480,640,20.909334244628255,0.9439255595207214,33.328303036959625,0.9941614270210266,34.12910969486417,0.995533287525177,0.8008066579045447,0.0013718605041503906,0.85<=A<0.95,0.8<=beta<1.1,0.85<=A<0.95 | 0.8<=beta<1.1,baseline_middle_50
708,737_0.97_1.23.png,737,0.97,1.23,480,640,12.56305745309997,0.7019007802009583,27.722393947176535,0.9638643860816956,26.327449820757707,0.9603023529052734,-1.394944126418828,-0.003562033176422119,A>=0.95,1.1<=beta<1.4,A>=0.95 | 1.1<=beta<1.4,baseline_weakest_25
709,738_0.8_0.91.png,738,0.8,0.91,480,640,16.47093907772572,0.7939605116844177,30.439701450037223,0.9791414737701416,29.625213559328316,0.9785292148590088,-0.8144878907089073,-0.0006122589111328125,0.75<=A<0.85,0.8<=beta<1.1,0.75<=A<0.85 | 0.8<=beta<1.1,baseline_middle_50
710,739_0.58_1.14.png,739,0.58,1.14,480,640,17.68660663153817,0.809037446975708,32.30902085926686,0.9830425381660461,31.71938172058697,0.983177661895752,-0.5896391386798889,0.00013512372970581055,A<0.65,1.1<=beta<1.4,A<0.65 | 1.1<=beta<1.4,baseline_middle_50
711,73_0.54_1.5.png,73,0.54,1.5,400,400,23.111221687551673,0.9650609493255615,22.7673033518225,0.9839721322059631,22.28707222528193,0.9824471473693848,-0.4802311265405699,-0.0015249848365783691,A<0.65,1.4<=beta<1.7,A<0.65 | 1.4<=beta<1.7,baseline_weakest_25
712,740_0.81_0.75.png,740,0.81,0.75,480,640,17.797286027543255,0.8219448328018188,30.807205553924867,0.9819957613945007,30.941430358163302,0.9825892448425293,0.13422480423843552,0.0005934834480285645,0.75<=A<0.85,beta<0.8,0.75<=A<0.85 | beta<0.8,baseline_middle_50
713,741_0.56_1.58.png,741,0.56,1.58,480,640,24.43622237178284,0.9528438448905945,37.1034869948719,0.9948725700378418,37.73383360916697,0.9949726462364197,0.6303466142950711,0.00010007619857788086,A<0.65,1.4<=beta<1.7,A<0.65 | 1.4<=beta<1.7,baseline_strongest_25
714,742_0.81_1.63.png,742,0.81,1.63,480,640,18.82555833033981,0.9298041462898254,27.507982787221017,0.9893751740455627,28.60378022560065,0.9902201294898987,1.095797438379634,0.0008449554443359375,0.75<=A<0.85,1.4<=beta<1.7,0.75<=A<0.85 | 1.4<=beta<1.7,baseline_weakest_25
715,743_0.95_1.15.png,743,0.95,1.15,480,640,18.676208099256908,0.9413655996322632,28.9737936357108,0.9914446473121643,28.276458782703923,0.9906889200210571,-0.6973348530068755,-0.0007557272911071777,A>=0.95,1.1<=beta<1.4,A>=0.95 | 1.1<=beta<1.4,baseline_middle_50
716,744_0.73_1.83.png,744,0.73,1.83,480,640,19.795366981861168,0.9289800524711609,28.28319540674114,0.9901180267333984,29.513183074843084,0.9907805919647217,1.2299876681019448,0.0006625652313232422,0.65<=A<0.75,beta>=1.7,0.65<=A<0.75 | beta>=1.7,baseline_weakest_25
717,745_0.58_1.34.png,745,0.58,1.34,480,640,21.936699356849964,0.9296567440032959,34.68923471547058,0.9915168881416321,36.06247379987538,0.9929507374763489,1.3732390844047941,0.0014338493347167969,A<0.65,1.1<=beta<1.4,A<0.65 | 1.1<=beta<1.4,baseline_middle_50
718,746_0.99_1.16.png,746,0.99,1.16,480,640,16.30825259971943,0.8893165588378906,28.386073174786553,0.9839181900024414,29.427334259817872,0.9859287738800049,1.0412610850313193,0.0020105838775634766,A>=0.95,1.1<=beta<1.4,A>=0.95 | 1.1<=beta<1.4,baseline_weakest_25
719,747_0.72_0.64.png,747,0.72,0.64,480,640,24.786655262740673,0.9572197794914246,34.51018068138298,0.9936089515686035,36.786217270723334,0.9944636821746826,2.2760365893403574,0.0008547306060791016,0.65<=A<0.75,beta<0.8,0.65<=A<0.75 | beta<0.8,baseline_middle_50
720,748_0.73_1.16.png,748,0.73,1.16,480,640,20.112885581935203,0.9212395548820496,32.22258108907091,0.9892086982727051,33.99504587568908,0.9915532469749451,1.7724647866181726,0.0023445487022399902,0.65<=A<0.75,1.1<=beta<1.4,0.65<=A<0.75 | 1.1<=beta<1.4,baseline_middle_50
721,749_0.73_1.08.png,749,0.73,1.08,480,640,22.48357448915654,0.9588019847869873,34.98337129026527,0.9937472343444824,34.040249205230594,0.9932569265365601,-0.9431220850346733,-0.0004903078079223633,0.65<=A<0.75,0.8<=beta<1.1,0.65<=A<0.75 | 0.8<=beta<1.1,baseline_middle_50
722,74_0.62_1.6.png,74,0.62,1.6,400,400,23.198171251857865,0.9613603353500366,24.396242915688184,0.985651433467865,23.460894147508213,0.9842294454574585,-0.9353487681799706,-0.0014219880104064941,A<0.65,1.4<=beta<1.7,A<0.65 | 1.4<=beta<1.7,baseline_weakest_25
723,750_0.6_1.27.png,750,0.6,1.27,480,640,23.83496065907101,0.960364043712616,36.30125802475697,0.9943910241127014,36.95659986113372,0.9944781064987183,0.6553418363767491,8.70823860168457e-05,A<0.65,1.1<=beta<1.4,A<0.65 | 1.1<=beta<1.4,baseline_strongest_25
724,751_0.54_1.86.png,751,0.54,1.86,480,640,22.236993164850603,0.9433640241622925,34.214593450440056,0.9920223355293274,34.47385482541355,0.9921994805335999,0.2592613749734909,0.00017714500427246094,A<0.65,beta>=1.7,A<0.65 | beta>=1.7,baseline_middle_50
725,752_0.51_1.28.png,752,0.51,1.28,480,640,24.788955549428398,0.9654175043106079,35.47445725299745,0.9949596524238586,36.062807669020195,0.994986891746521,0.5883504160227417,2.7239322662353516e-05,A<0.65,1.1<=beta<1.4,A<0.65 | 1.1<=beta<1.4,baseline_middle_50
726,753_0.9_1.18.png,753,0.9,1.18,480,640,19.523999508214157,0.9306402206420898,34.70867827561581,0.9926478862762451,34.05534035920666,0.9912384748458862,-0.65333791640915,-0.0014094114303588867,0.85<=A<0.95,1.1<=beta<1.4,0.85<=A<0.95 | 1.1<=beta<1.4,baseline_middle_50
727,754_0.73_1.45.png,754,0.73,1.45,480,640,20.51934314159591,0.9288569092750549,35.76802334272722,0.9935795068740845,36.09880330523526,0.9932805895805359,0.3307799625080392,-0.000298917293548584,0.65<=A<0.75,1.4<=beta<1.7,0.65<=A<0.75 | 1.4<=beta<1.7,baseline_middle_50
728,755_0.58_0.84.png,755,0.58,0.84,480,640,25.178425620856807,0.9624412059783936,39.836160258292516,0.9966173768043518,39.84841676876493,0.9962724447250366,0.012256510472411719,-0.00034493207931518555,A<0.65,0.8<=beta<1.1,A<0.65 | 0.8<=beta<1.1,baseline_strongest_25
729,756_0.75_1.06.png,756,0.75,1.06,480,640,22.284391546040013,0.9450931549072266,36.72357043540437,0.9948657751083374,36.66267950203158,0.9938374161720276,-0.06089093337278939,-0.0010283589363098145,0.75<=A<0.85,0.8<=beta<1.1,0.75<=A<0.85 | 0.8<=beta<1.1,baseline_strongest_25
730,757_0.64_1.31.png,757,0.64,1.31,480,640,19.3032704583631,0.8780395984649658,32.606830642098274,0.9913964867591858,31.920657279814026,0.9912011027336121,-0.6861733622842472,-0.00019538402557373047,A<0.65,1.1<=beta<1.4,A<0.65 | 1.1<=beta<1.4,baseline_middle_50
731,758_0.61_0.98.png,758,0.61,0.98,480,640,21.131156768553314,0.9096591472625732,34.2157287553634,0.9937520623207092,33.05171851568308,0.99314945936203,-1.164010239680323,-0.0006026029586791992,A<0.65,0.8<=beta<1.1,A<0.65 | 0.8<=beta<1.1,baseline_middle_50
732,759_0.96_0.76.png,759,0.96,0.76,480,640,19.760112368811832,0.9006861448287964,31.142781252925523,0.9902833700180054,31.324720309447574,0.9904789328575134,0.1819390565220509,0.00019556283950805664,A>=0.95,beta<0.8,A>=0.95 | beta<0.8,baseline_middle_50
733,75_0.99_0.83.png,75,0.99,0.83,400,400,15.388279711411233,0.9482842683792114,26.679298887050976,0.9899794459342957,27.312535397042023,0.9905247688293457,0.6332365099910469,0.0005453228950500488,A>=0.95,0.8<=beta<1.1,A>=0.95 | 0.8<=beta<1.1,baseline_weakest_25
734,760_0.85_1.01.png,760,0.85,1.01,480,640,19.45952473495051,0.885879397392273,31.814483612877243,0.9902909994125366,31.593414548787145,0.9903908371925354,-0.22106906409009852,9.98377799987793e-05,0.85<=A<0.95,0.8<=beta<1.1,0.85<=A<0.95 | 0.8<=beta<1.1,baseline_middle_50
735,761_0.56_1.17.png,761,0.56,1.17,480,640,18.597440181398706,0.6244369745254517,39.475081502084095,0.9908692836761475,39.26411158173367,0.9907932281494141,-0.21096992035042206,-7.605552673339844e-05,A<0.65,1.1<=beta<1.4,A<0.65 | 1.1<=beta<1.4,baseline_strongest_25
736,762_0.57_1.33.png,762,0.57,1.33,480,640,17.614139181758684,0.598421573638916,38.29309882468109,0.9894098043441772,39.14228941178658,0.98968106508255,0.8491905871054897,0.00027126073837280273,A<0.65,1.1<=beta<1.4,A<0.65 | 1.1<=beta<1.4,baseline_strongest_25
737,763_0.82_1.68.png,763,0.82,1.68,480,640,12.362973742103879,0.4898083508014679,35.69475351330803,0.9829040765762329,34.88056555124699,0.980962336063385,-0.814187962061041,-0.0019417405128479004,0.75<=A<0.85,1.4<=beta<1.7,0.75<=A<0.85 | 1.4<=beta<1.7,baseline_middle_50
738,764_0.9_1.49.png,764,0.9,1.49,480,640,12.019330601432571,0.49465155601501465,35.335535457734785,0.983193039894104,34.46428780579456,0.981103241443634,-0.871247651940223,-0.0020897984504699707,0.85<=A<0.95,1.4<=beta<1.7,0.85<=A<0.95 | 1.4<=beta<1.7,baseline_middle_50
739,765_0.56_1.92.png,765,0.56,1.92,480,640,13.573322619605737,0.6711170673370361,31.323846892201495,0.9841682314872742,30.81400236054312,0.9837197661399841,-0.5098445316583735,-0.00044846534729003906,A<0.65,beta>=1.7,A<0.65 | beta>=1.7,baseline_middle_50
740,766_0.58_1.2.png,766,0.58,1.2,480,640,16.002373011117715,0.7558558583259583,37.80436447957469,0.9923473596572876,36.354719330645665,0.9925501346588135,-1.4496451489290223,0.0002027750015258789,A<0.65,1.1<=beta<1.4,A<0.65 | 1.1<=beta<1.4,baseline_strongest_25
741,767_0.78_1.61.png,767,0.78,1.61,480,640,11.154690072425982,0.6497623920440674,33.99245853835517,0.9855515360832214,33.16088503268278,0.985430121421814,-0.8315735056723952,-0.0001214146614074707,0.75<=A<0.85,1.4<=beta<1.7,0.75<=A<0.85 | 1.4<=beta<1.7,baseline_middle_50
742,768_0.65_1.02.png,768,0.65,1.02,480,640,15.874013161711257,0.7655137181282043,39.27700376278906,0.9934244751930237,37.63352367971558,0.9932960867881775,-1.6434800830734773,-0.0001283884048461914,0.65<=A<0.75,0.8<=beta<1.1,0.65<=A<0.75 | 0.8<=beta<1.1,baseline_strongest_25
743,769_0.81_1.66.png,769,0.81,1.66,480,640,13.01019084865391,0.6237365007400513,36.54341560098274,0.9822394251823425,34.407607945375275,0.979297935962677,-2.135807655607465,-0.0029414892196655273,0.75<=A<0.85,1.4<=beta<1.7,0.75<=A<0.85 | 1.4<=beta<1.7,baseline_strongest_25
744,76_0.64_1.74.png,76,0.64,1.74,400,400,22.221535521954756,0.9556422233581543,23.150978099518245,0.9830029606819153,22.794720609381965,0.9821809530258179,-0.3562574901362794,-0.0008220076560974121,A<0.65,beta>=1.7,A<0.65 | beta>=1.7,baseline_weakest_25
745,770_0.95_0.52.png,770,0.95,0.52,480,640,19.243233801936725,0.7698010206222534,41.43553428834394,0.9923427104949951,39.80564861491908,0.9918543696403503,-1.6298856734248588,-0.0004883408546447754,A>=0.95,beta<0.8,A>=0.95 | beta<0.8,baseline_strongest_25
746,771_0.84_0.54.png,771,0.84,0.54,480,640,20.24100468826979,0.7828521132469177,41.30111710495938,0.9927945137023926,40.6748158609181,0.9926412105560303,-0.6263012440412794,-0.0001533031463623047,0.75<=A<0.85,beta<0.8,0.75<=A<0.85 | beta<0.8,baseline_strongest_25
747,772_0.69_1.76.png,772,0.69,1.76,480,640,14.285594149361742,0.6429789662361145,37.51555979809879,0.9844344258308411,36.69768624773563,0.9823480248451233,-0.81787355036316,-0.0020864009857177734,0.65<=A<0.75,beta>=1.7,0.65<=A<0.75 | beta>=1.7,baseline_strongest_25
748,773_0.51_0.63.png,773,0.51,0.63,480,640,22.60802935338082,0.7808090448379517,44.3659884321212,0.9929184317588806,45.079558496554874,0.9936767816543579,0.7135700644336751,0.0007583498954772949,A<0.65,beta<0.8,A<0.65 | beta<0.8,baseline_strongest_25
749,774_0.77_0.95.png,774,0.77,0.95,480,640,15.58849686545421,0.6519282460212708,40.91663492207659,0.988450825214386,40.90379727490686,0.9875674247741699,-0.012837647169732236,-0.0008834004402160645,0.75<=A<0.85,0.8<=beta<1.1,0.75<=A<0.85 | 0.8<=beta<1.1,baseline_strongest_25
750,775_0.63_1.13.png,775,0.63,1.13,480,640,16.4112018001581,0.6611725091934204,41.83049985440362,0.9884160757064819,42.288711162905386,0.988287627696991,0.4582113085017667,-0.0001284480094909668,A<0.65,1.1<=beta<1.4,A<0.65 | 1.1<=beta<1.4,baseline_strongest_25
751,776_0.77_1.8.png,776,0.77,1.8,480,640,11.565235017479377,0.5448978543281555,38.92983371990704,0.97968590259552,38.90338898502585,0.9800394177436829,-0.02644473488118848,0.0003535151481628418,0.75<=A<0.85,beta>=1.7,0.75<=A<0.85 | beta>=1.7,baseline_strongest_25
752,777_0.57_0.83.png,777,0.57,0.83,480,640,21.19072738405557,0.874837338924408,39.99796750042828,0.9936171174049377,39.41872702768269,0.9940565824508667,-0.5792404727455889,0.0004394650459289551,A<0.65,0.8<=beta<1.1,A<0.65 | 0.8<=beta<1.1,baseline_strongest_25
753,778_0.91_1.51.png,778,0.91,1.51,480,640,12.546109820112317,0.757883608341217,33.82192592726971,0.9849535226821899,33.514547960736955,0.9858189821243286,-0.30737796653275495,0.0008654594421386719,0.85<=A<0.95,1.4<=beta<1.7,0.85<=A<0.95 | 1.4<=beta<1.7,baseline_middle_50
754,779_0.85_0.72.png,779,0.85,0.72,480,640,18.696078608914114,0.852910041809082,37.346661381835176,0.9925645589828491,36.92598669333725,0.9931284189224243,-0.42067468849792533,0.0005638599395751953,0.85<=A<0.95,beta<0.8,0.85<=A<0.95 | beta<0.8,baseline_strongest_25
755,77_0.92_1.85.png,77,0.92,1.85,400,400,10.843003234829794,0.7071681022644043,19.607888631917174,0.9490436315536499,20.180187120141344,0.9488105773925781,0.5722984882241704,-0.00023305416107177734,0.85<=A<0.95,beta>=1.7,0.85<=A<0.95 | beta>=1.7,baseline_weakest_25
756,780_0.86_1.18.png,780,0.86,1.18,480,640,14.858885208373545,0.7982755303382874,35.86536890225555,0.9887564182281494,35.40419347557013,0.9898345470428467,-0.4611754266854149,0.0010781288146972656,0.85<=A<0.95,1.1<=beta<1.4,0.85<=A<0.95 | 1.1<=beta<1.4,baseline_strongest_25
757,781_0.52_0.96.png,781,0.52,0.96,480,640,25.36368911281146,0.9569253325462341,38.89214835748566,0.99521404504776,38.55027622878967,0.9956876039505005,-0.3418721286959894,0.0004735589027404785,A<0.65,0.8<=beta<1.1,A<0.65 | 0.8<=beta<1.1,baseline_strongest_25
758,782_0.6_0.51.png,782,0.6,0.51,480,640,28.552310590697125,0.9741499423980713,40.943544769958955,0.9966330528259277,41.894431692960936,0.9968747496604919,0.9508869230019812,0.00024169683456420898,A<0.65,beta<0.8,A<0.65 | beta<0.8,baseline_strongest_25
759,783_0.63_0.68.png,783,0.63,0.68,480,640,25.88825697036708,0.9632582068443298,39.64613700398437,0.9956689476966858,40.549442511981496,0.9960404634475708,0.9033055079971248,0.00037151575088500977,A<0.65,beta<0.8,A<0.65 | beta<0.8,baseline_strongest_25
760,784_0.5_0.79.png,784,0.5,0.79,480,640,27.02460784443914,0.9662578701972961,39.053336750143444,0.9959797859191895,38.4747320127133,0.9962424039840698,-0.5786047374301475,0.0002626180648803711,A<0.65,beta<0.8,A<0.65 | beta<0.8,baseline_strongest_25
761,785_0.54_0.53.png,785,0.54,0.53,480,640,25.63632341805054,0.9465720057487488,38.10353171429652,0.9970903396606445,38.61567342244448,0.9969159960746765,0.5121417081479578,-0.00017434358596801758,A<0.65,beta<0.8,A<0.65 | beta<0.8,baseline_strongest_25
762,786_0.77_1.16.png,786,0.77,1.16,480,640,16.947885920078694,0.8656273484230042,36.35524818059053,0.9936673045158386,35.30399247602812,0.9930481314659119,-1.0512557045624078,-0.0006191730499267578,0.75<=A<0.85,1.1<=beta<1.4,0.75<=A<0.85 | 1.1<=beta<1.4,baseline_strongest_25
763,787_0.84_1.65.png,787,0.84,1.65,480,640,13.839534481528862,0.8130409121513367,34.042415662603965,0.9892130494117737,33.30644466554206,0.9884121417999268,-0.735970997061905,-0.0008009076118469238,0.75<=A<0.85,1.4<=beta<1.7,0.75<=A<0.85 | 1.4<=beta<1.7,baseline_middle_50
764,788_0.69_0.73.png,788,0.69,0.73,480,640,21.258726693008096,0.9149977564811707,39.081267827425506,0.9961684942245483,38.701576930743606,0.9957705736160278,-0.37969089668190037,-0.0003979206085205078,0.65<=A<0.75,beta<0.8,0.65<=A<0.75 | beta<0.8,baseline_strongest_25
765,789_0.85_1.57.png,789,0.85,1.57,480,640,9.768354297903949,0.5753687620162964,38.1401682737452,0.9863561391830444,37.29333648171885,0.9855356216430664,-0.8468317920263502,-0.0008205175399780273,0.85<=A<0.95,1.4<=beta<1.7,0.85<=A<0.95 | 1.4<=beta<1.7,baseline_strongest_25
766,78_1.0_0.78.png,78,1.0,0.78,400,400,16.247296274622617,0.8466280102729797,24.475919690777786,0.9783088564872742,24.630126243316234,0.9771403074264526,0.15420655253844728,-0.0011685490608215332,A>=0.95,beta<0.8,A>=0.95 | beta<0.8,baseline_weakest_25
767,790_0.93_1.12.png,790,0.93,1.12,480,640,10.833299793379322,0.6154537796974182,38.16440337251416,0.989372193813324,37.78804216152671,0.9890275597572327,-0.37636121098744724,-0.0003446340560913086,0.85<=A<0.95,1.1<=beta<1.4,0.85<=A<0.95 | 1.1<=beta<1.4,baseline_strongest_25
768,791_0.94_1.39.png,791,0.94,1.39,480,640,9.432182661542193,0.578050971031189,37.26279467717513,0.9858760833740234,36.579754455686896,0.9853755831718445,-0.6830402214882341,-0.0005005002021789551,0.85<=A<0.95,1.1<=beta<1.4,0.85<=A<0.95 | 1.1<=beta<1.4,baseline_strongest_25
769,792_0.71_0.8.png,792,0.71,0.8,480,640,15.773020198266103,0.7110897898674011,40.82378939995736,0.9938209652900696,41.92555733432932,0.9935040473937988,1.1017679343719564,-0.00031691789627075195,0.65<=A<0.75,0.8<=beta<1.1,0.65<=A<0.75 | 0.8<=beta<1.1,baseline_strongest_25
770,793_0.81_1.92.png,793,0.81,1.92,480,640,12.78124875163716,0.643236517906189,34.24192066828822,0.9875997304916382,34.029149577381844,0.9870814681053162,-0.21277109090637936,-0.0005182623863220215,0.75<=A<0.85,beta>=1.7,0.75<=A<0.85 | beta>=1.7,baseline_middle_50
771,794_0.81_1.13.png,794,0.81,1.13,480,640,16.321056281933753,0.7367637753486633,37.18579544709994,0.9926809668540955,37.168025515702496,0.9926580190658569,-0.01776993139744576,-2.294778823852539e-05,0.75<=A<0.85,1.1<=beta<1.4,0.75<=A<0.85 | 1.1<=beta<1.4,baseline_strongest_25
772,795_0.9_2.0.png,795,0.9,2.0,480,640,11.574679820481212,0.6167993545532227,33.40870255179102,0.984992265701294,33.735859324776094,0.984856903553009,0.3271567729850702,-0.0001353621482849121,0.85<=A<0.95,beta>=1.7,0.85<=A<0.95 | beta>=1.7,baseline_middle_50
773,796_0.82_1.56.png,796,0.82,1.56,480,640,13.99879561760562,0.6798454523086548,35.384052359012976,0.9900553822517395,35.453693762776936,0.9899635314941406,0.06964140376395989,-9.185075759887695e-05,0.75<=A<0.85,1.4<=beta<1.7,0.75<=A<0.85 | 1.4<=beta<1.7,baseline_middle_50
774,797_0.73_0.63.png,797,0.73,0.63,480,640,20.823255409023858,0.8976485133171082,40.25587080283734,0.9969101548194885,39.63290027385362,0.9969615340232849,-0.6229705289837213,5.137920379638672e-05,0.65<=A<0.75,beta<0.8,0.65<=A<0.75 | beta<0.8,baseline_strongest_25
775,798_0.79_0.52.png,798,0.79,0.52,480,640,21.442486546518683,0.9066882729530334,40.785067803782724,0.9971150755882263,40.911055264740995,0.9972107410430908,0.12598746095827096,9.566545486450195e-05,0.75<=A<0.85,beta<0.8,0.75<=A<0.85 | beta<0.8,baseline_strongest_25
776,799_0.52_1.97.png,799,0.52,1.97,480,640,15.360527389130336,0.7792377471923828,27.215001099890745,0.9876565933227539,29.302857487455,0.9901636838912964,2.087856387564255,0.0025070905685424805,A<0.65,beta>=1.7,A<0.65 | beta>=1.7,baseline_weakest_25
777,79_0.63_1.89.png,79,0.63,1.89,400,400,11.73079404222204,0.7287281155586243,18.02386434833996,0.9370700716972351,17.334265475681395,0.9221001267433167,-0.6895988726585642,-0.014969944953918457,A<0.65,beta>=1.7,A<0.65 | beta>=1.7,baseline_weakest_25
778,7_0.95_1.37.png,7,0.95,1.37,400,400,12.089941470198088,0.8117634057998657,28.216061472530427,0.9828224182128906,27.480166811407635,0.9818501472473145,-0.7358946611227921,-0.0009722709655761719,A>=0.95,1.1<=beta<1.4,A>=0.95 | 1.1<=beta<1.4,baseline_weakest_25
779,800_0.55_1.84.png,800,0.55,1.84,480,640,15.623246685554042,0.7878499627113342,28.81681373285035,0.9899126887321472,31.646397489528553,0.9920676946640015,2.829583756678204,0.002155005931854248,A<0.65,beta>=1.7,A<0.65 | beta>=1.7,baseline_weakest_25
780,801_0.62_1.22.png,801,0.62,1.22,480,640,16.539575658026415,0.7957253456115723,37.85755799359891,0.9903936386108398,37.9342120699653,0.9890124201774597,0.07665407636638832,-0.001381218433380127,A<0.65,1.1<=beta<1.4,A<0.65 | 1.1<=beta<1.4,baseline_strongest_25
781,802_0.67_0.91.png,802,0.67,0.91,480,640,17.90302153083861,0.8274843096733093,38.14935197204534,0.9920697808265686,38.89252788212981,0.9912630319595337,0.7431759100844744,-0.0008067488670349121,0.65<=A<0.75,0.8<=beta<1.1,0.65<=A<0.75 | 0.8<=beta<1.1,baseline_strongest_25
782,803_0.96_1.38.png,803,0.96,1.38,480,640,11.680070909307616,0.7196620106697083,30.80643480988028,0.9782034158706665,31.540534216262873,0.9775728583335876,0.7340994063825939,-0.0006305575370788574,A>=0.95,1.1<=beta<1.4,A>=0.95 | 1.1<=beta<1.4,baseline_middle_50
783,804_0.64_0.58.png,804,0.64,0.58,480,640,21.372991261789892,0.881011962890625,40.719104185659674,0.9947508573532104,41.28499236057727,0.9941927790641785,0.5658881749175961,-0.0005580782890319824,A<0.65,beta<0.8,A<0.65 | beta<0.8,baseline_strongest_25
784,805_0.64_1.71.png,805,0.64,1.71,480,640,13.970888810093742,0.7437817454338074,34.32688135633696,0.9866474270820618,32.94607272076956,0.9851412773132324,-1.380808635567405,-0.0015061497688293457,A<0.65,beta>=1.7,A<0.65 | beta>=1.7,baseline_middle_50
785,806_0.86_1.72.png,806,0.86,1.72,480,640,11.765046702358672,0.7119224667549133,32.14916944241497,0.9811466932296753,31.86064191983168,0.9803629517555237,-0.28852752258329417,-0.0007837414741516113,0.85<=A<0.95,beta>=1.7,0.85<=A<0.95 | beta>=1.7,baseline_middle_50
786,807_0.81_1.1.png,807,0.81,1.1,480,640,14.960988209616396,0.7933033108711243,36.74423779256472,0.9924768209457397,36.753565544402505,0.9918304085731506,0.009327751837787446,-0.0006464123725891113,0.75<=A<0.85,1.1<=beta<1.4,0.75<=A<0.85 | 1.1<=beta<1.4,baseline_strongest_25
787,808_0.52_0.78.png,808,0.52,0.78,480,640,18.987515546911993,0.8789412379264832,40.68840448142016,0.9953449964523315,41.07358768267196,0.9952552914619446,0.38518320125180594,-8.970499038696289e-05,A<0.65,beta<0.8,A<0.65 | beta<0.8,baseline_strongest_25
788,809_0.73_1.63.png,809,0.73,1.63,480,640,13.581440832000096,0.7324382662773132,30.572222196301762,0.9838468432426453,31.273588919923647,0.9847572445869446,0.7013667236218843,0.0009104013442993164,0.65<=A<0.75,1.4<=beta<1.7,0.65<=A<0.75 | 1.4<=beta<1.7,baseline_middle_50
789,80_0.74_1.76.png,80,0.74,1.76,400,400,11.516873374932054,0.7274803519248962,19.3311804384263,0.9422178268432617,18.789823327231453,0.9359363317489624,-0.5413571111948485,-0.006281495094299316,0.65<=A<0.75,beta>=1.7,0.65<=A<0.75 | beta>=1.7,baseline_weakest_25
790,810_0.88_1.95.png,810,0.88,1.95,480,640,10.444451699052369,0.6558341383934021,27.480828553452362,0.9738885164260864,27.690859753263013,0.9731155037879944,0.21003119981065055,-0.000773012638092041,0.85<=A<0.95,beta>=1.7,0.85<=A<0.95 | beta>=1.7,baseline_weakest_25
791,811_0.61_0.62.png,811,0.61,0.62,480,640,22.253393088692583,0.90629643201828,39.02645834621836,0.9946860074996948,39.174967985059844,0.9945700168609619,0.14850963884148172,-0.00011599063873291016,A<0.65,beta<0.8,A<0.65 | beta<0.8,baseline_strongest_25
792,812_0.81_1.01.png,812,0.81,1.01,480,640,15.629060868165222,0.7970197200775146,30.940556628634155,0.9863590598106384,31.946717559316596,0.9878512620925903,1.0061609306824408,0.0014922022819519043,0.75<=A<0.85,0.8<=beta<1.1,0.75<=A<0.85 | 0.8<=beta<1.1,baseline_middle_50
793,813_0.58_1.0.png,813,0.58,1.0,480,640,20.615567499295267,0.9240666031837463,36.42243605167617,0.9962301254272461,37.31888940334223,0.9963428378105164,0.8964533516660609,0.00011271238327026367,A<0.65,0.8<=beta<1.1,A<0.65 | 0.8<=beta<1.1,baseline_strongest_25
794,814_0.74_1.87.png,814,0.74,1.87,480,640,14.945190699175113,0.8427304625511169,35.24365877058834,0.990807056427002,34.93873101139128,0.9913451671600342,-0.3049277591970565,0.0005381107330322266,0.65<=A<0.75,beta>=1.7,0.65<=A<0.75 | beta>=1.7,baseline_middle_50
795,815_0.97_1.1.png,815,0.97,1.1,480,640,14.52991668765694,0.8781803846359253,33.15820410160537,0.9925945401191711,33.612856471058016,0.9926702380180359,0.45465236945264564,7.56978988647461e-05,A>=0.95,1.1<=beta<1.4,A>=0.95 | 1.1<=beta<1.4,baseline_middle_50
796,816_0.61_1.87.png,816,0.61,1.87,480,640,16.711820992315324,0.8563010096549988,34.611044178942024,0.9924294948577881,35.59063477497597,0.9930101633071899,0.9795905960339439,0.0005806684494018555,A<0.65,beta>=1.7,A<0.65 | beta>=1.7,baseline_middle_50
797,817_0.59_1.1.png,817,0.59,1.1,480,640,22.221501455442834,0.9253959655761719,36.110769173603586,0.9950526356697083,37.706421347182314,0.9954593181610107,1.5956521735787277,0.00040668249130249023,A<0.65,1.1<=beta<1.4,A<0.65 | 1.1<=beta<1.4,baseline_strongest_25
798,818_0.52_0.76.png,818,0.52,0.76,480,640,26.572192849369053,0.9523329138755798,35.49057530495248,0.995464026927948,37.130940168774046,0.9961682558059692,1.640364863821567,0.0007042288780212402,A<0.65,beta<0.8,A<0.65 | beta<0.8,baseline_middle_50
799,819_0.63_2.0.png,819,0.63,2.0,480,640,17.446643761903523,0.8686085343360901,35.35611345404233,0.991704523563385,34.5204721771176,0.9913241863250732,-0.8356412769247328,-0.0003803372383117676,A<0.65,beta>=1.7,A<0.65 | beta>=1.7,baseline_middle_50
800,81_0.84_1.33.png,81,0.84,1.33,400,400,20.980233013192375,0.9509750604629517,28.153714224716904,0.9840812087059021,28.059876126602727,0.9828535318374634,-0.0938380981141762,-0.0012276768684387207,0.75<=A<0.85,1.1<=beta<1.4,0.75<=A<0.85 | 1.1<=beta<1.4,baseline_weakest_25
801,820_0.87_1.24.png,820,0.87,1.24,480,640,16.335584882196347,0.8735414147377014,33.80631059745015,0.991530179977417,33.34772430881765,0.9910808205604553,-0.45858628863250317,-0.0004493594169616699,0.85<=A<0.95,1.1<=beta<1.4,0.85<=A<0.95 | 1.1<=beta<1.4,baseline_middle_50
802,821_0.7_1.3.png,821,0.7,1.3,480,640,18.975764697805822,0.7696858644485474,37.15957173105411,0.9883066415786743,38.19110190233343,0.9896709322929382,1.0315301712793215,0.001364290714263916,0.65<=A<0.75,1.1<=beta<1.4,0.65<=A<0.75 | 1.1<=beta<1.4,baseline_strongest_25
803,822_0.64_0.8.png,822,0.64,0.8,480,640,25.24036354324965,0.8389394283294678,37.92168387765195,0.9928408861160278,38.64307980431804,0.9928488731384277,0.7213959266660908,7.987022399902344e-06,A<0.65,0.8<=beta<1.1,A<0.65 | 0.8<=beta<1.1,baseline_strongest_25
804,823_0.52_1.62.png,823,0.52,1.62,480,640,20.956149472252285,0.7890986800193787,35.11869977305261,0.9885546565055847,34.58894526702111,0.9889700412750244,-0.5297545060315016,0.00041538476943969727,A<0.65,1.4<=beta<1.7,A<0.65 | 1.4<=beta<1.7,baseline_middle_50
805,824_0.82_1.95.png,824,0.82,1.95,480,640,12.477723993630367,0.6659152507781982,35.82924428523888,0.9808950424194336,35.091538562522786,0.9818652868270874,-0.7377057227160932,0.0009702444076538086,0.75<=A<0.85,beta>=1.7,0.75<=A<0.85 | beta>=1.7,baseline_strongest_25
806,825_0.79_0.64.png,825,0.79,0.64,480,640,17.720925896325966,0.8673297762870789,35.39176181432702,0.9938262104988098,36.83126484561805,0.9945326447486877,1.4395030312910322,0.0007064342498779297,0.75<=A<0.85,beta<0.8,0.75<=A<0.85 | beta<0.8,baseline_middle_50
807,826_0.82_0.58.png,826,0.82,0.58,480,640,18.000260077522114,0.8736650943756104,35.51810704985604,0.9941024780273438,36.9655423460569,0.9945584535598755,1.447435296200858,0.0004559755325317383,0.75<=A<0.85,beta<0.8,0.75<=A<0.85 | beta<0.8,baseline_middle_50
808,827_0.72_0.85.png,827,0.72,0.85,480,640,16.808188544084157,0.8445392847061157,35.31781280996071,0.9932544231414795,36.761611344870744,0.9940163493156433,1.4437985349100373,0.0007619261741638184,0.65<=A<0.75,0.8<=beta<1.1,0.65<=A<0.75 | 0.8<=beta<1.1,baseline_middle_50
809,828_0.63_0.64.png,828,0.63,0.64,480,640,20.486432945659814,0.8922421336174011,37.598643136706244,0.9950757026672363,40.01499032812329,0.9954718351364136,2.416347191417046,0.0003961324691772461,A<0.65,beta<0.8,A<0.65 | beta<0.8,baseline_strongest_25
810,829_0.92_1.57.png,829,0.92,1.57,480,640,15.57456346074269,0.8545850515365601,34.58925579617989,0.991827130317688,35.50225056878838,0.9925713539123535,0.912994772608485,0.0007442235946655273,0.85<=A<0.95,1.4<=beta<1.7,0.85<=A<0.95 | 1.4<=beta<1.7,baseline_middle_50
811,82_0.83_1.9.png,82,0.83,1.9,400,400,15.85105490420859,0.8806639313697815,27.548506691006676,0.9815167188644409,27.77841598383254,0.9812173247337341,0.22990929282586592,-0.0002993941307067871,0.75<=A<0.85,beta>=1.7,0.75<=A<0.85 | beta>=1.7,baseline_weakest_25
812,830_0.58_1.52.png,830,0.58,1.52,480,640,20.983339289181714,0.9092264771461487,37.004236014741295,0.9946768879890442,37.80513035678269,0.9951205253601074,0.8008943420413956,0.0004436373710632324,A<0.65,1.4<=beta<1.7,A<0.65 | 1.4<=beta<1.7,baseline_strongest_25
813,831_0.8_1.88.png,831,0.8,1.88,480,640,15.824367302631632,0.8515592813491821,35.08929355547321,0.9917635917663574,36.03800188620438,0.9926959276199341,0.948708330731165,0.0009323358535766602,0.75<=A<0.85,beta>=1.7,0.75<=A<0.85 | beta>=1.7,baseline_middle_50
814,832_0.91_1.78.png,832,0.91,1.78,480,640,14.828211909806846,0.8402769565582275,34.085893010138385,0.9909672141075134,35.159005430774144,0.9916921257972717,1.0731124206357592,0.0007249116897583008,0.85<=A<0.95,beta>=1.7,0.85<=A<0.95 | beta>=1.7,baseline_middle_50
815,833_0.84_0.74.png,833,0.84,0.74,480,640,19.369548951039896,0.8089800477027893,38.1159321045824,0.992647111415863,38.67703728167471,0.9926839470863342,0.5611051770923083,3.6835670471191406e-05,0.75<=A<0.85,beta<0.8,0.75<=A<0.85 | beta<0.8,baseline_strongest_25
816,834_1.0_1.28.png,834,1.0,1.28,480,640,13.649596230549598,0.7167378664016724,32.208636607516326,0.9833683967590332,33.38154626432859,0.983954668045044,1.1729096568122657,0.0005862712860107422,A>=0.95,1.1<=beta<1.4,A>=0.95 | 1.1<=beta<1.4,baseline_middle_50
817,835_0.92_1.87.png,835,0.92,1.87,480,640,12.050857480556372,0.6766485571861267,34.987137248283716,0.9809213280677795,35.34241005523307,0.98162841796875,0.35527280694935115,0.000707089900970459,0.85<=A<0.95,beta>=1.7,0.85<=A<0.95 | beta>=1.7,baseline_middle_50
818,836_0.77_0.51.png,836,0.77,0.51,480,640,23.1750770524736,0.8542890548706055,40.69367250061154,0.9946727156639099,41.64112327849173,0.9947206377983093,0.9474507778801922,4.792213439941406e-05,0.75<=A<0.85,beta<0.8,0.75<=A<0.85 | beta<0.8,baseline_strongest_25
819,837_0.58_1.79.png,837,0.58,1.79,480,640,17.16855257514126,0.7763965725898743,34.901183446884936,0.9886804223060608,34.11540211060107,0.9898865222930908,-0.7857813362838684,0.0012060999870300293,A<0.65,beta>=1.7,A<0.65 | beta>=1.7,baseline_middle_50
820,838_0.95_1.3.png,838,0.95,1.3,480,640,13.432605209755435,0.7513612508773804,33.38445826744871,0.9868651628494263,32.140247472296785,0.9873555302619934,-1.244210795151922,0.0004903674125671387,A>=0.95,1.1<=beta<1.4,A>=0.95 | 1.1<=beta<1.4,baseline_middle_50
821,839_0.64_0.83.png,839,0.64,0.83,480,640,21.324495542893015,0.8600556254386902,39.13140319334745,0.9940224885940552,39.51367428458458,0.9943732023239136,0.3822710912371292,0.00035071372985839844,A<0.65,0.8<=beta<1.1,A<0.65 | 0.8<=beta<1.1,baseline_strongest_25
822,83_0.9_0.57.png,83,0.9,0.57,400,400,29.83045178182543,0.9925436973571777,28.59629701639953,0.9854100346565247,28.826564740003946,0.9859482645988464,0.23026772360441683,0.0005382299423217773,0.85<=A<0.95,beta<0.8,0.85<=A<0.95 | beta<0.8,baseline_weakest_25
823,840_0.73_1.28.png,840,0.73,1.28,480,640,16.76530202433473,0.7941611409187317,36.518473298368086,0.9901735186576843,36.094555941196546,0.9912126064300537,-0.4239173571715398,0.0010390877723693848,0.65<=A<0.75,1.1<=beta<1.4,0.65<=A<0.75 | 1.1<=beta<1.4,baseline_strongest_25
824,841_0.56_0.7.png,841,0.56,0.7,480,640,24.04411118280807,0.9102330207824707,41.17125989694291,0.9960681200027466,43.099857314300785,0.9965360760688782,1.928597417357878,0.0004679560661315918,A<0.65,beta<0.8,A<0.65 | beta<0.8,baseline_strongest_25
825,842_0.85_1.49.png,842,0.85,1.49,480,640,13.851198185875273,0.7640138268470764,32.73067772595484,0.9885167479515076,33.96077839054811,0.9897032380104065,1.230100664593266,0.0011864900588989258,0.85<=A<0.95,1.4<=beta<1.7,0.85<=A<0.95 | 1.4<=beta<1.7,baseline_middle_50
826,843_0.54_1.62.png,843,0.54,1.62,480,640,18.306850608905187,0.8253265619277954,37.041928663263846,0.9929567575454712,38.61737017431575,0.9936137199401855,1.5754415110519062,0.0006569623947143555,A<0.65,1.4<=beta<1.7,A<0.65 | 1.4<=beta<1.7,baseline_strongest_25
827,844_0.65_0.6.png,844,0.65,0.6,480,640,23.51762493534749,0.9092298746109009,39.936705176833655,0.9958378076553345,42.117652317659555,0.9964441657066345,2.1809471408259,0.0006063580513000488,0.65<=A<0.75,beta<0.8,0.65<=A<0.75 | beta<0.8,baseline_strongest_25
828,845_0.65_1.14.png,845,0.65,1.14,480,640,20.145183359484996,0.8830056190490723,37.4308135057862,0.9945908784866333,35.78314972999385,0.993998110294342,-1.6476637757923456,-0.0005927681922912598,0.65<=A<0.75,1.1<=beta<1.4,0.65<=A<0.75 | 1.1<=beta<1.4,baseline_strongest_25
829,846_0.6_1.35.png,846,0.6,1.35,480,640,19.87280235690331,0.8751505613327026,37.531519527649344,0.994218111038208,35.90815411927105,0.9935250878334045,-1.623365408378291,-0.0006930232048034668,A<0.65,1.1<=beta<1.4,A<0.65 | 1.1<=beta<1.4,baseline_strongest_25
830,847_0.59_0.93.png,847,0.59,0.93,480,640,22.66682477775835,0.9065592885017395,39.35087102535973,0.9954205751419067,37.57158395003996,0.9952319860458374,-1.7792870753197718,-0.00018858909606933594,A<0.65,0.8<=beta<1.1,A<0.65 | 0.8<=beta<1.1,baseline_strongest_25
831,848_0.68_0.53.png,848,0.68,0.53,480,640,25.300847443277362,0.9318430423736572,40.529884443145534,0.996221125125885,38.18203000909628,0.9959954619407654,-2.3478544340492533,-0.0002256631851196289,0.65<=A<0.75,beta<0.8,0.65<=A<0.75 | beta<0.8,baseline_strongest_25
832,849_0.69_1.0.png,849,0.69,1.0,480,640,25.496112425953342,0.9454829692840576,37.1436807150531,0.9931280016899109,34.67050984016207,0.9915390610694885,-2.473170874891032,-0.0015889406204223633,0.65<=A<0.75,0.8<=beta<1.1,0.65<=A<0.75 | 0.8<=beta<1.1,baseline_strongest_25
833,84_0.62_1.05.png,84,0.62,1.05,400,400,28.61190139849329,0.987945556640625,31.30739934123911,0.9879883527755737,30.706169070831976,0.9875192642211914,-0.6012302704071324,-0.0004690885543823242,A<0.65,0.8<=beta<1.1,A<0.65 | 0.8<=beta<1.1,baseline_middle_50
834,850_0.52_0.65.png,850,0.52,0.65,480,640,31.949467009973507,0.9761567115783691,39.79483201848211,0.9954429268836975,39.13533427367915,0.9953393936157227,-0.6594977448029624,-0.00010353326797485352,A<0.65,beta<0.8,A<0.65 | beta<0.8,baseline_strongest_25
835,851_0.77_1.87.png,851,0.77,1.87,480,640,19.528756403849712,0.8901559114456177,33.3957233255863,0.9887292981147766,31.786422270061422,0.9864575266838074,-1.609301055524881,-0.0022717714309692383,0.75<=A<0.85,beta>=1.7,0.75<=A<0.85 | beta>=1.7,baseline_middle_50
836,852_0.78_1.79.png,852,0.78,1.79,480,640,19.629876999188284,0.892601490020752,33.2393602687685,0.988618791103363,31.59694839521518,0.9865000247955322,-1.6424118735533213,-0.0021187663078308105,0.75<=A<0.85,beta>=1.7,0.75<=A<0.85 | beta>=1.7,baseline_middle_50
837,853_1.0_1.75.png,853,1.0,1.75,480,640,13.264050408643849,0.8543428182601929,26.94311517893203,0.9808207154273987,25.97639571056879,0.9772453308105469,-0.9667194683632374,-0.0035753846168518066,A>=0.95,beta>=1.7,A>=0.95 | beta>=1.7,baseline_weakest_25
838,854_0.72_1.32.png,854,0.72,1.32,480,640,18.815334917235983,0.9065964221954346,30.61363954862548,0.9900691509246826,31.190123343213134,0.9890902638435364,0.5764837945876558,-0.0009788870811462402,0.65<=A<0.75,1.1<=beta<1.4,0.65<=A<0.75 | 1.1<=beta<1.4,baseline_middle_50
839,855_0.94_1.42.png,855,0.94,1.42,480,640,15.28310234027715,0.8788685202598572,27.88365957365762,0.9856659173965454,27.109974493930373,0.9831008315086365,-0.7736850797272474,-0.0025650858879089355,0.85<=A<0.95,1.4<=beta<1.7,0.85<=A<0.95 | 1.4<=beta<1.7,baseline_weakest_25
840,856_0.91_1.07.png,856,0.91,1.07,480,640,17.56785128832555,0.901616632938385,28.63292474595734,0.9878793954849243,28.44314064058917,0.9870848059654236,-0.1897841053681688,-0.0007945895195007324,0.85<=A<0.95,0.8<=beta<1.1,0.85<=A<0.95 | 0.8<=beta<1.1,baseline_weakest_25
841,857_0.8_1.07.png,857,0.8,1.07,480,640,15.986429251156185,0.8186748623847961,36.167161206163264,0.9886321425437927,36.362031740681566,0.9886695742607117,0.1948705345183015,3.743171691894531e-05,0.75<=A<0.85,0.8<=beta<1.1,0.75<=A<0.85 | 0.8<=beta<1.1,baseline_strongest_25
842,858_0.8_1.72.png,858,0.8,1.72,480,640,13.11147289629269,0.7470235824584961,34.09393998791421,0.9826200604438782,34.444080347362615,0.9814650416374207,0.35014035944840316,-0.0011550188064575195,0.75<=A<0.85,beta>=1.7,0.75<=A<0.85 | beta>=1.7,baseline_middle_50
843,859_0.97_1.76.png,859,0.97,1.76,480,640,10.602527182530254,0.7119013071060181,30.5055757964086,0.974753737449646,31.973676200232383,0.9740626811981201,1.468100403823783,-0.0006910562515258789,A>=0.95,beta>=1.7,A>=0.95 | beta>=1.7,baseline_middle_50
844,85_0.81_1.32.png,85,0.81,1.32,400,400,17.086218873539224,0.8848021030426025,32.50736577771963,0.9905948638916016,28.961956393731917,0.9851727485656738,-3.5454093839877103,-0.005422115325927734,0.75<=A<0.85,1.1<=beta<1.4,0.75<=A<0.85 | 1.1<=beta<1.4,baseline_middle_50
845,860_0.84_0.88.png,860,0.84,0.88,480,640,16.682550174869846,0.8365838527679443,36.159269917385764,0.9897329807281494,36.85655595319387,0.9900268912315369,0.697286035808105,0.00029391050338745117,0.75<=A<0.85,0.8<=beta<1.1,0.75<=A<0.85 | 0.8<=beta<1.1,baseline_strongest_25
846,861_0.58_1.68.png,861,0.58,1.68,480,640,17.819599640487894,0.8287612795829773,34.04855004154235,0.9902402758598328,35.251364176099926,0.9911037683486938,1.2028141345575776,0.000863492488861084,A<0.65,1.4<=beta<1.7,A<0.65 | 1.4<=beta<1.7,baseline_middle_50
847,862_0.81_1.83.png,862,0.81,1.83,480,640,13.357449127488813,0.7752395272254944,31.47043117139328,0.9848766922950745,30.362374430186794,0.9849194288253784,-1.108056741206486,4.273653030395508e-05,0.75<=A<0.85,beta>=1.7,0.75<=A<0.85 | beta>=1.7,baseline_middle_50
848,863_0.96_0.8.png,863,0.96,0.8,480,640,16.76669461114621,0.8590360283851624,33.2381852350576,0.9906121492385864,31.43480072209977,0.9897701740264893,-1.8033845129578303,-0.000841975212097168,A>=0.95,0.8<=beta<1.1,A>=0.95 | 0.8<=beta<1.1,baseline_middle_50
849,864_0.76_1.26.png,864,0.76,1.26,480,640,16.515196128026332,0.8367780447006226,34.55958406830108,0.9903000593185425,32.72015736559816,0.9902207255363464,-1.8394267027029159,-7.933378219604492e-05,0.75<=A<0.85,1.1<=beta<1.4,0.75<=A<0.85 | 1.1<=beta<1.4,baseline_middle_50
850,865_0.73_1.24.png,865,0.73,1.24,480,640,20.68217784362985,0.9106132388114929,40.32069151866451,0.9948233366012573,39.68695795787874,0.994804322719574,-0.633733560785771,-1.901388168334961e-05,0.65<=A<0.75,1.1<=beta<1.4,0.65<=A<0.75 | 1.1<=beta<1.4,baseline_strongest_25
851,866_0.62_0.59.png,866,0.62,0.59,480,640,27.830855672515046,0.9625121355056763,44.319858423354866,0.9972066283226013,43.69344058235661,0.9973278641700745,-0.6264178409982577,0.00012123584747314453,A<0.65,beta<0.8,A<0.65 | beta<0.8,baseline_strongest_25
852,867_0.6_1.88.png,867,0.6,1.88,480,640,19.541514667071027,0.8885329961776733,39.24205719113082,0.9933805465698242,38.63398340683254,0.993568480014801,-0.6080737842982771,0.00018793344497680664,A<0.65,beta>=1.7,A<0.65 | beta>=1.7,baseline_strongest_25
853,868_0.67_1.22.png,868,0.67,1.22,480,640,21.665038446741516,0.9182463884353638,41.00703941220459,0.9952709674835205,40.354938782258245,0.9953217506408691,-0.6521006299463465,5.078315734863281e-05,0.65<=A<0.75,1.1<=beta<1.4,0.65<=A<0.75 | 1.1<=beta<1.4,baseline_strongest_25
854,869_0.55_0.51.png,869,0.55,0.51,480,640,27.87537431371338,0.947943389415741,41.76812786325803,0.9961841106414795,42.43464801574294,0.9962056875228882,0.6665201524849067,2.1576881408691406e-05,A<0.65,beta<0.8,A<0.65 | beta<0.8,baseline_strongest_25
855,86_0.65_0.51.png,86,0.65,0.51,400,400,26.36924466679721,0.9773866534233093,33.060605002185845,0.9912267923355103,30.26034249217039,0.9890851378440857,-2.800262510015454,-0.0021416544914245605,0.65<=A<0.75,beta<0.8,0.65<=A<0.75 | beta<0.8,baseline_middle_50
856,870_0.92_0.7.png,870,0.92,0.7,480,640,20.82228702851873,0.8996132016181946,36.0498688699347,0.9932544231414795,38.55666420007988,0.9941767454147339,2.506795330145181,0.0009223222732543945,0.85<=A<0.95,beta<0.8,0.85<=A<0.95 | beta<0.8,baseline_strongest_25
857,871_0.51_1.24.png,871,0.51,1.24,480,640,21.261761580342554,0.893851637840271,37.26567370823857,0.9938052296638489,36.553384700492636,0.993950366973877,-0.7122890077459374,0.00014513731002807617,A<0.65,1.1<=beta<1.4,A<0.65 | 1.1<=beta<1.4,baseline_strongest_25
858,872_0.58_1.62.png,872,0.58,1.62,480,640,18.99940042887042,0.8547778129577637,36.07540111042388,0.9913218021392822,37.232284047157684,0.992057740688324,1.1568829367338012,0.000735938549041748,A<0.65,1.4<=beta<1.7,A<0.65 | 1.4<=beta<1.7,baseline_strongest_25
859,873_0.7_1.86.png,873,0.7,1.86,480,640,17.02285280919536,0.8673096299171448,32.36283488336946,0.9878123998641968,32.511151740713665,0.9879942536354065,0.14831685734420574,0.0001818537712097168,0.65<=A<0.75,beta>=1.7,0.65<=A<0.75 | beta>=1.7,baseline_middle_50
860,874_0.77_1.02.png,874,0.77,1.02,480,640,19.835647507899775,0.9157062768936157,33.090904393352936,0.9918811321258545,33.7658459383822,0.9924975633621216,0.6749415450292631,0.0006164312362670898,0.75<=A<0.85,0.8<=beta<1.1,0.75<=A<0.85 | 0.8<=beta<1.1,baseline_middle_50
861,875_0.61_1.58.png,875,0.61,1.58,480,640,19.683746672963565,0.8978015780448914,35.47880057978635,0.9915875196456909,36.23990802330235,0.9921015501022339,0.7611074435159964,0.0005140304565429688,A<0.65,1.4<=beta<1.7,A<0.65 | 1.4<=beta<1.7,baseline_middle_50
862,876_0.63_0.98.png,876,0.63,0.98,480,640,22.627007610681467,0.9333606362342834,36.62617605814279,0.993873655796051,37.93016736243906,0.9947147965431213,1.303991304296268,0.0008411407470703125,A<0.65,0.8<=beta<1.1,A<0.65 | 0.8<=beta<1.1,baseline_strongest_25
863,877_0.67_1.49.png,877,0.67,1.49,480,640,18.10788380791334,0.8884032964706421,37.012399164803824,0.9943864345550537,35.35815913388883,0.9934209585189819,-1.6542400309149912,-0.0009654760360717773,0.65<=A<0.75,1.4<=beta<1.7,0.65<=A<0.75 | 1.4<=beta<1.7,baseline_strongest_25
864,878_0.77_1.29.png,878,0.77,1.29,480,640,17.553916184143734,0.8959255218505859,36.30260495825169,0.9945392608642578,34.51337941480605,0.9934181571006775,-1.7892255434456388,-0.0011211037635803223,0.75<=A<0.85,1.1<=beta<1.4,0.75<=A<0.85 | 1.1<=beta<1.4,baseline_strongest_25
865,879_0.87_1.64.png,879,0.87,1.64,480,640,14.497236460746763,0.8476767539978027,32.82628045734789,0.9911695718765259,31.98833500364,0.9903762936592102,-0.8379454537078921,-0.0007932782173156738,0.85<=A<0.95,1.4<=beta<1.7,0.85<=A<0.95 | 1.4<=beta<1.7,baseline_middle_50
866,87_0.87_0.93.png,87,0.87,0.93,400,400,19.211513166754003,0.9223760366439819,33.254451308889955,0.9911458492279053,29.884521939222722,0.9869536757469177,-3.3699293696672328,-0.004192173480987549,0.85<=A<0.95,0.8<=beta<1.1,0.85<=A<0.95 | 0.8<=beta<1.1,baseline_middle_50
867,880_0.7_0.67.png,880,0.7,0.67,480,640,23.011187143207536,0.9603509902954102,40.36820321405951,0.9970532059669495,38.47498778783621,0.9963722229003906,-1.8932154262232999,-0.0006809830665588379,0.65<=A<0.75,beta<0.8,0.65<=A<0.75 | beta<0.8,baseline_strongest_25
868,881_0.71_1.55.png,881,0.71,1.55,480,640,16.32056426748153,0.7300390601158142,34.968083706411235,0.985845685005188,33.391973155003306,0.985069990158081,-1.576110551407929,-0.0007756948471069336,0.65<=A<0.75,1.4<=beta<1.7,0.65<=A<0.75 | 1.4<=beta<1.7,baseline_middle_50
869,882_0.99_1.67.png,882,0.99,1.67,480,640,11.670942951072828,0.6629796028137207,28.58900130708281,0.9742242097854614,28.38704185950067,0.9735721349716187,-0.20195944758214068,-0.0006520748138427734,A>=0.95,1.4<=beta<1.7,A>=0.95 | 1.4<=beta<1.7,baseline_weakest_25
870,883_0.79_0.54.png,883,0.79,0.54,480,640,22.578046784690105,0.8189714550971985,40.1228605550401,0.9934041500091553,39.413961918901464,0.9930915236473083,-0.7088986361386347,-0.00031262636184692383,0.75<=A<0.85,beta<0.8,0.75<=A<0.85 | beta<0.8,baseline_strongest_25
871,884_0.73_1.32.png,884,0.73,1.32,480,640,17.024115637394733,0.7434823513031006,35.5344180570136,0.9874416589736938,34.39553445727798,0.987088143825531,-1.138883599735621,-0.0003535151481628418,0.65<=A<0.75,1.1<=beta<1.4,0.65<=A<0.75 | 1.1<=beta<1.4,baseline_middle_50
872,885_0.82_0.54.png,885,0.82,0.54,480,640,21.547940247512827,0.9152551293373108,37.494643696393766,0.9946380853652954,38.90607633244241,0.9950370788574219,1.4114326360486444,0.00039899349212646484,0.75<=A<0.85,beta<0.8,0.75<=A<0.85 | beta<0.8,baseline_strongest_25
873,886_0.51_0.87.png,886,0.51,0.87,480,640,23.115392027474925,0.9163775444030762,39.93710723726529,0.9952542185783386,39.56087856093743,0.9955006241798401,-0.3762286763278553,0.00024640560150146484,A<0.65,0.8<=beta<1.1,A<0.65 | 0.8<=beta<1.1,baseline_strongest_25
874,887_0.61_1.36.png,887,0.61,1.36,480,640,18.278369425208957,0.8592634797096252,36.583779985463906,0.9916828274726868,37.061858110289016,0.9920908808708191,0.47807812482511025,0.0004080533981323242,A<0.65,1.1<=beta<1.4,A<0.65 | 1.1<=beta<1.4,baseline_strongest_25
875,888_0.85_1.91.png,888,0.85,1.91,480,640,12.287414318339733,0.7621492743492126,30.90626965734223,0.9809368252754211,31.24390215952112,0.9818124771118164,0.3376325021788915,0.0008756518363952637,0.85<=A<0.95,beta>=1.7,0.85<=A<0.95 | beta>=1.7,baseline_middle_50
876,889_0.63_1.04.png,889,0.63,1.04,480,640,21.558073963524418,0.928499698638916,35.13990846259261,0.9954981207847595,37.04778936785618,0.9959068894386292,1.9078809052635748,0.0004087686538696289,A<0.65,0.8<=beta<1.1,A<0.65 | 0.8<=beta<1.1,baseline_middle_50
877,88_0.63_0.94.png,88,0.63,0.94,400,400,21.533277236796447,0.943333089351654,32.82939470926179,0.9920641183853149,29.43111888068065,0.9885873794555664,-3.3982758285811414,-0.003476738929748535,A<0.65,0.8<=beta<1.1,A<0.65 | 0.8<=beta<1.1,baseline_middle_50
878,890_0.8_0.6.png,890,0.8,0.6,480,640,22.56533437036267,0.947485089302063,37.33081930727492,0.9963802099227905,36.74742231760298,0.9964779019355774,-0.5833969896719395,9.769201278686523e-05,0.75<=A<0.85,beta<0.8,0.75<=A<0.85 | beta<0.8,baseline_strongest_25
879,891_0.81_0.99.png,891,0.81,0.99,480,640,18.763870383494115,0.9139771461486816,34.90250697807201,0.9948882460594177,35.001095438858606,0.995000422000885,0.09858846078659411,0.00011217594146728516,0.75<=A<0.85,0.8<=beta<1.1,0.75<=A<0.85 | 0.8<=beta<1.1,baseline_middle_50
880,892_0.86_1.73.png,892,0.86,1.73,480,640,14.35787054608236,0.8457013964653015,31.759227468981482,0.9906161427497864,31.391268964491378,0.9904581904411316,-0.3679585044901046,-0.00015795230865478516,0.85<=A<0.95,beta>=1.7,0.85<=A<0.95 | beta>=1.7,baseline_middle_50
881,893_1.0_1.91.png,893,1.0,1.91,480,640,13.216370341458978,0.8368914127349854,32.046764926207224,0.9890475869178772,30.19810979868334,0.9862880706787109,-1.8486551275238838,-0.0027595162391662598,A>=0.95,beta>=1.7,A>=0.95 | beta>=1.7,baseline_middle_50
882,894_0.8_0.61.png,894,0.8,0.61,480,640,24.171791337545198,0.9595025777816772,41.98661876997265,0.9972404837608337,40.4922627349649,0.9969363212585449,-1.4943560350077476,-0.00030416250228881836,0.75<=A<0.85,beta<0.8,0.75<=A<0.85 | beta<0.8,baseline_strongest_25
883,895_0.51_1.82.png,895,0.51,1.82,480,640,20.086259007497382,0.9061017632484436,31.914591807051824,0.9932276606559753,30.558903537850167,0.9924087524414062,-1.3556882692016572,-0.0008189082145690918,A<0.65,beta>=1.7,A<0.65 | beta>=1.7,baseline_middle_50
884,896_0.98_0.62.png,896,0.98,0.62,480,640,21.24813756645089,0.9478237628936768,37.8333099080877,0.996494710445404,36.676025619881514,0.9958239793777466,-1.157284288206185,-0.0006707310676574707,A>=0.95,beta<0.8,A>=0.95 | beta<0.8,baseline_strongest_25
885,897_0.57_1.69.png,897,0.57,1.69,480,640,17.041529349195468,0.8016365170478821,39.62354883570874,0.9916658997535706,38.55435940669659,0.992108166217804,-1.0691894290121482,0.00044226646423339844,A<0.65,1.4<=beta<1.7,A<0.65 | 1.4<=beta<1.7,baseline_strongest_25
886,898_0.57_1.86.png,898,0.57,1.86,480,640,16.467634242014597,0.7890815734863281,38.913050463440555,0.9907553791999817,38.12252129574862,0.9912137985229492,-0.7905291676919362,0.0004584193229675293,A<0.65,beta>=1.7,A<0.65 | beta>=1.7,baseline_strongest_25
887,899_0.98_1.65.png,899,0.98,1.65,480,640,10.967091293529002,0.7207818627357483,30.640114701121675,0.9815374612808228,31.685063450578802,0.9837820529937744,1.0449487494571272,0.00224459171295166,A>=0.95,1.4<=beta<1.7,A>=0.95 | 1.4<=beta<1.7,baseline_middle_50
888,89_0.63_1.05.png,89,0.63,1.05,400,400,14.797750801760268,0.8317185044288635,23.795352480130813,0.9610490202903748,24.30359497588174,0.9656904935836792,0.5082424957509275,0.004641473293304443,A<0.65,0.8<=beta<1.1,A<0.65 | 0.8<=beta<1.1,baseline_weakest_25
889,8_0.74_1.34.png,8,0.74,1.34,400,400,15.535689884237433,0.8642924427986145,29.034120323581043,0.9858009219169617,29.29527295875107,0.986879289150238,0.26115263517002774,0.0010783672332763672,0.65<=A<0.75,1.1<=beta<1.4,0.65<=A<0.75 | 1.1<=beta<1.4,baseline_middle_50
890,900_0.95_1.75.png,900,0.95,1.75,480,640,10.968180159318845,0.7173827886581421,31.690987366166276,0.9825142621994019,31.87920062574767,0.9838370084762573,0.18821325958139568,0.0013227462768554688,A>=0.95,beta>=1.7,A>=0.95 | beta>=1.7,baseline_middle_50
891,901_0.64_0.74.png,901,0.64,0.74,480,640,30.59846648355034,0.9768995642662048,37.01477581250063,0.9967209696769714,37.62909549442598,0.9967694878578186,0.6143196819253518,4.851818084716797e-05,A<0.65,beta<0.8,A<0.65 | beta<0.8,baseline_strongest_25
892,902_0.83_0.82.png,902,0.83,0.82,480,640,28.442453582004003,0.9675354361534119,34.1391123209104,0.9959278702735901,34.69949665553331,0.9960078597068787,0.5603843346229098,7.998943328857422e-05,0.75<=A<0.85,0.8<=beta<1.1,0.75<=A<0.85 | 0.8<=beta<1.1,baseline_middle_50
893,903_0.56_1.15.png,903,0.56,1.15,480,640,26.77518232773156,0.9687718749046326,36.31301529296185,0.9960750341415405,35.506922739063654,0.9960108995437622,-0.8060925538981962,-6.413459777832031e-05,A<0.65,1.1<=beta<1.4,A<0.65 | 1.1<=beta<1.4,baseline_strongest_25
894,904_0.82_1.3.png,904,0.82,1.3,480,640,24.950220605276563,0.9529494047164917,32.41901765592738,0.9945583939552307,32.7756117040512,0.9946920871734619,0.35659404812382434,0.00013369321823120117,0.75<=A<0.85,1.1<=beta<1.4,0.75<=A<0.85 | 1.1<=beta<1.4,baseline_middle_50
895,905_0.76_0.64.png,905,0.76,0.64,480,640,18.617573167146162,0.8019053339958191,37.68916031513654,0.993086040019989,38.885546998726305,0.9930019974708557,1.1963866835897647,-8.404254913330078e-05,0.75<=A<0.85,beta<0.8,0.75<=A<0.85 | beta<0.8,baseline_strongest_25
896,906_0.95_1.42.png,906,0.95,1.42,480,640,11.038748209697896,0.6764160394668579,30.19126915553636,0.9814649224281311,33.42216675459661,0.9834262728691101,3.230897599060249,0.001961350440979004,A>=0.95,1.4<=beta<1.7,A>=0.95 | 1.4<=beta<1.7,baseline_middle_50
897,907_0.51_1.15.png,907,0.51,1.15,480,640,17.843962174603192,0.7733549475669861,33.6465437410781,0.9909586310386658,36.56740430973331,0.991862416267395,2.9208605686552147,0.000903785228729248,A<0.65,1.1<=beta<1.4,A<0.65 | 1.1<=beta<1.4,baseline_middle_50
898,908_0.68_1.49.png,908,0.68,1.49,480,640,13.909973346340557,0.7088384628295898,32.28527625083733,0.9872537851333618,34.92030769301432,0.9880046248435974,2.635031442176995,0.0007508397102355957,0.65<=A<0.75,1.4<=beta<1.7,0.65<=A<0.75 | 1.4<=beta<1.7,baseline_middle_50
899,909_0.51_1.37.png,909,0.51,1.37,480,640,19.6663158900385,0.8763558268547058,38.86573623392339,0.9951606392860413,38.04094464467237,0.99505215883255,-0.8247915892510207,-0.00010848045349121094,A<0.65,1.1<=beta<1.4,A<0.65 | 1.1<=beta<1.4,baseline_strongest_25
900,90_0.89_0.67.png,90,0.89,0.67,400,400,16.49949762152489,0.8718492388725281,25.273437215498156,0.9733715057373047,26.440103487648795,0.979290246963501,1.1666662721506391,0.005918741226196289,0.85<=A<0.95,beta<0.8,0.85<=A<0.95 | beta<0.8,baseline_weakest_25
901,910_0.92_1.51.png,910,0.92,1.51,480,640,13.027810763635534,0.800223708152771,33.924639982759054,0.9899138808250427,33.995223472824904,0.9899889826774597,0.07058349006585019,7.510185241699219e-05,0.85<=A<0.95,1.4<=beta<1.7,0.85<=A<0.95 | 1.4<=beta<1.7,baseline_middle_50
902,911_0.54_0.67.png,911,0.54,0.67,480,640,24.17086764205729,0.9338633418083191,42.279060342720676,0.9969136714935303,42.48396956829669,0.9970700740814209,0.2049092255760172,0.000156402587890625,A<0.65,beta<0.8,A<0.65 | beta<0.8,baseline_strongest_25
903,912_0.87_1.22.png,912,0.87,1.22,480,640,14.990412389839749,0.8377917408943176,35.29629163250266,0.9926444888114929,35.66772167907065,0.9927287101745605,0.37143004656799405,8.422136306762695e-05,0.85<=A<0.95,1.1<=beta<1.4,0.85<=A<0.95 | 1.1<=beta<1.4,baseline_middle_50
904,913_0.51_1.08.png,913,0.51,1.08,480,640,20.723258102793316,0.8940812945365906,38.31344029947349,0.9942108392715454,37.87266547966931,0.9943949580192566,-0.440774819804183,0.00018411874771118164,A<0.65,0.8<=beta<1.1,A<0.65 | 0.8<=beta<1.1,baseline_strongest_25
905,914_0.82_1.11.png,914,0.82,1.11,480,640,16.958011880142266,0.8535183668136597,37.54859387771718,0.9919043779373169,36.792645455195874,0.9916126132011414,-0.7559484225213069,-0.0002917647361755371,0.75<=A<0.85,1.1<=beta<1.4,0.75<=A<0.85 | 1.1<=beta<1.4,baseline_strongest_25
906,915_0.8_0.83.png,915,0.8,0.83,480,640,19.22747351198319,0.8849555850028992,39.24020093810028,0.993720293045044,38.17358580975502,0.9935582280158997,-1.066615128345262,-0.0001620650291442871,0.75<=A<0.85,0.8<=beta<1.1,0.75<=A<0.85 | 0.8<=beta<1.1,baseline_strongest_25
907,916_0.53_0.72.png,916,0.53,0.72,480,640,23.481956270801465,0.9233647584915161,41.639148413029126,0.9956850409507751,40.62094968176619,0.9957693815231323,-1.0181987312629346,8.434057235717773e-05,A<0.65,beta<0.8,A<0.65 | beta<0.8,baseline_strongest_25
908,917_0.81_0.57.png,917,0.81,0.57,480,640,19.539818650046332,0.7767190933227539,43.16276930688652,0.9943933486938477,43.025179941142156,0.994462251663208,-0.1375893657443612,6.890296936035156e-05,0.75<=A<0.85,beta<0.8,0.75<=A<0.85 | beta<0.8,baseline_strongest_25
909,918_0.58_1.11.png,918,0.58,1.11,480,640,17.577879884518836,0.7346007227897644,39.146953916285796,0.9926592707633972,39.62318405081436,0.9928585886955261,0.47623013452856355,0.00019931793212890625,A<0.65,1.1<=beta<1.4,A<0.65 | 1.1<=beta<1.4,baseline_strongest_25
910,919_0.82_1.44.png,919,0.82,1.44,480,640,12.717502852650293,0.6471500992774963,38.89632740462436,0.9886744022369385,39.53620132865674,0.9882059693336487,0.6398739240323792,-0.0004684329032897949,0.75<=A<0.85,1.4<=beta<1.7,0.75<=A<0.85 | 1.4<=beta<1.7,baseline_strongest_25
911,91_0.78_1.41.png,91,0.78,1.41,400,400,11.779445596280771,0.7466439008712769,25.31280170018554,0.9706259369850159,24.708605839952483,0.967612624168396,-0.6041958602330553,-0.003013312816619873,0.75<=A<0.85,1.4<=beta<1.7,0.75<=A<0.85 | 1.4<=beta<1.7,baseline_weakest_25
912,920_0.84_0.76.png,920,0.84,0.76,480,640,16.99809368229426,0.7367714643478394,41.77050950960048,0.9928895831108093,41.66407283480663,0.9929739236831665,-0.10643667479384789,8.434057235717773e-05,0.75<=A<0.85,beta<0.8,0.75<=A<0.85 | beta<0.8,baseline_strongest_25
913,921_0.97_1.13.png,921,0.97,1.13,480,640,16.65286145029004,0.8344922065734863,31.760774235293493,0.9872599244117737,31.94518978352103,0.9878802299499512,0.18441554822753758,0.0006203055381774902,A>=0.95,1.1<=beta<1.4,A>=0.95 | 1.1<=beta<1.4,baseline_middle_50
914,922_0.72_1.69.png,922,0.72,1.69,480,640,17.17586369459278,0.8247783780097961,32.4571618891245,0.9864320158958435,33.42650395063513,0.9874007105827332,0.9693420615106305,0.0009686946868896484,0.65<=A<0.75,1.4<=beta<1.7,0.65<=A<0.75 | 1.4<=beta<1.7,baseline_middle_50
915,923_1.0_0.51.png,923,1.0,0.51,480,640,22.50653829695137,0.9148714542388916,34.33699853511125,0.9927458763122559,34.27612121208676,0.9932396411895752,-0.060877323024492114,0.0004937648773193359,A>=0.95,beta<0.8,A>=0.95 | beta<0.8,baseline_middle_50
916,924_0.79_1.01.png,924,0.79,1.01,480,640,19.86558919223611,0.876660168170929,33.990318753679254,0.9904439449310303,34.750872822445736,0.9916020035743713,0.7605540687664814,0.0011580586433410645,0.75<=A<0.85,0.8<=beta<1.1,0.75<=A<0.85 | 0.8<=beta<1.1,baseline_middle_50
917,925_0.65_1.68.png,925,0.65,1.68,480,640,19.38984152184108,0.8889987468719482,30.289757894743925,0.9835407137870789,30.95028934009526,0.984765350818634,0.6605314453513351,0.0012246370315551758,0.65<=A<0.75,1.4<=beta<1.7,0.65<=A<0.75 | 1.4<=beta<1.7,baseline_middle_50
918,926_0.82_1.0.png,926,0.82,1.0,480,640,20.0703994654626,0.905265212059021,31.406046302810275,0.9874148368835449,31.456126643850336,0.9866770505905151,0.05008034104006143,-0.0007377862930297852,0.75<=A<0.85,0.8<=beta<1.1,0.75<=A<0.85 | 0.8<=beta<1.1,baseline_middle_50
919,927_0.99_0.84.png,927,0.99,0.84,480,640,18.94507017558014,0.8981025218963623,31.282074782508392,0.9873882532119751,31.74993270216124,0.9879117012023926,0.46785791965284673,0.0005234479904174805,A>=0.95,0.8<=beta<1.1,A>=0.95 | 0.8<=beta<1.1,baseline_middle_50
920,928_0.52_1.63.png,928,0.52,1.63,480,640,21.594100361671835,0.9115487337112427,34.23410533434605,0.9902952909469604,34.66892069606281,0.9918831586837769,0.4348153617167654,0.0015878677368164062,A<0.65,1.4<=beta<1.7,A<0.65 | 1.4<=beta<1.7,baseline_middle_50
921,929_0.65_0.89.png,929,0.65,0.89,480,640,16.24034141763518,0.7248929738998413,39.67979576833667,0.9913468956947327,40.30092832495448,0.9915050268173218,0.621132556617809,0.00015813112258911133,0.65<=A<0.75,0.8<=beta<1.1,0.65<=A<0.75 | 0.8<=beta<1.1,baseline_strongest_25
922,92_0.97_1.46.png,92,0.97,1.46,400,400,10.8014759517865,0.7122363448143005,25.830522846020266,0.9737630486488342,24.86903117757473,0.9696634411811829,-0.9614916684455359,-0.004099607467651367,A>=0.95,1.4<=beta<1.7,A>=0.95 | 1.4<=beta<1.7,baseline_weakest_25
923,930_0.99_1.54.png,930,0.99,1.54,480,640,8.691116979048463,0.5434350967407227,35.09759905802851,0.9771125912666321,33.65159330784846,0.9755306243896484,-1.4460057501800492,-0.0015819668769836426,A>=0.95,1.4<=beta<1.7,A>=0.95 | 1.4<=beta<1.7,baseline_middle_50
924,931_0.95_0.99.png,931,0.95,0.99,480,640,11.87141321946627,0.6336379647254944,37.576473949706056,0.9861788153648376,36.88640234353686,0.9857810139656067,-0.690071606169198,-0.00039780139923095703,A>=0.95,0.8<=beta<1.1,A>=0.95 | 0.8<=beta<1.1,baseline_strongest_25
925,932_0.72_1.79.png,932,0.72,1.79,480,640,10.616276153689556,0.5804439187049866,35.163065901112674,0.982157289981842,34.85035279627642,0.981104850769043,-0.3127131048362557,-0.0010524392127990723,0.65<=A<0.75,beta>=1.7,0.65<=A<0.75 | beta>=1.7,baseline_middle_50
926,933_0.73_1.5.png,933,0.73,1.5,480,640,13.974518165598457,0.5653198957443237,38.40644004785029,0.9871640801429749,39.177130678271034,0.9865559935569763,0.770690630420745,-0.0006080865859985352,0.65<=A<0.75,1.4<=beta<1.7,0.65<=A<0.75 | 1.4<=beta<1.7,baseline_strongest_25
927,934_0.94_1.97.png,934,0.94,1.97,480,640,9.86413576507038,0.4690127968788147,34.80573314717502,0.9786515831947327,34.37997754006638,0.9773861169815063,-0.42575560710864124,-0.0012654662132263184,0.85<=A<0.95,beta>=1.7,0.85<=A<0.95 | beta>=1.7,baseline_middle_50
928,935_0.58_0.55.png,935,0.58,0.55,480,640,23.45516325689219,0.7609660029411316,44.48283111179716,0.9938414692878723,44.769424043177075,0.9936435222625732,0.28659293137991426,-0.00019794702529907227,A<0.65,beta<0.8,A<0.65 | beta<0.8,baseline_strongest_25
929,936_0.99_0.55.png,936,0.99,0.55,480,640,18.029903975646413,0.6733261346817017,42.543743535831815,0.9919639825820923,41.61384795803539,0.9914378523826599,-0.9298955777964224,-0.000526130199432373,A>=0.95,beta<0.8,A>=0.95 | beta<0.8,baseline_strongest_25
930,937_0.69_1.84.png,937,0.69,1.84,480,640,15.846707635240733,0.7640286087989807,30.310873898965202,0.9667972922325134,31.19729006074701,0.9716805815696716,0.8864161617818098,0.004883289337158203,0.65<=A<0.75,beta>=1.7,0.65<=A<0.75 | beta>=1.7,baseline_middle_50
931,938_0.64_0.6.png,938,0.64,0.6,480,640,24.378043470811143,0.9100316166877747,36.58462100237319,0.9855251908302307,36.4823592227756,0.9855294823646545,-0.10226177959759042,4.291534423828125e-06,A<0.65,beta<0.8,A<0.65 | beta<0.8,baseline_strongest_25
932,939_1.0_1.16.png,939,1.0,1.16,480,640,14.886990315339245,0.773176372051239,29.384374054877853,0.9662827849388123,29.056996039340728,0.9674177765846252,-0.32737801553712487,0.0011349916458129883,A>=0.95,1.1<=beta<1.4,A>=0.95 | 1.1<=beta<1.4,baseline_middle_50
933,93_0.63_1.76.png,93,0.63,1.76,400,400,9.295496420203538,0.5297738313674927,28.715510066396668,0.9542871117591858,28.64007583555352,0.9542214274406433,-0.07543423084314682,-6.568431854248047e-05,A<0.65,beta>=1.7,A<0.65 | beta>=1.7,baseline_weakest_25
934,940_0.56_1.47.png,940,0.56,1.47,480,640,19.011386858205707,0.8286696076393127,34.01163939844834,0.9805567264556885,34.111213828169966,0.9805386662483215,0.09957442972162767,-1.806020736694336e-05,A<0.65,1.4<=beta<1.7,A<0.65 | 1.4<=beta<1.7,baseline_middle_50
935,941_0.67_0.92.png,941,0.67,0.92,480,640,22.904219497505608,0.9409797787666321,32.582610404592174,0.9936231970787048,31.35186717334058,0.9926148653030396,-1.2307432312515942,-0.0010083317756652832,0.65<=A<0.75,0.8<=beta<1.1,0.65<=A<0.75 | 0.8<=beta<1.1,baseline_middle_50
936,942_0.76_1.39.png,942,0.76,1.39,480,640,17.482586820323363,0.8862287402153015,30.499709146671524,0.9894382953643799,29.669517739328644,0.9881784915924072,-0.8301914073428804,-0.0012598037719726562,0.75<=A<0.85,1.1<=beta<1.4,0.75<=A<0.85 | 1.1<=beta<1.4,baseline_middle_50
937,943_0.71_1.63.png,943,0.71,1.63,480,640,17.30686811751276,0.8765679597854614,30.520981535494023,0.9887723922729492,29.62930606231033,0.9879938364028931,-0.8916754731836924,-0.0007785558700561523,0.65<=A<0.75,1.4<=beta<1.7,0.65<=A<0.75 | 1.4<=beta<1.7,baseline_middle_50
938,944_0.59_1.45.png,944,0.59,1.45,480,640,20.472901341045635,0.9123708605766296,31.37679823042387,0.9914677739143372,30.365243917214762,0.9911255836486816,-1.011554313209107,-0.0003421902656555176,A<0.65,1.4<=beta<1.7,A<0.65 | 1.4<=beta<1.7,baseline_middle_50
939,945_0.94_1.2.png,945,0.94,1.2,480,640,12.746986084404718,0.6712757349014282,32.337828343929885,0.9784165024757385,32.368014601097876,0.9778503179550171,0.030186257167990505,-0.0005661845207214355,0.85<=A<0.95,1.1<=beta<1.4,0.85<=A<0.95 | 1.1<=beta<1.4,baseline_middle_50
940,946_0.65_0.58.png,946,0.65,0.58,480,640,22.22495365008527,0.8258258700370789,41.9176709542146,0.9927020072937012,39.63728720455907,0.9913594722747803,-2.2803837496555275,-0.0013425350189208984,0.65<=A<0.75,beta<0.8,0.65<=A<0.75 | beta<0.8,baseline_strongest_25
941,947_0.79_1.07.png,947,0.79,1.07,480,640,15.488640249573075,0.7221851944923401,35.52776281076228,0.9830068349838257,33.51125011387931,0.9832465052604675,-2.0165126968829696,0.0002396702766418457,0.75<=A<0.85,0.8<=beta<1.1,0.75<=A<0.85 | 0.8<=beta<1.1,baseline_middle_50
942,948_0.89_0.6.png,948,0.89,0.6,480,640,18.300459806252412,0.7805226445198059,35.17117163940529,0.9890357851982117,35.52935500413186,0.9894782304763794,0.3581833647265711,0.0004424452781677246,0.85<=A<0.95,beta<0.8,0.85<=A<0.95 | beta<0.8,baseline_middle_50
943,949_0.8_0.6.png,949,0.8,0.6,480,640,26.05232031501614,0.957367479801178,40.94013262078404,0.9952007532119751,37.354096372619125,0.9951053261756897,-3.586036248164916,-9.542703628540039e-05,0.75<=A<0.85,beta<0.8,0.75<=A<0.85 | beta<0.8,baseline_strongest_25
944,94_0.95_1.64.png,94,0.95,1.64,400,400,7.720275667640219,0.48265939950942993,27.348963309642215,0.9484239816665649,26.361966600923445,0.9445812106132507,-0.9869967087187703,-0.003842771053314209,A>=0.95,1.4<=beta<1.7,A>=0.95 | 1.4<=beta<1.7,baseline_weakest_25
945,950_0.57_1.28.png,950,0.57,1.28,480,640,20.746032358054816,0.9347694516181946,37.10638791468064,0.9944716095924377,29.391573569314016,0.9934201240539551,-7.714814345366623,-0.001051485538482666,A<0.65,1.1<=beta<1.4,A<0.65 | 1.1<=beta<1.4,baseline_strongest_25
946,951_0.57_0.85.png,951,0.57,0.85,480,640,23.68113479594095,0.9550599455833435,39.31612560108042,0.9951928853988647,31.523744840355683,0.9949914813041687,-7.79238076072474,-0.00020140409469604492,A<0.65,0.8<=beta<1.1,A<0.65 | 0.8<=beta<1.1,baseline_strongest_25
947,952_0.97_1.33.png,952,0.97,1.33,480,640,17.377203984191848,0.9052741527557373,33.21063394943801,0.990393877029419,31.311389571661074,0.986535370349884,-1.899244377776938,-0.003858506679534912,A>=0.95,1.1<=beta<1.4,A>=0.95 | 1.1<=beta<1.4,baseline_middle_50
948,953_0.96_1.7.png,953,0.96,1.7,480,640,15.995082796351024,0.8710479140281677,28.602078513558165,0.9686365127563477,29.075745583768757,0.9689154028892517,0.47366707021059185,0.00027889013290405273,A>=0.95,beta>=1.7,A>=0.95 | beta>=1.7,baseline_weakest_25
949,954_0.75_1.19.png,954,0.75,1.19,480,640,21.83866249218614,0.9145307540893555,33.60003873982529,0.9800644516944885,35.96973202427908,0.9877249598503113,2.3696932844537955,0.007660508155822754,0.75<=A<0.85,1.1<=beta<1.4,0.75<=A<0.85 | 1.1<=beta<1.4,baseline_middle_50
950,955_0.87_0.65.png,955,0.87,0.65,480,640,24.377166830496016,0.9356508851051331,33.3196680932907,0.9849565625190735,35.870022884574375,0.9911397099494934,2.5503547912836737,0.006183147430419922,0.85<=A<0.95,beta<0.8,0.85<=A<0.95 | beta<0.8,baseline_middle_50
951,956_0.51_0.81.png,956,0.51,0.81,480,640,25.000324290965036,0.9464190006256104,35.72339587149911,0.9859904646873474,33.546721194640575,0.9917104840278625,-2.176674676858532,0.005720019340515137,A<0.65,0.8<=beta<1.1,A<0.65 | 0.8<=beta<1.1,baseline_middle_50
952,957_0.55_0.69.png,957,0.55,0.69,480,640,21.617857190530252,0.8755776882171631,37.9072568232678,0.9957199692726135,41.36332785985644,0.9961064457893372,3.4560710365886393,0.0003864765167236328,A<0.65,beta<0.8,A<0.65 | beta<0.8,baseline_strongest_25
953,958_0.9_0.64.png,958,0.9,0.64,480,640,17.14002048469987,0.8437485098838806,36.936343683996185,0.9945400357246399,38.84820404264066,0.9949787259101868,1.911860358644475,0.000438690185546875,0.85<=A<0.95,beta<0.8,0.85<=A<0.95 | beta<0.8,baseline_strongest_25
954,959_0.93_1.27.png,959,0.93,1.27,480,640,12.291168633512894,0.7382639646530151,34.06907034696931,0.9900047779083252,34.49966167121195,0.9903476238250732,0.43059132424264135,0.0003428459167480469,0.85<=A<0.95,1.1<=beta<1.4,0.85<=A<0.95 | 1.1<=beta<1.4,baseline_middle_50
955,95_0.86_0.62.png,95,0.86,0.62,400,400,14.823715489099587,0.737946629524231,30.367502576478714,0.9703734517097473,30.13875822116416,0.966651201248169,-0.22874435531455362,-0.003722250461578369,0.85<=A<0.95,beta<0.8,0.85<=A<0.95 | beta<0.8,baseline_middle_50
956,960_0.78_0.97.png,960,0.78,0.97,480,640,16.14852971077773,0.805455207824707,36.51669668898481,0.993308961391449,38.96564952714898,0.9942594766616821,2.4489528381641748,0.0009505152702331543,0.75<=A<0.85,0.8<=beta<1.1,0.75<=A<0.85 | 0.8<=beta<1.1,baseline_strongest_25
957,961_0.68_1.73.png,961,0.68,1.73,480,640,16.606594333254417,0.8194050192832947,33.34505443854572,0.9895259141921997,33.78612845940512,0.9888290762901306,0.4410740208593964,-0.0006968379020690918,0.65<=A<0.75,beta>=1.7,0.65<=A<0.75 | beta>=1.7,baseline_middle_50
958,962_0.83_0.89.png,962,0.83,0.89,480,640,18.809934836225313,0.8983485698699951,34.00708817327156,0.9925482869148254,33.25771736002505,0.9929728507995605,-0.7493708132465144,0.0004245638847351074,0.75<=A<0.85,0.8<=beta<1.1,0.75<=A<0.85 | 0.8<=beta<1.1,baseline_middle_50
959,963_0.66_0.84.png,963,0.66,0.84,480,640,21.085665954993175,0.9223059415817261,38.2508922179737,0.9942585229873657,36.64496584811095,0.9947009682655334,-1.6059263698627504,0.0004424452781677246,0.65<=A<0.75,0.8<=beta<1.1,0.65<=A<0.75 | 0.8<=beta<1.1,baseline_strongest_25
960,964_0.9_0.92.png,964,0.9,0.92,480,640,17.610720129593034,0.8861514329910278,32.22969920030018,0.9915306568145752,31.368418500936173,0.9916361570358276,-0.8612806993640092,0.0001055002212524414,0.85<=A<0.95,0.8<=beta<1.1,0.85<=A<0.95 | 0.8<=beta<1.1,baseline_middle_50
961,965_0.88_1.49.png,965,0.88,1.49,480,640,14.49682636045048,0.8169651031494141,35.95899430565437,0.9900218844413757,37.5762359557894,0.9920897483825684,1.6172416501350284,0.002067863941192627,0.85<=A<0.95,1.4<=beta<1.7,0.85<=A<0.95 | 1.4<=beta<1.7,baseline_strongest_25
962,966_0.54_1.62.png,966,0.54,1.62,480,640,18.017356505429206,0.8462769985198975,39.51679098086811,0.9929115176200867,37.366673534793186,0.9938843846321106,-2.1501174460749226,0.0009728670120239258,A<0.65,1.4<=beta<1.7,A<0.65 | 1.4<=beta<1.7,baseline_strongest_25
963,967_0.89_0.68.png,967,0.89,0.68,480,640,19.854872244482703,0.889506995677948,39.49711940699807,0.9951868057250977,39.93363006972794,0.9956359267234802,0.43651066272987293,0.00044912099838256836,0.85<=A<0.95,beta<0.8,0.85<=A<0.95 | beta<0.8,baseline_strongest_25
964,968_0.9_1.83.png,968,0.9,1.83,480,640,12.919531384150794,0.7874813079833984,34.439088717195844,0.9879547953605652,35.973338843117915,0.9896080493927002,1.534250125922071,0.0016532540321350098,0.85<=A<0.95,beta>=1.7,0.85<=A<0.95 | beta>=1.7,baseline_middle_50
965,969_0.54_1.07.png,969,0.54,1.07,480,640,25.47172145248837,0.9554774761199951,33.38390419742244,0.9912113547325134,32.92734832825503,0.9916548132896423,-0.45655586916740987,0.00044345855712890625,A<0.65,0.8<=beta<1.1,A<0.65 | 0.8<=beta<1.1,baseline_middle_50
966,96_0.6_1.11.png,96,0.6,1.11,400,400,12.952717840581284,0.666964054107666,29.78556120498928,0.9628818035125732,30.754492607901867,0.9661877751350403,0.9689314029125882,0.003305971622467041,A<0.65,1.1<=beta<1.4,A<0.65 | 1.1<=beta<1.4,baseline_middle_50
967,970_0.74_1.09.png,970,0.74,1.09,480,640,22.89110500101406,0.9425447583198547,34.05708873732715,0.9898120164871216,33.832917412793144,0.9906322956085205,-0.22417132453400512,0.0008202791213989258,0.65<=A<0.75,0.8<=beta<1.1,0.65<=A<0.75 | 0.8<=beta<1.1,baseline_middle_50
968,971_0.63_1.38.png,971,0.63,1.38,480,640,22.922422468515528,0.938774824142456,34.2047085317789,0.9899828433990479,32.56806182561243,0.989574134349823,-1.6366467061664665,-0.0004087090492248535,A<0.65,1.1<=beta<1.4,A<0.65 | 1.1<=beta<1.4,baseline_middle_50
969,972_0.99_0.62.png,972,0.99,0.62,480,640,23.28002373359056,0.9516398310661316,31.264987002127825,0.9879856109619141,34.54153753270365,0.9914816617965698,3.2765505305758253,0.0034960508346557617,A>=0.95,beta<0.8,A>=0.95 | beta<0.8,baseline_middle_50
970,973_0.76_1.96.png,973,0.76,1.96,480,640,19.322398107843853,0.8972834348678589,32.497608409534365,0.9903748035430908,31.878109328489362,0.9900859594345093,-0.619499081045003,-0.00028884410858154297,0.75<=A<0.85,beta>=1.7,0.75<=A<0.85 | beta>=1.7,baseline_middle_50
971,974_0.6_1.86.png,974,0.6,1.86,480,640,18.6336809982416,0.9139330983161926,35.758174510502485,0.9922493696212769,35.65155659593614,0.9925978779792786,-0.10661791456634262,0.000348508358001709,A<0.65,beta>=1.7,A<0.65 | beta>=1.7,baseline_middle_50
972,975_0.9_1.51.png,975,0.9,1.51,480,640,19.606641948889084,0.9073198437690735,32.060559605070964,0.9907580614089966,33.02032696181412,0.9909675121307373,0.959767356743157,0.00020945072174072266,0.85<=A<0.95,1.4<=beta<1.7,0.85<=A<0.95 | 1.4<=beta<1.7,baseline_middle_50
973,976_0.95_1.78.png,976,0.95,1.78,480,640,17.692261744446647,0.8866508603096008,30.629770202577483,0.9884359836578369,31.77672056347926,0.989226758480072,1.1469503609017764,0.0007907748222351074,A>=0.95,beta>=1.7,A>=0.95 | beta>=1.7,baseline_middle_50
974,977_0.64_0.58.png,977,0.64,0.58,480,640,27.316929549541786,0.9319697022438049,42.99347396075163,0.9960479140281677,42.76183545776452,0.9963864684104919,-0.23163850298710997,0.00033855438232421875,A<0.65,beta<0.8,A<0.65 | beta<0.8,baseline_strongest_25
975,978_0.6_0.57.png,978,0.6,0.57,480,640,28.252575064529438,0.936100959777832,43.11270412186709,0.9960858225822449,42.69326701790435,0.9965727925300598,-0.4194371039627427,0.0004869699478149414,A<0.65,beta<0.8,A<0.65 | beta<0.8,baseline_strongest_25
976,979_0.72_1.66.png,979,0.72,1.66,480,640,17.74782471073177,0.8410917520523071,36.90743892987199,0.9917463064193726,36.09383653893118,0.9916976094245911,-0.8136023909408081,-4.869699478149414e-05,0.65<=A<0.75,1.4<=beta<1.7,0.65<=A<0.75 | 1.4<=beta<1.7,baseline_strongest_25
977,97_0.61_1.21.png,97,0.61,1.21,400,400,17.065765393491105,0.7973477840423584,35.24146263236416,0.9913522005081177,33.808280482833354,0.9916297197341919,-1.4331821495308077,0.00027751922607421875,A<0.65,1.1<=beta<1.4,A<0.65 | 1.1<=beta<1.4,baseline_middle_50
978,980_0.83_1.9.png,980,0.83,1.9,480,640,15.214577853061893,0.8070942163467407,34.46978287055346,0.9883990287780762,35.38957126950309,0.9886872172355652,0.9197883989496276,0.00028818845748901367,0.75<=A<0.85,beta>=1.7,0.75<=A<0.85 | beta>=1.7,baseline_middle_50
979,981_0.69_0.63.png,981,0.69,0.63,480,640,23.68863802533916,0.8518256545066833,40.13538128266742,0.9922147989273071,40.9444841408359,0.9929007291793823,0.8091028581684796,0.0006859302520751953,0.65<=A<0.75,beta<0.8,0.65<=A<0.75 | beta<0.8,baseline_strongest_25
980,982_0.81_0.68.png,982,0.81,0.68,480,640,21.241114803302494,0.8279421925544739,39.69916468633432,0.9911516904830933,39.77566671435964,0.9919971227645874,0.0765020280253168,0.0008454322814941406,0.75<=A<0.85,beta<0.8,0.75<=A<0.85 | beta<0.8,baseline_strongest_25
981,983_0.6_1.97.png,983,0.6,1.97,480,640,16.704878604571853,0.74403977394104,37.740963887029004,0.9865307807922363,38.15392756496236,0.9869047403335571,0.4129636779333552,0.0003739595413208008,A<0.65,beta>=1.7,A<0.65 | beta>=1.7,baseline_strongest_25
982,984_0.75_1.79.png,984,0.75,1.79,480,640,14.938064133312645,0.7214066982269287,35.793551546872266,0.9841764569282532,36.788997938059744,0.9858555197715759,0.9954463911874782,0.001679062843322754,0.75<=A<0.85,beta>=1.7,0.75<=A<0.85 | beta>=1.7,baseline_strongest_25
983,985_0.51_1.94.png,985,0.51,1.94,480,640,18.185561873457935,0.7903346419334412,39.31485728044249,0.9908413887023926,40.43571667741066,0.9924278855323792,1.1208593969681715,0.0015864968299865723,A<0.65,beta>=1.7,A<0.65 | beta>=1.7,baseline_strongest_25
984,986_0.75_1.85.png,986,0.75,1.85,480,640,14.105118098097364,0.7302121520042419,36.64396890800806,0.9885870218276978,37.66292496160428,0.989879846572876,1.01895605359622,0.0012928247451782227,0.75<=A<0.85,beta>=1.7,0.75<=A<0.85 | beta>=1.7,baseline_strongest_25
985,987_0.98_0.84.png,987,0.98,0.84,480,640,16.53017176893821,0.8086914420127869,39.147906116735996,0.9922352433204651,38.208565924844315,0.9927634000778198,-0.9393401918916808,0.0005281567573547363,A>=0.95,0.8<=beta<1.1,A>=0.95 | 0.8<=beta<1.1,baseline_strongest_25
986,988_0.99_1.47.png,988,0.99,1.47,480,640,12.46518087217001,0.7138090133666992,35.10594177218322,0.9870919585227966,33.766274640230726,0.9869998097419739,-1.3396671319524955,-9.21487808227539e-05,A>=0.95,1.4<=beta<1.7,A>=0.95 | 1.4<=beta<1.7,baseline_middle_50
987,989_0.52_1.33.png,989,0.52,1.33,480,640,13.986808672852803,0.6734723448753357,34.35032995702922,0.9852137565612793,38.132771874912265,0.9874173998832703,3.782441917883048,0.002203643321990967,A<0.65,1.1<=beta<1.4,A<0.65 | 1.1<=beta<1.4,baseline_middle_50
988,98_0.88_0.57.png,98,0.88,0.57,400,400,18.634600046002067,0.8864022493362427,34.324926508080026,0.9923480153083801,33.58710773525534,0.9895462989807129,-0.7378187728246886,-0.0028017163276672363,0.85<=A<0.95,beta<0.8,0.85<=A<0.95 | beta<0.8,baseline_middle_50
989,990_0.83_0.56.png,990,0.83,0.56,480,640,16.659500696065766,0.751977801322937,39.82174797887201,0.9909505844116211,40.389984695471746,0.9911457300186157,0.5682367165997348,0.0001951456069946289,0.75<=A<0.85,beta<0.8,0.75<=A<0.85 | beta<0.8,baseline_strongest_25
990,991_0.56_1.71.png,991,0.56,1.71,480,640,11.553788452591105,0.6058938503265381,32.592868538612315,0.9801548719406128,36.1020862163016,0.98369961977005,3.5092176776892856,0.003544747829437256,A<0.65,beta>=1.7,A<0.65 | beta>=1.7,baseline_middle_50
991,992_0.7_0.53.png,992,0.7,0.53,480,640,18.59125719605998,0.7868024706840515,40.787405155302324,0.9921180605888367,41.797906443769676,0.9924481511116028,1.0105012884673528,0.0003300905227661133,0.65<=A<0.75,beta<0.8,0.65<=A<0.75 | beta<0.8,baseline_strongest_25
992,993_0.73_0.6.png,993,0.73,0.6,480,640,22.716345572323636,0.930212140083313,34.97902263396484,0.995164692401886,35.09308392893623,0.9949625730514526,0.11406129497139261,-0.0002021193504333496,0.65<=A<0.75,beta<0.8,0.65<=A<0.75 | beta<0.8,baseline_middle_50
993,994_0.53_1.75.png,994,0.53,1.75,480,640,18.04195334254795,0.865784227848053,31.343042838357942,0.9907623529434204,36.63629756158838,0.9919331669807434,5.2932547232304366,0.001170814037322998,A<0.65,beta>=1.7,A<0.65 | beta>=1.7,baseline_middle_50
994,995_0.53_1.8.png,995,0.53,1.8,480,640,17.87043736193414,0.8624981641769409,31.861721850444876,0.9907404780387878,36.452099680582634,0.9918254017829895,4.590377830137758,0.0010849237442016602,A<0.65,beta>=1.7,A<0.65 | beta>=1.7,baseline_middle_50
995,996_0.71_1.66.png,996,0.71,1.66,480,640,15.824133493605856,0.8403168320655823,29.280309729789934,0.9891805052757263,35.14405357653107,0.9906566143035889,5.863743846741137,0.0014761090278625488,0.65<=A<0.75,1.4<=beta<1.7,0.65<=A<0.75 | 1.4<=beta<1.7,baseline_middle_50
996,997_1.0_0.71.png,997,1.0,0.71,480,640,23.176595172174807,0.9708265066146851,32.57205832016239,0.9941577315330505,32.64041894651974,0.994010329246521,0.06836062635734663,-0.00014740228652954102,A>=0.95,beta<0.8,A>=0.95 | beta<0.8,baseline_middle_50
997,998_0.7_0.93.png,998,0.7,0.93,480,640,26.16513759208876,0.9753846526145935,35.548753256539925,0.9953880906105042,35.7807416569329,0.9955275058746338,0.23198840039297863,0.00013941526412963867,0.65<=A<0.75,0.8<=beta<1.1,0.65<=A<0.75 | 0.8<=beta<1.1,baseline_middle_50
998,999_0.88_0.61.png,999,0.88,0.61,480,640,26.836168487838542,0.9809148907661438,36.152681411863455,0.9958512187004089,36.43566030462371,0.9959573745727539,0.282978892760255,0.0001061558723449707,0.85<=A<0.95,beta<0.8,0.85<=A<0.95 | beta<0.8,baseline_strongest_25
999,99_0.75_1.69.png,99,0.75,1.69,400,400,13.212457622012476,0.6709049940109253,32.4936133771237,0.986925482749939,31.4251570748012,0.9872817993164062,-1.0684563023225024,0.00035631656646728516,0.75<=A<0.85,1.4<=beta<1.7,0.75<=A<0.85 | 1.4<=beta<1.7,baseline_middle_50
1000,9_0.85_1.67.png,9,0.85,1.67,400,400,13.515392123859172,0.8282961249351501,35.71463653320213,0.9909101128578186,34.19488790096835,0.9908676147460938,-1.5197486322337852,-4.2498111724853516e-05,0.85<=A<0.95,1.4<=beta<1.7,0.85<=A<0.95 | 1.4<=beta<1.7,baseline_middle_50
