RUN_ID=HAZE4K-strong-official-depth-safety-audit-autodl-20260530-full
ROOT=/root/autodl-tmp/workspace/Dehaze-Net
OUTPUT_DIR=/root/autodl-tmp/workspace/Dehaze-Net/experiment/HAZE4K/strong_official_depth_safety_audit/HAZE4K-strong-official-depth-safety-audit-autodl-20260530-full
DEPTH_CACHE_DIR=/root/autodl-tmp/workspace/Dehaze-Net/experiment/HAZE4K/depth_cache/strong_official_depth_safety
LOG_FILE=/root/autodl-tmp/workspace/Dehaze-Net/experiment/HAZE4K/_run_logs/HAZE4K-strong-official-depth-safety-audit-autodl-20260530-full.log
OFFICIAL_STEP0_CHECKPOINT=/root/autodl-tmp/workspace/Dehaze-Net/experiment/HAZE4K/DEA-Net-OfficialWarmStart-LFv1-H4K-local-scout100k-20260528-152808/saved_model/official_warmstart_step0.pk
OFFICIAL_WARM_CHECKPOINT=/root/autodl-tmp/workspace/Dehaze-Net/experiment/HAZE4K/DEA-Net-OfficialWarmStart-LFv1-H4K-local-scout100k-20260528-152808/saved_model/best.pk
COLD_CR_CHECKPOINT=/root/autodl-tmp/workspace/Dehaze-Net/experiment/HAZE4K/DEA-Net-CR-H4K-Baseline-scout-20260520-101334/saved_model/best.pk
LFV1_CHECKPOINT=/root/autodl-tmp/workspace/Dehaze-Net/experiment/HAZE4K/DEA-Net-LF-H4K-scout-20260521-003100/saved_model/best.pk
RESIDUALCALIB_CHECKPOINT=/root/autodl-tmp/workspace/Dehaze-Net/experiment/HAZE4K/DEA-Net-LF-ResidualCalib-H4K-scout100k-20260525-122654/saved_model/best.pk
CRPLUS_CHECKPOINT=/root/autodl-tmp/workspace/Dehaze-Net/experiment/HAZE4K/DEA-Net-CRPlusV2-w003-H4K-scout100k-20260526-225540/saved_model/best.pk
CBRFRC_CHECKPOINT=/root/autodl-tmp/workspace/Dehaze-Net/experiment/HAZE4K/DEA-Net-CBRFRC-v1-H4K-scout100k-20260530-012811/saved_model/best.pk
ROUTE_EVIDENCE_CSV=/root/autodl-tmp/workspace/Dehaze-Net/docs/ai_text_packages/20260530-cbrfrc-v1/experiment/HAZE4K/route_evidence_review/HAZE4K-route-evidence-review-20260528/model_per_image_matrix.csv
DEPTH_MODELS=depthanything=depth-anything/Depth-Anything-V2-Small-hf,midas=Intel/dpt-hybrid-midas
HF_ENDPOINT=https://hf-mirror.com
Sat May 30 21:10:59 CST 2026
scikit-learn 1.7.2
transformers 5.9.0
CRPlus-v2 checkpoint not found on this server; using route evidence CSV metrics only.
Loading weights:   0%|          | 0/287 [00:00<?, ?it/s]Loading weights: 100%|██████████| 287/287 [00:00<00:00, 4292.39it/s]
loaded depth estimator depthanything=depth-anything/Depth-Anything-V2-Small-hf in 4.39s
Loading weights:   0%|          | 0/414 [00:00<?, ?it/s]Loading weights: 100%|██████████| 414/414 [00:00<00:00, 11179.91it/s]
loaded depth estimator midas=Intel/dpt-hybrid-midas in 2.80s
/root/autodl-tmp/workspace/Dehaze-Net/code/model/modules/deconv.py:19: UserWarning: The torch.cuda.*DtypeTensor constructors are no longer recommended. It's best to use methods such as torch.tensor(data, dtype=*, device='cuda') to create tensors. (Triggered internally at /pytorch/torch/csrc/tensor/python_tensor.cpp:78.)
  conv_weight_cd = torch.cuda.FloatTensor(conv_shape[0], conv_shape[1], 3 * 3).fill_(0)
depth safety rows 10/1000 (depthanything gen/load 56/14, midas gen/load 56/14)
depth safety rows 20/1000 (depthanything gen/load 126/14, midas gen/load 126/14)
depth safety rows 30/1000 (depthanything gen/load 196/14, midas gen/load 196/14)
depth safety rows 40/1000 (depthanything gen/load 266/14, midas gen/load 266/14)
depth safety rows 50/1000 (depthanything gen/load 336/14, midas gen/load 336/14)
depth safety rows 60/1000 (depthanything gen/load 406/14, midas gen/load 406/14)
depth safety rows 70/1000 (depthanything gen/load 476/14, midas gen/load 476/14)
depth safety rows 80/1000 (depthanything gen/load 546/14, midas gen/load 546/14)
depth safety rows 90/1000 (depthanything gen/load 616/14, midas gen/load 616/14)
depth safety rows 100/1000 (depthanything gen/load 686/14, midas gen/load 686/14)
depth safety rows 110/1000 (depthanything gen/load 756/14, midas gen/load 756/14)
depth safety rows 120/1000 (depthanything gen/load 826/14, midas gen/load 826/14)
depth safety rows 130/1000 (depthanything gen/load 896/14, midas gen/load 896/14)
depth safety rows 140/1000 (depthanything gen/load 966/14, midas gen/load 966/14)
depth safety rows 150/1000 (depthanything gen/load 1036/14, midas gen/load 1036/14)
depth safety rows 160/1000 (depthanything gen/load 1106/14, midas gen/load 1106/14)
depth safety rows 170/1000 (depthanything gen/load 1176/14, midas gen/load 1176/14)
depth safety rows 180/1000 (depthanything gen/load 1246/14, midas gen/load 1246/14)
depth safety rows 190/1000 (depthanything gen/load 1316/14, midas gen/load 1316/14)
depth safety rows 200/1000 (depthanything gen/load 1386/14, midas gen/load 1386/14)
depth safety rows 210/1000 (depthanything gen/load 1456/14, midas gen/load 1456/14)
depth safety rows 220/1000 (depthanything gen/load 1526/14, midas gen/load 1526/14)
depth safety rows 230/1000 (depthanything gen/load 1596/14, midas gen/load 1596/14)
depth safety rows 240/1000 (depthanything gen/load 1666/14, midas gen/load 1666/14)
depth safety rows 250/1000 (depthanything gen/load 1736/14, midas gen/load 1736/14)
depth safety rows 260/1000 (depthanything gen/load 1806/14, midas gen/load 1806/14)
depth safety rows 270/1000 (depthanything gen/load 1876/14, midas gen/load 1876/14)
depth safety rows 280/1000 (depthanything gen/load 1946/14, midas gen/load 1946/14)
depth safety rows 290/1000 (depthanything gen/load 2016/14, midas gen/load 2016/14)
depth safety rows 300/1000 (depthanything gen/load 2086/14, midas gen/load 2086/14)
depth safety rows 310/1000 (depthanything gen/load 2156/14, midas gen/load 2156/14)
depth safety rows 320/1000 (depthanything gen/load 2226/14, midas gen/load 2226/14)
depth safety rows 330/1000 (depthanything gen/load 2296/14, midas gen/load 2296/14)
depth safety rows 340/1000 (depthanything gen/load 2366/14, midas gen/load 2366/14)
depth safety rows 350/1000 (depthanything gen/load 2436/14, midas gen/load 2436/14)
depth safety rows 360/1000 (depthanything gen/load 2506/14, midas gen/load 2506/14)
depth safety rows 370/1000 (depthanything gen/load 2576/14, midas gen/load 2576/14)
depth safety rows 380/1000 (depthanything gen/load 2646/14, midas gen/load 2646/14)
depth safety rows 390/1000 (depthanything gen/load 2716/14, midas gen/load 2716/14)
depth safety rows 400/1000 (depthanything gen/load 2786/14, midas gen/load 2786/14)
depth safety rows 410/1000 (depthanything gen/load 2856/14, midas gen/load 2856/14)
depth safety rows 420/1000 (depthanything gen/load 2926/14, midas gen/load 2926/14)
depth safety rows 430/1000 (depthanything gen/load 2996/14, midas gen/load 2996/14)
depth safety rows 440/1000 (depthanything gen/load 3066/14, midas gen/load 3066/14)
depth safety rows 450/1000 (depthanything gen/load 3136/14, midas gen/load 3136/14)
depth safety rows 460/1000 (depthanything gen/load 3206/14, midas gen/load 3206/14)
depth safety rows 470/1000 (depthanything gen/load 3276/14, midas gen/load 3276/14)
depth safety rows 480/1000 (depthanything gen/load 3346/14, midas gen/load 3346/14)
depth safety rows 490/1000 (depthanything gen/load 3416/14, midas gen/load 3416/14)
depth safety rows 500/1000 (depthanything gen/load 3486/14, midas gen/load 3486/14)
depth safety rows 510/1000 (depthanything gen/load 3556/14, midas gen/load 3556/14)
depth safety rows 520/1000 (depthanything gen/load 3626/14, midas gen/load 3626/14)
depth safety rows 530/1000 (depthanything gen/load 3696/14, midas gen/load 3696/14)
depth safety rows 540/1000 (depthanything gen/load 3766/14, midas gen/load 3766/14)
depth safety rows 550/1000 (depthanything gen/load 3836/14, midas gen/load 3836/14)
depth safety rows 560/1000 (depthanything gen/load 3906/14, midas gen/load 3906/14)
depth safety rows 570/1000 (depthanything gen/load 3976/14, midas gen/load 3976/14)
depth safety rows 580/1000 (depthanything gen/load 4046/14, midas gen/load 4046/14)
depth safety rows 590/1000 (depthanything gen/load 4116/14, midas gen/load 4116/14)
depth safety rows 600/1000 (depthanything gen/load 4186/14, midas gen/load 4186/14)
depth safety rows 610/1000 (depthanything gen/load 4256/14, midas gen/load 4256/14)
depth safety rows 620/1000 (depthanything gen/load 4326/14, midas gen/load 4326/14)
depth safety rows 630/1000 (depthanything gen/load 4396/14, midas gen/load 4396/14)
depth safety rows 640/1000 (depthanything gen/load 4466/14, midas gen/load 4466/14)
depth safety rows 650/1000 (depthanything gen/load 4536/14, midas gen/load 4536/14)
depth safety rows 660/1000 (depthanything gen/load 4606/14, midas gen/load 4606/14)
depth safety rows 670/1000 (depthanything gen/load 4676/14, midas gen/load 4676/14)
depth safety rows 680/1000 (depthanything gen/load 4746/14, midas gen/load 4746/14)
depth safety rows 690/1000 (depthanything gen/load 4816/14, midas gen/load 4816/14)
depth safety rows 700/1000 (depthanything gen/load 4886/14, midas gen/load 4886/14)
depth safety rows 710/1000 (depthanything gen/load 4956/14, midas gen/load 4956/14)
depth safety rows 720/1000 (depthanything gen/load 5026/14, midas gen/load 5026/14)
depth safety rows 730/1000 (depthanything gen/load 5096/14, midas gen/load 5096/14)
depth safety rows 740/1000 (depthanything gen/load 5166/14, midas gen/load 5166/14)
depth safety rows 750/1000 (depthanything gen/load 5236/14, midas gen/load 5236/14)
depth safety rows 760/1000 (depthanything gen/load 5306/14, midas gen/load 5306/14)
depth safety rows 770/1000 (depthanything gen/load 5376/14, midas gen/load 5376/14)
depth safety rows 780/1000 (depthanything gen/load 5446/14, midas gen/load 5446/14)
depth safety rows 790/1000 (depthanything gen/load 5516/14, midas gen/load 5516/14)
depth safety rows 800/1000 (depthanything gen/load 5586/14, midas gen/load 5586/14)
depth safety rows 810/1000 (depthanything gen/load 5656/14, midas gen/load 5656/14)
depth safety rows 820/1000 (depthanything gen/load 5726/14, midas gen/load 5726/14)
depth safety rows 830/1000 (depthanything gen/load 5796/14, midas gen/load 5796/14)
depth safety rows 840/1000 (depthanything gen/load 5866/14, midas gen/load 5866/14)
depth safety rows 850/1000 (depthanything gen/load 5936/14, midas gen/load 5936/14)
depth safety rows 860/1000 (depthanything gen/load 6006/14, midas gen/load 6006/14)
depth safety rows 870/1000 (depthanything gen/load 6076/14, midas gen/load 6076/14)
depth safety rows 880/1000 (depthanything gen/load 6146/14, midas gen/load 6146/14)
depth safety rows 890/1000 (depthanything gen/load 6216/14, midas gen/load 6216/14)
depth safety rows 900/1000 (depthanything gen/load 6286/14, midas gen/load 6286/14)
depth safety rows 910/1000 (depthanything gen/load 6356/14, midas gen/load 6356/14)
depth safety rows 920/1000 (depthanything gen/load 6426/14, midas gen/load 6426/14)
depth safety rows 930/1000 (depthanything gen/load 6496/14, midas gen/load 6496/14)
depth safety rows 940/1000 (depthanything gen/load 6566/14, midas gen/load 6566/14)
depth safety rows 950/1000 (depthanything gen/load 6636/14, midas gen/load 6636/14)
depth safety rows 960/1000 (depthanything gen/load 6706/14, midas gen/load 6706/14)
depth safety rows 970/1000 (depthanything gen/load 6776/14, midas gen/load 6776/14)
depth safety rows 980/1000 (depthanything gen/load 6846/14, midas gen/load 6846/14)
depth safety rows 990/1000 (depthanything gen/load 6916/14, midas gen/load 6916/14)
depth safety rows 1000/1000 (depthanything gen/load 6986/14, midas gen/load 6986/14)
C0_deployable logistic margin 0.20 random_1
C0_deployable logistic margin 0.20 random_2
C0_deployable logistic margin 0.20 random_3
C0_deployable logistic margin 0.20 test_strong_official
C0_deployable logistic margin 0.20 test_strong_cr
C0_deployable logistic margin 0.20 test_residual_low
C0_deployable decision_tree margin 0.20 random_1
C0_deployable decision_tree margin 0.20 random_2
C0_deployable decision_tree margin 0.20 random_3
C0_deployable decision_tree margin 0.20 test_strong_official
C0_deployable decision_tree margin 0.20 test_strong_cr
C0_deployable decision_tree margin 0.20 test_residual_low
C0_deployable hgb margin 0.20 random_1
C0_deployable hgb margin 0.20 random_2
C0_deployable hgb margin 0.20 random_3
C0_deployable hgb margin 0.20 test_strong_official
C0_deployable hgb margin 0.20 test_strong_cr
C0_deployable hgb margin 0.20 test_residual_low
C1_basic logistic margin 0.20 random_1
C1_basic logistic margin 0.20 random_2
C1_basic logistic margin 0.20 random_3
C1_basic logistic margin 0.20 test_strong_official
C1_basic logistic margin 0.20 test_strong_cr
C1_basic logistic margin 0.20 test_residual_low
C1_basic decision_tree margin 0.20 random_1
C1_basic decision_tree margin 0.20 random_2
C1_basic decision_tree margin 0.20 random_3
C1_basic decision_tree margin 0.20 test_strong_official
C1_basic decision_tree margin 0.20 test_strong_cr
C1_basic decision_tree margin 0.20 test_residual_low
C1_basic hgb margin 0.20 random_1
C1_basic hgb margin 0.20 random_2
C1_basic hgb margin 0.20 random_3
C1_basic hgb margin 0.20 test_strong_official
C1_basic hgb margin 0.20 test_strong_cr
C1_basic hgb margin 0.20 test_residual_low
C2_depthanything logistic margin 0.20 random_1
C2_depthanything logistic margin 0.20 random_2
C2_depthanything logistic margin 0.20 random_3
C2_depthanything logistic margin 0.20 test_strong_official
C2_depthanything logistic margin 0.20 test_strong_cr
C2_depthanything logistic margin 0.20 test_residual_low
C2_depthanything decision_tree margin 0.20 random_1
C2_depthanything decision_tree margin 0.20 random_2
C2_depthanything decision_tree margin 0.20 random_3
C2_depthanything decision_tree margin 0.20 test_strong_official
C2_depthanything decision_tree margin 0.20 test_strong_cr
C2_depthanything decision_tree margin 0.20 test_residual_low
C2_depthanything hgb margin 0.20 random_1
C2_depthanything hgb margin 0.20 random_2
C2_depthanything hgb margin 0.20 random_3
C2_depthanything hgb margin 0.20 test_strong_official
C2_depthanything hgb margin 0.20 test_strong_cr
C2_depthanything hgb margin 0.20 test_residual_low
C3_depthanything logistic margin 0.20 random_1
C3_depthanything logistic margin 0.20 random_2
C3_depthanything logistic margin 0.20 random_3
C3_depthanything logistic margin 0.20 test_strong_official
C3_depthanything logistic margin 0.20 test_strong_cr
C3_depthanything logistic margin 0.20 test_residual_low
C3_depthanything decision_tree margin 0.20 random_1
C3_depthanything decision_tree margin 0.20 random_2
C3_depthanything decision_tree margin 0.20 random_3
C3_depthanything decision_tree margin 0.20 test_strong_official
C3_depthanything decision_tree margin 0.20 test_strong_cr
C3_depthanything decision_tree margin 0.20 test_residual_low
C3_depthanything hgb margin 0.20 random_1
C3_depthanything hgb margin 0.20 random_2
C3_depthanything hgb margin 0.20 random_3
C3_depthanything hgb margin 0.20 test_strong_official
C3_depthanything hgb margin 0.20 test_strong_cr
C3_depthanything hgb margin 0.20 test_residual_low
C2_midas logistic margin 0.20 random_1
C2_midas logistic margin 0.20 random_2
C2_midas logistic margin 0.20 random_3
C2_midas logistic margin 0.20 test_strong_official
C2_midas logistic margin 0.20 test_strong_cr
C2_midas logistic margin 0.20 test_residual_low
C2_midas decision_tree margin 0.20 random_1
C2_midas decision_tree margin 0.20 random_2
C2_midas decision_tree margin 0.20 random_3
C2_midas decision_tree margin 0.20 test_strong_official
C2_midas decision_tree margin 0.20 test_strong_cr
C2_midas decision_tree margin 0.20 test_residual_low
C2_midas hgb margin 0.20 random_1
C2_midas hgb margin 0.20 random_2
C2_midas hgb margin 0.20 random_3
C2_midas hgb margin 0.20 test_strong_official
C2_midas hgb margin 0.20 test_strong_cr
C2_midas hgb margin 0.20 test_residual_low
C3_midas logistic margin 0.20 random_1
C3_midas logistic margin 0.20 random_2
C3_midas logistic margin 0.20 random_3
C3_midas logistic margin 0.20 test_strong_official
C3_midas logistic margin 0.20 test_strong_cr
C3_midas logistic margin 0.20 test_residual_low
C3_midas decision_tree margin 0.20 random_1
C3_midas decision_tree margin 0.20 random_2
C3_midas decision_tree margin 0.20 random_3
C3_midas decision_tree margin 0.20 test_strong_official
C3_midas decision_tree margin 0.20 test_strong_cr
C3_midas decision_tree margin 0.20 test_residual_low
C3_midas hgb margin 0.20 random_1
C3_midas hgb margin 0.20 random_2
C3_midas hgb margin 0.20 random_3
C3_midas hgb margin 0.20 test_strong_official
C3_midas hgb margin 0.20 test_strong_cr
C3_midas hgb margin 0.20 test_residual_low
C2_both logistic margin 0.20 random_1
C2_both logistic margin 0.20 random_2
C2_both logistic margin 0.20 random_3
C2_both logistic margin 0.20 test_strong_official
C2_both logistic margin 0.20 test_strong_cr
C2_both logistic margin 0.20 test_residual_low
C2_both decision_tree margin 0.20 random_1
C2_both decision_tree margin 0.20 random_2
C2_both decision_tree margin 0.20 random_3
C2_both decision_tree margin 0.20 test_strong_official
C2_both decision_tree margin 0.20 test_strong_cr
C2_both decision_tree margin 0.20 test_residual_low
C2_both hgb margin 0.20 random_1
C2_both hgb margin 0.20 random_2
C2_both hgb margin 0.20 random_3
C2_both hgb margin 0.20 test_strong_official
C2_both hgb margin 0.20 test_strong_cr
C2_both hgb margin 0.20 test_residual_low
C3_both logistic margin 0.20 random_1
C3_both logistic margin 0.20 random_2
C3_both logistic margin 0.20 random_3
C3_both logistic margin 0.20 test_strong_official
C3_both logistic margin 0.20 test_strong_cr
C3_both logistic margin 0.20 test_residual_low
C3_both decision_tree margin 0.20 random_1
C3_both decision_tree margin 0.20 random_2
C3_both decision_tree margin 0.20 random_3
C3_both decision_tree margin 0.20 test_strong_official
C3_both decision_tree margin 0.20 test_strong_cr
C3_both decision_tree margin 0.20 test_residual_low
C3_both hgb margin 0.20 random_1
C3_both hgb margin 0.20 random_2
C3_both hgb margin 0.20 random_3
C3_both hgb margin 0.20 test_strong_official
C3_both hgb margin 0.20 test_strong_cr
C3_both hgb margin 0.20 test_residual_low
C2_depthanything_shuffled_depth logistic margin 0.20 random_1
C2_depthanything_shuffled_depth logistic margin 0.20 random_2
C2_depthanything_shuffled_depth logistic margin 0.20 random_3
C2_depthanything_shuffled_depth logistic margin 0.20 test_strong_official
C2_depthanything_shuffled_depth logistic margin 0.20 test_strong_cr
C2_depthanything_shuffled_depth logistic margin 0.20 test_residual_low
C2_depthanything_shuffled_depth decision_tree margin 0.20 random_1
C2_depthanything_shuffled_depth decision_tree margin 0.20 random_2
C2_depthanything_shuffled_depth decision_tree margin 0.20 random_3
C2_depthanything_shuffled_depth decision_tree margin 0.20 test_strong_official
C2_depthanything_shuffled_depth decision_tree margin 0.20 test_strong_cr
C2_depthanything_shuffled_depth decision_tree margin 0.20 test_residual_low
C2_depthanything_shuffled_depth hgb margin 0.20 random_1
C2_depthanything_shuffled_depth hgb margin 0.20 random_2
C2_depthanything_shuffled_depth hgb margin 0.20 random_3
C2_depthanything_shuffled_depth hgb margin 0.20 test_strong_official
C2_depthanything_shuffled_depth hgb margin 0.20 test_strong_cr
C2_depthanything_shuffled_depth hgb margin 0.20 test_residual_low
C3_depthanything_shuffled_depth logistic margin 0.20 random_1
C3_depthanything_shuffled_depth logistic margin 0.20 random_2
C3_depthanything_shuffled_depth logistic margin 0.20 random_3
C3_depthanything_shuffled_depth logistic margin 0.20 test_strong_official
C3_depthanything_shuffled_depth logistic margin 0.20 test_strong_cr
C3_depthanything_shuffled_depth logistic margin 0.20 test_residual_low
C3_depthanything_shuffled_depth decision_tree margin 0.20 random_1
C3_depthanything_shuffled_depth decision_tree margin 0.20 random_2
C3_depthanything_shuffled_depth decision_tree margin 0.20 random_3
C3_depthanything_shuffled_depth decision_tree margin 0.20 test_strong_official
C3_depthanything_shuffled_depth decision_tree margin 0.20 test_strong_cr
C3_depthanything_shuffled_depth decision_tree margin 0.20 test_residual_low
C3_depthanything_shuffled_depth hgb margin 0.20 random_1
C3_depthanything_shuffled_depth hgb margin 0.20 random_2
C3_depthanything_shuffled_depth hgb margin 0.20 random_3
C3_depthanything_shuffled_depth hgb margin 0.20 test_strong_official
C3_depthanything_shuffled_depth hgb margin 0.20 test_strong_cr
C3_depthanything_shuffled_depth hgb margin 0.20 test_residual_low
C2_midas_shuffled_depth logistic margin 0.20 random_1
C2_midas_shuffled_depth logistic margin 0.20 random_2
C2_midas_shuffled_depth logistic margin 0.20 random_3
C2_midas_shuffled_depth logistic margin 0.20 test_strong_official
C2_midas_shuffled_depth logistic margin 0.20 test_strong_cr
C2_midas_shuffled_depth logistic margin 0.20 test_residual_low
C2_midas_shuffled_depth decision_tree margin 0.20 random_1
C2_midas_shuffled_depth decision_tree margin 0.20 random_2
C2_midas_shuffled_depth decision_tree margin 0.20 random_3
C2_midas_shuffled_depth decision_tree margin 0.20 test_strong_official
C2_midas_shuffled_depth decision_tree margin 0.20 test_strong_cr
C2_midas_shuffled_depth decision_tree margin 0.20 test_residual_low
C2_midas_shuffled_depth hgb margin 0.20 random_1
C2_midas_shuffled_depth hgb margin 0.20 random_2
C2_midas_shuffled_depth hgb margin 0.20 random_3
C2_midas_shuffled_depth hgb margin 0.20 test_strong_official
C2_midas_shuffled_depth hgb margin 0.20 test_strong_cr
C2_midas_shuffled_depth hgb margin 0.20 test_residual_low
C3_midas_shuffled_depth logistic margin 0.20 random_1
C3_midas_shuffled_depth logistic margin 0.20 random_2
C3_midas_shuffled_depth logistic margin 0.20 random_3
C3_midas_shuffled_depth logistic margin 0.20 test_strong_official
C3_midas_shuffled_depth logistic margin 0.20 test_strong_cr
C3_midas_shuffled_depth logistic margin 0.20 test_residual_low
C3_midas_shuffled_depth decision_tree margin 0.20 random_1
C3_midas_shuffled_depth decision_tree margin 0.20 random_2
C3_midas_shuffled_depth decision_tree margin 0.20 random_3
C3_midas_shuffled_depth decision_tree margin 0.20 test_strong_official
C3_midas_shuffled_depth decision_tree margin 0.20 test_strong_cr
C3_midas_shuffled_depth decision_tree margin 0.20 test_residual_low
C3_midas_shuffled_depth hgb margin 0.20 random_1
C3_midas_shuffled_depth hgb margin 0.20 random_2
C3_midas_shuffled_depth hgb margin 0.20 random_3
C3_midas_shuffled_depth hgb margin 0.20 test_strong_official
C3_midas_shuffled_depth hgb margin 0.20 test_strong_cr
C3_midas_shuffled_depth hgb margin 0.20 test_residual_low
C2_both_shuffled_depth logistic margin 0.20 random_1
C2_both_shuffled_depth logistic margin 0.20 random_2
C2_both_shuffled_depth logistic margin 0.20 random_3
C2_both_shuffled_depth logistic margin 0.20 test_strong_official
C2_both_shuffled_depth logistic margin 0.20 test_strong_cr
C2_both_shuffled_depth logistic margin 0.20 test_residual_low
C2_both_shuffled_depth decision_tree margin 0.20 random_1
C2_both_shuffled_depth decision_tree margin 0.20 random_2
C2_both_shuffled_depth decision_tree margin 0.20 random_3
C2_both_shuffled_depth decision_tree margin 0.20 test_strong_official
C2_both_shuffled_depth decision_tree margin 0.20 test_strong_cr
C2_both_shuffled_depth decision_tree margin 0.20 test_residual_low
C2_both_shuffled_depth hgb margin 0.20 random_1
C2_both_shuffled_depth hgb margin 0.20 random_2
C2_both_shuffled_depth hgb margin 0.20 random_3
C2_both_shuffled_depth hgb margin 0.20 test_strong_official
C2_both_shuffled_depth hgb margin 0.20 test_strong_cr
C2_both_shuffled_depth hgb margin 0.20 test_residual_low
C3_both_shuffled_depth logistic margin 0.20 random_1
C3_both_shuffled_depth logistic margin 0.20 random_2
C3_both_shuffled_depth logistic margin 0.20 random_3
C3_both_shuffled_depth logistic margin 0.20 test_strong_official
C3_both_shuffled_depth logistic margin 0.20 test_strong_cr
C3_both_shuffled_depth logistic margin 0.20 test_residual_low
C3_both_shuffled_depth decision_tree margin 0.20 random_1
C3_both_shuffled_depth decision_tree margin 0.20 random_2
C3_both_shuffled_depth decision_tree margin 0.20 random_3
C3_both_shuffled_depth decision_tree margin 0.20 test_strong_official
C3_both_shuffled_depth decision_tree margin 0.20 test_strong_cr
C3_both_shuffled_depth decision_tree margin 0.20 test_residual_low
C3_both_shuffled_depth hgb margin 0.20 random_1
C3_both_shuffled_depth hgb margin 0.20 random_2
C3_both_shuffled_depth hgb margin 0.20 random_3
C3_both_shuffled_depth hgb margin 0.20 test_strong_official
C3_both_shuffled_depth hgb margin 0.20 test_strong_cr
C3_both_shuffled_depth hgb margin 0.20 test_residual_low
{
  "args": {
    "bootstrap_rounds": 300,
    "candidate_depth_names": "warm,cold_cr,lfv1,residualcalib,crplus,cbrfrc",
    "cbrfrc_checkpoint": "/root/autodl-tmp/workspace/Dehaze-Net/experiment/HAZE4K/DEA-Net-CBRFRC-v1-H4K-scout100k-20260530-012811/saved_model/best.pk",
    "clear_dir": "",
    "cold_cr_checkpoint": "/root/autodl-tmp/workspace/Dehaze-Net/experiment/HAZE4K/DEA-Net-CR-H4K-Baseline-scout-20260520-101334/saved_model/best.pk",
    "content_clusters": 5,
    "crplus_checkpoint": "",
    "dataset_root": "../dataset/HAZE4K",
    "depth_cache_dir": "/root/autodl-tmp/workspace/Dehaze-Net/experiment/HAZE4K/depth_cache/strong_official_depth_safety",
    "depth_device": "cuda",
    "depth_models": "depthanything=depth-anything/Depth-Anything-V2-Small-hf,midas=Intel/dpt-hybrid-midas",
    "feature_pool_grid": 2,
    "hazy_dir": "",
    "heads": "logistic,decision_tree,hgb",
    "hgb_l2": 0.01,
    "hgb_learning_rate": 0.05,
    "hgb_max_iter": 160,
    "label_permutation_rounds": 3,
    "lfv1_checkpoint": "/root/autodl-tmp/workspace/Dehaze-Net/experiment/HAZE4K/DEA-Net-LF-H4K-scout-20260521-003100/saved_model/best.pk",
    "logistic_c": 0.5,
    "max_images": 0,
    "max_nochange_absolute_fi": 0.15,
    "max_strong_absolute_fi": 0.1,
    "min_precision_delta": -0.03,
    "min_relative_nochange_fi_reduction": 0.2,
    "min_relative_strong_fi_reduction": 0.3,
    "min_samples_leaf": 20,
    "min_strong_absolute_precision": 0.7,
    "model_device": "cuda",
    "nochange_margin": 0.05,
    "official_step0_checkpoint": "/root/autodl-tmp/workspace/Dehaze-Net/experiment/HAZE4K/DEA-Net-OfficialWarmStart-LFv1-H4K-local-scout100k-20260528-152808/saved_model/official_warmstart_step0.pk",
    "official_warm_checkpoint": "/root/autodl-tmp/workspace/Dehaze-Net/experiment/HAZE4K/DEA-Net-OfficialWarmStart-LFv1-H4K-local-scout100k-20260528-152808/saved_model/best.pk",
    "output_dir": "/root/autodl-tmp/workspace/Dehaze-Net/experiment/HAZE4K/strong_official_depth_safety_audit/HAZE4K-strong-official-depth-safety-audit-autodl-20260530-full",
    "pad_size": 4,
    "random_splits": 3,
    "residualcalib_checkpoint": "/root/autodl-tmp/workspace/Dehaze-Net/experiment/HAZE4K/DEA-Net-LF-ResidualCalib-H4K-scout100k-20260525-122654/saved_model/best.pk",
    "ridge_alpha": 1.0,
    "route_evidence_csv": "/root/autodl-tmp/workspace/Dehaze-Net/docs/ai_text_packages/20260530-cbrfrc-v1/experiment/HAZE4K/route_evidence_review/HAZE4K-route-evidence-review-20260528/model_per_image_matrix.csv",
    "seed": 20260530,
    "spatial_feature_grid": 4,
    "split": "test",
    "target_margins": "0.20",
    "threshold_min_gain": 0.0,
    "threshold_min_intervention_rate": 0.02,
    "threshold_min_precision": 0.55,
    "tree_max_depth": 3,
    "valid_fraction": 0.25
  },
  "decision": {
    "C2_vs_C1": {
      "all_nochange_FI_relative_reduction": 0.0,
      "bootstrap_gain_p05_delta": 0.0,
      "precision_delta": 0.0,
      "simulated_gain_delta": 0.0,
      "strong_official_FI_relative_reduction": 0.0
    },
    "best_C1": {
      "bootstrap_gain_p05_mean": 0.053927424004630374,
      "bootstrap_gain_p05_std": 0.0786311782119023,
      "confidence_corr_mean": 0.27760350723127836,
      "confidence_corr_std": 0.10931101142314874,
      "control": "real",
      "estimator_group": "C1_basic",
      "feature_group": "C1",
      "feature_set": "C1_basic",
      "head": "decision_tree",
      "ignored_n_mean": 23.666666666666668,
      "ignored_n_std": 5.734883511361751,
      "intervention_precision_mean": 0.6552631578947369,
      "intervention_precision_std": 0.1824856588807394,
      "intervention_rate_mean": 0.07333333333333333,
      "intervention_rate_std": 0.0613043409737208,
      "intervention_recall_mean": 0.09920587618165304,
      "intervention_recall_std": 0.09434901045468194,
      "labeled_n_mean": 226.33333333333334,
      "labeled_n_std": 5.734883511361751,
      "low_residual_preserve_rate_mean": 0.9414483821263482,
      "low_residual_preserve_rate_std": 0.041478634020688174,
      "nochange_false_intervention_rate_mean": 0.039722151486857364,
      "nochange_false_intervention_rate_std": 0.022314461575680525,
      "official_preserve_rate_mean": 0.9573560319461959,
      "official_preserve_rate_std": 0.037839439070985366,
      "oracle_recovery_mean": 0.1244757731019396,
      "oracle_recovery_std": 0.14691270503847373,
      "residual_low_false_intervention_rate_mean": 0.05855161787365177,
      "residual_low_false_intervention_rate_std": 0.04147863402068817,
      "simulated_mean_psnr_gain_mean": 0.09517791415524389,
      "simulated_mean_psnr_gain_std": 0.1130992095105361,
      "split_family": "random",
      "split_group": "random",
      "splits": 3,
      "strong_nochange_false_intervention_rate_mean": 0.05499265096788317,
      "strong_nochange_false_intervention_rate_std": 0.03554847852912318,
      "target_margin": 0.2
    },
    "best_C2": {
      "bootstrap_gain_p05_mean": 0.053927424004630374,
      "bootstrap_gain_p05_std": 0.0786311782119023,
      "confidence_corr_mean": 0.27760350723127836,
      "confidence_corr_std": 0.10931101142314874,
      "control": "real",
      "estimator_group": "both",
      "feature_group": "C2",
      "feature_set": "C2_both",
      "head": "decision_tree",
      "ignored_n_mean": 23.666666666666668,
      "ignored_n_std": 5.734883511361751,
      "intervention_precision_mean": 0.6552631578947369,
      "intervention_precision_std": 0.1824856588807394,
      "intervention_rate_mean": 0.07333333333333333,
      "intervention_rate_std": 0.0613043409737208,
      "intervention_recall_mean": 0.09920587618165304,
      "intervention_recall_std": 0.09434901045468194,
      "labeled_n_mean": 226.33333333333334,
      "labeled_n_std": 5.734883511361751,
      "low_residual_preserve_rate_mean": 0.9414483821263482,
      "low_residual_preserve_rate_std": 0.041478634020688174,
      "nochange_false_intervention_rate_mean": 0.039722151486857364,
      "nochange_false_intervention_rate_std": 0.022314461575680525,
      "official_preserve_rate_mean": 0.9573560319461959,
      "official_preserve_rate_std": 0.037839439070985366,
      "oracle_recovery_mean": 0.1244757731019396,
      "oracle_recovery_std": 0.14691270503847373,
      "residual_low_false_intervention_rate_mean": 0.05855161787365177,
      "residual_low_false_intervention_rate_std": 0.04147863402068817,
      "simulated_mean_psnr_gain_mean": 0.09517791415524389,
      "simulated_mean_psnr_gain_std": 0.1130992095105361,
      "split_family": "random",
      "split_group": "random",
      "splits": 3,
      "strong_nochange_false_intervention_rate_mean": 0.05499265096788317,
      "strong_nochange_false_intervention_rate_std": 0.03554847852912318,
      "target_margin": 0.2
    },
    "best_C3": {
      "bootstrap_gain_p05_mean": 0.053927424004630374,
      "bootstrap_gain_p05_std": 0.0786311782119023,
      "confidence_corr_mean": 0.2866625138275127,
      "confidence_corr_std": 0.09650050648367499,
      "control": "real",
      "estimator_group": "both",
      "feature_group": "C3",
      "feature_set": "C3_both",
      "head": "decision_tree",
      "ignored_n_mean": 23.666666666666668,
      "ignored_n_std": 5.734883511361751,
      "intervention_precision_mean": 0.6552631578947369,
      "intervention_precision_std": 0.1824856588807394,
      "intervention_rate_mean": 0.07333333333333333,
      "intervention_rate_std": 0.0613043409737208,
      "intervention_recall_mean": 0.09920587618165304,
      "intervention_recall_std": 0.09434901045468194,
      "labeled_n_mean": 226.33333333333334,
      "labeled_n_std": 5.734883511361751,
      "low_residual_preserve_rate_mean": 0.9414483821263482,
      "low_residual_preserve_rate_std": 0.041478634020688174,
      "nochange_false_intervention_rate_mean": 0.039722151486857364,
      "nochange_false_intervention_rate_std": 0.022314461575680525,
      "official_preserve_rate_mean": 0.9573560319461959,
      "official_preserve_rate_std": 0.037839439070985366,
      "oracle_recovery_mean": 0.1244757731019396,
      "oracle_recovery_std": 0.14691270503847373,
      "residual_low_false_intervention_rate_mean": 0.05855161787365177,
      "residual_low_false_intervention_rate_std": 0.04147863402068817,
      "simulated_mean_psnr_gain_mean": 0.09517791415524389,
      "simulated_mean_psnr_gain_std": 0.1130992095105361,
      "split_family": "random",
      "split_group": "random",
      "splits": 3,
      "strong_nochange_false_intervention_rate_mean": 0.05499265096788317,
      "strong_nochange_false_intervention_rate_std": 0.03554847852912318,
      "target_margin": 0.2
    },
    "controls": {
      "basic_stat_control": "fail",
      "depth_estimator_consistency": "fail",
      "label_permutation": "pass",
      "shuffled_depth": "fail_or_close"
    },
    "decision": "stop_depth_route",
    "heldout_results": {
      "CR_strength": "stable",
      "official_strength": "stable",
      "residual_low_energy": "stable"
    },
    "main_question": "Does depth reduce strong-official/no-change false intervention beyond existing deployable and basic image features?",
    "recommend_next_step": "Do not launch depth-aware DEA training from this audit."
  },
  "feature_counts": {
    "C0_deployable": 11308,
    "C1_basic": 11337,
    "C2_both": 11373,
    "C2_both_shuffled_depth": 11373,
    "C2_depthanything": 11355,
    "C2_depthanything_shuffled_depth": 11355,
    "C2_midas": 11355,
    "C2_midas_shuffled_depth": 11355,
    "C3_both": 11493,
    "C3_both_shuffled_depth": 11493,
    "C3_depthanything": 11415,
    "C3_depthanything_shuffled_depth": 11415,
    "C3_midas": 11415,
    "C3_midas_shuffled_depth": 11415
  },
  "label_permutation_summary": [
    {
      "bootstrap_gain_p05_mean": 0.16363050308451838,
      "bootstrap_gain_p05_std": 0.12584180144790075,
      "confidence_corr_mean": -0.024849197490962215,
      "confidence_corr_std": 0.034797970162386144,
      "control": "label_permutation",
      "estimator_group": "C1_basic",
      "feature_group": "C1",
      "feature_set": "C1_basic",
      "head": "decision_tree",
      "ignored_n_mean": 23.666666666666668,
      "ignored_n_std": 5.734883511361751,
      "intervention_precision_mean": 0.5363681349576443,
      "intervention_precision_std": 0.061602339459161166,
      "intervention_rate_mean": 0.4168888888888889,
      "intervention_rate_std": 0.21046216046513996,
      "intervention_recall_mean": 0.4012199290316899,
      "intervention_recall_std": 0.19553532185157438,
      "labeled_n_mean": 226.33333333333334,
      "labeled_n_std": 5.734883511361751,
      "low_residual_preserve_rate_mean": 0.6039234149403642,
      "low_residual_preserve_rate_std": 0.2157720352309777,
      "nochange_false_intervention_rate_mean": 0.4417404672306633,
      "nochange_false_intervention_rate_std": 0.2423563659424626,
      "official_preserve_rate_mean": 0.5891130727196301,
      "official_preserve_rate_std": 0.24448121240212708,
      "oracle_recovery_mean": 0.3394337338715628,
      "oracle_recovery_std": 0.19670132101763063,
      "residual_low_false_intervention_rate_mean": 0.39607658505963594,
      "residual_low_false_intervention_rate_std": 0.21577203523097774,
      "simulated_mean_psnr_gain_mean": 0.2434884201264593,
      "simulated_mean_psnr_gain_std": 0.15223874296203718,
      "split_family": "random",
      "split_group": "random",
      "splits": 9,
      "strong_nochange_false_intervention_rate_mean": 0.4231166150670795,
      "strong_nochange_false_intervention_rate_std": 0.3028546671769147,
      "target_margin": 0.2
    },
    {
      "bootstrap_gain_p05_mean": 0.2732081916415853,
      "bootstrap_gain_p05_std": 0.05306121388916888,
      "confidence_corr_mean": 0.044307359392829794,
      "confidence_corr_std": 0.07076650760063398,
      "control": "label_permutation",
      "estimator_group": "C1_basic",
      "feature_group": "C1",
      "feature_set": "C1_basic",
      "head": "hgb",
      "ignored_n_mean": 23.666666666666668,
      "ignored_n_std": 5.734883511361751,
      "intervention_precision_mean": 0.5462479679956004,
      "intervention_precision_std": 0.03851492885318596,
      "intervention_rate_mean": 0.5871111111111111,
      "intervention_rate_std": 0.038495149606279956,
      "intervention_recall_mean": 0.5794693107718146,
      "intervention_recall_std": 0.05558458891921015,
      "labeled_n_mean": 226.33333333333334,
      "labeled_n_std": 5.734883511361751,
      "low_residual_preserve_rate_mean": 0.4612109798550477,
      "low_residual_preserve_rate_std": 0.05753041393561009,
      "nochange_false_intervention_rate_mean": 0.5843797451640589,
      "nochange_false_intervention_rate_std": 0.0434033175895375,
      "official_preserve_rate_mean": 0.47045677455513524,
      "official_preserve_rate_std": 0.07365144245636444,
      "oracle_recovery_mean": 0.5372417979243761,
      "oracle_recovery_std": 0.06823684346081298,
      "residual_low_false_intervention_rate_mean": 0.5387890201449523,
      "residual_low_false_intervention_rate_std": 0.0575304139356101,
      "simulated_mean_psnr_gain_mean": 0.3779676550920319,
      "simulated_mean_psnr_gain_std": 0.06341057917213995,
      "split_family": "random",
      "split_group": "random",
      "splits": 9,
      "strong_nochange_false_intervention_rate_mean": 0.5502652948473382,
      "strong_nochange_false_intervention_rate_std": 0.044267332469126106,
      "target_margin": 0.2
    },
    {
      "bootstrap_gain_p05_mean": 0.24226761851997505,
      "bootstrap_gain_p05_std": 0.048471323477523184,
      "confidence_corr_mean": 0.032203295842117174,
      "confidence_corr_std": 0.07552622282271976,
      "control": "label_permutation",
      "estimator_group": "C1_basic",
      "feature_group": "C1",
      "feature_set": "C1_basic",
      "head": "logistic",
      "ignored_n_mean": 23.666666666666668,
      "ignored_n_std": 5.734883511361751,
      "intervention_precision_mean": 0.5585747305736668,
      "intervention_precision_std": 0.025301854739415857,
      "intervention_rate_mean": 0.528888888888889,
      "intervention_rate_std": 0.03318783058239016,
      "intervention_recall_mean": 0.5350676443572618,
      "intervention_recall_std": 0.04442376508635076,
      "labeled_n_mean": 226.33333333333334,
      "labeled_n_std": 5.734883511361751,
      "low_residual_preserve_rate_mean": 0.5117788049991439,
      "low_residual_preserve_rate_std": 0.03874889951035088,
      "nochange_false_intervention_rate_mean": 0.5140508728744023,
      "nochange_false_intervention_rate_std": 0.0363779336327238,
      "official_preserve_rate_mean": 0.5295642426789968,
      "official_preserve_rate_std": 0.07435026188093231,
      "oracle_recovery_mean": 0.48681118914811017,
      "oracle_recovery_std": 0.08001560043976418,
      "residual_low_false_intervention_rate_mean": 0.488221195000856,
      "residual_low_false_intervention_rate_std": 0.0387488995103509,
      "simulated_mean_psnr_gain_mean": 0.34043049789280855,
      "simulated_mean_psnr_gain_std": 0.05772110040235677,
      "split_family": "random",
      "split_group": "random",
      "splits": 9,
      "strong_nochange_false_intervention_rate_mean": 0.4852706632892391,
      "strong_nochange_false_intervention_rate_std": 0.08950829513519891,
      "target_margin": 0.2
    },
    {
      "bootstrap_gain_p05_mean": 0.16363050308451838,
      "bootstrap_gain_p05_std": 0.12584180144790075,
      "confidence_corr_mean": -0.023745939243600727,
      "confidence_corr_std": 0.0350523401845102,
      "control": "label_permutation",
      "estimator_group": "both",
      "feature_group": "C2",
      "feature_set": "C2_both",
      "head": "decision_tree",
      "ignored_n_mean": 23.666666666666668,
      "ignored_n_std": 5.734883511361751,
      "intervention_precision_mean": 0.5363681349576443,
      "intervention_precision_std": 0.061602339459161166,
      "intervention_rate_mean": 0.4168888888888889,
      "intervention_rate_std": 0.21046216046513996,
      "intervention_recall_mean": 0.4012199290316899,
      "intervention_recall_std": 0.19553532185157438,
      "labeled_n_mean": 226.33333333333334,
      "labeled_n_std": 5.734883511361751,
      "low_residual_preserve_rate_mean": 0.6039234149403642,
      "low_residual_preserve_rate_std": 0.2157720352309777,
      "nochange_false_intervention_rate_mean": 0.4417404672306633,
      "nochange_false_intervention_rate_std": 0.2423563659424626,
      "official_preserve_rate_mean": 0.5891130727196301,
      "official_preserve_rate_std": 0.24448121240212708,
      "oracle_recovery_mean": 0.3394337338715628,
      "oracle_recovery_std": 0.19670132101763063,
      "residual_low_false_intervention_rate_mean": 0.39607658505963594,
      "residual_low_false_intervention_rate_std": 0.21577203523097774,
      "simulated_mean_psnr_gain_mean": 0.2434884201264593,
      "simulated_mean_psnr_gain_std": 0.15223874296203718,
      "split_family": "random",
      "split_group": "random",
      "splits": 9,
      "strong_nochange_false_intervention_rate_mean": 0.4231166150670795,
      "strong_nochange_false_intervention_rate_std": 0.3028546671769147,
      "target_margin": 0.2
    },
    {
      "bootstrap_gain_p05_mean": 0.26786156637428316,
      "bootstrap_gain_p05_std": 0.0524815004198644,
      "confidence_corr_mean": 0.0348964685210843,
      "confidence_corr_std": 0.06447380321288836,
      "control": "label_permutation",
      "estimator_group": "both",
      "feature_group": "C2",
      "feature_set": "C2_both",
      "head": "hgb",
      "ignored_n_mean": 23.666666666666668,
      "ignored_n_std": 5.734883511361751,
      "intervention_precision_mean": 0.5500694352999423,
      "intervention_precision_std": 0.03715565284384559,
      "intervention_rate_mean": 0.5844444444444444,
      "intervention_rate_std": 0.03682725775265173,
      "intervention_recall_mean": 0.5789447512797973,
      "intervention_recall_std": 0.048837325686033474,
      "labeled_n_mean": 226.33333333333334,
      "labeled_n_std": 5.734883511361751,
      "low_residual_preserve_rate_mean": 0.4533099355133253,
      "low_residual_preserve_rate_std": 0.057308888340392446,
      "nochange_false_intervention_rate_mean": 0.5758226522932405,
      "nochange_false_intervention_rate_std": 0.047936373928998174,
      "official_preserve_rate_mean": 0.45923357152865346,
      "official_preserve_rate_std": 0.07520007555701033,
      "oracle_recovery_mean": 0.5303312516704134,
      "oracle_recovery_std": 0.06659722504624156,
      "residual_low_false_intervention_rate_mean": 0.5466900644866746,
      "residual_low_false_intervention_rate_std": 0.057308888340392446,
      "simulated_mean_psnr_gain_mean": 0.3734307523406585,
      "simulated_mean_psnr_gain_std": 0.06292514998840333,
      "split_family": "random",
      "split_group": "random",
      "splits": 9,
      "strong_nochange_false_intervention_rate_mean": 0.5573902075450063,
      "strong_nochange_false_intervention_rate_std": 0.05946719559293981,
      "target_margin": 0.2
    },
    {
      "bootstrap_gain_p05_mean": 0.245720790445615,
      "bootstrap_gain_p05_std": 0.04965727591021753,
      "confidence_corr_mean": 0.032283644447074517,
      "confidence_corr_std": 0.07732411042392831,
      "control": "label_permutation",
      "estimator_group": "both",
      "feature_group": "C2",
      "feature_set": "C2_both",
      "head": "logistic",
      "ignored_n_mean": 23.666666666666668,
      "ignored_n_std": 5.734883511361751,
      "intervention_precision_mean": 0.5591798944767468,
      "intervention_precision_std": 0.023974231159191013,
      "intervention_rate_mean": 0.5328888888888889,
      "intervention_rate_std": 0.030913659132940793,
      "intervention_recall_mean": 0.540287446983475,
      "intervention_recall_std": 0.04449065211738581,
      "labeled_n_mean": 226.33333333333334,
      "labeled_n_std": 5.734883511361751,
      "low_residual_preserve_rate_mean": 0.5134623066826456,
      "low_residual_preserve_rate_std": 0.035783104258815854,
      "nochange_false_intervention_rate_mean": 0.5173848664044742,
      "nochange_false_intervention_rate_std": 0.029878666729550637,
      "official_preserve_rate_mean": 0.5274274905422447,
      "official_preserve_rate_std": 0.06765745061922039,
      "oracle_recovery_mean": 0.4930000069880917,
      "oracle_recovery_std": 0.08522201358085263,
      "residual_low_false_intervention_rate_mean": 0.48653769331735436,
      "residual_low_false_intervention_rate_std": 0.03578310425881586,
      "simulated_mean_psnr_gain_mean": 0.34450454474698533,
      "simulated_mean_psnr_gain_std": 0.059631916252941806,
      "split_family": "random",
      "split_group": "random",
      "splits": 9,
      "strong_nochange_false_intervention_rate_mean": 0.4886376666562426,
      "strong_nochange_false_intervention_rate_std": 0.09223723358371612,
      "target_margin": 0.2
    },
    {
      "bootstrap_gain_p05_mean": 0.16363050308451838,
      "bootstrap_gain_p05_std": 0.12584180144790075,
      "confidence_corr_mean": -0.021450667110146163,
      "confidence_corr_std": 0.03604940282399999,
      "control": "label_permutation",
      "estimator_group": "depthanything",
      "feature_group": "C2",
      "feature_set": "C2_depthanything",
      "head": "decision_tree",
      "ignored_n_mean": 23.666666666666668,
      "ignored_n_std": 5.734883511361751,
      "intervention_precision_mean": 0.5363681349576443,
      "intervention_precision_std": 0.061602339459161166,
      "intervention_rate_mean": 0.4168888888888889,
      "intervention_rate_std": 0.21046216046513996,
      "intervention_recall_mean": 0.4012199290316899,
      "intervention_recall_std": 0.19553532185157438,
      "labeled_n_mean": 226.33333333333334,
      "labeled_n_std": 5.734883511361751,
      "low_residual_preserve_rate_mean": 0.6039234149403642,
      "low_residual_preserve_rate_std": 0.2157720352309777,
      "nochange_false_intervention_rate_mean": 0.4417404672306633,
      "nochange_false_intervention_rate_std": 0.2423563659424626,
      "official_preserve_rate_mean": 0.5891130727196301,
      "official_preserve_rate_std": 0.24448121240212708,
      "oracle_recovery_mean": 0.3394337338715628,
      "oracle_recovery_std": 0.19670132101763063,
      "residual_low_false_intervention_rate_mean": 0.39607658505963594,
      "residual_low_false_intervention_rate_std": 0.21577203523097774,
      "simulated_mean_psnr_gain_mean": 0.2434884201264593,
      "simulated_mean_psnr_gain_std": 0.15223874296203718,
      "split_family": "random",
      "split_group": "random",
      "splits": 9,
      "strong_nochange_false_intervention_rate_mean": 0.4231166150670795,
      "strong_nochange_false_intervention_rate_std": 0.3028546671769147,
      "target_margin": 0.2
    },
    {
      "bootstrap_gain_p05_mean": 0.2705578977731236,
      "bootstrap_gain_p05_std": 0.0509582749703829,
      "confidence_corr_mean": 0.03998403421858864,
      "confidence_corr_std": 0.06863994614674147,
      "control": "label_permutation",
      "estimator_group": "depthanything",
      "feature_group": "C2",
      "feature_set": "C2_depthanything",
      "head": "hgb",
      "ignored_n_mean": 23.666666666666668,
      "ignored_n_std": 5.734883511361751,
      "intervention_precision_mean": 0.5474030206725783,
      "intervention_precision_std": 0.031173227758820945,
      "intervention_rate_mean": 0.584,
      "intervention_rate_std": 0.04320493798938573,
      "intervention_recall_mean": 0.5767834267548809,
      "intervention_recall_std": 0.05607099809508885,
      "labeled_n_mean": 226.33333333333334,
      "labeled_n_std": 5.734883511361751,
      "low_residual_preserve_rate_mean": 0.45889687838840376,
      "low_residual_preserve_rate_std": 0.06291167747431195,
      "nochange_false_intervention_rate_mean": 0.579125522262777,
      "nochange_false_intervention_rate_std": 0.043583131939080096,
      "official_preserve_rate_mean": 0.4710872915790949,
      "official_preserve_rate_std": 0.07569942161514386,
      "oracle_recovery_mean": 0.5312866388242793,
      "oracle_recovery_std": 0.06390170384362259,
      "residual_low_false_intervention_rate_mean": 0.5411031216115962,
      "residual_low_false_intervention_rate_std": 0.06291167747431196,
      "simulated_mean_psnr_gain_mean": 0.3739399193861398,
      "simulated_mean_psnr_gain_std": 0.06018007641087293,
      "split_family": "random",
      "split_group": "random",
      "splits": 9,
      "strong_nochange_false_intervention_rate_mean": 0.5477843449979674,
      "strong_nochange_false_intervention_rate_std": 0.0469345604340472,
      "target_margin": 0.2
    },
    {
      "bootstrap_gain_p05_mean": 0.2462733159164388,
      "bootstrap_gain_p05_std": 0.04978939918811832,
      "confidence_corr_mean": 0.030901771394339497,
      "confidence_corr_std": 0.07696015736449234,
      "control": "label_permutation",
      "estimator_group": "depthanything",
      "feature_group": "C2",
      "feature_set": "C2_depthanything",
      "head": "logistic",
      "ignored_n_mean": 23.666666666666668,
      "ignored_n_std": 5.734883511361751,
      "intervention_precision_mean": 0.5611272247054234,
      "intervention_precision_std": 0.02507321187655578,
      "intervention_rate_mean": 0.532888888888889,
      "intervention_rate_std": 0.03176456601814334,
      "intervention_recall_mean": 0.5420663019961609,
      "intervention_recall_std": 0.04491860072874646,
      "labeled_n_mean": 226.33333333333334,
      "labeled_n_std": 5.734883511361751,
      "low_residual_preserve_rate_mean": 0.5151458083661473,
      "low_residual_preserve_rate_std": 0.03687555758055351,
      "nochange_false_intervention_rate_mean": 0.5152062171670014,
      "nochange_false_intervention_rate_std": 0.03368402759327968,
      "official_preserve_rate_mean": 0.5295642426789967,
      "official_preserve_rate_std": 0.06860126600040664,
      "oracle_recovery_mean": 0.49457639900701206,
      "oracle_recovery_std": 0.08483036586151292,
      "residual_low_false_intervention_rate_mean": 0.4848541916338526,
      "residual_low_false_intervention_rate_std": 0.036875557580553525,
      "simulated_mean_psnr_gain_mean": 0.34561316605087916,
      "simulated_mean_psnr_gain_std": 0.059355731718623295,
      "split_family": "random",
      "split_group": "random",
      "splits": 9,
      "strong_nochange_false_intervention_rate_mean": 0.4852706632892391,
      "strong_nochange_false_intervention_rate_std": 0.08950829513519891,
      "target_margin": 0.2
    },
    {
      "bootstrap_gain_p05_mean": 0.16363050308451838,
      "bootstrap_gain_p05_std": 0.12584180144790075,
      "confidence_corr_mean": -0.021450667110146163,
      "confidence_corr_std": 0.03604940282399999,
      "control": "label_permutation",
      "estimator_group": "midas",
      "feature_group": "C2",
      "feature_set": "C2_midas",
      "head": "decision_tree",
      "ignored_n_mean": 23.666666666666668,
      "ignored_n_std": 5.734883511361751,
      "intervention_precision_mean": 0.5363681349576443,
      "intervention_precision_std": 0.061602339459161166,
      "intervention_rate_mean": 0.4168888888888889,
      "intervention_rate_std": 0.21046216046513996,
      "intervention_recall_mean": 0.4012199290316899,
      "intervention_recall_std": 0.19553532185157438,
      "labeled_n_mean": 226.33333333333334,
      "labeled_n_std": 5.734883511361751,
      "low_residual_preserve_rate_mean": 0.6039234149403642,
      "low_residual_preserve_rate_std": 0.2157720352309777,
      "nochange_false_intervention_rate_mean": 0.4417404672306633,
      "nochange_false_intervention_rate_std": 0.2423563659424626,
      "official_preserve_rate_mean": 0.5891130727196301,
      "official_preserve_rate_std": 0.24448121240212708,
      "oracle_recovery_mean": 0.3394337338715628,
      "oracle_recovery_std": 0.19670132101763063,
      "residual_low_false_intervention_rate_mean": 0.39607658505963594,
      "residual_low_false_intervention_rate_std": 0.21577203523097774,
      "simulated_mean_psnr_gain_mean": 0.2434884201264593,
      "simulated_mean_psnr_gain_std": 0.15223874296203718,
      "split_family": "random",
      "split_group": "random",
      "splits": 9,
      "strong_nochange_false_intervention_rate_mean": 0.4231166150670795,
      "strong_nochange_false_intervention_rate_std": 0.3028546671769147,
      "target_margin": 0.2
    },
    {
      "bootstrap_gain_p05_mean": 0.2729530691426217,
      "bootstrap_gain_p05_std": 0.054225685035245615,
      "confidence_corr_mean": 0.03733409586523428,
      "confidence_corr_std": 0.06809295959488551,
      "control": "label_permutation",
      "estimator_group": "midas",
      "feature_group": "C2",
      "feature_set": "C2_midas",
      "head": "hgb",
      "ignored_n_mean": 23.666666666666668,
      "ignored_n_std": 5.734883511361751,
      "intervention_precision_mean": 0.5511601043397303,
      "intervention_precision_std": 0.04077401046241843,
      "intervention_rate_mean": 0.5866666666666667,
      "intervention_rate_std": 0.032055507413790145,
      "intervention_recall_mean": 0.5825413821091172,
      "intervention_recall_std": 0.0468192291264179,
      "labeled_n_mean": 226.33333333333334,
      "labeled_n_std": 5.734883511361751,
      "low_residual_preserve_rate_mean": 0.4610112423671746,
      "low_residual_preserve_rate_std": 0.05709731006603972,
      "nochange_false_intervention_rate_mean": 0.5767818238406472,
      "nochange_false_intervention_rate_std": 0.046412627585205965,
      "official_preserve_rate_mean": 0.4654406613423007,
      "official_preserve_rate_std": 0.08117852443569167,
      "oracle_recovery_mean": 0.5390643912241433,
      "oracle_recovery_std": 0.0665780518552749,
      "residual_low_false_intervention_rate_mean": 0.5389887576328254,
      "residual_low_false_intervention_rate_std": 0.05709731006603973,
      "simulated_mean_psnr_gain_mean": 0.37976333612429225,
      "simulated_mean_psnr_gain_std": 0.06512095834835965,
      "split_family": "random",
      "split_group": "random",
      "splits": 9,
      "strong_nochange_false_intervention_rate_mean": 0.5442192826093755,
      "strong_nochange_false_intervention_rate_std": 0.04774392746640645,
      "target_margin": 0.2
    },
    {
      "bootstrap_gain_p05_mean": 0.24579793919380885,
      "bootstrap_gain_p05_std": 0.05004064265253966,
      "confidence_corr_mean": 0.03393790373641529,
      "confidence_corr_std": 0.07656051463688496,
      "control": "label_permutation",
      "estimator_group": "midas",
      "feature_group": "C2",
      "feature_set": "C2_midas",
      "head": "logistic",
      "ignored_n_mean": 23.666666666666668,
      "ignored_n_std": 5.734883511361751,
      "intervention_precision_mean": 0.5607221785139557,
      "intervention_precision_std": 0.026482056963113423,
      "intervention_rate_mean": 0.5333333333333333,
      "intervention_rate_std": 0.03357247549870445,
      "intervention_recall_mean": 0.5412371145998093,
      "intervention_recall_std": 0.047269281626238516,
      "labeled_n_mean": 226.33333333333334,
      "labeled_n_std": 5.734883511361751,
      "low_residual_preserve_rate_mean": 0.5100953033156422,
      "low_residual_preserve_rate_std": 0.033236622721454466,
      "nochange_false_intervention_rate_mean": 0.5151090739326034,
      "nochange_false_intervention_rate_std": 0.03469078345854514,
      "official_preserve_rate_mean": 0.5274274905422447,
      "official_preserve_rate_std": 0.06552650509838145,
      "oracle_recovery_mean": 0.4925353741051046,
      "oracle_recovery_std": 0.08211429781677758,
      "residual_low_false_intervention_rate_mean": 0.4899046966843577,
      "residual_low_false_intervention_rate_std": 0.03323662272145447,
      "simulated_mean_psnr_gain_mean": 0.34455347289967736,
      "simulated_mean_psnr_gain_std": 0.059776673643728136,
      "split_family": "random",
      "split_group": "random",
      "splits": 9,
      "strong_nochange_false_intervention_rate_mean": 0.47942271007286485,
      "strong_nochange_false_intervention_rate_std": 0.08834740175694734,
      "target_margin": 0.2
    },
    {
      "bootstrap_gain_p05_mean": 0.1753194134164081,
      "bootstrap_gain_p05_std": 0.11957618349118952,
      "confidence_corr_mean": -0.016385034922088385,
      "confidence_corr_std": 0.04531921847962305,
      "control": "label_permutation",
      "estimator_group": "both",
      "feature_group": "C3",
      "feature_set": "C3_both",
      "head": "decision_tree",
      "ignored_n_mean": 23.666666666666668,
      "ignored_n_std": 5.734883511361751,
      "intervention_precision_mean": 0.5330959079222989,
      "intervention_precision_std": 0.05822556380163664,
      "intervention_rate_mean": 0.44488888888888883,
      "intervention_rate_std": 0.20520149687803854,
      "intervention_recall_mean": 0.4316326452367558,
      "intervention_recall_std": 0.19717351555000823,
      "labeled_n_mean": 226.33333333333334,
      "labeled_n_std": 5.734883511361751,
      "low_residual_preserve_rate_mean": 0.5756405866575357,
      "low_residual_preserve_rate_std": 0.23313995582376368,
      "nochange_false_intervention_rate_mean": 0.46869347065425493,
      "nochange_false_intervention_rate_std": 0.2264441740055619,
      "official_preserve_rate_mean": 0.5775746111811686,
      "official_preserve_rate_std": 0.24866462024958916,
      "oracle_recovery_mean": 0.36857584515191544,
      "oracle_recovery_std": 0.19978592892823643,
      "residual_low_false_intervention_rate_mean": 0.4243594133424642,
      "residual_low_false_intervention_rate_std": 0.23313995582376368,
      "simulated_mean_psnr_gain_mean": 0.25855401665438466,
      "simulated_mean_psnr_gain_std": 0.14414405000047062,
      "split_family": "random",
      "split_group": "random",
      "splits": 9,
      "strong_nochange_false_intervention_rate_mean": 0.4554523563811489,
      "strong_nochange_false_intervention_rate_std": 0.31663700335496786,
      "target_margin": 0.2
    },
    {
      "bootstrap_gain_p05_mean": 0.2681050308874833,
      "bootstrap_gain_p05_std": 0.06244739136064096,
      "confidence_corr_mean": 0.03711717617630749,
      "confidence_corr_std": 0.07006230099527141,
      "control": "label_permutation",
      "estimator_group": "both",
      "feature_group": "C3",
      "feature_set": "C3_both",
      "head": "hgb",
      "ignored_n_mean": 23.666666666666668,
      "ignored_n_std": 5.734883511361751,
      "intervention_precision_mean": 0.5421670611998248,
      "intervention_precision_std": 0.03898969569229625,
      "intervention_rate_mean": 0.5902222222222222,
      "intervention_rate_std": 0.055780876407954615,
      "intervention_recall_mean": 0.5757559175306504,
      "intervention_recall_std": 0.07271965908905538,
      "labeled_n_mean": 226.33333333333334,
      "labeled_n_std": 5.734883511361751,
      "low_residual_preserve_rate_mean": 0.46258916852137194,
      "low_residual_preserve_rate_std": 0.08462199919076684,
      "nochange_false_intervention_rate_mean": 0.588420149204463,
      "nochange_false_intervention_rate_std": 0.05081955476333332,
      "official_preserve_rate_mean": 0.44148802017654476,
      "official_preserve_rate_std": 0.0787811165970521,
      "oracle_recovery_mean": 0.5294546750650401,
      "oracle_recovery_std": 0.09007939930086735,
      "residual_low_false_intervention_rate_mean": 0.5374108314786281,
      "residual_low_false_intervention_rate_std": 0.08462199919076686,
      "simulated_mean_psnr_gain_mean": 0.37267125847997445,
      "simulated_mean_psnr_gain_std": 0.07517700131365786,
      "split_family": "random",
      "split_group": "random",
      "splits": 9,
      "strong_nochange_false_intervention_rate_mean": 0.5822570389133855,
      "strong_nochange_false_intervention_rate_std": 0.06097618663816805,
      "target_margin": 0.2
    },
    {
      "bootstrap_gain_p05_mean": 0.23866964075859012,
      "bootstrap_gain_p05_std": 0.04948915059515539,
      "confidence_corr_mean": 0.02774754685761055,
      "confidence_corr_std": 0.08101133781645162,
      "control": "label_permutation",
      "estimator_group": "both",
      "feature_group": "C3",
      "feature_set": "C3_both",
      "head": "logistic",
      "ignored_n_mean": 23.666666666666668,
      "ignored_n_std": 5.734883511361751,
      "intervention_precision_mean": 0.5582337409765246,
      "intervention_precision_std": 0.032784994829707946,
      "intervention_rate_mean": 0.5333333333333334,
      "intervention_rate_std": 0.026059760380922746,
      "intervention_recall_mean": 0.5403863174436537,
      "intervention_recall_std": 0.04964816656601835,
      "labeled_n_mean": 226.33333333333334,
      "labeled_n_std": 5.734883511361751,
      "low_residual_preserve_rate_mean": 0.5023939964617932,
      "low_residual_preserve_rate_std": 0.03144918029673287,
      "nochange_false_intervention_rate_mean": 0.5185053145837459,
      "nochange_false_intervention_rate_std": 0.025322396111962762,
      "official_preserve_rate_mean": 0.5276306571388538,
      "official_preserve_rate_std": 0.05355258710985929,
      "oracle_recovery_mean": 0.4812917570117141,
      "oracle_recovery_std": 0.0861091639919123,
      "residual_low_false_intervention_rate_mean": 0.4976060035382069,
      "residual_low_false_intervention_rate_std": 0.03144918029673288,
      "simulated_mean_psnr_gain_mean": 0.33657922161668063,
      "simulated_mean_psnr_gain_std": 0.06092356448077584,
      "split_family": "random",
      "split_group": "random",
      "splits": 9,
      "strong_nochange_false_intervention_rate_mean": 0.4877516131386101,
      "strong_nochange_false_intervention_rate_std": 0.08720450219344564,
      "target_margin": 0.2
    }
  ],
  "meta": {
    "cbrfrc_checkpoint": "/root/autodl-tmp/workspace/Dehaze-Net/experiment/HAZE4K/DEA-Net-CBRFRC-v1-H4K-scout100k-20260530-012811/saved_model/best.pk",
    "cbrfrc_step": 10000,
    "clear_dir": "../dataset/HAZE4K/test/clear",
    "cold_cr_checkpoint": "/root/autodl-tmp/workspace/Dehaze-Net/experiment/HAZE4K/DEA-Net-CR-H4K-Baseline-scout-20260520-101334/saved_model/best.pk",
    "cold_cr_step": 90000,
    "crplus_checkpoint": "",
    "crplus_step": "",
    "depth_cache_dir": "/root/autodl-tmp/workspace/Dehaze-Net/experiment/HAZE4K/depth_cache/strong_official_depth_safety",
    "depth_generated": {
      "depthanything": 6986,
      "midas": 6986
    },
    "depth_loaded": {
      "depthanything": 14,
      "midas": 14
    },
    "depth_models": [
      {
        "alias": "depthanything",
        "model_id": "depth-anything/Depth-Anything-V2-Small-hf"
      },
      {
        "alias": "midas",
        "model_id": "Intel/dpt-hybrid-midas"
      }
    ],
    "depth_seconds": {
      "depthanything": 338.40961718559265,
      "midas": 331.3160674571991
    },
    "hazy_dir": "../dataset/HAZE4K/test/hazy",
    "images": 1000,
    "lfv1_checkpoint": "/root/autodl-tmp/workspace/Dehaze-Net/experiment/HAZE4K/DEA-Net-LF-H4K-scout-20260521-003100/saved_model/best.pk",
    "lfv1_step": 90000,
    "official_step0_checkpoint": "/root/autodl-tmp/workspace/Dehaze-Net/experiment/HAZE4K/DEA-Net-OfficialWarmStart-LFv1-H4K-local-scout100k-20260528-152808/saved_model/official_warmstart_step0.pk",
    "official_step0_step": 0,
    "official_warm_checkpoint": "/root/autodl-tmp/workspace/Dehaze-Net/experiment/HAZE4K/DEA-Net-OfficialWarmStart-LFv1-H4K-local-scout100k-20260528-152808/saved_model/best.pk",
    "official_warm_step": 90000,
    "residualcalib_checkpoint": "/root/autodl-tmp/workspace/Dehaze-Net/experiment/HAZE4K/DEA-Net-LF-ResidualCalib-H4K-scout100k-20260525-122654/saved_model/best.pk",
    "residualcalib_step": 90000,
    "route_evidence_csv": "/root/autodl-tmp/workspace/Dehaze-Net/docs/ai_text_packages/20260530-cbrfrc-v1/experiment/HAZE4K/route_evidence_review/HAZE4K-route-evidence-review-20260528/model_per_image_matrix.csv"
  },
  "oracle": {
    "best_candidate_counts": {
      "cbrfrc": 28,
      "cold_cr": 61,
      "crplus": 67,
      "lfv1": 94,
      "residualcalib": 85,
      "warm": 665
    },
    "intervention_worthy_count": 493,
    "mean_best_candidate_gain_vs_official": 0.5531629562645486,
    "mean_official_psnr": 34.25561805723053,
    "mean_oracle_with_nochange_gain_vs_official": 0.645930059121904,
    "nochange_count": 411,
    "nochange_margin": 0.05,
    "num_images": 1000,
    "strong_official_nochange_count": 125
  },
  "summary": [
    {
      "bootstrap_gain_p05_mean": 0.0,
      "bootstrap_gain_p05_std": 0.0,
      "confidence_corr_mean": 0.35323946767642733,
      "confidence_corr_std": 0.0,
      "control": "real",
      "estimator_group": "C0_deployable",
      "feature_group": "C0",
      "feature_set": "C0_deployable",
      "head": "decision_tree",
      "ignored_n_mean": 42.0,
      "ignored_n_std": 0.0,
      "intervention_precision_mean": 1.0,
      "intervention_precision_std": 0.0,
      "intervention_rate_mean": 0.008,
      "intervention_rate_std": 0.0,
      "intervention_recall_mean": 0.02127659574468085,
      "intervention_recall_std": 0.0,
      "labeled_n_mean": 208.0,
      "labeled_n_std": 0.0,
      "low_residual_preserve_rate_mean": 0.9938271604938271,
      "low_residual_preserve_rate_std": 0.0,
      "nochange_false_intervention_rate_mean": 0.0,
      "nochange_false_intervention_rate_std": 0.0,
      "official_preserve_rate_mean": 1.0,
      "official_preserve_rate_std": 0.0,
      "oracle_recovery_mean": 0.0577437364286344,
      "oracle_recovery_std": 0.0,
      "residual_low_false_intervention_rate_mean": 0.006172839506172839,
      "residual_low_false_intervention_rate_std": 0.0,
      "simulated_mean_psnr_gain_mean": 0.018155703946650958,
      "simulated_mean_psnr_gain_std": 0.0,
      "split_family": "cr_strength_heldout",
      "split_group": "test_strong_cr",
      "splits": 1,
      "strong_nochange_false_intervention_rate_mean": 0.0,
      "strong_nochange_false_intervention_rate_std": 0.0,
      "target_margin": 0.2
    },
    {
      "bootstrap_gain_p05_mean": 0.0,
      "bootstrap_gain_p05_std": 0.0,
      "confidence_corr_mean": -0.14713067684956654,
      "confidence_corr_std": 0.0,
      "control": "real",
      "estimator_group": "C0_deployable",
      "feature_group": "C0",
      "feature_set": "C0_deployable",
      "head": "decision_tree",
      "ignored_n_mean": 40.0,
      "ignored_n_std": 0.0,
      "intervention_precision_mean": 0.0,
      "intervention_precision_std": 0.0,
      "intervention_rate_mean": 0.0,
      "intervention_rate_std": 0.0,
      "intervention_recall_mean": 0.0,
      "intervention_recall_std": 0.0,
      "labeled_n_mean": 210.0,
      "labeled_n_std": 0.0,
      "low_residual_preserve_rate_mean": 1.0,
      "low_residual_preserve_rate_std": 0.0,
      "nochange_false_intervention_rate_mean": 0.0,
      "nochange_false_intervention_rate_std": 0.0,
      "official_preserve_rate_mean": 1.0,
      "official_preserve_rate_std": 0.0,
      "oracle_recovery_mean": 0.0,
      "oracle_recovery_std": 0.0,
      "residual_low_false_intervention_rate_mean": 0.0,
      "residual_low_false_intervention_rate_std": 0.0,
      "simulated_mean_psnr_gain_mean": 0.0,
      "simulated_mean_psnr_gain_std": 0.0,
      "split_family": "official_strength_heldout",
      "split_group": "test_strong_official",
      "splits": 1,
      "strong_nochange_false_intervention_rate_mean": 0.0,
      "strong_nochange_false_intervention_rate_std": 0.0,
      "target_margin": 0.2
    },
    {
      "bootstrap_gain_p05_mean": 0.053927424004630374,
      "bootstrap_gain_p05_std": 0.0786311782119023,
      "confidence_corr_mean": 0.2775320911819492,
      "confidence_corr_std": 0.10941200295390606,
      "control": "real",
      "estimator_group": "C0_deployable",
      "feature_group": "C0",
      "feature_set": "C0_deployable",
      "head": "decision_tree",
      "ignored_n_mean": 23.666666666666668,
      "ignored_n_std": 5.734883511361751,
      "intervention_precision_mean": 0.6552631578947369,
      "intervention_precision_std": 0.1824856588807394,
      "intervention_rate_mean": 0.07333333333333333,
      "intervention_rate_std": 0.0613043409737208,
      "intervention_recall_mean": 0.09920587618165304,
      "intervention_recall_std": 0.09434901045468194,
      "labeled_n_mean": 226.33333333333334,
      "labeled_n_std": 5.734883511361751,
      "low_residual_preserve_rate_mean": 0.9414483821263482,
      "low_residual_preserve_rate_std": 0.041478634020688174,
      "nochange_false_intervention_rate_mean": 0.039722151486857364,
      "nochange_false_intervention_rate_std": 0.022314461575680525,
      "official_preserve_rate_mean": 0.9573560319461959,
      "official_preserve_rate_std": 0.037839439070985366,
      "oracle_recovery_mean": 0.1244757731019396,
      "oracle_recovery_std": 0.14691270503847373,
      "residual_low_false_intervention_rate_mean": 0.05855161787365177,
      "residual_low_false_intervention_rate_std": 0.04147863402068817,
      "simulated_mean_psnr_gain_mean": 0.09517791415524389,
      "simulated_mean_psnr_gain_std": 0.1130992095105361,
      "split_family": "random",
      "split_group": "random",
      "splits": 3,
      "strong_nochange_false_intervention_rate_mean": 0.05499265096788317,
      "strong_nochange_false_intervention_rate_std": 0.03554847852912318,
      "target_margin": 0.2
    },
    {
      "bootstrap_gain_p05_mean": 0.0664852551690655,
      "bootstrap_gain_p05_std": 0.0,
      "confidence_corr_mean": 0.22512316696220439,
      "confidence_corr_std": 0.0,
      "control": "real",
      "estimator_group": "C0_deployable",
      "feature_group": "C0",
      "feature_set": "C0_deployable",
      "head": "decision_tree",
      "ignored_n_mean": 33.0,
      "ignored_n_std": 0.0,
      "intervention_precision_mean": 0.75,
      "intervention_precision_std": 0.0,
      "intervention_rate_mean": 0.132,
      "intervention_rate_std": 0.0,
      "intervention_recall_mean": 0.1951219512195122,
      "intervention_recall_std": 0.0,
      "labeled_n_mean": 217.0,
      "labeled_n_std": 0.0,
      "low_residual_preserve_rate_mean": 0.868,
      "low_residual_preserve_rate_std": 0.0,
      "nochange_false_intervention_rate_mean": 0.0851063829787234,
      "nochange_false_intervention_rate_std": 0.0,
      "official_preserve_rate_mean": 0.993421052631579,
      "official_preserve_rate_std": 0.0,
      "oracle_recovery_mean": 0.23742524698461015,
      "oracle_recovery_std": 0.0,
      "residual_low_false_intervention_rate_mean": 0.132,
      "residual_low_false_intervention_rate_std": 0.0,
      "simulated_mean_psnr_gain_mean": 0.10199377657947939,
      "simulated_mean_psnr_gain_std": 0.0,
      "split_family": "residual_low_energy_heldout",
      "split_group": "test_residual_low",
      "splits": 1,
      "strong_nochange_false_intervention_rate_mean": 0.014705882352941176,
      "strong_nochange_false_intervention_rate_std": 0.0,
      "target_margin": 0.2
    },
    {
      "bootstrap_gain_p05_mean": 0.0933884941526532,
      "bootstrap_gain_p05_std": 0.0,
      "confidence_corr_mean": 0.4663149464979401,
      "confidence_corr_std": 0.0,
      "control": "real",
      "estimator_group": "C0_deployable",
      "feature_group": "C0",
      "feature_set": "C0_deployable",
      "head": "hgb",
      "ignored_n_mean": 42.0,
      "ignored_n_std": 0.0,
      "intervention_precision_mean": 0.75,
      "intervention_precision_std": 0.0,
      "intervention_rate_mean": 0.24,
      "intervention_rate_std": 0.0,
      "intervention_recall_mean": 0.3829787234042553,
      "intervention_recall_std": 0.0,
      "labeled_n_mean": 208.0,
      "labeled_n_std": 0.0,
      "low_residual_preserve_rate_mean": 0.8333333333333334,
      "low_residual_preserve_rate_std": 0.0,
      "nochange_false_intervention_rate_mean": 0.10526315789473684,
      "nochange_false_intervention_rate_std": 0.0,
      "official_preserve_rate_mean": 0.8047619047619048,
      "official_preserve_rate_std": 0.0,
      "oracle_recovery_mean": 0.4792823210520751,
      "oracle_recovery_std": 0.0,
      "residual_low_false_intervention_rate_mean": 0.16666666666666666,
      "residual_low_false_intervention_rate_std": 0.0,
      "simulated_mean_psnr_gain_mean": 0.15069526958373483,
      "simulated_mean_psnr_gain_std": 0.0,
      "split_family": "cr_strength_heldout",
      "split_group": "test_strong_cr",
      "splits": 1,
      "strong_nochange_false_intervention_rate_mean": 0.09900990099009901,
      "strong_nochange_false_intervention_rate_std": 0.0,
      "target_margin": 0.2
    },
    {
      "bootstrap_gain_p05_mean": 0.00990906016162978,
      "bootstrap_gain_p05_std": 0.0,
      "confidence_corr_mean": 0.21226250579398642,
      "confidence_corr_std": 0.0,
      "control": "real",
      "estimator_group": "C0_deployable",
      "feature_group": "C0",
      "feature_set": "C0_deployable",
      "head": "hgb",
      "ignored_n_mean": 40.0,
      "ignored_n_std": 0.0,
      "intervention_precision_mean": 0.6551724137931034,
      "intervention_precision_std": 0.0,
      "intervention_rate_mean": 0.136,
      "intervention_rate_std": 0.0,
      "intervention_recall_mean": 0.2235294117647059,
      "intervention_recall_std": 0.0,
      "labeled_n_mean": 210.0,
      "labeled_n_std": 0.0,
      "low_residual_preserve_rate_mean": 0.8618421052631579,
      "low_residual_preserve_rate_std": 0.0,
      "nochange_false_intervention_rate_mean": 0.08,
      "nochange_false_intervention_rate_std": 0.0,
      "official_preserve_rate_mean": 0.864,
      "official_preserve_rate_std": 0.0,
      "oracle_recovery_mean": 0.12697464277852683,
      "oracle_recovery_std": 0.0,
      "residual_low_false_intervention_rate_mean": 0.13815789473684212,
      "residual_low_false_intervention_rate_std": 0.0,
      "simulated_mean_psnr_gain_mean": 0.025857658763634845,
      "simulated_mean_psnr_gain_std": 0.0,
      "split_family": "official_strength_heldout",
      "split_group": "test_strong_official",
      "splits": 1,
      "strong_nochange_false_intervention_rate_mean": 0.08,
      "strong_nochange_false_intervention_rate_std": 0.0,
      "target_margin": 0.2
    },
    {
      "bootstrap_gain_p05_mean": 0.49471226473607616,
      "bootstrap_gain_p05_std": 0.061033705644851916,
      "confidence_corr_mean": 0.4622370040006903,
      "confidence_corr_std": 0.06514549244848829,
      "control": "real",
      "estimator_group": "C0_deployable",
      "feature_group": "C0",
      "feature_set": "C0_deployable",
      "head": "hgb",
      "ignored_n_mean": 23.666666666666668,
      "ignored_n_std": 5.734883511361751,
      "intervention_precision_mean": 0.744890754063416,
      "intervention_precision_std": 0.04876223700685341,
      "intervention_rate_mean": 0.6,
      "intervention_rate_std": 0.02286190426597635,
      "intervention_recall_mean": 0.8340102067775178,
      "intervention_recall_std": 0.004045794779003535,
      "labeled_n_mean": 226.33333333333334,
      "labeled_n_std": 5.734883511361751,
      "low_residual_preserve_rate_mean": 0.3901386748844376,
      "low_residual_preserve_rate_std": 0.018943254331353698,
      "nochange_false_intervention_rate_mean": 0.34936479642361995,
      "nochange_false_intervention_rate_std": 0.07299173227446665,
      "official_preserve_rate_mean": 0.632009247583018,
      "official_preserve_rate_std": 0.03359026145502956,
      "oracle_recovery_mean": 0.879195651814249,
      "oracle_recovery_std": 0.012440865479888204,
      "residual_low_false_intervention_rate_mean": 0.6098613251155625,
      "residual_low_false_intervention_rate_std": 0.018943254331353698,
      "simulated_mean_psnr_gain_mean": 0.6193761952933895,
      "simulated_mean_psnr_gain_std": 0.07289513134508176,
      "split_family": "random",
      "split_group": "random",
      "splits": 3,
      "strong_nochange_false_intervention_rate_mean": 0.2000031272477093,
      "strong_nochange_false_intervention_rate_std": 0.03963747303634758,
      "target_margin": 0.2
    },
    {
      "bootstrap_gain_p05_mean": 0.21313811622081888,
      "bootstrap_gain_p05_std": 0.0,
      "confidence_corr_mean": 0.41748823259581835,
      "confidence_corr_std": 0.0,
      "control": "real",
      "estimator_group": "C0_deployable",
      "feature_group": "C0",
      "feature_set": "C0_deployable",
      "head": "hgb",
      "ignored_n_mean": 33.0,
      "ignored_n_std": 0.0,
      "intervention_precision_mean": 0.7431192660550459,
      "intervention_precision_std": 0.0,
      "intervention_rate_mean": 0.464,
      "intervention_rate_std": 0.0,
      "intervention_recall_mean": 0.6585365853658537,
      "intervention_recall_std": 0.0,
      "labeled_n_mean": 217.0,
      "labeled_n_std": 0.0,
      "low_residual_preserve_rate_mean": 0.536,
      "low_residual_preserve_rate_std": 0.0,
      "nochange_false_intervention_rate_mean": 0.2978723404255319,
      "nochange_false_intervention_rate_std": 0.0,
      "official_preserve_rate_mean": 0.75,
      "official_preserve_rate_std": 0.0,
      "oracle_recovery_mean": 0.640386419112103,
      "oracle_recovery_std": 0.0,
      "residual_low_false_intervention_rate_mean": 0.464,
      "residual_low_false_intervention_rate_std": 0.0,
      "simulated_mean_psnr_gain_mean": 0.27509892138676567,
      "simulated_mean_psnr_gain_std": 0.0,
      "split_family": "residual_low_energy_heldout",
      "split_group": "test_residual_low",
      "splits": 1,
      "strong_nochange_false_intervention_rate_mean": 0.17647058823529413,
      "strong_nochange_false_intervention_rate_std": 0.0,
      "target_margin": 0.2
    },
    {
      "bootstrap_gain_p05_mean": 0.1314929095664225,
      "bootstrap_gain_p05_std": 0.0,
      "confidence_corr_mean": 0.35631398064703207,
      "confidence_corr_std": 0.0,
      "control": "real",
      "estimator_group": "C0_deployable",
      "feature_group": "C0",
      "feature_set": "C0_deployable",
      "head": "logistic",
      "ignored_n_mean": 42.0,
      "ignored_n_std": 0.0,
      "intervention_precision_mean": 0.6091954022988506,
      "intervention_precision_std": 0.0,
      "intervention_rate_mean": 0.42,
      "intervention_rate_std": 0.0,
      "intervention_recall_mean": 0.5638297872340425,
      "intervention_recall_std": 0.0,
      "labeled_n_mean": 208.0,
      "labeled_n_std": 0.0,
      "low_residual_preserve_rate_mean": 0.5802469135802469,
      "low_residual_preserve_rate_std": 0.0,
      "nochange_false_intervention_rate_mean": 0.2982456140350877,
      "nochange_false_intervention_rate_std": 0.0,
      "official_preserve_rate_mean": 0.6190476190476191,
      "official_preserve_rate_std": 0.0,
      "oracle_recovery_mean": 0.6028140640799203,
      "oracle_recovery_std": 0.0,
      "residual_low_false_intervention_rate_mean": 0.41975308641975306,
      "residual_low_false_intervention_rate_std": 0.0,
      "simulated_mean_psnr_gain_mean": 0.1895359455278558,
      "simulated_mean_psnr_gain_std": 0.0,
      "split_family": "cr_strength_heldout",
      "split_group": "test_strong_cr",
      "splits": 1,
      "strong_nochange_false_intervention_rate_mean": 0.3069306930693069,
      "strong_nochange_false_intervention_rate_std": 0.0,
      "target_margin": 0.2
    },
    {
      "bootstrap_gain_p05_mean": 0.030996852539310144,
      "bootstrap_gain_p05_std": 0.0,
      "confidence_corr_mean": 0.15972762898575502,
      "confidence_corr_std": 0.0,
      "control": "real",
      "estimator_group": "C0_deployable",
      "feature_group": "C0",
      "feature_set": "C0_deployable",
      "head": "logistic",
      "ignored_n_mean": 40.0,
      "ignored_n_std": 0.0,
      "intervention_precision_mean": 0.5735294117647058,
      "intervention_precision_std": 0.0,
      "intervention_rate_mean": 0.336,
      "intervention_rate_std": 0.0,
      "intervention_recall_mean": 0.4588235294117647,
      "intervention_recall_std": 0.0,
      "labeled_n_mean": 210.0,
      "labeled_n_std": 0.0,
      "low_residual_preserve_rate_mean": 0.6578947368421053,
      "low_residual_preserve_rate_std": 0.0,
      "nochange_false_intervention_rate_mean": 0.232,
      "nochange_false_intervention_rate_std": 0.0,
      "official_preserve_rate_mean": 0.6639999999999999,
      "official_preserve_rate_std": 0.0,
      "oracle_recovery_mean": 0.30694871022125847,
      "oracle_recovery_std": 0.0,
      "residual_low_false_intervention_rate_mean": 0.34210526315789475,
      "residual_low_false_intervention_rate_std": 0.0,
      "simulated_mean_psnr_gain_mean": 0.06250834680970954,
      "simulated_mean_psnr_gain_std": 0.0,
      "split_family": "official_strength_heldout",
      "split_group": "test_strong_official",
      "splits": 1,
      "strong_nochange_false_intervention_rate_mean": 0.232,
      "strong_nochange_false_intervention_rate_std": 0.0,
      "target_margin": 0.2
    },
    {
      "bootstrap_gain_p05_mean": 0.4863918822358358,
      "bootstrap_gain_p05_std": 0.06239424731860334,
      "confidence_corr_mean": 0.43492014480147895,
      "confidence_corr_std": 0.01828337867353899,
      "control": "real",
      "estimator_group": "C0_deployable",
      "feature_group": "C0",
      "feature_set": "C0_deployable",
      "head": "logistic",
      "ignored_n_mean": 23.666666666666668,
      "ignored_n_std": 5.734883511361751,
      "intervention_precision_mean": 0.7558685307939794,
      "intervention_precision_std": 0.060229494963307886,
      "intervention_rate_mean": 0.6146666666666666,
      "intervention_rate_std": 0.023626726862225823,
      "intervention_recall_mean": 0.847298814878947,
      "intervention_recall_std": 0.00383235034083491,
      "labeled_n_mean": 226.33333333333334,
      "labeled_n_std": 5.734883511361751,
      "low_residual_preserve_rate_mean": 0.3855932203389831,
      "low_residual_preserve_rate_std": 0.037173109120813314,
      "nochange_false_intervention_rate_mean": 0.33599015363721246,
      "nochange_false_intervention_rate_std": 0.09183929017777055,
      "official_preserve_rate_mean": 0.5332282471626734,
      "official_preserve_rate_std": 0.017147822097241704,
      "oracle_recovery_mean": 0.8684683500277545,
      "oracle_recovery_std": 0.012235698266673896,
      "residual_low_false_intervention_rate_mean": 0.614406779661017,
      "residual_low_false_intervention_rate_std": 0.03717310912081332,
      "simulated_mean_psnr_gain_mean": 0.6115218294048881,
      "simulated_mean_psnr_gain_std": 0.06987128342763035,
      "split_family": "random",
      "split_group": "random",
      "splits": 3,
      "strong_nochange_false_intervention_rate_mean": 0.25204052913031244,
      "strong_nochange_false_intervention_rate_std": 0.08287778460190977,
      "target_margin": 0.2
    },
    {
      "bootstrap_gain_p05_mean": 0.20638342513980443,
      "bootstrap_gain_p05_std": 0.0,
      "confidence_corr_mean": 0.23026543804835914,
      "confidence_corr_std": 0.0,
      "control": "real",
      "estimator_group": "C0_deployable",
      "feature_group": "C0",
      "feature_set": "C0_deployable",
      "head": "logistic",
      "ignored_n_mean": 33.0,
      "ignored_n_std": 0.0,
      "intervention_precision_mean": 0.675,
      "intervention_precision_std": 0.0,
      "intervention_rate_mean": 0.548,
      "intervention_rate_std": 0.0,
      "intervention_recall_mean": 0.6585365853658537,
      "intervention_recall_std": 0.0,
      "labeled_n_mean": 217.0,
      "labeled_n_std": 0.0,
      "low_residual_preserve_rate_mean": 0.45199999999999996,
      "low_residual_preserve_rate_std": 0.0,
      "nochange_false_intervention_rate_mean": 0.4148936170212766,
      "nochange_false_intervention_rate_std": 0.0,
      "official_preserve_rate_mean": 0.5197368421052632,
      "official_preserve_rate_std": 0.0,
      "oracle_recovery_mean": 0.6235536601936936,
      "oracle_recovery_std": 0.0,
      "residual_low_false_intervention_rate_mean": 0.548,
      "residual_low_false_intervention_rate_std": 0.0,
      "simulated_mean_psnr_gain_mean": 0.2678678595087853,
      "simulated_mean_psnr_gain_std": 0.0,
      "split_family": "residual_low_energy_heldout",
      "split_group": "test_residual_low",
      "splits": 1,
      "strong_nochange_false_intervention_rate_mean": 0.39705882352941174,
      "strong_nochange_false_intervention_rate_std": 0.0,
      "target_margin": 0.2
    },
    {
      "bootstrap_gain_p05_mean": 0.0,
      "bootstrap_gain_p05_std": 0.0,
      "confidence_corr_mean": 0.35323946767642744,
      "confidence_corr_std": 0.0,
      "control": "real",
      "estimator_group": "C1_basic",
      "feature_group": "C1",
      "feature_set": "C1_basic",
      "head": "decision_tree",
      "ignored_n_mean": 42.0,
      "ignored_n_std": 0.0,
      "intervention_precision_mean": 1.0,
      "intervention_precision_std": 0.0,
      "intervention_rate_mean": 0.008,
      "intervention_rate_std": 0.0,
      "intervention_recall_mean": 0.02127659574468085,
      "intervention_recall_std": 0.0,
      "labeled_n_mean": 208.0,
      "labeled_n_std": 0.0,
      "low_residual_preserve_rate_mean": 0.9938271604938271,
      "low_residual_preserve_rate_std": 0.0,
      "nochange_false_intervention_rate_mean": 0.0,
      "nochange_false_intervention_rate_std": 0.0,
      "official_preserve_rate_mean": 1.0,
      "official_preserve_rate_std": 0.0,
      "oracle_recovery_mean": 0.0577437364286344,
      "oracle_recovery_std": 0.0,
      "residual_low_false_intervention_rate_mean": 0.006172839506172839,
      "residual_low_false_intervention_rate_std": 0.0,
      "simulated_mean_psnr_gain_mean": 0.018155703946650958,
      "simulated_mean_psnr_gain_std": 0.0,
      "split_family": "cr_strength_heldout",
      "split_group": "test_strong_cr",
      "splits": 1,
      "strong_nochange_false_intervention_rate_mean": 0.0,
      "strong_nochange_false_intervention_rate_std": 0.0,
      "target_margin": 0.2
    },
    {
      "bootstrap_gain_p05_mean": 0.0,
      "bootstrap_gain_p05_std": 0.0,
      "confidence_corr_mean": -0.14713067684956657,
      "confidence_corr_std": 0.0,
      "control": "real",
      "estimator_group": "C1_basic",
      "feature_group": "C1",
      "feature_set": "C1_basic",
      "head": "decision_tree",
      "ignored_n_mean": 40.0,
      "ignored_n_std": 0.0,
      "intervention_precision_mean": 0.0,
      "intervention_precision_std": 0.0,
      "intervention_rate_mean": 0.0,
      "intervention_rate_std": 0.0,
      "intervention_recall_mean": 0.0,
      "intervention_recall_std": 0.0,
      "labeled_n_mean": 210.0,
      "labeled_n_std": 0.0,
      "low_residual_preserve_rate_mean": 1.0,
      "low_residual_preserve_rate_std": 0.0,
      "nochange_false_intervention_rate_mean": 0.0,
      "nochange_false_intervention_rate_std": 0.0,
      "official_preserve_rate_mean": 1.0,
      "official_preserve_rate_std": 0.0,
      "oracle_recovery_mean": 0.0,
      "oracle_recovery_std": 0.0,
      "residual_low_false_intervention_rate_mean": 0.0,
      "residual_low_false_intervention_rate_std": 0.0,
      "simulated_mean_psnr_gain_mean": 0.0,
      "simulated_mean_psnr_gain_std": 0.0,
      "split_family": "official_strength_heldout",
      "split_group": "test_strong_official",
      "splits": 1,
      "strong_nochange_false_intervention_rate_mean": 0.0,
      "strong_nochange_false_intervention_rate_std": 0.0,
      "target_margin": 0.2
    },
    {
      "bootstrap_gain_p05_mean": 0.053927424004630374,
      "bootstrap_gain_p05_std": 0.0786311782119023,
      "confidence_corr_mean": 0.27760350723127836,
      "confidence_corr_std": 0.10931101142314874,
      "control": "real",
      "estimator_group": "C1_basic",
      "feature_group": "C1",
      "feature_set": "C1_basic",
      "head": "decision_tree",
      "ignored_n_mean": 23.666666666666668,
      "ignored_n_std": 5.734883511361751,
      "intervention_precision_mean": 0.6552631578947369,
      "intervention_precision_std": 0.1824856588807394,
      "intervention_rate_mean": 0.07333333333333333,
      "intervention_rate_std": 0.0613043409737208,
      "intervention_recall_mean": 0.09920587618165304,
      "intervention_recall_std": 0.09434901045468194,
      "labeled_n_mean": 226.33333333333334,
      "labeled_n_std": 5.734883511361751,
      "low_residual_preserve_rate_mean": 0.9414483821263482,
      "low_residual_preserve_rate_std": 0.041478634020688174,
      "nochange_false_intervention_rate_mean": 0.039722151486857364,
      "nochange_false_intervention_rate_std": 0.022314461575680525,
      "official_preserve_rate_mean": 0.9573560319461959,
      "official_preserve_rate_std": 0.037839439070985366,
      "oracle_recovery_mean": 0.1244757731019396,
      "oracle_recovery_std": 0.14691270503847373,
      "residual_low_false_intervention_rate_mean": 0.05855161787365177,
      "residual_low_false_intervention_rate_std": 0.04147863402068817,
      "simulated_mean_psnr_gain_mean": 0.09517791415524389,
      "simulated_mean_psnr_gain_std": 0.1130992095105361,
      "split_family": "random",
      "split_group": "random",
      "splits": 3,
      "strong_nochange_false_intervention_rate_mean": 0.05499265096788317,
      "strong_nochange_false_intervention_rate_std": 0.03554847852912318,
      "target_margin": 0.2
    },
    {
      "bootstrap_gain_p05_mean": 0.0664852551690655,
      "bootstrap_gain_p05_std": 0.0,
      "confidence_corr_mean": 0.2251231669622045,
      "confidence_corr_std": 0.0,
      "control": "real",
      "estimator_group": "C1_basic",
      "feature_group": "C1",
      "feature_set": "C1_basic",
      "head": "decision_tree",
      "ignored_n_mean": 33.0,
      "ignored_n_std": 0.0,
      "intervention_precision_mean": 0.75,
      "intervention_precision_std": 0.0,
      "intervention_rate_mean": 0.132,
      "intervention_rate_std": 0.0,
      "intervention_recall_mean": 0.1951219512195122,
      "intervention_recall_std": 0.0,
      "labeled_n_mean": 217.0,
      "labeled_n_std": 0.0,
      "low_residual_preserve_rate_mean": 0.868,
      "low_residual_preserve_rate_std": 0.0,
      "nochange_false_intervention_rate_mean": 0.0851063829787234,
      "nochange_false_intervention_rate_std": 0.0,
      "official_preserve_rate_mean": 0.993421052631579,
      "official_preserve_rate_std": 0.0,
      "oracle_recovery_mean": 0.23742524698461015,
      "oracle_recovery_std": 0.0,
      "residual_low_false_intervention_rate_mean": 0.132,
      "residual_low_false_intervention_rate_std": 0.0,
      "simulated_mean_psnr_gain_mean": 0.10199377657947939,
      "simulated_mean_psnr_gain_std": 0.0,
      "split_family": "residual_low_energy_heldout",
      "split_group": "test_residual_low",
      "splits": 1,
      "strong_nochange_false_intervention_rate_mean": 0.014705882352941176,
      "strong_nochange_false_intervention_rate_std": 0.0,
      "target_margin": 0.2
    },
    {
      "bootstrap_gain_p05_mean": 0.07699280382167396,
      "bootstrap_gain_p05_std": 0.0,
      "confidence_corr_mean": 0.458978828643829,
      "confidence_corr_std": 0.0,
      "control": "real",
      "estimator_group": "C1_basic",
      "feature_group": "C1",
      "feature_set": "C1_basic",
      "head": "hgb",
      "ignored_n_mean": 42.0,
      "ignored_n_std": 0.0,
      "intervention_precision_mean": 0.7714285714285715,
      "intervention_precision_std": 0.0,
      "intervention_rate_mean": 0.172,
      "intervention_rate_std": 0.0,
      "intervention_recall_mean": 0.2872340425531915,
      "intervention_recall_std": 0.0,
      "labeled_n_mean": 208.0,
      "labeled_n_std": 0.0,
      "low_residual_preserve_rate_mean": 0.8765432098765432,
      "low_residual_preserve_rate_std": 0.0,
      "nochange_false_intervention_rate_mean": 0.07017543859649122,
      "nochange_false_intervention_rate_std": 0.0,
      "official_preserve_rate_mean": 0.8714285714285714,
      "official_preserve_rate_std": 0.0,
      "oracle_recovery_mean": 0.4241223131445218,
      "oracle_recovery_std": 0.0,
      "residual_low_false_intervention_rate_mean": 0.12345679012345678,
      "residual_low_false_intervention_rate_std": 0.0,
      "simulated_mean_psnr_gain_mean": 0.13335193790477118,
      "simulated_mean_psnr_gain_std": 0.0,
      "split_family": "cr_strength_heldout",
      "split_group": "test_strong_cr",
      "splits": 1,
      "strong_nochange_false_intervention_rate_mean": 0.0594059405940594,
      "strong_nochange_false_intervention_rate_std": 0.0,
      "target_margin": 0.2
    },
    {
      "bootstrap_gain_p05_mean": 0.014100312756383654,
      "bootstrap_gain_p05_std": 0.0,
      "confidence_corr_mean": 0.21528989919742206,
      "confidence_corr_std": 0.0,
      "control": "real",
      "estimator_group": "C1_basic",
      "feature_group": "C1",
      "feature_set": "C1_basic",
      "head": "hgb",
      "ignored_n_mean": 40.0,
      "ignored_n_std": 0.0,
      "intervention_precision_mean": 0.6388888888888888,
      "intervention_precision_std": 0.0,
      "intervention_rate_mean": 0.176,
      "intervention_rate_std": 0.0,
      "intervention_recall_mean": 0.27058823529411763,
      "intervention_recall_std": 0.0,
      "labeled_n_mean": 210.0,
      "labeled_n_std": 0.0,
      "low_residual_preserve_rate_mean": 0.8157894736842105,
      "low_residual_preserve_rate_std": 0.0,
      "nochange_false_intervention_rate_mean": 0.104,
      "nochange_false_intervention_rate_std": 0.0,
      "official_preserve_rate_mean": 0.8240000000000001,
      "official_preserve_rate_std": 0.0,
      "oracle_recovery_mean": 0.1545222917370604,
      "oracle_recovery_std": 0.0,
      "residual_low_false_intervention_rate_mean": 0.18421052631578946,
      "residual_low_false_intervention_rate_std": 0.0,
      "simulated_mean_psnr_gain_mean": 0.031467579696845174,
      "simulated_mean_psnr_gain_std": 0.0,
      "split_family": "official_strength_heldout",
      "split_group": "test_strong_official",
      "splits": 1,
      "strong_nochange_false_intervention_rate_mean": 0.104,
      "strong_nochange_false_intervention_rate_std": 0.0,
      "target_margin": 0.2
    },
    {
      "bootstrap_gain_p05_mean": 0.49906413027196955,
      "bootstrap_gain_p05_std": 0.07157764686123605,
      "confidence_corr_mean": 0.4682956530758096,
      "confidence_corr_std": 0.06261340904471877,
      "control": "real",
      "estimator_group": "C1_basic",
      "feature_group": "C1",
      "feature_set": "C1_basic",
      "head": "hgb",
      "ignored_n_mean": 23.666666666666668,
      "ignored_n_std": 5.734883511361751,
      "intervention_precision_mean": 0.746851825758406,
      "intervention_precision_std": 0.0416719725180497,
      "intervention_rate_mean": 0.6173333333333333,
      "intervention_rate_std": 0.02815828277592386,
      "intervention_recall_mean": 0.8542832983743187,
      "intervention_recall_std": 0.01854896869311692,
      "labeled_n_mean": 226.33333333333334,
      "labeled_n_std": 5.734883511361751,
      "low_residual_preserve_rate_mean": 0.38439479541174454,
      "low_residual_preserve_rate_std": 0.023129673961648386,
      "nochange_false_intervention_rate_mean": 0.35350705938941235,
      "nochange_false_intervention_rate_std": 0.05988977164933517,
      "official_preserve_rate_mean": 0.6262084909625892,
      "official_preserve_rate_std": 0.046803120084537866,
      "oracle_recovery_mean": 0.8847707848212206,
      "oracle_recovery_std": 0.03391846072744828,
      "residual_low_false_intervention_rate_mean": 0.6156052045882555,
      "residual_low_false_intervention_rate_std": 0.02312967396164839,
      "simulated_mean_psnr_gain_mean": 0.6248171943177603,
      "simulated_mean_psnr_gain_std": 0.08678771373429546,
      "split_family": "random",
      "split_group": "random",
      "splits": 3,
      "strong_nochange_false_intervention_rate_mean": 0.2202051474497295,
      "strong_nochange_false_intervention_rate_std": 0.06404183758114645,
      "target_margin": 0.2
    },
    {
      "bootstrap_gain_p05_mean": 0.21817544850294315,
      "bootstrap_gain_p05_std": 0.0,
      "confidence_corr_mean": 0.4205076769872386,
      "confidence_corr_std": 0.0,
      "control": "real",
      "estimator_group": "C1_basic",
      "feature_group": "C1",
      "feature_set": "C1_basic",
      "head": "hgb",
      "ignored_n_mean": 33.0,
      "ignored_n_std": 0.0,
      "intervention_precision_mean": 0.75,
      "intervention_precision_std": 0.0,
      "intervention_rate_mean": 0.456,
      "intervention_rate_std": 0.0,
      "intervention_recall_mean": 0.6585365853658537,
      "intervention_recall_std": 0.0,
      "labeled_n_mean": 217.0,
      "labeled_n_std": 0.0,
      "low_residual_preserve_rate_mean": 0.544,
      "low_residual_preserve_rate_std": 0.0,
      "nochange_false_intervention_rate_mean": 0.2872340425531915,
      "nochange_false_intervention_rate_std": 0.0,
      "official_preserve_rate_mean": 0.7697368421052632,
      "official_preserve_rate_std": 0.0,
      "oracle_recovery_mean": 0.6496668104277036,
      "oracle_recovery_std": 0.0,
      "residual_low_false_intervention_rate_mean": 0.456,
      "residual_low_false_intervention_rate_std": 0.0,
      "simulated_mean_psnr_gain_mean": 0.27908561686433153,
      "simulated_mean_psnr_gain_std": 0.0,
      "split_family": "residual_low_energy_heldout",
      "split_group": "test_residual_low",
      "splits": 1,
      "strong_nochange_false_intervention_rate_mean": 0.14705882352941177,
      "strong_nochange_false_intervention_rate_std": 0.0,
      "target_margin": 0.2
    },
    {
      "bootstrap_gain_p05_mean": 0.1325493619342783,
      "bootstrap_gain_p05_std": 0.0,
      "confidence_corr_mean": 0.3553092147926472,
      "confidence_corr_std": 0.0,
      "control": "real",
      "estimator_group": "C1_basic",
      "feature_group": "C1",
      "feature_set": "C1_basic",
      "head": "logistic",
      "ignored_n_mean": 42.0,
      "ignored_n_std": 0.0,
      "intervention_precision_mean": 0.6136363636363636,
      "intervention_precision_std": 0.0,
      "intervention_rate_mean": 0.424,
      "intervention_rate_std": 0.0,
      "intervention_recall_mean": 0.574468085106383,
      "intervention_recall_std": 0.0,
      "labeled_n_mean": 208.0,
      "labeled_n_std": 0.0,
      "low_residual_preserve_rate_mean": 0.5740740740740741,
      "low_residual_preserve_rate_std": 0.0,
      "nochange_false_intervention_rate_mean": 0.2982456140350877,
      "nochange_false_intervention_rate_std": 0.0,
      "official_preserve_rate_mean": 0.6142857142857143,
      "official_preserve_rate_std": 0.0,
      "oracle_recovery_mean": 0.6087647658275919,
      "oracle_recovery_std": 0.0,
      "residual_low_false_intervention_rate_mean": 0.42592592592592593,
      "residual_low_false_intervention_rate_std": 0.0,
      "simulated_mean_psnr_gain_mean": 0.1914069567558713,
      "simulated_mean_psnr_gain_std": 0.0,
      "split_family": "cr_strength_heldout",
      "split_group": "test_strong_cr",
      "splits": 1,
      "strong_nochange_false_intervention_rate_mean": 0.3069306930693069,
      "strong_nochange_false_intervention_rate_std": 0.0,
      "target_margin": 0.2
    },
    {
      "bootstrap_gain_p05_mean": 0.030996852539310144,
      "bootstrap_gain_p05_std": 0.0,
      "confidence_corr_mean": 0.15754023692924127,
      "confidence_corr_std": 0.0,
      "control": "real",
      "estimator_group": "C1_basic",
      "feature_group": "C1",
      "feature_set": "C1_basic",
      "head": "logistic",
      "ignored_n_mean": 40.0,
      "ignored_n_std": 0.0,
      "intervention_precision_mean": 0.5735294117647058,
      "intervention_precision_std": 0.0,
      "intervention_rate_mean": 0.336,
      "intervention_rate_std": 0.0,
      "intervention_recall_mean": 0.4588235294117647,
      "intervention_recall_std": 0.0,
      "labeled_n_mean": 210.0,
      "labeled_n_std": 0.0,
      "low_residual_preserve_rate_mean": 0.6578947368421053,
      "low_residual_preserve_rate_std": 0.0,
      "nochange_false_intervention_rate_mean": 0.232,
      "nochange_false_intervention_rate_std": 0.0,
      "official_preserve_rate_mean": 0.6639999999999999,
      "official_preserve_rate_std": 0.0,
      "oracle_recovery_mean": 0.30694871022125847,
      "oracle_recovery_std": 0.0,
      "residual_low_false_intervention_rate_mean": 0.34210526315789475,
      "residual_low_false_intervention_rate_std": 0.0,
      "simulated_mean_psnr_gain_mean": 0.06250834680970954,
      "simulated_mean_psnr_gain_std": 0.0,
      "split_family": "official_strength_heldout",
      "split_group": "test_strong_official",
      "splits": 1,
      "strong_nochange_false_intervention_rate_mean": 0.232,
      "strong_nochange_false_intervention_rate_std": 0.0,
      "target_margin": 0.2
    },
    {
      "bootstrap_gain_p05_mean": 0.48735649229410516,
      "bootstrap_gain_p05_std": 0.06274656090185134,
      "confidence_corr_mean": 0.43425882983969627,
      "confidence_corr_std": 0.017868568336732643,
      "control": "real",
      "estimator_group": "C1_basic",
      "feature_group": "C1",
      "feature_set": "C1_basic",
      "head": "logistic",
      "ignored_n_mean": 23.666666666666668,
      "ignored_n_std": 5.734883511361751,
      "intervention_precision_mean": 0.7577566934664558,
      "intervention_precision_std": 0.06056480079026894,
      "intervention_rate_mean": 0.6133333333333333,
      "intervention_rate_std": 0.0247296493213219,
      "intervention_recall_mean": 0.847298814878947,
      "intervention_recall_std": 0.00383235034083491,
      "labeled_n_mean": 226.33333333333334,
      "labeled_n_std": 5.734883511361751,
      "low_residual_preserve_rate_mean": 0.3855932203389831,
      "low_residual_preserve_rate_std": 0.037173109120813314,
      "nochange_false_intervention_rate_mean": 0.3328155504626093,
      "nochange_false_intervention_rate_std": 0.09302089027214717,
      "official_preserve_rate_mean": 0.5332282471626734,
      "official_preserve_rate_std": 0.017147822097241704,
      "oracle_recovery_mean": 0.8692098765520168,
      "oracle_recovery_std": 0.011807590021910204,
      "residual_low_false_intervention_rate_mean": 0.614406779661017,
      "residual_low_false_intervention_rate_std": 0.03717310912081332,
      "simulated_mean_psnr_gain_mean": 0.6120719284151886,
      "simulated_mean_psnr_gain_std": 0.07008824052007057,
      "split_family": "random",
      "split_group": "random",
      "splits": 3,
      "strong_nochange_false_intervention_rate_mean": 0.25204052913031244,
      "strong_nochange_false_intervention_rate_std": 0.08287778460190977,
      "target_margin": 0.2
    },
    {
      "bootstrap_gain_p05_mean": 0.20638342513980443,
      "bootstrap_gain_p05_std": 0.0,
      "confidence_corr_mean": 0.22861913803939968,
      "confidence_corr_std": 0.0,
      "control": "real",
      "estimator_group": "C1_basic",
      "feature_group": "C1",
      "feature_set": "C1_basic",
      "head": "logistic",
      "ignored_n_mean": 33.0,
      "ignored_n_std": 0.0,
      "intervention_precision_mean": 0.675,
      "intervention_precision_std": 0.0,
      "intervention_rate_mean": 0.548,
      "intervention_rate_std": 0.0,
      "intervention_recall_mean": 0.6585365853658537,
      "intervention_recall_std": 0.0,
      "labeled_n_mean": 217.0,
      "labeled_n_std": 0.0,
      "low_residual_preserve_rate_mean": 0.45199999999999996,
      "low_residual_preserve_rate_std": 0.0,
      "nochange_false_intervention_rate_mean": 0.4148936170212766,
      "nochange_false_intervention_rate_std": 0.0,
      "official_preserve_rate_mean": 0.5197368421052632,
      "official_preserve_rate_std": 0.0,
      "oracle_recovery_mean": 0.6235536601936936,
      "oracle_recovery_std": 0.0,
      "residual_low_false_intervention_rate_mean": 0.548,
      "residual_low_false_intervention_rate_std": 0.0,
      "simulated_mean_psnr_gain_mean": 0.2678678595087853,
      "simulated_mean_psnr_gain_std": 0.0,
      "split_family": "residual_low_energy_heldout",
      "split_group": "test_residual_low",
      "splits": 1,
      "strong_nochange_false_intervention_rate_mean": 0.39705882352941174,
      "strong_nochange_false_intervention_rate_std": 0.0,
      "target_margin": 0.2
    },
    {
      "bootstrap_gain_p05_mean": 0.0,
      "bootstrap_gain_p05_std": 0.0,
      "confidence_corr_mean": 0.35323946767642733,
      "confidence_corr_std": 0.0,
      "control": "real",
      "estimator_group": "both",
      "feature_group": "C2",
      "feature_set": "C2_both",
      "head": "decision_tree",
      "ignored_n_mean": 42.0,
      "ignored_n_std": 0.0,
      "intervention_precision_mean": 1.0,
      "intervention_precision_std": 0.0,
      "intervention_rate_mean": 0.008,
      "intervention_rate_std": 0.0,
      "intervention_recall_mean": 0.02127659574468085,
      "intervention_recall_std": 0.0,
      "labeled_n_mean": 208.0,
      "labeled_n_std": 0.0,
      "low_residual_preserve_rate_mean": 0.9938271604938271,
      "low_residual_preserve_rate_std": 0.0,
      "nochange_false_intervention_rate_mean": 0.0,
      "nochange_false_intervention_rate_std": 0.0,
      "official_preserve_rate_mean": 1.0,
      "official_preserve_rate_std": 0.0,
      "oracle_recovery_mean": 0.0577437364286344,
      "oracle_recovery_std": 0.0,
      "residual_low_false_intervention_rate_mean": 0.006172839506172839,
      "residual_low_false_intervention_rate_std": 0.0,
      "simulated_mean_psnr_gain_mean": 0.018155703946650958,
      "simulated_mean_psnr_gain_std": 0.0,
      "split_family": "cr_strength_heldout",
      "split_group": "test_strong_cr",
      "splits": 1,
      "strong_nochange_false_intervention_rate_mean": 0.0,
      "strong_nochange_false_intervention_rate_std": 0.0,
      "target_margin": 0.2
    },
    {
      "bootstrap_gain_p05_mean": 0.0,
      "bootstrap_gain_p05_std": 0.0,
      "confidence_corr_mean": -0.1471306768495666,
      "confidence_corr_std": 0.0,
      "control": "real",
      "estimator_group": "both",
      "feature_group": "C2",
      "feature_set": "C2_both",
      "head": "decision_tree",
      "ignored_n_mean": 40.0,
      "ignored_n_std": 0.0,
      "intervention_precision_mean": 0.0,
      "intervention_precision_std": 0.0,
      "intervention_rate_mean": 0.0,
      "intervention_rate_std": 0.0,
      "intervention_recall_mean": 0.0,
      "intervention_recall_std": 0.0,
      "labeled_n_mean": 210.0,
      "labeled_n_std": 0.0,
      "low_residual_preserve_rate_mean": 1.0,
      "low_residual_preserve_rate_std": 0.0,
      "nochange_false_intervention_rate_mean": 0.0,
      "nochange_false_intervention_rate_std": 0.0,
      "official_preserve_rate_mean": 1.0,
      "official_preserve_rate_std": 0.0,
      "oracle_recovery_mean": 0.0,
      "oracle_recovery_std": 0.0,
      "residual_low_false_intervention_rate_mean": 0.0,
      "residual_low_false_intervention_rate_std": 0.0,
      "simulated_mean_psnr_gain_mean": 0.0,
      "simulated_mean_psnr_gain_std": 0.0,
      "split_family": "official_strength_heldout",
      "split_group": "test_strong_official",
      "splits": 1,
      "strong_nochange_false_intervention_rate_mean": 0.0,
      "strong_nochange_false_intervention_rate_std": 0.0,
      "target_margin": 0.2
    },
    {
      "bootstrap_gain_p05_mean": 0.053927424004630374,
      "bootstrap_gain_p05_std": 0.0786311782119023,
      "confidence_corr_mean": 0.27760350723127836,
      "confidence_corr_std": 0.10931101142314874,
      "control": "real",
      "estimator_group": "both",
      "feature_group": "C2",
      "feature_set": "C2_both",
      "head": "decision_tree",
      "ignored_n_mean": 23.666666666666668,
      "ignored_n_std": 5.734883511361751,
      "intervention_precision_mean": 0.6552631578947369,
      "intervention_precision_std": 0.1824856588807394,
      "intervention_rate_mean": 0.07333333333333333,
      "intervention_rate_std": 0.0613043409737208,
      "intervention_recall_mean": 0.09920587618165304,
      "intervention_recall_std": 0.09434901045468194,
      "labeled_n_mean": 226.33333333333334,
      "labeled_n_std": 5.734883511361751,
      "low_residual_preserve_rate_mean": 0.9414483821263482,
      "low_residual_preserve_rate_std": 0.041478634020688174,
      "nochange_false_intervention_rate_mean": 0.039722151486857364,
      "nochange_false_intervention_rate_std": 0.022314461575680525,
      "official_preserve_rate_mean": 0.9573560319461959,
      "official_preserve_rate_std": 0.037839439070985366,
      "oracle_recovery_mean": 0.1244757731019396,
      "oracle_recovery_std": 0.14691270503847373,
      "residual_low_false_intervention_rate_mean": 0.05855161787365177,
      "residual_low_false_intervention_rate_std": 0.04147863402068817,
      "simulated_mean_psnr_gain_mean": 0.09517791415524389,
      "simulated_mean_psnr_gain_std": 0.1130992095105361,
      "split_family": "random",
      "split_group": "random",
      "splits": 3,
      "strong_nochange_false_intervention_rate_mean": 0.05499265096788317,
      "strong_nochange_false_intervention_rate_std": 0.03554847852912318,
      "target_margin": 0.2
    },
    {
      "bootstrap_gain_p05_mean": 0.0664852551690655,
      "bootstrap_gain_p05_std": 0.0,
      "confidence_corr_mean": 0.2251231669622045,
      "confidence_corr_std": 0.0,
      "control": "real",
      "estimator_group": "both",
      "feature_group": "C2",
      "feature_set": "C2_both",
      "head": "decision_tree",
      "ignored_n_mean": 33.0,
      "ignored_n_std": 0.0,
      "intervention_precision_mean": 0.75,
      "intervention_precision_std": 0.0,
      "intervention_rate_mean": 0.132,
      "intervention_rate_std": 0.0,
      "intervention_recall_mean": 0.1951219512195122,
      "intervention_recall_std": 0.0,
      "labeled_n_mean": 217.0,
      "labeled_n_std": 0.0,
      "low_residual_preserve_rate_mean": 0.868,
      "low_residual_preserve_rate_std": 0.0,
      "nochange_false_intervention_rate_mean": 0.0851063829787234,
      "nochange_false_intervention_rate_std": 0.0,
      "official_preserve_rate_mean": 0.993421052631579,
      "official_preserve_rate_std": 0.0,
      "oracle_recovery_mean": 0.23742524698461015,
      "oracle_recovery_std": 0.0,
      "residual_low_false_intervention_rate_mean": 0.132,
      "residual_low_false_intervention_rate_std": 0.0,
      "simulated_mean_psnr_gain_mean": 0.10199377657947939,
      "simulated_mean_psnr_gain_std": 0.0,
      "split_family": "residual_low_energy_heldout",
      "split_group": "test_residual_low",
      "splits": 1,
      "strong_nochange_false_intervention_rate_mean": 0.014705882352941176,
      "strong_nochange_false_intervention_rate_std": 0.0,
      "target_margin": 0.2
    },
    {
      "bootstrap_gain_p05_mean": 0.08289418234629964,
      "bootstrap_gain_p05_std": 0.0,
      "confidence_corr_mean": 0.438945332089993,
      "confidence_corr_std": 0.0,
      "control": "real",
      "estimator_group": "both",
      "feature_group": "C2",
      "feature_set": "C2_both",
      "head": "hgb",
      "ignored_n_mean": 42.0,
      "ignored_n_std": 0.0,
      "intervention_precision_mean": 0.6818181818181818,
      "intervention_precision_std": 0.0,
      "intervention_rate_mean": 0.22,
      "intervention_rate_std": 0.0,
      "intervention_recall_mean": 0.3191489361702128,
      "intervention_recall_std": 0.0,
      "labeled_n_mean": 208.0,
      "labeled_n_std": 0.0,
      "low_residual_preserve_rate_mean": 0.845679012345679,
      "low_residual_preserve_rate_std": 0.0,
      "nochange_false_intervention_rate_mean": 0.12280701754385964,
      "nochange_false_intervention_rate_std": 0.0,
      "official_preserve_rate_mean": 0.8238095238095238,
      "official_preserve_rate_std": 0.0,
      "oracle_recovery_mean": 0.4366270585943701,
      "oracle_recovery_std": 0.0,
      "residual_low_false_intervention_rate_mean": 0.15432098765432098,
      "residual_low_false_intervention_rate_std": 0.0,
      "simulated_mean_psnr_gain_mean": 0.13728366228489103,
      "simulated_mean_psnr_gain_std": 0.0,
      "split_family": "cr_strength_heldout",
      "split_group": "test_strong_cr",
      "splits": 1,
      "strong_nochange_false_intervention_rate_mean": 0.10891089108910891,
      "strong_nochange_false_intervention_rate_std": 0.0,
      "target_margin": 0.2
    },
    {
      "bootstrap_gain_p05_mean": 0.015617401100408974,
      "bootstrap_gain_p05_std": 0.0,
      "confidence_corr_mean": 0.2398473157744118,
      "confidence_corr_std": 0.0,
      "control": "real",
      "estimator_group": "both",
      "feature_group": "C2",
      "feature_set": "C2_both",
      "head": "hgb",
      "ignored_n_mean": 40.0,
      "ignored_n_std": 0.0,
      "intervention_precision_mean": 0.7,
      "intervention_precision_std": 0.0,
      "intervention_rate_mean": 0.136,
      "intervention_rate_std": 0.0,
      "intervention_recall_mean": 0.24705882352941178,
      "intervention_recall_std": 0.0,
      "labeled_n_mean": 210.0,
      "labeled_n_std": 0.0,
      "low_residual_preserve_rate_mean": 0.8618421052631579,
      "low_residual_preserve_rate_std": 0.0,
      "nochange_false_intervention_rate_mean": 0.072,
      "nochange_false_intervention_rate_std": 0.0,
      "official_preserve_rate_mean": 0.864,
      "official_preserve_rate_std": 0.0,
      "oracle_recovery_mean": 0.1490813954723254,
      "oracle_recovery_std": 0.0,
      "residual_low_false_intervention_rate_mean": 0.13815789473684212,
      "residual_low_false_intervention_rate_std": 0.0,
      "simulated_mean_psnr_gain_mean": 0.03035957233487727,
      "simulated_mean_psnr_gain_std": 0.0,
      "split_family": "official_strength_heldout",
      "split_group": "test_strong_official",
      "splits": 1,
      "strong_nochange_false_intervention_rate_mean": 0.072,
      "strong_nochange_false_intervention_rate_std": 0.0,
      "target_margin": 0.2
    },
    {
      "bootstrap_gain_p05_mean": 0.49154282881248584,
      "bootstrap_gain_p05_std": 0.06789810249155971,
      "confidence_corr_mean": 0.46440377863221743,
      "confidence_corr_std": 0.05992812998551452,
      "control": "real",
      "estimator_group": "both",
      "feature_group": "C2",
      "feature_set": "C2_both",
      "head": "hgb",
      "ignored_n_mean": 23.666666666666668,
      "ignored_n_std": 5.734883511361751,
      "intervention_precision_mean": 0.7497280897177964,
      "intervention_precision_std": 0.05293561588865647,
      "intervention_rate_mean": 0.608,
      "intervention_rate_std": 0.026127890589687258,
      "intervention_recall_mean": 0.846937374218999,
      "intervention_recall_std": 0.006634634443864824,
      "labeled_n_mean": 226.33333333333334,
      "labeled_n_std": 5.734883511361751,
      "low_residual_preserve_rate_mean": 0.3731895223420647,
      "low_residual_preserve_rate_std": 0.019217002982793652,
      "nochange_false_intervention_rate_mean": 0.3464759641230229,
      "nochange_false_intervention_rate_std": 0.08088186106459246,
      "official_preserve_rate_mean": 0.6278268179907524,
      "official_preserve_rate_std": 0.024108590684283625,
      "oracle_recovery_mean": 0.8739800694772691,
      "oracle_recovery_std": 0.025457146889454035,
      "residual_low_false_intervention_rate_mean": 0.6268104776579353,
      "residual_low_false_intervention_rate_std": 0.019217002982793652,
      "simulated_mean_psnr_gain_mean": 0.6165333604234409,
      "simulated_mean_psnr_gain_std": 0.07990190730306061,
      "split_family": "random",
      "split_group": "random",
      "splits": 3,
      "strong_nochange_false_intervention_rate_mean": 0.21010413734871938,
      "strong_nochange_false_intervention_rate_std": 0.05130479806623494,
      "target_margin": 0.2
    },
    {
      "bootstrap_gain_p05_mean": 0.22061167084519417,
      "bootstrap_gain_p05_std": 0.0,
      "confidence_corr_mean": 0.43471832575697317,
      "confidence_corr_std": 0.0,
      "control": "real",
      "estimator_group": "both",
      "feature_group": "C2",
      "feature_set": "C2_both",
      "head": "hgb",
      "ignored_n_mean": 33.0,
      "ignored_n_std": 0.0,
      "intervention_precision_mean": 0.7692307692307693,
      "intervention_precision_std": 0.0,
      "intervention_rate_mean": 0.436,
      "intervention_rate_std": 0.0,
      "intervention_recall_mean": 0.6504065040650406,
      "intervention_recall_std": 0.0,
      "labeled_n_mean": 217.0,
      "labeled_n_std": 0.0,
      "low_residual_preserve_rate_mean": 0.5640000000000001,
      "low_residual_preserve_rate_std": 0.0,
      "nochange_false_intervention_rate_mean": 0.2553191489361702,
      "nochange_false_intervention_rate_std": 0.0,
      "official_preserve_rate_mean": 0.7894736842105263,
      "official_preserve_rate_std": 0.0,
      "oracle_recovery_mean": 0.6544814799837018,
      "oracle_recovery_std": 0.0,
      "residual_low_false_intervention_rate_mean": 0.436,
      "residual_low_false_intervention_rate_std": 0.0,
      "simulated_mean_psnr_gain_mean": 0.2811539155698619,
      "simulated_mean_psnr_gain_std": 0.0,
      "split_family": "residual_low_energy_heldout",
      "split_group": "test_residual_low",
      "splits": 1,
      "strong_nochange_false_intervention_rate_mean": 0.1323529411764706,
      "strong_nochange_false_intervention_rate_std": 0.0,
      "target_margin": 0.2
    },
    {
      "bootstrap_gain_p05_mean": 0.12268844783738789,
      "bootstrap_gain_p05_std": 0.0,
      "confidence_corr_mean": 0.3454326427683474,
      "confidence_corr_std": 0.0,
      "control": "real",
      "estimator_group": "both",
      "feature_group": "C2",
      "feature_set": "C2_both",
      "head": "logistic",
      "ignored_n_mean": 42.0,
      "ignored_n_std": 0.0,
      "intervention_precision_mean": 0.5806451612903226,
      "intervention_precision_std": 0.0,
      "intervention_rate_mean": 0.44,
      "intervention_rate_std": 0.0,
      "intervention_recall_mean": 0.574468085106383,
      "intervention_recall_std": 0.0,
      "labeled_n_mean": 208.0,
      "labeled_n_std": 0.0,
      "low_residual_preserve_rate_mean": 0.5555555555555556,
      "low_residual_preserve_rate_std": 0.0,
      "nochange_false_intervention_rate_mean": 0.34210526315789475,
      "nochange_false_intervention_rate_std": 0.0,
      "official_preserve_rate_mean": 0.5952380952380952,
      "official_preserve_rate_std": 0.0,
      "oracle_recovery_mean": 0.5818637470572537,
      "oracle_recovery_std": 0.0,
      "residual_low_false_intervention_rate_mean": 0.4444444444444444,
      "residual_low_false_intervention_rate_std": 0.0,
      "simulated_mean_psnr_gain_mean": 0.1829487764775448,
      "simulated_mean_psnr_gain_std": 0.0,
      "split_family": "cr_strength_heldout",
      "split_group": "test_strong_cr",
      "splits": 1,
      "strong_nochange_false_intervention_rate_mean": 0.3564356435643564,
      "strong_nochange_false_intervention_rate_std": 0.0,
      "target_margin": 0.2
    },
    {
      "bootstrap_gain_p05_mean": 0.02559292987093847,
      "bootstrap_gain_p05_std": 0.0,
      "confidence_corr_mean": 0.15028015759294047,
      "confidence_corr_std": 0.0,
      "control": "real",
      "estimator_group": "both",
      "feature_group": "C2",
      "feature_set": "C2_both",
      "head": "logistic",
      "ignored_n_mean": 40.0,
      "ignored_n_std": 0.0,
      "intervention_precision_mean": 0.5652173913043478,
      "intervention_precision_std": 0.0,
      "intervention_rate_mean": 0.344,
      "intervention_rate_std": 0.0,
      "intervention_recall_mean": 0.4588235294117647,
      "intervention_recall_std": 0.0,
      "labeled_n_mean": 210.0,
      "labeled_n_std": 0.0,
      "low_residual_preserve_rate_mean": 0.6447368421052632,
      "low_residual_preserve_rate_std": 0.0,
      "nochange_false_intervention_rate_mean": 0.24,
      "nochange_false_intervention_rate_std": 0.0,
      "official_preserve_rate_mean": 0.656,
      "official_preserve_rate_std": 0.0,
      "oracle_recovery_mean": 0.28885244243046077,
      "oracle_recovery_std": 0.0,
      "residual_low_false_intervention_rate_mean": 0.35526315789473684,
      "residual_low_false_intervention_rate_std": 0.0,
      "simulated_mean_psnr_gain_mean": 0.05882314551919694,
      "simulated_mean_psnr_gain_std": 0.0,
      "split_family": "official_strength_heldout",
      "split_group": "test_strong_official",
      "splits": 1,
      "strong_nochange_false_intervention_rate_mean": 0.24,
      "strong_nochange_false_intervention_rate_std": 0.0,
      "target_margin": 0.2
    },
    {
      "bootstrap_gain_p05_mean": 0.4841386714499925,
      "bootstrap_gain_p05_std": 0.06306998946060989,
      "confidence_corr_mean": 0.43454840226964847,
      "confidence_corr_std": 0.018761605686141693,
      "control": "real",
      "estimator_group": "both",
      "feature_group": "C2",
      "feature_set": "C2_both",
      "head": "logistic",
      "ignored_n_mean": 23.666666666666668,
      "ignored_n_std": 5.734883511361751,
      "intervention_precision_mean": 0.7530044526411556,
      "intervention_precision_std": 0.06309484646041896,
      "intervention_rate_mean": 0.6133333333333333,
      "intervention_rate_std": 0.0247296493213219,
      "intervention_recall_mean": 0.8417175715927857,
      "intervention_recall_std": 0.002934060918227151,
      "labeled_n_mean": 226.33333333333334,
      "labeled_n_std": 5.734883511361751,
      "low_residual_preserve_rate_mean": 0.3855932203389831,
      "low_residual_preserve_rate_std": 0.037173109120813314,
      "nochange_false_intervention_rate_mean": 0.33925812749342166,
      "nochange_false_intervention_rate_std": 0.09628843456905206,
      "official_preserve_rate_mean": 0.5396385035729298,
      "official_preserve_rate_std": 0.01402767735187458,
      "oracle_recovery_mean": 0.8638024954236131,
      "oracle_recovery_std": 0.015626266412579054,
      "residual_low_false_intervention_rate_mean": 0.614406779661017,
      "residual_low_false_intervention_rate_std": 0.03717310912081332,
      "simulated_mean_psnr_gain_mean": 0.6084552650661487,
      "simulated_mean_psnr_gain_std": 0.07164378678850583,
      "split_family": "random",
      "split_group": "random",
      "splits": 3,
      "strong_nochange_false_intervention_rate_mean": 0.25204052913031244,
      "strong_nochange_false_intervention_rate_std": 0.08287778460190977,
      "target_margin": 0.2
    },
    {
      "bootstrap_gain_p05_mean": 0.21097448162672228,
      "bootstrap_gain_p05_std": 0.0,
      "confidence_corr_mean": 0.23236099285346085,
      "confidence_corr_std": 0.0,
      "control": "real",
      "estimator_group": "both",
      "feature_group": "C2",
      "feature_set": "C2_both",
      "head": "logistic",
      "ignored_n_mean": 33.0,
      "ignored_n_std": 0.0,
      "intervention_precision_mean": 0.6890756302521008,
      "intervention_precision_std": 0.0,
      "intervention_rate_mean": 0.544,
      "intervention_rate_std": 0.0,
      "intervention_recall_mean": 0.6666666666666666,
      "intervention_recall_std": 0.0,
      "labeled_n_mean": 217.0,
      "labeled_n_std": 0.0,
      "low_residual_preserve_rate_mean": 0.45599999999999996,
      "low_residual_preserve_rate_std": 0.0,
      "nochange_false_intervention_rate_mean": 0.39361702127659576,
      "nochange_false_intervention_rate_std": 0.0,
      "official_preserve_rate_mean": 0.5328947368421053,
      "official_preserve_rate_std": 0.0,
      "oracle_recovery_mean": 0.6382634563316,
      "oracle_recovery_std": 0.0,
      "residual_low_false_intervention_rate_mean": 0.544,
      "residual_low_false_intervention_rate_std": 0.0,
      "simulated_mean_psnr_gain_mean": 0.2741869333220119,
      "simulated_mean_psnr_gain_std": 0.0,
      "split_family": "residual_low_energy_heldout",
      "split_group": "test_residual_low",
      "splits": 1,
      "strong_nochange_false_intervention_rate_mean": 0.36764705882352944,
      "strong_nochange_false_intervention_rate_std": 0.0,
      "target_margin": 0.2
    },
    {
      "bootstrap_gain_p05_mean": 0.0,
      "bootstrap_gain_p05_std": 0.0,
      "confidence_corr_mean": 0.35323946767642733,
      "confidence_corr_std": 0.0,
      "control": "real",
      "estimator_group": "both",
      "feature_group": "C2",
      "feature_set": "C2_both_shuffled_depth",
      "head": "decision_tree",
      "ignored_n_mean": 42.0,
      "ignored_n_std": 0.0,
      "intervention_precision_mean": 1.0,
      "intervention_precision_std": 0.0,
      "intervention_rate_mean": 0.008,
      "intervention_rate_std": 0.0,
      "intervention_recall_mean": 0.02127659574468085,
      "intervention_recall_std": 0.0,
      "labeled_n_mean": 208.0,
      "labeled_n_std": 0.0,
      "low_residual_preserve_rate_mean": 0.9938271604938271,
      "low_residual_preserve_rate_std": 0.0,
      "nochange_false_intervention_rate_mean": 0.0,
      "nochange_false_intervention_rate_std": 0.0,
      "official_preserve_rate_mean": 1.0,
      "official_preserve_rate_std": 0.0,
      "oracle_recovery_mean": 0.0577437364286344,
      "oracle_recovery_std": 0.0,
      "residual_low_false_intervention_rate_mean": 0.006172839506172839,
      "residual_low_false_intervention_rate_std": 0.0,
      "simulated_mean_psnr_gain_mean": 0.018155703946650958,
      "simulated_mean_psnr_gain_std": 0.0,
      "split_family": "cr_strength_heldout",
      "split_group": "test_strong_cr",
      "splits": 1,
      "strong_nochange_false_intervention_rate_mean": 0.0,
      "strong_nochange_false_intervention_rate_std": 0.0,
      "target_margin": 0.2
    },
    {
      "bootstrap_gain_p05_mean": 0.0,
      "bootstrap_gain_p05_std": 0.0,
      "confidence_corr_mean": -0.1471306768495666,
      "confidence_corr_std": 0.0,
      "control": "real",
      "estimator_group": "both",
      "feature_group": "C2",
      "feature_set": "C2_both_shuffled_depth",
      "head": "decision_tree",
      "ignored_n_mean": 40.0,
      "ignored_n_std": 0.0,
      "intervention_precision_mean": 0.0,
      "intervention_precision_std": 0.0,
      "intervention_rate_mean": 0.0,
      "intervention_rate_std": 0.0,
      "intervention_recall_mean": 0.0,
      "intervention_recall_std": 0.0,
      "labeled_n_mean": 210.0,
      "labeled_n_std": 0.0,
      "low_residual_preserve_rate_mean": 1.0,
      "low_residual_preserve_rate_std": 0.0,
      "nochange_false_intervention_rate_mean": 0.0,
      "nochange_false_intervention_rate_std": 0.0,
      "official_preserve_rate_mean": 1.0,
      "official_preserve_rate_std": 0.0,
      "oracle_recovery_mean": 0.0,
      "oracle_recovery_std": 0.0,
      "residual_low_false_intervention_rate_mean": 0.0,
      "residual_low_false_intervention_rate_std": 0.0,
      "simulated_mean_psnr_gain_mean": 0.0,
      "simulated_mean_psnr_gain_std": 0.0,
      "split_family": "official_strength_heldout",
      "split_group": "test_strong_official",
      "splits": 1,
      "strong_nochange_false_intervention_rate_mean": 0.0,
      "strong_nochange_false_intervention_rate_std": 0.0,
      "target_margin": 0.2
    },
    {
      "bootstrap_gain_p05_mean": 0.053927424004630374,
      "bootstrap_gain_p05_std": 0.0786311782119023,
      "confidence_corr_mean": 0.27760350723127836,
      "confidence_corr_std": 0.10931101142314877,
      "control": "real",
      "estimator_group": "both",
      "feature_group": "C2",
      "feature_set": "C2_both_shuffled_depth",
      "head": "decision_tree",
      "ignored_n_mean": 23.666666666666668,
      "ignored_n_std": 5.734883511361751,
      "intervention_precision_mean": 0.6552631578947369,
      "intervention_precision_std": 0.1824856588807394,
      "intervention_rate_mean": 0.07333333333333333,
      "intervention_rate_std": 0.0613043409737208,
      "intervention_recall_mean": 0.09920587618165304,
      "intervention_recall_std": 0.09434901045468194,
      "labeled_n_mean": 226.33333333333334,
      "labeled_n_std": 5.734883511361751,
      "low_residual_preserve_rate_mean": 0.9414483821263482,
      "low_residual_preserve_rate_std": 0.041478634020688174,
      "nochange_false_intervention_rate_mean": 0.039722151486857364,
      "nochange_false_intervention_rate_std": 0.022314461575680525,
      "official_preserve_rate_mean": 0.9573560319461959,
      "official_preserve_rate_std": 0.037839439070985366,
      "oracle_recovery_mean": 0.1244757731019396,
      "oracle_recovery_std": 0.14691270503847373,
      "residual_low_false_intervention_rate_mean": 0.05855161787365177,
      "residual_low_false_intervention_rate_std": 0.04147863402068817,
      "simulated_mean_psnr_gain_mean": 0.09517791415524389,
      "simulated_mean_psnr_gain_std": 0.1130992095105361,
      "split_family": "random",
      "split_group": "random",
      "splits": 3,
      "strong_nochange_false_intervention_rate_mean": 0.05499265096788317,
      "strong_nochange_false_intervention_rate_std": 0.03554847852912318,
      "target_margin": 0.2
    },
    {
      "bootstrap_gain_p05_mean": 0.0664852551690655,
      "bootstrap_gain_p05_std": 0.0,
      "confidence_corr_mean": 0.22512316696220439,
      "confidence_corr_std": 0.0,
      "control": "real",
      "estimator_group": "both",
      "feature_group": "C2",
      "feature_set": "C2_both_shuffled_depth",
      "head": "decision_tree",
      "ignored_n_mean": 33.0,
      "ignored_n_std": 0.0,
      "intervention_precision_mean": 0.75,
      "intervention_precision_std": 0.0,
      "intervention_rate_mean": 0.132,
      "intervention_rate_std": 0.0,
      "intervention_recall_mean": 0.1951219512195122,
      "intervention_recall_std": 0.0,
      "labeled_n_mean": 217.0,
      "labeled_n_std": 0.0,
      "low_residual_preserve_rate_mean": 0.868,
      "low_residual_preserve_rate_std": 0.0,
      "nochange_false_intervention_rate_mean": 0.0851063829787234,
      "nochange_false_intervention_rate_std": 0.0,
      "official_preserve_rate_mean": 0.993421052631579,
      "official_preserve_rate_std": 0.0,
      "oracle_recovery_mean": 0.23742524698461015,
      "oracle_recovery_std": 0.0,
      "residual_low_false_intervention_rate_mean": 0.132,
      "residual_low_false_intervention_rate_std": 0.0,
      "simulated_mean_psnr_gain_mean": 0.10199377657947939,
      "simulated_mean_psnr_gain_std": 0.0,
      "split_family": "residual_low_energy_heldout",
      "split_group": "test_residual_low",
      "splits": 1,
      "strong_nochange_false_intervention_rate_mean": 0.014705882352941176,
      "strong_nochange_false_intervention_rate_std": 0.0,
      "target_margin": 0.2
    },
    {
      "bootstrap_gain_p05_mean": 0.07699280382167396,
      "bootstrap_gain_p05_std": 0.0,
      "confidence_corr_mean": 0.458978828643829,
      "confidence_corr_std": 0.0,
      "control": "real",
      "estimator_group": "both",
      "feature_group": "C2",
      "feature_set": "C2_both_shuffled_depth",
      "head": "hgb",
      "ignored_n_mean": 42.0,
      "ignored_n_std": 0.0,
      "intervention_precision_mean": 0.7714285714285715,
      "intervention_precision_std": 0.0,
      "intervention_rate_mean": 0.172,
      "intervention_rate_std": 0.0,
      "intervention_recall_mean": 0.2872340425531915,
      "intervention_recall_std": 0.0,
      "labeled_n_mean": 208.0,
      "labeled_n_std": 0.0,
      "low_residual_preserve_rate_mean": 0.8765432098765432,
      "low_residual_preserve_rate_std": 0.0,
      "nochange_false_intervention_rate_mean": 0.07017543859649122,
      "nochange_false_intervention_rate_std": 0.0,
      "official_preserve_rate_mean": 0.8714285714285714,
      "official_preserve_rate_std": 0.0,
      "oracle_recovery_mean": 0.4241223131445218,
      "oracle_recovery_std": 0.0,
      "residual_low_false_intervention_rate_mean": 0.12345679012345678,
      "residual_low_false_intervention_rate_std": 0.0,
      "simulated_mean_psnr_gain_mean": 0.13335193790477118,
      "simulated_mean_psnr_gain_std": 0.0,
      "split_family": "cr_strength_heldout",
      "split_group": "test_strong_cr",
      "splits": 1,
      "strong_nochange_false_intervention_rate_mean": 0.0594059405940594,
      "strong_nochange_false_intervention_rate_std": 0.0,
      "target_margin": 0.2
    },
    {
      "bootstrap_gain_p05_mean": 0.008166279390883486,
      "bootstrap_gain_p05_std": 0.0,
      "confidence_corr_mean": 0.19021517160829765,
      "confidence_corr_std": 0.0,
      "control": "real",
      "estimator_group": "both",
      "feature_group": "C2",
      "feature_set": "C2_both_shuffled_depth",
      "head": "hgb",
      "ignored_n_mean": 40.0,
      "ignored_n_std": 0.0,
      "intervention_precision_mean": 0.5588235294117647,
      "intervention_precision_std": 0.0,
      "intervention_rate_mean": 0.164,
      "intervention_rate_std": 0.0,
      "intervention_recall_mean": 0.2235294117647059,
      "intervention_recall_std": 0.0,
      "labeled_n_mean": 210.0,
      "labeled_n_std": 0.0,
      "low_residual_preserve_rate_mean": 0.8355263157894737,
      "low_residual_preserve_rate_std": 0.0,
      "nochange_false_intervention_rate_mean": 0.12,
      "nochange_false_intervention_rate_std": 0.0,
      "official_preserve_rate_mean": 0.836,
      "official_preserve_rate_std": 0.0,
      "oracle_recovery_mean": 0.11904478076713428,
      "oracle_recovery_std": 0.0,
      "residual_low_false_intervention_rate_mean": 0.16447368421052633,
      "residual_low_false_intervention_rate_std": 0.0,
      "simulated_mean_psnr_gain_mean": 0.024242787782733956,
      "simulated_mean_psnr_gain_std": 0.0,
      "split_family": "official_strength_heldout",
      "split_group": "test_strong_official",
      "splits": 1,
      "strong_nochange_false_intervention_rate_mean": 0.12,
      "strong_nochange_false_intervention_rate_std": 0.0,
      "target_margin": 0.2
    },
    {
      "bootstrap_gain_p05_mean": 0.5013249024538565,
      "bootstrap_gain_p05_std": 0.06743632231216538,
      "confidence_corr_mean": 0.46113078624568477,
      "confidence_corr_std": 0.06093997496722887,
      "control": "real",
      "estimator_group": "both",
      "feature_group": "C2",
      "feature_set": "C2_both_shuffled_depth",
      "head": "hgb",
      "ignored_n_mean": 23.666666666666668,
      "ignored_n_std": 5.734883511361751,
      "intervention_precision_mean": 0.7480015208713434,
      "intervention_precision_std": 0.03612158465457333,
      "intervention_rate_mean": 0.6093333333333333,
      "intervention_rate_std": 0.024513035081133668,
      "intervention_recall_mean": 0.8540386201262149,
      "intervention_recall_std": 0.02106959488139799,
      "labeled_n_mean": 226.33333333333334,
      "labeled_n_std": 5.734883511361751,
      "low_residual_preserve_rate_mean": 0.39509501797637386,
      "low_residual_preserve_rate_std": 0.015905699984857413,
      "nochange_false_intervention_rate_mean": 0.34995331465919705,
      "nochange_false_intervention_rate_std": 0.04523691483998135,
      "official_preserve_rate_mean": 0.6278268179907524,
      "official_preserve_rate_std": 0.024108590684283625,
      "oracle_recovery_mean": 0.888344877134814,
      "oracle_recovery_std": 0.023303899959887978,
      "residual_low_false_intervention_rate_mean": 0.6049049820236262,
      "residual_low_false_intervention_rate_std": 0.015905699984857413,
      "simulated_mean_psnr_gain_mean": 0.6266134839527767,
      "simulated_mean_psnr_gain_std": 0.08064241974171955,
      "split_family": "random",
      "split_group": "random",
      "splits": 3,
      "strong_nochange_false_intervention_rate_mean": 0.21010413734871938,
      "strong_nochange_false_intervention_rate_std": 0.05130479806623494,
      "target_margin": 0.2
    },
    {
      "bootstrap_gain_p05_mean": 0.21817544850294315,
      "bootstrap_gain_p05_std": 0.0,
      "confidence_corr_mean": 0.4205076769872386,
      "confidence_corr_std": 0.0,
      "control": "real",
      "estimator_group": "both",
      "feature_group": "C2",
      "feature_set": "C2_both_shuffled_depth",
      "head": "hgb",
      "ignored_n_mean": 33.0,
      "ignored_n_std": 0.0,
      "intervention_precision_mean": 0.75,
      "intervention_precision_std": 0.0,
      "intervention_rate_mean": 0.456,
      "intervention_rate_std": 0.0,
      "intervention_recall_mean": 0.6585365853658537,
      "intervention_recall_std": 0.0,
      "labeled_n_mean": 217.0,
      "labeled_n_std": 0.0,
      "low_residual_preserve_rate_mean": 0.544,
      "low_residual_preserve_rate_std": 0.0,
      "nochange_false_intervention_rate_mean": 0.2872340425531915,
      "nochange_false_intervention_rate_std": 0.0,
      "official_preserve_rate_mean": 0.7697368421052632,
      "official_preserve_rate_std": 0.0,
      "oracle_recovery_mean": 0.6496668104277036,
      "oracle_recovery_std": 0.0,
      "residual_low_false_intervention_rate_mean": 0.456,
      "residual_low_false_intervention_rate_std": 0.0,
      "simulated_mean_psnr_gain_mean": 0.27908561686433153,
      "simulated_mean_psnr_gain_std": 0.0,
      "split_family": "residual_low_energy_heldout",
      "split_group": "test_residual_low",
      "splits": 1,
      "strong_nochange_false_intervention_rate_mean": 0.14705882352941177,
      "strong_nochange_false_intervention_rate_std": 0.0,
      "target_margin": 0.2
    },
    {
      "bootstrap_gain_p05_mean": 0.11332501209527536,
      "bootstrap_gain_p05_std": 0.0,
      "confidence_corr_mean": 0.34430703299378873,
      "confidence_corr_std": 0.0,
      "control": "real",
      "estimator_group": "both",
      "feature_group": "C2",
      "feature_set": "C2_both_shuffled_depth",
      "head": "logistic",
      "ignored_n_mean": 42.0,
      "ignored_n_std": 0.0,
      "intervention_precision_mean": 0.5652173913043478,
      "intervention_precision_std": 0.0,
      "intervention_rate_mean": 0.444,
      "intervention_rate_std": 0.0,
      "intervention_recall_mean": 0.5531914893617021,
      "intervention_recall_std": 0.0,
      "labeled_n_mean": 208.0,
      "labeled_n_std": 0.0,
      "low_residual_preserve_rate_mean": 0.5555555555555556,
      "low_residual_preserve_rate_std": 0.0,
      "nochange_false_intervention_rate_mean": 0.3508771929824561,
      "nochange_false_intervention_rate_std": 0.0,
      "official_preserve_rate_mean": 0.5904761904761905,
      "official_preserve_rate_std": 0.0,
      "oracle_recovery_mean": 0.5647503076168415,
      "oracle_recovery_std": 0.0,
      "residual_low_false_intervention_rate_mean": 0.4444444444444444,
      "residual_low_false_intervention_rate_std": 0.0,
      "simulated_mean_psnr_gain_mean": 0.17756799305053073,
      "simulated_mean_psnr_gain_std": 0.0,
      "split_family": "cr_strength_heldout",
      "split_group": "test_strong_cr",
      "splits": 1,
      "strong_nochange_false_intervention_rate_mean": 0.3564356435643564,
      "strong_nochange_false_intervention_rate_std": 0.0,
      "target_margin": 0.2
    },
    {
      "bootstrap_gain_p05_mean": 0.02360270093295255,
      "bootstrap_gain_p05_std": 0.0,
      "confidence_corr_mean": 0.15027805205925085,
      "confidence_corr_std": 0.0,
      "control": "real",
      "estimator_group": "both",
      "feature_group": "C2",
      "feature_set": "C2_both_shuffled_depth",
      "head": "logistic",
      "ignored_n_mean": 40.0,
      "ignored_n_std": 0.0,
      "intervention_precision_mean": 0.5441176470588235,
      "intervention_precision_std": 0.0,
      "intervention_rate_mean": 0.336,
      "intervention_rate_std": 0.0,
      "intervention_recall_mean": 0.43529411764705883,
      "intervention_recall_std": 0.0,
      "labeled_n_mean": 210.0,
      "labeled_n_std": 0.0,
      "low_residual_preserve_rate_mean": 0.6513157894736843,
      "low_residual_preserve_rate_std": 0.0,
      "nochange_false_intervention_rate_mean": 0.248,
      "nochange_false_intervention_rate_std": 0.0,
      "official_preserve_rate_mean": 0.6639999999999999,
      "official_preserve_rate_std": 0.0,
      "oracle_recovery_mean": 0.27077912853444336,
      "oracle_recovery_std": 0.0,
      "residual_low_false_intervention_rate_mean": 0.34868421052631576,
      "residual_low_false_intervention_rate_std": 0.0,
      "simulated_mean_psnr_gain_mean": 0.05514261865788956,
      "simulated_mean_psnr_gain_std": 0.0,
      "split_family": "official_strength_heldout",
      "split_group": "test_strong_official",
      "splits": 1,
      "strong_nochange_false_intervention_rate_mean": 0.248,
      "strong_nochange_false_intervention_rate_std": 0.0,
      "target_margin": 0.2
    },
    {
      "bootstrap_gain_p05_mean": 0.4828995200337844,
      "bootstrap_gain_p05_std": 0.061650695319111645,
      "confidence_corr_mean": 0.4329351330926643,
      "confidence_corr_std": 0.01912733892189909,
      "control": "real",
      "estimator_group": "both",
      "feature_group": "C2",
      "feature_set": "C2_both_shuffled_depth",
      "head": "logistic",
      "ignored_n_mean": 23.666666666666668,
      "ignored_n_std": 5.734883511361751,
      "intervention_precision_mean": 0.7456832888139758,
      "intervention_precision_std": 0.0528674607992595,
      "intervention_rate_mean": 0.6186666666666666,
      "intervention_rate_std": 0.021746008573733475,
      "intervention_recall_mean": 0.8445665744417886,
      "intervention_recall_std": 0.0011913699107341915,
      "labeled_n_mean": 226.33333333333334,
      "labeled_n_std": 5.734883511361751,
      "low_residual_preserve_rate_mean": 0.36943160417736687,
      "low_residual_preserve_rate_std": 0.037481888905657054,
      "nochange_false_intervention_rate_mean": 0.35244037008742884,
      "nochange_false_intervention_rate_std": 0.07939839077375596,
      "official_preserve_rate_mean": 0.5114333753678015,
      "official_preserve_rate_std": 0.0338255521484219,
      "oracle_recovery_mean": 0.8635082395299684,
      "oracle_recovery_std": 0.014133576790800876,
      "residual_low_false_intervention_rate_mean": 0.6305683958226331,
      "residual_low_false_intervention_rate_std": 0.037481888905657054,
      "simulated_mean_psnr_gain_mean": 0.6078245867102104,
      "simulated_mean_psnr_gain_std": 0.06811548338551125,
      "split_family": "random",
      "split_group": "random",
      "splits": 3,
      "strong_nochange_false_intervention_rate_mean": 0.2989961534853176,
      "strong_nochange_false_intervention_rate_std": 0.0977279569580751,
      "target_margin": 0.2
    },
    {
      "bootstrap_gain_p05_mean": 0.21356495936780936,
      "bootstrap_gain_p05_std": 0.0,
      "confidence_corr_mean": 0.20970833265758487,
      "confidence_corr_std": 0.0,
      "control": "real",
      "estimator_group": "both",
      "feature_group": "C2",
      "feature_set": "C2_both_shuffled_depth",
      "head": "logistic",
      "ignored_n_mean": 33.0,
      "ignored_n_std": 0.0,
      "intervention_precision_mean": 0.6885245901639344,
      "intervention_precision_std": 0.0,
      "intervention_rate_mean": 0.556,
      "intervention_rate_std": 0.0,
      "intervention_recall_mean": 0.6829268292682927,
      "intervention_recall_std": 0.0,
      "labeled_n_mean": 217.0,
      "labeled_n_std": 0.0,
      "low_residual_preserve_rate_mean": 0.44399999999999995,
      "low_residual_preserve_rate_std": 0.0,
      "nochange_false_intervention_rate_mean": 0.40425531914893614,
      "nochange_false_intervention_rate_std": 0.0,
      "official_preserve_rate_mean": 0.5263157894736843,
      "official_preserve_rate_std": 0.0,
      "oracle_recovery_mean": 0.6423808494917265,
      "oracle_recovery_std": 0.0,
      "residual_low_false_intervention_rate_mean": 0.556,
      "residual_low_false_intervention_rate_std": 0.0,
      "simulated_mean_psnr_gain_mean": 0.2759556941568318,
      "simulated_mean_psnr_gain_std": 0.0,
      "split_family": "residual_low_energy_heldout",
      "split_group": "test_residual_low",
      "splits": 1,
      "strong_nochange_false_intervention_rate_mean": 0.38235294117647056,
      "strong_nochange_false_intervention_rate_std": 0.0,
      "target_margin": 0.2
    },
    {
      "bootstrap_gain_p05_mean": 0.0,
      "bootstrap_gain_p05_std": 0.0,
      "confidence_corr_mean": 0.3532394676764274,
      "confidence_corr_std": 0.0,
      "control": "real",
      "estimator_group": "depthanything",
      "feature_group": "C2",
      "feature_set": "C2_depthanything",
      "head": "decision_tree",
      "ignored_n_mean": 42.0,
      "ignored_n_std": 0.0,
      "intervention_precision_mean": 1.0,
      "intervention_precision_std": 0.0,
      "intervention_rate_mean": 0.008,
      "intervention_rate_std": 0.0,
      "intervention_recall_mean": 0.02127659574468085,
      "intervention_recall_std": 0.0,
      "labeled_n_mean": 208.0,
      "labeled_n_std": 0.0,
      "low_residual_preserve_rate_mean": 0.9938271604938271,
      "low_residual_preserve_rate_std": 0.0,
      "nochange_false_intervention_rate_mean": 0.0,
      "nochange_false_intervention_rate_std": 0.0,
      "official_preserve_rate_mean": 1.0,
      "official_preserve_rate_std": 0.0,
      "oracle_recovery_mean": 0.0577437364286344,
      "oracle_recovery_std": 0.0,
      "residual_low_false_intervention_rate_mean": 0.006172839506172839,
      "residual_low_false_intervention_rate_std": 0.0,
      "simulated_mean_psnr_gain_mean": 0.018155703946650958,
      "simulated_mean_psnr_gain_std": 0.0,
      "split_family": "cr_strength_heldout",
      "split_group": "test_strong_cr",
      "splits": 1,
      "strong_nochange_false_intervention_rate_mean": 0.0,
      "strong_nochange_false_intervention_rate_std": 0.0,
      "target_margin": 0.2
    },
    {
      "bootstrap_gain_p05_mean": 0.0,
      "bootstrap_gain_p05_std": 0.0,
      "confidence_corr_mean": -0.1471306768495666,
      "confidence_corr_std": 0.0,
      "control": "real",
      "estimator_group": "depthanything",
      "feature_group": "C2",
      "feature_set": "C2_depthanything",
      "head": "decision_tree",
      "ignored_n_mean": 40.0,
      "ignored_n_std": 0.0,
      "intervention_precision_mean": 0.0,
      "intervention_precision_std": 0.0,
      "intervention_rate_mean": 0.0,
      "intervention_rate_std": 0.0,
      "intervention_recall_mean": 0.0,
      "intervention_recall_std": 0.0,
      "labeled_n_mean": 210.0,
      "labeled_n_std": 0.0,
      "low_residual_preserve_rate_mean": 1.0,
      "low_residual_preserve_rate_std": 0.0,
      "nochange_false_intervention_rate_mean": 0.0,
      "nochange_false_intervention_rate_std": 0.0,
      "official_preserve_rate_mean": 1.0,
      "official_preserve_rate_std": 0.0,
      "oracle_recovery_mean": 0.0,
      "oracle_recovery_std": 0.0,
      "residual_low_false_intervention_rate_mean": 0.0,
      "residual_low_false_intervention_rate_std": 0.0,
      "simulated_mean_psnr_gain_mean": 0.0,
      "simulated_mean_psnr_gain_std": 0.0,
      "split_family": "official_strength_heldout",
      "split_group": "test_strong_official",
      "splits": 1,
      "strong_nochange_false_intervention_rate_mean": 0.0,
      "strong_nochange_false_intervention_rate_std": 0.0,
      "target_margin": 0.2
    },
    {
      "bootstrap_gain_p05_mean": 0.053927424004630374,
      "bootstrap_gain_p05_std": 0.0786311782119023,
      "confidence_corr_mean": 0.28037189241843496,
      "confidence_corr_std": 0.10539616558761424,
      "control": "real",
      "estimator_group": "depthanything",
      "feature_group": "C2",
      "feature_set": "C2_depthanything",
      "head": "decision_tree",
      "ignored_n_mean": 23.666666666666668,
      "ignored_n_std": 5.734883511361751,
      "intervention_precision_mean": 0.6552631578947369,
      "intervention_precision_std": 0.1824856588807394,
      "intervention_rate_mean": 0.07333333333333333,
      "intervention_rate_std": 0.0613043409737208,
      "intervention_recall_mean": 0.09920587618165304,
      "intervention_recall_std": 0.09434901045468194,
      "labeled_n_mean": 226.33333333333334,
      "labeled_n_std": 5.734883511361751,
      "low_residual_preserve_rate_mean": 0.9414483821263482,
      "low_residual_preserve_rate_std": 0.041478634020688174,
      "nochange_false_intervention_rate_mean": 0.039722151486857364,
      "nochange_false_intervention_rate_std": 0.022314461575680525,
      "official_preserve_rate_mean": 0.9573560319461959,
      "official_preserve_rate_std": 0.037839439070985366,
      "oracle_recovery_mean": 0.1244757731019396,
      "oracle_recovery_std": 0.14691270503847373,
      "residual_low_false_intervention_rate_mean": 0.05855161787365177,
      "residual_low_false_intervention_rate_std": 0.04147863402068817,
      "simulated_mean_psnr_gain_mean": 0.09517791415524389,
      "simulated_mean_psnr_gain_std": 0.1130992095105361,
      "split_family": "random",
      "split_group": "random",
      "splits": 3,
      "strong_nochange_false_intervention_rate_mean": 0.05499265096788317,
      "strong_nochange_false_intervention_rate_std": 0.03554847852912318,
      "target_margin": 0.2
    },
    {
      "bootstrap_gain_p05_mean": 0.0664852551690655,
      "bootstrap_gain_p05_std": 0.0,
      "confidence_corr_mean": 0.22512316696220455,
      "confidence_corr_std": 0.0,
      "control": "real",
      "estimator_group": "depthanything",
      "feature_group": "C2",
      "feature_set": "C2_depthanything",
      "head": "decision_tree",
      "ignored_n_mean": 33.0,
      "ignored_n_std": 0.0,
      "intervention_precision_mean": 0.75,
      "intervention_precision_std": 0.0,
      "intervention_rate_mean": 0.132,
      "intervention_rate_std": 0.0,
      "intervention_recall_mean": 0.1951219512195122,
      "intervention_recall_std": 0.0,
      "labeled_n_mean": 217.0,
      "labeled_n_std": 0.0,
      "low_residual_preserve_rate_mean": 0.868,
      "low_residual_preserve_rate_std": 0.0,
      "nochange_false_intervention_rate_mean": 0.0851063829787234,
      "nochange_false_intervention_rate_std": 0.0,
      "official_preserve_rate_mean": 0.993421052631579,
      "official_preserve_rate_std": 0.0,
      "oracle_recovery_mean": 0.23742524698461015,
      "oracle_recovery_std": 0.0,
      "residual_low_false_intervention_rate_mean": 0.132,
      "residual_low_false_intervention_rate_std": 0.0,
      "simulated_mean_psnr_gain_mean": 0.10199377657947939,
      "simulated_mean_psnr_gain_std": 0.0,
      "split_family": "residual_low_energy_heldout",
      "split_group": "test_residual_low",
      "splits": 1,
      "strong_nochange_false_intervention_rate_mean": 0.014705882352941176,
      "strong_nochange_false_intervention_rate_std": 0.0,
      "target_margin": 0.2
    },
    {
      "bootstrap_gain_p05_mean": 0.09716802410917766,
      "bootstrap_gain_p05_std": 0.0,
      "confidence_corr_mean": 0.46225274095853414,
      "confidence_corr_std": 0.0,
      "control": "real",
      "estimator_group": "depthanything",
      "feature_group": "C2",
      "feature_set": "C2_depthanything",
      "head": "hgb",
      "ignored_n_mean": 42.0,
      "ignored_n_std": 0.0,
      "intervention_precision_mean": 0.8048780487804879,
      "intervention_precision_std": 0.0,
      "intervention_rate_mean": 0.196,
      "intervention_rate_std": 0.0,
      "intervention_recall_mean": 0.35106382978723405,
      "intervention_recall_std": 0.0,
      "labeled_n_mean": 208.0,
      "labeled_n_std": 0.0,
      "low_residual_preserve_rate_mean": 0.8703703703703703,
      "low_residual_preserve_rate_std": 0.0,
      "nochange_false_intervention_rate_mean": 0.07017543859649122,
      "nochange_false_intervention_rate_std": 0.0,
      "official_preserve_rate_mean": 0.8571428571428572,
      "official_preserve_rate_std": 0.0,
      "oracle_recovery_mean": 0.48154079288720747,
      "oracle_recovery_std": 0.0,
      "residual_low_false_intervention_rate_mean": 0.12962962962962962,
      "residual_low_false_intervention_rate_std": 0.0,
      "simulated_mean_psnr_gain_mean": 0.1514053751042044,
      "simulated_mean_psnr_gain_std": 0.0,
      "split_family": "cr_strength_heldout",
      "split_group": "test_strong_cr",
      "splits": 1,
      "strong_nochange_false_intervention_rate_mean": 0.0594059405940594,
      "strong_nochange_false_intervention_rate_std": 0.0,
      "target_margin": 0.2
    },
    {
      "bootstrap_gain_p05_mean": 0.01079703963143306,
      "bootstrap_gain_p05_std": 0.0,
      "confidence_corr_mean": 0.22150975764096076,
      "confidence_corr_std": 0.0,
      "control": "real",
      "estimator_group": "depthanything",
      "feature_group": "C2",
      "feature_set": "C2_depthanything",
      "head": "hgb",
      "ignored_n_mean": 40.0,
      "ignored_n_std": 0.0,
      "intervention_precision_mean": 0.6176470588235294,
      "intervention_precision_std": 0.0,
      "intervention_rate_mean": 0.16,
      "intervention_rate_std": 0.0,
      "intervention_recall_mean": 0.24705882352941178,
      "intervention_recall_std": 0.0,
      "labeled_n_mean": 210.0,
      "labeled_n_std": 0.0,
      "low_residual_preserve_rate_mean": 0.8486842105263158,
      "low_residual_preserve_rate_std": 0.0,
      "nochange_false_intervention_rate_mean": 0.104,
      "nochange_false_intervention_rate_std": 0.0,
      "official_preserve_rate_mean": 0.84,
      "official_preserve_rate_std": 0.0,
      "oracle_recovery_mean": 0.13437417441657018,
      "oracle_recovery_std": 0.0,
      "residual_low_false_intervention_rate_mean": 0.1513157894736842,
      "residual_low_false_intervention_rate_std": 0.0,
      "simulated_mean_psnr_gain_mean": 0.027364531001432567,
      "simulated_mean_psnr_gain_std": 0.0,
      "split_family": "official_strength_heldout",
      "split_group": "test_strong_official",
      "splits": 1,
      "strong_nochange_false_intervention_rate_mean": 0.104,
      "strong_nochange_false_intervention_rate_std": 0.0,
      "target_margin": 0.2
    },
    {
      "bootstrap_gain_p05_mean": 0.4922333374301952,
      "bootstrap_gain_p05_std": 0.06847836245426026,
      "confidence_corr_mean": 0.46121748170511445,
      "confidence_corr_std": 0.05723009706285522,
      "control": "real",
      "estimator_group": "depthanything",
      "feature_group": "C2",
      "feature_set": "C2_depthanything",
      "head": "hgb",
      "ignored_n_mean": 23.666666666666668,
      "ignored_n_std": 5.734883511361751,
      "intervention_precision_mean": 0.7447647990402201,
      "intervention_precision_std": 0.048787153965461766,
      "intervention_rate_mean": 0.6146666666666666,
      "intervention_rate_std": 0.027776888874666235,
      "intervention_recall_mean": 0.8494249364080536,
      "intervention_recall_std": 0.008680093839543511,
      "labeled_n_mean": 226.33333333333334,
      "labeled_n_std": 5.734883511361751,
      "low_residual_preserve_rate_mean": 0.38448895737031324,
      "low_residual_preserve_rate_std": 0.015318347137692626,
      "nochange_false_intervention_rate_mean": 0.356576974224033,
      "nochange_false_intervention_rate_std": 0.07526078212579766,
      "official_preserve_rate_mean": 0.6168978562421185,
      "official_preserve_rate_std": 0.035847097058465845,
      "oracle_recovery_mean": 0.8745783273934765,
      "oracle_recovery_std": 0.025707434695467445,
      "residual_low_false_intervention_rate_mean": 0.6155110426296867,
      "residual_low_false_intervention_rate_std": 0.015318347137692626,
      "simulated_mean_psnr_gain_mean": 0.6169928606632801,
      "simulated_mean_psnr_gain_std": 0.08026315777688389,
      "split_family": "random",
      "split_group": "random",
      "splits": 3,
      "strong_nochange_false_intervention_rate_mean": 0.2202051474497295,
      "strong_nochange_false_intervention_rate_std": 0.06404183758114645,
      "target_margin": 0.2
    },
    {
      "bootstrap_gain_p05_mean": 0.2213859117593718,
      "bootstrap_gain_p05_std": 0.0,
      "confidence_corr_mean": 0.4460602133617627,
      "confidence_corr_std": 0.0,
      "control": "real",
      "estimator_group": "depthanything",
      "feature_group": "C2",
      "feature_set": "C2_depthanything",
      "head": "hgb",
      "ignored_n_mean": 33.0,
      "ignored_n_std": 0.0,
      "intervention_precision_mean": 0.7619047619047619,
      "intervention_precision_std": 0.0,
      "intervention_rate_mean": 0.448,
      "intervention_rate_std": 0.0,
      "intervention_recall_mean": 0.6504065040650406,
      "intervention_recall_std": 0.0,
      "labeled_n_mean": 217.0,
      "labeled_n_std": 0.0,
      "low_residual_preserve_rate_mean": 0.552,
      "low_residual_preserve_rate_std": 0.0,
      "nochange_false_intervention_rate_mean": 0.26595744680851063,
      "nochange_false_intervention_rate_std": 0.0,
      "official_preserve_rate_mean": 0.7697368421052632,
      "official_preserve_rate_std": 0.0,
      "oracle_recovery_mean": 0.6552703633635175,
      "oracle_recovery_std": 0.0,
      "residual_low_false_intervention_rate_mean": 0.448,
      "residual_low_false_intervention_rate_std": 0.0,
      "simulated_mean_psnr_gain_mean": 0.2814928062152759,
      "simulated_mean_psnr_gain_std": 0.0,
      "split_family": "residual_low_energy_heldout",
      "split_group": "test_residual_low",
      "splits": 1,
      "strong_nochange_false_intervention_rate_mean": 0.16176470588235295,
      "strong_nochange_false_intervention_rate_std": 0.0,
      "target_margin": 0.2
    },
    {
      "bootstrap_gain_p05_mean": 0.12042971771690625,
      "bootstrap_gain_p05_std": 0.0,
      "confidence_corr_mean": 0.3471711249785371,
      "confidence_corr_std": 0.0,
      "control": "real",
      "estimator_group": "depthanything",
      "feature_group": "C2",
      "feature_set": "C2_depthanything",
      "head": "logistic",
      "ignored_n_mean": 42.0,
      "ignored_n_std": 0.0,
      "intervention_precision_mean": 0.5760869565217391,
      "intervention_precision_std": 0.0,
      "intervention_rate_mean": 0.432,
      "intervention_rate_std": 0.0,
      "intervention_recall_mean": 0.5638297872340425,
      "intervention_recall_std": 0.0,
      "labeled_n_mean": 208.0,
      "labeled_n_std": 0.0,
      "low_residual_preserve_rate_mean": 0.5679012345679013,
      "low_residual_preserve_rate_std": 0.0,
      "nochange_false_intervention_rate_mean": 0.34210526315789475,
      "nochange_false_intervention_rate_std": 0.0,
      "official_preserve_rate_mean": 0.6047619047619048,
      "official_preserve_rate_std": 0.0,
      "oracle_recovery_mean": 0.5752366412164336,
      "oracle_recovery_std": 0.0,
      "residual_low_false_intervention_rate_mean": 0.43209876543209874,
      "residual_low_false_intervention_rate_std": 0.0,
      "simulated_mean_psnr_gain_mean": 0.18086509123113273,
      "simulated_mean_psnr_gain_std": 0.0,
      "split_family": "cr_strength_heldout",
      "split_group": "test_strong_cr",
      "splits": 1,
      "strong_nochange_false_intervention_rate_mean": 0.3564356435643564,
      "strong_nochange_false_intervention_rate_std": 0.0,
      "target_margin": 0.2
    },
    {
      "bootstrap_gain_p05_mean": 0.025209990279070928,
      "bootstrap_gain_p05_std": 0.0,
      "confidence_corr_mean": 0.15657422550912914,
      "confidence_corr_std": 0.0,
      "control": "real",
      "estimator_group": "depthanything",
      "feature_group": "C2",
      "feature_set": "C2_depthanything",
      "head": "logistic",
      "ignored_n_mean": 40.0,
      "ignored_n_std": 0.0,
      "intervention_precision_mean": 0.5571428571428572,
      "intervention_precision_std": 0.0,
      "intervention_rate_mean": 0.34,
      "intervention_rate_std": 0.0,
      "intervention_recall_mean": 0.4588235294117647,
      "intervention_recall_std": 0.0,
      "labeled_n_mean": 210.0,
      "labeled_n_std": 0.0,
      "low_residual_preserve_rate_mean": 0.6447368421052632,
      "low_residual_preserve_rate_std": 0.0,
      "nochange_false_intervention_rate_mean": 0.248,
      "nochange_false_intervention_rate_std": 0.0,
      "official_preserve_rate_mean": 0.6599999999999999,
      "official_preserve_rate_std": 0.0,
      "oracle_recovery_mean": 0.28443357717281076,
      "oracle_recovery_std": 0.0,
      "residual_low_false_intervention_rate_mean": 0.35526315789473684,
      "residual_low_false_intervention_rate_std": 0.0,
      "simulated_mean_psnr_gain_mean": 0.05792326891821219,
      "simulated_mean_psnr_gain_std": 0.0,
      "split_family": "official_strength_heldout",
      "split_group": "test_strong_official",
      "splits": 1,
      "strong_nochange_false_intervention_rate_mean": 0.248,
      "strong_nochange_false_intervention_rate_std": 0.0,
      "target_margin": 0.2
    },
    {
      "bootstrap_gain_p05_mean": 0.48605369977571766,
      "bootstrap_gain_p05_std": 0.06285494013325003,
      "confidence_corr_mean": 0.4345830019783705,
      "confidence_corr_std": 0.01850755676437198,
      "control": "real",
      "estimator_group": "depthanything",
      "feature_group": "C2",
      "feature_set": "C2_depthanything",
      "head": "logistic",
      "ignored_n_mean": 23.666666666666668,
      "ignored_n_std": 5.734883511361751,
      "intervention_precision_mean": 0.7566929853855573,
      "intervention_precision_std": 0.05916661985916904,
      "intervention_rate_mean": 0.612,
      "intervention_rate_std": 0.019866219234335136,
      "intervention_recall_mean": 0.8444498120299442,
      "intervention_recall_std": 0.0061191978168558085,
      "labeled_n_mean": 226.33333333333334,
      "labeled_n_std": 5.734883511361751,
      "low_residual_preserve_rate_mean": 0.3855932203389831,
      "low_residual_preserve_rate_std": 0.037173109120813314,
      "nochange_false_intervention_rate_mean": 0.3327221797810033,
      "nochange_false_intervention_rate_std": 0.08740804551901579,
      "official_preserve_rate_mean": 0.5396385035729298,
      "official_preserve_rate_std": 0.01402767735187458,
      "oracle_recovery_mean": 0.8661016168160621,
      "oracle_recovery_std": 0.014362950199018365,
      "residual_low_false_intervention_rate_mean": 0.614406779661017,
      "residual_low_false_intervention_rate_std": 0.03717310912081332,
      "simulated_mean_psnr_gain_mean": 0.610100790858866,
      "simulated_mean_psnr_gain_std": 0.07182195181650496,
      "split_family": "random",
      "split_group": "random",
      "splits": 3,
      "strong_nochange_false_intervention_rate_mean": 0.25204052913031244,
      "strong_nochange_false_intervention_rate_std": 0.08287778460190977,
      "target_margin": 0.2
    },
    {
      "bootstrap_gain_p05_mean": 0.20651112283715517,
      "bootstrap_gain_p05_std": 0.0,
      "confidence_corr_mean": 0.23253008465323358,
      "confidence_corr_std": 0.0,
      "control": "real",
      "estimator_group": "depthanything",
      "feature_group": "C2",
      "feature_set": "C2_depthanything",
      "head": "logistic",
      "ignored_n_mean": 33.0,
      "ignored_n_std": 0.0,
      "intervention_precision_mean": 0.680672268907563,
      "intervention_precision_std": 0.0,
      "intervention_rate_mean": 0.544,
      "intervention_rate_std": 0.0,
      "intervention_recall_mean": 0.6585365853658537,
      "intervention_recall_std": 0.0,
      "labeled_n_mean": 217.0,
      "labeled_n_std": 0.0,
      "low_residual_preserve_rate_mean": 0.45599999999999996,
      "low_residual_preserve_rate_std": 0.0,
      "nochange_false_intervention_rate_mean": 0.40425531914893614,
      "nochange_false_intervention_rate_std": 0.0,
      "official_preserve_rate_mean": 0.5263157894736843,
      "official_preserve_rate_std": 0.0,
      "oracle_recovery_mean": 0.6237088740878924,
      "oracle_recovery_std": 0.0,
      "residual_low_false_intervention_rate_mean": 0.544,
      "residual_low_false_intervention_rate_std": 0.0,
      "simulated_mean_psnr_gain_mean": 0.26793453671118056,
      "simulated_mean_psnr_gain_std": 0.0,
      "split_family": "residual_low_energy_heldout",
      "split_group": "test_residual_low",
      "splits": 1,
      "strong_nochange_false_intervention_rate_mean": 0.38235294117647056,
      "strong_nochange_false_intervention_rate_std": 0.0,
      "target_margin": 0.2
    },
    {
      "bootstrap_gain_p05_mean": 0.0,
      "bootstrap_gain_p05_std": 0.0,
      "confidence_corr_mean": 0.3532394676764274,
      "confidence_corr_std": 0.0,
      "control": "real",
      "estimator_group": "depthanything",
      "feature_group": "C2",
      "feature_set": "C2_depthanything_shuffled_depth",
      "head": "decision_tree",
      "ignored_n_mean": 42.0,
      "ignored_n_std": 0.0,
      "intervention_precision_mean": 1.0,
      "intervention_precision_std": 0.0,
      "intervention_rate_mean": 0.008,
      "intervention_rate_std": 0.0,
      "intervention_recall_mean": 0.02127659574468085,
      "intervention_recall_std": 0.0,
      "labeled_n_mean": 208.0,
      "labeled_n_std": 0.0,
      "low_residual_preserve_rate_mean": 0.9938271604938271,
      "low_residual_preserve_rate_std": 0.0,
      "nochange_false_intervention_rate_mean": 0.0,
      "nochange_false_intervention_rate_std": 0.0,
      "official_preserve_rate_mean": 1.0,
      "official_preserve_rate_std": 0.0,
      "oracle_recovery_mean": 0.0577437364286344,
      "oracle_recovery_std": 0.0,
      "residual_low_false_intervention_rate_mean": 0.006172839506172839,
      "residual_low_false_intervention_rate_std": 0.0,
      "simulated_mean_psnr_gain_mean": 0.018155703946650958,
      "simulated_mean_psnr_gain_std": 0.0,
      "split_family": "cr_strength_heldout",
      "split_group": "test_strong_cr",
      "splits": 1,
      "strong_nochange_false_intervention_rate_mean": 0.0,
      "strong_nochange_false_intervention_rate_std": 0.0,
      "target_margin": 0.2
    },
    {
      "bootstrap_gain_p05_mean": 0.0,
      "bootstrap_gain_p05_std": 0.0,
      "confidence_corr_mean": -0.1471306768495666,
      "confidence_corr_std": 0.0,
      "control": "real",
      "estimator_group": "depthanything",
      "feature_group": "C2",
      "feature_set": "C2_depthanything_shuffled_depth",
      "head": "decision_tree",
      "ignored_n_mean": 40.0,
      "ignored_n_std": 0.0,
      "intervention_precision_mean": 0.0,
      "intervention_precision_std": 0.0,
      "intervention_rate_mean": 0.0,
      "intervention_rate_std": 0.0,
      "intervention_recall_mean": 0.0,
      "intervention_recall_std": 0.0,
      "labeled_n_mean": 210.0,
      "labeled_n_std": 0.0,
      "low_residual_preserve_rate_mean": 1.0,
      "low_residual_preserve_rate_std": 0.0,
      "nochange_false_intervention_rate_mean": 0.0,
      "nochange_false_intervention_rate_std": 0.0,
      "official_preserve_rate_mean": 1.0,
      "official_preserve_rate_std": 0.0,
      "oracle_recovery_mean": 0.0,
      "oracle_recovery_std": 0.0,
      "residual_low_false_intervention_rate_mean": 0.0,
      "residual_low_false_intervention_rate_std": 0.0,
      "simulated_mean_psnr_gain_mean": 0.0,
      "simulated_mean_psnr_gain_std": 0.0,
      "split_family": "official_strength_heldout",
      "split_group": "test_strong_official",
      "splits": 1,
      "strong_nochange_false_intervention_rate_mean": 0.0,
      "strong_nochange_false_intervention_rate_std": 0.0,
      "target_margin": 0.2
    },
    {
      "bootstrap_gain_p05_mean": 0.053927424004630374,
      "bootstrap_gain_p05_std": 0.0786311782119023,
      "confidence_corr_mean": 0.27753209118194905,
      "confidence_corr_std": 0.10941200295390596,
      "control": "real",
      "estimator_group": "depthanything",
      "feature_group": "C2",
      "feature_set": "C2_depthanything_shuffled_depth",
      "head": "decision_tree",
      "ignored_n_mean": 23.666666666666668,
      "ignored_n_std": 5.734883511361751,
      "intervention_precision_mean": 0.6552631578947369,
      "intervention_precision_std": 0.1824856588807394,
      "intervention_rate_mean": 0.07333333333333333,
      "intervention_rate_std": 0.0613043409737208,
      "intervention_recall_mean": 0.09920587618165304,
      "intervention_recall_std": 0.09434901045468194,
      "labeled_n_mean": 226.33333333333334,
      "labeled_n_std": 5.734883511361751,
      "low_residual_preserve_rate_mean": 0.9414483821263482,
      "low_residual_preserve_rate_std": 0.041478634020688174,
      "nochange_false_intervention_rate_mean": 0.039722151486857364,
      "nochange_false_intervention_rate_std": 0.022314461575680525,
      "official_preserve_rate_mean": 0.9573560319461959,
      "official_preserve_rate_std": 0.037839439070985366,
      "oracle_recovery_mean": 0.1244757731019396,
      "oracle_recovery_std": 0.14691270503847373,
      "residual_low_false_intervention_rate_mean": 0.05855161787365177,
      "residual_low_false_intervention_rate_std": 0.04147863402068817,
      "simulated_mean_psnr_gain_mean": 0.09517791415524389,
      "simulated_mean_psnr_gain_std": 0.1130992095105361,
      "split_family": "random",
      "split_group": "random",
      "splits": 3,
      "strong_nochange_false_intervention_rate_mean": 0.05499265096788317,
      "strong_nochange_false_intervention_rate_std": 0.03554847852912318,
      "target_margin": 0.2
    },
    {
      "bootstrap_gain_p05_mean": 0.0664852551690655,
      "bootstrap_gain_p05_std": 0.0,
      "confidence_corr_mean": 0.22512316696220455,
      "confidence_corr_std": 0.0,
      "control": "real",
      "estimator_group": "depthanything",
      "feature_group": "C2",
      "feature_set": "C2_depthanything_shuffled_depth",
      "head": "decision_tree",
      "ignored_n_mean": 33.0,
      "ignored_n_std": 0.0,
      "intervention_precision_mean": 0.75,
      "intervention_precision_std": 0.0,
      "intervention_rate_mean": 0.132,
      "intervention_rate_std": 0.0,
      "intervention_recall_mean": 0.1951219512195122,
      "intervention_recall_std": 0.0,
      "labeled_n_mean": 217.0,
      "labeled_n_std": 0.0,
      "low_residual_preserve_rate_mean": 0.868,
      "low_residual_preserve_rate_std": 0.0,
      "nochange_false_intervention_rate_mean": 0.0851063829787234,
      "nochange_false_intervention_rate_std": 0.0,
      "official_preserve_rate_mean": 0.993421052631579,
      "official_preserve_rate_std": 0.0,
      "oracle_recovery_mean": 0.23742524698461015,
      "oracle_recovery_std": 0.0,
      "residual_low_false_intervention_rate_mean": 0.132,
      "residual_low_false_intervention_rate_std": 0.0,
      "simulated_mean_psnr_gain_mean": 0.10199377657947939,
      "simulated_mean_psnr_gain_std": 0.0,
      "split_family": "residual_low_energy_heldout",
      "split_group": "test_residual_low",
      "splits": 1,
      "strong_nochange_false_intervention_rate_mean": 0.014705882352941176,
      "strong_nochange_false_intervention_rate_std": 0.0,
      "target_margin": 0.2
    },
    {
      "bootstrap_gain_p05_mean": 0.07699280382167396,
      "bootstrap_gain_p05_std": 0.0,
      "confidence_corr_mean": 0.458978828643829,
      "confidence_corr_std": 0.0,
      "control": "real",
      "estimator_group": "depthanything",
      "feature_group": "C2",
      "feature_set": "C2_depthanything_shuffled_depth",
      "head": "hgb",
      "ignored_n_mean": 42.0,
      "ignored_n_std": 0.0,
      "intervention_precision_mean": 0.7714285714285715,
      "intervention_precision_std": 0.0,
      "intervention_rate_mean": 0.172,
      "intervention_rate_std": 0.0,
      "intervention_recall_mean": 0.2872340425531915,
      "intervention_recall_std": 0.0,
      "labeled_n_mean": 208.0,
      "labeled_n_std": 0.0,
      "low_residual_preserve_rate_mean": 0.8765432098765432,
      "low_residual_preserve_rate_std": 0.0,
      "nochange_false_intervention_rate_mean": 0.07017543859649122,
      "nochange_false_intervention_rate_std": 0.0,
      "official_preserve_rate_mean": 0.8714285714285714,
      "official_preserve_rate_std": 0.0,
      "oracle_recovery_mean": 0.4241223131445218,
      "oracle_recovery_std": 0.0,
      "residual_low_false_intervention_rate_mean": 0.12345679012345678,
      "residual_low_false_intervention_rate_std": 0.0,
      "simulated_mean_psnr_gain_mean": 0.13335193790477118,
      "simulated_mean_psnr_gain_std": 0.0,
      "split_family": "cr_strength_heldout",
      "split_group": "test_strong_cr",
      "splits": 1,
      "strong_nochange_false_intervention_rate_mean": 0.0594059405940594,
      "strong_nochange_false_intervention_rate_std": 0.0,
      "target_margin": 0.2
    },
    {
      "bootstrap_gain_p05_mean": 0.008166279390883486,
      "bootstrap_gain_p05_std": 0.0,
      "confidence_corr_mean": 0.19021517160829765,
      "confidence_corr_std": 0.0,
      "control": "real",
      "estimator_group": "depthanything",
      "feature_group": "C2",
      "feature_set": "C2_depthanything_shuffled_depth",
      "head": "hgb",
      "ignored_n_mean": 40.0,
      "ignored_n_std": 0.0,
      "intervention_precision_mean": 0.5588235294117647,
      "intervention_precision_std": 0.0,
      "intervention_rate_mean": 0.164,
      "intervention_rate_std": 0.0,
      "intervention_recall_mean": 0.2235294117647059,
      "intervention_recall_std": 0.0,
      "labeled_n_mean": 210.0,
      "labeled_n_std": 0.0,
      "low_residual_preserve_rate_mean": 0.8355263157894737,
      "low_residual_preserve_rate_std": 0.0,
      "nochange_false_intervention_rate_mean": 0.12,
      "nochange_false_intervention_rate_std": 0.0,
      "official_preserve_rate_mean": 0.836,
      "official_preserve_rate_std": 0.0,
      "oracle_recovery_mean": 0.11904478076713428,
      "oracle_recovery_std": 0.0,
      "residual_low_false_intervention_rate_mean": 0.16447368421052633,
      "residual_low_false_intervention_rate_std": 0.0,
      "simulated_mean_psnr_gain_mean": 0.024242787782733956,
      "simulated_mean_psnr_gain_std": 0.0,
      "split_family": "official_strength_heldout",
      "split_group": "test_strong_official",
      "splits": 1,
      "strong_nochange_false_intervention_rate_mean": 0.12,
      "strong_nochange_false_intervention_rate_std": 0.0,
      "target_margin": 0.2
    },
    {
      "bootstrap_gain_p05_mean": 0.4943623511749005,
      "bootstrap_gain_p05_std": 0.06906953404457347,
      "confidence_corr_mean": 0.46704242836528786,
      "confidence_corr_std": 0.061898888495712026,
      "control": "real",
      "estimator_group": "depthanything",
      "feature_group": "C2",
      "feature_set": "C2_depthanything_shuffled_depth",
      "head": "hgb",
      "ignored_n_mean": 23.666666666666668,
      "ignored_n_std": 5.734883511361751,
      "intervention_precision_mean": 0.7451683240749043,
      "intervention_precision_std": 0.040473372293457155,
      "intervention_rate_mean": 0.6133333333333333,
      "intervention_rate_std": 0.033519480239937456,
      "intervention_recall_mean": 0.8460865770628434,
      "intervention_recall_std": 0.019338316926759847,
      "labeled_n_mean": 226.33333333333334,
      "labeled_n_std": 5.734883511361751,
      "low_residual_preserve_rate_mean": 0.38439479541174454,
      "low_residual_preserve_rate_std": 0.023129673961648386,
      "nochange_false_intervention_rate_mean": 0.35350705938941235,
      "nochange_false_intervention_rate_std": 0.05988977164933517,
      "official_preserve_rate_mean": 0.6262084909625892,
      "official_preserve_rate_std": 0.046803120084537866,
      "oracle_recovery_mean": 0.8787440825402099,
      "oracle_recovery_std": 0.029864856776852893,
      "residual_low_false_intervention_rate_mean": 0.6156052045882555,
      "residual_low_false_intervention_rate_std": 0.02312967396164839,
      "simulated_mean_psnr_gain_mean": 0.6203463050755191,
      "simulated_mean_psnr_gain_std": 0.08430735022788896,
      "split_family": "random",
      "split_group": "random",
      "splits": 3,
      "strong_nochange_false_intervention_rate_mean": 0.2202051474497295,
      "strong_nochange_false_intervention_rate_std": 0.06404183758114645,
      "target_margin": 0.2
    },
    {
      "bootstrap_gain_p05_mean": 0.21817544850294315,
      "bootstrap_gain_p05_std": 0.0,
      "confidence_corr_mean": 0.4205076769872386,
      "confidence_corr_std": 0.0,
      "control": "real",
      "estimator_group": "depthanything",
      "feature_group": "C2",
      "feature_set": "C2_depthanything_shuffled_depth",
      "head": "hgb",
      "ignored_n_mean": 33.0,
      "ignored_n_std": 0.0,
      "intervention_precision_mean": 0.75,
      "intervention_precision_std": 0.0,
      "intervention_rate_mean": 0.456,
      "intervention_rate_std": 0.0,
      "intervention_recall_mean": 0.6585365853658537,
      "intervention_recall_std": 0.0,
      "labeled_n_mean": 217.0,
      "labeled_n_std": 0.0,
      "low_residual_preserve_rate_mean": 0.544,
      "low_residual_preserve_rate_std": 0.0,
      "nochange_false_intervention_rate_mean": 0.2872340425531915,
      "nochange_false_intervention_rate_std": 0.0,
      "official_preserve_rate_mean": 0.7697368421052632,
      "official_preserve_rate_std": 0.0,
      "oracle_recovery_mean": 0.6496668104277036,
      "oracle_recovery_std": 0.0,
      "residual_low_false_intervention_rate_mean": 0.456,
      "residual_low_false_intervention_rate_std": 0.0,
      "simulated_mean_psnr_gain_mean": 0.27908561686433153,
      "simulated_mean_psnr_gain_std": 0.0,
      "split_family": "residual_low_energy_heldout",
      "split_group": "test_residual_low",
      "splits": 1,
      "strong_nochange_false_intervention_rate_mean": 0.14705882352941177,
      "strong_nochange_false_intervention_rate_std": 0.0,
      "target_margin": 0.2
    },
    {
      "bootstrap_gain_p05_mean": 0.11297790151857513,
      "bootstrap_gain_p05_std": 0.0,
      "confidence_corr_mean": 0.3465554765716216,
      "confidence_corr_std": 0.0,
      "control": "real",
      "estimator_group": "depthanything",
      "feature_group": "C2",
      "feature_set": "C2_depthanything_shuffled_depth",
      "head": "logistic",
      "ignored_n_mean": 42.0,
      "ignored_n_std": 0.0,
      "intervention_precision_mean": 0.5617977528089888,
      "intervention_precision_std": 0.0,
      "intervention_rate_mean": 0.428,
      "intervention_rate_std": 0.0,
      "intervention_recall_mean": 0.5319148936170213,
      "intervention_recall_std": 0.0,
      "labeled_n_mean": 208.0,
      "labeled_n_std": 0.0,
      "low_residual_preserve_rate_mean": 0.5617283950617284,
      "low_residual_preserve_rate_std": 0.0,
      "nochange_false_intervention_rate_mean": 0.34210526315789475,
      "nochange_false_intervention_rate_std": 0.0,
      "official_preserve_rate_mean": 0.6047619047619048,
      "official_preserve_rate_std": 0.0,
      "oracle_recovery_mean": 0.5576919506370471,
      "oracle_recovery_std": 0.0,
      "residual_low_false_intervention_rate_mean": 0.4382716049382716,
      "residual_low_false_intervention_rate_std": 0.0,
      "simulated_mean_psnr_gain_mean": 0.17534871443087813,
      "simulated_mean_psnr_gain_std": 0.0,
      "split_family": "cr_strength_heldout",
      "split_group": "test_strong_cr",
      "splits": 1,
      "strong_nochange_false_intervention_rate_mean": 0.3564356435643564,
      "strong_nochange_false_intervention_rate_std": 0.0,
      "target_margin": 0.2
    },
    {
      "bootstrap_gain_p05_mean": 0.025834969620823045,
      "bootstrap_gain_p05_std": 0.0,
      "confidence_corr_mean": 0.1373050277185982,
      "confidence_corr_std": 0.0,
      "control": "real",
      "estimator_group": "depthanything",
      "feature_group": "C2",
      "feature_set": "C2_depthanything_shuffled_depth",
      "head": "logistic",
      "ignored_n_mean": 40.0,
      "ignored_n_std": 0.0,
      "intervention_precision_mean": 0.5454545454545454,
      "intervention_precision_std": 0.0,
      "intervention_rate_mean": 0.324,
      "intervention_rate_std": 0.0,
      "intervention_recall_mean": 0.4235294117647059,
      "intervention_recall_std": 0.0,
      "labeled_n_mean": 210.0,
      "labeled_n_std": 0.0,
      "low_residual_preserve_rate_mean": 0.6710526315789473,
      "low_residual_preserve_rate_std": 0.0,
      "nochange_false_intervention_rate_mean": 0.24,
      "nochange_false_intervention_rate_std": 0.0,
      "official_preserve_rate_mean": 0.6759999999999999,
      "official_preserve_rate_std": 0.0,
      "oracle_recovery_mean": 0.2763615644156085,
      "oracle_recovery_std": 0.0,
      "residual_low_false_intervention_rate_mean": 0.32894736842105265,
      "residual_low_false_intervention_rate_std": 0.0,
      "simulated_mean_psnr_gain_mean": 0.05627944975208541,
      "simulated_mean_psnr_gain_std": 0.0,
      "split_family": "official_strength_heldout",
      "split_group": "test_strong_official",
      "splits": 1,
      "strong_nochange_false_intervention_rate_mean": 0.24,
      "strong_nochange_false_intervention_rate_std": 0.0,
      "target_margin": 0.2
    },
    {
      "bootstrap_gain_p05_mean": 0.4833132771362603,
      "bootstrap_gain_p05_std": 0.06131852542963535,
      "confidence_corr_mean": 0.4366023130092338,
      "confidence_corr_std": 0.019105826838575816,
      "control": "real",
      "estimator_group": "depthanything",
      "feature_group": "C2",
      "feature_set": "C2_depthanything_shuffled_depth",
      "head": "logistic",
      "ignored_n_mean": 23.666666666666668,
      "ignored_n_std": 5.734883511361751,
      "intervention_precision_mean": 0.7436832003189345,
      "intervention_precision_std": 0.05431151763281935,
      "intervention_rate_mean": 0.6213333333333333,
      "intervention_rate_std": 0.021746008573733475,
      "intervention_recall_mean": 0.8420790122527338,
      "intervention_recall_std": 0.004492030730256779,
      "labeled_n_mean": 226.33333333333334,
      "labeled_n_std": 5.734883511361751,
      "low_residual_preserve_rate_mean": 0.38003766478342754,
      "low_residual_preserve_rate_std": 0.033140729050785585,
      "nochange_false_intervention_rate_mean": 0.3557083439436381,
      "nochange_false_intervention_rate_std": 0.08386652558850495,
      "official_preserve_rate_mean": 0.523308112652375,
      "official_preserve_rate_std": 0.03964277142412191,
      "oracle_recovery_mean": 0.8635266647771574,
      "oracle_recovery_std": 0.011763992768751548,
      "residual_low_false_intervention_rate_mean": 0.6199623352165725,
      "residual_low_false_intervention_rate_std": 0.033140729050785585,
      "simulated_mean_psnr_gain_mean": 0.6079596491961816,
      "simulated_mean_psnr_gain_std": 0.06877880664704321,
      "split_family": "random",
      "split_group": "random",
      "splits": 3,
      "strong_nochange_false_intervention_rate_mean": 0.28145229383619474,
      "strong_nochange_false_intervention_rate_std": 0.07670491608817437,
      "target_margin": 0.2
    },
    {
      "bootstrap_gain_p05_mean": 0.2087377892647009,
      "bootstrap_gain_p05_std": 0.0,
      "confidence_corr_mean": 0.22623645183882476,
      "confidence_corr_std": 0.0,
      "control": "real",
      "estimator_group": "depthanything",
      "feature_group": "C2",
      "feature_set": "C2_depthanything_shuffled_depth",
      "head": "logistic",
      "ignored_n_mean": 33.0,
      "ignored_n_std": 0.0,
      "intervention_precision_mean": 0.6859504132231405,
      "intervention_precision_std": 0.0,
      "intervention_rate_mean": 0.552,
      "intervention_rate_std": 0.0,
      "intervention_recall_mean": 0.6747967479674797,
      "intervention_recall_std": 0.0,
      "labeled_n_mean": 217.0,
      "labeled_n_std": 0.0,
      "low_residual_preserve_rate_mean": 0.44799999999999995,
      "low_residual_preserve_rate_std": 0.0,
      "nochange_false_intervention_rate_mean": 0.40425531914893614,
      "nochange_false_intervention_rate_std": 0.0,
      "official_preserve_rate_mean": 0.5263157894736843,
      "official_preserve_rate_std": 0.0,
      "oracle_recovery_mean": 0.633071803687657,
      "oracle_recovery_std": 0.0,
      "residual_low_false_intervention_rate_mean": 0.552,
      "residual_low_false_intervention_rate_std": 0.0,
      "simulated_mean_psnr_gain_mean": 0.27195668920699195,
      "simulated_mean_psnr_gain_std": 0.0,
      "split_family": "residual_low_energy_heldout",
      "split_group": "test_residual_low",
      "splits": 1,
      "strong_nochange_false_intervention_rate_mean": 0.38235294117647056,
      "strong_nochange_false_intervention_rate_std": 0.0,
      "target_margin": 0.2
    },
    {
      "bootstrap_gain_p05_mean": 0.0,
      "bootstrap_gain_p05_std": 0.0,
      "confidence_corr_mean": 0.3532394676764274,
      "confidence_corr_std": 0.0,
      "control": "real",
      "estimator_group": "midas",
      "feature_group": "C2",
      "feature_set": "C2_midas",
      "head": "decision_tree",
      "ignored_n_mean": 42.0,
      "ignored_n_std": 0.0,
      "intervention_precision_mean": 1.0,
      "intervention_precision_std": 0.0,
      "intervention_rate_mean": 0.008,
      "intervention_rate_std": 0.0,
      "intervention_recall_mean": 0.02127659574468085,
      "intervention_recall_std": 0.0,
      "labeled_n_mean": 208.0,
      "labeled_n_std": 0.0,
      "low_residual_preserve_rate_mean": 0.9938271604938271,
      "low_residual_preserve_rate_std": 0.0,
      "nochange_false_intervention_rate_mean": 0.0,
      "nochange_false_intervention_rate_std": 0.0,
      "official_preserve_rate_mean": 1.0,
      "official_preserve_rate_std": 0.0,
      "oracle_recovery_mean": 0.0577437364286344,
      "oracle_recovery_std": 0.0,
      "residual_low_false_intervention_rate_mean": 0.006172839506172839,
      "residual_low_false_intervention_rate_std": 0.0,
      "simulated_mean_psnr_gain_mean": 0.018155703946650958,
      "simulated_mean_psnr_gain_std": 0.0,
      "split_family": "cr_strength_heldout",
      "split_group": "test_strong_cr",
      "splits": 1,
      "strong_nochange_false_intervention_rate_mean": 0.0,
      "strong_nochange_false_intervention_rate_std": 0.0,
      "target_margin": 0.2
    },
    {
      "bootstrap_gain_p05_mean": 0.0,
      "bootstrap_gain_p05_std": 0.0,
      "confidence_corr_mean": -0.1471306768495666,
      "confidence_corr_std": 0.0,
      "control": "real",
      "estimator_group": "midas",
      "feature_group": "C2",
      "feature_set": "C2_midas",
      "head": "decision_tree",
      "ignored_n_mean": 40.0,
      "ignored_n_std": 0.0,
      "intervention_precision_mean": 0.0,
      "intervention_precision_std": 0.0,
      "intervention_rate_mean": 0.0,
      "intervention_rate_std": 0.0,
      "intervention_recall_mean": 0.0,
      "intervention_recall_std": 0.0,
      "labeled_n_mean": 210.0,
      "labeled_n_std": 0.0,
      "low_residual_preserve_rate_mean": 1.0,
      "low_residual_preserve_rate_std": 0.0,
      "nochange_false_intervention_rate_mean": 0.0,
      "nochange_false_intervention_rate_std": 0.0,
      "official_preserve_rate_mean": 1.0,
      "official_preserve_rate_std": 0.0,
      "oracle_recovery_mean": 0.0,
      "oracle_recovery_std": 0.0,
      "residual_low_false_intervention_rate_mean": 0.0,
      "residual_low_false_intervention_rate_std": 0.0,
      "simulated_mean_psnr_gain_mean": 0.0,
      "simulated_mean_psnr_gain_std": 0.0,
      "split_family": "official_strength_heldout",
      "split_group": "test_strong_official",
      "splits": 1,
      "strong_nochange_false_intervention_rate_mean": 0.0,
      "strong_nochange_false_intervention_rate_std": 0.0,
      "target_margin": 0.2
    },
    {
      "bootstrap_gain_p05_mean": 0.053927424004630374,
      "bootstrap_gain_p05_std": 0.0786311782119023,
      "confidence_corr_mean": 0.28037189241843496,
      "confidence_corr_std": 0.10539616558761424,
      "control": "real",
      "estimator_group": "midas",
      "feature_group": "C2",
      "feature_set": "C2_midas",
      "head": "decision_tree",
      "ignored_n_mean": 23.666666666666668,
      "ignored_n_std": 5.734883511361751,
      "intervention_precision_mean": 0.6552631578947369,
      "intervention_precision_std": 0.1824856588807394,
      "intervention_rate_mean": 0.07333333333333333,
      "intervention_rate_std": 0.0613043409737208,
      "intervention_recall_mean": 0.09920587618165304,
      "intervention_recall_std": 0.09434901045468194,
      "labeled_n_mean": 226.33333333333334,
      "labeled_n_std": 5.734883511361751,
      "low_residual_preserve_rate_mean": 0.9414483821263482,
      "low_residual_preserve_rate_std": 0.041478634020688174,
      "nochange_false_intervention_rate_mean": 0.039722151486857364,
      "nochange_false_intervention_rate_std": 0.022314461575680525,
      "official_preserve_rate_mean": 0.9573560319461959,
      "official_preserve_rate_std": 0.037839439070985366,
      "oracle_recovery_mean": 0.1244757731019396,
      "oracle_recovery_std": 0.14691270503847373,
      "residual_low_false_intervention_rate_mean": 0.05855161787365177,
      "residual_low_false_intervention_rate_std": 0.04147863402068817,
      "simulated_mean_psnr_gain_mean": 0.09517791415524389,
      "simulated_mean_psnr_gain_std": 0.1130992095105361,
      "split_family": "random",
      "split_group": "random",
      "splits": 3,
      "strong_nochange_false_intervention_rate_mean": 0.05499265096788317,
      "strong_nochange_false_intervention_rate_std": 0.03554847852912318,
      "target_margin": 0.2
    },
    {
      "bootstrap_gain_p05_mean": 0.0664852551690655,
      "bootstrap_gain_p05_std": 0.0,
      "confidence_corr_mean": 0.22512316696220455,
      "confidence_corr_std": 0.0,
      "control": "real",
      "estimator_group": "midas",
      "feature_group": "C2",
      "feature_set": "C2_midas",
      "head": "decision_tree",
      "ignored_n_mean": 33.0,
      "ignored_n_std": 0.0,
      "intervention_precision_mean": 0.75,
      "intervention_precision_std": 0.0,
      "intervention_rate_mean": 0.132,
      "intervention_rate_std": 0.0,
      "intervention_recall_mean": 0.1951219512195122,
      "intervention_recall_std": 0.0,
      "labeled_n_mean": 217.0,
      "labeled_n_std": 0.0,
      "low_residual_preserve_rate_mean": 0.868,
      "low_residual_preserve_rate_std": 0.0,
      "nochange_false_intervention_rate_mean": 0.0851063829787234,
      "nochange_false_intervention_rate_std": 0.0,
      "official_preserve_rate_mean": 0.993421052631579,
      "official_preserve_rate_std": 0.0,
      "oracle_recovery_mean": 0.23742524698461015,
      "oracle_recovery_std": 0.0,
      "residual_low_false_intervention_rate_mean": 0.132,
      "residual_low_false_intervention_rate_std": 0.0,
      "simulated_mean_psnr_gain_mean": 0.10199377657947939,
      "simulated_mean_psnr_gain_std": 0.0,
      "split_family": "residual_low_energy_heldout",
      "split_group": "test_residual_low",
      "splits": 1,
      "strong_nochange_false_intervention_rate_mean": 0.014705882352941176,
      "strong_nochange_false_intervention_rate_std": 0.0,
      "target_margin": 0.2
    },
    {
      "bootstrap_gain_p05_mean": 0.0905892610860672,
      "bootstrap_gain_p05_std": 0.0,
      "confidence_corr_mean": 0.4521876961122789,
      "confidence_corr_std": 0.0,
      "control": "real",
      "estimator_group": "midas",
      "feature_group": "C2",
      "feature_set": "C2_midas",
      "head": "hgb",
      "ignored_n_mean": 42.0,
      "ignored_n_std": 0.0,
      "intervention_precision_mean": 0.7291666666666666,
      "intervention_precision_std": 0.0,
      "intervention_rate_mean": 0.232,
      "intervention_rate_std": 0.0,
      "intervention_recall_mean": 0.3723404255319149,
      "intervention_recall_std": 0.0,
      "labeled_n_mean": 208.0,
      "labeled_n_std": 0.0,
      "low_residual_preserve_rate_mean": 0.8395061728395061,
      "low_residual_preserve_rate_std": 0.0,
      "nochange_false_intervention_rate_mean": 0.11403508771929824,
      "nochange_false_intervention_rate_std": 0.0,
      "official_preserve_rate_mean": 0.8095238095238095,
      "official_preserve_rate_std": 0.0,
      "oracle_recovery_mean": 0.47358151127446807,
      "oracle_recovery_std": 0.0,
      "residual_low_false_intervention_rate_mean": 0.16049382716049382,
      "residual_low_false_intervention_rate_std": 0.0,
      "simulated_mean_psnr_gain_mean": 0.14890282903554958,
      "simulated_mean_psnr_gain_std": 0.0,
      "split_family": "cr_strength_heldout",
      "split_group": "test_strong_cr",
      "splits": 1,
      "strong_nochange_false_intervention_rate_mean": 0.10891089108910891,
      "strong_nochange_false_intervention_rate_std": 0.0,
      "target_margin": 0.2
    },
    {
      "bootstrap_gain_p05_mean": 0.012607505213237525,
      "bootstrap_gain_p05_std": 0.0,
      "confidence_corr_mean": 0.20930878686009827,
      "confidence_corr_std": 0.0,
      "control": "real",
      "estimator_group": "midas",
      "feature_group": "C2",
      "feature_set": "C2_midas",
      "head": "hgb",
      "ignored_n_mean": 40.0,
      "ignored_n_std": 0.0,
      "intervention_precision_mean": 0.6,
      "intervention_precision_std": 0.0,
      "intervention_rate_mean": 0.16,
      "intervention_rate_std": 0.0,
      "intervention_recall_mean": 0.24705882352941178,
      "intervention_recall_std": 0.0,
      "labeled_n_mean": 210.0,
      "labeled_n_std": 0.0,
      "low_residual_preserve_rate_mean": 0.8486842105263158,
      "low_residual_preserve_rate_std": 0.0,
      "nochange_false_intervention_rate_mean": 0.112,
      "nochange_false_intervention_rate_std": 0.0,
      "official_preserve_rate_mean": 0.84,
      "official_preserve_rate_std": 0.0,
      "oracle_recovery_mean": 0.1493886504762709,
      "oracle_recovery_std": 0.0,
      "residual_low_false_intervention_rate_mean": 0.1513157894736842,
      "residual_low_false_intervention_rate_std": 0.0,
      "simulated_mean_psnr_gain_mean": 0.030422143056649645,
      "simulated_mean_psnr_gain_std": 0.0,
      "split_family": "official_strength_heldout",
      "split_group": "test_strong_official",
      "splits": 1,
      "strong_nochange_false_intervention_rate_mean": 0.112,
      "strong_nochange_false_intervention_rate_std": 0.0,
      "target_margin": 0.2
    },
    {
      "bootstrap_gain_p05_mean": 0.49371792865416825,
      "bootstrap_gain_p05_std": 0.06748535737829676,
      "confidence_corr_mean": 0.4688302380667085,
      "confidence_corr_std": 0.06305522410912108,
      "control": "real",
      "estimator_group": "midas",
      "feature_group": "C2",
      "feature_set": "C2_midas",
      "head": "hgb",
      "ignored_n_mean": 23.666666666666668,
      "ignored_n_std": 5.734883511361751,
      "intervention_precision_mean": 0.7506426455802832,
      "intervention_precision_std": 0.044468505695230205,
      "intervention_rate_mean": 0.6066666666666666,
      "intervention_rate_std": 0.019136933459209783,
      "intervention_recall_mean": 0.8468206118071545,
      "intervention_recall_std": 0.013194277725655285,
      "labeled_n_mean": 226.33333333333334,
      "labeled_n_std": 5.734883511361751,
      "low_residual_preserve_rate_mean": 0.39569423043999313,
      "low_residual_preserve_rate_std": 0.023024889984229736,
      "nochange_false_intervention_rate_mean": 0.3434060492884023,
      "nochange_false_intervention_rate_std": 0.06320074975460686,
      "official_preserve_rate_mean": 0.6262084909625892,
      "official_preserve_rate_std": 0.046803120084537866,
      "oracle_recovery_mean": 0.8762122994607285,
      "oracle_recovery_std": 0.03081035670594463,
      "residual_low_false_intervention_rate_mean": 0.6043057695600069,
      "residual_low_false_intervention_rate_std": 0.023024889984229736,
      "simulated_mean_psnr_gain_mean": 0.6182437316534682,
      "simulated_mean_psnr_gain_std": 0.0818151553020201,
      "split_family": "random",
      "split_group": "random",
      "splits": 3,
      "strong_nochange_false_intervention_rate_mean": 0.21010413734871938,
      "strong_nochange_false_intervention_rate_std": 0.05130479806623494,
      "target_margin": 0.2
    },
    {
      "bootstrap_gain_p05_mean": 0.21851948802763008,
      "bootstrap_gain_p05_std": 0.0,
      "confidence_corr_mean": 0.42169410023024245,
      "confidence_corr_std": 0.0,
      "control": "real",
      "estimator_group": "midas",
      "feature_group": "C2",
      "feature_set": "C2_midas",
      "head": "hgb",
      "ignored_n_mean": 33.0,
      "ignored_n_std": 0.0,
      "intervention_precision_mean": 0.75,
      "intervention_precision_std": 0.0,
      "intervention_rate_mean": 0.46,
      "intervention_rate_std": 0.0,
      "intervention_recall_mean": 0.6585365853658537,
      "intervention_recall_std": 0.0,
      "labeled_n_mean": 217.0,
      "labeled_n_std": 0.0,
      "low_residual_preserve_rate_mean": 0.54,
      "low_residual_preserve_rate_std": 0.0,
      "nochange_false_intervention_rate_mean": 0.2872340425531915,
      "nochange_false_intervention_rate_std": 0.0,
      "official_preserve_rate_mean": 0.7697368421052632,
      "official_preserve_rate_std": 0.0,
      "oracle_recovery_mean": 0.6504676795773777,
      "oracle_recovery_std": 0.0,
      "residual_low_false_intervention_rate_mean": 0.46,
      "residual_low_false_intervention_rate_std": 0.0,
      "simulated_mean_psnr_gain_mean": 0.27942965638901845,
      "simulated_mean_psnr_gain_std": 0.0,
      "split_family": "residual_low_energy_heldout",
      "split_group": "test_residual_low",
      "splits": 1,
      "strong_nochange_false_intervention_rate_mean": 0.14705882352941177,
      "strong_nochange_false_intervention_rate_std": 0.0,
      "target_margin": 0.2
    },
    {
      "bootstrap_gain_p05_mean": 0.128160108721364,
      "bootstrap_gain_p05_std": 0.0,
      "confidence_corr_mean": 0.350074428255174,
      "confidence_corr_std": 0.0,
      "control": "real",
      "estimator_group": "midas",
      "feature_group": "C2",
      "feature_set": "C2_midas",
      "head": "logistic",
      "ignored_n_mean": 42.0,
      "ignored_n_std": 0.0,
      "intervention_precision_mean": 0.5978260869565217,
      "intervention_precision_std": 0.0,
      "intervention_rate_mean": 0.436,
      "intervention_rate_std": 0.0,
      "intervention_recall_mean": 0.5851063829787234,
      "intervention_recall_std": 0.0,
      "labeled_n_mean": 208.0,
      "labeled_n_std": 0.0,
      "low_residual_preserve_rate_mean": 0.5617283950617284,
      "low_residual_preserve_rate_std": 0.0,
      "nochange_false_intervention_rate_mean": 0.32456140350877194,
      "nochange_false_intervention_rate_std": 0.0,
      "official_preserve_rate_mean": 0.6,
      "official_preserve_rate_std": 0.0,
      "oracle_recovery_mean": 0.6004265026477295,
      "oracle_recovery_std": 0.0,
      "residual_low_false_intervention_rate_mean": 0.4382716049382716,
      "residual_low_false_intervention_rate_std": 0.0,
      "simulated_mean_psnr_gain_mean": 0.1887852518388377,
      "simulated_mean_psnr_gain_std": 0.0,
      "split_family": "cr_strength_heldout",
      "split_group": "test_strong_cr",
      "splits": 1,
      "strong_nochange_false_intervention_rate_mean": 0.33663366336633666,
      "strong_nochange_false_intervention_rate_std": 0.0,
      "target_margin": 0.2
    },
    {
      "bootstrap_gain_p05_mean": 0.031056143935057894,
      "bootstrap_gain_p05_std": 0.0,
      "confidence_corr_mean": 0.15138691089015566,
      "confidence_corr_std": 0.0,
      "control": "real",
      "estimator_group": "midas",
      "feature_group": "C2",
      "feature_set": "C2_midas",
      "head": "logistic",
      "ignored_n_mean": 40.0,
      "ignored_n_std": 0.0,
      "intervention_precision_mean": 0.5735294117647058,
      "intervention_precision_std": 0.0,
      "intervention_rate_mean": 0.34,
      "intervention_rate_std": 0.0,
      "intervention_recall_mean": 0.4588235294117647,
      "intervention_recall_std": 0.0,
      "labeled_n_mean": 210.0,
      "labeled_n_std": 0.0,
      "low_residual_preserve_rate_mean": 0.6513157894736843,
      "low_residual_preserve_rate_std": 0.0,
      "nochange_false_intervention_rate_mean": 0.232,
      "nochange_false_intervention_rate_std": 0.0,
      "official_preserve_rate_mean": 0.6599999999999999,
      "official_preserve_rate_std": 0.0,
      "oracle_recovery_mean": 0.30981057935771783,
      "oracle_recovery_std": 0.0,
      "residual_low_false_intervention_rate_mean": 0.34868421052631576,
      "residual_low_false_intervention_rate_std": 0.0,
      "simulated_mean_psnr_gain_mean": 0.06309115006819808,
      "simulated_mean_psnr_gain_std": 0.0,
      "split_family": "official_strength_heldout",
      "split_group": "test_strong_official",
      "splits": 1,
      "strong_nochange_false_intervention_rate_mean": 0.232,
      "strong_nochange_false_intervention_rate_std": 0.0,
      "target_margin": 0.2
    },
    {
      "bootstrap_gain_p05_mean": 0.48522984964212607,
      "bootstrap_gain_p05_std": 0.06398639900255168,
      "confidence_corr_mean": 0.43474187599983366,
      "confidence_corr_std": 0.018118415994568763,
      "control": "real",
      "estimator_group": "midas",
      "feature_group": "C2",
      "feature_set": "C2_midas",
      "head": "logistic",
      "ignored_n_mean": 23.666666666666668,
      "ignored_n_std": 5.734883511361751,
      "intervention_precision_mean": 0.7578365223134079,
      "intervention_precision_std": 0.06045979815424854,
      "intervention_rate_mean": 0.6093333333333333,
      "intervention_rate_std": 0.019136933459209783,
      "intervention_recall_mean": 0.8416008091809414,
      "intervention_recall_std": 0.009626501111163574,
      "labeled_n_mean": 226.33333333333334,
      "labeled_n_std": 5.734883511361751,
      "low_residual_preserve_rate_mean": 0.3855932203389831,
      "low_residual_preserve_rate_std": 0.037173109120813314,
      "nochange_false_intervention_rate_mean": 0.32954757660640016,
      "nochange_false_intervention_rate_std": 0.08853162252982577,
      "official_preserve_rate_mean": 0.5396385035729298,
      "official_preserve_rate_std": 0.01402767735187458,
      "oracle_recovery_mean": 0.8650532047691978,
      "oracle_recovery_std": 0.015449327552689698,
      "residual_low_false_intervention_rate_mean": 0.614406779661017,
      "residual_low_false_intervention_rate_std": 0.03717310912081332,
      "simulated_mean_psnr_gain_mean": 0.609472241369556,
      "simulated_mean_psnr_gain_std": 0.07269454512102243,
      "split_family": "random",
      "split_group": "random",
      "splits": 3,
      "strong_nochange_false_intervention_rate_mean": 0.25204052913031244,
      "strong_nochange_false_intervention_rate_std": 0.08287778460190977,
      "target_margin": 0.2
    },
    {
      "bootstrap_gain_p05_mean": 0.21233863147141624,
      "bootstrap_gain_p05_std": 0.0,
      "confidence_corr_mean": 0.22855511780075083,
      "confidence_corr_std": 0.0,
      "control": "real",
      "estimator_group": "midas",
      "feature_group": "C2",
      "feature_set": "C2_midas",
      "head": "logistic",
      "ignored_n_mean": 33.0,
      "ignored_n_std": 0.0,
      "intervention_precision_mean": 0.6890756302521008,
      "intervention_precision_std": 0.0,
      "intervention_rate_mean": 0.552,
      "intervention_rate_std": 0.0,
      "intervention_recall_mean": 0.6666666666666666,
      "intervention_recall_std": 0.0,
      "labeled_n_mean": 217.0,
      "labeled_n_std": 0.0,
      "low_residual_preserve_rate_mean": 0.44799999999999995,
      "low_residual_preserve_rate_std": 0.0,
      "nochange_false_intervention_rate_mean": 0.39361702127659576,
      "nochange_false_intervention_rate_std": 0.0,
      "official_preserve_rate_mean": 0.5197368421052632,
      "official_preserve_rate_std": 0.0,
      "oracle_recovery_mean": 0.6412905394052935,
      "oracle_recovery_std": 0.0,
      "residual_low_false_intervention_rate_mean": 0.552,
      "residual_low_false_intervention_rate_std": 0.0,
      "simulated_mean_psnr_gain_mean": 0.2754873158155629,
      "simulated_mean_psnr_gain_std": 0.0,
      "split_family": "residual_low_energy_heldout",
      "split_group": "test_residual_low",
      "splits": 1,
      "strong_nochange_false_intervention_rate_mean": 0.36764705882352944,
      "strong_nochange_false_intervention_rate_std": 0.0,
      "target_margin": 0.2
    },
    {
      "bootstrap_gain_p05_mean": 0.0,
      "bootstrap_gain_p05_std": 0.0,
      "confidence_corr_mean": 0.3532394676764274,
      "confidence_corr_std": 0.0,
      "control": "real",
      "estimator_group": "midas",
      "feature_group": "C2",
      "feature_set": "C2_midas_shuffled_depth",
      "head": "decision_tree",
      "ignored_n_mean": 42.0,
      "ignored_n_std": 0.0,
      "intervention_precision_mean": 1.0,
      "intervention_precision_std": 0.0,
      "intervention_rate_mean": 0.008,
      "intervention_rate_std": 0.0,
      "intervention_recall_mean": 0.02127659574468085,
      "intervention_recall_std": 0.0,
      "labeled_n_mean": 208.0,
      "labeled_n_std": 0.0,
      "low_residual_preserve_rate_mean": 0.9938271604938271,
      "low_residual_preserve_rate_std": 0.0,
      "nochange_false_intervention_rate_mean": 0.0,
      "nochange_false_intervention_rate_std": 0.0,
      "official_preserve_rate_mean": 1.0,
      "official_preserve_rate_std": 0.0,
      "oracle_recovery_mean": 0.0577437364286344,
      "oracle_recovery_std": 0.0,
      "residual_low_false_intervention_rate_mean": 0.006172839506172839,
      "residual_low_false_intervention_rate_std": 0.0,
      "simulated_mean_psnr_gain_mean": 0.018155703946650958,
      "simulated_mean_psnr_gain_std": 0.0,
      "split_family": "cr_strength_heldout",
      "split_group": "test_strong_cr",
      "splits": 1,
      "strong_nochange_false_intervention_rate_mean": 0.0,
      "strong_nochange_false_intervention_rate_std": 0.0,
      "target_margin": 0.2
    },
    {
      "bootstrap_gain_p05_mean": 0.0,
      "bootstrap_gain_p05_std": 0.0,
      "confidence_corr_mean": -0.1471306768495666,
      "confidence_corr_std": 0.0,
      "control": "real",
      "estimator_group": "midas",
      "feature_group": "C2",
      "feature_set": "C2_midas_shuffled_depth",
      "head": "decision_tree",
      "ignored_n_mean": 40.0,
      "ignored_n_std": 0.0,
      "intervention_precision_mean": 0.0,
      "intervention_precision_std": 0.0,
      "intervention_rate_mean": 0.0,
      "intervention_rate_std": 0.0,
      "intervention_recall_mean": 0.0,
      "intervention_recall_std": 0.0,
      "labeled_n_mean": 210.0,
      "labeled_n_std": 0.0,
      "low_residual_preserve_rate_mean": 1.0,
      "low_residual_preserve_rate_std": 0.0,
      "nochange_false_intervention_rate_mean": 0.0,
      "nochange_false_intervention_rate_std": 0.0,
      "official_preserve_rate_mean": 1.0,
      "official_preserve_rate_std": 0.0,
      "oracle_recovery_mean": 0.0,
      "oracle_recovery_std": 0.0,
      "residual_low_false_intervention_rate_mean": 0.0,
      "residual_low_false_intervention_rate_std": 0.0,
      "simulated_mean_psnr_gain_mean": 0.0,
      "simulated_mean_psnr_gain_std": 0.0,
      "split_family": "official_strength_heldout",
      "split_group": "test_strong_official",
      "splits": 1,
      "strong_nochange_false_intervention_rate_mean": 0.0,
      "strong_nochange_false_intervention_rate_std": 0.0,
      "target_margin": 0.2
    },
    {
      "bootstrap_gain_p05_mean": 0.053927424004630374,
      "bootstrap_gain_p05_std": 0.0786311782119023,
      "confidence_corr_mean": 0.27753209118194905,
      "confidence_corr_std": 0.10941200295390596,
      "control": "real",
      "estimator_group": "midas",
      "feature_group": "C2",
      "feature_set": "C2_midas_shuffled_depth",
      "head": "decision_tree",
      "ignored_n_mean": 23.666666666666668,
      "ignored_n_std": 5.734883511361751,
      "intervention_precision_mean": 0.6552631578947369,
      "intervention_precision_std": 0.1824856588807394,
      "intervention_rate_mean": 0.07333333333333333,
      "intervention_rate_std": 0.0613043409737208,
      "intervention_recall_mean": 0.09920587618165304,
      "intervention_recall_std": 0.09434901045468194,
      "labeled_n_mean": 226.33333333333334,
      "labeled_n_std": 5.734883511361751,
      "low_residual_preserve_rate_mean": 0.9414483821263482,
      "low_residual_preserve_rate_std": 0.041478634020688174,
      "nochange_false_intervention_rate_mean": 0.039722151486857364,
      "nochange_false_intervention_rate_std": 0.022314461575680525,
      "official_preserve_rate_mean": 0.9573560319461959,
      "official_preserve_rate_std": 0.037839439070985366,
      "oracle_recovery_mean": 0.1244757731019396,
      "oracle_recovery_std": 0.14691270503847373,
      "residual_low_false_intervention_rate_mean": 0.05855161787365177,
      "residual_low_false_intervention_rate_std": 0.04147863402068817,
      "simulated_mean_psnr_gain_mean": 0.09517791415524389,
      "simulated_mean_psnr_gain_std": 0.1130992095105361,
      "split_family": "random",
      "split_group": "random",
      "splits": 3,
      "strong_nochange_false_intervention_rate_mean": 0.05499265096788317,
      "strong_nochange_false_intervention_rate_std": 0.03554847852912318,
      "target_margin": 0.2
    },
    {
      "bootstrap_gain_p05_mean": 0.0664852551690655,
      "bootstrap_gain_p05_std": 0.0,
      "confidence_corr_mean": 0.22512316696220455,
      "confidence_corr_std": 0.0,
      "control": "real",
      "estimator_group": "midas",
      "feature_group": "C2",
      "feature_set": "C2_midas_shuffled_depth",
      "head": "decision_tree",
      "ignored_n_mean": 33.0,
      "ignored_n_std": 0.0,
      "intervention_precision_mean": 0.75,
      "intervention_precision_std": 0.0,
      "intervention_rate_mean": 0.132,
      "intervention_rate_std": 0.0,
      "intervention_recall_mean": 0.1951219512195122,
      "intervention_recall_std": 0.0,
      "labeled_n_mean": 217.0,
      "labeled_n_std": 0.0,
      "low_residual_preserve_rate_mean": 0.868,
      "low_residual_preserve_rate_std": 0.0,
      "nochange_false_intervention_rate_mean": 0.0851063829787234,
      "nochange_false_intervention_rate_std": 0.0,
      "official_preserve_rate_mean": 0.993421052631579,
      "official_preserve_rate_std": 0.0,
      "oracle_recovery_mean": 0.23742524698461015,
      "oracle_recovery_std": 0.0,
      "residual_low_false_intervention_rate_mean": 0.132,
      "residual_low_false_intervention_rate_std": 0.0,
      "simulated_mean_psnr_gain_mean": 0.10199377657947939,
      "simulated_mean_psnr_gain_std": 0.0,
      "split_family": "residual_low_energy_heldout",
      "split_group": "test_residual_low",
      "splits": 1,
      "strong_nochange_false_intervention_rate_mean": 0.014705882352941176,
      "strong_nochange_false_intervention_rate_std": 0.0,
      "target_margin": 0.2
    },
    {
      "bootstrap_gain_p05_mean": 0.07699280382167396,
      "bootstrap_gain_p05_std": 0.0,
      "confidence_corr_mean": 0.458978828643829,
      "confidence_corr_std": 0.0,
      "control": "real",
      "estimator_group": "midas",
      "feature_group": "C2",
      "feature_set": "C2_midas_shuffled_depth",
      "head": "hgb",
      "ignored_n_mean": 42.0,
      "ignored_n_std": 0.0,
      "intervention_precision_mean": 0.7714285714285715,
      "intervention_precision_std": 0.0,
      "intervention_rate_mean": 0.172,
      "intervention_rate_std": 0.0,
      "intervention_recall_mean": 0.2872340425531915,
      "intervention_recall_std": 0.0,
      "labeled_n_mean": 208.0,
      "labeled_n_std": 0.0,
      "low_residual_preserve_rate_mean": 0.8765432098765432,
      "low_residual_preserve_rate_std": 0.0,
      "nochange_false_intervention_rate_mean": 0.07017543859649122,
      "nochange_false_intervention_rate_std": 0.0,
      "official_preserve_rate_mean": 0.8714285714285714,
      "official_preserve_rate_std": 0.0,
      "oracle_recovery_mean": 0.4241223131445218,
      "oracle_recovery_std": 0.0,
      "residual_low_false_intervention_rate_mean": 0.12345679012345678,
      "residual_low_false_intervention_rate_std": 0.0,
      "simulated_mean_psnr_gain_mean": 0.13335193790477118,
      "simulated_mean_psnr_gain_std": 0.0,
      "split_family": "cr_strength_heldout",
      "split_group": "test_strong_cr",
      "splits": 1,
      "strong_nochange_false_intervention_rate_mean": 0.0594059405940594,
      "strong_nochange_false_intervention_rate_std": 0.0,
      "target_margin": 0.2
    },
    {
      "bootstrap_gain_p05_mean": 0.014100312756383654,
      "bootstrap_gain_p05_std": 0.0,
      "confidence_corr_mean": 0.21528989919742206,
      "confidence_corr_std": 0.0,
      "control": "real",
      "estimator_group": "midas",
      "feature_group": "C2",
      "feature_set": "C2_midas_shuffled_depth",
      "head": "hgb",
      "ignored_n_mean": 40.0,
      "ignored_n_std": 0.0,
      "intervention_precision_mean": 0.6388888888888888,
      "intervention_precision_std": 0.0,
      "intervention_rate_mean": 0.176,
      "intervention_rate_std": 0.0,
      "intervention_recall_mean": 0.27058823529411763,
      "intervention_recall_std": 0.0,
      "labeled_n_mean": 210.0,
      "labeled_n_std": 0.0,
      "low_residual_preserve_rate_mean": 0.8157894736842105,
      "low_residual_preserve_rate_std": 0.0,
      "nochange_false_intervention_rate_mean": 0.104,
      "nochange_false_intervention_rate_std": 0.0,
      "official_preserve_rate_mean": 0.8240000000000001,
      "official_preserve_rate_std": 0.0,
      "oracle_recovery_mean": 0.1545222917370604,
      "oracle_recovery_std": 0.0,
      "residual_low_false_intervention_rate_mean": 0.18421052631578946,
      "residual_low_false_intervention_rate_std": 0.0,
      "simulated_mean_psnr_gain_mean": 0.031467579696845174,
      "simulated_mean_psnr_gain_std": 0.0,
      "split_family": "official_strength_heldout",
      "split_group": "test_strong_official",
      "splits": 1,
      "strong_nochange_false_intervention_rate_mean": 0.104,
      "strong_nochange_false_intervention_rate_std": 0.0,
      "target_margin": 0.2
    },
    {
      "bootstrap_gain_p05_mean": 0.5033606658714337,
      "bootstrap_gain_p05_std": 0.06863281597253372,
      "confidence_corr_mean": 0.4617075607831846,
      "confidence_corr_std": 0.061190731665813555,
      "control": "real",
      "estimator_group": "midas",
      "feature_group": "C2",
      "feature_set": "C2_midas_shuffled_depth",
      "head": "hgb",
      "ignored_n_mean": 23.666666666666668,
      "ignored_n_std": 5.734883511361751,
      "intervention_precision_mean": 0.7491382074300249,
      "intervention_precision_std": 0.0366787164028113,
      "intervention_rate_mean": 0.612,
      "intervention_rate_std": 0.021416504538945367,
      "intervention_recall_mean": 0.859503101000532,
      "intervention_recall_std": 0.02205414931808333,
      "labeled_n_mean": 226.33333333333334,
      "labeled_n_std": 5.734883511361751,
      "low_residual_preserve_rate_mean": 0.3895394624208183,
      "low_residual_preserve_rate_std": 0.008662257305248134,
      "nochange_false_intervention_rate_mean": 0.34995331465919705,
      "nochange_false_intervention_rate_std": 0.04523691483998135,
      "official_preserve_rate_mean": 0.6226986128625472,
      "official_preserve_rate_std": 0.016972350273696774,
      "oracle_recovery_mean": 0.891737856666971,
      "oracle_recovery_std": 0.025718719138659547,
      "residual_low_false_intervention_rate_mean": 0.6104605375791817,
      "residual_low_false_intervention_rate_std": 0.008662257305248134,
      "simulated_mean_psnr_gain_mean": 0.629130554646191,
      "simulated_mean_psnr_gain_std": 0.08204551521542663,
      "split_family": "random",
      "split_group": "random",
      "splits": 3,
      "strong_nochange_false_intervention_rate_mean": 0.21010413734871938,
      "strong_nochange_false_intervention_rate_std": 0.05130479806623494,
      "target_margin": 0.2
    },
    {
      "bootstrap_gain_p05_mean": 0.21817544850294315,
      "bootstrap_gain_p05_std": 0.0,
      "confidence_corr_mean": 0.4205076769872386,
      "confidence_corr_std": 0.0,
      "control": "real",
      "estimator_group": "midas",
      "feature_group": "C2",
      "feature_set": "C2_midas_shuffled_depth",
      "head": "hgb",
      "ignored_n_mean": 33.0,
      "ignored_n_std": 0.0,
      "intervention_precision_mean": 0.75,
      "intervention_precision_std": 0.0,
      "intervention_rate_mean": 0.456,
      "intervention_rate_std": 0.0,
      "intervention_recall_mean": 0.6585365853658537,
      "intervention_recall_std": 0.0,
      "labeled_n_mean": 217.0,
      "labeled_n_std": 0.0,
      "low_residual_preserve_rate_mean": 0.544,
      "low_residual_preserve_rate_std": 0.0,
      "nochange_false_intervention_rate_mean": 0.2872340425531915,
      "nochange_false_intervention_rate_std": 0.0,
      "official_preserve_rate_mean": 0.7697368421052632,
      "official_preserve_rate_std": 0.0,
      "oracle_recovery_mean": 0.6496668104277036,
      "oracle_recovery_std": 0.0,
      "residual_low_false_intervention_rate_mean": 0.456,
      "residual_low_false_intervention_rate_std": 0.0,
      "simulated_mean_psnr_gain_mean": 0.27908561686433153,
      "simulated_mean_psnr_gain_std": 0.0,
      "split_family": "residual_low_energy_heldout",
      "split_group": "test_residual_low",
      "splits": 1,
      "strong_nochange_false_intervention_rate_mean": 0.14705882352941177,
      "strong_nochange_false_intervention_rate_std": 0.0,
      "target_margin": 0.2
    },
    {
      "bootstrap_gain_p05_mean": 0.12232504817133977,
      "bootstrap_gain_p05_std": 0.0,
      "confidence_corr_mean": 0.35082976366304996,
      "confidence_corr_std": 0.0,
      "control": "real",
      "estimator_group": "midas",
      "feature_group": "C2",
      "feature_set": "C2_midas_shuffled_depth",
      "head": "logistic",
      "ignored_n_mean": 42.0,
      "ignored_n_std": 0.0,
      "intervention_precision_mean": 0.5789473684210527,
      "intervention_precision_std": 0.0,
      "intervention_rate_mean": 0.452,
      "intervention_rate_std": 0.0,
      "intervention_recall_mean": 0.5851063829787234,
      "intervention_recall_std": 0.0,
      "labeled_n_mean": 208.0,
      "labeled_n_std": 0.0,
      "low_residual_preserve_rate_mean": 0.5493827160493827,
      "low_residual_preserve_rate_std": 0.0,
      "nochange_false_intervention_rate_mean": 0.3508771929824561,
      "nochange_false_intervention_rate_std": 0.0,
      "official_preserve_rate_mean": 0.5809523809523809,
      "official_preserve_rate_std": 0.0,
      "oracle_recovery_mean": 0.5844372110474958,
      "oracle_recovery_std": 0.0,
      "residual_low_false_intervention_rate_mean": 0.4506172839506173,
      "residual_low_false_intervention_rate_std": 0.0,
      "simulated_mean_psnr_gain_mean": 0.18375792138596178,
      "simulated_mean_psnr_gain_std": 0.0,
      "split_family": "cr_strength_heldout",
      "split_group": "test_strong_cr",
      "splits": 1,
      "strong_nochange_false_intervention_rate_mean": 0.36633663366336633,
      "strong_nochange_false_intervention_rate_std": 0.0,
      "target_margin": 0.2
    },
    {
      "bootstrap_gain_p05_mean": 0.03008625975970249,
      "bootstrap_gain_p05_std": 0.0,
      "confidence_corr_mean": 0.16507576750221437,
      "confidence_corr_std": 0.0,
      "control": "real",
      "estimator_group": "midas",
      "feature_group": "C2",
      "feature_set": "C2_midas_shuffled_depth",
      "head": "logistic",
      "ignored_n_mean": 40.0,
      "ignored_n_std": 0.0,
      "intervention_precision_mean": 0.5588235294117647,
      "intervention_precision_std": 0.0,
      "intervention_rate_mean": 0.34,
      "intervention_rate_std": 0.0,
      "intervention_recall_mean": 0.4470588235294118,
      "intervention_recall_std": 0.0,
      "labeled_n_mean": 210.0,
      "labeled_n_std": 0.0,
      "low_residual_preserve_rate_mean": 0.6447368421052632,
      "low_residual_preserve_rate_std": 0.0,
      "nochange_false_intervention_rate_mean": 0.24,
      "nochange_false_intervention_rate_std": 0.0,
      "official_preserve_rate_mean": 0.6599999999999999,
      "official_preserve_rate_std": 0.0,
      "oracle_recovery_mean": 0.30276072369042767,
      "oracle_recovery_std": 0.0,
      "residual_low_false_intervention_rate_mean": 0.35526315789473684,
      "residual_low_false_intervention_rate_std": 0.0,
      "simulated_mean_psnr_gain_mean": 0.06165548733910006,
      "simulated_mean_psnr_gain_std": 0.0,
      "split_family": "official_strength_heldout",
      "split_group": "test_strong_official",
      "splits": 1,
      "strong_nochange_false_intervention_rate_mean": 0.24,
      "strong_nochange_false_intervention_rate_std": 0.0,
      "target_margin": 0.2
    },
    {
      "bootstrap_gain_p05_mean": 0.4860903271345343,
      "bootstrap_gain_p05_std": 0.06524415873643778,
      "confidence_corr_mean": 0.428776030980085,
      "confidence_corr_std": 0.01882898562083286,
      "control": "real",
      "estimator_group": "midas",
      "feature_group": "C2",
      "feature_set": "C2_midas_shuffled_depth",
      "head": "logistic",
      "ignored_n_mean": 23.666666666666668,
      "ignored_n_std": 5.734883511361751,
      "intervention_precision_mean": 0.7476815050344463,
      "intervention_precision_std": 0.0688992368525986,
      "intervention_rate_mean": 0.6213333333333333,
      "intervention_rate_std": 0.025368396787253954,
      "intervention_recall_mean": 0.8471820524671027,
      "intervention_recall_std": 0.009805151788602445,
      "labeled_n_mean": 226.33333333333334,
      "labeled_n_std": 5.734883511361751,
      "low_residual_preserve_rate_mean": 0.36943160417736687,
      "low_residual_preserve_rate_std": 0.037481888905657054,
      "nochange_false_intervention_rate_mean": 0.351950881362646,
      "nochange_false_intervention_rate_std": 0.10609606028169619,
      "official_preserve_rate_mean": 0.5178436317780579,
      "official_preserve_rate_std": 0.03285983897026035,
      "oracle_recovery_mean": 0.864825335026071,
      "oracle_recovery_std": 0.016304370937514804,
      "residual_low_false_intervention_rate_mean": 0.6305683958226331,
      "residual_low_false_intervention_rate_std": 0.037481888905657054,
      "simulated_mean_psnr_gain_mean": 0.6094205848781846,
      "simulated_mean_psnr_gain_std": 0.07357303453882147,
      "split_family": "random",
      "split_group": "random",
      "splits": 3,
      "strong_nochange_false_intervention_rate_mean": 0.2989961534853176,
      "strong_nochange_false_intervention_rate_std": 0.0977279569580751,
      "target_margin": 0.2
    },
    {
      "bootstrap_gain_p05_mean": 0.20905598588164845,
      "bootstrap_gain_p05_std": 0.0,
      "confidence_corr_mean": 0.21115587782688702,
      "confidence_corr_std": 0.0,
      "control": "real",
      "estimator_group": "midas",
      "feature_group": "C2",
      "feature_set": "C2_midas_shuffled_depth",
      "head": "logistic",
      "ignored_n_mean": 33.0,
      "ignored_n_std": 0.0,
      "intervention_precision_mean": 0.680327868852459,
      "intervention_precision_std": 0.0,
      "intervention_rate_mean": 0.556,
      "intervention_rate_std": 0.0,
      "intervention_recall_mean": 0.6747967479674797,
      "intervention_recall_std": 0.0,
      "labeled_n_mean": 217.0,
      "labeled_n_std": 0.0,
      "low_residual_preserve_rate_mean": 0.44399999999999995,
      "low_residual_preserve_rate_std": 0.0,
      "nochange_false_intervention_rate_mean": 0.4148936170212766,
      "nochange_false_intervention_rate_std": 0.0,
      "official_preserve_rate_mean": 0.5197368421052632,
      "official_preserve_rate_std": 0.0,
      "oracle_recovery_mean": 0.6363193082279425,
      "oracle_recovery_std": 0.0,
      "residual_low_false_intervention_rate_mean": 0.556,
      "residual_low_false_intervention_rate_std": 0.0,
      "simulated_mean_psnr_gain_mean": 0.27335176094737934,
      "simulated_mean_psnr_gain_std": 0.0,
      "split_family": "residual_low_energy_heldout",
      "split_group": "test_residual_low",
      "splits": 1,
      "strong_nochange_false_intervention_rate_mean": 0.39705882352941174,
      "strong_nochange_false_intervention_rate_std": 0.0,
      "target_margin": 0.2
    },
    {
      "bootstrap_gain_p05_mean": 0.0,
      "bootstrap_gain_p05_std": 0.0,
      "confidence_corr_mean": 0.35323946767642744,
      "confidence_corr_std": 0.0,
      "control": "real",
      "estimator_group": "both",
      "feature_group": "C3",
      "feature_set": "C3_both",
      "head": "decision_tree",
      "ignored_n_mean": 42.0,
      "ignored_n_std": 0.0,
      "intervention_precision_mean": 1.0,
      "intervention_precision_std": 0.0,
      "intervention_rate_mean": 0.008,
      "intervention_rate_std": 0.0,
      "intervention_recall_mean": 0.02127659574468085,
      "intervention_recall_std": 0.0,
      "labeled_n_mean": 208.0,
      "labeled_n_std": 0.0,
      "low_residual_preserve_rate_mean": 0.9938271604938271,
      "low_residual_preserve_rate_std": 0.0,
      "nochange_false_intervention_rate_mean": 0.0,
      "nochange_false_intervention_rate_std": 0.0,
      "official_preserve_rate_mean": 1.0,
      "official_preserve_rate_std": 0.0,
      "oracle_recovery_mean": 0.0577437364286344,
      "oracle_recovery_std": 0.0,
      "residual_low_false_intervention_rate_mean": 0.006172839506172839,
      "residual_low_false_intervention_rate_std": 0.0,
      "simulated_mean_psnr_gain_mean": 0.018155703946650958,
      "simulated_mean_psnr_gain_std": 0.0,
      "split_family": "cr_strength_heldout",
      "split_group": "test_strong_cr",
      "splits": 1,
      "strong_nochange_false_intervention_rate_mean": 0.0,
      "strong_nochange_false_intervention_rate_std": 0.0,
      "target_margin": 0.2
    },
    {
      "bootstrap_gain_p05_mean": 0.0,
      "bootstrap_gain_p05_std": 0.0,
      "confidence_corr_mean": -0.1471306768495666,
      "confidence_corr_std": 0.0,
      "control": "real",
      "estimator_group": "both",
      "feature_group": "C3",
      "feature_set": "C3_both",
      "head": "decision_tree",
      "ignored_n_mean": 40.0,
      "ignored_n_std": 0.0,
      "intervention_precision_mean": 0.0,
      "intervention_precision_std": 0.0,
      "intervention_rate_mean": 0.0,
      "intervention_rate_std": 0.0,
      "intervention_recall_mean": 0.0,
      "intervention_recall_std": 0.0,
      "labeled_n_mean": 210.0,
      "labeled_n_std": 0.0,
      "low_residual_preserve_rate_mean": 1.0,
      "low_residual_preserve_rate_std": 0.0,
      "nochange_false_intervention_rate_mean": 0.0,
      "nochange_false_intervention_rate_std": 0.0,
      "official_preserve_rate_mean": 1.0,
      "official_preserve_rate_std": 0.0,
      "oracle_recovery_mean": 0.0,
      "oracle_recovery_std": 0.0,
      "residual_low_false_intervention_rate_mean": 0.0,
      "residual_low_false_intervention_rate_std": 0.0,
      "simulated_mean_psnr_gain_mean": 0.0,
      "simulated_mean_psnr_gain_std": 0.0,
      "split_family": "official_strength_heldout",
      "split_group": "test_strong_official",
      "splits": 1,
      "strong_nochange_false_intervention_rate_mean": 0.0,
      "strong_nochange_false_intervention_rate_std": 0.0,
      "target_margin": 0.2
    },
    {
      "bootstrap_gain_p05_mean": 0.053927424004630374,
      "bootstrap_gain_p05_std": 0.0786311782119023,
      "confidence_corr_mean": 0.2866625138275127,
      "confidence_corr_std": 0.09650050648367499,
      "control": "real",
      "estimator_group": "both",
      "feature_group": "C3",
      "feature_set": "C3_both",
      "head": "decision_tree",
      "ignored_n_mean": 23.666666666666668,
      "ignored_n_std": 5.734883511361751,
      "intervention_precision_mean": 0.6552631578947369,
      "intervention_precision_std": 0.1824856588807394,
      "intervention_rate_mean": 0.07333333333333333,
      "intervention_rate_std": 0.0613043409737208,
      "intervention_recall_mean": 0.09920587618165304,
      "intervention_recall_std": 0.09434901045468194,
      "labeled_n_mean": 226.33333333333334,
      "labeled_n_std": 5.734883511361751,
      "low_residual_preserve_rate_mean": 0.9414483821263482,
      "low_residual_preserve_rate_std": 0.041478634020688174,
      "nochange_false_intervention_rate_mean": 0.039722151486857364,
      "nochange_false_intervention_rate_std": 0.022314461575680525,
      "official_preserve_rate_mean": 0.9573560319461959,
      "official_preserve_rate_std": 0.037839439070985366,
      "oracle_recovery_mean": 0.1244757731019396,
      "oracle_recovery_std": 0.14691270503847373,
      "residual_low_false_intervention_rate_mean": 0.05855161787365177,
      "residual_low_false_intervention_rate_std": 0.04147863402068817,
      "simulated_mean_psnr_gain_mean": 0.09517791415524389,
      "simulated_mean_psnr_gain_std": 0.1130992095105361,
      "split_family": "random",
      "split_group": "random",
      "splits": 3,
      "strong_nochange_false_intervention_rate_mean": 0.05499265096788317,
      "strong_nochange_false_intervention_rate_std": 0.03554847852912318,
      "target_margin": 0.2
    },
    {
      "bootstrap_gain_p05_mean": 0.0664852551690655,
      "bootstrap_gain_p05_std": 0.0,
      "confidence_corr_mean": 0.22512316696220455,
      "confidence_corr_std": 0.0,
      "control": "real",
      "estimator_group": "both",
      "feature_group": "C3",
      "feature_set": "C3_both",
      "head": "decision_tree",
      "ignored_n_mean": 33.0,
      "ignored_n_std": 0.0,
      "intervention_precision_mean": 0.75,
      "intervention_precision_std": 0.0,
      "intervention_rate_mean": 0.132,
      "intervention_rate_std": 0.0,
      "intervention_recall_mean": 0.1951219512195122,
      "intervention_recall_std": 0.0,
      "labeled_n_mean": 217.0,
      "labeled_n_std": 0.0,
      "low_residual_preserve_rate_mean": 0.868,
      "low_residual_preserve_rate_std": 0.0,
      "nochange_false_intervention_rate_mean": 0.0851063829787234,
      "nochange_false_intervention_rate_std": 0.0,
      "official_preserve_rate_mean": 0.993421052631579,
      "official_preserve_rate_std": 0.0,
      "oracle_recovery_mean": 0.23742524698461015,
      "oracle_recovery_std": 0.0,
      "residual_low_false_intervention_rate_mean": 0.132,
      "residual_low_false_intervention_rate_std": 0.0,
      "simulated_mean_psnr_gain_mean": 0.10199377657947939,
      "simulated_mean_psnr_gain_std": 0.0,
      "split_family": "residual_low_energy_heldout",
      "split_group": "test_residual_low",
      "splits": 1,
      "strong_nochange_false_intervention_rate_mean": 0.014705882352941176,
      "strong_nochange_false_intervention_rate_std": 0.0,
      "target_margin": 0.2
    },
    {
      "bootstrap_gain_p05_mean": 0.07883623140866579,
      "bootstrap_gain_p05_std": 0.0,
      "confidence_corr_mean": 0.4386124679333533,
      "confidence_corr_std": 0.0,
      "control": "real",
      "estimator_group": "both",
      "feature_group": "C3",
      "feature_set": "C3_both",
      "head": "hgb",
      "ignored_n_mean": 42.0,
      "ignored_n_std": 0.0,
      "intervention_precision_mean": 0.7111111111111111,
      "intervention_precision_std": 0.0,
      "intervention_rate_mean": 0.22,
      "intervention_rate_std": 0.0,
      "intervention_recall_mean": 0.3404255319148936,
      "intervention_recall_std": 0.0,
      "labeled_n_mean": 208.0,
      "labeled_n_std": 0.0,
      "low_residual_preserve_rate_mean": 0.8395061728395061,
      "low_residual_preserve_rate_std": 0.0,
      "nochange_false_intervention_rate_mean": 0.11403508771929824,
      "nochange_false_intervention_rate_std": 0.0,
      "official_preserve_rate_mean": 0.8238095238095238,
      "official_preserve_rate_std": 0.0,
      "oracle_recovery_mean": 0.4340658916487977,
      "oracle_recovery_std": 0.0,
      "residual_low_false_intervention_rate_mean": 0.16049382716049382,
      "residual_low_false_intervention_rate_std": 0.0,
      "simulated_mean_psnr_gain_mean": 0.13647838379586857,
      "simulated_mean_psnr_gain_std": 0.0,
      "split_family": "cr_strength_heldout",
      "split_group": "test_strong_cr",
      "splits": 1,
      "strong_nochange_false_intervention_rate_mean": 0.09900990099009901,
      "strong_nochange_false_intervention_rate_std": 0.0,
      "target_margin": 0.2
    },
    {
      "bootstrap_gain_p05_mean": 0.008829699406985766,
      "bootstrap_gain_p05_std": 0.0,
      "confidence_corr_mean": 0.21130155860191085,
      "confidence_corr_std": 0.0,
      "control": "real",
      "estimator_group": "both",
      "feature_group": "C3",
      "feature_set": "C3_both",
      "head": "hgb",
      "ignored_n_mean": 40.0,
      "ignored_n_std": 0.0,
      "intervention_precision_mean": 0.5833333333333334,
      "intervention_precision_std": 0.0,
      "intervention_rate_mean": 0.176,
      "intervention_rate_std": 0.0,
      "intervention_recall_mean": 0.24705882352941178,
      "intervention_recall_std": 0.0,
      "labeled_n_mean": 210.0,
      "labeled_n_std": 0.0,
      "low_residual_preserve_rate_mean": 0.8157894736842105,
      "low_residual_preserve_rate_std": 0.0,
      "nochange_false_intervention_rate_mean": 0.12,
      "nochange_false_intervention_rate_std": 0.0,
      "official_preserve_rate_mean": 0.8240000000000001,
      "official_preserve_rate_std": 0.0,
      "oracle_recovery_mean": 0.1247711905727233,
      "oracle_recovery_std": 0.0,
      "residual_low_false_intervention_rate_mean": 0.18421052631578946,
      "residual_low_false_intervention_rate_std": 0.0,
      "simulated_mean_psnr_gain_mean": 0.02540893834203834,
      "simulated_mean_psnr_gain_std": 0.0,
      "split_family": "official_strength_heldout",
      "split_group": "test_strong_official",
      "splits": 1,
      "strong_nochange_false_intervention_rate_mean": 0.12,
      "strong_nochange_false_intervention_rate_std": 0.0,
      "target_margin": 0.2
    },
    {
      "bootstrap_gain_p05_mean": 0.4989215971857382,
      "bootstrap_gain_p05_std": 0.06130033323286216,
      "confidence_corr_mean": 0.46466405515190007,
      "confidence_corr_std": 0.0614311100942125,
      "control": "real",
      "estimator_group": "both",
      "feature_group": "C3",
      "feature_set": "C3_both",
      "head": "hgb",
      "ignored_n_mean": 23.666666666666668,
      "ignored_n_std": 5.734883511361751,
      "intervention_precision_mean": 0.7476583199133285,
      "intervention_precision_std": 0.049247777301266844,
      "intervention_rate_mean": 0.6133333333333333,
      "intervention_rate_std": 0.03034615113797614,
      "intervention_recall_mean": 0.8529968205769527,
      "intervention_recall_std": 0.008159250600673006,
      "labeled_n_mean": 226.33333333333334,
      "labeled_n_std": 5.734883511361751,
      "low_residual_preserve_rate_mean": 0.36438109912686184,
      "low_residual_preserve_rate_std": 0.044425013274978525,
      "nochange_false_intervention_rate_mean": 0.3526327702798291,
      "nochange_false_intervention_rate_std": 0.07754551248883366,
      "official_preserve_rate_mean": 0.6021857923497267,
      "official_preserve_rate_std": 0.05034093968868071,
      "oracle_recovery_mean": 0.8875600179667972,
      "oracle_recovery_std": 0.011981878345474147,
      "residual_low_false_intervention_rate_mean": 0.6356189008731382,
      "residual_low_false_intervention_rate_std": 0.044425013274978525,
      "simulated_mean_psnr_gain_mean": 0.6251895710098505,
      "simulated_mean_psnr_gain_std": 0.07280596949636793,
      "split_family": "random",
      "split_group": "random",
      "splits": 3,
      "strong_nochange_false_intervention_rate_mean": 0.2000031272477093,
      "strong_nochange_false_intervention_rate_std": 0.03963747303634758,
      "target_margin": 0.2
    },
    {
      "bootstrap_gain_p05_mean": 0.22214089490480096,
      "bootstrap_gain_p05_std": 0.0,
      "confidence_corr_mean": 0.4426920615915913,
      "confidence_corr_std": 0.0,
      "control": "real",
      "estimator_group": "both",
      "feature_group": "C3",
      "feature_set": "C3_both",
      "head": "hgb",
      "ignored_n_mean": 33.0,
      "ignored_n_std": 0.0,
      "intervention_precision_mean": 0.7663551401869159,
      "intervention_precision_std": 0.0,
      "intervention_rate_mean": 0.452,
      "intervention_rate_std": 0.0,
      "intervention_recall_mean": 0.6666666666666666,
      "intervention_recall_std": 0.0,
      "labeled_n_mean": 217.0,
      "labeled_n_std": 0.0,
      "low_residual_preserve_rate_mean": 0.548,
      "low_residual_preserve_rate_std": 0.0,
      "nochange_false_intervention_rate_mean": 0.26595744680851063,
      "nochange_false_intervention_rate_std": 0.0,
      "official_preserve_rate_mean": 0.7697368421052632,
      "official_preserve_rate_std": 0.0,
      "oracle_recovery_mean": 0.6585573578945549,
      "oracle_recovery_std": 0.0,
      "residual_low_false_intervention_rate_mean": 0.452,
      "residual_low_false_intervention_rate_std": 0.0,
      "simulated_mean_psnr_gain_mean": 0.28290484217216944,
      "simulated_mean_psnr_gain_std": 0.0,
      "split_family": "residual_low_energy_heldout",
      "split_group": "test_residual_low",
      "splits": 1,
      "strong_nochange_false_intervention_rate_mean": 0.1323529411764706,
      "strong_nochange_false_intervention_rate_std": 0.0,
      "target_margin": 0.2
    },
    {
      "bootstrap_gain_p05_mean": 0.12425097661831681,
      "bootstrap_gain_p05_std": 0.0,
      "confidence_corr_mean": 0.34603298844788,
      "confidence_corr_std": 0.0,
      "control": "real",
      "estimator_group": "both",
      "feature_group": "C3",
      "feature_set": "C3_both",
      "head": "logistic",
      "ignored_n_mean": 42.0,
      "ignored_n_std": 0.0,
      "intervention_precision_mean": 0.5869565217391305,
      "intervention_precision_std": 0.0,
      "intervention_rate_mean": 0.436,
      "intervention_rate_std": 0.0,
      "intervention_recall_mean": 0.574468085106383,
      "intervention_recall_std": 0.0,
      "labeled_n_mean": 208.0,
      "labeled_n_std": 0.0,
      "low_residual_preserve_rate_mean": 0.5555555555555556,
      "low_residual_preserve_rate_std": 0.0,
      "nochange_false_intervention_rate_mean": 0.3333333333333333,
      "nochange_false_intervention_rate_std": 0.0,
      "official_preserve_rate_mean": 0.5952380952380952,
      "official_preserve_rate_std": 0.0,
      "oracle_recovery_mean": 0.5889846109881878,
      "oracle_recovery_std": 0.0,
      "residual_low_false_intervention_rate_mean": 0.4444444444444444,
      "residual_low_false_intervention_rate_std": 0.0,
      "simulated_mean_psnr_gain_mean": 0.18518770844437737,
      "simulated_mean_psnr_gain_std": 0.0,
      "split_family": "cr_strength_heldout",
      "split_group": "test_strong_cr",
      "splits": 1,
      "strong_nochange_false_intervention_rate_mean": 0.3465346534653465,
      "strong_nochange_false_intervention_rate_std": 0.0,
      "target_margin": 0.2
    },
    {
      "bootstrap_gain_p05_mean": 0.023940859729259557,
      "bootstrap_gain_p05_std": 0.0,
      "confidence_corr_mean": 0.14182537501326858,
      "confidence_corr_std": 0.0,
      "control": "real",
      "estimator_group": "both",
      "feature_group": "C3",
      "feature_set": "C3_both",
      "head": "logistic",
      "ignored_n_mean": 40.0,
      "ignored_n_std": 0.0,
      "intervention_precision_mean": 0.5454545454545454,
      "intervention_precision_std": 0.0,
      "intervention_rate_mean": 0.324,
      "intervention_rate_std": 0.0,
      "intervention_recall_mean": 0.4235294117647059,
      "intervention_recall_std": 0.0,
      "labeled_n_mean": 210.0,
      "labeled_n_std": 0.0,
      "low_residual_preserve_rate_mean": 0.6710526315789473,
      "low_residual_preserve_rate_std": 0.0,
      "nochange_false_intervention_rate_mean": 0.24,
      "nochange_false_intervention_rate_std": 0.0,
      "official_preserve_rate_mean": 0.6759999999999999,
      "official_preserve_rate_std": 0.0,
      "oracle_recovery_mean": 0.2686921461962732,
      "oracle_recovery_std": 0.0,
      "residual_low_false_intervention_rate_mean": 0.32894736842105265,
      "residual_low_false_intervention_rate_std": 0.0,
      "simulated_mean_psnr_gain_mean": 0.05471761665776373,
      "simulated_mean_psnr_gain_std": 0.0,
      "split_family": "official_strength_heldout",
      "split_group": "test_strong_official",
      "splits": 1,
      "strong_nochange_false_intervention_rate_mean": 0.24,
      "strong_nochange_false_intervention_rate_std": 0.0,
      "target_margin": 0.2
    },
    {
      "bootstrap_gain_p05_mean": 0.48390064884458345,
      "bootstrap_gain_p05_std": 0.057511904464362065,
      "confidence_corr_mean": 0.43330296360973436,
      "confidence_corr_std": 0.011679236426776712,
      "control": "real",
      "estimator_group": "both",
      "feature_group": "C3",
      "feature_set": "C3_both",
      "head": "logistic",
      "ignored_n_mean": 23.666666666666668,
      "ignored_n_std": 5.734883511361751,
      "intervention_precision_mean": 0.754165413123887,
      "intervention_precision_std": 0.05652404685345174,
      "intervention_rate_mean": 0.616,
      "intervention_rate_std": 0.025922962793631463,
      "intervention_recall_mean": 0.8476602555388951,
      "intervention_recall_std": 0.008421571268652684,
      "labeled_n_mean": 226.33333333333334,
      "labeled_n_std": 5.734883511361751,
      "low_residual_preserve_rate_mean": 0.3743879472693032,
      "low_residual_preserve_rate_std": 0.029325365965833097,
      "nochange_false_intervention_rate_mean": 0.3393571570042158,
      "nochange_false_intervention_rate_std": 0.08847064579577765,
      "official_preserve_rate_mean": 0.5290458175704077,
      "official_preserve_rate_std": 0.01513427665831436,
      "oracle_recovery_mean": 0.861979741820068,
      "oracle_recovery_std": 0.003764933529968439,
      "residual_low_false_intervention_rate_mean": 0.6256120527306969,
      "residual_low_false_intervention_rate_std": 0.029325365965833097,
      "simulated_mean_psnr_gain_mean": 0.606549081505987,
      "simulated_mean_psnr_gain_std": 0.065292920695149,
      "split_family": "random",
      "split_group": "random",
      "splits": 3,
      "strong_nochange_false_intervention_rate_mean": 0.2621415392313225,
      "strong_nochange_false_intervention_rate_std": 0.07519411354360811,
      "target_margin": 0.2
    },
    {
      "bootstrap_gain_p05_mean": 0.21223848850149765,
      "bootstrap_gain_p05_std": 0.0,
      "confidence_corr_mean": 0.22949544761978047,
      "confidence_corr_std": 0.0,
      "control": "real",
      "estimator_group": "both",
      "feature_group": "C3",
      "feature_set": "C3_both",
      "head": "logistic",
      "ignored_n_mean": 33.0,
      "ignored_n_std": 0.0,
      "intervention_precision_mean": 0.6923076923076923,
      "intervention_precision_std": 0.0,
      "intervention_rate_mean": 0.54,
      "intervention_rate_std": 0.0,
      "intervention_recall_mean": 0.6585365853658537,
      "intervention_recall_std": 0.0,
      "labeled_n_mean": 217.0,
      "labeled_n_std": 0.0,
      "low_residual_preserve_rate_mean": 0.45999999999999996,
      "low_residual_preserve_rate_std": 0.0,
      "nochange_false_intervention_rate_mean": 0.3829787234042553,
      "nochange_false_intervention_rate_std": 0.0,
      "official_preserve_rate_mean": 0.5263157894736843,
      "official_preserve_rate_std": 0.0,
      "oracle_recovery_mean": 0.6384069347579959,
      "oracle_recovery_std": 0.0,
      "residual_low_false_intervention_rate_mean": 0.54,
      "residual_low_false_intervention_rate_std": 0.0,
      "simulated_mean_psnr_gain_mean": 0.2742485691705649,
      "simulated_mean_psnr_gain_std": 0.0,
      "split_family": "residual_low_energy_heldout",
      "split_group": "test_residual_low",
      "splits": 1,
      "strong_nochange_false_intervention_rate_mean": 0.35294117647058826,
      "strong_nochange_false_intervention_rate_std": 0.0,
      "target_margin": 0.2
    },
    {
      "bootstrap_gain_p05_mean": 0.0,
      "bootstrap_gain_p05_std": 0.0,
      "confidence_corr_mean": 0.35323946767642744,
      "confidence_corr_std": 0.0,
      "control": "real",
      "estimator_group": "both",
      "feature_group": "C3",
      "feature_set": "C3_both_shuffled_depth",
      "head": "decision_tree",
      "ignored_n_mean": 42.0,
      "ignored_n_std": 0.0,
      "intervention_precision_mean": 1.0,
      "intervention_precision_std": 0.0,
      "intervention_rate_mean": 0.008,
      "intervention_rate_std": 0.0,
      "intervention_recall_mean": 0.02127659574468085,
      "intervention_recall_std": 0.0,
      "labeled_n_mean": 208.0,
      "labeled_n_std": 0.0,
      "low_residual_preserve_rate_mean": 0.9938271604938271,
      "low_residual_preserve_rate_std": 0.0,
      "nochange_false_intervention_rate_mean": 0.0,
      "nochange_false_intervention_rate_std": 0.0,
      "official_preserve_rate_mean": 1.0,
      "official_preserve_rate_std": 0.0,
      "oracle_recovery_mean": 0.0577437364286344,
      "oracle_recovery_std": 0.0,
      "residual_low_false_intervention_rate_mean": 0.006172839506172839,
      "residual_low_false_intervention_rate_std": 0.0,
      "simulated_mean_psnr_gain_mean": 0.018155703946650958,
      "simulated_mean_psnr_gain_std": 0.0,
      "split_family": "cr_strength_heldout",
      "split_group": "test_strong_cr",
      "splits": 1,
      "strong_nochange_false_intervention_rate_mean": 0.0,
      "strong_nochange_false_intervention_rate_std": 0.0,
      "target_margin": 0.2
    },
    {
      "bootstrap_gain_p05_mean": 0.0,
      "bootstrap_gain_p05_std": 0.0,
      "confidence_corr_mean": -0.1471306768495666,
      "confidence_corr_std": 0.0,
      "control": "real",
      "estimator_group": "both",
      "feature_group": "C3",
      "feature_set": "C3_both_shuffled_depth",
      "head": "decision_tree",
      "ignored_n_mean": 40.0,
      "ignored_n_std": 0.0,
      "intervention_precision_mean": 0.0,
      "intervention_precision_std": 0.0,
      "intervention_rate_mean": 0.0,
      "intervention_rate_std": 0.0,
      "intervention_recall_mean": 0.0,
      "intervention_recall_std": 0.0,
      "labeled_n_mean": 210.0,
      "labeled_n_std": 0.0,
      "low_residual_preserve_rate_mean": 1.0,
      "low_residual_preserve_rate_std": 0.0,
      "nochange_false_intervention_rate_mean": 0.0,
      "nochange_false_intervention_rate_std": 0.0,
      "official_preserve_rate_mean": 1.0,
      "official_preserve_rate_std": 0.0,
      "oracle_recovery_mean": 0.0,
      "oracle_recovery_std": 0.0,
      "residual_low_false_intervention_rate_mean": 0.0,
      "residual_low_false_intervention_rate_std": 0.0,
      "simulated_mean_psnr_gain_mean": 0.0,
      "simulated_mean_psnr_gain_std": 0.0,
      "split_family": "official_strength_heldout",
      "split_group": "test_strong_official",
      "splits": 1,
      "strong_nochange_false_intervention_rate_mean": 0.0,
      "strong_nochange_false_intervention_rate_std": 0.0,
      "target_margin": 0.2
    },
    {
      "bootstrap_gain_p05_mean": 0.053927424004630374,
      "bootstrap_gain_p05_std": 0.0786311782119023,
      "confidence_corr_mean": 0.2866625138275127,
      "confidence_corr_std": 0.09650050648367499,
      "control": "real",
      "estimator_group": "both",
      "feature_group": "C3",
      "feature_set": "C3_both_shuffled_depth",
      "head": "decision_tree",
      "ignored_n_mean": 23.666666666666668,
      "ignored_n_std": 5.734883511361751,
      "intervention_precision_mean": 0.6552631578947369,
      "intervention_precision_std": 0.1824856588807394,
      "intervention_rate_mean": 0.07333333333333333,
      "intervention_rate_std": 0.0613043409737208,
      "intervention_recall_mean": 0.09920587618165304,
      "intervention_recall_std": 0.09434901045468194,
      "labeled_n_mean": 226.33333333333334,
      "labeled_n_std": 5.734883511361751,
      "low_residual_preserve_rate_mean": 0.9414483821263482,
      "low_residual_preserve_rate_std": 0.041478634020688174,
      "nochange_false_intervention_rate_mean": 0.039722151486857364,
      "nochange_false_intervention_rate_std": 0.022314461575680525,
      "official_preserve_rate_mean": 0.9573560319461959,
      "official_preserve_rate_std": 0.037839439070985366,
      "oracle_recovery_mean": 0.1244757731019396,
      "oracle_recovery_std": 0.14691270503847373,
      "residual_low_false_intervention_rate_mean": 0.05855161787365177,
      "residual_low_false_intervention_rate_std": 0.04147863402068817,
      "simulated_mean_psnr_gain_mean": 0.09517791415524389,
      "simulated_mean_psnr_gain_std": 0.1130992095105361,
      "split_family": "random",
      "split_group": "random",
      "splits": 3,
      "strong_nochange_false_intervention_rate_mean": 0.05499265096788317,
      "strong_nochange_false_intervention_rate_std": 0.03554847852912318,
      "target_margin": 0.2
    },
    {
      "bootstrap_gain_p05_mean": 0.0664852551690655,
      "bootstrap_gain_p05_std": 0.0,
      "confidence_corr_mean": 0.2251231669622045,
      "confidence_corr_std": 0.0,
      "control": "real",
      "estimator_group": "both",
      "feature_group": "C3",
      "feature_set": "C3_both_shuffled_depth",
      "head": "decision_tree",
      "ignored_n_mean": 33.0,
      "ignored_n_std": 0.0,
      "intervention_precision_mean": 0.75,
      "intervention_precision_std": 0.0,
      "intervention_rate_mean": 0.132,
      "intervention_rate_std": 0.0,
      "intervention_recall_mean": 0.1951219512195122,
      "intervention_recall_std": 0.0,
      "labeled_n_mean": 217.0,
      "labeled_n_std": 0.0,
      "low_residual_preserve_rate_mean": 0.868,
      "low_residual_preserve_rate_std": 0.0,
      "nochange_false_intervention_rate_mean": 0.0851063829787234,
      "nochange_false_intervention_rate_std": 0.0,
      "official_preserve_rate_mean": 0.993421052631579,
      "official_preserve_rate_std": 0.0,
      "oracle_recovery_mean": 0.23742524698461015,
      "oracle_recovery_std": 0.0,
      "residual_low_false_intervention_rate_mean": 0.132,
      "residual_low_false_intervention_rate_std": 0.0,
      "simulated_mean_psnr_gain_mean": 0.10199377657947939,
      "simulated_mean_psnr_gain_std": 0.0,
      "split_family": "residual_low_energy_heldout",
      "split_group": "test_residual_low",
      "splits": 1,
      "strong_nochange_false_intervention_rate_mean": 0.014705882352941176,
      "strong_nochange_false_intervention_rate_std": 0.0,
      "target_margin": 0.2
    },
    {
      "bootstrap_gain_p05_mean": 0.09069343200759443,
      "bootstrap_gain_p05_std": 0.0,
      "confidence_corr_mean": 0.4336792621079562,
      "confidence_corr_std": 0.0,
      "control": "real",
      "estimator_group": "both",
      "feature_group": "C3",
      "feature_set": "C3_both_shuffled_depth",
      "head": "hgb",
      "ignored_n_mean": 42.0,
      "ignored_n_std": 0.0,
      "intervention_precision_mean": 0.6428571428571429,
      "intervention_precision_std": 0.0,
      "intervention_rate_mean": 0.288,
      "intervention_rate_std": 0.0,
      "intervention_recall_mean": 0.3829787234042553,
      "intervention_recall_std": 0.0,
      "labeled_n_mean": 208.0,
      "labeled_n_std": 0.0,
      "low_residual_preserve_rate_mean": 0.7901234567901234,
      "low_residual_preserve_rate_std": 0.0,
      "nochange_false_intervention_rate_mean": 0.17543859649122806,
      "nochange_false_intervention_rate_std": 0.0,
      "official_preserve_rate_mean": 0.7523809523809524,
      "official_preserve_rate_std": 0.0,
      "oracle_recovery_mean": 0.4735839150467622,
      "oracle_recovery_std": 0.0,
      "residual_low_false_intervention_rate_mean": 0.20987654320987653,
      "residual_low_false_intervention_rate_std": 0.0,
      "simulated_mean_psnr_gain_mean": 0.1489035848262349,
      "simulated_mean_psnr_gain_std": 0.0,
      "split_family": "cr_strength_heldout",
      "split_group": "test_strong_cr",
      "splits": 1,
      "strong_nochange_false_intervention_rate_mean": 0.16831683168316833,
      "strong_nochange_false_intervention_rate_std": 0.0,
      "target_margin": 0.2
    },
    {
      "bootstrap_gain_p05_mean": 0.02371911002913128,
      "bootstrap_gain_p05_std": 0.0,
      "confidence_corr_mean": 0.22111929138578035,
      "confidence_corr_std": 0.0,
      "control": "real",
      "estimator_group": "both",
      "feature_group": "C3",
      "feature_set": "C3_both_shuffled_depth",
      "head": "hgb",
      "ignored_n_mean": 40.0,
      "ignored_n_std": 0.0,
      "intervention_precision_mean": 0.6086956521739131,
      "intervention_precision_std": 0.0,
      "intervention_rate_mean": 0.228,
      "intervention_rate_std": 0.0,
      "intervention_recall_mean": 0.32941176470588235,
      "intervention_recall_std": 0.0,
      "labeled_n_mean": 210.0,
      "labeled_n_std": 0.0,
      "low_residual_preserve_rate_mean": 0.743421052631579,
      "low_residual_preserve_rate_std": 0.0,
      "nochange_false_intervention_rate_mean": 0.144,
      "nochange_false_intervention_rate_std": 0.0,
      "official_preserve_rate_mean": 0.772,
      "official_preserve_rate_std": 0.0,
      "oracle_recovery_mean": 0.21016369630372636,
      "oracle_recovery_std": 0.0,
      "residual_low_false_intervention_rate_mean": 0.2565789473684211,
      "residual_low_false_intervention_rate_std": 0.0,
      "simulated_mean_psnr_gain_mean": 0.04279863305466975,
      "simulated_mean_psnr_gain_std": 0.0,
      "split_family": "official_strength_heldout",
      "split_group": "test_strong_official",
      "splits": 1,
      "strong_nochange_false_intervention_rate_mean": 0.144,
      "strong_nochange_false_intervention_rate_std": 0.0,
      "target_margin": 0.2
    },
    {
      "bootstrap_gain_p05_mean": 0.4892825384799573,
      "bootstrap_gain_p05_std": 0.0583809038547357,
      "confidence_corr_mean": 0.4544442381730094,
      "confidence_corr_std": 0.05701110235736459,
      "control": "real",
      "estimator_group": "both",
      "feature_group": "C3",
      "feature_set": "C3_both_shuffled_depth",
      "head": "hgb",
      "ignored_n_mean": 23.666666666666668,
      "ignored_n_std": 5.734883511361751,
      "intervention_precision_mean": 0.7587269756387404,
      "intervention_precision_std": 0.05571927402749355,
      "intervention_rate_mean": 0.592,
      "intervention_rate_std": 0.025922962793631463,
      "intervention_recall_mean": 0.8366145313784168,
      "intervention_recall_std": 0.007485881912372188,
      "labeled_n_mean": 226.33333333333334,
      "labeled_n_std": 5.734883511361751,
      "low_residual_preserve_rate_mean": 0.40639445300462246,
      "low_residual_preserve_rate_std": 0.019732556595160086,
      "nochange_false_intervention_rate_mean": 0.326279602750191,
      "nochange_false_intervention_rate_std": 0.0840567008691379,
      "official_preserve_rate_mean": 0.6326817990752417,
      "official_preserve_rate_std": 0.026123821768311222,
      "oracle_recovery_mean": 0.8739854640444565,
      "oracle_recovery_std": 0.01097298601198684,
      "residual_low_false_intervention_rate_mean": 0.5936055469953776,
      "residual_low_false_intervention_rate_std": 0.019732556595160083,
      "simulated_mean_psnr_gain_mean": 0.6155313450954356,
      "simulated_mean_psnr_gain_std": 0.07107067824812065,
      "split_family": "random",
      "split_group": "random",
      "splits": 3,
      "strong_nochange_false_intervention_rate_mean": 0.18990211714669922,
      "strong_nochange_false_intervention_rate_std": 0.03030177970086987,
      "target_margin": 0.2
    },
    {
      "bootstrap_gain_p05_mean": 0.20721113886264012,
      "bootstrap_gain_p05_std": 0.0,
      "confidence_corr_mean": 0.4118099406222844,
      "confidence_corr_std": 0.0,
      "control": "real",
      "estimator_group": "both",
      "feature_group": "C3",
      "feature_set": "C3_both_shuffled_depth",
      "head": "hgb",
      "ignored_n_mean": 33.0,
      "ignored_n_std": 0.0,
      "intervention_precision_mean": 0.7333333333333333,
      "intervention_precision_std": 0.0,
      "intervention_rate_mean": 0.452,
      "intervention_rate_std": 0.0,
      "intervention_recall_mean": 0.6260162601626016,
      "intervention_recall_std": 0.0,
      "labeled_n_mean": 217.0,
      "labeled_n_std": 0.0,
      "low_residual_preserve_rate_mean": 0.548,
      "low_residual_preserve_rate_std": 0.0,
      "nochange_false_intervention_rate_mean": 0.2978723404255319,
      "nochange_false_intervention_rate_std": 0.0,
      "official_preserve_rate_mean": 0.756578947368421,
      "official_preserve_rate_std": 0.0,
      "oracle_recovery_mean": 0.6279860296791835,
      "oracle_recovery_std": 0.0,
      "residual_low_false_intervention_rate_mean": 0.452,
      "residual_low_false_intervention_rate_std": 0.0,
      "simulated_mean_psnr_gain_mean": 0.2697719287211469,
      "simulated_mean_psnr_gain_std": 0.0,
      "split_family": "residual_low_energy_heldout",
      "split_group": "test_residual_low",
      "splits": 1,
      "strong_nochange_false_intervention_rate_mean": 0.17647058823529413,
      "strong_nochange_false_intervention_rate_std": 0.0,
      "target_margin": 0.2
    },
    {
      "bootstrap_gain_p05_mean": 0.12381004785505967,
      "bootstrap_gain_p05_std": 0.0,
      "confidence_corr_mean": 0.3400212241932431,
      "confidence_corr_std": 0.0,
      "control": "real",
      "estimator_group": "both",
      "feature_group": "C3",
      "feature_set": "C3_both_shuffled_depth",
      "head": "logistic",
      "ignored_n_mean": 42.0,
      "ignored_n_std": 0.0,
      "intervention_precision_mean": 0.59,
      "intervention_precision_std": 0.0,
      "intervention_rate_mean": 0.476,
      "intervention_rate_std": 0.0,
      "intervention_recall_mean": 0.6276595744680851,
      "intervention_recall_std": 0.0,
      "labeled_n_mean": 208.0,
      "labeled_n_std": 0.0,
      "low_residual_preserve_rate_mean": 0.5308641975308642,
      "low_residual_preserve_rate_std": 0.0,
      "nochange_false_intervention_rate_mean": 0.35964912280701755,
      "nochange_false_intervention_rate_std": 0.0,
      "official_preserve_rate_mean": 0.5619047619047619,
      "official_preserve_rate_std": 0.0,
      "oracle_recovery_mean": 0.5995808342701382,
      "oracle_recovery_std": 0.0,
      "residual_low_false_intervention_rate_mean": 0.4691358024691358,
      "residual_low_false_intervention_rate_std": 0.0,
      "simulated_mean_psnr_gain_mean": 0.1885193579835004,
      "simulated_mean_psnr_gain_std": 0.0,
      "split_family": "cr_strength_heldout",
      "split_group": "test_strong_cr",
      "splits": 1,
      "strong_nochange_false_intervention_rate_mean": 0.36633663366336633,
      "strong_nochange_false_intervention_rate_std": 0.0,
      "target_margin": 0.2
    },
    {
      "bootstrap_gain_p05_mean": 0.025154037340329918,
      "bootstrap_gain_p05_std": 0.0,
      "confidence_corr_mean": 0.15547059633929824,
      "confidence_corr_std": 0.0,
      "control": "real",
      "estimator_group": "both",
      "feature_group": "C3",
      "feature_set": "C3_both_shuffled_depth",
      "head": "logistic",
      "ignored_n_mean": 40.0,
      "ignored_n_std": 0.0,
      "intervention_precision_mean": 0.5194805194805194,
      "intervention_precision_std": 0.0,
      "intervention_rate_mean": 0.368,
      "intervention_rate_std": 0.0,
      "intervention_recall_mean": 0.47058823529411764,
      "intervention_recall_std": 0.0,
      "labeled_n_mean": 210.0,
      "labeled_n_std": 0.0,
      "low_residual_preserve_rate_mean": 0.625,
      "low_residual_preserve_rate_std": 0.0,
      "nochange_false_intervention_rate_mean": 0.296,
      "nochange_false_intervention_rate_std": 0.0,
      "official_preserve_rate_mean": 0.632,
      "official_preserve_rate_std": 0.0,
      "oracle_recovery_mean": 0.28060992547180674,
      "oracle_recovery_std": 0.0,
      "residual_low_false_intervention_rate_mean": 0.375,
      "residual_low_false_intervention_rate_std": 0.0,
      "simulated_mean_psnr_gain_mean": 0.05714460414899517,
      "simulated_mean_psnr_gain_std": 0.0,
      "split_family": "official_strength_heldout",
      "split_group": "test_strong_official",
      "splits": 1,
      "strong_nochange_false_intervention_rate_mean": 0.296,
      "strong_nochange_false_intervention_rate_std": 0.0,
      "target_margin": 0.2
    },
    {
      "bootstrap_gain_p05_mean": 0.4839179876690874,
      "bootstrap_gain_p05_std": 0.06313446547796611,
      "confidence_corr_mean": 0.4306579242947584,
      "confidence_corr_std": 0.019840563539476025,
      "control": "real",
      "estimator_group": "both",
      "feature_group": "C3",
      "feature_set": "C3_both_shuffled_depth",
      "head": "logistic",
      "ignored_n_mean": 23.666666666666668,
      "ignored_n_std": 5.734883511361751,
      "intervention_precision_mean": 0.7417319822555161,
      "intervention_precision_std": 0.04827500619331013,
      "intervention_rate_mean": 0.624,
      "intervention_rate_std": 0.016329931618554536,
      "intervention_recall_mean": 0.8444498120299442,
      "intervention_recall_std": 0.0061191978168558085,
      "labeled_n_mean": 226.33333333333334,
      "labeled_n_std": 5.734883511361751,
      "low_residual_preserve_rate_mean": 0.36378188666324257,
      "low_residual_preserve_rate_std": 0.032353031855216076,
      "nochange_false_intervention_rate_mean": 0.35936677701383585,
      "nochange_false_intervention_rate_std": 0.07186008922495123,
      "official_preserve_rate_mean": 0.5120428751576293,
      "official_preserve_rate_std": 0.01412536393602492,
      "oracle_recovery_mean": 0.861928893425612,
      "oracle_recovery_std": 0.013661364122369936,
      "residual_low_false_intervention_rate_mean": 0.6362181133367574,
      "residual_low_false_intervention_rate_std": 0.032353031855216076,
      "simulated_mean_psnr_gain_mean": 0.607174572648882,
      "simulated_mean_psnr_gain_std": 0.07147291129633923,
      "split_family": "random",
      "split_group": "random",
      "splits": 3,
      "strong_nochange_false_intervention_rate_mean": 0.2894893204490728,
      "strong_nochange_false_intervention_rate_std": 0.09350908873551486,
      "target_margin": 0.2
    },
    {
      "bootstrap_gain_p05_mean": 0.21614597457905463,
      "bootstrap_gain_p05_std": 0.0,
      "confidence_corr_mean": 0.21486111105812533,
      "confidence_corr_std": 0.0,
      "control": "real",
      "estimator_group": "both",
      "feature_group": "C3",
      "feature_set": "C3_both_shuffled_depth",
      "head": "logistic",
      "ignored_n_mean": 33.0,
      "ignored_n_std": 0.0,
      "intervention_precision_mean": 0.6829268292682927,
      "intervention_precision_std": 0.0,
      "intervention_rate_mean": 0.56,
      "intervention_rate_std": 0.0,
      "intervention_recall_mean": 0.6829268292682927,
      "intervention_recall_std": 0.0,
      "labeled_n_mean": 217.0,
      "labeled_n_std": 0.0,
      "low_residual_preserve_rate_mean": 0.43999999999999995,
      "low_residual_preserve_rate_std": 0.0,
      "nochange_false_intervention_rate_mean": 0.4148936170212766,
      "nochange_false_intervention_rate_std": 0.0,
      "official_preserve_rate_mean": 0.5263157894736843,
      "official_preserve_rate_std": 0.0,
      "oracle_recovery_mean": 0.6500875840571821,
      "oracle_recovery_std": 0.0,
      "residual_low_false_intervention_rate_mean": 0.56,
      "residual_low_false_intervention_rate_std": 0.0,
      "simulated_mean_psnr_gain_mean": 0.27926637393250614,
      "simulated_mean_psnr_gain_std": 0.0,
      "split_family": "residual_low_energy_heldout",
      "split_group": "test_residual_low",
      "splits": 1,
      "strong_nochange_false_intervention_rate_mean": 0.38235294117647056,
      "strong_nochange_false_intervention_rate_std": 0.0,
      "target_margin": 0.2
    },
    {
      "bootstrap_gain_p05_mean": 0.0,
      "bootstrap_gain_p05_std": 0.0,
      "confidence_corr_mean": 0.3532394676764274,
      "confidence_corr_std": 0.0,
      "control": "real",
      "estimator_group": "depthanything",
      "feature_group": "C3",
      "feature_set": "C3_depthanything",
      "head": "decision_tree",
      "ignored_n_mean": 42.0,
      "ignored_n_std": 0.0,
      "intervention_precision_mean": 1.0,
      "intervention_precision_std": 0.0,
      "intervention_rate_mean": 0.008,
      "intervention_rate_std": 0.0,
      "intervention_recall_mean": 0.02127659574468085,
      "intervention_recall_std": 0.0,
      "labeled_n_mean": 208.0,
      "labeled_n_std": 0.0,
      "low_residual_preserve_rate_mean": 0.9938271604938271,
      "low_residual_preserve_rate_std": 0.0,
      "nochange_false_intervention_rate_mean": 0.0,
      "nochange_false_intervention_rate_std": 0.0,
      "official_preserve_rate_mean": 1.0,
      "official_preserve_rate_std": 0.0,
      "oracle_recovery_mean": 0.0577437364286344,
      "oracle_recovery_std": 0.0,
      "residual_low_false_intervention_rate_mean": 0.006172839506172839,
      "residual_low_false_intervention_rate_std": 0.0,
      "simulated_mean_psnr_gain_mean": 0.018155703946650958,
      "simulated_mean_psnr_gain_std": 0.0,
      "split_family": "cr_strength_heldout",
      "split_group": "test_strong_cr",
      "splits": 1,
      "strong_nochange_false_intervention_rate_mean": 0.0,
      "strong_nochange_false_intervention_rate_std": 0.0,
      "target_margin": 0.2
    },
    {
      "bootstrap_gain_p05_mean": 0.0,
      "bootstrap_gain_p05_std": 0.0,
      "confidence_corr_mean": -0.1471306768495666,
      "confidence_corr_std": 0.0,
      "control": "real",
      "estimator_group": "depthanything",
      "feature_group": "C3",
      "feature_set": "C3_depthanything",
      "head": "decision_tree",
      "ignored_n_mean": 40.0,
      "ignored_n_std": 0.0,
      "intervention_precision_mean": 0.0,
      "intervention_precision_std": 0.0,
      "intervention_rate_mean": 0.0,
      "intervention_rate_std": 0.0,
      "intervention_recall_mean": 0.0,
      "intervention_recall_std": 0.0,
      "labeled_n_mean": 210.0,
      "labeled_n_std": 0.0,
      "low_residual_preserve_rate_mean": 1.0,
      "low_residual_preserve_rate_std": 0.0,
      "nochange_false_intervention_rate_mean": 0.0,
      "nochange_false_intervention_rate_std": 0.0,
      "official_preserve_rate_mean": 1.0,
      "official_preserve_rate_std": 0.0,
      "oracle_recovery_mean": 0.0,
      "oracle_recovery_std": 0.0,
      "residual_low_false_intervention_rate_mean": 0.0,
      "residual_low_false_intervention_rate_std": 0.0,
      "simulated_mean_psnr_gain_mean": 0.0,
      "simulated_mean_psnr_gain_std": 0.0,
      "split_family": "official_strength_heldout",
      "split_group": "test_strong_official",
      "splits": 1,
      "strong_nochange_false_intervention_rate_mean": 0.0,
      "strong_nochange_false_intervention_rate_std": 0.0,
      "target_margin": 0.2
    },
    {
      "bootstrap_gain_p05_mean": 0.053927424004630374,
      "bootstrap_gain_p05_std": 0.0786311782119023,
      "confidence_corr_mean": 0.280371892418435,
      "confidence_corr_std": 0.10539616558761426,
      "control": "real",
      "estimator_group": "depthanything",
      "feature_group": "C3",
      "feature_set": "C3_depthanything",
      "head": "decision_tree",
      "ignored_n_mean": 23.666666666666668,
      "ignored_n_std": 5.734883511361751,
      "intervention_precision_mean": 0.6552631578947369,
      "intervention_precision_std": 0.1824856588807394,
      "intervention_rate_mean": 0.07333333333333333,
      "intervention_rate_std": 0.0613043409737208,
      "intervention_recall_mean": 0.09920587618165304,
      "intervention_recall_std": 0.09434901045468194,
      "labeled_n_mean": 226.33333333333334,
      "labeled_n_std": 5.734883511361751,
      "low_residual_preserve_rate_mean": 0.9414483821263482,
      "low_residual_preserve_rate_std": 0.041478634020688174,
      "nochange_false_intervention_rate_mean": 0.039722151486857364,
      "nochange_false_intervention_rate_std": 0.022314461575680525,
      "official_preserve_rate_mean": 0.9573560319461959,
      "official_preserve_rate_std": 0.037839439070985366,
      "oracle_recovery_mean": 0.1244757731019396,
      "oracle_recovery_std": 0.14691270503847373,
      "residual_low_false_intervention_rate_mean": 0.05855161787365177,
      "residual_low_false_intervention_rate_std": 0.04147863402068817,
      "simulated_mean_psnr_gain_mean": 0.09517791415524389,
      "simulated_mean_psnr_gain_std": 0.1130992095105361,
      "split_family": "random",
      "split_group": "random",
      "splits": 3,
      "strong_nochange_false_intervention_rate_mean": 0.05499265096788317,
      "strong_nochange_false_intervention_rate_std": 0.03554847852912318,
      "target_margin": 0.2
    },
    {
      "bootstrap_gain_p05_mean": 0.0664852551690655,
      "bootstrap_gain_p05_std": 0.0,
      "confidence_corr_mean": 0.22512316696220458,
      "confidence_corr_std": 0.0,
      "control": "real",
      "estimator_group": "depthanything",
      "feature_group": "C3",
      "feature_set": "C3_depthanything",
      "head": "decision_tree",
      "ignored_n_mean": 33.0,
      "ignored_n_std": 0.0,
      "intervention_precision_mean": 0.75,
      "intervention_precision_std": 0.0,
      "intervention_rate_mean": 0.132,
      "intervention_rate_std": 0.0,
      "intervention_recall_mean": 0.1951219512195122,
      "intervention_recall_std": 0.0,
      "labeled_n_mean": 217.0,
      "labeled_n_std": 0.0,
      "low_residual_preserve_rate_mean": 0.868,
      "low_residual_preserve_rate_std": 0.0,
      "nochange_false_intervention_rate_mean": 0.0851063829787234,
      "nochange_false_intervention_rate_std": 0.0,
      "official_preserve_rate_mean": 0.993421052631579,
      "official_preserve_rate_std": 0.0,
      "oracle_recovery_mean": 0.23742524698461015,
      "oracle_recovery_std": 0.0,
      "residual_low_false_intervention_rate_mean": 0.132,
      "residual_low_false_intervention_rate_std": 0.0,
      "simulated_mean_psnr_gain_mean": 0.10199377657947939,
      "simulated_mean_psnr_gain_std": 0.0,
      "split_family": "residual_low_energy_heldout",
      "split_group": "test_residual_low",
      "splits": 1,
      "strong_nochange_false_intervention_rate_mean": 0.014705882352941176,
      "strong_nochange_false_intervention_rate_std": 0.0,
      "target_margin": 0.2
    },
    {
      "bootstrap_gain_p05_mean": 0.09486589696949087,
      "bootstrap_gain_p05_std": 0.0,
      "confidence_corr_mean": 0.4326214603437279,
      "confidence_corr_std": 0.0,
      "control": "real",
      "estimator_group": "depthanything",
      "feature_group": "C3",
      "feature_set": "C3_depthanything",
      "head": "hgb",
      "ignored_n_mean": 42.0,
      "ignored_n_std": 0.0,
      "intervention_precision_mean": 0.660377358490566,
      "intervention_precision_std": 0.0,
      "intervention_rate_mean": 0.256,
      "intervention_rate_std": 0.0,
      "intervention_recall_mean": 0.3723404255319149,
      "intervention_recall_std": 0.0,
      "labeled_n_mean": 208.0,
      "labeled_n_std": 0.0,
      "low_residual_preserve_rate_mean": 0.8024691358024691,
      "low_residual_preserve_rate_std": 0.0,
      "nochange_false_intervention_rate_mean": 0.15789473684210525,
      "nochange_false_intervention_rate_std": 0.0,
      "official_preserve_rate_mean": 0.7857142857142857,
      "official_preserve_rate_std": 0.0,
      "oracle_recovery_mean": 0.48096530533150994,
      "oracle_recovery_std": 0.0,
      "residual_low_false_intervention_rate_mean": 0.19753086419753085,
      "residual_low_false_intervention_rate_std": 0.0,
      "simulated_mean_psnr_gain_mean": 0.15122443112079698,
      "simulated_mean_psnr_gain_std": 0.0,
      "split_family": "cr_strength_heldout",
      "split_group": "test_strong_cr",
      "splits": 1,
      "strong_nochange_false_intervention_rate_mean": 0.1485148514851485,
      "strong_nochange_false_intervention_rate_std": 0.0,
      "target_margin": 0.2
    },
    {
      "bootstrap_gain_p05_mean": 0.014831214341872505,
      "bootstrap_gain_p05_std": 0.0,
      "confidence_corr_mean": 0.212970713786622,
      "confidence_corr_std": 0.0,
      "control": "real",
      "estimator_group": "depthanything",
      "feature_group": "C3",
      "feature_set": "C3_depthanything",
      "head": "hgb",
      "ignored_n_mean": 40.0,
      "ignored_n_std": 0.0,
      "intervention_precision_mean": 0.5897435897435898,
      "intervention_precision_std": 0.0,
      "intervention_rate_mean": 0.192,
      "intervention_rate_std": 0.0,
      "intervention_recall_mean": 0.27058823529411763,
      "intervention_recall_std": 0.0,
      "labeled_n_mean": 210.0,
      "labeled_n_std": 0.0,
      "low_residual_preserve_rate_mean": 0.7960526315789473,
      "low_residual_preserve_rate_std": 0.0,
      "nochange_false_intervention_rate_mean": 0.128,
      "nochange_false_intervention_rate_std": 0.0,
      "official_preserve_rate_mean": 0.808,
      "official_preserve_rate_std": 0.0,
      "oracle_recovery_mean": 0.16007867058201472,
      "oracle_recovery_std": 0.0,
      "residual_low_false_intervention_rate_mean": 0.20394736842105263,
      "residual_low_false_intervention_rate_std": 0.0,
      "simulated_mean_psnr_gain_mean": 0.03259910442485651,
      "simulated_mean_psnr_gain_std": 0.0,
      "split_family": "official_strength_heldout",
      "split_group": "test_strong_official",
      "splits": 1,
      "strong_nochange_false_intervention_rate_mean": 0.128,
      "strong_nochange_false_intervention_rate_std": 0.0,
      "target_margin": 0.2
    },
    {
      "bootstrap_gain_p05_mean": 0.5010526713359259,
      "bootstrap_gain_p05_std": 0.06389841180320975,
      "confidence_corr_mean": 0.47004722610072003,
      "confidence_corr_std": 0.05624214064140026,
      "control": "real",
      "estimator_group": "depthanything",
      "feature_group": "C3",
      "feature_set": "C3_depthanything",
      "head": "hgb",
      "ignored_n_mean": 23.666666666666668,
      "ignored_n_std": 5.734883511361751,
      "intervention_precision_mean": 0.739036910269787,
      "intervention_precision_std": 0.0446484588538776,
      "intervention_rate_mean": 0.632,
      "intervention_rate_std": 0.011775681155103806,
      "intervention_recall_mean": 0.8656904631947451,
      "intervention_recall_std": 0.01595927037188195,
      "labeled_n_mean": 226.33333333333334,
      "labeled_n_std": 5.734883511361751,
      "low_residual_preserve_rate_mean": 0.3632768361581921,
      "low_residual_preserve_rate_std": 0.023189091011252203,
      "nochange_false_intervention_rate_mean": 0.3724499900970489,
      "nochange_false_intervention_rate_std": 0.06259777498407763,
      "official_preserve_rate_mean": 0.5941572089113073,
      "official_preserve_rate_std": 0.015953728217190738,
      "oracle_recovery_mean": 0.889190435996824,
      "oracle_recovery_std": 0.02162995381648063,
      "residual_low_false_intervention_rate_mean": 0.6367231638418079,
      "residual_low_false_intervention_rate_std": 0.023189091011252203,
      "simulated_mean_psnr_gain_mean": 0.6266953489648063,
      "simulated_mean_psnr_gain_std": 0.07654775624877008,
      "split_family": "random",
      "split_group": "random",
      "splits": 3,
      "strong_nochange_false_intervention_rate_mean": 0.21990805891734685,
      "strong_nochange_false_intervention_rate_std": 0.03985264654896522,
      "target_margin": 0.2
    },
    {
      "bootstrap_gain_p05_mean": 0.21901566332738603,
      "bootstrap_gain_p05_std": 0.0,
      "confidence_corr_mean": 0.4378450976133233,
      "confidence_corr_std": 0.0,
      "control": "real",
      "estimator_group": "depthanything",
      "feature_group": "C3",
      "feature_set": "C3_depthanything",
      "head": "hgb",
      "ignored_n_mean": 33.0,
      "ignored_n_std": 0.0,
      "intervention_precision_mean": 0.7523809523809524,
      "intervention_precision_std": 0.0,
      "intervention_rate_mean": 0.444,
      "intervention_rate_std": 0.0,
      "intervention_recall_mean": 0.6422764227642277,
      "intervention_recall_std": 0.0,
      "labeled_n_mean": 217.0,
      "labeled_n_std": 0.0,
      "low_residual_preserve_rate_mean": 0.556,
      "low_residual_preserve_rate_std": 0.0,
      "nochange_false_intervention_rate_mean": 0.2765957446808511,
      "nochange_false_intervention_rate_std": 0.0,
      "official_preserve_rate_mean": 0.7763157894736842,
      "official_preserve_rate_std": 0.0,
      "oracle_recovery_mean": 0.6460918120517186,
      "oracle_recovery_std": 0.0,
      "residual_low_false_intervention_rate_mean": 0.444,
      "residual_low_false_intervention_rate_std": 0.0,
      "simulated_mean_psnr_gain_mean": 0.277549859440624,
      "simulated_mean_psnr_gain_std": 0.0,
      "split_family": "residual_low_energy_heldout",
      "split_group": "test_residual_low",
      "splits": 1,
      "strong_nochange_false_intervention_rate_mean": 0.14705882352941177,
      "strong_nochange_false_intervention_rate_std": 0.0,
      "target_margin": 0.2
    },
    {
      "bootstrap_gain_p05_mean": 0.12194421138905849,
      "bootstrap_gain_p05_std": 0.0,
      "confidence_corr_mean": 0.3488054108494597,
      "confidence_corr_std": 0.0,
      "control": "real",
      "estimator_group": "depthanything",
      "feature_group": "C3",
      "feature_set": "C3_depthanything",
      "head": "logistic",
      "ignored_n_mean": 42.0,
      "ignored_n_std": 0.0,
      "intervention_precision_mean": 0.5824175824175825,
      "intervention_precision_std": 0.0,
      "intervention_rate_mean": 0.432,
      "intervention_rate_std": 0.0,
      "intervention_recall_mean": 0.5638297872340425,
      "intervention_recall_std": 0.0,
      "labeled_n_mean": 208.0,
      "labeled_n_std": 0.0,
      "low_residual_preserve_rate_mean": 0.5617283950617284,
      "low_residual_preserve_rate_std": 0.0,
      "nochange_false_intervention_rate_mean": 0.3333333333333333,
      "nochange_false_intervention_rate_std": 0.0,
      "official_preserve_rate_mean": 0.6,
      "official_preserve_rate_std": 0.0,
      "oracle_recovery_mean": 0.582390753854651,
      "oracle_recovery_std": 0.0,
      "residual_low_false_intervention_rate_mean": 0.4382716049382716,
      "residual_low_false_intervention_rate_std": 0.0,
      "simulated_mean_psnr_gain_mean": 0.18311447720948898,
      "simulated_mean_psnr_gain_std": 0.0,
      "split_family": "cr_strength_heldout",
      "split_group": "test_strong_cr",
      "splits": 1,
      "strong_nochange_false_intervention_rate_mean": 0.3465346534653465,
      "strong_nochange_false_intervention_rate_std": 0.0,
      "target_margin": 0.2
    },
    {
      "bootstrap_gain_p05_mean": 0.02932335344197935,
      "bootstrap_gain_p05_std": 0.0,
      "confidence_corr_mean": 0.15258051764370725,
      "confidence_corr_std": 0.0,
      "control": "real",
      "estimator_group": "depthanything",
      "feature_group": "C3",
      "feature_set": "C3_depthanything",
      "head": "logistic",
      "ignored_n_mean": 40.0,
      "ignored_n_std": 0.0,
      "intervention_precision_mean": 0.5692307692307692,
      "intervention_precision_std": 0.0,
      "intervention_rate_mean": 0.32,
      "intervention_rate_std": 0.0,
      "intervention_recall_mean": 0.43529411764705883,
      "intervention_recall_std": 0.0,
      "labeled_n_mean": 210.0,
      "labeled_n_std": 0.0,
      "low_residual_preserve_rate_mean": 0.6776315789473684,
      "low_residual_preserve_rate_std": 0.0,
      "nochange_false_intervention_rate_mean": 0.224,
      "nochange_false_intervention_rate_std": 0.0,
      "official_preserve_rate_mean": 0.6799999999999999,
      "official_preserve_rate_std": 0.0,
      "oracle_recovery_mean": 0.2884656381356513,
      "oracle_recovery_std": 0.0,
      "residual_low_false_intervention_rate_mean": 0.3223684210526316,
      "residual_low_false_intervention_rate_std": 0.0,
      "simulated_mean_psnr_gain_mean": 0.058744375039953015,
      "simulated_mean_psnr_gain_std": 0.0,
      "split_family": "official_strength_heldout",
      "split_group": "test_strong_official",
      "splits": 1,
      "strong_nochange_false_intervention_rate_mean": 0.224,
      "strong_nochange_false_intervention_rate_std": 0.0,
      "target_margin": 0.2
    },
    {
      "bootstrap_gain_p05_mean": 0.483516781181255,
      "bootstrap_gain_p05_std": 0.05735809340784816,
      "confidence_corr_mean": 0.43211266977266183,
      "confidence_corr_std": 0.012236087152024351,
      "control": "real",
      "estimator_group": "depthanything",
      "feature_group": "C3",
      "feature_set": "C3_depthanything",
      "head": "logistic",
      "ignored_n_mean": 23.666666666666668,
      "ignored_n_std": 5.734883511361751,
      "intervention_precision_mean": 0.7458547657538497,
      "intervention_precision_std": 0.054579999950211365,
      "intervention_rate_mean": 0.624,
      "intervention_rate_std": 0.023551362310207612,
      "intervention_recall_mean": 0.8503924959760535,
      "intervention_recall_std": 0.010586589401501307,
      "labeled_n_mean": 226.33333333333334,
      "labeled_n_std": 5.734883511361751,
      "low_residual_preserve_rate_mean": 0.3687382297551789,
      "low_residual_preserve_rate_std": 0.027373773725961007,
      "nochange_false_intervention_rate_mean": 0.3559941148176442,
      "nochange_false_intervention_rate_std": 0.08841728937740921,
      "official_preserve_rate_mean": 0.5290458175704077,
      "official_preserve_rate_std": 0.01513427665831436,
      "oracle_recovery_mean": 0.8616375865733014,
      "oracle_recovery_std": 0.004304834992428703,
      "residual_low_false_intervention_rate_mean": 0.6312617702448211,
      "residual_low_false_intervention_rate_std": 0.027373773725961007,
      "simulated_mean_psnr_gain_mean": 0.6064256904243959,
      "simulated_mean_psnr_gain_std": 0.0662417018529428,
      "split_family": "random",
      "split_group": "random",
      "splits": 3,
      "strong_nochange_false_intervention_rate_mean": 0.2621415392313225,
      "strong_nochange_false_intervention_rate_std": 0.07519411354360811,
      "target_margin": 0.2
    },
    {
      "bootstrap_gain_p05_mean": 0.21005209426506108,
      "bootstrap_gain_p05_std": 0.0,
      "confidence_corr_mean": 0.2350686964100359,
      "confidence_corr_std": 0.0,
      "control": "real",
      "estimator_group": "depthanything",
      "feature_group": "C3",
      "feature_set": "C3_depthanything",
      "head": "logistic",
      "ignored_n_mean": 33.0,
      "ignored_n_std": 0.0,
      "intervention_precision_mean": 0.6833333333333333,
      "intervention_precision_std": 0.0,
      "intervention_rate_mean": 0.544,
      "intervention_rate_std": 0.0,
      "intervention_recall_mean": 0.6666666666666666,
      "intervention_recall_std": 0.0,
      "labeled_n_mean": 217.0,
      "labeled_n_std": 0.0,
      "low_residual_preserve_rate_mean": 0.45599999999999996,
      "low_residual_preserve_rate_std": 0.0,
      "nochange_false_intervention_rate_mean": 0.40425531914893614,
      "nochange_false_intervention_rate_std": 0.0,
      "official_preserve_rate_mean": 0.5263157894736843,
      "official_preserve_rate_std": 0.0,
      "oracle_recovery_mean": 0.6350015067825616,
      "oracle_recovery_std": 0.0,
      "residual_low_false_intervention_rate_mean": 0.544,
      "residual_low_false_intervention_rate_std": 0.0,
      "simulated_mean_psnr_gain_mean": 0.2727856562558888,
      "simulated_mean_psnr_gain_std": 0.0,
      "split_family": "residual_low_energy_heldout",
      "split_group": "test_residual_low",
      "splits": 1,
      "strong_nochange_false_intervention_rate_mean": 0.38235294117647056,
      "strong_nochange_false_intervention_rate_std": 0.0,
      "target_margin": 0.2
    },
    {
      "bootstrap_gain_p05_mean": 0.0,
      "bootstrap_gain_p05_std": 0.0,
      "confidence_corr_mean": 0.3532394676764274,
      "confidence_corr_std": 0.0,
      "control": "real",
      "estimator_group": "depthanything",
      "feature_group": "C3",
      "feature_set": "C3_depthanything_shuffled_depth",
      "head": "decision_tree",
      "ignored_n_mean": 42.0,
      "ignored_n_std": 0.0,
      "intervention_precision_mean": 1.0,
      "intervention_precision_std": 0.0,
      "intervention_rate_mean": 0.008,
      "intervention_rate_std": 0.0,
      "intervention_recall_mean": 0.02127659574468085,
      "intervention_recall_std": 0.0,
      "labeled_n_mean": 208.0,
      "labeled_n_std": 0.0,
      "low_residual_preserve_rate_mean": 0.9938271604938271,
      "low_residual_preserve_rate_std": 0.0,
      "nochange_false_intervention_rate_mean": 0.0,
      "nochange_false_intervention_rate_std": 0.0,
      "official_preserve_rate_mean": 1.0,
      "official_preserve_rate_std": 0.0,
      "oracle_recovery_mean": 0.0577437364286344,
      "oracle_recovery_std": 0.0,
      "residual_low_false_intervention_rate_mean": 0.006172839506172839,
      "residual_low_false_intervention_rate_std": 0.0,
      "simulated_mean_psnr_gain_mean": 0.018155703946650958,
      "simulated_mean_psnr_gain_std": 0.0,
      "split_family": "cr_strength_heldout",
      "split_group": "test_strong_cr",
      "splits": 1,
      "strong_nochange_false_intervention_rate_mean": 0.0,
      "strong_nochange_false_intervention_rate_std": 0.0,
      "target_margin": 0.2
    },
    {
      "bootstrap_gain_p05_mean": 0.0,
      "bootstrap_gain_p05_std": 0.0,
      "confidence_corr_mean": -0.1471306768495666,
      "confidence_corr_std": 0.0,
      "control": "real",
      "estimator_group": "depthanything",
      "feature_group": "C3",
      "feature_set": "C3_depthanything_shuffled_depth",
      "head": "decision_tree",
      "ignored_n_mean": 40.0,
      "ignored_n_std": 0.0,
      "intervention_precision_mean": 0.0,
      "intervention_precision_std": 0.0,
      "intervention_rate_mean": 0.0,
      "intervention_rate_std": 0.0,
      "intervention_recall_mean": 0.0,
      "intervention_recall_std": 0.0,
      "labeled_n_mean": 210.0,
      "labeled_n_std": 0.0,
      "low_residual_preserve_rate_mean": 1.0,
      "low_residual_preserve_rate_std": 0.0,
      "nochange_false_intervention_rate_mean": 0.0,
      "nochange_false_intervention_rate_std": 0.0,
      "official_preserve_rate_mean": 1.0,
      "official_preserve_rate_std": 0.0,
      "oracle_recovery_mean": 0.0,
      "oracle_recovery_std": 0.0,
      "residual_low_false_intervention_rate_mean": 0.0,
      "residual_low_false_intervention_rate_std": 0.0,
      "simulated_mean_psnr_gain_mean": 0.0,
      "simulated_mean_psnr_gain_std": 0.0,
      "split_family": "official_strength_heldout",
      "split_group": "test_strong_official",
      "splits": 1,
      "strong_nochange_false_intervention_rate_mean": 0.0,
      "strong_nochange_false_intervention_rate_std": 0.0,
      "target_margin": 0.2
    },
    {
      "bootstrap_gain_p05_mean": 0.053927424004630374,
      "bootstrap_gain_p05_std": 0.0786311782119023,
      "confidence_corr_mean": 0.280371892418435,
      "confidence_corr_std": 0.10539616558761426,
      "control": "real",
      "estimator_group": "depthanything",
      "feature_group": "C3",
      "feature_set": "C3_depthanything_shuffled_depth",
      "head": "decision_tree",
      "ignored_n_mean": 23.666666666666668,
      "ignored_n_std": 5.734883511361751,
      "intervention_precision_mean": 0.6552631578947369,
      "intervention_precision_std": 0.1824856588807394,
      "intervention_rate_mean": 0.07333333333333333,
      "intervention_rate_std": 0.0613043409737208,
      "intervention_recall_mean": 0.09920587618165304,
      "intervention_recall_std": 0.09434901045468194,
      "labeled_n_mean": 226.33333333333334,
      "labeled_n_std": 5.734883511361751,
      "low_residual_preserve_rate_mean": 0.9414483821263482,
      "low_residual_preserve_rate_std": 0.041478634020688174,
      "nochange_false_intervention_rate_mean": 0.039722151486857364,
      "nochange_false_intervention_rate_std": 0.022314461575680525,
      "official_preserve_rate_mean": 0.9573560319461959,
      "official_preserve_rate_std": 0.037839439070985366,
      "oracle_recovery_mean": 0.1244757731019396,
      "oracle_recovery_std": 0.14691270503847373,
      "residual_low_false_intervention_rate_mean": 0.05855161787365177,
      "residual_low_false_intervention_rate_std": 0.04147863402068817,
      "simulated_mean_psnr_gain_mean": 0.09517791415524389,
      "simulated_mean_psnr_gain_std": 0.1130992095105361,
      "split_family": "random",
      "split_group": "random",
      "splits": 3,
      "strong_nochange_false_intervention_rate_mean": 0.05499265096788317,
      "strong_nochange_false_intervention_rate_std": 0.03554847852912318,
      "target_margin": 0.2
    },
    {
      "bootstrap_gain_p05_mean": 0.0664852551690655,
      "bootstrap_gain_p05_std": 0.0,
      "confidence_corr_mean": 0.22512316696220447,
      "confidence_corr_std": 0.0,
      "control": "real",
      "estimator_group": "depthanything",
      "feature_group": "C3",
      "feature_set": "C3_depthanything_shuffled_depth",
      "head": "decision_tree",
      "ignored_n_mean": 33.0,
      "ignored_n_std": 0.0,
      "intervention_precision_mean": 0.75,
      "intervention_precision_std": 0.0,
      "intervention_rate_mean": 0.132,
      "intervention_rate_std": 0.0,
      "intervention_recall_mean": 0.1951219512195122,
      "intervention_recall_std": 0.0,
      "labeled_n_mean": 217.0,
      "labeled_n_std": 0.0,
      "low_residual_preserve_rate_mean": 0.868,
      "low_residual_preserve_rate_std": 0.0,
      "nochange_false_intervention_rate_mean": 0.0851063829787234,
      "nochange_false_intervention_rate_std": 0.0,
      "official_preserve_rate_mean": 0.993421052631579,
      "official_preserve_rate_std": 0.0,
      "oracle_recovery_mean": 0.23742524698461015,
      "oracle_recovery_std": 0.0,
      "residual_low_false_intervention_rate_mean": 0.132,
      "residual_low_false_intervention_rate_std": 0.0,
      "simulated_mean_psnr_gain_mean": 0.10199377657947939,
      "simulated_mean_psnr_gain_std": 0.0,
      "split_family": "residual_low_energy_heldout",
      "split_group": "test_residual_low",
      "splits": 1,
      "strong_nochange_false_intervention_rate_mean": 0.014705882352941176,
      "strong_nochange_false_intervention_rate_std": 0.0,
      "target_margin": 0.2
    },
    {
      "bootstrap_gain_p05_mean": 0.09069343200759443,
      "bootstrap_gain_p05_std": 0.0,
      "confidence_corr_mean": 0.4336792621079562,
      "confidence_corr_std": 0.0,
      "control": "real",
      "estimator_group": "depthanything",
      "feature_group": "C3",
      "feature_set": "C3_depthanything_shuffled_depth",
      "head": "hgb",
      "ignored_n_mean": 42.0,
      "ignored_n_std": 0.0,
      "intervention_precision_mean": 0.6428571428571429,
      "intervention_precision_std": 0.0,
      "intervention_rate_mean": 0.288,
      "intervention_rate_std": 0.0,
      "intervention_recall_mean": 0.3829787234042553,
      "intervention_recall_std": 0.0,
      "labeled_n_mean": 208.0,
      "labeled_n_std": 0.0,
      "low_residual_preserve_rate_mean": 0.7901234567901234,
      "low_residual_preserve_rate_std": 0.0,
      "nochange_false_intervention_rate_mean": 0.17543859649122806,
      "nochange_false_intervention_rate_std": 0.0,
      "official_preserve_rate_mean": 0.7523809523809524,
      "official_preserve_rate_std": 0.0,
      "oracle_recovery_mean": 0.4735839150467622,
      "oracle_recovery_std": 0.0,
      "residual_low_false_intervention_rate_mean": 0.20987654320987653,
      "residual_low_false_intervention_rate_std": 0.0,
      "simulated_mean_psnr_gain_mean": 0.1489035848262349,
      "simulated_mean_psnr_gain_std": 0.0,
      "split_family": "cr_strength_heldout",
      "split_group": "test_strong_cr",
      "splits": 1,
      "strong_nochange_false_intervention_rate_mean": 0.16831683168316833,
      "strong_nochange_false_intervention_rate_std": 0.0,
      "target_margin": 0.2
    },
    {
      "bootstrap_gain_p05_mean": 0.023900948260993482,
      "bootstrap_gain_p05_std": 0.0,
      "confidence_corr_mean": 0.22318476159919626,
      "confidence_corr_std": 0.0,
      "control": "real",
      "estimator_group": "depthanything",
      "feature_group": "C3",
      "feature_set": "C3_depthanything_shuffled_depth",
      "head": "hgb",
      "ignored_n_mean": 40.0,
      "ignored_n_std": 0.0,
      "intervention_precision_mean": 0.6222222222222222,
      "intervention_precision_std": 0.0,
      "intervention_rate_mean": 0.224,
      "intervention_rate_std": 0.0,
      "intervention_recall_mean": 0.32941176470588235,
      "intervention_recall_std": 0.0,
      "labeled_n_mean": 210.0,
      "labeled_n_std": 0.0,
      "low_residual_preserve_rate_mean": 0.75,
      "low_residual_preserve_rate_std": 0.0,
      "nochange_false_intervention_rate_mean": 0.136,
      "nochange_false_intervention_rate_std": 0.0,
      "official_preserve_rate_mean": 0.776,
      "official_preserve_rate_std": 0.0,
      "oracle_recovery_mean": 0.2110821323340364,
      "oracle_recovery_std": 0.0,
      "residual_low_false_intervention_rate_mean": 0.25,
      "residual_low_false_intervention_rate_std": 0.0,
      "simulated_mean_psnr_gain_mean": 0.04298566729196551,
      "simulated_mean_psnr_gain_std": 0.0,
      "split_family": "official_strength_heldout",
      "split_group": "test_strong_official",
      "splits": 1,
      "strong_nochange_false_intervention_rate_mean": 0.136,
      "strong_nochange_false_intervention_rate_std": 0.0,
      "target_margin": 0.2
    },
    {
      "bootstrap_gain_p05_mean": 0.4942973473517347,
      "bootstrap_gain_p05_std": 0.06078230866856392,
      "confidence_corr_mean": 0.46677006617567773,
      "confidence_corr_std": 0.06038587493242402,
      "control": "real",
      "estimator_group": "depthanything",
      "feature_group": "C3",
      "feature_set": "C3_depthanything_shuffled_depth",
      "head": "hgb",
      "ignored_n_mean": 23.666666666666668,
      "ignored_n_std": 5.734883511361751,
      "intervention_precision_mean": 0.7614313207670906,
      "intervention_precision_std": 0.05301157060061771,
      "intervention_rate_mean": 0.6013333333333334,
      "intervention_rate_std": 0.04956701412117628,
      "intervention_recall_mean": 0.8465536267102207,
      "intervention_recall_std": 0.03086503690069757,
      "labeled_n_mean": 226.33333333333334,
      "labeled_n_std": 5.734883511361751,
      "low_residual_preserve_rate_mean": 0.3698424927238486,
      "low_residual_preserve_rate_std": 0.04849705396799871,
      "nochange_false_intervention_rate_mean": 0.32714257420139775,
      "nochange_false_intervention_rate_std": 0.08873847879389933,
      "official_preserve_rate_mean": 0.617906683480454,
      "official_preserve_rate_std": 0.06290862286286754,
      "oracle_recovery_mean": 0.8833046868312727,
      "oracle_recovery_std": 0.01757720478701662,
      "residual_low_false_intervention_rate_mean": 0.6301575072761514,
      "residual_low_false_intervention_rate_std": 0.04849705396799871,
      "simulated_mean_psnr_gain_mean": 0.6220658735440274,
      "simulated_mean_psnr_gain_std": 0.0725693826020263,
      "split_family": "random",
      "split_group": "random",
      "splits": 3,
      "strong_nochange_false_intervention_rate_mean": 0.21010413734871938,
      "strong_nochange_false_intervention_rate_std": 0.05130479806623494,
      "target_margin": 0.2
    },
    {
      "bootstrap_gain_p05_mean": 0.20892606374880449,
      "bootstrap_gain_p05_std": 0.0,
      "confidence_corr_mean": 0.42464042685824976,
      "confidence_corr_std": 0.0,
      "control": "real",
      "estimator_group": "depthanything",
      "feature_group": "C3",
      "feature_set": "C3_depthanything_shuffled_depth",
      "head": "hgb",
      "ignored_n_mean": 33.0,
      "ignored_n_std": 0.0,
      "intervention_precision_mean": 0.7314814814814815,
      "intervention_precision_std": 0.0,
      "intervention_rate_mean": 0.46,
      "intervention_rate_std": 0.0,
      "intervention_recall_mean": 0.6422764227642277,
      "intervention_recall_std": 0.0,
      "labeled_n_mean": 217.0,
      "labeled_n_std": 0.0,
      "low_residual_preserve_rate_mean": 0.54,
      "low_residual_preserve_rate_std": 0.0,
      "nochange_false_intervention_rate_mean": 0.30851063829787234,
      "nochange_false_intervention_rate_std": 0.0,
      "official_preserve_rate_mean": 0.7697368421052632,
      "official_preserve_rate_std": 0.0,
      "oracle_recovery_mean": 0.6288318230483763,
      "oracle_recovery_std": 0.0,
      "residual_low_false_intervention_rate_mean": 0.46,
      "residual_low_false_intervention_rate_std": 0.0,
      "simulated_mean_psnr_gain_mean": 0.2701352669129587,
      "simulated_mean_psnr_gain_std": 0.0,
      "split_family": "residual_low_energy_heldout",
      "split_group": "test_residual_low",
      "splits": 1,
      "strong_nochange_false_intervention_rate_mean": 0.16176470588235295,
      "strong_nochange_false_intervention_rate_std": 0.0,
      "target_margin": 0.2
    },
    {
      "bootstrap_gain_p05_mean": 0.11155649878025213,
      "bootstrap_gain_p05_std": 0.0,
      "confidence_corr_mean": 0.3452417035632009,
      "confidence_corr_std": 0.0,
      "control": "real",
      "estimator_group": "depthanything",
      "feature_group": "C3",
      "feature_set": "C3_depthanything_shuffled_depth",
      "head": "logistic",
      "ignored_n_mean": 42.0,
      "ignored_n_std": 0.0,
      "intervention_precision_mean": 0.5632183908045977,
      "intervention_precision_std": 0.0,
      "intervention_rate_mean": 0.42,
      "intervention_rate_std": 0.0,
      "intervention_recall_mean": 0.5212765957446809,
      "intervention_recall_std": 0.0,
      "labeled_n_mean": 208.0,
      "labeled_n_std": 0.0,
      "low_residual_preserve_rate_mean": 0.5740740740740741,
      "low_residual_preserve_rate_std": 0.0,
      "nochange_false_intervention_rate_mean": 0.3333333333333333,
      "nochange_false_intervention_rate_std": 0.0,
      "official_preserve_rate_mean": 0.6142857142857143,
      "official_preserve_rate_std": 0.0,
      "oracle_recovery_mean": 0.5561401174840471,
      "oracle_recovery_std": 0.0,
      "residual_low_false_intervention_rate_mean": 0.42592592592592593,
      "residual_low_false_intervention_rate_std": 0.0,
      "simulated_mean_psnr_gain_mean": 0.1748607892455156,
      "simulated_mean_psnr_gain_std": 0.0,
      "split_family": "cr_strength_heldout",
      "split_group": "test_strong_cr",
      "splits": 1,
      "strong_nochange_false_intervention_rate_mean": 0.3465346534653465,
      "strong_nochange_false_intervention_rate_std": 0.0,
      "target_margin": 0.2
    },
    {
      "bootstrap_gain_p05_mean": 0.02503727408827684,
      "bootstrap_gain_p05_std": 0.0,
      "confidence_corr_mean": 0.13683777564912514,
      "confidence_corr_std": 0.0,
      "control": "real",
      "estimator_group": "depthanything",
      "feature_group": "C3",
      "feature_set": "C3_depthanything_shuffled_depth",
      "head": "logistic",
      "ignored_n_mean": 40.0,
      "ignored_n_std": 0.0,
      "intervention_precision_mean": 0.5142857142857142,
      "intervention_precision_std": 0.0,
      "intervention_rate_mean": 0.34,
      "intervention_rate_std": 0.0,
      "intervention_recall_mean": 0.4235294117647059,
      "intervention_recall_std": 0.0,
      "labeled_n_mean": 210.0,
      "labeled_n_std": 0.0,
      "low_residual_preserve_rate_mean": 0.6644736842105263,
      "low_residual_preserve_rate_std": 0.0,
      "nochange_false_intervention_rate_mean": 0.272,
      "nochange_false_intervention_rate_std": 0.0,
      "official_preserve_rate_mean": 0.6599999999999999,
      "official_preserve_rate_std": 0.0,
      "oracle_recovery_mean": 0.27147530338645137,
      "oracle_recovery_std": 0.0,
      "residual_low_false_intervention_rate_mean": 0.3355263157894737,
      "residual_low_false_intervention_rate_std": 0.0,
      "simulated_mean_psnr_gain_mean": 0.055284390679209164,
      "simulated_mean_psnr_gain_std": 0.0,
      "split_family": "official_strength_heldout",
      "split_group": "test_strong_official",
      "splits": 1,
      "strong_nochange_false_intervention_rate_mean": 0.272,
      "strong_nochange_false_intervention_rate_std": 0.0,
      "target_margin": 0.2
    },
    {
      "bootstrap_gain_p05_mean": 0.48438744375708603,
      "bootstrap_gain_p05_std": 0.06301072321493878,
      "confidence_corr_mean": 0.43808251241370594,
      "confidence_corr_std": 0.018169336632241715,
      "control": "real",
      "estimator_group": "depthanything",
      "feature_group": "C3",
      "feature_set": "C3_depthanything_shuffled_depth",
      "head": "logistic",
      "ignored_n_mean": 23.666666666666668,
      "ignored_n_std": 5.734883511361751,
      "intervention_precision_mean": 0.7368697587936962,
      "intervention_precision_std": 0.051886056878528715,
      "intervention_rate_mean": 0.628,
      "intervention_rate_std": 0.024657656011875927,
      "intervention_recall_mean": 0.8420790122527338,
      "intervention_recall_std": 0.004492030730256779,
      "labeled_n_mean": 226.33333333333334,
      "labeled_n_std": 5.734883511361751,
      "low_residual_preserve_rate_mean": 0.3693374422187981,
      "low_residual_preserve_rate_std": 0.03640996239521124,
      "nochange_false_intervention_rate_mean": 0.3693630987748635,
      "nochange_false_intervention_rate_std": 0.08551011042996115,
      "official_preserve_rate_mean": 0.5059688944934847,
      "official_preserve_rate_std": 0.02649098765445239,
      "oracle_recovery_mean": 0.8641139997923979,
      "oracle_recovery_std": 0.012601333752151743,
      "residual_low_false_intervention_rate_mean": 0.6306625577812018,
      "residual_low_false_intervention_rate_std": 0.03640996239521124,
      "simulated_mean_psnr_gain_mean": 0.6085612630796486,
      "simulated_mean_psnr_gain_std": 0.0703796559199889,
      "split_family": "random",
      "split_group": "random",
      "splits": 3,
      "strong_nochange_false_intervention_rate_mean": 0.3090971635863277,
      "strong_nochange_false_intervention_rate_std": 0.08595104787301647,
      "target_margin": 0.2
    },
    {
      "bootstrap_gain_p05_mean": 0.21099726086111292,
      "bootstrap_gain_p05_std": 0.0,
      "confidence_corr_mean": 0.23165234094153542,
      "confidence_corr_std": 0.0,
      "control": "real",
      "estimator_group": "depthanything",
      "feature_group": "C3",
      "feature_set": "C3_depthanything_shuffled_depth",
      "head": "logistic",
      "ignored_n_mean": 33.0,
      "ignored_n_std": 0.0,
      "intervention_precision_mean": 0.6859504132231405,
      "intervention_precision_std": 0.0,
      "intervention_rate_mean": 0.556,
      "intervention_rate_std": 0.0,
      "intervention_recall_mean": 0.6747967479674797,
      "intervention_recall_std": 0.0,
      "labeled_n_mean": 217.0,
      "labeled_n_std": 0.0,
      "low_residual_preserve_rate_mean": 0.44399999999999995,
      "low_residual_preserve_rate_std": 0.0,
      "nochange_false_intervention_rate_mean": 0.40425531914893614,
      "nochange_false_intervention_rate_std": 0.0,
      "official_preserve_rate_mean": 0.5263157894736843,
      "official_preserve_rate_std": 0.0,
      "oracle_recovery_mean": 0.6458082544236923,
      "oracle_recovery_std": 0.0,
      "residual_low_false_intervention_rate_mean": 0.556,
      "residual_low_false_intervention_rate_std": 0.0,
      "simulated_mean_psnr_gain_mean": 0.27742804799164106,
      "simulated_mean_psnr_gain_std": 0.0,
      "split_family": "residual_low_energy_heldout",
      "split_group": "test_residual_low",
      "splits": 1,
      "strong_nochange_false_intervention_rate_mean": 0.36764705882352944,
      "strong_nochange_false_intervention_rate_std": 0.0,
      "target_margin": 0.2
    },
    {
      "bootstrap_gain_p05_mean": 0.0,
      "bootstrap_gain_p05_std": 0.0,
      "confidence_corr_mean": 0.3532394676764274,
      "confidence_corr_std": 0.0,
      "control": "real",
      "estimator_group": "midas",
      "feature_group": "C3",
      "feature_set": "C3_midas",
      "head": "decision_tree",
      "ignored_n_mean": 42.0,
      "ignored_n_std": 0.0,
      "intervention_precision_mean": 1.0,
      "intervention_precision_std": 0.0,
      "intervention_rate_mean": 0.008,
      "intervention_rate_std": 0.0,
      "intervention_recall_mean": 0.02127659574468085,
      "intervention_recall_std": 0.0,
      "labeled_n_mean": 208.0,
      "labeled_n_std": 0.0,
      "low_residual_preserve_rate_mean": 0.9938271604938271,
      "low_residual_preserve_rate_std": 0.0,
      "nochange_false_intervention_rate_mean": 0.0,
      "nochange_false_intervention_rate_std": 0.0,
      "official_preserve_rate_mean": 1.0,
      "official_preserve_rate_std": 0.0,
      "oracle_recovery_mean": 0.0577437364286344,
      "oracle_recovery_std": 0.0,
      "residual_low_false_intervention_rate_mean": 0.006172839506172839,
      "residual_low_false_intervention_rate_std": 0.0,
      "simulated_mean_psnr_gain_mean": 0.018155703946650958,
      "simulated_mean_psnr_gain_std": 0.0,
      "split_family": "cr_strength_heldout",
      "split_group": "test_strong_cr",
      "splits": 1,
      "strong_nochange_false_intervention_rate_mean": 0.0,
      "strong_nochange_false_intervention_rate_std": 0.0,
      "target_margin": 0.2
    },
    {
      "bootstrap_gain_p05_mean": 0.0,
      "bootstrap_gain_p05_std": 0.0,
      "confidence_corr_mean": -0.1471306768495666,
      "confidence_corr_std": 0.0,
      "control": "real",
      "estimator_group": "midas",
      "feature_group": "C3",
      "feature_set": "C3_midas",
      "head": "decision_tree",
      "ignored_n_mean": 40.0,
      "ignored_n_std": 0.0,
      "intervention_precision_mean": 0.0,
      "intervention_precision_std": 0.0,
      "intervention_rate_mean": 0.0,
      "intervention_rate_std": 0.0,
      "intervention_recall_mean": 0.0,
      "intervention_recall_std": 0.0,
      "labeled_n_mean": 210.0,
      "labeled_n_std": 0.0,
      "low_residual_preserve_rate_mean": 1.0,
      "low_residual_preserve_rate_std": 0.0,
      "nochange_false_intervention_rate_mean": 0.0,
      "nochange_false_intervention_rate_std": 0.0,
      "official_preserve_rate_mean": 1.0,
      "official_preserve_rate_std": 0.0,
      "oracle_recovery_mean": 0.0,
      "oracle_recovery_std": 0.0,
      "residual_low_false_intervention_rate_mean": 0.0,
      "residual_low_false_intervention_rate_std": 0.0,
      "simulated_mean_psnr_gain_mean": 0.0,
      "simulated_mean_psnr_gain_std": 0.0,
      "split_family": "official_strength_heldout",
      "split_group": "test_strong_official",
      "splits": 1,
      "strong_nochange_false_intervention_rate_mean": 0.0,
      "strong_nochange_false_intervention_rate_std": 0.0,
      "target_margin": 0.2
    },
    {
      "bootstrap_gain_p05_mean": 0.053927424004630374,
      "bootstrap_gain_p05_std": 0.0786311782119023,
      "confidence_corr_mean": 0.280371892418435,
      "confidence_corr_std": 0.10539616558761426,
      "control": "real",
      "estimator_group": "midas",
      "feature_group": "C3",
      "feature_set": "C3_midas",
      "head": "decision_tree",
      "ignored_n_mean": 23.666666666666668,
      "ignored_n_std": 5.734883511361751,
      "intervention_precision_mean": 0.6552631578947369,
      "intervention_precision_std": 0.1824856588807394,
      "intervention_rate_mean": 0.07333333333333333,
      "intervention_rate_std": 0.0613043409737208,
      "intervention_recall_mean": 0.09920587618165304,
      "intervention_recall_std": 0.09434901045468194,
      "labeled_n_mean": 226.33333333333334,
      "labeled_n_std": 5.734883511361751,
      "low_residual_preserve_rate_mean": 0.9414483821263482,
      "low_residual_preserve_rate_std": 0.041478634020688174,
      "nochange_false_intervention_rate_mean": 0.039722151486857364,
      "nochange_false_intervention_rate_std": 0.022314461575680525,
      "official_preserve_rate_mean": 0.9573560319461959,
      "official_preserve_rate_std": 0.037839439070985366,
      "oracle_recovery_mean": 0.1244757731019396,
      "oracle_recovery_std": 0.14691270503847373,
      "residual_low_false_intervention_rate_mean": 0.05855161787365177,
      "residual_low_false_intervention_rate_std": 0.04147863402068817,
      "simulated_mean_psnr_gain_mean": 0.09517791415524389,
      "simulated_mean_psnr_gain_std": 0.1130992095105361,
      "split_family": "random",
      "split_group": "random",
      "splits": 3,
      "strong_nochange_false_intervention_rate_mean": 0.05499265096788317,
      "strong_nochange_false_intervention_rate_std": 0.03554847852912318,
      "target_margin": 0.2
    },
    {
      "bootstrap_gain_p05_mean": 0.0664852551690655,
      "bootstrap_gain_p05_std": 0.0,
      "confidence_corr_mean": 0.22512316696220458,
      "confidence_corr_std": 0.0,
      "control": "real",
      "estimator_group": "midas",
      "feature_group": "C3",
      "feature_set": "C3_midas",
      "head": "decision_tree",
      "ignored_n_mean": 33.0,
      "ignored_n_std": 0.0,
      "intervention_precision_mean": 0.75,
      "intervention_precision_std": 0.0,
      "intervention_rate_mean": 0.132,
      "intervention_rate_std": 0.0,
      "intervention_recall_mean": 0.1951219512195122,
      "intervention_recall_std": 0.0,
      "labeled_n_mean": 217.0,
      "labeled_n_std": 0.0,
      "low_residual_preserve_rate_mean": 0.868,
      "low_residual_preserve_rate_std": 0.0,
      "nochange_false_intervention_rate_mean": 0.0851063829787234,
      "nochange_false_intervention_rate_std": 0.0,
      "official_preserve_rate_mean": 0.993421052631579,
      "official_preserve_rate_std": 0.0,
      "oracle_recovery_mean": 0.23742524698461015,
      "oracle_recovery_std": 0.0,
      "residual_low_false_intervention_rate_mean": 0.132,
      "residual_low_false_intervention_rate_std": 0.0,
      "simulated_mean_psnr_gain_mean": 0.10199377657947939,
      "simulated_mean_psnr_gain_std": 0.0,
      "split_family": "residual_low_energy_heldout",
      "split_group": "test_residual_low",
      "splits": 1,
      "strong_nochange_false_intervention_rate_mean": 0.014705882352941176,
      "strong_nochange_false_intervention_rate_std": 0.0,
      "target_margin": 0.2
    },
    {
      "bootstrap_gain_p05_mean": 0.08620877405040549,
      "bootstrap_gain_p05_std": 0.0,
      "confidence_corr_mean": 0.431951490955097,
      "confidence_corr_std": 0.0,
      "control": "real",
      "estimator_group": "midas",
      "feature_group": "C3",
      "feature_set": "C3_midas",
      "head": "hgb",
      "ignored_n_mean": 42.0,
      "ignored_n_std": 0.0,
      "intervention_precision_mean": 0.7021276595744681,
      "intervention_precision_std": 0.0,
      "intervention_rate_mean": 0.228,
      "intervention_rate_std": 0.0,
      "intervention_recall_mean": 0.35106382978723405,
      "intervention_recall_std": 0.0,
      "labeled_n_mean": 208.0,
      "labeled_n_std": 0.0,
      "low_residual_preserve_rate_mean": 0.8333333333333334,
      "low_residual_preserve_rate_std": 0.0,
      "nochange_false_intervention_rate_mean": 0.12280701754385964,
      "nochange_false_intervention_rate_std": 0.0,
      "official_preserve_rate_mean": 0.8142857142857143,
      "official_preserve_rate_std": 0.0,
      "oracle_recovery_mean": 0.4464120919844918,
      "oracle_recovery_std": 0.0,
      "residual_low_false_intervention_rate_mean": 0.16666666666666666,
      "residual_low_false_intervention_rate_std": 0.0,
      "simulated_mean_psnr_gain_mean": 0.14036025864541068,
      "simulated_mean_psnr_gain_std": 0.0,
      "split_family": "cr_strength_heldout",
      "split_group": "test_strong_cr",
      "splits": 1,
      "strong_nochange_false_intervention_rate_mean": 0.10891089108910891,
      "strong_nochange_false_intervention_rate_std": 0.0,
      "target_margin": 0.2
    },
    {
      "bootstrap_gain_p05_mean": 0.022719494099228056,
      "bootstrap_gain_p05_std": 0.0,
      "confidence_corr_mean": 0.21204851965755575,
      "confidence_corr_std": 0.0,
      "control": "real",
      "estimator_group": "midas",
      "feature_group": "C3",
      "feature_set": "C3_midas",
      "head": "hgb",
      "ignored_n_mean": 40.0,
      "ignored_n_std": 0.0,
      "intervention_precision_mean": 0.627906976744186,
      "intervention_precision_std": 0.0,
      "intervention_rate_mean": 0.212,
      "intervention_rate_std": 0.0,
      "intervention_recall_mean": 0.3176470588235294,
      "intervention_recall_std": 0.0,
      "labeled_n_mean": 210.0,
      "labeled_n_std": 0.0,
      "low_residual_preserve_rate_mean": 0.7828947368421053,
      "low_residual_preserve_rate_std": 0.0,
      "nochange_false_intervention_rate_mean": 0.128,
      "nochange_false_intervention_rate_std": 0.0,
      "official_preserve_rate_mean": 0.788,
      "official_preserve_rate_std": 0.0,
      "oracle_recovery_mean": 0.204110341566293,
      "oracle_recovery_std": 0.0,
      "residual_low_false_intervention_rate_mean": 0.21710526315789475,
      "residual_low_false_intervention_rate_std": 0.0,
      "simulated_mean_psnr_gain_mean": 0.04156590203254905,
      "simulated_mean_psnr_gain_std": 0.0,
      "split_family": "official_strength_heldout",
      "split_group": "test_strong_official",
      "splits": 1,
      "strong_nochange_false_intervention_rate_mean": 0.128,
      "strong_nochange_false_intervention_rate_std": 0.0,
      "target_margin": 0.2
    },
    {
      "bootstrap_gain_p05_mean": 0.486274737077133,
      "bootstrap_gain_p05_std": 0.06511153447796919,
      "confidence_corr_mean": 0.46532642524758044,
      "confidence_corr_std": 0.05879930197777531,
      "control": "real",
      "estimator_group": "midas",
      "feature_group": "C3",
      "feature_set": "C3_midas",
      "head": "hgb",
      "ignored_n_mean": 23.666666666666668,
      "ignored_n_std": 5.734883511361751,
      "intervention_precision_mean": 0.7549826965405805,
      "intervention_precision_std": 0.05270897643944849,
      "intervention_rate_mean": 0.5906666666666667,
      "intervention_rate_std": 0.043492017147466894,
      "intervention_recall_mean": 0.8253241289698349,
      "intervention_recall_std": 0.021509650822676883,
      "labeled_n_mean": 226.33333333333334,
      "labeled_n_std": 5.734883511361751,
      "low_residual_preserve_rate_mean": 0.3956000684814244,
      "low_residual_preserve_rate_std": 0.028744654729062756,
      "nochange_false_intervention_rate_mean": 0.3305095775684011,
      "nochange_false_intervention_rate_std": 0.08717097169059694,
      "official_preserve_rate_mean": 0.619461958806221,
      "official_preserve_rate_std": 0.06240155204616207,
      "oracle_recovery_mean": 0.8661642242937967,
      "oracle_recovery_std": 0.0226306532657464,
      "residual_low_false_intervention_rate_mean": 0.6043999315185756,
      "residual_low_false_intervention_rate_std": 0.028744654729062756,
      "simulated_mean_psnr_gain_mean": 0.6108875558731689,
      "simulated_mean_psnr_gain_std": 0.07829116425001291,
      "split_family": "random",
      "split_group": "random",
      "splits": 3,
      "strong_nochange_false_intervention_rate_mean": 0.21040122588110202,
      "strong_nochange_false_intervention_rate_std": 0.07568244421603973,
      "target_margin": 0.2
    },
    {
      "bootstrap_gain_p05_mean": 0.21339548353074728,
      "bootstrap_gain_p05_std": 0.0,
      "confidence_corr_mean": 0.4111692351581135,
      "confidence_corr_std": 0.0,
      "control": "real",
      "estimator_group": "midas",
      "feature_group": "C3",
      "feature_set": "C3_midas",
      "head": "hgb",
      "ignored_n_mean": 33.0,
      "ignored_n_std": 0.0,
      "intervention_precision_mean": 0.7452830188679245,
      "intervention_precision_std": 0.0,
      "intervention_rate_mean": 0.452,
      "intervention_rate_std": 0.0,
      "intervention_recall_mean": 0.6422764227642277,
      "intervention_recall_std": 0.0,
      "labeled_n_mean": 217.0,
      "labeled_n_std": 0.0,
      "low_residual_preserve_rate_mean": 0.548,
      "low_residual_preserve_rate_std": 0.0,
      "nochange_false_intervention_rate_mean": 0.2872340425531915,
      "nochange_false_intervention_rate_std": 0.0,
      "official_preserve_rate_mean": 0.7828947368421053,
      "official_preserve_rate_std": 0.0,
      "oracle_recovery_mean": 0.6435750023764945,
      "oracle_recovery_std": 0.0,
      "residual_low_false_intervention_rate_mean": 0.452,
      "residual_low_false_intervention_rate_std": 0.0,
      "simulated_mean_psnr_gain_mean": 0.2764686815668803,
      "simulated_mean_psnr_gain_std": 0.0,
      "split_family": "residual_low_energy_heldout",
      "split_group": "test_residual_low",
      "splits": 1,
      "strong_nochange_false_intervention_rate_mean": 0.14705882352941177,
      "strong_nochange_false_intervention_rate_std": 0.0,
      "target_margin": 0.2
    },
    {
      "bootstrap_gain_p05_mean": 0.13182412803278687,
      "bootstrap_gain_p05_std": 0.0,
      "confidence_corr_mean": 0.3485416885030204,
      "confidence_corr_std": 0.0,
      "control": "real",
      "estimator_group": "midas",
      "feature_group": "C3",
      "feature_set": "C3_midas",
      "head": "logistic",
      "ignored_n_mean": 42.0,
      "ignored_n_std": 0.0,
      "intervention_precision_mean": 0.6111111111111112,
      "intervention_precision_std": 0.0,
      "intervention_rate_mean": 0.432,
      "intervention_rate_std": 0.0,
      "intervention_recall_mean": 0.5851063829787234,
      "intervention_recall_std": 0.0,
      "labeled_n_mean": 208.0,
      "labeled_n_std": 0.0,
      "low_residual_preserve_rate_mean": 0.5679012345679013,
      "low_residual_preserve_rate_std": 0.0,
      "nochange_false_intervention_rate_mean": 0.30701754385964913,
      "nochange_false_intervention_rate_std": 0.0,
      "official_preserve_rate_mean": 0.6047619047619048,
      "official_preserve_rate_std": 0.0,
      "oracle_recovery_mean": 0.6118663025365132,
      "oracle_recovery_std": 0.0,
      "residual_low_false_intervention_rate_mean": 0.43209876543209874,
      "residual_low_false_intervention_rate_std": 0.0,
      "simulated_mean_psnr_gain_mean": 0.19238213754169456,
      "simulated_mean_psnr_gain_std": 0.0,
      "split_family": "cr_strength_heldout",
      "split_group": "test_strong_cr",
      "splits": 1,
      "strong_nochange_false_intervention_rate_mean": 0.31683168316831684,
      "strong_nochange_false_intervention_rate_std": 0.0,
      "target_margin": 0.2
    },
    {
      "bootstrap_gain_p05_mean": 0.03089914795223025,
      "bootstrap_gain_p05_std": 0.0,
      "confidence_corr_mean": 0.14571898563927063,
      "confidence_corr_std": 0.0,
      "control": "real",
      "estimator_group": "midas",
      "feature_group": "C3",
      "feature_set": "C3_midas",
      "head": "logistic",
      "ignored_n_mean": 40.0,
      "ignored_n_std": 0.0,
      "intervention_precision_mean": 0.5633802816901409,
      "intervention_precision_std": 0.0,
      "intervention_rate_mean": 0.356,
      "intervention_rate_std": 0.0,
      "intervention_recall_mean": 0.47058823529411764,
      "intervention_recall_std": 0.0,
      "labeled_n_mean": 210.0,
      "labeled_n_std": 0.0,
      "low_residual_preserve_rate_mean": 0.631578947368421,
      "low_residual_preserve_rate_std": 0.0,
      "nochange_false_intervention_rate_mean": 0.248,
      "nochange_false_intervention_rate_std": 0.0,
      "official_preserve_rate_mean": 0.644,
      "official_preserve_rate_std": 0.0,
      "oracle_recovery_mean": 0.3116822013822287,
      "oracle_recovery_std": 0.0,
      "residual_low_false_intervention_rate_mean": 0.3684210526315789,
      "residual_low_false_intervention_rate_std": 0.0,
      "simulated_mean_psnr_gain_mean": 0.06347229517390804,
      "simulated_mean_psnr_gain_std": 0.0,
      "split_family": "official_strength_heldout",
      "split_group": "test_strong_official",
      "splits": 1,
      "strong_nochange_false_intervention_rate_mean": 0.248,
      "strong_nochange_false_intervention_rate_std": 0.0,
      "target_margin": 0.2
    },
    {
      "bootstrap_gain_p05_mean": 0.48525885983489925,
      "bootstrap_gain_p05_std": 0.06262677326118536,
      "confidence_corr_mean": 0.4353264765455443,
      "confidence_corr_std": 0.017431548826767455,
      "control": "real",
      "estimator_group": "midas",
      "feature_group": "C3",
      "feature_set": "C3_midas",
      "head": "logistic",
      "ignored_n_mean": 23.666666666666668,
      "ignored_n_std": 5.734883511361751,
      "intervention_precision_mean": 0.7569596909201447,
      "intervention_precision_std": 0.058012027503416067,
      "intervention_rate_mean": 0.6066666666666666,
      "intervention_rate_std": 0.018571184369578844,
      "intervention_recall_mean": 0.8388685687437829,
      "intervention_recall_std": 0.006947325644738289,
      "labeled_n_mean": 226.33333333333334,
      "labeled_n_std": 5.734883511361751,
      "low_residual_preserve_rate_mean": 0.3855932203389831,
      "low_residual_preserve_rate_std": 0.037173109120813314,
      "nochange_false_intervention_rate_mean": 0.3294542059247942,
      "nochange_false_intervention_rate_std": 0.08299756764539183,
      "official_preserve_rate_mean": 0.5396385035729298,
      "official_preserve_rate_std": 0.01402767735187458,
      "oracle_recovery_mean": 0.8646676391318117,
      "oracle_recovery_std": 0.015194847029713245,
      "residual_low_false_intervention_rate_mean": 0.614406779661017,
      "residual_low_false_intervention_rate_std": 0.03717310912081332,
      "simulated_mean_psnr_gain_mean": 0.6090985708783335,
      "simulated_mean_psnr_gain_std": 0.07189327788201302,
      "split_family": "random",
      "split_group": "random",
      "splits": 3,
      "strong_nochange_false_intervention_rate_mean": 0.25204052913031244,
      "strong_nochange_false_intervention_rate_std": 0.08287778460190977,
      "target_margin": 0.2
    },
    {
      "bootstrap_gain_p05_mean": 0.20894662023655006,
      "bootstrap_gain_p05_std": 0.0,
      "confidence_corr_mean": 0.2252051019852048,
      "confidence_corr_std": 0.0,
      "control": "real",
      "estimator_group": "midas",
      "feature_group": "C3",
      "feature_set": "C3_midas",
      "head": "logistic",
      "ignored_n_mean": 33.0,
      "ignored_n_std": 0.0,
      "intervention_precision_mean": 0.6923076923076923,
      "intervention_precision_std": 0.0,
      "intervention_rate_mean": 0.544,
      "intervention_rate_std": 0.0,
      "intervention_recall_mean": 0.6585365853658537,
      "intervention_recall_std": 0.0,
      "labeled_n_mean": 217.0,
      "labeled_n_std": 0.0,
      "low_residual_preserve_rate_mean": 0.45599999999999996,
      "low_residual_preserve_rate_std": 0.0,
      "nochange_false_intervention_rate_mean": 0.3829787234042553,
      "nochange_false_intervention_rate_std": 0.0,
      "official_preserve_rate_mean": 0.5197368421052632,
      "official_preserve_rate_std": 0.0,
      "oracle_recovery_mean": 0.6315657186185651,
      "oracle_recovery_std": 0.0,
      "residual_low_false_intervention_rate_mean": 0.544,
      "residual_low_false_intervention_rate_std": 0.0,
      "simulated_mean_psnr_gain_mean": 0.2713097011297021,
      "simulated_mean_psnr_gain_std": 0.0,
      "split_family": "residual_low_energy_heldout",
      "split_group": "test_residual_low",
      "splits": 1,
      "strong_nochange_false_intervention_rate_mean": 0.36764705882352944,
      "strong_nochange_false_intervention_rate_std": 0.0,
      "target_margin": 0.2
    },
    {
      "bootstrap_gain_p05_mean": 0.0,
      "bootstrap_gain_p05_std": 0.0,
      "confidence_corr_mean": 0.3532394676764274,
      "confidence_corr_std": 0.0,
      "control": "real",
      "estimator_group": "midas",
      "feature_group": "C3",
      "feature_set": "C3_midas_shuffled_depth",
      "head": "decision_tree",
      "ignored_n_mean": 42.0,
      "ignored_n_std": 0.0,
      "intervention_precision_mean": 1.0,
      "intervention_precision_std": 0.0,
      "intervention_rate_mean": 0.008,
      "intervention_rate_std": 0.0,
      "intervention_recall_mean": 0.02127659574468085,
      "intervention_recall_std": 0.0,
      "labeled_n_mean": 208.0,
      "labeled_n_std": 0.0,
      "low_residual_preserve_rate_mean": 0.9938271604938271,
      "low_residual_preserve_rate_std": 0.0,
      "nochange_false_intervention_rate_mean": 0.0,
      "nochange_false_intervention_rate_std": 0.0,
      "official_preserve_rate_mean": 1.0,
      "official_preserve_rate_std": 0.0,
      "oracle_recovery_mean": 0.0577437364286344,
      "oracle_recovery_std": 0.0,
      "residual_low_false_intervention_rate_mean": 0.006172839506172839,
      "residual_low_false_intervention_rate_std": 0.0,
      "simulated_mean_psnr_gain_mean": 0.018155703946650958,
      "simulated_mean_psnr_gain_std": 0.0,
      "split_family": "cr_strength_heldout",
      "split_group": "test_strong_cr",
      "splits": 1,
      "strong_nochange_false_intervention_rate_mean": 0.0,
      "strong_nochange_false_intervention_rate_std": 0.0,
      "target_margin": 0.2
    },
    {
      "bootstrap_gain_p05_mean": 0.0,
      "bootstrap_gain_p05_std": 0.0,
      "confidence_corr_mean": -0.1471306768495666,
      "confidence_corr_std": 0.0,
      "control": "real",
      "estimator_group": "midas",
      "feature_group": "C3",
      "feature_set": "C3_midas_shuffled_depth",
      "head": "decision_tree",
      "ignored_n_mean": 40.0,
      "ignored_n_std": 0.0,
      "intervention_precision_mean": 0.0,
      "intervention_precision_std": 0.0,
      "intervention_rate_mean": 0.0,
      "intervention_rate_std": 0.0,
      "intervention_recall_mean": 0.0,
      "intervention_recall_std": 0.0,
      "labeled_n_mean": 210.0,
      "labeled_n_std": 0.0,
      "low_residual_preserve_rate_mean": 1.0,
      "low_residual_preserve_rate_std": 0.0,
      "nochange_false_intervention_rate_mean": 0.0,
      "nochange_false_intervention_rate_std": 0.0,
      "official_preserve_rate_mean": 1.0,
      "official_preserve_rate_std": 0.0,
      "oracle_recovery_mean": 0.0,
      "oracle_recovery_std": 0.0,
      "residual_low_false_intervention_rate_mean": 0.0,
      "residual_low_false_intervention_rate_std": 0.0,
      "simulated_mean_psnr_gain_mean": 0.0,
      "simulated_mean_psnr_gain_std": 0.0,
      "split_family": "official_strength_heldout",
      "split_group": "test_strong_official",
      "splits": 1,
      "strong_nochange_false_intervention_rate_mean": 0.0,
      "strong_nochange_false_intervention_rate_std": 0.0,
      "target_margin": 0.2
    },
    {
      "bootstrap_gain_p05_mean": 0.053927424004630374,
      "bootstrap_gain_p05_std": 0.0786311782119023,
      "confidence_corr_mean": 0.280371892418435,
      "confidence_corr_std": 0.10539616558761426,
      "control": "real",
      "estimator_group": "midas",
      "feature_group": "C3",
      "feature_set": "C3_midas_shuffled_depth",
      "head": "decision_tree",
      "ignored_n_mean": 23.666666666666668,
      "ignored_n_std": 5.734883511361751,
      "intervention_precision_mean": 0.6552631578947369,
      "intervention_precision_std": 0.1824856588807394,
      "intervention_rate_mean": 0.07333333333333333,
      "intervention_rate_std": 0.0613043409737208,
      "intervention_recall_mean": 0.09920587618165304,
      "intervention_recall_std": 0.09434901045468194,
      "labeled_n_mean": 226.33333333333334,
      "labeled_n_std": 5.734883511361751,
      "low_residual_preserve_rate_mean": 0.9414483821263482,
      "low_residual_preserve_rate_std": 0.041478634020688174,
      "nochange_false_intervention_rate_mean": 0.039722151486857364,
      "nochange_false_intervention_rate_std": 0.022314461575680525,
      "official_preserve_rate_mean": 0.9573560319461959,
      "official_preserve_rate_std": 0.037839439070985366,
      "oracle_recovery_mean": 0.1244757731019396,
      "oracle_recovery_std": 0.14691270503847373,
      "residual_low_false_intervention_rate_mean": 0.05855161787365177,
      "residual_low_false_intervention_rate_std": 0.04147863402068817,
      "simulated_mean_psnr_gain_mean": 0.09517791415524389,
      "simulated_mean_psnr_gain_std": 0.1130992095105361,
      "split_family": "random",
      "split_group": "random",
      "splits": 3,
      "strong_nochange_false_intervention_rate_mean": 0.05499265096788317,
      "strong_nochange_false_intervention_rate_std": 0.03554847852912318,
      "target_margin": 0.2
    },
    {
      "bootstrap_gain_p05_mean": 0.0664852551690655,
      "bootstrap_gain_p05_std": 0.0,
      "confidence_corr_mean": 0.22512316696220447,
      "confidence_corr_std": 0.0,
      "control": "real",
      "estimator_group": "midas",
      "feature_group": "C3",
      "feature_set": "C3_midas_shuffled_depth",
      "head": "decision_tree",
      "ignored_n_mean": 33.0,
      "ignored_n_std": 0.0,
      "intervention_precision_mean": 0.75,
      "intervention_precision_std": 0.0,
      "intervention_rate_mean": 0.132,
      "intervention_rate_std": 0.0,
      "intervention_recall_mean": 0.1951219512195122,
      "intervention_recall_std": 0.0,
      "labeled_n_mean": 217.0,
      "labeled_n_std": 0.0,
      "low_residual_preserve_rate_mean": 0.868,
      "low_residual_preserve_rate_std": 0.0,
      "nochange_false_intervention_rate_mean": 0.0851063829787234,
      "nochange_false_intervention_rate_std": 0.0,
      "official_preserve_rate_mean": 0.993421052631579,
      "official_preserve_rate_std": 0.0,
      "oracle_recovery_mean": 0.23742524698461015,
      "oracle_recovery_std": 0.0,
      "residual_low_false_intervention_rate_mean": 0.132,
      "residual_low_false_intervention_rate_std": 0.0,
      "simulated_mean_psnr_gain_mean": 0.10199377657947939,
      "simulated_mean_psnr_gain_std": 0.0,
      "split_family": "residual_low_energy_heldout",
      "split_group": "test_residual_low",
      "splits": 1,
      "strong_nochange_false_intervention_rate_mean": 0.014705882352941176,
      "strong_nochange_false_intervention_rate_std": 0.0,
      "target_margin": 0.2
    },
    {
      "bootstrap_gain_p05_mean": 0.0775848560100744,
      "bootstrap_gain_p05_std": 0.0,
      "confidence_corr_mean": 0.4521488742508053,
      "confidence_corr_std": 0.0,
      "control": "real",
      "estimator_group": "midas",
      "feature_group": "C3",
      "feature_set": "C3_midas_shuffled_depth",
      "head": "hgb",
      "ignored_n_mean": 42.0,
      "ignored_n_std": 0.0,
      "intervention_precision_mean": 0.7317073170731707,
      "intervention_precision_std": 0.0,
      "intervention_rate_mean": 0.204,
      "intervention_rate_std": 0.0,
      "intervention_recall_mean": 0.3191489361702128,
      "intervention_recall_std": 0.0,
      "labeled_n_mean": 208.0,
      "labeled_n_std": 0.0,
      "low_residual_preserve_rate_mean": 0.8580246913580247,
      "low_residual_preserve_rate_std": 0.0,
      "nochange_false_intervention_rate_mean": 0.09649122807017543,
      "nochange_false_intervention_rate_std": 0.0,
      "official_preserve_rate_mean": 0.8333333333333334,
      "official_preserve_rate_std": 0.0,
      "oracle_recovery_mean": 0.4303541522921589,
      "oracle_recovery_std": 0.0,
      "residual_low_false_intervention_rate_mean": 0.1419753086419753,
      "residual_low_false_intervention_rate_std": 0.0,
      "simulated_mean_psnr_gain_mean": 0.1353113439564991,
      "simulated_mean_psnr_gain_std": 0.0,
      "split_family": "cr_strength_heldout",
      "split_group": "test_strong_cr",
      "splits": 1,
      "strong_nochange_false_intervention_rate_mean": 0.0891089108910891,
      "strong_nochange_false_intervention_rate_std": 0.0,
      "target_margin": 0.2
    },
    {
      "bootstrap_gain_p05_mean": 0.02605637718204502,
      "bootstrap_gain_p05_std": 0.0,
      "confidence_corr_mean": 0.2081002580648317,
      "confidence_corr_std": 0.0,
      "control": "real",
      "estimator_group": "midas",
      "feature_group": "C3",
      "feature_set": "C3_midas_shuffled_depth",
      "head": "hgb",
      "ignored_n_mean": 40.0,
      "ignored_n_std": 0.0,
      "intervention_precision_mean": 0.627906976744186,
      "intervention_precision_std": 0.0,
      "intervention_rate_mean": 0.224,
      "intervention_rate_std": 0.0,
      "intervention_recall_mean": 0.3176470588235294,
      "intervention_recall_std": 0.0,
      "labeled_n_mean": 210.0,
      "labeled_n_std": 0.0,
      "low_residual_preserve_rate_mean": 0.7631578947368421,
      "low_residual_preserve_rate_std": 0.0,
      "nochange_false_intervention_rate_mean": 0.128,
      "nochange_false_intervention_rate_std": 0.0,
      "official_preserve_rate_mean": 0.776,
      "official_preserve_rate_std": 0.0,
      "oracle_recovery_mean": 0.223206480535716,
      "oracle_recovery_std": 0.0,
      "residual_low_false_intervention_rate_mean": 0.23684210526315788,
      "residual_low_false_intervention_rate_std": 0.0,
      "simulated_mean_psnr_gain_mean": 0.045454721361897814,
      "simulated_mean_psnr_gain_std": 0.0,
      "split_family": "official_strength_heldout",
      "split_group": "test_strong_official",
      "splits": 1,
      "strong_nochange_false_intervention_rate_mean": 0.128,
      "strong_nochange_false_intervention_rate_std": 0.0,
      "target_margin": 0.2
    },
    {
      "bootstrap_gain_p05_mean": 0.48665776511504905,
      "bootstrap_gain_p05_std": 0.062040582503156055,
      "confidence_corr_mean": 0.45291342797305273,
      "confidence_corr_std": 0.05521577459794776,
      "control": "real",
      "estimator_group": "midas",
      "feature_group": "C3",
      "feature_set": "C3_midas_shuffled_depth",
      "head": "hgb",
      "ignored_n_mean": 23.666666666666668,
      "ignored_n_std": 5.734883511361751,
      "intervention_precision_mean": 0.7518602565779621,
      "intervention_precision_std": 0.04152446922963661,
      "intervention_rate_mean": 0.6,
      "intervention_rate_std": 0.031155523854794438,
      "intervention_recall_mean": 0.8357637342222612,
      "intervention_recall_std": 0.019123351147979962,
      "labeled_n_mean": 226.33333333333334,
      "labeled_n_std": 5.734883511361751,
      "low_residual_preserve_rate_mean": 0.3956000684814244,
      "low_residual_preserve_rate_std": 0.028744654729062756,
      "nochange_false_intervention_rate_mean": 0.3367710720651897,
      "nochange_false_intervention_rate_std": 0.06037621034522804,
      "official_preserve_rate_mean": 0.6316729718369063,
      "official_preserve_rate_std": 0.04308507366208018,
      "oracle_recovery_mean": 0.8687585854512574,
      "oracle_recovery_std": 0.018012103517595475,
      "residual_low_false_intervention_rate_mean": 0.6043999315185756,
      "residual_low_false_intervention_rate_std": 0.028744654729062756,
      "simulated_mean_psnr_gain_mean": 0.6124060985900548,
      "simulated_mean_psnr_gain_std": 0.07559868413487525,
      "split_family": "random",
      "split_group": "random",
      "splits": 3,
      "strong_nochange_false_intervention_rate_mean": 0.19019920567908186,
      "strong_nochange_false_intervention_rate_std": 0.05292907166458087,
      "target_margin": 0.2
    },
    {
      "bootstrap_gain_p05_mean": 0.2089403999146667,
      "bootstrap_gain_p05_std": 0.0,
      "confidence_corr_mean": 0.43323745570737854,
      "confidence_corr_std": 0.0,
      "control": "real",
      "estimator_group": "midas",
      "feature_group": "C3",
      "feature_set": "C3_midas_shuffled_depth",
      "head": "hgb",
      "ignored_n_mean": 33.0,
      "ignored_n_std": 0.0,
      "intervention_precision_mean": 0.7575757575757576,
      "intervention_precision_std": 0.0,
      "intervention_rate_mean": 0.412,
      "intervention_rate_std": 0.0,
      "intervention_recall_mean": 0.6097560975609756,
      "intervention_recall_std": 0.0,
      "labeled_n_mean": 217.0,
      "labeled_n_std": 0.0,
      "low_residual_preserve_rate_mean": 0.5880000000000001,
      "low_residual_preserve_rate_std": 0.0,
      "nochange_false_intervention_rate_mean": 0.2553191489361702,
      "nochange_false_intervention_rate_std": 0.0,
      "official_preserve_rate_mean": 0.8092105263157895,
      "official_preserve_rate_std": 0.0,
      "oracle_recovery_mean": 0.6237590930612126,
      "oracle_recovery_std": 0.0,
      "residual_low_false_intervention_rate_mean": 0.412,
      "residual_low_false_intervention_rate_std": 0.0,
      "simulated_mean_psnr_gain_mean": 0.2679561099128932,
      "simulated_mean_psnr_gain_std": 0.0,
      "split_family": "residual_low_energy_heldout",
      "split_group": "test_residual_low",
      "splits": 1,
      "strong_nochange_false_intervention_rate_mean": 0.11764705882352941,
      "strong_nochange_false_intervention_rate_std": 0.0,
      "target_margin": 0.2
    },
    {
      "bootstrap_gain_p05_mean": 0.12389837926406479,
      "bootstrap_gain_p05_std": 0.0,
      "confidence_corr_mean": 0.3482190033673182,
      "confidence_corr_std": 0.0,
      "control": "real",
      "estimator_group": "midas",
      "feature_group": "C3",
      "feature_set": "C3_midas_shuffled_depth",
      "head": "logistic",
      "ignored_n_mean": 42.0,
      "ignored_n_std": 0.0,
      "intervention_precision_mean": 0.5816326530612245,
      "intervention_precision_std": 0.0,
      "intervention_rate_mean": 0.468,
      "intervention_rate_std": 0.0,
      "intervention_recall_mean": 0.6063829787234043,
      "intervention_recall_std": 0.0,
      "labeled_n_mean": 208.0,
      "labeled_n_std": 0.0,
      "low_residual_preserve_rate_mean": 0.5432098765432098,
      "low_residual_preserve_rate_std": 0.0,
      "nochange_false_intervention_rate_mean": 0.35964912280701755,
      "nochange_false_intervention_rate_std": 0.0,
      "official_preserve_rate_mean": 0.5666666666666667,
      "official_preserve_rate_std": 0.0,
      "oracle_recovery_mean": 0.5935944171579917,
      "oracle_recovery_std": 0.0,
      "residual_low_false_intervention_rate_mean": 0.4567901234567901,
      "residual_low_false_intervention_rate_std": 0.0,
      "simulated_mean_psnr_gain_mean": 0.18663711718109535,
      "simulated_mean_psnr_gain_std": 0.0,
      "split_family": "cr_strength_heldout",
      "split_group": "test_strong_cr",
      "splits": 1,
      "strong_nochange_false_intervention_rate_mean": 0.36633663366336633,
      "strong_nochange_false_intervention_rate_std": 0.0,
      "target_margin": 0.2
    },
    {
      "bootstrap_gain_p05_mean": 0.033181943981689714,
      "bootstrap_gain_p05_std": 0.0,
      "confidence_corr_mean": 0.17286391190540074,
      "confidence_corr_std": 0.0,
      "control": "real",
      "estimator_group": "midas",
      "feature_group": "C3",
      "feature_set": "C3_midas_shuffled_depth",
      "head": "logistic",
      "ignored_n_mean": 40.0,
      "ignored_n_std": 0.0,
      "intervention_precision_mean": 0.5588235294117647,
      "intervention_precision_std": 0.0,
      "intervention_rate_mean": 0.332,
      "intervention_rate_std": 0.0,
      "intervention_recall_mean": 0.4470588235294118,
      "intervention_recall_std": 0.0,
      "labeled_n_mean": 210.0,
      "labeled_n_std": 0.0,
      "low_residual_preserve_rate_mean": 0.6513157894736843,
      "low_residual_preserve_rate_std": 0.0,
      "nochange_false_intervention_rate_mean": 0.24,
      "nochange_false_intervention_rate_std": 0.0,
      "official_preserve_rate_mean": 0.6679999999999999,
      "official_preserve_rate_std": 0.0,
      "oracle_recovery_mean": 0.29785818250777096,
      "oracle_recovery_std": 0.0,
      "residual_low_false_intervention_rate_mean": 0.34868421052631576,
      "residual_low_false_intervention_rate_std": 0.0,
      "simulated_mean_psnr_gain_mean": 0.06065711290620706,
      "simulated_mean_psnr_gain_std": 0.0,
      "split_family": "official_strength_heldout",
      "split_group": "test_strong_official",
      "splits": 1,
      "strong_nochange_false_intervention_rate_mean": 0.24,
      "strong_nochange_false_intervention_rate_std": 0.0,
      "target_margin": 0.2
    },
    {
      "bootstrap_gain_p05_mean": 0.48144332390938843,
      "bootstrap_gain_p05_std": 0.058963136610567915,
      "confidence_corr_mean": 0.4255458777034798,
      "confidence_corr_std": 0.018946019029846134,
      "control": "real",
      "estimator_group": "midas",
      "feature_group": "C3",
      "feature_set": "C3_midas_shuffled_depth",
      "head": "logistic",
      "ignored_n_mean": 23.666666666666668,
      "ignored_n_std": 5.734883511361751,
      "intervention_precision_mean": 0.7499113173918679,
      "intervention_precision_std": 0.06812490056520056,
      "intervention_rate_mean": 0.62,
      "intervention_rate_std": 0.03456395039150862,
      "intervention_recall_mean": 0.8451726933498404,
      "intervention_recall_std": 0.011924809539827656,
      "labeled_n_mean": 226.33333333333334,
      "labeled_n_std": 5.734883511361751,
      "low_residual_preserve_rate_mean": 0.3699366546824174,
      "low_residual_preserve_rate_std": 0.047390828011500845,
      "nochange_false_intervention_rate_mean": 0.34886964886964883,
      "nochange_false_intervention_rate_std": 0.11198139543974843,
      "official_preserve_rate_mean": 0.5216897856242119,
      "official_preserve_rate_std": 0.025429359468942554,
      "oracle_recovery_mean": 0.8589652445487923,
      "oracle_recovery_std": 0.002190533214875916,
      "residual_low_false_intervention_rate_mean": 0.6300633453175827,
      "residual_low_false_intervention_rate_std": 0.047390828011500845,
      "simulated_mean_psnr_gain_mean": 0.6043766858066628,
      "simulated_mean_psnr_gain_std": 0.06454425192588774,
      "split_family": "random",
      "split_group": "random",
      "splits": 3,
      "strong_nochange_false_intervention_rate_mean": 0.2793883103480627,
      "strong_nochange_false_intervention_rate_std": 0.1025231806651517,
      "target_margin": 0.2
    },
    {
      "bootstrap_gain_p05_mean": 0.2100814990083321,
      "bootstrap_gain_p05_std": 0.0,
      "confidence_corr_mean": 0.20973265651367054,
      "confidence_corr_std": 0.0,
      "control": "real",
      "estimator_group": "midas",
      "feature_group": "C3",
      "feature_set": "C3_midas_shuffled_depth",
      "head": "logistic",
      "ignored_n_mean": 33.0,
      "ignored_n_std": 0.0,
      "intervention_precision_mean": 0.6833333333333333,
      "intervention_precision_std": 0.0,
      "intervention_rate_mean": 0.548,
      "intervention_rate_std": 0.0,
      "intervention_recall_mean": 0.6666666666666666,
      "intervention_recall_std": 0.0,
      "labeled_n_mean": 217.0,
      "labeled_n_std": 0.0,
      "low_residual_preserve_rate_mean": 0.45199999999999996,
      "low_residual_preserve_rate_std": 0.0,
      "nochange_false_intervention_rate_mean": 0.40425531914893614,
      "nochange_false_intervention_rate_std": 0.0,
      "official_preserve_rate_mean": 0.5263157894736843,
      "official_preserve_rate_std": 0.0,
      "oracle_recovery_mean": 0.6360555651683771,
      "oracle_recovery_std": 0.0,
      "residual_low_false_intervention_rate_mean": 0.548,
      "residual_low_false_intervention_rate_std": 0.0,
      "simulated_mean_psnr_gain_mean": 0.2732384614940426,
      "simulated_mean_psnr_gain_std": 0.0,
      "split_family": "residual_low_energy_heldout",
      "split_group": "test_residual_low",
      "splits": 1,
      "strong_nochange_false_intervention_rate_mean": 0.38235294117647056,
      "strong_nochange_false_intervention_rate_std": 0.0,
      "target_margin": 0.2
    }
  ]
}
decision=/root/autodl-tmp/workspace/Dehaze-Net/experiment/HAZE4K/strong_official_depth_safety_audit/HAZE4K-strong-official-depth-safety-audit-autodl-20260530-full/decision_summary.json
summary=/root/autodl-tmp/workspace/Dehaze-Net/experiment/HAZE4K/strong_official_depth_safety_audit/HAZE4K-strong-official-depth-safety-audit-autodl-20260530-full/summary.json
Sat May 30 22:46:50 CST 2026
