filename,input_psnr,input_ssim,input_mae,input_rmse,input_delta_e_mean,input_delta_e_p95,input_luma_mean,input_luma_std,input_luma_bias,input_luma_std_delta,input_saturation_mean,input_saturation_bias,input_dark_channel_mean,input_dark_channel_bias,input_dark_channel_abs_bias,input_edge_mean,input_edge_mean_bias,input_edge_error,input_lap_var,input_lap_var_ratio_gt,input_highfreq_abs_mean,input_highfreq_bias,baseline_psnr,baseline_ssim,baseline_mae,baseline_rmse,baseline_delta_e_mean,baseline_delta_e_p95,baseline_luma_mean,baseline_luma_std,baseline_luma_bias,baseline_luma_std_delta,baseline_saturation_mean,baseline_saturation_bias,baseline_dark_channel_mean,baseline_dark_channel_bias,baseline_dark_channel_abs_bias,baseline_edge_mean,baseline_edge_mean_bias,baseline_edge_error,baseline_lap_var,baseline_lap_var_ratio_gt,baseline_highfreq_abs_mean,baseline_highfreq_bias,current_psnr,current_ssim,current_mae,current_rmse,current_delta_e_mean,current_delta_e_p95,current_luma_mean,current_luma_std,current_luma_bias,current_luma_std_delta,current_saturation_mean,current_saturation_bias,current_dark_channel_mean,current_dark_channel_bias,current_dark_channel_abs_bias,current_edge_mean,current_edge_mean_bias,current_edge_error,current_lap_var,current_lap_var_ratio_gt,current_highfreq_abs_mean,current_highfreq_bias,delta_psnr,delta_ssim,delta_mae_improvement,delta_rmse_improvement,delta_e_improvement,delta_e_regression,luma_abs_bias_improvement,saturation_abs_bias_improvement,dark_channel_abs_bias_improvement,edge_error_improvement,tags
102_0.67_1.36.png,11.457590650220716,0.7606090903282166,0.24560920894145966,0.26737478375434875,24.279361724853516,47.076717376708984,0.7358572483062744,0.18123094737529755,0.24252837896347046,-0.0681123286485672,0.04240640252828598,-0.1102437898516655,0.6333982944488525,0.32619938254356384,0.32619938254356384,0.1107809841632843,-0.09168487787246704,0.09422384947538376,0.037234507501125336,0.2729905805587338,0.017999816685914993,-0.014939423650503159,25.434618002878917,0.9691018660863241,0.04742690920829773,0.0534895695745945,4.980485916137695,9.8257417678833,0.5406171679496765,0.24199867248535156,0.04728829860687256,-0.007344603538513184,0.11927428841590881,-0.033375903964042664,0.35913559794425964,0.05193668603897095,0.05193668603897095,0.19733703136444092,-0.005128830671310425,0.018207058310508728,0.12588699162006378,0.9229600505959433,0.03210854157805443,-0.0008306987583637238,25.384861121722963,0.9668883085250854,0.047372378408908844,0.053796861320734024,5.000462532043457,10.113404273986816,0.5406463146209717,0.23950538039207458,0.047317445278167725,-0.009837895631790161,0.11594606935977936,-0.03670412302017212,0.3591885566711426,0.05198964476585388,0.05198964476585388,0.19694609940052032,-0.005519762635231018,0.017605289816856384,0.127256378531456,0.9329999236341242,0.03206530585885048,-0.0008739344775676727,-0.04975688115595389,-0.0022135575612386438,5.45307993888855e-05,-0.00030729174613952637,-0.01997661590576172,0.01997661590576172,-2.9146671295166016e-05,-0.0033282190561294556,-5.295872688293457e-05,0.0006017684936523438,mixed_or_neutral
107_0.89_1.5.png,12.548113132677162,0.8421474695205688,0.1991322934627533,0.23582744598388672,23.50986671447754,41.21685028076172,0.6854540705680847,0.1622081995010376,0.19222629070281982,-0.020391613245010376,0.12629656493663788,-0.18113406002521515,0.5803496837615967,0.2724321484565735,0.2724321484565735,0.08833646029233932,-0.05318488925695419,0.06288953870534897,0.02717052586376667,0.351841652617505,0.013949528336524963,-0.009017391130328178,27.87448445596864,0.9807460705439249,0.030071789398789406,0.04039017856121063,3.8621273040771484,9.21816349029541,0.4672623574733734,0.1973113715648651,-0.02596542239189148,0.014711558818817139,0.344020277261734,0.03658965229988098,0.2662644386291504,-0.0416530966758728,0.0416530966758728,0.15231968462467194,0.010798335075378418,0.015200628899037838,0.08757872134447098,1.134090749898165,0.024759085848927498,0.001792166382074356,23.856634928401803,0.9714958071708679,0.04109593480825424,0.06414580345153809,4.699585914611816,16.188838958740234,0.4572746157646179,0.20564882457256317,-0.03595316410064697,0.023049011826515198,0.34069493412971497,0.03326430916786194,0.26152658462524414,-0.04639095067977905,0.04639095067977905,0.14999988675117493,0.008478537201881409,0.013995283283293247,0.0839412584900856,1.0869878359376945,0.02430109493434429,0.00133417546749115,-4.017849527566838,-0.00925026337305701,-0.011024145409464836,-0.023755624890327454,-0.837458610534668,0.837458610534668,-0.009987741708755493,0.003325343132019043,-0.00473785400390625,0.0012053456157445908,current_worse_objective
108_0.73_1.27.png,18.19926816176572,0.9237411419550577,0.1016923189163208,0.12303724139928818,13.468302726745605,22.699445724487305,0.5730569362640381,0.16036854684352875,0.0798291563987732,-0.022231265902519226,0.19258813560009003,-0.114842489361763,0.43638622760772705,0.12846869230270386,0.12846869230270386,0.1145521029829979,-0.026969246566295624,0.04031585901975632,0.04789255931973457,0.6201792819037214,0.018384329974651337,-0.004582589492201805,27.243940764672722,0.9815481901168823,0.029660990461707115,0.04343131184577942,3.687373161315918,10.932042121887207,0.4662370979785919,0.1955571323633194,-0.026990681886672974,0.012957319617271423,0.34765273332595825,0.040222108364105225,0.26252901554107666,-0.04538851976394653,0.04538851976394653,0.15463291108608246,0.01311156153678894,0.01599825918674469,0.08850758522748947,1.1461189677286399,0.025067728012800217,0.002100808545947075,25.23497107895465,0.9766318003336588,0.0364290252327919,0.0547332763671875,4.310779094696045,13.919525146484375,0.45927098393440247,0.20133325457572937,-0.03395679593086243,0.018733441829681396,0.3479698598384857,0.04053923487663269,0.2589387595653534,-0.0489787757396698,0.0489787757396698,0.15302187204360962,0.011500522494316101,0.014754125848412514,0.0867079645395279,1.1228149831053083,0.02474481426179409,0.0017778947949409485,-2.008969685718071,-0.004916389783223507,-0.0067680347710847855,-0.011301964521408081,-0.623405933380127,0.623405933380127,-0.006966114044189453,-0.0003171265125274658,-0.0035902559757232666,0.0012441333383321762,current_worse_objective
109_0.74_1.74.png,14.10339684121125,0.861643393834432,0.15129657089710236,0.19716514647006989,15.817207336425781,40.56768035888672,0.7276356220245361,0.2192065268754959,0.13979476690292358,-0.07052896916866302,0.04939499869942665,-0.05807098373770714,0.6473672389984131,0.19420355558395386,0.19420355558395386,0.08966606110334396,-0.06194775551557541,0.07363895326852798,0.030079592019319534,0.291419063251179,0.013666159473359585,-0.010356470011174679,28.094504204384766,0.9826136628786722,0.029811609536409378,0.039379917085170746,3.448330879211426,8.879900932312012,0.562567949295044,0.2936501204967499,-0.025272905826568604,0.003914624452590942,0.11965317279100418,0.012187190353870392,0.42547109723091125,-0.027692586183547974,0.027692586183547974,0.15583044290542603,0.004216626286506653,0.013512104749679565,0.10606363415718079,1.0275726110663055,0.024785034358501434,0.0007624048739671707,26.46961904838255,0.9819994370142618,0.03948678821325302,0.04748091101646423,4.270025253295898,9.165483474731445,0.5502139925956726,0.28690582513809204,-0.03762686252593994,-0.0028296709060668945,0.11877954006195068,0.011313557624816895,0.4175352454185486,-0.035628437995910645,0.035628437995910645,0.1507343202829361,-0.0008794963359832764,0.012941369786858559,0.09930752962827682,0.9621176789722903,0.0239498820155859,-7.274746894836426e-05,-1.6248851560022146,-0.0006142258644104004,-0.009675178676843643,-0.008100993931293488,-0.8216943740844727,0.8216943740844727,-0.012353956699371338,0.0008736327290534973,-0.007935851812362671,0.0005707349628210068,current_worse_objective
112_0.54_0.98.png,24.955849219672803,0.9724152088165283,0.04566056281328201,0.056520700454711914,4.975057601928711,13.010478973388672,0.5643486380577087,0.2787546217441559,-0.02349221706390381,-0.010980874300003052,0.11962871253490448,0.012162730097770691,0.43266651034355164,-0.020497173070907593,0.020497173070907593,0.1502990424633026,-0.0013147741556167603,0.015239827334880829,0.09549043327569962,0.925136637384589,0.023699771612882614,-0.0003228578716516495,26.021344700268937,0.9874346454938253,0.04215846583247185,0.04999571293592453,4.326688766479492,8.269412994384766,0.5470523238182068,0.27343398332595825,-0.04078853130340576,-0.016301512718200684,0.12379985302686691,0.016333870589733124,0.4103076756000519,-0.04285600781440735,0.04285600781440735,0.15418675541877747,0.0025729387998580933,0.009579154662787914,0.10370008647441864,1.0046739344081363,0.024503782391548157,0.00048115290701389313,26.067696327849625,0.9900224606196085,0.0413656160235405,0.04972962662577629,4.180081844329834,8.30278491973877,0.547164797782898,0.2694932520389557,-0.0406760573387146,-0.020242244005203247,0.11889887601137161,0.011432893574237823,0.41211190819740295,-0.041051775217056274,0.041051775217056274,0.15147753059864044,-0.00013628602027893066,0.009759334847331047,0.10032842308282852,0.972008365455459,0.024081727489829063,5.9098005294799805e-05,0.04635162758068745,0.0025878151257832105,0.0007928498089313507,0.00026608631014823914,0.1466069221496582,-0.1466069221496582,0.00011247396469116211,0.0049009770154953,0.0018042325973510742,-0.00018018018454313278,mixed_or_neutral
117_0.69_1.13.png,20.858106456432594,0.9202930331230164,0.07641349732875824,0.09059301018714905,8.392877578735352,17.55158233642578,0.5283023715019226,0.22495274245738983,0.0019795894622802734,-0.07343544065952301,0.11088236421346664,-0.06405255943536758,0.3681376874446869,0.055844664573669434,0.055844664573669434,0.18957850337028503,-0.05927826464176178,0.06470043957233429,0.12129560858011246,0.6569824431757328,0.03347485885024071,-0.01038346067070961,28.044901229346667,0.9859442114830017,0.03272199630737305,0.03960544988512993,3.5766186714172363,6.8678131103515625,0.49488940834999084,0.293475866317749,-0.03143337368965149,-0.004912316799163818,0.18942028284072876,0.014485359191894531,0.282967746257782,-0.029325276613235474,0.029325276613235474,0.2431795597076416,-0.005677208304405212,0.020532721653580666,0.1807514727115631,0.979017670464327,0.04290711507201195,-0.0009512044489383698,25.99151483173209,0.9856926401456197,0.04332504794001579,0.05016770958900452,4.6078386306762695,8.371490478515625,0.4837230443954468,0.28162533044815063,-0.04259973764419556,-0.016762852668762207,0.18830882012844086,0.013373896479606628,0.27476751804351807,-0.03752550482749939,0.03752550482749939,0.23918095231056213,-0.00967581570148468,0.02127840183675289,0.17339341342449188,0.9391636656570619,0.04217887297272682,-0.0016794465482234955,-2.0533863976145774,-0.0002515713373819617,-0.010603051632642746,-0.010562259703874588,-1.0312199592590332,1.0312199592590332,-0.011166363954544067,0.0011114627122879028,-0.008200228214263916,-0.000745680183172226,current_worse_objective;color_shift_risk
118_0.68_1.96.png,17.13781568287788,0.8455194433530172,0.11908839643001556,0.13903021812438965,12.997994422912598,26.21339988708496,0.5290760397911072,0.18673254549503326,0.0027532577514648438,-0.11165563762187958,0.08731910586357117,-0.08761581778526306,0.3971662223339081,0.08487319946289062,0.08487319946289062,0.15719999372959137,-0.09165677428245544,0.1003778725862503,0.09896481037139893,0.5360304768435376,0.02770111709833145,-0.016157202422618866,26.586509940836727,0.9790014227231344,0.03786683827638626,0.046846214681863785,4.139425277709961,8.566929817199707,0.49225953221321106,0.2900813817977905,-0.034063249826431274,-0.008306801319122314,0.18204663693904877,0.007111713290214539,0.28483980894088745,-0.027453213930130005,0.027453213930130005,0.23745009303092957,-0.011406674981117249,0.028249213472008705,0.17497175931930542,0.9477125781386387,0.04187564551830292,-0.0019826740026474,24.911246931975725,0.9780914386113485,0.04829094931483269,0.056811682879924774,5.213609218597412,9.616066932678223,0.47970283031463623,0.28276100754737854,-0.046619951725006104,-0.015627175569534302,0.18945059180259705,0.014515668153762817,0.2713656723499298,-0.040927350521087646,0.040927350521087646,0.23804709315299988,-0.010809674859046936,0.02711542136967182,0.17322969436645508,0.9382769019233822,0.041995417326688766,-0.001862902194261551,-1.6752630088610019,-0.0009099841117858887,-0.010424111038446426,-0.00996546819806099,-1.0741839408874512,1.0741839408874512,-0.012556701898574829,-0.007403954863548279,-0.013474136590957642,0.0011337921023368835,current_worse_objective;color_shift_risk
127_0.57_0.92.png,17.46357158937625,0.8689655462900797,0.11850422620773315,0.133912593126297,12.550772666931152,24.47439193725586,0.5207974910736084,0.19571071863174438,0.10223829746246338,-0.06584817171096802,0.08992721885442734,-0.1070171520113945,0.35142770409584045,0.16127793490886688,0.16127793490886688,0.27230945229530334,-0.09368520975112915,0.09616348892450333,0.27106964588165283,0.5383503195208891,0.041882891207933426,-0.014428265392780304,36.16939969809911,0.9933974742889404,0.01204286701977253,0.015542826615273952,1.6407219171524048,3.514296770095825,0.42444589734077454,0.26120123267173767,0.005886703729629517,-0.00035765767097473145,0.19441886246204376,-0.002525508403778076,0.19661378860473633,0.006464019417762756,0.006464019417762756,0.36590009927749634,-9.456276893615723e-05,0.015368999913334846,0.495283842086792,0.9836446783767505,0.056261394172906876,-4.976242780685425e-05,32.17169222310587,0.9915919105211893,0.021478313952684402,0.024627219885587692,2.542787790298462,4.616046905517578,0.4381254315376282,0.2630802392959595,0.019566237926483154,0.0015213489532470703,0.18761716783046722,-0.009327203035354614,0.20635034143924713,0.01620057225227356,0.01620057225227356,0.3721103072166443,0.006115645170211792,0.018062638118863106,0.5090932846069336,1.011070537029952,0.057205915451049805,0.0008947588503360748,-3.9977074749932413,-0.001805563767751095,-0.009435446932911873,-0.00908439327031374,-0.9020658731460571,0.9020658731460571,-0.013679534196853638,-0.006801694631576538,-0.009736552834510803,-0.0026936382055282593,current_worse_objective
128_0.65_0.67.png,19.367212460760832,0.903402050336202,0.09329317510128021,0.10755717009305954,9.985563278198242,20.5673770904541,0.5019946098327637,0.21215049922466278,0.08343541622161865,-0.04940839111804962,0.1034078598022461,-0.09353651106357574,0.3196723163127899,0.12952254712581635,0.12952254712581635,0.29262328147888184,-0.07337138056755066,0.07530535012483597,0.31464236974716187,0.6248867140297513,0.04500233381986618,-0.01130882278084755,36.99759287192577,0.9938402970631918,0.010776223614811897,0.014129290357232094,1.5187482833862305,3.259507179260254,0.42388179898262024,0.26239800453186035,0.00532260537147522,0.0008391141891479492,0.1930660903453827,-0.003878280520439148,0.19643259048461914,0.006282821297645569,0.006282821297645569,0.36451971530914307,-0.0014749467372894287,0.013140630908310413,0.49230244755744934,0.9777235628189054,0.05603747442364693,-0.000273682177066803,34.68302808424354,0.9934264620145162,0.015367483720183372,0.018443722277879715,1.9372355937957764,3.913588762283325,0.43100833892822266,0.2611440122127533,0.012449145317077637,-0.00041487812995910645,0.18702834844589233,-0.009916022419929504,0.20243237912654877,0.012282609939575195,0.012282609939575195,0.3670622408390045,0.0010675787925720215,0.013948651030659676,0.4982387125492096,0.9895131165503108,0.05643540620803833,0.00012424960732460022,-2.3145647876822295,-0.0004138350486755371,-0.004591260105371475,-0.004314431920647621,-0.4184873104095459,0.4184873104095459,-0.007126539945602417,-0.0060377418994903564,-0.0059997886419296265,-0.0008080201223492622,current_worse_objective
13_0.52_1.9.png,17.320647767289366,0.7826973795890808,0.10550438612699509,0.1361343115568161,14.526190757751465,27.175783157348633,0.48135772347450256,0.09654099494218826,0.02879101037979126,-0.10164717584848404,0.11908414214849472,-0.1475416198372841,0.33961012959480286,0.15922287106513977,0.15922287106513977,0.22744128108024597,-0.1902466118335724,0.20324236154556274,0.1007017195224762,0.2935964826001594,0.03393020108342171,-0.028821129351854324,25.923888088664427,0.9804145495096842,0.04477015510201454,0.05055982992053032,5.228546142578125,8.867244720458984,0.40923404693603516,0.18990489840507507,-0.04333266615867615,-0.008283272385597229,0.3017827868461609,0.03515702486038208,0.13061931729316711,-0.04976794123649597,0.04976794123649597,0.4301367700099945,0.012448877096176147,0.04107145592570305,0.3511652946472168,1.0238245762691247,0.06442841142416,0.0016770809888839722,29.06367320683661,0.983792761961619,0.030667778104543686,0.035222187638282776,3.8742282390594482,6.949336051940918,0.4239073693752289,0.19945944845676422,-0.028659343719482422,0.001271277666091919,0.29705917835235596,0.03043341636657715,0.1408029943704605,-0.039584264159202576,0.039584264159202576,0.43913140892982483,0.02144351601600647,0.03856521099805832,0.3674199879169464,1.0712152344660975,0.06584013998508453,0.003088809549808502,3.1397851181721848,0.0033782124519348145,0.014102376997470856,0.015337642282247543,1.3543179035186768,-1.3543179035186768,0.014673322439193726,0.004723608493804932,0.010183677077293396,0.0025062449276447296,current_better_objective
153_0.96_1.61.png,11.460543639899164,0.7889600197474161,0.2139383852481842,0.26728391647338867,22.0118350982666,54.61552810668945,0.7002618908882141,0.24953287839889526,0.21223807334899902,-0.06182605028152466,0.030434351414442062,-0.066265519708395,0.6358677744865417,0.2531279921531677,0.2531279921531677,0.08810780942440033,-0.05757951736450195,0.0631934180855751,0.02605382166802883,0.3556772258581085,0.014250040054321289,-0.009724704548716545,28.24230509718899,0.9677107532819113,0.031196191906929016,0.03871548920869827,3.6369235515594482,8.870285987854004,0.4914446771144867,0.32219135761260986,0.0034208595752716064,0.010832428932189941,0.09514511376619339,-0.0015547573566436768,0.38771119713783264,0.004971414804458618,0.004971414804458618,0.14251750707626343,-0.003169819712638855,0.0160334724932909,0.06962592154741287,0.9505075661965917,0.023376574739813805,-0.0005981698632240295,27.08146256482064,0.9592939615249634,0.03186111897230148,0.04425138607621193,3.8197453022003174,9.983219146728516,0.49032261967658997,0.310650110244751,0.002298802137374878,-0.0007088184356689453,0.0902487114071846,-0.006451159715652466,0.3896937668323517,0.006953984498977661,0.006953984498977661,0.13777895271778107,-0.007908374071121216,0.018873803317546844,0.06518994271755219,0.8899492087980582,0.02259192429482937,-0.0013828203082084656,-1.1608425323683491,-0.008416791756947872,-0.000664927065372467,-0.005535896867513657,-0.18282175064086914,0.18282175064086914,0.0011220574378967285,-0.004896402359008789,-0.001982569694519043,-0.0028403308242559433,current_worse_objective
170_0.96_1.28.png,9.286437329830397,0.5641028086344401,0.2939217984676361,0.3433034121990204,31.31620979309082,59.31175231933594,0.6105561852455139,0.21373151242733002,0.2922576069831848,-0.06643472611904144,0.04797801375389099,-0.1666555255651474,0.5126956105232239,0.3779764026403427,0.3779764026403427,0.14385904371738434,-0.15988104045391083,0.16745485365390778,0.05075943470001221,0.18716402010931574,0.02233443222939968,-0.02529800869524479,25.431445485925998,0.9222669998804728,0.043406181037425995,0.05350910872220993,5.086431503295898,11.487833976745605,0.34147611260414124,0.26000744104385376,0.023177534341812134,-0.0201587975025177,0.16383765637874603,-0.05079588294029236,0.15479443967342377,0.020075231790542603,0.020075231790542603,0.30812835693359375,0.004388272762298584,0.029657922685146332,0.2800877094268799,1.0327605496270849,0.048376187682151794,0.0007437467575073242,23.87157842443611,0.9106336236000061,0.049200158566236496,0.06403554230928421,5.772160530090332,15.941707611083984,0.3556741774082184,0.26086801290512085,0.03737559914588928,-0.01929822564125061,0.16231530904769897,-0.052318230271339417,0.16758054494857788,0.032861337065696716,0.032861337065696716,0.30958524346351624,0.005845159292221069,0.028260620310902596,0.2844177484512329,1.0487265964480899,0.04863877594470978,0.0010063350200653076,-1.5598670614898893,-0.011633376280466678,-0.005793977528810501,-0.01052643358707428,-0.6857290267944336,0.6857290267944336,-0.014198064804077148,-0.001522347331047058,-0.012786105275154114,0.0013973023742437363,current_worse_objective
171_0.81_0.74.png,14.10761023805459,0.7254096865653992,0.16877618432044983,0.19706954061985016,18.585691452026367,36.7504768371582,0.4799763560295105,0.2198372334241867,0.1616777777671814,-0.06032900512218475,0.07846754789352417,-0.13616599142551422,0.35198667645454407,0.2172674685716629,0.2172674685716629,0.2006060779094696,-0.10313400626182556,0.1074167937040329,0.1075911894440651,0.3967183571626608,0.031382929533720016,-0.016249511390924454,26.754739733485195,0.9369118809700012,0.03745163232088089,0.045947618782520294,4.466079235076904,10.346010208129883,0.343376100063324,0.2632921636104584,0.025077521800994873,-0.016874074935913086,0.1641232669353485,-0.05051027238368988,0.1582707315683365,0.023551523685455322,0.023551523685455322,0.3049217760562897,0.0011816918849945068,0.02154936082661152,0.2735106945037842,1.0085092836190879,0.04786846041679382,0.00023601949214935303,25.360829601128827,0.926154096921285,0.042453330010175705,0.053945910185575485,5.042853355407715,13.018641471862793,0.35456153750419617,0.26298195123672485,0.036262959241867065,-0.017184287309646606,0.1620064675807953,-0.0526270717382431,0.1687317192554474,0.03401251137256622,0.03401251137256622,0.30673012137413025,0.002990037202835083,0.02183149755001068,0.2815069556236267,1.037993701360903,0.04820334538817406,0.0005709044635295868,-1.3939101323563676,-0.01075778404871619,-0.005001697689294815,-0.007998291403055191,-0.5767741203308105,0.5767741203308105,-0.011185437440872192,-0.0021167993545532227,-0.010460987687110901,-0.0002821367233991623,current_worse_objective
172_0.86_1.47.png,9.209361562143927,0.5464272300402323,0.2992430031299591,0.3463633358478546,31.923486709594727,59.783203125,0.6110125780105591,0.20194345712661743,0.29271399974823,-0.07822278141975403,0.04558992013335228,-0.1690436191856861,0.5183009505271912,0.38358174264431,0.38358174264431,0.1344470977783203,-0.16929298639297485,0.17679019272327423,0.04375411942601204,0.16133349270955435,0.020879294723272324,-0.026753146201372147,25.13358653771845,0.9207370479901632,0.04438532143831253,0.05537588521838188,5.244035720825195,12.068400382995605,0.34339168667793274,0.2616226077079773,0.025093108415603638,-0.018543630838394165,0.16441066563129425,-0.05022287368774414,0.15576133131980896,0.021042123436927795,0.021042123436927795,0.3088575005531311,0.0051174163818359375,0.03092782013118267,0.2807365953922272,1.0351531709512716,0.04849434271454811,0.0008619017899036407,23.797849893387877,0.9090293049812317,0.04989903047680855,0.06458140909671783,5.871918201446533,16.201309204101562,0.3537813425064087,0.26029813289642334,0.03548276424407959,-0.01986810564994812,0.16464507579803467,-0.04998846352100372,0.16545787453651428,0.030738666653633118,0.030738666653633118,0.30911991000175476,0.005379825830459595,0.030277328565716743,0.2833101451396942,1.044642557890546,0.0485682375729084,0.0009357966482639313,-1.3357366443305736,-0.011707743008931515,-0.0055137090384960175,-0.009205523878335953,-0.6278824806213379,0.6278824806213379,-0.010389655828475952,0.00023441016674041748,-0.009696543216705322,0.0006504915654659271,current_worse_objective
176_0.77_0.84.png,23.04271386515779,0.9721695780754089,0.058717042207717896,0.07044729590415955,5.945821762084961,15.809077262878418,0.6862239837646484,0.21904848515987396,-0.019464731216430664,-0.04050745069980621,0.0401119664311409,-0.008737705647945404,0.6006202697753906,-0.009840071201324463,0.009840071201324463,0.09338682889938354,-0.011404603719711304,0.023448575288057327,0.03913043439388275,0.7599631246998383,0.015079046599566936,-0.001887788064777851,21.541104017381283,0.9812855124473572,0.07791757583618164,0.08374228328466415,7.49094295501709,14.482056617736816,0.628255307674408,0.25272831320762634,-0.07743340730667114,-0.006827622652053833,0.05953455716371536,0.010684885084629059,0.5306879281997681,-0.07977241277694702,0.07977241277694702,0.1061541736125946,0.0013627409934997559,0.012771130539476871,0.04973828047513962,0.9659810741327526,0.01718967594206333,0.000222841277718544,21.516729473457193,0.9823112686475118,0.07779204845428467,0.083977609872818,7.486817359924316,14.063376426696777,0.6281159520149231,0.24962878227233887,-0.077572762966156,-0.009927153587341309,0.05662042275071144,0.007770750671625137,0.532940149307251,-0.07752019166946411,0.07752019166946411,0.10341831296682358,-0.0013731196522712708,0.012868836522102356,0.047603048384189606,0.9245121337304089,0.016745509579777718,-0.00022132508456707,-0.024374543924089664,0.0010257562001546594,0.00012552738189697266,-0.0002353265881538391,0.0041255950927734375,-0.0041255950927734375,-0.00013935565948486328,0.0029141344130039215,0.00225222110748291,-9.770598262548447e-05,mixed_or_neutral
177_0.65_1.52.png,16.9312543520919,0.875630259513855,0.11997900158166885,0.14237616956233978,16.10270118713379,28.608287811279297,0.5740960240364075,0.1266247034072876,-0.041480183601379395,-0.10566189885139465,0.10016213357448578,-0.14564591646194458,0.4619975686073303,0.05951410531997681,0.05951410531997681,0.12059959769248962,-0.09599617123603821,0.09715823084115982,0.029457146301865578,0.2940879428794154,0.01823086105287075,-0.014778556302189827,24.655857469461434,0.9842333396275839,0.04736434668302536,0.058506906032562256,5.432532787322998,10.510377883911133,0.5723416805267334,0.2131984680891037,-0.04323452711105347,-0.019088134169578552,0.2305915802717209,-0.015216469764709473,0.37764933705329895,-0.024834126234054565,0.024834126234054565,0.19998116791248322,-0.016614601016044617,0.025413138791918755,0.08341261744499207,0.8327570099019328,0.03051631525158882,-0.002493102103471756,27.281044502394774,0.9861066142717997,0.03643748536705971,0.043246183544397354,4.9479756355285645,7.460826873779297,0.5967970490455627,0.21253177523612976,-0.01877915859222412,-0.01975482702255249,0.20843149721622467,-0.03737655282020569,0.40345433354377747,0.0009708702564239502,0.0009708702564239502,0.20050349831581116,-0.016092270612716675,0.021334145218133926,0.08491020649671555,0.8477083184566314,0.030628427863121033,-0.0023809894919395447,2.62518703293334,0.0018732746442158277,0.010926861315965652,0.015260722488164902,0.4845571517944336,-0.4845571517944336,0.024455368518829346,-0.022160083055496216,0.023863255977630615,0.004078993573784828,current_better_objective
178_0.64_1.88.png,15.587536160719262,0.8428710103034973,0.14173969626426697,0.1661970019340515,18.613548278808594,31.331310272216797,0.5585219860076904,0.11182358860969543,-0.057054221630096436,-0.12046301364898682,0.08300311118364334,-0.16280493885278702,0.46193936467170715,0.05945590138435364,0.05945590138435364,0.1044965460896492,-0.11209922283887863,0.11331450194120407,0.022088607773184776,0.2205235074204989,0.015773052349686623,-0.017236365005373955,22.59576389504953,0.9768540461858114,0.059469278901815414,0.07416718453168869,6.5506720542907715,13.604666709899902,0.5601926445960999,0.20770356059074402,-0.05538356304168701,-0.024583041667938232,0.23099109530448914,-0.014816954731941223,0.3699024021625519,-0.032581061124801636,0.032581061124801636,0.19358877837657928,-0.023006990551948547,0.031598132103681564,0.07828214764595032,0.7815365252784918,0.029554693028330803,-0.0034547243267297745,25.771025409749853,0.980975608030955,0.04544354975223541,0.05145750567317009,6.2663116455078125,10.029770851135254,0.6038030385971069,0.21132905781269073,-0.011773169040679932,-0.020957544445991516,0.19314679503440857,-0.05266125500202179,0.415816992521286,0.013333529233932495,0.013333529233932495,0.1983373612165451,-0.018258407711982727,0.023607773706316948,0.08430507034063339,0.8416668898171951,0.030357012525200844,-0.0026524048298597336,3.175261514700324,0.004121561845143562,0.014025729149580002,0.0227096788585186,0.284360408782959,-0.284360408782959,0.04361039400100708,-0.037844300270080566,0.01924753189086914,0.007990358397364616,current_better_objective;saturation_shift_risk
195_0.61_1.47.png,16.511716512256037,0.8426215449968973,0.13398844003677368,0.14942187070846558,14.870201110839844,24.304244995117188,0.539171576499939,0.14763131737709045,0.005698978900909424,-0.13191476464271545,0.09113597124814987,-0.10247426480054855,0.4377705156803131,0.1029445230960846,0.1029445230960846,0.1320968121290207,-0.12117882072925568,0.12284925580024719,0.06910739094018936,0.2788982226104931,0.020748425275087357,-0.01902802288532257,26.80286926147666,0.9844225645065308,0.03955656662583351,0.04569372162222862,4.424243927001953,7.565664768218994,0.49808287620544434,0.25994548201560974,-0.035389721393585205,-0.019600600004196167,0.18506167829036713,-0.008548557758331299,0.3195131719112396,-0.015312820672988892,0.015312820672988892,0.22811155021190643,-0.025164082646369934,0.030899319797754288,0.19663363695144653,0.7935587077604863,0.035815637558698654,-0.003960810601711273,28.965369435134285,0.986809511979421,0.030182763934135437,0.035623084753751755,3.5749549865722656,6.4482197761535645,0.5103958249092102,0.2672364115715027,-0.023076772689819336,-0.012309670448303223,0.1819356083869934,-0.011674627661705017,0.32972997426986694,-0.005096018314361572,0.005096018314361572,0.23111118376255035,-0.022164449095726013,0.028834626078605652,0.20161296427249908,0.8136538889089011,0.036260344088077545,-0.003516104072332382,2.1625001736576266,0.002386947472890255,0.009373802691698074,0.010070636868476868,0.8492889404296875,-0.8492889404296875,0.01231294870376587,-0.0031260699033737183,0.01021680235862732,0.002064693719148636,current_better_objective
197_0.88_1.9.png,9.26843743347064,0.6041508316993713,0.3063186705112457,0.34401559829711914,33.35447311401367,57.114234924316406,0.6726058721542358,0.22575286030769348,0.30092498660087585,-0.08940297365188599,0.03815134987235069,-0.14954617992043495,0.6109399199485779,0.3631048649549484,0.3631048649549484,0.069210484623909,-0.061536043882369995,0.06965000182390213,0.011241297237575054,0.31461660632339644,0.010728016495704651,-0.00992593914270401,27.205374216548964,0.960266629854838,0.031157303601503372,0.04362458363175392,3.7813785076141357,10.84774398803711,0.3967708349227905,0.31529420614242554,0.025089949369430542,0.00013837218284606934,0.15453916788101196,-0.03315836191177368,0.28112488985061646,0.033289834856987,0.033289834856987,0.12387377768754959,-0.006872750818729401,0.0191204734146595,0.03282797336578369,0.9187752404851177,0.019572878256440163,-0.0010810773819684982,29.51629512167923,0.9657543301582336,0.025298630818724632,0.033433761447668076,3.228597402572632,7.958764553070068,0.3849527835845947,0.30401811003685,0.013271898031234741,-0.011137723922729492,0.16078656911849976,-0.02691096067428589,0.2696082890033722,0.021773234009742737,0.021773234009742737,0.12467426806688309,-0.0060722604393959045,0.018246158957481384,0.03375989943742752,0.9448575877274654,0.019715197384357452,-0.0009387582540512085,2.310920905130267,0.005487700303395626,0.00585867278277874,0.010190822184085846,0.5527811050415039,-0.5527811050415039,0.0118180513381958,0.006247401237487793,0.011516600847244263,0.0008743144571781158,current_better_objective
210_0.63_1.2.png,17.940156641389397,0.9012479583422343,0.10501720011234283,0.12676289677619934,10.985138893127441,28.02392578125,0.6302305459976196,0.18064925074577332,0.06967973709106445,-0.09757083654403687,0.027097176760435104,-0.037670377641916275,0.5557815432548523,0.10824674367904663,0.10824674367904663,0.10117486119270325,-0.049258336424827576,0.05113757774233818,0.03293826803565025,0.4831446337978775,0.016316162422299385,-0.007978154346346855,26.251992849730982,0.9866963823636373,0.04332456365227699,0.04868558049201965,4.290605068206787,7.174508571624756,0.518029510974884,0.2623039186000824,-0.04252129793167114,-0.015916168689727783,0.06519700586795807,0.00042945146560668945,0.41159990429878235,-0.035934895277023315,0.035934895277023315,0.14206531643867493,-0.008367881178855896,0.014952212572097778,0.05922719091176987,0.8687554376864223,0.022918595001101494,-0.0013757217675447464,25.050480254586024,0.9868019223213196,0.04807614907622337,0.055908262729644775,4.72245454788208,8.418707847595215,0.5160186886787415,0.25117355585098267,-0.04453212022781372,-0.027046531438827515,0.06028955802321434,-0.004477996379137039,0.4123710095882416,-0.03516378998756409,0.03516378998756409,0.1391402631998062,-0.01129293441772461,0.016900159418582916,0.057343389838933945,0.8411234936358646,0.022452807053923607,-0.0018415097147226334,-1.2015125951449583,0.00010553995768225466,-0.004751585423946381,-0.007222682237625122,-0.43184947967529297,0.43184947967529297,-0.002010822296142578,-0.00404854491353035,0.0007711052894592285,-0.001947946846485138,current_worse_objective
212_0.54_1.78.png,16.174612544116975,0.8583742380142212,0.14063823223114014,0.15533502399921417,14.252790451049805,30.769126892089844,0.5876758098602295,0.13465771079063416,0.027125000953674316,-0.14356237649917603,0.02146172523498535,-0.04330582916736603,0.5289130210876465,0.08137822151184082,0.08137822151184082,0.08125094324350357,-0.06918225437402725,0.07139524072408676,0.02215288020670414,0.3249425617476922,0.013049338944256306,-0.011244977824389935,25.919580985671267,0.9820242325464884,0.04274952411651611,0.050584904849529266,4.257302284240723,8.515474319458008,0.5193292498588562,0.26172757148742676,-0.041221559047698975,-0.016492515802383423,0.06513538956642151,0.0003678351640701294,0.4100308120250702,-0.037503987550735474,0.037503987550735474,0.14543452858924866,-0.0049986690282821655,0.01754876784980297,0.0608799010515213,0.8929976970055827,0.023479381576180458,-0.0008149351924657822,30.443520285073888,0.9851046800613403,0.023859182372689247,0.030048582702875137,2.532658100128174,5.377931118011475,0.5440395474433899,0.26780256628990173,-0.016511261463165283,-0.010417520999908447,0.059519603848457336,-0.005247950553894043,0.43479564785957336,-0.0127391517162323,0.0127391517162323,0.1464134305715561,-0.0040197670459747314,0.017515771090984344,0.06295955926179886,0.9235025099284053,0.023638492450118065,-0.0006558243185281754,4.52393929940262,0.003080447514851925,0.018890341743826866,0.02053632214665413,1.7246441841125488,-1.7246441841125488,0.02471029758453369,-0.004880115389823914,0.024764835834503174,3.2996758818626404e-05,current_better_objective
235_0.9_0.72.png,18.454864360197494,0.9502779245376587,0.10463683307170868,0.11946942657232285,11.535164833068848,19.61063003540039,0.580720067024231,0.24779653549194336,0.10056480765342712,-0.009714245796203613,0.08394846320152283,-0.046458691358566284,0.4786888062953949,0.12356111407279968,0.12356111407279968,0.12178011238574982,-0.014819979667663574,0.019554302096366882,0.03541604429483414,0.8613593316731772,0.019289441406726837,-0.0022192969918251038,24.974865575577514,0.9668235381444296,0.04178528115153313,0.05639709159731865,4.783023834228516,12.708720207214355,0.4459100067615509,0.2858074903488159,-0.03424525260925293,0.028296709060668945,0.15086446702480316,0.02045731246471405,0.3128666877746582,-0.04226100444793701,0.04226100444793701,0.1494695544242859,0.012869462370872498,0.016565440222620964,0.048160895705223083,1.1713289206463826,0.023522041738033295,0.0020133033394813538,24.964601430134742,0.9639191230138143,0.042753469198942184,0.056463778018951416,4.906856060028076,12.295763969421387,0.4422692358493805,0.28661927580833435,-0.03788602352142334,0.029108494520187378,0.1530049592256546,0.02259780466556549,0.31190741062164307,-0.04322028160095215,0.04322028160095215,0.14652259647846222,0.009922504425048828,0.014938241802155972,0.046170156449079514,1.1229118297671086,0.02305043675005436,0.0015416983515024185,-0.010264145442771877,-0.0029044151306152344,-0.0009681880474090576,-6.668642163276672e-05,-0.12383222579956055,0.12383222579956055,-0.00364077091217041,-0.0021404922008514404,-0.0009592771530151367,0.0016271984204649925,mixed_or_neutral
254_0.7_0.56.png,23.702585665769583,0.9606018463770548,0.05447106435894966,0.06529361754655838,8.191848754882812,16.119657516479492,0.6334034204483032,0.19407784938812256,0.0008223056793212891,-0.048936352133750916,0.24037563800811768,-0.08254510164260864,0.42522820830345154,0.0659475028514862,0.0659475028514862,0.21515795588493347,-0.0615898072719574,0.06199416518211365,0.11161758750677109,0.6194410952333698,0.034335456788539886,-0.00957726314663887,39.50055461935137,0.9950705766677856,0.007946167141199112,0.010591860860586166,1.3170913457870483,2.943237781524658,0.6272701621055603,0.24600225687026978,-0.005310952663421631,0.0029880553483963013,0.3278106153011322,0.004889875650405884,0.35401806235313416,-0.005262643098831177,0.005262643098831177,0.2777438759803772,0.0009961128234863281,0.009506890550255775,0.17933133244514465,0.9952302272501736,0.04408761113882065,0.00017489120364189148,37.101238979299715,0.9935383399327596,0.011060606688261032,0.013961692340672016,1.558234691619873,3.469285726547241,0.622868001461029,0.24597960710525513,-0.00971311330795288,0.002965405583381653,0.33014875650405884,0.0072280168533325195,0.35141173005104065,-0.007868975400924683,0.007868975400924683,0.2769090533256531,0.00016129016876220703,0.009357274509966373,0.18003512918949127,0.9991360689358605,0.043953388929367065,4.0668994188308716e-05,-2.399315640051654,-0.0015322367350260047,-0.00311443954706192,-0.0033698314800858498,-0.2411433458328247,0.2411433458328247,-0.00440216064453125,-0.0023381412029266357,-0.002606332302093506,0.000149616040289402,current_worse_objective
261_0.79_1.66.png,12.955422622771959,0.8385124405225118,0.18890678882598877,0.22502401471138,23.003896713256836,39.215877532958984,0.6255223751068115,0.14258027076721191,0.19705870747566223,-0.03279869258403778,0.09386146813631058,-0.21267550438642502,0.508126437664032,0.2800687253475189,0.2800687253475189,0.1408146321773529,-0.057225435972213745,0.06352823227643967,0.0658780187368393,0.6288188557513967,0.02327599562704563,-0.008875278756022453,20.474222515002346,0.9594326217969259,0.07935628294944763,0.09468667954206467,8.782716751098633,16.35062599182129,0.4889521598815918,0.2014685869216919,0.060488492250442505,0.0260896235704422,0.2439309060573578,-0.06260606646537781,0.28687992691993713,0.05882221460342407,0.05882221460342407,0.215667724609375,0.01762765645980835,0.029793066903948784,0.13011091947555542,1.2419347314042535,0.03527417778968811,0.0031229034066200256,22.600022965513272,0.9648899435997009,0.0633242279291153,0.0741308256983757,7.387378215789795,12.855363845825195,0.47186025977134705,0.1941414177417755,0.043396592140197754,0.018762454390525818,0.2526765763759613,-0.05386039614677429,0.26941895484924316,0.0413612425327301,0.0413612425327301,0.21684513986110687,0.018805071711540222,0.03133339434862137,0.13442689180374146,1.2831315499015736,0.03549407795071602,0.003342803567647934,2.1258004505109263,0.005457321802775028,0.016032055020332336,0.020555853843688965,1.395338535308838,-1.395338535308838,0.01709190011024475,0.008745670318603516,0.01746097207069397,-0.0015403274446725845,current_better_objective
268_0.7_1.83.png,15.687631263008289,0.8551797866821289,0.14696817100048065,0.16429276764392853,14.947892189025879,29.75456428527832,0.5684147477149963,0.1686067283153534,0.0524480938911438,-0.12528261542320251,0.044304631650447845,-0.06421713531017303,0.4911816418170929,0.10135450959205627,0.10135450959205627,0.10854217410087585,-0.06566070020198822,0.06751247495412827,0.031877923756837845,0.4697629875405689,0.01649392582476139,-0.01002540998160839,27.186775149024708,0.9837602178255717,0.03532165288925171,0.04371809586882591,3.7940096855163574,8.789947509765625,0.5464531779289246,0.2954539656639099,0.03048652410507202,0.001564621925354004,0.09174087643623352,-0.01678089052438736,0.42852291464805603,0.03869578242301941,0.03869578242301941,0.16504855453968048,-0.009154319763183594,0.014984027482569218,0.06161918491125107,0.9080394512053193,0.02507184073328972,-0.0014474950730800629,25.872470141110064,0.9817352096239725,0.040977843105793,0.05086001753807068,4.315547943115234,10.560992240905762,0.5501738786697388,0.2944805920124054,0.03420722484588623,0.0005912482738494873,0.0910501480102539,-0.017471618950366974,0.43290722370147705,0.04308009147644043,0.04308009147644043,0.16430363059043884,-0.009899243712425232,0.015399299561977386,0.061923522502183914,0.9125242644895234,0.02502351440489292,-0.00149582140147686,-1.314305007914644,-0.002025008201599121,-0.00565619021654129,-0.007141921669244766,-0.521538257598877,0.521538257598877,-0.003720700740814209,-0.0006907284259796143,-0.0043843090534210205,-0.0004152720794081688,current_worse_objective
274_0.71_1.95.png,10.892575525035282,0.7086230516433716,0.2463187277317047,0.2853456139564514,27.61783218383789,53.649009704589844,0.7499493360519409,0.10266385227441788,0.24394088983535767,-0.124115951359272,0.0762920156121254,-0.2031603381037712,0.6153132319450378,0.40399399399757385,0.40399399399757385,0.20271871984004974,-0.23498450219631195,0.23833364248275757,0.07498465478420258,0.20107526830161407,0.030769530683755875,-0.03574417158961296,29.123942483295817,0.9809290568033854,0.025732161477208138,0.03497863560914993,3.3848390579223633,7.826753616333008,0.49982500076293945,0.22022299468517303,-0.006183445453643799,-0.006556808948516846,0.2813938558101654,0.0019415020942687988,0.19230878353118896,-0.019010454416275024,0.019010454416275024,0.45187246799468994,0.014169245958328247,0.032698772847652435,0.37718677520751953,1.011446038431997,0.06851059198379517,0.0019968897104263306,29.16150022049191,0.9833418130874634,0.024412553757429123,0.034827716648578644,3.2018167972564697,7.553379058837891,0.4939666986465454,0.2182006984949112,-0.012041747570037842,-0.008579105138778687,0.2821592390537262,0.00270688533782959,0.19141191244125366,-0.019907325506210327,0.019907325506210327,0.4477248191833496,0.010021597146987915,0.031907614320516586,0.3762769401073456,1.0090062680895957,0.06791388988494873,0.001400187611579895,0.037557737196092233,0.0024127562840779992,0.0013196077197790146,0.00015091896057128906,0.18302226066589355,-0.18302226066589355,-0.005858302116394043,-0.000765383243560791,-0.0008968710899353027,0.000791158527135849,mixed_or_neutral
287_0.77_1.14.png,12.978465479154321,0.774299164613088,0.17404472827911377,0.22442783415317535,18.66071891784668,44.866065979003906,0.6687146425247192,0.22216159105300903,0.17112505435943604,-0.10703620314598083,0.04073667153716087,-0.07312081381678581,0.565627932548523,0.24246573448181152,0.24246573448181152,0.15985645353794098,-0.1146380752325058,0.12046140432357788,0.0924125462770462,0.3175937930106332,0.025402192026376724,-0.01845230907201767,36.214415403443944,0.9906784693400065,0.011382305063307285,0.01546248234808445,1.527849555015564,3.9027323722839355,0.4946221113204956,0.3283129930496216,-0.0029674768447875977,-0.0008848011493682861,0.11773867160081863,0.0038811862468719482,0.3158544600009918,-0.0073077380657196045,0.0073077380657196045,0.2817944288253784,0.007299900054931641,0.015346039086580276,0.3057384490966797,1.050729988834007,0.04496543109416962,0.0011109299957752228,33.25272417600845,0.9905625979105631,0.018618585541844368,0.021745219826698303,2.1019296646118164,4.16574764251709,0.485426664352417,0.32143181562423706,-0.012162923812866211,-0.007765978574752808,0.11692403256893158,0.003066547214984894,0.3099971413612366,-0.013165056705474854,0.013165056705474854,0.2775041460990906,0.003009617328643799,0.013894406147301197,0.29702168703079224,1.020773130822791,0.04430582746863365,0.0004513263702392578,-2.9616912274354945,-0.00011587142944335938,-0.007236280478537083,-0.0062827374786138535,-0.5740801095962524,0.5740801095962524,-0.009195446968078613,0.0008146390318870544,-0.005857318639755249,0.0014516329392790794,current_worse_objective
288_0.82_1.17.png,12.393493403054894,0.7589612404505411,0.1876065582036972,0.24006305634975433,20.00020980834961,47.5179328918457,0.685028612613678,0.22189940512180328,0.18743902444839478,-0.10729838907718658,0.03853992745280266,-0.07531755790114403,0.5850757360458374,0.261913537979126,0.261913537979126,0.1542852520942688,-0.12020927667617798,0.12634263932704926,0.08561348915100098,0.294227503166361,0.024491099640727043,-0.01936340145766735,35.93880168481629,0.9901573856671652,0.011684045195579529,0.015960993245244026,1.573325276374817,4.000039100646973,0.4942183494567871,0.3285817801952362,-0.0033712387084960938,-0.0006160140037536621,0.11763142049312592,0.0037739351391792297,0.31591731309890747,-0.007244884967803955,0.007244884967803955,0.28063535690307617,0.0061408281326293945,0.015066740103065968,0.3037371039390564,1.0438519746969706,0.044785235077142715,0.0009307339787483215,33.50523586644095,0.9903017481168112,0.01801155135035515,0.021122153848409653,2.051920175552368,4.260222911834717,0.48554477095603943,0.32204097509384155,-0.012044817209243774,-0.007156819105148315,0.11619316041469574,0.002335675060749054,0.310452938079834,-0.012709259986877441,0.012709259986877441,0.2769224941730499,0.0024279654026031494,0.013865561224520206,0.2963361144065857,1.018417026388083,0.04420725256204605,0.0003527514636516571,-2.4335658183753424,0.0001443624496459961,-0.0063275061547756195,-0.0051611606031656265,-0.47859489917755127,0.47859489917755127,-0.00867357850074768,0.0014382600784301758,-0.005464375019073486,0.001201178878545761,current_worse_objective
290_0.66_1.66.png,16.54325832499507,0.855296810468038,0.12954899668693542,0.1488802433013916,13.15256118774414,30.150272369384766,0.589824914932251,0.15900886058807373,0.036816418170928955,-0.11576861143112183,0.0371047779917717,-0.05007637292146683,0.4888302683830261,0.11300411820411682,0.11300411820411682,0.1648169308900833,-0.11752812564373016,0.12278265506029129,0.08315328508615494,0.34998989290112875,0.02582782320678234,-0.018403099849820137,28.77341886715762,0.9876065055529276,0.030299076810479164,0.036419086158275604,3.2203385829925537,6.2126569747924805,0.5460988879203796,0.247736856341362,-0.006909608840942383,-0.027040615677833557,0.07566321641206741,-0.011517934501171112,0.38327640295028687,0.0074502527713775635,0.0074502527713775635,0.26193946599960327,-0.020405590534210205,0.027802158147096634,0.20287352800369263,0.8538891069056354,0.04109402745962143,-0.0031368955969810486,27.465404621099147,0.9846554398536682,0.03543825447559357,0.042337942868471146,3.700253963470459,7.064264297485352,0.5403338670730591,0.2444320172071457,-0.01267462968826294,-0.030345454812049866,0.07436065375804901,-0.012820497155189514,0.3816567361354828,0.005830585956573486,0.005830585956573486,0.2555900812149048,-0.02675497531890869,0.03491926193237305,0.19513921439647675,0.8213355933763913,0.04009946808218956,-0.004131454974412918,-1.3080142460584732,-0.002951065699259403,-0.005139177665114403,-0.005918856710195541,-0.4799153804779053,0.4799153804779053,-0.005765020847320557,-0.001302562654018402,0.0016196668148040771,-0.007117103785276413,current_worse_objective
300_0.92_0.72.png,16.65177541562592,0.8936718702316284,0.11872601509094238,0.1470317840576172,12.67128849029541,29.278669357299805,0.66557776927948,0.2445501983165741,0.11816787719726562,-0.05827191472053528,0.0669805034995079,-0.0667291060090065,0.5502145290374756,0.16260775923728943,0.16260775923728943,0.14834272861480713,-0.060665056109428406,0.06308093667030334,0.046569451689720154,0.47350493341783595,0.02466025948524475,-0.00994797796010971,36.74344919175761,0.994049608707428,0.011003032326698303,0.014548812061548233,1.3893182277679443,3.5722949504852295,0.5408461689949036,0.3017207980155945,-0.006563723087310791,-0.0011013150215148926,0.13738718628883362,0.003677576780319214,0.3779989778995514,-0.009607791900634766,0.009607791900634766,0.2127116173505783,0.0037038326263427734,0.00997033528983593,0.10049385577440262,1.0217929299318762,0.035285722464323044,0.0006774850189685822,35.218344308114816,0.9941127498944601,0.014109714888036251,0.01734134554862976,1.6448943614959717,3.8798158168792725,0.5410305857658386,0.29597407579421997,-0.006379306316375732,-0.006848037242889404,0.13325481116771698,-0.0004547983407974243,0.3802366256713867,-0.0073701441287994385,0.0073701441287994385,0.21008925139904022,0.0010814666748046875,0.010152137838304043,0.09908430278301239,1.0074609962045038,0.03485358506441116,0.00024534761905670166,-1.525104883642797,6.314118703210081e-05,-0.003106682561337948,-0.0027925334870815277,-0.25557613372802734,0.25557613372802734,0.0001844167709350586,0.0032227784395217896,0.002237647771835327,-0.00018180254846811295,current_worse_objective
303_0.89_1.94.png,9.795707008254775,0.7735486030578613,0.2831347584724426,0.32375362515449524,32.334712982177734,54.12665939331055,0.7384815216064453,0.18198540806770325,0.2885364592075348,0.0006079673767089844,0.07773301005363464,-0.2405363917350769,0.6731131672859192,0.3800655007362366,0.3800655007362366,0.05117207020521164,-0.05029191076755524,0.06102465093135834,0.009579972364008427,0.2018435302371956,0.007625478319823742,-0.008050401695072651,25.784457405903993,0.9595632950464884,0.036438941955566406,0.05137799307703972,4.643385410308838,12.434000015258789,0.4159175157546997,0.20392176508903503,-0.034027546644210815,0.02254432439804077,0.3533778190612793,0.03510841727256775,0.25126174092292786,-0.04178592562675476,0.04178592562675476,0.10855873674154282,0.00709475576877594,0.016063399612903595,0.05331060662865639,1.1232183801950035,0.016869785264134407,0.0011939052492380142,23.99689698473226,0.9498771627744039,0.04463104531168938,0.06311827898025513,5.258180141448975,15.285847663879395,0.4103413224220276,0.21535466611385345,-0.039603739976882935,0.03397722542285919,0.3510129749774933,0.03274357318878174,0.2493991255760193,-0.04364854097366333,0.04364854097366333,0.10832466930150986,0.006860688328742981,0.01598219946026802,0.052760038524866104,1.1116182830879875,0.016891978681087494,0.001216098666191101,-1.787560421171733,-0.00968613227208448,-0.00819210335612297,-0.011740285903215408,-0.6147947311401367,0.6147947311401367,-0.005576193332672119,0.0023648440837860107,-0.0018626153469085693,8.120015263557434e-05,current_worse_objective
330_0.6_0.81.png,22.546907413449745,0.9680362939834595,0.06421010941267014,0.07458554208278656,8.504029273986816,14.340690612792969,0.571739673614502,0.14019843935966492,0.06199967861175537,-0.023557648062705994,0.20271454751491547,-0.08604969084262848,0.3982209861278534,0.10129186511039734,0.10129186511039734,0.1761278361082077,-0.033253878355026245,0.0398319736123085,0.08569580316543579,0.7220572401582714,0.028622563928365707,-0.005261559039354324,23.935315396785004,0.9630603591601054,0.05181432142853737,0.06356737017631531,7.276062488555908,13.148269653320312,0.46146419644355774,0.1793901026248932,-0.04827579855918884,0.015634015202522278,0.38023489713668823,0.09147065877914429,0.20816132426261902,-0.08876779675483704,0.08876779675483704,0.24777956306934357,0.03839784860610962,0.04074833542108536,0.16327746212482452,1.3757461780747866,0.04012242704629898,0.006238304078578949,26.01314882015958,0.9715262850125631,0.03973386064171791,0.050042908638715744,5.890836238861084,11.889223098754883,0.47288021445274353,0.18229971826076508,-0.03685978055000305,0.018543630838394165,0.36151859164237976,0.07275435328483582,0.22505724430084229,-0.07187187671661377,0.07187187671661377,0.24357818067073822,0.03419646620750427,0.03653402999043465,0.15867111086845398,1.336933900780955,0.0393984392285347,0.005514316260814667,2.0778334233745746,0.008465925852457756,0.012080460786819458,0.013524461537599564,1.3852262496948242,-1.3852262496948242,0.011416018009185791,0.01871630549430847,0.016895920038223267,0.004214305430650711,current_better_objective
336_0.94_1.46.png,13.686081918905966,0.8555552164713541,0.16764633357524872,0.2068692296743393,16.78415870666504,43.10682678222656,0.7150102257728577,0.23337669670581818,0.1551418900489807,-0.03823713958263397,0.014096109196543694,-0.025065185502171516,0.6531110405921936,0.19654428958892822,0.19654428958892822,0.07381764054298401,-0.05293166637420654,0.06257293373346329,0.020937122404575348,0.2758295795456821,0.01120737660676241,-0.008671178482472897,25.023042229101172,0.9726323286692301,0.041189201176166534,0.05608515068888664,4.462003231048584,13.877689361572266,0.5221668481826782,0.2877858579158783,-0.03770148754119873,0.016172021627426147,0.04432661086320877,0.005165316164493561,0.41549256443977356,-0.04107418656349182,0.04107418656349182,0.1299460232257843,0.00319671630859375,0.012749245390295982,0.0767081081867218,1.0105670120295267,0.020448435097932816,0.0005698800086975098,25.042331855520253,0.9748765230178833,0.0457385815680027,0.05596073344349861,4.832158088684082,12.933368682861328,0.5157652497291565,0.28287723660469055,-0.04410308599472046,0.011263400316238403,0.04468837380409241,0.005527079105377197,0.4122050404548645,-0.04436171054840088,0.04436171054840088,0.12630416452884674,-0.00044514238834381104,0.011711369268596172,0.0734376460313797,0.9674813298714597,0.019849002361297607,-2.9552727937698364e-05,0.01928962641908072,0.0022441943486531946,-0.004549380391836166,0.000124417245388031,-0.37015485763549805,0.37015485763549805,-0.0064015984535217285,-0.0003617629408836365,-0.0032875239849090576,0.00103787612169981,mixed_or_neutral
341_0.68_1.62.png,13.656095313420561,0.7968380053838094,0.17209690809249878,0.20758464932441711,29.326969146728516,45.3525390625,0.550662100315094,0.11828965693712234,0.17598837614059448,-0.0503428652882576,0.24613362550735474,-0.3756917715072632,0.41564804315567017,0.2890860140323639,0.2890860140323639,0.16309650242328644,-0.10555751621723175,0.10808544605970383,0.07604257017374039,0.3794433441554579,0.02556639164686203,-0.016416270285844803,25.228793482081016,0.969786524772644,0.03975275158882141,0.05477221682667732,6.655289649963379,14.972686767578125,0.41480714082717896,0.1613476276397705,0.04013341665267944,-0.007284894585609436,0.5507064461708069,-0.07111895084381104,0.1752442568540573,0.04868222773075104,0.04868222773075104,0.26125267148017883,-0.0074013471603393555,0.016393588855862617,0.18972793221473694,0.9467197244224698,0.04091862961649895,-0.0010640323162078857,27.428397109390534,0.9754247268040975,0.030778026208281517,0.04251871630549431,5.697503089904785,12.979327201843262,0.4031773805618286,0.15974557399749756,0.0285036563873291,-0.008886948227882385,0.5637937784194946,-0.05803161859512329,0.16278180480003357,0.036219775676727295,0.036219775676727295,0.26044565439224243,-0.008208364248275757,0.016328345984220505,0.18899580836296082,0.9430665138324121,0.040817741304636,-0.0011649206280708313,2.199603627309518,0.0056382020314534875,0.008974725380539894,0.012253500521183014,0.9577865600585938,-0.9577865600585938,0.011629760265350342,0.013087332248687744,0.012462452054023743,6.524287164211273e-05,current_better_objective
346_0.77_1.92.png,13.83716055787657,0.8155304193496704,0.17151404917240143,0.20330214500427246,18.16016960144043,41.29338455200195,0.6234456300735474,0.1874510496854782,0.1384589970111847,-0.09018419682979584,0.08545862138271332,-0.02921203523874283,0.5158630609512329,0.19262447953224182,0.19262447953224182,0.11715040355920792,-0.07317907363176346,0.08870865404605865,0.0850633755326271,0.4905202146342503,0.01917281188070774,-0.011960495263338089,25.821864019878472,0.9724295934041342,0.04060482233762741,0.05115720257163048,4.678869724273682,11.543498992919922,0.4474470615386963,0.28284209966659546,-0.03753957152366638,0.005206853151321411,0.15197907388210297,0.03730841726064682,0.26584410667419434,-0.05739447474479675,0.05739447474479675,0.21062292158603668,0.020293444395065308,0.02495887130498886,0.2264406681060791,1.3057761278085334,0.03457843139767647,0.003445124253630638,23.89517238606161,0.9581495126088461,0.05358096584677696,0.06386183202266693,6.0801591873168945,13.86772632598877,0.43179643154144287,0.29355931282043457,-0.0531902015209198,0.015924066305160522,0.1632283478975296,0.048557691276073456,0.24841037392616272,-0.07482820749282837,0.07482820749282837,0.21457581222057343,0.02424633502960205,0.02778332494199276,0.2294897437095642,1.3233587032717407,0.0351853109896183,0.004052003845572472,-1.926691633816862,-0.014280080795288086,-0.012976143509149551,-0.012704629451036453,-1.401289463043213,1.401289463043213,-0.015650629997253418,-0.011249274015426636,-0.017433732748031616,-0.0028244536370038986,current_worse_objective;color_shift_risk
347_0.92_1.53.png,14.110963806120525,0.8303449352582296,0.16155898571014404,0.19699345529079437,17.01152229309082,40.14019775390625,0.6176390051841736,0.2098948359489441,0.1326523721218109,-0.06774041056632996,0.08646535873413086,-0.028205297887325287,0.506996214389801,0.18375763297080994,0.18375763297080994,0.12169144302606583,-0.06863803416490555,0.08081502467393875,0.0794646218419075,0.458234852751301,0.019854512065649033,-0.011278795078396797,25.209670228763326,0.9738237063090006,0.040584176778793335,0.05489293858408928,4.5584397315979,12.584291458129883,0.4472390115261078,0.28788986802101135,-0.03774762153625488,0.010254621505737305,0.1490035057067871,0.03433284908533096,0.2705285847187042,-0.052709996700286865,0.052709996700286865,0.20626884698867798,0.015939369797706604,0.020921336486935616,0.21159155666828156,1.2201483322503548,0.033890727907419205,0.002757420763373375,24.08220292421508,0.9625409444173177,0.05115748569369316,0.06250141561031342,5.720898628234863,13.114384651184082,0.4341617822647095,0.29615065455436707,-0.0508248507976532,0.018515408039093018,0.1575893610715866,0.04291870445013046,0.25480902194976807,-0.06842955946922302,0.06842955946922302,0.21133318543434143,0.021003708243370056,0.024476341903209686,0.21730998158454895,1.2531237814343745,0.03466657176613808,0.003533264622092247,-1.1274673045482473,-0.011282761891682869,-0.010573308914899826,-0.007608477026224136,-1.162458896636963,1.162458896636963,-0.013077229261398315,-0.0085858553647995,-0.015719562768936157,-0.0035550054162740707,current_worse_objective;color_shift_risk
348_0.72_1.07.png,22.70354579952855,0.9546531041463217,0.06076638028025627,0.07325254380702972,6.712396144866943,17.363073348999023,0.5047122836112976,0.2394871562719345,0.019725650548934937,-0.03814809024333954,0.11531183868646622,0.0006411820650100708,0.36097344756126404,0.03773486614227295,0.03773486614227295,0.1644136905670166,-0.025915786623954773,0.03960070013999939,0.13319018483161926,0.7680447388984966,0.026940295472741127,-0.004193011671304703,25.7224317669858,0.9749489029248556,0.04218575730919838,0.0517461933195591,4.784111499786377,10.980159759521484,0.44333988428115845,0.28993088006973267,-0.041646748781204224,0.012295633554458618,0.15238195657730103,0.03771129995584488,0.26383113861083984,-0.059407442808151245,0.059407442808151245,0.20862102508544922,0.018291547894477844,0.021262140944600105,0.22147177159786224,1.277122854100026,0.03427719697356224,0.003143889829516411,24.214847108460653,0.9651455680529276,0.05288917198777199,0.0615541934967041,5.9688615798950195,12.334959030151367,0.432361364364624,0.29444634914398193,-0.05262526869773865,0.016811102628707886,0.16052022576332092,0.04584956914186478,0.24930229783058167,-0.07393628358840942,0.07393628358840942,0.21397636830806732,0.023646891117095947,0.02566611021757126,0.23000892996788025,1.3263526046219953,0.035107191652059555,0.003973884508013725,-1.507584658525147,-0.009803334871927971,-0.010703414678573608,-0.009808000177145004,-1.1847500801086426,1.1847500801086426,-0.010978519916534424,-0.008138269186019897,-0.014528840780258179,-0.004403969272971153,current_worse_objective;color_shift_risk
359_0.5_1.58.png,15.344538857232138,0.9302548964818319,0.11909858137369156,0.17091219127178192,22.97993278503418,49.41250991821289,0.5547532439231873,0.1284695565700531,-0.040292561054229736,-0.03224952518939972,0.19858507812023163,-0.21817101538181305,0.3501477539539337,0.09145435690879822,0.09145435690879822,0.27160772681236267,-0.04810956120491028,0.0522596500813961,0.23753368854522705,0.7794983237032661,0.04283542558550835,-0.007398776710033417,17.219489249303432,0.9593263268470764,0.09724187850952148,0.13772904872894287,15.605475425720215,32.81024169921875,0.523905873298645,0.1687229871749878,-0.07113993167877197,0.008003905415534973,0.35461944341659546,-0.06213665008544922,0.2398851066827774,-0.018808290362358093,0.018808290362358093,0.33234989643096924,0.012632608413696289,0.03570200502872467,0.34159979224205017,1.1210050543182735,0.05234118551015854,0.0021069832146167755,19.65882039246068,0.9703324834505717,0.07265561819076538,0.10400614142417908,12.939773559570312,30.385982513427734,0.5525654554367065,0.16309314966201782,-0.04248034954071045,0.0023740679025650024,0.3537180721759796,-0.06303802132606506,0.25999483466148376,0.0013014376163482666,0.0013014376163482666,0.3308774530887604,0.011160165071487427,0.02849011868238449,0.3400537669658661,1.1159315671907457,0.05220678076148033,0.001972578465938568,2.439331143157247,0.011006156603495243,0.024586260318756104,0.033722907304763794,2.6657018661499023,-2.6657018661499023,0.028659582138061523,-0.0009013712406158447,0.017506852746009827,0.0072118863463401794,current_better_objective
361_0.51_1.62.png,12.426324852655908,0.8167377909024557,0.18021731078624725,0.23915736377239227,17.84260368347168,41.76026916503906,0.5086092948913574,0.15501241385936737,-0.1741098165512085,-0.10893608629703522,0.049530163407325745,-0.025471121072769165,0.3622084856033325,-0.06995409727096558,0.06995409727096558,0.2225058376789093,-0.17397120594978333,0.17822551727294922,0.12969262897968292,0.3433212638383298,0.03527116775512695,-0.026434220373630524,17.190954217991447,0.9377199610074362,0.12660615146160126,0.13818225264549255,12.722707748413086,19.852277755737305,0.5570017695426941,0.2800152897834778,-0.12571734189987183,0.016066789627075195,0.11466746777296066,0.03966618329286575,0.2909269332885742,-0.14123564958572388,0.14123564958572388,0.4168696403503418,0.02039259672164917,0.040017299354076385,0.4078719913959503,1.079715390704669,0.06512915343046188,0.0034237653017044067,19.482922018780723,0.9569851358731588,0.09823071956634521,0.1061338484287262,9.969090461730957,15.917333602905273,0.5848248600959778,0.2868559956550598,-0.09789425134658813,0.022907495498657227,0.10532966256141663,0.030328378081321716,0.32105743885040283,-0.11110514402389526,0.11110514402389526,0.41415953636169434,0.01768249273300171,0.04273722693324089,0.40736401081085205,1.0783706686656964,0.06463368982076645,0.002928301692008972,2.2919678007892763,0.019265174865722656,0.028375431895256042,0.03204840421676636,2.753617286682129,-2.753617286682129,0.02782309055328369,0.009337805211544037,0.030130505561828613,-0.002719927579164505,current_better_objective
380_0.53_1.36.png,18.306466638000348,0.9614168008168539,0.08597718924283981,0.12152808904647827,8.56450366973877,21.1669921875,0.5210497975349426,0.19802433252334595,-0.03969931602478027,-0.1043567955493927,0.0965743288397789,-0.017546840012073517,0.42654120922088623,-0.022254109382629395,0.022254109382629395,0.12445741891860962,-0.02617502212524414,0.035189561545848846,0.05832666531205177,0.6681167686333842,0.01909140683710575,-0.003943191841244698,23.468250322088924,0.96097465356191,0.057918522506952286,0.06707914173603058,6.416561603546143,12.990396499633789,0.5028541088104248,0.32026317715644836,-0.057895004749298096,0.017882049083709717,0.15595784783363342,0.041836678981781006,0.3785153329372406,-0.07027998566627502,0.07027998566627502,0.1653551608324051,0.01472271978855133,0.021274087950587273,0.10140293836593628,1.161544263648841,0.025291964411735535,0.002257365733385086,23.42614228259986,0.961069663365682,0.05558452010154724,0.06740511953830719,6.257898807525635,13.304512977600098,0.5055277943611145,0.32336196303367615,-0.0552213191986084,0.0209808349609375,0.15422454476356506,0.040103375911712646,0.38179129362106323,-0.06700402498245239,0.06700402498245239,0.1640390157699585,0.013406574726104736,0.023236960172653198,0.1008525937795639,1.155240209667445,0.025093311443924904,0.0020587127655744553,-0.04210803948906516,9.500980377197266e-05,0.0023340024054050446,-0.00032597780227661133,0.1586627960205078,-0.1586627960205078,0.0026736855506896973,0.0017333030700683594,0.003275960683822632,-0.0019628722220659256,mixed_or_neutral
387_0.66_1.81.png,14.55469119032344,0.8712165951728821,0.1486426293849945,0.18718259036540985,14.979961395263672,41.414241790771484,0.7103115320205688,0.16260074079036713,0.14626014232635498,-0.07073664665222168,0.024798953905701637,-0.038174284622073174,0.6324558258056641,0.1919330656528473,0.1919330656528473,0.10782650113105774,-0.06388205289840698,0.07491384446620941,0.029606027528643608,0.35896245841512847,0.01677214726805687,-0.010021109133958817,25.159262659612615,0.9765532612800598,0.047324039041996,0.05521243065595627,4.923408031463623,10.565190315246582,0.5186482667922974,0.23785224556922913,-0.045403122901916504,0.00451485812664032,0.07638544589281082,0.01341220736503601,0.38730913400650024,-0.05321362614631653,0.05321362614631653,0.18459855020046234,0.01288999617099762,0.024727124720811844,0.09136056154966354,1.1077140202050058,0.028853051364421844,0.0020597949624061584,27.45869913062303,0.9826356569925944,0.03492225706577301,0.042370643466711044,3.693129301071167,8.279563903808594,0.5313243269920349,0.23850426077842712,-0.032727062702178955,0.005166873335838318,0.0741444006562233,0.011171162128448486,0.40042704343795776,-0.04009571671485901,0.04009571671485901,0.1824619621038437,0.010753408074378967,0.021016497164964676,0.09003537893295288,1.0916466565749738,0.028534404933452606,0.0017411485314369202,2.2994364710104165,0.00608239571253455,0.012401781976222992,0.012841787189245224,1.230278730392456,-1.230278730392456,0.012676060199737549,0.0022410452365875244,0.01311790943145752,0.003710627555847168,current_better_objective
389_0.75_1.27.png,14.860442088504762,0.8136025468508402,0.15206566452980042,0.18070821464061737,16.13908576965332,32.32122039794922,0.5975745916366577,0.13845987617969513,0.14193615317344666,-0.036177441477775574,0.14039264619350433,-0.13800691068172455,0.44777393341064453,0.23538577556610107,0.23538577556610107,0.14600054919719696,-0.10875006020069122,0.10983355343341827,0.06855610013008118,0.3959300645944587,0.023383140563964844,-0.017095662653446198,24.25873810171927,0.9732424219449362,0.0548371821641922,0.061243936419487,6.027299404144287,10.054375648498535,0.40235021710395813,0.17369170486927032,-0.05328822135925293,-0.0009456127882003784,0.33107790350914,0.05267834663391113,0.149061918258667,-0.06332623958587646,0.06332623958587646,0.2670760750770569,0.012325465679168701,0.02497115544974804,0.19040320813655853,1.0996301474771553,0.042371965944767,0.001893162727355957,21.79026023997128,0.9638835390408834,0.07803250849246979,0.08137425035238266,8.489242553710938,11.271761894226074,0.3759254217147827,0.15896309912204742,-0.07971301674842834,-0.01567421853542328,0.31599053740501404,0.037590980529785156,0.15092884004116058,-0.061459317803382874,0.061459317803382874,0.2375851571559906,-0.017165452241897583,0.021625656634569168,0.15248000621795654,0.8806133749832294,0.03771747276186943,-0.0027613304555416107,-2.468477861747992,-0.009358882904052734,-0.023195326328277588,-0.02013031393289566,-2.4619431495666504,2.4619431495666504,-0.026424795389175415,0.015087366104125977,0.0018669217824935913,0.003345498815178871,current_worse_objective;color_shift_risk;tone_shift_risk;oversmooth_or_texture_loss_risk
390_0.55_1.07.png,21.008292763389328,0.8875884811083475,0.06770077347755432,0.08904004096984863,9.124911308288574,18.964929580688477,0.5068390369415283,0.1341816484928131,0.05120059847831726,-0.04045566916465759,0.1734527349472046,-0.10494682192802429,0.343016117811203,0.13062795996665955,0.13062795996665955,0.1622016280889511,-0.09254898130893707,0.09412139654159546,0.08076508343219757,0.46644025315926274,0.025957155972719193,-0.014521647244691849,26.89048019751184,0.9818814992904663,0.040908969938755035,0.04523514583706856,4.978600025177002,8.196869850158691,0.41938480734825134,0.1848202347755432,-0.03625363111495972,0.01018291711807251,0.3254966139793396,0.04709705710411072,0.15919886529445648,-0.053189292550086975,0.053189292550086975,0.27129146456718445,0.016540855169296265,0.020510390400886536,0.19443920254707336,1.1229391094021473,0.04304226487874985,0.002563461661338806,21.947772794153714,0.965105414390564,0.07562383264303207,0.07991188019514084,8.18294620513916,12.082791328430176,0.3794291019439697,0.1679057627916336,-0.07620933651924133,-0.006731554865837097,0.3248356878757477,0.0464361310005188,0.1452200561761856,-0.06716810166835785,0.06716810166835785,0.24577178061008453,-0.00897882878780365,0.01686934567987919,0.16254281997680664,0.9387288525845485,0.039042647927999496,-0.0014361552894115448,-4.942707403358128,-0.016776084899902344,-0.03471486270427704,-0.03467673435807228,-3.204346179962158,3.204346179962158,-0.039955705404281616,0.0006609261035919189,-0.013978809118270874,0.003641044721007347,current_worse_objective;color_shift_risk;tone_shift_risk;oversmooth_or_texture_loss_risk
391_0.87_1.8.png,10.823863237965165,0.6987035274505615,0.25119900703430176,0.2876119017601013,25.203561782836914,46.84905242919922,0.6939113140106201,0.14811253547668457,0.23827287554740906,-0.026524782180786133,0.10541408509016037,-0.1729854717850685,0.5702159404754639,0.3578277826309204,0.3578277826309204,0.11628285050392151,-0.13846775889396667,0.13977350294589996,0.05055727809667587,0.2919819876649274,0.018648391589522362,-0.02183041162788868,24.702452697635007,0.9764971733093262,0.04859887436032295,0.058193888515233994,5.368447303771973,11.073690414428711,0.4162573218345642,0.1723451018333435,-0.03938111662864685,-0.0022922158241271973,0.3168432414531708,0.038443684577941895,0.16735854744911194,-0.04502961039543152,0.04502961039543152,0.2613203525543213,0.0065697431564331055,0.02089609205722809,0.18094280362129211,1.0449937465775712,0.04146374762058258,0.0009849444031715393,22.457677907088353,0.9648677309354147,0.06978022307157516,0.07535570114850998,7.7507710456848145,11.90805721282959,0.38405299186706543,0.15933354198932648,-0.07158544659614563,-0.015303775668144226,0.3076762557029724,0.02927669882774353,0.1614999771118164,-0.05088818073272705,0.05088818073272705,0.23334050178527832,-0.021410107612609863,0.026272986084222794,0.14638710021972656,0.8454251909869134,0.03702674061059952,-0.0034520626068115234,-2.2447747905466535,-0.011629442373911503,-0.021181348711252213,-0.017161812633275986,-2.382323741912842,2.382323741912842,-0.03220432996749878,0.009166985750198364,-0.005858570337295532,-0.005376894026994705,current_worse_objective;color_shift_risk;tone_shift_risk;oversmooth_or_texture_loss_risk
395_0.95_1.58.png,12.231044785163165,0.6862762371699015,0.19245201349258423,0.24459511041641235,20.293901443481445,46.96455764770508,0.6412999629974365,0.28436827659606934,0.1893441081047058,-0.08524277806282043,0.04535753279924393,-0.15052711218595505,0.5688936114311218,0.2371702492237091,0.2371702492237091,0.0875459536910057,-0.0643700435757637,0.07262054085731506,0.02149541862308979,0.2605630371505589,0.013032389804720879,-0.010943863540887833,30.034227960518756,0.9689426819483439,0.02070363610982895,0.03149840608239174,2.475325584411621,8.628655433654785,0.45365414023399353,0.37482887506484985,0.0016982853412628174,0.005217820405960083,0.17986468970775604,-0.016019955277442932,0.33263760805130005,0.0009142458438873291,0.0009142458438873291,0.15227165818214417,0.00035566091537475586,0.015098344534635544,0.0807100236415863,0.9783502827879442,0.024057788774371147,8.153542876243591e-05,30.05218410203712,0.9652246435483297,0.01969333365559578,0.031433358788490295,2.370112657546997,8.684744834899902,0.4516594111919403,0.3717081844806671,-0.0002964437007904053,0.0020971298217773438,0.17937162518501282,-0.016513019800186157,0.33282166719436646,0.0010983049869537354,0.0010983049869537354,0.1501280963420868,-0.0017879009246826172,0.015453158877789974,0.07781028002500534,0.9432001879262106,0.023685336112976074,-0.000290917232632637,0.017956141518364888,-0.0037180384000141675,0.0010103024542331696,6.504729390144348e-05,0.10521292686462402,-0.10521292686462402,0.0014018416404724121,-0.0004930645227432251,-0.00018405914306640625,-0.0003548143431544304,mixed_or_neutral
402_0.5_1.99.png,11.195037684502175,0.4805155197779338,0.2457294464111328,0.2755802571773529,28.660982131958008,46.03251266479492,0.46500375866889954,0.12840673327445984,0.2035645842552185,-0.15559715032577515,0.06828180700540543,-0.2853327915072441,0.4092625081539154,0.27846115827560425,0.27846115827560425,0.08698208630084991,-0.11859077215194702,0.12136345356702805,0.02689448557794094,0.20547769970783447,0.013681705109775066,-0.01923698280006647,17.641196994688467,0.9184263348579407,0.07825746387243271,0.13120190799236298,8.247499465942383,28.49476432800293,0.1932910829782486,0.18773828446865082,-0.06814809143543243,-0.09626559913158417,0.3429325819015503,-0.010682016611099243,0.07860399782657623,-0.052197352051734924,0.052197352051734924,0.183771014213562,-0.021801844239234924,0.03172987326979637,0.10378655791282654,0.7929440821137379,0.029177702963352203,-0.003740984946489334,23.23351494248528,0.9324828783671061,0.048686444759368896,0.06891666352748871,5.251926422119141,14.948665618896484,0.24148613214492798,0.22844716906547546,-0.019953042268753052,-0.05555671453475952,0.2890792787075043,-0.06453531980514526,0.11739102751016617,-0.013410322368144989,0.013410322368144989,0.19458550214767456,-0.010987356305122375,0.022679751738905907,0.11738038063049316,0.8968028234965166,0.03099125064909458,-0.0019274372607469559,5.592317947796811,0.014056543509165409,0.029571019113063812,0.06228524446487427,2.995573043823242,-2.995573043823242,0.04819504916667938,-0.05385330319404602,0.038787029683589935,0.009050121530890465,current_better_objective;saturation_shift_risk
404_0.71_1.78.png,9.260856859754004,0.44805678725242615,0.31467193365097046,0.3443159759044647,35.286460876464844,56.780765533447266,0.5582720637321472,0.1608971655368805,0.2968328893184662,-0.12310671806335449,0.06033875793218613,-0.2932758405804634,0.4982770085334778,0.3674756586551666,0.3674756586551666,0.0893363505601883,-0.11623650789260864,0.12016423046588898,0.027213262394070625,0.207913199978278,0.01399326790124178,-0.018925420008599758,27.338745893857084,0.9530968268712362,0.030123228207230568,0.042959846556186676,3.3470957279205322,8.664647102355957,0.24122211337089539,0.252951055765152,-0.020217061042785645,-0.031052827835083008,0.3395404815673828,-0.014074116945266724,0.11732912808656693,-0.013472221791744232,0.013472221791744232,0.19520562887191772,-0.010367229580879211,0.02072073332965374,0.11861352622509003,0.9062242314445623,0.031196514144539833,-0.0017221737653017044,31.54628106814772,0.9353876908620199,0.02121468260884285,0.026465855538845062,2.7050631046295166,6.087619781494141,0.27462297677993774,0.2730068564414978,0.013183802366256714,-0.010997027158737183,0.281292587518692,-0.07232201099395752,0.14800766110420227,0.017206311225891113,0.017206311225891113,0.19428029656410217,-0.011292561888694763,0.02036888711154461,0.11776082962751389,0.899709508011356,0.031050603836774826,-0.0018680840730667114,4.207535174290637,-0.01770913600921631,0.008908545598387718,0.016493991017341614,0.6420326232910156,-0.6420326232910156,0.007033258676528931,-0.058247894048690796,-0.003734089434146881,0.00035184621810913086,current_better_objective;saturation_shift_risk
409_0.54_1.68.png,14.185440358934848,0.7718304793039957,0.16189606487751007,0.19531157612800598,17.6878719329834,35.30527114868164,0.5846614837646484,0.11597686260938644,0.12774968147277832,-0.13514531403779984,0.060653168708086014,-0.12290219590067863,0.5071317553520203,0.2000044286251068,0.2000044286251068,0.10546092689037323,-0.10126158595085144,0.10300882905721664,0.03910853713750839,0.2748418590599142,0.015926888212561607,-0.015287211164832115,24.083220574756115,0.9805173675219218,0.05730350688099861,0.06249409168958664,5.861813068389893,9.082453727722168,0.5142091512680054,0.2698413133621216,0.057297348976135254,0.018719136714935303,0.16834954917430878,-0.015205815434455872,0.35589274764060974,0.04876542091369629,0.04876542091369629,0.21689599752426147,0.010173484683036804,0.016226883977651596,0.15301275253295898,1.0753229970777765,0.03264250606298447,0.001428406685590744,26.843715502391504,0.9855945905049642,0.04140648618340492,0.04547934606671333,4.362936496734619,6.9113264083862305,0.49859052896499634,0.26325711607933044,0.04167872667312622,0.012134939432144165,0.16639375686645508,-0.01716160774230957,0.3433602750301361,0.036232948303222656,0.036232948303222656,0.21351321041584015,0.0067906975746154785,0.0133903156965971,0.14959610998630524,1.0513119637332204,0.03213174268603325,0.0009176433086395264,2.7604949276353885,0.005077222983042473,0.01589702069759369,0.017014745622873306,1.4988765716552734,-1.4988765716552734,0.015618622303009033,-0.0019557923078536987,0.012532472610473633,0.0028365682810544968,current_better_objective
410_0.98_1.98.png,8.551711142648726,0.6360287268956503,0.34121018648147583,0.37360650300979614,34.293392181396484,59.06055450439453,0.7956796884536743,0.14597995579242706,0.3387678861618042,-0.10514222085475922,0.034600745886564255,-0.1489546187222004,0.7359493374824524,0.42882201075553894,0.42882201075553894,0.07764720171689987,-0.1290753111243248,0.13272415101528168,0.02084529586136341,0.1464938421768864,0.011463465169072151,-0.01975063420832157,21.896031701916165,0.9751649896303812,0.06694173812866211,0.08038932830095291,6.7557053565979,12.92214584350586,0.5225859880447388,0.28884637355804443,0.06567418575286865,0.037724196910858154,0.15552563965320587,-0.028029724955558777,0.3755528926849365,0.06842556595802307,0.06842556595802307,0.20158490538597107,-0.005137607455253601,0.018382903188467026,0.13130952417850494,0.9227998892057846,0.030164547264575958,-0.0010495521128177643,25.058628089502648,0.9776297609011332,0.04892358556389809,0.05585584044456482,5.168432712554932,8.736553192138672,0.5041049122810364,0.2696138918399811,0.04719310998916626,0.0184917151927948,0.1568426489830017,-0.02671271562576294,0.3599313199520111,0.052803993225097656,0.052803993225097656,0.19503702223300934,-0.011685490608215332,0.02032960020005703,0.12476278096437454,0.8767915440346792,0.02930755354464054,-0.0019065458327531815,3.1625963875864826,0.002464771270751953,0.018018152564764023,0.024533487856388092,1.5872726440429688,-1.5872726440429688,0.018481075763702393,0.0013170093297958374,0.015621572732925415,-0.001946697011590004,current_better_objective
411_0.76_1.73.png,11.281656289115638,0.7122265497843424,0.23369741439819336,0.2728457450866699,24.527301788330078,46.638362884521484,0.6884599328041077,0.13495397567749023,0.23154813051223755,-0.11616820096969604,0.04760066047310829,-0.13595470413565636,0.6180606484413147,0.31093332171440125,0.31093332171440125,0.09414789825677872,-0.11257461458444595,0.11490889638662338,0.03092409111559391,0.21732428042665197,0.014100662432610989,-0.017113436944782734,24.19840110941234,0.9829914569854736,0.05385401099920273,0.061670850962400436,5.4737982749938965,9.151819229125977,0.5104202628135681,0.2759800851345062,0.053508460521698,0.024857908487319946,0.1688193529844284,-0.014736011624336243,0.3562295138835907,0.049102187156677246,0.049102187156677246,0.21020695567131042,0.0034844428300857544,0.01384937483817339,0.1441776007413864,1.0132324735960525,0.03158608824014664,0.00037198886275291443,29.522939473375036,0.9886093537012736,0.02927161380648613,0.03340819478034973,3.2210919857025146,5.468649387359619,0.48586663603782654,0.26142382621765137,0.02895483374595642,0.010301649570465088,0.1689310371875763,-0.014624327421188354,0.3348294794559479,0.027702152729034424,0.027702152729034424,0.2064579874277115,-0.0002645254135131836,0.011704611591994762,0.14111019670963287,0.9916757729807676,0.03106733411550522,-0.00014676526188850403,5.324538363962695,0.0056178967157999304,0.0245823971927166,0.028262656182050705,2.252706289291382,-2.252706289291382,0.024553626775741577,0.00011168420314788818,0.021400034427642822,0.002144763246178627,current_better_objective
415_0.56_1.96.png,17.34803319516761,0.891296923160553,0.12132477015256882,0.13570578396320343,13.227651596069336,23.062196731567383,0.5604003667831421,0.13691484928131104,-0.04985618591308594,-0.09620688855648041,0.10312043130397797,-0.07513205707073212,0.47193849086761475,0.021853089332580566,0.021853089332580566,0.09287432581186295,-0.08062232285737991,0.08722425252199173,0.02920980006456375,0.262270012935309,0.014824198558926582,-0.0126566793769598,28.521700878115187,0.9808511734008789,0.026333343237638474,0.037489958107471466,3.143228054046631,9.31650161743164,0.5894332528114319,0.24151365458965302,-0.020823299884796143,0.008391916751861572,0.18509086966514587,0.006838381290435791,0.43431177735328674,-0.015773624181747437,0.015773624181747437,0.164437934756279,-0.009058713912963867,0.020178476348519325,0.0962984561920166,0.8646480734310251,0.026090091094374657,-0.0013907868415117264,33.13546155486768,0.9876272877057394,0.01521359570324421,0.022040778771042824,2.0333516597747803,5.193902969360352,0.6090595722198486,0.23533743619918823,-0.0011969804763793945,0.0022156983613967896,0.17142212390899658,-0.006830364465713501,0.4546995460987091,0.004614144563674927,0.004614144563674927,0.1663585603237152,-0.007138088345527649,0.01745247282087803,0.10201872140169144,0.9160093983020868,0.026503445580601692,-0.0009774323552846909,4.613760676752495,0.00677611430486047,0.011119747534394264,0.015449179336428642,1.1098763942718506,-1.1098763942718506,0.019626319408416748,8.016824722290039e-06,0.01115947961807251,0.0027260035276412964,current_better_objective
422_0.65_0.92.png,19.222798187443757,0.9112511873245239,0.08956500142812729,0.10936039686203003,11.300765037536621,22.689918518066406,0.6150935292243958,0.20175112783908844,0.08450430631637573,-0.051739051938056946,0.10212475806474686,-0.10478159040212631,0.5175938606262207,0.13386237621307373,0.13386237621307373,0.11924759298563004,-0.04106218367815018,0.04271180182695389,0.06007291376590729,0.6416334510598369,0.018654197454452515,-0.006190042942762375,28.03104916494048,0.9908553957939148,0.03383884206414223,0.03966866061091423,3.743056535720825,7.312597751617432,0.5639556646347046,0.2658465504646301,0.03336644172668457,0.012356370687484741,0.1817929744720459,-0.02511337399482727,0.42510735988616943,0.04137587547302246,0.04137587547302246,0.15730971097946167,-0.0030000656843185425,0.010668920353055,0.09445131570100784,1.008826105664504,0.02450648508965969,-0.00033775530755519867,31.656289935600235,0.991673986117045,0.021276306360960007,0.026132773607969284,2.766836643218994,6.12678861618042,0.5496998429298401,0.2574928104877472,0.01911062002182007,0.004002630710601807,0.18350400030612946,-0.023402348160743713,0.41359472274780273,0.02986323833465576,0.02986323833465576,0.1542925238609314,-0.006017252802848816,0.011175166815519333,0.09160679578781128,0.9784440413680233,0.024033816531300545,-0.0008104238659143448,3.6252407706597545,0.0008185903231302527,0.01256253570318222,0.013535887002944946,0.976219892501831,-0.976219892501831,0.014255821704864502,0.0017110258340835571,0.0115126371383667,-0.0005062464624643326,current_better_objective
430_0.66_1.24.png,25.991992560807592,0.9774069786071777,0.03259629011154175,0.050164949148893356,3.687980890274048,13.269346237182617,0.7445393204689026,0.16931751370429993,0.0018810033798217773,-0.013484343886375427,0.052672430872917175,-0.001846659928560257,0.6644736528396606,0.0015922784805297852,0.0015922784805297852,0.07263240218162537,0.0010200515389442444,0.023442162200808525,0.018450487405061722,0.8487040070737257,0.010796340182423592,-9.638164192438126e-05,25.975919693994367,0.9803722103436788,0.03480098769068718,0.050257861614227295,3.576540231704712,12.536578178405762,0.7153011560440063,0.1914595663547516,-0.027357161045074463,0.008657708764076233,0.06286156922578812,0.008342478424310684,0.62791508436203,-0.03496628999710083,0.03496628999710083,0.07821757346391678,0.006605222821235657,0.018073992803692818,0.021800847724080086,1.0028172380939324,0.01168475765734911,0.0007920358330011368,29.229203036175456,0.9875596563021342,0.025077814236283302,0.03455730527639389,2.671083688735962,7.6244049072265625,0.7273916006088257,0.18327830731868744,-0.015266716480255127,0.00047644972801208496,0.05465023219585419,0.00013114139437675476,0.6472820043563843,-0.015599370002746582,0.015599370002746582,0.07097177952528,-0.000640571117401123,0.013453438878059387,0.019023606553673744,0.875066915937817,0.01067075040191412,-0.00022197142243385315,3.2532833421810885,0.00718744595845533,0.009723173454403877,0.015700556337833405,0.90545654296875,-0.90545654296875,0.012090444564819336,0.00821133702993393,0.019366919994354248,0.0046205539256334305,current_better_objective
433_0.95_1.27.png,10.892108600708744,0.7178812821706136,0.23251153528690338,0.2853609621524811,24.96178436279297,60.0649299621582,0.634347677230835,0.17876221239566803,0.22875279188156128,-0.07961730659008026,0.10192997008562088,-0.16133835166692734,0.4753444790840149,0.307656466960907,0.307656466960907,0.21820248663425446,-0.11598597466945648,0.11948821693658829,0.08876532316207886,0.48569607789740155,0.03285830840468407,-0.01786884292960167,27.047407843802688,0.9531957705815634,0.03273472189903259,0.044425223022699356,3.815624952316284,9.907331466674805,0.4017102122306824,0.2444540113210678,-0.0038846731185913086,-0.013925507664680481,0.234100341796875,-0.029167979955673218,0.1591724157333374,-0.008515596389770508,0.008515596389770508,0.33821937441825867,0.0040309131145477295,0.02457023784518242,0.1896735280752182,1.037834205806756,0.0514579601585865,0.000730808824300766,25.39713750598282,0.946413497130076,0.0394602008163929,0.053720880299806595,4.600034713745117,12.163508415222168,0.4123534560203552,0.2504909932613373,0.006758570671081543,-0.00788852572441101,0.23699435591697693,-0.02627396583557129,0.16446860134601593,-0.00321941077709198,0.00321941077709198,0.3459480106830597,0.011759549379348755,0.02813844569027424,0.19852006435394287,1.0862396846637208,0.052587296813726425,0.001860145479440689,-1.6502703378198689,-0.006782273451487297,-0.006725478917360306,-0.009295657277107239,-0.784409761428833,0.784409761428833,-0.0028738975524902344,0.0028940141201019287,0.005296185612678528,-0.0035682078450918198,current_worse_objective
434_0.56_1.76.png,15.301747182340279,0.7374437848726908,0.13349007070064545,0.17175628244876862,16.130064010620117,41.02539825439453,0.4906935691833496,0.14252056181430817,0.08509868383407593,-0.11585895717144012,0.10587795078754425,-0.15739037096500397,0.3566528856754303,0.1889648735523224,0.1889648735523224,0.18882913887500763,-0.1453593224287033,0.14671966433525085,0.07064203172922134,0.3865310970922517,0.02843501977622509,-0.022292131558060646,23.677596498388482,0.9535435636838278,0.05160576477646828,0.06548173725605011,5.958162307739258,13.088784217834473,0.36001673340797424,0.2391432374715805,-0.04557815194129944,-0.019236281514167786,0.24261803925037384,-0.020650282502174377,0.13698963820934296,-0.030698373913764954,0.030698373913764954,0.31366783380508423,-0.02052062749862671,0.03891531005501747,0.16489726305007935,0.9022662349034811,0.04773451387882233,-0.0029926374554634094,25.862062651990815,0.954264223575592,0.04030250012874603,0.0509209930896759,4.776478290557861,9.926231384277344,0.37502652406692505,0.24115169048309326,-0.030568361282348633,-0.01722782850265503,0.23538655042648315,-0.027881771326065063,0.14345335960388184,-0.024234652519226074,0.024234652519226074,0.324960321187973,-0.009228140115737915,0.03605678677558899,0.17750565707683563,0.971255422451403,0.04945509880781174,-0.001272052526473999,2.184466153602333,0.0007206598917642859,0.011303264647722244,0.014560744166374207,1.1816840171813965,-1.1816840171813965,0.015009790658950806,-0.007231488823890686,0.006463721394538879,0.002858523279428482,current_better_objective
436_0.98_1.16.png,11.035116426521206,0.7291690508524576,0.22925452888011932,0.2807011306285858,24.505338668823242,59.06938552856445,0.6319472789764404,0.1833234429359436,0.22635239362716675,-0.07505607604980469,0.10525291413068771,-0.1580154076218605,0.4676911532878876,0.30000314116477966,0.30000314116477966,0.22558069229125977,-0.10860776901245117,0.11210333555936813,0.09362838417291641,0.5123052263283355,0.0339927114546299,-0.016734439879655838,27.031413130580773,0.9528089563051859,0.03275582566857338,0.04450710490345955,3.834479570388794,10.138023376464844,0.40689563751220703,0.24549037218093872,0.0013007521629333496,-0.01288914680480957,0.23249395191669464,-0.030774369835853577,0.16275383532047272,-0.004934176802635193,0.004934176802635193,0.3402034044265747,0.0060149431228637695,0.023913484066724777,0.19162903726100922,1.048534140285638,0.05175130441784859,0.001024153083562851,25.45775156541721,0.9499881863594055,0.03861087188124657,0.05334729701280594,4.512273788452148,12.151911735534668,0.412204772233963,0.25108033418655396,0.006609886884689331,-0.007299184799194336,0.2392626702785492,-0.024005651473999023,0.16395743191242218,-0.00373058021068573,0.00373058021068573,0.3466262221336365,0.012437760829925537,0.027534933760762215,0.19888417422771454,1.0882319799803468,0.05268087238073349,0.001953721046447754,-1.5736615651635617,-0.002820769945780399,-0.005855046212673187,-0.00884019210934639,-0.6777942180633545,0.6777942180633545,-0.0053091347217559814,0.006768718361854553,0.0012035965919494629,-0.0036214496940374374,current_worse_objective
442_0.69_0.5.png,25.460043878493707,0.989284892876943,0.0477198027074337,0.05333321914076805,4.752295970916748,7.373129844665527,0.6257177591323853,0.24370960891246796,0.045815348625183105,-0.010107740759849548,0.03320193663239479,-0.001738615334033966,0.5315219759941101,0.04112368822097778,0.04112368822097778,0.14528630673885345,0.008540347218513489,0.014152194373309612,0.05148574337363243,1.1684778133265967,0.021914983168244362,0.0013432502746582031,20.721481674810896,0.9392509857813517,0.08169899880886078,0.09202925860881805,8.336909294128418,16.37574005126953,0.5011104345321655,0.26073044538497925,-0.07879197597503662,0.006913095712661743,0.05863296985626221,0.02369241788983345,0.3804244101047516,-0.10997387766838074,0.10997387766838074,0.18829812109470367,0.05155216157436371,0.05242570862174034,0.08212341368198395,1.8638050177436911,0.028341518715023994,0.007769785821437836,20.72228835722987,0.9435213605562845,0.08371952176094055,0.09202071279287338,8.448680877685547,15.341866493225098,0.4992336332798004,0.24980826675891876,-0.08066877722740173,-0.004009082913398743,0.05463891476392746,0.019698362797498703,0.3809185326099396,-0.10947975516319275,0.10947975516319275,0.18540525436401367,0.048659294843673706,0.049808476120233536,0.08065777271986008,1.830542043678885,0.027915233746170998,0.007343500852584839,0.0008066824189754129,0.004270374774932861,-0.002020522952079773,8.545815944671631e-06,-0.1117715835571289,0.1117715835571289,-0.0018768012523651123,0.003994055092334747,0.0004941225051879883,0.0026172325015068054,mixed_or_neutral
44_0.73_0.53.png,21.468365435644632,0.9090734322865804,0.07385648041963577,0.0844465121626854,8.757369041442871,16.413368225097656,0.4752045273780823,0.32698583602905273,0.04782620072364807,-0.053576141595840454,0.16020449995994568,-0.08239005506038666,0.3929184079170227,0.06329861283302307,0.06329861283302307,0.07217411696910858,-0.010059155523777008,0.012482985854148865,0.011093176901340485,0.7685422831533647,0.010777518153190613,-0.0014918344095349312,38.38619363838906,0.9917583266894022,0.009416543878614902,0.012041769921779633,1.5357468128204346,3.0176424980163574,0.4330953061580658,0.37989500164985657,0.005716979503631592,-0.0006669759750366211,0.23853059113025665,-0.004063963890075684,0.33337002992630005,0.003750234842300415,0.003750234842300415,0.08583371341228485,0.0036004409193992615,0.006689947564154863,0.015797235071659088,1.09444239620989,0.01287260465323925,0.0006032520905137062,36.714006099442315,0.9843396147092184,0.011679093353450298,0.014598213136196136,1.7657783031463623,3.3600871562957764,0.43482792377471924,0.376369446516037,0.007449597120285034,-0.004192531108856201,0.22649648785591125,-0.01609806716442108,0.3365741968154907,0.006954401731491089,0.006954401731491089,0.08395545184612274,0.001722179353237152,0.005938450340181589,0.015194502659142017,1.0526847150184515,0.012604513205587864,0.00033516064286231995,-1.6721875389467442,-0.007418711980183845,-0.002262549474835396,-0.002556443214416504,-0.23003149032592773,0.23003149032592773,-0.0017326176166534424,-0.012034103274345398,-0.003204166889190674,0.0007514972239732742,current_worse_objective
453_0.95_0.6.png,14.66747499865007,0.8340449134508768,0.15540087223052979,0.18476778268814087,17.340946197509766,34.81047058105469,0.6490689516067505,0.20298528671264648,0.15811100602149963,-0.07666462659835815,0.12185489386320114,-0.1246337816119194,0.4659794569015503,0.24208174645900726,0.24208174645900726,0.23032072186470032,-0.10781776905059814,0.10897490382194519,0.13160474598407745,0.46284633902663885,0.03639109060168266,-0.017108067870140076,31.114376883889044,0.9883720874786377,0.02199588157236576,0.027815133333206177,2.7838456630706787,6.478544235229492,0.5074842572212219,0.2756197452545166,0.01652631163597107,-0.004030168056488037,0.23532336950302124,-0.011165305972099304,0.23349285125732422,0.009595140814781189,0.009595140814781189,0.34449106454849243,0.00635257363319397,0.0197916142642498,0.30011215806007385,1.0554772369097924,0.05449379235506058,0.0009946338832378387,31.08573768930142,0.9885008533795675,0.021246302872896194,0.0279069971293211,2.831422805786133,6.761570930480957,0.5039517283439636,0.2711407244205475,0.012993782758712769,-0.008509188890457153,0.23724529147148132,-0.009243384003639221,0.2327568531036377,0.008859142661094666,0.008859142661094666,0.3415711522102356,0.003432661294937134,0.019679468125104904,0.29518431425094604,1.0381462930346692,0.05400092899799347,0.0005017705261707306,-0.02863919458762254,0.0001287659009298059,0.0007495786994695663,-9.186379611492157e-05,-0.0475771427154541,0.0475771427154541,0.0035325288772583008,0.001921921968460083,0.0007359981536865234,0.00011214613914489746,mixed_or_neutral
46_0.57_1.55.png,11.79913291056736,0.7525684038798014,0.21380515396595,0.2570652365684509,22.71857261657715,44.897918701171875,0.6695056557655334,0.15848714113235474,0.203952819108963,-0.13904628157615662,0.05743253231048584,-0.11955484747886658,0.5879642367362976,0.26237592101097107,0.26237592101097107,0.09704113751649857,-0.07419977337121964,0.07916957139968872,0.031156402081251144,0.3507454724658268,0.014972485601902008,-0.011919008567929268,30.293429766926074,0.9738204479217529,0.023995639756321907,0.030572328716516495,2.9735937118530273,7.23209810256958,0.47989869117736816,0.282201886177063,0.01434585452079773,-0.015331536531448364,0.1431616246700287,-0.03382575511932373,0.34558698534965515,0.019998669624328613,0.019998669624328613,0.1583450585603714,-0.012895852327346802,0.020870516076683998,0.07422854751348495,0.8356332961737107,0.024971872568130493,-0.0019196216017007828,30.328828185300523,0.975036104520162,0.0244737695902586,0.030447987839579582,2.8734617233276367,6.920083522796631,0.476803719997406,0.27746039628982544,0.011250883340835571,-0.020073026418685913,0.14091798663139343,-0.036069393157958984,0.34413203597068787,0.018543720245361328,0.018543720245361328,0.15862807631492615,-0.012612834572792053,0.0183868408203125,0.07580582052469254,0.8533895623202601,0.02497257851064205,-0.0019189156591892242,0.03539841837444868,0.001215656598409054,-0.0004781298339366913,0.00012434087693691254,0.10013198852539062,-0.10013198852539062,0.003094971179962158,-0.002243638038635254,0.0014549493789672852,0.002483675256371498,mixed_or_neutral
476_0.91_1.92.png,10.03357828731978,0.7024969061215719,0.26866990327835083,0.31500762701034546,27.116893768310547,53.97087478637695,0.7242218852043152,0.18876130878925323,0.2652195394039154,-0.09431509673595428,0.025733359158039093,-0.07765356451272964,0.6696257591247559,0.33245640993118286,0.33245640993118286,0.06299593299627304,-0.08685121685266495,0.09249932318925858,0.009087840095162392,0.1449035842617088,0.009167496114969254,-0.013996124267578125,28.629441559251806,0.9803839921951294,0.0272980984300375,0.03702780231833458,3.1095669269561768,9.358009338378906,0.4357055723667145,0.2861979007720947,-0.023296773433685303,0.003121495246887207,0.11829312890768051,0.014906205236911774,0.31136050820350647,-0.02580884099006653,0.02580884099006653,0.15212593972682953,0.0022787898778915405,0.01408349722623825,0.06470842659473419,1.0317614358668044,0.023623012006282806,0.00045939162373542786,26.47660550317085,0.9733826518058777,0.039457276463508606,0.047442734241485596,4.285082817077637,10.111878395080566,0.42205557227134705,0.282577246427536,-0.036946773529052734,-0.0004991590976715088,0.12088875472545624,0.0175018310546875,0.3006059229373932,-0.03656342625617981,0.03656342625617981,0.14982324838638306,-2.390146255493164e-05,0.014742325060069561,0.06252620369195938,0.9969663781898558,0.02328500710427761,0.00012138672173023224,-2.1528360560809574,-0.007001340389251709,-0.012159178033471107,-0.010414931923151016,-1.17551589012146,1.17551589012146,-0.013650000095367432,-0.0025956258177757263,-0.010754585266113281,-0.0006588278338313103,current_worse_objective;color_shift_risk
480_0.54_0.98.png,18.21323066637857,0.8947105010350546,0.10075943917036057,0.12283962219953537,10.545941352844238,21.832496643066406,0.6366294026374817,0.2566825747489929,0.09295552968978882,-0.05930924415588379,0.039057228714227676,-0.037722621113061905,0.5720612406730652,0.1137252151966095,0.1137252151966095,0.10358717292547226,-0.03224032372236252,0.03435954079031944,0.03970714285969734,0.5980133743349441,0.015783578157424927,-0.00495515763759613,26.791297412590186,0.9855941534042358,0.03810860216617584,0.04575463756918907,3.7728288173675537,7.991788864135742,0.5076808333396912,0.29707401990890503,-0.03599303960800171,-0.01891779899597168,0.0880073755979538,0.011227525770664215,0.4192771911621094,-0.039058834314346313,0.039058834314346313,0.1434435397386551,0.0076160430908203125,0.014660192653536797,0.07861977815628052,1.184060988493404,0.02197992615401745,0.0012411903589963913,25.183756293118662,0.9813341498374939,0.04501994326710701,0.05505695566534996,4.409204006195068,9.16748046875,0.5072227716445923,0.2806253731250763,-0.036451101303100586,-0.035366445779800415,0.07881661504507065,0.002036765217781067,0.41932645440101624,-0.03900957107543945,0.03900957107543945,0.1441495269536972,0.008322030305862427,0.015874871984124184,0.07982775568962097,1.2022538542804548,0.0220879465341568,0.0013492107391357422,-1.6075411194715237,-0.004260003566741943,-0.006911341100931168,-0.009302318096160889,-0.6363751888275146,0.6363751888275146,-0.00045806169509887695,0.009190760552883148,4.926323890686035e-05,-0.001214679330587387,current_worse_objective
489_0.55_1.03.png,17.013594189128725,0.8517740368843079,0.11711623519659042,0.1410328596830368,15.42275619506836,23.77802848815918,0.4830174446105957,0.17157618701457977,0.011351674795150757,-0.1067647784948349,0.15169622004032135,-0.1686255782842636,0.3569034934043884,0.112309530377388,0.112309530377388,0.18624360859394073,-0.11714406311511993,0.11759566515684128,0.15573258697986603,0.40982629873223697,0.03036552481353283,-0.019011804834008217,28.406774946268484,0.9849281509717306,0.028683258220553398,0.0379892960190773,3.4885804653167725,6.837738513946533,0.45543521642684937,0.2525215446949005,-0.01623055338859558,-0.02581942081451416,0.28908053040504456,-0.031241267919540405,0.24563182890415192,0.0010378658771514893,0.0010378658771514893,0.28712737560272217,-0.0162602961063385,0.02131851762533188,0.34240636229515076,0.9010775126976687,0.04667911306023598,-0.002698216587305069,27.053051438340958,0.9858134786287943,0.03443240001797676,0.04439636692404747,3.871032476425171,7.08224630355835,0.4489203989505768,0.24766632914543152,-0.022745370864868164,-0.030674636363983154,0.293885737657547,-0.026436060667037964,0.24023020267486572,-0.004363760352134705,0.004363760352134705,0.2817554473876953,-0.021632224321365356,0.025268128141760826,0.3286431133747101,0.8648581094694676,0.04579011723399162,-0.0035872124135494232,-1.3537235079275263,0.0008853276570637281,-0.005749141797423363,-0.006407070904970169,-0.38245201110839844,0.38245201110839844,-0.006514817476272583,0.004805207252502441,-0.0033258944749832153,-0.0039496105164289474,current_worse_objective
493_0.69_0.5.png,23.04076890371959,0.9152884682019552,0.05290636420249939,0.07046306878328323,6.046306133270264,15.785569190979004,0.49678975343704224,0.29521456360816956,0.04218706488609314,-0.0314999520778656,0.09778036177158356,-0.06313556432723999,0.37260282039642334,0.05646994709968567,0.05646994709968567,0.1509825736284256,-0.018083825707435608,0.02311219647526741,0.08942131698131561,0.7908402449366342,0.024568025022745132,-0.0029943473637104034,27.972510941483662,0.9503848950068156,0.033334020525217056,0.03993690758943558,3.811541795730591,8.5641450881958,0.47279492020606995,0.2971864342689514,0.01819223165512085,-0.02952808141708374,0.11289995163679123,-0.04801597446203232,0.3429548442363739,0.02682197093963623,0.02682197093963623,0.1558205634355545,-0.013245835900306702,0.01578485779464245,0.09820440411567688,0.8685176826564278,0.02539743483066559,-0.0021649375557899475,30.191763190496136,0.9645438392957052,0.023755760863423347,0.030932273715734482,2.8216564655303955,6.652607440948486,0.4730788469314575,0.3135037124156952,0.018476158380508423,-0.013210803270339966,0.12212184816598892,-0.038794077932834625,0.3383186161518097,0.02218574285507202,0.02218574285507202,0.16299612820148468,-0.006070271134376526,0.010930686257779598,0.10591739416122437,0.9367312042498206,0.02654498629271984,-0.0010173860937356949,2.2192522490124738,0.014158944288889641,0.009578259661793709,0.009004633873701096,0.9898853302001953,-0.9898853302001953,-0.00028392672538757324,0.009221896529197693,0.004636228084564209,0.00485417153686285,current_better_objective
509_0.95_1.52.png,14.152552146565512,0.8431423505147299,0.13844573497772217,0.19605250656604767,14.234975814819336,47.352054595947266,0.7017538547515869,0.17572245001792908,0.13365238904953003,-0.08543205261230469,0.06200527027249336,-0.10769202932715416,0.5750381350517273,0.19188863039016724,0.19188863039016724,0.12427162379026413,-0.06039112061262131,0.06454088538885117,0.03462568670511246,0.498506587266845,0.021549027413129807,-0.010237742215394974,27.592000709071634,0.9815482298533121,0.027578843757510185,0.04172534868121147,2.96748685836792,9.699612617492676,0.5492556691169739,0.2602596580982208,-0.018845796585083008,-0.0008948445320129395,0.17532312870025635,0.005625829100608826,0.3571329116821289,-0.026016592979431152,0.026016592979431152,0.1917080581188202,0.007045313715934753,0.018868235871195793,0.07359586656093597,1.0595609146668952,0.03305690363049507,0.0012701340019702911,25.020644468502198,0.9752380847930908,0.03737140819430351,0.05610063672065735,3.9458203315734863,14.208876609802246,0.5415109992027283,0.2615429759025574,-0.026590466499328613,0.0003884732723236084,0.17777074873447418,0.00807344913482666,0.35023894906044006,-0.032910555601119995,0.032910555601119995,0.19165267050266266,0.006989926099777222,0.022737231105566025,0.07593359798192978,1.0932172728079173,0.03310376778244972,0.001316998153924942,-2.571356240569436,-0.006310145060221317,-0.009792564436793327,-0.014375288039445877,-0.9783334732055664,0.9783334732055664,-0.0077446699142456055,-0.0024476200342178345,-0.006893962621688843,-0.0038689952343702316,current_worse_objective
512_0.94_1.48.png,14.475732983746198,0.8479474584261576,0.13254185020923615,0.18889190256595612,13.680548667907715,46.05377960205078,0.6954933404922485,0.17636989057064056,0.12739187479019165,-0.0847846120595932,0.06333009153604507,-0.10636720806360245,0.5676683783531189,0.18451887369155884,0.18451887369155884,0.1254144012928009,-0.059248343110084534,0.06330505013465881,0.035148367285728455,0.5060316282773692,0.0217426847666502,-0.01004408486187458,27.72787966640331,0.9820124904314677,0.026994263753294945,0.041077692061662674,2.911756753921509,9.408379554748535,0.5494987368583679,0.26050519943237305,-0.018602728843688965,-0.0006493031978607178,0.17530827224254608,0.00561097264289856,0.35734742879867554,-0.02580207586288452,0.02580207586288452,0.1918140947818756,0.007151350378990173,0.018556708469986916,0.0735202506184578,1.0584722706856569,0.03305744007229805,0.0012706704437732697,25.29032948078999,0.9762958884239197,0.03624337911605835,0.05438555032014847,3.8299760818481445,13.546192169189453,0.5415061712265015,0.261674165725708,-0.02659529447555542,0.0005196630954742432,0.17827585339546204,0.008578553795814514,0.35009104013442993,-0.03305846452713013,0.03305846452713013,0.19177301228046417,0.007110267877578735,0.021895430982112885,0.07609866559505463,1.0955937539789031,0.03311258926987648,0.0013258196413516998,-2.437550185613322,-0.005716602007547977,-0.009249115362763405,-0.013307858258485794,-0.9182193279266357,0.9182193279266357,-0.007992565631866455,-0.0029675811529159546,-0.0072563886642456055,-0.003338722512125969,current_worse_objective
519_0.58_1.19.png,18.677435955462983,0.703211784362793,0.10068359971046448,0.11644697189331055,12.028595924377441,22.476726531982422,0.3176094591617584,0.17709292471408844,0.09310373663902283,-0.04586517810821533,0.38481464982032776,-0.2783263027667999,0.17135633528232574,0.12500127032399178,0.12500127032399178,0.1078500747680664,-0.02634088695049286,0.027641048654913902,0.09441085904836655,0.6507786781268585,0.02095242775976658,-0.005171347409486771,41.719616276724395,0.9922799666722616,0.00490119494497776,0.008203878067433834,0.8894364237785339,2.1083321571350098,0.22202333807945251,0.22276578843593597,-0.002482384443283081,-0.00019231438636779785,0.672004759311676,0.00886380672454834,0.044094618409872055,-0.002260446548461914,0.002260446548461914,0.13463589549064636,0.00044493377208709717,0.006788795813918114,0.1446111500263214,0.9968117439575667,0.026200110092759132,7.633492350578308e-05,42.964716402662894,0.9923620025316874,0.004426075145602226,0.007108274381607771,0.8196975588798523,1.947485327720642,0.22368118166923523,0.22272592782974243,-0.0008245408535003662,-0.00023217499256134033,0.667291522026062,0.004150569438934326,0.04532760754227638,-0.0010274574160575867,0.0010274574160575867,0.1352176070213318,0.001026645302772522,0.006827621255069971,0.1463494598865509,1.008793999011887,0.026282966136932373,0.00015919096767902374,1.2451001259384995,8.203585942578862e-05,0.00047511979937553406,0.0010956036858260632,0.06973886489868164,-0.06973886489868164,0.0016578435897827148,0.004713237285614014,0.0012329891324043274,-3.8825441151857376e-05,current_better_objective
530_0.62_1.06.png,22.541466535972337,0.942853569984436,0.061360105872154236,0.07463227212429047,6.985628128051758,13.25886344909668,0.4813804626464844,0.3050323724746704,0.0005149245262145996,-0.06352931261062622,0.22322362661361694,-0.08753892779350281,0.3382986783981323,0.03673914074897766,0.03673914074897766,0.14627617597579956,-0.037730857729911804,0.038777317851781845,0.10425388067960739,0.6935803003972317,0.02596154250204563,-0.006467999890446663,38.09954414397808,0.9927754998207092,0.007250711787492037,0.012445799075067043,1.1524698734283447,3.3553988933563232,0.4768034815788269,0.37216535210609436,-0.004062056541442871,0.0036036670207977295,0.3241891860961914,0.013426631689071655,0.293770432472229,-0.007789105176925659,0.007789105176925659,0.1882643848657608,0.0042573511600494385,0.009150267578661442,0.15045395493507385,1.0009401911907139,0.0330686941742897,0.0006391517817974091,40.19327212832006,0.9945212006568909,0.00648516695946455,0.009779945015907288,1.0489845275878906,2.8545243740081787,0.4786877930164337,0.3691593110561371,-0.0021777451038360596,0.0005976259708404541,0.31341543793678284,0.002652883529663086,0.2968027889728546,-0.004756748676300049,0.004756748676300049,0.18665382266044617,0.0026467889547348022,0.008628912270069122,0.15001842379570007,0.9980426892798973,0.0328126922249794,0.0003831498324871063,2.0937279843419816,0.0017457008361816406,0.0007655448280274868,0.0026658540591597557,0.1034853458404541,-0.1034853458404541,0.0018843114376068115,0.01077374815940857,0.0030323565006256104,0.0005213553085923195,current_better_objective
532_0.63_1.43.png,20.344387662461507,0.9128645062446594,0.08045429736375809,0.09611266106367111,9.173789024353027,17.429590225219727,0.4870068430900574,0.28717195987701416,0.006141304969787598,-0.08138972520828247,0.19888748228549957,-0.11187507212162018,0.3546375632286072,0.053078025579452515,0.053078025579452515,0.13515327870845795,-0.04885375499725342,0.050075728446245193,0.09233944118022919,0.6143159078089203,0.024031370878219604,-0.00839817151427269,37.154103730717736,0.9918162226676941,0.007887284271419048,0.013876975513994694,1.2361197471618652,3.605661153793335,0.4763278067111969,0.37177932262420654,-0.004537731409072876,0.003217637538909912,0.32372933626174927,0.012966781854629517,0.29295992851257324,-0.008599609136581421,0.008599609136581421,0.1884811371564865,0.0044741034507751465,0.010042072273790836,0.15029484033584595,0.9998816334582757,0.03309033066034317,0.0006607882678508759,39.382159240995264,0.9937496383984884,0.006641317158937454,0.010737224481999874,1.0838196277618408,3.1834185123443604,0.47863152623176575,0.36899638175964355,-0.0022340118885040283,0.00043469667434692383,0.31386569142341614,0.0031031370162963867,0.2973717749118805,-0.00418776273727417,0.00418776273727417,0.1860840618610382,0.0020770281553268433,0.009421243332326412,0.14964836835861206,0.9955807841733822,0.03269263729453087,0.0002630949020385742,2.228055510277528,0.0019334157307943078,0.001245967112481594,0.0031397510319948196,0.15230011940002441,-0.15230011940002441,0.0023037195205688477,0.00986364483833313,0.004411846399307251,0.0006208289414644241,current_better_objective
554_0.96_1.87.png,18.499145181608377,0.8796269694964091,0.08805260062217712,0.11886192113161087,9.233452796936035,28.260730743408203,0.6158497929573059,0.21616381406784058,0.08551299571990967,-0.058724015951156616,0.06822289526462555,-0.08294214308261871,0.4454781711101532,0.1277281939983368,0.1277281939983368,0.16847477853298187,-0.04258531332015991,0.0445142425596714,0.09277421236038208,0.655011422773059,0.030703626573085785,-0.00770772248506546,35.17203402898012,0.9913014968236288,0.01149134524166584,0.017434051260352135,1.3787955045700073,3.803964853286743,0.5284897089004517,0.27353423833847046,-0.00184708833694458,-0.0013535916805267334,0.15058408677577972,-0.0005809515714645386,0.3159552216529846,-0.0017947554588317871,0.0017947554588317871,0.21082794666290283,-0.00023214519023895264,0.011339648626744747,0.14091916382312775,0.9949280047048253,0.03836098685860634,-5.0362199544906616e-05,35.19084665114731,0.9921023448308309,0.011459903791546822,0.01739633083343506,1.3806689977645874,3.688974618911743,0.5266308784484863,0.27453985810279846,-0.003705918788909912,-0.00034797191619873047,0.15358079969882965,0.002415761351585388,0.31437814235687256,-0.0033718347549438477,0.0033718347549438477,0.21109531819820404,3.522634506225586e-05,0.011649364605545998,0.1429021954536438,1.0089287527215551,0.03841523453593254,3.885477781295776e-06,0.018812622167189375,0.0008008480072021484,3.1441450119018555e-05,3.772042691707611e-05,-0.0018734931945800781,0.0018734931945800781,-0.001858830451965332,-0.0018348097801208496,-0.0015770792961120605,-0.00030971597880125046,mixed_or_neutral
555_0.75_1.55.png,22.90033178131621,0.9073336323102316,0.0496193952858448,0.07161160558462143,5.3787713050842285,18.309701919555664,0.5638488531112671,0.220906063914299,0.03351205587387085,-0.05398176610469818,0.08025867491960526,-0.07090636342763901,0.3880341351032257,0.0702841579914093,0.0702841579914093,0.17422683537006378,-0.036833256483078,0.038060396909713745,0.09871715307235718,0.6969702166250138,0.03173517435789108,-0.006676174700260162,40.92670086478787,0.9948800007502238,0.006022803019732237,0.008988039568066597,0.887362539768219,2.0269694328308105,0.5290666222572327,0.273030549287796,-0.0012701749801635742,-0.0018572807312011719,0.15288911759853363,0.0017240792512893677,0.316872775554657,-0.0008772015571594238,0.0008772015571594238,0.21067827939987183,-0.0003818124532699585,0.00854968000203371,0.13920645415782928,0.9828358040154085,0.038295019418001175,-0.00011632964015007019,39.27729217127139,0.9948449929555258,0.007482420187443495,0.010867644101381302,1.0028330087661743,2.3087856769561768,0.5252180099487305,0.2731524109840393,-0.0051187872886657715,-0.0017354190349578857,0.1544969230890274,0.003331884741783142,0.312125563621521,-0.00562441349029541,0.00562441349029541,0.2118806093931198,0.0008205175399780273,0.008775987662374973,0.14281874895095825,1.0083395974912508,0.0385507307946682,0.00013938173651695251,-1.6494086935164773,-3.500779469800541e-05,-0.001459617167711258,-0.001879604533314705,-0.11547046899795532,0.11547046899795532,-0.0038486123085021973,-0.0016078054904937744,-0.004747211933135986,-0.00022630766034126282,current_worse_objective
556_0.61_0.91.png,28.35770077864625,0.9412391980489095,0.02730651944875717,0.03820453956723213,2.891256809234619,8.716646194458008,0.5345067381858826,0.24068687856197357,0.004169940948486328,-0.03420095145702362,0.10014678537845612,-0.05101825296878815,0.3446859121322632,0.026935935020446777,0.026935935020446777,0.18838907778263092,-0.022671014070510864,0.02348422072827816,0.1141650378704071,0.8060365265722159,0.034294962882995605,-0.00411638617515564,40.9305929971861,0.9962549606959025,0.006529942620545626,0.00898401252925396,0.9111440181732178,1.9020349979400635,0.5262686610221863,0.27206671237945557,-0.004068136215209961,-0.002821117639541626,0.15233850479125977,0.001173466444015503,0.3144073784351349,-0.0033425986766815186,0.0033425986766815186,0.2103966325521469,-0.000663459300994873,0.007128162309527397,0.13936877250671387,0.9839818161446419,0.03824852779507637,-0.00016282126307487488,38.83370347725577,0.9959719777107239,0.008779741823673248,0.011437071487307549,1.0972098112106323,2.191387891769409,0.5226411819458008,0.2717371881008148,-0.007695615291595459,-0.003150641918182373,0.15374839305877686,0.0025833547115325928,0.31023108959198,-0.007518887519836426,0.007518887519836426,0.21106524765491486,5.155801773071289e-06,0.007228250615298748,0.14153827726840973,0.9992991156885199,0.038392603397369385,-1.874566078186035e-05,-2.096889519930336,-0.00028298298517859255,-0.0022497992031276226,-0.002453058958053589,-0.18606579303741455,0.18606579303741455,-0.003627479076385498,-0.0014098882675170898,-0.004176288843154907,-0.00010008830577135086,current_worse_objective
557_0.68_0.68.png,26.28256820074231,0.9071287314097086,0.032971806824207306,0.04851450398564339,3.612027883529663,10.981168746948242,0.4813975393772125,0.28640246391296387,0.022506386041641235,-0.02716687321662903,0.1566028892993927,-0.10293182730674744,0.29950791597366333,0.04286065697669983,0.04286065697669983,0.17272019386291504,-0.01654556393623352,0.017258619889616966,0.0903724804520607,0.7913331276971804,0.03040260076522827,-0.0030547119677066803,40.018135031194255,0.9952894647916158,0.0068088918924331665,0.009979142807424068,1.0067647695541382,2.5948448181152344,0.4539828598499298,0.3128186762332916,-0.0049082934856414795,-0.0007506608963012695,0.2619941532611847,0.0024594366550445557,0.2509150803089142,-0.005732178688049316,0.005732178688049316,0.19045677781105042,0.0011910200119018555,0.006951804272830486,0.11430170387029648,1.0008657986628953,0.03363339602947235,0.0001760832965373993,42.495578717665374,0.9953773419062296,0.005269004963338375,0.007502760272473097,0.8318725824356079,1.953187108039856,0.4560857117176056,0.3127342164516449,-0.0028054416179656982,-0.000835120677947998,0.2612862288951874,0.0017515122890472412,0.25237536430358887,-0.004271894693374634,0.004271894693374634,0.19105905294418335,0.00179329514503479,0.007050782907754183,0.11465175449848175,1.0039309647075647,0.03372928127646446,0.0002719685435295105,2.477443686471119,8.78771146137769e-05,0.0015398869290947914,0.0024763825349509716,0.17489218711853027,-0.17489218711853027,0.0021028518676757812,0.0007079243659973145,0.0014602839946746826,-9.897863492369652e-05,current_better_objective
560_0.74_1.77.png,18.527077197757666,0.8208428422609965,0.08649720251560211,0.11848029494285583,9.453207015991211,26.291099548339844,0.5265557765960693,0.2517751157283783,0.06766462326049805,-0.0617942214012146,0.09865424036979675,-0.16088047623634338,0.37026873230934143,0.11362147331237793,0.11362147331237793,0.15107367932796478,-0.03819207847118378,0.039616260677576065,0.06809967011213303,0.5963045904617706,0.026473918929696083,-0.006983393803238869,37.56092905115557,0.9913178086280823,0.008787707425653934,0.013241998851299286,1.207568883895874,3.4697673320770264,0.4569259583950043,0.31203994154930115,-0.0019651949405670166,-0.001529395580291748,0.2580982744693756,-0.0014364421367645264,0.2538563907146454,-0.0027908682823181152,0.0027908682823181152,0.19064991176128387,0.001384153962135315,0.010004946030676365,0.11159574240446091,0.9771714512301766,0.033659037202596664,0.00020172446966171265,33.852660011186,0.9879977107048035,0.012521789409220219,0.02029396966099739,1.5440329313278198,4.744497776031494,0.4635675549507141,0.31161201000213623,0.004676401615142822,-0.001957327127456665,0.24937301874160767,-0.01016169786453247,0.25912898778915405,0.0024817287921905518,0.0024817287921905518,0.19151701033115387,0.00225125253200531,0.010686038061976433,0.1111099123954773,0.9729173533165745,0.03375023975968361,0.0002929270267486572,-3.708269039969565,-0.0033200979232788086,-0.003734081983566284,-0.007051970809698105,-0.3364640474319458,0.3364640474319458,-0.0027112066745758057,-0.008725255727767944,0.0003091394901275635,-0.0006810920313000679,current_worse_objective
577_0.85_0.68.png,18.743748265376297,0.9228010177612305,0.09129234403371811,0.115561343729496,11.081318855285645,24.699798583984375,0.5669806599617004,0.1887846738100052,0.08554786443710327,-0.04359513521194458,0.20618043839931488,-0.11194594204425812,0.3901515007019043,0.13172507286071777,0.13172507286071777,0.1734074056148529,-0.04384492337703705,0.045826490968465805,0.07549484819173813,0.6528501618958061,0.030608097091317177,-0.007607841864228249,36.07209020961693,0.9925644000371298,0.011017228476703167,0.01571793481707573,1.6828962564468384,4.659799575805664,0.48240235447883606,0.23349657654762268,0.0009695589542388916,0.0011167675256729126,0.32360589504241943,0.0054795145988464355,0.25554654002189636,-0.002879887819290161,0.002879887819290161,0.22016273438930511,0.002910405397415161,0.012453526258468628,0.11463485658168793,0.9913177716204432,0.03866336867213249,0.00044742971658706665,34.68943788601101,0.9921225110689799,0.013433276675641537,0.018430117517709732,1.877095103263855,4.965213775634766,0.4740511476993561,0.23296749591827393,-0.007381647825241089,0.0005876868963241577,0.3277759253978729,0.009649544954299927,0.24896036088466644,-0.00946606695652008,0.00946606695652008,0.21941174566745758,0.002159416675567627,0.012348948046565056,0.11646994203329086,1.0071868787564546,0.038545552641153336,0.00032961368560791016,-1.3826523236059245,-0.000441888968149895,-0.0024160481989383698,-0.0027121827006340027,-0.1941988468170166,0.1941988468170166,-0.006412088871002197,-0.004170030355453491,-0.006586179137229919,0.00010457821190357208,current_worse_objective
579_0.52_0.61.png,25.193700014354654,0.9625192483266195,0.04199650138616562,0.05499396100640297,6.3627424240112305,14.154362678527832,0.48600077629089355,0.1910821944475174,0.004567980766296387,-0.04129761457443237,0.23988763988018036,-0.07823874056339264,0.30720043182373047,0.048774003982543945,0.048774003982543945,0.17597343027591705,-0.0412788987159729,0.04194755479693413,0.07733336836099625,0.6687489711377356,0.030996058136224747,-0.007219880819320679,38.29528267978254,0.9953293601671854,0.009888788685202599,0.012168467044830322,1.4644992351531982,3.0234766006469727,0.475464791059494,0.2341897040605545,-0.005968004465103149,0.0018098950386047363,0.32189303636550903,0.003766655921936035,0.2525660991668701,-0.005860328674316406,0.005860328674316406,0.21729016304016113,3.78340482711792e-05,0.009756415151059628,0.11466553807258606,0.9915830932520487,0.03823105990886688,1.512095332145691e-05,35.48627026226817,0.9946234424908956,0.013669372536242008,0.016814598813652992,1.8421944379806519,3.7583680152893066,0.4706054627895355,0.23410525918006897,-0.010827332735061646,0.0017254501581192017,0.3252030313014984,0.007076650857925415,0.24819213151931763,-0.010234296321868896,0.010234296321868896,0.21712151169776917,-0.00013081729412078857,0.010937938466668129,0.11553998291492462,0.9991449530420015,0.038171932101249695,-4.400685429573059e-05,-2.809012417514367,-0.0007059176762898023,-0.0037805838510394096,-0.00464613176882267,-0.3776952028274536,0.3776952028274536,-0.004859328269958496,-0.00330999493598938,-0.00437396764755249,-0.0011815233156085014,current_worse_objective
583_0.7_0.93.png,20.195944394835287,0.9146465063095093,0.0778825432062149,0.0977693647146225,11.428009033203125,23.710681915283203,0.5567323565483093,0.19023342430591583,0.05866461992263794,-0.05560092628002167,0.2077759951353073,-0.13864843547344208,0.3504968285560608,0.1329699456691742,0.1329699456691742,0.21370887756347656,-0.07017830014228821,0.07067979127168655,0.10539835691452026,0.6153701331162724,0.03750044107437134,-0.012197092175483704,36.552275987272054,0.9945267637570699,0.011119861155748367,0.014872576110064983,1.6400326490402222,3.728306531906128,0.5062273740768433,0.2456323802471161,0.008159637451171875,-0.00020197033882141113,0.3430497646331787,-0.0033746659755706787,0.2237296849489212,0.006202802062034607,0.006202802062034607,0.28489112854003906,0.001003950834274292,0.010687610134482384,0.16869227588176727,0.9849127757204048,0.04978393018245697,8.639693260192871e-05,38.5060424718928,0.9946444630622864,0.00856433343142271,0.011876757256686687,1.4099377393722534,3.4399008750915527,0.5013592839241028,0.24463559687137604,0.0032915472984313965,-0.0011987537145614624,0.3425843417644501,-0.0038400888442993164,0.2214171290397644,0.0038902461528778076,0.0038902461528778076,0.2834915816783905,-0.0003955960273742676,0.010712691582739353,0.1695861518383026,0.9901316859811093,0.04956649988889694,-0.00013103336095809937,1.9537664846207434,0.00011769930521643435,0.002555527724325657,0.002995818853378296,0.23009490966796875,-0.23009490966796875,0.0048680901527404785,-0.0004654228687286377,0.0023125559091567993,-2.5081448256969452e-05,current_better_objective
586_0.98_1.59.png,11.044952680576113,0.7792811393737793,0.23508977890014648,0.280383437871933,27.071496963500977,53.43812561035156,0.6979884505271912,0.17880277335643768,0.23590144515037537,-0.05157318711280823,0.15419410169124603,-0.24412433803081512,0.5342384576797485,0.34258897602558136,0.34258897602558136,0.14997392892837524,-0.0880810022354126,0.0940607413649559,0.07449764013290405,0.4641658568405725,0.02630891092121601,-0.015382220968604088,26.663313811983734,0.972316841284434,0.034199800342321396,0.04643381014466286,4.33797550201416,11.082479476928711,0.49177470803260803,0.22824513912200928,0.029687702655792236,-0.0021308213472366333,0.35614606738090515,-0.042172372341156006,0.22738990187644958,0.03574042022228241,0.03574042022228241,0.23482777178287506,-0.0032271593809127808,0.021816730499267578,0.15340253710746765,0.955791619049635,0.041053757071495056,-0.0006373748183250427,29.059666977448323,0.978143552939097,0.0244245957583189,0.03523843735456467,3.340038537979126,8.647330284118652,0.47988012433052063,0.22841273248195648,0.017793118953704834,-0.0019632279872894287,0.36992064118385315,-0.028397798538208008,0.2141498625278473,0.022500380873680115,0.022500380873680115,0.23745521903038025,-0.0005997121334075928,0.020328747108578682,0.1580948829650879,0.9850278033329091,0.04144023358821869,-0.0002508983016014099,2.396353165464589,0.005826711654663086,0.009775204584002495,0.01119537279009819,0.9979369640350342,-0.9979369640350342,0.011894583702087402,0.013774573802947998,0.013240039348602295,0.0014879833906888962,current_better_objective
587_0.87_1.84.png,11.9041492467892,0.7778371771176656,0.2089555561542511,0.25397592782974243,25.59947967529297,51.611148834228516,0.6644084453582764,0.16339607536792755,0.20232143998146057,-0.06697988510131836,0.14745256304740906,-0.2508658766746521,0.5134563446044922,0.321806862950325,0.321806862950325,0.139567568898201,-0.09848736226558685,0.10288605839014053,0.0673685073852539,0.41974700002256093,0.024477649480104446,-0.017213482409715652,26.74722514382784,0.9718327522277832,0.03423551842570305,0.045987386256456375,4.384050369262695,11.115428924560547,0.49312496185302734,0.22703514993190765,0.031037956476211548,-0.003340810537338257,0.3564259707927704,-0.04189246892929077,0.22821955382823944,0.036570072174072266,0.036570072174072266,0.23440304398536682,-0.0036518871784210205,0.021784473210573196,0.1530953049659729,0.9538773749212108,0.04101143032312393,-0.000679701566696167,29.322686453884064,0.9771496256192526,0.023098325356841087,0.03418736904859543,3.4416427612304688,8.974963188171387,0.47961971163749695,0.22715413570404053,0.017532706260681152,-0.0032218247652053833,0.3655736446380615,-0.032744795083999634,0.21529202163219452,0.023642539978027344,0.023642539978027344,0.23567897081375122,-0.002375960350036621,0.020581435412168503,0.15713830292224884,0.9790677246723117,0.041209422051906586,-0.0004817098379135132,2.575461310056223,0.005316873391469357,0.011137193068861961,0.011800017207860947,0.9424076080322266,-0.9424076080322266,0.013505250215530396,0.009147673845291138,0.012927532196044922,0.0012030377984046936,current_better_objective
589_0.81_1.82.png,8.770058218619647,0.43371017773946124,0.32964131236076355,0.36433181166648865,38.77885437011719,59.02415084838867,0.5639276504516602,0.1646318882703781,0.31892815232276917,-0.0928044468164444,0.17657896876335144,-0.5233002603054047,0.4510679543018341,0.4222903810441494,0.4222903810441494,0.09012249857187271,-0.09525714069604874,0.10013163089752197,0.06354765594005585,0.3260866174232235,0.016941489651799202,-0.016913006082177162,36.47465997030523,0.9741562207539877,0.009892664849758148,0.015006070956587791,1.6953932046890259,4.296622276306152,0.24323521554470062,0.25445887446403503,-0.0017642825841903687,-0.0029774606227874756,0.7014078497886658,0.001528620719909668,0.03176238387823105,0.002984810620546341,0.002984810620546341,0.1805008500814438,-0.004878789186477661,0.015118374489247799,0.18175658583641052,0.9326605268602893,0.03294699639081955,-0.0009074993431568146,36.452259664768874,0.9731077750523885,0.009575888514518738,0.015044820494949818,1.6435121297836304,4.5571417808532715,0.24452568590641022,0.2561865448951721,-0.0004738122224807739,-0.0012497901916503906,0.7074404358863831,0.007561206817626953,0.03289749100804329,0.0041199177503585815,0.0041199177503585815,0.18209080398082733,-0.003288835287094116,0.014340681955218315,0.18449918925762177,0.9467338433237596,0.03322676941752434,-0.0006277263164520264,-0.02240030553635819,-0.001048445701599121,0.0003167763352394104,-3.8749538362026215e-05,0.05188107490539551,-0.05188107490539551,0.0012904703617095947,-0.006032586097717285,-0.0011351071298122406,0.0007776925340294838,mixed_or_neutral
592_0.66_1.53.png,11.512773735091063,0.4956430693467458,0.2385735958814621,0.26568150520324707,29.6514835357666,45.189605712890625,0.4675527513027191,0.16734664142131805,0.22255325317382812,-0.09008969366550446,0.2292366772890091,-0.470642551779747,0.34112030267715454,0.31234272941946983,0.31234272941946983,0.1022234633564949,-0.08315617591142654,0.08657194674015045,0.07754091918468475,0.3978912467309989,0.019197242334485054,-0.01465725339949131,37.42079917804546,0.9810106754302979,0.009108482860028744,0.013457365334033966,1.541038155555725,3.855590343475342,0.2414831817150116,0.2543538510799408,-0.0035163164138793945,-0.003082484006881714,0.7076404094696045,0.007761180400848389,0.028720049187541008,-5.7524070143699646e-05,5.7524070143699646e-05,0.1818765103816986,-0.0035031288862228394,0.01277764979749918,0.18490460515022278,0.9488141827967463,0.033200863748788834,-0.0006536319851875305,38.96902908748371,0.9810350934664408,0.007396381814032793,0.011260263621807098,1.2874505519866943,3.1518754959106445,0.24601666629314423,0.2564297616481781,0.0010171681642532349,-0.0010065734386444092,0.7082091569900513,0.008329927921295166,0.030845247209072113,0.0020676739513874054,0.0020676739513874054,0.18505610525608063,-0.0003235340118408203,0.011325376108288765,0.18732820451259613,0.9612505709903707,0.03365587070584297,-0.00019862502813339233,1.5482299094382483,2.441803614294802e-05,0.0017121010459959507,0.0021971017122268677,0.25358760356903076,-0.25358760356903076,0.0024991482496261597,-0.0005687475204467773,-0.0020101498812437057,0.0014522736892104149,current_better_objective
603_0.9_0.85.png,17.64124351811109,0.8961490790049235,0.08436479419469833,0.13120120763778687,9.38877010345459,32.416290283203125,0.5452389717102051,0.2584538459777832,0.08018067479133606,-0.03421211242675781,0.19658595323562622,-0.12060996890068054,0.33932337164878845,0.11823005974292755,0.11823005974292755,0.2320222407579422,-0.04372279345989227,0.04645874723792076,0.11931149661540985,0.7299218722793819,0.041314005851745605,-0.007763464003801346,32.50722978953381,0.9871917168299357,0.012171939015388489,0.023694006726145744,1.6551568508148193,4.460045337677002,0.4623570144176483,0.2956988513469696,-0.002701282501220703,0.003032892942428589,0.3227638006210327,0.005567878484725952,0.21401739120483398,-0.0070759207010269165,0.0070759207010269165,0.2799561023712158,0.004211068153381348,0.013950430788099766,0.16541580855846405,1.0119780583827447,0.04972907528281212,0.0006516054272651672,32.472183161572346,0.9871380726496378,0.012403566390275955,0.023789802566170692,1.6863510608673096,5.136612892150879,0.4611298143863678,0.2961164116859436,-0.003928482532501221,0.003450453281402588,0.32511016726493835,0.007914245128631592,0.21311122179031372,-0.00798209011554718,0.00798209011554718,0.2799588739871979,0.004213839769363403,0.013900808058679104,0.16783395409584045,1.0267717485815637,0.04975556582212448,0.0006780959665775299,-0.03504662796146363,-5.364418029785156e-05,-0.00023162737488746643,-9.579584002494812e-05,-0.031194210052490234,0.031194210052490234,-0.0012272000312805176,-0.0023463666439056396,-0.0009061694145202637,4.9622729420661926e-05,mixed_or_neutral
606_0.55_1.35.png,18.640762273821537,0.876863420009613,0.08923058956861496,0.11693967878818512,11.2535982131958,24.277812957763672,0.4548349380493164,0.18602897226810455,0.03230452537536621,-0.08373694121837616,0.21539339423179626,-0.13954585790634155,0.31523585319519043,0.1004178375005722,0.1004178375005722,0.14052964746952057,-0.07138574123382568,0.07234049588441849,0.06174981966614723,0.5402510092322013,0.02488143928349018,-0.012464100494980812,36.597290481694436,0.9913963079452515,0.009835975244641304,0.0147956982254982,1.5211913585662842,3.8912546634674072,0.41810503602027893,0.271468847990036,-0.004425376653671265,0.0017029345035552979,0.3640986382961273,0.009159386157989502,0.2058916687965393,-0.008926346898078918,0.008926346898078918,0.2172824591398239,0.005367070436477661,0.01325180847197771,0.11479174345731735,1.004316378406179,0.03821181505918503,0.000866275280714035,38.11254201677518,0.992290715376536,0.008713181130588055,0.012427188456058502,1.3564753532409668,3.3034050464630127,0.4237435460090637,0.27211201190948486,0.0012131333351135254,0.0023460984230041504,0.35963889956474304,0.004699647426605225,0.21199628710746765,-0.0028217285871505737,0.0028217285871505737,0.21669906377792358,0.0047836750745773315,0.012730470858514309,0.11444705724716187,1.001300708499583,0.038044288754463196,0.0006987489759922028,1.5152515350807434,0.0008944074312845496,0.0011227941140532494,0.0023685097694396973,0.16471600532531738,-0.16471600532531738,0.0032122433185577393,0.004459738731384277,0.006104618310928345,0.0005213376134634018,current_better_objective
609_0.88_1.91.png,12.770754195840588,0.7837060689926147,0.18695038557052612,0.22985941171646118,20.220989227294922,49.622955322265625,0.6269814968109131,0.1871056705713272,0.17400813102722168,-0.08512769639492035,0.1001991257071495,-0.1759229674935341,0.5071769952774048,0.23996135592460632,0.23996135592460632,0.11298723518848419,-0.06799711287021637,0.07907102257013321,0.050444260239601135,0.4177488440280025,0.021093936637043953,-0.012518009170889854,26.87420327449898,0.9627584218978882,0.02873995713889599,0.045319993048906326,3.4005746841430664,11.289590835571289,0.4309191405773163,0.27592024207115173,-0.022054225206375122,0.003686875104904175,0.29486319422721863,0.018741101026535034,0.2396138310432434,-0.027601808309555054,0.027601808309555054,0.18727296590805054,0.006288617849349976,0.023892393335700035,0.12645792961120605,1.047248064741836,0.03456006571650505,0.0009481199085712433,26.868976046397375,0.9612264037132263,0.02937888540327549,0.04534727707505226,3.477440118789673,11.389951705932617,0.4292922019958496,0.2750995457172394,-0.023681163787841797,0.0028661787509918213,0.2974521517753601,0.021330058574676514,0.23605786263942719,-0.031157776713371277,0.031157776713371277,0.19005443155765533,0.009070083498954773,0.025574995204806328,0.13396070897579193,1.109381544183613,0.03502538055181503,0.0014134347438812256,-0.005227228101606585,-0.0015320181846618652,-0.0006389282643795013,-2.728402614593506e-05,-0.07686543464660645,0.07686543464660645,-0.0016269385814666748,-0.0025889575481414795,-0.003555968403816223,-0.0016826018691062927,mixed_or_neutral
624_0.58_0.68.png,23.274283184694333,0.9413211345672607,0.04644191637635231,0.06859395653009415,5.86248254776001,18.230369567871094,0.5060440301895142,0.1926581710577011,0.02815026044845581,-0.045904189348220825,0.18724818527698517,-0.08122418820858002,0.3195955157279968,0.06859314441680908,0.06859314441680908,0.17812727391719818,-0.03756982088088989,0.038049474358558655,0.0625576302409172,0.7041480475366056,0.030714232474565506,-0.006318964064121246,36.22211607197884,0.9939740498860677,0.010541745461523533,0.015448780730366707,1.4745113849639893,3.817805528640747,0.47088754177093506,0.2403581142425537,-0.007006227970123291,0.001795753836631775,0.2733888626098633,0.004916489124298096,0.24327702820301056,-0.007725343108177185,0.007725343108177185,0.21699035167694092,0.0012932568788528442,0.011646991595625877,0.09091480076313019,1.0233360695249862,0.0373435877263546,0.0003103911876678467,39.72574933192879,0.9948228597640991,0.007091955281794071,0.010320779867470264,1.146356225013733,2.777111530303955,0.4761228561401367,0.2378302812576294,-0.0017709136009216309,-0.0007320791482925415,0.2679426968097687,-0.0005296766757965088,0.24855825304985046,-0.0024441182613372803,0.0024441182613372803,0.21642763912677765,0.0007305443286895752,0.010364335030317307,0.08920008689165115,1.0040352676877682,0.037146881222724915,0.00011368468403816223,3.5036332599499502,0.0008488098780313758,0.0034497901797294617,0.005128000862896442,0.32815515995025635,-0.32815515995025635,0.00523531436920166,0.004386812448501587,0.005281224846839905,0.0012826565653085709,current_better_objective
629_0.58_1.06.png,21.30616603702741,0.9101974566777548,0.06474312394857407,0.08603827655315399,8.376153945922852,20.050256729125977,0.518584668636322,0.21159209311008453,0.033203721046447754,-0.0565810352563858,0.13810883462429047,-0.09951905906200409,0.3659118413925171,0.096660315990448,0.096660315990448,0.1675891876220703,-0.06884577870368958,0.07045714557170868,0.0807725265622139,0.5885053920924662,0.02957240119576454,-0.011772528290748596,37.46785454286123,0.9933233658472697,0.00957861915230751,0.01338465791195631,1.4275835752487183,3.57865047454834,0.4857074022293091,0.2661699950695038,0.00032645463943481445,-0.0020031332969665527,0.2338118702173233,-0.0038160234689712524,0.2712240517139435,0.0019725263118743896,0.0019725263118743896,0.23474037647247314,-0.0016945898532867432,0.011996141634881496,0.134047269821167,0.976663036834294,0.0410287082195282,-0.0003162212669849396,37.490014404313456,0.9931655327479044,0.008844081312417984,0.013350553810596466,1.3786613941192627,3.673804998397827,0.4850320518016815,0.2673683762550354,-0.000348895788192749,-0.0008047521114349365,0.2367280274629593,-0.0008998662233352661,0.27021241188049316,0.0009608864784240723,0.0009608864784240723,0.23635339736938477,-8.156895637512207e-05,0.012780793942511082,0.1360417753458023,0.9911949241697979,0.041294995695352554,-4.9933791160583496e-05,0.022159861452223595,-0.00015783309936523438,0.0007345378398895264,3.410410135984421e-05,0.048922181129455566,-0.048922181129455566,-2.244114875793457e-05,0.0029161572456359863,0.0010116398334503174,-0.0007846523076295853,mixed_or_neutral
641_0.95_1.18.png,12.172545224771753,0.46177513400713605,0.20833542943000793,0.2462480217218399,22.81134605407715,43.912837982177734,0.36512160301208496,0.23898504674434662,0.20688176155090332,-0.010365098714828491,0.1646508276462555,-0.4046890437602997,0.268227756023407,0.23783095180988312,0.23783095180988312,0.11539158225059509,-0.05062113702297211,0.05691179260611534,0.11809153109788895,0.5615284038838407,0.023394590243697166,-0.009827448055148125,36.11976228624429,0.9814050594965616,0.007303318008780479,0.0156319048255682,1.0322413444519043,3.4109086990356445,0.15850700438022614,0.24967743456363678,0.00026716291904449463,0.0003272891044616699,0.5823975205421448,0.0130576491355896,0.02971547842025757,-0.0006813257932662964,0.0006813257932662964,0.16664241254329681,0.0006296932697296143,0.011889302171766758,0.20427653193473816,0.9713403989415333,0.033241115510463715,1.9077211618423462e-05,37.39891033857343,0.9819143613179525,0.007021420635282993,0.013491321355104446,1.0230293273925781,3.3364124298095703,0.15711471438407898,0.24964994192123413,-0.0011251270771026611,0.000299796462059021,0.5957827568054199,0.026442885398864746,0.03017106093466282,-0.00022574327886104584,0.00022574327886104584,0.16584071516990662,-0.0001720041036605835,0.01226119790226221,0.20738419890403748,0.9861174388939299,0.033088408410549164,-0.00013362988829612732,1.2791480523291412,0.0005093018213908618,0.0002818973734974861,0.0021405834704637527,0.009212017059326172,-0.009212017059326172,-0.0008579641580581665,-0.013385236263275146,0.00045558251440525055,-0.0003718957304954529,current_better_objective
648_0.94_1.95.png,10.784964810507613,0.736379086971283,0.23358303308486938,0.28890281915664673,25.326217651367188,68.60023498535156,0.6480839252471924,0.20184406638145447,0.23319518566131592,-0.05495244264602661,0.1415046602487564,-0.2255782037973404,0.5137152671813965,0.3097776919603348,0.3097776919603348,0.12929539382457733,-0.08468669652938843,0.09576786309480667,0.04968181997537613,0.40188244389724503,0.023279784247279167,-0.01527881808578968,28.464746324794035,0.9533676902453104,0.023676985874772072,0.03773659095168114,2.9626100063323975,9.524445533752441,0.42258569598197937,0.2476055920124054,0.007696956396102905,-0.009190917015075684,0.33513328433036804,-0.03194957971572876,0.21456924080848694,0.010631665587425232,0.010631665587425232,0.20989172160625458,-0.004090368747711182,0.0223142821341753,0.11305879056453705,0.9145466707673474,0.037665955722332,-0.0008926466107368469,26.851805569172317,0.9486307899157206,0.027566419914364815,0.045437008142471313,3.3868863582611084,11.417381286621094,0.4256082773208618,0.247635155916214,0.010719537734985352,-0.00916135311126709,0.331504762172699,-0.03557810187339783,0.21656763553619385,0.012630060315132141,0.012630060315132141,0.21054662764072418,-0.003435462713241577,0.0220281183719635,0.11511669307947159,0.9311933011124934,0.03776618838310242,-0.0007924139499664307,-1.6129407556217181,-0.004736900329589844,-0.003889434039592743,-0.007700417190790176,-0.42427635192871094,0.42427635192871094,-0.0030225813388824463,-0.0036285221576690674,-0.001998394727706909,0.0002861637622117996,current_worse_objective
650_0.56_0.65.png,19.209167436659797,0.8242843945821127,0.094674251973629,0.10953215509653091,11.700294494628906,18.50611114501953,0.5044262409210205,0.27053141593933105,0.023476749658584595,-0.09640470147132874,0.25736841559410095,-0.20933634042739868,0.30505943298339844,0.09440246224403381,0.09440246224403381,0.18239857256412506,-0.06838060915470123,0.0688391774892807,0.08603609353303909,0.5430861443526809,0.03104376420378685,-0.011576380580663681,41.108217306141356,0.9953147967656454,0.005879863630980253,0.008802157826721668,1.0254532098770142,2.4971039295196533,0.4772118031978607,0.3678317070007324,-0.0037376880645751953,0.0008955895900726318,0.4726773500442505,0.0059725940227508545,0.2049202024936676,-0.0057367682456970215,0.0057367682456970215,0.25275251269340515,0.0019733309745788574,0.008704573847353458,0.15872888267040253,1.0019452690954014,0.04296888783574104,0.0003487430512905121,44.08121603291417,0.9957819183667501,0.0041043879464268684,0.006250851787626743,0.8690440058708191,2.139233112335205,0.48067861795425415,0.36757421493530273,-0.0002708733081817627,0.0006380975246429443,0.46865397691726685,0.001949220895767212,0.20827053487300873,-0.002386435866355896,0.002386435866355896,0.25252771377563477,0.0017485320568084717,0.008478676900267601,0.15692633390426636,0.9905670298099015,0.04287486895918846,0.0002547241747379303,2.972998726772815,0.00046712160110473633,0.0017754756845533848,0.002551306039094925,0.15640920400619507,-0.15640920400619507,0.0034668147563934326,0.004023373126983643,0.0033503323793411255,0.0002258969470858574,current_better_objective
660_0.62_1.91.png,15.697974009535985,0.728566845258077,0.13094788789749146,0.16409724950790405,15.124680519104004,34.72517776489258,0.4281136095523834,0.24059191346168518,0.07509124279022217,-0.0922423005104065,0.2169954627752304,-0.23580951988697052,0.30957549810409546,0.13964654505252838,0.13964654505252838,0.12783333659172058,-0.07641357183456421,0.0808672234416008,0.09482840448617935,0.5955656198033401,0.024359166622161865,-0.013580624014139175,35.98168674935145,0.9836697379748026,0.009609317407011986,0.015882382169365883,1.4323686361312866,4.0340471267700195,0.35081425309181213,0.32893648743629456,-0.002208113670349121,-0.003897726535797119,0.45004934072494507,-0.0027556419372558594,0.1663544923067093,-0.003574460744857788,0.003574460744857788,0.20472201704978943,0.00047510862350463867,0.017085691913962364,0.15446551144123077,0.9701138446671231,0.03794797137379646,8.180737495422363e-06,35.94540254155264,0.9839270909627279,0.008967711590230465,0.015948867425322533,1.3918325901031494,4.382028579711914,0.35303303599357605,0.33002969622612,1.0669231414794922e-05,-0.0028045177459716797,0.44808030128479004,-0.004724681377410889,0.17006991803646088,0.00014096498489379883,0.00014096498489379883,0.20333977043628693,-0.0009071379899978638,0.0166814886033535,0.15605023503303528,0.9800666314221463,0.03764532878994942,-0.00029446184635162354,-0.0362842077988077,0.0002573529879252856,0.0006416058167815208,-6.648525595664978e-05,0.04053604602813721,-0.04053604602813721,0.002197444438934326,-0.0019690394401550293,0.0034334957599639893,0.00040420331060886383,mixed_or_neutral
661_0.7_0.75.png,23.025030258793965,0.9489748477935791,0.04595785215497017,0.07059086114168167,5.6389384269714355,18.042417526245117,0.5826165080070496,0.2417004406452179,0.02888035774230957,-0.04279252886772156,0.264631062746048,-0.07942420244216919,0.3472807705402374,0.0642339289188385,0.0642339289188385,0.1749420017004013,-0.02830509841442108,0.02981482818722725,0.06579253822565079,0.6970712433922286,0.030507981777191162,-0.005017988383769989,39.91481381792533,0.9954718550046285,0.006381536368280649,0.010098556987941265,1.0496307611465454,2.7759275436401367,0.5556239485740662,0.2828134596347809,0.0018877983093261719,-0.0016795098781585693,0.341636061668396,-0.002419203519821167,0.28437086939811707,0.0013240277767181396,0.0013240277767181396,0.20379608869552612,0.0005489885807037354,0.007778586354106665,0.09226055443286896,0.9774995938597595,0.035559747368097305,3.3777207136154175e-05,38.24862669131405,0.9949620366096497,0.007066251244395971,0.012234005145728588,1.1297742128372192,3.483025074005127,0.5581476092338562,0.28186842799186707,0.004411458969116211,-0.0026245415210723877,0.3408694863319397,-0.003185778856277466,0.28575098514556885,0.002704143524169922,0.002704143524169922,0.20475859940052032,0.001511499285697937,0.007786118891090155,0.09343057870864868,0.9898959886290205,0.03570084273815155,0.00017487257719039917,-1.6661871266112769,-0.0005098183949788782,-0.0006847148761153221,-0.002135448157787323,-0.08014345169067383,0.08014345169067383,-0.002523660659790039,-0.0007665753364562988,-0.0013801157474517822,-7.53253698348999e-06,current_worse_objective
668_0.69_1.25.png,18.801512259452387,0.8845505714416504,0.08100058883428574,0.11479537189006805,10.489007949829102,30.651126861572266,0.5165271759033203,0.23263603448867798,0.049815863370895386,-0.06175792217254639,0.2055840641260147,-0.11954180896282196,0.3142207860946655,0.1259552389383316,0.1259552389383316,0.2383916974067688,-0.09267005324363708,0.09379956871271133,0.12541446089744568,0.6539177233118837,0.041062500327825546,-0.015433229506015778,37.49703708284394,0.9927331805229187,0.007615240290760994,0.013339764438569546,1.3300567865371704,3.7171411514282227,0.4658714830875397,0.29352736473083496,-0.0008398294448852539,-0.0008665919303894043,0.3239113688468933,-0.0012145042419433594,0.1847633421421051,-0.003502205014228821,0.003502205014228821,0.33387619256973267,0.0028144419193267822,0.01504262164235115,0.19072529673576355,0.9944519230634757,0.05692119523882866,0.0004254654049873352,37.50126290161945,0.9926190574963888,0.007636380847543478,0.0133332759141922,1.3630807399749756,3.6953725814819336,0.4652178883552551,0.2940133810043335,-0.0014934241771697998,-0.00038057565689086914,0.32858046889305115,0.0034545958042144775,0.1845836490392685,-0.0036818981170654297,0.0036818981170654297,0.3338814079761505,0.002819657325744629,0.015105683356523514,0.1905512511730194,0.9935444401677413,0.05686793103814125,0.00037220120429992676,0.004225818775509538,-0.00011412302652991091,-2.1140556782484055e-05,6.488524377346039e-06,-0.033023953437805176,0.033023953437805176,-0.0006535947322845459,-0.002240091562271118,-0.0001796931028366089,-6.306171417236328e-05,mixed_or_neutral
675_0.78_1.9.png,15.54035793665399,0.7583856781323751,0.14265908300876617,0.1671021729707718,16.7001895904541,33.9224739074707,0.5554587244987488,0.25787708163261414,0.11037933826446533,-0.09704321622848511,0.19319750368595123,-0.2308056801557541,0.41153594851493835,0.18980637192726135,0.18980637192726135,0.14326630532741547,-0.08267879486083984,0.08381886780261993,0.07308998703956604,0.4761238034139873,0.02543281577527523,-0.014426009729504585,36.232112602669424,0.9906652768452963,0.009097346104681492,0.015431010164320469,1.373431921005249,3.808469772338867,0.4507296681404114,0.35377761721611023,0.00565028190612793,-0.0011426806449890137,0.41781434416770935,-0.006188839673995972,0.22784607112407684,0.006116494536399841,0.006116494536399841,0.2259645313024521,1.9431114196777344e-05,0.012810355052351952,0.14873893558979034,0.9689172292563527,0.03971373289823532,-0.00014509260654449463,38.578372217865834,0.9913668831189474,0.00781280267983675,0.011778267100453377,1.271312952041626,3.325887680053711,0.4460740089416504,0.35396918654441833,0.0009946227073669434,-0.0009511113166809082,0.4250103533267975,0.001007169485092163,0.22233372926712036,0.0006041526794433594,0.0006041526794433594,0.22754162549972534,0.0015965253114700317,0.012712173163890839,0.15155039727687836,0.9872316918226741,0.03997234255075455,0.00011351704597473145,2.3462596151964092,0.000701606273651123,0.0012845434248447418,0.003652743063867092,0.10211896896362305,-0.10211896896362305,0.004655659198760986,0.005181670188903809,0.005512341856956482,9.818188846111298e-05,current_better_objective
678_0.62_0.73.png,22.854492560156654,0.9554991126060486,0.05290117487311363,0.07199052721261978,6.033857822418213,13.614240646362305,0.5421931743621826,0.2860116958618164,-0.010256707668304443,-0.056191712617874146,0.1669333428144455,-0.05515339970588684,0.35751596093177795,0.027026861906051636,0.027026861906051636,0.2182023823261261,-0.04010841250419617,0.04059581831097603,0.10361774265766144,0.7605519021538512,0.03658293932676315,-0.006725851446390152,39.83321266956593,0.9957399169603983,0.006454627960920334,0.010193876922130585,1.067548155784607,2.745840549468994,0.5562066435813904,0.34226083755493164,0.0037567615509033203,5.742907524108887e-05,0.22363968193531036,0.0015529394149780273,0.33472365140914917,0.0042345523834228516,0.0042345523834228516,0.2587403953075409,0.00042960047721862793,0.01009830366820097,0.13402006030082703,0.9837042303201656,0.04331158474087715,2.7939677238464355e-06,41.99871346061258,0.9959720969200134,0.005268011707812548,0.007944459095597267,0.955211877822876,2.3355226516723633,0.5514476895332336,0.34338024258613586,-0.001002192497253418,0.0011768341064453125,0.2271789312362671,0.005092188715934753,0.32760199904441833,-0.0028870999813079834,0.0028870999813079834,0.2609519064426422,0.0026411116123199463,0.009936190210282803,0.13703368604183197,1.0058241755236972,0.04370404779911041,0.00039525702595710754,2.1655007910466466,0.00023217995961510862,0.0011866162531077862,0.0022494178265333176,0.11233627796173096,-0.11233627796173096,0.0027545690536499023,-0.003539249300956726,0.0013474524021148682,0.00016211345791816711,current_better_objective
67_0.68_1.12.png,19.29010333644196,0.9420177936553955,0.09140053391456604,0.10851626098155975,16.204111099243164,33.38272476196289,0.5377549529075623,0.25293534994125366,-0.006948709487915039,-0.07289353013038635,0.25127026438713074,-0.12834781408309937,0.3931044340133667,0.09009206295013428,0.09009206295013428,0.09382934868335724,-0.035892143845558167,0.038902655243873596,0.023432467132806778,0.526522875028073,0.015424801968038082,-0.006157360039651394,26.172146100645076,0.9815753300984701,0.04043002799153328,0.04913519695401192,5.22560453414917,10.65173625946045,0.506751537322998,0.3096531927585602,-0.03795212507247925,-0.016175687313079834,0.40292367339134216,0.02330559492111206,0.2668329179286957,-0.03617945313453674,0.03617945313453674,0.1299804151058197,0.0002589225769042969,0.013388251885771751,0.04345982149243355,0.9765335434255676,0.021682851016521454,0.00010068900883197784,32.61460413894299,0.9876452485720316,0.01803487166762352,0.023402906954288483,3.127291202545166,8.055221557617188,0.5323653817176819,0.32347968220710754,-0.01233828067779541,-0.0023491978645324707,0.3797297477722168,0.00011166930198669434,0.29578113555908203,-0.007231235504150391,0.007231235504150391,0.12818636000156403,-0.0015351325273513794,0.012186067178845406,0.042666785418987274,0.9587141806147559,0.02146000601351261,-0.00012215599417686462,6.442458038297911,0.006069918473561531,0.02239515632390976,0.025732289999723434,2.098313331604004,-2.098313331604004,0.025613844394683838,0.023193925619125366,0.028948217630386353,0.0012021847069263458,current_better_objective
683_0.65_0.66.png,24.093577868029094,0.9607228835423788,0.04182908684015274,0.06241961941123009,4.883277416229248,13.157927513122559,0.4572317600250244,0.2840421795845032,0.0025321543216705322,-0.03997418284416199,0.26999759674072266,-0.050743281841278076,0.24582992494106293,0.043088316917419434,0.043088316917419434,0.2540251910686493,-0.04912608861923218,0.04967913031578064,0.14346656203269958,0.7515456135735791,0.04450900852680206,-0.00849141925573349,39.52655260681407,0.9960827032725016,0.006761143449693918,0.010560205206274986,1.1206109523773193,2.9355173110961914,0.45840534567832947,0.324992835521698,0.003705739974975586,0.0009764730930328369,0.3212857246398926,0.0005448460578918457,0.20523318648338318,0.002491578459739685,0.002491578459739685,0.3046584725379944,0.001507192850112915,0.011205528862774372,0.18781207501888275,0.9838483557194454,0.05311853811144829,0.00011811032891273499,41.021017342365234,0.996407667795817,0.005660870112478733,0.008890969678759575,1.0267138481140137,2.757535457611084,0.45594674348831177,0.324363112449646,0.0012471377849578857,0.00034675002098083496,0.32342424988746643,0.0026833713054656982,0.2037535160779953,0.0010119080543518066,0.0010119080543518066,0.30346161127090454,0.0003103315830230713,0.010600709356367588,0.18832220137119293,0.9865206384940172,0.05293135344982147,-6.907433271408081e-05,1.494464735551162,0.0003249645233154297,0.0011002733372151852,0.0016692355275154114,0.09389710426330566,-0.09389710426330566,0.0024586021900177,-0.0021385252475738525,0.0014796704053878784,0.0006048195064067841,current_better_objective
689_0.67_0.91.png,22.62230843862583,0.9267732501029968,0.05743181332945824,0.07394087314605713,6.869649887084961,16.00394058227539,0.477325439453125,0.2495315968990326,0.038686156272888184,-0.04620525240898132,0.2749468982219696,-0.10899937152862549,0.2875765562057495,0.07454884052276611,0.07454884052276611,0.16578970849514008,-0.03101004660129547,0.031792640686035156,0.08129134774208069,0.7182983474662609,0.028896449133753777,-0.005495375022292137,41.90686950668691,0.9956447879473368,0.005776539444923401,0.008028908632695675,0.9786398410797119,2.2000200748443604,0.43903976678848267,0.2949162721633911,0.0004004836082458496,-0.0008205771446228027,0.38491857051849365,0.0009723007678985596,0.21136929094791412,-0.001658424735069275,0.001658424735069275,0.19824373722076416,0.0014439821243286133,0.007725624367594719,0.11138176918029785,0.9841802720987669,0.03457061946392059,0.00017879530787467957,39.87802074974603,0.9953478773434957,0.007409675512462854,0.010141424834728241,1.1443254947662354,2.499163866043091,0.4356188476085663,0.29483285546302795,-0.0030204355716705322,-0.0009039938449859619,0.3880891799926758,0.0041429102420806885,0.2084355354309082,-0.004592180252075195,0.004592180252075195,0.19819308817386627,0.001393333077430725,0.008153408765792847,0.11140444129705429,0.984380605153293,0.03454583138227463,0.000154007226228714,-2.0288487569408815,-0.0002969106038410718,-0.0016331360675394535,-0.002112516202032566,-0.16568565368652344,0.16568565368652344,-0.0026199519634246826,-0.003170609474182129,-0.0029337555170059204,-0.00042778439819812775,current_worse_objective
690_0.62_0.99.png,22.61256582996831,0.9263955950737,0.05866772681474686,0.07402385771274567,7.043715000152588,15.788399696350098,0.4713943898677826,0.24477459490299225,0.032755106687545776,-0.05096225440502167,0.2738873064517975,-0.11005896329879761,0.2840540111064911,0.07102629542350769,0.07102629542350769,0.16375035047531128,-0.03304940462112427,0.033795978873968124,0.07955433428287506,0.7029499256239671,0.028536396101117134,-0.00585542805492878,41.81939775686563,0.9954835971196493,0.00587274506688118,0.008110173046588898,0.9985158443450928,2.236741304397583,0.4391542971134186,0.29500219225883484,0.0005150139331817627,-0.0007346570491790771,0.3845987319946289,0.0006524622440338135,0.21165429055690765,-0.0013734251260757446,0.0013734251260757446,0.19814789295196533,0.0013481378555297852,0.007944651879370213,0.11133251339197159,0.9837450431064988,0.03455395624041557,0.00016213208436965942,39.54754341525047,0.9952059785525004,0.007739937398582697,0.010534715838730335,1.1929378509521484,2.571319341659546,0.4352957010269165,0.29506000876426697,-0.0033435821533203125,-0.0006768405437469482,0.38878822326660156,0.00484195351600647,0.20794424414634705,-0.0050834715366363525,0.0050834715366363525,0.19832870364189148,0.0015289485454559326,0.008487313985824585,0.11152613162994385,0.9854558729086575,0.03457131236791611,0.00017948821187019348,-2.2718543416151533,-0.0002776185671489184,-0.001867192331701517,-0.0024245427921414375,-0.19442200660705566,0.19442200660705566,-0.00282856822013855,-0.004189491271972656,-0.003710046410560608,-0.0005426621064543724,current_worse_objective
696_0.96_1.81.png,8.743693748740583,0.6206214924653372,0.31619375944137573,0.36543935537338257,34.210289001464844,59.10885238647461,0.6953031420707703,0.15851806104183197,0.3022692799568176,-0.07269957661628723,0.16394846141338348,-0.4023534804582596,0.5501606464385986,0.4532526805996895,0.4532526805996895,0.11519759148359299,-0.1295931413769722,0.13256923854351044,0.041348472237586975,0.2800593172680549,0.019946953281760216,-0.022527514025568962,31.59166292640777,0.9801633159319559,0.01751248724758625,0.026327937841415405,2.338075876235962,6.676419258117676,0.3825753927230835,0.22703969478607178,-0.01045846939086914,-0.004177942872047424,0.5771098136901855,0.01080787181854248,0.08475057035684586,-0.012157395482063293,0.012157395482063293,0.24574963748455048,0.0009589046239852905,0.019306926056742668,0.1442665159702301,0.9771384474644724,0.042582303285598755,0.00010783597826957703,31.555740570146646,0.979790727297465,0.01752292551100254,0.026437047868967056,2.391317844390869,6.531344890594482,0.38126781582832336,0.22958223521709442,-0.011766046285629272,-0.0016354024410247803,0.5851788520812988,0.01887691020965576,0.08284216374158859,-0.014065802097320557,0.014065802097320557,0.24860699474811554,0.003816261887550354,0.01969834603369236,0.14942125976085663,1.0120522894656843,0.04310261085629463,0.0006281435489654541,-0.03592235626112483,-0.0003725886344909668,-1.0438263416290283e-05,-0.000109110027551651,-0.05324196815490723,0.05324196815490723,-0.0013075768947601318,-0.008069038391113281,-0.0019084066152572632,-0.00039141997694969177,mixed_or_neutral
698_0.51_1.13.png,18.88084515986595,0.8382447560628256,0.09094496816396713,0.11375165730714798,13.425131797790527,22.819660186767578,0.46677932143211365,0.193553164601326,0.036324113607406616,-0.08205251395702362,0.36016055941581726,-0.230217844247818,0.2410333752632141,0.13292238861322403,0.13292238861322403,0.17748643457889557,-0.07453595101833344,0.07542009651660919,0.08125684410333633,0.5548340027123816,0.03042898140847683,-0.012544723227620125,37.84092342750232,0.9945276578267416,0.00934495311230421,0.012821942567825317,1.5938398838043213,3.246211528778076,0.4234752953052521,0.2754777669906616,-0.006979912519454956,-0.00012791156768798828,0.594892680644989,0.00451427698135376,0.10319074988365173,-0.004920236766338348,0.004920236766338348,0.2526776194572449,0.0006552338600158691,0.010285996831953526,0.14563317596912384,0.994405318620391,0.043057359755039215,8.365511894226074e-05,41.20782073268393,0.9948901732762655,0.006131692323833704,0.00870179757475853,1.2176164388656616,2.6055760383605957,0.42905452847480774,0.2758626341819763,-0.001400679349899292,0.000256955623626709,0.5924138426780701,0.0020354390144348145,0.10584251582622528,-0.002268470823764801,0.002268470823764801,0.2539100646972656,0.001887679100036621,0.010112760588526726,0.1450488418340683,0.9904153969017719,0.04320230707526207,0.00022860243916511536,3.3668973051816096,0.0003625154495239258,0.0032132607884705067,0.004120144993066788,0.37622344493865967,-0.37622344493865967,0.005579233169555664,0.0024788379669189453,0.0026517659425735474,0.00017323624342679977,current_better_objective
699_0.67_1.68.png,14.203330475951908,0.7463324467341105,0.15892519056797028,0.1949097067117691,20.617767333984375,37.08938217163086,0.5471464991569519,0.17159757018089294,0.11669129133224487,-0.10400810837745667,0.26261597871780396,-0.3277624249458313,0.35457560420036316,0.24646461755037308,0.24646461755037308,0.1510288417339325,-0.10099354386329651,0.10198933631181717,0.06424747407436371,0.4386914554484348,0.025975964963436127,-0.016997739672660828,37.63972390792262,0.9917773207028707,0.009189910255372524,0.013122416101396084,1.5618720054626465,3.613983392715454,0.42422300577163696,0.2748478055000305,-0.006232202053070068,-0.0007578730583190918,0.5961964726448059,0.005818068981170654,0.10191717743873596,-0.00619380921125412,0.00619380921125412,0.2536467909812927,0.0016244053840637207,0.012803474441170692,0.146088644862175,0.997515329005746,0.04322371631860733,0.000250011682510376,38.88643354477379,0.9920166333516439,0.007868935354053974,0.011367850005626678,1.383144736289978,3.1506357192993164,0.4261200428009033,0.275855153799057,-0.004335165023803711,0.00024947524070739746,0.5978942513465881,0.007515847682952881,0.1026899665594101,-0.005421020090579987,0.005421020090579987,0.25481370091438293,0.0027913153171539307,0.012430810369551182,0.14778025448322296,1.0090658949602793,0.04338566213846207,0.0004119575023651123,1.2467096368511648,0.00023931264877319336,0.0013209749013185501,0.0017545660957694054,0.17872726917266846,-0.17872726917266846,0.0018970370292663574,-0.0016977787017822266,0.0007727891206741333,0.00037266407161951065,current_better_objective
709_0.82_0.76.png,24.697095187052064,0.9380249778429667,0.04034463316202164,0.05822979286313057,4.9289679527282715,13.218911170959473,0.41505423188209534,0.21856632828712463,0.037700116634368896,-0.011217638850212097,0.5199486017227173,-0.07629084587097168,0.1676158905029297,0.06002289056777954,0.06002289056777954,0.1617613583803177,-0.018458932638168335,0.019309530034661293,0.10736476629972458,0.836962624036421,0.028576351702213287,-0.0032674595713615417,39.104026461700784,0.994962215423584,0.005903551355004311,0.011086607351899147,0.9983999729156494,2.609945058822632,0.3806211054325104,0.2307741791009903,0.0032669901847839355,0.0009902119636535645,0.5946062803268433,-0.0016331672668457031,0.1092502698302269,0.0016572698950767517,0.0016572698950767517,0.1812329739332199,0.0010126829147338867,0.007727926596999168,0.12383853644132614,0.965383989449695,0.03189723938703537,5.342811346054077e-05,40.67630879918339,0.9951597054799398,0.0052655283361673355,0.009250911884009838,0.955152690410614,2.214952230453491,0.3793456256389618,0.23050667345523834,0.0019915103912353516,0.0007227063179016113,0.5969519019126892,0.0007124543190002441,0.10722563415765762,-0.0003673657774925232,0.0003673657774925232,0.18191219866275787,0.0016919076442718506,0.007607286795973778,0.12490175664424896,0.9736723283679076,0.03203311935067177,0.0001893080770969391,1.572282337482605,0.00019749005635583128,0.0006380230188369751,0.001835695467889309,0.0432472825050354,-0.0432472825050354,0.001275479793548584,0.000920712947845459,0.0012899041175842285,0.00012063980102539062,current_better_objective
714_0.64_1.61.png,21.010687134336447,0.9391111731529236,0.06375394016504288,0.08901549875736237,7.3881120681762695,22.68638801574707,0.5576360821723938,0.26407819986343384,-0.005936920642852783,-0.059156715869903564,0.18993310630321503,-0.0759086161851883,0.3865000307559967,0.04483821988105774,0.04483821988105774,0.19945761561393738,-0.05300411581993103,0.05376669391989708,0.08184647560119629,0.6862510013978339,0.03263561427593231,-0.008651051670312881,38.36692799462041,0.9950679143269857,0.007506025955080986,0.012068508192896843,1.198823094367981,3.1629230976104736,0.5676477551460266,0.3224131166934967,0.004074752330780029,-0.0008217990398406982,0.2620021104812622,-0.0038396120071411133,0.3480476140975952,0.00638580322265625,0.00638580322265625,0.2504148483276367,-0.0020468831062316895,0.010618987493216991,0.11513452976942062,0.9653584442013381,0.040918368846178055,-0.00036829710006713867,36.51503751380264,0.9940670132637024,0.008533982560038567,0.014936475083231926,1.303107738494873,3.957720994949341,0.5686741471290588,0.3232654929161072,0.005101144313812256,3.057718276977539e-05,0.263730525970459,-0.002111196517944336,0.34954139590263367,0.007879585027694702,0.007879585027694702,0.25075969099998474,-0.001702040433883667,0.01132585946470499,0.11533065885305405,0.9670029106130928,0.040890809148550034,-0.0003958567976951599,-1.8518904808177723,-0.0010009010632833215,-0.0010279566049575806,-0.002867966890335083,-0.10428464412689209,0.10428464412689209,-0.0010263919830322266,0.0017284154891967773,-0.0014937818050384521,-0.000706871971487999,current_worse_objective
715_0.63_1.36.png,21.94958906337768,0.9511180917421976,0.05628534406423569,0.07989517599344254,6.498600482940674,20.43793296813965,0.5557429790496826,0.27012383937835693,-0.007830023765563965,-0.05311107635498047,0.19882524013519287,-0.06701648235321045,0.3782990276813507,0.03663721680641174,0.03663721680641174,0.2062932401895523,-0.0461684912443161,0.04689943417906761,0.08583470433950424,0.7196907548553114,0.03374489024281502,-0.007541775703430176,40.07112814975614,0.9958202441533407,0.006513530388474464,0.00991844478994608,1.0849581956863403,2.656317710876465,0.5667622089385986,0.3228936791419983,0.0031892061233520508,-0.00034123659133911133,0.2636394500732422,-0.002202272415161133,0.34613585472106934,0.004474043846130371,0.004474043846130371,0.25129616260528564,-0.0011655688285827637,0.009587542153894901,0.11610256135463715,0.9734750141557548,0.041078999638557434,-0.0002076663076877594,38.137572853297975,0.9949859182039896,0.007417046930640936,0.012391427531838417,1.1838338375091553,3.341510772705078,0.5676047205924988,0.3232271373271942,0.004031717777252197,-7.778406143188477e-06,0.2644565999507904,-0.001385122537612915,0.34752464294433594,0.005862832069396973,0.005862832069396973,0.25130587816238403,-0.001155853271484375,0.010369899682700634,0.11565415561199188,0.9697153056568545,0.04099082946777344,-0.000295836478471756,-1.9335552964581666,-0.0008343259493510669,-0.0009035165421664715,-0.002472982741892338,-0.09887564182281494,0.09887564182281494,-0.0008425116539001465,0.0008171498775482178,-0.0013887882232666016,-0.0007823575288057327,current_worse_objective
733_0.65_1.63.png,20.836436274098165,0.9112677375475565,0.06516534090042114,0.09081930667161942,7.498013496398926,22.74428367614746,0.5782417058944702,0.25681784749031067,0.003399491310119629,-0.05631473660469055,0.1050996407866478,-0.07382939010858536,0.44695454835891724,0.07458049058914185,0.07458049058914185,0.15055014193058014,-0.06919865310192108,0.06970823556184769,0.060015901923179626,0.5813239180658692,0.025500008836388588,-0.01162821613252163,31.047736917215424,0.9917026162147522,0.020382478833198547,0.02802935801446438,2.2689602375030518,5.9113450050354,0.5929968953132629,0.31567415595054626,0.018154680728912354,0.002541571855545044,0.1687135249376297,-0.010215505957603455,0.3970046639442444,0.024630606174468994,0.024630606174468994,0.21528993546962738,-0.00445885956287384,0.014498971402645111,0.09886991232633591,0.957670266889318,0.03631824254989624,-0.000809982419013977,30.999216915951003,0.992198626200358,0.020289793610572815,0.028186369687318802,2.27608585357666,6.0815229415893555,0.5926638245582581,0.3173801302909851,0.01782160997390747,0.004247546195983887,0.17170624434947968,-0.007222786545753479,0.3976947069168091,0.02532064914703369,0.02532064914703369,0.21441715955734253,-0.005331635475158691,0.015714120119810104,0.09824345260858536,0.9516022748078304,0.03618738800287247,-0.0009408369660377502,-0.04852000126442135,0.0004960099856058386,9.268522262573242e-05,-0.00015701167285442352,-0.0071256160736083984,0.0071256160736083984,0.0003330707550048828,0.0029927194118499756,-0.0006900429725646973,-0.0012151487171649933,mixed_or_neutral
73_0.54_1.5.png,23.11121961766525,0.9647009571393331,0.05645647272467613,0.06989385932683945,10.31469440460205,16.571866989135742,0.5576264262199402,0.09223009645938873,-0.016546964645385742,-0.03303933143615723,0.1263824999332428,-0.1398475468158722,0.44661229848861694,0.05785030126571655,0.05785030126571655,0.12213733047246933,-0.05200085788965225,0.052684929221868515,0.08288862556219101,0.5977291058243369,0.01925370655953884,-0.008019624277949333,22.765992480541392,0.9826807975769043,0.06421748548746109,0.07272778451442719,6.565159320831299,9.39441204071045,0.6341421008110046,0.13641761243343353,0.05996870994567871,0.011148184537887573,0.25718405842781067,-0.009045988321304321,0.44067972898483276,0.05191773176193237,0.05191773176193237,0.1770685613155365,0.002930372953414917,0.0180746391415596,0.1383112668991089,0.9973946283740294,0.02773876115679741,0.0004654303193092346,22.809342193309824,0.9821528792381287,0.0657462552189827,0.07236572355031967,6.775580406188965,9.540969848632812,0.6392982006072998,0.13605019450187683,0.06512480974197388,0.010780766606330872,0.25642305612564087,-0.009806990623474121,0.4406270384788513,0.05186504125595093,0.05186504125595093,0.18306417763233185,0.008925989270210266,0.019910193979740143,0.15074917674064636,1.0870872813463945,0.02871852181851864,0.0014451909810304642,0.043349712768431914,-0.0005279183387756348,-0.0015287697315216064,0.00036206096410751343,-0.21042108535766602,0.21042108535766602,-0.005156099796295166,-0.0007610023021697998,5.269050598144531e-05,-0.001835554838180542,mixed_or_neutral
751_0.54_1.86.png,22.236994180339238,0.9431053002675375,0.049593642354011536,0.07729480415582657,5.8078742027282715,20.7933406829834,0.5762750506401062,0.14728441834449768,0.010575830936431885,-0.05907413363456726,0.0887637585401535,-0.06084257364273071,0.43006905913352966,0.06487438082695007,0.06487438082695007,0.12656740844249725,-0.050298646092414856,0.05105303227901459,0.04732657968997955,0.595419423725849,0.023494476452469826,-0.008904485031962395,34.200922061430525,0.9911851684252421,0.013536361046135426,0.01949637569487095,1.7713576555252075,4.148151874542236,0.5722092390060425,0.21115699410438538,0.006510019302368164,0.004798442125320435,0.15373572707176208,0.004129394888877869,0.3642200827598572,-0.0009745955467224121,0.0009745955467224121,0.18231160938739777,0.005445554852485657,0.01639835722744465,0.07984483987092972,1.004534214279963,0.03325726091861725,0.0008582994341850281,34.23844340037525,0.9912417729695638,0.013208315707743168,0.019412336871027946,1.756636142730713,5.049995422363281,0.5690332055091858,0.20794466137886047,0.0033339858055114746,0.0015861093997955322,0.15309752523899078,0.0034911930561065674,0.3621228337287903,-0.0030718445777893066,0.0030718445777893066,0.1812102198600769,0.004344165325164795,0.016384581103920937,0.08178092539310455,1.0288922586061913,0.033125121146440506,0.0007261596620082855,0.0375213389447282,5.660454432176998e-05,0.0003280453383922577,8.403882384300232e-05,0.014721512794494629,-0.014721512794494629,0.0031760334968566895,0.0006382018327713013,-0.0020972490310668945,1.3776123523712158e-05,mixed_or_neutral
756_0.75_1.06.png,22.284392914883078,0.9448647697766622,0.04618479311466217,0.07687415182590485,5.486049175262451,21.123538970947266,0.5515769720077515,0.20627263188362122,0.029504716396331787,-0.04347662627696991,0.19634346663951874,-0.06786133348941803,0.352792888879776,0.06806451082229614,0.06806451082229614,0.17792001366615295,-0.03842698037624359,0.03963176906108856,0.08263377845287323,0.7003754939638187,0.0314362570643425,-0.006627917289733887,36.699331879224964,0.9941163063049316,0.00991080328822136,0.014622896909713745,1.3840502500534058,3.76078462600708,0.5169690251350403,0.24950070679187775,-0.0051032304763793945,-0.0002485513687133789,0.26982852816581726,0.005623728036880493,0.275381475687027,-0.00934690237045288,0.00934690237045288,0.22038030624389648,0.004033312201499939,0.011438537389039993,0.11998970061540604,1.0169914460224427,0.03871982544660568,0.0006556510925292969,35.30514020532365,0.992724617322286,0.010577669367194176,0.01716892048716545,1.4778573513031006,4.019136905670166,0.5197910666465759,0.24919992685317993,-0.00228118896484375,-0.0005493313074111938,0.26652511954307556,0.002320319414138794,0.27930185198783875,-0.005426526069641113,0.005426526069641113,0.21915562450885773,0.0028086304664611816,0.011150754056870937,0.11718354374170303,0.993207425209688,0.03845807537436485,0.0003939010202884674,-1.394191673901311,-0.0013916889826456336,-0.0006668660789728165,-0.002546023577451706,-0.09380710124969482,0.09380710124969482,0.0028220415115356445,0.0033034086227416992,0.003920376300811768,0.00028778333216905594,current_worse_objective
770_0.95_0.52.png,19.243233122361115,0.7696778178215027,0.08222559839487076,0.10910341143608093,9.237262725830078,26.275657653808594,0.33779510855674744,0.2568443715572357,0.08097761869430542,-0.017857462167739868,0.3796254098415375,-0.24252650141716003,0.16577135026454926,0.09808921813964844,0.09808921813964844,0.19241014122962952,-0.021957561373710632,0.02562158927321434,0.14183612167835236,0.8171494694709269,0.03456312417984009,-0.003993812948465347,41.362375985327674,0.9915874203046163,0.0048983134329319,0.008548328652977943,0.8718695044517517,2.525979518890381,0.2559501826763153,0.2746328115463257,-0.000867307186126709,-6.902217864990234e-05,0.6256803274154663,0.003528416156768799,0.06604258716106415,-0.00163954496383667,0.00163954496383667,0.215656578540802,0.001288875937461853,0.008630749769508839,0.17267745733261108,0.9948332694045142,0.03871742635965347,0.00016048923134803772,39.13996538781713,0.9900980194409689,0.0056821382604539394,0.011040830053389072,0.963275134563446,2.9282732009887695,0.2583511769771576,0.2745327949523926,0.0015336871147155762,-0.0001690387725830078,0.6162699460983276,-0.005881965160369873,0.06727861613035202,-0.0004035159945487976,0.0004035159945487976,0.2159060686826706,0.0015383660793304443,0.008926011621952057,0.17265167832374573,0.9946847507960769,0.038737259805202484,0.00018032267689704895,-2.222410597510546,-0.001489400863647461,-0.0007838248275220394,-0.002492501400411129,-0.09140563011169434,0.09140563011169434,-0.0006663799285888672,-0.0023535490036010742,0.0012360289692878723,-0.00029526185244321823,current_worse_objective
771_0.84_0.54.png,20.24100468826979,0.7827317913373312,0.0736304223537445,0.09726347029209137,8.344815254211426,23.92117691040039,0.32710570096969604,0.25328484177589417,0.07028821110725403,-0.02141699194908142,0.38884279131889343,-0.23330911993980408,0.15625092387199402,0.0885687917470932,0.0885687917470932,0.19151410460472107,-0.02285359799861908,0.025847837328910828,0.14082621037960052,0.8113311456742625,0.034405674785375595,-0.00415126234292984,41.2306485209708,0.9920063018798828,0.004909181501716375,0.00867895781993866,0.8925119042396545,2.5662968158721924,0.2569403052330017,0.27528178691864014,0.00012281537055969238,0.0005799531936645508,0.626078724861145,0.00392681360244751,0.06624918431043625,-0.001432947814464569,0.001432947814464569,0.21633191406726837,0.0019642114639282227,0.00855991244316101,0.17263293266296387,0.9945767528715601,0.038811471313238144,0.00025453418493270874,39.25941392501972,0.9900484879811605,0.005501479376107454,0.010890035890042782,0.9598878026008606,2.6457440853118896,0.2597181797027588,0.2749827206134796,0.0029006898403167725,0.0002808868885040283,0.6144048571586609,-0.007747054100036621,0.06803721934556961,0.0003550872206687927,0.0003550872206687927,0.21630243957042694,0.001934736967086792,0.008607548661530018,0.17260225117206573,0.9943999899728477,0.0387977696955204,0.00024083256721496582,-1.9712345959510813,-0.0019578138987222937,-0.000592297874391079,-0.002211078070104122,-0.06737589836120605,0.06737589836120605,-0.00277787446975708,-0.0038202404975891113,0.0010778605937957764,-4.763621836900711e-05,current_worse_objective
778_0.91_1.51.png,12.546109238564565,0.756962239742279,0.18087813258171082,0.23588185012340546,19.968177795410156,46.49713897705078,0.6716140508651733,0.17083507776260376,0.1745402216911316,-0.1339591145515442,0.09434008598327637,-0.21499794721603394,0.5339328050613403,0.2542579174041748,0.2542579174041748,0.1423170417547226,-0.0917932391166687,0.09445406496524811,0.04829942062497139,0.3648537233758151,0.02513800375163555,-0.016317283734679222,33.809653492204234,0.984205981095632,0.013357970863580704,0.02039469964802265,1.7534106969833374,4.513232231140137,0.4910053014755249,0.3057420551776886,-0.006068527698516846,0.0009478628635406494,0.31583887338638306,0.006500840187072754,0.2668151259422302,-0.012859761714935303,0.012859761714935303,0.2413039207458496,0.007193639874458313,0.01815483160316944,0.13078321516513824,0.9879361365132177,0.042550165206193924,0.0010948777198791504,33.84705069490861,0.9841587742169698,0.013493059203028679,0.020307078957557678,1.7650635242462158,4.692028045654297,0.4901478588581085,0.306357741355896,-0.0069259703159332275,0.0015635490417480469,0.316333144903183,0.006995111703872681,0.26770418882369995,-0.011970698833465576,0.011970698833465576,0.24035310745239258,0.006242826581001282,0.017513390630483627,0.13681340217590332,1.0334881567043794,0.042424190789461136,0.0009689033031463623,0.0373972027043763,-4.7206878662109375e-05,-0.00013508833944797516,8.762069046497345e-05,-0.011652827262878418,0.011652827262878418,-0.0008574426174163818,-0.0004942715167999268,0.0008890628814697266,0.0006414409726858139,mixed_or_neutral
785_0.54_0.53.png,25.636324158485344,0.9464850823084513,0.035770852118730545,0.05226173251867294,4.144996166229248,12.901362419128418,0.45995962619781494,0.21298012137413025,0.013790249824523926,-0.041411906480789185,0.19283409416675568,-0.06779129803180695,0.2503207325935364,0.04381486773490906,0.04381486773490906,0.23974789679050446,-0.03623645007610321,0.03661389648914337,0.12730872631072998,0.7689676202710107,0.041303690522909164,-0.006381109356880188,38.06716923523003,0.9964607755343119,0.008998791687190533,0.01249227486550808,1.2461622953414917,2.71509051322937,0.44050461053848267,0.25034570693969727,-0.00566476583480835,-0.004046320915222168,0.26045849919319153,-0.00016689300537109375,0.2020622342824936,-0.004443630576133728,0.004443630576133728,0.2748175859451294,-0.0011667609214782715,0.010653303004801273,0.1615411639213562,0.9757377046819523,0.04741198197007179,-0.0002728179097175598,36.02161706376507,0.9960138996442159,0.012010514736175537,0.01580953598022461,1.5360950231552124,3.32761287689209,0.43531396985054016,0.251099169254303,-0.010855406522750854,-0.003292858600616455,0.2644427418708801,0.003817349672317505,0.19503061473369598,-0.011475250124931335,0.011475250124931335,0.2775155305862427,0.0015311837196350098,0.010759133845567703,0.16570189595222473,1.0008692750077224,0.0478542223572731,0.0001694224774837494,-2.045552171464962,-0.00044687589009595463,-0.0030117230489850044,-0.00331726111471653,-0.2899327278137207,0.2899327278137207,-0.005190640687942505,-0.003650456666946411,-0.007031619548797607,-0.0001058308407664299,current_worse_objective
786_0.77_1.16.png,16.94788511889337,0.8651001254717509,0.09663497656583786,0.14210382103919983,10.92907428741455,35.01997756958008,0.5322811007499695,0.18553313612937927,0.08611172437667847,-0.06885889172554016,0.14550480246543884,-0.11512058973312378,0.34916770458221436,0.14266183972358704,0.14266183972358704,0.2064068466424942,-0.06957750022411346,0.07104971259832382,0.09878620505332947,0.5966864583190824,0.035416461527347565,-0.012268338352441788,36.33221982767157,0.993071973323822,0.010686936788260937,0.015254184603691101,1.4697768688201904,3.8172965049743652,0.4410023093223572,0.25230056047439575,-0.005167067050933838,-0.0020914673805236816,0.26281213760375977,0.0021867454051971436,0.19871103763580322,-0.007794827222824097,0.007794827222824097,0.2795823812484741,0.003598034381866455,0.013881281018257141,0.16409404575824738,0.9911575704510581,0.04816974699497223,0.0004849471151828766,34.5116734876552,0.9924121499061584,0.013815870508551598,0.018811192363500595,1.7869155406951904,4.574957370758057,0.4390367269515991,0.2522844076156616,-0.0071326494216918945,-0.0021076202392578125,0.26510167121887207,0.004476279020309448,0.19578175246715546,-0.010724112391471863,0.010724112391471863,0.28176411986351013,0.005779772996902466,0.015494443476200104,0.16847698390483856,1.0176313057090252,0.04852878674864769,0.0008439868688583374,-1.8205463400163708,-0.0006598234176635742,-0.003128933720290661,-0.003557007759809494,-0.317138671875,0.317138671875,-0.0019655823707580566,-0.0022895336151123047,-0.002929285168647766,-0.0016131624579429626,current_worse_objective
788_0.69_0.73.png,21.25872642278211,0.9147862394650778,0.058030035346746445,0.08650947362184525,6.71388578414917,22.10462760925293,0.49123409390449524,0.20173977315425873,0.045064717531204224,-0.052652254700660706,0.1709212064743042,-0.08970418572425842,0.29075390100479126,0.08424803614616394,0.08424803614616394,0.22819076478481293,-0.04779358208179474,0.04874679446220398,0.11686518043279648,0.7058867235118639,0.03926486521959305,-0.008419934660196304,39.03884816113671,0.9955597321192423,0.008240913040935993,0.01117011345922947,1.2005672454833984,2.738668918609619,0.4426262378692627,0.2517189383506775,-0.0035431385040283203,-0.0026730895042419434,0.26103663444519043,0.0004112422466278076,0.20215754210948944,-0.004348322749137878,0.004348322749137878,0.27725449204444885,0.0012701451778411865,0.0111233526840806,0.1631201207637787,0.9852748881949249,0.04780552536249161,0.00012072548270225525,36.81483034722667,0.9952699343363444,0.010975112207233906,0.01442973967641592,1.4612290859222412,3.32627010345459,0.43818482756614685,0.251983642578125,-0.007984548807144165,-0.0024083852767944336,0.26502305269241333,0.004397660493850708,0.19635984301567078,-0.010146021842956543,0.010146021842956543,0.2796677052974701,0.0036833584308624268,0.011869270354509354,0.1672171652317047,1.0100217741778699,0.04819868877530098,0.0005138888955116272,-2.224017813910045,-0.0002897977828979492,-0.0027341991662979126,-0.003259626217186451,-0.2606618404388428,0.2606618404388428,-0.004441410303115845,-0.0039864182472229,-0.0057976990938186646,-0.0007459176704287529,current_worse_objective
792_0.71_0.8.png,15.773020503910525,0.7105565071105957,0.13237546384334564,0.1626855432987213,15.749433517456055,32.19581604003906,0.41721805930137634,0.19585596024990082,0.12155190110206604,-0.07207457721233368,0.2785397469997406,-0.3220185935497284,0.24074561893939972,0.1752321571111679,0.1752321571111679,0.1816737949848175,-0.06414620578289032,0.06493007391691208,0.09672766178846359,0.5661344049560194,0.03213142231106758,-0.011439703404903412,40.75943698623607,0.9931273659070333,0.005889862310141325,0.009162798523902893,1.0791969299316406,2.9353537559509277,0.29327118396759033,0.2655908167362213,-0.0023949742317199707,-0.0023397207260131836,0.6007950901985168,0.00023674964904785156,0.06323720514774323,-0.0022762566804885864,0.0022762566804885864,0.2449495941400528,-0.0008704066276550293,0.008825387805700302,0.16711649298667908,0.978111065294398,0.04342019557952881,-0.00015093013644218445,42.82525060117028,0.9930563569068909,0.004725987557321787,0.0072233304381370544,0.9158375859260559,2.2400155067443848,0.29545682668685913,0.26748767495155334,-0.00020933151245117188,-0.00044286251068115234,0.5997442603111267,-0.0008140802383422852,0.06417828053236008,-0.0013351812958717346,0.0013351812958717346,0.24815933406352997,0.0023393332958221436,0.008724945597350597,0.17114894092082977,1.0017124577968766,0.04391452297568321,0.00034339725971221924,2.065813614934214,-7.100900014245237e-05,0.0011638747528195381,0.0019394680857658386,0.16335934400558472,-0.16335934400558472,0.002185642719268799,-0.0005773305892944336,0.0009410753846168518,0.00010044220834970474,current_better_objective
797_0.73_0.63.png,20.823255409023858,0.8974355459213257,0.06864780932664871,0.09095723181962967,8.550036430358887,21.161396026611328,0.5790865421295166,0.25119733810424805,0.04507547616958618,-0.06612911820411682,0.2306288331747055,-0.14257635176181793,0.3751925528049469,0.09637317061424255,0.09637317061424255,0.17831693589687347,-0.04631814360618591,0.04684119299054146,0.06595096737146378,0.6571923142600471,0.029792986810207367,-0.007641363888978958,40.1957714418754,0.9961412946383158,0.0072982837446033955,0.0097771305590868,1.0823476314544678,2.2850515842437744,0.5281373262405396,0.31704264879226685,-0.005873739719390869,-0.00028380751609802246,0.37829703092575073,0.005091845989227295,0.2721027731895447,-0.006716609001159668,0.006716609001159668,0.22590889036655426,0.001273810863494873,0.007732876110821962,0.10062587261199951,1.0027229733241272,0.03763950616121292,0.00020515546202659607,41.58336318327556,0.9961800972620646,0.005851153749972582,0.008333584293723106,0.9637417793273926,2.2169909477233887,0.5300145149230957,0.3168434202671051,-0.003996551036834717,-0.0004830360412597656,0.37689071893692017,0.0036855340003967285,0.27238741517066956,-0.00643196702003479,0.00643196702003479,0.22694404423236847,0.002308964729309082,0.007764070760458708,0.10185351967811584,1.0149563073999006,0.03780198469758034,0.00036763399839401245,1.3875917414001577,3.88026237487793e-05,0.0014471299946308136,0.0014435462653636932,0.1186058521270752,-0.1186058521270752,0.0018771886825561523,0.0014063119888305664,0.00028464198112487793,-3.119464963674545e-05,current_better_objective
799_0.52_1.97.png,15.360529334783,0.778532862663269,0.14224369823932648,0.1705978363752365,17.45686149597168,32.512786865234375,0.5355076193809509,0.16744737327098846,0.0014965534210205078,-0.1498790830373764,0.15139812231063843,-0.221807062625885,0.40239447355270386,0.12357509136199951,0.12357509136199951,0.11546062678098679,-0.1091744527220726,0.11039559543132782,0.033409930765628815,0.3329253624963806,0.01934361644089222,-0.018090734258294106,27.21234790026749,0.9867177208264669,0.03078421950340271,0.043589573353528976,3.5984151363372803,9.168109893798828,0.5040654540061951,0.31175464391708374,-0.02994561195373535,-0.005571812391281128,0.38076791167259216,0.007562726736068726,0.2588399350643158,-0.01997944712638855,0.01997944712638855,0.21634730696678162,-0.008287772536277771,0.019628159701824188,0.09379073232412338,0.9346117409477991,0.03613758832216263,-0.001296762377023697,31.62569108036905,0.9907386898994446,0.018049566075205803,0.026224996894598007,2.3160271644592285,6.010443210601807,0.5191870927810669,0.31150391697883606,-0.014823973178863525,-0.005822539329528809,0.36916691064834595,-0.00403827428817749,0.2719931900501251,-0.006826192140579224,0.006826192140579224,0.21887318789958954,-0.005761891603469849,0.016596540808677673,0.09415077418088913,0.9381995085046514,0.03647277131676674,-0.0009615793824195862,4.413343180101563,0.004020969072977665,0.012734653428196907,0.01736457645893097,1.2823879718780518,-1.2823879718780518,0.015121638774871826,0.0035244524478912354,0.013153254985809326,0.003031618893146515,current_better_objective
800_0.55_1.84.png,15.623244913853704,0.7870986461639404,0.13678088784217834,0.16551515460014343,16.857759475708008,33.16516876220703,0.5497999787330627,0.1731480211019516,0.015788912773132324,-0.14417843520641327,0.15423241257667542,-0.21897277235984802,0.41148126125335693,0.1326618790626526,0.1326618790626526,0.11999815702438354,-0.10463692247867584,0.10575735569000244,0.03528730571269989,0.3516331454959871,0.020103730261325836,-0.01733062043786049,28.812271026500863,0.9890609780947367,0.025804592296481133,0.03625654801726341,3.066253185272217,7.561342239379883,0.5091716647148132,0.3130451440811157,-0.024839401245117188,-0.0042813122272491455,0.3803679645061493,0.0071627795696258545,0.26077762246131897,-0.018041759729385376,0.018041759729385376,0.21876183152198792,-0.005873247981071472,0.017473233863711357,0.09582541882991791,0.9548871119822409,0.0365428663790226,-0.0008914843201637268,34.69702003674629,0.9924476345380148,0.012853752821683884,0.01841403730213642,1.7490464448928833,4.341338634490967,0.5249380469322205,0.31315699219703674,-0.009073019027709961,-0.004169464111328125,0.36977511644363403,-0.0034300684928894043,0.2742137312889099,-0.004605650901794434,0.004605650901794434,0.22152400016784668,-0.0031110793352127075,0.013934828341007233,0.09655733406543732,0.9621805465844043,0.03692258521914482,-0.0005117654800415039,5.884749010245425,0.003386656443278069,0.012950839474797249,0.01784251071512699,1.3172067403793335,-1.3172067403793335,0.015766382217407227,0.00373271107673645,0.013436108827590942,0.0035384055227041245,current_better_objective
810_0.88_1.95.png,10.444452057494967,0.6542749404907227,0.2621830999851227,0.3004536032676697,29.362520217895508,50.477657318115234,0.6192495226860046,0.17833499610424042,0.2537226378917694,-0.12511609494686127,0.10044150054454803,-0.27170588076114655,0.517655074596405,0.34385012090206146,0.34385012090206146,0.09820649772882462,-0.09274793416261673,0.0936497151851654,0.04985012486577034,0.31634953401737026,0.01835828833281994,-0.016791703179478645,27.47738282553424,0.9730690916379293,0.02754298783838749,0.042279597371816635,3.4838008880615234,12.467207908630371,0.3891884386539459,0.2959587574005127,0.023661553859710693,-0.007492333650588989,0.32800883054733276,-0.044138550758361816,0.20060303807258606,0.026798084378242493,0.026798084378242493,0.18877874314785004,-0.0021756887435913086,0.016057120636105537,0.14612796902656555,0.9273299722504992,0.034633465111255646,-0.0005165264010429382,27.472975951552627,0.9738564491271973,0.025782810524106026,0.042301055043935776,3.323497772216797,12.496996879577637,0.38385775685310364,0.2991281747817993,0.018330872058868408,-0.004322916269302368,0.33877065777778625,-0.033376723527908325,0.1949205994606018,0.02111564576625824,0.02111564576625824,0.19018873572349548,-0.0007656961679458618,0.016828233376145363,0.15588070452213287,0.9892209572324826,0.03503395989537239,-0.00011603161692619324,-0.004406873981611881,0.000787357489267948,0.0017601773142814636,-2.1457672119140625e-05,0.16030311584472656,-0.16030311584472656,0.005330681800842285,0.010761827230453491,0.005682438611984253,-0.0007711127400398254,mixed_or_neutral
813_0.58_1.0.png,20.615567033235983,0.9237195054690043,0.06359122693538666,0.09315831959247589,8.087065696716309,23.22408103942871,0.5350906252861023,0.19997745752334595,0.016901373863220215,-0.06772491335868835,0.19405190646648407,-0.09816984832286835,0.306272953748703,0.08553142845630646,0.08553142845630646,0.24107950925827026,-0.06332173943519592,0.06369158625602722,0.09243099391460419,0.6305347298142786,0.041267067193984985,-0.011048749089241028,36.39815665192749,0.9955922762552897,0.010928216390311718,0.01513882540166378,1.5929145812988281,3.8032374382019043,0.5118502974510193,0.2653113603591919,-0.006338953971862793,-0.0023910105228424072,0.2901264727115631,-0.0020952820777893066,0.21786300837993622,-0.002878516912460327,0.002878516912460327,0.30323073267936707,-0.001170516014099121,0.012446672655642033,0.14311443269252777,0.9762809673309049,0.05208843946456909,-0.0002273768186569214,37.95589571895422,0.9956462979316711,0.009012021124362946,0.012653341516852379,1.399745225906372,3.3111956119537354,0.5127389430999756,0.2670380771160126,-0.005450308322906494,-0.0006642937660217285,0.29191771149635315,-0.0003040432929992676,0.2144893854856491,-0.0062521398067474365,0.0062521398067474365,0.3078044652938843,0.003403216600418091,0.012745189480483532,0.14845478534698486,1.012711148112062,0.05285964906215668,0.0005438327789306641,1.5577390670267235,5.4021676381466044e-05,0.0019161952659487724,0.0024854838848114014,0.19316935539245605,-0.19316935539245605,0.0008886456489562988,0.001791238784790039,-0.0033736228942871094,-0.00029851682484149933,current_better_objective
817_0.59_1.1.png,22.22150213002464,0.925216813882192,0.056935057044029236,0.0774327889084816,7.068160057067871,18.9202938079834,0.3878287971019745,0.1649814248085022,0.04892739653587341,-0.023279398679733276,0.2939799726009369,-0.14124566316604614,0.2204517126083374,0.08958443999290466,0.08958443999290466,0.10822639614343643,-0.025087527930736542,0.02578769437968731,0.08955986052751541,0.7337720554719839,0.021141307428479195,-0.004577908664941788,36.08838396234753,0.9941393534342448,0.011969289742410183,0.015688477084040642,1.665008306503296,3.4999396800994873,0.32850608229637146,0.1871979534626007,-0.010395318269729614,-0.0010628700256347656,0.4408241808414459,0.005598545074462891,0.12271866947412491,-0.00814860314130783,0.00814860314130783,0.13314567506313324,-0.0001682490110397339,0.007373009342700243,0.12277320772409439,1.0058920196835284,0.025743447244167328,2.423115074634552e-05,37.90692661799615,0.994318942228953,0.009160364978015423,0.012724879197776318,1.3653771877288818,3.198300838470459,0.3334138095378876,0.18794715404510498,-0.005487591028213501,-0.00031366944313049316,0.44019290804862976,0.0049672722816467285,0.12463965266942978,-0.00622761994600296,0.00622761994600296,0.1349537968635559,0.0016398727893829346,0.007354335859417915,0.12498293817043304,1.0239965415318042,0.026023201644420624,0.0003039855509996414,1.8185426556486206,0.00017958879470825195,0.00280892476439476,0.002963597886264324,0.29963111877441406,-0.29963111877441406,0.004907727241516113,0.0006312727928161621,0.0019209831953048706,1.8673483282327652e-05,current_better_objective
822_0.64_0.8.png,25.24036354324965,0.8388983607292175,0.03778612241148949,0.054699305444955826,4.409355640411377,14.464593887329102,0.305662602186203,0.19365820288658142,0.02443110942840576,-0.03289857506752014,0.30912747979164124,-0.14441341161727905,0.14304642379283905,0.04015640914440155,0.04015640914440155,0.13863082230091095,-0.016967803239822388,0.020047934725880623,0.12254374474287033,0.7969173925270251,0.025784814730286598,-0.0030070096254348755,37.889397428307475,0.9919366240501404,0.009653388522565365,0.012750585563480854,1.2737548351287842,2.5961921215057373,0.2728961706161499,0.2239876240491867,-0.008335322141647339,-0.002569153904914856,0.46577101945877075,0.012230128049850464,0.09481076896190643,-0.008079245686531067,0.008079245686531067,0.15588292479515076,0.00028429925441741943,0.007374370936304331,0.15435989201068878,1.0038218018392016,0.028866520151495934,7.469579577445984e-05,39.96890852299344,0.9913885593414307,0.006939079612493515,0.010035859420895576,1.0070589780807495,2.365741729736328,0.2767925560474396,0.224299356341362,-0.004438936710357666,-0.002257421612739563,0.45528945326805115,0.0017485618591308594,0.09772960841655731,-0.005160406231880188,0.005160406231880188,0.15591515600681305,0.0003165304660797119,0.0067018773406744,0.15367962419986725,0.9993979346629742,0.028850972652435303,5.914829671382904e-05,2.0795110946859623,-0.0005480647087097168,0.00271430891007185,0.0027147261425852776,0.26669585704803467,-0.26669585704803467,0.003896385431289673,0.010481566190719604,0.002918839454650879,0.0006724935956299305,current_better_objective
828_0.63_0.64.png,20.48643475528161,0.8919467131296793,0.07958173006772995,0.094553641974926,9.45435905456543,20.694705963134766,0.45334458351135254,0.18099233508110046,0.07230618596076965,-0.038598984479904175,0.22008579969406128,-0.15123453736305237,0.2999471426010132,0.11912362277507782,0.11912362277507782,0.15086811780929565,-0.04648277163505554,0.04743914678692818,0.09981618076562881,0.6452811313166342,0.02726621925830841,-0.008085712790489197,37.56799451524104,0.9943765997886658,0.009929592721164227,0.013231231831014156,1.3588038682937622,3.2534027099609375,0.3896239697933197,0.21970194578170776,0.008585572242736816,0.000110626220703125,0.3638650178909302,-0.007455319166183472,0.18869711458683014,0.007873594760894775,0.007873594760894775,0.19841518998146057,0.001064300537109375,0.00869253370910883,0.14900316298007965,0.9632599528457516,0.03534925729036331,-2.6747584342956543e-06,41.472469947802225,0.9950082699457804,0.00645979680120945,0.008440662175416946,1.0534733533859253,2.1516902446746826,0.383186936378479,0.21979926526546478,0.002148538827896118,0.00020794570446014404,0.37172555923461914,0.00040522217750549316,0.18059927225112915,-0.00022424757480621338,0.00022424757480621338,0.2002723067998886,0.0029214173555374146,0.008681042119860649,0.15463624894618988,0.9996761336406307,0.035695940256118774,0.000344008207321167,3.904475432561185,0.0006316701571146277,0.0034697959199547768,0.00479056965559721,0.3053305149078369,-0.3053305149078369,0.006437033414840698,0.0070500969886779785,0.007649347186088562,1.149158924818039e-05,current_better_objective
841_0.56_0.7.png,24.044110669633014,0.9101339975992838,0.05202927812933922,0.062776118516922,6.202130317687988,13.375042915344238,0.35281890630722046,0.18270942568778992,0.045900702476501465,-0.024897128343582153,0.3005823493003845,-0.14062273502349854,0.17322881519794464,0.07792738080024719,0.07792738080024719,0.15804621577262878,-0.02917654812335968,0.02957082726061344,0.1128319650888443,0.7470137552875071,0.02973032370209694,-0.005370009690523148,41.10242730724994,0.9953615665435791,0.006158275064080954,0.008808027021586895,1.0368354320526123,2.4331588745117188,0.31056666374206543,0.20822268724441528,0.0036484599113464355,0.0006161332130432129,0.439604789018631,-0.0016002953052520752,0.09727733582258224,0.001975901424884796,0.001975901424884796,0.1893928498029709,0.002170085906982422,0.007500853389501572,0.14801949262619019,0.9799758158548114,0.03535030409693718,0.0002499707043170929,42.676371666849974,0.9957334796587626,0.005181128159165382,0.0073482077568769455,0.9715287089347839,2.1238491535186768,0.30728673934936523,0.20775511860847473,0.00036853551864624023,0.00014856457710266113,0.4433287978172302,0.002123713493347168,0.09319250285625458,-0.002108931541442871,0.002108931541442871,0.19000545144081116,0.002782687544822693,0.0074609676375985146,0.1513752043247223,1.0021925945452195,0.03548378869891167,0.0003834553062915802,1.5739443596000342,0.00037191311518347536,0.0009771469049155712,0.0014598192647099495,0.06530672311782837,-0.06530672311782837,0.0032799243927001953,-0.0005234181880950928,-0.00013303011655807495,3.98857519030571e-05,current_better_objective
843_0.54_1.62.png,18.306850608905187,0.8248806794484457,0.10204226523637772,0.12152271717786789,12.135944366455078,24.86627769470215,0.3961626887321472,0.16035258769989014,0.08924448490142822,-0.047253966331481934,0.21923327445983887,-0.2219718098640442,0.24878019094467163,0.15347875654697418,0.15347875654697418,0.1286328285932541,-0.058589935302734375,0.05924074351787567,0.0811188668012619,0.5370544531965168,0.02428094483911991,-0.010819388553500175,37.01551067590612,0.9922723174095154,0.010301514528691769,0.014100173488259315,1.5401556491851807,3.56886625289917,0.3148531913757324,0.20927488803863525,0.007934987545013428,0.0016683340072631836,0.43805617094039917,-0.0031489133834838867,0.09913639724254608,0.003834962844848633,0.003834962844848633,0.19161158800125122,0.004388824105262756,0.011530879884958267,0.14762379229068756,0.9773560476591624,0.035690635442733765,0.000590302050113678,38.83266532913494,0.9927060405413309,0.008256346918642521,0.011438438668847084,1.3850469589233398,3.2583580017089844,0.30938464403152466,0.20833764970302582,0.002466440200805664,0.0007310956716537476,0.44104984402656555,-0.00015524029731750488,0.09461177885532379,-0.0006896555423736572,0.0006896555423736572,0.19095191359519958,0.0037291496992111206,0.011217352002859116,0.15146636962890625,1.002796162303494,0.03561386466026306,0.0005135312676429749,1.817154653228819,0.00043372313181555544,0.0020451676100492477,0.0026617348194122314,0.15510869026184082,-0.15510869026184082,0.005468547344207764,0.002993673086166382,0.0031453073024749756,0.0003135278820991516,current_better_objective
853_1.0_1.75.png,13.26404972255646,0.8532937169075012,0.15929782390594482,0.21716883778572083,17.010177612304688,51.65398025512695,0.5811824798583984,0.1718963384628296,0.1587018072605133,-0.03734578192234039,0.15432821214199066,-0.16931568086147308,0.44318944215774536,0.20375366508960724,0.20375366508960724,0.12007251381874084,-0.03793679177761078,0.039991021156311035,0.07102096825838089,0.5945260636578722,0.021942418068647385,-0.007160129025578499,26.940262525738618,0.9800244371096293,0.032898515462875366,0.044976625591516495,3.7653698921203613,10.40555191040039,0.41383013129234314,0.20294131338596344,-0.008650541305541992,-0.006300806999206543,0.32605934143066406,0.0024154484272003174,0.22479583323001862,-0.014639943838119507,0.014639943838119507,0.16445086896419525,0.006441563367843628,0.016812343150377274,0.11222109198570251,0.9394178327014647,0.029902148991823196,0.0007996018975973129,25.322371978343035,0.972937285900116,0.03887462615966797,0.05418528988957405,4.408199787139893,12.955927848815918,0.4001002609729767,0.19959257543087006,-0.022380411624908447,-0.009649544954299927,0.3341730237007141,0.010529130697250366,0.2086816132068634,-0.03075416386127472,0.03075416386127472,0.1672973483800888,0.009288042783737183,0.018181150779128075,0.12302683293819427,1.0298741414639616,0.030523570254445076,0.0014210231602191925,-1.6178905473955822,-0.007087151209513309,-0.0059761106967926025,-0.009208664298057556,-0.6428298950195312,0.6428298950195312,-0.013729870319366455,-0.008113682270050049,-0.016114220023155212,-0.001368807628750801,current_worse_objective;residual_haze_or_low_contrast_risk
855_0.94_1.42.png,15.28310234027715,0.8781377077102661,0.1240977793931961,0.17212536931037903,13.49929141998291,42.60237503051758,0.5449191927909851,0.1676260381937027,0.12243852019309998,-0.041616082191467285,0.17220501601696014,-0.1514388769865036,0.40012165904045105,0.16068588197231293,0.16068588197231293,0.12576992809772491,-0.03223937749862671,0.03376799449324608,0.07663337886333466,0.6415083065985139,0.023016521707177162,-0.006086025387048721,27.88036287548615,0.9848554730415344,0.029490306973457336,0.040362853556871414,3.419114589691162,9.445159912109375,0.41178104281425476,0.20327307283878326,-0.010699629783630371,-0.005969047546386719,0.3286277949810028,0.0049839019775390625,0.22322200238704681,-0.01621377468109131,0.01621377468109131,0.1641419380903244,0.006132632493972778,0.014735773205757141,0.11637222021818161,0.9741674846467355,0.029919138178229332,0.0008165910840034485,26.400812523335905,0.9806595047314962,0.03336026519536972,0.04785853251814842,3.822543144226074,11.56013298034668,0.4009382724761963,0.20183493196964264,-0.021542400121688843,-0.007407188415527344,0.3371537923812866,0.013509899377822876,0.21010516583919525,-0.02933061122894287,0.02933061122894287,0.1665981113910675,0.008588805794715881,0.0160824004560709,0.12341878563165665,1.0331552301015667,0.030433518812060356,0.0013309717178344727,-1.4795503521502447,-0.004195968310038212,-0.003869958221912384,-0.007495678961277008,-0.4034285545349121,0.4034285545349121,-0.010842770338058472,-0.008525997400283813,-0.013116836547851562,-0.0013466272503137589,current_worse_objective
857_0.8_1.07.png,15.986429251156185,0.8180664777755737,0.1231585219502449,0.15873713791370392,13.632719993591309,36.23329544067383,0.5468006730079651,0.1830526441335678,0.11575198173522949,-0.06548258662223816,0.1323544979095459,-0.16040712594985962,0.4080750644207001,0.17723806202411652,0.17723806202411652,0.14279943704605103,-0.0688561201095581,0.07276034355163574,0.06740919500589371,0.5636651612351765,0.025795189663767815,-0.012041294947266579,36.14503071608655,0.9879003167152405,0.011385174468159676,0.015586495399475098,1.5146564245224,3.7687036991119385,0.4271934926509857,0.24560382962226868,-0.003855198621749878,-0.0029314011335372925,0.2894512712955475,-0.0033103525638580322,0.23091661930084229,7.961690425872803e-05,7.961690425872803e-05,0.20666024088859558,-0.00499531626701355,0.015018517151474953,0.11505060642957687,0.962035203322964,0.036923591047525406,-0.0009128935635089874,37.56173896894885,0.9880086978276571,0.009299194440245628,0.013240763917565346,1.2855743169784546,3.108414649963379,0.43361958861351013,0.249315083026886,0.002570897340774536,0.0007798522710800171,0.293781042098999,0.0010194182395935059,0.23219235241413116,0.0013553500175476074,0.0013553500175476074,0.21257330477237701,0.0009177476167678833,0.012007306329905987,0.12036097049713135,1.0064396383276228,0.03800501674413681,0.000168532133102417,1.4167082528622998,0.0001083811124166223,0.0020859800279140472,0.002345731481909752,0.2290821075439453,-0.2290821075439453,0.0012843012809753418,0.0022909343242645264,-0.0012757331132888794,0.003011210821568966,current_better_objective
860_0.84_0.88.png,16.682549421168286,0.8361325065294901,0.11448083072900772,0.14651177823543549,12.562331199645996,32.91078567504883,0.5403797030448914,0.19233438372612,0.10933101177215576,-0.056200847029685974,0.14202266931533813,-0.15073895454406738,0.39293837547302246,0.1621013730764389,0.1621013730764389,0.15237414836883545,-0.05928140878677368,0.06292276829481125,0.07350223511457443,0.6146142110639371,0.027474699541926384,-0.01036178506910801,36.13683700897142,0.9889790614446005,0.011646476574242115,0.01560120563954115,1.520147681236267,3.6411609649658203,0.42716002464294434,0.24642392992973328,-0.0038886666297912598,-0.002111300826072693,0.2913022041320801,-0.0014594197273254395,0.23012962937355042,-0.0007073730230331421,0.0007073730230331421,0.2074347734451294,-0.004220783710479736,0.014062575064599514,0.11599141359329224,0.9699020858985602,0.03705873340368271,-0.0007777512073516846,38.18360334869801,0.9887839555740356,0.008764426223933697,0.012325934134423733,1.2101166248321533,2.9349172115325928,0.42959412932395935,0.2475951611995697,-0.0014545619487762451,-0.0009400695562362671,0.293607622385025,0.0008459985256195068,0.22927233576774597,-0.0015646666288375854,0.0015646666288375854,0.2118036448955536,0.000148087739944458,0.010983208194375038,0.12050720304250717,1.00766241203468,0.03789549320936203,5.900859832763672e-05,2.046766339726588,-0.00019510587056481565,0.0028820503503084183,0.0032752715051174164,0.31003105640411377,-0.31003105640411377,0.0024341046810150146,0.0006134212017059326,-0.0008572936058044434,0.003079366870224476,current_better_objective
866_0.62_0.59.png,27.830855058880243,0.9624720414479574,0.02982616424560547,0.04059356823563576,3.697735548019409,10.586512565612793,0.5373401641845703,0.2846951186656952,0.013946533203125,-0.03146582841873169,0.19433976709842682,-0.05911548435688019,0.37307390570640564,0.03584176301956177,0.03584176301956177,0.16018575429916382,-0.022615626454353333,0.023002684116363525,0.07436486333608627,0.7834362037764906,0.02805737406015396,-0.0038964077830314636,44.17685779967367,0.9963590304056803,0.00440363772213459,0.006182400044053793,0.8046941757202148,1.6641499996185303,0.5245135426521301,0.3168245553970337,0.0011199116706848145,0.0006636083126068115,0.25591883063316345,0.0024635791778564453,0.3361406624317169,-0.0010914802551269531,0.0010914802551269531,0.1848694235086441,0.002068042755126953,0.006474785972386599,0.09389334172010422,0.9891693455367624,0.03225800395011902,0.00030422210693359375,42.22172113222093,0.9959424336751302,0.005918311886489391,0.007743083406239748,0.9423482418060303,1.9745515584945679,0.5208200812339783,0.3154066205024719,-0.002573549747467041,-0.0007543265819549561,0.25364312529563904,0.00018787384033203125,0.3332265615463257,-0.0040055811405181885,0.0040055811405181885,0.18432830274105072,0.0015269219875335693,0.006585320457816124,0.09553450345993042,1.0064590367370518,0.032191719859838486,0.0002379380166530609,-1.9551366674527415,-0.0004165967305500562,-0.0015146741643548012,-0.001560683362185955,-0.13765406608581543,0.13765406608581543,-0.0014536380767822266,0.002275705337524414,-0.0029141008853912354,-0.00011053448542952538,current_worse_objective
870_0.92_0.7.png,20.822288006078203,0.8994506200154623,0.06746816635131836,0.09096736460924149,7.936492443084717,22.167377471923828,0.5764200091362,0.2784867584705353,0.06626242399215698,-0.03652271628379822,0.1858014017343521,-0.11353029310703278,0.3951915502548218,0.10283201932907104,0.10283201932907104,0.17749600112438202,-0.035864442586898804,0.03777075186371803,0.10021764039993286,0.7508321626046176,0.03247569501399994,-0.006405532360076904,36.02847324144647,0.9924354354540507,0.010722707957029343,0.01579706184566021,1.476580262184143,4.056088924407959,0.5083850026130676,0.3158159852027893,-0.0017725825309753418,0.0008065104484558105,0.3015679121017456,0.0022362172603607178,0.291508287191391,-0.0008512437343597412,0.0008512437343597412,0.21360956132411957,0.0002491176128387451,0.010378659702837467,0.1315251588821411,0.9853885911333041,0.038913313299417496,3.2085925340652466e-05,38.415022958536355,0.9934908151626587,0.00782063975930214,0.012001868337392807,1.1794836521148682,3.2143993377685547,0.5094372034072876,0.31580716371536255,-0.0007203817367553711,0.0007976889610290527,0.30162742733955383,0.0022957324981689453,0.2924264669418335,6.693601608276367e-05,6.693601608276367e-05,0.21350954473018646,0.00014910101890563965,0.009325215592980385,0.13365326821804047,1.001332420269132,0.03892244026064873,4.1212886571884155e-05,2.386549717089885,0.0010553797086080285,0.0029020681977272034,0.0037951935082674026,0.2970966100692749,-0.2970966100692749,0.0010522007942199707,-5.951523780822754e-05,0.0007843077182769775,0.0010534441098570824,current_better_objective
89_0.63_1.05.png,14.797750313423425,0.8341390093167623,0.16148948669433594,0.1820172220468521,17.339557647705078,30.57235336303711,0.5594691634178162,0.23705816268920898,0.14039167761802673,-0.08083721995353699,0.06259039044380188,-0.07461532950401306,0.4664742648601532,0.17014601826667786,0.17014601826667786,0.13482500612735748,-0.038500428199768066,0.0426512248814106,0.04207408055663109,0.6434023230258012,0.020100273191928864,-0.006060957908630371,23.794301494700704,0.9606718420982361,0.05594571679830551,0.06460779905319214,6.25480842590332,12.603778839111328,0.4684508442878723,0.28886112570762634,0.049373358488082886,-0.02903425693511963,0.10509134829044342,-0.03211437165737152,0.35008737444877625,0.0537591278553009,0.0537591278553009,0.16949164867401123,-0.003833785653114319,0.01670127734541893,0.06281755119562149,0.9606141793557303,0.02548346295952797,-0.0006777681410312653,26.524865690529825,0.9764200846354166,0.04118354991078377,0.04717986658215523,4.660488128662109,8.542681694030762,0.45402032136917114,0.2966102957725525,0.034942835569381714,-0.02128508687019348,0.11806145310401917,-0.019144266843795776,0.3298039436340332,0.03347569704055786,0.03347569704055786,0.1782153844833374,0.004889950156211853,0.01562608778476715,0.06967859715223312,1.0655341882654668,0.02680278941988945,0.0006415583193302155,2.730564195829121,0.015748242537180546,0.014762166887521744,0.01742793247103691,1.594320297241211,-1.594320297241211,0.014430522918701172,0.012970104813575745,0.020283430814743042,0.0010751895606517792,current_better_objective
90_0.89_0.67.png,16.49949762152489,0.8737179438273112,0.1251780390739441,0.14963221549987793,13.640534400939941,26.880884170532227,0.5409321784973145,0.26861661672592163,0.12185469269752502,-0.04927876591682434,0.06856279075145721,-0.06864292919635773,0.44639214873313904,0.1500639021396637,0.1500639021396637,0.13470026850700378,-0.038625165820121765,0.039351463317871094,0.04085889458656311,0.6248195408067642,0.020167583599686623,-0.005993647500872612,25.271658939033866,0.9730124870936075,0.04251277446746826,0.05450258031487465,4.826501846313477,12.06265640258789,0.460521936416626,0.3007526993751526,0.04144445061683655,-0.017142683267593384,0.10683182626962662,-0.030373893678188324,0.34580010175704956,0.04947185516357422,0.04947185516357422,0.16314350068569183,-0.010181933641433716,0.013164522126317024,0.05790162831544876,0.8854392460220932,0.024575382471084595,-0.00158584862947464,30.06662104050074,0.9863213102022806,0.02588343620300293,0.03138115629553795,2.9739255905151367,6.510959625244141,0.4401993155479431,0.3033560514450073,0.021121829748153687,-0.014539331197738647,0.1192997545003891,-0.017905965447425842,0.32066425681114197,0.024336010217666626,0.024336010217666626,0.1694638729095459,-0.003861561417579651,0.008998905308544636,0.0623963326215744,0.9541728500276008,0.025561435148119926,-0.0005997959524393082,4.794962101466872,0.013308823108673096,0.016629338264465332,0.0231214240193367,1.8525762557983398,-1.8525762557983398,0.02032262086868286,0.012467928230762482,0.025135844945907593,0.0041656168177723885,current_better_objective
92_0.97_1.46.png,10.8014759517865,0.714949369430542,0.24231038987636566,0.28835415840148926,25.49419593811035,47.8588752746582,0.6607428193092346,0.23898591101169586,0.2416653335094452,-0.07890947163105011,0.03868602216243744,-0.0985196977853775,0.5918772220611572,0.2955489754676819,0.2955489754676819,0.09651944041252136,-0.07680599391460419,0.07784727215766907,0.022369643673300743,0.34207950629577705,0.01426522247493267,-0.011896008625626564,25.828547680294037,0.9728699525197347,0.03781634941697121,0.05111785605549812,4.315333366394043,11.75133991241455,0.45390796661376953,0.30248647928237915,0.0348304808139801,-0.015408903360366821,0.10913018882274628,-0.028075531125068665,0.33993425965309143,0.04360601305961609,0.04360601305961609,0.16101086139678955,-0.012314572930335999,0.017431268468499184,0.05700794234871864,0.8717728837524347,0.02425527572631836,-0.0019059553742408752,28.3732172641719,0.9793370366096497,0.029751844704151154,0.038136351853609085,3.3837156295776367,8.46225357055664,0.43999677896499634,0.3001444637775421,0.02091929316520691,-0.017750918865203857,0.1167626604437828,-0.020443059504032135,0.32320746779441833,0.026879221200942993,0.026879221200942993,0.1651419848203659,-0.008183449506759644,0.014423444867134094,0.05993014574050903,0.9164595988453802,0.02491876669228077,-0.0012424644082784653,2.5446695838778624,0.006467084089914921,0.008064504712820053,0.012981504201889038,0.9316177368164062,-0.9316177368164062,0.013911187648773193,0.0076324716210365295,0.016726791858673096,0.0030078236013650894,current_better_objective
933_0.73_1.5.png,13.974518165598457,0.5646021763483683,0.1667352318763733,0.200112447142601,18.371212005615234,41.200565338134766,0.34818002581596375,0.2179088592529297,0.1606403887271881,-0.016522854566574097,0.17931437492370605,-0.3514983057975769,0.24900346994400024,0.1938064806163311,0.1938064806163311,0.09529366344213486,-0.03239031881093979,0.03867931291460991,0.1017705649137497,0.644539576569349,0.01895066164433956,-0.006143342703580856,38.37227746356233,0.986319343249003,0.007249732036143541,0.01206107810139656,1.0246412754058838,3.248821258544922,0.18393385410308838,0.23114417493343353,-0.003605782985687256,-0.0032875388860702515,0.5577726364135742,0.02695995569229126,0.05120360106229782,-0.003993388265371323,0.003993388265371323,0.12893477082252502,0.0012507885694503784,0.008509958162903786,0.15838131308555603,1.0030702350839547,0.025285931304097176,0.0001919269561767578,40.271117814947175,0.9868488311767578,0.00570406299084425,0.009692685678601265,0.8702421188354492,2.7503368854522705,0.1864173859357834,0.23354314267635345,-0.0011222511529922485,-0.0008885711431503296,0.5636786818504333,0.03286600112915039,0.05404509976506233,-0.0011518895626068115,0.0011518895626068115,0.12917380034923553,0.0014898180961608887,0.00822187028825283,0.15874822437763214,1.0053939801573328,0.025295889005064964,0.0002018846571445465,1.8988403513848482,0.0005294879277547571,0.0015456690452992916,0.0023683924227952957,0.15439915657043457,-0.15439915657043457,0.0024835318326950073,-0.005906045436859131,0.002841498702764511,0.0002880878746509552,current_better_objective
935_0.58_0.55.png,23.45516191260532,0.7608733773231506,0.05366666615009308,0.06718029826879501,5.94270133972168,15.455791473388672,0.23745940625667572,0.21830850839614868,0.049919769167900085,-0.016123205423355103,0.3221392035484314,-0.20867347717285156,0.11978039890527725,0.06458340957760811,0.06458340957760811,0.11358840763568878,-0.014095574617385864,0.016149528324604034,0.1315200924873352,0.832951107169258,0.022448595613241196,-0.002645408734679222,44.34835059554927,0.9931185642878214,0.003621757263317704,0.006061533000320196,0.647089958190918,1.7935062646865845,0.18521177768707275,0.23326048254966736,-0.002327859401702881,-0.0011712312698364258,0.5590595602989197,0.02824687957763672,0.053018275648355484,-0.0021787136793136597,0.0021787136793136597,0.1282588690519333,0.0005748867988586426,0.005313116125762463,0.1572539061307907,0.9959300722887336,0.02515776827931404,6.376393139362335e-05,45.672475130090156,0.9929808974266052,0.003386625088751316,0.005204466637223959,0.6176184415817261,1.4774225950241089,0.18918143212795258,0.235312819480896,0.001641795039176941,0.0008811056613922119,0.5488900542259216,0.018077373504638672,0.05587433651089668,0.0006773471832275391,0.0006773471832275391,0.1289042979478836,0.00122031569480896,0.00534391263499856,0.1571115404367447,0.9950284331533296,0.02523307502269745,0.00013907067477703094,1.3241245345408856,-0.0001376668612161902,0.00023513217456638813,0.0008570663630962372,0.029471516609191895,-0.029471516609191895,0.0006860643625259399,0.010169506072998047,0.0015013664960861206,-3.0796509236097336e-05,current_better_objective
941_0.67_0.92.png,22.90421870808883,0.9408694505691528,0.057126253843307495,0.07157956808805466,6.446373462677002,15.57848072052002,0.4851667284965515,0.1836489588022232,0.027010858058929443,-0.04967305064201355,0.11503160744905472,-0.07192068547010422,0.35164332389831543,0.05838450789451599,0.05838450789451599,0.12941351532936096,-0.028948292136192322,0.031766489148139954,0.0754188522696495,0.7278909847641565,0.024469614028930664,-0.00528237409889698,32.57261596540742,0.9927352070808411,0.019128672778606415,0.02351631224155426,2.2008273601531982,4.811182975769043,0.44334402680397034,0.23033040761947632,-0.014811843633651733,-0.002991601824760437,0.19244934618473053,0.005497053265571594,0.27546247839927673,-0.017796337604522705,0.017796337604522705,0.16242294013500214,0.0040611326694488525,0.011392920278012753,0.10896892845630646,1.0516932869671265,0.030513426288962364,0.0007614381611347198,32.607989074553984,0.9917237162590027,0.017604630440473557,0.02342073619365692,2.1061055660247803,5.597794055938721,0.45265501737594604,0.22910547256469727,-0.005500853061676025,-0.00421653687953949,0.18295708298683167,-0.0039952099323272705,0.28567078709602356,-0.007588028907775879,0.007588028907775879,0.16172641515731812,0.0033646076917648315,0.010879912413656712,0.10897209495306015,1.0517238478198967,0.030375363305211067,0.0006233751773834229,0.03537310914656189,-0.001011490821838379,0.0015240423381328583,9.557604789733887e-05,0.09472179412841797,-0.09472179412841797,0.009310990571975708,0.0015018433332443237,0.010208308696746826,0.000513007864356041,mixed_or_neutral
946_0.65_0.58.png,22.22495466276267,0.8256970842679342,0.063255175948143,0.0774020180106163,6.805173873901367,15.765380859375,0.32016459107398987,0.22533707320690155,0.05901467800140381,-0.018454745411872864,0.1966361552476883,-0.14824654161930084,0.21033261716365814,0.07843156158924103,0.07843156158924103,0.11032062768936157,-0.018292292952537537,0.020507780835032463,0.13281778991222382,0.7883708796221729,0.022502578794956207,-0.0036225002259016037,41.83550073279606,0.9917076031366984,0.0056405989453196526,0.00809515081346035,0.8596644997596741,2.1560134887695312,0.263964980840683,0.2438489943742752,0.002815067768096924,5.717575550079346e-05,0.3471170961856842,0.0022343993186950684,0.13420268893241882,0.002301633358001709,0.002301633358001709,0.12930183112621307,0.0006889104843139648,0.006577430758625269,0.16366304457187653,0.9714600619092084,0.026126442477107048,1.3634562492370605e-06,35.67465716189253,0.9880752563476562,0.011508796364068985,0.016453834250569344,1.4238990545272827,4.327914237976074,0.2714420557022095,0.2466154396533966,0.010292142629623413,0.0028236210346221924,0.33953285217285156,-0.005349844694137573,0.14097541570663452,0.009074360132217407,0.009074360132217407,0.12985719740390778,0.001244276762008667,0.007148518692702055,0.16452781856060028,0.9765931290278156,0.026218945160508156,9.386613965034485e-05,-6.1608435709035305,-0.003632346789042118,-0.005868197418749332,-0.008358683437108994,-0.5642345547676086,0.5642345547676086,-0.007477074861526489,-0.003115445375442505,-0.006772726774215698,-0.000571087934076786,current_worse_objective
94_0.95_1.64.png,7.720276050493178,0.4850741724173228,0.36669108271598816,0.411136656999588,40.24728775024414,64.45835876464844,0.6575570106506348,0.20380127429962158,0.3679654598236084,-0.08858761191368103,0.07214867323637009,-0.3261988237500191,0.5821329355239868,0.4660751596093178,0.4660751596093178,0.09074059873819351,-0.12640593200922012,0.12937986850738525,0.017416851595044136,0.14442399504659081,0.014621526002883911,-0.02077425643801689,27.345793731504642,0.9477016925811768,0.031768105924129486,0.04292500019073486,4.093927383422852,11.664746284484863,0.3169190585613251,0.28395843505859375,0.027327507734298706,-0.008430451154708862,0.32633811235427856,-0.0720093846321106,0.14920134842395782,0.03314357250928879,0.03314357250928879,0.2120835930109024,-0.0050629377365112305,0.019885161891579628,0.11534801125526428,0.9564886348864922,0.03458709269762039,-0.0008086897432804108,26.20560482659886,0.9416468143463135,0.03531242534518242,0.04894628748297691,4.482627868652344,13.195014953613281,0.3214345872402191,0.28456535935401917,0.03184303641319275,-0.007823526859283447,0.3246678113937378,-0.07367968559265137,0.15534456074237823,0.0392867848277092,0.0392867848277092,0.2090919464826584,-0.008054584264755249,0.019853778183460236,0.11281723529100418,0.9355029375960396,0.03412554785609245,-0.0012702345848083496,-1.1401889049057807,-0.006054878234863281,-0.0035443194210529327,-0.00602128729224205,-0.3887004852294922,0.3887004852294922,-0.004515528678894043,-0.0016703009605407715,-0.00614321231842041,3.1383708119392395e-05,current_worse_objective
950_0.57_1.28.png,20.746032358054816,0.934521754582723,0.0736975371837616,0.0917695015668869,8.349085807800293,18.750957489013672,0.5976633429527283,0.19505828619003296,-0.02572166919708252,-0.07931777834892273,0.12606997787952423,-0.06780438125133514,0.49910154938697815,0.008448481559753418,0.008448481559753418,0.09144018590450287,-0.03166721761226654,0.03236175701022148,0.04830076918005943,0.6750091393763483,0.016776928678154945,-0.005695255473256111,37.07798374059037,0.9932984511057535,0.010927807539701462,0.013999122194945812,1.3742746114730835,2.9951295852661133,0.6175576448440552,0.2694726884365082,-0.005827367305755615,-0.00490337610244751,0.19020000100135803,-0.0036743581295013428,0.4856914281845093,-0.004961639642715454,0.004961639642715454,0.12169186770915985,-0.001415535807609558,0.008299510926008224,0.06709062308073044,0.9375996389855235,0.022159570828080177,-0.0003126133233308792,33.20972603153201,0.9926714897155762,0.01804482191801071,0.021853132173419,2.0278825759887695,3.8921709060668945,0.6081937551498413,0.267760306596756,-0.015191256999969482,-0.006615757942199707,0.19409340620040894,0.00021904706954956055,0.4762834310531616,-0.01436963677406311,0.01436963677406311,0.12148728966712952,-0.0016201138496398926,0.009647687897086143,0.07082465291023254,0.9897831612027721,0.022173462435603142,-0.00029872171580791473,-3.868257709058362,-0.0006269613901773718,-0.00711701437830925,-0.007854009978473186,-0.653607964515686,0.653607964515686,-0.009363889694213867,0.0034553110599517822,-0.009407997131347656,-0.001348176971077919,current_worse_objective
951_0.57_0.85.png,23.681134323912794,0.9549290339152018,0.052428435534238815,0.06545507162809372,5.932992935180664,13.384553909301758,0.604979395866394,0.2173377126455307,-0.018405616283416748,-0.05703835189342499,0.1404513567686081,-0.05342300236225128,0.49671223759651184,0.006059169769287109,0.006059169769287109,0.10051693767309189,-0.02259046584367752,0.02316187135875225,0.05441618710756302,0.760472850663892,0.018419256433844566,-0.00405292771756649,39.27035641552156,0.9940358400344849,0.008068623952567577,0.010876324959099293,1.1247892379760742,2.628659725189209,0.6208688616752625,0.27199050784111023,-0.00251615047454834,-0.002385556697845459,0.191434845328331,-0.0024395138025283813,0.4884098172187805,-0.002243250608444214,0.002243250608444214,0.12237901985645294,-0.0007283836603164673,0.007173116784542799,0.06716746091842651,0.9386734571373921,0.022270238026976585,-0.00020194612443447113,36.10808116081698,0.9940447608629862,0.012807998806238174,0.015652941539883614,1.5097450017929077,2.8427844047546387,0.6132404804229736,0.2717408537864685,-0.010144531726837158,-0.0026352107524871826,0.19516712427139282,0.0012927651405334473,0.4805103540420532,-0.010142713785171509,0.010142713785171509,0.12239035218954086,-0.0007170513272285461,0.007941256277263165,0.0706048235297203,0.9867110188028027,0.022306479513645172,-0.0001657046377658844,-3.162275254704582,8.920828501346456e-06,-0.004739374853670597,-0.004776616580784321,-0.3849557638168335,0.3849557638168335,-0.007628381252288818,0.001146748661994934,-0.007899463176727295,-0.0007681394927203655,current_worse_objective
953_0.96_1.7.png,15.995082796351024,0.8703460295995077,0.11687317490577698,0.15857906639575958,14.038199424743652,38.67655944824219,0.6718170642852783,0.26739028096199036,0.11999911069869995,-0.04660069942474365,0.20513281226158142,-0.15105611085891724,0.5653895139694214,0.16016989946365356,0.16016989946365356,0.08119693398475647,-0.03181367367506027,0.035034630447626114,0.034591194242239,0.661981479495869,0.014675360172986984,-0.005627261474728584,28.597988776127366,0.9674647053082784,0.02419244311749935,0.03716212511062622,3.2969393730163574,10.810574531555176,0.5598758459091187,0.32054075598716736,0.008057892322540283,0.00654977560043335,0.35203924775123596,-0.004149675369262695,0.4098104238510132,0.004590809345245361,0.004590809345245361,0.11391161382198334,0.0009010061621665955,0.013019784353673458,0.05317060649394989,1.017540952939338,0.02045094221830368,0.00014832057058811188,28.63176091360642,0.9678211410840353,0.023264259099960327,0.03701791539788246,3.265083074569702,10.579885482788086,0.5598800182342529,0.3200314939022064,0.00806206464767456,0.006040513515472412,0.35031044483184814,-0.005878478288650513,0.4123173952102661,0.007097780704498291,0.007097780704498291,0.11280317604541779,-0.0002074316143989563,0.013394422829151154,0.054287057369947433,1.0389067895017208,0.020223351195454597,-7.927045226097107e-05,0.03377213747905472,0.00035643577575683594,0.0009281840175390244,0.00014420971274375916,0.03185629844665527,-0.03185629844665527,-4.172325134277344e-06,-0.0017288029193878174,-0.0025069713592529297,-0.00037463847547769547,mixed_or_neutral
957_0.55_0.69.png,21.617857190530252,0.8753708402315775,0.06001177057623863,0.08300555497407913,7.317299842834473,21.05901336669922,0.4586322009563446,0.20847365260124207,0.023584753274917603,-0.06455695629119873,0.15962909162044525,-0.12590391933918,0.30109384655952454,0.07941283285617828,0.07941283285617828,0.21896149218082428,-0.09030528366565704,0.09074564278125763,0.1199311837553978,0.5496671720028372,0.037623271346092224,-0.014589041471481323,37.874504058150315,0.9950903455416361,0.009929518215358257,0.012772466987371445,1.3247989416122437,2.8900115489959717,0.4268883168697357,0.27025890350341797,-0.008159130811691284,-0.002771705389022827,0.28671878576278687,0.001185774803161621,0.21284279227256775,-0.008838221430778503,0.008838221430778503,0.3097960352897644,0.0005292594432830811,0.01113725733011961,0.21746787428855896,0.9966961695755026,0.05230036377906799,8.80509614944458e-05,40.45753165457103,0.9945851961771647,0.006757923401892185,0.009486880153417587,1.1163619756698608,2.671912431716919,0.4311847388744354,0.27143344283103943,-0.003862708806991577,-0.0015971660614013672,0.2859247624874115,0.0003917515277862549,0.21398429572582245,-0.007696717977523804,0.007696717977523804,0.31685203313827515,0.007585257291793823,0.01448900904506445,0.22984127700328827,1.0534058014267882,0.05323299393057823,0.0010206811130046844,2.5830275964207132,-0.0005051493644714355,0.003171594813466072,0.0032855868339538574,0.2084369659423828,-0.2084369659423828,0.004296422004699707,0.0007940232753753662,0.0011415034532546997,-0.0033517517149448395,current_better_objective
958_0.9_0.64.png,17.14002090341293,0.8434072534243265,0.10834281891584396,0.13899493217468262,12.109552383422852,32.967960357666016,0.5418221354484558,0.22715294361114502,0.10677468776702881,-0.045877665281295776,0.14002898335456848,-0.14550402760505676,0.37963131070137024,0.157950296998024,0.157950296998024,0.2245216816663742,-0.08474509418010712,0.08577761054039001,0.12472692877054214,0.5716469733987561,0.03850420191884041,-0.013708110898733139,36.90893895815251,0.9938987294832865,0.010210267268121243,0.014274242334067822,1.389660358428955,3.5766990184783936,0.4314447045326233,0.2724309265613556,-0.003602743148803711,-0.0005996823310852051,0.28519752621650696,-0.00033548474311828613,0.2160763293504715,-0.005604684352874756,0.005604684352874756,0.31227201223373413,0.0030052363872528076,0.01173558458685875,0.220764622092247,1.0118057848174868,0.05273986980319023,0.000527556985616684,33.32981751056779,0.9924945632616679,0.0142306387424469,0.021553069353103638,1.840471625328064,5.847572326660156,0.4253227114677429,0.273095965385437,-0.009724736213684082,6.535649299621582e-05,0.2908306121826172,0.005297601222991943,0.20645323395729065,-0.015227779746055603,0.015227779746055603,0.3197121322154999,0.010445356369018555,0.016953667625784874,0.23497970402240753,1.076956178899112,0.0538003146648407,0.0015880018472671509,-3.5791214475847184,-0.0014041662216186523,-0.004020371474325657,-0.007278827019035816,-0.4508112668991089,0.4508112668991089,-0.006121993064880371,-0.004962116479873657,-0.009623095393180847,-0.005218083038926125,current_worse_objective
960_0.78_0.97.png,16.14852971077773,0.8048197031021118,0.11915680766105652,0.1558021754026413,13.700589179992676,38.73674774169922,0.5432100892066956,0.20498189330101013,0.10816264152526855,-0.06804871559143066,0.12281196564435959,-0.16272104531526566,0.40138503909111023,0.17970402538776398,0.17970402538776398,0.1923026293516159,-0.11696414649486542,0.11799295991659164,0.09800679236650467,0.44918356269239507,0.033257246017456055,-0.018955066800117493,36.49346737323582,0.9926760594050089,0.01098557561635971,0.014973614364862442,1.4662041664123535,3.7703468799591064,0.4281214773654938,0.27073803544044495,-0.0069259703159332275,-0.0022925734519958496,0.2834976315498352,-0.002035379409790039,0.213667094707489,-0.008013918995857239,0.008013918995857239,0.3103271424770355,0.0010603666305541992,0.01308841910213232,0.21872195601463318,1.002443861995829,0.052480053156614304,0.0002677403390407562,33.70455170307877,0.9913325707117716,0.013935468159615993,0.020642980933189392,1.8306381702423096,5.527868270874023,0.4245280623435974,0.27203136682510376,-0.01051938533782959,-0.0009992420673370361,0.2902173697948456,0.004684358835220337,0.2058573067188263,-0.01582370698451996,0.01582370698451996,0.31972983479499817,0.010463058948516846,0.01859809271991253,0.2357455939054489,1.080466396282904,0.05377998948097229,0.0015676766633987427,-2.7889156701570528,-0.0013434886932373047,-0.002949892543256283,-0.00566936656832695,-0.36443400382995605,0.36443400382995605,-0.0035934150218963623,-0.002648979425430298,-0.00780978798866272,-0.005509673617780209,current_worse_objective
966_0.54_1.62.png,18.017358555223034,0.8456677993138632,0.09522277861833572,0.12564119696617126,12.318798065185547,28.733064651489258,0.5225973725318909,0.18044231832027435,0.011367082595825195,-0.10529173910617828,0.20713500678539276,-0.14674784243106842,0.3258931338787079,0.09210559725761414,0.09210559725761414,0.1806696653366089,-0.08436915278434753,0.08507448434829712,0.06761365383863449,0.4820628107595513,0.030708016827702522,-0.014618666842579842,39.470923857324756,0.9922502438227335,0.007355497218668461,0.010628055781126022,1.3724561929702759,3.538409471511841,0.5116683840751648,0.2870599925518036,0.0004380941390991211,0.0013259351253509521,0.3593382239341736,0.005455374717712402,0.22858896851539612,-0.005198568105697632,0.005198568105697632,0.2691388428211212,0.004100024700164795,0.012782208621501923,0.14030778408050537,1.0003477245396952,0.04601219296455383,0.0006855092942714691,37.20177291467668,0.9930309454600016,0.009838337078690529,0.013801025226712227,1.5642378330230713,3.7158892154693604,0.5050595998764038,0.2845321297645569,-0.006170690059661865,-0.001201927661895752,0.3593873679637909,0.005504518747329712,0.22381062805652618,-0.009976908564567566,0.009976908564567566,0.2680075168609619,0.002968698740005493,0.012851283885538578,0.14110206067562103,1.0060106518661165,0.04583978280425072,0.0005130991339683533,-2.269150942648075,0.0007807016372680664,-0.002482839860022068,-0.0031729694455862045,-0.1917816400527954,0.1917816400527954,-0.005732595920562744,-4.914402961730957e-05,-0.004778340458869934,-6.907526403665543e-05,current_worse_objective
97_0.61_1.21.png,17.065764158646896,0.7973432739575704,0.12541984021663666,0.1401883065700531,14.491057395935059,25.391490936279297,0.47104448080062866,0.18895703554153442,0.07142722606658936,-0.09678372740745544,0.12107612192630768,-0.14911873638629913,0.35138994455337524,0.17103104293346405,0.17103104293346405,0.16976182162761688,-0.13777442276477814,0.1384669840335846,0.08507360517978668,0.29561001094584755,0.026577627286314964,-0.021676765754818916,35.22268070076652,0.9904515544573466,0.013671061024069786,0.017332689836621284,1.8925799131393433,4.149623394012451,0.3953152298927307,0.28056231141090393,-0.004302024841308594,-0.0051784515380859375,0.256412535905838,-0.013782322406768799,0.177109956741333,-0.003248944878578186,0.003248944878578186,0.3071795701980591,-0.0003566741943359375,0.018602225929498672,0.2879919409751892,1.0007016940692561,0.04823228344321251,-2.210959792137146e-05,35.177442628191365,0.9896939198176066,0.014378522522747517,0.017423197627067566,1.9220683574676514,3.7636091709136963,0.39664918184280396,0.2767208516597748,-0.0029680728912353516,-0.009019911289215088,0.2518767714500427,-0.018318086862564087,0.18124504387378693,0.0008861422538757324,0.0008861422538757324,0.3023069500923157,-0.005229294300079346,0.01717880740761757,0.27975180745124817,0.9720692415469994,0.04748507961630821,-0.0007693134248256683,-0.045238072575152444,-0.0007576346397399902,-0.0007074614986777306,-9.050779044628143e-05,-0.029488444328308105,0.029488444328308105,0.0013339519500732422,-0.004535764455795288,0.0023628026247024536,0.0014234185218811035,mixed_or_neutral
983_0.6_1.97.png,16.704879740951924,0.743421733379364,0.12607116997241974,0.1461355984210968,15.443689346313477,27.59242820739746,0.3962259590625763,0.2019389122724533,0.10948079824447632,-0.05806134641170502,0.18319454789161682,-0.2702662944793701,0.28837403655052185,0.16177892684936523,0.16177892684936523,0.10764878243207932,-0.04887271672487259,0.05277005583047867,0.10401362180709839,0.6033462109107757,0.021313736215233803,-0.008994955569505692,37.70880199165904,0.9856534202893575,0.009196802973747253,0.013018468394875526,1.3757147789001465,3.277367353439331,0.2915039360523224,0.2613794207572937,0.004758775234222412,0.001379162073135376,0.448391318321228,-0.005069524049758911,0.12762710452079773,0.0010319948196411133,0.0010319948196411133,0.15940473973751068,0.002883240580558777,0.011121814139187336,0.16774313151836395,0.9730185436250806,0.030693743377923965,0.00038505159318447113,37.66904096826668,0.9849496682484945,0.008792075328528881,0.013078199699521065,1.3423885107040405,3.3896865844726562,0.28996527194976807,0.2603682577610016,0.003220111131668091,0.0003679990768432617,0.45022642612457275,-0.0032344162464141846,0.1268513798713684,0.000256270170211792,0.000256270170211792,0.15949001908302307,0.002968519926071167,0.010769066400825977,0.17119358479976654,0.9930334020358357,0.030722636729478836,0.00041394494473934174,-0.03976102339235865,-0.0007037520408630371,0.00040472764521837234,-5.973130464553833e-05,0.03332626819610596,-0.03332626819610596,0.0015386641025543213,0.0018351078033447266,0.0007757246494293213,0.00035274773836135864,mixed_or_neutral
984_0.75_1.79.png,14.938062115825685,0.7207502524058024,0.1570904403924942,0.17910054326057434,18.277708053588867,31.84428596496582,0.4371758997440338,0.21682822704315186,0.15043073892593384,-0.04317203164100647,0.17442752420902252,-0.2790333181619644,0.3248090147972107,0.19821390509605408,0.19821390509605408,0.11145584285259247,-0.045065656304359436,0.05040638893842697,0.10772048681974411,0.624848423033389,0.022005122154951096,-0.008303569629788399,35.772437067882805,0.9832921226819357,0.011558209545910358,0.01626964844763279,1.6027339696884155,3.7872636318206787,0.29321959614753723,0.263075053691864,0.006474435329437256,0.0030747950077056885,0.44721394777297974,-0.006246894598007202,0.12865161895751953,0.002056509256362915,0.002056509256362915,0.1597874015569687,0.0032659024000167847,0.011895940639078617,0.167752206325531,0.9730711833699895,0.030733445659279823,0.000424753874540329,35.77969595839596,0.9834892749786377,0.010939096100628376,0.01625605672597885,1.5476901531219482,3.856778860092163,0.29243531823158264,0.26194149255752563,0.005690157413482666,0.0019412338733673096,0.448515385389328,-0.0049454569816589355,0.12905269861221313,0.0024575889110565186,0.0024575889110565186,0.15991736948490143,0.003395870327949524,0.01172175444662571,0.17139948904514313,0.9942277796961848,0.030778370797634125,0.00046967901289463043,0.007258890513156757,0.00019715229670203005,0.0006191134452819824,1.3591721653938293e-05,0.055043816566467285,-0.055043816566467285,0.0007842779159545898,0.0013014376163482666,-0.0004010796546936035,0.00017418619245290756,mixed_or_neutral
986_0.75_1.85.png,14.105118930792983,0.7295359571774801,0.17432019114494324,0.19712606072425842,19.974567413330078,37.531707763671875,0.46070435643196106,0.1976272016763687,0.16818371415138245,-0.03259305655956268,0.19204093515872955,-0.25828225910663605,0.3475321829319,0.22925851494073868,0.22925851494073868,0.12922051548957825,-0.07442380487918854,0.07833464443683624,0.0916944071650505,0.5481064231029048,0.024341613054275513,-0.013030216097831726,36.61907945325482,0.9878306984901428,0.009935948066413403,0.014758629724383354,1.4269667863845825,3.449455738067627,0.29900529980659485,0.23173275589942932,0.006484657526016235,0.0015124976634979248,0.4455811679363251,-0.004742026329040527,0.12211906164884567,0.003845393657684326,0.003845393657684326,0.20703646540641785,0.003392145037651062,0.012871460989117622,0.16479860246181488,0.9850892253996848,0.037849895656108856,0.00047806650400161743,36.57893996567607,0.9884851773579916,0.009932628832757473,0.01482699066400528,1.4502276182174683,3.8097281455993652,0.29329434037208557,0.2305213212966919,0.000773698091506958,0.00030106306076049805,0.45145201683044434,0.0011288225650787354,0.11551854759454727,-0.0027551203966140747,0.0027551203966140747,0.2079148292541504,0.004270508885383606,0.013105745427310467,0.1701779067516327,1.017244198906051,0.03804437816143036,0.0006725490093231201,-0.040139487578748856,0.0006544788678487512,3.3192336559295654e-06,-6.836093962192535e-05,-0.023260831832885742,0.023260831832885742,0.005710959434509277,0.003613203763961792,0.0010902732610702515,-0.0002342844381928444,mixed_or_neutral
