index,filename,image_id,airlight,beta,height,width,input_psnr,input_ssim,baseline_psnr,baseline_ssim,current_psnr,current_ssim,delta_psnr,delta_ssim,airlight_bin,beta_bin,airlight_beta_bin,baseline_strength_bin
1,1000_0.73_1.8.png,1000,0.73,1.8,480,640,21.34797847782968,0.9399944543838501,29.359880320294735,0.9895191788673401,29.083606036605914,0.9898658394813538,-0.2762742836888208,0.0003466606140136719,0.65<=A<0.75,beta>=1.7,0.65<=A<0.75 | beta>=1.7,baseline_middle_50
2,100_0.5_1.76.png,100,0.5,1.76,400,400,15.609945657187724,0.7223281264305115,27.488300381167555,0.9861255288124084,28.333793097829883,0.9874917268753052,0.8454927166623278,0.0013661980628967285,A<0.65,beta>=1.7,A<0.65 | beta>=1.7,baseline_weakest_25
3,101_0.83_1.44.png,101,0.83,1.44,400,400,10.359807369608907,0.720355749130249,25.291283394951513,0.9672132730484009,23.83835743973669,0.9636284112930298,-1.4529259552148233,-0.0035848617553710938,0.75<=A<0.85,1.4<=beta<1.7,0.75<=A<0.85 | 1.4<=beta<1.7,baseline_weakest_25
4,102_0.67_1.36.png,102,0.67,1.36,400,400,11.457589744981323,0.7599693536758423,25.22598198581352,0.9696574807167053,24.236561475140324,0.9634947776794434,-0.9894205106731953,-0.006162703037261963,0.65<=A<0.75,1.1<=beta<1.4,0.65<=A<0.75 | 1.1<=beta<1.4,baseline_weakest_25
5,103_0.94_0.98.png,103,0.94,0.98,400,400,12.420238502475016,0.786376416683197,27.634688453623532,0.9778748750686646,26.528454063404272,0.9736794233322144,-1.1062343902192602,-0.004195451736450195,0.85<=A<0.95,0.8<=beta<1.1,0.85<=A<0.95 | 0.8<=beta<1.1,baseline_weakest_25
6,104_0.91_1.41.png,104,0.91,1.41,400,400,10.346996004583302,0.7144492864608765,25.908038443558404,0.9673904776573181,24.154585982412954,0.962372899055481,-1.75345246114545,-0.005017578601837158,0.85<=A<0.95,1.4<=beta<1.7,0.85<=A<0.95 | 1.4<=beta<1.7,baseline_weakest_25
7,105_0.84_0.8.png,105,0.84,0.8,400,400,21.790187248062463,0.9608063101768494,25.62552022490346,0.9782664775848389,25.794656549643122,0.9795946478843689,0.1691363247396609,0.0013281702995300293,0.75<=A<0.85,0.8<=beta<1.1,0.75<=A<0.85 | 0.8<=beta<1.1,baseline_weakest_25
8,106_0.59_1.07.png,106,0.59,1.07,400,400,24.377562460410246,0.9747257828712463,28.320265828745175,0.9800468683242798,27.96966657098106,0.9809557199478149,-0.35059925776411305,0.0009088516235351562,A<0.65,0.8<=beta<1.1,A<0.65 | 0.8<=beta<1.1,baseline_weakest_25
9,107_0.89_1.5.png,107,0.89,1.5,400,400,12.54811371449331,0.8407064080238342,26.74885683351578,0.9774661660194397,25.340984198773636,0.9759136438369751,-1.4078726347421444,-0.0015525221824645996,0.85<=A<0.95,1.4<=beta<1.7,0.85<=A<0.95 | 1.4<=beta<1.7,baseline_weakest_25
10,108_0.73_1.27.png,108,0.73,1.27,400,400,18.199268428950226,0.9230210185050964,26.89715111743969,0.9802689552307129,26.41685705613069,0.9791178703308105,-0.48029406130899943,-0.0011510848999023438,0.65<=A<0.75,1.1<=beta<1.4,0.65<=A<0.75 | 1.1<=beta<1.4,baseline_weakest_25
11,109_0.74_1.74.png,109,0.74,1.74,400,400,14.103398922125699,0.8613152503967285,28.646033288291846,0.9874687790870667,29.29481432792899,0.9889912605285645,0.648781039637143,0.0015224814414978027,0.65<=A<0.75,beta>=1.7,0.65<=A<0.75 | beta>=1.7,baseline_weakest_25
12,10_0.6_1.67.png,10,0.6,1.67,400,400,16.447699349708618,0.870558500289917,30.201519336286427,0.9921550750732422,28.627184624083398,0.9915305972099304,-1.5743347122030293,-0.0006244778633117676,A<0.65,1.4<=beta<1.7,A<0.65 | 1.4<=beta<1.7,baseline_middle_50
13,110_0.68_1.22.png,110,0.68,1.22,400,400,19.501371282483888,0.9362725615501404,27.623150829894257,0.9899271130561829,27.919246995402066,0.9893113970756531,0.2960961655078087,-0.0006157159805297852,0.65<=A<0.75,1.1<=beta<1.4,0.65<=A<0.75 | 1.1<=beta<1.4,baseline_weakest_25
14,111_0.98_0.89.png,111,0.98,0.89,400,400,18.76340486211127,0.9268628358840942,28.5166077130331,0.9852627515792847,27.819009361761154,0.9826988577842712,-0.6975983512719459,-0.0025638937950134277,A>=0.95,0.8<=beta<1.1,A>=0.95 | 0.8<=beta<1.1,baseline_weakest_25
15,112_0.54_0.98.png,112,0.54,0.98,400,400,24.955849219672803,0.9711683988571167,25.41466374760457,0.9895192980766296,26.61383682961699,0.9884142279624939,1.1991730820124182,-0.0011050701141357422,A<0.65,0.8<=beta<1.1,A<0.65 | 0.8<=beta<1.1,baseline_weakest_25
16,113_0.71_1.48.png,113,0.71,1.48,400,400,12.738859149551786,0.7542374730110168,32.710479139591264,0.9869794845581055,31.671157425907758,0.9846225380897522,-1.0393217136835062,-0.0023569464683532715,0.65<=A<0.75,1.4<=beta<1.7,0.65<=A<0.75 | 1.4<=beta<1.7,baseline_middle_50
17,114_0.7_0.91.png,114,0.7,0.91,400,400,15.969496373066253,0.8625573515892029,34.55474765492197,0.9916490912437439,34.63525523520314,0.9911083579063416,0.08050758028117144,-0.0005407333374023438,0.65<=A<0.75,0.8<=beta<1.1,0.65<=A<0.75 | 0.8<=beta<1.1,baseline_middle_50
18,115_0.52_0.82.png,115,0.52,0.82,400,400,19.582632142951933,0.9146227836608887,36.64757134693954,0.9940459728240967,36.55498225955282,0.9941326975822449,-0.09258908738672034,8.672475814819336e-05,A<0.65,0.8<=beta<1.1,A<0.65 | 0.8<=beta<1.1,baseline_strongest_25
19,116_0.73_1.62.png,116,0.73,1.62,400,400,11.931531955251709,0.7238272428512573,31.86492946521995,0.9846682548522949,30.822697806169835,0.9817607998847961,-1.0422316590501168,-0.0029074549674987793,0.65<=A<0.75,1.4<=beta<1.7,0.65<=A<0.75 | 1.4<=beta<1.7,baseline_middle_50
20,117_0.69_1.13.png,117,0.69,1.13,400,400,20.858106456432594,0.9190354347229004,26.567122997659567,0.9850414395332336,28.49988371718005,0.9869033694267273,1.9327607195204841,0.0018619298934936523,0.65<=A<0.75,1.1<=beta<1.4,0.65<=A<0.75 | 1.1<=beta<1.4,baseline_weakest_25
21,118_0.68_1.96.png,118,0.68,1.96,400,400,17.137817356880298,0.8440964818000793,24.178155535986043,0.9746018052101135,25.649836250110866,0.9784289002418518,1.4716807141248225,0.0038270950317382812,0.65<=A<0.75,beta>=1.7,0.65<=A<0.75 | beta>=1.7,baseline_weakest_25
22,119_0.81_0.75.png,119,0.81,0.75,400,400,23.726289763331533,0.9448643326759338,28.857775364498266,0.9902912974357605,29.38343388350885,0.9902728796005249,0.5256585190105838,-1.8417835235595703e-05,0.75<=A<0.85,beta<0.8,0.75<=A<0.85 | beta<0.8,baseline_middle_50
23,11_0.98_0.72.png,11,0.98,0.72,400,400,18.03385224616276,0.9308559894561768,36.877789622192566,0.9955776333808899,35.62888222626584,0.9956389665603638,-1.2489073959267287,6.133317947387695e-05,A>=0.95,beta<0.8,A>=0.95 | beta<0.8,baseline_strongest_25
24,120_0.8_0.89.png,120,0.8,0.89,400,400,22.402664948881444,0.931528627872467,28.31759281138753,0.9889920949935913,29.38400419183249,0.9892888069152832,1.0664113804449578,0.00029671192169189453,0.75<=A<0.85,0.8<=beta<1.1,0.75<=A<0.85 | 0.8<=beta<1.1,baseline_weakest_25
25,121_0.86_1.21.png,121,0.86,1.21,400,400,12.647723528037101,0.7740514278411865,32.036171654887575,0.9829457998275757,30.14254645889966,0.979453980922699,-1.8936251959879158,-0.003491818904876709,0.85<=A<0.95,1.1<=beta<1.4,0.85<=A<0.95 | 1.1<=beta<1.4,baseline_middle_50
26,122_0.94_1.72.png,122,0.94,1.72,400,400,9.075501060980086,0.6610303521156311,30.659454118687126,0.9742456078529358,28.73606710809429,0.9717047214508057,-1.9233870105928368,-0.002540886402130127,0.85<=A<0.95,beta>=1.7,0.85<=A<0.95 | beta>=1.7,baseline_middle_50
27,123_0.59_0.7.png,123,0.59,0.7,400,400,21.21668506204631,0.9254453182220459,32.80654792874644,0.9872276186943054,32.65924653679059,0.9884242415428162,-0.14730139195584968,0.0011966228485107422,A<0.65,beta<0.8,A<0.65 | beta<0.8,baseline_middle_50
28,124_1.0_0.82.png,124,1.0,0.82,400,400,13.670452635078593,0.8206385970115662,31.858930801083524,0.9843980669975281,28.973631968942158,0.9825122356414795,-2.885298832141366,-0.001885831356048584,A>=0.95,0.8<=beta<1.1,A>=0.95 | 0.8<=beta<1.1,baseline_middle_50
29,125_0.57_1.94.png,125,0.57,1.94,400,400,11.135551263404846,0.680870771408081,30.2875001348325,0.9858752489089966,27.159577317181572,0.9806712865829468,-3.1279228176509264,-0.005203962326049805,A<0.65,beta>=1.7,A<0.65 | beta>=1.7,baseline_middle_50
30,126_0.64_1.73.png,126,0.64,1.73,400,400,11.23489240136177,0.6935153603553772,31.709493444656317,0.9874430894851685,29.03276779857179,0.984652042388916,-2.6767256460845275,-0.0027910470962524414,A<0.65,beta>=1.7,A<0.65 | beta>=1.7,baseline_middle_50
31,127_0.57_0.92.png,127,0.57,0.92,400,400,17.4635706871789,0.8673653602600098,34.97578397012871,0.9938043355941772,31.55576480355665,0.991186261177063,-3.420019166572061,-0.002618074417114258,A<0.65,0.8<=beta<1.1,A<0.65 | 0.8<=beta<1.1,baseline_middle_50
32,128_0.65_0.67.png,128,0.65,0.67,400,400,19.36721281038843,0.9020578265190125,36.62061080893025,0.9950342178344727,32.88871405175055,0.9924531579017639,-3.7318967571797046,-0.0025810599327087402,0.65<=A<0.75,beta<0.8,0.65<=A<0.75 | beta<0.8,baseline_strongest_25
33,129_0.76_1.71.png,129,0.76,1.71,400,400,11.7347034363892,0.666666567325592,31.335953207946076,0.9657308459281921,30.634799077604697,0.9603674411773682,-0.7011541303413793,-0.005363404750823975,0.75<=A<0.85,beta>=1.7,0.75<=A<0.85 | beta>=1.7,baseline_middle_50
34,12_0.75_1.95.png,12,0.75,1.95,400,400,13.631057796401361,0.8160576224327087,32.06577931540126,0.9903783202171326,31.320394379024485,0.9892316460609436,-0.745384936376773,-0.0011466741561889648,0.75<=A<0.85,beta>=1.7,0.75<=A<0.85 | beta>=1.7,baseline_middle_50
35,130_0.9_0.92.png,130,0.9,0.92,400,400,15.225630339908056,0.7797244191169739,32.315751759506526,0.9751656651496887,31.134469436407755,0.9663097262382507,-1.1812823230987703,-0.008855938911437988,0.85<=A<0.95,0.8<=beta<1.1,0.85<=A<0.95 | 0.8<=beta<1.1,baseline_middle_50
36,131_0.72_0.59.png,131,0.72,0.59,400,400,22.02968220186722,0.8977658748626709,34.5440317490514,0.9796529412269592,33.71254000122812,0.974595844745636,-0.8314917478232786,-0.005057096481323242,0.65<=A<0.75,beta<0.8,0.65<=A<0.75 | beta<0.8,baseline_middle_50
37,132_1.0_1.29.png,132,1.0,1.29,400,400,11.508636285997667,0.683469295501709,29.054365375354003,0.9501121044158936,29.1233264055208,0.9531573057174683,0.06896103016679689,0.003045201301574707,A>=0.95,1.1<=beta<1.4,A>=0.95 | 1.1<=beta<1.4,baseline_middle_50
38,133_0.67_1.65.png,133,0.67,1.65,400,400,14.54503550957278,0.7812089920043945,29.395747240275245,0.9853832125663757,29.66286769795265,0.9847827553749084,0.2671204576774038,-0.0006004571914672852,0.65<=A<0.75,1.4<=beta<1.7,0.65<=A<0.75 | 1.4<=beta<1.7,baseline_middle_50
39,134_0.53_0.77.png,134,0.53,0.77,400,400,20.059476479201336,0.9260807633399963,32.24385567010307,0.9927150011062622,30.373717473613837,0.990429699420929,-1.8701381964892363,-0.002285301685333252,A<0.65,beta<0.8,A<0.65 | beta<0.8,baseline_middle_50
40,135_0.54_1.58.png,135,0.54,1.58,400,400,15.87693915722324,0.8100388050079346,28.95635081085874,0.9877475500106812,29.81354117379547,0.9870902299880981,0.8571903629367306,-0.0006573200225830078,A<0.65,1.4<=beta<1.7,A<0.65 | 1.4<=beta<1.7,baseline_middle_50
41,136_0.75_0.8.png,136,0.75,0.8,400,400,18.04796452395559,0.8972182869911194,32.02146713181163,0.9918034076690674,30.99422293692513,0.9893423318862915,-1.027244194886503,-0.002461075782775879,0.75<=A<0.85,0.8<=beta<1.1,0.75<=A<0.85 | 0.8<=beta<1.1,baseline_middle_50
42,137_0.99_1.98.png,137,0.99,1.98,400,400,8.200817841122905,0.6581417322158813,29.307576910289512,0.9760946035385132,28.376843854677283,0.9767681360244751,-0.9307330556122295,0.0006735324859619141,A>=0.95,beta>=1.7,A>=0.95 | beta>=1.7,baseline_middle_50
43,138_1.0_1.48.png,138,1.0,1.48,400,400,9.819796892452842,0.7136504054069519,32.473437580498306,0.9832776188850403,31.170983646503913,0.9837679862976074,-1.3024539339943928,0.0004903674125671387,A>=0.95,1.4<=beta<1.7,A>=0.95 | 1.4<=beta<1.7,baseline_middle_50
44,139_0.85_0.96.png,139,0.85,0.96,400,400,13.620262144169242,0.8219941258430481,32.61224345759294,0.9875389337539673,33.065269094815,0.989363968372345,0.453025637222062,0.0018250346183776855,0.85<=A<0.95,0.8<=beta<1.1,0.85<=A<0.95 | 0.8<=beta<1.1,baseline_middle_50
45,13_0.52_1.9.png,13,0.52,1.9,400,400,17.32064733079445,0.7858678698539734,27.271017005032725,0.9819756150245667,27.748540444493543,0.9826566576957703,0.47752343946081766,0.0006810426712036133,A<0.65,beta>=1.7,A<0.65 | beta>=1.7,baseline_weakest_25
46,140_0.94_1.55.png,140,0.94,1.55,400,400,9.69240697756609,0.7105016708374023,31.5660530597537,0.9824674725532532,30.252163425115903,0.9827725291252136,-1.3138896346377962,0.0003050565719604492,0.85<=A<0.95,1.4<=beta<1.7,0.85<=A<0.95 | 1.4<=beta<1.7,baseline_middle_50
47,141_0.79_1.1.png,141,0.79,1.1,400,400,14.364528648612286,0.7707449197769165,31.65764605576955,0.9877424836158752,32.42687028309973,0.9893539547920227,0.7692242273301808,0.001611471176147461,0.75<=A<0.85,1.1<=beta<1.4,0.75<=A<0.85 | 1.1<=beta<1.4,baseline_middle_50
48,142_0.96_1.88.png,142,0.96,1.88,400,400,9.07990225553592,0.5980791449546814,26.64065695138829,0.9698518514633179,26.91131717850361,0.9734619855880737,0.270660227115318,0.0036101341247558594,A>=0.95,beta>=1.7,A>=0.95 | beta>=1.7,baseline_weakest_25
49,143_0.68_1.8.png,143,0.68,1.8,400,400,12.308525886547537,0.6775362491607666,29.517953107614858,0.9826434850692749,28.24678042638267,0.9799852967262268,-1.271172681232187,-0.0026581883430480957,0.65<=A<0.75,beta>=1.7,0.65<=A<0.75 | beta>=1.7,baseline_middle_50
50,144_0.6_0.66.png,144,0.6,0.66,400,400,20.67142869134932,0.9069802761077881,33.22893595917517,0.990147590637207,34.39460115193049,0.9921882748603821,1.1656651927553199,0.002040684223175049,A<0.65,beta<0.8,A<0.65 | beta<0.8,baseline_middle_50
51,145_0.59_1.25.png,145,0.59,1.25,400,400,15.349530322235845,0.8568813800811768,23.769440461599864,0.9615470170974731,22.384835244021154,0.9529694318771362,-1.3846052175787094,-0.008577585220336914,A<0.65,1.1<=beta<1.4,A<0.65 | 1.1<=beta<1.4,baseline_weakest_25
52,146_0.72_0.71.png,146,0.72,0.71,400,400,17.16970840773029,0.9002749919891357,27.2713536154643,0.977412760257721,25.084737649995816,0.9687310457229614,-2.1866159654684836,-0.008681714534759521,0.65<=A<0.75,beta<0.8,0.65<=A<0.75 | beta<0.8,baseline_weakest_25
53,147_0.87_1.14.png,147,0.87,1.14,400,400,12.163499186667941,0.819038987159729,21.929890498401008,0.9528003334999084,20.70390040935053,0.9444584250450134,-1.2259900890504767,-0.00834190845489502,0.85<=A<0.95,1.1<=beta<1.4,0.85<=A<0.95 | 1.1<=beta<1.4,baseline_weakest_25
54,148_0.51_1.15.png,148,0.51,1.15,400,400,16.439284136602236,0.8797754645347595,25.338330050861607,0.9682809710502625,23.155640987193422,0.9584996104240417,-2.1826890636681853,-0.009781360626220703,A<0.65,1.1<=beta<1.4,A<0.65 | 1.1<=beta<1.4,baseline_weakest_25
55,149_0.8_1.92.png,149,0.8,1.92,400,400,12.565712025395959,0.7993361949920654,33.69703137602105,0.9875591993331909,30.1281091822935,0.9857795834541321,-3.568922193727552,-0.0017796158790588379,0.75<=A<0.85,beta>=1.7,0.75<=A<0.85 | beta>=1.7,baseline_middle_50
56,14_0.98_1.76.png,14,0.98,1.76,400,400,9.538012161705163,0.6679147481918335,27.756029364385647,0.9824008941650391,27.19308290538773,0.9820111393928528,-0.5629464589979172,-0.0003897547721862793,A>=0.95,beta>=1.7,A>=0.95 | beta>=1.7,baseline_weakest_25
57,150_0.6_1.29.png,150,0.6,1.29,400,400,20.452484473455335,0.9328266978263855,29.99197144620365,0.9908033609390259,33.92323138892045,0.9924846291542053,3.9312599427167996,0.0016812682151794434,A<0.65,1.1<=beta<1.4,A<0.65 | 1.1<=beta<1.4,baseline_middle_50
58,151_0.86_1.95.png,151,0.86,1.95,400,400,11.838732844426536,0.780813455581665,33.14767379419681,0.9862954616546631,29.18389838797994,0.9836583733558655,-3.9637754062168717,-0.0026370882987976074,0.85<=A<0.95,beta>=1.7,0.85<=A<0.95 | beta>=1.7,baseline_middle_50
59,152_0.61_1.16.png,152,0.61,1.16,400,400,21.69242685176954,0.9450699090957642,31.00212391540255,0.9913152456283569,34.75150994949513,0.9930137991905212,3.7493860340925806,0.0016985535621643066,A<0.65,1.1<=beta<1.4,A<0.65 | 1.1<=beta<1.4,baseline_middle_50
60,153_0.96_1.61.png,153,0.96,1.61,400,400,11.460543639899164,0.7872135639190674,26.19080526968399,0.9590426683425903,28.364686485769223,0.9689323306083679,2.173881216085231,0.009889662265777588,A>=0.95,1.4<=beta<1.7,A>=0.95 | 1.4<=beta<1.7,baseline_weakest_25
61,154_0.97_1.3.png,154,0.97,1.3,400,400,13.035508836174222,0.823555588722229,26.9890770006619,0.9637464880943298,29.185722553176046,0.974278450012207,2.196645552514145,0.010531961917877197,A>=0.95,1.1<=beta<1.4,A>=0.95 | 1.1<=beta<1.4,baseline_weakest_25
62,155_0.68_1.77.png,155,0.68,1.77,400,400,13.00674623210969,0.8171200156211853,27.784127769874157,0.9719510674476624,31.127922075397507,0.9797878861427307,3.3437943055233497,0.00783681869506836,0.65<=A<0.75,beta>=1.7,0.65<=A<0.75 | beta>=1.7,baseline_weakest_25
63,156_0.53_1.42.png,156,0.53,1.42,400,400,18.15499105136879,0.893946647644043,29.46447106455586,0.9824522137641907,31.83503293041825,0.9844052195549011,2.370561865862392,0.0019530057907104492,A<0.65,1.4<=beta<1.7,A<0.65 | 1.4<=beta<1.7,baseline_middle_50
64,157_0.94_0.74.png,157,0.94,0.74,400,400,13.65881405839077,0.7716119885444641,32.60587887595684,0.9842196106910706,33.3803090062642,0.9881221652030945,0.7744301303073584,0.0039025545120239258,0.85<=A<0.95,beta<0.8,0.85<=A<0.95 | beta<0.8,baseline_middle_50
65,158_0.83_0.86.png,158,0.83,0.86,400,400,13.75602389467723,0.7638489007949829,32.731000572010956,0.9839665293693542,32.738508648592976,0.9867568016052246,0.007508076582020351,0.0027902722358703613,0.75<=A<0.85,0.8<=beta<1.1,0.75<=A<0.85 | 0.8<=beta<1.1,baseline_middle_50
66,159_0.64_0.71.png,159,0.64,0.71,400,400,17.581275951070584,0.8379876613616943,34.8014617020096,0.9886026382446289,35.50800002199475,0.9903479218482971,0.7065383199851496,0.0017452836036682129,A<0.65,beta<0.8,A<0.65 | beta<0.8,baseline_middle_50
67,15_0.99_1.38.png,15,0.99,1.38,400,400,11.131657516354823,0.7463123798370361,27.919834772709518,0.984585702419281,27.596501023947823,0.9848265647888184,-0.3233337487616943,0.00024086236953735352,A>=0.95,1.1<=beta<1.4,A>=0.95 | 1.1<=beta<1.4,baseline_weakest_25
68,160_0.94_1.85.png,160,0.94,1.85,400,400,7.975195154484689,0.541861891746521,29.16084961930831,0.9683279991149902,27.53732021024012,0.9654480218887329,-1.6235294090681869,-0.0028799772262573242,0.85<=A<0.95,beta>=1.7,0.85<=A<0.95 | beta>=1.7,baseline_middle_50
69,161_0.56_1.13.png,161,0.56,1.13,400,400,18.28716537918541,0.9313605427742004,26.336203170836324,0.9841342568397522,24.31980023922864,0.9785352945327759,-2.016402931607683,-0.005598962306976318,A<0.65,1.1<=beta<1.4,A<0.65 | 1.1<=beta<1.4,baseline_weakest_25
70,162_0.9_0.74.png,162,0.9,0.74,400,400,18.80407923796513,0.935499906539917,29.363917072855884,0.9870455861091614,28.587170985214804,0.9855349063873291,-0.7767460876410794,-0.0015106797218322754,0.85<=A<0.95,beta<0.8,0.85<=A<0.95 | beta<0.8,baseline_middle_50
71,163_0.97_1.57.png,163,0.97,1.57,400,400,13.122649735544229,0.8344894647598267,26.555597658071164,0.9770104289054871,25.15624221840084,0.9704046845436096,-1.3993554396703232,-0.006605744361877441,A>=0.95,1.4<=beta<1.7,A>=0.95 | 1.4<=beta<1.7,baseline_weakest_25
72,164_0.84_1.26.png,164,0.84,1.26,400,400,15.262316284016283,0.8844103217124939,27.169152899462574,0.9822810292243958,26.013017191532754,0.9779918193817139,-1.1561357079298205,-0.004289209842681885,0.75<=A<0.85,1.1<=beta<1.4,0.75<=A<0.85 | 1.1<=beta<1.4,baseline_weakest_25
73,165_0.8_0.79.png,165,0.8,0.79,400,400,20.983163785717267,0.8692274689674377,29.223462617873828,0.9792169332504272,27.375570688731653,0.9696819186210632,-1.8478919291421754,-0.009535014629364014,0.75<=A<0.85,beta<0.8,0.75<=A<0.85 | beta<0.8,baseline_middle_50
74,166_0.74_1.47.png,166,0.74,1.47,400,400,14.691217530309256,0.731041669845581,30.474727646600602,0.963714599609375,30.626166318300637,0.9738790392875671,0.1514386717000349,0.010164439678192139,0.65<=A<0.75,1.4<=beta<1.7,0.65<=A<0.75 | 1.4<=beta<1.7,baseline_middle_50
75,167_0.53_1.34.png,167,0.53,1.34,400,400,18.80419716937379,0.8476434350013733,30.9124760378785,0.9650278687477112,33.08919319766672,0.9802570343017578,2.1767171597882182,0.01522916555404663,A<0.65,1.1<=beta<1.4,A<0.65 | 1.1<=beta<1.4,baseline_middle_50
76,168_0.8_1.19.png,168,0.8,1.19,400,400,16.07208196238688,0.766139566898346,28.49936476793962,0.971664309501648,27.656583150074773,0.9695000648498535,-0.8427816178648477,-0.0021642446517944336,0.75<=A<0.85,1.1<=beta<1.4,0.75<=A<0.85 | 1.1<=beta<1.4,baseline_weakest_25
77,169_0.77_1.51.png,169,0.77,1.51,400,400,9.764712956522159,0.5597204566001892,24.048964938211807,0.912073016166687,24.680048840828764,0.9314911365509033,0.6310839026169575,0.01941812038421631,0.75<=A<0.85,1.4<=beta<1.7,0.75<=A<0.85 | 1.4<=beta<1.7,baseline_weakest_25
78,16_0.6_1.46.png,16,0.6,1.46,400,400,17.33629589589791,0.8483312129974365,30.2865354672416,0.9863526821136475,31.41242646803922,0.9874902367591858,1.1258910007976226,0.00113755464553833,A<0.65,1.4<=beta<1.7,A<0.65 | 1.4<=beta<1.7,baseline_middle_50
79,170_0.96_1.28.png,170,0.96,1.28,400,400,9.286438153474242,0.5651288032531738,24.20965174393825,0.9119153022766113,25.172942758723305,0.9353654980659485,0.9632910147850566,0.023450195789337158,A>=0.95,1.1<=beta<1.4,A>=0.95 | 1.1<=beta<1.4,baseline_weakest_25
80,171_0.81_0.74.png,171,0.81,0.74,400,400,14.10760982146786,0.7250635027885437,25.57160790282124,0.9294821619987488,26.37077057790107,0.9463744759559631,0.7991626750798311,0.016892313957214355,0.75<=A<0.85,beta<0.8,0.75<=A<0.85 | beta<0.8,baseline_weakest_25
81,172_0.86_1.47.png,172,0.86,1.47,400,400,9.209361562143927,0.5478372573852539,23.969648489780205,0.9084039926528931,25.003532590553405,0.9321494698524475,1.0338841007732,0.023745477199554443,0.85<=A<0.95,1.4<=beta<1.7,0.85<=A<0.95 | 1.4<=beta<1.7,baseline_weakest_25
82,173_0.83_1.31.png,173,0.83,1.31,400,400,17.371454997965692,0.9237631559371948,22.454632187226792,0.9778028726577759,21.723382514907573,0.9797914028167725,-0.731249672319219,0.001988530158996582,0.75<=A<0.85,1.1<=beta<1.4,0.75<=A<0.85 | 1.1<=beta<1.4,baseline_weakest_25
83,174_0.97_0.75.png,174,0.97,0.75,400,400,20.946079557564087,0.9589924812316895,24.90172453365675,0.9865602254867554,24.98860340518039,0.986970067024231,0.08687887152363771,0.00040984153747558594,A>=0.95,beta<0.8,A>=0.95 | beta<0.8,baseline_weakest_25
84,175_0.86_1.38.png,175,0.86,1.38,400,400,15.997387916382511,0.9126349091529846,23.86937887093992,0.9790228605270386,23.503702820279415,0.981102466583252,-0.3656760506605039,0.002079606056213379,0.85<=A<0.95,1.1<=beta<1.4,0.85<=A<0.95 | 1.1<=beta<1.4,baseline_weakest_25
85,176_0.77_0.84.png,176,0.77,0.84,400,400,23.042713457659477,0.9717004299163818,22.62769235171584,0.9842151403427124,21.558985722589338,0.984186589717865,-1.0687066291265026,-2.855062484741211e-05,0.75<=A<0.85,0.8<=beta<1.1,0.75<=A<0.85 | 0.8<=beta<1.1,baseline_weakest_25
86,177_0.65_1.52.png,177,0.65,1.52,400,400,16.9312543520919,0.8757264018058777,26.72243417689222,0.9869827032089233,25.54753831837464,0.9827458262443542,-1.17489585851758,-0.004236876964569092,0.65<=A<0.75,1.4<=beta<1.7,0.65<=A<0.75 | 1.4<=beta<1.7,baseline_weakest_25
87,178_0.64_1.88.png,178,0.64,1.88,400,400,15.587535282123177,0.8431252837181091,25.963906854823154,0.9824184775352478,25.594135035789588,0.9779140949249268,-0.3697718190335664,-0.004504382610321045,A<0.65,beta>=1.7,A<0.65 | beta>=1.7,baseline_weakest_25
88,179_0.78_1.87.png,179,0.78,1.87,400,400,16.015873701885344,0.8496071696281433,24.392175843769692,0.9820046424865723,24.360851099155937,0.9798929691314697,-0.03132474461375523,-0.002111673355102539,0.75<=A<0.85,beta>=1.7,0.75<=A<0.85 | beta>=1.7,baseline_weakest_25
89,17_0.54_0.92.png,17,0.54,0.92,400,400,18.33325221687098,0.8217495083808899,34.054707887306876,0.9829157590866089,34.09150967232315,0.9804691672325134,0.03680178501627296,-0.002446591854095459,A<0.65,0.8<=beta<1.1,A<0.65 | 0.8<=beta<1.1,baseline_middle_50
90,180_0.79_1.22.png,180,0.79,1.22,400,400,18.342742250903804,0.8992883563041687,27.537513781076584,0.990541934967041,25.208559948231194,0.9848946928977966,-2.3289538328453894,-0.005647242069244385,0.75<=A<0.85,1.1<=beta<1.4,0.75<=A<0.85 | 1.1<=beta<1.4,baseline_weakest_25
91,181_0.82_0.77.png,181,0.82,0.77,400,400,20.55541093363322,0.9557443857192993,29.77113680666494,0.9919819831848145,30.317874699440384,0.9932669997215271,0.5467378927754432,0.0012850165367126465,0.75<=A<0.85,beta<0.8,0.75<=A<0.85 | beta<0.8,baseline_middle_50
92,182_0.89_1.0.png,182,0.89,1.0,400,400,17.472162685383314,0.9317448139190674,29.079973661252776,0.989655613899231,28.209602854410953,0.9914005994796753,-0.870370806841823,0.001744985580444336,0.85<=A<0.95,0.8<=beta<1.1,0.85<=A<0.95 | 0.8<=beta<1.1,baseline_middle_50
93,183_0.86_1.21.png,183,0.86,1.21,400,400,16.59120274297408,0.9192861318588257,28.440628547571265,0.9878387451171875,28.482476617512724,0.9903900027275085,0.04184806994145873,0.002551257610321045,0.85<=A<0.95,1.1<=beta<1.4,0.85<=A<0.95 | 1.1<=beta<1.4,baseline_weakest_25
94,184_0.83_0.77.png,184,0.83,0.77,400,400,20.40631227307715,0.955058753490448,29.409676159231154,0.9919713735580444,29.79603475067263,0.9933291673660278,0.3863585914414749,0.0013577938079833984,0.75<=A<0.85,beta<0.8,0.75<=A<0.85 | beta<0.8,baseline_middle_50
95,185_0.79_1.23.png,185,0.79,1.23,400,400,13.620729116912592,0.8454121351242065,32.344068444548085,0.9895217418670654,31.473530198873767,0.9884849190711975,-0.870538245674318,-0.00103682279586792,0.75<=A<0.85,1.1<=beta<1.4,0.75<=A<0.85 | 1.1<=beta<1.4,baseline_middle_50
96,186_0.74_1.02.png,186,0.74,1.02,400,400,15.241509704973268,0.8781782388687134,33.013278163233565,0.9910815358161926,31.868535521232065,0.9897924661636353,-1.1447426420014999,-0.001289069652557373,0.65<=A<0.75,0.8<=beta<1.1,0.65<=A<0.75 | 0.8<=beta<1.1,baseline_middle_50
97,187_0.93_1.99.png,187,0.93,1.99,400,400,10.275639568426083,0.7440600395202637,28.833925824907336,0.9806906580924988,28.331836503817847,0.97794508934021,-0.502089321089489,-0.0027455687522888184,0.85<=A<0.95,beta>=1.7,0.85<=A<0.95 | beta>=1.7,baseline_middle_50
98,188_0.91_0.91.png,188,0.91,0.91,400,400,14.797104780135669,0.8739095330238342,31.986592408543387,0.9908313751220703,30.402503925371647,0.9893432855606079,-1.5840884831717403,-0.0014880895614624023,0.85<=A<0.95,0.8<=beta<1.1,0.85<=A<0.95 | 0.8<=beta<1.1,baseline_middle_50
99,189_0.71_1.65.png,189,0.71,1.65,400,400,12.404016511896657,0.824554443359375,26.87240373665359,0.9759712219238281,28.32709453509747,0.976460874080658,1.4546907984438775,0.000489652156829834,0.65<=A<0.75,1.4<=beta<1.7,0.65<=A<0.75 | 1.4<=beta<1.7,baseline_weakest_25
100,18_0.67_1.61.png,18,0.67,1.61,400,400,12.872692094187329,0.6914923191070557,33.80298787172384,0.9746230840682983,32.67783154263524,0.9698095321655273,-1.125156329088604,-0.004813551902770996,0.65<=A<0.75,1.4<=beta<1.7,0.65<=A<0.75 | 1.4<=beta<1.7,baseline_middle_50
101,190_0.67_1.29.png,190,0.67,1.29,400,400,14.719869651207752,0.870384693145752,26.883200325440313,0.978996992111206,28.110368938486033,0.9770538806915283,1.2271686130457198,-0.0019431114196777344,0.65<=A<0.75,1.1<=beta<1.4,0.65<=A<0.75 | 1.1<=beta<1.4,baseline_weakest_25
102,191_0.86_1.88.png,191,0.86,1.88,400,400,10.914899734393265,0.7866133451461792,28.50513503375001,0.9754445552825928,31.862658809810487,0.9781302809715271,3.3575237760604786,0.002685725688934326,0.85<=A<0.95,beta>=1.7,0.85<=A<0.95 | beta>=1.7,baseline_weakest_25
103,192_0.78_1.42.png,192,0.78,1.42,400,400,13.132673402250617,0.8403010368347168,28.396780803358975,0.9796769618988037,29.589103144374565,0.9788934588432312,1.1923223410155899,-0.0007835030555725098,0.75<=A<0.85,1.4<=beta<1.7,0.75<=A<0.85 | 1.4<=beta<1.7,baseline_weakest_25
104,193_0.52_0.72.png,193,0.52,0.72,400,400,20.18904516199069,0.9472264647483826,26.035852566079335,0.9905505180358887,26.861149436224807,0.9918606281280518,0.8252968701454719,0.001310110092163086,A<0.65,beta<0.8,A<0.65 | beta<0.8,baseline_weakest_25
105,194_0.78_1.46.png,194,0.78,1.46,400,400,15.318573956322439,0.8234334588050842,27.172227476902936,0.9869105815887451,28.583295193143947,0.9868109226226807,1.4110677162410106,-9.965896606445312e-05,0.75<=A<0.85,1.4<=beta<1.7,0.75<=A<0.85 | 1.4<=beta<1.7,baseline_weakest_25
106,195_0.61_1.47.png,195,0.61,1.47,400,400,16.511716874570865,0.8435496091842651,25.404304815513314,0.9851409196853638,26.94331025784588,0.9853631854057312,1.5390054423325665,0.00022226572036743164,A<0.65,1.4<=beta<1.7,A<0.65 | 1.4<=beta<1.7,baseline_weakest_25
107,196_0.67_0.7.png,196,0.67,0.7,400,400,21.09002903649749,0.9408908486366272,29.08160286174897,0.9926430583000183,29.089086947334874,0.9928021430969238,0.00748408558590441,0.00015908479690551758,0.65<=A<0.75,beta<0.8,0.65<=A<0.75 | beta<0.8,baseline_middle_50
108,197_0.88_1.9.png,197,0.88,1.9,400,400,9.268437160058271,0.6013458967208862,27.088321911025176,0.9650595188140869,27.104732270991562,0.9583198428153992,0.016410359966386068,-0.006739675998687744,0.85<=A<0.95,beta>=1.7,0.85<=A<0.95 | beta>=1.7,baseline_weakest_25
109,198_0.99_0.62.png,198,0.99,0.62,400,400,16.289434434343928,0.8173574209213257,36.66226570590186,0.9902805089950562,35.44163836384102,0.9878243803977966,-1.220627342060837,-0.0024561285972595215,A>=0.95,beta<0.8,A>=0.95 | beta<0.8,baseline_strongest_25
110,199_0.58_1.12.png,199,0.58,1.12,400,400,15.004043373201114,0.773779571056366,33.8397891959813,0.9905385375022888,34.29239171934777,0.984345555305481,0.45260252336647255,-0.006192982196807861,A<0.65,1.1<=beta<1.4,A<0.65 | 1.1<=beta<1.4,baseline_middle_50
111,19_0.7_1.99.png,19,0.7,1.99,400,400,11.306740110058378,0.635794997215271,32.87786315008547,0.9720199108123779,31.914080742942666,0.9643140435218811,-0.9637824071428014,-0.007705867290496826,0.65<=A<0.75,beta>=1.7,0.65<=A<0.75 | beta>=1.7,baseline_middle_50
112,1_0.89_1.56.png,1,0.89,1.56,400,400,10.280320370168283,0.6234567761421204,32.848981640589194,0.9874363541603088,30.726897415187935,0.9855181574821472,-2.1220842254012595,-0.001918196678161621,0.85<=A<0.95,1.4<=beta<1.7,0.85<=A<0.95 | 1.4<=beta<1.7,baseline_middle_50
113,200_0.81_1.52.png,200,0.81,1.52,400,400,10.99159260818617,0.6621325612068176,32.93618398817984,0.9811397194862366,30.950739591979435,0.9727458953857422,-1.985444396200407,-0.008393824100494385,0.75<=A<0.85,1.4<=beta<1.7,0.75<=A<0.85 | 1.4<=beta<1.7,baseline_middle_50
114,201_0.88_0.95.png,201,0.88,0.95,400,400,19.40699362173263,0.9238725304603577,28.153611441755444,0.9881517887115479,30.12931481951778,0.9906986951828003,1.9757033777623363,0.0025469064712524414,0.85<=A<0.95,0.8<=beta<1.1,0.85<=A<0.95 | 0.8<=beta<1.1,baseline_weakest_25
115,202_0.92_0.59.png,202,0.92,0.59,400,400,22.39593660935141,0.9566868543624878,30.033456516257267,0.9919048547744751,31.715682705099514,0.993519127368927,1.6822261888422467,0.0016142725944519043,0.85<=A<0.95,beta<0.8,0.85<=A<0.95 | beta<0.8,baseline_middle_50
116,203_1.0_1.96.png,203,1.0,1.96,400,400,12.846637231266943,0.7992081046104431,23.036717593672208,0.9726459980010986,25.734783877162645,0.9797811508178711,2.698066283490437,0.007135152816772461,A>=0.95,beta>=1.7,A>=0.95 | beta>=1.7,baseline_weakest_25
117,204_0.7_1.37.png,204,0.7,1.37,400,400,19.530796617616584,0.9071317911148071,27.58290624172983,0.9859831929206848,29.450952318656643,0.9893059730529785,1.868046076926813,0.003322780132293701,0.65<=A<0.75,1.1<=beta<1.4,0.65<=A<0.75 | 1.1<=beta<1.4,baseline_weakest_25
118,205_0.62_1.05.png,205,0.62,1.05,400,400,20.514862657747933,0.939469039440155,30.71942510971992,0.9831665754318237,30.715840579892692,0.9850502014160156,-0.0035845298272292325,0.0018836259841918945,A<0.65,0.8<=beta<1.1,A<0.65 | 0.8<=beta<1.1,baseline_middle_50
119,206_0.58_0.83.png,206,0.58,0.83,400,400,24.13071435248331,0.9683284163475037,31.214821536698896,0.9845637679100037,32.077140026837576,0.9882897138595581,0.86231849013868,0.0037259459495544434,A<0.65,0.8<=beta<1.1,A<0.65 | 0.8<=beta<1.1,baseline_middle_50
120,207_0.84_0.64.png,207,0.84,0.64,400,400,21.100528877431444,0.9538005590438843,30.577856459880934,0.9847038984298706,30.88374384198228,0.9861658811569214,0.30588738210134636,0.0014619827270507812,0.75<=A<0.85,beta<0.8,0.75<=A<0.85 | beta<0.8,baseline_middle_50
121,208_0.67_0.92.png,208,0.67,0.92,400,400,20.852546485362428,0.9448012709617615,30.584909873216436,0.983386218547821,30.689263215313716,0.9851545691490173,0.10435334209727998,0.001768350601196289,0.65<=A<0.75,0.8<=beta<1.1,0.65<=A<0.75 | 0.8<=beta<1.1,baseline_middle_50
122,209_0.97_1.99.png,209,0.97,1.99,400,400,10.640463463846874,0.7660452723503113,29.089917532401934,0.9798920750617981,29.31056355771082,0.9818424582481384,0.22064602530888777,0.001950383186340332,A>=0.95,beta>=1.7,A>=0.95 | beta>=1.7,baseline_middle_50
123,20_0.58_1.76.png,20,0.58,1.76,400,400,13.938556708030296,0.6970716118812561,35.0656144659904,0.9760141968727112,33.874098111705536,0.9696069955825806,-1.1915163542848646,-0.006407201290130615,A<0.65,beta>=1.7,A<0.65 | beta>=1.7,baseline_middle_50
124,210_0.63_1.2.png,210,0.63,1.2,400,400,17.94015613796985,0.9005948901176453,27.498931068658152,0.9903119802474976,27.027240554887207,0.9891560077667236,-0.4716905137709446,-0.0011559724807739258,A<0.65,1.1<=beta<1.4,A<0.65 | 1.1<=beta<1.4,baseline_weakest_25
125,211_0.94_0.77.png,211,0.94,0.77,400,400,17.182496609097576,0.9100202322006226,35.103572643734665,0.992339551448822,34.082452654962054,0.9925537705421448,-1.021119988772611,0.0002142190933227539,0.85<=A<0.95,beta<0.8,0.85<=A<0.95 | beta<0.8,baseline_middle_50
126,212_0.54_1.78.png,212,0.54,1.78,400,400,16.17461354988308,0.8584255576133728,30.54472136464035,0.9870773553848267,30.719255061017282,0.9877517819404602,0.17453369637693328,0.0006744265556335449,A<0.65,beta>=1.7,A<0.65 | beta>=1.7,baseline_middle_50
127,213_0.7_1.14.png,213,0.7,1.14,400,400,19.149824654314067,0.9173517227172852,24.573745023692155,0.9766940474510193,26.139104863969095,0.985383927822113,1.5653598402769404,0.00868988037109375,0.65<=A<0.75,1.1<=beta<1.4,0.65<=A<0.75 | 1.1<=beta<1.4,baseline_weakest_25
128,214_0.62_0.87.png,214,0.62,0.87,400,400,20.91657505882118,0.9485132694244385,24.654026967322956,0.9788655638694763,26.307055235251507,0.98716139793396,1.6530282679285513,0.008295834064483643,A<0.65,0.8<=beta<1.1,A<0.65 | 0.8<=beta<1.1,baseline_weakest_25
129,215_0.91_1.29.png,215,0.91,1.29,400,400,15.258516641490766,0.8733862638473511,23.56591819654509,0.9729194641113281,25.022733637233916,0.9841724038124084,1.4568154406888247,0.011252939701080322,0.85<=A<0.95,1.1<=beta<1.4,0.85<=A<0.95 | 1.1<=beta<1.4,baseline_weakest_25
130,216_0.94_0.88.png,216,0.94,0.88,400,400,17.264226986300407,0.9175963401794434,24.066616183763752,0.9763420820236206,25.606485930769168,0.9868940114974976,1.5398697470054152,0.010551929473876953,0.85<=A<0.95,0.8<=beta<1.1,0.85<=A<0.95 | 0.8<=beta<1.1,baseline_weakest_25
131,217_0.86_1.31.png,217,0.86,1.31,400,400,14.725731184515258,0.8808556199073792,31.76594245709404,0.991773784160614,33.00189747215398,0.9914183616638184,1.235955015059936,-0.0003554224967956543,0.85<=A<0.95,1.1<=beta<1.4,0.85<=A<0.95 | 1.1<=beta<1.4,baseline_middle_50
132,218_0.53_1.18.png,218,0.53,1.18,400,400,21.762918099755687,0.9428542852401733,26.99332032530887,0.9921650290489197,27.661495861333858,0.9925647377967834,0.6681755360249895,0.00039970874786376953,A<0.65,1.1<=beta<1.4,A<0.65 | 1.1<=beta<1.4,baseline_weakest_25
133,219_0.62_1.27.png,219,0.62,1.27,400,400,20.77383431884607,0.9284816384315491,34.36667723174266,0.9940383434295654,35.18108238813804,0.9942140579223633,0.8144051563953738,0.00017571449279785156,A<0.65,1.1<=beta<1.4,A<0.65 | 1.1<=beta<1.4,baseline_middle_50
134,21_0.7_1.86.png,21,0.7,1.86,400,400,13.465128050588383,0.7741098999977112,27.335316042693684,0.9724524617195129,26.304831200039636,0.9514656066894531,-1.0304848426540474,-0.020986855030059814,0.65<=A<0.75,beta>=1.7,0.65<=A<0.75 | beta>=1.7,baseline_weakest_25
135,220_0.68_1.35.png,220,0.68,1.35,400,400,18.718680850536323,0.9112768173217773,37.69028968495117,0.9935785531997681,38.0077579294186,0.993690013885498,0.3174682444674346,0.00011146068572998047,0.65<=A<0.75,1.1<=beta<1.4,0.65<=A<0.75 | 1.1<=beta<1.4,baseline_strongest_25
136,221_0.63_0.68.png,221,0.63,0.68,400,400,22.734971976864614,0.9644641876220703,27.966823112427285,0.9867144227027893,26.160880761333452,0.9897608160972595,-1.805942351093833,0.003046393394470215,A<0.65,beta<0.8,A<0.65 | beta<0.8,baseline_weakest_25
137,222_0.76_0.62.png,222,0.76,0.62,400,400,22.74032034988568,0.9615945219993591,28.930425123716166,0.9858944416046143,27.461494832774438,0.9907152056694031,-1.468930290941728,0.004820764064788818,0.75<=A<0.85,beta<0.8,0.75<=A<0.85 | beta<0.8,baseline_middle_50
138,223_0.66_1.32.png,223,0.66,1.32,400,400,17.91078899820949,0.900809645652771,27.575145329235582,0.9751929640769958,24.871121910928405,0.9832212328910828,-2.7040234183071767,0.008028268814086914,0.65<=A<0.75,1.1<=beta<1.4,0.65<=A<0.75 | 1.1<=beta<1.4,baseline_weakest_25
139,224_0.7_1.92.png,224,0.7,1.92,400,400,15.281574682793968,0.8378002047538757,29.208768373879703,0.9733875393867493,25.07173460434448,0.9793880581855774,-4.137033769535222,0.006000518798828125,0.65<=A<0.75,beta>=1.7,0.65<=A<0.75 | beta>=1.7,baseline_middle_50
140,225_0.7_0.86.png,225,0.7,0.86,400,400,16.447447662638837,0.8803595304489136,29.228324219749705,0.9771932363510132,29.658993048596773,0.98074871301651,0.43066882884706814,0.003555476665496826,0.65<=A<0.75,0.8<=beta<1.1,0.65<=A<0.75 | 0.8<=beta<1.1,baseline_middle_50
141,226_0.92_1.94.png,226,0.92,1.94,400,400,9.134873156082172,0.6373410224914551,25.328731479198296,0.9521297216415405,25.537485413481967,0.9520798325538635,0.20875393428367062,-4.988908767700195e-05,0.85<=A<0.95,beta>=1.7,0.85<=A<0.95 | beta>=1.7,baseline_weakest_25
142,227_0.61_0.93.png,227,0.61,0.93,400,400,16.741285082498358,0.8839338421821594,29.68851399036508,0.9789864420890808,30.01142232296075,0.981943666934967,0.3229083325956701,0.0029572248458862305,A<0.65,0.8<=beta<1.1,A<0.65 | 0.8<=beta<1.1,baseline_middle_50
143,228_0.6_1.2.png,228,0.6,1.2,400,400,14.963864085231652,0.840659499168396,29.21744772473342,0.9772768616676331,29.728706905718013,0.9810614585876465,0.5112591809845917,0.0037845969200134277,A<0.65,1.1<=beta<1.4,A<0.65 | 1.1<=beta<1.4,baseline_middle_50
144,229_0.53_0.63.png,229,0.53,0.63,400,400,23.389875565595005,0.9748921990394592,32.771669019025055,0.9956216216087341,31.719628108154218,0.9959508180618286,-1.0520409108708364,0.0003291964530944824,A<0.65,beta<0.8,A<0.65 | beta<0.8,baseline_middle_50
145,22_0.77_1.45.png,22,0.77,1.45,400,400,14.589193688571836,0.8012186288833618,30.32911232322452,0.978508472442627,28.541809662255098,0.9611251354217529,-1.7873026609694236,-0.017383337020874023,0.75<=A<0.85,1.4<=beta<1.7,0.75<=A<0.85 | 1.4<=beta<1.7,baseline_middle_50
146,230_0.95_0.66.png,230,0.95,0.66,400,400,17.9173072372317,0.9253607392311096,33.60797906526321,0.9938974976539612,34.7145900768625,0.9951351284980774,1.1066110115992913,0.001237630844116211,A>=0.95,beta<0.8,A>=0.95 | beta<0.8,baseline_middle_50
147,231_0.55_1.16.png,231,0.55,1.16,400,400,17.6874538829713,0.9009902477264404,34.80170150371482,0.9932384490966797,35.47838064374734,0.9946010112762451,0.676679140032526,0.0013625621795654297,A<0.65,1.1<=beta<1.4,A<0.65 | 1.1<=beta<1.4,baseline_middle_50
148,232_0.58_1.19.png,232,0.58,1.19,400,400,17.781394335998684,0.8940786719322205,34.60653857788252,0.9929260611534119,35.66540982583452,0.9944648742675781,1.0588712479520055,0.0015388131141662598,A<0.65,1.1<=beta<1.4,A<0.65 | 1.1<=beta<1.4,baseline_middle_50
149,233_0.72_1.98.png,233,0.72,1.98,400,400,10.942313370885426,0.8205994963645935,26.346580983365797,0.9665214419364929,25.975778380362208,0.9667415022850037,-0.3708026030035896,0.0002200603485107422,0.65<=A<0.75,beta>=1.7,0.65<=A<0.75 | beta>=1.7,baseline_weakest_25
150,234_0.63_1.11.png,234,0.63,1.11,400,400,15.656681256924305,0.9174114465713501,27.119381567961586,0.9723562598228455,27.240801622920337,0.9728054404258728,0.12142005495875097,0.00044918060302734375,A<0.65,1.1<=beta<1.4,A<0.65 | 1.1<=beta<1.4,baseline_weakest_25
151,235_0.9_0.72.png,235,0.9,0.72,400,400,18.454864360197494,0.9491826891899109,24.359832225560044,0.9624492526054382,24.574649213351304,0.9628883600234985,0.21481698779125935,0.00043910741806030273,0.85<=A<0.95,beta<0.8,0.85<=A<0.95 | beta<0.8,baseline_weakest_25
152,236_0.77_1.96.png,236,0.77,1.96,400,400,10.969687554784851,0.8194621205329895,26.29345802157282,0.9670494794845581,26.2419809388118,0.9687030911445618,-0.051477082761021364,0.0016536116600036621,0.75<=A<0.85,beta>=1.7,0.75<=A<0.85 | beta>=1.7,baseline_weakest_25
153,237_0.94_0.77.png,237,0.94,0.77,400,400,16.21826079794011,0.7656853199005127,33.61114683988862,0.9824095368385315,33.38853344569847,0.9858604073524475,-0.22261339419014803,0.0034508705139160156,0.85<=A<0.95,beta<0.8,0.85<=A<0.95 | beta<0.8,baseline_middle_50
154,238_0.95_1.84.png,238,0.95,1.84,400,400,7.700011520206644,0.4822986125946045,29.82650589282143,0.9719380140304565,29.96446489706253,0.9745408892631531,0.1379590042411003,0.002602875232696533,A>=0.95,beta>=1.7,A>=0.95 | beta>=1.7,baseline_middle_50
155,239_0.85_1.8.png,239,0.85,1.8,400,400,8.75800736363981,0.5175477266311646,31.40639645296124,0.9744159579277039,29.82080213957987,0.9788146018981934,-1.5855943133813675,0.004398643970489502,0.85<=A<0.95,beta>=1.7,0.85<=A<0.95 | beta>=1.7,baseline_middle_50
156,23_0.58_0.76.png,23,0.58,0.76,400,400,20.66220624504776,0.8859502673149109,35.99555207095217,0.9883073568344116,31.721123259296693,0.9660936594009399,-4.274428811655479,-0.02221369743347168,A<0.65,beta<0.8,A<0.65 | beta<0.8,baseline_middle_50
157,240_0.99_1.13.png,240,0.99,1.13,400,400,11.19945867785579,0.6242799758911133,32.067157243262386,0.9800578951835632,31.563268106782175,0.9832965135574341,-0.5038891364802112,0.0032386183738708496,A>=0.95,1.1<=beta<1.4,A>=0.95 | 1.1<=beta<1.4,baseline_middle_50
158,241_0.85_0.72.png,241,0.85,0.72,400,400,17.25368628012904,0.9123193621635437,29.435005793320414,0.9859586954116821,28.891930451871914,0.9888355135917664,-0.5430753414484997,0.0028768181800842285,0.85<=A<0.95,beta<0.8,0.85<=A<0.95 | beta<0.8,baseline_middle_50
159,242_0.62_1.18.png,242,0.62,1.18,400,400,15.114057420377403,0.8705973029136658,26.742328018689115,0.9829525947570801,25.51047366240247,0.9851948618888855,-1.231854356286643,0.00224226713180542,A<0.65,1.1<=beta<1.4,A<0.65 | 1.1<=beta<1.4,baseline_weakest_25
160,243_0.7_1.66.png,243,0.7,1.66,400,400,11.912560806409036,0.7776098847389221,24.66121459815392,0.9787980318069458,24.209694126662434,0.9806063771247864,-0.45152047149148444,0.0018083453178405762,0.65<=A<0.75,1.4<=beta<1.7,0.65<=A<0.75 | 1.4<=beta<1.7,baseline_weakest_25
161,244_0.67_1.65.png,244,0.67,1.65,400,400,12.178878794974446,0.7874085903167725,24.42333867192427,0.9780759215354919,24.117970914025257,0.9809147119522095,-0.30536775789901327,0.0028387904167175293,0.65<=A<0.75,1.4<=beta<1.7,0.65<=A<0.75 | 1.4<=beta<1.7,baseline_weakest_25
162,245_0.99_1.32.png,245,0.99,1.32,400,400,10.023929040743301,0.6489742398262024,33.910467259669815,0.9792301058769226,33.738324483862606,0.9794800281524658,-0.1721427758072096,0.0002499222755432129,A>=0.95,1.1<=beta<1.4,A>=0.95 | 1.1<=beta<1.4,baseline_middle_50
163,246_0.77_1.86.png,246,0.77,1.86,400,400,9.180073909038729,0.5903552174568176,31.18509105211767,0.970488429069519,31.351039000453298,0.9768578410148621,0.16594794833562787,0.006369411945343018,0.75<=A<0.85,beta>=1.7,0.75<=A<0.85 | beta>=1.7,baseline_middle_50
164,247_0.59_1.34.png,247,0.59,1.34,400,400,12.826194720966754,0.7385240793228149,32.66729904405033,0.9799181818962097,32.188412435837975,0.9802929759025574,-0.4788866082123562,0.00037479400634765625,A<0.65,1.1<=beta<1.4,A<0.65 | 1.1<=beta<1.4,baseline_middle_50
165,248_0.62_1.13.png,248,0.62,1.13,400,400,13.783189898895712,0.7755221724510193,33.73587008009851,0.9813053607940674,33.03270329552445,0.9790704250335693,-0.7031667845740586,-0.002234935760498047,A<0.65,1.1<=beta<1.4,A<0.65 | 1.1<=beta<1.4,baseline_middle_50
166,249_0.85_1.68.png,249,0.85,1.68,400,400,12.974674911805542,0.8224896192550659,20.878741800521862,0.9657764434814453,21.407112077139978,0.9683089852333069,0.5283702766181158,0.0025325417518615723,0.85<=A<0.95,1.4<=beta<1.7,0.85<=A<0.95 | 1.4<=beta<1.7,baseline_weakest_25
167,24_1.0_0.62.png,24,1.0,0.62,400,400,19.329210021951887,0.8757272958755493,36.985361554859765,0.9864218235015869,33.66057097217705,0.9703876376152039,-3.3247905826827164,-0.016034185886383057,A>=0.95,beta<0.8,A>=0.95 | beta<0.8,baseline_strongest_25
168,250_0.69_1.38.png,250,0.69,1.38,400,400,16.897120234217407,0.8871490359306335,25.08042731327044,0.9789376258850098,24.890906854962182,0.9799352884292603,-0.1895204583082588,0.0009976625442504883,0.65<=A<0.75,1.1<=beta<1.4,0.65<=A<0.75 | 1.1<=beta<1.4,baseline_weakest_25
169,251_0.55_1.12.png,251,0.55,1.12,400,400,19.610284716418427,0.9322816729545593,29.317610106503583,0.9869807958602905,28.866520116562707,0.9872761964797974,-0.45108998994087557,0.00029540061950683594,A<0.65,1.1<=beta<1.4,A<0.65 | 1.1<=beta<1.4,baseline_middle_50
170,252_0.51_0.51.png,252,0.51,0.51,400,400,24.67456549614731,0.9808297157287598,34.62499237586241,0.992613673210144,33.190002050217046,0.9932859539985657,-1.4349903256453658,0.0006722807884216309,A<0.65,beta<0.8,A<0.65 | beta<0.8,baseline_middle_50
171,253_0.53_1.99.png,253,0.53,1.99,400,400,13.904013397726104,0.7933495044708252,25.29871434113811,0.9794565439224243,25.96771830825629,0.9790759086608887,0.6690039671181829,-0.00038063526153564453,A<0.65,beta>=1.7,A<0.65 | beta>=1.7,baseline_weakest_25
172,254_0.7_0.56.png,254,0.7,0.56,400,400,23.702585665769583,0.9611066579818726,36.562177840686196,0.994537353515625,39.20873908824559,0.9958328604698181,2.646561247559397,0.0012955069541931152,0.65<=A<0.75,beta<0.8,0.65<=A<0.75 | beta<0.8,baseline_strongest_25
173,255_0.53_1.86.png,255,0.53,1.86,400,400,14.1645911370906,0.8079404830932617,26.43227843872442,0.9822389483451843,26.989324708994246,0.9827675819396973,0.5570462702698258,0.0005286335945129395,A<0.65,beta>=1.7,A<0.65 | beta>=1.7,baseline_weakest_25
174,256_0.51_1.17.png,256,0.51,1.17,400,400,15.97144496721934,0.8900002241134644,31.96507105370543,0.991004467010498,33.55816388079628,0.9922273755073547,1.5930928270908495,0.0012229084968566895,A<0.65,1.1<=beta<1.4,A<0.65 | 1.1<=beta<1.4,baseline_middle_50
175,257_0.57_1.44.png,257,0.57,1.44,400,400,17.847753767551797,0.781534731388092,19.19600180630405,0.9210262298583984,19.39029492127508,0.9296464920043945,0.1942931149710283,0.008620262145996094,A<0.65,1.4<=beta<1.7,A<0.65 | 1.4<=beta<1.7,baseline_weakest_25
176,258_0.98_1.6.png,258,0.98,1.6,400,400,11.554256325417649,0.6822091937065125,26.372676856878616,0.954874575138092,25.37853897017434,0.961854875087738,-0.9941378867042765,0.006980299949645996,A>=0.95,1.4<=beta<1.7,A>=0.95 | 1.4<=beta<1.7,baseline_weakest_25
177,259_0.71_0.98.png,259,0.71,0.98,400,400,19.214316822536524,0.8296808004379272,25.299403904433966,0.9680160284042358,25.24738248539933,0.9754219055175781,-0.05202141903463442,0.007405877113342285,0.65<=A<0.75,0.8<=beta<1.1,0.65<=A<0.75 | 0.8<=beta<1.1,baseline_weakest_25
178,25_0.5_1.67.png,25,0.5,1.67,400,400,17.53195465030954,0.8607256412506104,31.63859225679922,0.9865981936454773,33.41419774667654,0.9877630472183228,1.7756054898773215,0.001164853572845459,A<0.65,1.4<=beta<1.7,A<0.65 | 1.4<=beta<1.7,baseline_middle_50
179,260_0.57_1.92.png,260,0.57,1.92,400,400,16.11211451671251,0.7120532393455505,17.199826085692507,0.8799890279769897,17.069561317088283,0.8804405927658081,-0.1302647686042242,0.0004515647888183594,A<0.65,beta>=1.7,A<0.65 | beta>=1.7,baseline_weakest_25
180,261_0.79_1.66.png,261,0.79,1.66,400,400,12.955422942283619,0.8364942669868469,20.877965930764482,0.9612331986427307,21.372309114759513,0.9613183736801147,0.4943431839950314,8.51750373840332e-05,0.75<=A<0.85,1.4<=beta<1.7,0.75<=A<0.85 | 1.4<=beta<1.7,baseline_weakest_25
181,262_0.58_0.98.png,262,0.58,0.98,400,400,22.762294499832127,0.9535022974014282,29.15616408593692,0.9854613542556763,28.25238065834114,0.9853029847145081,-0.9037834275957799,-0.0001583695411682129,A<0.65,0.8<=beta<1.1,A<0.65 | 0.8<=beta<1.1,baseline_middle_50
182,263_0.94_1.82.png,263,0.94,1.82,400,400,9.933503525818272,0.7780722975730896,20.190154692259657,0.9552156925201416,20.46207466045621,0.9540836215019226,0.27191996819655273,-0.0011320710182189941,0.85<=A<0.95,beta>=1.7,0.85<=A<0.95 | beta>=1.7,baseline_weakest_25
183,264_0.77_1.87.png,264,0.77,1.87,400,400,12.72889763966113,0.8238482475280762,20.224168031429915,0.9572067260742188,20.386808390150772,0.9560561180114746,0.16264035872085714,-0.0011506080627441406,0.75<=A<0.85,beta>=1.7,0.75<=A<0.85 | beta>=1.7,baseline_weakest_25
184,265_0.72_0.95.png,265,0.72,0.95,400,400,19.601959185374653,0.9321678876876831,31.02699090673678,0.9912595152854919,29.994864062601096,0.9890211224555969,-1.0321268441356857,-0.0022383928298950195,0.65<=A<0.75,0.8<=beta<1.1,0.65<=A<0.75 | 0.8<=beta<1.1,baseline_middle_50
185,266_0.71_1.06.png,266,0.71,1.06,400,400,18.905325082823396,0.9228031635284424,30.25280322935542,0.9901808500289917,29.860452328150128,0.988701581954956,-0.39235090120529037,-0.0014792680740356445,0.65<=A<0.75,0.8<=beta<1.1,0.65<=A<0.75 | 0.8<=beta<1.1,baseline_middle_50
186,267_0.94_0.99.png,267,0.94,0.99,400,400,16.25673926597303,0.8988330960273743,29.19026764949736,0.9899574518203735,28.659589211605415,0.9876418113708496,-0.5306784378919467,-0.0023156404495239258,0.85<=A<0.95,0.8<=beta<1.1,0.85<=A<0.95 | 0.8<=beta<1.1,baseline_middle_50
187,268_0.7_1.83.png,268,0.7,1.83,400,400,15.687631263008289,0.8553687334060669,27.440065465772978,0.985526978969574,25.699984957169256,0.9824614524841309,-1.7400805086037217,-0.0030655264854431152,0.65<=A<0.75,beta>=1.7,0.65<=A<0.75 | beta>=1.7,baseline_weakest_25
188,269_0.97_1.84.png,269,0.97,1.84,400,400,11.56970218002051,0.7553978562355042,22.758600046936603,0.9708887934684753,22.45895236733717,0.9689067602157593,-0.2996476795994347,-0.0019820332527160645,A>=0.95,beta>=1.7,A>=0.95 | beta>=1.7,baseline_weakest_25
189,26_0.93_1.97.png,26,0.93,1.97,400,400,8.920422864168124,0.6258049607276917,29.671746216393142,0.9794396162033081,27.302774608236252,0.9771453738212585,-2.3689716081568903,-0.0022942423820495605,0.85<=A<0.95,beta>=1.7,0.85<=A<0.95 | beta>=1.7,baseline_middle_50
190,270_0.73_1.75.png,270,0.73,1.75,400,400,16.279416644489952,0.8137919306755066,26.81575660732583,0.9812615513801575,30.29735703821801,0.9819006323814392,3.481600430892179,0.0006390810012817383,0.65<=A<0.75,beta>=1.7,0.65<=A<0.75 | beta>=1.7,baseline_weakest_25
191,271_0.97_1.97.png,271,0.97,1.97,400,400,11.254143755238083,0.7416805028915405,22.124565864718782,0.9662011861801147,21.52706964439064,0.9635498523712158,-0.5974962203281429,-0.0026513338088989258,A>=0.95,beta>=1.7,A>=0.95 | beta>=1.7,baseline_weakest_25
192,272_0.94_1.17.png,272,0.94,1.17,400,400,14.505540203434958,0.8466655015945435,25.83174911603851,0.9845042824745178,27.214562603282427,0.9839909076690674,1.3828134872439186,-0.0005133748054504395,0.85<=A<0.95,1.1<=beta<1.4,0.85<=A<0.95 | 1.1<=beta<1.4,baseline_weakest_25
193,273_0.85_0.7.png,273,0.85,0.7,400,400,18.22480766268229,0.910785436630249,31.089764500222678,0.9928524494171143,30.56732513905061,0.9929574728012085,-0.5224393611720686,0.00010502338409423828,0.85<=A<0.95,beta<0.8,0.85<=A<0.95 | beta<0.8,baseline_middle_50
194,274_0.71_1.95.png,274,0.71,1.95,400,400,10.892575127631531,0.7097625136375427,30.255190466648727,0.984256386756897,31.054387731507948,0.9848109483718872,0.7991972648592203,0.0005545616149902344,0.65<=A<0.75,beta>=1.7,0.65<=A<0.75 | beta>=1.7,baseline_middle_50
195,275_0.63_2.0.png,275,0.63,2.0,400,400,12.152489750335068,0.7256569266319275,29.952776938610434,0.9844385981559753,31.492639685800214,0.9856722950935364,1.5398627471897797,0.0012336969375610352,A<0.65,beta>=1.7,A<0.65 | beta>=1.7,baseline_middle_50
196,276_0.83_1.69.png,276,0.83,1.69,400,400,10.916162984746634,0.7216506004333496,28.577363005451684,0.9864377975463867,28.05429050352059,0.9861049652099609,-0.5230725019310931,-0.00033283233642578125,0.75<=A<0.85,1.4<=beta<1.7,0.75<=A<0.85 | 1.4<=beta<1.7,baseline_weakest_25
197,277_0.66_1.5.png,277,0.66,1.5,400,400,18.295390748958557,0.9069629907608032,33.32123169641208,0.9913265705108643,30.723190261330465,0.9928600192070007,-2.598041435081612,0.0015334486961364746,0.65<=A<0.75,1.4<=beta<1.7,0.65<=A<0.75 | 1.4<=beta<1.7,baseline_middle_50
198,278_0.98_1.19.png,278,0.98,1.19,400,400,16.67428165355869,0.886421799659729,30.284210829108794,0.9913530945777893,27.759887033376835,0.990386962890625,-2.5243237957319593,-0.0009661316871643066,A>=0.95,1.1<=beta<1.4,A>=0.95 | 1.1<=beta<1.4,baseline_middle_50
199,279_0.94_1.64.png,279,0.94,1.64,400,400,14.717602901033986,0.8495253920555115,28.68600369719141,0.9887256622314453,26.429355619858335,0.9867680668830872,-2.2566480773330753,-0.0019575953483581543,0.85<=A<0.95,1.4<=beta<1.7,0.85<=A<0.95 | 1.4<=beta<1.7,baseline_weakest_25
200,27_0.76_0.89.png,27,0.76,0.89,400,400,20.003972983114853,0.9080857634544373,33.67221702015576,0.9914349317550659,32.080841431434905,0.9904476404190063,-1.591375588720858,-0.0009872913360595703,0.75<=A<0.85,0.8<=beta<1.1,0.75<=A<0.85 | 0.8<=beta<1.1,baseline_middle_50
201,280_0.71_1.47.png,280,0.71,1.47,400,400,18.407510061780275,0.9029117226600647,33.21640909584025,0.9920729398727417,29.886298589740004,0.9926321506500244,-3.330110506100244,0.0005592107772827148,0.65<=A<0.75,1.4<=beta<1.7,0.65<=A<0.75 | 1.4<=beta<1.7,baseline_middle_50
202,281_0.8_1.72.png,281,0.8,1.72,400,400,16.822666252524773,0.9039716720581055,22.925111456864524,0.9846805334091187,25.376884887586463,0.9830685257911682,2.451773430721939,-0.0016120076179504395,0.75<=A<0.85,beta>=1.7,0.75<=A<0.85 | beta>=1.7,baseline_weakest_25
203,282_0.78_1.39.png,282,0.78,1.39,400,400,18.37530381830671,0.9320919513702393,22.302660852113526,0.9859809279441833,25.48147019813799,0.9859143495559692,3.1788093460244653,-6.657838821411133e-05,0.75<=A<0.85,1.1<=beta<1.4,0.75<=A<0.85 | 1.1<=beta<1.4,baseline_weakest_25
204,283_0.79_1.68.png,283,0.79,1.68,400,400,16.995828921333484,0.9081162810325623,22.46304613476959,0.9844691753387451,25.291917402194475,0.9839658737182617,2.8288712674248835,-0.0005033016204833984,0.75<=A<0.85,1.4<=beta<1.7,0.75<=A<0.85 | 1.4<=beta<1.7,baseline_weakest_25
205,284_0.8_1.86.png,284,0.8,1.86,400,400,16.279382987095364,0.8931032419204712,22.872758239550407,0.983783483505249,25.08756355752402,0.9819508194923401,2.214805317973614,-0.0018326640129089355,0.75<=A<0.85,beta>=1.7,0.75<=A<0.85 | beta>=1.7,baseline_weakest_25
206,285_0.71_1.94.png,285,0.71,1.94,400,400,10.084738413733703,0.6549056172370911,34.477147033017985,0.9867565035820007,30.25206028291992,0.9858074188232422,-4.225086750098065,-0.0009490847587585449,0.65<=A<0.75,beta>=1.7,0.65<=A<0.75 | beta>=1.7,baseline_middle_50
207,286_0.6_1.07.png,286,0.6,1.07,400,400,15.074400280055876,0.8210034370422363,35.937141877879924,0.9929869771003723,32.100486458826495,0.9924638271331787,-3.8366554190534288,-0.0005231499671936035,A<0.65,0.8<=beta<1.1,A<0.65 | 0.8<=beta<1.1,baseline_middle_50
208,287_0.77_1.14.png,287,0.77,1.14,400,400,12.978465800365758,0.7728320360183716,36.02163274060945,0.9914282560348511,33.105061624644236,0.991424560546875,-2.916571115965212,-3.6954879760742188e-06,0.75<=A<0.85,1.1<=beta<1.4,0.75<=A<0.85 | 1.1<=beta<1.4,baseline_middle_50
209,288_0.82_1.17.png,288,0.82,1.17,400,400,12.393492841588534,0.7575480341911316,36.26379403893013,0.9911158680915833,33.225318521819204,0.991290271282196,-3.038475517110925,0.00017440319061279297,0.75<=A<0.85,1.1<=beta<1.4,0.75<=A<0.85 | 1.1<=beta<1.4,baseline_middle_50
210,289_0.61_0.88.png,289,0.61,0.88,400,400,20.528383778522986,0.9420157670974731,29.63381320374043,0.9930058717727661,30.057789264574026,0.9931828379631042,0.4239760608335956,0.00017696619033813477,A<0.65,0.8<=beta<1.1,A<0.65 | 0.8<=beta<1.1,baseline_middle_50
211,28_0.81_1.96.png,28,0.81,1.96,400,400,9.925085735097268,0.664765477180481,31.101149379668,0.9827775955200195,28.456870311412462,0.9816349744796753,-2.644279068255539,-0.0011426210403442383,0.75<=A<0.85,beta>=1.7,0.75<=A<0.85 | beta>=1.7,baseline_middle_50
212,290_0.66_1.66.png,290,0.66,1.66,400,400,16.543256500216454,0.8554443717002869,27.439237760030682,0.9874531626701355,28.467157670193295,0.9879550337791443,1.0279199101626126,0.0005018711090087891,0.65<=A<0.75,1.4<=beta<1.7,0.65<=A<0.75 | 1.4<=beta<1.7,baseline_weakest_25
213,291_0.52_0.89.png,291,0.52,0.89,400,400,19.686222616736654,0.9452973008155823,28.783818995230416,0.992730975151062,29.35768542721318,0.9933992028236389,0.5738664319827649,0.0006682276725769043,A<0.65,0.8<=beta<1.1,A<0.65 | 0.8<=beta<1.1,baseline_middle_50
214,292_0.81_0.91.png,292,0.81,0.91,400,400,18.90789724800611,0.9224324226379395,29.56507512063636,0.9927912950515747,30.226995288755802,0.992687463760376,0.6619201681194404,-0.00010383129119873047,0.75<=A<0.85,0.8<=beta<1.1,0.75<=A<0.85 | 0.8<=beta<1.1,baseline_middle_50
215,293_0.71_1.13.png,293,0.71,1.13,400,400,19.63640339583688,0.9391353130340576,28.49596235531527,0.9890792965888977,28.22688722341144,0.9901747703552246,-0.2690751319038327,0.0010954737663269043,0.65<=A<0.75,1.1<=beta<1.4,0.65<=A<0.75 | 1.1<=beta<1.4,baseline_weakest_25
216,294_0.89_1.44.png,294,0.89,1.44,400,400,16.468675544634735,0.890855073928833,27.68697532469506,0.9849492311477661,29.15734488534868,0.9886372685432434,1.470369560653623,0.003688037395477295,0.85<=A<0.95,1.4<=beta<1.7,0.85<=A<0.95 | 1.4<=beta<1.7,baseline_weakest_25
217,295_0.64_0.73.png,295,0.64,0.73,400,400,21.697228984504097,0.9719729423522949,28.57897559803149,0.9914323091506958,28.21517576746406,0.9921106696128845,-0.36379983056743015,0.0006783604621887207,A<0.65,beta<0.8,A<0.65 | beta<0.8,baseline_weakest_25
218,296_0.97_1.18.png,296,0.97,1.18,400,400,16.613076757047214,0.9094690680503845,29.142039810656595,0.9866782426834106,30.226976111099756,0.9902313947677612,1.084936300443161,0.003553152084350586,A>=0.95,1.1<=beta<1.4,A>=0.95 | 1.1<=beta<1.4,baseline_middle_50
219,297_0.69_1.91.png,297,0.69,1.91,400,400,11.15138312017432,0.7418334484100342,31.74940926126999,0.9864818453788757,30.852608256543373,0.9843259453773499,-0.8968010047266155,-0.002155900001525879,0.65<=A<0.75,beta>=1.7,0.65<=A<0.75 | beta>=1.7,baseline_middle_50
220,298_0.63_1.85.png,298,0.63,1.85,400,400,11.907500469713138,0.7624281048774719,31.338879607166877,0.9877938032150269,30.79879565068,0.9857696890830994,-0.5400839564868782,-0.0020241141319274902,A<0.65,beta>=1.7,A<0.65 | beta>=1.7,baseline_middle_50
221,299_0.72_1.91.png,299,0.72,1.91,400,400,10.893475737862788,0.7357219457626343,31.827480237700428,0.9857398271560669,30.860940955539462,0.9837766885757446,-0.9665392821609657,-0.0019631385803222656,0.65<=A<0.75,beta>=1.7,0.65<=A<0.75 | beta>=1.7,baseline_middle_50
222,29_0.85_1.7.png,29,0.85,1.7,400,400,9.920514713041923,0.6583492159843445,28.850785854733445,0.963377058506012,29.431589473456306,0.9608839154243469,0.5808036187228609,-0.002493143081665039,0.85<=A<0.95,beta>=1.7,0.85<=A<0.95 | beta>=1.7,baseline_middle_50
223,2_0.93_1.66.png,2,0.93,1.66,400,400,9.608130398311,0.5985805988311768,32.313674632845135,0.985541045665741,30.26727004013582,0.9832647442817688,-2.0464045927093153,-0.002276301383972168,0.85<=A<0.95,1.4<=beta<1.7,0.85<=A<0.95 | 1.4<=beta<1.7,baseline_middle_50
224,300_0.92_0.72.png,300,0.92,0.72,400,400,16.651775041436107,0.8930976390838623,35.40969808549125,0.9947259426116943,34.866840354894194,0.9937841892242432,-0.5428577305970563,-0.0009417533874511719,0.85<=A<0.95,beta<0.8,0.85<=A<0.95 | beta<0.8,baseline_middle_50
225,301_0.75_0.88.png,301,0.75,0.88,400,400,19.550177187759733,0.9452588558197021,25.408760755485545,0.9687547087669373,26.470299065048483,0.9709532856941223,1.0615383095629376,0.0021985769271850586,0.75<=A<0.85,0.8<=beta<1.1,0.75<=A<0.85 | 0.8<=beta<1.1,baseline_weakest_25
226,302_0.69_0.75.png,302,0.69,0.75,400,400,23.0659122461342,0.9678573608398438,24.765325051033717,0.9670608043670654,26.119963298963498,0.971684455871582,1.3546382479297812,0.0046236515045166016,0.65<=A<0.75,beta<0.8,0.65<=A<0.75 | beta<0.8,baseline_weakest_25
227,303_0.89_1.94.png,303,0.89,1.94,400,400,9.795707625666903,0.7717025876045227,26.57201558470318,0.9669786691665649,24.79038371649611,0.9541249871253967,-1.7816318682070715,-0.012853682041168213,0.85<=A<0.95,beta>=1.7,0.85<=A<0.95 | beta>=1.7,baseline_weakest_25
228,304_0.91_0.92.png,304,0.91,0.92,400,400,16.032692472521784,0.910420298576355,25.772549378574713,0.9674489498138428,25.541124263822596,0.9651585817337036,-0.2314251147521169,-0.00229036808013916,0.85<=A<0.95,0.8<=beta<1.1,0.85<=A<0.95 | 0.8<=beta<1.1,baseline_weakest_25
229,305_0.84_0.52.png,305,0.84,0.52,400,400,23.7831647698774,0.9654713273048401,36.360065125591184,0.9949923157691956,35.34990637261938,0.9954874515533447,-1.0101587529718046,0.0004951357841491699,0.75<=A<0.85,beta<0.8,0.75<=A<0.85 | beta<0.8,baseline_strongest_25
230,306_0.65_1.44.png,306,0.65,1.44,400,400,18.46105923642164,0.892893373966217,35.32008232989642,0.9934631586074829,33.97304395468,0.9926308989524841,-1.347038375216421,-0.0008322596549987793,0.65<=A<0.75,1.4<=beta<1.7,0.65<=A<0.75 | 1.4<=beta<1.7,baseline_middle_50
231,307_0.77_1.05.png,307,0.77,1.05,400,400,19.123770253692424,0.918074905872345,35.87582061133319,0.9941333532333374,33.405970851026304,0.9932660460472107,-2.469849760306886,-0.000867307186126709,0.75<=A<0.85,0.8<=beta<1.1,0.75<=A<0.85 | 0.8<=beta<1.1,baseline_middle_50
232,308_0.71_0.58.png,308,0.71,0.58,400,400,24.341109025019918,0.9670577049255371,36.55953519545852,0.9949746131896973,35.43697884508085,0.9953734278678894,-1.1225563503776712,0.00039881467819213867,0.65<=A<0.75,beta<0.8,0.65<=A<0.75 | beta<0.8,baseline_strongest_25
233,309_0.61_1.02.png,309,0.61,1.02,400,400,21.125535520137184,0.9491609334945679,33.11247590962754,0.9934126138687134,31.900681781853727,0.9944201707839966,-1.211794127773814,0.0010075569152832031,A<0.65,0.8<=beta<1.1,A<0.65 | 0.8<=beta<1.1,baseline_middle_50
234,30_0.74_0.8.png,30,0.74,0.8,400,400,16.699559816878423,0.8290809988975525,30.554539298355202,0.9777402877807617,32.10832875284786,0.9765890836715698,1.5537894544926587,-0.0011512041091918945,0.65<=A<0.75,0.8<=beta<1.1,0.65<=A<0.75 | 0.8<=beta<1.1,baseline_middle_50
235,310_0.8_1.12.png,310,0.8,1.12,400,400,18.887768820234186,0.9231533408164978,31.047535819048054,0.9909308552742004,33.32496473613238,0.9940040111541748,2.2774289170843254,0.0030731558799743652,0.75<=A<0.85,1.1<=beta<1.4,0.75<=A<0.85 | 1.1<=beta<1.4,baseline_middle_50
236,311_0.75_0.62.png,311,0.75,0.62,400,400,24.470741179491565,0.9703649878501892,33.69279803341232,0.9945506453514099,36.01519432078301,0.996302604675293,2.3223962873706867,0.0017519593238830566,0.75<=A<0.85,beta<0.8,0.75<=A<0.85 | beta<0.8,baseline_middle_50
237,312_0.61_0.79.png,312,0.61,0.79,400,400,22.989587762197576,0.965768039226532,34.48758601054071,0.994662344455719,33.954337478258864,0.995686411857605,-0.5332485322818457,0.0010240674018859863,A<0.65,beta<0.8,A<0.65 | beta<0.8,baseline_middle_50
238,313_0.51_1.58.png,313,0.51,1.58,400,400,19.10233726728567,0.8681613206863403,27.321331426735046,0.9825800657272339,28.684577192660864,0.9864604473114014,1.363245765925818,0.0038803815841674805,A<0.65,1.4<=beta<1.7,A<0.65 | 1.4<=beta<1.7,baseline_weakest_25
239,314_0.99_1.61.png,314,0.99,1.61,400,400,12.11634840973549,0.7796101570129395,27.323437811409438,0.9775577187538147,27.706793381300162,0.9804586172103882,0.3833555698907247,0.0029008984565734863,A>=0.95,1.4<=beta<1.7,A>=0.95 | 1.4<=beta<1.7,baseline_weakest_25
240,315_0.52_1.41.png,315,0.52,1.41,400,400,19.788147129655172,0.8859309554100037,28.320298110007197,0.9844400882720947,29.479058819858466,0.9874902963638306,1.1587607098512684,0.00305020809173584,A<0.65,1.4<=beta<1.7,A<0.65 | 1.4<=beta<1.7,baseline_weakest_25
241,316_0.91_0.85.png,316,0.91,0.85,400,400,17.748135842948077,0.9058454036712646,29.973831833462228,0.9877828359603882,30.49174109345128,0.9893087148666382,0.5179092599890538,0.00152587890625,0.85<=A<0.95,0.8<=beta<1.1,0.85<=A<0.95 | 0.8<=beta<1.1,baseline_middle_50
242,317_0.74_1.28.png,317,0.74,1.28,400,400,13.865313247019227,0.7106910347938538,29.712146905683916,0.963318943977356,31.894552228951166,0.9712792038917542,2.1824053232672505,0.007960259914398193,0.65<=A<0.75,1.1<=beta<1.4,0.65<=A<0.75 | 1.1<=beta<1.4,baseline_middle_50
243,318_0.87_0.58.png,318,0.87,0.58,400,400,18.859488457667712,0.8423103094100952,34.40434849865805,0.978481650352478,34.113486379390274,0.9799699187278748,-0.2908621192677785,0.0014882683753967285,0.85<=A<0.95,beta<0.8,0.85<=A<0.95 | beta<0.8,baseline_middle_50
244,319_0.83_1.89.png,319,0.83,1.89,400,400,10.11481299368738,0.5767234563827515,28.337076962671766,0.9570961594581604,30.122669750331337,0.9607553482055664,1.7855927876595707,0.003659188747406006,0.75<=A<0.85,beta>=1.7,0.75<=A<0.85 | beta>=1.7,baseline_weakest_25
245,31_0.58_0.89.png,31,0.58,0.89,400,400,17.630860952606596,0.8428229093551636,30.31429489121553,0.975369393825531,32.018420256381226,0.9757217168807983,1.704125365165698,0.000352323055267334,A<0.65,0.8<=beta<1.1,A<0.65 | 0.8<=beta<1.1,baseline_middle_50
246,320_0.75_1.18.png,320,0.75,1.18,400,400,14.37160910443141,0.7276062369346619,30.422881343082565,0.9662446975708008,32.352592582386286,0.9731404781341553,1.929711239303721,0.006895780563354492,0.75<=A<0.85,1.1<=beta<1.4,0.75<=A<0.85 | 1.1<=beta<1.4,baseline_middle_50
247,321_0.93_1.28.png,321,0.93,1.28,400,400,13.694952533020174,0.8100565075874329,25.980883399256896,0.9761385321617126,27.067566787571078,0.9770915508270264,1.0866833883141815,0.0009530186653137207,0.85<=A<0.95,1.1<=beta<1.4,0.85<=A<0.95 | 1.1<=beta<1.4,baseline_weakest_25
248,322_0.95_0.58.png,322,0.95,0.58,400,400,18.727900961219746,0.9154198169708252,30.262719376300353,0.9857599139213562,32.08188485735651,0.9881406426429749,1.8191654810561602,0.0023807287216186523,A>=0.95,beta<0.8,A>=0.95 | beta<0.8,baseline_middle_50
249,323_0.82_1.16.png,323,0.82,1.16,400,400,15.620075613443255,0.84617018699646,28.68743889211327,0.9817671775817871,28.135016415217326,0.980909526348114,-0.5524224768959449,-0.0008576512336730957,0.75<=A<0.85,1.1<=beta<1.4,0.75<=A<0.85 | 1.1<=beta<1.4,baseline_weakest_25
250,324_0.66_0.57.png,324,0.66,0.57,400,400,23.279614457031045,0.9492241144180298,35.60637985564304,0.9896593689918518,37.160138923961185,0.990743100643158,1.5537590683181435,0.0010837316513061523,0.65<=A<0.75,beta<0.8,0.65<=A<0.75 | beta<0.8,baseline_middle_50
251,325_0.8_1.68.png,325,0.8,1.68,400,400,19.0440707995231,0.9225678443908691,28.11251206184909,0.9833329319953918,26.376105176977383,0.9844152927398682,-1.7364068848717054,0.0010823607444763184,0.75<=A<0.85,1.4<=beta<1.7,0.75<=A<0.85 | 1.4<=beta<1.7,baseline_weakest_25
252,326_0.65_1.18.png,326,0.65,1.18,400,400,23.743551398594505,0.9674846529960632,31.050348821532904,0.9913380146026611,28.65238296162606,0.9910613298416138,-2.3979658599068436,-0.0002766847610473633,0.65<=A<0.75,1.1<=beta<1.4,0.65<=A<0.75 | 1.1<=beta<1.4,baseline_middle_50
253,327_0.98_1.23.png,327,0.98,1.23,400,400,22.177247126289576,0.9465336203575134,28.64593186369857,0.9769030213356018,30.32787664951368,0.9839597344398499,1.6819447858151086,0.007056713104248047,A>=0.95,1.1<=beta<1.4,A>=0.95 | 1.1<=beta<1.4,baseline_weakest_25
254,328_0.77_1.67.png,328,0.77,1.67,400,400,19.639873536799996,0.9294313192367554,28.015874437473226,0.9831508994102478,26.40766475543402,0.9845751523971558,-1.608209682039206,0.001424252986907959,0.75<=A<0.85,1.4<=beta<1.7,0.75<=A<0.85 | 1.4<=beta<1.7,baseline_weakest_25
255,329_0.81_1.47.png,329,0.81,1.47,400,400,13.076849409120154,0.8523697853088379,24.275624903393332,0.9567738175392151,26.472196587461525,0.9720154404640198,2.196571684068193,0.015241622924804688,0.75<=A<0.85,1.4<=beta<1.7,0.75<=A<0.85 | 1.4<=beta<1.7,baseline_weakest_25
256,32_0.6_1.67.png,32,0.6,1.67,400,400,11.761349697128033,0.7090536952018738,28.003967928412923,0.964581310749054,28.620837064475214,0.962354838848114,0.6168691360622915,-0.0022264719009399414,A<0.65,1.4<=beta<1.7,A<0.65 | 1.4<=beta<1.7,baseline_weakest_25
257,330_0.6_0.81.png,330,0.6,0.81,400,400,22.546907776983886,0.9673973321914673,26.390003677322916,0.9690660238265991,27.821370345897108,0.980357825756073,1.4313666685741921,0.011291801929473877,A<0.65,0.8<=beta<1.1,A<0.65 | 0.8<=beta<1.1,baseline_weakest_25
258,331_0.72_0.9.png,331,0.72,0.9,400,400,18.492727116911528,0.943091094493866,25.977115239190482,0.9680467844009399,27.947105108112215,0.9799084663391113,1.9699898689217328,0.011861681938171387,0.65<=A<0.75,0.8<=beta<1.1,0.65<=A<0.75 | 0.8<=beta<1.1,baseline_weakest_25
259,332_0.82_1.48.png,332,0.82,1.48,400,400,12.86470093842879,0.8483876585960388,24.15046940733255,0.9562791585922241,26.247092242749037,0.9710366129875183,2.096622835416486,0.01475745439529419,0.75<=A<0.85,1.4<=beta<1.7,0.75<=A<0.85 | 1.4<=beta<1.7,baseline_weakest_25
260,333_0.76_0.55.png,333,0.76,0.55,400,400,24.20216529108972,0.9743006825447083,29.68658404502711,0.99211186170578,30.93320549135796,0.9937885403633118,1.246621446330849,0.0016766786575317383,0.75<=A<0.85,beta<0.8,0.75<=A<0.85 | beta<0.8,baseline_middle_50
261,334_0.93_1.76.png,334,0.93,1.76,400,400,12.226401614874845,0.8204980492591858,26.231741523589278,0.9774965047836304,26.183162758185734,0.9781583547592163,-0.04857876540354411,0.0006618499755859375,0.85<=A<0.95,beta>=1.7,0.85<=A<0.95 | beta>=1.7,baseline_weakest_25
262,335_1.0_1.88.png,335,1.0,1.88,400,400,11.291863869394687,0.7956492304801941,26.71696138445008,0.9757680892944336,26.06304537498891,0.9736523032188416,-0.6539160094611702,-0.002115786075592041,A>=0.95,beta>=1.7,A>=0.95 | beta>=1.7,baseline_weakest_25
263,336_0.94_1.46.png,336,0.94,1.46,400,400,13.686080784747281,0.8548880815505981,26.196907073101315,0.9784725308418274,26.708873396237273,0.9806753993034363,0.5119663231359581,0.0022028684616088867,0.85<=A<0.95,1.4<=beta<1.7,0.85<=A<0.95 | 1.4<=beta<1.7,baseline_weakest_25
264,337_0.72_1.65.png,337,0.72,1.65,400,400,10.583609491609185,0.5935299396514893,28.016928888345287,0.9713708162307739,29.890958362569208,0.970212996006012,1.8740294742239207,-0.0011578202247619629,0.65<=A<0.75,1.4<=beta<1.7,0.65<=A<0.75 | 1.4<=beta<1.7,baseline_weakest_25
265,338_0.99_1.37.png,338,0.99,1.37,400,400,9.249937074080904,0.570411205291748,29.04587368437072,0.9540045857429504,29.349349103305187,0.9611661434173584,0.30347541893446817,0.007161557674407959,A>=0.95,1.1<=beta<1.4,A>=0.95 | 1.1<=beta<1.4,baseline_middle_50
266,339_0.64_1.47.png,339,0.64,1.47,400,400,12.692862497532913,0.6573128700256348,27.99446814342549,0.9784562587738037,29.231574950079814,0.975071907043457,1.2371068066543245,-0.0033843517303466797,A<0.65,1.4<=beta<1.7,A<0.65 | 1.4<=beta<1.7,baseline_weakest_25
267,33_0.55_1.75.png,33,0.55,1.75,400,400,19.046591394530495,0.9444438219070435,21.192828448496908,0.9736950397491455,22.74812680921883,0.9791603088378906,1.555298360721924,0.005465269088745117,A<0.65,beta>=1.7,A<0.65 | beta>=1.7,baseline_weakest_25
268,340_0.55_0.55.png,340,0.55,0.55,400,400,23.546080084502513,0.8946681022644043,32.39465382838,0.9890408515930176,32.21978725995346,0.9845736026763916,-0.17486656842653758,-0.0044672489166259766,A<0.65,beta<0.8,A<0.65 | beta<0.8,baseline_middle_50
269,341_0.68_1.62.png,341,0.68,1.62,400,400,13.656097190678988,0.7945029139518738,25.549784533730154,0.9715811014175415,24.199807508079175,0.9668821692466736,-1.349977025650979,-0.00469893217086792,0.65<=A<0.75,1.4<=beta<1.7,0.65<=A<0.75 | 1.4<=beta<1.7,baseline_weakest_25
270,342_0.96_1.08.png,342,0.96,1.08,400,400,10.882031304434673,0.7743873000144958,32.715520104094026,0.9862839579582214,24.47943682573108,0.9690414071083069,-8.236083278362944,-0.01724255084991455,A>=0.95,0.8<=beta<1.1,A>=0.95 | 0.8<=beta<1.1,baseline_middle_50
271,343_0.83_1.07.png,343,0.83,1.07,400,400,12.93274230415195,0.8126692175865173,32.090348068274686,0.9866489768028259,25.98755078406953,0.9752498865127563,-6.102797284205156,-0.01139909029006958,0.75<=A<0.85,0.8<=beta<1.1,0.75<=A<0.85 | 0.8<=beta<1.1,baseline_middle_50
272,344_0.82_1.51.png,344,0.82,1.51,400,400,11.354840427881081,0.7608848214149475,28.284128810832048,0.9783308506011963,23.340674600525013,0.9622398018836975,-4.943454210307035,-0.01609104871749878,0.75<=A<0.85,1.4<=beta<1.7,0.75<=A<0.85 | 1.4<=beta<1.7,baseline_weakest_25
273,345_0.98_1.02.png,345,0.98,1.02,400,400,18.636735397397082,0.9189393520355225,26.153373252854784,0.9800043702125549,24.685543578848236,0.9710153937339783,-1.4678296740065484,-0.00898897647857666,A>=0.95,0.8<=beta<1.1,A>=0.95 | 0.8<=beta<1.1,baseline_weakest_25
274,346_0.77_1.92.png,346,0.77,1.92,400,400,13.83716055787657,0.8172554969787598,24.231869202186907,0.966647207736969,23.455257806113007,0.9604384303092957,-0.7766113960738998,-0.00620877742767334,0.75<=A<0.85,beta>=1.7,0.75<=A<0.85 | beta>=1.7,baseline_weakest_25
275,347_0.92_1.53.png,347,0.92,1.53,400,400,14.110963806120525,0.8311777710914612,25.019500527379872,0.9734448194503784,24.21040989740229,0.9676600098609924,-0.8090906299775824,-0.005784809589385986,0.85<=A<0.95,1.4<=beta<1.7,0.85<=A<0.95 | 1.4<=beta<1.7,baseline_weakest_25
276,348_0.72_1.07.png,348,0.72,1.07,400,400,22.703545045758315,0.9552996158599854,25.47790809691096,0.973946213722229,25.419212035598576,0.9732289910316467,-0.05869606131238214,-0.0007172226905822754,0.65<=A<0.75,0.8<=beta<1.1,0.65<=A<0.75 | 0.8<=beta<1.1,baseline_weakest_25
277,349_0.53_1.85.png,349,0.53,1.85,400,400,15.046115217138523,0.8642687797546387,29.346068628727267,0.9875954389572144,29.131313266356344,0.9887306690216064,-0.21475536237092285,0.0011352300643920898,A<0.65,beta>=1.7,A<0.65 | beta>=1.7,baseline_middle_50
278,34_0.77_1.56.png,34,0.77,1.56,400,400,19.268034579017183,0.9454007744789124,25.34517410941578,0.977048933506012,26.54037886612683,0.9806358814239502,1.1952047567110498,0.0035869479179382324,0.75<=A<0.85,1.4<=beta<1.7,0.75<=A<0.85 | 1.4<=beta<1.7,baseline_weakest_25
279,350_0.84_1.87.png,350,0.84,1.87,400,400,12.693985407189622,0.8180069327354431,30.864492775237316,0.988113284111023,28.499619582162655,0.9875782132148743,-2.3648731930746614,-0.0005350708961486816,0.75<=A<0.85,beta>=1.7,0.75<=A<0.85 | beta>=1.7,baseline_middle_50
280,351_0.75_1.19.png,351,0.75,1.19,400,400,16.47301633664753,0.8998492360115051,33.422456099831955,0.9931570291519165,32.13073184283124,0.9932488203048706,-1.2917242570007161,9.179115295410156e-05,0.75<=A<0.85,1.1<=beta<1.4,0.75<=A<0.85 | 1.1<=beta<1.4,baseline_middle_50
281,352_0.87_0.77.png,352,0.87,0.77,400,400,18.951031446000044,0.9343131184577942,32.19910307759631,0.99461829662323,32.51689960935356,0.995245099067688,0.31779653175724576,0.0006268024444580078,0.85<=A<0.95,beta<0.8,0.85<=A<0.95 | beta<0.8,baseline_middle_50
282,353_0.53_1.07.png,353,0.53,1.07,400,400,21.728954609035505,0.9530631899833679,32.04366747644238,0.9881485104560852,33.93478442087215,0.9913806319236755,1.8911169444297684,0.003232121467590332,A<0.65,0.8<=beta<1.1,A<0.65 | 0.8<=beta<1.1,baseline_middle_50
283,354_0.98_1.12.png,354,0.98,1.12,400,400,15.684125662967027,0.8976887464523315,27.039737595381716,0.98603355884552,28.32353122896948,0.9906045198440552,1.2837936335877629,0.004570960998535156,A>=0.95,1.1<=beta<1.4,A>=0.95 | 1.1<=beta<1.4,baseline_weakest_25
284,355_0.83_0.96.png,355,0.83,0.96,400,400,18.80043231619851,0.934213399887085,28.22046183272723,0.9869614839553833,30.960013955455466,0.9928621649742126,2.7395521227282345,0.005900681018829346,0.75<=A<0.85,0.8<=beta<1.1,0.75<=A<0.85 | 0.8<=beta<1.1,baseline_weakest_25
285,356_0.67_0.95.png,356,0.67,0.95,400,400,21.218205425087007,0.9506170749664307,30.590210501792136,0.988140881061554,34.34158216773379,0.9933019280433655,3.7513716659416545,0.0051610469818115234,0.65<=A<0.75,0.8<=beta<1.1,0.65<=A<0.75 | 0.8<=beta<1.1,baseline_middle_50
286,357_0.86_1.37.png,357,0.86,1.37,400,400,14.573388211928055,0.9153630137443542,19.60620787386407,0.9537523984909058,20.76343430804097,0.9599021673202515,1.157226434176902,0.006149768829345703,0.85<=A<0.95,1.1<=beta<1.4,0.85<=A<0.95 | 1.1<=beta<1.4,baseline_weakest_25
287,358_0.68_1.38.png,358,0.68,1.38,400,400,16.7294068025262,0.9328230023384094,22.189782705194343,0.9692298173904419,22.348140804904,0.9680690765380859,0.15835809970965542,-0.001160740852355957,0.65<=A<0.75,1.1<=beta<1.4,0.65<=A<0.75 | 1.1<=beta<1.4,baseline_weakest_25
288,359_0.5_1.58.png,359,0.5,1.58,400,400,15.344539411090025,0.929787278175354,17.76304426601976,0.963234007358551,17.427511564618218,0.9617263078689575,-0.3355327014015437,-0.0015076994895935059,A<0.65,1.4<=beta<1.7,A<0.65 | 1.4<=beta<1.7,baseline_weakest_25
289,35_0.77_1.43.png,35,0.77,1.43,400,400,19.97116362030329,0.9519566297531128,25.556326979674644,0.9782775044441223,26.553026395146993,0.9811135530471802,0.9966994154723494,0.0028360486030578613,0.75<=A<0.85,1.4<=beta<1.7,0.75<=A<0.85 | 1.4<=beta<1.7,baseline_weakest_25
290,360_0.87_0.88.png,360,0.87,0.88,400,400,16.858518548872347,0.9397175908088684,21.494366648840632,0.9659895896911621,23.765025295459044,0.9745895862579346,2.2706586466184113,0.008599996566772461,0.85<=A<0.95,0.8<=beta<1.1,0.85<=A<0.95 | 0.8<=beta<1.1,baseline_weakest_25
291,361_0.51_1.62.png,361,0.51,1.62,400,400,12.426325418382953,0.8163831830024719,18.833908972083407,0.960525393486023,16.991828569444344,0.9374450445175171,-1.8420804026390627,-0.02308034896850586,A<0.65,1.4<=beta<1.7,A<0.65 | 1.4<=beta<1.7,baseline_weakest_25
292,362_0.82_0.88.png,362,0.82,0.88,400,400,21.12589718404218,0.9509037733078003,23.352746197948775,0.973381757736206,21.671425460055815,0.9614050984382629,-1.6813207378929604,-0.011976659297943115,0.75<=A<0.85,0.8<=beta<1.1,0.75<=A<0.85 | 0.8<=beta<1.1,baseline_weakest_25
293,363_0.56_0.51.png,363,0.56,0.51,400,400,19.980772641166183,0.9812355637550354,23.36364470788689,0.9762222766876221,21.10428907922134,0.9600978493690491,-2.2593556286655527,-0.016124427318572998,A<0.65,beta<0.8,A<0.65 | beta<0.8,baseline_weakest_25
294,364_0.98_0.89.png,364,0.98,0.89,400,400,18.390896351550378,0.9374829530715942,23.747916495291427,0.9752056002616882,22.31238199169782,0.9645166993141174,-1.4355345035936082,-0.0106889009475708,A>=0.95,0.8<=beta<1.1,A>=0.95 | 0.8<=beta<1.1,baseline_weakest_25
295,365_0.71_0.69.png,365,0.71,0.69,400,400,18.26705113619767,0.8809755444526672,28.36266425579997,0.969956636428833,27.43575370490877,0.96748948097229,-0.9269105508912006,-0.0024671554565429688,0.65<=A<0.75,beta<0.8,0.65<=A<0.75 | beta<0.8,baseline_weakest_25
296,366_0.54_0.64.png,366,0.54,0.64,400,400,21.075906342761886,0.9148434400558472,28.488132022487918,0.9728044867515564,27.397679366538267,0.9692137241363525,-1.090452655949651,-0.0035907626152038574,A<0.65,beta<0.8,A<0.65 | beta<0.8,baseline_weakest_25
297,367_0.88_0.72.png,367,0.88,0.72,400,400,16.148286446631314,0.8508396148681641,27.62096239369548,0.9662975072860718,27.16416641456032,0.9668120741844177,-0.45679597913515835,0.0005145668983459473,0.85<=A<0.95,beta<0.8,0.85<=A<0.95 | beta<0.8,baseline_weakest_25
298,368_0.79_1.95.png,368,0.79,1.95,400,400,10.26665914223678,0.6567432284355164,24.58391153881951,0.948740541934967,24.095002644401696,0.9458490610122681,-0.4889088944178148,-0.0028914809226989746,0.75<=A<0.85,beta>=1.7,0.75<=A<0.85 | beta>=1.7,baseline_weakest_25
299,369_0.55_1.18.png,369,0.55,1.18,400,400,17.68014987208549,0.8936208486557007,30.31965441849959,0.9868717193603516,32.575327964701856,0.986970067024231,2.2556735462022672,9.834766387939453e-05,A<0.65,1.1<=beta<1.4,A<0.65 | 1.1<=beta<1.4,baseline_middle_50
300,36_0.83_1.99.png,36,0.83,1.99,400,400,16.97057375876549,0.9200527667999268,25.10538225304634,0.9736015796661377,24.941921958241274,0.9723336100578308,-0.1634602948050663,-0.0012679696083068848,0.75<=A<0.85,beta>=1.7,0.75<=A<0.85 | beta>=1.7,baseline_weakest_25
301,370_0.7_0.68.png,370,0.7,0.68,400,400,18.561622426366213,0.9271594882011414,33.2301356162828,0.9900309443473816,33.86201956799585,0.9892743825912476,0.6318839517130499,-0.0007565617561340332,0.65<=A<0.75,beta<0.8,0.65<=A<0.75 | beta<0.8,baseline_middle_50
302,371_0.52_1.3.png,371,0.52,1.3,400,400,17.66363390903098,0.8863864541053772,28.793627856688357,0.9856870770454407,31.046998530421934,0.9855891466140747,2.2533706737335777,-9.79304313659668e-05,A<0.65,1.1<=beta<1.4,A<0.65 | 1.1<=beta<1.4,baseline_middle_50
303,372_0.98_1.7.png,372,0.98,1.7,400,400,10.623100887243108,0.7671210765838623,27.342788516270634,0.9766217470169067,28.32324289545781,0.9773682951927185,0.9804543791871758,0.0007465481758117676,A>=0.95,beta>=1.7,A>=0.95 | beta>=1.7,baseline_weakest_25
304,373_0.53_1.07.png,373,0.53,1.07,400,400,16.59601172185763,0.8739057183265686,26.676349942694806,0.9744532704353333,23.74936914651514,0.9598010778427124,-2.9269807961796666,-0.01465219259262085,A<0.65,0.8<=beta<1.1,A<0.65 | 0.8<=beta<1.1,baseline_weakest_25
305,374_0.52_1.1.png,374,0.52,1.1,400,400,16.37046772014953,0.8700515627861023,26.240094147404566,0.9743001461029053,23.600777527739368,0.9591777324676514,-2.6393166196651983,-0.015122413635253906,A<0.65,1.1<=beta<1.4,A<0.65 | 1.1<=beta<1.4,baseline_weakest_25
306,375_0.88_0.76.png,375,0.88,0.76,400,400,16.17326971888412,0.8776304721832275,28.94809566121583,0.9754157662391663,25.9342772519665,0.96375572681427,-3.013818409249332,-0.01166003942489624,0.85<=A<0.95,beta<0.8,0.85<=A<0.95 | beta<0.8,baseline_middle_50
307,376_0.67_0.58.png,376,0.67,0.58,400,400,20.583898004965263,0.9359725117683411,28.622451893453192,0.9777421951293945,25.848930413127967,0.9678910374641418,-2.7735214803252255,-0.009851157665252686,0.65<=A<0.75,beta<0.8,0.65<=A<0.75 | beta<0.8,baseline_weakest_25
308,377_0.53_0.92.png,377,0.53,0.92,400,400,20.90124628552164,0.9820795655250549,24.71737896363132,0.9701234698295593,25.335606360750397,0.9725511074066162,0.6182273971190781,0.0024276375770568848,A<0.65,0.8<=beta<1.1,A<0.65 | 0.8<=beta<1.1,baseline_weakest_25
309,378_0.74_1.24.png,378,0.74,1.24,400,400,19.996131867935038,0.9424132704734802,22.29472387560934,0.9662632942199707,22.766973684756255,0.967843234539032,0.4722498091469163,0.0015799403190612793,0.65<=A<0.75,1.1<=beta<1.4,0.65<=A<0.75 | 1.1<=beta<1.4,baseline_weakest_25
310,379_0.54_1.57.png,379,0.54,1.57,400,400,17.531464342100964,0.9452162384986877,24.643092525704958,0.9682149887084961,26.02001154889734,0.974999189376831,1.3769190231923822,0.006784200668334961,A<0.65,1.4<=beta<1.7,A<0.65 | 1.4<=beta<1.7,baseline_weakest_25
311,37_0.76_1.34.png,37,0.76,1.34,400,400,13.913368878091728,0.8310230374336243,29.40360243090187,0.9827560782432556,30.29510939480263,0.985741138458252,0.8915069639007598,0.002985060214996338,0.75<=A<0.85,1.1<=beta<1.4,0.75<=A<0.85 | 1.1<=beta<1.4,baseline_middle_50
312,380_0.53_1.36.png,380,0.53,1.36,400,400,18.306467459585157,0.9615881443023682,24.43717871023813,0.967434823513031,25.809065239224566,0.9742574095726013,1.3718865289864368,0.0068225860595703125,A<0.65,1.1<=beta<1.4,A<0.65 | 1.1<=beta<1.4,baseline_weakest_25
313,381_0.63_1.38.png,381,0.63,1.38,400,400,18.184996464933143,0.8770421147346497,29.743744776799236,0.9919988512992859,31.828948280693634,0.992788553237915,2.085203503894398,0.0007897019386291504,A<0.65,1.1<=beta<1.4,A<0.65 | 1.1<=beta<1.4,baseline_middle_50
314,382_0.53_1.12.png,382,0.53,1.12,400,400,20.384501445234203,0.9195266366004944,28.590729333182026,0.9919766783714294,30.351237718159165,0.9933114051818848,1.7605083849771397,0.0013347268104553223,A<0.65,1.1<=beta<1.4,A<0.65 | 1.1<=beta<1.4,baseline_weakest_25
315,383_0.62_1.77.png,383,0.62,1.77,400,400,16.897657950411336,0.8283949494361877,29.324161790915674,0.9905654191970825,29.94493018459933,0.9908214211463928,0.6207683936836546,0.00025600194931030273,A<0.65,beta>=1.7,A<0.65 | beta>=1.7,baseline_middle_50
316,384_0.97_0.82.png,384,0.97,0.82,400,400,17.152186468044675,0.9052150249481201,32.86492263831289,0.993503987789154,34.38954483161582,0.9945580959320068,1.5246221933029318,0.0010541081428527832,A>=0.95,0.8<=beta<1.1,A>=0.95 | 0.8<=beta<1.1,baseline_middle_50
317,385_0.84_1.99.png,385,0.84,1.99,400,400,11.752313474843238,0.8113180994987488,24.537815745418136,0.9768711924552917,23.920179786324898,0.9706642627716064,-0.6176359590932385,-0.006206929683685303,0.75<=A<0.85,beta>=1.7,0.75<=A<0.85 | beta>=1.7,baseline_weakest_25
318,386_0.96_1.55.png,386,0.96,1.55,400,400,12.725551095255662,0.8420544266700745,24.47914411867319,0.9781103730201721,23.515433470203565,0.9719831943511963,-0.9637106484696254,-0.00612717866897583,A>=0.95,1.4<=beta<1.7,A>=0.95 | 1.4<=beta<1.7,baseline_weakest_25
319,387_0.66_1.81.png,387,0.66,1.81,400,400,14.554690728566397,0.8709344863891602,25.114543483015893,0.9815616607666016,26.22454257187509,0.9789609313011169,1.1099990888591975,-0.002600729465484619,0.65<=A<0.75,beta>=1.7,0.65<=A<0.75 | beta>=1.7,baseline_weakest_25
320,388_0.55_0.83.png,388,0.55,0.83,400,400,25.489649975766177,0.9746298789978027,27.35520106722902,0.9901329278945923,27.31905725276205,0.9890789985656738,-0.036143814466971236,-0.001053929328918457,A<0.65,0.8<=beta<1.1,A<0.65 | 0.8<=beta<1.1,baseline_weakest_25
321,389_0.75_1.27.png,389,0.75,1.27,400,400,14.860442583942021,0.8151103854179382,22.74330127853701,0.9618388414382935,23.25935427874144,0.9689921140670776,0.5160530002044297,0.00715327262878418,0.75<=A<0.85,1.1<=beta<1.4,0.75<=A<0.85 | 1.1<=beta<1.4,baseline_weakest_25
322,38_0.87_1.94.png,38,0.87,1.94,400,400,9.985564697530947,0.7143183946609497,27.64241029114521,0.9719652533531189,28.14073622878597,0.9741789102554321,0.4983259376407574,0.0022136569023132324,0.85<=A<0.95,beta>=1.7,0.85<=A<0.95 | beta>=1.7,baseline_weakest_25
323,390_0.55_1.07.png,390,0.55,1.07,400,400,21.00829378372663,0.8891355395317078,22.559471860652586,0.9618744254112244,28.349737664623333,0.9823694229125977,5.7902658039707475,0.02049499750137329,A<0.65,0.8<=beta<1.1,A<0.65 | 0.8<=beta<1.1,baseline_weakest_25
324,391_0.87_1.8.png,391,0.87,1.8,400,400,10.82386441146239,0.7010100483894348,22.591705500204725,0.962676465511322,21.863876538008586,0.9651808738708496,-0.7278289621961385,0.002504408359527588,0.85<=A<0.95,beta>=1.7,0.85<=A<0.95 | beta>=1.7,baseline_weakest_25
325,392_0.97_1.81.png,392,0.97,1.81,400,400,9.420816134218077,0.6763436198234558,24.091268433998415,0.9697927832603455,22.07354763935122,0.9664121270179749,-2.0177207946471967,-0.0033806562423706055,A>=0.95,beta>=1.7,A>=0.95 | beta>=1.7,baseline_weakest_25
326,393_0.8_0.84.png,393,0.8,0.84,400,400,17.648730881059212,0.8119093775749207,32.559087693692604,0.9884560108184814,31.769298529733845,0.9869758486747742,-0.7897891639587584,-0.0014801621437072754,0.75<=A<0.85,0.8<=beta<1.1,0.75<=A<0.85 | 0.8<=beta<1.1,baseline_middle_50
327,394_0.79_0.57.png,394,0.79,0.57,400,400,20.737346197797155,0.8641012907028198,34.06454460810938,0.9915013313293457,34.30570695344521,0.9912827014923096,0.24116234533583025,-0.0002186298370361328,0.75<=A<0.85,beta<0.8,0.75<=A<0.85 | beta<0.8,baseline_middle_50
328,395_0.95_1.58.png,395,0.95,1.58,400,400,12.231045596442113,0.6859041452407837,28.453859748720035,0.9728792905807495,27.407217145482427,0.9698617458343506,-1.0466426032376077,-0.0030175447463989258,A>=0.95,1.4<=beta<1.7,A>=0.95 | 1.4<=beta<1.7,baseline_weakest_25
329,396_0.76_1.73.png,396,0.76,1.73,400,400,12.73751216458609,0.6931975483894348,30.096895804568028,0.9769629240036011,28.27727512689976,0.9725494980812073,-1.8196206776682686,-0.004413425922393799,0.75<=A<0.85,beta>=1.7,0.75<=A<0.85 | beta>=1.7,baseline_middle_50
330,397_0.61_1.53.png,397,0.61,1.53,400,400,11.84394417789677,0.7722338438034058,28.55172484885873,0.9832169413566589,27.292995316881125,0.9773940443992615,-1.258729531977604,-0.005822896957397461,A<0.65,1.4<=beta<1.7,A<0.65 | 1.4<=beta<1.7,baseline_weakest_25
331,398_0.78_1.13.png,398,0.78,1.13,400,400,12.685126136956066,0.7992040514945984,31.981762979540417,0.9818853735923767,28.03435683606649,0.977003276348114,-3.947406143473927,-0.004882097244262695,0.75<=A<0.85,1.1<=beta<1.4,0.75<=A<0.85 | 1.1<=beta<1.4,baseline_middle_50
332,399_0.98_1.03.png,399,0.98,1.03,400,400,12.806627508369651,0.7957687973976135,29.474120314029015,0.9734631776809692,28.56322409929767,0.9776746034622192,-0.9108962147313449,0.00421142578125,A>=0.95,0.8<=beta<1.1,A>=0.95 | 0.8<=beta<1.1,baseline_middle_50
333,39_0.78_1.14.png,39,0.78,1.14,400,400,15.371924117259631,0.8625192642211914,29.295704984282523,0.9833801984786987,30.228609445278547,0.9858904480934143,0.9329044609960242,0.002510249614715576,0.75<=A<0.85,1.1<=beta<1.4,0.75<=A<0.85 | 1.1<=beta<1.4,baseline_middle_50
334,3_0.5_0.82.png,3,0.5,0.82,400,400,21.02989028631218,0.8813179731369019,34.32306385548414,0.9929213523864746,34.674331351689254,0.9929448962211609,0.3512674962051108,2.3543834686279297e-05,A<0.65,0.8<=beta<1.1,A<0.65 | 0.8<=beta<1.1,baseline_middle_50
335,400_0.77_1.32.png,400,0.77,1.32,400,400,11.781104175514926,0.7744696736335754,31.27988930587391,0.9804428219795227,28.36189792754829,0.9767386317253113,-2.917991378325617,-0.0037041902542114258,0.75<=A<0.85,1.1<=beta<1.4,0.75<=A<0.85 | 1.1<=beta<1.4,baseline_middle_50
336,401_0.7_0.6.png,401,0.7,0.6,400,400,16.708937376903375,0.6786662936210632,34.34075378971981,0.9807098507881165,36.53289898833997,0.9788500070571899,2.1921451986201603,-0.0018598437309265137,0.65<=A<0.75,beta<0.8,0.65<=A<0.75 | beta<0.8,baseline_middle_50
337,402_0.5_1.99.png,402,0.5,1.99,400,400,11.195037258434903,0.47856464982032776,19.018942403397368,0.9378892779350281,20.6244185899042,0.9318709969520569,1.6054761865068308,-0.006018280982971191,A<0.65,beta>=1.7,A<0.65 | beta>=1.7,baseline_weakest_25
338,403_0.91_0.7.png,403,0.91,0.7,400,400,13.133070809669134,0.5947240591049194,33.16808597445059,0.9749749898910522,35.1305824944945,0.9743867516517639,1.9624965200439064,-0.0005882382392883301,0.85<=A<0.95,beta<0.8,0.85<=A<0.95 | beta<0.8,baseline_middle_50
339,404_0.71_1.78.png,404,0.71,1.78,400,400,9.260857951496359,0.4456545114517212,31.042021636966073,0.9580432772636414,33.217237016561455,0.9518895149230957,2.1752153795953824,-0.006153762340545654,0.65<=A<0.75,beta>=1.7,0.65<=A<0.75 | beta>=1.7,baseline_middle_50
340,405_0.73_1.88.png,405,0.73,1.88,400,400,12.23833997913604,0.7252489924430847,29.097156411134062,0.9875466823577881,31.82644843731568,0.9864863157272339,2.729292026181618,-0.0010603666305541992,0.65<=A<0.75,beta>=1.7,0.65<=A<0.75 | beta>=1.7,baseline_middle_50
341,406_0.86_1.52.png,406,0.86,1.52,400,400,11.84720369705725,0.7475813627243042,30.056989035367078,0.988715648651123,31.17622497207861,0.9871846437454224,1.119235936711533,-0.0015310049057006836,0.85<=A<0.95,1.4<=beta<1.7,0.85<=A<0.95 | 1.4<=beta<1.7,baseline_middle_50
342,407_0.68_1.96.png,407,0.68,1.96,400,400,12.779635408985737,0.7306291460990906,29.534617381723685,0.9878728985786438,32.05587939870338,0.9865327477455139,2.5212620169796978,-0.0013401508331298828,0.65<=A<0.75,beta>=1.7,0.65<=A<0.75 | beta>=1.7,baseline_middle_50
343,408_0.56_1.7.png,408,0.56,1.7,400,400,16.509235002571792,0.824329674243927,33.933318756357,0.9914956092834473,33.702547064456,0.9894828200340271,-0.23077169190099767,-0.002012789249420166,A<0.65,beta>=1.7,A<0.65 | beta>=1.7,baseline_middle_50
344,409_0.54_1.68.png,409,0.54,1.68,400,400,14.185440358934848,0.7710492014884949,26.05954848879196,0.9827893376350403,23.69047399531411,0.9777700901031494,-2.36907449347785,-0.005019247531890869,A<0.65,1.4<=beta<1.7,A<0.65 | 1.4<=beta<1.7,baseline_weakest_25
345,40_0.96_1.08.png,40,0.96,1.08,400,400,14.163842416588777,0.8330597281455994,27.35267438289948,0.9760547876358032,28.263724184577303,0.9801722764968872,0.911049801677823,0.004117488861083984,A>=0.95,0.8<=beta<1.1,A>=0.95 | 0.8<=beta<1.1,baseline_weakest_25
346,410_0.98_1.98.png,410,0.98,1.98,400,400,8.55170975174611,0.635169267654419,23.05753825430425,0.9771256446838379,19.56339914213427,0.9647142291069031,-3.4941391121699823,-0.012411415576934814,A>=0.95,beta>=1.7,A>=0.95 | beta>=1.7,baseline_weakest_25
347,411_0.76_1.73.png,411,0.76,1.73,400,400,11.281655854465292,0.7115141749382019,25.77618270598743,0.9845829606056213,23.490488770497734,0.9777510762214661,-2.2856939354896966,-0.0068318843841552734,0.75<=A<0.85,beta>=1.7,0.75<=A<0.85 | beta>=1.7,baseline_weakest_25
348,412_0.52_0.64.png,412,0.52,0.64,400,400,21.614408213214723,0.931384801864624,34.6440083984567,0.9953823685646057,31.89850703876924,0.9932965040206909,-2.7455013596874593,-0.002085864543914795,A<0.65,beta<0.8,A<0.65 | beta<0.8,baseline_middle_50
349,413_0.65_1.48.png,413,0.65,1.48,400,400,20.315305758225453,0.9260755181312561,29.38334439576976,0.9874654412269592,29.311718491072696,0.9867361187934875,-0.07162590469706487,-0.0007293224334716797,0.65<=A<0.75,1.4<=beta<1.7,0.65<=A<0.75 | 1.4<=beta<1.7,baseline_middle_50
350,414_0.58_1.54.png,414,0.58,1.54,400,400,19.323334242508995,0.9274530410766602,28.56148483568291,0.9868996143341064,28.715358486038774,0.9861778616905212,0.15387365035586242,-0.0007217526435852051,A<0.65,1.4<=beta<1.7,A<0.65 | 1.4<=beta<1.7,baseline_weakest_25
351,415_0.56_1.96.png,415,0.56,1.96,400,400,17.348032316655587,0.8914294838905334,28.914727793189474,0.9854475259780884,30.901958184980852,0.9852575659751892,1.9872303917913783,-0.00018996000289916992,A<0.65,beta>=1.7,A<0.65 | beta>=1.7,baseline_middle_50
352,416_0.95_0.59.png,416,0.95,0.59,400,400,23.946655531955052,0.9676700234413147,32.33686792477518,0.9917169213294983,30.76933285429409,0.990157425403595,-1.5675350704810889,-0.0015594959259033203,A>=0.95,beta<0.8,A>=0.95 | beta<0.8,baseline_middle_50
353,417_0.88_1.82.png,417,0.88,1.82,400,400,15.47770556453174,0.8781123757362366,31.60210833018828,0.9849604964256287,30.60156776147827,0.9846594929695129,-1.000540568710008,-0.00030100345611572266,0.85<=A<0.95,beta>=1.7,0.85<=A<0.95 | beta>=1.7,baseline_middle_50
354,418_0.98_0.77.png,418,0.98,0.77,400,400,19.302317971493117,0.9494767189025879,30.752318989716937,0.9917561411857605,29.70472273120396,0.9917953014373779,-1.047596258512975,3.916025161743164e-05,A>=0.95,beta<0.8,A>=0.95 | beta<0.8,baseline_middle_50
355,419_0.87_0.61.png,419,0.87,0.61,400,400,22.93869322480578,0.967881441116333,34.30549371336875,0.9931132793426514,34.636484704197,0.9935168623924255,0.3309909908282549,0.0004035830497741699,0.85<=A<0.95,beta<0.8,0.85<=A<0.95 | beta<0.8,baseline_middle_50
356,41_0.76_1.73.png,41,0.76,1.73,400,400,11.923216619883558,0.7030500173568726,26.307510635595442,0.971672534942627,25.907718430041346,0.9567503333091736,-0.3997922055540961,-0.01492220163345337,0.75<=A<0.85,beta>=1.7,0.75<=A<0.85 | beta>=1.7,baseline_weakest_25
357,420_0.62_1.38.png,420,0.62,1.38,400,400,20.32459395221856,0.9310217499732971,28.696499669126375,0.9882895350456238,31.531483228571915,0.9894540309906006,2.83498355944554,0.0011644959449768066,A<0.65,1.1<=beta<1.4,A<0.65 | 1.1<=beta<1.4,baseline_weakest_25
358,421_0.58_1.77.png,421,0.58,1.77,400,400,15.394678821062161,0.836327850818634,26.9653801394305,0.9860996007919312,27.35791935429024,0.9852160811424255,0.3925392148597382,-0.0008835196495056152,A<0.65,beta>=1.7,A<0.65 | beta>=1.7,baseline_weakest_25
359,422_0.65_0.92.png,422,0.65,0.92,400,400,19.222798187443757,0.9105566740036011,32.72789020675062,0.9943628907203674,30.245337482886313,0.9921618700027466,-2.482552723864309,-0.0022010207176208496,0.65<=A<0.75,0.8<=beta<1.1,0.65<=A<0.75 | 0.8<=beta<1.1,baseline_middle_50
360,423_0.81_1.79.png,423,0.81,1.79,400,400,12.322284837830482,0.793554425239563,33.06141320890297,0.9863906502723694,31.23374978553073,0.9841039180755615,-1.8276634233722397,-0.0022867321968078613,0.75<=A<0.85,beta>=1.7,0.75<=A<0.85 | beta>=1.7,baseline_middle_50
361,424_0.81_1.5.png,424,0.81,1.5,400,400,13.379180496023245,0.8219202160835266,34.231445970113,0.9897579550743103,32.79051032044626,0.9885295629501343,-1.4409356496667414,-0.0012283921241760254,0.75<=A<0.85,1.4<=beta<1.7,0.75<=A<0.85 | 1.4<=beta<1.7,baseline_middle_50
362,425_0.95_1.73.png,425,0.95,1.73,400,400,10.719970157699423,0.6969814300537109,24.943151369152336,0.9622743725776672,25.402067333928045,0.9669508934020996,0.4589159647757093,0.004676520824432373,A>=0.95,beta>=1.7,A>=0.95 | beta>=1.7,baseline_weakest_25
363,426_0.84_1.85.png,426,0.84,1.85,400,400,10.787796168720005,0.6968492269515991,26.255193550127196,0.9665738940238953,26.924725128738277,0.970446765422821,0.6695315786110818,0.0038728713989257812,0.75<=A<0.85,beta>=1.7,0.75<=A<0.85 | beta>=1.7,baseline_weakest_25
364,427_0.69_0.58.png,427,0.69,0.58,400,400,19.516707817316444,0.9298052787780762,29.7354543276623,0.9855886697769165,29.399150439216356,0.9867944121360779,-0.3363038884459435,0.001205742359161377,0.65<=A<0.75,beta<0.8,0.65<=A<0.75 | beta<0.8,baseline_middle_50
365,428_0.92_0.82.png,428,0.92,0.82,400,400,14.991472803192682,0.8612902164459229,29.509623436564738,0.9827720522880554,30.109832103509714,0.9854844808578491,0.600208666944976,0.002712428569793701,0.85<=A<0.95,0.8<=beta<1.1,0.85<=A<0.95 | 0.8<=beta<1.1,baseline_middle_50
366,429_0.52_1.11.png,429,0.52,1.11,400,400,24.93501520413343,0.9809380173683167,27.926081962608812,0.9812228679656982,23.509681478961358,0.979647159576416,-4.416400483647454,-0.0015757083892822266,A<0.65,1.1<=beta<1.4,A<0.65 | 1.1<=beta<1.4,baseline_weakest_25
367,42_0.58_1.34.png,42,0.58,1.34,400,400,14.826551014639215,0.7834385633468628,30.090496022235833,0.983064591884613,29.062920967813227,0.9709047675132751,-1.0275750544226057,-0.01215982437133789,A<0.65,1.1<=beta<1.4,A<0.65 | 1.1<=beta<1.4,baseline_middle_50
368,430_0.66_1.24.png,430,0.66,1.24,400,400,25.99199215899487,0.9783449769020081,26.917125639397156,0.9852657914161682,25.857611870942286,0.9852533936500549,-1.0595137684548703,-1.239776611328125e-05,0.65<=A<0.75,1.1<=beta<1.4,0.65<=A<0.75 | 1.1<=beta<1.4,baseline_weakest_25
369,431_0.86_1.86.png,431,0.86,1.86,400,400,15.61908813338087,0.9233854413032532,21.870728515819966,0.9719262719154358,21.80381369174232,0.970962643623352,-0.06691482407764582,-0.0009636282920837402,0.85<=A<0.95,beta>=1.7,0.85<=A<0.95 | beta>=1.7,baseline_weakest_25
370,432_0.67_1.68.png,432,0.67,1.68,400,400,20.963874305788742,0.9615875482559204,25.379059881979956,0.9792852997779846,25.42889608072691,0.9815554022789001,0.04983619874695577,0.0022701025009155273,0.65<=A<0.75,1.4<=beta<1.7,0.65<=A<0.75 | 1.4<=beta<1.7,baseline_weakest_25
371,433_0.95_1.27.png,433,0.95,1.27,400,400,10.892108998069807,0.7176221609115601,25.504048357580075,0.9444574117660522,25.314455270445926,0.9422606825828552,-0.18959308713414913,-0.0021967291831970215,A>=0.95,1.1<=beta<1.4,A>=0.95 | 1.1<=beta<1.4,baseline_weakest_25
372,434_0.56_1.76.png,434,0.56,1.76,400,400,15.301746633912906,0.7386762499809265,23.669716824002897,0.9491055011749268,24.91442800932767,0.951193630695343,1.2447111853247712,0.0020881295204162598,A<0.65,beta>=1.7,A<0.65 | beta>=1.7,baseline_weakest_25
373,435_0.52_0.95.png,435,0.52,0.95,400,400,19.358936275635223,0.848691999912262,28.42130762119952,0.9800754189491272,30.73067742846382,0.9778162837028503,2.3093698072643,-0.0022591352462768555,A<0.65,0.8<=beta<1.1,A<0.65 | 0.8<=beta<1.1,baseline_weakest_25
374,436_0.98_1.16.png,436,0.98,1.16,400,400,11.035116426521206,0.7286959290504456,25.70234451921387,0.9476213455200195,25.363773602529236,0.944982647895813,-0.3385709166846347,-0.002638697624206543,A>=0.95,1.1<=beta<1.4,A>=0.95 | 1.1<=beta<1.4,baseline_weakest_25
375,437_0.96_1.74.png,437,0.96,1.74,400,400,8.151726126580478,0.5185379981994629,31.527612670259415,0.9848922491073608,32.09290142513643,0.9841411709785461,0.5652887548770167,-0.0007510781288146973,A>=0.95,beta>=1.7,A>=0.95 | beta>=1.7,baseline_middle_50
376,438_0.56_1.19.png,438,0.56,1.19,400,400,12.596715837035116,0.6875205636024475,31.46332542119504,0.9814203381538391,31.123064104641493,0.9820226430892944,-0.34026131655354774,0.0006023049354553223,A<0.65,1.1<=beta<1.4,A<0.65 | 1.1<=beta<1.4,baseline_middle_50
377,439_0.82_1.6.png,439,0.82,1.6,400,400,9.062370848175206,0.5611078143119812,32.10583117597071,0.9870617389678955,31.86368255448533,0.9850773811340332,-0.2421486214853772,-0.0019843578338623047,0.75<=A<0.85,1.4<=beta<1.7,0.75<=A<0.85 | 1.4<=beta<1.7,baseline_middle_50
378,43_0.96_1.8.png,43,0.96,1.8,400,400,10.718858151487588,0.6705940365791321,24.10196348413029,0.9558782577514648,24.161821800473877,0.9472200870513916,0.05985831634358618,-0.008658170700073242,A>=0.95,beta>=1.7,A>=0.95 | beta>=1.7,baseline_weakest_25
379,440_0.86_1.63.png,440,0.86,1.63,400,400,8.805964374202734,0.5498883128166199,32.00601054790703,0.9869552254676819,32.242366729635236,0.9852268099784851,0.23635618172820472,-0.0017284154891967773,0.85<=A<0.95,1.4<=beta<1.7,0.85<=A<0.95 | 1.4<=beta<1.7,baseline_middle_50
380,441_0.7_1.99.png,441,0.7,1.99,400,400,18.673180652163115,0.9520366191864014,17.22368963416672,0.9159179329872131,17.051299026790957,0.9245885610580444,-0.17239060737576395,0.008670628070831299,0.65<=A<0.75,beta>=1.7,0.65<=A<0.75 | beta>=1.7,baseline_weakest_25
381,442_0.69_0.5.png,442,0.69,0.5,400,400,25.46004423398491,0.9893390536308289,20.26161730470865,0.9350512027740479,21.314487568951623,0.9489749073982239,1.0528702642429728,0.013923704624176025,0.65<=A<0.75,beta<0.8,0.65<=A<0.75 | beta<0.8,baseline_weakest_25
382,443_0.56_1.04.png,443,0.56,1.04,400,400,19.42714008605588,0.9714317321777344,13.303321722649448,0.8793178200721741,12.862040171341881,0.8782359957695007,-0.44128155130756674,-0.0010818243026733398,A<0.65,0.8<=beta<1.1,A<0.65 | 0.8<=beta<1.1,baseline_weakest_25
383,444_0.75_0.74.png,444,0.75,0.74,400,400,23.582603596256643,0.9853368401527405,20.91678985232499,0.940122127532959,21.761065073721127,0.9517713189125061,0.8442752213961384,0.01164919137954712,0.75<=A<0.85,beta<0.8,0.75<=A<0.85 | beta<0.8,baseline_weakest_25
384,445_0.81_1.09.png,445,0.81,1.09,400,400,13.892142163271558,0.7508426904678345,30.223091186179364,0.988156259059906,28.237685104439873,0.9847114682197571,-1.985406081739491,-0.0034447908401489258,0.75<=A<0.85,0.8<=beta<1.1,0.75<=A<0.85 | 0.8<=beta<1.1,baseline_middle_50
385,446_0.73_1.78.png,446,0.73,1.78,400,400,11.082038017371483,0.6559697985649109,29.29003919301215,0.9839162826538086,27.44538707279213,0.9836766123771667,-1.8446521202200188,-0.0002396702766418457,0.65<=A<0.75,beta>=1.7,0.65<=A<0.75 | beta>=1.7,baseline_middle_50
386,447_0.86_1.46.png,447,0.86,1.46,400,400,11.655179409778613,0.6790520548820496,29.944248310682493,0.9844430088996887,28.664207970525553,0.9824395179748535,-1.2800403401569405,-0.002003490924835205,0.85<=A<0.95,1.4<=beta<1.7,0.85<=A<0.95 | 1.4<=beta<1.7,baseline_middle_50
387,448_0.7_1.9.png,448,0.7,1.9,400,400,10.91001838130037,0.6471971273422241,28.478544222167606,0.9831235408782959,27.270990573587575,0.9830112457275391,-1.2075536485800313,-0.00011229515075683594,0.65<=A<0.75,beta>=1.7,0.65<=A<0.75 | beta>=1.7,baseline_weakest_25
388,449_0.93_0.78.png,449,0.93,0.78,400,400,14.615797646462703,0.7268884181976318,34.46595118247305,0.9910504221916199,34.851649336244904,0.9858052134513855,0.38569815377185535,-0.005245208740234375,0.85<=A<0.95,beta<0.8,0.85<=A<0.95 | beta<0.8,baseline_middle_50
389,44_0.73_0.53.png,44,0.73,0.53,400,400,21.468364868464572,0.90814208984375,38.185838528994914,0.9902710914611816,35.02509411892194,0.9880927801132202,-3.1607444100729722,-0.0021783113479614258,0.65<=A<0.75,beta<0.8,0.65<=A<0.75 | beta<0.8,baseline_strongest_25
390,450_0.55_1.68.png,450,0.55,1.68,400,400,12.437954502493177,0.6505826711654663,29.751621327583706,0.9839036464691162,31.103072359579144,0.9845353364944458,1.3514510319954383,0.0006316900253295898,A<0.65,1.4<=beta<1.7,A<0.65 | 1.4<=beta<1.7,baseline_middle_50
391,451_0.69_1.79.png,451,0.69,1.79,400,400,10.456777734092814,0.5980139970779419,29.311129553166985,0.9820331335067749,29.70927198354889,0.9822703003883362,0.3981424303819061,0.0002371668815612793,0.65<=A<0.75,beta>=1.7,0.65<=A<0.75 | beta>=1.7,baseline_middle_50
392,452_0.62_0.88.png,452,0.62,0.88,400,400,16.524756940414132,0.768275260925293,32.06609456885659,0.9909817576408386,32.68554280396553,0.990402102470398,0.6194482351089405,-0.0005796551704406738,A<0.65,0.8<=beta<1.1,A<0.65 | 0.8<=beta<1.1,baseline_middle_50
393,453_0.95_0.6.png,453,0.95,0.6,400,400,14.667473576933201,0.8325104713439941,32.71814322824551,0.9913838505744934,32.65565591661464,0.9910050630569458,-0.06248731163086774,-0.0003787875175476074,A>=0.95,beta<0.8,A>=0.95 | beta<0.8,baseline_middle_50
394,454_0.7_1.23.png,454,0.7,1.23,400,400,12.09476118087065,0.7245957851409912,29.58187608476125,0.9873555302619934,30.617518920191387,0.9880445599555969,1.035642835430135,0.0006890296936035156,0.65<=A<0.75,1.1<=beta<1.4,0.65<=A<0.75 | 1.1<=beta<1.4,baseline_middle_50
395,455_0.71_0.53.png,455,0.71,0.53,400,400,17.83594654716068,0.8898128271102905,36.02811110709589,0.994147002696991,36.059288019158515,0.9938935041427612,0.031176912062626627,-0.00025349855422973633,0.65<=A<0.75,beta<0.8,0.65<=A<0.75 | beta<0.8,baseline_middle_50
396,456_0.72_0.84.png,456,0.72,0.84,400,400,14.402518508170473,0.8108808398246765,32.65718027403839,0.9913468956947327,33.65650471575951,0.9914248585700989,0.9993244417211216,7.796287536621094e-05,0.65<=A<0.75,0.8<=beta<1.1,0.65<=A<0.75 | 0.8<=beta<1.1,baseline_middle_50
397,457_0.61_0.57.png,457,0.61,0.57,400,400,26.351271344700532,0.9851759076118469,38.26986311015241,0.9966146349906921,35.50758713677907,0.9955818057060242,-2.7622759733733346,-0.0010328292846679688,A<0.65,beta<0.8,A<0.65 | beta<0.8,baseline_strongest_25
398,458_0.58_0.65.png,458,0.58,0.65,400,400,26.46240827560547,0.983644962310791,38.38119964266014,0.9964609742164612,33.845754366370656,0.9949573874473572,-4.535445276289487,-0.001503586769104004,A<0.65,beta<0.8,A<0.65 | beta<0.8,baseline_strongest_25
399,459_0.97_1.71.png,459,0.97,1.71,400,400,11.335234883726415,0.8538459539413452,17.402171514204475,0.9585492014884949,16.83852149908247,0.9558064341545105,-0.5636500151220041,-0.002742767333984375,A>=0.95,beta>=1.7,A>=0.95 | beta>=1.7,baseline_weakest_25
400,45_0.99_1.02.png,45,0.99,1.02,400,400,11.636482511842392,0.7582800984382629,28.234342855201383,0.9711414575576782,27.5645993637633,0.9700992107391357,-0.6697434914380835,-0.0010422468185424805,A>=0.95,0.8<=beta<1.1,A>=0.95 | 0.8<=beta<1.1,baseline_weakest_25
401,460_0.99_1.03.png,460,0.99,1.03,400,400,13.591080109202737,0.9077173471450806,20.918804433053605,0.9771283864974976,19.690844241095476,0.9731282591819763,-1.2279601919581289,-0.00400012731552124,A>=0.95,0.8<=beta<1.1,A>=0.95 | 0.8<=beta<1.1,baseline_weakest_25
402,461_0.68_1.75.png,461,0.68,1.75,400,400,12.549521355948457,0.7978988289833069,30.404431321699835,0.9809823036193848,28.105845603587838,0.9789429903030396,-2.2985857181119975,-0.002039313316345215,0.65<=A<0.75,beta>=1.7,0.65<=A<0.75 | beta>=1.7,baseline_middle_50
403,462_0.91_1.52.png,462,0.91,1.52,400,400,10.762660541227733,0.7691597938537598,29.003746117375655,0.9800074100494385,24.774800748423115,0.9732363224029541,-4.228945368952541,-0.006771087646484375,0.85<=A<0.95,1.4<=beta<1.7,0.85<=A<0.95 | 1.4<=beta<1.7,baseline_middle_50
404,463_0.97_1.52.png,463,0.97,1.52,400,400,10.210371421197104,0.7559155225753784,28.567106003596223,0.978354811668396,24.205267234092553,0.9698830842971802,-4.36183876950367,-0.00847172737121582,A>=0.95,1.4<=beta<1.7,A>=0.95 | 1.4<=beta<1.7,baseline_weakest_25
405,464_0.68_1.75.png,464,0.68,1.75,400,400,12.549521355948457,0.7978988289833069,30.404431321699835,0.9809823036193848,28.105845603587838,0.9789429903030396,-2.2985857181119975,-0.002039313316345215,0.65<=A<0.75,beta>=1.7,0.65<=A<0.75 | beta>=1.7,baseline_middle_50
406,465_0.94_1.86.png,465,0.94,1.86,400,400,14.246171997685067,0.8186492919921875,30.23088797470553,0.9805031418800354,31.09088682708359,0.9804688692092896,0.8599988523780588,-3.427267074584961e-05,0.85<=A<0.95,beta>=1.7,0.85<=A<0.95 | beta>=1.7,baseline_middle_50
407,466_0.99_1.63.png,466,0.99,1.63,400,400,14.580020714942998,0.8302552700042725,29.128396874689145,0.981829822063446,29.972358109949944,0.9825686812400818,0.8439612352607995,0.0007388591766357422,A>=0.95,1.4<=beta<1.7,A>=0.95 | 1.4<=beta<1.7,baseline_middle_50
408,467_0.71_1.76.png,467,0.71,1.76,400,400,17.474972724289447,0.859235942363739,27.758934215058982,0.9857132434844971,27.99862814065755,0.9817067980766296,0.23969392559856928,-0.004006445407867432,0.65<=A<0.75,beta>=1.7,0.65<=A<0.75 | beta>=1.7,baseline_weakest_25
409,468_0.73_1.94.png,468,0.73,1.94,400,400,16.431028876317185,0.842710554599762,27.0858033711131,0.9844520688056946,27.183498352126225,0.9780054688453674,0.0976949810131238,-0.0064465999603271484,0.65<=A<0.75,beta>=1.7,0.65<=A<0.75 | beta>=1.7,baseline_weakest_25
410,469_0.96_1.99.png,469,0.96,1.99,400,400,8.465499231061298,0.6393591165542603,27.71040610227205,0.9451449513435364,27.932660715058233,0.9492141008377075,0.22225461278618397,0.004069149494171143,A>=0.95,beta>=1.7,A>=0.95 | beta>=1.7,baseline_weakest_25
411,46_0.57_1.55.png,46,0.57,1.55,400,400,11.799133400219599,0.7513036727905273,28.87946898541561,0.9703466296195984,29.17784219247949,0.9725035429000854,0.2983732070638787,0.0021569132804870605,A<0.65,1.4<=beta<1.7,A<0.65 | 1.4<=beta<1.7,baseline_middle_50
412,470_0.53_1.34.png,470,0.53,1.34,400,400,13.503909634645979,0.7767052054405212,31.09248926118996,0.9848611354827881,33.66090630373808,0.9854645729064941,2.56841704254812,0.0006034374237060547,A<0.65,1.1<=beta<1.4,A<0.65 | 1.1<=beta<1.4,baseline_middle_50
413,471_0.76_0.79.png,471,0.76,0.79,400,400,15.536436285021777,0.8330294489860535,31.652091351727123,0.9717418551445007,32.92600580932032,0.9808182120323181,1.2739144575932002,0.009076356887817383,0.75<=A<0.85,beta<0.8,0.75<=A<0.85 | beta<0.8,baseline_middle_50
414,472_0.69_0.68.png,472,0.69,0.68,400,400,17.53720303955235,0.8678895235061646,31.245081202855168,0.9765437841415405,32.09442105754916,0.982861340045929,0.8493398546939943,0.006317555904388428,0.65<=A<0.75,beta<0.8,0.65<=A<0.75 | beta<0.8,baseline_middle_50
415,473_0.63_0.94.png,473,0.63,0.94,400,400,20.643402887367387,0.9302018880844116,27.678362460380093,0.9807876348495483,28.338265817563773,0.9843629598617554,0.6599033571836799,0.0035753250122070312,A<0.65,0.8<=beta<1.1,A<0.65 | 0.8<=beta<1.1,baseline_weakest_25
416,474_0.6_1.43.png,474,0.6,1.43,400,400,16.515155153829944,0.8601334691047668,29.381656756693523,0.9842251539230347,30.101894893774475,0.9859802722930908,0.7202381370809512,0.0017551183700561523,A<0.65,1.4<=beta<1.7,A<0.65 | 1.4<=beta<1.7,baseline_middle_50
417,475_0.94_1.55.png,475,0.94,1.55,400,400,11.218031091661643,0.7484118342399597,28.017545090511437,0.9824788570404053,28.58502058485894,0.9836543798446655,0.5674754943475016,0.001175522804260254,0.85<=A<0.95,1.4<=beta<1.7,0.85<=A<0.95 | 1.4<=beta<1.7,baseline_weakest_25
418,476_0.91_1.92.png,476,0.91,1.92,400,400,10.033578939491985,0.7012248635292053,28.070711320088925,0.981730580329895,28.17920965593725,0.9797225594520569,0.10849833584832425,-0.0020080208778381348,0.85<=A<0.95,beta>=1.7,0.85<=A<0.95 | beta>=1.7,baseline_weakest_25
419,477_0.9_1.45.png,477,0.9,1.45,400,400,13.036143200677246,0.7770143747329712,27.962569793258343,0.9732974767684937,28.20260464036465,0.9726746082305908,0.2400348471063083,-0.000622868537902832,0.85<=A<0.95,1.4<=beta<1.7,0.85<=A<0.95 | 1.4<=beta<1.7,baseline_weakest_25
420,478_0.84_0.71.png,478,0.84,0.71,400,400,18.059484598301502,0.8966204524040222,30.293603677946717,0.9861996173858643,28.598453375034453,0.9803237318992615,-1.695150302912264,-0.005875885486602783,0.75<=A<0.85,beta<0.8,0.75<=A<0.85 | beta<0.8,baseline_middle_50
421,479_0.79_0.62.png,479,0.79,0.62,400,400,19.204681166686616,0.9163724780082703,30.383686638214936,0.9865593314170837,28.89771154081192,0.9807015657424927,-1.485975097403017,-0.0058577656745910645,0.75<=A<0.85,beta<0.8,0.75<=A<0.85 | beta<0.8,baseline_middle_50
422,47_0.78_0.6.png,47,0.78,0.6,400,400,16.972833442468517,0.8752238154411316,32.24592425463493,0.9838461875915527,29.594733745264314,0.9768864512443542,-2.6511905093706147,-0.006959736347198486,0.75<=A<0.85,beta<0.8,0.75<=A<0.85 | beta<0.8,baseline_middle_50
423,480_0.54_0.98.png,480,0.54,0.98,400,400,18.213231202468354,0.8940433859825134,26.85130552802064,0.9865855574607849,24.92173732530641,0.9799755215644836,-1.9295682027142291,-0.0066100358963012695,A<0.65,0.8<=beta<1.1,A<0.65 | 0.8<=beta<1.1,baseline_weakest_25
424,481_0.81_0.67.png,481,0.81,0.67,400,400,16.70688970502025,0.8555569052696228,33.62596672770348,0.9908208847045898,32.6988939486237,0.9880298376083374,-0.9270727790797793,-0.0027910470962524414,0.75<=A<0.85,beta<0.8,0.75<=A<0.85 | beta<0.8,baseline_middle_50
425,482_0.91_0.62.png,482,0.91,0.62,400,400,16.153896984047137,0.8520427346229553,33.980136201443024,0.9908722043037415,33.40451844777569,0.9883950352668762,-0.5756177536673306,-0.0024771690368652344,0.85<=A<0.95,beta<0.8,0.85<=A<0.95 | beta<0.8,baseline_middle_50
426,483_0.64_0.86.png,483,0.64,0.86,400,400,17.231991414237445,0.8459409475326538,29.41985231096205,0.9879186153411865,30.000412876551756,0.9861485958099365,0.5805605655897068,-0.00177001953125,A<0.65,0.8<=beta<1.1,A<0.65 | 0.8<=beta<1.1,baseline_middle_50
427,484_0.94_1.48.png,484,0.94,1.48,400,400,10.249610173244214,0.6651479005813599,31.685228526140516,0.9836241006851196,30.781637447708118,0.9810487031936646,-0.9035910784323988,-0.002575397491455078,0.85<=A<0.95,1.4<=beta<1.7,0.85<=A<0.95 | 1.4<=beta<1.7,baseline_middle_50
428,485_0.94_1.87.png,485,0.94,1.87,400,400,12.947819792073398,0.8275609016418457,25.058444973393872,0.9729689955711365,25.821289515827907,0.9711602330207825,0.7628445424340349,-0.001808762550354004,0.85<=A<0.95,beta>=1.7,0.85<=A<0.95 | beta>=1.7,baseline_weakest_25
429,486_0.96_1.3.png,486,0.96,1.3,400,400,15.24736752358642,0.8833626508712769,25.899861066255212,0.9789549112319946,25.829534570279776,0.9760745167732239,-0.07032649597543639,-0.002880394458770752,A>=0.95,1.1<=beta<1.4,A>=0.95 | 1.1<=beta<1.4,baseline_weakest_25
430,487_0.7_0.65.png,487,0.7,0.65,400,400,25.629207379595563,0.9786048531532288,22.52835885302315,0.980867862701416,21.669568578674273,0.9700860977172852,-0.8587902743488769,-0.01078176498413086,0.65<=A<0.75,beta<0.8,0.65<=A<0.75 | beta<0.8,baseline_weakest_25
431,488_0.99_1.47.png,488,0.99,1.47,400,400,13.938785102918136,0.859430730342865,26.771541989166128,0.9769466519355774,25.963722417891223,0.9736254215240479,-0.807819571274905,-0.003321230411529541,A>=0.95,1.4<=beta<1.7,A>=0.95 | 1.4<=beta<1.7,baseline_weakest_25
432,489_0.55_1.03.png,489,0.55,1.03,400,400,17.013595815927843,0.8526729345321655,29.072011569204047,0.9867515563964844,28.093941855476317,0.9894110560417175,-0.9780697137277308,0.0026594996452331543,A<0.65,0.8<=beta<1.1,A<0.65 | 0.8<=beta<1.1,baseline_middle_50
433,48_0.88_0.81.png,48,0.88,0.81,400,400,13.900962006721675,0.8158961534500122,30.336843805959134,0.9786038398742676,28.520641632004747,0.9735283851623535,-1.8162021739543874,-0.0050754547119140625,0.85<=A<0.95,0.8<=beta<1.1,0.85<=A<0.95 | 0.8<=beta<1.1,baseline_middle_50
434,490_0.61_1.55.png,490,0.61,1.55,400,400,14.819969734126524,0.7675814032554626,26.99910986606232,0.9808114767074585,27.218537314441498,0.9822685122489929,0.2194274483791787,0.0014570355415344238,A<0.65,1.4<=beta<1.7,A<0.65 | 1.4<=beta<1.7,baseline_weakest_25
435,491_0.68_1.42.png,491,0.68,1.42,400,400,14.794227903822462,0.7751712203025818,28.349762904797245,0.9840438961982727,29.045480012962848,0.9855400919914246,0.6957171081656028,0.0014961957931518555,0.65<=A<0.75,1.4<=beta<1.7,0.65<=A<0.75 | 1.4<=beta<1.7,baseline_weakest_25
436,492_0.53_1.9.png,492,0.53,1.9,400,400,13.923160169571918,0.7309036254882812,24.482874773570966,0.9696261882781982,25.335347626473762,0.9714298248291016,0.8524728529027961,0.0018036365509033203,A<0.65,beta>=1.7,A<0.65 | beta>=1.7,baseline_weakest_25
437,493_0.69_0.5.png,493,0.69,0.5,400,400,23.040768496403736,0.9142971634864807,30.052239365663944,0.9637395143508911,29.814725057291128,0.9640486240386963,-0.23751430837281617,0.0003091096878051758,0.65<=A<0.75,beta<0.8,0.65<=A<0.75 | beta<0.8,baseline_middle_50
438,494_0.77_0.54.png,494,0.77,0.54,400,400,20.737419053959606,0.8917901515960693,29.713668858822118,0.96220862865448,29.501047839421396,0.9611079692840576,-0.21262101940072142,-0.0011006593704223633,0.75<=A<0.85,beta<0.8,0.75<=A<0.85 | beta<0.8,baseline_middle_50
439,495_0.74_1.05.png,495,0.74,1.05,400,400,14.456172263759443,0.8011912107467651,27.531236447818948,0.9556921720504761,27.092404002060746,0.9483100175857544,-0.4388324457582016,-0.00738215446472168,0.65<=A<0.75,0.8<=beta<1.1,0.65<=A<0.75 | 0.8<=beta<1.1,baseline_weakest_25
440,496_0.61_0.71.png,496,0.61,0.71,400,400,20.27238307722675,0.8860279321670532,28.705237900363496,0.959922730922699,28.736137401991844,0.9607688784599304,0.030899501628347537,0.0008461475372314453,A<0.65,beta<0.8,A<0.65 | beta<0.8,baseline_middle_50
441,497_0.7_0.61.png,497,0.7,0.61,400,400,20.02829890303041,0.8923999667167664,30.258421101590287,0.9931929707527161,31.73197588969014,0.9939576983451843,1.4735547880998539,0.0007647275924682617,0.65<=A<0.75,beta<0.8,0.65<=A<0.75 | beta<0.8,baseline_middle_50
442,498_0.81_1.42.png,498,0.81,1.42,400,400,13.421904487162708,0.7230120301246643,29.71108053121947,0.9901010394096375,30.36864087756705,0.9879451990127563,0.6575603463475801,-0.0021558403968811035,0.75<=A<0.85,1.4<=beta<1.7,0.75<=A<0.85 | 1.4<=beta<1.7,baseline_middle_50
443,499_0.85_1.47.png,499,0.85,1.47,400,400,12.73437669407264,0.707645058631897,29.998681427397663,0.9895153641700745,30.861729758041868,0.9867459535598755,0.8630483306442045,-0.0027694106101989746,0.85<=A<0.95,1.4<=beta<1.7,0.85<=A<0.95 | 1.4<=beta<1.7,baseline_middle_50
444,49_0.7_1.47.png,49,0.7,1.47,400,400,15.7418559938108,0.8572536110877991,33.66096943823295,0.9919703006744385,34.4629581281327,0.992433488368988,0.8019886898997513,0.00046318769454956055,0.65<=A<0.75,1.4<=beta<1.7,0.65<=A<0.75 | 1.4<=beta<1.7,baseline_middle_50
445,4_0.85_1.44.png,4,0.85,1.44,400,400,11.138934502627329,0.6531268954277039,33.76179416426062,0.9888450503349304,31.056947533729996,0.9866521954536438,-2.704846630530625,-0.002192854881286621,0.85<=A<0.95,1.4<=beta<1.7,0.85<=A<0.95 | 1.4<=beta<1.7,baseline_middle_50
446,500_0.73_1.2.png,500,0.73,1.2,400,400,15.261010520463682,0.7752312421798706,28.69138859298843,0.9905932545661926,29.612101790469264,0.990614652633667,0.9207131974808327,2.1398067474365234e-05,0.65<=A<0.75,1.1<=beta<1.4,0.65<=A<0.75 | 1.1<=beta<1.4,baseline_weakest_25
447,501_0.55_1.96.png,501,0.55,1.96,480,640,17.646766898137223,0.8190103769302368,32.1358067858833,0.9872246384620667,31.61062834129296,0.9883475303649902,-0.5251784445903382,0.001122891902923584,A<0.65,beta>=1.7,A<0.65 | beta>=1.7,baseline_middle_50
448,502_0.8_1.09.png,502,0.8,1.09,480,640,17.416296655692708,0.8823630213737488,35.16396528464811,0.9921362400054932,32.74469025725222,0.9908707737922668,-2.4192750273958836,-0.0012654662132263184,0.75<=A<0.85,0.8<=beta<1.1,0.75<=A<0.85 | 0.8<=beta<1.1,baseline_middle_50
449,503_0.9_0.94.png,503,0.9,0.94,480,640,16.799927284890025,0.8887011408805847,33.86491964046723,0.9916749000549316,31.675816948503396,0.9908577799797058,-2.189102691963832,-0.0008171200752258301,0.85<=A<0.95,0.8<=beta<1.1,0.85<=A<0.95 | 0.8<=beta<1.1,baseline_middle_50
450,504_0.84_1.72.png,504,0.84,1.72,480,640,13.70386673617115,0.7976094484329224,31.58938818520062,0.9847320318222046,30.264690494445926,0.9845132827758789,-1.324697690754693,-0.0002187490463256836,0.75<=A<0.85,beta>=1.7,0.75<=A<0.85 | beta>=1.7,baseline_middle_50
451,505_1.0_1.88.png,505,1.0,1.88,480,640,11.924003191591721,0.7719061374664307,27.871905797323944,0.9751176238059998,27.76875037598634,0.9740840792655945,-0.10315542133760403,-0.0010335445404052734,A>=0.95,beta>=1.7,A>=0.95 | beta>=1.7,baseline_weakest_25
452,506_0.68_0.66.png,506,0.68,0.66,480,640,23.047924818776956,0.9432827830314636,38.13142398111394,0.9937383532524109,39.06520732653828,0.9956839084625244,0.933783345424338,0.0019455552101135254,0.65<=A<0.75,beta<0.8,0.65<=A<0.75 | beta<0.8,baseline_strongest_25
453,507_0.66_0.7.png,507,0.66,0.7,480,640,22.770567335000376,0.9408226609230042,38.11385417979364,0.9938574433326721,38.83770283528127,0.9955901503562927,0.7238486554876289,0.0017327070236206055,0.65<=A<0.75,beta<0.8,0.65<=A<0.75 | beta<0.8,baseline_strongest_25
454,508_0.72_1.04.png,508,0.72,1.04,480,640,19.330655160859173,0.8997300863265991,36.261234360737156,0.9913244843482971,36.469851951072854,0.9926558136940002,0.20861759033569882,0.001331329345703125,0.65<=A<0.75,0.8<=beta<1.1,0.65<=A<0.75 | 0.8<=beta<1.1,baseline_middle_50
455,509_0.95_1.52.png,509,0.95,1.52,480,640,14.15255172564545,0.8437962532043457,27.73975846987539,0.9819984436035156,26.076539140402808,0.979273796081543,-1.6632193294725823,-0.0027246475219726562,A>=0.95,1.4<=beta<1.7,A>=0.95 | 1.4<=beta<1.7,baseline_weakest_25
456,50_0.66_0.83.png,50,0.66,0.83,400,400,20.222851793395883,0.9407013058662415,30.789700331303692,0.9928014874458313,32.02929334455518,0.9931305050849915,1.2395930132514863,0.00032901763916015625,0.65<=A<0.75,0.8<=beta<1.1,0.65<=A<0.75 | 0.8<=beta<1.1,baseline_middle_50
457,510_0.71_1.55.png,510,0.71,1.55,480,640,17.818006653244854,0.8727928400039673,30.70968728023868,0.9887443780899048,29.21329674912316,0.9874773621559143,-1.4963905311155195,-0.0012670159339904785,0.65<=A<0.75,1.4<=beta<1.7,0.65<=A<0.75 | 1.4<=beta<1.7,baseline_middle_50
458,511_0.79_0.83.png,511,0.79,0.83,480,640,21.055354289741427,0.9251044392585754,33.35198201511985,0.9930832982063293,32.158839050334485,0.9920673966407776,-1.1931429647853662,-0.0010159015655517578,0.75<=A<0.85,0.8<=beta<1.1,0.75<=A<0.85 | 0.8<=beta<1.1,baseline_middle_50
459,512_0.94_1.48.png,512,0.94,1.48,480,640,14.475734797497816,0.8485710024833679,27.98287555854641,0.9827255606651306,26.255742600544394,0.9802262783050537,-1.7271329580020165,-0.0024992823600769043,0.85<=A<0.95,1.4<=beta<1.7,0.85<=A<0.95 | 1.4<=beta<1.7,baseline_weakest_25
460,513_0.97_0.99.png,513,0.97,0.99,480,640,15.99185498230344,0.8878510594367981,29.131069469059547,0.9848226308822632,28.958669347757393,0.9849730134010315,-0.17240012130215376,0.00015038251876831055,A>=0.95,0.8<=beta<1.1,A>=0.95 | 0.8<=beta<1.1,baseline_middle_50
461,514_0.92_1.6.png,514,0.92,1.6,480,640,13.91792258626068,0.8309286236763,27.962917066353135,0.9779401421546936,28.06738427890048,0.976689875125885,0.1044672125473447,-0.0012502670288085938,0.85<=A<0.95,1.4<=beta<1.7,0.85<=A<0.95 | 1.4<=beta<1.7,baseline_weakest_25
462,515_0.62_0.56.png,515,0.62,0.56,480,640,25.502091999843408,0.9631165862083435,35.32478645457854,0.9951340556144714,35.22711576617794,0.9951150417327881,-0.09767068840060489,-1.901388168334961e-05,A<0.65,beta<0.8,A<0.65 | beta<0.8,baseline_middle_50
463,516_0.64_0.94.png,516,0.64,0.94,480,640,21.69106273960572,0.9294739961624146,33.34283266463896,0.992333710193634,33.63887827082972,0.9924870133399963,0.29604560619075926,0.0001533031463623047,A<0.65,0.8<=beta<1.1,A<0.65 | 0.8<=beta<1.1,baseline_middle_50
464,517_0.8_1.62.png,517,0.8,1.62,480,640,13.382692884536286,0.6061902046203613,39.24637240919898,0.9883971214294434,40.22134740164234,0.9884303212165833,0.9749749924433573,3.319978713989258e-05,0.75<=A<0.85,1.4<=beta<1.7,0.75<=A<0.85 | 1.4<=beta<1.7,baseline_strongest_25
465,518_0.86_0.85.png,518,0.86,0.85,480,640,17.35765740921314,0.6866487860679626,42.918905968482846,0.9932613968849182,42.438793978379096,0.9930674433708191,-0.48011199010375094,-0.0001939535140991211,0.85<=A<0.95,0.8<=beta<1.1,0.85<=A<0.95 | 0.8<=beta<1.1,baseline_strongest_25
466,519_0.58_1.19.png,519,0.58,1.19,480,640,18.677436253745675,0.7035165429115295,42.446576850593885,0.9931891560554504,43.292581641283135,0.9934327006340027,0.8460047906892498,0.0002435445785522461,A<0.65,1.1<=beta<1.4,A<0.65 | 1.1<=beta<1.4,baseline_strongest_25
467,51_0.6_1.79.png,51,0.6,1.79,400,400,16.31166181874469,0.8491923213005066,29.943177794947673,0.9886391758918762,31.66659231746069,0.9893728494644165,1.7234145225130177,0.0007336735725402832,A<0.65,beta>=1.7,A<0.65 | beta>=1.7,baseline_middle_50
468,520_0.95_0.81.png,520,0.95,0.81,480,640,16.763932154654075,0.6772412061691284,42.11230362876491,0.9928258061408997,40.95839306550451,0.9925890564918518,-1.1539105632604034,-0.00023674964904785156,A>=0.95,0.8<=beta<1.1,A>=0.95 | 0.8<=beta<1.1,baseline_strongest_25
469,521_0.53_1.56.png,521,0.53,1.56,480,640,19.012573725304016,0.8537161946296692,36.761536089836,0.9902345538139343,36.68516572990309,0.9891449213027954,-0.07637035993290908,-0.001089632511138916,A<0.65,1.4<=beta<1.7,A<0.65 | 1.4<=beta<1.7,baseline_strongest_25
470,522_0.68_1.78.png,522,0.68,1.78,480,640,16.16967871299636,0.8064994215965271,35.88717114010761,0.9855349063873291,34.18109988729618,0.9844500422477722,-1.7060712528114337,-0.0010848641395568848,0.65<=A<0.75,beta>=1.7,0.65<=A<0.75 | beta>=1.7,baseline_middle_50
471,523_0.5_1.76.png,523,0.5,1.76,480,640,18.4933314722371,0.8417298793792725,33.67147310362286,0.9884549975395203,32.59752463689888,0.9869652390480042,-1.0739484667239765,-0.0014897584915161133,A<0.65,beta>=1.7,A<0.65 | beta>=1.7,baseline_middle_50
472,524_0.59_1.65.png,524,0.59,1.65,480,640,17.993555587209475,0.8354800939559937,37.87598299959056,0.9890236258506775,36.192149668140786,0.987725019454956,-1.683833331449776,-0.0012986063957214355,A<0.65,1.4<=beta<1.7,A<0.65 | 1.4<=beta<1.7,baseline_strongest_25
473,525_0.74_1.31.png,525,0.74,1.31,480,640,19.142250611666785,0.8842626214027405,37.776278726159134,0.9942415356636047,38.53013577393426,0.9936438202857971,0.7538570477751279,-0.0005977153778076172,0.65<=A<0.75,1.1<=beta<1.4,0.65<=A<0.75 | 1.1<=beta<1.4,baseline_strongest_25
474,526_0.73_0.69.png,526,0.73,0.69,480,640,23.939987379284673,0.936245322227478,41.002774062939366,0.9959415793418884,41.84649426204302,0.9961655139923096,0.8437201991036503,0.00022393465042114258,0.65<=A<0.75,beta<0.8,0.65<=A<0.75 | beta<0.8,baseline_strongest_25
475,527_0.72_1.87.png,527,0.72,1.87,480,640,17.13362391271422,0.8471214771270752,36.2965104095199,0.9918530583381653,36.841836681265605,0.9916512370109558,0.5453262717457079,-0.00020182132720947266,0.65<=A<0.75,beta>=1.7,0.65<=A<0.75 | beta>=1.7,baseline_strongest_25
476,528_0.95_0.76.png,528,0.95,0.76,480,640,20.166262855940545,0.9086567163467407,37.80647983394062,0.995107114315033,38.345800006481056,0.9948615431785583,0.5393201725404353,-0.0002455711364746094,A>=0.95,beta<0.8,A>=0.95 | beta<0.8,baseline_strongest_25
477,529_0.86_1.47.png,529,0.86,1.47,480,640,18.947834237767008,0.8770046830177307,37.21866768680498,0.992606520652771,38.31960231308566,0.993162214756012,1.100934626280683,0.0005556941032409668,0.85<=A<0.95,1.4<=beta<1.7,0.85<=A<0.95 | 1.4<=beta<1.7,baseline_strongest_25
478,52_0.57_1.57.png,52,0.57,1.57,400,400,17.37227253461698,0.8796200752258301,29.58330850040842,0.9888023734092712,29.850695814192125,0.9889084100723267,0.2673873137837042,0.00010603666305541992,A<0.65,1.4<=beta<1.7,A<0.65 | 1.4<=beta<1.7,baseline_middle_50
479,530_0.62_1.06.png,530,0.62,1.06,480,640,22.54146617289338,0.9429011344909668,41.42977708850685,0.9954561591148376,41.19035941655359,0.9956084489822388,-0.23941767195326236,0.00015228986740112305,A<0.65,0.8<=beta<1.1,A<0.65 | 0.8<=beta<1.1,baseline_strongest_25
480,531_0.78_1.72.png,531,0.78,1.72,480,640,18.59844151231638,0.8675720691680908,38.33343269249185,0.9928534626960754,38.26499382919391,0.9929032921791077,-0.06843886329793492,4.982948303222656e-05,0.75<=A<0.85,beta>=1.7,0.75<=A<0.85 | beta>=1.7,baseline_strongest_25
481,532_0.63_1.43.png,532,0.63,1.43,480,640,20.344387662461507,0.9130447506904602,39.87944011926827,0.9942298531532288,40.22509078828768,0.9946778416633606,0.3456506690194132,0.00044798851013183594,A<0.65,1.4<=beta<1.7,A<0.65 | 1.4<=beta<1.7,baseline_strongest_25
482,533_0.75_0.77.png,533,0.75,0.77,480,640,17.69596786130051,0.7960175275802612,36.71899672234334,0.9819344282150269,36.95872716044542,0.9839789867401123,0.23973043810207884,0.0020445585250854492,0.75<=A<0.85,beta<0.8,0.75<=A<0.85 | beta<0.8,baseline_strongest_25
483,534_0.58_0.58.png,534,0.58,0.58,480,640,22.005891552359834,0.8593940138816833,39.16056029772135,0.9881777763366699,38.529687075092916,0.9881681799888611,-0.6308732226284306,-9.59634780883789e-06,A<0.65,beta<0.8,A<0.65 | beta<0.8,baseline_strongest_25
484,535_0.65_1.44.png,535,0.65,1.44,480,640,14.668801189266112,0.7305026650428772,35.66545175537005,0.9772419929504395,34.46219597259781,0.9735116958618164,-1.2032557827722385,-0.003730297088623047,0.65<=A<0.75,1.4<=beta<1.7,0.65<=A<0.75 | 1.4<=beta<1.7,baseline_middle_50
485,536_0.93_0.57.png,536,0.93,0.57,480,640,17.905588333777217,0.8032218813896179,35.44973541332894,0.981274425983429,36.18714597638224,0.9821735620498657,0.7374105630533023,0.0008991360664367676,0.85<=A<0.95,beta<0.8,0.85<=A<0.95 | beta<0.8,baseline_middle_50
486,537_0.58_1.0.png,537,0.58,1.0,480,640,20.50764138273225,0.8899645805358887,37.253565234749225,0.9942562580108643,36.501450260317654,0.9943100810050964,-0.7521149744315707,5.3822994232177734e-05,A<0.65,0.8<=beta<1.1,A<0.65 | 0.8<=beta<1.1,baseline_strongest_25
487,538_0.61_1.35.png,538,0.61,1.35,480,640,18.1964881954392,0.8496918678283691,34.31928251172949,0.9917243123054504,33.657049792810824,0.9915971755981445,-0.6622327189186663,-0.0001271367073059082,A<0.65,1.1<=beta<1.4,A<0.65 | 1.1<=beta<1.4,baseline_middle_50
488,539_0.86_1.44.png,539,0.86,1.44,480,640,13.622038695869943,0.7991424202919006,32.537797992805174,0.9875323176383972,32.652433738903134,0.9869514107704163,0.11463574609796012,-0.000580906867980957,0.85<=A<0.95,1.4<=beta<1.7,0.85<=A<0.95 | 1.4<=beta<1.7,baseline_middle_50
489,53_0.72_1.32.png,53,0.72,1.32,400,400,22.827500004618052,0.9527089595794678,28.917523830891014,0.9833221435546875,30.08105101368464,0.9877315759658813,1.1635271827936258,0.004409432411193848,0.65<=A<0.75,1.1<=beta<1.4,0.65<=A<0.75 | 1.1<=beta<1.4,baseline_middle_50
490,540_0.65_1.28.png,540,0.65,1.28,480,640,17.858154399916874,0.8511020541191101,34.99143460313921,0.9920235276222229,34.45448975600259,0.9917084574699402,-0.536944847136624,-0.00031507015228271484,0.65<=A<0.75,1.1<=beta<1.4,0.65<=A<0.75 | 1.1<=beta<1.4,baseline_middle_50
491,541_0.58_1.83.png,541,0.58,1.83,480,640,22.91885940863768,0.9355430603027344,33.7343732550907,0.9906198978424072,35.299047462244395,0.9918246865272522,1.5646742071536934,0.0012047886848449707,A<0.65,beta>=1.7,A<0.65 | beta>=1.7,baseline_middle_50
492,542_0.78_0.72.png,542,0.78,0.72,480,640,28.000949091815333,0.9703272581100464,37.60254363953252,0.9947287440299988,37.98151890961403,0.9946759343147278,0.37897527008151144,-5.2809715270996094e-05,0.75<=A<0.85,beta<0.8,0.75<=A<0.85 | beta<0.8,baseline_strongest_25
493,543_0.82_1.54.png,543,0.82,1.54,480,640,21.40865836218402,0.9191935062408447,36.60239234083695,0.992672324180603,36.7865390119408,0.9925805926322937,0.18414667110385352,-9.173154830932617e-05,0.75<=A<0.85,1.4<=beta<1.7,0.75<=A<0.85 | 1.4<=beta<1.7,baseline_strongest_25
494,544_0.53_0.73.png,544,0.53,0.73,480,640,30.626626824847733,0.9824067950248718,35.398184564962484,0.9935511946678162,36.2079449406153,0.993876576423645,0.8097603756528144,0.0003253817558288574,A<0.65,beta<0.8,A<0.65 | beta<0.8,baseline_middle_50
495,545_0.65_1.46.png,545,0.65,1.46,480,640,18.035156442071504,0.8401270508766174,39.62558135565488,0.9933792948722839,40.237001384247364,0.9936684966087341,0.6114200285924838,0.0002892017364501953,0.65<=A<0.75,1.4<=beta<1.7,0.65<=A<0.75 | 1.4<=beta<1.7,baseline_strongest_25
496,546_0.93_1.03.png,546,0.93,1.03,480,640,16.11489957984282,0.8381418585777283,38.59515402417952,0.9929512739181519,38.42768279455982,0.9927766919136047,-0.16747122961970007,-0.00017458200454711914,0.85<=A<0.95,0.8<=beta<1.1,0.85<=A<0.95 | 0.8<=beta<1.1,baseline_strongest_25
497,547_0.86_0.87.png,547,0.86,0.87,480,640,18.299531977366104,0.870421290397644,39.71608740512116,0.9941760897636414,40.32950467953803,0.9944937229156494,0.6134172744168751,0.00031763315200805664,0.85<=A<0.95,0.8<=beta<1.1,0.85<=A<0.95 | 0.8<=beta<1.1,baseline_strongest_25
498,548_0.7_1.93.png,548,0.7,1.93,480,640,15.431933789571005,0.7848989963531494,37.45747157926686,0.9904670119285583,38.427930093028586,0.9908789396286011,0.9704585137617272,0.0004119277000427246,0.65<=A<0.75,beta>=1.7,0.65<=A<0.75 | beta>=1.7,baseline_strongest_25
499,549_0.6_0.92.png,549,0.6,0.92,480,640,20.606039123548886,0.8709172606468201,40.54957735029432,0.9955076575279236,39.46426983803383,0.9945297837257385,-1.085307512260492,-0.0009778738021850586,A<0.65,0.8<=beta<1.1,A<0.65 | 0.8<=beta<1.1,baseline_strongest_25
500,54_0.91_0.59.png,54,0.91,0.59,400,400,24.08176808141675,0.9769777655601501,29.274451353312358,0.9874273538589478,30.596104496908243,0.9901379942893982,1.321653143595885,0.0027106404304504395,0.85<=A<0.95,beta<0.8,0.85<=A<0.95 | beta<0.8,baseline_middle_50
501,550_0.55_1.01.png,550,0.55,1.01,480,640,20.37173618748818,0.8668982982635498,39.04299441658261,0.9951940774917603,36.935149005546755,0.9941110014915466,-2.1078454110358535,-0.001083076000213623,A<0.65,0.8<=beta<1.1,A<0.65 | 0.8<=beta<1.1,baseline_strongest_25
502,551_0.71_1.31.png,551,0.71,1.31,480,640,16.814301683757712,0.8247793912887573,39.10880161604418,0.9939708113670349,38.051743061433825,0.9930180311203003,-1.0570585546103572,-0.0009527802467346191,0.65<=A<0.75,1.1<=beta<1.4,0.65<=A<0.75 | 1.1<=beta<1.4,baseline_strongest_25
503,552_0.88_1.88.png,552,0.88,1.88,480,640,11.875234556976274,0.7465157508850098,34.47652268914679,0.9863304495811462,33.72192579044565,0.9872735738754272,-0.7545968987011378,0.0009431242942810059,0.85<=A<0.95,beta>=1.7,0.85<=A<0.95 | beta>=1.7,baseline_middle_50
504,553_0.51_1.76.png,553,0.51,1.76,480,640,23.125850592237303,0.916639506816864,35.866075342182036,0.9954290390014648,33.98900840661411,0.9948102235794067,-1.8770669355679246,-0.0006188154220581055,A<0.65,beta>=1.7,A<0.65 | beta>=1.7,baseline_middle_50
505,554_0.96_1.87.png,554,0.96,1.87,480,640,18.499143463897273,0.8799609541893005,34.522082025806725,0.9917284250259399,34.15827344194871,0.992332935333252,-0.36380858385801673,0.0006045103073120117,A>=0.95,beta>=1.7,A>=0.95 | beta>=1.7,baseline_middle_50
506,555_0.75_1.55.png,555,0.75,1.55,480,640,22.900331386960985,0.9075355529785156,39.388555686805475,0.9951034188270569,38.24566394659094,0.9945219159126282,-1.1428917402145373,-0.0005815029144287109,0.75<=A<0.85,1.4<=beta<1.7,0.75<=A<0.85 | 1.4<=beta<1.7,baseline_strongest_25
507,556_0.61_0.91.png,556,0.61,0.91,480,640,28.357701125035618,0.9413047432899475,42.795637095783675,0.9968406558036804,42.13971877308815,0.9964468479156494,-0.655918322695527,-0.00039380788803100586,A<0.65,0.8<=beta<1.1,A<0.65 | 0.8<=beta<1.1,baseline_strongest_25
508,557_0.68_0.68.png,557,0.68,0.68,480,640,26.28256777112552,0.9072145223617554,41.423903386082976,0.9962988495826721,41.365294978543815,0.9960876703262329,-0.05860840753916108,-0.00021117925643920898,0.65<=A<0.75,beta<0.8,0.65<=A<0.75 | beta<0.8,baseline_strongest_25
509,558_0.93_1.03.png,558,0.93,1.03,480,640,19.387617387108975,0.8463919162750244,35.9720472427147,0.9924670457839966,36.02596880121787,0.9926798939704895,0.05392155850316982,0.00021284818649291992,0.85<=A<0.95,0.8<=beta<1.1,0.85<=A<0.95 | 0.8<=beta<1.1,baseline_middle_50
510,559_1.0_1.23.png,559,1.0,1.23,480,640,17.216639823688173,0.8220280408859253,32.78400691219227,0.989318311214447,32.789072017763566,0.9887362122535706,0.005065105571297579,-0.0005820989608764648,A>=0.95,1.1<=beta<1.4,A>=0.95 | 1.1<=beta<1.4,baseline_middle_50
511,55_0.56_1.57.png,55,0.56,1.57,400,400,24.850744768581954,0.9582692384719849,31.993134948774898,0.9857749938964844,32.2491609375981,0.9887881875038147,0.2560259888232004,0.0030131936073303223,A<0.65,1.4<=beta<1.7,A<0.65 | 1.4<=beta<1.7,baseline_middle_50
512,560_0.74_1.77.png,560,0.74,1.77,480,640,18.52707604522805,0.821342945098877,36.27032046416899,0.9919757843017578,36.40074646820417,0.9911787509918213,0.13042600403517923,-0.0007970333099365234,0.65<=A<0.75,beta>=1.7,0.65<=A<0.75 | beta>=1.7,baseline_strongest_25
513,561_0.52_1.24.png,561,0.52,1.24,480,640,22.33294133626807,0.9199670553207397,37.46827647460235,0.9953662157058716,35.56152812237801,0.9945328831672668,-1.9067483522243407,-0.0008333325386047363,A<0.65,1.1<=beta<1.4,A<0.65 | 1.1<=beta<1.4,baseline_strongest_25
514,562_0.83_0.92.png,562,0.83,0.92,480,640,20.006870568543533,0.9187868237495422,37.95474959037067,0.9956333041191101,37.20832102569415,0.9950849413871765,-0.7464285646765205,-0.0005483627319335938,0.75<=A<0.85,0.8<=beta<1.1,0.75<=A<0.85 | 0.8<=beta<1.1,baseline_strongest_25
515,563_0.56_1.5.png,563,0.56,1.5,480,640,20.726576939578806,0.9020367860794067,36.27398381709724,0.9944481253623962,35.27670328571384,0.9937012195587158,-0.9972805313833959,-0.0007469058036804199,A<0.65,1.4<=beta<1.7,A<0.65 | 1.4<=beta<1.7,baseline_strongest_25
516,564_0.83_1.95.png,564,0.83,1.95,480,640,15.085642888332497,0.8477099537849426,34.06687024300798,0.9914549589157104,34.46937995287018,0.9907575249671936,0.40250970986219414,-0.0006974339485168457,0.75<=A<0.85,beta>=1.7,0.75<=A<0.85 | beta>=1.7,baseline_middle_50
517,565_0.8_0.81.png,565,0.8,0.81,480,640,20.634741498278075,0.9277194738388062,31.734399689703096,0.9884741306304932,31.77228004012037,0.9888758659362793,0.03788035041727511,0.0004017353057861328,0.75<=A<0.85,0.8<=beta<1.1,0.75<=A<0.85 | 0.8<=beta<1.1,baseline_middle_50
518,566_0.82_1.84.png,566,0.82,1.84,480,640,14.868235368278608,0.8486146330833435,28.365327691108035,0.973522424697876,27.247259747060035,0.9702638387680054,-1.1180679440480006,-0.0032585859298706055,0.75<=A<0.85,beta>=1.7,0.75<=A<0.85 | beta>=1.7,baseline_weakest_25
519,567_0.56_0.66.png,567,0.56,0.66,480,640,26.42619807488956,0.9611052870750427,36.26858656550067,0.9927796125411987,36.98374780682752,0.9945166110992432,0.7151612413268538,0.0017369985580444336,A<0.65,beta<0.8,A<0.65 | beta<0.8,baseline_strongest_25
520,568_0.51_1.22.png,568,0.51,1.22,480,640,22.79145881320874,0.9335503578186035,34.08773602220145,0.9907014966011047,34.57435074327353,0.9919271469116211,0.4866147210720797,0.0012256503105163574,A<0.65,1.1<=beta<1.4,A<0.65 | 1.1<=beta<1.4,baseline_middle_50
521,569_0.87_1.21.png,569,0.87,1.21,480,640,20.190636450164703,0.927082896232605,33.327235034465744,0.992335319519043,33.33776633771351,0.9915787577629089,0.010531303247766743,-0.0007565617561340332,0.85<=A<0.95,1.1<=beta<1.4,0.85<=A<0.95 | 1.1<=beta<1.4,baseline_middle_50
522,56_0.84_1.19.png,56,0.84,1.19,400,400,20.569697288455508,0.9449334740638733,28.079288454921954,0.9830113649368286,28.93606301266776,0.9863381385803223,0.8567745577458048,0.0033267736434936523,0.75<=A<0.85,1.1<=beta<1.4,0.75<=A<0.85 | 1.1<=beta<1.4,baseline_weakest_25
523,570_0.63_0.57.png,570,0.63,0.57,480,640,27.589764925015963,0.9748246669769287,40.96032377863346,0.9969276785850525,40.391923004178274,0.9967718720436096,-0.5684007744551849,-0.0001558065414428711,A<0.65,beta<0.8,A<0.65 | beta<0.8,baseline_strongest_25
524,571_0.95_0.72.png,571,0.95,0.72,480,640,22.472277498429936,0.9522352814674377,34.09340664858813,0.9943476915359497,33.597885238138765,0.9941171407699585,-0.4955214104493635,-0.00023055076599121094,A>=0.95,beta<0.8,A>=0.95 | beta<0.8,baseline_middle_50
525,572_0.61_0.84.png,572,0.61,0.84,480,640,24.88874548922301,0.9617505669593811,39.024468327176145,0.9958251118659973,39.137654524658174,0.9959123730659485,0.11318619748202963,8.726119995117188e-05,A<0.65,0.8<=beta<1.1,A<0.65 | 0.8<=beta<1.1,baseline_strongest_25
526,573_0.91_1.54.png,573,0.91,1.54,480,640,14.272989591875373,0.8206570744514465,30.967999467247044,0.9803950786590576,31.912615449806218,0.9818528890609741,0.9446159825591742,0.001457810401916504,0.85<=A<0.95,1.4<=beta<1.7,0.85<=A<0.95 | 1.4<=beta<1.7,baseline_middle_50
527,574_0.95_1.03.png,574,0.95,1.03,480,640,16.37923475662401,0.8602779507637024,32.66705237426713,0.9858322143554688,33.49399094750001,0.9858297109603882,0.82693857323288,-2.5033950805664062e-06,A>=0.95,0.8<=beta<1.1,A>=0.95 | 0.8<=beta<1.1,baseline_middle_50
528,575_0.57_1.51.png,575,0.57,1.51,480,640,18.601684902063152,0.8733975887298584,35.799824125815256,0.9880450963973999,35.81767819800251,0.987237274646759,0.0178540721872551,-0.0008078217506408691,A<0.65,1.4<=beta<1.7,A<0.65 | 1.4<=beta<1.7,baseline_middle_50
529,576_0.53_1.95.png,576,0.53,1.95,480,640,17.4331063808297,0.8508464694023132,35.12486043167619,0.9861524105072021,34.688291548162155,0.985329806804657,-0.43656888351403467,-0.000822603702545166,A<0.65,beta>=1.7,A<0.65 | beta>=1.7,baseline_middle_50
530,577_0.85_0.68.png,577,0.85,0.68,480,640,18.743747659632145,0.923039972782135,35.692060183285676,0.9933981895446777,35.64778639424333,0.9936825037002563,-0.044273789042343026,0.0002843141555786133,0.85<=A<0.95,beta<0.8,0.85<=A<0.95 | beta<0.8,baseline_middle_50
531,578_0.8_1.52.png,578,0.8,1.52,480,640,14.246581894956936,0.8346021771430969,32.5431258515217,0.9859167337417603,32.95095497354418,0.9867284297943115,0.407829122022477,0.0008116960525512695,0.75<=A<0.85,1.4<=beta<1.7,0.75<=A<0.85 | 1.4<=beta<1.7,baseline_middle_50
532,579_0.52_0.61.png,579,0.52,0.61,480,640,25.193700348699373,0.9626089334487915,36.365817102952654,0.9956289529800415,36.536858524623625,0.9960240721702576,0.1710414216709708,0.00039511919021606445,A<0.65,beta<0.8,A<0.65 | beta<0.8,baseline_strongest_25
533,57_0.67_1.75.png,57,0.67,1.75,400,400,11.188883244609666,0.7626206874847412,28.8900098297516,0.9800217747688293,28.216639524340444,0.9776027202606201,-0.6733703054111579,-0.0024190545082092285,0.65<=A<0.75,beta>=1.7,0.65<=A<0.75 | beta>=1.7,baseline_middle_50
534,580_0.88_1.15.png,580,0.88,1.15,480,640,14.510237555755987,0.8586269617080688,32.10230859370555,0.986980676651001,32.544186122664016,0.9878112077713013,0.44187752895846444,0.000830531120300293,0.85<=A<0.95,1.1<=beta<1.4,0.85<=A<0.95 | 1.1<=beta<1.4,baseline_middle_50
535,581_1.0_1.04.png,581,1.0,1.04,480,640,13.996147894394774,0.8575880527496338,31.783667364063476,0.9910122156143188,32.94762228504639,0.9910001754760742,1.163954920982917,-1.2040138244628906e-05,A>=0.95,0.8<=beta<1.1,A>=0.95 | 0.8<=beta<1.1,baseline_middle_50
536,582_0.55_1.63.png,582,0.55,1.63,480,640,18.781229744673375,0.868638277053833,36.40308908693143,0.9928054809570312,36.370697305695494,0.9931639432907104,-0.03239178123593689,0.0003584623336791992,A<0.65,1.4<=beta<1.7,A<0.65 | 1.4<=beta<1.7,baseline_strongest_25
537,583_0.7_0.93.png,583,0.7,0.93,480,640,20.195944394835287,0.9149928092956543,38.22457925598111,0.9952758550643921,38.02610336863376,0.9955673217773438,-0.19847588734734956,0.00029146671295166016,0.65<=A<0.75,0.8<=beta<1.1,0.65<=A<0.75 | 0.8<=beta<1.1,baseline_strongest_25
538,584_0.74_1.42.png,584,0.74,1.42,480,640,16.679986085321023,0.8603513240814209,35.02768468167595,0.9926185607910156,36.15759726438762,0.992591917514801,1.1299125827116683,-2.664327621459961e-05,0.65<=A<0.75,1.4<=beta<1.7,0.65<=A<0.75 | 1.4<=beta<1.7,baseline_middle_50
539,585_0.75_1.97.png,585,0.75,1.97,480,640,13.584545675716313,0.7942026853561401,30.909920477019025,0.9800005555152893,30.04845134199718,0.9791379570960999,-0.8614691350218457,-0.0008625984191894531,0.75<=A<0.85,beta>=1.7,0.75<=A<0.85 | beta>=1.7,baseline_middle_50
540,586_0.98_1.59.png,586,0.98,1.59,480,640,11.044951857386938,0.7807598114013672,27.038880499578866,0.9749308228492737,26.6830732752979,0.9722644686698914,-0.3558072242809658,-0.0026663541793823242,A>=0.95,1.4<=beta<1.7,A>=0.95 | 1.4<=beta<1.7,baseline_weakest_25
541,587_0.87_1.84.png,587,0.87,1.84,480,640,11.9041492467892,0.7796000242233276,28.838265283554463,0.9772248268127441,28.239468936838144,0.9757293462753296,-0.5987963467163198,-0.0014954805374145508,0.85<=A<0.95,beta>=1.7,0.85<=A<0.95 | beta>=1.7,baseline_middle_50
542,588_0.71_0.58.png,588,0.71,0.58,480,640,22.1403317225456,0.9407126307487488,36.99696801633524,0.9945232272148132,35.75941308214776,0.992378830909729,-1.2375549341874788,-0.0021443963050842285,0.65<=A<0.75,beta<0.8,0.65<=A<0.75 | beta<0.8,baseline_strongest_25
543,589_0.81_1.82.png,589,0.81,1.82,480,640,8.770056755999919,0.4353843927383423,36.23761934905724,0.9751991629600525,35.17465301709838,0.9732460975646973,-1.0629663319588616,-0.0019530653953552246,0.75<=A<0.85,beta>=1.7,0.75<=A<0.85 | beta>=1.7,baseline_middle_50
544,58_0.51_1.21.png,58,0.51,1.21,400,400,16.032316744611418,0.8709778785705566,31.609747864868936,0.9834344983100891,30.813559051147816,0.9855276346206665,-0.7961888137211197,0.0020931363105773926,A<0.65,1.1<=beta<1.4,A<0.65 | 1.1<=beta<1.4,baseline_middle_50
545,590_0.71_1.38.png,590,0.71,1.38,480,640,11.555753764679086,0.5031948089599609,38.7968707563472,0.9819483160972595,38.324729186466215,0.9807460904121399,-0.4721415698809821,-0.001202225685119629,0.65<=A<0.75,1.1<=beta<1.4,0.65<=A<0.75 | 1.1<=beta<1.4,baseline_strongest_25
546,591_0.6_1.21.png,591,0.6,1.21,480,640,13.8818663645159,0.5504094362258911,40.533961461502095,0.9864190816879272,40.21153339134506,0.9858677983283997,-0.3224280701570379,-0.0005512833595275879,A<0.65,1.1<=beta<1.4,A<0.65 | 1.1<=beta<1.4,baseline_strongest_25
547,592_0.66_1.53.png,592,0.66,1.53,480,640,11.512773735091063,0.49668383598327637,38.32099788250653,0.9807823300361633,38.059009902216786,0.9808176755905151,-0.2619879802897458,3.534555435180664e-05,0.65<=A<0.75,1.4<=beta<1.7,0.65<=A<0.75 | 1.4<=beta<1.7,baseline_strongest_25
548,593_0.87_1.5.png,593,0.87,1.5,480,640,16.729854428588844,0.7703781127929688,37.37896855109166,0.9910331964492798,35.93430441286326,0.9901889562606812,-1.4446641382283971,-0.0008442401885986328,0.85<=A<0.95,1.4<=beta<1.7,0.85<=A<0.95 | 1.4<=beta<1.7,baseline_strongest_25
549,594_0.67_1.12.png,594,0.67,1.12,480,640,21.94575849175045,0.8387957811355591,41.40944896941642,0.9940416216850281,40.43400316203903,0.9945502877235413,-0.9754458073773833,0.0005086660385131836,0.65<=A<0.75,1.1<=beta<1.4,0.65<=A<0.75 | 1.1<=beta<1.4,baseline_strongest_25
550,595_0.66_0.97.png,595,0.66,0.97,480,640,23.146232155746127,0.8554203510284424,42.10321194734716,0.9942939877510071,41.3778029169017,0.9950214624404907,-0.7254090304454621,0.0007274746894836426,0.65<=A<0.75,0.8<=beta<1.1,0.65<=A<0.75 | 0.8<=beta<1.1,baseline_strongest_25
551,596_0.91_0.52.png,596,0.91,0.52,480,640,23.77792323327931,0.8820780515670776,41.17102858359011,0.9947335720062256,40.82883155432551,0.9948986768722534,-0.3421970292645966,0.00016510486602783203,0.85<=A<0.95,beta<0.8,0.85<=A<0.95 | beta<0.8,baseline_strongest_25
552,597_0.87_0.61.png,597,0.87,0.61,480,640,19.826388528496416,0.8816924691200256,39.17670584388328,0.9940517544746399,38.69279647667361,0.9938225150108337,-0.4839093672096766,-0.00022923946380615234,0.85<=A<0.95,beta<0.8,0.85<=A<0.95 | beta<0.8,baseline_strongest_25
553,598_0.58_1.14.png,598,0.58,1.14,480,640,19.770890090980846,0.862553060054779,40.214206232017546,0.9937955737113953,39.27443755682209,0.9933716058731079,-0.9397686751954524,-0.0004239678382873535,A<0.65,1.1<=beta<1.4,A<0.65 | 1.1<=beta<1.4,baseline_strongest_25
554,599_0.69_1.58.png,599,0.69,1.58,480,640,15.916630157147845,0.8049095273017883,37.64546368475007,0.9897447824478149,36.34879853480403,0.9894711971282959,-1.2966651499460369,-0.00027358531951904297,0.65<=A<0.75,1.4<=beta<1.7,0.65<=A<0.75 | 1.4<=beta<1.7,baseline_strongest_25
555,59_0.83_0.85.png,59,0.83,0.85,400,400,14.459801230792156,0.8621912002563477,30.21413333264576,0.9858946800231934,27.762811683014977,0.9847532510757446,-2.4513216496307813,-0.0011414289474487305,0.75<=A<0.85,0.8<=beta<1.1,0.75<=A<0.85 | 0.8<=beta<1.1,baseline_middle_50
556,5_0.89_1.34.png,5,0.89,1.34,400,400,13.064030088570659,0.8295921683311462,30.78270045406086,0.9866817593574524,27.556060257468673,0.9830674529075623,-3.226640196592186,-0.0036143064498901367,0.85<=A<0.95,1.1<=beta<1.4,0.85<=A<0.95 | 1.1<=beta<1.4,baseline_middle_50
557,600_0.54_1.56.png,600,0.54,1.56,480,640,18.425501281712656,0.8344005942344666,35.16920383700147,0.9908932447433472,33.815393900492666,0.990088701248169,-1.353809936508803,-0.0008045434951782227,A<0.65,1.4<=beta<1.7,A<0.65 | 1.4<=beta<1.7,baseline_middle_50
558,601_0.58_1.51.png,601,0.58,1.51,480,640,19.11367189631756,0.8809483647346497,36.04857975368623,0.9910238981246948,32.3692091878085,0.9881379008293152,-3.6793705658777256,-0.0028859972953796387,A<0.65,1.4<=beta<1.7,A<0.65 | 1.4<=beta<1.7,baseline_middle_50
559,602_0.6_1.52.png,602,0.6,1.52,480,640,18.80188856875356,0.8777838945388794,36.40898323515154,0.9910666346549988,33.01174495356717,0.9885522723197937,-3.3972382815843716,-0.002514362335205078,A<0.65,1.4<=beta<1.7,A<0.65 | 1.4<=beta<1.7,baseline_strongest_25
560,603_0.9_0.85.png,603,0.9,0.85,480,640,17.641243988047194,0.8965344429016113,33.3997955439323,0.9893656373023987,33.18885241005634,0.9883873462677002,-0.21094313387595776,-0.0009782910346984863,0.85<=A<0.95,0.8<=beta<1.1,0.85<=A<0.95 | 0.8<=beta<1.1,baseline_middle_50
561,604_0.68_1.26.png,604,0.68,1.26,480,640,18.61806803870279,0.8863921761512756,35.621639810410116,0.9911088347434998,33.56713275733678,0.9886518120765686,-2.054507053073337,-0.0024570226669311523,0.65<=A<0.75,1.1<=beta<1.4,0.65<=A<0.75 | 1.1<=beta<1.4,baseline_middle_50
562,605_0.78_1.73.png,605,0.78,1.73,480,640,14.090005186558095,0.7943549752235413,31.29014071545898,0.983435869216919,33.24702737021915,0.9858720302581787,1.9568866547601722,0.0024361610412597656,0.75<=A<0.85,beta>=1.7,0.75<=A<0.85 | beta>=1.7,baseline_middle_50
563,606_0.55_1.35.png,606,0.55,1.35,480,640,18.640762569596006,0.8776274919509888,36.89838526501818,0.99210125207901,37.71306588248532,0.9920491576194763,0.8146806174671397,-5.2094459533691406e-05,A<0.65,1.1<=beta<1.4,A<0.65 | 1.1<=beta<1.4,baseline_strongest_25
564,607_0.93_1.19.png,607,0.93,1.19,480,640,13.983916397003213,0.825486421585083,31.428559034849034,0.9840637445449829,32.28937913569413,0.9868068695068359,0.8608201008450997,0.0027431249618530273,0.85<=A<0.95,1.1<=beta<1.4,0.85<=A<0.95 | 1.1<=beta<1.4,baseline_middle_50
565,608_0.61_1.18.png,608,0.61,1.18,480,640,18.90900393634681,0.8854491710662842,35.107738110161144,0.9924046993255615,37.82448904747932,0.9929344654083252,2.7167509373181744,0.0005297660827636719,A<0.65,1.1<=beta<1.4,A<0.65 | 1.1<=beta<1.4,baseline_middle_50
566,609_0.88_1.91.png,609,0.88,1.91,480,640,12.770754502050941,0.784955620765686,27.296155878649984,0.9637176990509033,26.243316315620895,0.9600649476051331,-1.0528395630290888,-0.0036527514457702637,0.85<=A<0.95,beta>=1.7,0.85<=A<0.95 | beta>=1.7,baseline_weakest_25
567,60_0.6_1.68.png,60,0.6,1.68,400,400,12.216022115362133,0.7881020903587341,29.302954374913885,0.9796287417411804,30.139536592506516,0.9800925850868225,0.8365822175926318,0.00046384334564208984,A<0.65,1.4<=beta<1.7,A<0.65 | 1.4<=beta<1.7,baseline_middle_50
568,610_0.56_1.07.png,610,0.56,1.07,480,640,21.12372896202094,0.9120666980743408,34.597974942629655,0.9898115992546082,33.20141113852367,0.9871053695678711,-1.3965638041059876,-0.0027062296867370605,A<0.65,0.8<=beta<1.1,A<0.65 | 0.8<=beta<1.1,baseline_middle_50
569,611_0.69_1.58.png,611,0.69,1.58,480,640,16.869797205986504,0.8519020676612854,30.562599629500205,0.9807895421981812,29.104196346940153,0.9761642217636108,-1.4584032825600524,-0.0046253204345703125,0.65<=A<0.75,1.4<=beta<1.7,0.65<=A<0.75 | 1.4<=beta<1.7,baseline_middle_50
570,612_0.8_0.85.png,612,0.8,0.85,480,640,19.353567675061186,0.8985152244567871,31.916929877019268,0.9860955476760864,30.97959749174779,0.9824742674827576,-0.9373323852714783,-0.0036212801933288574,0.75<=A<0.85,0.8<=beta<1.1,0.75<=A<0.85 | 0.8<=beta<1.1,baseline_middle_50
571,613_0.85_1.39.png,613,0.85,1.39,480,640,19.64573944557398,0.914761483669281,33.9097669105982,0.991527795791626,33.48470868167868,0.9924295544624329,-0.42505822891951794,0.0009017586708068848,0.85<=A<0.95,1.1<=beta<1.4,0.85<=A<0.95 | 1.1<=beta<1.4,baseline_middle_50
572,614_0.73_0.93.png,614,0.73,0.93,480,640,24.393108628004377,0.9515462517738342,35.88106595019703,0.9943681359291077,35.02550419510865,0.9948777556419373,-0.855561755088381,0.0005096197128295898,0.65<=A<0.75,0.8<=beta<1.1,0.65<=A<0.75 | 0.8<=beta<1.1,baseline_middle_50
573,615_0.52_0.98.png,615,0.52,0.98,480,640,26.28362389755506,0.963119626045227,35.365150529802236,0.9948105216026306,33.46762299413495,0.9948270320892334,-1.8975275356672867,1.6510486602783203e-05,A<0.65,0.8<=beta<1.1,A<0.65 | 0.8<=beta<1.1,baseline_middle_50
574,616_0.8_1.72.png,616,0.8,1.72,480,640,18.91977126215052,0.9011756777763367,34.17231774161445,0.9911400079727173,33.22779935584514,0.9915139079093933,-0.9445183857693067,0.0003738999366760254,0.75<=A<0.85,beta>=1.7,0.75<=A<0.85 | beta>=1.7,baseline_middle_50
575,617_0.98_0.85.png,617,0.98,0.85,480,640,19.382929354688848,0.9189817905426025,31.43113729642497,0.9882176518440247,32.12649391181533,0.9886507987976074,0.6953566153903594,0.00043314695358276367,A>=0.95,0.8<=beta<1.1,A>=0.95 | 0.8<=beta<1.1,baseline_middle_50
576,618_0.89_1.01.png,618,0.89,1.01,480,640,19.505209003739672,0.9146574139595032,33.031142385205136,0.9899227023124695,32.950344080050435,0.9891680479049683,-0.08079830515470121,-0.0007546544075012207,0.85<=A<0.95,0.8<=beta<1.1,0.85<=A<0.95 | 0.8<=beta<1.1,baseline_middle_50
577,619_0.63_1.97.png,619,0.63,1.97,480,640,18.982217810463705,0.8831997513771057,35.01478178427716,0.9857287406921387,33.66201877982999,0.9882221221923828,-1.3527630044471692,0.0024933815002441406,A<0.65,beta>=1.7,A<0.65 | beta>=1.7,baseline_middle_50
578,61_0.98_0.82.png,61,0.98,0.82,400,400,11.274786859862642,0.7329077124595642,30.82574792864073,0.9858136177062988,30.14217553151065,0.9844648838043213,-0.6835723971300816,-0.001348733901977539,A>=0.95,0.8<=beta<1.1,A>=0.95 | 0.8<=beta<1.1,baseline_middle_50
579,620_0.56_0.87.png,620,0.56,0.87,480,640,24.494152032444376,0.9472547769546509,40.55371992999228,0.9929186105728149,40.01767717255544,0.9947644472122192,-0.5360427574368458,0.0018458366394042969,A<0.65,0.8<=beta<1.1,A<0.65 | 0.8<=beta<1.1,baseline_strongest_25
580,621_0.68_1.14.png,621,0.68,1.14,480,640,18.21516557720781,0.8892304301261902,36.07025389913246,0.9916380643844604,35.84294267248772,0.9920527338981628,-0.22731122664473702,0.0004146695137023926,0.65<=A<0.75,1.1<=beta<1.4,0.65<=A<0.75 | 1.1<=beta<1.4,baseline_middle_50
581,622_0.55_1.49.png,622,0.55,1.49,480,640,18.665514165945265,0.87811279296875,36.3438982020098,0.9912630319595337,35.05606589512526,0.9908401966094971,-1.287832306884539,-0.0004228353500366211,A<0.65,1.4<=beta<1.7,A<0.65 | 1.4<=beta<1.7,baseline_strongest_25
582,623_0.75_1.05.png,623,0.75,1.05,480,640,17.61567685856372,0.8882423639297485,34.35217851965963,0.9908623695373535,34.73561012305548,0.9912835359573364,0.3834316033958487,0.00042116641998291016,0.75<=A<0.85,0.8<=beta<1.1,0.75<=A<0.85 | 0.8<=beta<1.1,baseline_middle_50
583,624_0.58_0.68.png,624,0.58,0.68,480,640,23.274284474143077,0.9414940476417542,40.27354085457337,0.9954630732536316,37.57865339410131,0.9949380159378052,-2.69488746047206,-0.000525057315826416,A<0.65,beta<0.8,A<0.65 | beta<0.8,baseline_strongest_25
584,625_0.89_1.64.png,625,0.89,1.64,480,640,12.227385296267347,0.7741613388061523,32.504793980844056,0.9870721697807312,32.963236935834644,0.9875632524490356,0.45844295499058774,0.0004910826683044434,0.85<=A<0.95,1.4<=beta<1.7,0.85<=A<0.95 | 1.4<=beta<1.7,baseline_middle_50
585,626_0.78_1.81.png,626,0.78,1.81,480,640,13.263798278828297,0.7797770500183105,33.2109068913128,0.9883167147636414,33.96428929067503,0.9885044097900391,0.7533823993622306,0.00018769502639770508,0.75<=A<0.85,beta>=1.7,0.75<=A<0.85 | beta>=1.7,baseline_middle_50
586,627_0.73_1.69.png,627,0.73,1.69,480,640,14.399935976587479,0.801346480846405,33.29025563840178,0.9891329407691956,35.05756304527645,0.9902995824813843,1.7673074068746715,0.0011666417121887207,0.65<=A<0.75,1.4<=beta<1.7,0.65<=A<0.75 | 1.4<=beta<1.7,baseline_middle_50
587,628_0.94_1.47.png,628,0.94,1.47,480,640,12.190106236213516,0.7826050519943237,32.2938082646609,0.9871360659599304,32.67944100653108,0.9880476593971252,0.38563274187017527,0.0009115934371948242,0.85<=A<0.95,1.4<=beta<1.7,0.85<=A<0.95 | 1.4<=beta<1.7,baseline_middle_50
588,629_0.58_1.06.png,629,0.58,1.06,480,640,21.306166583415312,0.9105690121650696,38.446713949346545,0.9943624138832092,38.21864821541855,0.9943145513534546,-0.22806573392799834,-4.786252975463867e-05,A<0.65,0.8<=beta<1.1,A<0.65 | 0.8<=beta<1.1,baseline_strongest_25
589,62_0.6_0.77.png,62,0.6,0.77,400,400,14.813929712143333,0.8324609398841858,30.178469219060283,0.9911165833473206,30.670428619048668,0.9875929951667786,0.4919593999883851,-0.003523588180541992,A<0.65,beta<0.8,A<0.65 | beta<0.8,baseline_middle_50
590,630_0.86_1.53.png,630,0.86,1.53,480,640,14.225780241354741,0.821215033531189,32.77039959960482,0.9886319637298584,32.35260388028378,0.9880468249320984,-0.41779571932104176,-0.0005851387977600098,0.85<=A<0.95,1.4<=beta<1.7,0.85<=A<0.95 | 1.4<=beta<1.7,baseline_middle_50
591,631_0.6_1.43.png,631,0.6,1.43,480,640,19.075395534173182,0.8740630745887756,37.14064289389166,0.9926135540008545,36.65335053759068,0.9924535155296326,-0.48729235630097634,-0.00016003847122192383,A<0.65,1.4<=beta<1.7,A<0.65 | 1.4<=beta<1.7,baseline_strongest_25
592,632_0.57_0.74.png,632,0.57,0.74,480,640,23.986539048026398,0.9406583905220032,39.53364281431557,0.995499849319458,39.39016505835874,0.9955273270606995,-0.14347775595683032,2.7477741241455078e-05,A<0.65,beta<0.8,A<0.65 | beta<0.8,baseline_strongest_25
593,633_0.96_0.87.png,633,0.96,0.87,480,640,13.957413222907144,0.8357135057449341,32.94140544679339,0.9887874126434326,32.15966903090719,0.9873908162117004,-0.7817364158862006,-0.0013965964317321777,A>=0.95,0.8<=beta<1.1,A>=0.95 | 0.8<=beta<1.1,baseline_middle_50
594,634_0.93_1.27.png,634,0.93,1.27,480,640,11.976606794819045,0.7854788303375244,31.62602153343152,0.9846410155296326,30.895290529472398,0.981579601764679,-0.7307310039591215,-0.0030614137649536133,0.85<=A<0.95,1.1<=beta<1.4,0.85<=A<0.95 | 1.1<=beta<1.4,baseline_middle_50
595,635_0.83_0.65.png,635,0.83,0.65,480,640,17.85889695039937,0.8906980156898499,36.967628444602994,0.9938271045684814,35.47255259131602,0.9922277331352234,-1.495075853286977,-0.0015993714332580566,0.75<=A<0.85,beta<0.8,0.75<=A<0.85 | beta<0.8,baseline_strongest_25
596,636_0.58_1.91.png,636,0.58,1.91,480,640,15.129855912708823,0.8001540303230286,32.40480021575764,0.9830557107925415,32.62526069550633,0.9818483591079712,0.220460479748688,-0.0012073516845703125,A<0.65,beta>=1.7,A<0.65 | beta>=1.7,baseline_middle_50
597,637_0.63_1.9.png,637,0.63,1.9,480,640,14.905566280865372,0.7967516183853149,34.95724310725792,0.9886950850486755,32.19686046617472,0.9873359203338623,-2.760382641083204,-0.0013591647148132324,A<0.65,beta>=1.7,A<0.65 | beta>=1.7,baseline_middle_50
598,638_0.82_1.07.png,638,0.82,1.07,480,640,15.525606809131506,0.8471013903617859,37.10770402655402,0.9927189350128174,36.90349053704929,0.9917669892311096,-0.20421348950473117,-0.0009519457817077637,0.75<=A<0.85,0.8<=beta<1.1,0.75<=A<0.85 | 0.8<=beta<1.1,baseline_strongest_25
599,639_0.78_0.71.png,639,0.78,0.71,480,640,18.922250697691652,0.8980653285980225,38.53608360965877,0.9953060150146484,38.78740714862151,0.994706392288208,0.25132353896274395,-0.0005996227264404297,0.75<=A<0.85,beta<0.8,0.75<=A<0.85 | beta<0.8,baseline_strongest_25
600,63_0.51_1.84.png,63,0.51,1.84,400,400,12.600941756772453,0.6429449319839478,27.620005957141448,0.9844664335250854,26.86391128570259,0.9801496267318726,-0.7560946714388592,-0.004316806793212891,A<0.65,beta>=1.7,A<0.65 | beta>=1.7,baseline_weakest_25
601,640_0.64_1.94.png,640,0.64,1.94,480,640,14.635502453643905,0.7913252115249634,34.74874282448661,0.9882263541221619,31.946871118437844,0.9864773750305176,-2.801871706048768,-0.0017489790916442871,A<0.65,beta>=1.7,A<0.65 | beta>=1.7,baseline_middle_50
602,641_0.95_1.18.png,641,0.95,1.18,480,640,12.17254655881229,0.4626326560974121,35.26181134425962,0.9827406406402588,37.99764842471934,0.9832377433776855,2.735837080459717,0.0004971027374267578,A>=0.95,1.1<=beta<1.4,A>=0.95 | 1.1<=beta<1.4,baseline_middle_50
603,642_0.99_1.18.png,642,0.99,1.18,480,640,11.789830674263527,0.45506545901298523,34.371977456742286,0.9817246198654175,37.4776358285698,0.9824841022491455,3.1056583718275164,0.0007594823837280273,A>=0.95,1.1<=beta<1.4,A>=0.95 | 1.1<=beta<1.4,baseline_middle_50
604,643_0.82_0.72.png,643,0.82,0.72,480,640,17.088836242939472,0.5793390870094299,38.22477158175438,0.9888501167297363,39.28499156735037,0.9888678789138794,1.0602199855959853,1.7762184143066406e-05,0.75<=A<0.85,beta<0.8,0.75<=A<0.85 | beta<0.8,baseline_strongest_25
605,644_0.97_1.85.png,644,0.97,1.85,480,640,9.146358991240099,0.3809768557548523,32.36486811756736,0.9723101258277893,34.73005163943183,0.9724122881889343,2.3651835218644663,0.00010216236114501953,A>=0.95,beta>=1.7,A>=0.95 | beta>=1.7,baseline_middle_50
606,645_0.58_1.99.png,645,0.58,1.99,480,640,15.669546791878696,0.8102685809135437,34.826932763332564,0.9847042560577393,34.951992243694136,0.9844066500663757,0.12505948036157122,-0.0002976059913635254,A<0.65,beta>=1.7,A<0.65 | beta>=1.7,baseline_middle_50
607,646_0.52_1.97.png,646,0.52,1.97,480,640,16.537278628245144,0.8226145505905151,33.96639895818443,0.9857544898986816,33.08551715440731,0.9864711165428162,-0.8808818037771147,0.0007166266441345215,A<0.65,beta>=1.7,A<0.65 | beta>=1.7,baseline_middle_50
608,647_0.82_0.94.png,647,0.82,0.94,480,640,16.647653426277124,0.8612379431724548,35.63946473759577,0.9909725189208984,36.36932142077688,0.9900063872337341,0.7298566831811044,-0.0009661316871643066,0.75<=A<0.85,0.8<=beta<1.1,0.75<=A<0.85 | 0.8<=beta<1.1,baseline_middle_50
609,648_0.94_1.95.png,648,0.94,1.95,480,640,10.784964810507613,0.7381727695465088,29.825426124661647,0.9619114995002747,28.97675739513195,0.956615686416626,-0.8486687295296953,-0.005295813083648682,0.85<=A<0.95,beta>=1.7,0.85<=A<0.95 | beta>=1.7,baseline_middle_50
610,649_0.85_1.14.png,649,0.85,1.14,480,640,12.54251937475598,0.695288896560669,38.875285438925964,0.9928800463676453,39.42783862263452,0.9931020736694336,0.5525531837085538,0.00022202730178833008,0.85<=A<0.95,1.1<=beta<1.4,0.85<=A<0.95 | 1.1<=beta<1.4,baseline_strongest_25
611,64_0.62_0.79.png,64,0.62,0.79,400,400,14.354412150890246,0.8218002915382385,30.113127343807896,0.9908299446105957,30.688669230341322,0.9879157543182373,0.5755418865334256,-0.0029141902923583984,A<0.65,beta<0.8,A<0.65 | beta<0.8,baseline_middle_50
612,650_0.56_0.65.png,650,0.56,0.65,480,640,19.209165750995435,0.824536144733429,44.48172596398904,0.9963011145591736,42.787322056526655,0.9962798357009888,-1.6944039074623873,-2.1278858184814453e-05,A<0.65,beta<0.8,A<0.65 | beta<0.8,baseline_strongest_25
613,651_0.89_1.04.png,651,0.89,1.04,480,640,12.645427112587917,0.7045016884803772,38.897112710748594,0.9934344291687012,39.46056540555205,0.993401825428009,0.563452694803459,-3.260374069213867e-05,0.85<=A<0.95,0.8<=beta<1.1,0.85<=A<0.95 | 0.8<=beta<1.1,baseline_strongest_25
614,652_0.67_1.73.png,652,0.67,1.73,480,640,12.218864304350213,0.6440449953079224,37.79492391684989,0.9900286197662354,35.43927259991918,0.9903446435928345,-2.355651316930711,0.0003160238265991211,0.65<=A<0.75,beta>=1.7,0.65<=A<0.75 | beta>=1.7,baseline_strongest_25
615,653_0.88_1.66.png,653,0.88,1.66,480,640,10.397878602540036,0.398546427488327,36.67816420993238,0.9735792875289917,36.975381591081124,0.9698845744132996,0.29721738114874086,-0.0036947131156921387,0.85<=A<0.95,1.4<=beta<1.7,0.85<=A<0.95 | 1.4<=beta<1.7,baseline_strongest_25
616,654_0.84_1.35.png,654,0.84,1.35,480,640,12.155081510323456,0.43486303091049194,38.04466803852474,0.9788585305213928,38.34117614413563,0.9776623845100403,0.29650810561089,-0.001196146011352539,0.75<=A<0.85,1.1<=beta<1.4,0.75<=A<0.85 | 1.1<=beta<1.4,baseline_strongest_25
617,655_0.8_1.51.png,655,0.8,1.51,480,640,11.838920126533601,0.42661252617836,38.16582119739421,0.9778299927711487,38.569917135843205,0.9765022397041321,0.4040959384489966,-0.0013277530670166016,0.75<=A<0.85,1.4<=beta<1.7,0.75<=A<0.85 | 1.4<=beta<1.7,baseline_strongest_25
618,656_0.88_1.72.png,656,0.88,1.72,480,640,10.174466708038135,0.3936229348182678,36.3659082483974,0.9729340672492981,36.77037412464299,0.969706118106842,0.40446587624558816,-0.0032279491424560547,0.85<=A<0.95,beta>=1.7,0.85<=A<0.95 | beta>=1.7,baseline_strongest_25
619,657_0.61_1.25.png,657,0.61,1.25,480,640,18.49399081289662,0.7953914999961853,37.610450315189645,0.9899576306343079,37.27379326983272,0.9894809126853943,-0.3366570453569224,-0.0004767179489135742,A<0.65,1.1<=beta<1.4,A<0.65 | 1.1<=beta<1.4,baseline_strongest_25
620,658_0.67_0.54.png,658,0.67,0.54,480,640,24.077528058602763,0.8751576542854309,41.755702294345305,0.9946109056472778,42.138942547009705,0.994554877281189,0.3832402526644003,-5.602836608886719e-05,0.65<=A<0.75,beta<0.8,0.65<=A<0.75 | beta<0.8,baseline_strongest_25
621,659_0.8_1.18.png,659,0.8,1.18,480,640,16.718152468214477,0.770513117313385,37.345253690066286,0.9884608387947083,36.98370710003131,0.9877030253410339,-0.36154659003497613,-0.0007578134536743164,0.75<=A<0.85,1.1<=beta<1.4,0.75<=A<0.85 | 1.1<=beta<1.4,baseline_strongest_25
622,65_0.89_0.51.png,65,0.89,0.51,400,400,24.715976396602052,0.9741595983505249,33.50984857790487,0.9912053942680359,31.583286289063686,0.9887851476669312,-1.9265622888411826,-0.0024202466011047363,0.85<=A<0.95,beta<0.8,0.85<=A<0.95 | beta<0.8,baseline_middle_50
623,660_0.62_1.91.png,660,0.62,1.91,480,640,15.697974910760792,0.729274332523346,35.718521836952206,0.9849262237548828,34.246661053566314,0.9840825796127319,-1.4718607833858925,-0.0008436441421508789,A<0.65,beta>=1.7,A<0.65 | beta>=1.7,baseline_middle_50
624,661_0.7_0.75.png,661,0.7,0.75,480,640,23.025031070478942,0.9491544961929321,39.076288326761,0.9960010051727295,38.01899666579292,0.9957247376441956,-1.0572916609680831,-0.00027626752853393555,0.65<=A<0.75,beta<0.8,0.65<=A<0.75 | beta<0.8,baseline_strongest_25
625,662_0.79_1.86.png,662,0.79,1.86,480,640,15.765628674586889,0.8641106486320496,31.388972513537134,0.9883028268814087,34.63621709506323,0.9901436567306519,3.247244581526097,0.001840829849243164,0.75<=A<0.85,beta>=1.7,0.75<=A<0.85 | beta>=1.7,baseline_middle_50
626,663_0.84_1.13.png,663,0.84,1.13,480,640,17.913890772183862,0.9062923789024353,35.06583440698933,0.9932790994644165,33.08382607723753,0.9923133850097656,-1.9820083297517996,-0.0009657144546508789,0.75<=A<0.85,1.1<=beta<1.4,0.75<=A<0.85 | 1.1<=beta<1.4,baseline_middle_50
627,664_0.99_1.07.png,664,0.99,1.07,480,640,16.131104857062496,0.8939344882965088,32.55974576555912,0.9914387464523315,31.30761659753525,0.990403413772583,-1.2521291680238704,-0.0010353326797485352,A>=0.95,0.8<=beta<1.1,A>=0.95 | 0.8<=beta<1.1,baseline_middle_50
628,665_0.78_1.86.png,665,0.78,1.86,480,640,15.409631760392902,0.8177726864814758,34.996026521117926,0.989071786403656,34.399075817290544,0.988969624042511,-0.5969507038273818,-0.00010216236114501953,0.75<=A<0.85,beta>=1.7,0.75<=A<0.85 | beta>=1.7,baseline_middle_50
629,666_0.72_0.6.png,666,0.72,0.6,480,640,23.445750013309386,0.9454671740531921,40.353593105580934,0.9960471987724304,40.947780614875384,0.9963389039039612,0.59418750929445,0.0002917051315307617,0.65<=A<0.75,beta<0.8,0.65<=A<0.75 | beta<0.8,baseline_strongest_25
630,667_0.82_1.98.png,667,0.82,1.98,480,640,14.539380487623399,0.8018532395362854,34.16108671045836,0.987166166305542,33.61475068495116,0.9871081709861755,-0.5463360255072018,-5.799531936645508e-05,0.75<=A<0.85,beta>=1.7,0.75<=A<0.85 | beta>=1.7,baseline_middle_50
631,668_0.69_1.25.png,668,0.69,1.25,480,640,18.80151133867027,0.8847453594207764,37.288940124514646,0.9932376742362976,37.32752720361532,0.9935840368270874,0.03858707910067238,0.0003463625907897949,0.65<=A<0.75,1.1<=beta<1.4,0.65<=A<0.75 | 1.1<=beta<1.4,baseline_strongest_25
632,669_0.82_1.33.png,669,0.82,1.33,480,640,15.051730433301513,0.8251163959503174,34.92202296276987,0.9890064001083374,33.828578581547994,0.9871224164962769,-1.0934443812218788,-0.0018839836120605469,0.75<=A<0.85,1.1<=beta<1.4,0.75<=A<0.85 | 1.1<=beta<1.4,baseline_middle_50
633,66_0.62_1.57.png,66,0.62,1.57,400,400,16.800542936574498,0.910861074924469,31.07059915200908,0.9863564968109131,30.33182893292302,0.986068606376648,-0.7387702190860601,-0.0002878904342651367,A<0.65,1.4<=beta<1.7,A<0.65 | 1.4<=beta<1.7,baseline_middle_50
634,670_0.75_1.02.png,670,0.75,1.02,480,640,17.66755110963583,0.8694291114807129,37.136431033089465,0.9921780228614807,36.07829131860993,0.9914799332618713,-1.0581397144795375,-0.000698089599609375,0.75<=A<0.85,0.8<=beta<1.1,0.75<=A<0.85 | 0.8<=beta<1.1,baseline_strongest_25
635,671_0.76_1.47.png,671,0.76,1.47,480,640,15.277723255228384,0.8186365365982056,35.244140750891205,0.9892012476921082,34.03422925225178,0.9872593879699707,-1.2099114986394284,-0.0019418597221374512,0.75<=A<0.85,1.4<=beta<1.7,0.75<=A<0.85 | 1.4<=beta<1.7,baseline_middle_50
636,672_0.65_0.76.png,672,0.65,0.76,480,640,20.88739220219614,0.910801112651825,39.6179734935415,0.9941151738166809,38.42694846270769,0.9941113591194153,-1.1910250308338064,-3.814697265625e-06,0.65<=A<0.75,beta<0.8,0.65<=A<0.75 | beta<0.8,baseline_strongest_25
637,673_0.85_1.82.png,673,0.85,1.82,480,640,15.106857488084305,0.7543745040893555,38.26001569381945,0.9925297498703003,38.04107063858683,0.9918157458305359,-0.21894505523261643,-0.0007140040397644043,0.85<=A<0.95,beta>=1.7,0.85<=A<0.95 | beta>=1.7,baseline_strongest_25
638,674_0.95_1.43.png,674,0.95,1.43,480,640,15.70902806825255,0.7781615257263184,38.03461182191289,0.9928045272827148,36.29441895551685,0.991239607334137,-1.7401928663960362,-0.0015649199485778809,A>=0.95,1.4<=beta<1.7,A>=0.95 | 1.4<=beta<1.7,baseline_strongest_25
639,675_0.78_1.9.png,675,0.78,1.9,480,640,15.54035822635516,0.7590535283088684,38.95192169176329,0.9929639101028442,38.50362108782164,0.991860568523407,-0.4483006039416466,-0.0011033415794372559,0.75<=A<0.85,beta>=1.7,0.75<=A<0.85 | beta>=1.7,baseline_strongest_25
640,676_0.97_1.88.png,676,0.97,1.88,480,640,13.629152552004555,0.7288967967033386,35.93497010618675,0.990135133266449,34.71029101081793,0.9887654781341553,-1.2246790953688205,-0.0013696551322937012,A>=0.95,beta>=1.7,A>=0.95 | beta>=1.7,baseline_middle_50
641,677_0.58_1.45.png,677,0.58,1.45,480,640,17.901375201996675,0.9004948139190674,38.50417816428536,0.9941555261611938,36.72790857900977,0.99351966381073,-1.7762695852755925,-0.0006358623504638672,A<0.65,1.4<=beta<1.7,A<0.65 | 1.4<=beta<1.7,baseline_strongest_25
642,678_0.62_0.73.png,678,0.62,0.73,480,640,22.854494511230932,0.9556617140769958,42.19784041787428,0.9963449239730835,41.15342042987052,0.9959113597869873,-1.0444199880037601,-0.0004335641860961914,A<0.65,beta<0.8,A<0.65 | beta<0.8,baseline_strongest_25
643,679_0.84_1.04.png,679,0.84,1.04,480,640,20.926291849518392,0.9164073467254639,36.86979177140412,0.9950398206710815,35.89939749450255,0.994067907333374,-0.9703942769015654,-0.0009719133377075195,0.75<=A<0.85,0.8<=beta<1.1,0.75<=A<0.85 | 0.8<=beta<1.1,baseline_strongest_25
644,67_0.68_1.12.png,67,0.68,1.12,400,400,19.290104366866235,0.9420136213302612,31.24258512041944,0.9887653589248657,31.41556421111349,0.9895307421684265,0.17297909069404938,0.000765383243560791,0.65<=A<0.75,1.1<=beta<1.4,0.65<=A<0.75 | 1.1<=beta<1.4,baseline_middle_50
645,680_0.72_1.1.png,680,0.72,1.1,480,640,20.81943153900788,0.9199917316436768,38.019256198511776,0.9950605034828186,36.85636411953766,0.9942922592163086,-1.1628920789741173,-0.0007682442665100098,0.65<=A<0.75,1.1<=beta<1.4,0.65<=A<0.75 | 1.1<=beta<1.4,baseline_strongest_25
646,681_0.89_1.64.png,681,0.89,1.64,480,640,16.873974156240024,0.8488722443580627,32.3514829244443,0.9884547591209412,31.688198722340346,0.9889696836471558,-0.6632842021039522,0.0005149245262145996,0.85<=A<0.95,1.4<=beta<1.7,0.85<=A<0.95 | 1.4<=beta<1.7,baseline_middle_50
647,682_0.58_0.74.png,682,0.58,0.74,480,640,22.747413678331768,0.957123339176178,39.90413454784628,0.9966632127761841,39.93547306697454,0.9965286254882812,0.031338519128254916,-0.00013458728790283203,A<0.65,beta<0.8,A<0.65 | beta<0.8,baseline_strongest_25
648,683_0.65_0.66.png,683,0.65,0.66,480,640,24.093577868029094,0.9609918594360352,39.240468873030785,0.9967140555381775,38.17229240283944,0.9963629841804504,-1.0681764701913465,-0.0003510713577270508,0.65<=A<0.75,beta<0.8,0.65<=A<0.75 | beta<0.8,baseline_strongest_25
649,684_0.89_1.28.png,684,0.89,1.28,480,640,18.214031122137598,0.8833237290382385,33.556657393086276,0.9910114407539368,32.22248367320915,0.9915238618850708,-1.3341737198771284,0.0005124211311340332,0.85<=A<0.95,1.1<=beta<1.4,0.85<=A<0.95 | 1.1<=beta<1.4,baseline_middle_50
650,685_0.95_1.13.png,685,0.95,1.13,480,640,11.294743316377023,0.720256507396698,31.113711039055776,0.9843118190765381,30.54241620312594,0.9828464984893799,-0.5712948359298373,-0.0014653205871582031,A>=0.95,1.1<=beta<1.4,A>=0.95 | 1.1<=beta<1.4,baseline_middle_50
651,686_0.88_1.15.png,686,0.88,1.15,480,640,12.072965975143417,0.7312947511672974,32.25253336853521,0.9858749508857727,31.643221750186463,0.9842448234558105,-0.6093116183487481,-0.0016301274299621582,0.85<=A<0.95,1.1<=beta<1.4,0.85<=A<0.95 | 1.1<=beta<1.4,baseline_middle_50
652,687_0.97_0.94.png,687,0.97,0.94,480,640,12.200408871178382,0.749465823173523,31.3945953307999,0.9863054156303406,30.713123736392376,0.9843354225158691,-0.6814715944075225,-0.0019699931144714355,A>=0.95,0.8<=beta<1.1,A>=0.95 | 0.8<=beta<1.1,baseline_middle_50
653,688_0.83_1.51.png,688,0.83,1.51,480,640,11.178067390381354,0.6888772249221802,31.7357578048529,0.9825608134269714,31.611917147344663,0.981879472732544,-0.12384065750823581,-0.0006813406944274902,0.75<=A<0.85,1.4<=beta<1.7,0.75<=A<0.85 | 1.4<=beta<1.7,baseline_middle_50
654,689_0.67_0.91.png,689,0.67,0.91,480,640,22.622308808526665,0.9269591569900513,39.67087337714987,0.9962904453277588,40.964632453378854,0.9961837530136108,1.2937590762289872,-0.00010669231414794922,0.65<=A<0.75,0.8<=beta<1.1,0.65<=A<0.75 | 0.8<=beta<1.1,baseline_strongest_25
655,68_0.78_1.68.png,68,0.78,1.68,400,400,15.666028020012464,0.8765204548835754,27.310005375872734,0.9810600280761719,28.324000714001386,0.9825758934020996,1.0139953381286517,0.0015158653259277344,0.75<=A<0.85,1.4<=beta<1.7,0.75<=A<0.85 | 1.4<=beta<1.7,baseline_weakest_25
656,690_0.62_0.99.png,690,0.62,0.99,480,640,22.612565460896388,0.9265893697738647,40.43253537143354,0.9962835311889648,40.69087597572241,0.9960833191871643,0.2583406042888754,-0.0002002120018005371,A<0.65,0.8<=beta<1.1,A<0.65 | 0.8<=beta<1.1,baseline_strongest_25
657,691_0.84_1.65.png,691,0.84,1.65,480,640,16.104773159260528,0.8428561687469482,32.70006496448903,0.9917906522750854,35.53676387073122,0.9915451407432556,2.836698906242191,-0.000245511531829834,0.75<=A<0.85,1.4<=beta<1.7,0.75<=A<0.85 | 1.4<=beta<1.7,baseline_middle_50
658,692_0.92_1.8.png,692,0.92,1.8,480,640,14.518658721028341,0.8176950812339783,30.532404706725686,0.9896897673606873,33.08901660646217,0.9880053997039795,2.556611899736481,-0.0016843676567077637,0.85<=A<0.95,beta>=1.7,0.85<=A<0.95 | beta>=1.7,baseline_middle_50
659,693_0.8_1.0.png,693,0.8,1.0,480,640,14.392137090989003,0.7701517939567566,36.73835197363799,0.9931548833847046,36.538891487021814,0.9923325181007385,-0.1994604866161751,-0.0008223652839660645,0.75<=A<0.85,0.8<=beta<1.1,0.75<=A<0.85 | 0.8<=beta<1.1,baseline_strongest_25
660,694_0.63_0.82.png,694,0.63,0.82,480,640,18.45585205562601,0.8308980464935303,40.38669473259183,0.9953354001045227,38.91076106481511,0.9946238994598389,-1.4759336677767152,-0.0007115006446838379,A<0.65,0.8<=beta<1.1,A<0.65 | 0.8<=beta<1.1,baseline_strongest_25
661,695_0.61_1.6.png,695,0.61,1.6,480,640,14.686076241843075,0.7271093726158142,38.08488747496802,0.9913053512573242,36.360752095662015,0.9903677105903625,-1.7241353793060057,-0.0009376406669616699,A<0.65,1.4<=beta<1.7,A<0.65 | 1.4<=beta<1.7,baseline_strongest_25
662,696_0.96_1.81.png,696,0.96,1.81,480,640,8.743694233329887,0.6232584714889526,32.028857333313944,0.9826502799987793,31.829202119135488,0.981269896030426,-0.19965521417845622,-0.0013803839683532715,A>=0.95,beta>=1.7,A>=0.95 | beta>=1.7,baseline_middle_50
663,697_0.85_1.82.png,697,0.85,1.82,480,640,11.29346962184224,0.6968072056770325,36.420928916654745,0.9894561171531677,36.607043018849794,0.9898632168769836,0.18611410219504876,0.00040709972381591797,0.85<=A<0.95,beta>=1.7,0.85<=A<0.95 | beta>=1.7,baseline_strongest_25
664,698_0.51_1.13.png,698,0.51,1.13,480,640,18.88084484728037,0.8385675549507141,40.093689245566736,0.9941768646240234,40.92500203670877,0.9952829480171204,0.8313127911420324,0.0011060833930969238,A<0.65,1.1<=beta<1.4,A<0.65 | 1.1<=beta<1.4,baseline_strongest_25
665,699_0.67_1.68.png,699,0.67,1.68,480,640,14.203328772470545,0.7472817897796631,39.16472095403631,0.9921579360961914,38.06840821100583,0.9922020435333252,-1.0963127430304809,4.410743713378906e-05,0.65<=A<0.75,1.4<=beta<1.7,0.65<=A<0.75 | 1.4<=beta<1.7,baseline_strongest_25
666,69_0.85_0.92.png,69,0.85,0.92,400,400,13.150915348749475,0.7755202054977417,31.978071677995345,0.9877476096153259,32.031807413838095,0.9885799884796143,0.05373573584274993,0.0008323788642883301,0.85<=A<0.95,0.8<=beta<1.1,0.85<=A<0.95 | 0.8<=beta<1.1,baseline_middle_50
667,6_0.59_1.99.png,6,0.59,1.99,400,400,15.79632995518021,0.8350812196731567,32.60859606169427,0.9861776232719421,30.611781485983336,0.9853466153144836,-1.9968145757109355,-0.0008310079574584961,A<0.65,beta>=1.7,A<0.65 | beta>=1.7,baseline_middle_50
668,700_0.87_1.42.png,700,0.87,1.42,480,640,12.502917138973292,0.7375316023826599,37.24468006305706,0.9920358061790466,37.78066211271065,0.9918528199195862,0.5359820496535903,-0.00018298625946044922,0.85<=A<0.95,1.4<=beta<1.7,0.85<=A<0.95 | 1.4<=beta<1.7,baseline_strongest_25
669,701_0.72_0.54.png,701,0.72,0.54,480,640,21.30878894427881,0.7403315305709839,44.128520593577925,0.9924593567848206,42.66856759416065,0.991969883441925,-1.4599529994172755,-0.0004894733428955078,0.65<=A<0.75,beta<0.8,0.65<=A<0.75 | beta<0.8,baseline_strongest_25
670,702_0.99_1.46.png,702,0.99,1.46,480,640,11.35315084971927,0.553288996219635,37.34100251502501,0.9775092601776123,37.071120985806,0.9770875573158264,-0.2698815292190133,-0.00042170286178588867,A>=0.95,1.4<=beta<1.7,A>=0.95 | 1.4<=beta<1.7,baseline_strongest_25
671,703_0.99_1.55.png,703,0.99,1.55,480,640,10.985538959134429,0.5440701246261597,37.08883519549008,0.9756215214729309,36.7484385111316,0.9754290580749512,-0.34039668435847403,-0.00019246339797973633,A>=0.95,1.4<=beta<1.7,A>=0.95 | 1.4<=beta<1.7,baseline_strongest_25
672,704_0.99_1.12.png,704,0.99,1.12,480,640,13.06396293054119,0.5934708714485168,38.629705319695525,0.9829760193824768,37.928949545462324,0.9818992614746094,-0.7007557742332011,-0.0010767579078674316,A>=0.95,1.1<=beta<1.4,A>=0.95 | 1.1<=beta<1.4,baseline_strongest_25
673,705_0.82_1.3.png,705,0.82,1.3,480,640,12.614569614653915,0.7524939775466919,35.867975689395394,0.9891701340675354,36.49282869932481,0.9902433753013611,0.6248530099294172,0.0010732412338256836,0.75<=A<0.85,1.1<=beta<1.4,0.75<=A<0.85 | 1.1<=beta<1.4,baseline_middle_50
674,706_0.76_0.65.png,706,0.76,0.65,480,640,17.862672928156094,0.8470333218574524,39.20760126250521,0.994804322719574,40.47408651397375,0.9952120184898376,1.266485251468545,0.0004076957702636719,0.75<=A<0.85,beta<0.8,0.75<=A<0.85 | beta<0.8,baseline_strongest_25
675,707_0.88_1.27.png,707,0.88,1.27,480,640,11.991694504095838,0.7456238865852356,34.69740810364458,0.9880741834640503,35.86890176334088,0.9895310997962952,1.1714936596963028,0.001456916332244873,0.85<=A<0.95,1.1<=beta<1.4,0.85<=A<0.95 | 1.1<=beta<1.4,baseline_middle_50
676,708_0.81_0.85.png,708,0.81,0.85,480,640,15.351960798344146,0.8095980286598206,37.74704113920412,0.9929437637329102,39.273019639706035,0.9938462972640991,1.525978500501914,0.0009025335311889648,0.75<=A<0.85,0.8<=beta<1.1,0.75<=A<0.85 | 0.8<=beta<1.1,baseline_strongest_25
677,709_0.82_0.76.png,709,0.82,0.76,480,640,24.697094888833995,0.9381549954414368,40.224250881859476,0.9959597587585449,39.19332966262862,0.995814859867096,-1.030921219230855,-0.0001448988914489746,0.75<=A<0.85,beta<0.8,0.75<=A<0.85 | beta<0.8,baseline_strongest_25
678,70_0.84_1.08.png,70,0.84,1.08,400,400,12.093175934889926,0.7454672455787659,31.18791817361147,0.986583411693573,31.78500093977588,0.9867535829544067,0.5970827661644087,0.00017017126083374023,0.75<=A<0.85,0.8<=beta<1.1,0.75<=A<0.85 | 0.8<=beta<1.1,baseline_middle_50
679,710_0.76_0.76.png,710,0.76,0.76,480,640,25.760371813455155,0.9430195093154907,41.43510245338604,0.9963818788528442,39.564597271887095,0.9961212873458862,-1.8705051814989417,-0.0002605915069580078,0.75<=A<0.85,beta<0.8,0.75<=A<0.85 | beta<0.8,baseline_strongest_25
680,711_0.55_1.83.png,711,0.55,1.83,480,640,23.347921575597283,0.9057542681694031,39.087185112355314,0.9950956702232361,39.76139424638629,0.9951562285423279,0.6742091340309742,6.0558319091796875e-05,A<0.65,beta>=1.7,A<0.65 | beta>=1.7,baseline_strongest_25
681,712_0.91_0.63.png,712,0.91,0.63,480,640,24.655301857979946,0.9421048760414124,39.94301911157601,0.9959704279899597,40.078884231097746,0.9959518909454346,0.13586511952173908,-1.8537044525146484e-05,0.85<=A<0.95,beta<0.8,0.85<=A<0.95 | beta<0.8,baseline_strongest_25
682,713_0.58_0.72.png,713,0.58,0.72,480,640,25.626078269412012,0.9804765582084656,43.341942936252316,0.99764484167099,42.06440314615349,0.9975546598434448,-1.2775397900988281,-9.018182754516602e-05,A<0.65,beta<0.8,A<0.65 | beta<0.8,baseline_strongest_25
683,714_0.64_1.61.png,714,0.64,1.61,480,640,21.010687134336447,0.9395342469215393,37.39319932273758,0.9954802989959717,37.1041111455429,0.9957142472267151,-0.28908817719467805,0.0002339482307434082,A<0.65,1.4<=beta<1.7,A<0.65 | 1.4<=beta<1.7,baseline_strongest_25
684,715_0.63_1.36.png,715,0.63,1.36,480,640,21.94958906337768,0.9514430165290833,39.251037091244605,0.9964076280593872,38.2951170813655,0.9963905215263367,-0.9559200098791081,-1.710653305053711e-05,A<0.65,1.1<=beta<1.4,A<0.65 | 1.1<=beta<1.4,baseline_strongest_25
685,716_0.87_1.54.png,716,0.87,1.54,480,640,20.541384004324588,0.9282964468002319,32.993691219708495,0.9939711093902588,32.48200706685164,0.9940747022628784,-0.5116841528568585,0.0001035928726196289,0.85<=A<0.95,1.4<=beta<1.7,0.85<=A<0.95 | 1.4<=beta<1.7,baseline_middle_50
686,717_0.8_0.81.png,717,0.8,0.81,480,640,22.557444498922056,0.9456332921981812,38.09214486465805,0.9956401586532593,37.07928675541167,0.9949091076850891,-1.0128581092463804,-0.000731050968170166,0.75<=A<0.85,0.8<=beta<1.1,0.75<=A<0.85 | 0.8<=beta<1.1,baseline_strongest_25
687,718_0.99_0.96.png,718,0.99,0.96,480,640,18.916149458586744,0.9189993739128113,34.362813214483566,0.9936831593513489,34.44373747698174,0.992772102355957,0.08092426249817208,-0.0009110569953918457,A>=0.95,0.8<=beta<1.1,A>=0.95 | 0.8<=beta<1.1,baseline_middle_50
688,719_0.73_1.72.png,719,0.73,1.72,480,640,18.317236441831184,0.8932746648788452,35.170989536601596,0.9929246306419373,35.66847687459027,0.9920847415924072,0.49748733798867306,-0.0008398890495300293,0.65<=A<0.75,beta>=1.7,0.65<=A<0.75 | beta>=1.7,baseline_middle_50
689,71_0.51_0.85.png,71,0.51,0.85,400,400,17.882908181916097,0.8589959740638733,31.754775630276903,0.9921843409538269,29.78124529449722,0.9912713766098022,-1.9735303357796816,-0.0009129643440246582,A<0.65,0.8<=beta<1.1,A<0.65 | 0.8<=beta<1.1,baseline_middle_50
690,720_0.96_1.96.png,720,0.96,1.96,480,640,14.599786048939063,0.8515491485595703,27.487064293777653,0.9851564168930054,27.330193154139785,0.9834243655204773,-0.15687113963786814,-0.0017320513725280762,A>=0.95,beta>=1.7,A>=0.95 | beta>=1.7,baseline_weakest_25
691,721_0.9_1.42.png,721,0.9,1.42,480,640,17.170482507002372,0.8734128475189209,32.56288300340589,0.9918299913406372,31.879356492076315,0.9912030696868896,-0.6835265113295712,-0.0006269216537475586,0.85<=A<0.95,1.4<=beta<1.7,0.85<=A<0.95 | 1.4<=beta<1.7,baseline_middle_50
692,722_0.57_1.91.png,722,0.57,1.91,480,640,17.797034676799978,0.8708146214485168,33.94639994137393,0.9913682341575623,30.4227835394874,0.9902292490005493,-3.5236164018865317,-0.0011389851570129395,A<0.65,beta>=1.7,A<0.65 | beta>=1.7,baseline_middle_50
693,723_0.75_0.58.png,723,0.75,0.58,480,640,24.77908182334355,0.9621471166610718,38.573341695174285,0.9962170720100403,40.718702597856606,0.9968084096908569,2.14536090268232,0.0005913376808166504,0.75<=A<0.85,beta<0.8,0.75<=A<0.85 | beta<0.8,baseline_strongest_25
694,724_0.53_1.64.png,724,0.53,1.64,480,640,18.354995835412055,0.8927095532417297,33.993262695622974,0.9923538565635681,30.838604578017904,0.9916197061538696,-3.15465811760507,-0.0007341504096984863,A<0.65,1.4<=beta<1.7,A<0.65 | 1.4<=beta<1.7,baseline_middle_50
695,725_0.52_1.2.png,725,0.52,1.2,480,640,18.046706520920054,0.8551487922668457,38.01860058788305,0.9896144270896912,37.27509699514252,0.9895174503326416,-0.7435035927405309,-9.697675704956055e-05,A<0.65,1.1<=beta<1.4,A<0.65 | 1.1<=beta<1.4,baseline_strongest_25
696,726_0.61_1.15.png,726,0.61,1.15,480,640,17.703192720159624,0.8425140976905823,37.61700574448862,0.9881008863449097,37.10512314797412,0.9878062605857849,-0.5118825965145035,-0.00029462575912475586,A<0.65,1.1<=beta<1.4,A<0.65 | 1.1<=beta<1.4,baseline_strongest_25
697,727_0.64_0.73.png,727,0.64,0.73,480,640,20.509360186578476,0.8912550210952759,39.06644021194279,0.9914767742156982,39.08323083147651,0.9913289546966553,0.016790619533722406,-0.00014781951904296875,A<0.65,beta<0.8,A<0.65 | beta<0.8,baseline_strongest_25
698,728_0.75_1.78.png,728,0.75,1.78,480,640,13.532717869142491,0.7398779392242432,33.241004517327866,0.9752309322357178,32.96251079901068,0.9736055731773376,-0.2784937183171863,-0.001625359058380127,0.75<=A<0.85,beta>=1.7,0.75<=A<0.85 | beta>=1.7,baseline_middle_50
699,729_0.93_1.82.png,729,0.93,1.82,480,640,10.793771693567207,0.7725072503089905,29.303315676541214,0.9773979187011719,30.07352046420612,0.9779756665229797,0.7702047876649054,0.0005777478218078613,0.85<=A<0.95,beta>=1.7,0.85<=A<0.95 | beta>=1.7,baseline_middle_50
700,72_0.99_1.92.png,72,0.99,1.92,400,400,7.894043123401642,0.5870447754859924,25.885360980569235,0.9607837200164795,26.170443047984527,0.9632153511047363,0.2850820674152921,0.002431631088256836,A>=0.95,beta>=1.7,A>=0.95 | beta>=1.7,baseline_weakest_25
701,730_0.73_1.15.png,730,0.73,1.15,480,640,16.22195220695754,0.8706088066101074,33.2558653420826,0.9901676774024963,33.462409068141106,0.9903377294540405,0.20654372605850568,0.00017005205154418945,0.65<=A<0.75,1.1<=beta<1.4,0.65<=A<0.75 | 1.1<=beta<1.4,baseline_middle_50
702,731_0.77_1.95.png,731,0.77,1.95,480,640,12.4783537477254,0.7973532676696777,30.38323047489877,0.9817168712615967,32.18620461060644,0.983635663986206,1.802974135707668,0.001918792724609375,0.75<=A<0.85,beta>=1.7,0.75<=A<0.85 | beta>=1.7,baseline_middle_50
703,732_0.9_0.79.png,732,0.9,0.79,480,640,16.400381753804783,0.8814125061035156,34.43218644429785,0.9920406341552734,33.27797085347747,0.9910733103752136,-1.1542155908203782,-0.0009673237800598145,0.85<=A<0.95,beta<0.8,0.85<=A<0.95 | beta<0.8,baseline_middle_50
704,733_0.65_1.63.png,733,0.65,1.63,480,640,20.83643529334885,0.9120296835899353,31.605117680964185,0.9926469326019287,34.10183646211016,0.9939422011375427,2.4967187811459723,0.0012952685356140137,0.65<=A<0.75,1.4<=beta<1.7,0.65<=A<0.75 | 1.4<=beta<1.7,baseline_middle_50
705,734_0.89_1.57.png,734,0.89,1.57,480,640,17.86663037676677,0.8961363434791565,29.927626969438386,0.9910844564437866,31.726593209810858,0.9925624132156372,1.7989662403724722,0.001477956771850586,0.85<=A<0.95,1.4<=beta<1.7,0.85<=A<0.95 | 1.4<=beta<1.7,baseline_middle_50
706,735_0.79_1.19.png,735,0.79,1.19,480,640,21.473686290824517,0.9320727586746216,32.336338442734665,0.9943122267723083,34.64154113028003,0.9951363205909729,2.3052026875453677,0.0008240938186645508,0.75<=A<0.85,1.1<=beta<1.4,0.75<=A<0.85 | 1.1<=beta<1.4,baseline_middle_50
707,736_0.92_0.9.png,736,0.92,0.9,480,640,20.909334244628255,0.9439255595207214,33.89337242513746,0.9951484799385071,34.12910969486417,0.995533287525177,0.23573726972671238,0.0003848075866699219,0.85<=A<0.95,0.8<=beta<1.1,0.85<=A<0.95 | 0.8<=beta<1.1,baseline_middle_50
708,737_0.97_1.23.png,737,0.97,1.23,480,640,12.56305745309997,0.7019007802009583,27.440252226075227,0.9598774313926697,26.327449820757707,0.9603023529052734,-1.1128024053175203,0.00042492151260375977,A>=0.95,1.1<=beta<1.4,A>=0.95 | 1.1<=beta<1.4,baseline_weakest_25
709,738_0.8_0.91.png,738,0.8,0.91,480,640,16.47093907772572,0.7939605116844177,30.852822370624608,0.9782615303993225,29.625213559328316,0.9785292148590088,-1.2276088112962924,0.0002676844596862793,0.75<=A<0.85,0.8<=beta<1.1,0.75<=A<0.85 | 0.8<=beta<1.1,baseline_middle_50
710,739_0.58_1.14.png,739,0.58,1.14,480,640,17.68660663153817,0.809037446975708,32.52139089919461,0.9831163883209229,31.71938172058697,0.983177661895752,-0.8020091786076371,6.127357482910156e-05,A<0.65,1.1<=beta<1.4,A<0.65 | 1.1<=beta<1.4,baseline_middle_50
711,73_0.54_1.5.png,73,0.54,1.5,400,400,23.111221687551673,0.9650609493255615,24.65099643323569,0.9853879809379578,22.28707222528193,0.9824471473693848,-2.3639242079537617,-0.002940833568572998,A<0.65,1.4<=beta<1.7,A<0.65 | 1.4<=beta<1.7,baseline_weakest_25
712,740_0.81_0.75.png,740,0.81,0.75,480,640,17.797286027543255,0.8219448328018188,31.388876796418185,0.9791224598884583,30.941430358163302,0.9825892448425293,-0.4474464382548824,0.003466784954071045,0.75<=A<0.85,beta<0.8,0.75<=A<0.85 | beta<0.8,baseline_middle_50
713,741_0.56_1.58.png,741,0.56,1.58,480,640,24.43622237178284,0.9528438448905945,37.42961045459738,0.9951014518737793,37.73383360916697,0.9949726462364197,0.30422315456959126,-0.00012880563735961914,A<0.65,1.4<=beta<1.7,A<0.65 | 1.4<=beta<1.7,baseline_strongest_25
714,742_0.81_1.63.png,742,0.81,1.63,480,640,18.82555833033981,0.9298041462898254,29.44082402350172,0.9909929037094116,28.60378022560065,0.9902201294898987,-0.8370437979010674,-0.0007727742195129395,0.75<=A<0.85,1.4<=beta<1.7,0.75<=A<0.85 | 1.4<=beta<1.7,baseline_middle_50
715,743_0.95_1.15.png,743,0.95,1.15,480,640,18.676208099256908,0.9413655996322632,29.012910530536786,0.9914224147796631,28.276458782703923,0.9906889200210571,-0.7364517478328629,-0.000733494758605957,A>=0.95,1.1<=beta<1.4,A>=0.95 | 1.1<=beta<1.4,baseline_middle_50
716,744_0.73_1.83.png,744,0.73,1.83,480,640,19.795366981861168,0.9289800524711609,30.19877556123516,0.991395890712738,29.513183074843084,0.9907805919647217,-0.6855924863920748,-0.0006152987480163574,0.65<=A<0.75,beta>=1.7,0.65<=A<0.75 | beta>=1.7,baseline_middle_50
717,745_0.58_1.34.png,745,0.58,1.34,480,640,21.936699356849964,0.9296567440032959,35.691774724442816,0.9921278953552246,36.06247379987538,0.9929507374763489,0.37069907543256164,0.0008228421211242676,A<0.65,1.1<=beta<1.4,A<0.65 | 1.1<=beta<1.4,baseline_middle_50
718,746_0.99_1.16.png,746,0.99,1.16,480,640,16.30825259971943,0.8893165588378906,27.80783278250121,0.983208954334259,29.427334259817872,0.9859287738800049,1.6195014773166605,0.0027198195457458496,A>=0.95,1.1<=beta<1.4,A>=0.95 | 1.1<=beta<1.4,baseline_weakest_25
719,747_0.72_0.64.png,747,0.72,0.64,480,640,24.786655262740673,0.9572197794914246,34.90110921291324,0.9940527677536011,36.786217270723334,0.9944636821746826,1.8851080578100934,0.00041091442108154297,0.65<=A<0.75,beta<0.8,0.65<=A<0.75 | beta<0.8,baseline_middle_50
720,748_0.73_1.16.png,748,0.73,1.16,480,640,20.112885581935203,0.9212395548820496,32.556928696972896,0.9901991486549377,33.99504587568908,0.9915532469749451,1.4381171787161833,0.0013540983200073242,0.65<=A<0.75,1.1<=beta<1.4,0.65<=A<0.75 | 1.1<=beta<1.4,baseline_middle_50
721,749_0.73_1.08.png,749,0.73,1.08,480,640,22.48357448915654,0.9588019847869873,34.58989510526842,0.9940387606620789,34.040249205230594,0.9932569265365601,-0.5496459000378238,-0.0007818341255187988,0.65<=A<0.75,0.8<=beta<1.1,0.65<=A<0.75 | 0.8<=beta<1.1,baseline_middle_50
722,74_0.62_1.6.png,74,0.62,1.6,400,400,23.198171251857865,0.9613603353500366,24.83960754442549,0.9854501485824585,23.460894147508213,0.9842294454574585,-1.3787133969172771,-0.001220703125,A<0.65,1.4<=beta<1.7,A<0.65 | 1.4<=beta<1.7,baseline_weakest_25
723,750_0.6_1.27.png,750,0.6,1.27,480,640,23.83496065907101,0.960364043712616,35.94447143850581,0.9949673414230347,36.95659986113372,0.9944781064987183,1.0121284226279101,-0.0004892349243164062,A<0.65,1.1<=beta<1.4,A<0.65 | 1.1<=beta<1.4,baseline_middle_50
724,751_0.54_1.86.png,751,0.54,1.86,480,640,22.236993164850603,0.9433640241622925,34.5752513619744,0.9929078817367554,34.47385482541355,0.9921994805335999,-0.10139653656085557,-0.0007084012031555176,A<0.65,beta>=1.7,A<0.65 | beta>=1.7,baseline_middle_50
725,752_0.51_1.28.png,752,0.51,1.28,480,640,24.788955549428398,0.9654175043106079,36.80510613730159,0.9957691431045532,36.062807669020195,0.994986891746521,-0.7422984682813976,-0.0007822513580322266,A<0.65,1.1<=beta<1.4,A<0.65 | 1.1<=beta<1.4,baseline_strongest_25
726,753_0.9_1.18.png,753,0.9,1.18,480,640,19.523999508214157,0.9306402206420898,32.50648238082361,0.9915188550949097,34.05534035920666,0.9912384748458862,1.5488579783830474,-0.0002803802490234375,0.85<=A<0.95,1.1<=beta<1.4,0.85<=A<0.95 | 1.1<=beta<1.4,baseline_middle_50
727,754_0.73_1.45.png,754,0.73,1.45,480,640,20.51934314159591,0.9288569092750549,33.97642616128452,0.9923833608627319,36.09880330523526,0.9932805895805359,2.122377143950736,0.0008972287178039551,0.65<=A<0.75,1.4<=beta<1.7,0.65<=A<0.75 | 1.4<=beta<1.7,baseline_middle_50
728,755_0.58_0.84.png,755,0.58,0.84,480,640,25.178425620856807,0.9624412059783936,39.7357919740988,0.9963382482528687,39.84841676876493,0.9962724447250366,0.11262479466612518,-6.580352783203125e-05,A<0.65,0.8<=beta<1.1,A<0.65 | 0.8<=beta<1.1,baseline_strongest_25
729,756_0.75_1.06.png,756,0.75,1.06,480,640,22.284391546040013,0.9450931549072266,35.37038906708872,0.9943008422851562,36.66267950203158,0.9938374161720276,1.2922904349428563,-0.0004634261131286621,0.75<=A<0.85,0.8<=beta<1.1,0.75<=A<0.85 | 0.8<=beta<1.1,baseline_middle_50
730,757_0.64_1.31.png,757,0.64,1.31,480,640,19.3032704583631,0.8780395984649658,34.28271392911175,0.9921475052833557,31.920657279814026,0.9912011027336121,-2.362056649297724,-0.0009464025497436523,A<0.65,1.1<=beta<1.4,A<0.65 | 1.1<=beta<1.4,baseline_middle_50
731,758_0.61_0.98.png,758,0.61,0.98,480,640,21.131156768553314,0.9096591472625732,35.830686225441994,0.9943134188652039,33.05171851568308,0.99314945936203,-2.7789677097589163,-0.0011639595031738281,A<0.65,0.8<=beta<1.1,A<0.65 | 0.8<=beta<1.1,baseline_middle_50
732,759_0.96_0.76.png,759,0.96,0.76,480,640,19.760112368811832,0.9006861448287964,30.50777339503389,0.9898280501365662,31.324720309447574,0.9904789328575134,0.816946914413684,0.0006508827209472656,A>=0.95,beta<0.8,A>=0.95 | beta<0.8,baseline_middle_50
733,75_0.99_0.83.png,75,0.99,0.83,400,400,15.388279711411233,0.9482842683792114,27.73127667893776,0.9898048043251038,27.312535397042023,0.9905247688293457,-0.41874128189573767,0.0007199645042419434,A>=0.95,0.8<=beta<1.1,A>=0.95 | 0.8<=beta<1.1,baseline_weakest_25
734,760_0.85_1.01.png,760,0.85,1.01,480,640,19.45952473495051,0.885879397392273,31.043818306736437,0.9899286031723022,31.593414548787145,0.9903908371925354,0.5495962420507077,0.0004622340202331543,0.85<=A<0.95,0.8<=beta<1.1,0.85<=A<0.95 | 0.8<=beta<1.1,baseline_middle_50
735,761_0.56_1.17.png,761,0.56,1.17,480,640,18.597440181398706,0.6244369745254517,38.54308690987753,0.9907061457633972,39.26411158173367,0.9907932281494141,0.7210246718561422,8.70823860168457e-05,A<0.65,1.1<=beta<1.4,A<0.65 | 1.1<=beta<1.4,baseline_strongest_25
736,762_0.57_1.33.png,762,0.57,1.33,480,640,17.614139181758684,0.598421573638916,37.532983904804055,0.9895807504653931,39.14228941178658,0.98968106508255,1.6093055069825226,0.00010031461715698242,A<0.65,1.1<=beta<1.4,A<0.65 | 1.1<=beta<1.4,baseline_strongest_25
737,763_0.82_1.68.png,763,0.82,1.68,480,640,12.362973742103879,0.4898083508014679,34.412018191481366,0.982494056224823,34.88056555124699,0.980962336063385,0.4685473597656227,-0.0015317201614379883,0.75<=A<0.85,1.4<=beta<1.7,0.75<=A<0.85 | 1.4<=beta<1.7,baseline_middle_50
738,764_0.9_1.49.png,764,0.9,1.49,480,640,12.019330601432571,0.49465155601501465,33.62193243615601,0.9820199608802795,34.46428780579456,0.981103241443634,0.842355369638554,-0.0009167194366455078,0.85<=A<0.95,1.4<=beta<1.7,0.85<=A<0.95 | 1.4<=beta<1.7,baseline_middle_50
739,765_0.56_1.92.png,765,0.56,1.92,480,640,13.573322619605737,0.6711170673370361,31.818450678966393,0.9844839572906494,30.81400236054312,0.9837197661399841,-1.0044483184232718,-0.0007641911506652832,A<0.65,beta>=1.7,A<0.65 | beta>=1.7,baseline_middle_50
740,766_0.58_1.2.png,766,0.58,1.2,480,640,16.002373011117715,0.7558558583259583,38.59886721744925,0.9931923151016235,36.354719330645665,0.9925501346588135,-2.2441478868035887,-0.0006421804428100586,A<0.65,1.1<=beta<1.4,A<0.65 | 1.1<=beta<1.4,baseline_strongest_25
741,767_0.78_1.61.png,767,0.78,1.61,480,640,11.154690072425982,0.6497623920440674,34.36455315064751,0.9866543412208557,33.16088503268278,0.985430121421814,-1.2036681179647317,-0.001224219799041748,0.75<=A<0.85,1.4<=beta<1.7,0.75<=A<0.85 | 1.4<=beta<1.7,baseline_middle_50
742,768_0.65_1.02.png,768,0.65,1.02,480,640,15.874013161711257,0.7655137181282043,40.41837282560841,0.9942300319671631,37.63352367971558,0.9932960867881775,-2.784849145892828,-0.0009339451789855957,0.65<=A<0.75,0.8<=beta<1.1,0.65<=A<0.75 | 0.8<=beta<1.1,baseline_strongest_25
743,769_0.81_1.66.png,769,0.81,1.66,480,640,13.01019084865391,0.6237365007400513,37.00430957101694,0.9825941324234009,34.407607945375275,0.979297935962677,-2.596701625641664,-0.003296196460723877,0.75<=A<0.85,1.4<=beta<1.7,0.75<=A<0.85 | 1.4<=beta<1.7,baseline_strongest_25
744,76_0.64_1.74.png,76,0.64,1.74,400,400,22.221535521954756,0.9556422233581543,23.89573474403411,0.9833908677101135,22.794720609381965,0.9821809530258179,-1.1010141346521465,-0.0012099146842956543,A<0.65,beta>=1.7,A<0.65 | beta>=1.7,baseline_weakest_25
745,770_0.95_0.52.png,770,0.95,0.52,480,640,19.243233801936725,0.7698010206222534,40.583506789112135,0.9924575686454773,39.80564861491908,0.9918543696403503,-0.7778581741930566,-0.0006031990051269531,A>=0.95,beta<0.8,A>=0.95 | beta<0.8,baseline_strongest_25
746,771_0.84_0.54.png,771,0.84,0.54,480,640,20.24100468826979,0.7828521132469177,41.37038541458037,0.9929777979850769,40.6748158609181,0.9926412105560303,-0.695569553662267,-0.00033658742904663086,0.75<=A<0.85,beta<0.8,0.75<=A<0.85 | beta<0.8,baseline_strongest_25
747,772_0.69_1.76.png,772,0.69,1.76,480,640,14.285594149361742,0.6429789662361145,38.04443437679805,0.9844506978988647,36.69768624773563,0.9823480248451233,-1.3467481290624193,-0.002102673053741455,0.65<=A<0.75,beta>=1.7,0.65<=A<0.75 | beta>=1.7,baseline_strongest_25
748,773_0.51_0.63.png,773,0.51,0.63,480,640,22.60802935338082,0.7808090448379517,44.38999103194096,0.9933956265449524,45.079558496554874,0.9936767816543579,0.6895674646139156,0.0002811551094055176,A<0.65,beta<0.8,A<0.65 | beta<0.8,baseline_strongest_25
749,774_0.77_0.95.png,774,0.77,0.95,480,640,15.58849686545421,0.6519282460212708,41.2536926667957,0.988490641117096,40.90379727490686,0.9875674247741699,-0.3498953918888432,-0.0009232163429260254,0.75<=A<0.85,0.8<=beta<1.1,0.75<=A<0.85 | 0.8<=beta<1.1,baseline_strongest_25
750,775_0.63_1.13.png,775,0.63,1.13,480,640,16.4112018001581,0.6611725091934204,42.02045603253786,0.9885496497154236,42.288711162905386,0.988287627696991,0.26825513036752824,-0.0002620220184326172,A<0.65,1.1<=beta<1.4,A<0.65 | 1.1<=beta<1.4,baseline_strongest_25
751,776_0.77_1.8.png,776,0.77,1.8,480,640,11.565235017479377,0.5448978543281555,38.38973451157739,0.9797945618629456,38.90338898502585,0.9800394177436829,0.5136544734484616,0.0002448558807373047,0.75<=A<0.85,beta>=1.7,0.75<=A<0.85 | beta>=1.7,baseline_strongest_25
752,777_0.57_0.83.png,777,0.57,0.83,480,640,21.19072738405557,0.874837338924408,40.621083112906284,0.9945524334907532,39.41872702768269,0.9940565824508667,-1.2023560852235917,-0.0004958510398864746,A<0.65,0.8<=beta<1.1,A<0.65 | 0.8<=beta<1.1,baseline_strongest_25
753,778_0.91_1.51.png,778,0.91,1.51,480,640,12.546109820112317,0.757883608341217,33.908266764826095,0.9856446981430054,33.514547960736955,0.9858189821243286,-0.39371880408913995,0.0001742839813232422,0.85<=A<0.95,1.4<=beta<1.7,0.85<=A<0.95 | 1.4<=beta<1.7,baseline_middle_50
754,779_0.85_0.72.png,779,0.85,0.72,480,640,18.696078608914114,0.852910041809082,36.453675488483874,0.9932121634483337,36.92598669333725,0.9931284189224243,0.4723112048533764,-8.374452590942383e-05,0.85<=A<0.95,beta<0.8,0.85<=A<0.95 | beta<0.8,baseline_strongest_25
755,77_0.92_1.85.png,77,0.92,1.85,400,400,10.843003234829794,0.7071681022644043,19.36770546363368,0.9546040892601013,20.180187120141344,0.9488105773925781,0.8124816565076642,-0.005793511867523193,0.85<=A<0.95,beta>=1.7,0.85<=A<0.95 | beta>=1.7,baseline_weakest_25
756,780_0.86_1.18.png,780,0.86,1.18,480,640,14.858885208373545,0.7982755303382874,35.47784652235616,0.989654004573822,35.40419347557013,0.9898345470428467,-0.07365304678602769,0.0001805424690246582,0.85<=A<0.95,1.1<=beta<1.4,0.85<=A<0.95 | 1.1<=beta<1.4,baseline_middle_50
757,781_0.52_0.96.png,781,0.52,0.96,480,640,25.36368911281146,0.9569253325462341,40.002055168247864,0.9962398409843445,38.55027622878967,0.9956876039505005,-1.451778939458194,-0.0005522370338439941,A<0.65,0.8<=beta<1.1,A<0.65 | 0.8<=beta<1.1,baseline_strongest_25
758,782_0.6_0.51.png,782,0.6,0.51,480,640,28.552310590697125,0.9741499423980713,41.25102514369012,0.9969702363014221,41.894431692960936,0.9968747496604919,0.6434065492708143,-9.548664093017578e-05,A<0.65,beta<0.8,A<0.65 | beta<0.8,baseline_strongest_25
759,783_0.63_0.68.png,783,0.63,0.68,480,640,25.88825697036708,0.9632582068443298,39.805958643830465,0.9962048530578613,40.549442511981496,0.9960404634475708,0.7434838681510314,-0.00016438961029052734,A<0.65,beta<0.8,A<0.65 | beta<0.8,baseline_strongest_25
760,784_0.5_0.79.png,784,0.5,0.79,480,640,27.02460784443914,0.9662578701972961,40.02021773893962,0.996651828289032,38.4747320127133,0.9962424039840698,-1.5454857262263246,-0.0004094243049621582,A<0.65,beta<0.8,A<0.65 | beta<0.8,baseline_strongest_25
761,785_0.54_0.53.png,785,0.54,0.53,480,640,25.63632341805054,0.9465720057487488,40.01312088973278,0.9971214532852173,38.61567342244448,0.9969159960746765,-1.397447467288302,-0.00020545721054077148,A<0.65,beta<0.8,A<0.65 | beta<0.8,baseline_strongest_25
762,786_0.77_1.16.png,786,0.77,1.16,480,640,16.947885920078694,0.8656273484230042,35.27869356566914,0.9933866858482361,35.30399247602812,0.9930481314659119,0.025298910358984017,-0.00033855438232421875,0.75<=A<0.85,1.1<=beta<1.4,0.75<=A<0.85 | 1.1<=beta<1.4,baseline_middle_50
763,787_0.84_1.65.png,787,0.84,1.65,480,640,13.839534481528862,0.8130409121513367,32.98799257254985,0.9892337322235107,33.30644466554206,0.9884121417999268,0.3184520929922101,-0.0008215904235839844,0.75<=A<0.85,1.4<=beta<1.7,0.75<=A<0.85 | 1.4<=beta<1.7,baseline_middle_50
764,788_0.69_0.73.png,788,0.69,0.73,480,640,21.258726693008096,0.9149977564811707,38.540157975040586,0.9959695339202881,38.701576930743606,0.9957705736160278,0.16141895570302012,-0.0001989603042602539,0.65<=A<0.75,beta<0.8,0.65<=A<0.75 | beta<0.8,baseline_strongest_25
765,789_0.85_1.57.png,789,0.85,1.57,480,640,9.768354297903949,0.5753687620162964,37.738689079356305,0.9850273132324219,37.29333648171885,0.9855356216430664,-0.44535259763745216,0.0005083084106445312,0.85<=A<0.95,1.4<=beta<1.7,0.85<=A<0.95 | 1.4<=beta<1.7,baseline_strongest_25
766,78_1.0_0.78.png,78,1.0,0.78,400,400,16.247296274622617,0.8466280102729797,26.39215941824224,0.9770654439926147,24.630126243316234,0.9771403074264526,-1.7620331749260068,7.486343383789062e-05,A>=0.95,beta<0.8,A>=0.95 | beta<0.8,baseline_weakest_25
767,790_0.93_1.12.png,790,0.93,1.12,480,640,10.833299793379322,0.6154537796974182,38.60327446197565,0.9882364869117737,37.78804216152671,0.9890275597572327,-0.8152323004489404,0.0007910728454589844,0.85<=A<0.95,1.1<=beta<1.4,0.85<=A<0.95 | 1.1<=beta<1.4,baseline_strongest_25
768,791_0.94_1.39.png,791,0.94,1.39,480,640,9.432182661542193,0.578050971031189,37.16154572430869,0.9847729206085205,36.579754455686896,0.9853755831718445,-0.5817912686217923,0.0006026625633239746,0.85<=A<0.95,1.1<=beta<1.4,0.85<=A<0.95 | 1.1<=beta<1.4,baseline_strongest_25
769,792_0.71_0.8.png,792,0.71,0.8,480,640,15.773020198266103,0.7110897898674011,42.70771333339024,0.9938415288925171,41.92555733432932,0.9935040473937988,-0.7821559990609188,-0.0003374814987182617,0.65<=A<0.75,0.8<=beta<1.1,0.65<=A<0.75 | 0.8<=beta<1.1,baseline_strongest_25
770,793_0.81_1.92.png,793,0.81,1.92,480,640,12.78124875163716,0.643236517906189,34.32148268167159,0.9882336854934692,34.029149577381844,0.9870814681053162,-0.2923331042897459,-0.0011522173881530762,0.75<=A<0.85,beta>=1.7,0.75<=A<0.85 | beta>=1.7,baseline_middle_50
771,794_0.81_1.13.png,794,0.81,1.13,480,640,16.321056281933753,0.7367637753486633,37.40803459508552,0.9932156205177307,37.168025515702496,0.9926580190658569,-0.24000907938302163,-0.0005576014518737793,0.75<=A<0.85,1.1<=beta<1.4,0.75<=A<0.85 | 1.1<=beta<1.4,baseline_strongest_25
772,795_0.9_2.0.png,795,0.9,2.0,480,640,11.574679820481212,0.6167993545532227,34.46346183165328,0.9864259362220764,33.735859324776094,0.984856903553009,-0.727602506877183,-0.0015690326690673828,0.85<=A<0.95,beta>=1.7,0.85<=A<0.95 | beta>=1.7,baseline_middle_50
773,796_0.82_1.56.png,796,0.82,1.56,480,640,13.99879561760562,0.6798454523086548,35.872610478349586,0.9908725023269653,35.453693762776936,0.9899635314941406,-0.4189167155726494,-0.000908970832824707,0.75<=A<0.85,1.4<=beta<1.7,0.75<=A<0.85 | 1.4<=beta<1.7,baseline_middle_50
774,797_0.73_0.63.png,797,0.73,0.63,480,640,20.823255409023858,0.8976485133171082,40.36338405956994,0.9968454837799072,39.63290027385362,0.9969615340232849,-0.7304837857163164,0.00011605024337768555,0.65<=A<0.75,beta<0.8,0.65<=A<0.75 | beta<0.8,baseline_strongest_25
775,798_0.79_0.52.png,798,0.79,0.52,480,640,21.442486546518683,0.9066882729530334,40.17624520055353,0.9969457983970642,40.911055264740995,0.9972107410430908,0.7348100641874638,0.00026494264602661133,0.75<=A<0.85,beta<0.8,0.75<=A<0.85 | beta<0.8,baseline_strongest_25
776,799_0.52_1.97.png,799,0.52,1.97,480,640,15.360527389130336,0.7792377471923828,30.959289386621535,0.9908186793327332,29.302857487455,0.9901636838912964,-1.6564318991665345,-0.0006549954414367676,A<0.65,beta>=1.7,A<0.65 | beta>=1.7,baseline_middle_50
777,79_0.63_1.89.png,79,0.63,1.89,400,400,11.73079404222204,0.7287281155586243,18.00748260992122,0.9368311166763306,17.334265475681395,0.9221001267433167,-0.6732171342398239,-0.014730989933013916,A<0.65,beta>=1.7,A<0.65 | beta>=1.7,baseline_weakest_25
778,7_0.95_1.37.png,7,0.95,1.37,400,400,12.089941470198088,0.8117634057998657,30.695868882902207,0.9851754903793335,27.480166811407635,0.9818501472473145,-3.2157020714945723,-0.003325343132019043,A>=0.95,1.1<=beta<1.4,A>=0.95 | 1.1<=beta<1.4,baseline_middle_50
779,800_0.55_1.84.png,800,0.55,1.84,480,640,15.623246685554042,0.7878499627113342,33.50402149704624,0.9925236105918884,31.646397489528553,0.9920676946640015,-1.8576240075176855,-0.0004559159278869629,A<0.65,beta>=1.7,A<0.65 | beta>=1.7,baseline_middle_50
780,801_0.62_1.22.png,801,0.62,1.22,480,640,16.539575658026415,0.7957253456115723,37.779112947071056,0.9898961186408997,37.9342120699653,0.9890124201774597,0.15509912289424221,-0.0008836984634399414,A<0.65,1.1<=beta<1.4,A<0.65 | 1.1<=beta<1.4,baseline_strongest_25
781,802_0.67_0.91.png,802,0.67,0.91,480,640,17.90302153083861,0.8274843096733093,38.696113864213125,0.9919608235359192,38.89252788212981,0.9912630319595337,0.19641401791668756,-0.000697791576385498,0.65<=A<0.75,0.8<=beta<1.1,0.65<=A<0.75 | 0.8<=beta<1.1,baseline_strongest_25
782,803_0.96_1.38.png,803,0.96,1.38,480,640,11.680070909307616,0.7196620106697083,32.22437671552918,0.9790388941764832,31.540534216262873,0.9775728583335876,-0.6838424992663086,-0.0014660358428955078,A>=0.95,1.1<=beta<1.4,A>=0.95 | 1.1<=beta<1.4,baseline_middle_50
783,804_0.64_0.58.png,804,0.64,0.58,480,640,21.372991261789892,0.881011962890625,41.41990479198132,0.9944551587104797,41.28499236057727,0.9941927790641785,-0.13491243140404663,-0.00026237964630126953,A<0.65,beta<0.8,A<0.65 | beta<0.8,baseline_strongest_25
784,805_0.64_1.71.png,805,0.64,1.71,480,640,13.970888810093742,0.7437817454338074,35.395541121831265,0.9880287647247314,32.94607272076956,0.9851412773132324,-2.449468401061708,-0.0028874874114990234,A<0.65,beta>=1.7,A<0.65 | beta>=1.7,baseline_middle_50
785,806_0.86_1.72.png,806,0.86,1.72,480,640,11.765046702358672,0.7119224667549133,33.66670705505407,0.9844721555709839,31.86064191983168,0.9803629517555237,-1.80606513522239,-0.004109203815460205,0.85<=A<0.95,beta>=1.7,0.85<=A<0.95 | beta>=1.7,baseline_middle_50
786,807_0.81_1.1.png,807,0.81,1.1,480,640,14.960988209616396,0.7933033108711243,37.0216003306075,0.9920751452445984,36.753565544402505,0.9918304085731506,-0.26803478620499277,-0.0002447366714477539,0.75<=A<0.85,1.1<=beta<1.4,0.75<=A<0.85 | 1.1<=beta<1.4,baseline_strongest_25
787,808_0.52_0.78.png,808,0.52,0.78,480,640,18.987515546911993,0.8789412379264832,40.82830306131831,0.9956077933311462,41.07358768267196,0.9952552914619446,0.24528462135365459,-0.00035250186920166016,A<0.65,beta<0.8,A<0.65 | beta<0.8,baseline_strongest_25
788,809_0.73_1.63.png,809,0.73,1.63,480,640,13.581440832000096,0.7324382662773132,29.977125777475713,0.981855034828186,31.273588919923647,0.9847572445869446,1.2964631424479336,0.002902209758758545,0.65<=A<0.75,1.4<=beta<1.7,0.65<=A<0.75 | 1.4<=beta<1.7,baseline_middle_50
789,80_0.74_1.76.png,80,0.74,1.76,400,400,11.516873374932054,0.7274803519248962,19.48017817032105,0.9471566081047058,18.789823327231453,0.9359363317489624,-0.6903548430895974,-0.011220276355743408,0.65<=A<0.75,beta>=1.7,0.65<=A<0.75 | beta>=1.7,baseline_weakest_25
790,810_0.88_1.95.png,810,0.88,1.95,480,640,10.444451699052369,0.6558341383934021,26.49474167583593,0.9718443155288696,27.690859753263013,0.9731155037879944,1.1961180774270836,0.0012711882591247559,0.85<=A<0.95,beta>=1.7,0.85<=A<0.95 | beta>=1.7,baseline_weakest_25
791,811_0.61_0.62.png,811,0.61,0.62,480,640,22.253393088692583,0.90629643201828,39.41804822805328,0.9948432445526123,39.174967985059844,0.9945700168609619,-0.243080242993436,-0.0002732276916503906,A<0.65,beta<0.8,A<0.65 | beta<0.8,baseline_strongest_25
792,812_0.81_1.01.png,812,0.81,1.01,480,640,15.629060868165222,0.7970197200775146,30.795912261083124,0.9865680932998657,31.946717559316596,0.9878512620925903,1.1508052982334718,0.0012831687927246094,0.75<=A<0.85,0.8<=beta<1.1,0.75<=A<0.85 | 0.8<=beta<1.1,baseline_middle_50
793,813_0.58_1.0.png,813,0.58,1.0,480,640,20.615567499295267,0.9240666031837463,39.160938232458015,0.9968175292015076,37.31888940334223,0.9963428378105164,-1.8420488291157824,-0.00047469139099121094,A<0.65,0.8<=beta<1.1,A<0.65 | 0.8<=beta<1.1,baseline_strongest_25
794,814_0.74_1.87.png,814,0.74,1.87,480,640,14.945190699175113,0.8427304625511169,35.561386660118295,0.9910660982131958,34.93873101139128,0.9913451671600342,-0.6226556487270116,0.0002790689468383789,0.65<=A<0.75,beta>=1.7,0.65<=A<0.75 | beta>=1.7,baseline_middle_50
795,815_0.97_1.1.png,815,0.97,1.1,480,640,14.52991668765694,0.8781803846359253,33.987355595732076,0.9932225346565247,33.612856471058016,0.9926702380180359,-0.37449912467405966,-0.0005522966384887695,A>=0.95,1.1<=beta<1.4,A>=0.95 | 1.1<=beta<1.4,baseline_middle_50
796,816_0.61_1.87.png,816,0.61,1.87,480,640,16.711820992315324,0.8563010096549988,36.392205846277,0.9929442405700684,35.59063477497597,0.9930101633071899,-0.8015710713010336,6.592273712158203e-05,A<0.65,beta>=1.7,A<0.65 | beta>=1.7,baseline_strongest_25
797,817_0.59_1.1.png,817,0.59,1.1,480,640,22.221501455442834,0.9253959655761719,38.61286365876433,0.9955348372459412,37.706421347182314,0.9954593181610107,-0.906442311582019,-7.551908493041992e-05,A<0.65,1.1<=beta<1.4,A<0.65 | 1.1<=beta<1.4,baseline_strongest_25
798,818_0.52_0.76.png,818,0.52,0.76,480,640,26.572192849369053,0.9523329138755798,39.71743912500909,0.9965390563011169,37.130940168774046,0.9961682558059692,-2.5864989562350473,-0.0003708004951477051,A<0.65,beta<0.8,A<0.65 | beta<0.8,baseline_strongest_25
799,819_0.63_2.0.png,819,0.63,2.0,480,640,17.446643761903523,0.8686085343360901,34.685984906974284,0.9911985993385315,34.5204721771176,0.9913241863250732,-0.16551272985668675,0.00012558698654174805,A<0.65,beta>=1.7,A<0.65 | beta>=1.7,baseline_middle_50
800,81_0.84_1.33.png,81,0.84,1.33,400,400,20.980233013192375,0.9509750604629517,29.243061957640908,0.9873576760292053,28.059876126602727,0.9828535318374634,-1.1831858310381804,-0.004504144191741943,0.75<=A<0.85,1.1<=beta<1.4,0.75<=A<0.85 | 1.1<=beta<1.4,baseline_middle_50
801,820_0.87_1.24.png,820,0.87,1.24,480,640,16.335584882196347,0.8735414147377014,33.24134042680373,0.9913495779037476,33.34772430881765,0.9910808205604553,0.10638388201391535,-0.00026875734329223633,0.85<=A<0.95,1.1<=beta<1.4,0.85<=A<0.95 | 1.1<=beta<1.4,baseline_middle_50
802,821_0.7_1.3.png,821,0.7,1.3,480,640,18.975764697805822,0.7696858644485474,37.40999604390329,0.9896998405456543,38.19110190233343,0.9896709322929382,0.7811058584301378,-2.8908252716064453e-05,0.65<=A<0.75,1.1<=beta<1.4,0.65<=A<0.75 | 1.1<=beta<1.4,baseline_strongest_25
803,822_0.64_0.8.png,822,0.64,0.8,480,640,25.24036354324965,0.8389394283294678,38.69855977894079,0.9924284219741821,38.64307980431804,0.9928488731384277,-0.055479974622748784,0.00042045116424560547,A<0.65,0.8<=beta<1.1,A<0.65 | 0.8<=beta<1.1,baseline_strongest_25
804,823_0.52_1.62.png,823,0.52,1.62,480,640,20.956149472252285,0.7890986800193787,34.206304348952024,0.9881280660629272,34.58894526702111,0.9889700412750244,0.38264091806908596,0.000841975212097168,A<0.65,1.4<=beta<1.7,A<0.65 | 1.4<=beta<1.7,baseline_middle_50
805,824_0.82_1.95.png,824,0.82,1.95,480,640,12.477723993630367,0.6659152507781982,35.63918595639206,0.9836344718933105,35.091538562522786,0.9818652868270874,-0.5476473938692763,-0.0017691850662231445,0.75<=A<0.85,beta>=1.7,0.75<=A<0.85 | beta>=1.7,baseline_middle_50
806,825_0.79_0.64.png,825,0.79,0.64,480,640,17.720925896325966,0.8673297762870789,37.26108324340113,0.9945631623268127,36.83126484561805,0.9945326447486877,-0.4298183977830803,-3.0517578125e-05,0.75<=A<0.85,beta<0.8,0.75<=A<0.85 | beta<0.8,baseline_strongest_25
807,826_0.82_0.58.png,826,0.82,0.58,480,640,18.000260077522114,0.8736650943756104,37.109561676066846,0.9946077466011047,36.9655423460569,0.9945584535598755,-0.1440193300099466,-4.929304122924805e-05,0.75<=A<0.85,beta<0.8,0.75<=A<0.85 | beta<0.8,baseline_strongest_25
808,827_0.72_0.85.png,827,0.72,0.85,480,640,16.808188544084157,0.8445392847061157,36.975321120960956,0.9939082264900208,36.761611344870744,0.9940163493156433,-0.21370977609021224,0.0001081228256225586,0.65<=A<0.75,0.8<=beta<1.1,0.65<=A<0.75 | 0.8<=beta<1.1,baseline_strongest_25
809,828_0.63_0.64.png,828,0.63,0.64,480,640,20.486432945659814,0.8922421336174011,39.85571939323589,0.9956275820732117,40.01499032812329,0.9954718351364136,0.1592709348874024,-0.0001557469367980957,A<0.65,beta<0.8,A<0.65 | beta<0.8,baseline_strongest_25
810,829_0.92_1.57.png,829,0.92,1.57,480,640,15.57456346074269,0.8545850515365601,36.24923387257367,0.9926523566246033,35.50225056878838,0.9925713539123535,-0.7469833037852922,-8.100271224975586e-05,0.85<=A<0.95,1.4<=beta<1.7,0.85<=A<0.95 | 1.4<=beta<1.7,baseline_middle_50
811,82_0.83_1.9.png,82,0.83,1.9,400,400,15.85105490420859,0.8806639313697815,28.989003225326098,0.9849457144737244,27.77841598383254,0.9812173247337341,-1.2105872414935561,-0.0037283897399902344,0.75<=A<0.85,beta>=1.7,0.75<=A<0.85 | beta>=1.7,baseline_middle_50
812,830_0.58_1.52.png,830,0.58,1.52,480,640,20.983339289181714,0.9092264771461487,38.08019065983941,0.9951090812683105,37.80513035678269,0.9951205253601074,-0.27506030305671914,1.1444091796875e-05,A<0.65,1.4<=beta<1.7,A<0.65 | 1.4<=beta<1.7,baseline_strongest_25
813,831_0.8_1.88.png,831,0.8,1.88,480,640,15.824367302631632,0.8515592813491821,36.70562051095676,0.9926244020462036,36.03800188620438,0.9926959276199341,-0.6676186247523859,7.152557373046875e-05,0.75<=A<0.85,beta>=1.7,0.75<=A<0.85 | beta>=1.7,baseline_strongest_25
814,832_0.91_1.78.png,832,0.91,1.78,480,640,14.828211909806846,0.8402769565582275,35.92914936524827,0.9919783473014832,35.159005430774144,0.9916921257972717,-0.7701439344741274,-0.0002862215042114258,0.85<=A<0.95,beta>=1.7,0.85<=A<0.95 | beta>=1.7,baseline_middle_50
815,833_0.84_0.74.png,833,0.84,0.74,480,640,19.369548951039896,0.8089800477027893,39.42915090511603,0.9929223656654358,38.67703728167471,0.9926839470863342,-0.7521136234413248,-0.0002384185791015625,0.75<=A<0.85,beta<0.8,0.75<=A<0.85 | beta<0.8,baseline_strongest_25
816,834_1.0_1.28.png,834,1.0,1.28,480,640,13.649596230549598,0.7167378664016724,33.99187857252365,0.9858105778694153,33.38154626432859,0.983954668045044,-0.610332308195062,-0.0018559098243713379,A>=0.95,1.1<=beta<1.4,A>=0.95 | 1.1<=beta<1.4,baseline_middle_50
817,835_0.92_1.87.png,835,0.92,1.87,480,640,12.050857480556372,0.6766485571861267,35.48692032968533,0.9830237030982971,35.34241005523307,0.98162841796875,-0.14451027445226572,-0.0013952851295471191,0.85<=A<0.95,beta>=1.7,0.85<=A<0.95 | beta>=1.7,baseline_middle_50
818,836_0.77_0.51.png,836,0.77,0.51,480,640,23.1750770524736,0.8542890548706055,41.985934323356474,0.9948623776435852,41.64112327849173,0.9947206377983093,-0.34481104486474123,-0.0001417398452758789,0.75<=A<0.85,beta<0.8,0.75<=A<0.85 | beta<0.8,baseline_strongest_25
819,837_0.58_1.79.png,837,0.58,1.79,480,640,17.16855257514126,0.7763965725898743,31.288017149853697,0.9879273772239685,34.11540211060107,0.9898865222930908,2.82738496074737,0.0019591450691223145,A<0.65,beta>=1.7,A<0.65 | beta>=1.7,baseline_middle_50
820,838_0.95_1.3.png,838,0.95,1.3,480,640,13.432605209755435,0.7513612508773804,33.72039178749827,0.9875127673149109,32.140247472296785,0.9873555302619934,-1.580144315201487,-0.00015723705291748047,A>=0.95,1.1<=beta<1.4,A>=0.95 | 1.1<=beta<1.4,baseline_middle_50
821,839_0.64_0.83.png,839,0.64,0.83,480,640,21.324495542893015,0.8600556254386902,39.27004683183329,0.9942843914031982,39.51367428458458,0.9943732023239136,0.24362745275129072,8.881092071533203e-05,A<0.65,0.8<=beta<1.1,A<0.65 | 0.8<=beta<1.1,baseline_strongest_25
822,83_0.9_0.57.png,83,0.9,0.57,400,400,29.83045178182543,0.9925436973571777,29.793486551782458,0.9889060258865356,28.826564740003946,0.9859482645988464,-0.9669218117785121,-0.002957761287689209,0.85<=A<0.95,beta<0.8,0.85<=A<0.95 | beta<0.8,baseline_middle_50
823,840_0.73_1.28.png,840,0.73,1.28,480,640,16.76530202433473,0.7941611409187317,36.05456595463587,0.9905582070350647,36.094555941196546,0.9912126064300537,0.03998998656067698,0.0006543993949890137,0.65<=A<0.75,1.1<=beta<1.4,0.65<=A<0.75 | 1.1<=beta<1.4,baseline_middle_50
824,841_0.56_0.7.png,841,0.56,0.7,480,640,24.04411118280807,0.9102330207824707,42.485728972302745,0.9963454008102417,43.099857314300785,0.9965360760688782,0.6141283419980397,0.0001906752586364746,A<0.65,beta<0.8,A<0.65 | beta<0.8,baseline_strongest_25
825,842_0.85_1.49.png,842,0.85,1.49,480,640,13.851198185875273,0.7640138268470764,35.4772339477021,0.9904705286026001,33.96077839054811,0.9897032380104065,-1.5164555571539964,-0.0007672905921936035,0.85<=A<0.95,1.4<=beta<1.7,0.85<=A<0.95 | 1.4<=beta<1.7,baseline_middle_50
826,843_0.54_1.62.png,843,0.54,1.62,480,640,18.306850608905187,0.8253265619277954,38.66317192622903,0.9933596253395081,38.61737017431575,0.9936137199401855,-0.04580175191328095,0.00025409460067749023,A<0.65,1.4<=beta<1.7,A<0.65 | 1.4<=beta<1.7,baseline_strongest_25
827,844_0.65_0.6.png,844,0.65,0.6,480,640,23.51762493534749,0.9092298746109009,41.423525332661086,0.9961647987365723,42.117652317659555,0.9964441657066345,0.6941269849984693,0.00027936697006225586,0.65<=A<0.75,beta<0.8,0.65<=A<0.75 | beta<0.8,baseline_strongest_25
828,845_0.65_1.14.png,845,0.65,1.14,480,640,20.145183359484996,0.8830056190490723,37.65671586297085,0.9945718050003052,35.78314972999385,0.993998110294342,-1.8735661329769968,-0.0005736947059631348,0.65<=A<0.75,1.1<=beta<1.4,0.65<=A<0.75 | 1.1<=beta<1.4,baseline_strongest_25
829,846_0.6_1.35.png,846,0.6,1.35,480,640,19.87280235690331,0.8751505613327026,36.86371777627648,0.9941668510437012,35.90815411927105,0.9935250878334045,-0.9555636570054276,-0.0006417632102966309,A<0.65,1.1<=beta<1.4,A<0.65 | 1.1<=beta<1.4,baseline_strongest_25
830,847_0.59_0.93.png,847,0.59,0.93,480,640,22.66682477775835,0.9065592885017395,38.85786582650209,0.9956357479095459,37.57158395003996,0.9952319860458374,-1.2862818764621338,-0.0004037618637084961,A<0.65,0.8<=beta<1.1,A<0.65 | 0.8<=beta<1.1,baseline_strongest_25
831,848_0.68_0.53.png,848,0.68,0.53,480,640,25.300847443277362,0.9318430423736572,40.33039894805789,0.9963164925575256,38.18203000909628,0.9959954619407654,-2.1483689389616103,-0.0003210306167602539,0.65<=A<0.75,beta<0.8,0.65<=A<0.75 | beta<0.8,baseline_strongest_25
832,849_0.69_1.0.png,849,0.69,1.0,480,640,25.496112425953342,0.9454829692840576,37.71283745358118,0.9933905005455017,34.67050984016207,0.9915390610694885,-3.0423276134191113,-0.0018514394760131836,0.65<=A<0.75,0.8<=beta<1.1,0.65<=A<0.75 | 0.8<=beta<1.1,baseline_strongest_25
833,84_0.62_1.05.png,84,0.62,1.05,400,400,28.61190139849329,0.987945556640625,31.490460747612957,0.989471435546875,30.706169070831976,0.9875192642211914,-0.7842916767809811,-0.0019521713256835938,A<0.65,0.8<=beta<1.1,A<0.65 | 0.8<=beta<1.1,baseline_middle_50
834,850_0.52_0.65.png,850,0.52,0.65,480,640,31.949467009973507,0.9761567115783691,39.70886464401004,0.9955136775970459,39.13533427367915,0.9953393936157227,-0.5735303703308929,-0.0001742839813232422,A<0.65,beta<0.8,A<0.65 | beta<0.8,baseline_strongest_25
835,851_0.77_1.87.png,851,0.77,1.87,480,640,19.528756403849712,0.8901559114456177,33.922451944979656,0.9897725582122803,31.786422270061422,0.9864575266838074,-2.136029674918234,-0.0033150315284729004,0.75<=A<0.85,beta>=1.7,0.75<=A<0.85 | beta>=1.7,baseline_middle_50
836,852_0.78_1.79.png,852,0.78,1.79,480,640,19.629876999188284,0.892601490020752,33.675470612882606,0.9897717237472534,31.59694839521518,0.9865000247955322,-2.0785222176674267,-0.0032716989517211914,0.75<=A<0.85,beta>=1.7,0.75<=A<0.85 | beta>=1.7,baseline_middle_50
837,853_1.0_1.75.png,853,1.0,1.75,480,640,13.264050408643849,0.8543428182601929,25.6954419308652,0.9781734347343445,25.97639571056879,0.9772453308105469,0.2809537797035908,-0.0009281039237976074,A>=0.95,beta>=1.7,A>=0.95 | beta>=1.7,baseline_weakest_25
838,854_0.72_1.32.png,854,0.72,1.32,480,640,18.815334917235983,0.9065964221954346,31.10103536998437,0.9895421266555786,31.190123343213134,0.9890902638435364,0.08908797322876438,-0.00045186281204223633,0.65<=A<0.75,1.1<=beta<1.4,0.65<=A<0.75 | 1.1<=beta<1.4,baseline_middle_50
839,855_0.94_1.42.png,855,0.94,1.42,480,640,15.28310234027715,0.8788685202598572,26.767924396431315,0.9833717346191406,27.109974493930373,0.9831008315086365,0.3420500974990581,-0.0002709031105041504,0.85<=A<0.95,1.4<=beta<1.7,0.85<=A<0.95 | 1.4<=beta<1.7,baseline_weakest_25
840,856_0.91_1.07.png,856,0.91,1.07,480,640,17.56785128832555,0.901616632938385,27.913608439624337,0.9869425296783447,28.44314064058917,0.9870848059654236,0.5295322009648338,0.00014227628707885742,0.85<=A<0.95,0.8<=beta<1.1,0.85<=A<0.95 | 0.8<=beta<1.1,baseline_weakest_25
841,857_0.8_1.07.png,857,0.8,1.07,480,640,15.986429251156185,0.8186748623847961,37.798212628503805,0.9902215003967285,36.362031740681566,0.9886695742607117,-1.436180887822239,-0.0015519261360168457,0.75<=A<0.85,0.8<=beta<1.1,0.75<=A<0.85 | 0.8<=beta<1.1,baseline_strongest_25
842,858_0.8_1.72.png,858,0.8,1.72,480,640,13.11147289629269,0.7470235824584961,36.13806221003025,0.9848507642745972,34.444080347362615,0.9814650416374207,-1.6939818626676342,-0.0033857226371765137,0.75<=A<0.85,beta>=1.7,0.75<=A<0.85 | beta>=1.7,baseline_middle_50
843,859_0.97_1.76.png,859,0.97,1.76,480,640,10.602527182530254,0.7119013071060181,31.179333537226846,0.9769448041915894,31.973676200232383,0.9740626811981201,0.794342663005537,-0.0028821229934692383,A>=0.95,beta>=1.7,A>=0.95 | beta>=1.7,baseline_middle_50
844,85_0.81_1.32.png,85,0.81,1.32,400,400,17.086218873539224,0.8848021030426025,27.009710418924456,0.9881106019020081,28.961956393731917,0.9851727485656738,1.952245974807461,-0.0029378533363342285,0.75<=A<0.85,1.1<=beta<1.4,0.75<=A<0.85 | 1.1<=beta<1.4,baseline_weakest_25
845,860_0.84_0.88.png,860,0.84,0.88,480,640,16.682550174869846,0.8365838527679443,37.236386257475274,0.9909600615501404,36.85655595319387,0.9900268912315369,-0.3798303042814055,-0.0009331703186035156,0.75<=A<0.85,0.8<=beta<1.1,0.75<=A<0.85 | 0.8<=beta<1.1,baseline_strongest_25
846,861_0.58_1.68.png,861,0.58,1.68,480,640,17.819599640487894,0.8287612795829773,35.90746887921407,0.9912694692611694,35.251364176099926,0.9911037683486938,-0.6561047031141456,-0.00016570091247558594,A<0.65,1.4<=beta<1.7,A<0.65 | 1.4<=beta<1.7,baseline_middle_50
847,862_0.81_1.83.png,862,0.81,1.83,480,640,13.357449127488813,0.7752395272254944,31.264320323628958,0.9854406714439392,30.362374430186794,0.9849194288253784,-0.9019458934421642,-0.000521242618560791,0.75<=A<0.85,beta>=1.7,0.75<=A<0.85 | beta>=1.7,baseline_middle_50
848,863_0.96_0.8.png,863,0.96,0.8,480,640,16.76669461114621,0.8590360283851624,31.829994159622945,0.9901124238967896,31.43480072209977,0.9897701740264893,-0.3951934375231758,-0.00034224987030029297,A>=0.95,0.8<=beta<1.1,A>=0.95 | 0.8<=beta<1.1,baseline_middle_50
849,864_0.76_1.26.png,864,0.76,1.26,480,640,16.515196128026332,0.8367780447006226,33.96776710462065,0.9910169839859009,32.72015736559816,0.9902207255363464,-1.2476097390224865,-0.0007962584495544434,0.75<=A<0.85,1.1<=beta<1.4,0.75<=A<0.85 | 1.1<=beta<1.4,baseline_middle_50
850,865_0.73_1.24.png,865,0.73,1.24,480,640,20.68217784362985,0.9106132388114929,40.25331389453173,0.9943689107894897,39.68695795787874,0.994804322719574,-0.5663559366529896,0.0004354119300842285,0.65<=A<0.75,1.1<=beta<1.4,0.65<=A<0.75 | 1.1<=beta<1.4,baseline_strongest_25
851,866_0.62_0.59.png,866,0.62,0.59,480,640,27.830855672515046,0.9625121355056763,45.1319182884848,0.9972021579742432,43.69344058235661,0.9973278641700745,-1.4384777061281895,0.00012570619583129883,A<0.65,beta<0.8,A<0.65 | beta<0.8,baseline_strongest_25
852,867_0.6_1.88.png,867,0.6,1.88,480,640,19.541514667071027,0.8885329961776733,38.93043836354699,0.9920333027839661,38.63398340683254,0.993568480014801,-0.29645495671444877,0.001535177230834961,A<0.65,beta>=1.7,A<0.65 | beta>=1.7,baseline_strongest_25
853,868_0.67_1.22.png,868,0.67,1.22,480,640,21.665038446741516,0.9182463884353638,40.565273706032414,0.9947952032089233,40.354938782258245,0.9953217506408691,-0.21033492377416962,0.0005265474319458008,0.65<=A<0.75,1.1<=beta<1.4,0.65<=A<0.75 | 1.1<=beta<1.4,baseline_strongest_25
854,869_0.55_0.51.png,869,0.55,0.51,480,640,27.87537431371338,0.947943389415741,41.90954920292526,0.9965278506278992,42.43464801574294,0.9962056875228882,0.5250988128176743,-0.00032216310501098633,A<0.65,beta<0.8,A<0.65 | beta<0.8,baseline_strongest_25
855,86_0.65_0.51.png,86,0.65,0.51,400,400,26.36924466679721,0.9773866534233093,28.634030195761355,0.9902403354644775,30.26034249217039,0.9890851378440857,1.6263122964090364,-0.0011551976203918457,0.65<=A<0.75,beta<0.8,0.65<=A<0.75 | beta<0.8,baseline_weakest_25
856,870_0.92_0.7.png,870,0.92,0.7,480,640,20.82228702851873,0.8996132016181946,38.29132754266246,0.9943568110466003,38.55666420007988,0.9941767454147339,0.2653366574174214,-0.00018006563186645508,0.85<=A<0.95,beta<0.8,0.85<=A<0.95 | beta<0.8,baseline_strongest_25
857,871_0.51_1.24.png,871,0.51,1.24,480,640,21.261761580342554,0.893851637840271,37.20900163918381,0.9945554137229919,36.553384700492636,0.993950366973877,-0.6556169386911748,-0.0006050467491149902,A<0.65,1.1<=beta<1.4,A<0.65 | 1.1<=beta<1.4,baseline_strongest_25
858,872_0.58_1.62.png,872,0.58,1.62,480,640,18.99940042887042,0.8547778129577637,37.74905121745742,0.9928327202796936,37.232284047157684,0.992057740688324,-0.5167671702997367,-0.0007749795913696289,A<0.65,1.4<=beta<1.7,A<0.65 | 1.4<=beta<1.7,baseline_strongest_25
859,873_0.7_1.86.png,873,0.7,1.86,480,640,17.02285280919536,0.8673096299171448,33.11931414898484,0.9890142679214478,32.511151740713665,0.9879942536354065,-0.608162408271177,-0.0010200142860412598,0.65<=A<0.75,beta>=1.7,0.65<=A<0.75 | beta>=1.7,baseline_middle_50
860,874_0.77_1.02.png,874,0.77,1.02,480,640,19.835647507899775,0.9157062768936157,33.14578229931954,0.9927281141281128,33.7658459383822,0.9924975633621216,0.620063639062657,-0.00023055076599121094,0.75<=A<0.85,0.8<=beta<1.1,0.75<=A<0.85 | 0.8<=beta<1.1,baseline_middle_50
861,875_0.61_1.58.png,875,0.61,1.58,480,640,19.683746672963565,0.8978015780448914,36.09495297474848,0.9926045536994934,36.23990802330235,0.9921015501022339,0.14495504855386798,-0.0005030035972595215,A<0.65,1.4<=beta<1.7,A<0.65 | 1.4<=beta<1.7,baseline_middle_50
862,876_0.63_0.98.png,876,0.63,0.98,480,640,22.627007610681467,0.9333606362342834,37.18903143307996,0.9948685765266418,37.93016736243906,0.9947147965431213,0.7411359293590962,-0.0001537799835205078,A<0.65,0.8<=beta<1.1,A<0.65 | 0.8<=beta<1.1,baseline_strongest_25
863,877_0.67_1.49.png,877,0.67,1.49,480,640,18.10788380791334,0.8884032964706421,34.65047515075546,0.9933598041534424,35.35815913388883,0.9934209585189819,0.7076839831333714,6.115436553955078e-05,0.65<=A<0.75,1.4<=beta<1.7,0.65<=A<0.75 | 1.4<=beta<1.7,baseline_middle_50
864,878_0.77_1.29.png,878,0.77,1.29,480,640,17.553916184143734,0.8959255218505859,33.99641324377737,0.9936016201972961,34.51337941480605,0.9934181571006775,0.5169661710286846,-0.00018346309661865234,0.75<=A<0.85,1.1<=beta<1.4,0.75<=A<0.85 | 1.1<=beta<1.4,baseline_middle_50
865,879_0.87_1.64.png,879,0.87,1.64,480,640,14.497236460746763,0.8476767539978027,31.963590047410634,0.9905006289482117,31.98833500364,0.9903762936592102,0.02474495622936601,-0.00012433528900146484,0.85<=A<0.95,1.4<=beta<1.7,0.85<=A<0.95 | 1.4<=beta<1.7,baseline_middle_50
866,87_0.87_0.93.png,87,0.87,0.93,400,400,19.211513166754003,0.9223760366439819,28.53774918269519,0.9889075756072998,29.884521939222722,0.9869536757469177,1.3467727565275318,-0.00195389986038208,0.85<=A<0.95,0.8<=beta<1.1,0.85<=A<0.95 | 0.8<=beta<1.1,baseline_weakest_25
867,880_0.7_0.67.png,880,0.7,0.67,480,640,23.011187143207536,0.9603509902954102,38.66917047103455,0.9967361092567444,38.47498778783621,0.9963722229003906,-0.19418268319833487,-0.00036388635635375977,0.65<=A<0.75,beta<0.8,0.65<=A<0.75 | beta<0.8,baseline_strongest_25
868,881_0.71_1.55.png,881,0.71,1.55,480,640,16.32056426748153,0.7300390601158142,33.69862616433731,0.98526531457901,33.391973155003306,0.985069990158081,-0.3066530093340063,-0.00019532442092895508,0.65<=A<0.75,1.4<=beta<1.7,0.65<=A<0.75 | 1.4<=beta<1.7,baseline_middle_50
869,882_0.99_1.67.png,882,0.99,1.67,480,640,11.670942951072828,0.6629796028137207,28.500087019028285,0.9740526676177979,28.38704185950067,0.9735721349716187,-0.11304515952761562,-0.0004805326461791992,A>=0.95,1.4<=beta<1.7,A>=0.95 | 1.4<=beta<1.7,baseline_weakest_25
870,883_0.79_0.54.png,883,0.79,0.54,480,640,22.578046784690105,0.8189714550971985,39.90024790869463,0.9926857352256775,39.413961918901464,0.9930915236473083,-0.48628598979316706,0.0004057884216308594,0.75<=A<0.85,beta<0.8,0.75<=A<0.85 | beta<0.8,baseline_strongest_25
871,884_0.73_1.32.png,884,0.73,1.32,480,640,17.024115637394733,0.7434823513031006,34.56156147740668,0.9870309829711914,34.39553445727798,0.987088143825531,-0.16602702012869486,5.716085433959961e-05,0.65<=A<0.75,1.1<=beta<1.4,0.65<=A<0.75 | 1.1<=beta<1.4,baseline_middle_50
872,885_0.82_0.54.png,885,0.82,0.54,480,640,21.547940247512827,0.9152551293373108,37.09317425492379,0.9945425391197205,38.90607633244241,0.9950370788574219,1.812902077518622,0.000494539737701416,0.75<=A<0.85,beta<0.8,0.75<=A<0.85 | beta<0.8,baseline_strongest_25
873,886_0.51_0.87.png,886,0.51,0.87,480,640,23.115392027474925,0.9163775444030762,39.12522698278602,0.9952841997146606,39.56087856093743,0.9955006241798401,0.43565157815141475,0.00021642446517944336,A<0.65,0.8<=beta<1.1,A<0.65 | 0.8<=beta<1.1,baseline_strongest_25
874,887_0.61_1.36.png,887,0.61,1.36,480,640,18.278369425208957,0.8592634797096252,38.05181771563189,0.992447555065155,37.061858110289016,0.9920908808708191,-0.9899596053428752,-0.0003566741943359375,A<0.65,1.1<=beta<1.4,A<0.65 | 1.1<=beta<1.4,baseline_strongest_25
875,888_0.85_1.91.png,888,0.85,1.91,480,640,12.287414318339733,0.7621492743492126,31.19246802083605,0.9821208715438843,31.24390215952112,0.9818124771118164,0.05143413868507096,-0.0003083944320678711,0.85<=A<0.95,beta>=1.7,0.85<=A<0.95 | beta>=1.7,baseline_middle_50
876,889_0.63_1.04.png,889,0.63,1.04,480,640,21.558073963524418,0.928499698638916,36.356303615742135,0.9958131313323975,37.04778936785618,0.9959068894386292,0.6914857521140476,9.375810623168945e-05,A<0.65,0.8<=beta<1.1,A<0.65 | 0.8<=beta<1.1,baseline_strongest_25
877,88_0.63_0.94.png,88,0.63,0.94,400,400,21.533277236796447,0.943333089351654,26.99373375266518,0.9897179007530212,29.43111888068065,0.9885873794555664,2.437385128015471,-0.001130521297454834,A<0.65,0.8<=beta<1.1,A<0.65 | 0.8<=beta<1.1,baseline_weakest_25
878,890_0.8_0.6.png,890,0.8,0.6,480,640,22.56533437036267,0.947485089302063,35.76321049129324,0.9960879683494568,36.74742231760298,0.9964779019355774,0.984211826309739,0.00038993358612060547,0.75<=A<0.85,beta<0.8,0.75<=A<0.85 | beta<0.8,baseline_middle_50
879,891_0.81_0.99.png,891,0.81,0.99,480,640,18.763870383494115,0.9139771461486816,34.3058217531574,0.9947105646133423,35.001095438858606,0.995000422000885,0.6952736857012027,0.0002898573875427246,0.75<=A<0.85,0.8<=beta<1.1,0.75<=A<0.85 | 0.8<=beta<1.1,baseline_middle_50
880,892_0.86_1.73.png,892,0.86,1.73,480,640,14.35787054608236,0.8457013964653015,31.81952016768124,0.9907724857330322,31.391268964491378,0.9904581904411316,-0.42825120318986265,-0.00031429529190063477,0.85<=A<0.95,beta>=1.7,0.85<=A<0.95 | beta>=1.7,baseline_middle_50
881,893_1.0_1.91.png,893,1.0,1.91,480,640,13.216370341458978,0.8368914127349854,32.137391131229755,0.98919677734375,30.19810979868334,0.9862880706787109,-1.9392813325464147,-0.0029087066650390625,A>=0.95,beta>=1.7,A>=0.95 | beta>=1.7,baseline_middle_50
882,894_0.8_0.61.png,894,0.8,0.61,480,640,24.171791337545198,0.9595025777816772,40.753986390545414,0.997238278388977,40.4922627349649,0.9969363212585449,-0.2617236555805107,-0.0003019571304321289,0.75<=A<0.85,beta<0.8,0.75<=A<0.85 | beta<0.8,baseline_strongest_25
883,895_0.51_1.82.png,895,0.51,1.82,480,640,20.086259007497382,0.9061017632484436,30.85544951129433,0.9927789568901062,30.558903537850167,0.9924087524414062,-0.29654597344416445,-0.00037020444869995117,A<0.65,beta>=1.7,A<0.65 | beta>=1.7,baseline_middle_50
884,896_0.98_0.62.png,896,0.98,0.62,480,640,21.24813756645089,0.9478237628936768,37.46289638937063,0.9964562654495239,36.676025619881514,0.9958239793777466,-0.7868707694891128,-0.0006322860717773438,A>=0.95,beta<0.8,A>=0.95 | beta<0.8,baseline_strongest_25
885,897_0.57_1.69.png,897,0.57,1.69,480,640,17.041529349195468,0.8016365170478821,39.08252114173655,0.9911879301071167,38.55435940669659,0.992108166217804,-0.5281617350399586,0.0009202361106872559,A<0.65,1.4<=beta<1.7,A<0.65 | 1.4<=beta<1.7,baseline_strongest_25
886,898_0.57_1.86.png,898,0.57,1.86,480,640,16.467634242014597,0.7890815734863281,37.96269503609104,0.9900833964347839,38.12252129574862,0.9912137985229492,0.1598262596575779,0.0011304020881652832,A<0.65,beta>=1.7,A<0.65 | beta>=1.7,baseline_strongest_25
887,899_0.98_1.65.png,899,0.98,1.65,480,640,10.967091293529002,0.7207818627357483,30.909397140507092,0.9827508330345154,31.685063450578802,0.9837820529937744,0.7756663100717098,0.0010312199592590332,A>=0.95,1.4<=beta<1.7,A>=0.95 | 1.4<=beta<1.7,baseline_middle_50
888,89_0.63_1.05.png,89,0.63,1.05,400,400,14.797750801760268,0.8317185044288635,24.368551983169773,0.9656040668487549,24.30359497588174,0.9656904935836792,-0.064957007288033,8.64267349243164e-05,A<0.65,0.8<=beta<1.1,A<0.65 | 0.8<=beta<1.1,baseline_weakest_25
889,8_0.74_1.34.png,8,0.74,1.34,400,400,15.535689884237433,0.8642924427986145,31.559147595031686,0.9886330962181091,29.29527295875107,0.986879289150238,-2.2638746362806152,-0.0017538070678710938,0.65<=A<0.75,1.1<=beta<1.4,0.65<=A<0.75 | 1.1<=beta<1.4,baseline_middle_50
890,900_0.95_1.75.png,900,0.95,1.75,480,640,10.968180159318845,0.7173827886581421,31.713501489016302,0.9836325645446777,31.87920062574767,0.9838370084762573,0.16569913673136938,0.00020444393157958984,A>=0.95,beta>=1.7,A>=0.95 | beta>=1.7,baseline_middle_50
891,901_0.64_0.74.png,901,0.64,0.74,480,640,30.59846648355034,0.9768995642662048,37.13231598936441,0.996835470199585,37.62909549442598,0.9967694878578186,0.49677950506157487,-6.598234176635742e-05,A<0.65,beta<0.8,A<0.65 | beta<0.8,baseline_strongest_25
892,902_0.83_0.82.png,902,0.83,0.82,480,640,28.442453582004003,0.9675354361534119,34.06248948063332,0.9958295822143555,34.69949665553331,0.9960078597068787,0.6370071748999919,0.00017827749252319336,0.75<=A<0.85,0.8<=beta<1.1,0.75<=A<0.85 | 0.8<=beta<1.1,baseline_middle_50
893,903_0.56_1.15.png,903,0.56,1.15,480,640,26.77518232773156,0.9687718749046326,36.26577476878987,0.9962481260299683,35.506922739063654,0.9960108995437622,-0.7588520297262136,-0.0002372264862060547,A<0.65,1.1<=beta<1.4,A<0.65 | 1.1<=beta<1.4,baseline_strongest_25
894,904_0.82_1.3.png,904,0.82,1.3,480,640,24.950220605276563,0.9529494047164917,32.307191190209366,0.9946630597114563,32.7756117040512,0.9946920871734619,0.4684205138418349,2.9027462005615234e-05,0.75<=A<0.85,1.1<=beta<1.4,0.75<=A<0.85 | 1.1<=beta<1.4,baseline_middle_50
895,905_0.76_0.64.png,905,0.76,0.64,480,640,18.617573167146162,0.8019053339958191,39.42187311229573,0.9931121468544006,38.885546998726305,0.9930019974708557,-0.5363261135694231,-0.00011014938354492188,0.75<=A<0.85,beta<0.8,0.75<=A<0.85 | beta<0.8,baseline_strongest_25
896,906_0.95_1.42.png,906,0.95,1.42,480,640,11.038748209697896,0.6764160394668579,32.366521720655086,0.9829769134521484,33.42216675459661,0.9834262728691101,1.0556450339415235,0.0004493594169616699,A>=0.95,1.4<=beta<1.7,A>=0.95 | 1.4<=beta<1.7,baseline_middle_50
897,907_0.51_1.15.png,907,0.51,1.15,480,640,17.843962174603192,0.7733549475669861,36.08522787579902,0.9909287691116333,36.56740430973331,0.991862416267395,0.482176433934292,0.0009336471557617188,A<0.65,1.1<=beta<1.4,A<0.65 | 1.1<=beta<1.4,baseline_middle_50
898,908_0.68_1.49.png,908,0.68,1.49,480,640,13.909973346340557,0.7088384628295898,33.53193507302419,0.9865006804466248,34.92030769301432,0.9880046248435974,1.388372619990136,0.0015039443969726562,0.65<=A<0.75,1.4<=beta<1.7,0.65<=A<0.75 | 1.4<=beta<1.7,baseline_middle_50
899,909_0.51_1.37.png,909,0.51,1.37,480,640,19.6663158900385,0.8763558268547058,39.44631045932503,0.9954025745391846,38.04094464467237,0.99505215883255,-1.4053658146526615,-0.0003504157066345215,A<0.65,1.1<=beta<1.4,A<0.65 | 1.1<=beta<1.4,baseline_strongest_25
900,90_0.89_0.67.png,90,0.89,0.67,400,400,16.49949762152489,0.8718492388725281,25.97130155965438,0.9758322238922119,26.440103487648795,0.979290246963501,0.46880192799441645,0.0034580230712890625,0.85<=A<0.95,beta<0.8,0.85<=A<0.95 | beta<0.8,baseline_weakest_25
901,910_0.92_1.51.png,910,0.92,1.51,480,640,13.027810763635534,0.800223708152771,31.84969790221139,0.9893525838851929,33.995223472824904,0.9899889826774597,2.145525570613515,0.0006363987922668457,0.85<=A<0.95,1.4<=beta<1.7,0.85<=A<0.95 | 1.4<=beta<1.7,baseline_middle_50
902,911_0.54_0.67.png,911,0.54,0.67,480,640,24.17086764205729,0.9338633418083191,42.96819680282592,0.9972004294395447,42.48396956829669,0.9970700740814209,-0.48422723452922867,-0.0001303553581237793,A<0.65,beta<0.8,A<0.65 | beta<0.8,baseline_strongest_25
903,912_0.87_1.22.png,912,0.87,1.22,480,640,14.990412389839749,0.8377917408943176,34.31063312402658,0.992549479007721,35.66772167907065,0.9927287101745605,1.357088555044072,0.0001792311668395996,0.85<=A<0.95,1.1<=beta<1.4,0.85<=A<0.95 | 1.1<=beta<1.4,baseline_middle_50
904,913_0.51_1.08.png,913,0.51,1.08,480,640,20.723258102793316,0.8940812945365906,39.44784871674347,0.9945424199104309,37.87266547966931,0.9943949580192566,-1.5751832370741639,-0.0001474618911743164,A<0.65,0.8<=beta<1.1,A<0.65 | 0.8<=beta<1.1,baseline_strongest_25
905,914_0.82_1.11.png,914,0.82,1.11,480,640,16.958011880142266,0.8535183668136597,36.59436615873592,0.9917688965797424,36.792645455195874,0.9916126132011414,0.19827929645995113,-0.00015628337860107422,0.75<=A<0.85,1.1<=beta<1.4,0.75<=A<0.85 | 1.1<=beta<1.4,baseline_strongest_25
906,915_0.8_0.83.png,915,0.8,0.83,480,640,19.22747351198319,0.8849555850028992,38.18603622223283,0.9938375949859619,38.17358580975502,0.9935582280158997,-0.012450412477811312,-0.00027936697006225586,0.75<=A<0.85,0.8<=beta<1.1,0.75<=A<0.85 | 0.8<=beta<1.1,baseline_strongest_25
907,916_0.53_0.72.png,916,0.53,0.72,480,640,23.481956270801465,0.9233647584915161,41.47271389529187,0.9958886504173279,40.62094968176619,0.9957693815231323,-0.8517642135256764,-0.00011926889419555664,A<0.65,beta<0.8,A<0.65 | beta<0.8,baseline_strongest_25
908,917_0.81_0.57.png,917,0.81,0.57,480,640,19.539818650046332,0.7767190933227539,42.80384936352981,0.9944649338722229,43.025179941142156,0.994462251663208,0.2213305776123491,-2.682209014892578e-06,0.75<=A<0.85,beta<0.8,0.75<=A<0.85 | beta<0.8,baseline_strongest_25
909,918_0.58_1.11.png,918,0.58,1.11,480,640,17.577879884518836,0.7346007227897644,39.567271625582194,0.9930314421653748,39.62318405081436,0.9928585886955261,0.05591242523216522,-0.0001728534698486328,A<0.65,1.1<=beta<1.4,A<0.65 | 1.1<=beta<1.4,baseline_strongest_25
910,919_0.82_1.44.png,919,0.82,1.44,480,640,12.717502852650293,0.6471500992774963,39.317086197590605,0.9890272617340088,39.53620132865674,0.9882059693336487,0.21911513106613256,-0.0008212924003601074,0.75<=A<0.85,1.4<=beta<1.7,0.75<=A<0.85 | 1.4<=beta<1.7,baseline_strongest_25
911,91_0.78_1.41.png,91,0.78,1.41,400,400,11.779445596280771,0.7466439008712769,24.896865921063384,0.9689963459968567,24.708605839952483,0.967612624168396,-0.18826008111090076,-0.0013837218284606934,0.75<=A<0.85,1.4<=beta<1.7,0.75<=A<0.85 | 1.4<=beta<1.7,baseline_weakest_25
912,920_0.84_0.76.png,920,0.84,0.76,480,640,16.99809368229426,0.7367714643478394,41.834697948916386,0.9931215047836304,41.66407283480663,0.9929739236831665,-0.1706251141097539,-0.0001475811004638672,0.75<=A<0.85,beta<0.8,0.75<=A<0.85 | beta<0.8,baseline_strongest_25
913,921_0.97_1.13.png,921,0.97,1.13,480,640,16.65286145029004,0.8344922065734863,31.18055788014449,0.9874377846717834,31.94518978352103,0.9878802299499512,0.7646319033765394,0.0004424452781677246,A>=0.95,1.1<=beta<1.4,A>=0.95 | 1.1<=beta<1.4,baseline_middle_50
914,922_0.72_1.69.png,922,0.72,1.69,480,640,17.17586369459278,0.8247783780097961,32.58898821317438,0.9873996376991272,33.42650395063513,0.9874007105827332,0.8375157374607483,1.0728836059570312e-06,0.65<=A<0.75,1.4<=beta<1.7,0.65<=A<0.75 | 1.4<=beta<1.7,baseline_middle_50
915,923_1.0_0.51.png,923,1.0,0.51,480,640,22.50653829695137,0.9148714542388916,34.15175337947703,0.9931387901306152,34.27612121208676,0.9932396411895752,0.12436783260972817,0.00010085105895996094,A>=0.95,beta<0.8,A>=0.95 | beta<0.8,baseline_middle_50
916,924_0.79_1.01.png,924,0.79,1.01,480,640,19.86558919223611,0.876660168170929,34.02669773797297,0.991426944732666,34.750872822445736,0.9916020035743713,0.724175084472769,0.00017505884170532227,0.75<=A<0.85,0.8<=beta<1.1,0.75<=A<0.85 | 0.8<=beta<1.1,baseline_middle_50
917,925_0.65_1.68.png,925,0.65,1.68,480,640,19.38984152184108,0.8889987468719482,30.807116357350665,0.9855539798736572,30.95028934009526,0.984765350818634,0.1431729827445949,-0.0007886290550231934,0.65<=A<0.75,1.4<=beta<1.7,0.65<=A<0.75 | 1.4<=beta<1.7,baseline_middle_50
918,926_0.82_1.0.png,926,0.82,1.0,480,640,20.0703994654626,0.905265212059021,32.33929233083017,0.9891791939735413,31.456126643850336,0.9866770505905151,-0.883165686979833,-0.002502143383026123,0.75<=A<0.85,0.8<=beta<1.1,0.75<=A<0.85 | 0.8<=beta<1.1,baseline_middle_50
919,927_0.99_0.84.png,927,0.99,0.84,480,640,18.94507017558014,0.8981025218963623,32.49426025473566,0.9894635081291199,31.74993270216124,0.9879117012023926,-0.7443275525744184,-0.001551806926727295,A>=0.95,0.8<=beta<1.1,A>=0.95 | 0.8<=beta<1.1,baseline_middle_50
920,928_0.52_1.63.png,928,0.52,1.63,480,640,21.594100361671835,0.9115487337112427,35.04445490663845,0.9920613169670105,34.66892069606281,0.9918831586837769,-0.37553421057563696,-0.00017815828323364258,A<0.65,1.4<=beta<1.7,A<0.65 | 1.4<=beta<1.7,baseline_middle_50
921,929_0.65_0.89.png,929,0.65,0.89,480,640,16.24034141763518,0.7248929738998413,40.3753191665276,0.9920917749404907,40.30092832495448,0.9915050268173218,-0.07439084157312692,-0.0005867481231689453,0.65<=A<0.75,0.8<=beta<1.1,0.65<=A<0.75 | 0.8<=beta<1.1,baseline_strongest_25
922,92_0.97_1.46.png,92,0.97,1.46,400,400,10.8014759517865,0.7122363448143005,23.81303004248184,0.9636999368667603,24.86903117757473,0.9696634411811829,1.0560011350928882,0.005963504314422607,A>=0.95,1.4<=beta<1.7,A>=0.95 | 1.4<=beta<1.7,baseline_weakest_25
923,930_0.99_1.54.png,930,0.99,1.54,480,640,8.691116979048463,0.5434350967407227,34.50252900326924,0.9779499173164368,33.65159330784846,0.9755306243896484,-0.8509356954207803,-0.00241929292678833,A>=0.95,1.4<=beta<1.7,A>=0.95 | 1.4<=beta<1.7,baseline_middle_50
924,931_0.95_0.99.png,931,0.95,0.99,480,640,11.87141321946627,0.6336379647254944,37.90082195492252,0.9873796701431274,36.88640234353686,0.9857810139656067,-1.0144196113856623,-0.001598656177520752,A>=0.95,0.8<=beta<1.1,A>=0.95 | 0.8<=beta<1.1,baseline_strongest_25
925,932_0.72_1.79.png,932,0.72,1.79,480,640,10.616276153689556,0.5804439187049866,34.88569216868001,0.9830723404884338,34.85035279627642,0.981104850769043,-0.035339372403591085,-0.001967489719390869,0.65<=A<0.75,beta>=1.7,0.65<=A<0.75 | beta>=1.7,baseline_middle_50
926,933_0.73_1.5.png,933,0.73,1.5,480,640,13.974518165598457,0.5653198957443237,40.49092832107086,0.9879855513572693,39.177130678271034,0.9865559935569763,-1.3137976427998268,-0.0014295578002929688,0.65<=A<0.75,1.4<=beta<1.7,0.65<=A<0.75 | 1.4<=beta<1.7,baseline_strongest_25
927,934_0.94_1.97.png,934,0.94,1.97,480,640,9.86413576507038,0.4690127968788147,35.2191690330634,0.9783401489257812,34.37997754006638,0.9773861169815063,-0.8391914929970241,-0.0009540319442749023,0.85<=A<0.95,beta>=1.7,0.85<=A<0.95 | beta>=1.7,baseline_middle_50
928,935_0.58_0.55.png,935,0.58,0.55,480,640,23.45516325689219,0.7609660029411316,46.694658057041266,0.9941560626029968,44.769424043177075,0.9936435222625732,-1.9252340138641912,-0.000512540340423584,A<0.65,beta<0.8,A<0.65 | beta<0.8,baseline_strongest_25
929,936_0.99_0.55.png,936,0.99,0.55,480,640,18.029903975646413,0.6733261346817017,41.95108364427654,0.992154061794281,41.61384795803539,0.9914378523826599,-0.33723568624114364,-0.0007162094116210938,A>=0.95,beta<0.8,A>=0.95 | beta<0.8,baseline_strongest_25
930,937_0.69_1.84.png,937,0.69,1.84,480,640,15.846707635240733,0.7640286087989807,30.402823157164065,0.9713464379310608,31.19729006074701,0.9716805815696716,0.794466903582947,0.00033414363861083984,0.65<=A<0.75,beta>=1.7,0.65<=A<0.75 | beta>=1.7,baseline_middle_50
931,938_0.64_0.6.png,938,0.64,0.6,480,640,24.378043470811143,0.9100316166877747,37.07540724451357,0.9850674271583557,36.4823592227756,0.9855294823646545,-0.593048021737971,0.0004620552062988281,A<0.65,beta<0.8,A<0.65 | beta<0.8,baseline_strongest_25
932,939_1.0_1.16.png,939,1.0,1.16,480,640,14.886990315339245,0.773176372051239,27.945592064429757,0.9676185846328735,29.056996039340728,0.9674177765846252,1.1114039749109708,-0.00020080804824829102,A>=0.95,1.1<=beta<1.4,A>=0.95 | 1.1<=beta<1.4,baseline_weakest_25
933,93_0.63_1.76.png,93,0.63,1.76,400,400,9.295496420203538,0.5297738313674927,27.967098541506125,0.9524156451225281,28.64007583555352,0.9542214274406433,0.6729772940473957,0.0018057823181152344,A<0.65,beta>=1.7,A<0.65 | beta>=1.7,baseline_weakest_25
934,940_0.56_1.47.png,940,0.56,1.47,480,640,19.011386858205707,0.8286696076393127,35.039991436648265,0.9809498190879822,34.111213828169966,0.9805386662483215,-0.928777608478299,-0.00041115283966064453,A<0.65,1.4<=beta<1.7,A<0.65 | 1.4<=beta<1.7,baseline_middle_50
935,941_0.67_0.92.png,941,0.67,0.92,480,640,22.904219497505608,0.9409797787666321,33.237387938593656,0.9933517575263977,31.35186717334058,0.9926148653030396,-1.8855207652530765,-0.0007368922233581543,0.65<=A<0.75,0.8<=beta<1.1,0.65<=A<0.75 | 0.8<=beta<1.1,baseline_middle_50
936,942_0.76_1.39.png,942,0.76,1.39,480,640,17.482586820323363,0.8862287402153015,30.192284233705585,0.9879860281944275,29.669517739328644,0.9881784915924072,-0.5227664943769419,0.00019246339797973633,0.75<=A<0.85,1.1<=beta<1.4,0.75<=A<0.85 | 1.1<=beta<1.4,baseline_middle_50
937,943_0.71_1.63.png,943,0.71,1.63,480,640,17.30686811751276,0.8765679597854614,30.673042131866396,0.9881614446640015,29.62930606231033,0.9879938364028931,-1.043736069556065,-0.00016760826110839844,0.65<=A<0.75,1.4<=beta<1.7,0.65<=A<0.75 | 1.4<=beta<1.7,baseline_middle_50
938,944_0.59_1.45.png,944,0.59,1.45,480,640,20.472901341045635,0.9123708605766296,33.18261609703813,0.9923656582832336,30.365243917214762,0.9911255836486816,-2.8173721798233657,-0.001240074634552002,A<0.65,1.4<=beta<1.7,A<0.65 | 1.4<=beta<1.7,baseline_middle_50
939,945_0.94_1.2.png,945,0.94,1.2,480,640,12.746986084404718,0.6712757349014282,31.82547807565484,0.9791903495788574,32.368014601097876,0.9778503179550171,0.5425365254430368,-0.001340031623840332,0.85<=A<0.95,1.1<=beta<1.4,0.85<=A<0.95 | 1.1<=beta<1.4,baseline_middle_50
940,946_0.65_0.58.png,946,0.65,0.58,480,640,22.22495365008527,0.8258258700370789,37.04119059550513,0.9904214143753052,39.63728720455907,0.9913594722747803,2.5960966090539443,0.0009380578994750977,0.65<=A<0.75,beta<0.8,0.65<=A<0.75 | beta<0.8,baseline_strongest_25
941,947_0.79_1.07.png,947,0.79,1.07,480,640,15.488640249573075,0.7221851944923401,32.24219261541275,0.9827254414558411,33.51125011387931,0.9832465052604675,1.269057498466566,0.0005210638046264648,0.75<=A<0.85,0.8<=beta<1.1,0.75<=A<0.85 | 0.8<=beta<1.1,baseline_middle_50
942,948_0.89_0.6.png,948,0.89,0.6,480,640,18.300459806252412,0.7805226445198059,34.03774465459676,0.9879159927368164,35.52935500413186,0.9894782304763794,1.491610349535101,0.0015622377395629883,0.85<=A<0.95,beta<0.8,0.85<=A<0.95 | beta<0.8,baseline_middle_50
943,949_0.8_0.6.png,949,0.8,0.6,480,640,26.05232031501614,0.957367479801178,36.23788164807837,0.9946056604385376,37.354096372619125,0.9951053261756897,1.1162147245407539,0.0004996657371520996,0.75<=A<0.85,beta<0.8,0.75<=A<0.85 | beta<0.8,baseline_middle_50
944,94_0.95_1.64.png,94,0.95,1.64,400,400,7.720275667640219,0.48265939950942993,26.858441828762203,0.945626974105835,26.361966600923445,0.9445812106132507,-0.49647522783875786,-0.0010457634925842285,A>=0.95,1.4<=beta<1.7,A>=0.95 | 1.4<=beta<1.7,baseline_weakest_25
945,950_0.57_1.28.png,950,0.57,1.28,480,640,20.746032358054816,0.9347694516181946,33.31380450728082,0.9929044842720032,29.391573569314016,0.9934201240539551,-3.9222309379668054,0.0005156397819519043,A<0.65,1.1<=beta<1.4,A<0.65 | 1.1<=beta<1.4,baseline_middle_50
946,951_0.57_0.85.png,951,0.57,0.85,480,640,23.68113479594095,0.9550599455833435,33.80995008763736,0.9941563606262207,31.523744840355683,0.9949914813041687,-2.2862052472816785,0.000835120677947998,A<0.65,0.8<=beta<1.1,A<0.65 | 0.8<=beta<1.1,baseline_middle_50
947,952_0.97_1.33.png,952,0.97,1.33,480,640,17.377203984191848,0.9052741527557373,31.92454853102546,0.9882027506828308,31.311389571661074,0.986535370349884,-0.6131589593643874,-0.0016673803329467773,A>=0.95,1.1<=beta<1.4,A>=0.95 | 1.1<=beta<1.4,baseline_middle_50
948,953_0.96_1.7.png,953,0.96,1.7,480,640,15.995082796351024,0.8710479140281677,28.619701485606576,0.9632484316825867,29.075745583768757,0.9689154028892517,0.45604409816218094,0.005666971206665039,A>=0.95,beta>=1.7,A>=0.95 | beta>=1.7,baseline_weakest_25
949,954_0.75_1.19.png,954,0.75,1.19,480,640,21.83866249218614,0.9145307540893555,35.54882400841021,0.9777348041534424,35.96973202427908,0.9877249598503113,0.42090801586887494,0.009990155696868896,0.75<=A<0.85,1.1<=beta<1.4,0.75<=A<0.85 | 1.1<=beta<1.4,baseline_middle_50
950,955_0.87_0.65.png,955,0.87,0.65,480,640,24.377166830496016,0.9356508851051331,35.76832387587028,0.9852349162101746,35.870022884574375,0.9911397099494934,0.1016990087040952,0.005904793739318848,0.85<=A<0.95,beta<0.8,0.85<=A<0.95 | beta<0.8,baseline_middle_50
951,956_0.51_0.81.png,956,0.51,0.81,480,640,25.000324290965036,0.9464190006256104,33.91769784044109,0.9862210154533386,33.546721194640575,0.9917104840278625,-0.3709766458005177,0.005489468574523926,A<0.65,0.8<=beta<1.1,A<0.65 | 0.8<=beta<1.1,baseline_middle_50
952,957_0.55_0.69.png,957,0.55,0.69,480,640,21.617857190530252,0.8755776882171631,41.53483122417998,0.9960570931434631,41.36332785985644,0.9961064457893372,-0.17150336432354152,4.935264587402344e-05,A<0.65,beta<0.8,A<0.65 | beta<0.8,baseline_strongest_25
953,958_0.9_0.64.png,958,0.9,0.64,480,640,17.14002048469987,0.8437485098838806,35.4809941894418,0.9944921731948853,38.84820404264066,0.9949787259101868,3.367209853198858,0.00048655271530151367,0.85<=A<0.95,beta<0.8,0.85<=A<0.95 | beta<0.8,baseline_middle_50
954,959_0.93_1.27.png,959,0.93,1.27,480,640,12.291168633512894,0.7382639646530151,31.79504640613399,0.9894919395446777,34.49966167121195,0.9903476238250732,2.704615265077962,0.0008556842803955078,0.85<=A<0.95,1.1<=beta<1.4,0.85<=A<0.95 | 1.1<=beta<1.4,baseline_middle_50
955,95_0.86_0.62.png,95,0.86,0.62,400,400,14.823715489099587,0.737946629524231,29.776242611487284,0.9636273980140686,30.13875822116416,0.966651201248169,0.36251560967687624,0.003023803234100342,0.85<=A<0.95,beta<0.8,0.85<=A<0.95 | beta<0.8,baseline_middle_50
956,960_0.78_0.97.png,960,0.78,0.97,480,640,16.14852971077773,0.805455207824707,37.19411333925922,0.9941390156745911,38.96564952714898,0.9942594766616821,1.7715361878897653,0.00012046098709106445,0.75<=A<0.85,0.8<=beta<1.1,0.75<=A<0.85 | 0.8<=beta<1.1,baseline_strongest_25
957,961_0.68_1.73.png,961,0.68,1.73,480,640,16.606594333254417,0.8194050192832947,33.93860303716253,0.9889588952064514,33.78612845940512,0.9888290762901306,-0.1524745777574097,-0.00012981891632080078,0.65<=A<0.75,beta>=1.7,0.65<=A<0.75 | beta>=1.7,baseline_middle_50
958,962_0.83_0.89.png,962,0.83,0.89,480,640,18.809934836225313,0.8983485698699951,34.51169134729555,0.9928579330444336,33.25771736002505,0.9929728507995605,-1.2539739872705056,0.00011491775512695312,0.75<=A<0.85,0.8<=beta<1.1,0.75<=A<0.85 | 0.8<=beta<1.1,baseline_middle_50
959,963_0.66_0.84.png,963,0.66,0.84,480,640,21.085665954993175,0.9223059415817261,37.09923419419838,0.9939968585968018,36.64496584811095,0.9947009682655334,-0.4542683460874315,0.0007041096687316895,0.65<=A<0.75,0.8<=beta<1.1,0.65<=A<0.75 | 0.8<=beta<1.1,baseline_strongest_25
960,964_0.9_0.92.png,964,0.9,0.92,480,640,17.610720129593034,0.8861514329910278,32.8583874789321,0.9923158884048462,31.368418500936173,0.9916361570358276,-1.4899689779959289,-0.0006797313690185547,0.85<=A<0.95,0.8<=beta<1.1,0.85<=A<0.95 | 0.8<=beta<1.1,baseline_middle_50
961,965_0.88_1.49.png,965,0.88,1.49,480,640,14.49682636045048,0.8169651031494141,36.27690739393906,0.9921214580535889,37.5762359557894,0.9920897483825684,1.2993285618503378,-3.170967102050781e-05,0.85<=A<0.95,1.4<=beta<1.7,0.85<=A<0.95 | 1.4<=beta<1.7,baseline_strongest_25
962,966_0.54_1.62.png,966,0.54,1.62,480,640,18.017356505429206,0.8462769985198975,40.25364954740195,0.9938735961914062,37.366673534793186,0.9938843846321106,-2.8869760126087627,1.0788440704345703e-05,A<0.65,1.4<=beta<1.7,A<0.65 | 1.4<=beta<1.7,baseline_strongest_25
963,967_0.89_0.68.png,967,0.89,0.68,480,640,19.854872244482703,0.889506995677948,37.936592053415694,0.9955363869667053,39.93363006972794,0.9956359267234802,1.9970380163122456,9.953975677490234e-05,0.85<=A<0.95,beta<0.8,0.85<=A<0.95 | beta<0.8,baseline_strongest_25
964,968_0.9_1.83.png,968,0.9,1.83,480,640,12.919531384150794,0.7874813079833984,35.19562476176314,0.9892520308494568,35.973338843117915,0.9896080493927002,0.7777140813547732,0.0003560185432434082,0.85<=A<0.95,beta>=1.7,0.85<=A<0.95 | beta>=1.7,baseline_middle_50
965,969_0.54_1.07.png,969,0.54,1.07,480,640,25.47172145248837,0.9554774761199951,35.548819472999334,0.9924634099006653,32.92734832825503,0.9916548132896423,-2.621471144744305,-0.0008085966110229492,A<0.65,0.8<=beta<1.1,A<0.65 | 0.8<=beta<1.1,baseline_middle_50
966,96_0.6_1.11.png,96,0.6,1.11,400,400,12.952717840581284,0.666964054107666,29.370174729012312,0.9616289138793945,30.754492607901867,0.9661877751350403,1.3843178788895543,0.004558861255645752,A<0.65,1.1<=beta<1.4,A<0.65 | 1.1<=beta<1.4,baseline_middle_50
967,970_0.74_1.09.png,970,0.74,1.09,480,640,22.89110500101406,0.9425447583198547,34.533876771031956,0.9904123544692993,33.832917412793144,0.9906322956085205,-0.7009593582388121,0.0002199411392211914,0.65<=A<0.75,0.8<=beta<1.1,0.65<=A<0.75 | 0.8<=beta<1.1,baseline_middle_50
968,971_0.63_1.38.png,971,0.63,1.38,480,640,22.922422468515528,0.938774824142456,35.27317832765581,0.9904990792274475,32.56806182561243,0.989574134349823,-2.7051165020433814,-0.0009249448776245117,A<0.65,1.1<=beta<1.4,A<0.65 | 1.1<=beta<1.4,baseline_middle_50
969,972_0.99_0.62.png,972,0.99,0.62,480,640,23.28002373359056,0.9516398310661316,34.850674481289595,0.9909597635269165,34.54153753270365,0.9914816617965698,-0.30913694858594454,0.0005218982696533203,A>=0.95,beta<0.8,A>=0.95 | beta<0.8,baseline_middle_50
970,973_0.76_1.96.png,973,0.76,1.96,480,640,19.322398107843853,0.8972834348678589,31.632047612180706,0.9899564981460571,31.878109328489362,0.9900859594345093,0.24606171630865603,0.00012946128845214844,0.75<=A<0.85,beta>=1.7,0.75<=A<0.85 | beta>=1.7,baseline_middle_50
971,974_0.6_1.86.png,974,0.6,1.86,480,640,18.6336809982416,0.9139330983161926,34.28624956011882,0.9926465153694153,35.65155659593614,0.9925978779792786,1.3653070358173238,-4.863739013671875e-05,A<0.65,beta>=1.7,A<0.65 | beta>=1.7,baseline_middle_50
972,975_0.9_1.51.png,975,0.9,1.51,480,640,19.606641948889084,0.9073198437690735,32.439627857701964,0.990795373916626,33.02032696181412,0.9909675121307373,0.5806991041121563,0.00017213821411132812,0.85<=A<0.95,1.4<=beta<1.7,0.85<=A<0.95 | 1.4<=beta<1.7,baseline_middle_50
973,976_0.95_1.78.png,976,0.95,1.78,480,640,17.692261744446647,0.8866508603096008,31.771212998100502,0.9893181920051575,31.77672056347926,0.989226758480072,0.005507565378756851,-9.143352508544922e-05,A>=0.95,beta>=1.7,A>=0.95 | beta>=1.7,baseline_middle_50
974,977_0.64_0.58.png,977,0.64,0.58,480,640,27.316929549541786,0.9319697022438049,42.49695929232967,0.9962567090988159,42.76183545776452,0.9963864684104919,0.26487616543484904,0.0001297593116760254,A<0.65,beta<0.8,A<0.65 | beta<0.8,baseline_strongest_25
975,978_0.6_0.57.png,978,0.6,0.57,480,640,28.252575064529438,0.936100959777832,41.97086293204424,0.996293842792511,42.69326701790435,0.9965727925300598,0.7224040858601057,0.0002789497375488281,A<0.65,beta<0.8,A<0.65 | beta<0.8,baseline_strongest_25
976,979_0.72_1.66.png,979,0.72,1.66,480,640,17.74782471073177,0.8410917520523071,36.55322837764864,0.9922749996185303,36.09383653893118,0.9916976094245911,-0.45939183871745826,-0.000577390193939209,0.65<=A<0.75,1.4<=beta<1.7,0.65<=A<0.75 | 1.4<=beta<1.7,baseline_strongest_25
977,97_0.61_1.21.png,97,0.61,1.21,400,400,17.065765393491105,0.7973477840423584,33.71740840563324,0.9914500117301941,33.808280482833354,0.9916297197341919,0.09087207720011037,0.00017970800399780273,A<0.65,1.1<=beta<1.4,A<0.65 | 1.1<=beta<1.4,baseline_middle_50
978,980_0.83_1.9.png,980,0.83,1.9,480,640,15.214577853061893,0.8070942163467407,35.186448868508904,0.989375650882721,35.38957126950309,0.9886872172355652,0.20312240099418233,-0.0006884336471557617,0.75<=A<0.85,beta>=1.7,0.75<=A<0.85 | beta>=1.7,baseline_middle_50
979,981_0.69_0.63.png,981,0.69,0.63,480,640,23.68863802533916,0.8518256545066833,41.27309333258644,0.993011474609375,40.9444841408359,0.9929007291793823,-0.3286091917505445,-0.00011074542999267578,0.65<=A<0.75,beta<0.8,0.65<=A<0.75 | beta<0.8,baseline_strongest_25
980,982_0.81_0.68.png,982,0.81,0.68,480,640,21.241114803302494,0.8279421925544739,40.35976779311338,0.992104172706604,39.77566671435964,0.9919971227645874,-0.58410107875374,-0.00010704994201660156,0.75<=A<0.85,beta<0.8,0.75<=A<0.85 | beta<0.8,baseline_strongest_25
981,983_0.6_1.97.png,983,0.6,1.97,480,640,16.704878604571853,0.74403977394104,39.66877563613618,0.9877508282661438,38.15392756496236,0.9869047403335571,-1.514848071173823,-0.0008460879325866699,A<0.65,beta>=1.7,A<0.65 | beta>=1.7,baseline_strongest_25
982,984_0.75_1.79.png,984,0.75,1.79,480,640,14.938064133312645,0.7214066982269287,37.448343414638295,0.9864593744277954,36.788997938059744,0.9858555197715759,-0.6593454765785509,-0.0006038546562194824,0.75<=A<0.85,beta>=1.7,0.75<=A<0.85 | beta>=1.7,baseline_strongest_25
983,985_0.51_1.94.png,985,0.51,1.94,480,640,18.185561873457935,0.7903346419334412,40.725609335797266,0.9917346239089966,40.43571667741066,0.9924278855323792,-0.2898926583866057,0.0006932616233825684,A<0.65,beta>=1.7,A<0.65 | beta>=1.7,baseline_strongest_25
984,986_0.75_1.85.png,986,0.75,1.85,480,640,14.105118098097364,0.7302121520042419,37.37284395756623,0.9885120391845703,37.66292496160428,0.989879846572876,0.2900810040380506,0.001367807388305664,0.75<=A<0.85,beta>=1.7,0.75<=A<0.85 | beta>=1.7,baseline_strongest_25
985,987_0.98_0.84.png,987,0.98,0.84,480,640,16.53017176893821,0.8086914420127869,38.638807995647255,0.9921886324882507,38.208565924844315,0.9927634000778198,-0.4302420708029402,0.0005747675895690918,A>=0.95,0.8<=beta<1.1,A>=0.95 | 0.8<=beta<1.1,baseline_strongest_25
986,988_0.99_1.47.png,988,0.99,1.47,480,640,12.46518087217001,0.7138090133666992,35.62830571414156,0.986797034740448,33.766274640230726,0.9869998097419739,-1.8620310739108348,0.0002027750015258789,A>=0.95,1.4<=beta<1.7,A>=0.95 | 1.4<=beta<1.7,baseline_middle_50
987,989_0.52_1.33.png,989,0.52,1.33,480,640,13.986808672852803,0.6734723448753357,37.68609074516887,0.9879836440086365,38.132771874912265,0.9874173998832703,0.44668112974339635,-0.0005662441253662109,A<0.65,1.1<=beta<1.4,A<0.65 | 1.1<=beta<1.4,baseline_strongest_25
988,98_0.88_0.57.png,98,0.88,0.57,400,400,18.634600046002067,0.8864022493362427,33.41060096263873,0.9911789298057556,33.58710773525534,0.9895462989807129,0.1765067726166052,-0.0016326308250427246,0.85<=A<0.95,beta<0.8,0.85<=A<0.95 | beta<0.8,baseline_middle_50
989,990_0.83_0.56.png,990,0.83,0.56,480,640,16.659500696065766,0.751977801322937,39.22819930128714,0.9912722706794739,40.389984695471746,0.9911457300186157,1.161785394184605,-0.0001265406608581543,0.75<=A<0.85,beta<0.8,0.75<=A<0.85 | beta<0.8,baseline_strongest_25
990,991_0.56_1.71.png,991,0.56,1.71,480,640,11.553788452591105,0.6058938503265381,34.995502625512884,0.9837895035743713,36.1020862163016,0.98369961977005,1.1065835907887163,-8.988380432128906e-05,A<0.65,beta>=1.7,A<0.65 | beta>=1.7,baseline_middle_50
991,992_0.7_0.53.png,992,0.7,0.53,480,640,18.59125719605998,0.7868024706840515,41.10829071904101,0.9926465153694153,41.797906443769676,0.9924481511116028,0.6896157247286681,-0.0001983642578125,0.65<=A<0.75,beta<0.8,0.65<=A<0.75 | beta<0.8,baseline_strongest_25
992,993_0.73_0.6.png,993,0.73,0.6,480,640,22.716345572323636,0.930212140083313,38.04842325617987,0.9960876107215881,35.09308392893623,0.9949625730514526,-2.9553393272436423,-0.001125037670135498,0.65<=A<0.75,beta<0.8,0.65<=A<0.75 | beta<0.8,baseline_strongest_25
993,994_0.53_1.75.png,994,0.53,1.75,480,640,18.04195334254795,0.865784227848053,32.240931237148,0.9919285774230957,36.63629756158838,0.9919331669807434,4.395366324440381,4.589557647705078e-06,A<0.65,beta>=1.7,A<0.65 | beta>=1.7,baseline_middle_50
994,995_0.53_1.8.png,995,0.53,1.8,480,640,17.87043736193414,0.8624981641769409,32.47463917822356,0.9918086528778076,36.452099680582634,0.9918254017829895,3.9774605023590723,1.6748905181884766e-05,A<0.65,beta>=1.7,A<0.65 | beta>=1.7,baseline_middle_50
995,996_0.71_1.66.png,996,0.71,1.66,480,640,15.824133493605856,0.8403168320655823,32.56800018011981,0.9912508130073547,35.14405357653107,0.9906566143035889,2.576053396411261,-0.0005941987037658691,0.65<=A<0.75,1.4<=beta<1.7,0.65<=A<0.75 | 1.4<=beta<1.7,baseline_middle_50
996,997_1.0_0.71.png,997,1.0,0.71,480,640,23.176595172174807,0.9708265066146851,32.63027823185816,0.9935510754585266,32.64041894651974,0.994010329246521,0.01014071466157418,0.00045925378799438477,A>=0.95,beta<0.8,A>=0.95 | beta<0.8,baseline_middle_50
997,998_0.7_0.93.png,998,0.7,0.93,480,640,26.16513759208876,0.9753846526145935,36.068068729745015,0.995032012462616,35.7807416569329,0.9955275058746338,-0.28732707281211134,0.0004954934120178223,0.65<=A<0.75,0.8<=beta<1.1,0.65<=A<0.75 | 0.8<=beta<1.1,baseline_middle_50
998,999_0.88_0.61.png,999,0.88,0.61,480,640,26.836168487838542,0.9809148907661438,36.41020195900524,0.9955958724021912,36.43566030462371,0.9959573745727539,0.025458345618467604,0.00036150217056274414,0.85<=A<0.95,beta<0.8,0.85<=A<0.95 | beta<0.8,baseline_strongest_25
999,99_0.75_1.69.png,99,0.75,1.69,400,400,13.212457622012476,0.6709049940109253,31.514760985491716,0.9871182441711426,31.4251570748012,0.9872817993164062,-0.0896039106905171,0.00016355514526367188,0.75<=A<0.85,1.4<=beta<1.7,0.75<=A<0.85 | 1.4<=beta<1.7,baseline_middle_50
1000,9_0.85_1.67.png,9,0.85,1.67,400,400,13.515392123859172,0.8282961249351501,31.417714995057526,0.991323709487915,34.19488790096835,0.9908676147460938,2.7771729059108203,-0.00045609474182128906,0.85<=A<0.95,1.4<=beta<1.7,0.85<=A<0.95 | 1.4<=beta<1.7,baseline_middle_50
