RUN_ID=HAZE4K-official-marginal-gain-audit-autodl-20260530-hgb-full
ROOT=/root/autodl-tmp/workspace/Dehaze-Net
OUTPUT_DIR=/root/autodl-tmp/workspace/Dehaze-Net/experiment/HAZE4K/official_marginal_gain_audit/HAZE4K-official-marginal-gain-audit-autodl-20260530-hgb-full
LOG_FILE=/root/autodl-tmp/workspace/Dehaze-Net/experiment/HAZE4K/_run_logs/HAZE4K-official-marginal-gain-audit-autodl-20260530-hgb-full.log
OFFICIAL_STEP0_CHECKPOINT=/root/autodl-tmp/workspace/Dehaze-Net/experiment/HAZE4K/DEA-Net-OfficialWarmStart-LFv1-H4K-local-scout100k-20260528-152808/saved_model/official_warmstart_step0.pk
OFFICIAL_WARM_CHECKPOINT=/root/autodl-tmp/workspace/Dehaze-Net/experiment/HAZE4K/DEA-Net-OfficialWarmStart-LFv1-H4K-local-scout100k-20260528-152808/saved_model/best.pk
COLD_CR_CHECKPOINT=/root/autodl-tmp/workspace/Dehaze-Net/experiment/HAZE4K/DEA-Net-CR-H4K-Baseline-scout-20260520-101334/saved_model/best.pk
LFV1_CHECKPOINT=/root/autodl-tmp/workspace/Dehaze-Net/experiment/HAZE4K/DEA-Net-LF-H4K-scout-20260521-003100/saved_model/best.pk
RESIDUALCALIB_CHECKPOINT=/root/autodl-tmp/workspace/Dehaze-Net/experiment/HAZE4K/DEA-Net-LF-ResidualCalib-H4K-scout100k-20260525-122654/saved_model/best.pk
CRPLUS_CHECKPOINT=/root/autodl-tmp/workspace/Dehaze-Net/experiment/HAZE4K/DEA-Net-CRPlusV2-w003-H4K-scout100k-20260526-225540/saved_model/best.pk
CBRFRC_CHECKPOINT=/root/autodl-tmp/workspace/Dehaze-Net/experiment/HAZE4K/DEA-Net-CBRFRC-v1-H4K-scout100k-20260530-012811/saved_model/best.pk
ROUTE_EVIDENCE_CSV=/root/autodl-tmp/workspace/Dehaze-Net/docs/ai_text_packages/20260530-cbrfrc-v1/experiment/HAZE4K/route_evidence_review/HAZE4K-route-evidence-review-20260528/model_per_image_matrix.csv
Sat May 30 16:28:41 CST 2026
scikit-learn 1.7.2
CRPlus-v2 checkpoint not found on this server; using route evidence CSV metrics only.
/root/autodl-tmp/workspace/Dehaze-Net/code/model/modules/deconv.py:19: UserWarning: The torch.cuda.*DtypeTensor constructors are no longer recommended. It's best to use methods such as torch.tensor(data, dtype=*, device='cuda') to create tensors. (Triggered internally at /pytorch/torch/csrc/tensor/python_tensor.cpp:78.)
  conv_weight_cd = torch.cuda.FloatTensor(conv_shape[0], conv_shape[1], 3 * 3).fill_(0)
official audit rows 25/1000
official audit rows 50/1000
official audit rows 75/1000
official audit rows 100/1000
official audit rows 125/1000
official audit rows 150/1000
official audit rows 175/1000
official audit rows 200/1000
official audit rows 225/1000
official audit rows 250/1000
official audit rows 275/1000
official audit rows 300/1000
official audit rows 325/1000
official audit rows 350/1000
official audit rows 375/1000
official audit rows 400/1000
official audit rows 425/1000
official audit rows 450/1000
official audit rows 475/1000
official audit rows 500/1000
official audit rows 525/1000
official audit rows 550/1000
official audit rows 575/1000
official audit rows 600/1000
official audit rows 625/1000
official audit rows 650/1000
official audit rows 675/1000
official audit rows 700/1000
official audit rows 725/1000
official audit rows 750/1000
official audit rows 775/1000
official audit rows 800/1000
official audit rows 825/1000
official audit rows 850/1000
official audit rows 875/1000
official audit rows 900/1000
official audit rows 925/1000
official audit rows 950/1000
official audit rows 975/1000
official audit rows 1000/1000
A_official_output hgb margin 0.15 random_1
A_official_output hgb margin 0.15 random_2
A_official_output hgb margin 0.15 random_3
A_official_output hgb margin 0.15 official_strength_bin=midhigh_official_q3
A_official_output hgb margin 0.15 official_strength_bin=midlow_official_q2
A_official_output hgb margin 0.15 official_strength_bin=strong_official_q4
A_official_output hgb margin 0.15 official_strength_bin=weak_official_q1
A_official_output hgb margin 0.15 cr_strength_bin=midhigh_cr_q3
A_official_output hgb margin 0.15 cr_strength_bin=midlow_cr_q2
A_official_output hgb margin 0.15 cr_strength_bin=strong_cr_q4
A_official_output hgb margin 0.15 cr_strength_bin=weak_cr_q1
A_official_output hgb margin 0.15 airlight_bin=0.65<=A<0.75
A_official_output hgb margin 0.15 airlight_bin=0.75<=A<0.85
A_official_output hgb margin 0.15 airlight_bin=0.85<=A<0.95
A_official_output hgb margin 0.15 airlight_bin=A<0.65
A_official_output hgb margin 0.15 airlight_bin=A>=0.95
A_official_output hgb margin 0.15 beta_bin=0.8<=beta<1.1
A_official_output hgb margin 0.15 beta_bin=1.1<=beta<1.4
A_official_output hgb margin 0.15 beta_bin=1.4<=beta<1.7
A_official_output hgb margin 0.15 beta_bin=beta<0.8
A_official_output hgb margin 0.15 beta_bin=beta>=1.7
A_official_output hgb margin 0.15 content_cluster=content_k5_c0
A_official_output hgb margin 0.15 content_cluster=content_k5_c1
A_official_output hgb margin 0.15 content_cluster=content_k5_c2
A_official_output hgb margin 0.15 content_cluster=content_k5_c3
A_official_output hgb margin 0.15 content_cluster=content_k5_c4
A_official_output hgb margin 0.15 residual_energy_bin=residual_high_q4
A_official_output hgb margin 0.15 residual_energy_bin=residual_low_q1
A_official_output hgb margin 0.15 residual_energy_bin=residual_midhigh_q3
A_official_output hgb margin 0.15 residual_energy_bin=residual_midlow_q2
A_output_plus_meta hgb margin 0.15 random_1
A_output_plus_meta hgb margin 0.15 random_2
A_output_plus_meta hgb margin 0.15 random_3
A_output_plus_meta hgb margin 0.15 official_strength_bin=midhigh_official_q3
A_output_plus_meta hgb margin 0.15 official_strength_bin=midlow_official_q2
A_output_plus_meta hgb margin 0.15 official_strength_bin=strong_official_q4
A_output_plus_meta hgb margin 0.15 official_strength_bin=weak_official_q1
A_output_plus_meta hgb margin 0.15 cr_strength_bin=midhigh_cr_q3
A_output_plus_meta hgb margin 0.15 cr_strength_bin=midlow_cr_q2
A_output_plus_meta hgb margin 0.15 cr_strength_bin=strong_cr_q4
A_output_plus_meta hgb margin 0.15 cr_strength_bin=weak_cr_q1
A_output_plus_meta hgb margin 0.15 airlight_bin=0.65<=A<0.75
A_output_plus_meta hgb margin 0.15 airlight_bin=0.75<=A<0.85
A_output_plus_meta hgb margin 0.15 airlight_bin=0.85<=A<0.95
A_output_plus_meta hgb margin 0.15 airlight_bin=A<0.65
A_output_plus_meta hgb margin 0.15 airlight_bin=A>=0.95
A_output_plus_meta hgb margin 0.15 beta_bin=0.8<=beta<1.1
A_output_plus_meta hgb margin 0.15 beta_bin=1.1<=beta<1.4
A_output_plus_meta hgb margin 0.15 beta_bin=1.4<=beta<1.7
A_output_plus_meta hgb margin 0.15 beta_bin=beta<0.8
A_output_plus_meta hgb margin 0.15 beta_bin=beta>=1.7
A_output_plus_meta hgb margin 0.15 content_cluster=content_k5_c0
A_output_plus_meta hgb margin 0.15 content_cluster=content_k5_c1
A_output_plus_meta hgb margin 0.15 content_cluster=content_k5_c2
A_output_plus_meta hgb margin 0.15 content_cluster=content_k5_c3
A_output_plus_meta hgb margin 0.15 content_cluster=content_k5_c4
A_output_plus_meta hgb margin 0.15 residual_energy_bin=residual_high_q4
A_output_plus_meta hgb margin 0.15 residual_energy_bin=residual_low_q1
A_output_plus_meta hgb margin 0.15 residual_energy_bin=residual_midhigh_q3
A_output_plus_meta hgb margin 0.15 residual_energy_bin=residual_midlow_q2
B_candidate_output_deltas hgb margin 0.15 random_1
B_candidate_output_deltas hgb margin 0.15 random_2
B_candidate_output_deltas hgb margin 0.15 random_3
B_candidate_output_deltas hgb margin 0.15 official_strength_bin=midhigh_official_q3
B_candidate_output_deltas hgb margin 0.15 official_strength_bin=midlow_official_q2
B_candidate_output_deltas hgb margin 0.15 official_strength_bin=strong_official_q4
B_candidate_output_deltas hgb margin 0.15 official_strength_bin=weak_official_q1
B_candidate_output_deltas hgb margin 0.15 cr_strength_bin=midhigh_cr_q3
B_candidate_output_deltas hgb margin 0.15 cr_strength_bin=midlow_cr_q2
B_candidate_output_deltas hgb margin 0.15 cr_strength_bin=strong_cr_q4
B_candidate_output_deltas hgb margin 0.15 cr_strength_bin=weak_cr_q1
B_candidate_output_deltas hgb margin 0.15 airlight_bin=0.65<=A<0.75
B_candidate_output_deltas hgb margin 0.15 airlight_bin=0.75<=A<0.85
B_candidate_output_deltas hgb margin 0.15 airlight_bin=0.85<=A<0.95
B_candidate_output_deltas hgb margin 0.15 airlight_bin=A<0.65
B_candidate_output_deltas hgb margin 0.15 airlight_bin=A>=0.95
B_candidate_output_deltas hgb margin 0.15 beta_bin=0.8<=beta<1.1
B_candidate_output_deltas hgb margin 0.15 beta_bin=1.1<=beta<1.4
B_candidate_output_deltas hgb margin 0.15 beta_bin=1.4<=beta<1.7
B_candidate_output_deltas hgb margin 0.15 beta_bin=beta<0.8
B_candidate_output_deltas hgb margin 0.15 beta_bin=beta>=1.7
B_candidate_output_deltas hgb margin 0.15 content_cluster=content_k5_c0
B_candidate_output_deltas hgb margin 0.15 content_cluster=content_k5_c1
B_candidate_output_deltas hgb margin 0.15 content_cluster=content_k5_c2
B_candidate_output_deltas hgb margin 0.15 content_cluster=content_k5_c3
B_candidate_output_deltas hgb margin 0.15 content_cluster=content_k5_c4
B_candidate_output_deltas hgb margin 0.15 residual_energy_bin=residual_high_q4
B_candidate_output_deltas hgb margin 0.15 residual_energy_bin=residual_low_q1
B_candidate_output_deltas hgb margin 0.15 residual_energy_bin=residual_midhigh_q3
B_candidate_output_deltas hgb margin 0.15 residual_energy_bin=residual_midlow_q2
C_official_internal hgb margin 0.15 random_1
C_official_internal hgb margin 0.15 random_2
C_official_internal hgb margin 0.15 random_3
C_official_internal hgb margin 0.15 official_strength_bin=midhigh_official_q3
C_official_internal hgb margin 0.15 official_strength_bin=midlow_official_q2
C_official_internal hgb margin 0.15 official_strength_bin=strong_official_q4
C_official_internal hgb margin 0.15 official_strength_bin=weak_official_q1
C_official_internal hgb margin 0.15 cr_strength_bin=midhigh_cr_q3
C_official_internal hgb margin 0.15 cr_strength_bin=midlow_cr_q2
C_official_internal hgb margin 0.15 cr_strength_bin=strong_cr_q4
C_official_internal hgb margin 0.15 cr_strength_bin=weak_cr_q1
C_official_internal hgb margin 0.15 airlight_bin=0.65<=A<0.75
C_official_internal hgb margin 0.15 airlight_bin=0.75<=A<0.85
C_official_internal hgb margin 0.15 airlight_bin=0.85<=A<0.95
C_official_internal hgb margin 0.15 airlight_bin=A<0.65
C_official_internal hgb margin 0.15 airlight_bin=A>=0.95
C_official_internal hgb margin 0.15 beta_bin=0.8<=beta<1.1
C_official_internal hgb margin 0.15 beta_bin=1.1<=beta<1.4
C_official_internal hgb margin 0.15 beta_bin=1.4<=beta<1.7
C_official_internal hgb margin 0.15 beta_bin=beta<0.8
C_official_internal hgb margin 0.15 beta_bin=beta>=1.7
C_official_internal hgb margin 0.15 content_cluster=content_k5_c0
C_official_internal hgb margin 0.15 content_cluster=content_k5_c1
C_official_internal hgb margin 0.15 content_cluster=content_k5_c2
C_official_internal hgb margin 0.15 content_cluster=content_k5_c3
C_official_internal hgb margin 0.15 content_cluster=content_k5_c4
C_official_internal hgb margin 0.15 residual_energy_bin=residual_high_q4
C_official_internal hgb margin 0.15 residual_energy_bin=residual_low_q1
C_official_internal hgb margin 0.15 residual_energy_bin=residual_midhigh_q3
C_official_internal hgb margin 0.15 residual_energy_bin=residual_midlow_q2
D_internal_contrast hgb margin 0.15 random_1
D_internal_contrast hgb margin 0.15 random_2
D_internal_contrast hgb margin 0.15 random_3
D_internal_contrast hgb margin 0.15 official_strength_bin=midhigh_official_q3
D_internal_contrast hgb margin 0.15 official_strength_bin=midlow_official_q2
D_internal_contrast hgb margin 0.15 official_strength_bin=strong_official_q4
D_internal_contrast hgb margin 0.15 official_strength_bin=weak_official_q1
D_internal_contrast hgb margin 0.15 cr_strength_bin=midhigh_cr_q3
D_internal_contrast hgb margin 0.15 cr_strength_bin=midlow_cr_q2
D_internal_contrast hgb margin 0.15 cr_strength_bin=strong_cr_q4
D_internal_contrast hgb margin 0.15 cr_strength_bin=weak_cr_q1
D_internal_contrast hgb margin 0.15 airlight_bin=0.65<=A<0.75
D_internal_contrast hgb margin 0.15 airlight_bin=0.75<=A<0.85
D_internal_contrast hgb margin 0.15 airlight_bin=0.85<=A<0.95
D_internal_contrast hgb margin 0.15 airlight_bin=A<0.65
D_internal_contrast hgb margin 0.15 airlight_bin=A>=0.95
D_internal_contrast hgb margin 0.15 beta_bin=0.8<=beta<1.1
D_internal_contrast hgb margin 0.15 beta_bin=1.1<=beta<1.4
D_internal_contrast hgb margin 0.15 beta_bin=1.4<=beta<1.7
D_internal_contrast hgb margin 0.15 beta_bin=beta<0.8
D_internal_contrast hgb margin 0.15 beta_bin=beta>=1.7
D_internal_contrast hgb margin 0.15 content_cluster=content_k5_c0
D_internal_contrast hgb margin 0.15 content_cluster=content_k5_c1
D_internal_contrast hgb margin 0.15 content_cluster=content_k5_c2
D_internal_contrast hgb margin 0.15 content_cluster=content_k5_c3
D_internal_contrast hgb margin 0.15 content_cluster=content_k5_c4
D_internal_contrast hgb margin 0.15 residual_energy_bin=residual_high_q4
D_internal_contrast hgb margin 0.15 residual_energy_bin=residual_low_q1
D_internal_contrast hgb margin 0.15 residual_energy_bin=residual_midhigh_q3
D_internal_contrast hgb margin 0.15 residual_energy_bin=residual_midlow_q2
E_all_deployable hgb margin 0.15 random_1
E_all_deployable hgb margin 0.15 random_2
E_all_deployable hgb margin 0.15 random_3
E_all_deployable hgb margin 0.15 official_strength_bin=midhigh_official_q3
E_all_deployable hgb margin 0.15 official_strength_bin=midlow_official_q2
E_all_deployable hgb margin 0.15 official_strength_bin=strong_official_q4
E_all_deployable hgb margin 0.15 official_strength_bin=weak_official_q1
E_all_deployable hgb margin 0.15 cr_strength_bin=midhigh_cr_q3
E_all_deployable hgb margin 0.15 cr_strength_bin=midlow_cr_q2
E_all_deployable hgb margin 0.15 cr_strength_bin=strong_cr_q4
E_all_deployable hgb margin 0.15 cr_strength_bin=weak_cr_q1
E_all_deployable hgb margin 0.15 airlight_bin=0.65<=A<0.75
E_all_deployable hgb margin 0.15 airlight_bin=0.75<=A<0.85
E_all_deployable hgb margin 0.15 airlight_bin=0.85<=A<0.95
E_all_deployable hgb margin 0.15 airlight_bin=A<0.65
E_all_deployable hgb margin 0.15 airlight_bin=A>=0.95
E_all_deployable hgb margin 0.15 beta_bin=0.8<=beta<1.1
E_all_deployable hgb margin 0.15 beta_bin=1.1<=beta<1.4
E_all_deployable hgb margin 0.15 beta_bin=1.4<=beta<1.7
E_all_deployable hgb margin 0.15 beta_bin=beta<0.8
E_all_deployable hgb margin 0.15 beta_bin=beta>=1.7
E_all_deployable hgb margin 0.15 content_cluster=content_k5_c0
E_all_deployable hgb margin 0.15 content_cluster=content_k5_c1
E_all_deployable hgb margin 0.15 content_cluster=content_k5_c2
E_all_deployable hgb margin 0.15 content_cluster=content_k5_c3
E_all_deployable hgb margin 0.15 content_cluster=content_k5_c4
E_all_deployable hgb margin 0.15 residual_energy_bin=residual_high_q4
E_all_deployable hgb margin 0.15 residual_energy_bin=residual_low_q1
E_all_deployable hgb margin 0.15 residual_energy_bin=residual_midhigh_q3
E_all_deployable hgb margin 0.15 residual_energy_bin=residual_midlow_q2
E_all_deployable_shuffled hgb margin 0.15 random_1
E_all_deployable_shuffled hgb margin 0.15 random_2
E_all_deployable_shuffled hgb margin 0.15 random_3
E_all_deployable_shuffled hgb margin 0.15 official_strength_bin=midhigh_official_q3
E_all_deployable_shuffled hgb margin 0.15 official_strength_bin=midlow_official_q2
E_all_deployable_shuffled hgb margin 0.15 official_strength_bin=strong_official_q4
E_all_deployable_shuffled hgb margin 0.15 official_strength_bin=weak_official_q1
E_all_deployable_shuffled hgb margin 0.15 cr_strength_bin=midhigh_cr_q3
E_all_deployable_shuffled hgb margin 0.15 cr_strength_bin=midlow_cr_q2
E_all_deployable_shuffled hgb margin 0.15 cr_strength_bin=strong_cr_q4
E_all_deployable_shuffled hgb margin 0.15 cr_strength_bin=weak_cr_q1
E_all_deployable_shuffled hgb margin 0.15 airlight_bin=0.65<=A<0.75
E_all_deployable_shuffled hgb margin 0.15 airlight_bin=0.75<=A<0.85
E_all_deployable_shuffled hgb margin 0.15 airlight_bin=0.85<=A<0.95
E_all_deployable_shuffled hgb margin 0.15 airlight_bin=A<0.65
E_all_deployable_shuffled hgb margin 0.15 airlight_bin=A>=0.95
E_all_deployable_shuffled hgb margin 0.15 beta_bin=0.8<=beta<1.1
E_all_deployable_shuffled hgb margin 0.15 beta_bin=1.1<=beta<1.4
E_all_deployable_shuffled hgb margin 0.15 beta_bin=1.4<=beta<1.7
E_all_deployable_shuffled hgb margin 0.15 beta_bin=beta<0.8
E_all_deployable_shuffled hgb margin 0.15 beta_bin=beta>=1.7
E_all_deployable_shuffled hgb margin 0.15 content_cluster=content_k5_c0
E_all_deployable_shuffled hgb margin 0.15 content_cluster=content_k5_c1
E_all_deployable_shuffled hgb margin 0.15 content_cluster=content_k5_c2
E_all_deployable_shuffled hgb margin 0.15 content_cluster=content_k5_c3
E_all_deployable_shuffled hgb margin 0.15 content_cluster=content_k5_c4
E_all_deployable_shuffled hgb margin 0.15 residual_energy_bin=residual_high_q4
E_all_deployable_shuffled hgb margin 0.15 residual_energy_bin=residual_low_q1
E_all_deployable_shuffled hgb margin 0.15 residual_energy_bin=residual_midhigh_q3
E_all_deployable_shuffled hgb margin 0.15 residual_energy_bin=residual_midlow_q2
Z_diagnostic_leakage hgb margin 0.15 random_1
Z_diagnostic_leakage hgb margin 0.15 random_2
Z_diagnostic_leakage hgb margin 0.15 random_3
Z_diagnostic_leakage hgb margin 0.15 official_strength_bin=midhigh_official_q3
Z_diagnostic_leakage hgb margin 0.15 official_strength_bin=midlow_official_q2
Z_diagnostic_leakage hgb margin 0.15 official_strength_bin=strong_official_q4
Z_diagnostic_leakage hgb margin 0.15 official_strength_bin=weak_official_q1
Z_diagnostic_leakage hgb margin 0.15 cr_strength_bin=midhigh_cr_q3
Z_diagnostic_leakage hgb margin 0.15 cr_strength_bin=midlow_cr_q2
Z_diagnostic_leakage hgb margin 0.15 cr_strength_bin=strong_cr_q4
Z_diagnostic_leakage hgb margin 0.15 cr_strength_bin=weak_cr_q1
Z_diagnostic_leakage hgb margin 0.15 airlight_bin=0.65<=A<0.75
Z_diagnostic_leakage hgb margin 0.15 airlight_bin=0.75<=A<0.85
Z_diagnostic_leakage hgb margin 0.15 airlight_bin=0.85<=A<0.95
Z_diagnostic_leakage hgb margin 0.15 airlight_bin=A<0.65
Z_diagnostic_leakage hgb margin 0.15 airlight_bin=A>=0.95
Z_diagnostic_leakage hgb margin 0.15 beta_bin=0.8<=beta<1.1
Z_diagnostic_leakage hgb margin 0.15 beta_bin=1.1<=beta<1.4
Z_diagnostic_leakage hgb margin 0.15 beta_bin=1.4<=beta<1.7
Z_diagnostic_leakage hgb margin 0.15 beta_bin=beta<0.8
Z_diagnostic_leakage hgb margin 0.15 beta_bin=beta>=1.7
Z_diagnostic_leakage hgb margin 0.15 content_cluster=content_k5_c0
Z_diagnostic_leakage hgb margin 0.15 content_cluster=content_k5_c1
Z_diagnostic_leakage hgb margin 0.15 content_cluster=content_k5_c2
Z_diagnostic_leakage hgb margin 0.15 content_cluster=content_k5_c3
Z_diagnostic_leakage hgb margin 0.15 content_cluster=content_k5_c4
Z_diagnostic_leakage hgb margin 0.15 residual_energy_bin=residual_high_q4
Z_diagnostic_leakage hgb margin 0.15 residual_energy_bin=residual_low_q1
Z_diagnostic_leakage hgb margin 0.15 residual_energy_bin=residual_midhigh_q3
Z_diagnostic_leakage hgb margin 0.15 residual_energy_bin=residual_midlow_q2
A_official_output hgb margin 0.20 random_1
A_official_output hgb margin 0.20 random_2
A_official_output hgb margin 0.20 random_3
A_official_output hgb margin 0.20 official_strength_bin=midhigh_official_q3
A_official_output hgb margin 0.20 official_strength_bin=midlow_official_q2
A_official_output hgb margin 0.20 official_strength_bin=strong_official_q4
A_official_output hgb margin 0.20 official_strength_bin=weak_official_q1
A_official_output hgb margin 0.20 cr_strength_bin=midhigh_cr_q3
A_official_output hgb margin 0.20 cr_strength_bin=midlow_cr_q2
A_official_output hgb margin 0.20 cr_strength_bin=strong_cr_q4
A_official_output hgb margin 0.20 cr_strength_bin=weak_cr_q1
A_official_output hgb margin 0.20 airlight_bin=0.65<=A<0.75
A_official_output hgb margin 0.20 airlight_bin=0.75<=A<0.85
A_official_output hgb margin 0.20 airlight_bin=0.85<=A<0.95
A_official_output hgb margin 0.20 airlight_bin=A<0.65
A_official_output hgb margin 0.20 airlight_bin=A>=0.95
A_official_output hgb margin 0.20 beta_bin=0.8<=beta<1.1
A_official_output hgb margin 0.20 beta_bin=1.1<=beta<1.4
A_official_output hgb margin 0.20 beta_bin=1.4<=beta<1.7
A_official_output hgb margin 0.20 beta_bin=beta<0.8
A_official_output hgb margin 0.20 beta_bin=beta>=1.7
A_official_output hgb margin 0.20 content_cluster=content_k5_c0
A_official_output hgb margin 0.20 content_cluster=content_k5_c1
A_official_output hgb margin 0.20 content_cluster=content_k5_c2
A_official_output hgb margin 0.20 content_cluster=content_k5_c3
A_official_output hgb margin 0.20 content_cluster=content_k5_c4
A_official_output hgb margin 0.20 residual_energy_bin=residual_high_q4
A_official_output hgb margin 0.20 residual_energy_bin=residual_low_q1
A_official_output hgb margin 0.20 residual_energy_bin=residual_midhigh_q3
A_official_output hgb margin 0.20 residual_energy_bin=residual_midlow_q2
A_output_plus_meta hgb margin 0.20 random_1
A_output_plus_meta hgb margin 0.20 random_2
A_output_plus_meta hgb margin 0.20 random_3
A_output_plus_meta hgb margin 0.20 official_strength_bin=midhigh_official_q3
A_output_plus_meta hgb margin 0.20 official_strength_bin=midlow_official_q2
A_output_plus_meta hgb margin 0.20 official_strength_bin=strong_official_q4
A_output_plus_meta hgb margin 0.20 official_strength_bin=weak_official_q1
A_output_plus_meta hgb margin 0.20 cr_strength_bin=midhigh_cr_q3
A_output_plus_meta hgb margin 0.20 cr_strength_bin=midlow_cr_q2
A_output_plus_meta hgb margin 0.20 cr_strength_bin=strong_cr_q4
A_output_plus_meta hgb margin 0.20 cr_strength_bin=weak_cr_q1
A_output_plus_meta hgb margin 0.20 airlight_bin=0.65<=A<0.75
A_output_plus_meta hgb margin 0.20 airlight_bin=0.75<=A<0.85
A_output_plus_meta hgb margin 0.20 airlight_bin=0.85<=A<0.95
A_output_plus_meta hgb margin 0.20 airlight_bin=A<0.65
A_output_plus_meta hgb margin 0.20 airlight_bin=A>=0.95
A_output_plus_meta hgb margin 0.20 beta_bin=0.8<=beta<1.1
A_output_plus_meta hgb margin 0.20 beta_bin=1.1<=beta<1.4
A_output_plus_meta hgb margin 0.20 beta_bin=1.4<=beta<1.7
A_output_plus_meta hgb margin 0.20 beta_bin=beta<0.8
A_output_plus_meta hgb margin 0.20 beta_bin=beta>=1.7
A_output_plus_meta hgb margin 0.20 content_cluster=content_k5_c0
A_output_plus_meta hgb margin 0.20 content_cluster=content_k5_c1
A_output_plus_meta hgb margin 0.20 content_cluster=content_k5_c2
A_output_plus_meta hgb margin 0.20 content_cluster=content_k5_c3
A_output_plus_meta hgb margin 0.20 content_cluster=content_k5_c4
A_output_plus_meta hgb margin 0.20 residual_energy_bin=residual_high_q4
A_output_plus_meta hgb margin 0.20 residual_energy_bin=residual_low_q1
A_output_plus_meta hgb margin 0.20 residual_energy_bin=residual_midhigh_q3
A_output_plus_meta hgb margin 0.20 residual_energy_bin=residual_midlow_q2
B_candidate_output_deltas hgb margin 0.20 random_1
B_candidate_output_deltas hgb margin 0.20 random_2
B_candidate_output_deltas hgb margin 0.20 random_3
B_candidate_output_deltas hgb margin 0.20 official_strength_bin=midhigh_official_q3
B_candidate_output_deltas hgb margin 0.20 official_strength_bin=midlow_official_q2
B_candidate_output_deltas hgb margin 0.20 official_strength_bin=strong_official_q4
B_candidate_output_deltas hgb margin 0.20 official_strength_bin=weak_official_q1
B_candidate_output_deltas hgb margin 0.20 cr_strength_bin=midhigh_cr_q3
B_candidate_output_deltas hgb margin 0.20 cr_strength_bin=midlow_cr_q2
B_candidate_output_deltas hgb margin 0.20 cr_strength_bin=strong_cr_q4
B_candidate_output_deltas hgb margin 0.20 cr_strength_bin=weak_cr_q1
B_candidate_output_deltas hgb margin 0.20 airlight_bin=0.65<=A<0.75
B_candidate_output_deltas hgb margin 0.20 airlight_bin=0.75<=A<0.85
B_candidate_output_deltas hgb margin 0.20 airlight_bin=0.85<=A<0.95
B_candidate_output_deltas hgb margin 0.20 airlight_bin=A<0.65
B_candidate_output_deltas hgb margin 0.20 airlight_bin=A>=0.95
B_candidate_output_deltas hgb margin 0.20 beta_bin=0.8<=beta<1.1
B_candidate_output_deltas hgb margin 0.20 beta_bin=1.1<=beta<1.4
B_candidate_output_deltas hgb margin 0.20 beta_bin=1.4<=beta<1.7
B_candidate_output_deltas hgb margin 0.20 beta_bin=beta<0.8
B_candidate_output_deltas hgb margin 0.20 beta_bin=beta>=1.7
B_candidate_output_deltas hgb margin 0.20 content_cluster=content_k5_c0
B_candidate_output_deltas hgb margin 0.20 content_cluster=content_k5_c1
B_candidate_output_deltas hgb margin 0.20 content_cluster=content_k5_c2
B_candidate_output_deltas hgb margin 0.20 content_cluster=content_k5_c3
B_candidate_output_deltas hgb margin 0.20 content_cluster=content_k5_c4
B_candidate_output_deltas hgb margin 0.20 residual_energy_bin=residual_high_q4
B_candidate_output_deltas hgb margin 0.20 residual_energy_bin=residual_low_q1
B_candidate_output_deltas hgb margin 0.20 residual_energy_bin=residual_midhigh_q3
B_candidate_output_deltas hgb margin 0.20 residual_energy_bin=residual_midlow_q2
C_official_internal hgb margin 0.20 random_1
C_official_internal hgb margin 0.20 random_2
C_official_internal hgb margin 0.20 random_3
C_official_internal hgb margin 0.20 official_strength_bin=midhigh_official_q3
C_official_internal hgb margin 0.20 official_strength_bin=midlow_official_q2
C_official_internal hgb margin 0.20 official_strength_bin=strong_official_q4
C_official_internal hgb margin 0.20 official_strength_bin=weak_official_q1
C_official_internal hgb margin 0.20 cr_strength_bin=midhigh_cr_q3
C_official_internal hgb margin 0.20 cr_strength_bin=midlow_cr_q2
C_official_internal hgb margin 0.20 cr_strength_bin=strong_cr_q4
C_official_internal hgb margin 0.20 cr_strength_bin=weak_cr_q1
C_official_internal hgb margin 0.20 airlight_bin=0.65<=A<0.75
C_official_internal hgb margin 0.20 airlight_bin=0.75<=A<0.85
C_official_internal hgb margin 0.20 airlight_bin=0.85<=A<0.95
C_official_internal hgb margin 0.20 airlight_bin=A<0.65
C_official_internal hgb margin 0.20 airlight_bin=A>=0.95
C_official_internal hgb margin 0.20 beta_bin=0.8<=beta<1.1
C_official_internal hgb margin 0.20 beta_bin=1.1<=beta<1.4
C_official_internal hgb margin 0.20 beta_bin=1.4<=beta<1.7
C_official_internal hgb margin 0.20 beta_bin=beta<0.8
C_official_internal hgb margin 0.20 beta_bin=beta>=1.7
C_official_internal hgb margin 0.20 content_cluster=content_k5_c0
C_official_internal hgb margin 0.20 content_cluster=content_k5_c1
C_official_internal hgb margin 0.20 content_cluster=content_k5_c2
C_official_internal hgb margin 0.20 content_cluster=content_k5_c3
C_official_internal hgb margin 0.20 content_cluster=content_k5_c4
C_official_internal hgb margin 0.20 residual_energy_bin=residual_high_q4
C_official_internal hgb margin 0.20 residual_energy_bin=residual_low_q1
C_official_internal hgb margin 0.20 residual_energy_bin=residual_midhigh_q3
C_official_internal hgb margin 0.20 residual_energy_bin=residual_midlow_q2
D_internal_contrast hgb margin 0.20 random_1
D_internal_contrast hgb margin 0.20 random_2
D_internal_contrast hgb margin 0.20 random_3
D_internal_contrast hgb margin 0.20 official_strength_bin=midhigh_official_q3
D_internal_contrast hgb margin 0.20 official_strength_bin=midlow_official_q2
D_internal_contrast hgb margin 0.20 official_strength_bin=strong_official_q4
D_internal_contrast hgb margin 0.20 official_strength_bin=weak_official_q1
D_internal_contrast hgb margin 0.20 cr_strength_bin=midhigh_cr_q3
D_internal_contrast hgb margin 0.20 cr_strength_bin=midlow_cr_q2
D_internal_contrast hgb margin 0.20 cr_strength_bin=strong_cr_q4
D_internal_contrast hgb margin 0.20 cr_strength_bin=weak_cr_q1
D_internal_contrast hgb margin 0.20 airlight_bin=0.65<=A<0.75
D_internal_contrast hgb margin 0.20 airlight_bin=0.75<=A<0.85
D_internal_contrast hgb margin 0.20 airlight_bin=0.85<=A<0.95
D_internal_contrast hgb margin 0.20 airlight_bin=A<0.65
D_internal_contrast hgb margin 0.20 airlight_bin=A>=0.95
D_internal_contrast hgb margin 0.20 beta_bin=0.8<=beta<1.1
D_internal_contrast hgb margin 0.20 beta_bin=1.1<=beta<1.4
D_internal_contrast hgb margin 0.20 beta_bin=1.4<=beta<1.7
D_internal_contrast hgb margin 0.20 beta_bin=beta<0.8
D_internal_contrast hgb margin 0.20 beta_bin=beta>=1.7
D_internal_contrast hgb margin 0.20 content_cluster=content_k5_c0
D_internal_contrast hgb margin 0.20 content_cluster=content_k5_c1
D_internal_contrast hgb margin 0.20 content_cluster=content_k5_c2
D_internal_contrast hgb margin 0.20 content_cluster=content_k5_c3
D_internal_contrast hgb margin 0.20 content_cluster=content_k5_c4
D_internal_contrast hgb margin 0.20 residual_energy_bin=residual_high_q4
D_internal_contrast hgb margin 0.20 residual_energy_bin=residual_low_q1
D_internal_contrast hgb margin 0.20 residual_energy_bin=residual_midhigh_q3
D_internal_contrast hgb margin 0.20 residual_energy_bin=residual_midlow_q2
E_all_deployable hgb margin 0.20 random_1
E_all_deployable hgb margin 0.20 random_2
E_all_deployable hgb margin 0.20 random_3
E_all_deployable hgb margin 0.20 official_strength_bin=midhigh_official_q3
E_all_deployable hgb margin 0.20 official_strength_bin=midlow_official_q2
E_all_deployable hgb margin 0.20 official_strength_bin=strong_official_q4
E_all_deployable hgb margin 0.20 official_strength_bin=weak_official_q1
E_all_deployable hgb margin 0.20 cr_strength_bin=midhigh_cr_q3
E_all_deployable hgb margin 0.20 cr_strength_bin=midlow_cr_q2
E_all_deployable hgb margin 0.20 cr_strength_bin=strong_cr_q4
E_all_deployable hgb margin 0.20 cr_strength_bin=weak_cr_q1
E_all_deployable hgb margin 0.20 airlight_bin=0.65<=A<0.75
E_all_deployable hgb margin 0.20 airlight_bin=0.75<=A<0.85
E_all_deployable hgb margin 0.20 airlight_bin=0.85<=A<0.95
E_all_deployable hgb margin 0.20 airlight_bin=A<0.65
E_all_deployable hgb margin 0.20 airlight_bin=A>=0.95
E_all_deployable hgb margin 0.20 beta_bin=0.8<=beta<1.1
E_all_deployable hgb margin 0.20 beta_bin=1.1<=beta<1.4
E_all_deployable hgb margin 0.20 beta_bin=1.4<=beta<1.7
E_all_deployable hgb margin 0.20 beta_bin=beta<0.8
E_all_deployable hgb margin 0.20 beta_bin=beta>=1.7
E_all_deployable hgb margin 0.20 content_cluster=content_k5_c0
E_all_deployable hgb margin 0.20 content_cluster=content_k5_c1
E_all_deployable hgb margin 0.20 content_cluster=content_k5_c2
E_all_deployable hgb margin 0.20 content_cluster=content_k5_c3
E_all_deployable hgb margin 0.20 content_cluster=content_k5_c4
E_all_deployable hgb margin 0.20 residual_energy_bin=residual_high_q4
E_all_deployable hgb margin 0.20 residual_energy_bin=residual_low_q1
E_all_deployable hgb margin 0.20 residual_energy_bin=residual_midhigh_q3
E_all_deployable hgb margin 0.20 residual_energy_bin=residual_midlow_q2
E_all_deployable_shuffled hgb margin 0.20 random_1
E_all_deployable_shuffled hgb margin 0.20 random_2
E_all_deployable_shuffled hgb margin 0.20 random_3
E_all_deployable_shuffled hgb margin 0.20 official_strength_bin=midhigh_official_q3
E_all_deployable_shuffled hgb margin 0.20 official_strength_bin=midlow_official_q2
E_all_deployable_shuffled hgb margin 0.20 official_strength_bin=strong_official_q4
E_all_deployable_shuffled hgb margin 0.20 official_strength_bin=weak_official_q1
E_all_deployable_shuffled hgb margin 0.20 cr_strength_bin=midhigh_cr_q3
E_all_deployable_shuffled hgb margin 0.20 cr_strength_bin=midlow_cr_q2
E_all_deployable_shuffled hgb margin 0.20 cr_strength_bin=strong_cr_q4
E_all_deployable_shuffled hgb margin 0.20 cr_strength_bin=weak_cr_q1
E_all_deployable_shuffled hgb margin 0.20 airlight_bin=0.65<=A<0.75
E_all_deployable_shuffled hgb margin 0.20 airlight_bin=0.75<=A<0.85
E_all_deployable_shuffled hgb margin 0.20 airlight_bin=0.85<=A<0.95
E_all_deployable_shuffled hgb margin 0.20 airlight_bin=A<0.65
E_all_deployable_shuffled hgb margin 0.20 airlight_bin=A>=0.95
E_all_deployable_shuffled hgb margin 0.20 beta_bin=0.8<=beta<1.1
E_all_deployable_shuffled hgb margin 0.20 beta_bin=1.1<=beta<1.4
E_all_deployable_shuffled hgb margin 0.20 beta_bin=1.4<=beta<1.7
E_all_deployable_shuffled hgb margin 0.20 beta_bin=beta<0.8
E_all_deployable_shuffled hgb margin 0.20 beta_bin=beta>=1.7
E_all_deployable_shuffled hgb margin 0.20 content_cluster=content_k5_c0
E_all_deployable_shuffled hgb margin 0.20 content_cluster=content_k5_c1
E_all_deployable_shuffled hgb margin 0.20 content_cluster=content_k5_c2
E_all_deployable_shuffled hgb margin 0.20 content_cluster=content_k5_c3
E_all_deployable_shuffled hgb margin 0.20 content_cluster=content_k5_c4
E_all_deployable_shuffled hgb margin 0.20 residual_energy_bin=residual_high_q4
E_all_deployable_shuffled hgb margin 0.20 residual_energy_bin=residual_low_q1
E_all_deployable_shuffled hgb margin 0.20 residual_energy_bin=residual_midhigh_q3
E_all_deployable_shuffled hgb margin 0.20 residual_energy_bin=residual_midlow_q2
Z_diagnostic_leakage hgb margin 0.20 random_1
Z_diagnostic_leakage hgb margin 0.20 random_2
Z_diagnostic_leakage hgb margin 0.20 random_3
Z_diagnostic_leakage hgb margin 0.20 official_strength_bin=midhigh_official_q3
Z_diagnostic_leakage hgb margin 0.20 official_strength_bin=midlow_official_q2
Z_diagnostic_leakage hgb margin 0.20 official_strength_bin=strong_official_q4
Z_diagnostic_leakage hgb margin 0.20 official_strength_bin=weak_official_q1
Z_diagnostic_leakage hgb margin 0.20 cr_strength_bin=midhigh_cr_q3
Z_diagnostic_leakage hgb margin 0.20 cr_strength_bin=midlow_cr_q2
Z_diagnostic_leakage hgb margin 0.20 cr_strength_bin=strong_cr_q4
Z_diagnostic_leakage hgb margin 0.20 cr_strength_bin=weak_cr_q1
Z_diagnostic_leakage hgb margin 0.20 airlight_bin=0.65<=A<0.75
Z_diagnostic_leakage hgb margin 0.20 airlight_bin=0.75<=A<0.85
Z_diagnostic_leakage hgb margin 0.20 airlight_bin=0.85<=A<0.95
Z_diagnostic_leakage hgb margin 0.20 airlight_bin=A<0.65
Z_diagnostic_leakage hgb margin 0.20 airlight_bin=A>=0.95
Z_diagnostic_leakage hgb margin 0.20 beta_bin=0.8<=beta<1.1
Z_diagnostic_leakage hgb margin 0.20 beta_bin=1.1<=beta<1.4
Z_diagnostic_leakage hgb margin 0.20 beta_bin=1.4<=beta<1.7
Z_diagnostic_leakage hgb margin 0.20 beta_bin=beta<0.8
Z_diagnostic_leakage hgb margin 0.20 beta_bin=beta>=1.7
Z_diagnostic_leakage hgb margin 0.20 content_cluster=content_k5_c0
Z_diagnostic_leakage hgb margin 0.20 content_cluster=content_k5_c1
Z_diagnostic_leakage hgb margin 0.20 content_cluster=content_k5_c2
Z_diagnostic_leakage hgb margin 0.20 content_cluster=content_k5_c3
Z_diagnostic_leakage hgb margin 0.20 content_cluster=content_k5_c4
Z_diagnostic_leakage hgb margin 0.20 residual_energy_bin=residual_high_q4
Z_diagnostic_leakage hgb margin 0.20 residual_energy_bin=residual_low_q1
Z_diagnostic_leakage hgb margin 0.20 residual_energy_bin=residual_midhigh_q3
Z_diagnostic_leakage hgb margin 0.20 residual_energy_bin=residual_midlow_q2
{
  "args": {
    "bootstrap_rounds": 300,
    "cbrfrc_checkpoint": "/root/autodl-tmp/workspace/Dehaze-Net/experiment/HAZE4K/DEA-Net-CBRFRC-v1-H4K-scout100k-20260530-012811/saved_model/best.pk",
    "clear_dir": "",
    "cold_cr_checkpoint": "/root/autodl-tmp/workspace/Dehaze-Net/experiment/HAZE4K/DEA-Net-CR-H4K-Baseline-scout-20260520-101334/saved_model/best.pk",
    "content_clusters": 5,
    "crplus_checkpoint": "",
    "dataset_root": "../dataset/HAZE4K",
    "device": "cuda",
    "feature_pool_grid": 2,
    "feature_sets": "A_official_output,A_output_plus_meta,B_candidate_output_deltas,C_official_internal,D_internal_contrast,E_all_deployable,E_all_deployable_shuffled,Z_diagnostic_leakage",
    "hazy_dir": "",
    "heads": "hgb",
    "hgb_l2": 0.01,
    "hgb_learning_rate": 0.05,
    "hgb_max_iter": 160,
    "lfv1_checkpoint": "/root/autodl-tmp/workspace/Dehaze-Net/experiment/HAZE4K/DEA-Net-LF-H4K-scout-20260521-003100/saved_model/best.pk",
    "logistic_c": 0.5,
    "max_images": 0,
    "max_nochange_false_intervention": 0.1,
    "max_strong_nochange_false_intervention": 0.05,
    "min_bootstrap_gain_p05": 0.0,
    "min_intervention_precision": 0.75,
    "min_mean_gain": 0.02,
    "min_oracle_gain": 0.05,
    "min_shuffled_precision_gap": 0.05,
    "nochange_margin": 0.05,
    "official_step0_checkpoint": "/root/autodl-tmp/workspace/Dehaze-Net/experiment/HAZE4K/DEA-Net-OfficialWarmStart-LFv1-H4K-local-scout100k-20260528-152808/saved_model/official_warmstart_step0.pk",
    "official_warm_checkpoint": "/root/autodl-tmp/workspace/Dehaze-Net/experiment/HAZE4K/DEA-Net-OfficialWarmStart-LFv1-H4K-local-scout100k-20260528-152808/saved_model/best.pk",
    "output_dir": "/root/autodl-tmp/workspace/Dehaze-Net/experiment/HAZE4K/official_marginal_gain_audit/HAZE4K-official-marginal-gain-audit-autodl-20260530-hgb-full",
    "pad_size": 4,
    "random_splits": 3,
    "residualcalib_checkpoint": "/root/autodl-tmp/workspace/Dehaze-Net/experiment/HAZE4K/DEA-Net-LF-ResidualCalib-H4K-scout100k-20260525-122654/saved_model/best.pk",
    "ridge_alpha": 1.0,
    "route_evidence_csv": "/root/autodl-tmp/workspace/Dehaze-Net/docs/ai_text_packages/20260530-cbrfrc-v1/experiment/HAZE4K/route_evidence_review/HAZE4K-route-evidence-review-20260528/model_per_image_matrix.csv",
    "seed": 20260530,
    "spatial_feature_grid": 4,
    "split": "test",
    "target_margins": "0.15,0.20",
    "valid_fraction": 0.25
  },
  "feature_counts": {
    "A_official_output": 2388,
    "A_output_plus_meta": 2390,
    "B_candidate_output_deltas": 2816,
    "C_official_internal": 4524,
    "D_internal_contrast": 10967,
    "E_all_deployable": 13528,
    "E_all_deployable_shuffled": 13528,
    "Z_diagnostic_leakage": 22575
  },
  "label_counts": {
    "m015": {
      "ignore": 66,
      "intervene": 523,
      "preserve": 411
    },
    "m020": {
      "ignore": 96,
      "intervene": 493,
      "preserve": 411
    }
  },
  "meta": {
    "cbrfrc_checkpoint": "/root/autodl-tmp/workspace/Dehaze-Net/experiment/HAZE4K/DEA-Net-CBRFRC-v1-H4K-scout100k-20260530-012811/saved_model/best.pk",
    "cbrfrc_step": 10000,
    "clear_dir": "../dataset/HAZE4K/test/clear",
    "cold_cr_checkpoint": "/root/autodl-tmp/workspace/Dehaze-Net/experiment/HAZE4K/DEA-Net-CR-H4K-Baseline-scout-20260520-101334/saved_model/best.pk",
    "cold_cr_step": 90000,
    "crplus_checkpoint": "",
    "crplus_step": "",
    "hazy_dir": "../dataset/HAZE4K/test/hazy",
    "images": 1000,
    "lfv1_checkpoint": "/root/autodl-tmp/workspace/Dehaze-Net/experiment/HAZE4K/DEA-Net-LF-H4K-scout-20260521-003100/saved_model/best.pk",
    "lfv1_step": 90000,
    "official_step0_checkpoint": "/root/autodl-tmp/workspace/Dehaze-Net/experiment/HAZE4K/DEA-Net-OfficialWarmStart-LFv1-H4K-local-scout100k-20260528-152808/saved_model/official_warmstart_step0.pk",
    "official_step0_step": 0,
    "official_warm_checkpoint": "/root/autodl-tmp/workspace/Dehaze-Net/experiment/HAZE4K/DEA-Net-OfficialWarmStart-LFv1-H4K-local-scout100k-20260528-152808/saved_model/best.pk",
    "official_warm_step": 90000,
    "residualcalib_checkpoint": "/root/autodl-tmp/workspace/Dehaze-Net/experiment/HAZE4K/DEA-Net-LF-ResidualCalib-H4K-scout100k-20260525-122654/saved_model/best.pk",
    "residualcalib_step": 90000,
    "route_evidence_csv": "/root/autodl-tmp/workspace/Dehaze-Net/docs/ai_text_packages/20260530-cbrfrc-v1/experiment/HAZE4K/route_evidence_review/HAZE4K-route-evidence-review-20260528/model_per_image_matrix.csv"
  },
  "oracle": {
    "best_candidate_counts": {
      "cbrfrc": 28,
      "cold_cr": 61,
      "crplus": 67,
      "lfv1": 94,
      "residualcalib": 85,
      "warm": 665
    },
    "best_gain_p10": -0.33594180245842437,
    "best_gain_p25": -0.11510303978387881,
    "best_gain_p50": 0.1779954023130017,
    "best_gain_p75": 0.7175960238132078,
    "best_gain_p90": 1.913497843858146,
    "best_gain_p95": 3.105158102808024,
    "candidate_gain_ge_0.05_count": 589,
    "candidate_gain_ge_0.10_count": 553,
    "candidate_gain_ge_0.15_count": 523,
    "candidate_gain_ge_0.20_count": 493,
    "candidate_gain_ge_0.30_count": 424,
    "groups": {
      "airlight_bin=0.65<=A<0.75": {
        "mean_best_gain": 0.4851595478512483,
        "mean_oracle_gain": 0.5772288020371518,
        "n": 194,
        "nochange_count": 85,
        "positive_ge_015": 97
      },
      "airlight_bin=0.75<=A<0.85": {
        "mean_best_gain": 0.5122789751934237,
        "mean_oracle_gain": 0.6004540551479397,
        "n": 210,
        "nochange_count": 78,
        "positive_ge_015": 118
      },
      "airlight_bin=0.85<=A<0.95": {
        "mean_best_gain": 0.4824875801451194,
        "mean_oracle_gain": 0.5584290324773239,
        "n": 175,
        "nochange_count": 78,
        "positive_ge_015": 81
      },
      "airlight_bin=A<0.65": {
        "mean_best_gain": 0.7350146568766679,
        "mean_oracle_gain": 0.8414994323052769,
        "n": 295,
        "nochange_count": 113,
        "positive_ge_015": 164
      },
      "airlight_bin=A>=0.95": {
        "mean_best_gain": 0.3984029276728133,
        "mean_oracle_gain": 0.49115005342889556,
        "n": 126,
        "nochange_count": 57,
        "positive_ge_015": 63
      },
      "beta_bin=0.8<=beta<1.1": {
        "mean_best_gain": 0.42485737435250753,
        "mean_oracle_gain": 0.5367898610812796,
        "n": 188,
        "nochange_count": 91,
        "positive_ge_015": 85
      },
      "beta_bin=1.1<=beta<1.4": {
        "mean_best_gain": 0.7050568718346315,
        "mean_oracle_gain": 0.7772021284734113,
        "n": 199,
        "nochange_count": 72,
        "positive_ge_015": 108
      },
      "beta_bin=1.4<=beta<1.7": {
        "mean_best_gain": 0.49351655213660095,
        "mean_oracle_gain": 0.5728883999178546,
        "n": 199,
        "nochange_count": 86,
        "positive_ge_015": 102
      },
      "beta_bin=beta<0.8": {
        "mean_best_gain": 0.6573375604187183,
        "mean_oracle_gain": 0.7700632625331394,
        "n": 196,
        "nochange_count": 74,
        "positive_ge_015": 114
      },
      "beta_bin=beta>=1.7": {
        "mean_best_gain": 0.48594264529327125,
        "mean_oracle_gain": 0.5752896817993864,
        "n": 218,
        "nochange_count": 88,
        "positive_ge_015": 114
      },
      "content_cluster=content_k5_c0": {
        "mean_best_gain": 1.0343826270938339,
        "mean_oracle_gain": 1.0976393289302975,
        "n": 204,
        "nochange_count": 60,
        "positive_ge_015": 137
      },
      "content_cluster=content_k5_c1": {
        "mean_best_gain": 1.2987627181668366,
        "mean_oracle_gain": 1.353045424800214,
        "n": 112,
        "nochange_count": 30,
        "positive_ge_015": 80
      },
      "content_cluster=content_k5_c2": {
        "mean_best_gain": 0.06025454123254334,
        "mean_oracle_gain": 0.21993670014784938,
        "n": 261,
        "nochange_count": 149,
        "positive_ge_015": 90
      },
      "content_cluster=content_k5_c3": {
        "mean_best_gain": 0.7442064591501355,
        "mean_oracle_gain": 0.8202098922442145,
        "n": 197,
        "nochange_count": 62,
        "positive_ge_015": 128
      },
      "content_cluster=content_k5_c4": {
        "mean_best_gain": 0.15200162915243456,
        "mean_oracle_gain": 0.22781292447699272,
        "n": 226,
        "nochange_count": 110,
        "positive_ge_015": 88
      },
      "cr_strength_bin=midhigh_cr_q3": {
        "mean_best_gain": 0.5954301652086378,
        "mean_oracle_gain": 0.7165973289324538,
        "n": 250,
        "nochange_count": 114,
        "positive_ge_015": 125
      },
      "cr_strength_bin=midlow_cr_q2": {
        "mean_best_gain": 0.7006183026564233,
        "mean_oracle_gain": 0.7834861989792121,
        "n": 250,
        "nochange_count": 95,
        "positive_ge_015": 146
      },
      "cr_strength_bin=strong_cr_q4": {
        "mean_best_gain": 0.21546826304802874,
        "mean_oracle_gain": 0.31441857579916505,
        "n": 250,
        "nochange_count": 114,
        "positive_ge_015": 105
      },
      "cr_strength_bin=weak_cr_q1": {
        "mean_best_gain": 0.7011350941451046,
        "mean_oracle_gain": 0.7692181327767851,
        "n": 250,
        "nochange_count": 88,
        "positive_ge_015": 147
      },
      "official_strength_bin=midhigh_official_q3": {
        "mean_best_gain": 0.14607509028756224,
        "mean_oracle_gain": 0.2773474194276748,
        "n": 250,
        "nochange_count": 142,
        "positive_ge_015": 94
      },
      "official_strength_bin=midlow_official_q2": {
        "mean_best_gain": 0.6964500840562935,
        "mean_oracle_gain": 0.7748549702812076,
        "n": 250,
        "nochange_count": 88,
        "positive_ge_015": 145
      },
      "official_strength_bin=strong_official_q4": {
        "mean_best_gain": 0.07995767734055235,
        "mean_oracle_gain": 0.2036442625713085,
        "n": 250,
        "nochange_count": 125,
        "positive_ge_015": 97
      },
      "official_strength_bin=weak_official_q1": {
        "mean_best_gain": 1.2901689733737862,
        "mean_oracle_gain": 1.327873584207425,
        "n": 250,
        "nochange_count": 56,
        "positive_ge_015": 187
      },
      "residual_energy_bin=residual_high_q4": {
        "mean_best_gain": 0.7594815403586229,
        "mean_oracle_gain": 0.8617321817093376,
        "n": 250,
        "nochange_count": 115,
        "positive_ge_015": 117
      },
      "residual_energy_bin=residual_low_q1": {
        "mean_best_gain": 0.3539728789084694,
        "mean_oracle_gain": 0.42958268128847366,
        "n": 250,
        "nochange_count": 94,
        "positive_ge_015": 131
      },
      "residual_energy_bin=residual_midhigh_q3": {
        "mean_best_gain": 0.6774666667232095,
        "mean_oracle_gain": 0.7727757707230578,
        "n": 250,
        "nochange_count": 103,
        "positive_ge_015": 139
      },
      "residual_energy_bin=residual_midlow_q2": {
        "mean_best_gain": 0.42173073906789244,
        "mean_oracle_gain": 0.5196296027667469,
        "n": 250,
        "nochange_count": 99,
        "positive_ge_015": 136
      }
    },
    "mean_best_candidate_gain_vs_official": 0.5531629562645486,
    "mean_cbrfrc_gain_vs_official": -2.030910621309112,
    "mean_cbrfrc_psnr": 32.22470743592141,
    "mean_cold_cr_gain_vs_official": -2.030167492476124,
    "mean_cold_cr_psnr": 32.225450564754404,
    "mean_crplus_gain_vs_official": -1.8906786622339138,
    "mean_crplus_psnr": 32.36493939499661,
    "mean_lfv1_gain_vs_official": -1.8274302424007194,
    "mean_lfv1_psnr": 32.42818781482981,
    "mean_official_psnr": 34.25561805723053,
    "mean_oracle_with_nochange_gain_vs_official": 0.645930059121904,
    "mean_oracle_with_nochange_psnr": 34.90154811635243,
    "mean_residualcalib_gain_vs_official": -1.8620812311066253,
    "mean_residualcalib_psnr": 32.3935368261239,
    "mean_warm_gain_vs_official": 0.010968976787464791,
    "mean_warm_psnr": 34.26658703401799,
    "median_best_candidate_gain_vs_official": 0.1779954023130017,
    "nochange_count": 411,
    "nochange_margin": 0.05,
    "num_images": 1000,
    "oracle_nochange_gain_p10": 0.0,
    "oracle_nochange_gain_p25": 0.0,
    "oracle_nochange_gain_p50": 0.1779954023130017,
    "oracle_nochange_gain_p75": 0.7175960238132078,
    "oracle_nochange_gain_p90": 1.913497843858146,
    "oracle_nochange_gain_p95": 3.105158102808024,
    "strong_official_nochange_count": 125,
    "top_gain_cases": [
      {
        "best_candidate": "crplus",
        "best_candidate_psnr": 37.69028968495117,
        "filename": "220_0.68_1.35.png",
        "gain": 9.073047847221385,
        "official_psnr": 28.617241837729782
      },
      {
        "best_candidate": "crplus",
        "best_candidate_psnr": 38.26986311015241,
        "filename": "457_0.61_0.57.png",
        "gain": 7.254577834109568,
        "official_psnr": 31.01528527604284
      },
      {
        "best_candidate": "lfv1",
        "best_candidate_psnr": 34.19698539859799,
        "filename": "414_0.58_1.54.png",
        "gain": 7.207970575564435,
        "official_psnr": 26.989014823033553
      },
      {
        "best_candidate": "crplus",
        "best_candidate_psnr": 38.38119964266014,
        "filename": "458_0.58_0.65.png",
        "gain": 7.067546422581909,
        "official_psnr": 31.313653220078233
      },
      {
        "best_candidate": "cold_cr",
        "best_candidate_psnr": 26.893098581613593,
        "filename": "390_0.55_1.07.png",
        "gain": 6.8064348122520215,
        "official_psnr": 20.08666376936157
      },
      {
        "best_candidate": "crplus",
        "best_candidate_psnr": 32.715520104094026,
        "filename": "342_0.96_1.08.png",
        "gain": 6.705005923479359,
        "official_psnr": 26.010514180614667
      },
      {
        "best_candidate": "cold_cr",
        "best_candidate_psnr": 28.99008734387217,
        "filename": "429_0.52_1.11.png",
        "gain": 6.539932810287517,
        "official_psnr": 22.45015453358465
      },
      {
        "best_candidate": "lfv1",
        "best_candidate_psnr": 36.52295291031224,
        "filename": "412_0.52_0.64.png",
        "gain": 6.3708674442539,
        "official_psnr": 30.15208546605834
      },
      {
        "best_candidate": "lfv1",
        "best_candidate_psnr": 33.37975986913803,
        "filename": "343_0.83_1.07.png",
        "gain": 6.3025863163246925,
        "official_psnr": 27.077173552813335
      },
      {
        "best_candidate": "crplus",
        "best_candidate_psnr": 30.54472136464035,
        "filename": "212_0.54_1.78.png",
        "gain": 5.717028737202629,
        "official_psnr": 24.82769262743772
      },
      {
        "best_candidate": "lfv1",
        "best_candidate_psnr": 33.46795667391226,
        "filename": "413_0.65_1.48.png",
        "gain": 5.660295102556695,
        "official_psnr": 27.807661571355567
      },
      {
        "best_candidate": "residualcalib",
        "best_candidate_psnr": 34.69731714152918,
        "filename": "217_0.86_1.31.png",
        "gain": 5.59016010474847,
        "official_psnr": 29.107157036780713
      },
      {
        "best_candidate": "lfv1",
        "best_candidate_psnr": 29.53028865234661,
        "filename": "344_0.82_1.51.png",
        "gain": 5.495547681218309,
        "official_psnr": 24.0347409711283
      },
      {
        "best_candidate": "crplus",
        "best_candidate_psnr": 34.36667723174266,
        "filename": "219_0.62_1.27.png",
        "gain": 5.228940835894967,
        "official_psnr": 29.137736395847696
      },
      {
        "best_candidate": "crplus",
        "best_candidate_psnr": 35.937141877879924,
        "filename": "286_0.6_1.07.png",
        "gain": 5.183283517218776,
        "official_psnr": 30.753858360661148
      },
      {
        "best_candidate": "lfv1",
        "best_candidate_psnr": 33.147363836243066,
        "filename": "415_0.56_1.96.png",
        "gain": 5.034224805799752,
        "official_psnr": 28.113139030443314
      },
      {
        "best_candidate": "residualcalib",
        "best_candidate_psnr": 27.384859246567718,
        "filename": "402_0.5_1.99.png",
        "gain": 4.971897853093296,
        "official_psnr": 22.412961393474422
      },
      {
        "best_candidate": "crplus",
        "best_candidate_psnr": 34.477147033017985,
        "filename": "285_0.71_1.94.png",
        "gain": 4.867606105568413,
        "official_psnr": 29.609540927449572
      },
      {
        "best_candidate": "crplus",
        "best_candidate_psnr": 36.66226570590186,
        "filename": "198_0.99_0.62.png",
        "gain": 4.784217927602938,
        "official_psnr": 31.87804777829892
      },
      {
        "best_candidate": "crplus",
        "best_candidate_psnr": 36.985361554859765,
        "filename": "24_1.0_0.62.png",
        "gain": 4.770228370507596,
        "official_psnr": 32.21513318435217
      }
    ]
  },
  "recommendation": "do_not_train_official_adapter_yet",
  "summary": [
    {
      "bootstrap_gain_p05_mean": 0.3767106118166233,
      "bootstrap_gain_p05_std": 0.0,
      "confidence_corr_mean": 0.40222045072610096,
      "confidence_corr_std": 0.0,
      "eligible_for_pass": 1,
      "feature_set": "A_official_output",
      "head": "hgb",
      "ignored_n_mean": 12.0,
      "ignored_n_std": 0.0,
      "intervention_precision_mean": 0.6,
      "intervention_precision_std": 0.0,
      "intervention_rate_mean": 0.8556701030927835,
      "intervention_rate_std": 0.0,
      "labeled_n_mean": 182.0,
      "labeled_n_std": 0.0,
      "mean_oracle_gated_gain_mean": 0.5007958950470128,
      "mean_oracle_gated_gain_std": 0.0,
      "nochange_false_intervention_rate_mean": 0.7294117647058823,
      "nochange_false_intervention_rate_std": 0.0,
      "oracle_recovery_mean": 0.8675864485689956,
      "oracle_recovery_std": 0.0,
      "passes_line": false,
      "precision_gap_vs_shuffled": 0.038596491228070184,
      "residual_low_false_intervention_rate_mean": 0.8392857142857143,
      "residual_low_false_intervention_rate_std": 0.0,
      "sim_delta_vs_official_mean": 0.5007958950470128,
      "sim_delta_vs_official_std": 0.0,
      "split_family": "airlight_bin",
      "split_group": "airlight_bin=0.65<=A<0.75",
      "splits": 1,
      "strong_nochange_false_intervention_rate_mean": 0.6666666666666666,
      "strong_nochange_false_intervention_rate_std": 0.0,
      "target_margin": 0.15
    },
    {
      "bootstrap_gain_p05_mean": 0.4480504602688555,
      "bootstrap_gain_p05_std": 0.0,
      "confidence_corr_mean": 0.5734642084337968,
      "confidence_corr_std": 0.0,
      "eligible_for_pass": 1,
      "feature_set": "A_official_output",
      "head": "hgb",
      "ignored_n_mean": 14.0,
      "ignored_n_std": 0.0,
      "intervention_precision_mean": 0.7207792207792207,
      "intervention_precision_std": 0.0,
      "intervention_rate_mean": 0.780952380952381,
      "intervention_rate_std": 0.0,
      "labeled_n_mean": 196.0,
      "labeled_n_std": 0.0,
      "mean_oracle_gated_gain_mean": 0.5434055406466695,
      "mean_oracle_gated_gain_std": 0.0,
      "nochange_false_intervention_rate_mean": 0.5512820512820513,
      "nochange_false_intervention_rate_std": 0.0,
      "oracle_recovery_mean": 0.9049910262707361,
      "oracle_recovery_std": 0.0,
      "passes_line": false,
      "precision_gap_vs_shuffled": 0.050120538144490245,
      "residual_low_false_intervention_rate_mean": 0.8148148148148148,
      "residual_low_false_intervention_rate_std": 0.0,
      "sim_delta_vs_official_mean": 0.5434055406466695,
      "sim_delta_vs_official_std": 0.0,
      "split_family": "airlight_bin",
      "split_group": "airlight_bin=0.75<=A<0.85",
      "splits": 1,
      "strong_nochange_false_intervention_rate_mean": 0.5,
      "strong_nochange_false_intervention_rate_std": 0.0,
      "target_margin": 0.15
    },
    {
      "bootstrap_gain_p05_mean": 0.3798909011291229,
      "bootstrap_gain_p05_std": 0.0,
      "confidence_corr_mean": 0.4936199670505056,
      "confidence_corr_std": 0.0,
      "eligible_for_pass": 1,
      "feature_set": "A_official_output",
      "head": "hgb",
      "ignored_n_mean": 16.0,
      "ignored_n_std": 0.0,
      "intervention_precision_mean": 0.5851851851851851,
      "intervention_precision_std": 0.0,
      "intervention_rate_mean": 0.84,
      "intervention_rate_std": 0.0,
      "labeled_n_mean": 159.0,
      "labeled_n_std": 0.0,
      "mean_oracle_gated_gain_mean": 0.5015534817579939,
      "mean_oracle_gated_gain_std": 0.0,
      "nochange_false_intervention_rate_mean": 0.717948717948718,
      "nochange_false_intervention_rate_std": 0.0,
      "oracle_recovery_mean": 0.898150783012616,
      "oracle_recovery_std": 0.0,
      "passes_line": false,
      "precision_gap_vs_shuffled": 0.033461047254150666,
      "residual_low_false_intervention_rate_mean": 0.875,
      "residual_low_false_intervention_rate_std": 0.0,
      "sim_delta_vs_official_mean": 0.5015534817579939,
      "sim_delta_vs_official_std": 0.0,
      "split_family": "airlight_bin",
      "split_group": "airlight_bin=0.85<=A<0.95",
      "splits": 1,
      "strong_nochange_false_intervention_rate_mean": 0.8571428571428571,
      "strong_nochange_false_intervention_rate_std": 0.0,
      "target_margin": 0.15
    },
    {
      "bootstrap_gain_p05_mean": 0.6200559722211815,
      "bootstrap_gain_p05_std": 0.0,
      "confidence_corr_mean": 0.4333560682653254,
      "confidence_corr_std": 0.0,
      "eligible_for_pass": 1,
      "feature_set": "A_official_output",
      "head": "hgb",
      "ignored_n_mean": 18.0,
      "ignored_n_std": 0.0,
      "intervention_precision_mean": 0.6696428571428571,
      "intervention_precision_std": 0.0,
      "intervention_rate_mean": 0.8033898305084746,
      "intervention_rate_std": 0.0,
      "labeled_n_mean": 277.0,
      "labeled_n_std": 0.0,
      "mean_oracle_gated_gain_mean": 0.7512392506668311,
      "mean_oracle_gated_gain_std": 0.0,
      "nochange_false_intervention_rate_mean": 0.6548672566371682,
      "nochange_false_intervention_rate_std": 0.0,
      "oracle_recovery_mean": 0.8927388574481057,
      "oracle_recovery_std": 0.0,
      "passes_line": false,
      "precision_gap_vs_shuffled": 0.036578341013824844,
      "residual_low_false_intervention_rate_mean": 0.7340425531914894,
      "residual_low_false_intervention_rate_std": 0.0,
      "sim_delta_vs_official_mean": 0.7512392506668311,
      "sim_delta_vs_official_std": 0.0,
      "split_family": "airlight_bin",
      "split_group": "airlight_bin=A<0.65",
      "splits": 1,
      "strong_nochange_false_intervention_rate_mean": 0.5471698113207547,
      "strong_nochange_false_intervention_rate_std": 0.0,
      "target_margin": 0.15
    },
    {
      "bootstrap_gain_p05_mean": 0.28511870829172337,
      "bootstrap_gain_p05_std": 0.0,
      "confidence_corr_mean": 0.3224998320024775,
      "confidence_corr_std": 0.0,
      "eligible_for_pass": 1,
      "feature_set": "A_official_output",
      "head": "hgb",
      "ignored_n_mean": 6.0,
      "ignored_n_std": 0.0,
      "intervention_precision_mean": 0.5727272727272728,
      "intervention_precision_std": 0.0,
      "intervention_rate_mean": 0.9206349206349206,
      "intervention_rate_std": 0.0,
      "labeled_n_mean": 120.0,
      "labeled_n_std": 0.0,
      "mean_oracle_gated_gain_mean": 0.4211564512181023,
      "mean_oracle_gated_gain_std": 0.0,
      "nochange_false_intervention_rate_mean": 0.8245614035087719,
      "nochange_false_intervention_rate_std": 0.0,
      "oracle_recovery_mean": 0.8574903732636363,
      "oracle_recovery_std": 0.0,
      "passes_line": false,
      "precision_gap_vs_shuffled": 0.02405470635559137,
      "residual_low_false_intervention_rate_mean": 1.0,
      "residual_low_false_intervention_rate_std": 0.0,
      "sim_delta_vs_official_mean": 0.4211564512181023,
      "sim_delta_vs_official_std": 0.0,
      "split_family": "airlight_bin",
      "split_group": "airlight_bin=A>=0.95",
      "splits": 1,
      "strong_nochange_false_intervention_rate_mean": 1.0,
      "strong_nochange_false_intervention_rate_std": 0.0,
      "target_margin": 0.15
    },
    {
      "bootstrap_gain_p05_mean": 0.3396376321061082,
      "bootstrap_gain_p05_std": 0.0,
      "confidence_corr_mean": 0.4816813589027998,
      "confidence_corr_std": 0.0,
      "eligible_for_pass": 1,
      "feature_set": "A_official_output",
      "head": "hgb",
      "ignored_n_mean": 12.0,
      "ignored_n_std": 0.0,
      "intervention_precision_mean": 0.5734265734265734,
      "intervention_precision_std": 0.0,
      "intervention_rate_mean": 0.8138297872340425,
      "intervention_rate_std": 0.0,
      "labeled_n_mean": 176.0,
      "labeled_n_std": 0.0,
      "mean_oracle_gated_gain_mean": 0.4641566341676212,
      "mean_oracle_gated_gain_std": 0.0,
      "nochange_false_intervention_rate_mean": 0.6703296703296703,
      "nochange_false_intervention_rate_std": 0.0,
      "oracle_recovery_mean": 0.8646896284250855,
      "oracle_recovery_std": 0.0,
      "passes_line": false,
      "precision_gap_vs_shuffled": 0.06717657342657346,
      "residual_low_false_intervention_rate_mean": 0.8666666666666667,
      "residual_low_false_intervention_rate_std": 0.0,
      "sim_delta_vs_official_mean": 0.4641566341676212,
      "sim_delta_vs_official_std": 0.0,
      "split_family": "beta_bin",
      "split_group": "beta_bin=0.8<=beta<1.1",
      "splits": 1,
      "strong_nochange_false_intervention_rate_mean": 0.6470588235294118,
      "strong_nochange_false_intervention_rate_std": 0.0,
      "target_margin": 0.15
    },
    {
      "bootstrap_gain_p05_mean": 0.5820334191382946,
      "bootstrap_gain_p05_std": 0.0,
      "confidence_corr_mean": 0.5132745578439163,
      "confidence_corr_std": 0.0,
      "eligible_for_pass": 1,
      "feature_set": "A_official_output",
      "head": "hgb",
      "ignored_n_mean": 19.0,
      "ignored_n_std": 0.0,
      "intervention_precision_mean": 0.7019867549668874,
      "intervention_precision_std": 0.0,
      "intervention_rate_mean": 0.8241206030150754,
      "intervention_rate_std": 0.0,
      "labeled_n_mean": 180.0,
      "labeled_n_std": 0.0,
      "mean_oracle_gated_gain_mean": 0.7278349354239543,
      "mean_oracle_gated_gain_std": 0.0,
      "nochange_false_intervention_rate_mean": 0.625,
      "nochange_false_intervention_rate_std": 0.0,
      "oracle_recovery_mean": 0.936480870798394,
      "oracle_recovery_std": 0.0,
      "passes_line": false,
      "precision_gap_vs_shuffled": 0.04766576731256644,
      "residual_low_false_intervention_rate_mean": 0.8444444444444444,
      "residual_low_false_intervention_rate_std": 0.0,
      "sim_delta_vs_official_mean": 0.7278349354239543,
      "sim_delta_vs_official_std": 0.0,
      "split_family": "beta_bin",
      "split_group": "beta_bin=1.1<=beta<1.4",
      "splits": 1,
      "strong_nochange_false_intervention_rate_mean": 0.5769230769230769,
      "strong_nochange_false_intervention_rate_std": 0.0,
      "target_margin": 0.15
    },
    {
      "bootstrap_gain_p05_mean": 0.3873804298568716,
      "bootstrap_gain_p05_std": 0.0,
      "confidence_corr_mean": 0.4895751539711084,
      "confidence_corr_std": 0.0,
      "eligible_for_pass": 1,
      "feature_set": "A_official_output",
      "head": "hgb",
      "ignored_n_mean": 11.0,
      "ignored_n_std": 0.0,
      "intervention_precision_mean": 0.6234567901234568,
      "intervention_precision_std": 0.0,
      "intervention_rate_mean": 0.8592964824120602,
      "intervention_rate_std": 0.0,
      "labeled_n_mean": 188.0,
      "labeled_n_std": 0.0,
      "mean_oracle_gated_gain_mean": 0.5132247059669354,
      "mean_oracle_gated_gain_std": 0.0,
      "nochange_false_intervention_rate_mean": 0.7093023255813954,
      "nochange_false_intervention_rate_std": 0.0,
      "oracle_recovery_mean": 0.8958545801974345,
      "oracle_recovery_std": 0.0,
      "passes_line": false,
      "precision_gap_vs_shuffled": 0.046313932980599604,
      "residual_low_false_intervention_rate_mean": 0.9285714285714286,
      "residual_low_false_intervention_rate_std": 0.0,
      "sim_delta_vs_official_mean": 0.5132247059669354,
      "sim_delta_vs_official_std": 0.0,
      "split_family": "beta_bin",
      "split_group": "beta_bin=1.4<=beta<1.7",
      "splits": 1,
      "strong_nochange_false_intervention_rate_mean": 0.7857142857142857,
      "strong_nochange_false_intervention_rate_std": 0.0,
      "target_margin": 0.15
    },
    {
      "bootstrap_gain_p05_mean": 0.5408466557560936,
      "bootstrap_gain_p05_std": 0.0,
      "confidence_corr_mean": 0.3932030314579608,
      "confidence_corr_std": 0.0,
      "eligible_for_pass": 1,
      "feature_set": "A_official_output",
      "head": "hgb",
      "ignored_n_mean": 8.0,
      "ignored_n_std": 0.0,
      "intervention_precision_mean": 0.6709677419354839,
      "intervention_precision_std": 0.0,
      "intervention_rate_mean": 0.826530612244898,
      "intervention_rate_std": 0.0,
      "labeled_n_mean": 188.0,
      "labeled_n_std": 0.0,
      "mean_oracle_gated_gain_mean": 0.6959599655891789,
      "mean_oracle_gated_gain_std": 0.0,
      "nochange_false_intervention_rate_mean": 0.6891891891891891,
      "nochange_false_intervention_rate_std": 0.0,
      "oracle_recovery_mean": 0.9037698464696334,
      "oracle_recovery_std": 0.0,
      "passes_line": false,
      "precision_gap_vs_shuffled": 0.024626278520849754,
      "residual_low_false_intervention_rate_mean": 0.7777777777777778,
      "residual_low_false_intervention_rate_std": 0.0,
      "sim_delta_vs_official_mean": 0.6959599655891789,
      "sim_delta_vs_official_std": 0.0,
      "split_family": "beta_bin",
      "split_group": "beta_bin=beta<0.8",
      "splits": 1,
      "strong_nochange_false_intervention_rate_mean": 0.48717948717948717,
      "strong_nochange_false_intervention_rate_std": 0.0,
      "target_margin": 0.15
    },
    {
      "bootstrap_gain_p05_mean": 0.3863499369130151,
      "bootstrap_gain_p05_std": 0.0,
      "confidence_corr_mean": 0.3876712954649473,
      "confidence_corr_std": 0.0,
      "eligible_for_pass": 1,
      "feature_set": "A_official_output",
      "head": "hgb",
      "ignored_n_mean": 16.0,
      "ignored_n_std": 0.0,
      "intervention_precision_mean": 0.6228571428571429,
      "intervention_precision_std": 0.0,
      "intervention_rate_mean": 0.8715596330275229,
      "intervention_rate_std": 0.0,
      "labeled_n_mean": 202.0,
      "labeled_n_std": 0.0,
      "mean_oracle_gated_gain_mean": 0.5062661918368708,
      "mean_oracle_gated_gain_std": 0.0,
      "nochange_false_intervention_rate_mean": 0.75,
      "nochange_false_intervention_rate_std": 0.0,
      "oracle_recovery_mean": 0.8800195780553194,
      "oracle_recovery_std": 0.0,
      "passes_line": false,
      "precision_gap_vs_shuffled": 0.007037933817594877,
      "residual_low_false_intervention_rate_mean": 1.0,
      "residual_low_false_intervention_rate_std": 0.0,
      "sim_delta_vs_official_mean": 0.5062661918368708,
      "sim_delta_vs_official_std": 0.0,
      "split_family": "beta_bin",
      "split_group": "beta_bin=beta>=1.7",
      "splits": 1,
      "strong_nochange_false_intervention_rate_mean": 0.8333333333333334,
      "strong_nochange_false_intervention_rate_std": 0.0,
      "target_margin": 0.15
    },
    {
      "bootstrap_gain_p05_mean": 0.9072565828265907,
      "bootstrap_gain_p05_std": 0.0,
      "confidence_corr_mean": 0.1560624195974563,
      "confidence_corr_std": 0.0,
      "eligible_for_pass": 1,
      "feature_set": "A_official_output",
      "head": "hgb",
      "ignored_n_mean": 7.0,
      "ignored_n_std": 0.0,
      "intervention_precision_mean": 0.7061855670103093,
      "intervention_precision_std": 0.0,
      "intervention_rate_mean": 0.9852941176470589,
      "intervention_rate_std": 0.0,
      "labeled_n_mean": 197.0,
      "labeled_n_std": 0.0,
      "mean_oracle_gated_gain_mean": 1.0395207205597339,
      "mean_oracle_gated_gain_std": 0.0,
      "nochange_false_intervention_rate_mean": 0.95,
      "nochange_false_intervention_rate_std": 0.0,
      "oracle_recovery_mean": 0.947051261457882,
      "oracle_recovery_std": 0.0,
      "passes_line": false,
      "precision_gap_vs_shuffled": 0.010754094929091074,
      "residual_low_false_intervention_rate_mean": 0.984375,
      "residual_low_false_intervention_rate_std": 0.0,
      "sim_delta_vs_official_mean": 1.0395207205597339,
      "sim_delta_vs_official_std": 0.0,
      "split_family": "content_cluster",
      "split_group": "content_cluster=content_k5_c0",
      "splits": 1,
      "strong_nochange_false_intervention_rate_mean": 0.0,
      "strong_nochange_false_intervention_rate_std": 0.0,
      "target_margin": 0.15
    },
    {
      "bootstrap_gain_p05_mean": 1.0071280056659582,
      "bootstrap_gain_p05_std": 0.0,
      "confidence_corr_mean": 0.39620667412001875,
      "confidence_corr_std": 0.0,
      "eligible_for_pass": 1,
      "feature_set": "A_official_output",
      "head": "hgb",
      "ignored_n_mean": 2.0,
      "ignored_n_std": 0.0,
      "intervention_precision_mean": 0.7339449541284404,
      "intervention_precision_std": 0.0,
      "intervention_rate_mean": 0.9910714285714286,
      "intervention_rate_std": 0.0,
      "labeled_n_mean": 110.0,
      "labeled_n_std": 0.0,
      "mean_oracle_gated_gain_mean": 1.2995312669192518,
      "mean_oracle_gated_gain_std": 0.0,
      "nochange_false_intervention_rate_mean": 0.9666666666666667,
      "nochange_false_intervention_rate_std": 0.0,
      "oracle_recovery_mean": 0.9604490976396045,
      "oracle_recovery_std": 0.0,
      "passes_line": false,
      "precision_gap_vs_shuffled": 0.0,
      "residual_low_false_intervention_rate_mean": 1.0,
      "residual_low_false_intervention_rate_std": 0.0,
      "sim_delta_vs_official_mean": 1.2995312669192518,
      "sim_delta_vs_official_std": 0.0,
      "split_family": "content_cluster",
      "split_group": "content_cluster=content_k5_c1",
      "splits": 1,
      "strong_nochange_false_intervention_rate_mean": 1.0,
      "strong_nochange_false_intervention_rate_std": 0.0,
      "target_margin": 0.15
    },
    {
      "bootstrap_gain_p05_mean": 0.026639516260756464,
      "bootstrap_gain_p05_std": 0.0,
      "confidence_corr_mean": 0.2767269435189343,
      "confidence_corr_std": 0.0,
      "eligible_for_pass": 1,
      "feature_set": "A_official_output",
      "head": "hgb",
      "ignored_n_mean": 22.0,
      "ignored_n_std": 0.0,
      "intervention_precision_mean": 0.42105263157894735,
      "intervention_precision_std": 0.0,
      "intervention_rate_mean": 0.8850574712643678,
      "intervention_rate_std": 0.0,
      "labeled_n_mean": 239.0,
      "labeled_n_std": 0.0,
      "mean_oracle_gated_gain_mean": 0.07813174060874124,
      "mean_oracle_gated_gain_std": 0.0,
      "nochange_false_intervention_rate_mean": 0.8120805369127517,
      "nochange_false_intervention_rate_std": 0.0,
      "oracle_recovery_mean": 0.35524647320685243,
      "oracle_recovery_std": 0.0,
      "passes_line": false,
      "precision_gap_vs_shuffled": 0.022822543083372115,
      "residual_low_false_intervention_rate_mean": 0.9166666666666666,
      "residual_low_false_intervention_rate_std": 0.0,
      "sim_delta_vs_official_mean": 0.07813174060874124,
      "sim_delta_vs_official_std": 0.0,
      "split_family": "content_cluster",
      "split_group": "content_cluster=content_k5_c2",
      "splits": 1,
      "strong_nochange_false_intervention_rate_mean": 0.8275862068965517,
      "strong_nochange_false_intervention_rate_std": 0.0,
      "target_margin": 0.15
    },
    {
      "bootstrap_gain_p05_mean": 0.6036036700968238,
      "bootstrap_gain_p05_std": 0.0,
      "confidence_corr_mean": 0.2013656911155074,
      "confidence_corr_std": 0.0,
      "eligible_for_pass": 1,
      "feature_set": "A_official_output",
      "head": "hgb",
      "ignored_n_mean": 7.0,
      "ignored_n_std": 0.0,
      "intervention_precision_mean": 0.6772486772486772,
      "intervention_precision_std": 0.0,
      "intervention_rate_mean": 0.9949238578680203,
      "intervention_rate_std": 0.0,
      "labeled_n_mean": 190.0,
      "labeled_n_std": 0.0,
      "mean_oracle_gated_gain_mean": 0.7456665256270661,
      "mean_oracle_gated_gain_std": 0.0,
      "nochange_false_intervention_rate_mean": 0.9838709677419355,
      "nochange_false_intervention_rate_std": 0.0,
      "oracle_recovery_mean": 0.909116707304817,
      "oracle_recovery_std": 0.0,
      "passes_line": false,
      "precision_gap_vs_shuffled": 0.003564466722361437,
      "residual_low_false_intervention_rate_mean": 1.0,
      "residual_low_false_intervention_rate_std": 0.0,
      "sim_delta_vs_official_mean": 0.7456665256270661,
      "sim_delta_vs_official_std": 0.0,
      "split_family": "content_cluster",
      "split_group": "content_cluster=content_k5_c3",
      "splits": 1,
      "strong_nochange_false_intervention_rate_mean": 0.0,
      "strong_nochange_false_intervention_rate_std": 0.0,
      "target_margin": 0.15
    },
    {
      "bootstrap_gain_p05_mean": 0.11657329366009993,
      "bootstrap_gain_p05_std": 0.0,
      "confidence_corr_mean": 0.3527866657898909,
      "confidence_corr_std": 0.0,
      "eligible_for_pass": 1,
      "feature_set": "A_official_output",
      "head": "hgb",
      "ignored_n_mean": 28.0,
      "ignored_n_std": 0.0,
      "intervention_precision_mean": 0.47802197802197804,
      "intervention_precision_std": 0.0,
      "intervention_rate_mean": 0.9247787610619469,
      "intervention_rate_std": 0.0,
      "labeled_n_mean": 198.0,
      "labeled_n_std": 0.0,
      "mean_oracle_gated_gain_mean": 0.16071285751039074,
      "mean_oracle_gated_gain_std": 0.0,
      "nochange_false_intervention_rate_mean": 0.8636363636363636,
      "nochange_false_intervention_rate_std": 0.0,
      "oracle_recovery_mean": 0.7054597574951191,
      "oracle_recovery_std": 0.0,
      "passes_line": false,
      "precision_gap_vs_shuffled": 0.0023463023463023425,
      "residual_low_false_intervention_rate_mean": 0.9591836734693877,
      "residual_low_false_intervention_rate_std": 0.0,
      "sim_delta_vs_official_mean": 0.16071285751039074,
      "sim_delta_vs_official_std": 0.0,
      "split_family": "content_cluster",
      "split_group": "content_cluster=content_k5_c4",
      "splits": 1,
      "strong_nochange_false_intervention_rate_mean": 0.8571428571428571,
      "strong_nochange_false_intervention_rate_std": 0.0,
      "target_margin": 0.15
    },
    {
      "bootstrap_gain_p05_mean": 0.4898397183139399,
      "bootstrap_gain_p05_std": 0.0,
      "confidence_corr_mean": 0.48642207421611616,
      "confidence_corr_std": 0.0,
      "eligible_for_pass": 1,
      "feature_set": "A_official_output",
      "head": "hgb",
      "ignored_n_mean": 11.0,
      "ignored_n_std": 0.0,
      "intervention_precision_mean": 0.6514285714285715,
      "intervention_precision_std": 0.0,
      "intervention_rate_mean": 0.724,
      "intervention_rate_std": 0.0,
      "labeled_n_mean": 239.0,
      "labeled_n_std": 0.0,
      "mean_oracle_gated_gain_mean": 0.6353355034574858,
      "mean_oracle_gated_gain_std": 0.0,
      "nochange_false_intervention_rate_mean": 0.5350877192982456,
      "nochange_false_intervention_rate_std": 0.0,
      "oracle_recovery_mean": 0.8866004224966461,
      "oracle_recovery_std": 0.0,
      "passes_line": false,
      "precision_gap_vs_shuffled": 0.08067385444743935,
      "residual_low_false_intervention_rate_mean": 0.8611111111111112,
      "residual_low_false_intervention_rate_std": 0.0,
      "sim_delta_vs_official_mean": 0.6353355034574858,
      "sim_delta_vs_official_std": 0.0,
      "split_family": "cr_strength_bin",
      "split_group": "cr_strength_bin=midhigh_cr_q3",
      "splits": 1,
      "strong_nochange_false_intervention_rate_mean": 0.4782608695652174,
      "strong_nochange_false_intervention_rate_std": 0.0,
      "target_margin": 0.15
    },
    {
      "bootstrap_gain_p05_mean": 0.5837608660484745,
      "bootstrap_gain_p05_std": 0.0,
      "confidence_corr_mean": 0.3897545232458447,
      "confidence_corr_std": 0.0,
      "eligible_for_pass": 1,
      "feature_set": "A_official_output",
      "head": "hgb",
      "ignored_n_mean": 9.0,
      "ignored_n_std": 0.0,
      "intervention_precision_mean": 0.6517857142857143,
      "intervention_precision_std": 0.0,
      "intervention_rate_mean": 0.932,
      "intervention_rate_std": 0.0,
      "labeled_n_mean": 241.0,
      "labeled_n_std": 0.0,
      "mean_oracle_gated_gain_mean": 0.7158895909718721,
      "mean_oracle_gated_gain_std": 0.0,
      "nochange_false_intervention_rate_mean": 0.8210526315789474,
      "nochange_false_intervention_rate_std": 0.0,
      "oracle_recovery_mean": 0.9137232828955467,
      "oracle_recovery_std": 0.0,
      "passes_line": false,
      "precision_gap_vs_shuffled": 0.014617572692793956,
      "residual_low_false_intervention_rate_mean": 1.0,
      "residual_low_false_intervention_rate_std": 0.0,
      "sim_delta_vs_official_mean": 0.7158895909718721,
      "sim_delta_vs_official_std": 0.0,
      "split_family": "cr_strength_bin",
      "split_group": "cr_strength_bin=midlow_cr_q2",
      "splits": 1,
      "strong_nochange_false_intervention_rate_mean": 1.0,
      "strong_nochange_false_intervention_rate_std": 0.0,
      "target_margin": 0.15
    },
    {
      "bootstrap_gain_p05_mean": 0.173454172931894,
      "bootstrap_gain_p05_std": 0.0,
      "confidence_corr_mean": 0.4766833515269803,
      "confidence_corr_std": 0.0,
      "eligible_for_pass": 1,
      "feature_set": "A_official_output",
      "head": "hgb",
      "ignored_n_mean": 31.0,
      "ignored_n_std": 0.0,
      "intervention_precision_mean": 0.5568181818181818,
      "intervention_precision_std": 0.0,
      "intervention_rate_mean": 0.816,
      "intervention_rate_std": 0.0,
      "labeled_n_mean": 219.0,
      "labeled_n_std": 0.0,
      "mean_oracle_gated_gain_mean": 0.2377734566166335,
      "mean_oracle_gated_gain_std": 0.0,
      "nochange_false_intervention_rate_mean": 0.6842105263157895,
      "nochange_false_intervention_rate_std": 0.0,
      "oracle_recovery_mean": 0.7562321928656958,
      "oracle_recovery_std": 0.0,
      "passes_line": false,
      "precision_gap_vs_shuffled": 0.02420948616600782,
      "residual_low_false_intervention_rate_mean": 0.8148148148148148,
      "residual_low_false_intervention_rate_std": 0.0,
      "sim_delta_vs_official_mean": 0.2377734566166335,
      "sim_delta_vs_official_std": 0.0,
      "split_family": "cr_strength_bin",
      "split_group": "cr_strength_bin=strong_cr_q4",
      "splits": 1,
      "strong_nochange_false_intervention_rate_mean": 0.6732673267326733,
      "strong_nochange_false_intervention_rate_std": 0.0,
      "target_margin": 0.15
    },
    {
      "bootstrap_gain_p05_mean": 0.5716290547350088,
      "bootstrap_gain_p05_std": 0.0,
      "confidence_corr_mean": 0.20747930877145307,
      "confidence_corr_std": 0.0,
      "eligible_for_pass": 1,
      "feature_set": "A_official_output",
      "head": "hgb",
      "ignored_n_mean": 15.0,
      "ignored_n_std": 0.0,
      "intervention_precision_mean": 0.6391304347826087,
      "intervention_precision_std": 0.0,
      "intervention_rate_mean": 0.976,
      "intervention_rate_std": 0.0,
      "labeled_n_mean": 235.0,
      "labeled_n_std": 0.0,
      "mean_oracle_gated_gain_mean": 0.7069987600030395,
      "mean_oracle_gated_gain_std": 0.0,
      "nochange_false_intervention_rate_mean": 0.9431818181818182,
      "nochange_false_intervention_rate_std": 0.0,
      "oracle_recovery_mean": 0.919113474691144,
      "oracle_recovery_std": 0.0,
      "passes_line": false,
      "precision_gap_vs_shuffled": 0.013598519888991634,
      "residual_low_false_intervention_rate_mean": 1.0,
      "residual_low_false_intervention_rate_std": 0.0,
      "sim_delta_vs_official_mean": 0.7069987600030395,
      "sim_delta_vs_official_std": 0.0,
      "split_family": "cr_strength_bin",
      "split_group": "cr_strength_bin=weak_cr_q1",
      "splits": 1,
      "strong_nochange_false_intervention_rate_mean": 0.0,
      "strong_nochange_false_intervention_rate_std": 0.0,
      "target_margin": 0.15
    },
    {
      "bootstrap_gain_p05_mean": 0.10265356517432213,
      "bootstrap_gain_p05_std": 0.0,
      "confidence_corr_mean": 0.3990406734104346,
      "confidence_corr_std": 0.0,
      "eligible_for_pass": 1,
      "feature_set": "A_official_output",
      "head": "hgb",
      "ignored_n_mean": 14.0,
      "ignored_n_std": 0.0,
      "intervention_precision_mean": 0.44041450777202074,
      "intervention_precision_std": 0.0,
      "intervention_rate_mean": 0.816,
      "intervention_rate_std": 0.0,
      "labeled_n_mean": 236.0,
      "labeled_n_std": 0.0,
      "mean_oracle_gated_gain_mean": 0.1627743099715886,
      "mean_oracle_gated_gain_std": 0.0,
      "nochange_false_intervention_rate_mean": 0.7605633802816901,
      "nochange_false_intervention_rate_std": 0.0,
      "oracle_recovery_mean": 0.5868967680987143,
      "oracle_recovery_std": 0.0,
      "passes_line": false,
      "precision_gap_vs_shuffled": 0.011121578479091454,
      "residual_low_false_intervention_rate_mean": 0.8333333333333334,
      "residual_low_false_intervention_rate_std": 0.0,
      "sim_delta_vs_official_mean": 0.1627743099715886,
      "sim_delta_vs_official_std": 0.0,
      "split_family": "official_strength_bin",
      "split_group": "official_strength_bin=midhigh_official_q3",
      "splits": 1,
      "strong_nochange_false_intervention_rate_mean": 0.0,
      "strong_nochange_false_intervention_rate_std": 0.0,
      "target_margin": 0.15
    },
    {
      "bootstrap_gain_p05_mean": 0.5714702825186351,
      "bootstrap_gain_p05_std": 0.0,
      "confidence_corr_mean": 0.2393860397036643,
      "confidence_corr_std": 0.0,
      "eligible_for_pass": 1,
      "feature_set": "A_official_output",
      "head": "hgb",
      "ignored_n_mean": 17.0,
      "ignored_n_std": 0.0,
      "intervention_precision_mean": 0.62882096069869,
      "intervention_precision_std": 0.0,
      "intervention_rate_mean": 0.972,
      "intervention_rate_std": 0.0,
      "labeled_n_mean": 233.0,
      "labeled_n_std": 0.0,
      "mean_oracle_gated_gain_mean": 0.6949036019982857,
      "mean_oracle_gated_gain_std": 0.0,
      "nochange_false_intervention_rate_mean": 0.9659090909090909,
      "nochange_false_intervention_rate_std": 0.0,
      "oracle_recovery_mean": 0.8968176235327205,
      "oracle_recovery_std": 0.0,
      "passes_line": false,
      "precision_gap_vs_shuffled": -0.0016138219100056972,
      "residual_low_false_intervention_rate_mean": 0.9767441860465116,
      "residual_low_false_intervention_rate_std": 0.0,
      "sim_delta_vs_official_mean": 0.6949036019982857,
      "sim_delta_vs_official_std": 0.0,
      "split_family": "official_strength_bin",
      "split_group": "official_strength_bin=midlow_official_q2",
      "splits": 1,
      "strong_nochange_false_intervention_rate_mean": 0.0,
      "strong_nochange_false_intervention_rate_std": 0.0,
      "target_margin": 0.15
    },
    {
      "bootstrap_gain_p05_mean": 0.06472345298615294,
      "bootstrap_gain_p05_std": 0.0,
      "confidence_corr_mean": 0.26925576595968304,
      "confidence_corr_std": 0.0,
      "eligible_for_pass": 1,
      "feature_set": "A_official_output",
      "head": "hgb",
      "ignored_n_mean": 28.0,
      "ignored_n_std": 0.0,
      "intervention_precision_mean": 0.48947368421052634,
      "intervention_precision_std": 0.0,
      "intervention_rate_mean": 0.856,
      "intervention_rate_std": 0.0,
      "labeled_n_mean": 222.0,
      "labeled_n_std": 0.0,
      "mean_oracle_gated_gain_mean": 0.1074978355874729,
      "mean_oracle_gated_gain_std": 0.0,
      "nochange_false_intervention_rate_mean": 0.776,
      "nochange_false_intervention_rate_std": 0.0,
      "oracle_recovery_mean": 0.5278706551878656,
      "oracle_recovery_std": 0.0,
      "passes_line": false,
      "precision_gap_vs_shuffled": 0.014983888292158964,
      "residual_low_false_intervention_rate_mean": 0.8947368421052632,
      "residual_low_false_intervention_rate_std": 0.0,
      "sim_delta_vs_official_mean": 0.1074978355874729,
      "sim_delta_vs_official_std": 0.0,
      "split_family": "official_strength_bin",
      "split_group": "official_strength_bin=strong_official_q4",
      "splits": 1,
      "strong_nochange_false_intervention_rate_mean": 0.776,
      "strong_nochange_false_intervention_rate_std": 0.0,
      "target_margin": 0.15
    },
    {
      "bootstrap_gain_p05_mean": 1.1281009021261028,
      "bootstrap_gain_p05_std": 0.0,
      "confidence_corr_mean": 0.22598873288137905,
      "confidence_corr_std": 0.0,
      "eligible_for_pass": 1,
      "feature_set": "A_official_output",
      "head": "hgb",
      "ignored_n_mean": 7.0,
      "ignored_n_std": 0.0,
      "intervention_precision_mean": 0.7727272727272727,
      "intervention_precision_std": 0.0,
      "intervention_rate_mean": 0.992,
      "intervention_rate_std": 0.0,
      "labeled_n_mean": 243.0,
      "labeled_n_std": 0.0,
      "mean_oracle_gated_gain_mean": 1.2904365761080658,
      "mean_oracle_gated_gain_std": 0.0,
      "nochange_false_intervention_rate_mean": 0.9821428571428571,
      "nochange_false_intervention_rate_std": 0.0,
      "oracle_recovery_mean": 0.9718067907497594,
      "oracle_recovery_std": 0.0,
      "passes_line": false,
      "precision_gap_vs_shuffled": 0.0009430403621274452,
      "residual_low_false_intervention_rate_mean": 1.0,
      "residual_low_false_intervention_rate_std": 0.0,
      "sim_delta_vs_official_mean": 1.2904365761080658,
      "sim_delta_vs_official_std": 0.0,
      "split_family": "official_strength_bin",
      "split_group": "official_strength_bin=weak_official_q1",
      "splits": 1,
      "strong_nochange_false_intervention_rate_mean": 0.0,
      "strong_nochange_false_intervention_rate_std": 0.0,
      "target_margin": 0.15
    },
    {
      "bootstrap_gain_p05_mean": 0.5142016708135984,
      "bootstrap_gain_p05_std": 0.08436542664954949,
      "confidence_corr_mean": 0.4750045892202979,
      "confidence_corr_std": 0.037403033421947035,
      "eligible_for_pass": 1,
      "feature_set": "A_official_output",
      "head": "hgb",
      "ignored_n_mean": 16.333333333333332,
      "ignored_n_std": 2.8674417556808756,
      "intervention_precision_mean": 0.6469906095411903,
      "intervention_precision_std": 0.025165394521517923,
      "intervention_rate_mean": 0.848,
      "intervention_rate_std": 0.014236104336041762,
      "labeled_n_mean": 233.66666666666666,
      "labeled_n_std": 2.8674417556808756,
      "mean_oracle_gated_gain_mean": 0.643299474999676,
      "mean_oracle_gated_gain_std": 0.08532458501912153,
      "nochange_false_intervention_rate_mean": 0.6865546218487394,
      "nochange_false_intervention_rate_std": 0.04971653438802668,
      "oracle_recovery_mean": 0.9115997668067765,
      "oracle_recovery_std": 0.02911109651409305,
      "passes_line": false,
      "precision_gap_vs_shuffled": 0.04120536041200662,
      "residual_low_false_intervention_rate_mean": 0.8169234720082178,
      "residual_low_false_intervention_rate_std": 0.0345252664295645,
      "sim_delta_vs_official_mean": 0.643299474999676,
      "sim_delta_vs_official_std": 0.08532458501912153,
      "split_family": "random",
      "split_group": "random",
      "splits": 3,
      "strong_nochange_false_intervention_rate_mean": 0.5643274853801169,
      "strong_nochange_false_intervention_rate_std": 0.07315787136372398,
      "target_margin": 0.15
    },
    {
      "bootstrap_gain_p05_mean": 0.5901442092044641,
      "bootstrap_gain_p05_std": 0.0,
      "confidence_corr_mean": 0.3546943303763605,
      "confidence_corr_std": 0.0,
      "eligible_for_pass": 1,
      "feature_set": "A_official_output",
      "head": "hgb",
      "ignored_n_mean": 18.0,
      "ignored_n_std": 0.0,
      "intervention_precision_mean": 0.5342465753424658,
      "intervention_precision_std": 0.0,
      "intervention_rate_mean": 0.944,
      "intervention_rate_std": 0.0,
      "labeled_n_mean": 232.0,
      "labeled_n_std": 0.0,
      "mean_oracle_gated_gain_mean": 0.7653416533132904,
      "mean_oracle_gated_gain_std": 0.0,
      "nochange_false_intervention_rate_mean": 0.8869565217391304,
      "nochange_false_intervention_rate_std": 0.0,
      "oracle_recovery_mean": 0.8881432777800184,
      "oracle_recovery_std": 0.0,
      "passes_line": false,
      "precision_gap_vs_shuffled": 0.016547460298217964,
      "residual_low_false_intervention_rate_mean": 0.0,
      "residual_low_false_intervention_rate_std": 0.0,
      "sim_delta_vs_official_mean": 0.7653416533132904,
      "sim_delta_vs_official_std": 0.0,
      "split_family": "residual_energy_bin",
      "split_group": "residual_energy_bin=residual_high_q4",
      "splits": 1,
      "strong_nochange_false_intervention_rate_mean": 1.0,
      "strong_nochange_false_intervention_rate_std": 0.0,
      "target_margin": 0.15
    },
    {
      "bootstrap_gain_p05_mean": 0.3086862708648387,
      "bootstrap_gain_p05_std": 0.0,
      "confidence_corr_mean": 0.436002678125749,
      "confidence_corr_std": 0.0,
      "eligible_for_pass": 1,
      "feature_set": "A_official_output",
      "head": "hgb",
      "ignored_n_mean": 25.0,
      "ignored_n_std": 0.0,
      "intervention_precision_mean": 0.6649214659685864,
      "intervention_precision_std": 0.0,
      "intervention_rate_mean": 0.844,
      "intervention_rate_std": 0.0,
      "labeled_n_mean": 225.0,
      "labeled_n_std": 0.0,
      "mean_oracle_gated_gain_mean": 0.38058953930190365,
      "mean_oracle_gated_gain_std": 0.0,
      "nochange_false_intervention_rate_mean": 0.6808510638297872,
      "nochange_false_intervention_rate_std": 0.0,
      "oracle_recovery_mean": 0.8859517550867289,
      "oracle_recovery_std": 0.0,
      "passes_line": false,
      "precision_gap_vs_shuffled": 0.044231810796172555,
      "residual_low_false_intervention_rate_mean": 0.844,
      "residual_low_false_intervention_rate_std": 0.0,
      "sim_delta_vs_official_mean": 0.38058953930190365,
      "sim_delta_vs_official_std": 0.0,
      "split_family": "residual_energy_bin",
      "split_group": "residual_energy_bin=residual_low_q1",
      "splits": 1,
      "strong_nochange_false_intervention_rate_mean": 0.6617647058823529,
      "strong_nochange_false_intervention_rate_std": 0.0,
      "target_margin": 0.15
    },
    {
      "bootstrap_gain_p05_mean": 0.5907080262565275,
      "bootstrap_gain_p05_std": 0.0,
      "confidence_corr_mean": 0.4116908442848245,
      "confidence_corr_std": 0.0,
      "eligible_for_pass": 1,
      "feature_set": "A_official_output",
      "head": "hgb",
      "ignored_n_mean": 8.0,
      "ignored_n_std": 0.0,
      "intervention_precision_mean": 0.6683417085427136,
      "intervention_precision_std": 0.0,
      "intervention_rate_mean": 0.824,
      "intervention_rate_std": 0.0,
      "labeled_n_mean": 242.0,
      "labeled_n_std": 0.0,
      "mean_oracle_gated_gain_mean": 0.70611526557127,
      "mean_oracle_gated_gain_std": 0.0,
      "nochange_false_intervention_rate_mean": 0.6407766990291263,
      "nochange_false_intervention_rate_std": 0.0,
      "oracle_recovery_mean": 0.9137388660273281,
      "oracle_recovery_std": 0.0,
      "passes_line": false,
      "precision_gap_vs_shuffled": 0.026832274580449456,
      "residual_low_false_intervention_rate_mean": 0.0,
      "residual_low_false_intervention_rate_std": 0.0,
      "sim_delta_vs_official_mean": 0.70611526557127,
      "sim_delta_vs_official_std": 0.0,
      "split_family": "residual_energy_bin",
      "split_group": "residual_energy_bin=residual_midhigh_q3",
      "splits": 1,
      "strong_nochange_false_intervention_rate_mean": 0.5,
      "strong_nochange_false_intervention_rate_std": 0.0,
      "target_margin": 0.15
    },
    {
      "bootstrap_gain_p05_mean": 0.35732518074564235,
      "bootstrap_gain_p05_std": 0.0,
      "confidence_corr_mean": 0.4732617244682269,
      "confidence_corr_std": 0.0,
      "eligible_for_pass": 1,
      "feature_set": "A_official_output",
      "head": "hgb",
      "ignored_n_mean": 15.0,
      "ignored_n_std": 0.0,
      "intervention_precision_mean": 0.6515151515151515,
      "intervention_precision_std": 0.0,
      "intervention_rate_mean": 0.836,
      "intervention_rate_std": 0.0,
      "labeled_n_mean": 235.0,
      "labeled_n_std": 0.0,
      "mean_oracle_gated_gain_mean": 0.43371886861054093,
      "mean_oracle_gated_gain_std": 0.0,
      "nochange_false_intervention_rate_mean": 0.696969696969697,
      "nochange_false_intervention_rate_std": 0.0,
      "oracle_recovery_mean": 0.8346692681758884,
      "oracle_recovery_std": 0.0,
      "passes_line": false,
      "precision_gap_vs_shuffled": 0.044038516001132844,
      "residual_low_false_intervention_rate_mean": 0.0,
      "residual_low_false_intervention_rate_std": 0.0,
      "sim_delta_vs_official_mean": 0.43371886861054093,
      "sim_delta_vs_official_std": 0.0,
      "split_family": "residual_energy_bin",
      "split_group": "residual_energy_bin=residual_midlow_q2",
      "splits": 1,
      "strong_nochange_false_intervention_rate_mean": 0.5263157894736842,
      "strong_nochange_false_intervention_rate_std": 0.0,
      "target_margin": 0.15
    },
    {
      "bootstrap_gain_p05_mean": 0.3767106118166233,
      "bootstrap_gain_p05_std": 0.0,
      "confidence_corr_mean": 0.40222045072610096,
      "confidence_corr_std": 0.0,
      "eligible_for_pass": 1,
      "feature_set": "A_output_plus_meta",
      "head": "hgb",
      "ignored_n_mean": 12.0,
      "ignored_n_std": 0.0,
      "intervention_precision_mean": 0.6,
      "intervention_precision_std": 0.0,
      "intervention_rate_mean": 0.8556701030927835,
      "intervention_rate_std": 0.0,
      "labeled_n_mean": 182.0,
      "labeled_n_std": 0.0,
      "mean_oracle_gated_gain_mean": 0.5007958950470128,
      "mean_oracle_gated_gain_std": 0.0,
      "nochange_false_intervention_rate_mean": 0.7294117647058823,
      "nochange_false_intervention_rate_std": 0.0,
      "oracle_recovery_mean": 0.8675864485689956,
      "oracle_recovery_std": 0.0,
      "passes_line": false,
      "precision_gap_vs_shuffled": 0.038596491228070184,
      "residual_low_false_intervention_rate_mean": 0.8392857142857143,
      "residual_low_false_intervention_rate_std": 0.0,
      "sim_delta_vs_official_mean": 0.5007958950470128,
      "sim_delta_vs_official_std": 0.0,
      "split_family": "airlight_bin",
      "split_group": "airlight_bin=0.65<=A<0.75",
      "splits": 1,
      "strong_nochange_false_intervention_rate_mean": 0.6666666666666666,
      "strong_nochange_false_intervention_rate_std": 0.0,
      "target_margin": 0.15
    },
    {
      "bootstrap_gain_p05_mean": 0.4480504602688555,
      "bootstrap_gain_p05_std": 0.0,
      "confidence_corr_mean": 0.5734642084337968,
      "confidence_corr_std": 0.0,
      "eligible_for_pass": 1,
      "feature_set": "A_output_plus_meta",
      "head": "hgb",
      "ignored_n_mean": 14.0,
      "ignored_n_std": 0.0,
      "intervention_precision_mean": 0.7207792207792207,
      "intervention_precision_std": 0.0,
      "intervention_rate_mean": 0.780952380952381,
      "intervention_rate_std": 0.0,
      "labeled_n_mean": 196.0,
      "labeled_n_std": 0.0,
      "mean_oracle_gated_gain_mean": 0.5434055406466695,
      "mean_oracle_gated_gain_std": 0.0,
      "nochange_false_intervention_rate_mean": 0.5512820512820513,
      "nochange_false_intervention_rate_std": 0.0,
      "oracle_recovery_mean": 0.9049910262707361,
      "oracle_recovery_std": 0.0,
      "passes_line": false,
      "precision_gap_vs_shuffled": 0.050120538144490245,
      "residual_low_false_intervention_rate_mean": 0.8148148148148148,
      "residual_low_false_intervention_rate_std": 0.0,
      "sim_delta_vs_official_mean": 0.5434055406466695,
      "sim_delta_vs_official_std": 0.0,
      "split_family": "airlight_bin",
      "split_group": "airlight_bin=0.75<=A<0.85",
      "splits": 1,
      "strong_nochange_false_intervention_rate_mean": 0.5,
      "strong_nochange_false_intervention_rate_std": 0.0,
      "target_margin": 0.15
    },
    {
      "bootstrap_gain_p05_mean": 0.38113349351564524,
      "bootstrap_gain_p05_std": 0.0,
      "confidence_corr_mean": 0.493735369091807,
      "confidence_corr_std": 0.0,
      "eligible_for_pass": 1,
      "feature_set": "A_output_plus_meta",
      "head": "hgb",
      "ignored_n_mean": 16.0,
      "ignored_n_std": 0.0,
      "intervention_precision_mean": 0.5895522388059702,
      "intervention_precision_std": 0.0,
      "intervention_rate_mean": 0.8342857142857143,
      "intervention_rate_std": 0.0,
      "labeled_n_mean": 159.0,
      "labeled_n_std": 0.0,
      "mean_oracle_gated_gain_mean": 0.5028614737438069,
      "mean_oracle_gated_gain_std": 0.0,
      "nochange_false_intervention_rate_mean": 0.7051282051282052,
      "nochange_false_intervention_rate_std": 0.0,
      "oracle_recovery_mean": 0.900493053715462,
      "oracle_recovery_std": 0.0,
      "passes_line": false,
      "precision_gap_vs_shuffled": 0.03782810087493571,
      "residual_low_false_intervention_rate_mean": 0.875,
      "residual_low_false_intervention_rate_std": 0.0,
      "sim_delta_vs_official_mean": 0.5028614737438069,
      "sim_delta_vs_official_std": 0.0,
      "split_family": "airlight_bin",
      "split_group": "airlight_bin=0.85<=A<0.95",
      "splits": 1,
      "strong_nochange_false_intervention_rate_mean": 0.8571428571428571,
      "strong_nochange_false_intervention_rate_std": 0.0,
      "target_margin": 0.15
    },
    {
      "bootstrap_gain_p05_mean": 0.6200559722211815,
      "bootstrap_gain_p05_std": 0.0,
      "confidence_corr_mean": 0.4333560682653254,
      "confidence_corr_std": 0.0,
      "eligible_for_pass": 1,
      "feature_set": "A_output_plus_meta",
      "head": "hgb",
      "ignored_n_mean": 18.0,
      "ignored_n_std": 0.0,
      "intervention_precision_mean": 0.6696428571428571,
      "intervention_precision_std": 0.0,
      "intervention_rate_mean": 0.8033898305084746,
      "intervention_rate_std": 0.0,
      "labeled_n_mean": 277.0,
      "labeled_n_std": 0.0,
      "mean_oracle_gated_gain_mean": 0.7512392506668311,
      "mean_oracle_gated_gain_std": 0.0,
      "nochange_false_intervention_rate_mean": 0.6548672566371682,
      "nochange_false_intervention_rate_std": 0.0,
      "oracle_recovery_mean": 0.8927388574481057,
      "oracle_recovery_std": 0.0,
      "passes_line": false,
      "precision_gap_vs_shuffled": 0.036578341013824844,
      "residual_low_false_intervention_rate_mean": 0.7340425531914894,
      "residual_low_false_intervention_rate_std": 0.0,
      "sim_delta_vs_official_mean": 0.7512392506668311,
      "sim_delta_vs_official_std": 0.0,
      "split_family": "airlight_bin",
      "split_group": "airlight_bin=A<0.65",
      "splits": 1,
      "strong_nochange_false_intervention_rate_mean": 0.5471698113207547,
      "strong_nochange_false_intervention_rate_std": 0.0,
      "target_margin": 0.15
    },
    {
      "bootstrap_gain_p05_mean": 0.29023403323059976,
      "bootstrap_gain_p05_std": 0.0,
      "confidence_corr_mean": 0.33330576120891353,
      "confidence_corr_std": 0.0,
      "eligible_for_pass": 1,
      "feature_set": "A_output_plus_meta",
      "head": "hgb",
      "ignored_n_mean": 6.0,
      "ignored_n_std": 0.0,
      "intervention_precision_mean": 0.5833333333333334,
      "intervention_precision_std": 0.0,
      "intervention_rate_mean": 0.9047619047619048,
      "intervention_rate_std": 0.0,
      "labeled_n_mean": 120.0,
      "labeled_n_std": 0.0,
      "mean_oracle_gated_gain_mean": 0.4242724909088664,
      "mean_oracle_gated_gain_std": 0.0,
      "nochange_false_intervention_rate_mean": 0.7894736842105263,
      "nochange_false_intervention_rate_std": 0.0,
      "oracle_recovery_mean": 0.863834747260068,
      "oracle_recovery_std": 0.0,
      "passes_line": false,
      "precision_gap_vs_shuffled": 0.03466076696165199,
      "residual_low_false_intervention_rate_mean": 1.0,
      "residual_low_false_intervention_rate_std": 0.0,
      "sim_delta_vs_official_mean": 0.4242724909088664,
      "sim_delta_vs_official_std": 0.0,
      "split_family": "airlight_bin",
      "split_group": "airlight_bin=A>=0.95",
      "splits": 1,
      "strong_nochange_false_intervention_rate_mean": 0.8571428571428571,
      "strong_nochange_false_intervention_rate_std": 0.0,
      "target_margin": 0.15
    },
    {
      "bootstrap_gain_p05_mean": 0.3394824385647641,
      "bootstrap_gain_p05_std": 0.0,
      "confidence_corr_mean": 0.4854964559141157,
      "confidence_corr_std": 0.0,
      "eligible_for_pass": 1,
      "feature_set": "A_output_plus_meta",
      "head": "hgb",
      "ignored_n_mean": 12.0,
      "ignored_n_std": 0.0,
      "intervention_precision_mean": 0.5694444444444444,
      "intervention_precision_std": 0.0,
      "intervention_rate_mean": 0.8191489361702128,
      "intervention_rate_std": 0.0,
      "labeled_n_mean": 176.0,
      "labeled_n_std": 0.0,
      "mean_oracle_gated_gain_mean": 0.46399327254515377,
      "mean_oracle_gated_gain_std": 0.0,
      "nochange_false_intervention_rate_mean": 0.6813186813186813,
      "nochange_false_intervention_rate_std": 0.0,
      "oracle_recovery_mean": 0.8643852977525667,
      "oracle_recovery_std": 0.0,
      "passes_line": false,
      "precision_gap_vs_shuffled": 0.06319444444444444,
      "residual_low_false_intervention_rate_mean": 0.8666666666666667,
      "residual_low_false_intervention_rate_std": 0.0,
      "sim_delta_vs_official_mean": 0.46399327254515377,
      "sim_delta_vs_official_std": 0.0,
      "split_family": "beta_bin",
      "split_group": "beta_bin=0.8<=beta<1.1",
      "splits": 1,
      "strong_nochange_false_intervention_rate_mean": 0.6470588235294118,
      "strong_nochange_false_intervention_rate_std": 0.0,
      "target_margin": 0.15
    },
    {
      "bootstrap_gain_p05_mean": 0.5911761306447721,
      "bootstrap_gain_p05_std": 0.0,
      "confidence_corr_mean": 0.5196819336830704,
      "confidence_corr_std": 0.0,
      "eligible_for_pass": 1,
      "feature_set": "A_output_plus_meta",
      "head": "hgb",
      "ignored_n_mean": 19.0,
      "ignored_n_std": 0.0,
      "intervention_precision_mean": 0.7181208053691275,
      "intervention_precision_std": 0.0,
      "intervention_rate_mean": 0.8190954773869347,
      "intervention_rate_std": 0.0,
      "labeled_n_mean": 180.0,
      "labeled_n_std": 0.0,
      "mean_oracle_gated_gain_mean": 0.7337468556523017,
      "mean_oracle_gated_gain_std": 0.0,
      "nochange_false_intervention_rate_mean": 0.5833333333333334,
      "nochange_false_intervention_rate_std": 0.0,
      "oracle_recovery_mean": 0.9440875408468832,
      "oracle_recovery_std": 0.0,
      "passes_line": false,
      "precision_gap_vs_shuffled": 0.06379981771480647,
      "residual_low_false_intervention_rate_mean": 0.8666666666666667,
      "residual_low_false_intervention_rate_std": 0.0,
      "sim_delta_vs_official_mean": 0.7337468556523017,
      "sim_delta_vs_official_std": 0.0,
      "split_family": "beta_bin",
      "split_group": "beta_bin=1.1<=beta<1.4",
      "splits": 1,
      "strong_nochange_false_intervention_rate_mean": 0.5,
      "strong_nochange_false_intervention_rate_std": 0.0,
      "target_margin": 0.15
    },
    {
      "bootstrap_gain_p05_mean": 0.39152932868971835,
      "bootstrap_gain_p05_std": 0.0,
      "confidence_corr_mean": 0.49909906988029334,
      "confidence_corr_std": 0.0,
      "eligible_for_pass": 1,
      "feature_set": "A_output_plus_meta",
      "head": "hgb",
      "ignored_n_mean": 11.0,
      "ignored_n_std": 0.0,
      "intervention_precision_mean": 0.6196319018404908,
      "intervention_precision_std": 0.0,
      "intervention_rate_mean": 0.864321608040201,
      "intervention_rate_std": 0.0,
      "labeled_n_mean": 188.0,
      "labeled_n_std": 0.0,
      "mean_oracle_gated_gain_mean": 0.5133649848204455,
      "mean_oracle_gated_gain_std": 0.0,
      "nochange_false_intervention_rate_mean": 0.7209302325581395,
      "nochange_false_intervention_rate_std": 0.0,
      "oracle_recovery_mean": 0.8960994426367535,
      "oracle_recovery_std": 0.0,
      "passes_line": false,
      "precision_gap_vs_shuffled": 0.04248904469763359,
      "residual_low_false_intervention_rate_mean": 0.8928571428571429,
      "residual_low_false_intervention_rate_std": 0.0,
      "sim_delta_vs_official_mean": 0.5133649848204455,
      "sim_delta_vs_official_std": 0.0,
      "split_family": "beta_bin",
      "split_group": "beta_bin=1.4<=beta<1.7",
      "splits": 1,
      "strong_nochange_false_intervention_rate_mean": 0.7142857142857143,
      "strong_nochange_false_intervention_rate_std": 0.0,
      "target_margin": 0.15
    },
    {
      "bootstrap_gain_p05_mean": 0.5468738580373232,
      "bootstrap_gain_p05_std": 0.0,
      "confidence_corr_mean": 0.4178520655162362,
      "confidence_corr_std": 0.0,
      "eligible_for_pass": 1,
      "feature_set": "A_output_plus_meta",
      "head": "hgb",
      "ignored_n_mean": 8.0,
      "ignored_n_std": 0.0,
      "intervention_precision_mean": 0.675,
      "intervention_precision_std": 0.0,
      "intervention_rate_mean": 0.8520408163265306,
      "intervention_rate_std": 0.0,
      "labeled_n_mean": 188.0,
      "labeled_n_std": 0.0,
      "mean_oracle_gated_gain_mean": 0.7016020795507959,
      "mean_oracle_gated_gain_std": 0.0,
      "nochange_false_intervention_rate_mean": 0.7027027027027027,
      "nochange_false_intervention_rate_std": 0.0,
      "oracle_recovery_mean": 0.9110966651387762,
      "oracle_recovery_std": 0.0,
      "passes_line": false,
      "precision_gap_vs_shuffled": 0.02865853658536588,
      "residual_low_false_intervention_rate_mean": 0.8240740740740741,
      "residual_low_false_intervention_rate_std": 0.0,
      "sim_delta_vs_official_mean": 0.7016020795507959,
      "sim_delta_vs_official_std": 0.0,
      "split_family": "beta_bin",
      "split_group": "beta_bin=beta<0.8",
      "splits": 1,
      "strong_nochange_false_intervention_rate_mean": 0.5128205128205128,
      "strong_nochange_false_intervention_rate_std": 0.0,
      "target_margin": 0.15
    },
    {
      "bootstrap_gain_p05_mean": 0.3863499369130151,
      "bootstrap_gain_p05_std": 0.0,
      "confidence_corr_mean": 0.3876712954649473,
      "confidence_corr_std": 0.0,
      "eligible_for_pass": 1,
      "feature_set": "A_output_plus_meta",
      "head": "hgb",
      "ignored_n_mean": 16.0,
      "ignored_n_std": 0.0,
      "intervention_precision_mean": 0.6228571428571429,
      "intervention_precision_std": 0.0,
      "intervention_rate_mean": 0.8715596330275229,
      "intervention_rate_std": 0.0,
      "labeled_n_mean": 202.0,
      "labeled_n_std": 0.0,
      "mean_oracle_gated_gain_mean": 0.5062661918368708,
      "mean_oracle_gated_gain_std": 0.0,
      "nochange_false_intervention_rate_mean": 0.75,
      "nochange_false_intervention_rate_std": 0.0,
      "oracle_recovery_mean": 0.8800195780553194,
      "oracle_recovery_std": 0.0,
      "passes_line": false,
      "precision_gap_vs_shuffled": 0.007037933817594877,
      "residual_low_false_intervention_rate_mean": 1.0,
      "residual_low_false_intervention_rate_std": 0.0,
      "sim_delta_vs_official_mean": 0.5062661918368708,
      "sim_delta_vs_official_std": 0.0,
      "split_family": "beta_bin",
      "split_group": "beta_bin=beta>=1.7",
      "splits": 1,
      "strong_nochange_false_intervention_rate_mean": 0.8333333333333334,
      "strong_nochange_false_intervention_rate_std": 0.0,
      "target_margin": 0.15
    },
    {
      "bootstrap_gain_p05_mean": 0.9072565828265907,
      "bootstrap_gain_p05_std": 0.0,
      "confidence_corr_mean": 0.144637858718193,
      "confidence_corr_std": 0.0,
      "eligible_for_pass": 1,
      "feature_set": "A_output_plus_meta",
      "head": "hgb",
      "ignored_n_mean": 7.0,
      "ignored_n_std": 0.0,
      "intervention_precision_mean": 0.7061855670103093,
      "intervention_precision_std": 0.0,
      "intervention_rate_mean": 0.9852941176470589,
      "intervention_rate_std": 0.0,
      "labeled_n_mean": 197.0,
      "labeled_n_std": 0.0,
      "mean_oracle_gated_gain_mean": 1.0395207205597339,
      "mean_oracle_gated_gain_std": 0.0,
      "nochange_false_intervention_rate_mean": 0.95,
      "nochange_false_intervention_rate_std": 0.0,
      "oracle_recovery_mean": 0.947051261457882,
      "oracle_recovery_std": 0.0,
      "passes_line": false,
      "precision_gap_vs_shuffled": 0.010754094929091074,
      "residual_low_false_intervention_rate_mean": 0.984375,
      "residual_low_false_intervention_rate_std": 0.0,
      "sim_delta_vs_official_mean": 1.0395207205597339,
      "sim_delta_vs_official_std": 0.0,
      "split_family": "content_cluster",
      "split_group": "content_cluster=content_k5_c0",
      "splits": 1,
      "strong_nochange_false_intervention_rate_mean": 0.0,
      "strong_nochange_false_intervention_rate_std": 0.0,
      "target_margin": 0.15
    },
    {
      "bootstrap_gain_p05_mean": 1.0071280056659582,
      "bootstrap_gain_p05_std": 0.0,
      "confidence_corr_mean": 0.39620667412001875,
      "confidence_corr_std": 0.0,
      "eligible_for_pass": 1,
      "feature_set": "A_output_plus_meta",
      "head": "hgb",
      "ignored_n_mean": 2.0,
      "ignored_n_std": 0.0,
      "intervention_precision_mean": 0.7339449541284404,
      "intervention_precision_std": 0.0,
      "intervention_rate_mean": 0.9910714285714286,
      "intervention_rate_std": 0.0,
      "labeled_n_mean": 110.0,
      "labeled_n_std": 0.0,
      "mean_oracle_gated_gain_mean": 1.2995312669192518,
      "mean_oracle_gated_gain_std": 0.0,
      "nochange_false_intervention_rate_mean": 0.9666666666666667,
      "nochange_false_intervention_rate_std": 0.0,
      "oracle_recovery_mean": 0.9604490976396045,
      "oracle_recovery_std": 0.0,
      "passes_line": false,
      "precision_gap_vs_shuffled": 0.0,
      "residual_low_false_intervention_rate_mean": 1.0,
      "residual_low_false_intervention_rate_std": 0.0,
      "sim_delta_vs_official_mean": 1.2995312669192518,
      "sim_delta_vs_official_std": 0.0,
      "split_family": "content_cluster",
      "split_group": "content_cluster=content_k5_c1",
      "splits": 1,
      "strong_nochange_false_intervention_rate_mean": 1.0,
      "strong_nochange_false_intervention_rate_std": 0.0,
      "target_margin": 0.15
    },
    {
      "bootstrap_gain_p05_mean": 0.02285863808250144,
      "bootstrap_gain_p05_std": 0.0,
      "confidence_corr_mean": 0.2530405937174141,
      "confidence_corr_std": 0.0,
      "eligible_for_pass": 1,
      "feature_set": "A_output_plus_meta",
      "head": "hgb",
      "ignored_n_mean": 22.0,
      "ignored_n_std": 0.0,
      "intervention_precision_mean": 0.41203703703703703,
      "intervention_precision_std": 0.0,
      "intervention_rate_mean": 0.9118773946360154,
      "intervention_rate_std": 0.0,
      "labeled_n_mean": 239.0,
      "labeled_n_std": 0.0,
      "mean_oracle_gated_gain_mean": 0.07566279771214493,
      "mean_oracle_gated_gain_std": 0.0,
      "nochange_false_intervention_rate_mean": 0.8523489932885906,
      "nochange_false_intervention_rate_std": 0.0,
      "oracle_recovery_mean": 0.3440207760736335,
      "oracle_recovery_std": 0.0,
      "passes_line": false,
      "precision_gap_vs_shuffled": 0.013806948541461805,
      "residual_low_false_intervention_rate_mean": 0.9416666666666667,
      "residual_low_false_intervention_rate_std": 0.0,
      "sim_delta_vs_official_mean": 0.07566279771214493,
      "sim_delta_vs_official_std": 0.0,
      "split_family": "content_cluster",
      "split_group": "content_cluster=content_k5_c2",
      "splits": 1,
      "strong_nochange_false_intervention_rate_mean": 0.8620689655172413,
      "strong_nochange_false_intervention_rate_std": 0.0,
      "target_margin": 0.15
    },
    {
      "bootstrap_gain_p05_mean": 0.6037195797978699,
      "bootstrap_gain_p05_std": 0.0,
      "confidence_corr_mean": 0.21691785441104633,
      "confidence_corr_std": 0.0,
      "eligible_for_pass": 1,
      "feature_set": "A_output_plus_meta",
      "head": "hgb",
      "ignored_n_mean": 7.0,
      "ignored_n_std": 0.0,
      "intervention_precision_mean": 0.6808510638297872,
      "intervention_precision_std": 0.0,
      "intervention_rate_mean": 0.9898477157360406,
      "intervention_rate_std": 0.0,
      "labeled_n_mean": 190.0,
      "labeled_n_std": 0.0,
      "mean_oracle_gated_gain_mean": 0.746825622637527,
      "mean_oracle_gated_gain_std": 0.0,
      "nochange_false_intervention_rate_mean": 0.967741935483871,
      "nochange_false_intervention_rate_std": 0.0,
      "oracle_recovery_mean": 0.9105298785031767,
      "oracle_recovery_std": 0.0,
      "passes_line": false,
      "precision_gap_vs_shuffled": 0.007166853303471443,
      "residual_low_false_intervention_rate_mean": 1.0,
      "residual_low_false_intervention_rate_std": 0.0,
      "sim_delta_vs_official_mean": 0.746825622637527,
      "sim_delta_vs_official_std": 0.0,
      "split_family": "content_cluster",
      "split_group": "content_cluster=content_k5_c3",
      "splits": 1,
      "strong_nochange_false_intervention_rate_mean": 0.0,
      "strong_nochange_false_intervention_rate_std": 0.0,
      "target_margin": 0.15
    },
    {
      "bootstrap_gain_p05_mean": 0.11535950157831175,
      "bootstrap_gain_p05_std": 0.0,
      "confidence_corr_mean": 0.3788498538522711,
      "confidence_corr_std": 0.0,
      "eligible_for_pass": 1,
      "feature_set": "A_output_plus_meta",
      "head": "hgb",
      "ignored_n_mean": 28.0,
      "ignored_n_std": 0.0,
      "intervention_precision_mean": 0.48066298342541436,
      "intervention_precision_std": 0.0,
      "intervention_rate_mean": 0.911504424778761,
      "intervention_rate_std": 0.0,
      "labeled_n_mean": 198.0,
      "labeled_n_std": 0.0,
      "mean_oracle_gated_gain_mean": 0.1600937365553951,
      "mean_oracle_gated_gain_std": 0.0,
      "nochange_false_intervention_rate_mean": 0.8545454545454545,
      "nochange_false_intervention_rate_std": 0.0,
      "oracle_recovery_mean": 0.7027420849607786,
      "oracle_recovery_std": 0.0,
      "passes_line": false,
      "precision_gap_vs_shuffled": 0.004987307749738656,
      "residual_low_false_intervention_rate_mean": 0.9591836734693877,
      "residual_low_false_intervention_rate_std": 0.0,
      "sim_delta_vs_official_mean": 0.1600937365553951,
      "sim_delta_vs_official_std": 0.0,
      "split_family": "content_cluster",
      "split_group": "content_cluster=content_k5_c4",
      "splits": 1,
      "strong_nochange_false_intervention_rate_mean": 0.9142857142857143,
      "strong_nochange_false_intervention_rate_std": 0.0,
      "target_margin": 0.15
    },
    {
      "bootstrap_gain_p05_mean": 0.49455431417446905,
      "bootstrap_gain_p05_std": 0.0,
      "confidence_corr_mean": 0.494222264627979,
      "confidence_corr_std": 0.0,
      "eligible_for_pass": 1,
      "feature_set": "A_output_plus_meta",
      "head": "hgb",
      "ignored_n_mean": 11.0,
      "ignored_n_std": 0.0,
      "intervention_precision_mean": 0.6338797814207651,
      "intervention_precision_std": 0.0,
      "intervention_rate_mean": 0.764,
      "intervention_rate_std": 0.0,
      "labeled_n_mean": 239.0,
      "labeled_n_std": 0.0,
      "mean_oracle_gated_gain_mean": 0.6343652160912214,
      "mean_oracle_gated_gain_std": 0.0,
      "nochange_false_intervention_rate_mean": 0.5877192982456141,
      "nochange_false_intervention_rate_std": 0.0,
      "oracle_recovery_mean": 0.8852464021653539,
      "oracle_recovery_std": 0.0,
      "passes_line": false,
      "precision_gap_vs_shuffled": 0.06312506443963295,
      "residual_low_false_intervention_rate_mean": 0.9444444444444444,
      "residual_low_false_intervention_rate_std": 0.0,
      "sim_delta_vs_official_mean": 0.6343652160912214,
      "sim_delta_vs_official_std": 0.0,
      "split_family": "cr_strength_bin",
      "split_group": "cr_strength_bin=midhigh_cr_q3",
      "splits": 1,
      "strong_nochange_false_intervention_rate_mean": 0.5217391304347826,
      "strong_nochange_false_intervention_rate_std": 0.0,
      "target_margin": 0.15
    },
    {
      "bootstrap_gain_p05_mean": 0.5839632234189827,
      "bootstrap_gain_p05_std": 0.0,
      "confidence_corr_mean": 0.3772264674848059,
      "confidence_corr_std": 0.0,
      "eligible_for_pass": 1,
      "feature_set": "A_output_plus_meta",
      "head": "hgb",
      "ignored_n_mean": 9.0,
      "ignored_n_std": 0.0,
      "intervention_precision_mean": 0.6531531531531531,
      "intervention_precision_std": 0.0,
      "intervention_rate_mean": 0.924,
      "intervention_rate_std": 0.0,
      "labeled_n_mean": 241.0,
      "labeled_n_std": 0.0,
      "mean_oracle_gated_gain_mean": 0.7160046599981651,
      "mean_oracle_gated_gain_std": 0.0,
      "nochange_false_intervention_rate_mean": 0.8105263157894737,
      "nochange_false_intervention_rate_std": 0.0,
      "oracle_recovery_mean": 0.9138701508620459,
      "oracle_recovery_std": 0.0,
      "passes_line": false,
      "precision_gap_vs_shuffled": 0.015985011560232798,
      "residual_low_false_intervention_rate_mean": 1.0,
      "residual_low_false_intervention_rate_std": 0.0,
      "sim_delta_vs_official_mean": 0.7160046599981651,
      "sim_delta_vs_official_std": 0.0,
      "split_family": "cr_strength_bin",
      "split_group": "cr_strength_bin=midlow_cr_q2",
      "splits": 1,
      "strong_nochange_false_intervention_rate_mean": 1.0,
      "strong_nochange_false_intervention_rate_std": 0.0,
      "target_margin": 0.15
    },
    {
      "bootstrap_gain_p05_mean": 0.17268886278614606,
      "bootstrap_gain_p05_std": 0.0,
      "confidence_corr_mean": 0.4718040447373053,
      "confidence_corr_std": 0.0,
      "eligible_for_pass": 1,
      "feature_set": "A_output_plus_meta",
      "head": "hgb",
      "ignored_n_mean": 31.0,
      "ignored_n_std": 0.0,
      "intervention_precision_mean": 0.5511363636363636,
      "intervention_precision_std": 0.0,
      "intervention_rate_mean": 0.812,
      "intervention_rate_std": 0.0,
      "labeled_n_mean": 219.0,
      "labeled_n_std": 0.0,
      "mean_oracle_gated_gain_mean": 0.23666088550247358,
      "mean_oracle_gated_gain_std": 0.0,
      "nochange_false_intervention_rate_mean": 0.6929824561403509,
      "nochange_false_intervention_rate_std": 0.0,
      "oracle_recovery_mean": 0.7526936898496223,
      "oracle_recovery_std": 0.0,
      "passes_line": false,
      "precision_gap_vs_shuffled": 0.0185276679841897,
      "residual_low_false_intervention_rate_mean": 0.8148148148148148,
      "residual_low_false_intervention_rate_std": 0.0,
      "sim_delta_vs_official_mean": 0.23666088550247358,
      "sim_delta_vs_official_std": 0.0,
      "split_family": "cr_strength_bin",
      "split_group": "cr_strength_bin=strong_cr_q4",
      "splits": 1,
      "strong_nochange_false_intervention_rate_mean": 0.6831683168316832,
      "strong_nochange_false_intervention_rate_std": 0.0,
      "target_margin": 0.15
    },
    {
      "bootstrap_gain_p05_mean": 0.5675907842037846,
      "bootstrap_gain_p05_std": 0.0,
      "confidence_corr_mean": 0.21041294340941272,
      "confidence_corr_std": 0.0,
      "eligible_for_pass": 1,
      "feature_set": "A_output_plus_meta",
      "head": "hgb",
      "ignored_n_mean": 15.0,
      "ignored_n_std": 0.0,
      "intervention_precision_mean": 0.6336206896551724,
      "intervention_precision_std": 0.0,
      "intervention_rate_mean": 0.984,
      "intervention_rate_std": 0.0,
      "labeled_n_mean": 235.0,
      "labeled_n_std": 0.0,
      "mean_oracle_gated_gain_mean": 0.7034083727185046,
      "mean_oracle_gated_gain_std": 0.0,
      "nochange_false_intervention_rate_mean": 0.9659090909090909,
      "nochange_false_intervention_rate_std": 0.0,
      "oracle_recovery_mean": 0.914445894605768,
      "oracle_recovery_std": 0.0,
      "passes_line": false,
      "precision_gap_vs_shuffled": 0.00808877476155534,
      "residual_low_false_intervention_rate_mean": 1.0,
      "residual_low_false_intervention_rate_std": 0.0,
      "sim_delta_vs_official_mean": 0.7034083727185046,
      "sim_delta_vs_official_std": 0.0,
      "split_family": "cr_strength_bin",
      "split_group": "cr_strength_bin=weak_cr_q1",
      "splits": 1,
      "strong_nochange_false_intervention_rate_mean": 0.0,
      "strong_nochange_false_intervention_rate_std": 0.0,
      "target_margin": 0.15
    },
    {
      "bootstrap_gain_p05_mean": 0.10265356517432213,
      "bootstrap_gain_p05_std": 0.0,
      "confidence_corr_mean": 0.3990406734104346,
      "confidence_corr_std": 0.0,
      "eligible_for_pass": 1,
      "feature_set": "A_output_plus_meta",
      "head": "hgb",
      "ignored_n_mean": 14.0,
      "ignored_n_std": 0.0,
      "intervention_precision_mean": 0.44041450777202074,
      "intervention_precision_std": 0.0,
      "intervention_rate_mean": 0.816,
      "intervention_rate_std": 0.0,
      "labeled_n_mean": 236.0,
      "labeled_n_std": 0.0,
      "mean_oracle_gated_gain_mean": 0.1627743099715886,
      "mean_oracle_gated_gain_std": 0.0,
      "nochange_false_intervention_rate_mean": 0.7605633802816901,
      "nochange_false_intervention_rate_std": 0.0,
      "oracle_recovery_mean": 0.5868967680987143,
      "oracle_recovery_std": 0.0,
      "passes_line": false,
      "precision_gap_vs_shuffled": 0.011121578479091454,
      "residual_low_false_intervention_rate_mean": 0.8333333333333334,
      "residual_low_false_intervention_rate_std": 0.0,
      "sim_delta_vs_official_mean": 0.1627743099715886,
      "sim_delta_vs_official_std": 0.0,
      "split_family": "official_strength_bin",
      "split_group": "official_strength_bin=midhigh_official_q3",
      "splits": 1,
      "strong_nochange_false_intervention_rate_mean": 0.0,
      "strong_nochange_false_intervention_rate_std": 0.0,
      "target_margin": 0.15
    },
    {
      "bootstrap_gain_p05_mean": 0.5708614764729835,
      "bootstrap_gain_p05_std": 0.0,
      "confidence_corr_mean": 0.2238507165227947,
      "confidence_corr_std": 0.0,
      "eligible_for_pass": 1,
      "feature_set": "A_output_plus_meta",
      "head": "hgb",
      "ignored_n_mean": 17.0,
      "ignored_n_std": 0.0,
      "intervention_precision_mean": 0.6299559471365639,
      "intervention_precision_std": 0.0,
      "intervention_rate_mean": 0.96,
      "intervention_rate_std": 0.0,
      "labeled_n_mean": 233.0,
      "labeled_n_std": 0.0,
      "mean_oracle_gated_gain_mean": 0.6934403136639776,
      "mean_oracle_gated_gain_std": 0.0,
      "nochange_false_intervention_rate_mean": 0.9545454545454546,
      "nochange_false_intervention_rate_std": 0.0,
      "oracle_recovery_mean": 0.8949291561787687,
      "oracle_recovery_std": 0.0,
      "passes_line": false,
      "precision_gap_vs_shuffled": -0.0004788354721317889,
      "residual_low_false_intervention_rate_mean": 0.9767441860465116,
      "residual_low_false_intervention_rate_std": 0.0,
      "sim_delta_vs_official_mean": 0.6934403136639776,
      "sim_delta_vs_official_std": 0.0,
      "split_family": "official_strength_bin",
      "split_group": "official_strength_bin=midlow_official_q2",
      "splits": 1,
      "strong_nochange_false_intervention_rate_mean": 0.0,
      "strong_nochange_false_intervention_rate_std": 0.0,
      "target_margin": 0.15
    },
    {
      "bootstrap_gain_p05_mean": 0.06472345298615294,
      "bootstrap_gain_p05_std": 0.0,
      "confidence_corr_mean": 0.26925576595968304,
      "confidence_corr_std": 0.0,
      "eligible_for_pass": 1,
      "feature_set": "A_output_plus_meta",
      "head": "hgb",
      "ignored_n_mean": 28.0,
      "ignored_n_std": 0.0,
      "intervention_precision_mean": 0.48947368421052634,
      "intervention_precision_std": 0.0,
      "intervention_rate_mean": 0.856,
      "intervention_rate_std": 0.0,
      "labeled_n_mean": 222.0,
      "labeled_n_std": 0.0,
      "mean_oracle_gated_gain_mean": 0.1074978355874729,
      "mean_oracle_gated_gain_std": 0.0,
      "nochange_false_intervention_rate_mean": 0.776,
      "nochange_false_intervention_rate_std": 0.0,
      "oracle_recovery_mean": 0.5278706551878656,
      "oracle_recovery_std": 0.0,
      "passes_line": false,
      "precision_gap_vs_shuffled": 0.014983888292158964,
      "residual_low_false_intervention_rate_mean": 0.8947368421052632,
      "residual_low_false_intervention_rate_std": 0.0,
      "sim_delta_vs_official_mean": 0.1074978355874729,
      "sim_delta_vs_official_std": 0.0,
      "split_family": "official_strength_bin",
      "split_group": "official_strength_bin=strong_official_q4",
      "splits": 1,
      "strong_nochange_false_intervention_rate_mean": 0.776,
      "strong_nochange_false_intervention_rate_std": 0.0,
      "target_margin": 0.15
    },
    {
      "bootstrap_gain_p05_mean": 1.1280600007139157,
      "bootstrap_gain_p05_std": 0.0,
      "confidence_corr_mean": 0.22773869710633396,
      "confidence_corr_std": 0.0,
      "eligible_for_pass": 1,
      "feature_set": "A_output_plus_meta",
      "head": "hgb",
      "ignored_n_mean": 7.0,
      "ignored_n_std": 0.0,
      "intervention_precision_mean": 0.7695473251028807,
      "intervention_precision_std": 0.0,
      "intervention_rate_mean": 0.996,
      "intervention_rate_std": 0.0,
      "labeled_n_mean": 243.0,
      "labeled_n_std": 0.0,
      "mean_oracle_gated_gain_mean": 1.2896185478643238,
      "mean_oracle_gated_gain_std": 0.0,
      "nochange_false_intervention_rate_mean": 1.0,
      "nochange_false_intervention_rate_std": 0.0,
      "oracle_recovery_mean": 0.971190746988282,
      "oracle_recovery_std": 0.0,
      "passes_line": false,
      "precision_gap_vs_shuffled": -0.0022369072622645536,
      "residual_low_false_intervention_rate_mean": 1.0,
      "residual_low_false_intervention_rate_std": 0.0,
      "sim_delta_vs_official_mean": 1.2896185478643238,
      "sim_delta_vs_official_std": 0.0,
      "split_family": "official_strength_bin",
      "split_group": "official_strength_bin=weak_official_q1",
      "splits": 1,
      "strong_nochange_false_intervention_rate_mean": 0.0,
      "strong_nochange_false_intervention_rate_std": 0.0,
      "target_margin": 0.15
    },
    {
      "bootstrap_gain_p05_mean": 0.5142016708135984,
      "bootstrap_gain_p05_std": 0.08436542664954949,
      "confidence_corr_mean": 0.4750045892202979,
      "confidence_corr_std": 0.037403033421947035,
      "eligible_for_pass": 1,
      "feature_set": "A_output_plus_meta",
      "head": "hgb",
      "ignored_n_mean": 16.333333333333332,
      "ignored_n_std": 2.8674417556808756,
      "intervention_precision_mean": 0.6469906095411903,
      "intervention_precision_std": 0.025165394521517923,
      "intervention_rate_mean": 0.848,
      "intervention_rate_std": 0.014236104336041762,
      "labeled_n_mean": 233.66666666666666,
      "labeled_n_std": 2.8674417556808756,
      "mean_oracle_gated_gain_mean": 0.643299474999676,
      "mean_oracle_gated_gain_std": 0.08532458501912153,
      "nochange_false_intervention_rate_mean": 0.6865546218487394,
      "nochange_false_intervention_rate_std": 0.04971653438802668,
      "oracle_recovery_mean": 0.9115997668067765,
      "oracle_recovery_std": 0.02911109651409305,
      "passes_line": false,
      "precision_gap_vs_shuffled": 0.04120536041200662,
      "residual_low_false_intervention_rate_mean": 0.8169234720082178,
      "residual_low_false_intervention_rate_std": 0.0345252664295645,
      "sim_delta_vs_official_mean": 0.643299474999676,
      "sim_delta_vs_official_std": 0.08532458501912153,
      "split_family": "random",
      "split_group": "random",
      "splits": 3,
      "strong_nochange_false_intervention_rate_mean": 0.5643274853801169,
      "strong_nochange_false_intervention_rate_std": 0.07315787136372398,
      "target_margin": 0.15
    },
    {
      "bootstrap_gain_p05_mean": 0.5927919194608068,
      "bootstrap_gain_p05_std": 0.0,
      "confidence_corr_mean": 0.36129000494110336,
      "confidence_corr_std": 0.0,
      "eligible_for_pass": 1,
      "feature_set": "A_output_plus_meta",
      "head": "hgb",
      "ignored_n_mean": 18.0,
      "ignored_n_std": 0.0,
      "intervention_precision_mean": 0.5318181818181819,
      "intervention_precision_std": 0.0,
      "intervention_rate_mean": 0.948,
      "intervention_rate_std": 0.0,
      "labeled_n_mean": 232.0,
      "labeled_n_std": 0.0,
      "mean_oracle_gated_gain_mean": 0.7674387901288889,
      "mean_oracle_gated_gain_std": 0.0,
      "nochange_false_intervention_rate_mean": 0.8956521739130435,
      "nochange_false_intervention_rate_std": 0.0,
      "oracle_recovery_mean": 0.8905769072019838,
      "oracle_recovery_std": 0.0,
      "passes_line": false,
      "precision_gap_vs_shuffled": 0.014119066773934041,
      "residual_low_false_intervention_rate_mean": 0.0,
      "residual_low_false_intervention_rate_std": 0.0,
      "sim_delta_vs_official_mean": 0.7674387901288889,
      "sim_delta_vs_official_std": 0.0,
      "split_family": "residual_energy_bin",
      "split_group": "residual_energy_bin=residual_high_q4",
      "splits": 1,
      "strong_nochange_false_intervention_rate_mean": 1.0,
      "strong_nochange_false_intervention_rate_std": 0.0,
      "target_margin": 0.15
    },
    {
      "bootstrap_gain_p05_mean": 0.30107550350501805,
      "bootstrap_gain_p05_std": 0.0,
      "confidence_corr_mean": 0.4492793131302609,
      "confidence_corr_std": 0.0,
      "eligible_for_pass": 1,
      "feature_set": "A_output_plus_meta",
      "head": "hgb",
      "ignored_n_mean": 25.0,
      "ignored_n_std": 0.0,
      "intervention_precision_mean": 0.6476683937823834,
      "intervention_precision_std": 0.0,
      "intervention_rate_mean": 0.848,
      "intervention_rate_std": 0.0,
      "labeled_n_mean": 225.0,
      "labeled_n_std": 0.0,
      "mean_oracle_gated_gain_mean": 0.37319595651938675,
      "mean_oracle_gated_gain_std": 0.0,
      "nochange_false_intervention_rate_mean": 0.723404255319149,
      "nochange_false_intervention_rate_std": 0.0,
      "oracle_recovery_mean": 0.8687406734196792,
      "oracle_recovery_std": 0.0,
      "passes_line": false,
      "precision_gap_vs_shuffled": 0.026978738609969577,
      "residual_low_false_intervention_rate_mean": 0.848,
      "residual_low_false_intervention_rate_std": 0.0,
      "sim_delta_vs_official_mean": 0.37319595651938675,
      "sim_delta_vs_official_std": 0.0,
      "split_family": "residual_energy_bin",
      "split_group": "residual_energy_bin=residual_low_q1",
      "splits": 1,
      "strong_nochange_false_intervention_rate_mean": 0.6911764705882353,
      "strong_nochange_false_intervention_rate_std": 0.0,
      "target_margin": 0.15
    },
    {
      "bootstrap_gain_p05_mean": 0.5890746717128297,
      "bootstrap_gain_p05_std": 0.0,
      "confidence_corr_mean": 0.4014467482395951,
      "confidence_corr_std": 0.0,
      "eligible_for_pass": 1,
      "feature_set": "A_output_plus_meta",
      "head": "hgb",
      "ignored_n_mean": 8.0,
      "ignored_n_std": 0.0,
      "intervention_precision_mean": 0.6666666666666666,
      "intervention_precision_std": 0.0,
      "intervention_rate_mean": 0.836,
      "intervention_rate_std": 0.0,
      "labeled_n_mean": 242.0,
      "labeled_n_std": 0.0,
      "mean_oracle_gated_gain_mean": 0.707487784466338,
      "mean_oracle_gated_gain_std": 0.0,
      "nochange_false_intervention_rate_mean": 0.6504854368932039,
      "nochange_false_intervention_rate_std": 0.0,
      "oracle_recovery_mean": 0.9155149554562485,
      "oracle_recovery_std": 0.0,
      "passes_line": false,
      "precision_gap_vs_shuffled": 0.02515723270440251,
      "residual_low_false_intervention_rate_mean": 0.0,
      "residual_low_false_intervention_rate_std": 0.0,
      "sim_delta_vs_official_mean": 0.707487784466338,
      "sim_delta_vs_official_std": 0.0,
      "split_family": "residual_energy_bin",
      "split_group": "residual_energy_bin=residual_midhigh_q3",
      "splits": 1,
      "strong_nochange_false_intervention_rate_mean": 0.5,
      "strong_nochange_false_intervention_rate_std": 0.0,
      "target_margin": 0.15
    },
    {
      "bootstrap_gain_p05_mean": 0.359139678164648,
      "bootstrap_gain_p05_std": 0.0,
      "confidence_corr_mean": 0.4701025848210334,
      "confidence_corr_std": 0.0,
      "eligible_for_pass": 1,
      "feature_set": "A_output_plus_meta",
      "head": "hgb",
      "ignored_n_mean": 15.0,
      "ignored_n_std": 0.0,
      "intervention_precision_mean": 0.6532663316582915,
      "intervention_precision_std": 0.0,
      "intervention_rate_mean": 0.84,
      "intervention_rate_std": 0.0,
      "labeled_n_mean": 235.0,
      "labeled_n_std": 0.0,
      "mean_oracle_gated_gain_mean": 0.4361142130245123,
      "mean_oracle_gated_gain_std": 0.0,
      "nochange_false_intervention_rate_mean": 0.696969696969697,
      "nochange_false_intervention_rate_std": 0.0,
      "oracle_recovery_mean": 0.8392789831634879,
      "oracle_recovery_std": 0.0,
      "passes_line": false,
      "precision_gap_vs_shuffled": 0.04578969614427286,
      "residual_low_false_intervention_rate_mean": 0.0,
      "residual_low_false_intervention_rate_std": 0.0,
      "sim_delta_vs_official_mean": 0.4361142130245123,
      "sim_delta_vs_official_std": 0.0,
      "split_family": "residual_energy_bin",
      "split_group": "residual_energy_bin=residual_midlow_q2",
      "splits": 1,
      "strong_nochange_false_intervention_rate_mean": 0.5263157894736842,
      "strong_nochange_false_intervention_rate_std": 0.0,
      "target_margin": 0.15
    },
    {
      "bootstrap_gain_p05_mean": 0.38938089126455344,
      "bootstrap_gain_p05_std": 0.0,
      "confidence_corr_mean": 0.4248197148772869,
      "confidence_corr_std": 0.0,
      "eligible_for_pass": 1,
      "feature_set": "B_candidate_output_deltas",
      "head": "hgb",
      "ignored_n_mean": 12.0,
      "ignored_n_std": 0.0,
      "intervention_precision_mean": 0.6233766233766234,
      "intervention_precision_std": 0.0,
      "intervention_rate_mean": 0.8505154639175257,
      "intervention_rate_std": 0.0,
      "labeled_n_mean": 182.0,
      "labeled_n_std": 0.0,
      "mean_oracle_gated_gain_mean": 0.5132440776128308,
      "mean_oracle_gated_gain_std": 0.0,
      "nochange_false_intervention_rate_mean": 0.6823529411764706,
      "nochange_false_intervention_rate_std": 0.0,
      "oracle_recovery_mean": 0.889151869951698,
      "oracle_recovery_std": 0.0,
      "passes_line": false,
      "precision_gap_vs_shuffled": 0.06197311460469357,
      "residual_low_false_intervention_rate_mean": 0.8571428571428571,
      "residual_low_false_intervention_rate_std": 0.0,
      "sim_delta_vs_official_mean": 0.5132440776128308,
      "sim_delta_vs_official_std": 0.0,
      "split_family": "airlight_bin",
      "split_group": "airlight_bin=0.65<=A<0.75",
      "splits": 1,
      "strong_nochange_false_intervention_rate_mean": 0.6296296296296297,
      "strong_nochange_false_intervention_rate_std": 0.0,
      "target_margin": 0.15
    },
    {
      "bootstrap_gain_p05_mean": 0.4526872505413292,
      "bootstrap_gain_p05_std": 0.0,
      "confidence_corr_mean": 0.5599577437230439,
      "confidence_corr_std": 0.0,
      "eligible_for_pass": 1,
      "feature_set": "B_candidate_output_deltas",
      "head": "hgb",
      "ignored_n_mean": 14.0,
      "ignored_n_std": 0.0,
      "intervention_precision_mean": 0.7333333333333333,
      "intervention_precision_std": 0.0,
      "intervention_rate_mean": 0.7619047619047619,
      "intervention_rate_std": 0.0,
      "labeled_n_mean": 196.0,
      "labeled_n_std": 0.0,
      "mean_oracle_gated_gain_mean": 0.5460869577686785,
      "mean_oracle_gated_gain_std": 0.0,
      "nochange_false_intervention_rate_mean": 0.5128205128205128,
      "nochange_false_intervention_rate_std": 0.0,
      "oracle_recovery_mean": 0.9094566753147616,
      "oracle_recovery_std": 0.0,
      "passes_line": false,
      "precision_gap_vs_shuffled": 0.06267465069860279,
      "residual_low_false_intervention_rate_mean": 0.8148148148148148,
      "residual_low_false_intervention_rate_std": 0.0,
      "sim_delta_vs_official_mean": 0.5460869577686785,
      "sim_delta_vs_official_std": 0.0,
      "split_family": "airlight_bin",
      "split_group": "airlight_bin=0.75<=A<0.85",
      "splits": 1,
      "strong_nochange_false_intervention_rate_mean": 0.5,
      "strong_nochange_false_intervention_rate_std": 0.0,
      "target_margin": 0.15
    },
    {
      "bootstrap_gain_p05_mean": 0.37797796589253146,
      "bootstrap_gain_p05_std": 0.0,
      "confidence_corr_mean": 0.5127182912097957,
      "confidence_corr_std": 0.0,
      "eligible_for_pass": 1,
      "feature_set": "B_candidate_output_deltas",
      "head": "hgb",
      "ignored_n_mean": 16.0,
      "ignored_n_std": 0.0,
      "intervention_precision_mean": 0.5808823529411765,
      "intervention_precision_std": 0.0,
      "intervention_rate_mean": 0.8457142857142858,
      "intervention_rate_std": 0.0,
      "labeled_n_mean": 159.0,
      "labeled_n_std": 0.0,
      "mean_oracle_gated_gain_mean": 0.49877631217428303,
      "mean_oracle_gated_gain_std": 0.0,
      "nochange_false_intervention_rate_mean": 0.7307692307692307,
      "nochange_false_intervention_rate_std": 0.0,
      "oracle_recovery_mean": 0.893177600437099,
      "oracle_recovery_std": 0.0,
      "passes_line": false,
      "precision_gap_vs_shuffled": 0.02915821501014204,
      "residual_low_false_intervention_rate_mean": 0.875,
      "residual_low_false_intervention_rate_std": 0.0,
      "sim_delta_vs_official_mean": 0.49877631217428303,
      "sim_delta_vs_official_std": 0.0,
      "split_family": "airlight_bin",
      "split_group": "airlight_bin=0.85<=A<0.95",
      "splits": 1,
      "strong_nochange_false_intervention_rate_mean": 0.8571428571428571,
      "strong_nochange_false_intervention_rate_std": 0.0,
      "target_margin": 0.15
    },
    {
      "bootstrap_gain_p05_mean": 0.6328372562132413,
      "bootstrap_gain_p05_std": 0.0,
      "confidence_corr_mean": 0.46217928414427073,
      "confidence_corr_std": 0.0,
      "eligible_for_pass": 1,
      "feature_set": "B_candidate_output_deltas",
      "head": "hgb",
      "ignored_n_mean": 18.0,
      "ignored_n_std": 0.0,
      "intervention_precision_mean": 0.6954545454545454,
      "intervention_precision_std": 0.0,
      "intervention_rate_mean": 0.7830508474576271,
      "intervention_rate_std": 0.0,
      "labeled_n_mean": 277.0,
      "labeled_n_std": 0.0,
      "mean_oracle_gated_gain_mean": 0.765644966606417,
      "mean_oracle_gated_gain_std": 0.0,
      "nochange_false_intervention_rate_mean": 0.5929203539823009,
      "nochange_false_intervention_rate_std": 0.0,
      "oracle_recovery_mean": 0.9098579608192519,
      "oracle_recovery_std": 0.0,
      "passes_line": false,
      "precision_gap_vs_shuffled": 0.062390029325513185,
      "residual_low_false_intervention_rate_mean": 0.723404255319149,
      "residual_low_false_intervention_rate_std": 0.0,
      "sim_delta_vs_official_mean": 0.765644966606417,
      "sim_delta_vs_official_std": 0.0,
      "split_family": "airlight_bin",
      "split_group": "airlight_bin=A<0.65",
      "splits": 1,
      "strong_nochange_false_intervention_rate_mean": 0.4339622641509434,
      "strong_nochange_false_intervention_rate_std": 0.0,
      "target_margin": 0.15
    },
    {
      "bootstrap_gain_p05_mean": 0.28758413760484464,
      "bootstrap_gain_p05_std": 0.0,
      "confidence_corr_mean": 0.3159387247008243,
      "confidence_corr_std": 0.0,
      "eligible_for_pass": 1,
      "feature_set": "B_candidate_output_deltas",
      "head": "hgb",
      "ignored_n_mean": 6.0,
      "ignored_n_std": 0.0,
      "intervention_precision_mean": 0.5727272727272728,
      "intervention_precision_std": 0.0,
      "intervention_rate_mean": 0.9206349206349206,
      "intervention_rate_std": 0.0,
      "labeled_n_mean": 120.0,
      "labeled_n_std": 0.0,
      "mean_oracle_gated_gain_mean": 0.4223941018265365,
      "mean_oracle_gated_gain_std": 0.0,
      "nochange_false_intervention_rate_mean": 0.8245614035087719,
      "nochange_false_intervention_rate_std": 0.0,
      "oracle_recovery_mean": 0.8600102764471842,
      "oracle_recovery_std": 0.0,
      "passes_line": false,
      "precision_gap_vs_shuffled": 0.02405470635559137,
      "residual_low_false_intervention_rate_mean": 1.0,
      "residual_low_false_intervention_rate_std": 0.0,
      "sim_delta_vs_official_mean": 0.4223941018265365,
      "sim_delta_vs_official_std": 0.0,
      "split_family": "airlight_bin",
      "split_group": "airlight_bin=A>=0.95",
      "splits": 1,
      "strong_nochange_false_intervention_rate_mean": 1.0,
      "strong_nochange_false_intervention_rate_std": 0.0,
      "target_margin": 0.15
    },
    {
      "bootstrap_gain_p05_mean": 0.3401152786666977,
      "bootstrap_gain_p05_std": 0.0,
      "confidence_corr_mean": 0.48827266354062904,
      "confidence_corr_std": 0.0,
      "eligible_for_pass": 1,
      "feature_set": "B_candidate_output_deltas",
      "head": "hgb",
      "ignored_n_mean": 12.0,
      "ignored_n_std": 0.0,
      "intervention_precision_mean": 0.5578231292517006,
      "intervention_precision_std": 0.0,
      "intervention_rate_mean": 0.8404255319148937,
      "intervention_rate_std": 0.0,
      "labeled_n_mean": 176.0,
      "labeled_n_std": 0.0,
      "mean_oracle_gated_gain_mean": 0.4645069322529014,
      "mean_oracle_gated_gain_std": 0.0,
      "nochange_false_intervention_rate_mean": 0.7142857142857143,
      "nochange_false_intervention_rate_std": 0.0,
      "oracle_recovery_mean": 0.865342207961608,
      "oracle_recovery_std": 0.0,
      "passes_line": false,
      "precision_gap_vs_shuffled": 0.051573129251700656,
      "residual_low_false_intervention_rate_mean": 0.8833333333333333,
      "residual_low_false_intervention_rate_std": 0.0,
      "sim_delta_vs_official_mean": 0.4645069322529014,
      "sim_delta_vs_official_std": 0.0,
      "split_family": "beta_bin",
      "split_group": "beta_bin=0.8<=beta<1.1",
      "splits": 1,
      "strong_nochange_false_intervention_rate_mean": 0.6470588235294118,
      "strong_nochange_false_intervention_rate_std": 0.0,
      "target_margin": 0.15
    },
    {
      "bootstrap_gain_p05_mean": 0.5877902216437622,
      "bootstrap_gain_p05_std": 0.0,
      "confidence_corr_mean": 0.5069503405181579,
      "confidence_corr_std": 0.0,
      "eligible_for_pass": 1,
      "feature_set": "B_candidate_output_deltas",
      "head": "hgb",
      "ignored_n_mean": 19.0,
      "ignored_n_std": 0.0,
      "intervention_precision_mean": 0.7133333333333334,
      "intervention_precision_std": 0.0,
      "intervention_rate_mean": 0.8190954773869347,
      "intervention_rate_std": 0.0,
      "labeled_n_mean": 180.0,
      "labeled_n_std": 0.0,
      "mean_oracle_gated_gain_mean": 0.732722587600719,
      "mean_oracle_gated_gain_std": 0.0,
      "nochange_false_intervention_rate_mean": 0.5972222222222222,
      "nochange_false_intervention_rate_std": 0.0,
      "oracle_recovery_mean": 0.9427696493989844,
      "oracle_recovery_std": 0.0,
      "passes_line": false,
      "precision_gap_vs_shuffled": 0.05901234567901237,
      "residual_low_false_intervention_rate_mean": 0.8888888888888888,
      "residual_low_false_intervention_rate_std": 0.0,
      "sim_delta_vs_official_mean": 0.732722587600719,
      "sim_delta_vs_official_std": 0.0,
      "split_family": "beta_bin",
      "split_group": "beta_bin=1.1<=beta<1.4",
      "splits": 1,
      "strong_nochange_false_intervention_rate_mean": 0.6153846153846154,
      "strong_nochange_false_intervention_rate_std": 0.0,
      "target_margin": 0.15
    },
    {
      "bootstrap_gain_p05_mean": 0.38515617707660005,
      "bootstrap_gain_p05_std": 0.0,
      "confidence_corr_mean": 0.4864730137198139,
      "confidence_corr_std": 0.0,
      "eligible_for_pass": 1,
      "feature_set": "B_candidate_output_deltas",
      "head": "hgb",
      "ignored_n_mean": 11.0,
      "ignored_n_std": 0.0,
      "intervention_precision_mean": 0.6024096385542169,
      "intervention_precision_std": 0.0,
      "intervention_rate_mean": 0.8844221105527639,
      "intervention_rate_std": 0.0,
      "labeled_n_mean": 188.0,
      "labeled_n_std": 0.0,
      "mean_oracle_gated_gain_mean": 0.5100788232344562,
      "mean_oracle_gated_gain_std": 0.0,
      "nochange_false_intervention_rate_mean": 0.7674418604651163,
      "nochange_false_intervention_rate_std": 0.0,
      "oracle_recovery_mean": 0.8903633140485342,
      "oracle_recovery_std": 0.0,
      "passes_line": false,
      "precision_gap_vs_shuffled": 0.02526678141135974,
      "residual_low_false_intervention_rate_mean": 0.8928571428571429,
      "residual_low_false_intervention_rate_std": 0.0,
      "sim_delta_vs_official_mean": 0.5100788232344562,
      "sim_delta_vs_official_std": 0.0,
      "split_family": "beta_bin",
      "split_group": "beta_bin=1.4<=beta<1.7",
      "splits": 1,
      "strong_nochange_false_intervention_rate_mean": 0.7857142857142857,
      "strong_nochange_false_intervention_rate_std": 0.0,
      "target_margin": 0.15
    },
    {
      "bootstrap_gain_p05_mean": 0.5234274765310032,
      "bootstrap_gain_p05_std": 0.0,
      "confidence_corr_mean": 0.4293538585257714,
      "confidence_corr_std": 0.0,
      "eligible_for_pass": 1,
      "feature_set": "B_candidate_output_deltas",
      "head": "hgb",
      "ignored_n_mean": 8.0,
      "ignored_n_std": 0.0,
      "intervention_precision_mean": 0.6625766871165644,
      "intervention_precision_std": 0.0,
      "intervention_rate_mean": 0.8673469387755102,
      "intervention_rate_std": 0.0,
      "labeled_n_mean": 188.0,
      "labeled_n_std": 0.0,
      "mean_oracle_gated_gain_mean": 0.6790275297129507,
      "mean_oracle_gated_gain_std": 0.0,
      "nochange_false_intervention_rate_mean": 0.7432432432432432,
      "nochange_false_intervention_rate_std": 0.0,
      "oracle_recovery_mean": 0.8817814768379684,
      "oracle_recovery_std": 0.0,
      "passes_line": false,
      "precision_gap_vs_shuffled": 0.0162352237019302,
      "residual_low_false_intervention_rate_mean": 0.8425925925925926,
      "residual_low_false_intervention_rate_std": 0.0,
      "sim_delta_vs_official_mean": 0.6790275297129507,
      "sim_delta_vs_official_std": 0.0,
      "split_family": "beta_bin",
      "split_group": "beta_bin=beta<0.8",
      "splits": 1,
      "strong_nochange_false_intervention_rate_mean": 0.6153846153846154,
      "strong_nochange_false_intervention_rate_std": 0.0,
      "target_margin": 0.15
    },
    {
      "bootstrap_gain_p05_mean": 0.38492856327111113,
      "bootstrap_gain_p05_std": 0.0,
      "confidence_corr_mean": 0.3704268378297323,
      "confidence_corr_std": 0.0,
      "eligible_for_pass": 1,
      "feature_set": "B_candidate_output_deltas",
      "head": "hgb",
      "ignored_n_mean": 16.0,
      "ignored_n_std": 0.0,
      "intervention_precision_mean": 0.630057803468208,
      "intervention_precision_std": 0.0,
      "intervention_rate_mean": 0.8577981651376146,
      "intervention_rate_std": 0.0,
      "labeled_n_mean": 202.0,
      "labeled_n_std": 0.0,
      "mean_oracle_gated_gain_mean": 0.5012017924327211,
      "mean_oracle_gated_gain_std": 0.0,
      "nochange_false_intervention_rate_mean": 0.7272727272727273,
      "nochange_false_intervention_rate_std": 0.0,
      "oracle_recovery_mean": 0.8712163620819733,
      "oracle_recovery_std": 0.0,
      "passes_line": false,
      "precision_gap_vs_shuffled": 0.014238594428660045,
      "residual_low_false_intervention_rate_mean": 1.0,
      "residual_low_false_intervention_rate_std": 0.0,
      "sim_delta_vs_official_mean": 0.5012017924327211,
      "sim_delta_vs_official_std": 0.0,
      "split_family": "beta_bin",
      "split_group": "beta_bin=beta>=1.7",
      "splits": 1,
      "strong_nochange_false_intervention_rate_mean": 0.75,
      "strong_nochange_false_intervention_rate_std": 0.0,
      "target_margin": 0.15
    },
    {
      "bootstrap_gain_p05_mean": 0.9119912442895516,
      "bootstrap_gain_p05_std": 0.0,
      "confidence_corr_mean": 0.19423643432439106,
      "confidence_corr_std": 0.0,
      "eligible_for_pass": 1,
      "feature_set": "B_candidate_output_deltas",
      "head": "hgb",
      "ignored_n_mean": 7.0,
      "ignored_n_std": 0.0,
      "intervention_precision_mean": 0.7098445595854922,
      "intervention_precision_std": 0.0,
      "intervention_rate_mean": 0.9803921568627451,
      "intervention_rate_std": 0.0,
      "labeled_n_mean": 197.0,
      "labeled_n_std": 0.0,
      "mean_oracle_gated_gain_mean": 1.0430893577336706,
      "mean_oracle_gated_gain_std": 0.0,
      "nochange_false_intervention_rate_mean": 0.9333333333333333,
      "nochange_false_intervention_rate_std": 0.0,
      "oracle_recovery_mean": 0.9503024543109139,
      "oracle_recovery_std": 0.0,
      "passes_line": false,
      "precision_gap_vs_shuffled": 0.014413087504273947,
      "residual_low_false_intervention_rate_mean": 0.984375,
      "residual_low_false_intervention_rate_std": 0.0,
      "sim_delta_vs_official_mean": 1.0430893577336706,
      "sim_delta_vs_official_std": 0.0,
      "split_family": "content_cluster",
      "split_group": "content_cluster=content_k5_c0",
      "splits": 1,
      "strong_nochange_false_intervention_rate_mean": 0.0,
      "strong_nochange_false_intervention_rate_std": 0.0,
      "target_margin": 0.15
    },
    {
      "bootstrap_gain_p05_mean": 1.0073107543152329,
      "bootstrap_gain_p05_std": 0.0,
      "confidence_corr_mean": 0.3571473338150343,
      "confidence_corr_std": 0.0,
      "eligible_for_pass": 1,
      "feature_set": "B_candidate_output_deltas",
      "head": "hgb",
      "ignored_n_mean": 2.0,
      "ignored_n_std": 0.0,
      "intervention_precision_mean": 0.7476635514018691,
      "intervention_precision_std": 0.0,
      "intervention_rate_mean": 0.9732142857142857,
      "intervention_rate_std": 0.0,
      "labeled_n_mean": 110.0,
      "labeled_n_std": 0.0,
      "mean_oracle_gated_gain_mean": 1.2995315182615943,
      "mean_oracle_gated_gain_std": 0.0,
      "nochange_false_intervention_rate_mean": 0.9,
      "nochange_false_intervention_rate_std": 0.0,
      "oracle_recovery_mean": 0.9604492834000646,
      "oracle_recovery_std": 0.0,
      "passes_line": false,
      "precision_gap_vs_shuffled": 0.013718597273428723,
      "residual_low_false_intervention_rate_mean": 1.0,
      "residual_low_false_intervention_rate_std": 0.0,
      "sim_delta_vs_official_mean": 1.2995315182615943,
      "sim_delta_vs_official_std": 0.0,
      "split_family": "content_cluster",
      "split_group": "content_cluster=content_k5_c1",
      "splits": 1,
      "strong_nochange_false_intervention_rate_mean": 1.0,
      "strong_nochange_false_intervention_rate_std": 0.0,
      "target_margin": 0.15
    },
    {
      "bootstrap_gain_p05_mean": 0.02751254845064943,
      "bootstrap_gain_p05_std": 0.0,
      "confidence_corr_mean": 0.326565452087827,
      "confidence_corr_std": 0.0,
      "eligible_for_pass": 1,
      "feature_set": "B_candidate_output_deltas",
      "head": "hgb",
      "ignored_n_mean": 22.0,
      "ignored_n_std": 0.0,
      "intervention_precision_mean": 0.413953488372093,
      "intervention_precision_std": 0.0,
      "intervention_rate_mean": 0.9080459770114943,
      "intervention_rate_std": 0.0,
      "labeled_n_mean": 239.0,
      "labeled_n_std": 0.0,
      "mean_oracle_gated_gain_mean": 0.0792521268322373,
      "mean_oracle_gated_gain_std": 0.0,
      "nochange_false_intervention_rate_mean": 0.8456375838926175,
      "nochange_false_intervention_rate_std": 0.0,
      "oracle_recovery_mean": 0.36034060334430373,
      "oracle_recovery_std": 0.0,
      "passes_line": false,
      "precision_gap_vs_shuffled": 0.015723399876517774,
      "residual_low_false_intervention_rate_mean": 0.9666666666666667,
      "residual_low_false_intervention_rate_std": 0.0,
      "sim_delta_vs_official_mean": 0.0792521268322373,
      "sim_delta_vs_official_std": 0.0,
      "split_family": "content_cluster",
      "split_group": "content_cluster=content_k5_c2",
      "splits": 1,
      "strong_nochange_false_intervention_rate_mean": 0.9195402298850575,
      "strong_nochange_false_intervention_rate_std": 0.0,
      "target_margin": 0.15
    },
    {
      "bootstrap_gain_p05_mean": 0.6079838689333709,
      "bootstrap_gain_p05_std": 0.0,
      "confidence_corr_mean": 0.21643435621254029,
      "confidence_corr_std": 0.0,
      "eligible_for_pass": 1,
      "feature_set": "B_candidate_output_deltas",
      "head": "hgb",
      "ignored_n_mean": 7.0,
      "ignored_n_std": 0.0,
      "intervention_precision_mean": 0.6881720430107527,
      "intervention_precision_std": 0.0,
      "intervention_rate_mean": 0.9796954314720813,
      "intervention_rate_std": 0.0,
      "labeled_n_mean": 190.0,
      "labeled_n_std": 0.0,
      "mean_oracle_gated_gain_mean": 0.7523884401253303,
      "mean_oracle_gated_gain_std": 0.0,
      "nochange_false_intervention_rate_mean": 0.9354838709677419,
      "nochange_false_intervention_rate_std": 0.0,
      "oracle_recovery_mean": 0.9173120661756037,
      "oracle_recovery_std": 0.0,
      "passes_line": false,
      "precision_gap_vs_shuffled": 0.014487832484436969,
      "residual_low_false_intervention_rate_mean": 1.0,
      "residual_low_false_intervention_rate_std": 0.0,
      "sim_delta_vs_official_mean": 0.7523884401253303,
      "sim_delta_vs_official_std": 0.0,
      "split_family": "content_cluster",
      "split_group": "content_cluster=content_k5_c3",
      "splits": 1,
      "strong_nochange_false_intervention_rate_mean": 0.0,
      "strong_nochange_false_intervention_rate_std": 0.0,
      "target_margin": 0.15
    },
    {
      "bootstrap_gain_p05_mean": 0.1221615912318622,
      "bootstrap_gain_p05_std": 0.0,
      "confidence_corr_mean": 0.3732959557285802,
      "confidence_corr_std": 0.0,
      "eligible_for_pass": 1,
      "feature_set": "B_candidate_output_deltas",
      "head": "hgb",
      "ignored_n_mean": 28.0,
      "ignored_n_std": 0.0,
      "intervention_precision_mean": 0.5058139534883721,
      "intervention_precision_std": 0.0,
      "intervention_rate_mean": 0.8672566371681416,
      "intervention_rate_std": 0.0,
      "labeled_n_mean": 198.0,
      "labeled_n_std": 0.0,
      "mean_oracle_gated_gain_mean": 0.1693900812958356,
      "mean_oracle_gated_gain_std": 0.0,
      "nochange_false_intervention_rate_mean": 0.7727272727272727,
      "nochange_false_intervention_rate_std": 0.0,
      "oracle_recovery_mean": 0.7435490073674577,
      "oracle_recovery_std": 0.0,
      "passes_line": false,
      "precision_gap_vs_shuffled": 0.0301382778126964,
      "residual_low_false_intervention_rate_mean": 0.9387755102040817,
      "residual_low_false_intervention_rate_std": 0.0,
      "sim_delta_vs_official_mean": 0.1693900812958356,
      "sim_delta_vs_official_std": 0.0,
      "split_family": "content_cluster",
      "split_group": "content_cluster=content_k5_c4",
      "splits": 1,
      "strong_nochange_false_intervention_rate_mean": 0.8857142857142857,
      "strong_nochange_false_intervention_rate_std": 0.0,
      "target_margin": 0.15
    },
    {
      "bootstrap_gain_p05_mean": 0.4912491789245032,
      "bootstrap_gain_p05_std": 0.0,
      "confidence_corr_mean": 0.4808293380608001,
      "confidence_corr_std": 0.0,
      "eligible_for_pass": 1,
      "feature_set": "B_candidate_output_deltas",
      "head": "hgb",
      "ignored_n_mean": 11.0,
      "ignored_n_std": 0.0,
      "intervention_precision_mean": 0.6190476190476191,
      "intervention_precision_std": 0.0,
      "intervention_rate_mean": 0.788,
      "intervention_rate_std": 0.0,
      "labeled_n_mean": 239.0,
      "labeled_n_std": 0.0,
      "mean_oracle_gated_gain_mean": 0.6363181330011414,
      "mean_oracle_gated_gain_std": 0.0,
      "nochange_false_intervention_rate_mean": 0.631578947368421,
      "nochange_false_intervention_rate_std": 0.0,
      "oracle_recovery_mean": 0.88797166613693,
      "oracle_recovery_std": 0.0,
      "passes_line": false,
      "precision_gap_vs_shuffled": 0.048292902066486953,
      "residual_low_false_intervention_rate_mean": 0.9166666666666666,
      "residual_low_false_intervention_rate_std": 0.0,
      "sim_delta_vs_official_mean": 0.6363181330011414,
      "sim_delta_vs_official_std": 0.0,
      "split_family": "cr_strength_bin",
      "split_group": "cr_strength_bin=midhigh_cr_q3",
      "splits": 1,
      "strong_nochange_false_intervention_rate_mean": 0.5652173913043478,
      "strong_nochange_false_intervention_rate_std": 0.0,
      "target_margin": 0.15
    },
    {
      "bootstrap_gain_p05_mean": 0.5907653292252537,
      "bootstrap_gain_p05_std": 0.0,
      "confidence_corr_mean": 0.38654717841589004,
      "confidence_corr_std": 0.0,
      "eligible_for_pass": 1,
      "feature_set": "B_candidate_output_deltas",
      "head": "hgb",
      "ignored_n_mean": 9.0,
      "ignored_n_std": 0.0,
      "intervention_precision_mean": 0.6621004566210046,
      "intervention_precision_std": 0.0,
      "intervention_rate_mean": 0.912,
      "intervention_rate_std": 0.0,
      "labeled_n_mean": 241.0,
      "labeled_n_std": 0.0,
      "mean_oracle_gated_gain_mean": 0.7207653405054567,
      "mean_oracle_gated_gain_std": 0.0,
      "nochange_false_intervention_rate_mean": 0.7789473684210526,
      "nochange_false_intervention_rate_std": 0.0,
      "oracle_recovery_mean": 0.919946429490478,
      "oracle_recovery_std": 0.0,
      "passes_line": false,
      "precision_gap_vs_shuffled": 0.02493231502808424,
      "residual_low_false_intervention_rate_mean": 1.0,
      "residual_low_false_intervention_rate_std": 0.0,
      "sim_delta_vs_official_mean": 0.7207653405054567,
      "sim_delta_vs_official_std": 0.0,
      "split_family": "cr_strength_bin",
      "split_group": "cr_strength_bin=midlow_cr_q2",
      "splits": 1,
      "strong_nochange_false_intervention_rate_mean": 1.0,
      "strong_nochange_false_intervention_rate_std": 0.0,
      "target_margin": 0.15
    },
    {
      "bootstrap_gain_p05_mean": 0.17817836038006926,
      "bootstrap_gain_p05_std": 0.0,
      "confidence_corr_mean": 0.4534925551308383,
      "confidence_corr_std": 0.0,
      "eligible_for_pass": 1,
      "feature_set": "B_candidate_output_deltas",
      "head": "hgb",
      "ignored_n_mean": 31.0,
      "ignored_n_std": 0.0,
      "intervention_precision_mean": 0.5444444444444444,
      "intervention_precision_std": 0.0,
      "intervention_rate_mean": 0.824,
      "intervention_rate_std": 0.0,
      "labeled_n_mean": 219.0,
      "labeled_n_std": 0.0,
      "mean_oracle_gated_gain_mean": 0.24827439080205052,
      "mean_oracle_gated_gain_std": 0.0,
      "nochange_false_intervention_rate_mean": 0.7192982456140351,
      "nochange_false_intervention_rate_std": 0.0,
      "oracle_recovery_mean": 0.7896301364342242,
      "oracle_recovery_std": 0.0,
      "passes_line": false,
      "precision_gap_vs_shuffled": 0.01183574879227045,
      "residual_low_false_intervention_rate_mean": 0.8333333333333334,
      "residual_low_false_intervention_rate_std": 0.0,
      "sim_delta_vs_official_mean": 0.24827439080205052,
      "sim_delta_vs_official_std": 0.0,
      "split_family": "cr_strength_bin",
      "split_group": "cr_strength_bin=strong_cr_q4",
      "splits": 1,
      "strong_nochange_false_intervention_rate_mean": 0.7227722772277227,
      "strong_nochange_false_intervention_rate_std": 0.0,
      "target_margin": 0.15
    },
    {
      "bootstrap_gain_p05_mean": 0.5639230048177114,
      "bootstrap_gain_p05_std": 0.0,
      "confidence_corr_mean": 0.24105009962923285,
      "confidence_corr_std": 0.0,
      "eligible_for_pass": 1,
      "feature_set": "B_candidate_output_deltas",
      "head": "hgb",
      "ignored_n_mean": 15.0,
      "ignored_n_std": 0.0,
      "intervention_precision_mean": 0.6282051282051282,
      "intervention_precision_std": 0.0,
      "intervention_rate_mean": 0.996,
      "intervention_rate_std": 0.0,
      "labeled_n_mean": 235.0,
      "labeled_n_std": 0.0,
      "mean_oracle_gated_gain_mean": 0.7014128800814334,
      "mean_oracle_gated_gain_std": 0.0,
      "nochange_false_intervention_rate_mean": 0.9886363636363636,
      "nochange_false_intervention_rate_std": 0.0,
      "oracle_recovery_mean": 0.9118517115956433,
      "oracle_recovery_std": 0.0,
      "passes_line": false,
      "precision_gap_vs_shuffled": 0.002673213311511158,
      "residual_low_false_intervention_rate_mean": 1.0,
      "residual_low_false_intervention_rate_std": 0.0,
      "sim_delta_vs_official_mean": 0.7014128800814334,
      "sim_delta_vs_official_std": 0.0,
      "split_family": "cr_strength_bin",
      "split_group": "cr_strength_bin=weak_cr_q1",
      "splits": 1,
      "strong_nochange_false_intervention_rate_mean": 0.0,
      "strong_nochange_false_intervention_rate_std": 0.0,
      "target_margin": 0.15
    },
    {
      "bootstrap_gain_p05_mean": 0.1123510137065783,
      "bootstrap_gain_p05_std": 0.0,
      "confidence_corr_mean": 0.38410549722140247,
      "confidence_corr_std": 0.0,
      "eligible_for_pass": 1,
      "feature_set": "B_candidate_output_deltas",
      "head": "hgb",
      "ignored_n_mean": 14.0,
      "ignored_n_std": 0.0,
      "intervention_precision_mean": 0.4627659574468085,
      "intervention_precision_std": 0.0,
      "intervention_rate_mean": 0.796,
      "intervention_rate_std": 0.0,
      "labeled_n_mean": 236.0,
      "labeled_n_std": 0.0,
      "mean_oracle_gated_gain_mean": 0.17186322517634842,
      "mean_oracle_gated_gain_std": 0.0,
      "nochange_false_intervention_rate_mean": 0.7112676056338029,
      "nochange_false_intervention_rate_std": 0.0,
      "oracle_recovery_mean": 0.6196676332317188,
      "oracle_recovery_std": 0.0,
      "passes_line": false,
      "precision_gap_vs_shuffled": 0.0334730281538792,
      "residual_low_false_intervention_rate_mean": 0.8611111111111112,
      "residual_low_false_intervention_rate_std": 0.0,
      "sim_delta_vs_official_mean": 0.17186322517634842,
      "sim_delta_vs_official_std": 0.0,
      "split_family": "official_strength_bin",
      "split_group": "official_strength_bin=midhigh_official_q3",
      "splits": 1,
      "strong_nochange_false_intervention_rate_mean": 0.0,
      "strong_nochange_false_intervention_rate_std": 0.0,
      "target_margin": 0.15
    },
    {
      "bootstrap_gain_p05_mean": 0.5704322973071642,
      "bootstrap_gain_p05_std": 0.0,
      "confidence_corr_mean": 0.2215983496006655,
      "confidence_corr_std": 0.0,
      "eligible_for_pass": 1,
      "feature_set": "B_candidate_output_deltas",
      "head": "hgb",
      "ignored_n_mean": 17.0,
      "ignored_n_std": 0.0,
      "intervention_precision_mean": 0.62882096069869,
      "intervention_precision_std": 0.0,
      "intervention_rate_mean": 0.964,
      "intervention_rate_std": 0.0,
      "labeled_n_mean": 233.0,
      "labeled_n_std": 0.0,
      "mean_oracle_gated_gain_mean": 0.6946650098764284,
      "mean_oracle_gated_gain_std": 0.0,
      "nochange_false_intervention_rate_mean": 0.9659090909090909,
      "nochange_false_intervention_rate_std": 0.0,
      "oracle_recovery_mean": 0.8965097051119463,
      "oracle_recovery_std": 0.0,
      "passes_line": false,
      "precision_gap_vs_shuffled": -0.0016138219100056972,
      "residual_low_false_intervention_rate_mean": 1.0,
      "residual_low_false_intervention_rate_std": 0.0,
      "sim_delta_vs_official_mean": 0.6946650098764284,
      "sim_delta_vs_official_std": 0.0,
      "split_family": "official_strength_bin",
      "split_group": "official_strength_bin=midlow_official_q2",
      "splits": 1,
      "strong_nochange_false_intervention_rate_mean": 0.0,
      "strong_nochange_false_intervention_rate_std": 0.0,
      "target_margin": 0.15
    },
    {
      "bootstrap_gain_p05_mean": 0.06293146759773723,
      "bootstrap_gain_p05_std": 0.0,
      "confidence_corr_mean": 0.2268185322129122,
      "confidence_corr_std": 0.0,
      "eligible_for_pass": 1,
      "feature_set": "B_candidate_output_deltas",
      "head": "hgb",
      "ignored_n_mean": 28.0,
      "ignored_n_std": 0.0,
      "intervention_precision_mean": 0.48677248677248675,
      "intervention_precision_std": 0.0,
      "intervention_rate_mean": 0.86,
      "intervention_rate_std": 0.0,
      "labeled_n_mean": 222.0,
      "labeled_n_std": 0.0,
      "mean_oracle_gated_gain_mean": 0.10753091754140402,
      "mean_oracle_gated_gain_std": 0.0,
      "nochange_false_intervention_rate_mean": 0.776,
      "nochange_false_intervention_rate_std": 0.0,
      "oracle_recovery_mean": 0.528033104902328,
      "oracle_recovery_std": 0.0,
      "passes_line": false,
      "precision_gap_vs_shuffled": 0.012282690854119371,
      "residual_low_false_intervention_rate_mean": 0.8947368421052632,
      "residual_low_false_intervention_rate_std": 0.0,
      "sim_delta_vs_official_mean": 0.10753091754140402,
      "sim_delta_vs_official_std": 0.0,
      "split_family": "official_strength_bin",
      "split_group": "official_strength_bin=strong_official_q4",
      "splits": 1,
      "strong_nochange_false_intervention_rate_mean": 0.776,
      "strong_nochange_false_intervention_rate_std": 0.0,
      "target_margin": 0.15
    },
    {
      "bootstrap_gain_p05_mean": 1.122942064260914,
      "bootstrap_gain_p05_std": 0.0,
      "confidence_corr_mean": 0.24854523640668524,
      "confidence_corr_std": 0.0,
      "eligible_for_pass": 1,
      "feature_set": "B_candidate_output_deltas",
      "head": "hgb",
      "ignored_n_mean": 7.0,
      "ignored_n_std": 0.0,
      "intervention_precision_mean": 0.775,
      "intervention_precision_std": 0.0,
      "intervention_rate_mean": 0.984,
      "intervention_rate_std": 0.0,
      "labeled_n_mean": 243.0,
      "labeled_n_std": 0.0,
      "mean_oracle_gated_gain_mean": 1.2862753384946184,
      "mean_oracle_gated_gain_std": 0.0,
      "nochange_false_intervention_rate_mean": 0.9642857142857143,
      "nochange_false_intervention_rate_std": 0.0,
      "oracle_recovery_mean": 0.9686730304041964,
      "oracle_recovery_std": 0.0,
      "passes_line": false,
      "precision_gap_vs_shuffled": 0.0032157676348547604,
      "residual_low_false_intervention_rate_mean": 1.0,
      "residual_low_false_intervention_rate_std": 0.0,
      "sim_delta_vs_official_mean": 1.2862753384946184,
      "sim_delta_vs_official_std": 0.0,
      "split_family": "official_strength_bin",
      "split_group": "official_strength_bin=weak_official_q1",
      "splits": 1,
      "strong_nochange_false_intervention_rate_mean": 0.0,
      "strong_nochange_false_intervention_rate_std": 0.0,
      "target_margin": 0.15
    },
    {
      "bootstrap_gain_p05_mean": 0.5129757864936001,
      "bootstrap_gain_p05_std": 0.07885541188570061,
      "confidence_corr_mean": 0.48188914291735796,
      "confidence_corr_std": 0.045631398672802144,
      "eligible_for_pass": 1,
      "feature_set": "B_candidate_output_deltas",
      "head": "hgb",
      "ignored_n_mean": 16.333333333333332,
      "ignored_n_std": 2.8674417556808756,
      "intervention_precision_mean": 0.6429990714807522,
      "intervention_precision_std": 0.02208144781049493,
      "intervention_rate_mean": 0.8506666666666667,
      "intervention_rate_std": 0.007542472332656513,
      "labeled_n_mean": 233.66666666666666,
      "labeled_n_std": 2.8674417556808756,
      "mean_oracle_gated_gain_mean": 0.642233845348771,
      "mean_oracle_gated_gain_std": 0.08211052076636939,
      "nochange_false_intervention_rate_mean": 0.6958916900093369,
      "nochange_false_intervention_rate_std": 0.028926532522411928,
      "oracle_recovery_mean": 0.9105753290452147,
      "oracle_recovery_std": 0.023642219758979375,
      "passes_line": false,
      "precision_gap_vs_shuffled": 0.03721382235156856,
      "residual_low_false_intervention_rate_mean": 0.8321691491183016,
      "residual_low_false_intervention_rate_std": 0.04822211416423588,
      "sim_delta_vs_official_mean": 0.642233845348771,
      "sim_delta_vs_official_std": 0.08211052076636939,
      "split_family": "random",
      "split_group": "random",
      "splits": 3,
      "strong_nochange_false_intervention_rate_mean": 0.5640303968477344,
      "strong_nochange_false_intervention_rate_std": 0.05116293853828333,
      "target_margin": 0.15
    },
    {
      "bootstrap_gain_p05_mean": 0.5998732540604262,
      "bootstrap_gain_p05_std": 0.0,
      "confidence_corr_mean": 0.3726233049114288,
      "confidence_corr_std": 0.0,
      "eligible_for_pass": 1,
      "feature_set": "B_candidate_output_deltas",
      "head": "hgb",
      "ignored_n_mean": 18.0,
      "ignored_n_std": 0.0,
      "intervention_precision_mean": 0.5352112676056338,
      "intervention_precision_std": 0.0,
      "intervention_rate_mean": 0.92,
      "intervention_rate_std": 0.0,
      "labeled_n_mean": 232.0,
      "labeled_n_std": 0.0,
      "mean_oracle_gated_gain_mean": 0.7683345799430196,
      "mean_oracle_gated_gain_std": 0.0,
      "nochange_false_intervention_rate_mean": 0.8608695652173913,
      "nochange_false_intervention_rate_std": 0.0,
      "oracle_recovery_mean": 0.8916164294836729,
      "oracle_recovery_std": 0.0,
      "passes_line": false,
      "precision_gap_vs_shuffled": 0.01751215256138594,
      "residual_low_false_intervention_rate_mean": 0.0,
      "residual_low_false_intervention_rate_std": 0.0,
      "sim_delta_vs_official_mean": 0.7683345799430196,
      "sim_delta_vs_official_std": 0.0,
      "split_family": "residual_energy_bin",
      "split_group": "residual_energy_bin=residual_high_q4",
      "splits": 1,
      "strong_nochange_false_intervention_rate_mean": 0.8181818181818182,
      "strong_nochange_false_intervention_rate_std": 0.0,
      "target_margin": 0.15
    },
    {
      "bootstrap_gain_p05_mean": 0.2900820741050097,
      "bootstrap_gain_p05_std": 0.0,
      "confidence_corr_mean": 0.41941578117532397,
      "confidence_corr_std": 0.0,
      "eligible_for_pass": 1,
      "feature_set": "B_candidate_output_deltas",
      "head": "hgb",
      "ignored_n_mean": 25.0,
      "ignored_n_std": 0.0,
      "intervention_precision_mean": 0.6612903225806451,
      "intervention_precision_std": 0.0,
      "intervention_rate_mean": 0.824,
      "intervention_rate_std": 0.0,
      "labeled_n_mean": 225.0,
      "labeled_n_std": 0.0,
      "mean_oracle_gated_gain_mean": 0.3621770062643486,
      "mean_oracle_gated_gain_std": 0.0,
      "nochange_false_intervention_rate_mean": 0.6702127659574468,
      "nochange_false_intervention_rate_std": 0.0,
      "oracle_recovery_mean": 0.8430903144119912,
      "oracle_recovery_std": 0.0,
      "passes_line": false,
      "precision_gap_vs_shuffled": 0.04060066740823132,
      "residual_low_false_intervention_rate_mean": 0.824,
      "residual_low_false_intervention_rate_std": 0.0,
      "sim_delta_vs_official_mean": 0.3621770062643486,
      "sim_delta_vs_official_std": 0.0,
      "split_family": "residual_energy_bin",
      "split_group": "residual_energy_bin=residual_low_q1",
      "splits": 1,
      "strong_nochange_false_intervention_rate_mean": 0.6176470588235294,
      "strong_nochange_false_intervention_rate_std": 0.0,
      "target_margin": 0.15
    },
    {
      "bootstrap_gain_p05_mean": 0.5895063154540533,
      "bootstrap_gain_p05_std": 0.0,
      "confidence_corr_mean": 0.4020681736820325,
      "confidence_corr_std": 0.0,
      "eligible_for_pass": 1,
      "feature_set": "B_candidate_output_deltas",
      "head": "hgb",
      "ignored_n_mean": 8.0,
      "ignored_n_std": 0.0,
      "intervention_precision_mean": 0.6617647058823529,
      "intervention_precision_std": 0.0,
      "intervention_rate_mean": 0.848,
      "intervention_rate_std": 0.0,
      "labeled_n_mean": 242.0,
      "labeled_n_std": 0.0,
      "mean_oracle_gated_gain_mean": 0.7102357907935745,
      "mean_oracle_gated_gain_std": 0.0,
      "nochange_false_intervention_rate_mean": 0.6699029126213593,
      "nochange_false_intervention_rate_std": 0.0,
      "oracle_recovery_mean": 0.9190709757091934,
      "oracle_recovery_std": 0.0,
      "passes_line": false,
      "precision_gap_vs_shuffled": 0.020255271920088802,
      "residual_low_false_intervention_rate_mean": 0.0,
      "residual_low_false_intervention_rate_std": 0.0,
      "sim_delta_vs_official_mean": 0.7102357907935745,
      "sim_delta_vs_official_std": 0.0,
      "split_family": "residual_energy_bin",
      "split_group": "residual_energy_bin=residual_midhigh_q3",
      "splits": 1,
      "strong_nochange_false_intervention_rate_mean": 0.625,
      "strong_nochange_false_intervention_rate_std": 0.0,
      "target_margin": 0.15
    },
    {
      "bootstrap_gain_p05_mean": 0.36582005166281184,
      "bootstrap_gain_p05_std": 0.0,
      "confidence_corr_mean": 0.4949555569226567,
      "confidence_corr_std": 0.0,
      "eligible_for_pass": 1,
      "feature_set": "B_candidate_output_deltas",
      "head": "hgb",
      "ignored_n_mean": 15.0,
      "ignored_n_std": 0.0,
      "intervention_precision_mean": 0.6633165829145728,
      "intervention_precision_std": 0.0,
      "intervention_rate_mean": 0.844,
      "intervention_rate_std": 0.0,
      "labeled_n_mean": 235.0,
      "labeled_n_std": 0.0,
      "mean_oracle_gated_gain_mean": 0.44988762542414,
      "mean_oracle_gated_gain_std": 0.0,
      "nochange_false_intervention_rate_mean": 0.6767676767676768,
      "nochange_false_intervention_rate_std": 0.0,
      "oracle_recovery_mean": 0.8657851946287886,
      "oracle_recovery_std": 0.0,
      "passes_line": false,
      "precision_gap_vs_shuffled": 0.0558399474005542,
      "residual_low_false_intervention_rate_mean": 0.0,
      "residual_low_false_intervention_rate_std": 0.0,
      "sim_delta_vs_official_mean": 0.44988762542414,
      "sim_delta_vs_official_std": 0.0,
      "split_family": "residual_energy_bin",
      "split_group": "residual_energy_bin=residual_midlow_q2",
      "splits": 1,
      "strong_nochange_false_intervention_rate_mean": 0.5263157894736842,
      "strong_nochange_false_intervention_rate_std": 0.0,
      "target_margin": 0.15
    },
    {
      "bootstrap_gain_p05_mean": 0.3767106118166233,
      "bootstrap_gain_p05_std": 0.0,
      "confidence_corr_mean": 0.40222045072610096,
      "confidence_corr_std": 0.0,
      "eligible_for_pass": 1,
      "feature_set": "C_official_internal",
      "head": "hgb",
      "ignored_n_mean": 12.0,
      "ignored_n_std": 0.0,
      "intervention_precision_mean": 0.6,
      "intervention_precision_std": 0.0,
      "intervention_rate_mean": 0.8556701030927835,
      "intervention_rate_std": 0.0,
      "labeled_n_mean": 182.0,
      "labeled_n_std": 0.0,
      "mean_oracle_gated_gain_mean": 0.5007958950470128,
      "mean_oracle_gated_gain_std": 0.0,
      "nochange_false_intervention_rate_mean": 0.7294117647058823,
      "nochange_false_intervention_rate_std": 0.0,
      "oracle_recovery_mean": 0.8675864485689956,
      "oracle_recovery_std": 0.0,
      "passes_line": false,
      "precision_gap_vs_shuffled": 0.038596491228070184,
      "residual_low_false_intervention_rate_mean": 0.8392857142857143,
      "residual_low_false_intervention_rate_std": 0.0,
      "sim_delta_vs_official_mean": 0.5007958950470128,
      "sim_delta_vs_official_std": 0.0,
      "split_family": "airlight_bin",
      "split_group": "airlight_bin=0.65<=A<0.75",
      "splits": 1,
      "strong_nochange_false_intervention_rate_mean": 0.6666666666666666,
      "strong_nochange_false_intervention_rate_std": 0.0,
      "target_margin": 0.15
    },
    {
      "bootstrap_gain_p05_mean": 0.4480504602688555,
      "bootstrap_gain_p05_std": 0.0,
      "confidence_corr_mean": 0.5734642084337968,
      "confidence_corr_std": 0.0,
      "eligible_for_pass": 1,
      "feature_set": "C_official_internal",
      "head": "hgb",
      "ignored_n_mean": 14.0,
      "ignored_n_std": 0.0,
      "intervention_precision_mean": 0.7207792207792207,
      "intervention_precision_std": 0.0,
      "intervention_rate_mean": 0.780952380952381,
      "intervention_rate_std": 0.0,
      "labeled_n_mean": 196.0,
      "labeled_n_std": 0.0,
      "mean_oracle_gated_gain_mean": 0.5434055406466695,
      "mean_oracle_gated_gain_std": 0.0,
      "nochange_false_intervention_rate_mean": 0.5512820512820513,
      "nochange_false_intervention_rate_std": 0.0,
      "oracle_recovery_mean": 0.9049910262707361,
      "oracle_recovery_std": 0.0,
      "passes_line": false,
      "precision_gap_vs_shuffled": 0.050120538144490245,
      "residual_low_false_intervention_rate_mean": 0.8148148148148148,
      "residual_low_false_intervention_rate_std": 0.0,
      "sim_delta_vs_official_mean": 0.5434055406466695,
      "sim_delta_vs_official_std": 0.0,
      "split_family": "airlight_bin",
      "split_group": "airlight_bin=0.75<=A<0.85",
      "splits": 1,
      "strong_nochange_false_intervention_rate_mean": 0.5,
      "strong_nochange_false_intervention_rate_std": 0.0,
      "target_margin": 0.15
    },
    {
      "bootstrap_gain_p05_mean": 0.3798909011291229,
      "bootstrap_gain_p05_std": 0.0,
      "confidence_corr_mean": 0.4936199670505056,
      "confidence_corr_std": 0.0,
      "eligible_for_pass": 1,
      "feature_set": "C_official_internal",
      "head": "hgb",
      "ignored_n_mean": 16.0,
      "ignored_n_std": 0.0,
      "intervention_precision_mean": 0.5851851851851851,
      "intervention_precision_std": 0.0,
      "intervention_rate_mean": 0.84,
      "intervention_rate_std": 0.0,
      "labeled_n_mean": 159.0,
      "labeled_n_std": 0.0,
      "mean_oracle_gated_gain_mean": 0.5015534817579939,
      "mean_oracle_gated_gain_std": 0.0,
      "nochange_false_intervention_rate_mean": 0.717948717948718,
      "nochange_false_intervention_rate_std": 0.0,
      "oracle_recovery_mean": 0.898150783012616,
      "oracle_recovery_std": 0.0,
      "passes_line": false,
      "precision_gap_vs_shuffled": 0.033461047254150666,
      "residual_low_false_intervention_rate_mean": 0.875,
      "residual_low_false_intervention_rate_std": 0.0,
      "sim_delta_vs_official_mean": 0.5015534817579939,
      "sim_delta_vs_official_std": 0.0,
      "split_family": "airlight_bin",
      "split_group": "airlight_bin=0.85<=A<0.95",
      "splits": 1,
      "strong_nochange_false_intervention_rate_mean": 0.8571428571428571,
      "strong_nochange_false_intervention_rate_std": 0.0,
      "target_margin": 0.15
    },
    {
      "bootstrap_gain_p05_mean": 0.6200559722211815,
      "bootstrap_gain_p05_std": 0.0,
      "confidence_corr_mean": 0.4333560682653254,
      "confidence_corr_std": 0.0,
      "eligible_for_pass": 1,
      "feature_set": "C_official_internal",
      "head": "hgb",
      "ignored_n_mean": 18.0,
      "ignored_n_std": 0.0,
      "intervention_precision_mean": 0.6696428571428571,
      "intervention_precision_std": 0.0,
      "intervention_rate_mean": 0.8033898305084746,
      "intervention_rate_std": 0.0,
      "labeled_n_mean": 277.0,
      "labeled_n_std": 0.0,
      "mean_oracle_gated_gain_mean": 0.7512392506668311,
      "mean_oracle_gated_gain_std": 0.0,
      "nochange_false_intervention_rate_mean": 0.6548672566371682,
      "nochange_false_intervention_rate_std": 0.0,
      "oracle_recovery_mean": 0.8927388574481057,
      "oracle_recovery_std": 0.0,
      "passes_line": false,
      "precision_gap_vs_shuffled": 0.036578341013824844,
      "residual_low_false_intervention_rate_mean": 0.7340425531914894,
      "residual_low_false_intervention_rate_std": 0.0,
      "sim_delta_vs_official_mean": 0.7512392506668311,
      "sim_delta_vs_official_std": 0.0,
      "split_family": "airlight_bin",
      "split_group": "airlight_bin=A<0.65",
      "splits": 1,
      "strong_nochange_false_intervention_rate_mean": 0.5471698113207547,
      "strong_nochange_false_intervention_rate_std": 0.0,
      "target_margin": 0.15
    },
    {
      "bootstrap_gain_p05_mean": 0.28511870829172337,
      "bootstrap_gain_p05_std": 0.0,
      "confidence_corr_mean": 0.3224998320024775,
      "confidence_corr_std": 0.0,
      "eligible_for_pass": 1,
      "feature_set": "C_official_internal",
      "head": "hgb",
      "ignored_n_mean": 6.0,
      "ignored_n_std": 0.0,
      "intervention_precision_mean": 0.5727272727272728,
      "intervention_precision_std": 0.0,
      "intervention_rate_mean": 0.9206349206349206,
      "intervention_rate_std": 0.0,
      "labeled_n_mean": 120.0,
      "labeled_n_std": 0.0,
      "mean_oracle_gated_gain_mean": 0.4211564512181023,
      "mean_oracle_gated_gain_std": 0.0,
      "nochange_false_intervention_rate_mean": 0.8245614035087719,
      "nochange_false_intervention_rate_std": 0.0,
      "oracle_recovery_mean": 0.8574903732636363,
      "oracle_recovery_std": 0.0,
      "passes_line": false,
      "precision_gap_vs_shuffled": 0.02405470635559137,
      "residual_low_false_intervention_rate_mean": 1.0,
      "residual_low_false_intervention_rate_std": 0.0,
      "sim_delta_vs_official_mean": 0.4211564512181023,
      "sim_delta_vs_official_std": 0.0,
      "split_family": "airlight_bin",
      "split_group": "airlight_bin=A>=0.95",
      "splits": 1,
      "strong_nochange_false_intervention_rate_mean": 1.0,
      "strong_nochange_false_intervention_rate_std": 0.0,
      "target_margin": 0.15
    },
    {
      "bootstrap_gain_p05_mean": 0.3396376321061082,
      "bootstrap_gain_p05_std": 0.0,
      "confidence_corr_mean": 0.4816813589027998,
      "confidence_corr_std": 0.0,
      "eligible_for_pass": 1,
      "feature_set": "C_official_internal",
      "head": "hgb",
      "ignored_n_mean": 12.0,
      "ignored_n_std": 0.0,
      "intervention_precision_mean": 0.5734265734265734,
      "intervention_precision_std": 0.0,
      "intervention_rate_mean": 0.8138297872340425,
      "intervention_rate_std": 0.0,
      "labeled_n_mean": 176.0,
      "labeled_n_std": 0.0,
      "mean_oracle_gated_gain_mean": 0.4641566341676212,
      "mean_oracle_gated_gain_std": 0.0,
      "nochange_false_intervention_rate_mean": 0.6703296703296703,
      "nochange_false_intervention_rate_std": 0.0,
      "oracle_recovery_mean": 0.8646896284250855,
      "oracle_recovery_std": 0.0,
      "passes_line": false,
      "precision_gap_vs_shuffled": 0.06717657342657346,
      "residual_low_false_intervention_rate_mean": 0.8666666666666667,
      "residual_low_false_intervention_rate_std": 0.0,
      "sim_delta_vs_official_mean": 0.4641566341676212,
      "sim_delta_vs_official_std": 0.0,
      "split_family": "beta_bin",
      "split_group": "beta_bin=0.8<=beta<1.1",
      "splits": 1,
      "strong_nochange_false_intervention_rate_mean": 0.6470588235294118,
      "strong_nochange_false_intervention_rate_std": 0.0,
      "target_margin": 0.15
    },
    {
      "bootstrap_gain_p05_mean": 0.5820334191382946,
      "bootstrap_gain_p05_std": 0.0,
      "confidence_corr_mean": 0.5132745578439163,
      "confidence_corr_std": 0.0,
      "eligible_for_pass": 1,
      "feature_set": "C_official_internal",
      "head": "hgb",
      "ignored_n_mean": 19.0,
      "ignored_n_std": 0.0,
      "intervention_precision_mean": 0.7019867549668874,
      "intervention_precision_std": 0.0,
      "intervention_rate_mean": 0.8241206030150754,
      "intervention_rate_std": 0.0,
      "labeled_n_mean": 180.0,
      "labeled_n_std": 0.0,
      "mean_oracle_gated_gain_mean": 0.7278349354239543,
      "mean_oracle_gated_gain_std": 0.0,
      "nochange_false_intervention_rate_mean": 0.625,
      "nochange_false_intervention_rate_std": 0.0,
      "oracle_recovery_mean": 0.936480870798394,
      "oracle_recovery_std": 0.0,
      "passes_line": false,
      "precision_gap_vs_shuffled": 0.04766576731256644,
      "residual_low_false_intervention_rate_mean": 0.8444444444444444,
      "residual_low_false_intervention_rate_std": 0.0,
      "sim_delta_vs_official_mean": 0.7278349354239543,
      "sim_delta_vs_official_std": 0.0,
      "split_family": "beta_bin",
      "split_group": "beta_bin=1.1<=beta<1.4",
      "splits": 1,
      "strong_nochange_false_intervention_rate_mean": 0.5769230769230769,
      "strong_nochange_false_intervention_rate_std": 0.0,
      "target_margin": 0.15
    },
    {
      "bootstrap_gain_p05_mean": 0.3873804298568716,
      "bootstrap_gain_p05_std": 0.0,
      "confidence_corr_mean": 0.4895751539711084,
      "confidence_corr_std": 0.0,
      "eligible_for_pass": 1,
      "feature_set": "C_official_internal",
      "head": "hgb",
      "ignored_n_mean": 11.0,
      "ignored_n_std": 0.0,
      "intervention_precision_mean": 0.6234567901234568,
      "intervention_precision_std": 0.0,
      "intervention_rate_mean": 0.8592964824120602,
      "intervention_rate_std": 0.0,
      "labeled_n_mean": 188.0,
      "labeled_n_std": 0.0,
      "mean_oracle_gated_gain_mean": 0.5132247059669354,
      "mean_oracle_gated_gain_std": 0.0,
      "nochange_false_intervention_rate_mean": 0.7093023255813954,
      "nochange_false_intervention_rate_std": 0.0,
      "oracle_recovery_mean": 0.8958545801974345,
      "oracle_recovery_std": 0.0,
      "passes_line": false,
      "precision_gap_vs_shuffled": 0.046313932980599604,
      "residual_low_false_intervention_rate_mean": 0.9285714285714286,
      "residual_low_false_intervention_rate_std": 0.0,
      "sim_delta_vs_official_mean": 0.5132247059669354,
      "sim_delta_vs_official_std": 0.0,
      "split_family": "beta_bin",
      "split_group": "beta_bin=1.4<=beta<1.7",
      "splits": 1,
      "strong_nochange_false_intervention_rate_mean": 0.7857142857142857,
      "strong_nochange_false_intervention_rate_std": 0.0,
      "target_margin": 0.15
    },
    {
      "bootstrap_gain_p05_mean": 0.5408466557560936,
      "bootstrap_gain_p05_std": 0.0,
      "confidence_corr_mean": 0.3932030314579608,
      "confidence_corr_std": 0.0,
      "eligible_for_pass": 1,
      "feature_set": "C_official_internal",
      "head": "hgb",
      "ignored_n_mean": 8.0,
      "ignored_n_std": 0.0,
      "intervention_precision_mean": 0.6709677419354839,
      "intervention_precision_std": 0.0,
      "intervention_rate_mean": 0.826530612244898,
      "intervention_rate_std": 0.0,
      "labeled_n_mean": 188.0,
      "labeled_n_std": 0.0,
      "mean_oracle_gated_gain_mean": 0.6959599655891789,
      "mean_oracle_gated_gain_std": 0.0,
      "nochange_false_intervention_rate_mean": 0.6891891891891891,
      "nochange_false_intervention_rate_std": 0.0,
      "oracle_recovery_mean": 0.9037698464696334,
      "oracle_recovery_std": 0.0,
      "passes_line": false,
      "precision_gap_vs_shuffled": 0.024626278520849754,
      "residual_low_false_intervention_rate_mean": 0.7777777777777778,
      "residual_low_false_intervention_rate_std": 0.0,
      "sim_delta_vs_official_mean": 0.6959599655891789,
      "sim_delta_vs_official_std": 0.0,
      "split_family": "beta_bin",
      "split_group": "beta_bin=beta<0.8",
      "splits": 1,
      "strong_nochange_false_intervention_rate_mean": 0.48717948717948717,
      "strong_nochange_false_intervention_rate_std": 0.0,
      "target_margin": 0.15
    },
    {
      "bootstrap_gain_p05_mean": 0.3863499369130151,
      "bootstrap_gain_p05_std": 0.0,
      "confidence_corr_mean": 0.3876712954649473,
      "confidence_corr_std": 0.0,
      "eligible_for_pass": 1,
      "feature_set": "C_official_internal",
      "head": "hgb",
      "ignored_n_mean": 16.0,
      "ignored_n_std": 0.0,
      "intervention_precision_mean": 0.6228571428571429,
      "intervention_precision_std": 0.0,
      "intervention_rate_mean": 0.8715596330275229,
      "intervention_rate_std": 0.0,
      "labeled_n_mean": 202.0,
      "labeled_n_std": 0.0,
      "mean_oracle_gated_gain_mean": 0.5062661918368708,
      "mean_oracle_gated_gain_std": 0.0,
      "nochange_false_intervention_rate_mean": 0.75,
      "nochange_false_intervention_rate_std": 0.0,
      "oracle_recovery_mean": 0.8800195780553194,
      "oracle_recovery_std": 0.0,
      "passes_line": false,
      "precision_gap_vs_shuffled": 0.007037933817594877,
      "residual_low_false_intervention_rate_mean": 1.0,
      "residual_low_false_intervention_rate_std": 0.0,
      "sim_delta_vs_official_mean": 0.5062661918368708,
      "sim_delta_vs_official_std": 0.0,
      "split_family": "beta_bin",
      "split_group": "beta_bin=beta>=1.7",
      "splits": 1,
      "strong_nochange_false_intervention_rate_mean": 0.8333333333333334,
      "strong_nochange_false_intervention_rate_std": 0.0,
      "target_margin": 0.15
    },
    {
      "bootstrap_gain_p05_mean": 0.9072565828265907,
      "bootstrap_gain_p05_std": 0.0,
      "confidence_corr_mean": 0.1560624195974563,
      "confidence_corr_std": 0.0,
      "eligible_for_pass": 1,
      "feature_set": "C_official_internal",
      "head": "hgb",
      "ignored_n_mean": 7.0,
      "ignored_n_std": 0.0,
      "intervention_precision_mean": 0.7061855670103093,
      "intervention_precision_std": 0.0,
      "intervention_rate_mean": 0.9852941176470589,
      "intervention_rate_std": 0.0,
      "labeled_n_mean": 197.0,
      "labeled_n_std": 0.0,
      "mean_oracle_gated_gain_mean": 1.0395207205597339,
      "mean_oracle_gated_gain_std": 0.0,
      "nochange_false_intervention_rate_mean": 0.95,
      "nochange_false_intervention_rate_std": 0.0,
      "oracle_recovery_mean": 0.947051261457882,
      "oracle_recovery_std": 0.0,
      "passes_line": false,
      "precision_gap_vs_shuffled": 0.010754094929091074,
      "residual_low_false_intervention_rate_mean": 0.984375,
      "residual_low_false_intervention_rate_std": 0.0,
      "sim_delta_vs_official_mean": 1.0395207205597339,
      "sim_delta_vs_official_std": 0.0,
      "split_family": "content_cluster",
      "split_group": "content_cluster=content_k5_c0",
      "splits": 1,
      "strong_nochange_false_intervention_rate_mean": 0.0,
      "strong_nochange_false_intervention_rate_std": 0.0,
      "target_margin": 0.15
    },
    {
      "bootstrap_gain_p05_mean": 1.0071280056659582,
      "bootstrap_gain_p05_std": 0.0,
      "confidence_corr_mean": 0.39620667412001875,
      "confidence_corr_std": 0.0,
      "eligible_for_pass": 1,
      "feature_set": "C_official_internal",
      "head": "hgb",
      "ignored_n_mean": 2.0,
      "ignored_n_std": 0.0,
      "intervention_precision_mean": 0.7339449541284404,
      "intervention_precision_std": 0.0,
      "intervention_rate_mean": 0.9910714285714286,
      "intervention_rate_std": 0.0,
      "labeled_n_mean": 110.0,
      "labeled_n_std": 0.0,
      "mean_oracle_gated_gain_mean": 1.2995312669192518,
      "mean_oracle_gated_gain_std": 0.0,
      "nochange_false_intervention_rate_mean": 0.9666666666666667,
      "nochange_false_intervention_rate_std": 0.0,
      "oracle_recovery_mean": 0.9604490976396045,
      "oracle_recovery_std": 0.0,
      "passes_line": false,
      "precision_gap_vs_shuffled": 0.0,
      "residual_low_false_intervention_rate_mean": 1.0,
      "residual_low_false_intervention_rate_std": 0.0,
      "sim_delta_vs_official_mean": 1.2995312669192518,
      "sim_delta_vs_official_std": 0.0,
      "split_family": "content_cluster",
      "split_group": "content_cluster=content_k5_c1",
      "splits": 1,
      "strong_nochange_false_intervention_rate_mean": 1.0,
      "strong_nochange_false_intervention_rate_std": 0.0,
      "target_margin": 0.15
    },
    {
      "bootstrap_gain_p05_mean": 0.026639516260756464,
      "bootstrap_gain_p05_std": 0.0,
      "confidence_corr_mean": 0.2767269435189343,
      "confidence_corr_std": 0.0,
      "eligible_for_pass": 1,
      "feature_set": "C_official_internal",
      "head": "hgb",
      "ignored_n_mean": 22.0,
      "ignored_n_std": 0.0,
      "intervention_precision_mean": 0.42105263157894735,
      "intervention_precision_std": 0.0,
      "intervention_rate_mean": 0.8850574712643678,
      "intervention_rate_std": 0.0,
      "labeled_n_mean": 239.0,
      "labeled_n_std": 0.0,
      "mean_oracle_gated_gain_mean": 0.07813174060874124,
      "mean_oracle_gated_gain_std": 0.0,
      "nochange_false_intervention_rate_mean": 0.8120805369127517,
      "nochange_false_intervention_rate_std": 0.0,
      "oracle_recovery_mean": 0.35524647320685243,
      "oracle_recovery_std": 0.0,
      "passes_line": false,
      "precision_gap_vs_shuffled": 0.022822543083372115,
      "residual_low_false_intervention_rate_mean": 0.9166666666666666,
      "residual_low_false_intervention_rate_std": 0.0,
      "sim_delta_vs_official_mean": 0.07813174060874124,
      "sim_delta_vs_official_std": 0.0,
      "split_family": "content_cluster",
      "split_group": "content_cluster=content_k5_c2",
      "splits": 1,
      "strong_nochange_false_intervention_rate_mean": 0.8275862068965517,
      "strong_nochange_false_intervention_rate_std": 0.0,
      "target_margin": 0.15
    },
    {
      "bootstrap_gain_p05_mean": 0.6036036700968238,
      "bootstrap_gain_p05_std": 0.0,
      "confidence_corr_mean": 0.2013656911155074,
      "confidence_corr_std": 0.0,
      "eligible_for_pass": 1,
      "feature_set": "C_official_internal",
      "head": "hgb",
      "ignored_n_mean": 7.0,
      "ignored_n_std": 0.0,
      "intervention_precision_mean": 0.6772486772486772,
      "intervention_precision_std": 0.0,
      "intervention_rate_mean": 0.9949238578680203,
      "intervention_rate_std": 0.0,
      "labeled_n_mean": 190.0,
      "labeled_n_std": 0.0,
      "mean_oracle_gated_gain_mean": 0.7456665256270661,
      "mean_oracle_gated_gain_std": 0.0,
      "nochange_false_intervention_rate_mean": 0.9838709677419355,
      "nochange_false_intervention_rate_std": 0.0,
      "oracle_recovery_mean": 0.909116707304817,
      "oracle_recovery_std": 0.0,
      "passes_line": false,
      "precision_gap_vs_shuffled": 0.003564466722361437,
      "residual_low_false_intervention_rate_mean": 1.0,
      "residual_low_false_intervention_rate_std": 0.0,
      "sim_delta_vs_official_mean": 0.7456665256270661,
      "sim_delta_vs_official_std": 0.0,
      "split_family": "content_cluster",
      "split_group": "content_cluster=content_k5_c3",
      "splits": 1,
      "strong_nochange_false_intervention_rate_mean": 0.0,
      "strong_nochange_false_intervention_rate_std": 0.0,
      "target_margin": 0.15
    },
    {
      "bootstrap_gain_p05_mean": 0.11657329366009993,
      "bootstrap_gain_p05_std": 0.0,
      "confidence_corr_mean": 0.3527866657898909,
      "confidence_corr_std": 0.0,
      "eligible_for_pass": 1,
      "feature_set": "C_official_internal",
      "head": "hgb",
      "ignored_n_mean": 28.0,
      "ignored_n_std": 0.0,
      "intervention_precision_mean": 0.47802197802197804,
      "intervention_precision_std": 0.0,
      "intervention_rate_mean": 0.9247787610619469,
      "intervention_rate_std": 0.0,
      "labeled_n_mean": 198.0,
      "labeled_n_std": 0.0,
      "mean_oracle_gated_gain_mean": 0.16071285751039074,
      "mean_oracle_gated_gain_std": 0.0,
      "nochange_false_intervention_rate_mean": 0.8636363636363636,
      "nochange_false_intervention_rate_std": 0.0,
      "oracle_recovery_mean": 0.7054597574951191,
      "oracle_recovery_std": 0.0,
      "passes_line": false,
      "precision_gap_vs_shuffled": 0.0023463023463023425,
      "residual_low_false_intervention_rate_mean": 0.9591836734693877,
      "residual_low_false_intervention_rate_std": 0.0,
      "sim_delta_vs_official_mean": 0.16071285751039074,
      "sim_delta_vs_official_std": 0.0,
      "split_family": "content_cluster",
      "split_group": "content_cluster=content_k5_c4",
      "splits": 1,
      "strong_nochange_false_intervention_rate_mean": 0.8571428571428571,
      "strong_nochange_false_intervention_rate_std": 0.0,
      "target_margin": 0.15
    },
    {
      "bootstrap_gain_p05_mean": 0.4898397183139399,
      "bootstrap_gain_p05_std": 0.0,
      "confidence_corr_mean": 0.48642207421611616,
      "confidence_corr_std": 0.0,
      "eligible_for_pass": 1,
      "feature_set": "C_official_internal",
      "head": "hgb",
      "ignored_n_mean": 11.0,
      "ignored_n_std": 0.0,
      "intervention_precision_mean": 0.6514285714285715,
      "intervention_precision_std": 0.0,
      "intervention_rate_mean": 0.724,
      "intervention_rate_std": 0.0,
      "labeled_n_mean": 239.0,
      "labeled_n_std": 0.0,
      "mean_oracle_gated_gain_mean": 0.6353355034574858,
      "mean_oracle_gated_gain_std": 0.0,
      "nochange_false_intervention_rate_mean": 0.5350877192982456,
      "nochange_false_intervention_rate_std": 0.0,
      "oracle_recovery_mean": 0.8866004224966461,
      "oracle_recovery_std": 0.0,
      "passes_line": false,
      "precision_gap_vs_shuffled": 0.08067385444743935,
      "residual_low_false_intervention_rate_mean": 0.8611111111111112,
      "residual_low_false_intervention_rate_std": 0.0,
      "sim_delta_vs_official_mean": 0.6353355034574858,
      "sim_delta_vs_official_std": 0.0,
      "split_family": "cr_strength_bin",
      "split_group": "cr_strength_bin=midhigh_cr_q3",
      "splits": 1,
      "strong_nochange_false_intervention_rate_mean": 0.4782608695652174,
      "strong_nochange_false_intervention_rate_std": 0.0,
      "target_margin": 0.15
    },
    {
      "bootstrap_gain_p05_mean": 0.5837608660484745,
      "bootstrap_gain_p05_std": 0.0,
      "confidence_corr_mean": 0.3897545232458447,
      "confidence_corr_std": 0.0,
      "eligible_for_pass": 1,
      "feature_set": "C_official_internal",
      "head": "hgb",
      "ignored_n_mean": 9.0,
      "ignored_n_std": 0.0,
      "intervention_precision_mean": 0.6517857142857143,
      "intervention_precision_std": 0.0,
      "intervention_rate_mean": 0.932,
      "intervention_rate_std": 0.0,
      "labeled_n_mean": 241.0,
      "labeled_n_std": 0.0,
      "mean_oracle_gated_gain_mean": 0.7158895909718721,
      "mean_oracle_gated_gain_std": 0.0,
      "nochange_false_intervention_rate_mean": 0.8210526315789474,
      "nochange_false_intervention_rate_std": 0.0,
      "oracle_recovery_mean": 0.9137232828955467,
      "oracle_recovery_std": 0.0,
      "passes_line": false,
      "precision_gap_vs_shuffled": 0.014617572692793956,
      "residual_low_false_intervention_rate_mean": 1.0,
      "residual_low_false_intervention_rate_std": 0.0,
      "sim_delta_vs_official_mean": 0.7158895909718721,
      "sim_delta_vs_official_std": 0.0,
      "split_family": "cr_strength_bin",
      "split_group": "cr_strength_bin=midlow_cr_q2",
      "splits": 1,
      "strong_nochange_false_intervention_rate_mean": 1.0,
      "strong_nochange_false_intervention_rate_std": 0.0,
      "target_margin": 0.15
    },
    {
      "bootstrap_gain_p05_mean": 0.173454172931894,
      "bootstrap_gain_p05_std": 0.0,
      "confidence_corr_mean": 0.4766833515269803,
      "confidence_corr_std": 0.0,
      "eligible_for_pass": 1,
      "feature_set": "C_official_internal",
      "head": "hgb",
      "ignored_n_mean": 31.0,
      "ignored_n_std": 0.0,
      "intervention_precision_mean": 0.5568181818181818,
      "intervention_precision_std": 0.0,
      "intervention_rate_mean": 0.816,
      "intervention_rate_std": 0.0,
      "labeled_n_mean": 219.0,
      "labeled_n_std": 0.0,
      "mean_oracle_gated_gain_mean": 0.2377734566166335,
      "mean_oracle_gated_gain_std": 0.0,
      "nochange_false_intervention_rate_mean": 0.6842105263157895,
      "nochange_false_intervention_rate_std": 0.0,
      "oracle_recovery_mean": 0.7562321928656958,
      "oracle_recovery_std": 0.0,
      "passes_line": false,
      "precision_gap_vs_shuffled": 0.02420948616600782,
      "residual_low_false_intervention_rate_mean": 0.8148148148148148,
      "residual_low_false_intervention_rate_std": 0.0,
      "sim_delta_vs_official_mean": 0.2377734566166335,
      "sim_delta_vs_official_std": 0.0,
      "split_family": "cr_strength_bin",
      "split_group": "cr_strength_bin=strong_cr_q4",
      "splits": 1,
      "strong_nochange_false_intervention_rate_mean": 0.6732673267326733,
      "strong_nochange_false_intervention_rate_std": 0.0,
      "target_margin": 0.15
    },
    {
      "bootstrap_gain_p05_mean": 0.5716290547350088,
      "bootstrap_gain_p05_std": 0.0,
      "confidence_corr_mean": 0.20747930877145307,
      "confidence_corr_std": 0.0,
      "eligible_for_pass": 1,
      "feature_set": "C_official_internal",
      "head": "hgb",
      "ignored_n_mean": 15.0,
      "ignored_n_std": 0.0,
      "intervention_precision_mean": 0.6391304347826087,
      "intervention_precision_std": 0.0,
      "intervention_rate_mean": 0.976,
      "intervention_rate_std": 0.0,
      "labeled_n_mean": 235.0,
      "labeled_n_std": 0.0,
      "mean_oracle_gated_gain_mean": 0.7069987600030395,
      "mean_oracle_gated_gain_std": 0.0,
      "nochange_false_intervention_rate_mean": 0.9431818181818182,
      "nochange_false_intervention_rate_std": 0.0,
      "oracle_recovery_mean": 0.919113474691144,
      "oracle_recovery_std": 0.0,
      "passes_line": false,
      "precision_gap_vs_shuffled": 0.013598519888991634,
      "residual_low_false_intervention_rate_mean": 1.0,
      "residual_low_false_intervention_rate_std": 0.0,
      "sim_delta_vs_official_mean": 0.7069987600030395,
      "sim_delta_vs_official_std": 0.0,
      "split_family": "cr_strength_bin",
      "split_group": "cr_strength_bin=weak_cr_q1",
      "splits": 1,
      "strong_nochange_false_intervention_rate_mean": 0.0,
      "strong_nochange_false_intervention_rate_std": 0.0,
      "target_margin": 0.15
    },
    {
      "bootstrap_gain_p05_mean": 0.10265356517432213,
      "bootstrap_gain_p05_std": 0.0,
      "confidence_corr_mean": 0.3990406734104346,
      "confidence_corr_std": 0.0,
      "eligible_for_pass": 1,
      "feature_set": "C_official_internal",
      "head": "hgb",
      "ignored_n_mean": 14.0,
      "ignored_n_std": 0.0,
      "intervention_precision_mean": 0.44041450777202074,
      "intervention_precision_std": 0.0,
      "intervention_rate_mean": 0.816,
      "intervention_rate_std": 0.0,
      "labeled_n_mean": 236.0,
      "labeled_n_std": 0.0,
      "mean_oracle_gated_gain_mean": 0.1627743099715886,
      "mean_oracle_gated_gain_std": 0.0,
      "nochange_false_intervention_rate_mean": 0.7605633802816901,
      "nochange_false_intervention_rate_std": 0.0,
      "oracle_recovery_mean": 0.5868967680987143,
      "oracle_recovery_std": 0.0,
      "passes_line": false,
      "precision_gap_vs_shuffled": 0.011121578479091454,
      "residual_low_false_intervention_rate_mean": 0.8333333333333334,
      "residual_low_false_intervention_rate_std": 0.0,
      "sim_delta_vs_official_mean": 0.1627743099715886,
      "sim_delta_vs_official_std": 0.0,
      "split_family": "official_strength_bin",
      "split_group": "official_strength_bin=midhigh_official_q3",
      "splits": 1,
      "strong_nochange_false_intervention_rate_mean": 0.0,
      "strong_nochange_false_intervention_rate_std": 0.0,
      "target_margin": 0.15
    },
    {
      "bootstrap_gain_p05_mean": 0.5714702825186351,
      "bootstrap_gain_p05_std": 0.0,
      "confidence_corr_mean": 0.2393860397036643,
      "confidence_corr_std": 0.0,
      "eligible_for_pass": 1,
      "feature_set": "C_official_internal",
      "head": "hgb",
      "ignored_n_mean": 17.0,
      "ignored_n_std": 0.0,
      "intervention_precision_mean": 0.62882096069869,
      "intervention_precision_std": 0.0,
      "intervention_rate_mean": 0.972,
      "intervention_rate_std": 0.0,
      "labeled_n_mean": 233.0,
      "labeled_n_std": 0.0,
      "mean_oracle_gated_gain_mean": 0.6949036019982857,
      "mean_oracle_gated_gain_std": 0.0,
      "nochange_false_intervention_rate_mean": 0.9659090909090909,
      "nochange_false_intervention_rate_std": 0.0,
      "oracle_recovery_mean": 0.8968176235327205,
      "oracle_recovery_std": 0.0,
      "passes_line": false,
      "precision_gap_vs_shuffled": -0.0016138219100056972,
      "residual_low_false_intervention_rate_mean": 0.9767441860465116,
      "residual_low_false_intervention_rate_std": 0.0,
      "sim_delta_vs_official_mean": 0.6949036019982857,
      "sim_delta_vs_official_std": 0.0,
      "split_family": "official_strength_bin",
      "split_group": "official_strength_bin=midlow_official_q2",
      "splits": 1,
      "strong_nochange_false_intervention_rate_mean": 0.0,
      "strong_nochange_false_intervention_rate_std": 0.0,
      "target_margin": 0.15
    },
    {
      "bootstrap_gain_p05_mean": 0.06472345298615294,
      "bootstrap_gain_p05_std": 0.0,
      "confidence_corr_mean": 0.26925576595968304,
      "confidence_corr_std": 0.0,
      "eligible_for_pass": 1,
      "feature_set": "C_official_internal",
      "head": "hgb",
      "ignored_n_mean": 28.0,
      "ignored_n_std": 0.0,
      "intervention_precision_mean": 0.48947368421052634,
      "intervention_precision_std": 0.0,
      "intervention_rate_mean": 0.856,
      "intervention_rate_std": 0.0,
      "labeled_n_mean": 222.0,
      "labeled_n_std": 0.0,
      "mean_oracle_gated_gain_mean": 0.1074978355874729,
      "mean_oracle_gated_gain_std": 0.0,
      "nochange_false_intervention_rate_mean": 0.776,
      "nochange_false_intervention_rate_std": 0.0,
      "oracle_recovery_mean": 0.5278706551878656,
      "oracle_recovery_std": 0.0,
      "passes_line": false,
      "precision_gap_vs_shuffled": 0.014983888292158964,
      "residual_low_false_intervention_rate_mean": 0.8947368421052632,
      "residual_low_false_intervention_rate_std": 0.0,
      "sim_delta_vs_official_mean": 0.1074978355874729,
      "sim_delta_vs_official_std": 0.0,
      "split_family": "official_strength_bin",
      "split_group": "official_strength_bin=strong_official_q4",
      "splits": 1,
      "strong_nochange_false_intervention_rate_mean": 0.776,
      "strong_nochange_false_intervention_rate_std": 0.0,
      "target_margin": 0.15
    },
    {
      "bootstrap_gain_p05_mean": 1.1281009021261028,
      "bootstrap_gain_p05_std": 0.0,
      "confidence_corr_mean": 0.22598873288137905,
      "confidence_corr_std": 0.0,
      "eligible_for_pass": 1,
      "feature_set": "C_official_internal",
      "head": "hgb",
      "ignored_n_mean": 7.0,
      "ignored_n_std": 0.0,
      "intervention_precision_mean": 0.7727272727272727,
      "intervention_precision_std": 0.0,
      "intervention_rate_mean": 0.992,
      "intervention_rate_std": 0.0,
      "labeled_n_mean": 243.0,
      "labeled_n_std": 0.0,
      "mean_oracle_gated_gain_mean": 1.2904365761080658,
      "mean_oracle_gated_gain_std": 0.0,
      "nochange_false_intervention_rate_mean": 0.9821428571428571,
      "nochange_false_intervention_rate_std": 0.0,
      "oracle_recovery_mean": 0.9718067907497594,
      "oracle_recovery_std": 0.0,
      "passes_line": false,
      "precision_gap_vs_shuffled": 0.0009430403621274452,
      "residual_low_false_intervention_rate_mean": 1.0,
      "residual_low_false_intervention_rate_std": 0.0,
      "sim_delta_vs_official_mean": 1.2904365761080658,
      "sim_delta_vs_official_std": 0.0,
      "split_family": "official_strength_bin",
      "split_group": "official_strength_bin=weak_official_q1",
      "splits": 1,
      "strong_nochange_false_intervention_rate_mean": 0.0,
      "strong_nochange_false_intervention_rate_std": 0.0,
      "target_margin": 0.15
    },
    {
      "bootstrap_gain_p05_mean": 0.5142016708135984,
      "bootstrap_gain_p05_std": 0.08436542664954949,
      "confidence_corr_mean": 0.4750045892202979,
      "confidence_corr_std": 0.037403033421947035,
      "eligible_for_pass": 1,
      "feature_set": "C_official_internal",
      "head": "hgb",
      "ignored_n_mean": 16.333333333333332,
      "ignored_n_std": 2.8674417556808756,
      "intervention_precision_mean": 0.6469906095411903,
      "intervention_precision_std": 0.025165394521517923,
      "intervention_rate_mean": 0.848,
      "intervention_rate_std": 0.014236104336041762,
      "labeled_n_mean": 233.66666666666666,
      "labeled_n_std": 2.8674417556808756,
      "mean_oracle_gated_gain_mean": 0.643299474999676,
      "mean_oracle_gated_gain_std": 0.08532458501912153,
      "nochange_false_intervention_rate_mean": 0.6865546218487394,
      "nochange_false_intervention_rate_std": 0.04971653438802668,
      "oracle_recovery_mean": 0.9115997668067765,
      "oracle_recovery_std": 0.02911109651409305,
      "passes_line": false,
      "precision_gap_vs_shuffled": 0.04120536041200662,
      "residual_low_false_intervention_rate_mean": 0.8169234720082178,
      "residual_low_false_intervention_rate_std": 0.0345252664295645,
      "sim_delta_vs_official_mean": 0.643299474999676,
      "sim_delta_vs_official_std": 0.08532458501912153,
      "split_family": "random",
      "split_group": "random",
      "splits": 3,
      "strong_nochange_false_intervention_rate_mean": 0.5643274853801169,
      "strong_nochange_false_intervention_rate_std": 0.07315787136372398,
      "target_margin": 0.15
    },
    {
      "bootstrap_gain_p05_mean": 0.5901442092044641,
      "bootstrap_gain_p05_std": 0.0,
      "confidence_corr_mean": 0.3546943303763605,
      "confidence_corr_std": 0.0,
      "eligible_for_pass": 1,
      "feature_set": "C_official_internal",
      "head": "hgb",
      "ignored_n_mean": 18.0,
      "ignored_n_std": 0.0,
      "intervention_precision_mean": 0.5342465753424658,
      "intervention_precision_std": 0.0,
      "intervention_rate_mean": 0.944,
      "intervention_rate_std": 0.0,
      "labeled_n_mean": 232.0,
      "labeled_n_std": 0.0,
      "mean_oracle_gated_gain_mean": 0.7653416533132904,
      "mean_oracle_gated_gain_std": 0.0,
      "nochange_false_intervention_rate_mean": 0.8869565217391304,
      "nochange_false_intervention_rate_std": 0.0,
      "oracle_recovery_mean": 0.8881432777800184,
      "oracle_recovery_std": 0.0,
      "passes_line": false,
      "precision_gap_vs_shuffled": 0.016547460298217964,
      "residual_low_false_intervention_rate_mean": 0.0,
      "residual_low_false_intervention_rate_std": 0.0,
      "sim_delta_vs_official_mean": 0.7653416533132904,
      "sim_delta_vs_official_std": 0.0,
      "split_family": "residual_energy_bin",
      "split_group": "residual_energy_bin=residual_high_q4",
      "splits": 1,
      "strong_nochange_false_intervention_rate_mean": 1.0,
      "strong_nochange_false_intervention_rate_std": 0.0,
      "target_margin": 0.15
    },
    {
      "bootstrap_gain_p05_mean": 0.3086862708648387,
      "bootstrap_gain_p05_std": 0.0,
      "confidence_corr_mean": 0.436002678125749,
      "confidence_corr_std": 0.0,
      "eligible_for_pass": 1,
      "feature_set": "C_official_internal",
      "head": "hgb",
      "ignored_n_mean": 25.0,
      "ignored_n_std": 0.0,
      "intervention_precision_mean": 0.6649214659685864,
      "intervention_precision_std": 0.0,
      "intervention_rate_mean": 0.844,
      "intervention_rate_std": 0.0,
      "labeled_n_mean": 225.0,
      "labeled_n_std": 0.0,
      "mean_oracle_gated_gain_mean": 0.38058953930190365,
      "mean_oracle_gated_gain_std": 0.0,
      "nochange_false_intervention_rate_mean": 0.6808510638297872,
      "nochange_false_intervention_rate_std": 0.0,
      "oracle_recovery_mean": 0.8859517550867289,
      "oracle_recovery_std": 0.0,
      "passes_line": false,
      "precision_gap_vs_shuffled": 0.044231810796172555,
      "residual_low_false_intervention_rate_mean": 0.844,
      "residual_low_false_intervention_rate_std": 0.0,
      "sim_delta_vs_official_mean": 0.38058953930190365,
      "sim_delta_vs_official_std": 0.0,
      "split_family": "residual_energy_bin",
      "split_group": "residual_energy_bin=residual_low_q1",
      "splits": 1,
      "strong_nochange_false_intervention_rate_mean": 0.6617647058823529,
      "strong_nochange_false_intervention_rate_std": 0.0,
      "target_margin": 0.15
    },
    {
      "bootstrap_gain_p05_mean": 0.5907080262565275,
      "bootstrap_gain_p05_std": 0.0,
      "confidence_corr_mean": 0.4116908442848245,
      "confidence_corr_std": 0.0,
      "eligible_for_pass": 1,
      "feature_set": "C_official_internal",
      "head": "hgb",
      "ignored_n_mean": 8.0,
      "ignored_n_std": 0.0,
      "intervention_precision_mean": 0.6683417085427136,
      "intervention_precision_std": 0.0,
      "intervention_rate_mean": 0.824,
      "intervention_rate_std": 0.0,
      "labeled_n_mean": 242.0,
      "labeled_n_std": 0.0,
      "mean_oracle_gated_gain_mean": 0.70611526557127,
      "mean_oracle_gated_gain_std": 0.0,
      "nochange_false_intervention_rate_mean": 0.6407766990291263,
      "nochange_false_intervention_rate_std": 0.0,
      "oracle_recovery_mean": 0.9137388660273281,
      "oracle_recovery_std": 0.0,
      "passes_line": false,
      "precision_gap_vs_shuffled": 0.026832274580449456,
      "residual_low_false_intervention_rate_mean": 0.0,
      "residual_low_false_intervention_rate_std": 0.0,
      "sim_delta_vs_official_mean": 0.70611526557127,
      "sim_delta_vs_official_std": 0.0,
      "split_family": "residual_energy_bin",
      "split_group": "residual_energy_bin=residual_midhigh_q3",
      "splits": 1,
      "strong_nochange_false_intervention_rate_mean": 0.5,
      "strong_nochange_false_intervention_rate_std": 0.0,
      "target_margin": 0.15
    },
    {
      "bootstrap_gain_p05_mean": 0.35732518074564235,
      "bootstrap_gain_p05_std": 0.0,
      "confidence_corr_mean": 0.4732617244682269,
      "confidence_corr_std": 0.0,
      "eligible_for_pass": 1,
      "feature_set": "C_official_internal",
      "head": "hgb",
      "ignored_n_mean": 15.0,
      "ignored_n_std": 0.0,
      "intervention_precision_mean": 0.6515151515151515,
      "intervention_precision_std": 0.0,
      "intervention_rate_mean": 0.836,
      "intervention_rate_std": 0.0,
      "labeled_n_mean": 235.0,
      "labeled_n_std": 0.0,
      "mean_oracle_gated_gain_mean": 0.43371886861054093,
      "mean_oracle_gated_gain_std": 0.0,
      "nochange_false_intervention_rate_mean": 0.696969696969697,
      "nochange_false_intervention_rate_std": 0.0,
      "oracle_recovery_mean": 0.8346692681758884,
      "oracle_recovery_std": 0.0,
      "passes_line": false,
      "precision_gap_vs_shuffled": 0.044038516001132844,
      "residual_low_false_intervention_rate_mean": 0.0,
      "residual_low_false_intervention_rate_std": 0.0,
      "sim_delta_vs_official_mean": 0.43371886861054093,
      "sim_delta_vs_official_std": 0.0,
      "split_family": "residual_energy_bin",
      "split_group": "residual_energy_bin=residual_midlow_q2",
      "splits": 1,
      "strong_nochange_false_intervention_rate_mean": 0.5263157894736842,
      "strong_nochange_false_intervention_rate_std": 0.0,
      "target_margin": 0.15
    },
    {
      "bootstrap_gain_p05_mean": 0.37958370365863,
      "bootstrap_gain_p05_std": 0.0,
      "confidence_corr_mean": 0.39166940957835433,
      "confidence_corr_std": 0.0,
      "eligible_for_pass": 1,
      "feature_set": "D_internal_contrast",
      "head": "hgb",
      "ignored_n_mean": 12.0,
      "ignored_n_std": 0.0,
      "intervention_precision_mean": 0.6012658227848101,
      "intervention_precision_std": 0.0,
      "intervention_rate_mean": 0.8711340206185567,
      "intervention_rate_std": 0.0,
      "labeled_n_mean": 182.0,
      "labeled_n_std": 0.0,
      "mean_oracle_gated_gain_mean": 0.5036392093141172,
      "mean_oracle_gated_gain_std": 0.0,
      "nochange_false_intervention_rate_mean": 0.7411764705882353,
      "nochange_false_intervention_rate_std": 0.0,
      "oracle_recovery_mean": 0.8725122495820631,
      "oracle_recovery_std": 0.0,
      "passes_line": false,
      "precision_gap_vs_shuffled": 0.03986231401288032,
      "residual_low_false_intervention_rate_mean": 0.875,
      "residual_low_false_intervention_rate_std": 0.0,
      "sim_delta_vs_official_mean": 0.5036392093141172,
      "sim_delta_vs_official_std": 0.0,
      "split_family": "airlight_bin",
      "split_group": "airlight_bin=0.65<=A<0.75",
      "splits": 1,
      "strong_nochange_false_intervention_rate_mean": 0.5925925925925926,
      "strong_nochange_false_intervention_rate_std": 0.0,
      "target_margin": 0.15
    },
    {
      "bootstrap_gain_p05_mean": 0.4528503121371311,
      "bootstrap_gain_p05_std": 0.0,
      "confidence_corr_mean": 0.5575501355912672,
      "confidence_corr_std": 0.0,
      "eligible_for_pass": 1,
      "feature_set": "D_internal_contrast",
      "head": "hgb",
      "ignored_n_mean": 14.0,
      "ignored_n_std": 0.0,
      "intervention_precision_mean": 0.7254901960784313,
      "intervention_precision_std": 0.0,
      "intervention_rate_mean": 0.780952380952381,
      "intervention_rate_std": 0.0,
      "labeled_n_mean": 196.0,
      "labeled_n_std": 0.0,
      "mean_oracle_gated_gain_mean": 0.5481819827789385,
      "mean_oracle_gated_gain_std": 0.0,
      "nochange_false_intervention_rate_mean": 0.5384615384615384,
      "nochange_false_intervention_rate_std": 0.0,
      "oracle_recovery_mean": 0.9129457432249668,
      "oracle_recovery_std": 0.0,
      "passes_line": false,
      "precision_gap_vs_shuffled": 0.05483151344370085,
      "residual_low_false_intervention_rate_mean": 0.7962962962962963,
      "residual_low_false_intervention_rate_std": 0.0,
      "sim_delta_vs_official_mean": 0.5481819827789385,
      "sim_delta_vs_official_std": 0.0,
      "split_family": "airlight_bin",
      "split_group": "airlight_bin=0.75<=A<0.85",
      "splits": 1,
      "strong_nochange_false_intervention_rate_mean": 0.5416666666666666,
      "strong_nochange_false_intervention_rate_std": 0.0,
      "target_margin": 0.15
    },
    {
      "bootstrap_gain_p05_mean": 0.3806111178721994,
      "bootstrap_gain_p05_std": 0.0,
      "confidence_corr_mean": 0.535335511754594,
      "confidence_corr_std": 0.0,
      "eligible_for_pass": 1,
      "feature_set": "D_internal_contrast",
      "head": "hgb",
      "ignored_n_mean": 16.0,
      "ignored_n_std": 0.0,
      "intervention_precision_mean": 0.5808823529411765,
      "intervention_precision_std": 0.0,
      "intervention_rate_mean": 0.8514285714285714,
      "intervention_rate_std": 0.0,
      "labeled_n_mean": 159.0,
      "labeled_n_std": 0.0,
      "mean_oracle_gated_gain_mean": 0.5000221428477606,
      "mean_oracle_gated_gain_std": 0.0,
      "nochange_false_intervention_rate_mean": 0.7307692307692307,
      "nochange_false_intervention_rate_std": 0.0,
      "oracle_recovery_mean": 0.8954085565276898,
      "oracle_recovery_std": 0.0,
      "passes_line": false,
      "precision_gap_vs_shuffled": 0.02915821501014204,
      "residual_low_false_intervention_rate_mean": 0.875,
      "residual_low_false_intervention_rate_std": 0.0,
      "sim_delta_vs_official_mean": 0.5000221428477606,
      "sim_delta_vs_official_std": 0.0,
      "split_family": "airlight_bin",
      "split_group": "airlight_bin=0.85<=A<0.95",
      "splits": 1,
      "strong_nochange_false_intervention_rate_mean": 0.7857142857142857,
      "strong_nochange_false_intervention_rate_std": 0.0,
      "target_margin": 0.15
    },
    {
      "bootstrap_gain_p05_mean": 0.6254481641499734,
      "bootstrap_gain_p05_std": 0.0,
      "confidence_corr_mean": 0.4204112918294999,
      "confidence_corr_std": 0.0,
      "eligible_for_pass": 1,
      "feature_set": "D_internal_contrast",
      "head": "hgb",
      "ignored_n_mean": 18.0,
      "ignored_n_std": 0.0,
      "intervention_precision_mean": 0.6681222707423581,
      "intervention_precision_std": 0.0,
      "intervention_rate_mean": 0.823728813559322,
      "intervention_rate_std": 0.0,
      "labeled_n_mean": 277.0,
      "labeled_n_std": 0.0,
      "mean_oracle_gated_gain_mean": 0.7631762543768292,
      "mean_oracle_gated_gain_std": 0.0,
      "nochange_false_intervention_rate_mean": 0.672566371681416,
      "nochange_false_intervention_rate_std": 0.0,
      "oracle_recovery_mean": 0.9069242545023175,
      "oracle_recovery_std": 0.0,
      "passes_line": false,
      "precision_gap_vs_shuffled": 0.03505775461332583,
      "residual_low_false_intervention_rate_mean": 0.7553191489361702,
      "residual_low_false_intervention_rate_std": 0.0,
      "sim_delta_vs_official_mean": 0.7631762543768292,
      "sim_delta_vs_official_std": 0.0,
      "split_family": "airlight_bin",
      "split_group": "airlight_bin=A<0.65",
      "splits": 1,
      "strong_nochange_false_intervention_rate_mean": 0.49056603773584906,
      "strong_nochange_false_intervention_rate_std": 0.0,
      "target_margin": 0.15
    },
    {
      "bootstrap_gain_p05_mean": 0.2771729553784516,
      "bootstrap_gain_p05_std": 0.0,
      "confidence_corr_mean": 0.3379633921655746,
      "confidence_corr_std": 0.0,
      "eligible_for_pass": 1,
      "feature_set": "D_internal_contrast",
      "head": "hgb",
      "ignored_n_mean": 6.0,
      "ignored_n_std": 0.0,
      "intervention_precision_mean": 0.5596330275229358,
      "intervention_precision_std": 0.0,
      "intervention_rate_mean": 0.9126984126984127,
      "intervention_rate_std": 0.0,
      "labeled_n_mean": 120.0,
      "labeled_n_std": 0.0,
      "mean_oracle_gated_gain_mean": 0.412488524729168,
      "mean_oracle_gated_gain_std": 0.0,
      "nochange_false_intervention_rate_mean": 0.8421052631578947,
      "nochange_false_intervention_rate_std": 0.0,
      "oracle_recovery_mean": 0.8398421489543074,
      "oracle_recovery_std": 0.0,
      "passes_line": false,
      "precision_gap_vs_shuffled": 0.010960461151254375,
      "residual_low_false_intervention_rate_mean": 1.0,
      "residual_low_false_intervention_rate_std": 0.0,
      "sim_delta_vs_official_mean": 0.412488524729168,
      "sim_delta_vs_official_std": 0.0,
      "split_family": "airlight_bin",
      "split_group": "airlight_bin=A>=0.95",
      "splits": 1,
      "strong_nochange_false_intervention_rate_mean": 0.8571428571428571,
      "strong_nochange_false_intervention_rate_std": 0.0,
      "target_margin": 0.15
    },
    {
      "bootstrap_gain_p05_mean": 0.3443088831604019,
      "bootstrap_gain_p05_std": 0.0,
      "confidence_corr_mean": 0.4850783216841745,
      "confidence_corr_std": 0.0,
      "eligible_for_pass": 1,
      "feature_set": "D_internal_contrast",
      "head": "hgb",
      "ignored_n_mean": 12.0,
      "ignored_n_std": 0.0,
      "intervention_precision_mean": 0.5655172413793104,
      "intervention_precision_std": 0.0,
      "intervention_rate_mean": 0.8138297872340425,
      "intervention_rate_std": 0.0,
      "labeled_n_mean": 176.0,
      "labeled_n_std": 0.0,
      "mean_oracle_gated_gain_mean": 0.47142849790891256,
      "mean_oracle_gated_gain_std": 0.0,
      "nochange_false_intervention_rate_mean": 0.6923076923076923,
      "nochange_false_intervention_rate_std": 0.0,
      "oracle_recovery_mean": 0.8782365750666891,
      "oracle_recovery_std": 0.0,
      "passes_line": false,
      "precision_gap_vs_shuffled": 0.05926724137931039,
      "residual_low_false_intervention_rate_mean": 0.9,
      "residual_low_false_intervention_rate_std": 0.0,
      "sim_delta_vs_official_mean": 0.47142849790891256,
      "sim_delta_vs_official_std": 0.0,
      "split_family": "beta_bin",
      "split_group": "beta_bin=0.8<=beta<1.1",
      "splits": 1,
      "strong_nochange_false_intervention_rate_mean": 0.7058823529411765,
      "strong_nochange_false_intervention_rate_std": 0.0,
      "target_margin": 0.15
    },
    {
      "bootstrap_gain_p05_mean": 0.5884114252094965,
      "bootstrap_gain_p05_std": 0.0,
      "confidence_corr_mean": 0.5194900619783609,
      "confidence_corr_std": 0.0,
      "eligible_for_pass": 1,
      "feature_set": "D_internal_contrast",
      "head": "hgb",
      "ignored_n_mean": 19.0,
      "ignored_n_std": 0.0,
      "intervention_precision_mean": 0.7019867549668874,
      "intervention_precision_std": 0.0,
      "intervention_rate_mean": 0.8291457286432161,
      "intervention_rate_std": 0.0,
      "labeled_n_mean": 180.0,
      "labeled_n_std": 0.0,
      "mean_oracle_gated_gain_mean": 0.7308896023906053,
      "mean_oracle_gated_gain_std": 0.0,
      "nochange_false_intervention_rate_mean": 0.625,
      "nochange_false_intervention_rate_std": 0.0,
      "oracle_recovery_mean": 0.9404112086287184,
      "oracle_recovery_std": 0.0,
      "passes_line": false,
      "precision_gap_vs_shuffled": 0.04766576731256644,
      "residual_low_false_intervention_rate_mean": 0.8444444444444444,
      "residual_low_false_intervention_rate_std": 0.0,
      "sim_delta_vs_official_mean": 0.7308896023906053,
      "sim_delta_vs_official_std": 0.0,
      "split_family": "beta_bin",
      "split_group": "beta_bin=1.1<=beta<1.4",
      "splits": 1,
      "strong_nochange_false_intervention_rate_mean": 0.5,
      "strong_nochange_false_intervention_rate_std": 0.0,
      "target_margin": 0.15
    },
    {
      "bootstrap_gain_p05_mean": 0.3888247095622856,
      "bootstrap_gain_p05_std": 0.0,
      "confidence_corr_mean": 0.5075153371913487,
      "confidence_corr_std": 0.0,
      "eligible_for_pass": 1,
      "feature_set": "D_internal_contrast",
      "head": "hgb",
      "ignored_n_mean": 11.0,
      "ignored_n_std": 0.0,
      "intervention_precision_mean": 0.6111111111111112,
      "intervention_precision_std": 0.0,
      "intervention_rate_mean": 0.8592964824120602,
      "intervention_rate_std": 0.0,
      "labeled_n_mean": 188.0,
      "labeled_n_std": 0.0,
      "mean_oracle_gated_gain_mean": 0.5106633582477729,
      "mean_oracle_gated_gain_std": 0.0,
      "nochange_false_intervention_rate_mean": 0.7325581395348837,
      "nochange_false_intervention_rate_std": 0.0,
      "oracle_recovery_mean": 0.8913836436680503,
      "oracle_recovery_std": 0.0,
      "passes_line": false,
      "precision_gap_vs_shuffled": 0.03396825396825398,
      "residual_low_false_intervention_rate_mean": 0.7857142857142857,
      "residual_low_false_intervention_rate_std": 0.0,
      "sim_delta_vs_official_mean": 0.5106633582477729,
      "sim_delta_vs_official_std": 0.0,
      "split_family": "beta_bin",
      "split_group": "beta_bin=1.4<=beta<1.7",
      "splits": 1,
      "strong_nochange_false_intervention_rate_mean": 0.5,
      "strong_nochange_false_intervention_rate_std": 0.0,
      "target_margin": 0.15
    },
    {
      "bootstrap_gain_p05_mean": 0.5390617934441462,
      "bootstrap_gain_p05_std": 0.0,
      "confidence_corr_mean": 0.43353630011848393,
      "confidence_corr_std": 0.0,
      "eligible_for_pass": 1,
      "feature_set": "D_internal_contrast",
      "head": "hgb",
      "ignored_n_mean": 8.0,
      "ignored_n_std": 0.0,
      "intervention_precision_mean": 0.6907894736842105,
      "intervention_precision_std": 0.0,
      "intervention_rate_mean": 0.8112244897959183,
      "intervention_rate_std": 0.0,
      "labeled_n_mean": 188.0,
      "labeled_n_std": 0.0,
      "mean_oracle_gated_gain_mean": 0.6953156820794619,
      "mean_oracle_gated_gain_std": 0.0,
      "nochange_false_intervention_rate_mean": 0.6351351351351351,
      "nochange_false_intervention_rate_std": 0.0,
      "oracle_recovery_mean": 0.902933183389212,
      "oracle_recovery_std": 0.0,
      "passes_line": false,
      "precision_gap_vs_shuffled": 0.044448010269576343,
      "residual_low_false_intervention_rate_mean": 0.7592592592592593,
      "residual_low_false_intervention_rate_std": 0.0,
      "sim_delta_vs_official_mean": 0.6953156820794619,
      "sim_delta_vs_official_std": 0.0,
      "split_family": "beta_bin",
      "split_group": "beta_bin=beta<0.8",
      "splits": 1,
      "strong_nochange_false_intervention_rate_mean": 0.41025641025641024,
      "strong_nochange_false_intervention_rate_std": 0.0,
      "target_margin": 0.15
    },
    {
      "bootstrap_gain_p05_mean": 0.3828216397855499,
      "bootstrap_gain_p05_std": 0.0,
      "confidence_corr_mean": 0.3817264814085432,
      "confidence_corr_std": 0.0,
      "eligible_for_pass": 1,
      "feature_set": "D_internal_contrast",
      "head": "hgb",
      "ignored_n_mean": 16.0,
      "ignored_n_std": 0.0,
      "intervention_precision_mean": 0.632183908045977,
      "intervention_precision_std": 0.0,
      "intervention_rate_mean": 0.8623853211009175,
      "intervention_rate_std": 0.0,
      "labeled_n_mean": 202.0,
      "labeled_n_std": 0.0,
      "mean_oracle_gated_gain_mean": 0.5010704332861873,
      "mean_oracle_gated_gain_std": 0.0,
      "nochange_false_intervention_rate_mean": 0.7272727272727273,
      "nochange_false_intervention_rate_std": 0.0,
      "oracle_recovery_mean": 0.8709880264305505,
      "oracle_recovery_std": 0.0,
      "passes_line": false,
      "precision_gap_vs_shuffled": 0.016364699006429007,
      "residual_low_false_intervention_rate_mean": 0.8888888888888888,
      "residual_low_false_intervention_rate_std": 0.0,
      "sim_delta_vs_official_mean": 0.5010704332861873,
      "sim_delta_vs_official_std": 0.0,
      "split_family": "beta_bin",
      "split_group": "beta_bin=beta>=1.7",
      "splits": 1,
      "strong_nochange_false_intervention_rate_mean": 0.5833333333333334,
      "strong_nochange_false_intervention_rate_std": 0.0,
      "target_margin": 0.15
    },
    {
      "bootstrap_gain_p05_mean": 0.9036839978180206,
      "bootstrap_gain_p05_std": 0.0,
      "confidence_corr_mean": 0.18226932363355072,
      "confidence_corr_std": 0.0,
      "eligible_for_pass": 1,
      "feature_set": "D_internal_contrast",
      "head": "hgb",
      "ignored_n_mean": 7.0,
      "ignored_n_std": 0.0,
      "intervention_precision_mean": 0.6989795918367347,
      "intervention_precision_std": 0.0,
      "intervention_rate_mean": 0.9950980392156863,
      "intervention_rate_std": 0.0,
      "labeled_n_mean": 197.0,
      "labeled_n_std": 0.0,
      "mean_oracle_gated_gain_mean": 1.0361018253819854,
      "mean_oracle_gated_gain_std": 0.0,
      "nochange_false_intervention_rate_mean": 0.9833333333333333,
      "nochange_false_intervention_rate_std": 0.0,
      "oracle_recovery_mean": 0.9439364904611716,
      "oracle_recovery_std": 0.0,
      "passes_line": false,
      "precision_gap_vs_shuffled": 0.003548119755516499,
      "residual_low_false_intervention_rate_mean": 1.0,
      "residual_low_false_intervention_rate_std": 0.0,
      "sim_delta_vs_official_mean": 1.0361018253819854,
      "sim_delta_vs_official_std": 0.0,
      "split_family": "content_cluster",
      "split_group": "content_cluster=content_k5_c0",
      "splits": 1,
      "strong_nochange_false_intervention_rate_mean": 0.0,
      "strong_nochange_false_intervention_rate_std": 0.0,
      "target_margin": 0.15
    },
    {
      "bootstrap_gain_p05_mean": 1.0071280056659582,
      "bootstrap_gain_p05_std": 0.0,
      "confidence_corr_mean": 0.3433483745346898,
      "confidence_corr_std": 0.0,
      "eligible_for_pass": 1,
      "feature_set": "D_internal_contrast",
      "head": "hgb",
      "ignored_n_mean": 2.0,
      "ignored_n_std": 0.0,
      "intervention_precision_mean": 0.7339449541284404,
      "intervention_precision_std": 0.0,
      "intervention_rate_mean": 0.9910714285714286,
      "intervention_rate_std": 0.0,
      "labeled_n_mean": 110.0,
      "labeled_n_std": 0.0,
      "mean_oracle_gated_gain_mean": 1.2995312669192518,
      "mean_oracle_gated_gain_std": 0.0,
      "nochange_false_intervention_rate_mean": 0.9666666666666667,
      "nochange_false_intervention_rate_std": 0.0,
      "oracle_recovery_mean": 0.9604490976396045,
      "oracle_recovery_std": 0.0,
      "passes_line": false,
      "precision_gap_vs_shuffled": 0.0,
      "residual_low_false_intervention_rate_mean": 1.0,
      "residual_low_false_intervention_rate_std": 0.0,
      "sim_delta_vs_official_mean": 1.2995312669192518,
      "sim_delta_vs_official_std": 0.0,
      "split_family": "content_cluster",
      "split_group": "content_cluster=content_k5_c1",
      "splits": 1,
      "strong_nochange_false_intervention_rate_mean": 1.0,
      "strong_nochange_false_intervention_rate_std": 0.0,
      "target_margin": 0.15
    },
    {
      "bootstrap_gain_p05_mean": 0.028212873001190828,
      "bootstrap_gain_p05_std": 0.0,
      "confidence_corr_mean": 0.2627439561046619,
      "confidence_corr_std": 0.0,
      "eligible_for_pass": 1,
      "feature_set": "D_internal_contrast",
      "head": "hgb",
      "ignored_n_mean": 22.0,
      "ignored_n_std": 0.0,
      "intervention_precision_mean": 0.4264705882352941,
      "intervention_precision_std": 0.0,
      "intervention_rate_mean": 0.8582375478927203,
      "intervention_rate_std": 0.0,
      "labeled_n_mean": 239.0,
      "labeled_n_std": 0.0,
      "mean_oracle_gated_gain_mean": 0.08027625646369628,
      "mean_oracle_gated_gain_std": 0.0,
      "nochange_false_intervention_rate_mean": 0.785234899328859,
      "nochange_false_intervention_rate_std": 0.0,
      "oracle_recovery_mean": 0.36499707761260813,
      "oracle_recovery_std": 0.0,
      "passes_line": false,
      "precision_gap_vs_shuffled": 0.02824049973971887,
      "residual_low_false_intervention_rate_mean": 0.8833333333333333,
      "residual_low_false_intervention_rate_std": 0.0,
      "sim_delta_vs_official_mean": 0.08027625646369628,
      "sim_delta_vs_official_std": 0.0,
      "split_family": "content_cluster",
      "split_group": "content_cluster=content_k5_c2",
      "splits": 1,
      "strong_nochange_false_intervention_rate_mean": 0.8160919540229885,
      "strong_nochange_false_intervention_rate_std": 0.0,
      "target_margin": 0.15
    },
    {
      "bootstrap_gain_p05_mean": 0.6037995485166121,
      "bootstrap_gain_p05_std": 0.0,
      "confidence_corr_mean": 0.2703369205547995,
      "confidence_corr_std": 0.0,
      "eligible_for_pass": 1,
      "feature_set": "D_internal_contrast",
      "head": "hgb",
      "ignored_n_mean": 7.0,
      "ignored_n_std": 0.0,
      "intervention_precision_mean": 0.6808510638297872,
      "intervention_precision_std": 0.0,
      "intervention_rate_mean": 0.9898477157360406,
      "intervention_rate_std": 0.0,
      "labeled_n_mean": 190.0,
      "labeled_n_std": 0.0,
      "mean_oracle_gated_gain_mean": 0.7461280070946537,
      "mean_oracle_gated_gain_std": 0.0,
      "nochange_false_intervention_rate_mean": 0.967741935483871,
      "nochange_false_intervention_rate_std": 0.0,
      "oracle_recovery_mean": 0.9096793455591526,
      "oracle_recovery_std": 0.0,
      "passes_line": false,
      "precision_gap_vs_shuffled": 0.007166853303471443,
      "residual_low_false_intervention_rate_mean": 1.0,
      "residual_low_false_intervention_rate_std": 0.0,
      "sim_delta_vs_official_mean": 0.7461280070946537,
      "sim_delta_vs_official_std": 0.0,
      "split_family": "content_cluster",
      "split_group": "content_cluster=content_k5_c3",
      "splits": 1,
      "strong_nochange_false_intervention_rate_mean": 0.0,
      "strong_nochange_false_intervention_rate_std": 0.0,
      "target_margin": 0.15
    },
    {
      "bootstrap_gain_p05_mean": 0.11369184457284424,
      "bootstrap_gain_p05_std": 0.0,
      "confidence_corr_mean": 0.40681685276955415,
      "confidence_corr_std": 0.0,
      "eligible_for_pass": 1,
      "feature_set": "D_internal_contrast",
      "head": "hgb",
      "ignored_n_mean": 28.0,
      "ignored_n_std": 0.0,
      "intervention_precision_mean": 0.5029239766081871,
      "intervention_precision_std": 0.0,
      "intervention_rate_mean": 0.8672566371681416,
      "intervention_rate_std": 0.0,
      "labeled_n_mean": 198.0,
      "labeled_n_std": 0.0,
      "mean_oracle_gated_gain_mean": 0.15988599865826536,
      "mean_oracle_gated_gain_std": 0.0,
      "nochange_false_intervention_rate_mean": 0.7727272727272727,
      "nochange_false_intervention_rate_std": 0.0,
      "oracle_recovery_mean": 0.7018302056699619,
      "oracle_recovery_std": 0.0,
      "passes_line": false,
      "precision_gap_vs_shuffled": 0.027248300932511405,
      "residual_low_false_intervention_rate_mean": 0.9591836734693877,
      "residual_low_false_intervention_rate_std": 0.0,
      "sim_delta_vs_official_mean": 0.15988599865826536,
      "sim_delta_vs_official_std": 0.0,
      "split_family": "content_cluster",
      "split_group": "content_cluster=content_k5_c4",
      "splits": 1,
      "strong_nochange_false_intervention_rate_mean": 0.8,
      "strong_nochange_false_intervention_rate_std": 0.0,
      "target_margin": 0.15
    },
    {
      "bootstrap_gain_p05_mean": 0.47605236810312196,
      "bootstrap_gain_p05_std": 0.0,
      "confidence_corr_mean": 0.4475095667185103,
      "confidence_corr_std": 0.0,
      "eligible_for_pass": 1,
      "feature_set": "D_internal_contrast",
      "head": "hgb",
      "ignored_n_mean": 11.0,
      "ignored_n_std": 0.0,
      "intervention_precision_mean": 0.6270270270270271,
      "intervention_precision_std": 0.0,
      "intervention_rate_mean": 0.776,
      "intervention_rate_std": 0.0,
      "labeled_n_mean": 239.0,
      "labeled_n_std": 0.0,
      "mean_oracle_gated_gain_mean": 0.625245567786973,
      "mean_oracle_gated_gain_std": 0.0,
      "nochange_false_intervention_rate_mean": 0.6052631578947368,
      "nochange_false_intervention_rate_std": 0.0,
      "oracle_recovery_mean": 0.8725200804100508,
      "oracle_recovery_std": 0.0,
      "passes_line": false,
      "precision_gap_vs_shuffled": 0.05627231004589495,
      "residual_low_false_intervention_rate_mean": 0.9166666666666666,
      "residual_low_false_intervention_rate_std": 0.0,
      "sim_delta_vs_official_mean": 0.625245567786973,
      "sim_delta_vs_official_std": 0.0,
      "split_family": "cr_strength_bin",
      "split_group": "cr_strength_bin=midhigh_cr_q3",
      "splits": 1,
      "strong_nochange_false_intervention_rate_mean": 0.43478260869565216,
      "strong_nochange_false_intervention_rate_std": 0.0,
      "target_margin": 0.15
    },
    {
      "bootstrap_gain_p05_mean": 0.5934674904129108,
      "bootstrap_gain_p05_std": 0.0,
      "confidence_corr_mean": 0.4020202734287773,
      "confidence_corr_std": 0.0,
      "eligible_for_pass": 1,
      "feature_set": "D_internal_contrast",
      "head": "hgb",
      "ignored_n_mean": 9.0,
      "ignored_n_std": 0.0,
      "intervention_precision_mean": 0.6576576576576577,
      "intervention_precision_std": 0.0,
      "intervention_rate_mean": 0.924,
      "intervention_rate_std": 0.0,
      "labeled_n_mean": 241.0,
      "labeled_n_std": 0.0,
      "mean_oracle_gated_gain_mean": 0.7222774767445337,
      "mean_oracle_gated_gain_std": 0.0,
      "nochange_false_intervention_rate_mean": 0.8,
      "nochange_false_intervention_rate_std": 0.0,
      "oracle_recovery_mean": 0.9218764395171345,
      "oracle_recovery_std": 0.0,
      "passes_line": false,
      "precision_gap_vs_shuffled": 0.020489516064737368,
      "residual_low_false_intervention_rate_mean": 1.0,
      "residual_low_false_intervention_rate_std": 0.0,
      "sim_delta_vs_official_mean": 0.7222774767445337,
      "sim_delta_vs_official_std": 0.0,
      "split_family": "cr_strength_bin",
      "split_group": "cr_strength_bin=midlow_cr_q2",
      "splits": 1,
      "strong_nochange_false_intervention_rate_mean": 1.0,
      "strong_nochange_false_intervention_rate_std": 0.0,
      "target_margin": 0.15
    },
    {
      "bootstrap_gain_p05_mean": 0.16561160844766337,
      "bootstrap_gain_p05_std": 0.0,
      "confidence_corr_mean": 0.4475790351516975,
      "confidence_corr_std": 0.0,
      "eligible_for_pass": 1,
      "feature_set": "D_internal_contrast",
      "head": "hgb",
      "ignored_n_mean": 31.0,
      "ignored_n_std": 0.0,
      "intervention_precision_mean": 0.575,
      "intervention_precision_std": 0.0,
      "intervention_rate_mean": 0.736,
      "intervention_rate_std": 0.0,
      "labeled_n_mean": 219.0,
      "labeled_n_std": 0.0,
      "mean_oracle_gated_gain_mean": 0.2320532477481844,
      "mean_oracle_gated_gain_std": 0.0,
      "nochange_false_intervention_rate_mean": 0.5964912280701754,
      "nochange_false_intervention_rate_std": 0.0,
      "oracle_recovery_mean": 0.738039219782028,
      "oracle_recovery_std": 0.0,
      "passes_line": false,
      "precision_gap_vs_shuffled": 0.04239130434782601,
      "residual_low_false_intervention_rate_mean": 0.7222222222222222,
      "residual_low_false_intervention_rate_std": 0.0,
      "sim_delta_vs_official_mean": 0.2320532477481844,
      "sim_delta_vs_official_std": 0.0,
      "split_family": "cr_strength_bin",
      "split_group": "cr_strength_bin=strong_cr_q4",
      "splits": 1,
      "strong_nochange_false_intervention_rate_mean": 0.594059405940594,
      "strong_nochange_false_intervention_rate_std": 0.0,
      "target_margin": 0.15
    },
    {
      "bootstrap_gain_p05_mean": 0.5676634613318254,
      "bootstrap_gain_p05_std": 0.0,
      "confidence_corr_mean": 0.23297406834829953,
      "confidence_corr_std": 0.0,
      "eligible_for_pass": 1,
      "feature_set": "D_internal_contrast",
      "head": "hgb",
      "ignored_n_mean": 15.0,
      "ignored_n_std": 0.0,
      "intervention_precision_mean": 0.6336206896551724,
      "intervention_precision_std": 0.0,
      "intervention_rate_mean": 0.988,
      "intervention_rate_std": 0.0,
      "labeled_n_mean": 235.0,
      "labeled_n_std": 0.0,
      "mean_oracle_gated_gain_mean": 0.7048444099080494,
      "mean_oracle_gated_gain_std": 0.0,
      "nochange_false_intervention_rate_mean": 0.9659090909090909,
      "nochange_false_intervention_rate_std": 0.0,
      "oracle_recovery_mean": 0.9163127735958564,
      "oracle_recovery_std": 0.0,
      "passes_line": false,
      "precision_gap_vs_shuffled": 0.00808877476155534,
      "residual_low_false_intervention_rate_mean": 1.0,
      "residual_low_false_intervention_rate_std": 0.0,
      "sim_delta_vs_official_mean": 0.7048444099080494,
      "sim_delta_vs_official_std": 0.0,
      "split_family": "cr_strength_bin",
      "split_group": "cr_strength_bin=weak_cr_q1",
      "splits": 1,
      "strong_nochange_false_intervention_rate_mean": 0.0,
      "strong_nochange_false_intervention_rate_std": 0.0,
      "target_margin": 0.15
    },
    {
      "bootstrap_gain_p05_mean": 0.1044637649900026,
      "bootstrap_gain_p05_std": 0.0,
      "confidence_corr_mean": 0.3999480381449061,
      "confidence_corr_std": 0.0,
      "eligible_for_pass": 1,
      "feature_set": "D_internal_contrast",
      "head": "hgb",
      "ignored_n_mean": 14.0,
      "ignored_n_std": 0.0,
      "intervention_precision_mean": 0.4461538461538462,
      "intervention_precision_std": 0.0,
      "intervention_rate_mean": 0.828,
      "intervention_rate_std": 0.0,
      "labeled_n_mean": 236.0,
      "labeled_n_std": 0.0,
      "mean_oracle_gated_gain_mean": 0.1619821639876543,
      "mean_oracle_gated_gain_std": 0.0,
      "nochange_false_intervention_rate_mean": 0.7605633802816901,
      "nochange_false_intervention_rate_std": 0.0,
      "oracle_recovery_mean": 0.5840406176538772,
      "oracle_recovery_std": 0.0,
      "passes_line": false,
      "precision_gap_vs_shuffled": 0.016860916860916897,
      "residual_low_false_intervention_rate_mean": 0.8888888888888888,
      "residual_low_false_intervention_rate_std": 0.0,
      "sim_delta_vs_official_mean": 0.1619821639876543,
      "sim_delta_vs_official_std": 0.0,
      "split_family": "official_strength_bin",
      "split_group": "official_strength_bin=midhigh_official_q3",
      "splits": 1,
      "strong_nochange_false_intervention_rate_mean": 0.0,
      "strong_nochange_false_intervention_rate_std": 0.0,
      "target_margin": 0.15
    },
    {
      "bootstrap_gain_p05_mean": 0.5735198454642515,
      "bootstrap_gain_p05_std": 0.0,
      "confidence_corr_mean": 0.18677944375457645,
      "confidence_corr_std": 0.0,
      "eligible_for_pass": 1,
      "feature_set": "D_internal_contrast",
      "head": "hgb",
      "ignored_n_mean": 17.0,
      "ignored_n_std": 0.0,
      "intervention_precision_mean": 0.6277056277056277,
      "intervention_precision_std": 0.0,
      "intervention_rate_mean": 0.992,
      "intervention_rate_std": 0.0,
      "labeled_n_mean": 233.0,
      "labeled_n_std": 0.0,
      "mean_oracle_gated_gain_mean": 0.6974700443215295,
      "mean_oracle_gated_gain_std": 0.0,
      "nochange_false_intervention_rate_mean": 0.9772727272727273,
      "nochange_false_intervention_rate_std": 0.0,
      "oracle_recovery_mean": 0.9001297817927247,
      "oracle_recovery_std": 0.0,
      "passes_line": false,
      "precision_gap_vs_shuffled": -0.0027291549030680207,
      "residual_low_false_intervention_rate_mean": 1.0,
      "residual_low_false_intervention_rate_std": 0.0,
      "sim_delta_vs_official_mean": 0.6974700443215295,
      "sim_delta_vs_official_std": 0.0,
      "split_family": "official_strength_bin",
      "split_group": "official_strength_bin=midlow_official_q2",
      "splits": 1,
      "strong_nochange_false_intervention_rate_mean": 0.0,
      "strong_nochange_false_intervention_rate_std": 0.0,
      "target_margin": 0.15
    },
    {
      "bootstrap_gain_p05_mean": 0.06293109083626001,
      "bootstrap_gain_p05_std": 0.0,
      "confidence_corr_mean": 0.18364581998637006,
      "confidence_corr_std": 0.0,
      "eligible_for_pass": 1,
      "feature_set": "D_internal_contrast",
      "head": "hgb",
      "ignored_n_mean": 28.0,
      "ignored_n_std": 0.0,
      "intervention_precision_mean": 0.5,
      "intervention_precision_std": 0.0,
      "intervention_rate_mean": 0.76,
      "intervention_rate_std": 0.0,
      "labeled_n_mean": 222.0,
      "labeled_n_std": 0.0,
      "mean_oracle_gated_gain_mean": 0.10169704934867471,
      "mean_oracle_gated_gain_std": 0.0,
      "nochange_false_intervention_rate_mean": 0.672,
      "nochange_false_intervention_rate_std": 0.0,
      "oracle_recovery_mean": 0.4993857576478821,
      "oracle_recovery_std": 0.0,
      "passes_line": false,
      "precision_gap_vs_shuffled": 0.025510204081632626,
      "residual_low_false_intervention_rate_mean": 0.7763157894736842,
      "residual_low_false_intervention_rate_std": 0.0,
      "sim_delta_vs_official_mean": 0.10169704934867471,
      "sim_delta_vs_official_std": 0.0,
      "split_family": "official_strength_bin",
      "split_group": "official_strength_bin=strong_official_q4",
      "splits": 1,
      "strong_nochange_false_intervention_rate_mean": 0.672,
      "strong_nochange_false_intervention_rate_std": 0.0,
      "target_margin": 0.15
    },
    {
      "bootstrap_gain_p05_mean": 1.1280600007139157,
      "bootstrap_gain_p05_std": 0.0,
      "confidence_corr_mean": 0.2613819052858486,
      "confidence_corr_std": 0.0,
      "eligible_for_pass": 1,
      "feature_set": "D_internal_contrast",
      "head": "hgb",
      "ignored_n_mean": 7.0,
      "ignored_n_std": 0.0,
      "intervention_precision_mean": 0.7695473251028807,
      "intervention_precision_std": 0.0,
      "intervention_rate_mean": 1.0,
      "intervention_rate_std": 0.0,
      "labeled_n_mean": 243.0,
      "labeled_n_std": 0.0,
      "mean_oracle_gated_gain_mean": 1.2901689733737862,
      "mean_oracle_gated_gain_std": 0.0,
      "nochange_false_intervention_rate_mean": 1.0,
      "nochange_false_intervention_rate_std": 0.0,
      "oracle_recovery_mean": 0.9716052634843276,
      "oracle_recovery_std": 0.0,
      "passes_line": false,
      "precision_gap_vs_shuffled": -0.0022369072622645536,
      "residual_low_false_intervention_rate_mean": 1.0,
      "residual_low_false_intervention_rate_std": 0.0,
      "sim_delta_vs_official_mean": 1.2901689733737862,
      "sim_delta_vs_official_std": 0.0,
      "split_family": "official_strength_bin",
      "split_group": "official_strength_bin=weak_official_q1",
      "splits": 1,
      "strong_nochange_false_intervention_rate_mean": 0.0,
      "strong_nochange_false_intervention_rate_std": 0.0,
      "target_margin": 0.15
    },
    {
      "bootstrap_gain_p05_mean": 0.5151323808653019,
      "bootstrap_gain_p05_std": 0.08706505352887718,
      "confidence_corr_mean": 0.4608834576958774,
      "confidence_corr_std": 0.0304382702134763,
      "eligible_for_pass": 1,
      "feature_set": "D_internal_contrast",
      "head": "hgb",
      "ignored_n_mean": 16.333333333333332,
      "ignored_n_std": 2.8674417556808756,
      "intervention_precision_mean": 0.642967024763918,
      "intervention_precision_std": 0.02731276298097546,
      "intervention_rate_mean": 0.836,
      "intervention_rate_std": 0.013063945294843629,
      "labeled_n_mean": 233.66666666666666,
      "labeled_n_std": 2.8674417556808756,
      "mean_oracle_gated_gain_mean": 0.6409632757726226,
      "mean_oracle_gated_gain_std": 0.08740989241433043,
      "nochange_false_intervention_rate_mean": 0.6832866479925302,
      "nochange_false_intervention_rate_std": 0.0452369148399814,
      "oracle_recovery_mean": 0.9078964981803547,
      "oracle_recovery_std": 0.03233465457130087,
      "passes_line": false,
      "precision_gap_vs_shuffled": 0.03718177563473435,
      "residual_low_false_intervention_rate_mean": 0.8228899161102551,
      "residual_low_false_intervention_rate_std": 0.0254192609879939,
      "sim_delta_vs_official_mean": 0.6409632757726226,
      "sim_delta_vs_official_std": 0.08740989241433043,
      "split_family": "random",
      "split_group": "random",
      "splits": 3,
      "strong_nochange_false_intervention_rate_mean": 0.5738343184163618,
      "strong_nochange_false_intervention_rate_std": 0.04616365808139549,
      "target_margin": 0.15
    },
    {
      "bootstrap_gain_p05_mean": 0.6083822464936959,
      "bootstrap_gain_p05_std": 0.0,
      "confidence_corr_mean": 0.37485079593660836,
      "confidence_corr_std": 0.0,
      "eligible_for_pass": 1,
      "feature_set": "D_internal_contrast",
      "head": "hgb",
      "ignored_n_mean": 18.0,
      "ignored_n_std": 0.0,
      "intervention_precision_mean": 0.5467289719626168,
      "intervention_precision_std": 0.0,
      "intervention_rate_mean": 0.924,
      "intervention_rate_std": 0.0,
      "labeled_n_mean": 232.0,
      "labeled_n_std": 0.0,
      "mean_oracle_gated_gain_mean": 0.7752185205213037,
      "mean_oracle_gated_gain_std": 0.0,
      "nochange_false_intervention_rate_mean": 0.8434782608695652,
      "nochange_false_intervention_rate_std": 0.0,
      "oracle_recovery_mean": 0.8996049213196678,
      "oracle_recovery_std": 0.0,
      "passes_line": false,
      "precision_gap_vs_shuffled": 0.029029856918369012,
      "residual_low_false_intervention_rate_mean": 0.0,
      "residual_low_false_intervention_rate_std": 0.0,
      "sim_delta_vs_official_mean": 0.7752185205213037,
      "sim_delta_vs_official_std": 0.0,
      "split_family": "residual_energy_bin",
      "split_group": "residual_energy_bin=residual_high_q4",
      "splits": 1,
      "strong_nochange_false_intervention_rate_mean": 0.7272727272727273,
      "strong_nochange_false_intervention_rate_std": 0.0,
      "target_margin": 0.15
    },
    {
      "bootstrap_gain_p05_mean": 0.2980726093760996,
      "bootstrap_gain_p05_std": 0.0,
      "confidence_corr_mean": 0.42615550837523225,
      "confidence_corr_std": 0.0,
      "eligible_for_pass": 1,
      "feature_set": "D_internal_contrast",
      "head": "hgb",
      "ignored_n_mean": 25.0,
      "ignored_n_std": 0.0,
      "intervention_precision_mean": 0.6853932584269663,
      "intervention_precision_std": 0.0,
      "intervention_rate_mean": 0.78,
      "intervention_rate_std": 0.0,
      "labeled_n_mean": 225.0,
      "labeled_n_std": 0.0,
      "mean_oracle_gated_gain_mean": 0.36721113331360966,
      "mean_oracle_gated_gain_std": 0.0,
      "nochange_false_intervention_rate_mean": 0.5957446808510638,
      "nochange_false_intervention_rate_std": 0.0,
      "oracle_recovery_mean": 0.8548089593931516,
      "oracle_recovery_std": 0.0,
      "passes_line": false,
      "precision_gap_vs_shuffled": 0.06470360325455249,
      "residual_low_false_intervention_rate_mean": 0.78,
      "residual_low_false_intervention_rate_std": 0.0,
      "sim_delta_vs_official_mean": 0.36721113331360966,
      "sim_delta_vs_official_std": 0.0,
      "split_family": "residual_energy_bin",
      "split_group": "residual_energy_bin=residual_low_q1",
      "splits": 1,
      "strong_nochange_false_intervention_rate_mean": 0.5588235294117647,
      "strong_nochange_false_intervention_rate_std": 0.0,
      "target_margin": 0.15
    },
    {
      "bootstrap_gain_p05_mean": 0.587203728601352,
      "bootstrap_gain_p05_std": 0.0,
      "confidence_corr_mean": 0.384301491445686,
      "confidence_corr_std": 0.0,
      "eligible_for_pass": 1,
      "feature_set": "D_internal_contrast",
      "head": "hgb",
      "ignored_n_mean": 8.0,
      "ignored_n_std": 0.0,
      "intervention_precision_mean": 0.6585365853658537,
      "intervention_precision_std": 0.0,
      "intervention_rate_mean": 0.852,
      "intervention_rate_std": 0.0,
      "labeled_n_mean": 242.0,
      "labeled_n_std": 0.0,
      "mean_oracle_gated_gain_mean": 0.705370850434967,
      "mean_oracle_gated_gain_std": 0.0,
      "nochange_false_intervention_rate_mean": 0.6796116504854369,
      "nochange_false_intervention_rate_std": 0.0,
      "oracle_recovery_mean": 0.9127755657339279,
      "oracle_recovery_std": 0.0,
      "passes_line": false,
      "precision_gap_vs_shuffled": 0.01702715140358957,
      "residual_low_false_intervention_rate_mean": 0.0,
      "residual_low_false_intervention_rate_std": 0.0,
      "sim_delta_vs_official_mean": 0.705370850434967,
      "sim_delta_vs_official_std": 0.0,
      "split_family": "residual_energy_bin",
      "split_group": "residual_energy_bin=residual_midhigh_q3",
      "splits": 1,
      "strong_nochange_false_intervention_rate_mean": 0.625,
      "strong_nochange_false_intervention_rate_std": 0.0,
      "target_margin": 0.15
    },
    {
      "bootstrap_gain_p05_mean": 0.36728597458851275,
      "bootstrap_gain_p05_std": 0.0,
      "confidence_corr_mean": 0.5040736354691681,
      "confidence_corr_std": 0.0,
      "eligible_for_pass": 1,
      "feature_set": "D_internal_contrast",
      "head": "hgb",
      "ignored_n_mean": 15.0,
      "ignored_n_std": 0.0,
      "intervention_precision_mean": 0.6701030927835051,
      "intervention_precision_std": 0.0,
      "intervention_rate_mean": 0.82,
      "intervention_rate_std": 0.0,
      "labeled_n_mean": 235.0,
      "labeled_n_std": 0.0,
      "mean_oracle_gated_gain_mean": 0.448407285613853,
      "mean_oracle_gated_gain_std": 0.0,
      "nochange_false_intervention_rate_mean": 0.6464646464646465,
      "nochange_false_intervention_rate_std": 0.0,
      "oracle_recovery_mean": 0.8629363581230994,
      "oracle_recovery_std": 0.0,
      "passes_line": false,
      "precision_gap_vs_shuffled": 0.06262645726948646,
      "residual_low_false_intervention_rate_mean": 0.0,
      "residual_low_false_intervention_rate_std": 0.0,
      "sim_delta_vs_official_mean": 0.448407285613853,
      "sim_delta_vs_official_std": 0.0,
      "split_family": "residual_energy_bin",
      "split_group": "residual_energy_bin=residual_midlow_q2",
      "splits": 1,
      "strong_nochange_false_intervention_rate_mean": 0.47368421052631576,
      "strong_nochange_false_intervention_rate_std": 0.0,
      "target_margin": 0.15
    },
    {
      "bootstrap_gain_p05_mean": 0.37371331966835675,
      "bootstrap_gain_p05_std": 0.0,
      "confidence_corr_mean": 0.39571374640517065,
      "confidence_corr_std": 0.0,
      "eligible_for_pass": 1,
      "feature_set": "E_all_deployable",
      "head": "hgb",
      "ignored_n_mean": 12.0,
      "ignored_n_std": 0.0,
      "intervention_precision_mean": 0.6,
      "intervention_precision_std": 0.0,
      "intervention_rate_mean": 0.8556701030927835,
      "intervention_rate_std": 0.0,
      "labeled_n_mean": 182.0,
      "labeled_n_std": 0.0,
      "mean_oracle_gated_gain_mean": 0.496665010741433,
      "mean_oracle_gated_gain_std": 0.0,
      "nochange_false_intervention_rate_mean": 0.7294117647058823,
      "nochange_false_intervention_rate_std": 0.0,
      "oracle_recovery_mean": 0.860430041578497,
      "oracle_recovery_std": 0.0,
      "passes_line": false,
      "precision_gap_vs_shuffled": 0.038596491228070184,
      "residual_low_false_intervention_rate_mean": 0.875,
      "residual_low_false_intervention_rate_std": 0.0,
      "sim_delta_vs_official_mean": 0.496665010741433,
      "sim_delta_vs_official_std": 0.0,
      "split_family": "airlight_bin",
      "split_group": "airlight_bin=0.65<=A<0.75",
      "splits": 1,
      "strong_nochange_false_intervention_rate_mean": 0.6666666666666666,
      "strong_nochange_false_intervention_rate_std": 0.0,
      "target_margin": 0.15
    },
    {
      "bootstrap_gain_p05_mean": 0.452090646943107,
      "bootstrap_gain_p05_std": 0.0,
      "confidence_corr_mean": 0.5620580819344675,
      "confidence_corr_std": 0.0,
      "eligible_for_pass": 1,
      "feature_set": "E_all_deployable",
      "head": "hgb",
      "ignored_n_mean": 14.0,
      "ignored_n_std": 0.0,
      "intervention_precision_mean": 0.7290322580645161,
      "intervention_precision_std": 0.0,
      "intervention_rate_mean": 0.7904761904761904,
      "intervention_rate_std": 0.0,
      "labeled_n_mean": 196.0,
      "labeled_n_std": 0.0,
      "mean_oracle_gated_gain_mean": 0.548040937242182,
      "mean_oracle_gated_gain_std": 0.0,
      "nochange_false_intervention_rate_mean": 0.5384615384615384,
      "nochange_false_intervention_rate_std": 0.0,
      "oracle_recovery_mean": 0.9127108450954624,
      "oracle_recovery_std": 0.0,
      "passes_line": false,
      "precision_gap_vs_shuffled": 0.05837357542978561,
      "residual_low_false_intervention_rate_mean": 0.7962962962962963,
      "residual_low_false_intervention_rate_std": 0.0,
      "sim_delta_vs_official_mean": 0.548040937242182,
      "sim_delta_vs_official_std": 0.0,
      "split_family": "airlight_bin",
      "split_group": "airlight_bin=0.75<=A<0.85",
      "splits": 1,
      "strong_nochange_false_intervention_rate_mean": 0.5,
      "strong_nochange_false_intervention_rate_std": 0.0,
      "target_margin": 0.15
    },
    {
      "bootstrap_gain_p05_mean": 0.3831682169372509,
      "bootstrap_gain_p05_std": 0.0,
      "confidence_corr_mean": 0.54323680757038,
      "confidence_corr_std": 0.0,
      "eligible_for_pass": 1,
      "feature_set": "E_all_deployable",
      "head": "hgb",
      "ignored_n_mean": 16.0,
      "ignored_n_std": 0.0,
      "intervention_precision_mean": 0.5895522388059702,
      "intervention_precision_std": 0.0,
      "intervention_rate_mean": 0.84,
      "intervention_rate_std": 0.0,
      "labeled_n_mean": 159.0,
      "labeled_n_std": 0.0,
      "mean_oracle_gated_gain_mean": 0.504930806257656,
      "mean_oracle_gated_gain_std": 0.0,
      "nochange_false_intervention_rate_mean": 0.7051282051282052,
      "nochange_false_intervention_rate_std": 0.0,
      "oracle_recovery_mean": 0.9041986856873756,
      "oracle_recovery_std": 0.0,
      "passes_line": false,
      "precision_gap_vs_shuffled": 0.03782810087493571,
      "residual_low_false_intervention_rate_mean": 0.875,
      "residual_low_false_intervention_rate_std": 0.0,
      "sim_delta_vs_official_mean": 0.504930806257656,
      "sim_delta_vs_official_std": 0.0,
      "split_family": "airlight_bin",
      "split_group": "airlight_bin=0.85<=A<0.95",
      "splits": 1,
      "strong_nochange_false_intervention_rate_mean": 0.8571428571428571,
      "strong_nochange_false_intervention_rate_std": 0.0,
      "target_margin": 0.15
    },
    {
      "bootstrap_gain_p05_mean": 0.6365928299525729,
      "bootstrap_gain_p05_std": 0.0,
      "confidence_corr_mean": 0.4647862402146912,
      "confidence_corr_std": 0.0,
      "eligible_for_pass": 1,
      "feature_set": "E_all_deployable",
      "head": "hgb",
      "ignored_n_mean": 18.0,
      "ignored_n_std": 0.0,
      "intervention_precision_mean": 0.6933333333333334,
      "intervention_precision_std": 0.0,
      "intervention_rate_mean": 0.8067796610169492,
      "intervention_rate_std": 0.0,
      "labeled_n_mean": 277.0,
      "labeled_n_std": 0.0,
      "mean_oracle_gated_gain_mean": 0.7704952827622061,
      "mean_oracle_gated_gain_std": 0.0,
      "nochange_false_intervention_rate_mean": 0.6106194690265486,
      "nochange_false_intervention_rate_std": 0.0,
      "oracle_recovery_mean": 0.9156218578724713,
      "oracle_recovery_std": 0.0,
      "passes_line": false,
      "precision_gap_vs_shuffled": 0.060268817204301106,
      "residual_low_false_intervention_rate_mean": 0.7021276595744681,
      "residual_low_false_intervention_rate_std": 0.0,
      "sim_delta_vs_official_mean": 0.7704952827622061,
      "sim_delta_vs_official_std": 0.0,
      "split_family": "airlight_bin",
      "split_group": "airlight_bin=A<0.65",
      "splits": 1,
      "strong_nochange_false_intervention_rate_mean": 0.41509433962264153,
      "strong_nochange_false_intervention_rate_std": 0.0,
      "target_margin": 0.15
    },
    {
      "bootstrap_gain_p05_mean": 0.28311958314056423,
      "bootstrap_gain_p05_std": 0.0,
      "confidence_corr_mean": 0.3637268895897299,
      "confidence_corr_std": 0.0,
      "eligible_for_pass": 1,
      "feature_set": "E_all_deployable",
      "head": "hgb",
      "ignored_n_mean": 6.0,
      "ignored_n_std": 0.0,
      "intervention_precision_mean": 0.5740740740740741,
      "intervention_precision_std": 0.0,
      "intervention_rate_mean": 0.9047619047619048,
      "intervention_rate_std": 0.0,
      "labeled_n_mean": 120.0,
      "labeled_n_std": 0.0,
      "mean_oracle_gated_gain_mean": 0.42016831312031594,
      "mean_oracle_gated_gain_std": 0.0,
      "nochange_false_intervention_rate_mean": 0.8070175438596491,
      "nochange_false_intervention_rate_std": 0.0,
      "oracle_recovery_mean": 0.8554784869352751,
      "oracle_recovery_std": 0.0,
      "passes_line": false,
      "precision_gap_vs_shuffled": 0.02540150770239269,
      "residual_low_false_intervention_rate_mean": 1.0,
      "residual_low_false_intervention_rate_std": 0.0,
      "sim_delta_vs_official_mean": 0.42016831312031594,
      "sim_delta_vs_official_std": 0.0,
      "split_family": "airlight_bin",
      "split_group": "airlight_bin=A>=0.95",
      "splits": 1,
      "strong_nochange_false_intervention_rate_mean": 1.0,
      "strong_nochange_false_intervention_rate_std": 0.0,
      "target_margin": 0.15
    },
    {
      "bootstrap_gain_p05_mean": 0.33398423698211605,
      "bootstrap_gain_p05_std": 0.0,
      "confidence_corr_mean": 0.48332451875230203,
      "confidence_corr_std": 0.0,
      "eligible_for_pass": 1,
      "feature_set": "E_all_deployable",
      "head": "hgb",
      "ignored_n_mean": 12.0,
      "ignored_n_std": 0.0,
      "intervention_precision_mean": 0.5510204081632653,
      "intervention_precision_std": 0.0,
      "intervention_rate_mean": 0.8297872340425532,
      "intervention_rate_std": 0.0,
      "labeled_n_mean": 176.0,
      "labeled_n_std": 0.0,
      "mean_oracle_gated_gain_mean": 0.4573182211089898,
      "mean_oracle_gated_gain_std": 0.0,
      "nochange_false_intervention_rate_mean": 0.7252747252747253,
      "nochange_false_intervention_rate_std": 0.0,
      "oracle_recovery_mean": 0.8519501684854698,
      "oracle_recovery_std": 0.0,
      "passes_line": false,
      "precision_gap_vs_shuffled": 0.044770408163265274,
      "residual_low_false_intervention_rate_mean": 0.9166666666666666,
      "residual_low_false_intervention_rate_std": 0.0,
      "sim_delta_vs_official_mean": 0.4573182211089898,
      "sim_delta_vs_official_std": 0.0,
      "split_family": "beta_bin",
      "split_group": "beta_bin=0.8<=beta<1.1",
      "splits": 1,
      "strong_nochange_false_intervention_rate_mean": 0.7647058823529411,
      "strong_nochange_false_intervention_rate_std": 0.0,
      "target_margin": 0.15
    },
    {
      "bootstrap_gain_p05_mean": 0.5693954596613213,
      "bootstrap_gain_p05_std": 0.0,
      "confidence_corr_mean": 0.5176177611506891,
      "confidence_corr_std": 0.0,
      "eligible_for_pass": 1,
      "feature_set": "E_all_deployable",
      "head": "hgb",
      "ignored_n_mean": 19.0,
      "ignored_n_std": 0.0,
      "intervention_precision_mean": 0.6928104575163399,
      "intervention_precision_std": 0.0,
      "intervention_rate_mean": 0.8341708542713567,
      "intervention_rate_std": 0.0,
      "labeled_n_mean": 180.0,
      "labeled_n_std": 0.0,
      "mean_oracle_gated_gain_mean": 0.7212922877196045,
      "mean_oracle_gated_gain_std": 0.0,
      "nochange_false_intervention_rate_mean": 0.6527777777777778,
      "nochange_false_intervention_rate_std": 0.0,
      "oracle_recovery_mean": 0.9280626647996292,
      "oracle_recovery_std": 0.0,
      "passes_line": false,
      "precision_gap_vs_shuffled": 0.038489469862018844,
      "residual_low_false_intervention_rate_mean": 0.8666666666666667,
      "residual_low_false_intervention_rate_std": 0.0,
      "sim_delta_vs_official_mean": 0.7212922877196045,
      "sim_delta_vs_official_std": 0.0,
      "split_family": "beta_bin",
      "split_group": "beta_bin=1.1<=beta<1.4",
      "splits": 1,
      "strong_nochange_false_intervention_rate_mean": 0.6153846153846154,
      "strong_nochange_false_intervention_rate_std": 0.0,
      "target_margin": 0.15
    },
    {
      "bootstrap_gain_p05_mean": 0.3855956240318558,
      "bootstrap_gain_p05_std": 0.0,
      "confidence_corr_mean": 0.5064519140258466,
      "confidence_corr_std": 0.0,
      "eligible_for_pass": 1,
      "feature_set": "E_all_deployable",
      "head": "hgb",
      "ignored_n_mean": 11.0,
      "ignored_n_std": 0.0,
      "intervention_precision_mean": 0.6073619631901841,
      "intervention_precision_std": 0.0,
      "intervention_rate_mean": 0.864321608040201,
      "intervention_rate_std": 0.0,
      "labeled_n_mean": 188.0,
      "labeled_n_std": 0.0,
      "mean_oracle_gated_gain_mean": 0.5078006167382567,
      "mean_oracle_gated_gain_std": 0.0,
      "nochange_false_intervention_rate_mean": 0.7441860465116279,
      "nochange_false_intervention_rate_std": 0.0,
      "oracle_recovery_mean": 0.8863866120298529,
      "oracle_recovery_std": 0.0,
      "passes_line": false,
      "precision_gap_vs_shuffled": 0.030219106047326916,
      "residual_low_false_intervention_rate_mean": 0.7857142857142857,
      "residual_low_false_intervention_rate_std": 0.0,
      "sim_delta_vs_official_mean": 0.5078006167382567,
      "sim_delta_vs_official_std": 0.0,
      "split_family": "beta_bin",
      "split_group": "beta_bin=1.4<=beta<1.7",
      "splits": 1,
      "strong_nochange_false_intervention_rate_mean": 0.6428571428571429,
      "strong_nochange_false_intervention_rate_std": 0.0,
      "target_margin": 0.15
    },
    {
      "bootstrap_gain_p05_mean": 0.5382587410180907,
      "bootstrap_gain_p05_std": 0.0,
      "confidence_corr_mean": 0.45415722329229957,
      "confidence_corr_std": 0.0,
      "eligible_for_pass": 1,
      "feature_set": "E_all_deployable",
      "head": "hgb",
      "ignored_n_mean": 8.0,
      "ignored_n_std": 0.0,
      "intervention_precision_mean": 0.6708860759493671,
      "intervention_precision_std": 0.0,
      "intervention_rate_mean": 0.8418367346938775,
      "intervention_rate_std": 0.0,
      "labeled_n_mean": 188.0,
      "labeled_n_std": 0.0,
      "mean_oracle_gated_gain_mean": 0.6870781836510313,
      "mean_oracle_gated_gain_std": 0.0,
      "nochange_false_intervention_rate_mean": 0.7027027027027027,
      "nochange_false_intervention_rate_std": 0.0,
      "oracle_recovery_mean": 0.8922360124913803,
      "oracle_recovery_std": 0.0,
      "passes_line": false,
      "precision_gap_vs_shuffled": 0.024544612534732946,
      "residual_low_false_intervention_rate_mean": 0.8240740740740741,
      "residual_low_false_intervention_rate_std": 0.0,
      "sim_delta_vs_official_mean": 0.6870781836510313,
      "sim_delta_vs_official_std": 0.0,
      "split_family": "beta_bin",
      "split_group": "beta_bin=beta<0.8",
      "splits": 1,
      "strong_nochange_false_intervention_rate_mean": 0.6153846153846154,
      "strong_nochange_false_intervention_rate_std": 0.0,
      "target_margin": 0.15
    },
    {
      "bootstrap_gain_p05_mean": 0.387344747164024,
      "bootstrap_gain_p05_std": 0.0,
      "confidence_corr_mean": 0.38757006302936936,
      "confidence_corr_std": 0.0,
      "eligible_for_pass": 1,
      "feature_set": "E_all_deployable",
      "head": "hgb",
      "ignored_n_mean": 16.0,
      "ignored_n_std": 0.0,
      "intervention_precision_mean": 0.630057803468208,
      "intervention_precision_std": 0.0,
      "intervention_rate_mean": 0.8623853211009175,
      "intervention_rate_std": 0.0,
      "labeled_n_mean": 202.0,
      "labeled_n_std": 0.0,
      "mean_oracle_gated_gain_mean": 0.5029706549348217,
      "mean_oracle_gated_gain_std": 0.0,
      "nochange_false_intervention_rate_mean": 0.7272727272727273,
      "nochange_false_intervention_rate_std": 0.0,
      "oracle_recovery_mean": 0.8742910956072134,
      "oracle_recovery_std": 0.0,
      "passes_line": false,
      "precision_gap_vs_shuffled": 0.014238594428660045,
      "residual_low_false_intervention_rate_mean": 0.8888888888888888,
      "residual_low_false_intervention_rate_std": 0.0,
      "sim_delta_vs_official_mean": 0.5029706549348217,
      "sim_delta_vs_official_std": 0.0,
      "split_family": "beta_bin",
      "split_group": "beta_bin=beta>=1.7",
      "splits": 1,
      "strong_nochange_false_intervention_rate_mean": 0.6666666666666666,
      "strong_nochange_false_intervention_rate_std": 0.0,
      "target_margin": 0.15
    },
    {
      "bootstrap_gain_p05_mean": 0.9036839978180206,
      "bootstrap_gain_p05_std": 0.0,
      "confidence_corr_mean": 0.20930220388203122,
      "confidence_corr_std": 0.0,
      "eligible_for_pass": 1,
      "feature_set": "E_all_deployable",
      "head": "hgb",
      "ignored_n_mean": 7.0,
      "ignored_n_std": 0.0,
      "intervention_precision_mean": 0.6989795918367347,
      "intervention_precision_std": 0.0,
      "intervention_rate_mean": 0.9950980392156863,
      "intervention_rate_std": 0.0,
      "labeled_n_mean": 197.0,
      "labeled_n_std": 0.0,
      "mean_oracle_gated_gain_mean": 1.0361018253819854,
      "mean_oracle_gated_gain_std": 0.0,
      "nochange_false_intervention_rate_mean": 0.9833333333333333,
      "nochange_false_intervention_rate_std": 0.0,
      "oracle_recovery_mean": 0.9439364904611716,
      "oracle_recovery_std": 0.0,
      "passes_line": false,
      "precision_gap_vs_shuffled": 0.003548119755516499,
      "residual_low_false_intervention_rate_mean": 1.0,
      "residual_low_false_intervention_rate_std": 0.0,
      "sim_delta_vs_official_mean": 1.0361018253819854,
      "sim_delta_vs_official_std": 0.0,
      "split_family": "content_cluster",
      "split_group": "content_cluster=content_k5_c0",
      "splits": 1,
      "strong_nochange_false_intervention_rate_mean": 0.0,
      "strong_nochange_false_intervention_rate_std": 0.0,
      "target_margin": 0.15
    },
    {
      "bootstrap_gain_p05_mean": 1.0079936285248743,
      "bootstrap_gain_p05_std": 0.0,
      "confidence_corr_mean": 0.39708545298851045,
      "confidence_corr_std": 0.0,
      "eligible_for_pass": 1,
      "feature_set": "E_all_deployable",
      "head": "hgb",
      "ignored_n_mean": 2.0,
      "ignored_n_std": 0.0,
      "intervention_precision_mean": 0.7339449541284404,
      "intervention_precision_std": 0.0,
      "intervention_rate_mean": 0.9910714285714286,
      "intervention_rate_std": 0.0,
      "labeled_n_mean": 110.0,
      "labeled_n_std": 0.0,
      "mean_oracle_gated_gain_mean": 1.2996025835214213,
      "mean_oracle_gated_gain_std": 0.0,
      "nochange_false_intervention_rate_mean": 0.9666666666666667,
      "nochange_false_intervention_rate_std": 0.0,
      "oracle_recovery_mean": 0.9605018058490521,
      "oracle_recovery_std": 0.0,
      "passes_line": false,
      "precision_gap_vs_shuffled": 0.0,
      "residual_low_false_intervention_rate_mean": 1.0,
      "residual_low_false_intervention_rate_std": 0.0,
      "sim_delta_vs_official_mean": 1.2996025835214213,
      "sim_delta_vs_official_std": 0.0,
      "split_family": "content_cluster",
      "split_group": "content_cluster=content_k5_c1",
      "splits": 1,
      "strong_nochange_false_intervention_rate_mean": 1.0,
      "strong_nochange_false_intervention_rate_std": 0.0,
      "target_margin": 0.15
    },
    {
      "bootstrap_gain_p05_mean": 0.03117665925387869,
      "bootstrap_gain_p05_std": 0.0,
      "confidence_corr_mean": 0.30702899765325353,
      "confidence_corr_std": 0.0,
      "eligible_for_pass": 1,
      "feature_set": "E_all_deployable",
      "head": "hgb",
      "ignored_n_mean": 22.0,
      "ignored_n_std": 0.0,
      "intervention_precision_mean": 0.424390243902439,
      "intervention_precision_std": 0.0,
      "intervention_rate_mean": 0.8659003831417624,
      "intervention_rate_std": 0.0,
      "labeled_n_mean": 239.0,
      "labeled_n_std": 0.0,
      "mean_oracle_gated_gain_mean": 0.08301137387514802,
      "mean_oracle_gated_gain_std": 0.0,
      "nochange_false_intervention_rate_mean": 0.7919463087248322,
      "nochange_false_intervention_rate_std": 0.0,
      "oracle_recovery_mean": 0.3774330070652816,
      "oracle_recovery_std": 0.0,
      "passes_line": false,
      "precision_gap_vs_shuffled": 0.026160155406863783,
      "residual_low_false_intervention_rate_mean": 0.9,
      "residual_low_false_intervention_rate_std": 0.0,
      "sim_delta_vs_official_mean": 0.08301137387514802,
      "sim_delta_vs_official_std": 0.0,
      "split_family": "content_cluster",
      "split_group": "content_cluster=content_k5_c2",
      "splits": 1,
      "strong_nochange_false_intervention_rate_mean": 0.8275862068965517,
      "strong_nochange_false_intervention_rate_std": 0.0,
      "target_margin": 0.15
    },
    {
      "bootstrap_gain_p05_mean": 0.5998748534514007,
      "bootstrap_gain_p05_std": 0.0,
      "confidence_corr_mean": 0.26030917202480536,
      "confidence_corr_std": 0.0,
      "eligible_for_pass": 1,
      "feature_set": "E_all_deployable",
      "head": "hgb",
      "ignored_n_mean": 7.0,
      "ignored_n_std": 0.0,
      "intervention_precision_mean": 0.6772486772486772,
      "intervention_precision_std": 0.0,
      "intervention_rate_mean": 0.9949238578680203,
      "intervention_rate_std": 0.0,
      "labeled_n_mean": 190.0,
      "labeled_n_std": 0.0,
      "mean_oracle_gated_gain_mean": 0.7446679406177227,
      "mean_oracle_gated_gain_std": 0.0,
      "nochange_false_intervention_rate_mean": 0.9838709677419355,
      "nochange_false_intervention_rate_std": 0.0,
      "oracle_recovery_mean": 0.9078992323552812,
      "oracle_recovery_std": 0.0,
      "passes_line": false,
      "precision_gap_vs_shuffled": 0.003564466722361437,
      "residual_low_false_intervention_rate_mean": 1.0,
      "residual_low_false_intervention_rate_std": 0.0,
      "sim_delta_vs_official_mean": 0.7446679406177227,
      "sim_delta_vs_official_std": 0.0,
      "split_family": "content_cluster",
      "split_group": "content_cluster=content_k5_c3",
      "splits": 1,
      "strong_nochange_false_intervention_rate_mean": 0.0,
      "strong_nochange_false_intervention_rate_std": 0.0,
      "target_margin": 0.15
    },
    {
      "bootstrap_gain_p05_mean": 0.12344392962576171,
      "bootstrap_gain_p05_std": 0.0,
      "confidence_corr_mean": 0.4094666981223265,
      "confidence_corr_std": 0.0,
      "eligible_for_pass": 1,
      "feature_set": "E_all_deployable",
      "head": "hgb",
      "ignored_n_mean": 28.0,
      "ignored_n_std": 0.0,
      "intervention_precision_mean": 0.5058139534883721,
      "intervention_precision_std": 0.0,
      "intervention_rate_mean": 0.8672566371681416,
      "intervention_rate_std": 0.0,
      "labeled_n_mean": 198.0,
      "labeled_n_std": 0.0,
      "mean_oracle_gated_gain_mean": 0.16506938158005752,
      "mean_oracle_gated_gain_std": 0.0,
      "nochange_false_intervention_rate_mean": 0.7727272727272727,
      "nochange_false_intervention_rate_std": 0.0,
      "oracle_recovery_mean": 0.7245830091211445,
      "oracle_recovery_std": 0.0,
      "passes_line": false,
      "precision_gap_vs_shuffled": 0.0301382778126964,
      "residual_low_false_intervention_rate_mean": 0.9387755102040817,
      "residual_low_false_intervention_rate_std": 0.0,
      "sim_delta_vs_official_mean": 0.16506938158005752,
      "sim_delta_vs_official_std": 0.0,
      "split_family": "content_cluster",
      "split_group": "content_cluster=content_k5_c4",
      "splits": 1,
      "strong_nochange_false_intervention_rate_mean": 0.8571428571428571,
      "strong_nochange_false_intervention_rate_std": 0.0,
      "target_margin": 0.15
    },
    {
      "bootstrap_gain_p05_mean": 0.4837021224932591,
      "bootstrap_gain_p05_std": 0.0,
      "confidence_corr_mean": 0.4856031381288942,
      "confidence_corr_std": 0.0,
      "eligible_for_pass": 1,
      "feature_set": "E_all_deployable",
      "head": "hgb",
      "ignored_n_mean": 11.0,
      "ignored_n_std": 0.0,
      "intervention_precision_mean": 0.6324324324324324,
      "intervention_precision_std": 0.0,
      "intervention_rate_mean": 0.772,
      "intervention_rate_std": 0.0,
      "labeled_n_mean": 239.0,
      "labeled_n_std": 0.0,
      "mean_oracle_gated_gain_mean": 0.63122592668069,
      "mean_oracle_gated_gain_std": 0.0,
      "nochange_false_intervention_rate_mean": 0.5964912280701754,
      "nochange_false_intervention_rate_std": 0.0,
      "oracle_recovery_mean": 0.8808655745513299,
      "oracle_recovery_std": 0.0,
      "passes_line": false,
      "precision_gap_vs_shuffled": 0.0616777154513003,
      "residual_low_false_intervention_rate_mean": 0.8888888888888888,
      "residual_low_false_intervention_rate_std": 0.0,
      "sim_delta_vs_official_mean": 0.63122592668069,
      "sim_delta_vs_official_std": 0.0,
      "split_family": "cr_strength_bin",
      "split_group": "cr_strength_bin=midhigh_cr_q3",
      "splits": 1,
      "strong_nochange_false_intervention_rate_mean": 0.4782608695652174,
      "strong_nochange_false_intervention_rate_std": 0.0,
      "target_margin": 0.15
    },
    {
      "bootstrap_gain_p05_mean": 0.5913423366358107,
      "bootstrap_gain_p05_std": 0.0,
      "confidence_corr_mean": 0.40111836522422134,
      "confidence_corr_std": 0.0,
      "eligible_for_pass": 1,
      "feature_set": "E_all_deployable",
      "head": "hgb",
      "ignored_n_mean": 9.0,
      "ignored_n_std": 0.0,
      "intervention_precision_mean": 0.6547085201793722,
      "intervention_precision_std": 0.0,
      "intervention_rate_mean": 0.928,
      "intervention_rate_std": 0.0,
      "labeled_n_mean": 241.0,
      "labeled_n_std": 0.0,
      "mean_oracle_gated_gain_mean": 0.7194705973713356,
      "mean_oracle_gated_gain_std": 0.0,
      "nochange_false_intervention_rate_mean": 0.8105263157894737,
      "nochange_false_intervention_rate_std": 0.0,
      "oracle_recovery_mean": 0.9182938884255778,
      "oracle_recovery_std": 0.0,
      "passes_line": false,
      "precision_gap_vs_shuffled": 0.017540378586451855,
      "residual_low_false_intervention_rate_mean": 1.0,
      "residual_low_false_intervention_rate_std": 0.0,
      "sim_delta_vs_official_mean": 0.7194705973713356,
      "sim_delta_vs_official_std": 0.0,
      "split_family": "cr_strength_bin",
      "split_group": "cr_strength_bin=midlow_cr_q2",
      "splits": 1,
      "strong_nochange_false_intervention_rate_mean": 0.0,
      "strong_nochange_false_intervention_rate_std": 0.0,
      "target_margin": 0.15
    },
    {
      "bootstrap_gain_p05_mean": 0.160654816622664,
      "bootstrap_gain_p05_std": 0.0,
      "confidence_corr_mean": 0.4089557642273607,
      "confidence_corr_std": 0.0,
      "eligible_for_pass": 1,
      "feature_set": "E_all_deployable",
      "head": "hgb",
      "ignored_n_mean": 31.0,
      "ignored_n_std": 0.0,
      "intervention_precision_mean": 0.5485714285714286,
      "intervention_precision_std": 0.0,
      "intervention_rate_mean": 0.8,
      "intervention_rate_std": 0.0,
      "labeled_n_mean": 219.0,
      "labeled_n_std": 0.0,
      "mean_oracle_gated_gain_mean": 0.2281538838738897,
      "mean_oracle_gated_gain_std": 0.0,
      "nochange_false_intervention_rate_mean": 0.6929824561403509,
      "nochange_false_intervention_rate_std": 0.0,
      "oracle_recovery_mean": 0.7256373960654574,
      "oracle_recovery_std": 0.0,
      "passes_line": false,
      "precision_gap_vs_shuffled": 0.015962732919254652,
      "residual_low_false_intervention_rate_mean": 0.7901234567901234,
      "residual_low_false_intervention_rate_std": 0.0,
      "sim_delta_vs_official_mean": 0.2281538838738897,
      "sim_delta_vs_official_std": 0.0,
      "split_family": "cr_strength_bin",
      "split_group": "cr_strength_bin=strong_cr_q4",
      "splits": 1,
      "strong_nochange_false_intervention_rate_mean": 0.6732673267326733,
      "strong_nochange_false_intervention_rate_std": 0.0,
      "target_margin": 0.15
    },
    {
      "bootstrap_gain_p05_mean": 0.5693361804775628,
      "bootstrap_gain_p05_std": 0.0,
      "confidence_corr_mean": 0.22295681657116959,
      "confidence_corr_std": 0.0,
      "eligible_for_pass": 1,
      "feature_set": "E_all_deployable",
      "head": "hgb",
      "ignored_n_mean": 15.0,
      "ignored_n_std": 0.0,
      "intervention_precision_mean": 0.6336206896551724,
      "intervention_precision_std": 0.0,
      "intervention_rate_mean": 0.988,
      "intervention_rate_std": 0.0,
      "labeled_n_mean": 235.0,
      "labeled_n_std": 0.0,
      "mean_oracle_gated_gain_mean": 0.7050380074038826,
      "mean_oracle_gated_gain_std": 0.0,
      "nochange_false_intervention_rate_mean": 0.9659090909090909,
      "nochange_false_intervention_rate_std": 0.0,
      "oracle_recovery_mean": 0.9165644544716275,
      "oracle_recovery_std": 0.0,
      "passes_line": false,
      "precision_gap_vs_shuffled": 0.00808877476155534,
      "residual_low_false_intervention_rate_mean": 1.0,
      "residual_low_false_intervention_rate_std": 0.0,
      "sim_delta_vs_official_mean": 0.7050380074038826,
      "sim_delta_vs_official_std": 0.0,
      "split_family": "cr_strength_bin",
      "split_group": "cr_strength_bin=weak_cr_q1",
      "splits": 1,
      "strong_nochange_false_intervention_rate_mean": 0.0,
      "strong_nochange_false_intervention_rate_std": 0.0,
      "target_margin": 0.15
    },
    {
      "bootstrap_gain_p05_mean": 0.12078183501549862,
      "bootstrap_gain_p05_std": 0.0,
      "confidence_corr_mean": 0.4179472117089876,
      "confidence_corr_std": 0.0,
      "eligible_for_pass": 1,
      "feature_set": "E_all_deployable",
      "head": "hgb",
      "ignored_n_mean": 14.0,
      "ignored_n_std": 0.0,
      "intervention_precision_mean": 0.48148148148148145,
      "intervention_precision_std": 0.0,
      "intervention_rate_mean": 0.804,
      "intervention_rate_std": 0.0,
      "labeled_n_mean": 236.0,
      "labeled_n_std": 0.0,
      "mean_oracle_gated_gain_mean": 0.17860917834996415,
      "mean_oracle_gated_gain_std": 0.0,
      "nochange_false_intervention_rate_mean": 0.6901408450704225,
      "nochange_false_intervention_rate_std": 0.0,
      "oracle_recovery_mean": 0.6439907473400286,
      "oracle_recovery_std": 0.0,
      "passes_line": false,
      "precision_gap_vs_shuffled": 0.05218855218855217,
      "residual_low_false_intervention_rate_mean": 0.8333333333333334,
      "residual_low_false_intervention_rate_std": 0.0,
      "sim_delta_vs_official_mean": 0.17860917834996415,
      "sim_delta_vs_official_std": 0.0,
      "split_family": "official_strength_bin",
      "split_group": "official_strength_bin=midhigh_official_q3",
      "splits": 1,
      "strong_nochange_false_intervention_rate_mean": 0.0,
      "strong_nochange_false_intervention_rate_std": 0.0,
      "target_margin": 0.15
    },
    {
      "bootstrap_gain_p05_mean": 0.5732239917707962,
      "bootstrap_gain_p05_std": 0.0,
      "confidence_corr_mean": 0.200936892399709,
      "confidence_corr_std": 0.0,
      "eligible_for_pass": 1,
      "feature_set": "E_all_deployable",
      "head": "hgb",
      "ignored_n_mean": 17.0,
      "ignored_n_std": 0.0,
      "intervention_precision_mean": 0.6359649122807017,
      "intervention_precision_std": 0.0,
      "intervention_rate_mean": 0.968,
      "intervention_rate_std": 0.0,
      "labeled_n_mean": 233.0,
      "labeled_n_std": 0.0,
      "mean_oracle_gated_gain_mean": 0.6971962519431437,
      "mean_oracle_gated_gain_std": 0.0,
      "nochange_false_intervention_rate_mean": 0.9431818181818182,
      "nochange_false_intervention_rate_std": 0.0,
      "oracle_recovery_mean": 0.8997764351854842,
      "oracle_recovery_std": 0.0,
      "passes_line": false,
      "precision_gap_vs_shuffled": 0.005530129672006057,
      "residual_low_false_intervention_rate_mean": 0.9767441860465116,
      "residual_low_false_intervention_rate_std": 0.0,
      "sim_delta_vs_official_mean": 0.6971962519431437,
      "sim_delta_vs_official_std": 0.0,
      "split_family": "official_strength_bin",
      "split_group": "official_strength_bin=midlow_official_q2",
      "splits": 1,
      "strong_nochange_false_intervention_rate_mean": 0.0,
      "strong_nochange_false_intervention_rate_std": 0.0,
      "target_margin": 0.15
    },
    {
      "bootstrap_gain_p05_mean": 0.06077010291769074,
      "bootstrap_gain_p05_std": 0.0,
      "confidence_corr_mean": 0.21783534372461016,
      "confidence_corr_std": 0.0,
      "eligible_for_pass": 1,
      "feature_set": "E_all_deployable",
      "head": "hgb",
      "ignored_n_mean": 28.0,
      "ignored_n_std": 0.0,
      "intervention_precision_mean": 0.5212121212121212,
      "intervention_precision_std": 0.0,
      "intervention_rate_mean": 0.748,
      "intervention_rate_std": 0.0,
      "labeled_n_mean": 222.0,
      "labeled_n_std": 0.0,
      "mean_oracle_gated_gain_mean": 0.10377826317160693,
      "mean_oracle_gated_gain_std": 0.0,
      "nochange_false_intervention_rate_mean": 0.632,
      "nochange_false_intervention_rate_std": 0.0,
      "oracle_recovery_mean": 0.509605607175953,
      "oracle_recovery_std": 0.0,
      "passes_line": false,
      "precision_gap_vs_shuffled": 0.046722325293753864,
      "residual_low_false_intervention_rate_mean": 0.7828947368421053,
      "residual_low_false_intervention_rate_std": 0.0,
      "sim_delta_vs_official_mean": 0.10377826317160693,
      "sim_delta_vs_official_std": 0.0,
      "split_family": "official_strength_bin",
      "split_group": "official_strength_bin=strong_official_q4",
      "splits": 1,
      "strong_nochange_false_intervention_rate_mean": 0.632,
      "strong_nochange_false_intervention_rate_std": 0.0,
      "target_margin": 0.15
    },
    {
      "bootstrap_gain_p05_mean": 1.1282257770284334,
      "bootstrap_gain_p05_std": 0.0,
      "confidence_corr_mean": 0.2252188682284379,
      "confidence_corr_std": 0.0,
      "eligible_for_pass": 1,
      "feature_set": "E_all_deployable",
      "head": "hgb",
      "ignored_n_mean": 7.0,
      "ignored_n_std": 0.0,
      "intervention_precision_mean": 0.7759336099585062,
      "intervention_precision_std": 0.0,
      "intervention_rate_mean": 0.992,
      "intervention_rate_std": 0.0,
      "labeled_n_mean": 243.0,
      "labeled_n_std": 0.0,
      "mean_oracle_gated_gain_mean": 1.2911059300959382,
      "mean_oracle_gated_gain_std": 0.0,
      "nochange_false_intervention_rate_mean": 0.9642857142857143,
      "nochange_false_intervention_rate_std": 0.0,
      "oracle_recovery_mean": 0.9723108703479925,
      "oracle_recovery_std": 0.0,
      "passes_line": false,
      "precision_gap_vs_shuffled": 0.004149377593360981,
      "residual_low_false_intervention_rate_mean": 1.0,
      "residual_low_false_intervention_rate_std": 0.0,
      "sim_delta_vs_official_mean": 1.2911059300959382,
      "sim_delta_vs_official_std": 0.0,
      "split_family": "official_strength_bin",
      "split_group": "official_strength_bin=weak_official_q1",
      "splits": 1,
      "strong_nochange_false_intervention_rate_mean": 0.0,
      "strong_nochange_false_intervention_rate_std": 0.0,
      "target_margin": 0.15
    },
    {
      "bootstrap_gain_p05_mean": 0.5134408908396337,
      "bootstrap_gain_p05_std": 0.08314544198318638,
      "confidence_corr_mean": 0.45495327415548487,
      "confidence_corr_std": 0.04107115361343238,
      "eligible_for_pass": 1,
      "feature_set": "E_all_deployable",
      "head": "hgb",
      "ignored_n_mean": 16.333333333333332,
      "ignored_n_std": 2.8674417556808756,
      "intervention_precision_mean": 0.6417365024383918,
      "intervention_precision_std": 0.017988179618981172,
      "intervention_rate_mean": 0.848,
      "intervention_rate_std": 0.01959591794226544,
      "labeled_n_mean": 233.66666666666666,
      "labeled_n_std": 2.8674417556808756,
      "mean_oracle_gated_gain_mean": 0.6389652970009517,
      "mean_oracle_gated_gain_std": 0.08435644720163009,
      "nochange_false_intervention_rate_mean": 0.6966612907789379,
      "nochange_false_intervention_rate_std": 0.03654218052931599,
      "oracle_recovery_mean": 0.9055118874807015,
      "oracle_recovery_std": 0.02772045022888332,
      "passes_line": false,
      "precision_gap_vs_shuffled": 0.03595125330920812,
      "residual_low_false_intervention_rate_mean": 0.8432802602294128,
      "residual_low_false_intervention_rate_std": 0.033416689745815166,
      "sim_delta_vs_official_mean": 0.6389652970009517,
      "sim_delta_vs_official_std": 0.08435644720163009,
      "split_family": "random",
      "split_group": "random",
      "splits": 3,
      "strong_nochange_false_intervention_rate_mean": 0.5741314069487444,
      "strong_nochange_false_intervention_rate_std": 0.06544451585863702,
      "target_margin": 0.15
    },
    {
      "bootstrap_gain_p05_mean": 0.6070345953993375,
      "bootstrap_gain_p05_std": 0.0,
      "confidence_corr_mean": 0.3568259846659372,
      "confidence_corr_std": 0.0,
      "eligible_for_pass": 1,
      "feature_set": "E_all_deployable",
      "head": "hgb",
      "ignored_n_mean": 18.0,
      "ignored_n_std": 0.0,
      "intervention_precision_mean": 0.5318181818181819,
      "intervention_precision_std": 0.0,
      "intervention_rate_mean": 0.948,
      "intervention_rate_std": 0.0,
      "labeled_n_mean": 232.0,
      "labeled_n_std": 0.0,
      "mean_oracle_gated_gain_mean": 0.7686850518950021,
      "mean_oracle_gated_gain_std": 0.0,
      "nochange_false_intervention_rate_mean": 0.8956521739130435,
      "nochange_false_intervention_rate_std": 0.0,
      "oracle_recovery_mean": 0.8920231358309052,
      "oracle_recovery_std": 0.0,
      "passes_line": false,
      "precision_gap_vs_shuffled": 0.014119066773934041,
      "residual_low_false_intervention_rate_mean": 0.0,
      "residual_low_false_intervention_rate_std": 0.0,
      "sim_delta_vs_official_mean": 0.7686850518950021,
      "sim_delta_vs_official_std": 0.0,
      "split_family": "residual_energy_bin",
      "split_group": "residual_energy_bin=residual_high_q4",
      "splits": 1,
      "strong_nochange_false_intervention_rate_mean": 0.7272727272727273,
      "strong_nochange_false_intervention_rate_std": 0.0,
      "target_margin": 0.15
    },
    {
      "bootstrap_gain_p05_mean": 0.30841268388814314,
      "bootstrap_gain_p05_std": 0.0,
      "confidence_corr_mean": 0.413260265400919,
      "confidence_corr_std": 0.0,
      "eligible_for_pass": 1,
      "feature_set": "E_all_deployable",
      "head": "hgb",
      "ignored_n_mean": 25.0,
      "ignored_n_std": 0.0,
      "intervention_precision_mean": 0.6684491978609626,
      "intervention_precision_std": 0.0,
      "intervention_rate_mean": 0.828,
      "intervention_rate_std": 0.0,
      "labeled_n_mean": 225.0,
      "labeled_n_std": 0.0,
      "mean_oracle_gated_gain_mean": 0.37764679238779564,
      "mean_oracle_gated_gain_std": 0.0,
      "nochange_false_intervention_rate_mean": 0.6595744680851063,
      "nochange_false_intervention_rate_std": 0.0,
      "oracle_recovery_mean": 0.8791015095489451,
      "oracle_recovery_std": 0.0,
      "passes_line": false,
      "precision_gap_vs_shuffled": 0.04775954268854876,
      "residual_low_false_intervention_rate_mean": 0.828,
      "residual_low_false_intervention_rate_std": 0.0,
      "sim_delta_vs_official_mean": 0.37764679238779564,
      "sim_delta_vs_official_std": 0.0,
      "split_family": "residual_energy_bin",
      "split_group": "residual_energy_bin=residual_low_q1",
      "splits": 1,
      "strong_nochange_false_intervention_rate_mean": 0.6176470588235294,
      "strong_nochange_false_intervention_rate_std": 0.0,
      "target_margin": 0.15
    },
    {
      "bootstrap_gain_p05_mean": 0.5800205070671136,
      "bootstrap_gain_p05_std": 0.0,
      "confidence_corr_mean": 0.4232027142398215,
      "confidence_corr_std": 0.0,
      "eligible_for_pass": 1,
      "feature_set": "E_all_deployable",
      "head": "hgb",
      "ignored_n_mean": 8.0,
      "ignored_n_std": 0.0,
      "intervention_precision_mean": 0.6367924528301887,
      "intervention_precision_std": 0.0,
      "intervention_rate_mean": 0.876,
      "intervention_rate_std": 0.0,
      "labeled_n_mean": 242.0,
      "labeled_n_std": 0.0,
      "mean_oracle_gated_gain_mean": 0.6982570590194598,
      "mean_oracle_gated_gain_std": 0.0,
      "nochange_false_intervention_rate_mean": 0.7475728155339806,
      "nochange_false_intervention_rate_std": 0.0,
      "oracle_recovery_mean": 0.9035700606017004,
      "oracle_recovery_std": 0.0,
      "passes_line": false,
      "precision_gap_vs_shuffled": -0.004716981132075415,
      "residual_low_false_intervention_rate_mean": 0.0,
      "residual_low_false_intervention_rate_std": 0.0,
      "sim_delta_vs_official_mean": 0.6982570590194598,
      "sim_delta_vs_official_std": 0.0,
      "split_family": "residual_energy_bin",
      "split_group": "residual_energy_bin=residual_midhigh_q3",
      "splits": 1,
      "strong_nochange_false_intervention_rate_mean": 0.625,
      "strong_nochange_false_intervention_rate_std": 0.0,
      "target_margin": 0.15
    },
    {
      "bootstrap_gain_p05_mean": 0.36060784456033257,
      "bootstrap_gain_p05_std": 0.0,
      "confidence_corr_mean": 0.4919813872551259,
      "confidence_corr_std": 0.0,
      "eligible_for_pass": 1,
      "feature_set": "E_all_deployable",
      "head": "hgb",
      "ignored_n_mean": 15.0,
      "ignored_n_std": 0.0,
      "intervention_precision_mean": 0.671875,
      "intervention_precision_std": 0.0,
      "intervention_rate_mean": 0.808,
      "intervention_rate_std": 0.0,
      "labeled_n_mean": 235.0,
      "labeled_n_std": 0.0,
      "mean_oracle_gated_gain_mean": 0.44155910753399086,
      "mean_oracle_gated_gain_std": 0.0,
      "nochange_false_intervention_rate_mean": 0.6363636363636364,
      "nochange_false_intervention_rate_std": 0.0,
      "oracle_recovery_mean": 0.8497573977413012,
      "oracle_recovery_std": 0.0,
      "passes_line": false,
      "precision_gap_vs_shuffled": 0.06439836448598135,
      "residual_low_false_intervention_rate_mean": 0.0,
      "residual_low_false_intervention_rate_std": 0.0,
      "sim_delta_vs_official_mean": 0.44155910753399086,
      "sim_delta_vs_official_std": 0.0,
      "split_family": "residual_energy_bin",
      "split_group": "residual_energy_bin=residual_midlow_q2",
      "splits": 1,
      "strong_nochange_false_intervention_rate_mean": 0.4473684210526316,
      "strong_nochange_false_intervention_rate_std": 0.0,
      "target_margin": 0.15
    },
    {
      "bootstrap_gain_p05_mean": 0.37169931322402877,
      "bootstrap_gain_p05_std": 0.0,
      "confidence_corr_mean": 0.35323993171772095,
      "confidence_corr_std": 0.0,
      "eligible_for_pass": 0,
      "feature_set": "E_all_deployable_shuffled",
      "head": "hgb",
      "ignored_n_mean": 12.0,
      "ignored_n_std": 0.0,
      "intervention_precision_mean": 0.5614035087719298,
      "intervention_precision_std": 0.0,
      "intervention_rate_mean": 0.9432989690721649,
      "intervention_rate_std": 0.0,
      "labeled_n_mean": 182.0,
      "labeled_n_std": 0.0,
      "mean_oracle_gated_gain_mean": 0.4944458285500637,
      "mean_oracle_gated_gain_std": 0.0,
      "nochange_false_intervention_rate_mean": 0.8823529411764706,
      "nochange_false_intervention_rate_std": 0.0,
      "oracle_recovery_mean": 0.8565854964950017,
      "oracle_recovery_std": 0.0,
      "passes_line": false,
      "precision_gap_vs_shuffled": 0.0,
      "residual_low_false_intervention_rate_mean": 0.9285714285714286,
      "residual_low_false_intervention_rate_std": 0.0,
      "sim_delta_vs_official_mean": 0.4944458285500637,
      "sim_delta_vs_official_std": 0.0,
      "split_family": "airlight_bin",
      "split_group": "airlight_bin=0.65<=A<0.75",
      "splits": 1,
      "strong_nochange_false_intervention_rate_mean": 0.8888888888888888,
      "strong_nochange_false_intervention_rate_std": 0.0,
      "target_margin": 0.15
    },
    {
      "bootstrap_gain_p05_mean": 0.43494753626297766,
      "bootstrap_gain_p05_std": 0.0,
      "confidence_corr_mean": 0.5419088034218128,
      "confidence_corr_std": 0.0,
      "eligible_for_pass": 0,
      "feature_set": "E_all_deployable_shuffled",
      "head": "hgb",
      "ignored_n_mean": 14.0,
      "ignored_n_std": 0.0,
      "intervention_precision_mean": 0.6706586826347305,
      "intervention_precision_std": 0.0,
      "intervention_rate_mean": 0.8476190476190476,
      "intervention_rate_std": 0.0,
      "labeled_n_mean": 196.0,
      "labeled_n_std": 0.0,
      "mean_oracle_gated_gain_mean": 0.5277065838598826,
      "mean_oracle_gated_gain_std": 0.0,
      "nochange_false_intervention_rate_mean": 0.7051282051282052,
      "nochange_false_intervention_rate_std": 0.0,
      "oracle_recovery_mean": 0.8788458842890277,
      "oracle_recovery_std": 0.0,
      "passes_line": false,
      "precision_gap_vs_shuffled": 0.0,
      "residual_low_false_intervention_rate_mean": 0.8888888888888888,
      "residual_low_false_intervention_rate_std": 0.0,
      "sim_delta_vs_official_mean": 0.5277065838598826,
      "sim_delta_vs_official_std": 0.0,
      "split_family": "airlight_bin",
      "split_group": "airlight_bin=0.75<=A<0.85",
      "splits": 1,
      "strong_nochange_false_intervention_rate_mean": 0.7083333333333334,
      "strong_nochange_false_intervention_rate_std": 0.0,
      "target_margin": 0.15
    },
    {
      "bootstrap_gain_p05_mean": 0.36626769427689987,
      "bootstrap_gain_p05_std": 0.0,
      "confidence_corr_mean": 0.44669693326013843,
      "confidence_corr_std": 0.0,
      "eligible_for_pass": 0,
      "feature_set": "E_all_deployable_shuffled",
      "head": "hgb",
      "ignored_n_mean": 16.0,
      "ignored_n_std": 0.0,
      "intervention_precision_mean": 0.5517241379310345,
      "intervention_precision_std": 0.0,
      "intervention_rate_mean": 0.9142857142857143,
      "intervention_rate_std": 0.0,
      "labeled_n_mean": 159.0,
      "labeled_n_std": 0.0,
      "mean_oracle_gated_gain_mean": 0.4924176297963951,
      "mean_oracle_gated_gain_std": 0.0,
      "nochange_false_intervention_rate_mean": 0.8333333333333334,
      "nochange_false_intervention_rate_std": 0.0,
      "oracle_recovery_mean": 0.881790867487682,
      "oracle_recovery_std": 0.0,
      "passes_line": false,
      "precision_gap_vs_shuffled": 0.0,
      "residual_low_false_intervention_rate_mean": 0.90625,
      "residual_low_false_intervention_rate_std": 0.0,
      "sim_delta_vs_official_mean": 0.4924176297963951,
      "sim_delta_vs_official_std": 0.0,
      "split_family": "airlight_bin",
      "split_group": "airlight_bin=0.85<=A<0.95",
      "splits": 1,
      "strong_nochange_false_intervention_rate_mean": 0.9285714285714286,
      "strong_nochange_false_intervention_rate_std": 0.0,
      "target_margin": 0.15
    },
    {
      "bootstrap_gain_p05_mean": 0.6138902414579003,
      "bootstrap_gain_p05_std": 0.0,
      "confidence_corr_mean": 0.4042814545504666,
      "confidence_corr_std": 0.0,
      "eligible_for_pass": 0,
      "feature_set": "E_all_deployable_shuffled",
      "head": "hgb",
      "ignored_n_mean": 18.0,
      "ignored_n_std": 0.0,
      "intervention_precision_mean": 0.6330645161290323,
      "intervention_precision_std": 0.0,
      "intervention_rate_mean": 0.8949152542372881,
      "intervention_rate_std": 0.0,
      "labeled_n_mean": 277.0,
      "labeled_n_std": 0.0,
      "mean_oracle_gated_gain_mean": 0.7479099602176076,
      "mean_oracle_gated_gain_std": 0.0,
      "nochange_false_intervention_rate_mean": 0.8053097345132744,
      "nochange_false_intervention_rate_std": 0.0,
      "oracle_recovery_mean": 0.8887824787723184,
      "oracle_recovery_std": 0.0,
      "passes_line": false,
      "precision_gap_vs_shuffled": 0.0,
      "residual_low_false_intervention_rate_mean": 0.8829787234042553,
      "residual_low_false_intervention_rate_std": 0.0,
      "sim_delta_vs_official_mean": 0.7479099602176076,
      "sim_delta_vs_official_std": 0.0,
      "split_family": "airlight_bin",
      "split_group": "airlight_bin=A<0.65",
      "splits": 1,
      "strong_nochange_false_intervention_rate_mean": 0.7924528301886793,
      "strong_nochange_false_intervention_rate_std": 0.0,
      "target_margin": 0.15
    },
    {
      "bootstrap_gain_p05_mean": 0.273906610100595,
      "bootstrap_gain_p05_std": 0.0,
      "confidence_corr_mean": 0.2765442133784371,
      "confidence_corr_std": 0.0,
      "eligible_for_pass": 0,
      "feature_set": "E_all_deployable_shuffled",
      "head": "hgb",
      "ignored_n_mean": 6.0,
      "ignored_n_std": 0.0,
      "intervention_precision_mean": 0.5486725663716814,
      "intervention_precision_std": 0.0,
      "intervention_rate_mean": 0.9444444444444444,
      "intervention_rate_std": 0.0,
      "labeled_n_mean": 120.0,
      "labeled_n_std": 0.0,
      "mean_oracle_gated_gain_mean": 0.4122734728393711,
      "mean_oracle_gated_gain_std": 0.0,
      "nochange_false_intervention_rate_mean": 0.8947368421052632,
      "nochange_false_intervention_rate_std": 0.0,
      "oracle_recovery_mean": 0.8394042952191464,
      "oracle_recovery_std": 0.0,
      "passes_line": false,
      "precision_gap_vs_shuffled": 0.0,
      "residual_low_false_intervention_rate_mean": 1.0,
      "residual_low_false_intervention_rate_std": 0.0,
      "sim_delta_vs_official_mean": 0.4122734728393711,
      "sim_delta_vs_official_std": 0.0,
      "split_family": "airlight_bin",
      "split_group": "airlight_bin=A>=0.95",
      "splits": 1,
      "strong_nochange_false_intervention_rate_mean": 1.0,
      "strong_nochange_false_intervention_rate_std": 0.0,
      "target_margin": 0.15
    },
    {
      "bootstrap_gain_p05_mean": 0.3190972552835632,
      "bootstrap_gain_p05_std": 0.0,
      "confidence_corr_mean": 0.43124384709371577,
      "confidence_corr_std": 0.0,
      "eligible_for_pass": 0,
      "feature_set": "E_all_deployable_shuffled",
      "head": "hgb",
      "ignored_n_mean": 12.0,
      "ignored_n_std": 0.0,
      "intervention_precision_mean": 0.50625,
      "intervention_precision_std": 0.0,
      "intervention_rate_mean": 0.9042553191489362,
      "intervention_rate_std": 0.0,
      "labeled_n_mean": 176.0,
      "labeled_n_std": 0.0,
      "mean_oracle_gated_gain_mean": 0.44591789886340016,
      "mean_oracle_gated_gain_std": 0.0,
      "nochange_false_intervention_rate_mean": 0.8681318681318682,
      "nochange_false_intervention_rate_std": 0.0,
      "oracle_recovery_mean": 0.8307122076747983,
      "oracle_recovery_std": 0.0,
      "passes_line": false,
      "precision_gap_vs_shuffled": 0.0,
      "residual_low_false_intervention_rate_mean": 0.9,
      "residual_low_false_intervention_rate_std": 0.0,
      "sim_delta_vs_official_mean": 0.44591789886340016,
      "sim_delta_vs_official_std": 0.0,
      "split_family": "beta_bin",
      "split_group": "beta_bin=0.8<=beta<1.1",
      "splits": 1,
      "strong_nochange_false_intervention_rate_mean": 0.8823529411764706,
      "strong_nochange_false_intervention_rate_std": 0.0,
      "target_margin": 0.15
    },
    {
      "bootstrap_gain_p05_mean": 0.576181990571075,
      "bootstrap_gain_p05_std": 0.0,
      "confidence_corr_mean": 0.4605713363452409,
      "confidence_corr_std": 0.0,
      "eligible_for_pass": 0,
      "feature_set": "E_all_deployable_shuffled",
      "head": "hgb",
      "ignored_n_mean": 19.0,
      "ignored_n_std": 0.0,
      "intervention_precision_mean": 0.654320987654321,
      "intervention_precision_std": 0.0,
      "intervention_rate_mean": 0.8944723618090452,
      "intervention_rate_std": 0.0,
      "labeled_n_mean": 180.0,
      "labeled_n_std": 0.0,
      "mean_oracle_gated_gain_mean": 0.7178863873197184,
      "mean_oracle_gated_gain_std": 0.0,
      "nochange_false_intervention_rate_mean": 0.7777777777777778,
      "nochange_false_intervention_rate_std": 0.0,
      "oracle_recovery_mean": 0.9236804066568813,
      "oracle_recovery_std": 0.0,
      "passes_line": false,
      "precision_gap_vs_shuffled": 0.0,
      "residual_low_false_intervention_rate_mean": 0.8222222222222222,
      "residual_low_false_intervention_rate_std": 0.0,
      "sim_delta_vs_official_mean": 0.7178863873197184,
      "sim_delta_vs_official_std": 0.0,
      "split_family": "beta_bin",
      "split_group": "beta_bin=1.1<=beta<1.4",
      "splits": 1,
      "strong_nochange_false_intervention_rate_mean": 0.6923076923076923,
      "strong_nochange_false_intervention_rate_std": 0.0,
      "target_margin": 0.15
    },
    {
      "bootstrap_gain_p05_mean": 0.37529179890039144,
      "bootstrap_gain_p05_std": 0.0,
      "confidence_corr_mean": 0.42517365075930297,
      "confidence_corr_std": 0.0,
      "eligible_for_pass": 0,
      "feature_set": "E_all_deployable_shuffled",
      "head": "hgb",
      "ignored_n_mean": 11.0,
      "ignored_n_std": 0.0,
      "intervention_precision_mean": 0.5771428571428572,
      "intervention_precision_std": 0.0,
      "intervention_rate_mean": 0.9296482412060302,
      "intervention_rate_std": 0.0,
      "labeled_n_mean": 188.0,
      "labeled_n_std": 0.0,
      "mean_oracle_gated_gain_mean": 0.49890189608948665,
      "mean_oracle_gated_gain_std": 0.0,
      "nochange_false_intervention_rate_mean": 0.8604651162790697,
      "nochange_false_intervention_rate_std": 0.0,
      "oracle_recovery_mean": 0.8708535335197709,
      "oracle_recovery_std": 0.0,
      "passes_line": false,
      "precision_gap_vs_shuffled": 0.0,
      "residual_low_false_intervention_rate_mean": 1.0,
      "residual_low_false_intervention_rate_std": 0.0,
      "sim_delta_vs_official_mean": 0.49890189608948665,
      "sim_delta_vs_official_std": 0.0,
      "split_family": "beta_bin",
      "split_group": "beta_bin=1.4<=beta<1.7",
      "splits": 1,
      "strong_nochange_false_intervention_rate_mean": 0.8571428571428571,
      "strong_nochange_false_intervention_rate_std": 0.0,
      "target_margin": 0.15
    },
    {
      "bootstrap_gain_p05_mean": 0.5110051455112051,
      "bootstrap_gain_p05_std": 0.0,
      "confidence_corr_mean": 0.3995845108035208,
      "confidence_corr_std": 0.0,
      "eligible_for_pass": 0,
      "feature_set": "E_all_deployable_shuffled",
      "head": "hgb",
      "ignored_n_mean": 8.0,
      "ignored_n_std": 0.0,
      "intervention_precision_mean": 0.6463414634146342,
      "intervention_precision_std": 0.0,
      "intervention_rate_mean": 0.8724489795918368,
      "intervention_rate_std": 0.0,
      "labeled_n_mean": 188.0,
      "labeled_n_std": 0.0,
      "mean_oracle_gated_gain_mean": 0.6674052343179331,
      "mean_oracle_gated_gain_std": 0.0,
      "nochange_false_intervention_rate_mean": 0.7837837837837838,
      "nochange_false_intervention_rate_std": 0.0,
      "oracle_recovery_mean": 0.8666888269096245,
      "oracle_recovery_std": 0.0,
      "passes_line": false,
      "precision_gap_vs_shuffled": 0.0,
      "residual_low_false_intervention_rate_mean": 0.8240740740740741,
      "residual_low_false_intervention_rate_std": 0.0,
      "sim_delta_vs_official_mean": 0.6674052343179331,
      "sim_delta_vs_official_std": 0.0,
      "split_family": "beta_bin",
      "split_group": "beta_bin=beta<0.8",
      "splits": 1,
      "strong_nochange_false_intervention_rate_mean": 0.6410256410256411,
      "strong_nochange_false_intervention_rate_std": 0.0,
      "target_margin": 0.15
    },
    {
      "bootstrap_gain_p05_mean": 0.3696024532019414,
      "bootstrap_gain_p05_std": 0.0,
      "confidence_corr_mean": 0.36270513845548324,
      "confidence_corr_std": 0.0,
      "eligible_for_pass": 0,
      "feature_set": "E_all_deployable_shuffled",
      "head": "hgb",
      "ignored_n_mean": 16.0,
      "ignored_n_std": 0.0,
      "intervention_precision_mean": 0.615819209039548,
      "intervention_precision_std": 0.0,
      "intervention_rate_mean": 0.8807339449541285,
      "intervention_rate_std": 0.0,
      "labeled_n_mean": 202.0,
      "labeled_n_std": 0.0,
      "mean_oracle_gated_gain_mean": 0.4908640034225315,
      "mean_oracle_gated_gain_std": 0.0,
      "nochange_false_intervention_rate_mean": 0.7727272727272727,
      "nochange_false_intervention_rate_std": 0.0,
      "oracle_recovery_mean": 0.8532466519384538,
      "oracle_recovery_std": 0.0,
      "passes_line": false,
      "precision_gap_vs_shuffled": 0.0,
      "residual_low_false_intervention_rate_mean": 0.8888888888888888,
      "residual_low_false_intervention_rate_std": 0.0,
      "sim_delta_vs_official_mean": 0.4908640034225315,
      "sim_delta_vs_official_std": 0.0,
      "split_family": "beta_bin",
      "split_group": "beta_bin=beta>=1.7",
      "splits": 1,
      "strong_nochange_false_intervention_rate_mean": 0.8333333333333334,
      "strong_nochange_false_intervention_rate_std": 0.0,
      "target_margin": 0.15
    },
    {
      "bootstrap_gain_p05_mean": 0.9006391581692887,
      "bootstrap_gain_p05_std": 0.0,
      "confidence_corr_mean": 0.1656469579366953,
      "confidence_corr_std": 0.0,
      "eligible_for_pass": 0,
      "feature_set": "E_all_deployable_shuffled",
      "head": "hgb",
      "ignored_n_mean": 7.0,
      "ignored_n_std": 0.0,
      "intervention_precision_mean": 0.6954314720812182,
      "intervention_precision_std": 0.0,
      "intervention_rate_mean": 1.0,
      "intervention_rate_std": 0.0,
      "labeled_n_mean": 197.0,
      "labeled_n_std": 0.0,
      "mean_oracle_gated_gain_mean": 1.0343826270938339,
      "mean_oracle_gated_gain_std": 0.0,
      "nochange_false_intervention_rate_mean": 1.0,
      "nochange_false_intervention_rate_std": 0.0,
      "oracle_recovery_mean": 0.9423702216266134,
      "oracle_recovery_std": 0.0,
      "passes_line": false,
      "precision_gap_vs_shuffled": 0.0,
      "residual_low_false_intervention_rate_mean": 1.0,
      "residual_low_false_intervention_rate_std": 0.0,
      "sim_delta_vs_official_mean": 1.0343826270938339,
      "sim_delta_vs_official_std": 0.0,
      "split_family": "content_cluster",
      "split_group": "content_cluster=content_k5_c0",
      "splits": 1,
      "strong_nochange_false_intervention_rate_mean": 0.0,
      "strong_nochange_false_intervention_rate_std": 0.0,
      "target_margin": 0.15
    },
    {
      "bootstrap_gain_p05_mean": 1.0071280056659582,
      "bootstrap_gain_p05_std": 0.0,
      "confidence_corr_mean": 0.3418243551389711,
      "confidence_corr_std": 0.0,
      "eligible_for_pass": 0,
      "feature_set": "E_all_deployable_shuffled",
      "head": "hgb",
      "ignored_n_mean": 2.0,
      "ignored_n_std": 0.0,
      "intervention_precision_mean": 0.7339449541284404,
      "intervention_precision_std": 0.0,
      "intervention_rate_mean": 0.9910714285714286,
      "intervention_rate_std": 0.0,
      "labeled_n_mean": 110.0,
      "labeled_n_std": 0.0,
      "mean_oracle_gated_gain_mean": 1.2995312669192518,
      "mean_oracle_gated_gain_std": 0.0,
      "nochange_false_intervention_rate_mean": 0.9666666666666667,
      "nochange_false_intervention_rate_std": 0.0,
      "oracle_recovery_mean": 0.9604490976396045,
      "oracle_recovery_std": 0.0,
      "passes_line": false,
      "precision_gap_vs_shuffled": 0.0,
      "residual_low_false_intervention_rate_mean": 1.0,
      "residual_low_false_intervention_rate_std": 0.0,
      "sim_delta_vs_official_mean": 1.2995312669192518,
      "sim_delta_vs_official_std": 0.0,
      "split_family": "content_cluster",
      "split_group": "content_cluster=content_k5_c1",
      "splits": 1,
      "strong_nochange_false_intervention_rate_mean": 1.0,
      "strong_nochange_false_intervention_rate_std": 0.0,
      "target_margin": 0.15
    },
    {
      "bootstrap_gain_p05_mean": 0.018494478956357446,
      "bootstrap_gain_p05_std": 0.0,
      "confidence_corr_mean": 0.25280919439005795,
      "confidence_corr_std": 0.0,
      "eligible_for_pass": 0,
      "feature_set": "E_all_deployable_shuffled",
      "head": "hgb",
      "ignored_n_mean": 22.0,
      "ignored_n_std": 0.0,
      "intervention_precision_mean": 0.39823008849557523,
      "intervention_precision_std": 0.0,
      "intervention_rate_mean": 0.9501915708812261,
      "intervention_rate_std": 0.0,
      "labeled_n_mean": 239.0,
      "labeled_n_std": 0.0,
      "mean_oracle_gated_gain_mean": 0.07143410070388023,
      "mean_oracle_gated_gain_std": 0.0,
      "nochange_false_intervention_rate_mean": 0.912751677852349,
      "nochange_false_intervention_rate_std": 0.0,
      "oracle_recovery_mean": 0.32479389482483234,
      "oracle_recovery_std": 0.0,
      "passes_line": false,
      "precision_gap_vs_shuffled": 0.0,
      "residual_low_false_intervention_rate_mean": 0.9833333333333333,
      "residual_low_false_intervention_rate_std": 0.0,
      "sim_delta_vs_official_mean": 0.07143410070388023,
      "sim_delta_vs_official_std": 0.0,
      "split_family": "content_cluster",
      "split_group": "content_cluster=content_k5_c2",
      "splits": 1,
      "strong_nochange_false_intervention_rate_mean": 0.9425287356321839,
      "strong_nochange_false_intervention_rate_std": 0.0,
      "target_margin": 0.15
    },
    {
      "bootstrap_gain_p05_mean": 0.5994133719838134,
      "bootstrap_gain_p05_std": 0.0,
      "confidence_corr_mean": 0.15400182578320393,
      "confidence_corr_std": 0.0,
      "eligible_for_pass": 0,
      "feature_set": "E_all_deployable_shuffled",
      "head": "hgb",
      "ignored_n_mean": 7.0,
      "ignored_n_std": 0.0,
      "intervention_precision_mean": 0.6736842105263158,
      "intervention_precision_std": 0.0,
      "intervention_rate_mean": 1.0,
      "intervention_rate_std": 0.0,
      "labeled_n_mean": 190.0,
      "labeled_n_std": 0.0,
      "mean_oracle_gated_gain_mean": 0.7442064591501355,
      "mean_oracle_gated_gain_std": 0.0,
      "nochange_false_intervention_rate_mean": 1.0,
      "nochange_false_intervention_rate_std": 0.0,
      "oracle_recovery_mean": 0.907336594100946,
      "oracle_recovery_std": 0.0,
      "passes_line": false,
      "precision_gap_vs_shuffled": 0.0,
      "residual_low_false_intervention_rate_mean": 1.0,
      "residual_low_false_intervention_rate_std": 0.0,
      "sim_delta_vs_official_mean": 0.7442064591501355,
      "sim_delta_vs_official_std": 0.0,
      "split_family": "content_cluster",
      "split_group": "content_cluster=content_k5_c3",
      "splits": 1,
      "strong_nochange_false_intervention_rate_mean": 0.0,
      "strong_nochange_false_intervention_rate_std": 0.0,
      "target_margin": 0.15
    },
    {
      "bootstrap_gain_p05_mean": 0.11521480575903217,
      "bootstrap_gain_p05_std": 0.0,
      "confidence_corr_mean": 0.24584060978193117,
      "confidence_corr_std": 0.0,
      "eligible_for_pass": 0,
      "feature_set": "E_all_deployable_shuffled",
      "head": "hgb",
      "ignored_n_mean": 28.0,
      "ignored_n_std": 0.0,
      "intervention_precision_mean": 0.4756756756756757,
      "intervention_precision_std": 0.0,
      "intervention_rate_mean": 0.9380530973451328,
      "intervention_rate_std": 0.0,
      "labeled_n_mean": 198.0,
      "labeled_n_std": 0.0,
      "mean_oracle_gated_gain_mean": 0.16095988245819653,
      "mean_oracle_gated_gain_std": 0.0,
      "nochange_false_intervention_rate_mean": 0.8818181818181818,
      "nochange_false_intervention_rate_std": 0.0,
      "oracle_recovery_mean": 0.7065440899030788,
      "oracle_recovery_std": 0.0,
      "passes_line": false,
      "precision_gap_vs_shuffled": 0.0,
      "residual_low_false_intervention_rate_mean": 0.9795918367346939,
      "residual_low_false_intervention_rate_std": 0.0,
      "sim_delta_vs_official_mean": 0.16095988245819653,
      "sim_delta_vs_official_std": 0.0,
      "split_family": "content_cluster",
      "split_group": "content_cluster=content_k5_c4",
      "splits": 1,
      "strong_nochange_false_intervention_rate_mean": 0.9428571428571428,
      "strong_nochange_false_intervention_rate_std": 0.0,
      "target_margin": 0.15
    },
    {
      "bootstrap_gain_p05_mean": 0.4601620178918735,
      "bootstrap_gain_p05_std": 0.0,
      "confidence_corr_mean": 0.4833829201835621,
      "confidence_corr_std": 0.0,
      "eligible_for_pass": 0,
      "feature_set": "E_all_deployable_shuffled",
      "head": "hgb",
      "ignored_n_mean": 11.0,
      "ignored_n_std": 0.0,
      "intervention_precision_mean": 0.5707547169811321,
      "intervention_precision_std": 0.0,
      "intervention_rate_mean": 0.88,
      "intervention_rate_std": 0.0,
      "labeled_n_mean": 239.0,
      "labeled_n_std": 0.0,
      "mean_oracle_gated_gain_mean": 0.6143026181164484,
      "mean_oracle_gated_gain_std": 0.0,
      "nochange_false_intervention_rate_mean": 0.7982456140350878,
      "nochange_false_intervention_rate_std": 0.0,
      "oracle_recovery_mean": 0.8572493710786055,
      "oracle_recovery_std": 0.0,
      "passes_line": false,
      "precision_gap_vs_shuffled": 0.0,
      "residual_low_false_intervention_rate_mean": 0.9166666666666666,
      "residual_low_false_intervention_rate_std": 0.0,
      "sim_delta_vs_official_mean": 0.6143026181164484,
      "sim_delta_vs_official_std": 0.0,
      "split_family": "cr_strength_bin",
      "split_group": "cr_strength_bin=midhigh_cr_q3",
      "splits": 1,
      "strong_nochange_false_intervention_rate_mean": 0.782608695652174,
      "strong_nochange_false_intervention_rate_std": 0.0,
      "target_margin": 0.15
    },
    {
      "bootstrap_gain_p05_mean": 0.5786791892572002,
      "bootstrap_gain_p05_std": 0.0,
      "confidence_corr_mean": 0.37682370041380464,
      "confidence_corr_std": 0.0,
      "eligible_for_pass": 0,
      "feature_set": "E_all_deployable_shuffled",
      "head": "hgb",
      "ignored_n_mean": 9.0,
      "ignored_n_std": 0.0,
      "intervention_precision_mean": 0.6371681415929203,
      "intervention_precision_std": 0.0,
      "intervention_rate_mean": 0.94,
      "intervention_rate_std": 0.0,
      "labeled_n_mean": 241.0,
      "labeled_n_std": 0.0,
      "mean_oracle_gated_gain_mean": 0.7092621054317578,
      "mean_oracle_gated_gain_std": 0.0,
      "nochange_false_intervention_rate_mean": 0.8631578947368421,
      "nochange_false_intervention_rate_std": 0.0,
      "oracle_recovery_mean": 0.9052643139128647,
      "oracle_recovery_std": 0.0,
      "passes_line": false,
      "precision_gap_vs_shuffled": 0.0,
      "residual_low_false_intervention_rate_mean": 1.0,
      "residual_low_false_intervention_rate_std": 0.0,
      "sim_delta_vs_official_mean": 0.7092621054317578,
      "sim_delta_vs_official_std": 0.0,
      "split_family": "cr_strength_bin",
      "split_group": "cr_strength_bin=midlow_cr_q2",
      "splits": 1,
      "strong_nochange_false_intervention_rate_mean": 1.0,
      "strong_nochange_false_intervention_rate_std": 0.0,
      "target_margin": 0.15
    },
    {
      "bootstrap_gain_p05_mean": 0.1648673086768967,
      "bootstrap_gain_p05_std": 0.0,
      "confidence_corr_mean": 0.37146549609062274,
      "confidence_corr_std": 0.0,
      "eligible_for_pass": 0,
      "feature_set": "E_all_deployable_shuffled",
      "head": "hgb",
      "ignored_n_mean": 31.0,
      "ignored_n_std": 0.0,
      "intervention_precision_mean": 0.532608695652174,
      "intervention_precision_std": 0.0,
      "intervention_rate_mean": 0.852,
      "intervention_rate_std": 0.0,
      "labeled_n_mean": 219.0,
      "labeled_n_std": 0.0,
      "mean_oracle_gated_gain_mean": 0.23584768870907158,
      "mean_oracle_gated_gain_std": 0.0,
      "nochange_false_intervention_rate_mean": 0.7543859649122807,
      "nochange_false_intervention_rate_std": 0.0,
      "oracle_recovery_mean": 0.7501073389463031,
      "oracle_recovery_std": 0.0,
      "passes_line": false,
      "precision_gap_vs_shuffled": 0.0,
      "residual_low_false_intervention_rate_mean": 0.8518518518518519,
      "residual_low_false_intervention_rate_std": 0.0,
      "sim_delta_vs_official_mean": 0.23584768870907158,
      "sim_delta_vs_official_std": 0.0,
      "split_family": "cr_strength_bin",
      "split_group": "cr_strength_bin=strong_cr_q4",
      "splits": 1,
      "strong_nochange_false_intervention_rate_mean": 0.7326732673267327,
      "strong_nochange_false_intervention_rate_std": 0.0,
      "target_margin": 0.15
    },
    {
      "bootstrap_gain_p05_mean": 0.5639230048177114,
      "bootstrap_gain_p05_std": 0.0,
      "confidence_corr_mean": 0.17569942138807154,
      "confidence_corr_std": 0.0,
      "eligible_for_pass": 0,
      "feature_set": "E_all_deployable_shuffled",
      "head": "hgb",
      "ignored_n_mean": 15.0,
      "ignored_n_std": 0.0,
      "intervention_precision_mean": 0.625531914893617,
      "intervention_precision_std": 0.0,
      "intervention_rate_mean": 1.0,
      "intervention_rate_std": 0.0,
      "labeled_n_mean": 235.0,
      "labeled_n_std": 0.0,
      "mean_oracle_gated_gain_mean": 0.7011350941451046,
      "mean_oracle_gated_gain_std": 0.0,
      "nochange_false_intervention_rate_mean": 1.0,
      "nochange_false_intervention_rate_std": 0.0,
      "oracle_recovery_mean": 0.9114905839507257,
      "oracle_recovery_std": 0.0,
      "passes_line": false,
      "precision_gap_vs_shuffled": 0.0,
      "residual_low_false_intervention_rate_mean": 1.0,
      "residual_low_false_intervention_rate_std": 0.0,
      "sim_delta_vs_official_mean": 0.7011350941451046,
      "sim_delta_vs_official_std": 0.0,
      "split_family": "cr_strength_bin",
      "split_group": "cr_strength_bin=weak_cr_q1",
      "splits": 1,
      "strong_nochange_false_intervention_rate_mean": 0.0,
      "strong_nochange_false_intervention_rate_std": 0.0,
      "target_margin": 0.15
    },
    {
      "bootstrap_gain_p05_mean": 0.09313522337224919,
      "bootstrap_gain_p05_std": 0.0,
      "confidence_corr_mean": 0.3111081423422788,
      "confidence_corr_std": 0.0,
      "eligible_for_pass": 0,
      "feature_set": "E_all_deployable_shuffled",
      "head": "hgb",
      "ignored_n_mean": 14.0,
      "ignored_n_std": 0.0,
      "intervention_precision_mean": 0.4292929292929293,
      "intervention_precision_std": 0.0,
      "intervention_rate_mean": 0.832,
      "intervention_rate_std": 0.0,
      "labeled_n_mean": 236.0,
      "labeled_n_std": 0.0,
      "mean_oracle_gated_gain_mean": 0.15356512148413096,
      "mean_oracle_gated_gain_std": 0.0,
      "nochange_false_intervention_rate_mean": 0.795774647887324,
      "nochange_false_intervention_rate_std": 0.0,
      "oracle_recovery_mean": 0.5536922473052048,
      "oracle_recovery_std": 0.0,
      "passes_line": false,
      "precision_gap_vs_shuffled": 0.0,
      "residual_low_false_intervention_rate_mean": 0.8333333333333334,
      "residual_low_false_intervention_rate_std": 0.0,
      "sim_delta_vs_official_mean": 0.15356512148413096,
      "sim_delta_vs_official_std": 0.0,
      "split_family": "official_strength_bin",
      "split_group": "official_strength_bin=midhigh_official_q3",
      "splits": 1,
      "strong_nochange_false_intervention_rate_mean": 0.0,
      "strong_nochange_false_intervention_rate_std": 0.0,
      "target_margin": 0.15
    },
    {
      "bootstrap_gain_p05_mean": 0.5740086225083452,
      "bootstrap_gain_p05_std": 0.0,
      "confidence_corr_mean": 0.19670329121312008,
      "confidence_corr_std": 0.0,
      "eligible_for_pass": 0,
      "feature_set": "E_all_deployable_shuffled",
      "head": "hgb",
      "ignored_n_mean": 17.0,
      "ignored_n_std": 0.0,
      "intervention_precision_mean": 0.6304347826086957,
      "intervention_precision_std": 0.0,
      "intervention_rate_mean": 0.98,
      "intervention_rate_std": 0.0,
      "labeled_n_mean": 233.0,
      "labeled_n_std": 0.0,
      "mean_oracle_gated_gain_mean": 0.6974296724064634,
      "mean_oracle_gated_gain_std": 0.0,
      "nochange_false_intervention_rate_mean": 0.9659090909090909,
      "nochange_false_intervention_rate_std": 0.0,
      "oracle_recovery_mean": 0.9000776792495475,
      "oracle_recovery_std": 0.0,
      "passes_line": false,
      "precision_gap_vs_shuffled": 0.0,
      "residual_low_false_intervention_rate_mean": 1.0,
      "residual_low_false_intervention_rate_std": 0.0,
      "sim_delta_vs_official_mean": 0.6974296724064634,
      "sim_delta_vs_official_std": 0.0,
      "split_family": "official_strength_bin",
      "split_group": "official_strength_bin=midlow_official_q2",
      "splits": 1,
      "strong_nochange_false_intervention_rate_mean": 0.0,
      "strong_nochange_false_intervention_rate_std": 0.0,
      "target_margin": 0.15
    },
    {
      "bootstrap_gain_p05_mean": 0.03776906755735862,
      "bootstrap_gain_p05_std": 0.0,
      "confidence_corr_mean": 0.24871488676145026,
      "confidence_corr_std": 0.0,
      "eligible_for_pass": 0,
      "feature_set": "E_all_deployable_shuffled",
      "head": "hgb",
      "ignored_n_mean": 28.0,
      "ignored_n_std": 0.0,
      "intervention_precision_mean": 0.4744897959183674,
      "intervention_precision_std": 0.0,
      "intervention_rate_mean": 0.896,
      "intervention_rate_std": 0.0,
      "labeled_n_mean": 222.0,
      "labeled_n_std": 0.0,
      "mean_oracle_gated_gain_mean": 0.08679415945738372,
      "mean_oracle_gated_gain_std": 0.0,
      "nochange_false_intervention_rate_mean": 0.824,
      "nochange_false_intervention_rate_std": 0.0,
      "oracle_recovery_mean": 0.4262047656017024,
      "oracle_recovery_std": 0.0,
      "passes_line": false,
      "precision_gap_vs_shuffled": 0.0,
      "residual_low_false_intervention_rate_mean": 0.9210526315789473,
      "residual_low_false_intervention_rate_std": 0.0,
      "sim_delta_vs_official_mean": 0.08679415945738372,
      "sim_delta_vs_official_std": 0.0,
      "split_family": "official_strength_bin",
      "split_group": "official_strength_bin=strong_official_q4",
      "splits": 1,
      "strong_nochange_false_intervention_rate_mean": 0.824,
      "strong_nochange_false_intervention_rate_std": 0.0,
      "target_margin": 0.15
    },
    {
      "bootstrap_gain_p05_mean": 1.1263155911926899,
      "bootstrap_gain_p05_std": 0.0,
      "confidence_corr_mean": 0.15234775919788265,
      "confidence_corr_std": 0.0,
      "eligible_for_pass": 0,
      "feature_set": "E_all_deployable_shuffled",
      "head": "hgb",
      "ignored_n_mean": 7.0,
      "ignored_n_std": 0.0,
      "intervention_precision_mean": 0.7717842323651453,
      "intervention_precision_std": 0.0,
      "intervention_rate_mean": 0.992,
      "intervention_rate_std": 0.0,
      "labeled_n_mean": 243.0,
      "labeled_n_std": 0.0,
      "mean_oracle_gated_gain_mean": 1.2900714575491112,
      "mean_oracle_gated_gain_std": 0.0,
      "nochange_false_intervention_rate_mean": 0.9821428571428571,
      "nochange_false_intervention_rate_std": 0.0,
      "oracle_recovery_mean": 0.9715318259032956,
      "oracle_recovery_std": 0.0,
      "passes_line": false,
      "precision_gap_vs_shuffled": 0.0,
      "residual_low_false_intervention_rate_mean": 1.0,
      "residual_low_false_intervention_rate_std": 0.0,
      "sim_delta_vs_official_mean": 1.2900714575491112,
      "sim_delta_vs_official_std": 0.0,
      "split_family": "official_strength_bin",
      "split_group": "official_strength_bin=weak_official_q1",
      "splits": 1,
      "strong_nochange_false_intervention_rate_mean": 0.0,
      "strong_nochange_false_intervention_rate_std": 0.0,
      "target_margin": 0.15
    },
    {
      "bootstrap_gain_p05_mean": 0.4978080905822197,
      "bootstrap_gain_p05_std": 0.07789413354590716,
      "confidence_corr_mean": 0.4385384876544445,
      "confidence_corr_std": 0.0438757412273432,
      "eligible_for_pass": 0,
      "feature_set": "E_all_deployable_shuffled",
      "head": "hgb",
      "ignored_n_mean": 16.333333333333332,
      "ignored_n_std": 2.8674417556808756,
      "intervention_precision_mean": 0.6057852491291836,
      "intervention_precision_std": 0.018106700245182312,
      "intervention_rate_mean": 0.9226666666666667,
      "intervention_rate_std": 0.0018856180831641283,
      "labeled_n_mean": 233.66666666666666,
      "labeled_n_std": 2.8674417556808756,
      "mean_oracle_gated_gain_mean": 0.629482836650851,
      "mean_oracle_gated_gain_std": 0.07792837018619912,
      "nochange_false_intervention_rate_mean": 0.8330390742155448,
      "nochange_false_intervention_rate_std": 0.018659881348326465,
      "oracle_recovery_mean": 0.8929114129434833,
      "oracle_recovery_std": 0.019565469090800272,
      "passes_line": false,
      "precision_gap_vs_shuffled": 0.0,
      "residual_low_false_intervention_rate_mean": 0.8756034925526451,
      "residual_low_false_intervention_rate_std": 0.006405667660931201,
      "sim_delta_vs_official_mean": 0.629482836650851,
      "sim_delta_vs_official_std": 0.07792837018619912,
      "split_family": "random",
      "split_group": "random",
      "splits": 3,
      "strong_nochange_false_intervention_rate_mean": 0.7455983988491729,
      "strong_nochange_false_intervention_rate_std": 0.044426711621565716,
      "target_margin": 0.15
    },
    {
      "bootstrap_gain_p05_mean": 0.5869518383498595,
      "bootstrap_gain_p05_std": 0.0,
      "confidence_corr_mean": 0.3546101730602033,
      "confidence_corr_std": 0.0,
      "eligible_for_pass": 0,
      "feature_set": "E_all_deployable_shuffled",
      "head": "hgb",
      "ignored_n_mean": 18.0,
      "ignored_n_std": 0.0,
      "intervention_precision_mean": 0.5176991150442478,
      "intervention_precision_std": 0.0,
      "intervention_rate_mean": 0.976,
      "intervention_rate_std": 0.0,
      "labeled_n_mean": 232.0,
      "labeled_n_std": 0.0,
      "mean_oracle_gated_gain_mean": 0.7609663870155692,
      "mean_oracle_gated_gain_std": 0.0,
      "nochange_false_intervention_rate_mean": 0.9478260869565217,
      "nochange_false_intervention_rate_std": 0.0,
      "oracle_recovery_mean": 0.8830659853917158,
      "oracle_recovery_std": 0.0,
      "passes_line": false,
      "precision_gap_vs_shuffled": 0.0,
      "residual_low_false_intervention_rate_mean": 0.0,
      "residual_low_false_intervention_rate_std": 0.0,
      "sim_delta_vs_official_mean": 0.7609663870155692,
      "sim_delta_vs_official_std": 0.0,
      "split_family": "residual_energy_bin",
      "split_group": "residual_energy_bin=residual_high_q4",
      "splits": 1,
      "strong_nochange_false_intervention_rate_mean": 1.0,
      "strong_nochange_false_intervention_rate_std": 0.0,
      "target_margin": 0.15
    },
    {
      "bootstrap_gain_p05_mean": 0.288943009514865,
      "bootstrap_gain_p05_std": 0.0,
      "confidence_corr_mean": 0.4272461787377879,
      "confidence_corr_std": 0.0,
      "eligible_for_pass": 0,
      "feature_set": "E_all_deployable_shuffled",
      "head": "hgb",
      "ignored_n_mean": 25.0,
      "ignored_n_std": 0.0,
      "intervention_precision_mean": 0.6206896551724138,
      "intervention_precision_std": 0.0,
      "intervention_rate_mean": 0.9,
      "intervention_rate_std": 0.0,
      "labeled_n_mean": 225.0,
      "labeled_n_std": 0.0,
      "mean_oracle_gated_gain_mean": 0.3628022438802912,
      "mean_oracle_gated_gain_std": 0.0,
      "nochange_false_intervention_rate_mean": 0.8191489361702128,
      "nochange_false_intervention_rate_std": 0.0,
      "oracle_recovery_mean": 0.8445457678756009,
      "oracle_recovery_std": 0.0,
      "passes_line": false,
      "precision_gap_vs_shuffled": 0.0,
      "residual_low_false_intervention_rate_mean": 0.9,
      "residual_low_false_intervention_rate_std": 0.0,
      "sim_delta_vs_official_mean": 0.3628022438802912,
      "sim_delta_vs_official_std": 0.0,
      "split_family": "residual_energy_bin",
      "split_group": "residual_energy_bin=residual_low_q1",
      "splits": 1,
      "strong_nochange_false_intervention_rate_mean": 0.7794117647058824,
      "strong_nochange_false_intervention_rate_std": 0.0,
      "target_margin": 0.15
    },
    {
      "bootstrap_gain_p05_mean": 0.5938048044254546,
      "bootstrap_gain_p05_std": 0.0,
      "confidence_corr_mean": 0.38841895166712004,
      "confidence_corr_std": 0.0,
      "eligible_for_pass": 0,
      "feature_set": "E_all_deployable_shuffled",
      "head": "hgb",
      "ignored_n_mean": 8.0,
      "ignored_n_std": 0.0,
      "intervention_precision_mean": 0.6415094339622641,
      "intervention_precision_std": 0.0,
      "intervention_rate_mean": 0.872,
      "intervention_rate_std": 0.0,
      "labeled_n_mean": 242.0,
      "labeled_n_std": 0.0,
      "mean_oracle_gated_gain_mean": 0.7067301489718307,
      "mean_oracle_gated_gain_std": 0.0,
      "nochange_false_intervention_rate_mean": 0.7378640776699029,
      "nochange_false_intervention_rate_std": 0.0,
      "oracle_recovery_mean": 0.914534547537928,
      "oracle_recovery_std": 0.0,
      "passes_line": false,
      "precision_gap_vs_shuffled": 0.0,
      "residual_low_false_intervention_rate_mean": 0.0,
      "residual_low_false_intervention_rate_std": 0.0,
      "sim_delta_vs_official_mean": 0.7067301489718307,
      "sim_delta_vs_official_std": 0.0,
      "split_family": "residual_energy_bin",
      "split_group": "residual_energy_bin=residual_midhigh_q3",
      "splits": 1,
      "strong_nochange_false_intervention_rate_mean": 0.625,
      "strong_nochange_false_intervention_rate_std": 0.0,
      "target_margin": 0.15
    },
    {
      "bootstrap_gain_p05_mean": 0.3416466917281368,
      "bootstrap_gain_p05_std": 0.0,
      "confidence_corr_mean": 0.3819115659445654,
      "confidence_corr_std": 0.0,
      "eligible_for_pass": 0,
      "feature_set": "E_all_deployable_shuffled",
      "head": "hgb",
      "ignored_n_mean": 15.0,
      "ignored_n_std": 0.0,
      "intervention_precision_mean": 0.6074766355140186,
      "intervention_precision_std": 0.0,
      "intervention_rate_mean": 0.908,
      "intervention_rate_std": 0.0,
      "labeled_n_mean": 235.0,
      "labeled_n_std": 0.0,
      "mean_oracle_gated_gain_mean": 0.42123916122375327,
      "mean_oracle_gated_gain_std": 0.0,
      "nochange_false_intervention_rate_mean": 0.8484848484848485,
      "nochange_false_intervention_rate_std": 0.0,
      "oracle_recovery_mean": 0.8106527243143099,
      "oracle_recovery_std": 0.0,
      "passes_line": false,
      "precision_gap_vs_shuffled": 0.0,
      "residual_low_false_intervention_rate_mean": 0.0,
      "residual_low_false_intervention_rate_std": 0.0,
      "sim_delta_vs_official_mean": 0.42123916122375327,
      "sim_delta_vs_official_std": 0.0,
      "split_family": "residual_energy_bin",
      "split_group": "residual_energy_bin=residual_midlow_q2",
      "splits": 1,
      "strong_nochange_false_intervention_rate_mean": 0.7105263157894737,
      "strong_nochange_false_intervention_rate_std": 0.0,
      "target_margin": 0.15
    },
    {
      "bootstrap_gain_p05_mean": 0.4497596296838058,
      "bootstrap_gain_p05_std": 0.0,
      "confidence_corr_mean": 0.5673822377621519,
      "confidence_corr_std": 0.0,
      "eligible_for_pass": 0,
      "feature_set": "Z_diagnostic_leakage",
      "head": "hgb",
      "ignored_n_mean": 12.0,
      "ignored_n_std": 0.0,
      "intervention_precision_mean": 1.0,
      "intervention_precision_std": 0.0,
      "intervention_rate_mean": 0.5,
      "intervention_rate_std": 0.0,
      "labeled_n_mean": 182.0,
      "labeled_n_std": 0.0,
      "mean_oracle_gated_gain_mean": 0.5698115632009365,
      "mean_oracle_gated_gain_std": 0.0,
      "nochange_false_intervention_rate_mean": 0.0,
      "nochange_false_intervention_rate_std": 0.0,
      "oracle_recovery_mean": 0.9871502449608529,
      "oracle_recovery_std": 0.0,
      "passes_line": false,
      "precision_gap_vs_shuffled": 0.4385964912280702,
      "residual_low_false_intervention_rate_mean": 0.5178571428571429,
      "residual_low_false_intervention_rate_std": 0.0,
      "sim_delta_vs_official_mean": 0.5698115632009365,
      "sim_delta_vs_official_std": 0.0,
      "split_family": "airlight_bin",
      "split_group": "airlight_bin=0.65<=A<0.75",
      "splits": 1,
      "strong_nochange_false_intervention_rate_mean": 0.0,
      "strong_nochange_false_intervention_rate_std": 0.0,
      "target_margin": 0.15
    },
    {
      "bootstrap_gain_p05_mean": 0.49865712676968593,
      "bootstrap_gain_p05_std": 0.0,
      "confidence_corr_mean": 0.5745543204086895,
      "confidence_corr_std": 0.0,
      "eligible_for_pass": 0,
      "feature_set": "Z_diagnostic_leakage",
      "head": "hgb",
      "ignored_n_mean": 14.0,
      "ignored_n_std": 0.0,
      "intervention_precision_mean": 1.0,
      "intervention_precision_std": 0.0,
      "intervention_rate_mean": 0.580952380952381,
      "intervention_rate_std": 0.0,
      "labeled_n_mean": 196.0,
      "labeled_n_std": 0.0,
      "mean_oracle_gated_gain_mean": 0.5958314596082634,
      "mean_oracle_gated_gain_std": 0.0,
      "nochange_false_intervention_rate_mean": 0.0,
      "nochange_false_intervention_rate_std": 0.0,
      "oracle_recovery_mean": 0.99230148348061,
      "oracle_recovery_std": 0.0,
      "passes_line": false,
      "precision_gap_vs_shuffled": 0.3293413173652695,
      "residual_low_false_intervention_rate_mean": 0.5925925925925926,
      "residual_low_false_intervention_rate_std": 0.0,
      "sim_delta_vs_official_mean": 0.5958314596082634,
      "sim_delta_vs_official_std": 0.0,
      "split_family": "airlight_bin",
      "split_group": "airlight_bin=0.75<=A<0.85",
      "splits": 1,
      "strong_nochange_false_intervention_rate_mean": 0.0,
      "strong_nochange_false_intervention_rate_std": 0.0,
      "target_margin": 0.15
    },
    {
      "bootstrap_gain_p05_mean": 0.4279463855914633,
      "bootstrap_gain_p05_std": 0.0,
      "confidence_corr_mean": 0.6618170966099047,
      "confidence_corr_std": 0.0,
      "eligible_for_pass": 0,
      "feature_set": "Z_diagnostic_leakage",
      "head": "hgb",
      "ignored_n_mean": 16.0,
      "ignored_n_std": 0.0,
      "intervention_precision_mean": 1.0,
      "intervention_precision_std": 0.0,
      "intervention_rate_mean": 0.46285714285714286,
      "intervention_rate_std": 0.0,
      "labeled_n_mean": 159.0,
      "labeled_n_std": 0.0,
      "mean_oracle_gated_gain_mean": 0.5473155694552505,
      "mean_oracle_gated_gain_std": 0.0,
      "nochange_false_intervention_rate_mean": 0.0,
      "nochange_false_intervention_rate_std": 0.0,
      "oracle_recovery_mean": 0.980098683670227,
      "oracle_recovery_std": 0.0,
      "passes_line": false,
      "precision_gap_vs_shuffled": 0.4482758620689655,
      "residual_low_false_intervention_rate_mean": 0.4375,
      "residual_low_false_intervention_rate_std": 0.0,
      "sim_delta_vs_official_mean": 0.5473155694552505,
      "sim_delta_vs_official_std": 0.0,
      "split_family": "airlight_bin",
      "split_group": "airlight_bin=0.85<=A<0.95",
      "splits": 1,
      "strong_nochange_false_intervention_rate_mean": 0.0,
      "strong_nochange_false_intervention_rate_std": 0.0,
      "target_margin": 0.15
    },
    {
      "bootstrap_gain_p05_mean": 0.7062145080904194,
      "bootstrap_gain_p05_std": 0.0,
      "confidence_corr_mean": 0.574981073385004,
      "confidence_corr_std": 0.0,
      "eligible_for_pass": 0,
      "feature_set": "Z_diagnostic_leakage",
      "head": "hgb",
      "ignored_n_mean": 18.0,
      "ignored_n_std": 0.0,
      "intervention_precision_mean": 1.0,
      "intervention_precision_std": 0.0,
      "intervention_rate_mean": 0.5559322033898305,
      "intervention_rate_std": 0.0,
      "labeled_n_mean": 277.0,
      "labeled_n_std": 0.0,
      "mean_oracle_gated_gain_mean": 0.8347693233891934,
      "mean_oracle_gated_gain_std": 0.0,
      "nochange_false_intervention_rate_mean": 0.0,
      "nochange_false_intervention_rate_std": 0.0,
      "oracle_recovery_mean": 0.9920022300934075,
      "oracle_recovery_std": 0.0,
      "passes_line": false,
      "precision_gap_vs_shuffled": 0.36693548387096775,
      "residual_low_false_intervention_rate_mean": 0.5106382978723404,
      "residual_low_false_intervention_rate_std": 0.0,
      "sim_delta_vs_official_mean": 0.8347693233891934,
      "sim_delta_vs_official_std": 0.0,
      "split_family": "airlight_bin",
      "split_group": "airlight_bin=A<0.65",
      "splits": 1,
      "strong_nochange_false_intervention_rate_mean": 0.0,
      "strong_nochange_false_intervention_rate_std": 0.0,
      "target_margin": 0.15
    },
    {
      "bootstrap_gain_p05_mean": 0.3557600910100794,
      "bootstrap_gain_p05_std": 0.0,
      "confidence_corr_mean": 0.5566767909366667,
      "confidence_corr_std": 0.0,
      "eligible_for_pass": 0,
      "feature_set": "Z_diagnostic_leakage",
      "head": "hgb",
      "ignored_n_mean": 6.0,
      "ignored_n_std": 0.0,
      "intervention_precision_mean": 1.0,
      "intervention_precision_std": 0.0,
      "intervention_rate_mean": 0.5079365079365079,
      "intervention_rate_std": 0.0,
      "labeled_n_mean": 120.0,
      "labeled_n_std": 0.0,
      "mean_oracle_gated_gain_mean": 0.4875542380820404,
      "mean_oracle_gated_gain_std": 0.0,
      "nochange_false_intervention_rate_mean": 0.0,
      "nochange_false_intervention_rate_std": 0.0,
      "oracle_recovery_mean": 0.9926787643642935,
      "oracle_recovery_std": 0.0,
      "passes_line": false,
      "precision_gap_vs_shuffled": 0.4513274336283186,
      "residual_low_false_intervention_rate_mean": 0.6428571428571429,
      "residual_low_false_intervention_rate_std": 0.0,
      "sim_delta_vs_official_mean": 0.4875542380820404,
      "sim_delta_vs_official_std": 0.0,
      "split_family": "airlight_bin",
      "split_group": "airlight_bin=A>=0.95",
      "splits": 1,
      "strong_nochange_false_intervention_rate_mean": 0.0,
      "strong_nochange_false_intervention_rate_std": 0.0,
      "target_margin": 0.15
    },
    {
      "bootstrap_gain_p05_mean": 0.40874226689993,
      "bootstrap_gain_p05_std": 0.0,
      "confidence_corr_mean": 0.5851188444959108,
      "confidence_corr_std": 0.0,
      "eligible_for_pass": 0,
      "feature_set": "Z_diagnostic_leakage",
      "head": "hgb",
      "ignored_n_mean": 12.0,
      "ignored_n_std": 0.0,
      "intervention_precision_mean": 1.0,
      "intervention_precision_std": 0.0,
      "intervention_rate_mean": 0.4521276595744681,
      "intervention_rate_std": 0.0,
      "labeled_n_mean": 176.0,
      "labeled_n_std": 0.0,
      "mean_oracle_gated_gain_mean": 0.5295964485745975,
      "mean_oracle_gated_gain_std": 0.0,
      "nochange_false_intervention_rate_mean": 0.0,
      "nochange_false_intervention_rate_std": 0.0,
      "oracle_recovery_mean": 0.9865991836019706,
      "oracle_recovery_std": 0.0,
      "passes_line": false,
      "precision_gap_vs_shuffled": 0.49375,
      "residual_low_false_intervention_rate_mean": 0.5333333333333333,
      "residual_low_false_intervention_rate_std": 0.0,
      "sim_delta_vs_official_mean": 0.5295964485745975,
      "sim_delta_vs_official_std": 0.0,
      "split_family": "beta_bin",
      "split_group": "beta_bin=0.8<=beta<1.1",
      "splits": 1,
      "strong_nochange_false_intervention_rate_mean": 0.0,
      "strong_nochange_false_intervention_rate_std": 0.0,
      "target_margin": 0.15
    },
    {
      "bootstrap_gain_p05_mean": 0.6233010823501485,
      "bootstrap_gain_p05_std": 0.0,
      "confidence_corr_mean": 0.5663338292287848,
      "confidence_corr_std": 0.0,
      "eligible_for_pass": 0,
      "feature_set": "Z_diagnostic_leakage",
      "head": "hgb",
      "ignored_n_mean": 19.0,
      "ignored_n_std": 0.0,
      "intervention_precision_mean": 1.0,
      "intervention_precision_std": 0.0,
      "intervention_rate_mean": 0.542713567839196,
      "intervention_rate_std": 0.0,
      "labeled_n_mean": 180.0,
      "labeled_n_std": 0.0,
      "mean_oracle_gated_gain_mean": 0.7673254784121792,
      "mean_oracle_gated_gain_std": 0.0,
      "nochange_false_intervention_rate_mean": 0.0,
      "nochange_false_intervention_rate_std": 0.0,
      "oracle_recovery_mean": 0.9872920317993052,
      "oracle_recovery_std": 0.0,
      "passes_line": false,
      "precision_gap_vs_shuffled": 0.345679012345679,
      "residual_low_false_intervention_rate_mean": 0.4888888888888889,
      "residual_low_false_intervention_rate_std": 0.0,
      "sim_delta_vs_official_mean": 0.7673254784121792,
      "sim_delta_vs_official_std": 0.0,
      "split_family": "beta_bin",
      "split_group": "beta_bin=1.1<=beta<1.4",
      "splits": 1,
      "strong_nochange_false_intervention_rate_mean": 0.0,
      "strong_nochange_false_intervention_rate_std": 0.0,
      "target_margin": 0.15
    },
    {
      "bootstrap_gain_p05_mean": 0.450254800185922,
      "bootstrap_gain_p05_std": 0.0,
      "confidence_corr_mean": 0.5884877975911971,
      "confidence_corr_std": 0.0,
      "eligible_for_pass": 0,
      "feature_set": "Z_diagnostic_leakage",
      "head": "hgb",
      "ignored_n_mean": 11.0,
      "ignored_n_std": 0.0,
      "intervention_precision_mean": 1.0,
      "intervention_precision_std": 0.0,
      "intervention_rate_mean": 0.5276381909547738,
      "intervention_rate_std": 0.0,
      "labeled_n_mean": 188.0,
      "labeled_n_std": 0.0,
      "mean_oracle_gated_gain_mean": 0.5687967607536076,
      "mean_oracle_gated_gain_std": 0.0,
      "nochange_false_intervention_rate_mean": 0.0,
      "nochange_false_intervention_rate_std": 0.0,
      "oracle_recovery_mean": 0.9928578601113022,
      "oracle_recovery_std": 0.0,
      "passes_line": false,
      "precision_gap_vs_shuffled": 0.4228571428571428,
      "residual_low_false_intervention_rate_mean": 0.5357142857142857,
      "residual_low_false_intervention_rate_std": 0.0,
      "sim_delta_vs_official_mean": 0.5687967607536076,
      "sim_delta_vs_official_std": 0.0,
      "split_family": "beta_bin",
      "split_group": "beta_bin=1.4<=beta<1.7",
      "splits": 1,
      "strong_nochange_false_intervention_rate_mean": 0.0,
      "strong_nochange_false_intervention_rate_std": 0.0,
      "target_margin": 0.15
    },
    {
      "bootstrap_gain_p05_mean": 0.6125117409327056,
      "bootstrap_gain_p05_std": 0.0,
      "confidence_corr_mean": 0.5728605150485993,
      "confidence_corr_std": 0.0,
      "eligible_for_pass": 0,
      "feature_set": "Z_diagnostic_leakage",
      "head": "hgb",
      "ignored_n_mean": 8.0,
      "ignored_n_std": 0.0,
      "intervention_precision_mean": 1.0,
      "intervention_precision_std": 0.0,
      "intervention_rate_mean": 0.5816326530612245,
      "intervention_rate_std": 0.0,
      "labeled_n_mean": 188.0,
      "labeled_n_std": 0.0,
      "mean_oracle_gated_gain_mean": 0.7646023626026859,
      "mean_oracle_gated_gain_std": 0.0,
      "nochange_false_intervention_rate_mean": 0.0,
      "nochange_false_intervention_rate_std": 0.0,
      "oracle_recovery_mean": 0.99290849190549,
      "oracle_recovery_std": 0.0,
      "passes_line": false,
      "precision_gap_vs_shuffled": 0.35365853658536583,
      "residual_low_false_intervention_rate_mean": 0.5462962962962963,
      "residual_low_false_intervention_rate_std": 0.0,
      "sim_delta_vs_official_mean": 0.7646023626026859,
      "sim_delta_vs_official_std": 0.0,
      "split_family": "beta_bin",
      "split_group": "beta_bin=beta<0.8",
      "splits": 1,
      "strong_nochange_false_intervention_rate_mean": 0.0,
      "strong_nochange_false_intervention_rate_std": 0.0,
      "target_margin": 0.15
    },
    {
      "bootstrap_gain_p05_mean": 0.45258142941376284,
      "bootstrap_gain_p05_std": 0.0,
      "confidence_corr_mean": 0.5839410278292803,
      "confidence_corr_std": 0.0,
      "eligible_for_pass": 0,
      "feature_set": "Z_diagnostic_leakage",
      "head": "hgb",
      "ignored_n_mean": 16.0,
      "ignored_n_std": 0.0,
      "intervention_precision_mean": 1.0,
      "intervention_precision_std": 0.0,
      "intervention_rate_mean": 0.5229357798165137,
      "intervention_rate_std": 0.0,
      "labeled_n_mean": 202.0,
      "labeled_n_std": 0.0,
      "mean_oracle_gated_gain_mean": 0.5670091201327729,
      "mean_oracle_gated_gain_std": 0.0,
      "nochange_false_intervention_rate_mean": 0.0,
      "nochange_false_intervention_rate_std": 0.0,
      "oracle_recovery_mean": 0.9856062575348541,
      "oracle_recovery_std": 0.0,
      "passes_line": false,
      "precision_gap_vs_shuffled": 0.384180790960452,
      "residual_low_false_intervention_rate_mean": 0.3333333333333333,
      "residual_low_false_intervention_rate_std": 0.0,
      "sim_delta_vs_official_mean": 0.5670091201327729,
      "sim_delta_vs_official_std": 0.0,
      "split_family": "beta_bin",
      "split_group": "beta_bin=beta>=1.7",
      "splits": 1,
      "strong_nochange_false_intervention_rate_mean": 0.0,
      "strong_nochange_false_intervention_rate_std": 0.0,
      "target_margin": 0.15
    },
    {
      "bootstrap_gain_p05_mean": 0.962924737596502,
      "bootstrap_gain_p05_std": 0.0,
      "confidence_corr_mean": 0.5802073526038434,
      "confidence_corr_std": 0.0,
      "eligible_for_pass": 0,
      "feature_set": "Z_diagnostic_leakage",
      "head": "hgb",
      "ignored_n_mean": 7.0,
      "ignored_n_std": 0.0,
      "intervention_precision_mean": 1.0,
      "intervention_precision_std": 0.0,
      "intervention_rate_mean": 0.6715686274509803,
      "intervention_rate_std": 0.0,
      "labeled_n_mean": 197.0,
      "labeled_n_std": 0.0,
      "mean_oracle_gated_gain_mean": 1.093393418998087,
      "mean_oracle_gated_gain_std": 0.0,
      "nochange_false_intervention_rate_mean": 0.0,
      "nochange_false_intervention_rate_std": 0.0,
      "oracle_recovery_mean": 0.9961317713554725,
      "oracle_recovery_std": 0.0,
      "passes_line": false,
      "precision_gap_vs_shuffled": 0.30456852791878175,
      "residual_low_false_intervention_rate_mean": 0.75,
      "residual_low_false_intervention_rate_std": 0.0,
      "sim_delta_vs_official_mean": 1.093393418998087,
      "sim_delta_vs_official_std": 0.0,
      "split_family": "content_cluster",
      "split_group": "content_cluster=content_k5_c0",
      "splits": 1,
      "strong_nochange_false_intervention_rate_mean": 0.0,
      "strong_nochange_false_intervention_rate_std": 0.0,
      "target_margin": 0.15
    },
    {
      "bootstrap_gain_p05_mean": 1.0720851025248574,
      "bootstrap_gain_p05_std": 0.0,
      "confidence_corr_mean": 0.48460559108235574,
      "confidence_corr_std": 0.0,
      "eligible_for_pass": 0,
      "feature_set": "Z_diagnostic_leakage",
      "head": "hgb",
      "ignored_n_mean": 2.0,
      "ignored_n_std": 0.0,
      "intervention_precision_mean": 1.0,
      "intervention_precision_std": 0.0,
      "intervention_rate_mean": 0.7232142857142857,
      "intervention_rate_std": 0.0,
      "labeled_n_mean": 110.0,
      "labeled_n_std": 0.0,
      "mean_oracle_gated_gain_mean": 1.3511145436395076,
      "mean_oracle_gated_gain_std": 0.0,
      "nochange_false_intervention_rate_mean": 0.0,
      "nochange_false_intervention_rate_std": 0.0,
      "oracle_recovery_mean": 0.9985729295476382,
      "oracle_recovery_std": 0.0,
      "passes_line": false,
      "precision_gap_vs_shuffled": 0.2660550458715596,
      "residual_low_false_intervention_rate_mean": 0.6666666666666666,
      "residual_low_false_intervention_rate_std": 0.0,
      "sim_delta_vs_official_mean": 1.3511145436395076,
      "sim_delta_vs_official_std": 0.0,
      "split_family": "content_cluster",
      "split_group": "content_cluster=content_k5_c1",
      "splits": 1,
      "strong_nochange_false_intervention_rate_mean": 0.0,
      "strong_nochange_false_intervention_rate_std": 0.0,
      "target_margin": 0.15
    },
    {
      "bootstrap_gain_p05_mean": 0.16920156039383752,
      "bootstrap_gain_p05_std": 0.0,
      "confidence_corr_mean": 0.7172455851417326,
      "confidence_corr_std": 0.0,
      "eligible_for_pass": 0,
      "feature_set": "Z_diagnostic_leakage",
      "head": "hgb",
      "ignored_n_mean": 22.0,
      "ignored_n_std": 0.0,
      "intervention_precision_mean": 1.0,
      "intervention_precision_std": 0.0,
      "intervention_rate_mean": 0.3793103448275862,
      "intervention_rate_std": 0.0,
      "labeled_n_mean": 239.0,
      "labeled_n_std": 0.0,
      "mean_oracle_gated_gain_mean": 0.2147183467509383,
      "mean_oracle_gated_gain_std": 0.0,
      "nochange_false_intervention_rate_mean": 0.0,
      "nochange_false_intervention_rate_std": 0.0,
      "oracle_recovery_mean": 0.9762733406651254,
      "oracle_recovery_std": 0.0,
      "passes_line": false,
      "precision_gap_vs_shuffled": 0.6017699115044248,
      "residual_low_false_intervention_rate_mean": 0.4666666666666667,
      "residual_low_false_intervention_rate_std": 0.0,
      "sim_delta_vs_official_mean": 0.2147183467509383,
      "sim_delta_vs_official_std": 0.0,
      "split_family": "content_cluster",
      "split_group": "content_cluster=content_k5_c2",
      "splits": 1,
      "strong_nochange_false_intervention_rate_mean": 0.0,
      "strong_nochange_false_intervention_rate_std": 0.0,
      "target_margin": 0.15
    },
    {
      "bootstrap_gain_p05_mean": 0.6822691047466984,
      "bootstrap_gain_p05_std": 0.0,
      "confidence_corr_mean": 0.5803204570347392,
      "confidence_corr_std": 0.0,
      "eligible_for_pass": 0,
      "feature_set": "Z_diagnostic_leakage",
      "head": "hgb",
      "ignored_n_mean": 7.0,
      "ignored_n_std": 0.0,
      "intervention_precision_mean": 1.0,
      "intervention_precision_std": 0.0,
      "intervention_rate_mean": 0.649746192893401,
      "intervention_rate_std": 0.0,
      "labeled_n_mean": 190.0,
      "labeled_n_std": 0.0,
      "mean_oracle_gated_gain_mean": 0.816552707864268,
      "mean_oracle_gated_gain_std": 0.0,
      "nochange_false_intervention_rate_mean": 0.0,
      "nochange_false_intervention_rate_std": 0.0,
      "oracle_recovery_mean": 0.9955411482232294,
      "oracle_recovery_std": 0.0,
      "passes_line": false,
      "precision_gap_vs_shuffled": 0.3263157894736842,
      "residual_low_false_intervention_rate_mean": 1.0,
      "residual_low_false_intervention_rate_std": 0.0,
      "sim_delta_vs_official_mean": 0.816552707864268,
      "sim_delta_vs_official_std": 0.0,
      "split_family": "content_cluster",
      "split_group": "content_cluster=content_k5_c3",
      "splits": 1,
      "strong_nochange_false_intervention_rate_mean": 0.0,
      "strong_nochange_false_intervention_rate_std": 0.0,
      "target_margin": 0.15
    },
    {
      "bootstrap_gain_p05_mean": 0.1755521127536061,
      "bootstrap_gain_p05_std": 0.0,
      "confidence_corr_mean": 0.747549599845134,
      "confidence_corr_std": 0.0,
      "eligible_for_pass": 0,
      "feature_set": "Z_diagnostic_leakage",
      "head": "hgb",
      "ignored_n_mean": 28.0,
      "ignored_n_std": 0.0,
      "intervention_precision_mean": 1.0,
      "intervention_precision_std": 0.0,
      "intervention_rate_mean": 0.3893805309734513,
      "intervention_rate_std": 0.0,
      "labeled_n_mean": 198.0,
      "labeled_n_std": 0.0,
      "mean_oracle_gated_gain_mean": 0.2145979081362157,
      "mean_oracle_gated_gain_std": 0.0,
      "nochange_false_intervention_rate_mean": 0.0,
      "nochange_false_intervention_rate_std": 0.0,
      "oracle_recovery_mean": 0.9419917645540375,
      "oracle_recovery_std": 0.0,
      "passes_line": false,
      "precision_gap_vs_shuffled": 0.5243243243243243,
      "residual_low_false_intervention_rate_mean": 0.42857142857142855,
      "residual_low_false_intervention_rate_std": 0.0,
      "sim_delta_vs_official_mean": 0.2145979081362157,
      "sim_delta_vs_official_std": 0.0,
      "split_family": "content_cluster",
      "split_group": "content_cluster=content_k5_c4",
      "splits": 1,
      "strong_nochange_false_intervention_rate_mean": 0.0,
      "strong_nochange_false_intervention_rate_std": 0.0,
      "target_margin": 0.15
    },
    {
      "bootstrap_gain_p05_mean": 0.5630945521729211,
      "bootstrap_gain_p05_std": 0.0,
      "confidence_corr_mean": 0.5805695828295437,
      "confidence_corr_std": 0.0,
      "eligible_for_pass": 0,
      "feature_set": "Z_diagnostic_leakage",
      "head": "hgb",
      "ignored_n_mean": 11.0,
      "ignored_n_std": 0.0,
      "intervention_precision_mean": 1.0,
      "intervention_precision_std": 0.0,
      "intervention_rate_mean": 0.516,
      "intervention_rate_std": 0.0,
      "labeled_n_mean": 239.0,
      "labeled_n_std": 0.0,
      "mean_oracle_gated_gain_mean": 0.7129702831119307,
      "mean_oracle_gated_gain_std": 0.0,
      "nochange_false_intervention_rate_mean": 0.0,
      "nochange_false_intervention_rate_std": 0.0,
      "oracle_recovery_mean": 0.9949385022474037,
      "oracle_recovery_std": 0.0,
      "passes_line": false,
      "precision_gap_vs_shuffled": 0.4292452830188679,
      "residual_low_false_intervention_rate_mean": 0.6388888888888888,
      "residual_low_false_intervention_rate_std": 0.0,
      "sim_delta_vs_official_mean": 0.7129702831119307,
      "sim_delta_vs_official_std": 0.0,
      "split_family": "cr_strength_bin",
      "split_group": "cr_strength_bin=midhigh_cr_q3",
      "splits": 1,
      "strong_nochange_false_intervention_rate_mean": 0.0,
      "strong_nochange_false_intervention_rate_std": 0.0,
      "target_margin": 0.15
    },
    {
      "bootstrap_gain_p05_mean": 0.6528104370501248,
      "bootstrap_gain_p05_std": 0.0,
      "confidence_corr_mean": 0.5372279953194234,
      "confidence_corr_std": 0.0,
      "eligible_for_pass": 0,
      "feature_set": "Z_diagnostic_leakage",
      "head": "hgb",
      "ignored_n_mean": 9.0,
      "ignored_n_std": 0.0,
      "intervention_precision_mean": 1.0,
      "intervention_precision_std": 0.0,
      "intervention_rate_mean": 0.584,
      "intervention_rate_std": 0.0,
      "labeled_n_mean": 241.0,
      "labeled_n_std": 0.0,
      "mean_oracle_gated_gain_mean": 0.7793525590567625,
      "mean_oracle_gated_gain_std": 0.0,
      "nochange_false_intervention_rate_mean": 0.0,
      "nochange_false_intervention_rate_std": 0.0,
      "oracle_recovery_mean": 0.9947240297594576,
      "oracle_recovery_std": 0.0,
      "passes_line": false,
      "precision_gap_vs_shuffled": 0.36283185840707965,
      "residual_low_false_intervention_rate_mean": 0.7714285714285715,
      "residual_low_false_intervention_rate_std": 0.0,
      "sim_delta_vs_official_mean": 0.7793525590567625,
      "sim_delta_vs_official_std": 0.0,
      "split_family": "cr_strength_bin",
      "split_group": "cr_strength_bin=midlow_cr_q2",
      "splits": 1,
      "strong_nochange_false_intervention_rate_mean": 0.0,
      "strong_nochange_false_intervention_rate_std": 0.0,
      "target_margin": 0.15
    },
    {
      "bootstrap_gain_p05_mean": 0.24541575719754846,
      "bootstrap_gain_p05_std": 0.0,
      "confidence_corr_mean": 0.604315917299457,
      "confidence_corr_std": 0.0,
      "eligible_for_pass": 0,
      "feature_set": "Z_diagnostic_leakage",
      "head": "hgb",
      "ignored_n_mean": 31.0,
      "ignored_n_std": 0.0,
      "intervention_precision_mean": 1.0,
      "intervention_precision_std": 0.0,
      "intervention_rate_mean": 0.484,
      "intervention_rate_std": 0.0,
      "labeled_n_mean": 219.0,
      "labeled_n_std": 0.0,
      "mean_oracle_gated_gain_mean": 0.3089293398044648,
      "mean_oracle_gated_gain_std": 0.0,
      "nochange_false_intervention_rate_mean": 0.0,
      "nochange_false_intervention_rate_std": 0.0,
      "oracle_recovery_mean": 0.9825415982304351,
      "oracle_recovery_std": 0.0,
      "passes_line": false,
      "precision_gap_vs_shuffled": 0.46739130434782605,
      "residual_low_false_intervention_rate_mean": 0.49382716049382713,
      "residual_low_false_intervention_rate_std": 0.0,
      "sim_delta_vs_official_mean": 0.3089293398044648,
      "sim_delta_vs_official_std": 0.0,
      "split_family": "cr_strength_bin",
      "split_group": "cr_strength_bin=strong_cr_q4",
      "splits": 1,
      "strong_nochange_false_intervention_rate_mean": 0.0,
      "strong_nochange_false_intervention_rate_std": 0.0,
      "target_margin": 0.15
    },
    {
      "bootstrap_gain_p05_mean": 0.6420907429998333,
      "bootstrap_gain_p05_std": 0.0,
      "confidence_corr_mean": 0.597402880991129,
      "confidence_corr_std": 0.0,
      "eligible_for_pass": 0,
      "feature_set": "Z_diagnostic_leakage",
      "head": "hgb",
      "ignored_n_mean": 15.0,
      "ignored_n_std": 0.0,
      "intervention_precision_mean": 1.0,
      "intervention_precision_std": 0.0,
      "intervention_rate_mean": 0.616,
      "intervention_rate_std": 0.0,
      "labeled_n_mean": 235.0,
      "labeled_n_std": 0.0,
      "mean_oracle_gated_gain_mean": 0.7660524985397034,
      "mean_oracle_gated_gain_std": 0.0,
      "nochange_false_intervention_rate_mean": 0.0,
      "nochange_false_intervention_rate_std": 0.0,
      "oracle_recovery_mean": 0.9958845949399293,
      "oracle_recovery_std": 0.0,
      "passes_line": false,
      "precision_gap_vs_shuffled": 0.37446808510638296,
      "residual_low_false_intervention_rate_mean": 0.7647058823529411,
      "residual_low_false_intervention_rate_std": 0.0,
      "sim_delta_vs_official_mean": 0.7660524985397034,
      "sim_delta_vs_official_std": 0.0,
      "split_family": "cr_strength_bin",
      "split_group": "cr_strength_bin=weak_cr_q1",
      "splits": 1,
      "strong_nochange_false_intervention_rate_mean": 0.0,
      "strong_nochange_false_intervention_rate_std": 0.0,
      "target_margin": 0.15
    },
    {
      "bootstrap_gain_p05_mean": 0.220403198338576,
      "bootstrap_gain_p05_std": 0.0,
      "confidence_corr_mean": 0.7149555756309085,
      "confidence_corr_std": 0.0,
      "eligible_for_pass": 0,
      "feature_set": "Z_diagnostic_leakage",
      "head": "hgb",
      "ignored_n_mean": 14.0,
      "ignored_n_std": 0.0,
      "intervention_precision_mean": 1.0,
      "intervention_precision_std": 0.0,
      "intervention_rate_mean": 0.376,
      "intervention_rate_std": 0.0,
      "labeled_n_mean": 236.0,
      "labeled_n_std": 0.0,
      "mean_oracle_gated_gain_mean": 0.27030394004430536,
      "mean_oracle_gated_gain_std": 0.0,
      "nochange_false_intervention_rate_mean": 0.0,
      "nochange_false_intervention_rate_std": 0.0,
      "oracle_recovery_mean": 0.9746040935086214,
      "oracle_recovery_std": 0.0,
      "passes_line": false,
      "precision_gap_vs_shuffled": 0.5707070707070707,
      "residual_low_false_intervention_rate_mean": 0.5,
      "residual_low_false_intervention_rate_std": 0.0,
      "sim_delta_vs_official_mean": 0.27030394004430536,
      "sim_delta_vs_official_std": 0.0,
      "split_family": "official_strength_bin",
      "split_group": "official_strength_bin=midhigh_official_q3",
      "splits": 1,
      "strong_nochange_false_intervention_rate_mean": 0.0,
      "strong_nochange_false_intervention_rate_std": 0.0,
      "target_margin": 0.15
    },
    {
      "bootstrap_gain_p05_mean": 0.6509215595658189,
      "bootstrap_gain_p05_std": 0.0,
      "confidence_corr_mean": 0.5658165625208407,
      "confidence_corr_std": 0.0,
      "eligible_for_pass": 0,
      "feature_set": "Z_diagnostic_leakage",
      "head": "hgb",
      "ignored_n_mean": 17.0,
      "ignored_n_std": 0.0,
      "intervention_precision_mean": 1.0,
      "intervention_precision_std": 0.0,
      "intervention_rate_mean": 0.58,
      "intervention_rate_std": 0.0,
      "labeled_n_mean": 233.0,
      "labeled_n_std": 0.0,
      "mean_oracle_gated_gain_mean": 0.7681544159128932,
      "mean_oracle_gated_gain_std": 0.0,
      "nochange_false_intervention_rate_mean": 0.0,
      "nochange_false_intervention_rate_std": 0.0,
      "oracle_recovery_mean": 0.9913524923516879,
      "oracle_recovery_std": 0.0,
      "passes_line": false,
      "precision_gap_vs_shuffled": 0.3695652173913043,
      "residual_low_false_intervention_rate_mean": 0.7441860465116279,
      "residual_low_false_intervention_rate_std": 0.0,
      "sim_delta_vs_official_mean": 0.7681544159128932,
      "sim_delta_vs_official_std": 0.0,
      "split_family": "official_strength_bin",
      "split_group": "official_strength_bin=midlow_official_q2",
      "splits": 1,
      "strong_nochange_false_intervention_rate_mean": 0.0,
      "strong_nochange_false_intervention_rate_std": 0.0,
      "target_margin": 0.15
    },
    {
      "bootstrap_gain_p05_mean": 0.15807707773282897,
      "bootstrap_gain_p05_std": 0.0,
      "confidence_corr_mean": 0.744214566299805,
      "confidence_corr_std": 0.0,
      "eligible_for_pass": 0,
      "feature_set": "Z_diagnostic_leakage",
      "head": "hgb",
      "ignored_n_mean": 28.0,
      "ignored_n_std": 0.0,
      "intervention_precision_mean": 1.0,
      "intervention_precision_std": 0.0,
      "intervention_rate_mean": 0.388,
      "intervention_rate_std": 0.0,
      "labeled_n_mean": 222.0,
      "labeled_n_std": 0.0,
      "mean_oracle_gated_gain_mean": 0.19141662077303,
      "mean_oracle_gated_gain_std": 0.0,
      "nochange_false_intervention_rate_mean": 0.0,
      "nochange_false_intervention_rate_std": 0.0,
      "oracle_recovery_mean": 0.9399558276602313,
      "oracle_recovery_std": 0.0,
      "passes_line": false,
      "precision_gap_vs_shuffled": 0.5255102040816326,
      "residual_low_false_intervention_rate_mean": 0.4144736842105263,
      "residual_low_false_intervention_rate_std": 0.0,
      "sim_delta_vs_official_mean": 0.19141662077303,
      "sim_delta_vs_official_std": 0.0,
      "split_family": "official_strength_bin",
      "split_group": "official_strength_bin=strong_official_q4",
      "splits": 1,
      "strong_nochange_false_intervention_rate_mean": 0.0,
      "strong_nochange_false_intervention_rate_std": 0.0,
      "target_margin": 0.15
    },
    {
      "bootstrap_gain_p05_mean": 1.1682617086824143,
      "bootstrap_gain_p05_std": 0.0,
      "confidence_corr_mean": 0.49202831570585903,
      "confidence_corr_std": 0.0,
      "eligible_for_pass": 0,
      "feature_set": "Z_diagnostic_leakage",
      "head": "hgb",
      "ignored_n_mean": 7.0,
      "ignored_n_std": 0.0,
      "intervention_precision_mean": 1.0,
      "intervention_precision_std": 0.0,
      "intervention_rate_mean": 0.768,
      "intervention_rate_std": 0.0,
      "labeled_n_mean": 243.0,
      "labeled_n_std": 0.0,
      "mean_oracle_gated_gain_mean": 1.326679256412046,
      "mean_oracle_gated_gain_std": 0.0,
      "nochange_false_intervention_rate_mean": 0.0,
      "nochange_false_intervention_rate_std": 0.0,
      "oracle_recovery_mean": 0.9991005636375413,
      "oracle_recovery_std": 0.0,
      "passes_line": false,
      "precision_gap_vs_shuffled": 0.22821576763485474,
      "residual_low_false_intervention_rate_mean": 0.9473684210526315,
      "residual_low_false_intervention_rate_std": 0.0,
      "sim_delta_vs_official_mean": 1.326679256412046,
      "sim_delta_vs_official_std": 0.0,
      "split_family": "official_strength_bin",
      "split_group": "official_strength_bin=weak_official_q1",
      "splits": 1,
      "strong_nochange_false_intervention_rate_mean": 0.0,
      "strong_nochange_false_intervention_rate_std": 0.0,
      "target_margin": 0.15
    },
    {
      "bootstrap_gain_p05_mean": 0.5772048816080998,
      "bootstrap_gain_p05_std": 0.07081725507114066,
      "confidence_corr_mean": 0.576230928819531,
      "confidence_corr_std": 0.017515799364226946,
      "eligible_for_pass": 0,
      "feature_set": "Z_diagnostic_leakage",
      "head": "hgb",
      "ignored_n_mean": 16.333333333333332,
      "ignored_n_std": 2.8674417556808756,
      "intervention_precision_mean": 1.0,
      "intervention_precision_std": 0.0,
      "intervention_rate_mean": 0.5426666666666667,
      "intervention_rate_std": 0.022939534045446977,
      "labeled_n_mean": 233.66666666666666,
      "labeled_n_std": 2.8674417556808756,
      "mean_oracle_gated_gain_mean": 0.6980231333253683,
      "mean_oracle_gated_gain_std": 0.0738391110999747,
      "nochange_false_intervention_rate_mean": 0.0,
      "nochange_false_intervention_rate_std": 0.0,
      "oracle_recovery_mean": 0.992179269864515,
      "oracle_recovery_std": 0.0024716962439161826,
      "passes_line": false,
      "precision_gap_vs_shuffled": 0.39421475087081637,
      "residual_low_false_intervention_rate_mean": 0.5382725560691662,
      "residual_low_false_intervention_rate_std": 0.05092029810826534,
      "sim_delta_vs_official_mean": 0.6980231333253683,
      "sim_delta_vs_official_std": 0.0738391110999747,
      "split_family": "random",
      "split_group": "random",
      "splits": 3,
      "strong_nochange_false_intervention_rate_mean": 0.0,
      "strong_nochange_false_intervention_rate_std": 0.0,
      "target_margin": 0.15
    },
    {
      "bootstrap_gain_p05_mean": 0.699583429270831,
      "bootstrap_gain_p05_std": 0.0,
      "confidence_corr_mean": 0.5961392718567005,
      "confidence_corr_std": 0.0,
      "eligible_for_pass": 0,
      "feature_set": "Z_diagnostic_leakage",
      "head": "hgb",
      "ignored_n_mean": 18.0,
      "ignored_n_std": 0.0,
      "intervention_precision_mean": 1.0,
      "intervention_precision_std": 0.0,
      "intervention_rate_mean": 0.468,
      "intervention_rate_std": 0.0,
      "labeled_n_mean": 232.0,
      "labeled_n_std": 0.0,
      "mean_oracle_gated_gain_mean": 0.854274604894669,
      "mean_oracle_gated_gain_std": 0.0,
      "nochange_false_intervention_rate_mean": 0.0,
      "nochange_false_intervention_rate_std": 0.0,
      "oracle_recovery_mean": 0.9913458184730505,
      "oracle_recovery_std": 0.0,
      "passes_line": false,
      "precision_gap_vs_shuffled": 0.4823008849557522,
      "residual_low_false_intervention_rate_mean": 0.0,
      "residual_low_false_intervention_rate_std": 0.0,
      "sim_delta_vs_official_mean": 0.854274604894669,
      "sim_delta_vs_official_std": 0.0,
      "split_family": "residual_energy_bin",
      "split_group": "residual_energy_bin=residual_high_q4",
      "splits": 1,
      "strong_nochange_false_intervention_rate_mean": 0.0,
      "strong_nochange_false_intervention_rate_std": 0.0,
      "target_margin": 0.15
    },
    {
      "bootstrap_gain_p05_mean": 0.3569196513074305,
      "bootstrap_gain_p05_std": 0.0,
      "confidence_corr_mean": 0.6391504036522304,
      "confidence_corr_std": 0.0,
      "eligible_for_pass": 0,
      "feature_set": "Z_diagnostic_leakage",
      "head": "hgb",
      "ignored_n_mean": 25.0,
      "ignored_n_std": 0.0,
      "intervention_precision_mean": 1.0,
      "intervention_precision_std": 0.0,
      "intervention_rate_mean": 0.572,
      "intervention_rate_std": 0.0,
      "labeled_n_mean": 225.0,
      "labeled_n_std": 0.0,
      "mean_oracle_gated_gain_mean": 0.4241893015371992,
      "mean_oracle_gated_gain_std": 0.0,
      "nochange_false_intervention_rate_mean": 0.0,
      "nochange_false_intervention_rate_std": 0.0,
      "oracle_recovery_mean": 0.9874450487399813,
      "oracle_recovery_std": 0.0,
      "passes_line": false,
      "precision_gap_vs_shuffled": 0.3793103448275862,
      "residual_low_false_intervention_rate_mean": 0.572,
      "residual_low_false_intervention_rate_std": 0.0,
      "sim_delta_vs_official_mean": 0.4241893015371992,
      "sim_delta_vs_official_std": 0.0,
      "split_family": "residual_energy_bin",
      "split_group": "residual_energy_bin=residual_low_q1",
      "splits": 1,
      "strong_nochange_false_intervention_rate_mean": 0.0,
      "strong_nochange_false_intervention_rate_std": 0.0,
      "target_margin": 0.15
    },
    {
      "bootstrap_gain_p05_mean": 0.6559863283124531,
      "bootstrap_gain_p05_std": 0.0,
      "confidence_corr_mean": 0.6225231446597503,
      "confidence_corr_std": 0.0,
      "eligible_for_pass": 0,
      "feature_set": "Z_diagnostic_leakage",
      "head": "hgb",
      "ignored_n_mean": 8.0,
      "ignored_n_std": 0.0,
      "intervention_precision_mean": 1.0,
      "intervention_precision_std": 0.0,
      "intervention_rate_mean": 0.556,
      "intervention_rate_std": 0.0,
      "labeled_n_mean": 242.0,
      "labeled_n_std": 0.0,
      "mean_oracle_gated_gain_mean": 0.7690713248739056,
      "mean_oracle_gated_gain_std": 0.0,
      "nochange_false_intervention_rate_mean": 0.0,
      "nochange_false_intervention_rate_std": 0.0,
      "oracle_recovery_mean": 0.995206299237683,
      "oracle_recovery_std": 0.0,
      "passes_line": false,
      "precision_gap_vs_shuffled": 0.3584905660377359,
      "residual_low_false_intervention_rate_mean": 0.0,
      "residual_low_false_intervention_rate_std": 0.0,
      "sim_delta_vs_official_mean": 0.7690713248739056,
      "sim_delta_vs_official_std": 0.0,
      "split_family": "residual_energy_bin",
      "split_group": "residual_energy_bin=residual_midhigh_q3",
      "splits": 1,
      "strong_nochange_false_intervention_rate_mean": 0.0,
      "strong_nochange_false_intervention_rate_std": 0.0,
      "target_margin": 0.15
    },
    {
      "bootstrap_gain_p05_mean": 0.43249216346859676,
      "bootstrap_gain_p05_std": 0.0,
      "confidence_corr_mean": 0.6271502757412817,
      "confidence_corr_std": 0.0,
      "eligible_for_pass": 0,
      "feature_set": "Z_diagnostic_leakage",
      "head": "hgb",
      "ignored_n_mean": 15.0,
      "ignored_n_std": 0.0,
      "intervention_precision_mean": 1.0,
      "intervention_precision_std": 0.0,
      "intervention_rate_mean": 0.544,
      "intervention_rate_std": 0.0,
      "labeled_n_mean": 235.0,
      "labeled_n_std": 0.0,
      "mean_oracle_gated_gain_mean": 0.5127873537196689,
      "mean_oracle_gated_gain_std": 0.0,
      "nochange_false_intervention_rate_mean": 0.0,
      "nochange_false_intervention_rate_std": 0.0,
      "oracle_recovery_mean": 0.9868324304870797,
      "oracle_recovery_std": 0.0,
      "passes_line": false,
      "precision_gap_vs_shuffled": 0.39252336448598135,
      "residual_low_false_intervention_rate_mean": 0.0,
      "residual_low_false_intervention_rate_std": 0.0,
      "sim_delta_vs_official_mean": 0.5127873537196689,
      "sim_delta_vs_official_std": 0.0,
      "split_family": "residual_energy_bin",
      "split_group": "residual_energy_bin=residual_midlow_q2",
      "splits": 1,
      "strong_nochange_false_intervention_rate_mean": 0.0,
      "strong_nochange_false_intervention_rate_std": 0.0,
      "target_margin": 0.15
    },
    {
      "bootstrap_gain_p05_mean": 0.3522531994241443,
      "bootstrap_gain_p05_std": 0.0,
      "confidence_corr_mean": 0.41589334485125584,
      "confidence_corr_std": 0.0,
      "eligible_for_pass": 1,
      "feature_set": "A_official_output",
      "head": "hgb",
      "ignored_n_mean": 19.0,
      "ignored_n_std": 0.0,
      "intervention_precision_mean": 0.5771812080536913,
      "intervention_precision_std": 0.0,
      "intervention_rate_mean": 0.865979381443299,
      "intervention_rate_std": 0.0,
      "labeled_n_mean": 175.0,
      "labeled_n_std": 0.0,
      "mean_oracle_gated_gain_mean": 0.49501655706327,
      "mean_oracle_gated_gain_std": 0.0,
      "nochange_false_intervention_rate_mean": 0.7411764705882353,
      "nochange_false_intervention_rate_std": 0.0,
      "oracle_recovery_mean": 0.8575742352781406,
      "oracle_recovery_std": 0.0,
      "passes_line": false,
      "precision_gap_vs_shuffled": 0.033971331510481484,
      "residual_low_false_intervention_rate_mean": 0.8571428571428571,
      "residual_low_false_intervention_rate_std": 0.0,
      "sim_delta_vs_official_mean": 0.49501655706327,
      "sim_delta_vs_official_std": 0.0,
      "split_family": "airlight_bin",
      "split_group": "airlight_bin=0.65<=A<0.75",
      "splits": 1,
      "strong_nochange_false_intervention_rate_mean": 0.6296296296296297,
      "strong_nochange_false_intervention_rate_std": 0.0,
      "target_margin": 0.2
    },
    {
      "bootstrap_gain_p05_mean": 0.42886017320726083,
      "bootstrap_gain_p05_std": 0.0,
      "confidence_corr_mean": 0.5902524236856381,
      "confidence_corr_std": 0.0,
      "eligible_for_pass": 1,
      "feature_set": "A_official_output",
      "head": "hgb",
      "ignored_n_mean": 21.0,
      "ignored_n_std": 0.0,
      "intervention_precision_mean": 0.7162162162162162,
      "intervention_precision_std": 0.0,
      "intervention_rate_mean": 0.7714285714285715,
      "intervention_rate_std": 0.0,
      "labeled_n_mean": 189.0,
      "labeled_n_std": 0.0,
      "mean_oracle_gated_gain_mean": 0.5431395904133617,
      "mean_oracle_gated_gain_std": 0.0,
      "nochange_false_intervention_rate_mean": 0.5384615384615384,
      "nochange_false_intervention_rate_std": 0.0,
      "oracle_recovery_mean": 0.9045481110691508,
      "oracle_recovery_std": 0.0,
      "passes_line": false,
      "precision_gap_vs_shuffled": 0.045408762800067115,
      "residual_low_false_intervention_rate_mean": 0.8333333333333334,
      "residual_low_false_intervention_rate_std": 0.0,
      "sim_delta_vs_official_mean": 0.5431395904133617,
      "sim_delta_vs_official_std": 0.0,
      "split_family": "airlight_bin",
      "split_group": "airlight_bin=0.75<=A<0.85",
      "splits": 1,
      "strong_nochange_false_intervention_rate_mean": 0.5,
      "strong_nochange_false_intervention_rate_std": 0.0,
      "target_margin": 0.2
    },
    {
      "bootstrap_gain_p05_mean": 0.3900385768203725,
      "bootstrap_gain_p05_std": 0.0,
      "confidence_corr_mean": 0.5095155646950321,
      "confidence_corr_std": 0.0,
      "eligible_for_pass": 1,
      "feature_set": "A_official_output",
      "head": "hgb",
      "ignored_n_mean": 20.0,
      "ignored_n_std": 0.0,
      "intervention_precision_mean": 0.608,
      "intervention_precision_std": 0.0,
      "intervention_rate_mean": 0.8,
      "intervention_rate_std": 0.0,
      "labeled_n_mean": 155.0,
      "labeled_n_std": 0.0,
      "mean_oracle_gated_gain_mean": 0.5079806568842896,
      "mean_oracle_gated_gain_std": 0.0,
      "nochange_false_intervention_rate_mean": 0.6282051282051282,
      "nochange_false_intervention_rate_std": 0.0,
      "oracle_recovery_mean": 0.9096601685162482,
      "oracle_recovery_std": 0.0,
      "passes_line": false,
      "precision_gap_vs_shuffled": 0.049176470588235266,
      "residual_low_false_intervention_rate_mean": 0.875,
      "residual_low_false_intervention_rate_std": 0.0,
      "sim_delta_vs_official_mean": 0.5079806568842896,
      "sim_delta_vs_official_std": 0.0,
      "split_family": "airlight_bin",
      "split_group": "airlight_bin=0.85<=A<0.95",
      "splits": 1,
      "strong_nochange_false_intervention_rate_mean": 0.7857142857142857,
      "strong_nochange_false_intervention_rate_std": 0.0,
      "target_margin": 0.2
    },
    {
      "bootstrap_gain_p05_mean": 0.6153602005198985,
      "bootstrap_gain_p05_std": 0.0,
      "confidence_corr_mean": 0.40542405093643685,
      "confidence_corr_std": 0.0,
      "eligible_for_pass": 1,
      "feature_set": "A_official_output",
      "head": "hgb",
      "ignored_n_mean": 26.0,
      "ignored_n_std": 0.0,
      "intervention_precision_mean": 0.6561085972850679,
      "intervention_precision_std": 0.0,
      "intervention_rate_mean": 0.8203389830508474,
      "intervention_rate_std": 0.0,
      "labeled_n_mean": 269.0,
      "labeled_n_std": 0.0,
      "mean_oracle_gated_gain_mean": 0.7539196966620458,
      "mean_oracle_gated_gain_std": 0.0,
      "nochange_false_intervention_rate_mean": 0.672566371681416,
      "nochange_false_intervention_rate_std": 0.0,
      "oracle_recovery_mean": 0.895924178626539,
      "oracle_recovery_std": 0.0,
      "passes_line": false,
      "precision_gap_vs_shuffled": 0.029499155224982032,
      "residual_low_false_intervention_rate_mean": 0.7659574468085106,
      "residual_low_false_intervention_rate_std": 0.0,
      "sim_delta_vs_official_mean": 0.7539196966620458,
      "sim_delta_vs_official_std": 0.0,
      "split_family": "airlight_bin",
      "split_group": "airlight_bin=A<0.65",
      "splits": 1,
      "strong_nochange_false_intervention_rate_mean": 0.6037735849056604,
      "strong_nochange_false_intervention_rate_std": 0.0,
      "target_margin": 0.2
    },
    {
      "bootstrap_gain_p05_mean": 0.2870660442972728,
      "bootstrap_gain_p05_std": 0.0,
      "confidence_corr_mean": 0.3178619700358581,
      "confidence_corr_std": 0.0,
      "eligible_for_pass": 1,
      "feature_set": "A_official_output",
      "head": "hgb",
      "ignored_n_mean": 10.0,
      "ignored_n_std": 0.0,
      "intervention_precision_mean": 0.5673076923076923,
      "intervention_precision_std": 0.0,
      "intervention_rate_mean": 0.8968253968253969,
      "intervention_rate_std": 0.0,
      "labeled_n_mean": 116.0,
      "labeled_n_std": 0.0,
      "mean_oracle_gated_gain_mean": 0.42407748756997604,
      "mean_oracle_gated_gain_std": 0.0,
      "nochange_false_intervention_rate_mean": 0.7894736842105263,
      "nochange_false_intervention_rate_std": 0.0,
      "oracle_recovery_mean": 0.8634377131285259,
      "oracle_recovery_std": 0.0,
      "passes_line": false,
      "precision_gap_vs_shuffled": 0.029571843251088525,
      "residual_low_false_intervention_rate_mean": 1.0,
      "residual_low_false_intervention_rate_std": 0.0,
      "sim_delta_vs_official_mean": 0.42407748756997604,
      "sim_delta_vs_official_std": 0.0,
      "split_family": "airlight_bin",
      "split_group": "airlight_bin=A>=0.95",
      "splits": 1,
      "strong_nochange_false_intervention_rate_mean": 1.0,
      "strong_nochange_false_intervention_rate_std": 0.0,
      "target_margin": 0.2
    },
    {
      "bootstrap_gain_p05_mean": 0.33858720636781897,
      "bootstrap_gain_p05_std": 0.0,
      "confidence_corr_mean": 0.5081300207200069,
      "confidence_corr_std": 0.0,
      "eligible_for_pass": 1,
      "feature_set": "A_official_output",
      "head": "hgb",
      "ignored_n_mean": 16.0,
      "ignored_n_std": 0.0,
      "intervention_precision_mean": 0.5789473684210527,
      "intervention_precision_std": 0.0,
      "intervention_rate_mean": 0.7819148936170213,
      "intervention_rate_std": 0.0,
      "labeled_n_mean": 172.0,
      "labeled_n_std": 0.0,
      "mean_oracle_gated_gain_mean": 0.4685986176305212,
      "mean_oracle_gated_gain_std": 0.0,
      "nochange_false_intervention_rate_mean": 0.6153846153846154,
      "nochange_false_intervention_rate_std": 0.0,
      "oracle_recovery_mean": 0.8729647165036892,
      "oracle_recovery_std": 0.0,
      "passes_line": false,
      "precision_gap_vs_shuffled": 0.06578947368421051,
      "residual_low_false_intervention_rate_mean": 0.8166666666666667,
      "residual_low_false_intervention_rate_std": 0.0,
      "sim_delta_vs_official_mean": 0.4685986176305212,
      "sim_delta_vs_official_std": 0.0,
      "split_family": "beta_bin",
      "split_group": "beta_bin=0.8<=beta<1.1",
      "splits": 1,
      "strong_nochange_false_intervention_rate_mean": 0.5588235294117647,
      "strong_nochange_false_intervention_rate_std": 0.0,
      "target_margin": 0.2
    },
    {
      "bootstrap_gain_p05_mean": 0.5797458749154817,
      "bootstrap_gain_p05_std": 0.0,
      "confidence_corr_mean": 0.52688166268794,
      "confidence_corr_std": 0.0,
      "eligible_for_pass": 1,
      "feature_set": "A_official_output",
      "head": "hgb",
      "ignored_n_mean": 26.0,
      "ignored_n_std": 0.0,
      "intervention_precision_mean": 0.6853146853146853,
      "intervention_precision_std": 0.0,
      "intervention_rate_mean": 0.8140703517587939,
      "intervention_rate_std": 0.0,
      "labeled_n_mean": 173.0,
      "labeled_n_std": 0.0,
      "mean_oracle_gated_gain_mean": 0.721895761098882,
      "mean_oracle_gated_gain_std": 0.0,
      "nochange_false_intervention_rate_mean": 0.625,
      "nochange_false_intervention_rate_std": 0.0,
      "oracle_recovery_mean": 0.9288391338150938,
      "oracle_recovery_std": 0.0,
      "passes_line": false,
      "precision_gap_vs_shuffled": 0.03399889584100113,
      "residual_low_false_intervention_rate_mean": 0.8222222222222222,
      "residual_low_false_intervention_rate_std": 0.0,
      "sim_delta_vs_official_mean": 0.721895761098882,
      "sim_delta_vs_official_std": 0.0,
      "split_family": "beta_bin",
      "split_group": "beta_bin=1.1<=beta<1.4",
      "splits": 1,
      "strong_nochange_false_intervention_rate_mean": 0.5769230769230769,
      "strong_nochange_false_intervention_rate_std": 0.0,
      "target_margin": 0.2
    },
    {
      "bootstrap_gain_p05_mean": 0.4097980620656516,
      "bootstrap_gain_p05_std": 0.0,
      "confidence_corr_mean": 0.5048918635343483,
      "confidence_corr_std": 0.0,
      "eligible_for_pass": 1,
      "feature_set": "A_official_output",
      "head": "hgb",
      "ignored_n_mean": 17.0,
      "ignored_n_std": 0.0,
      "intervention_precision_mean": 0.6209150326797386,
      "intervention_precision_std": 0.0,
      "intervention_rate_mean": 0.8391959798994975,
      "intervention_rate_std": 0.0,
      "labeled_n_mean": 182.0,
      "labeled_n_std": 0.0,
      "mean_oracle_gated_gain_mean": 0.5200933007187247,
      "mean_oracle_gated_gain_std": 0.0,
      "nochange_false_intervention_rate_mean": 0.6744186046511628,
      "nochange_false_intervention_rate_std": 0.0,
      "oracle_recovery_mean": 0.9078439914560323,
      "oracle_recovery_std": 0.0,
      "passes_line": false,
      "precision_gap_vs_shuffled": 0.05543884220354811,
      "residual_low_false_intervention_rate_mean": 0.8571428571428571,
      "residual_low_false_intervention_rate_std": 0.0,
      "sim_delta_vs_official_mean": 0.5200933007187247,
      "sim_delta_vs_official_std": 0.0,
      "split_family": "beta_bin",
      "split_group": "beta_bin=1.4<=beta<1.7",
      "splits": 1,
      "strong_nochange_false_intervention_rate_mean": 0.6428571428571429,
      "strong_nochange_false_intervention_rate_std": 0.0,
      "target_margin": 0.2
    },
    {
      "bootstrap_gain_p05_mean": 0.545892817433392,
      "bootstrap_gain_p05_std": 0.0,
      "confidence_corr_mean": 0.41559699136837175,
      "confidence_corr_std": 0.0,
      "eligible_for_pass": 1,
      "feature_set": "A_official_output",
      "head": "hgb",
      "ignored_n_mean": 13.0,
      "ignored_n_std": 0.0,
      "intervention_precision_mean": 0.684931506849315,
      "intervention_precision_std": 0.0,
      "intervention_rate_mean": 0.7806122448979592,
      "intervention_rate_std": 0.0,
      "labeled_n_mean": 183.0,
      "labeled_n_std": 0.0,
      "mean_oracle_gated_gain_mean": 0.6944831836721486,
      "mean_oracle_gated_gain_std": 0.0,
      "nochange_false_intervention_rate_mean": 0.6216216216216216,
      "nochange_false_intervention_rate_std": 0.0,
      "oracle_recovery_mean": 0.9018521054609336,
      "oracle_recovery_std": 0.0,
      "passes_line": false,
      "precision_gap_vs_shuffled": 0.022679851220175906,
      "residual_low_false_intervention_rate_mean": 0.7037037037037037,
      "residual_low_false_intervention_rate_std": 0.0,
      "sim_delta_vs_official_mean": 0.6944831836721486,
      "sim_delta_vs_official_std": 0.0,
      "split_family": "beta_bin",
      "split_group": "beta_bin=beta<0.8",
      "splits": 1,
      "strong_nochange_false_intervention_rate_mean": 0.38461538461538464,
      "strong_nochange_false_intervention_rate_std": 0.0,
      "target_margin": 0.2
    },
    {
      "bootstrap_gain_p05_mean": 0.3801400609001787,
      "bootstrap_gain_p05_std": 0.0,
      "confidence_corr_mean": 0.3847211901216213,
      "confidence_corr_std": 0.0,
      "eligible_for_pass": 1,
      "feature_set": "A_official_output",
      "head": "hgb",
      "ignored_n_mean": 24.0,
      "ignored_n_std": 0.0,
      "intervention_precision_mean": 0.6144578313253012,
      "intervention_precision_std": 0.0,
      "intervention_rate_mean": 0.8486238532110092,
      "intervention_rate_std": 0.0,
      "labeled_n_mean": 194.0,
      "labeled_n_std": 0.0,
      "mean_oracle_gated_gain_mean": 0.48961548902458674,
      "mean_oracle_gated_gain_std": 0.0,
      "nochange_false_intervention_rate_mean": 0.7272727272727273,
      "nochange_false_intervention_rate_std": 0.0,
      "oracle_recovery_mean": 0.8510764159412822,
      "oracle_recovery_std": 0.0,
      "passes_line": false,
      "precision_gap_vs_shuffled": 0.009667412163624545,
      "residual_low_false_intervention_rate_mean": 0.8888888888888888,
      "residual_low_false_intervention_rate_std": 0.0,
      "sim_delta_vs_official_mean": 0.48961548902458674,
      "sim_delta_vs_official_std": 0.0,
      "split_family": "beta_bin",
      "split_group": "beta_bin=beta>=1.7",
      "splits": 1,
      "strong_nochange_false_intervention_rate_mean": 0.75,
      "strong_nochange_false_intervention_rate_std": 0.0,
      "target_margin": 0.2
    },
    {
      "bootstrap_gain_p05_mean": 0.8712093673855117,
      "bootstrap_gain_p05_std": 0.0,
      "confidence_corr_mean": 0.1631433568282411,
      "confidence_corr_std": 0.0,
      "eligible_for_pass": 1,
      "feature_set": "A_official_output",
      "head": "hgb",
      "ignored_n_mean": 8.0,
      "ignored_n_std": 0.0,
      "intervention_precision_mean": 0.7120418848167539,
      "intervention_precision_std": 0.0,
      "intervention_rate_mean": 0.9754901960784313,
      "intervention_rate_std": 0.0,
      "labeled_n_mean": 196.0,
      "labeled_n_std": 0.0,
      "mean_oracle_gated_gain_mean": 1.0406537398138533,
      "mean_oracle_gated_gain_std": 0.0,
      "nochange_false_intervention_rate_mean": 0.9166666666666666,
      "nochange_false_intervention_rate_std": 0.0,
      "oracle_recovery_mean": 0.9480834941903783,
      "oracle_recovery_std": 0.0,
      "passes_line": false,
      "precision_gap_vs_shuffled": 0.018164333796345744,
      "residual_low_false_intervention_rate_mean": 0.984375,
      "residual_low_false_intervention_rate_std": 0.0,
      "sim_delta_vs_official_mean": 1.0406537398138533,
      "sim_delta_vs_official_std": 0.0,
      "split_family": "content_cluster",
      "split_group": "content_cluster=content_k5_c0",
      "splits": 1,
      "strong_nochange_false_intervention_rate_mean": 0.0,
      "strong_nochange_false_intervention_rate_std": 0.0,
      "target_margin": 0.2
    },
    {
      "bootstrap_gain_p05_mean": 1.0008867140297035,
      "bootstrap_gain_p05_std": 0.0,
      "confidence_corr_mean": 0.30615094922634656,
      "confidence_corr_std": 0.0,
      "eligible_for_pass": 1,
      "feature_set": "A_official_output",
      "head": "hgb",
      "ignored_n_mean": 4.0,
      "ignored_n_std": 0.0,
      "intervention_precision_mean": 0.7289719626168224,
      "intervention_precision_std": 0.0,
      "intervention_rate_mean": 0.9910714285714286,
      "intervention_rate_std": 0.0,
      "labeled_n_mean": 108.0,
      "labeled_n_std": 0.0,
      "mean_oracle_gated_gain_mean": 1.2995312669192518,
      "mean_oracle_gated_gain_std": 0.0,
      "nochange_false_intervention_rate_mean": 0.9666666666666667,
      "nochange_false_intervention_rate_std": 0.0,
      "oracle_recovery_mean": 0.9604490976396045,
      "oracle_recovery_std": 0.0,
      "passes_line": false,
      "precision_gap_vs_shuffled": -0.013885180240320483,
      "residual_low_false_intervention_rate_mean": 1.0,
      "residual_low_false_intervention_rate_std": 0.0,
      "sim_delta_vs_official_mean": 1.2995312669192518,
      "sim_delta_vs_official_std": 0.0,
      "split_family": "content_cluster",
      "split_group": "content_cluster=content_k5_c1",
      "splits": 1,
      "strong_nochange_false_intervention_rate_mean": 1.0,
      "strong_nochange_false_intervention_rate_std": 0.0,
      "target_margin": 0.2
    },
    {
      "bootstrap_gain_p05_mean": 0.03270610064503296,
      "bootstrap_gain_p05_std": 0.0,
      "confidence_corr_mean": 0.30448147816708787,
      "confidence_corr_std": 0.0,
      "eligible_for_pass": 1,
      "feature_set": "A_official_output",
      "head": "hgb",
      "ignored_n_mean": 31.0,
      "ignored_n_std": 0.0,
      "intervention_precision_mean": 0.41025641025641024,
      "intervention_precision_std": 0.0,
      "intervention_rate_mean": 0.8582375478927203,
      "intervention_rate_std": 0.0,
      "labeled_n_mean": 230.0,
      "labeled_n_std": 0.0,
      "mean_oracle_gated_gain_mean": 0.08316664766190078,
      "mean_oracle_gated_gain_std": 0.0,
      "nochange_false_intervention_rate_mean": 0.7718120805369127,
      "nochange_false_intervention_rate_std": 0.0,
      "oracle_recovery_mean": 0.37813900010595397,
      "oracle_recovery_std": 0.0,
      "passes_line": false,
      "precision_gap_vs_shuffled": 0.023001508295625916,
      "residual_low_false_intervention_rate_mean": 0.8833333333333333,
      "residual_low_false_intervention_rate_std": 0.0,
      "sim_delta_vs_official_mean": 0.08316664766190078,
      "sim_delta_vs_official_std": 0.0,
      "split_family": "content_cluster",
      "split_group": "content_cluster=content_k5_c2",
      "splits": 1,
      "strong_nochange_false_intervention_rate_mean": 0.8160919540229885,
      "strong_nochange_false_intervention_rate_std": 0.0,
      "target_margin": 0.2
    },
    {
      "bootstrap_gain_p05_mean": 0.61941250906052,
      "bootstrap_gain_p05_std": 0.0,
      "confidence_corr_mean": 0.22915894364724862,
      "confidence_corr_std": 0.0,
      "eligible_for_pass": 1,
      "feature_set": "A_official_output",
      "head": "hgb",
      "ignored_n_mean": 14.0,
      "ignored_n_std": 0.0,
      "intervention_precision_mean": 0.6685082872928176,
      "intervention_precision_std": 0.0,
      "intervention_rate_mean": 0.9898477157360406,
      "intervention_rate_std": 0.0,
      "labeled_n_mean": 183.0,
      "labeled_n_std": 0.0,
      "mean_oracle_gated_gain_mean": 0.746825622637527,
      "mean_oracle_gated_gain_std": 0.0,
      "nochange_false_intervention_rate_mean": 0.967741935483871,
      "nochange_false_intervention_rate_std": 0.0,
      "oracle_recovery_mean": 0.9105298785031767,
      "oracle_recovery_std": 0.0,
      "passes_line": false,
      "precision_gap_vs_shuffled": 0.007306101500467954,
      "residual_low_false_intervention_rate_mean": 1.0,
      "residual_low_false_intervention_rate_std": 0.0,
      "sim_delta_vs_official_mean": 0.746825622637527,
      "sim_delta_vs_official_std": 0.0,
      "split_family": "content_cluster",
      "split_group": "content_cluster=content_k5_c3",
      "splits": 1,
      "strong_nochange_false_intervention_rate_mean": 0.0,
      "strong_nochange_false_intervention_rate_std": 0.0,
      "target_margin": 0.2
    },
    {
      "bootstrap_gain_p05_mean": 0.11918013098920634,
      "bootstrap_gain_p05_std": 0.0,
      "confidence_corr_mean": 0.3737594746513557,
      "confidence_corr_std": 0.0,
      "eligible_for_pass": 1,
      "feature_set": "A_official_output",
      "head": "hgb",
      "ignored_n_mean": 39.0,
      "ignored_n_std": 0.0,
      "intervention_precision_mean": 0.463855421686747,
      "intervention_precision_std": 0.0,
      "intervention_rate_mean": 0.8982300884955752,
      "intervention_rate_std": 0.0,
      "labeled_n_mean": 187.0,
      "labeled_n_std": 0.0,
      "mean_oracle_gated_gain_mean": 0.16573515853136905,
      "mean_oracle_gated_gain_std": 0.0,
      "nochange_false_intervention_rate_mean": 0.8090909090909091,
      "nochange_false_intervention_rate_std": 0.0,
      "oracle_recovery_mean": 0.7275054812487259,
      "oracle_recovery_std": 0.0,
      "passes_line": false,
      "precision_gap_vs_shuffled": 0.006024096385542188,
      "residual_low_false_intervention_rate_mean": 0.9183673469387755,
      "residual_low_false_intervention_rate_std": 0.0,
      "sim_delta_vs_official_mean": 0.16573515853136905,
      "sim_delta_vs_official_std": 0.0,
      "split_family": "content_cluster",
      "split_group": "content_cluster=content_k5_c4",
      "splits": 1,
      "strong_nochange_false_intervention_rate_mean": 0.8571428571428571,
      "strong_nochange_false_intervention_rate_std": 0.0,
      "target_margin": 0.2
    },
    {
      "bootstrap_gain_p05_mean": 0.46985796900305565,
      "bootstrap_gain_p05_std": 0.0,
      "confidence_corr_mean": 0.47628878816978265,
      "confidence_corr_std": 0.0,
      "eligible_for_pass": 1,
      "feature_set": "A_official_output",
      "head": "hgb",
      "ignored_n_mean": 16.0,
      "ignored_n_std": 0.0,
      "intervention_precision_mean": 0.6277777777777778,
      "intervention_precision_std": 0.0,
      "intervention_rate_mean": 0.752,
      "intervention_rate_std": 0.0,
      "labeled_n_mean": 234.0,
      "labeled_n_std": 0.0,
      "mean_oracle_gated_gain_mean": 0.6172160370216979,
      "mean_oracle_gated_gain_std": 0.0,
      "nochange_false_intervention_rate_mean": 0.5877192982456141,
      "nochange_false_intervention_rate_std": 0.0,
      "oracle_recovery_mean": 0.8613150000545515,
      "oracle_recovery_std": 0.0,
      "passes_line": false,
      "precision_gap_vs_shuffled": 0.045303550973654017,
      "residual_low_false_intervention_rate_mean": 0.9166666666666666,
      "residual_low_false_intervention_rate_std": 0.0,
      "sim_delta_vs_official_mean": 0.6172160370216979,
      "sim_delta_vs_official_std": 0.0,
      "split_family": "cr_strength_bin",
      "split_group": "cr_strength_bin=midhigh_cr_q3",
      "splits": 1,
      "strong_nochange_false_intervention_rate_mean": 0.5217391304347826,
      "strong_nochange_false_intervention_rate_std": 0.0,
      "target_margin": 0.2
    },
    {
      "bootstrap_gain_p05_mean": 0.5588320311268428,
      "bootstrap_gain_p05_std": 0.0,
      "confidence_corr_mean": 0.3766854881298818,
      "confidence_corr_std": 0.0,
      "eligible_for_pass": 1,
      "feature_set": "A_official_output",
      "head": "hgb",
      "ignored_n_mean": 20.0,
      "ignored_n_std": 0.0,
      "intervention_precision_mean": 0.6298076923076923,
      "intervention_precision_std": 0.0,
      "intervention_rate_mean": 0.908,
      "intervention_rate_std": 0.0,
      "labeled_n_mean": 230.0,
      "labeled_n_std": 0.0,
      "mean_oracle_gated_gain_mean": 0.7089739413292601,
      "mean_oracle_gated_gain_std": 0.0,
      "nochange_false_intervention_rate_mean": 0.8105263157894737,
      "nochange_false_intervention_rate_std": 0.0,
      "oracle_recovery_mean": 0.9048965166253117,
      "oracle_recovery_std": 0.0,
      "passes_line": false,
      "precision_gap_vs_shuffled": 0.012985262401150277,
      "residual_low_false_intervention_rate_mean": 0.9714285714285714,
      "residual_low_false_intervention_rate_std": 0.0,
      "sim_delta_vs_official_mean": 0.7089739413292601,
      "sim_delta_vs_official_std": 0.0,
      "split_family": "cr_strength_bin",
      "split_group": "cr_strength_bin=midlow_cr_q2",
      "splits": 1,
      "strong_nochange_false_intervention_rate_mean": 0.0,
      "strong_nochange_false_intervention_rate_std": 0.0,
      "target_margin": 0.2
    },
    {
      "bootstrap_gain_p05_mean": 0.15955244650237474,
      "bootstrap_gain_p05_std": 0.0,
      "confidence_corr_mean": 0.4694257690166203,
      "confidence_corr_std": 0.0,
      "eligible_for_pass": 1,
      "feature_set": "A_official_output",
      "head": "hgb",
      "ignored_n_mean": 42.0,
      "ignored_n_std": 0.0,
      "intervention_precision_mean": 0.5414012738853503,
      "intervention_precision_std": 0.0,
      "intervention_rate_mean": 0.764,
      "intervention_rate_std": 0.0,
      "labeled_n_mean": 208.0,
      "labeled_n_std": 0.0,
      "mean_oracle_gated_gain_mean": 0.22883216944313645,
      "mean_oracle_gated_gain_std": 0.0,
      "nochange_false_intervention_rate_mean": 0.631578947368421,
      "nochange_false_intervention_rate_std": 0.0,
      "oracle_recovery_mean": 0.7277946653869344,
      "oracle_recovery_std": 0.0,
      "passes_line": false,
      "precision_gap_vs_shuffled": 0.026950406833327167,
      "residual_low_false_intervention_rate_mean": 0.7654320987654321,
      "residual_low_false_intervention_rate_std": 0.0,
      "sim_delta_vs_official_mean": 0.22883216944313645,
      "sim_delta_vs_official_std": 0.0,
      "split_family": "cr_strength_bin",
      "split_group": "cr_strength_bin=strong_cr_q4",
      "splits": 1,
      "strong_nochange_false_intervention_rate_mean": 0.6237623762376238,
      "strong_nochange_false_intervention_rate_std": 0.0,
      "target_margin": 0.2
    },
    {
      "bootstrap_gain_p05_mean": 0.5770003380562821,
      "bootstrap_gain_p05_std": 0.0,
      "confidence_corr_mean": 0.21084311393527774,
      "confidence_corr_std": 0.0,
      "eligible_for_pass": 1,
      "feature_set": "A_official_output",
      "head": "hgb",
      "ignored_n_mean": 18.0,
      "ignored_n_std": 0.0,
      "intervention_precision_mean": 0.6343612334801763,
      "intervention_precision_std": 0.0,
      "intervention_rate_mean": 0.976,
      "intervention_rate_std": 0.0,
      "labeled_n_mean": 232.0,
      "labeled_n_std": 0.0,
      "mean_oracle_gated_gain_mean": 0.7058845132842235,
      "mean_oracle_gated_gain_std": 0.0,
      "nochange_false_intervention_rate_mean": 0.9431818181818182,
      "nochange_false_intervention_rate_std": 0.0,
      "oracle_recovery_mean": 0.9176649301797084,
      "oracle_recovery_std": 0.0,
      "passes_line": false,
      "precision_gap_vs_shuffled": 0.009907085008560523,
      "residual_low_false_intervention_rate_mean": 1.0,
      "residual_low_false_intervention_rate_std": 0.0,
      "sim_delta_vs_official_mean": 0.7058845132842235,
      "sim_delta_vs_official_std": 0.0,
      "split_family": "cr_strength_bin",
      "split_group": "cr_strength_bin=weak_cr_q1",
      "splits": 1,
      "strong_nochange_false_intervention_rate_mean": 0.0,
      "strong_nochange_false_intervention_rate_std": 0.0,
      "target_margin": 0.2
    },
    {
      "bootstrap_gain_p05_mean": 0.11141928246803041,
      "bootstrap_gain_p05_std": 0.0,
      "confidence_corr_mean": 0.4088657663565634,
      "confidence_corr_std": 0.0,
      "eligible_for_pass": 1,
      "feature_set": "A_official_output",
      "head": "hgb",
      "ignored_n_mean": 20.0,
      "ignored_n_std": 0.0,
      "intervention_precision_mean": 0.4540229885057471,
      "intervention_precision_std": 0.0,
      "intervention_rate_mean": 0.752,
      "intervention_rate_std": 0.0,
      "labeled_n_mean": 230.0,
      "labeled_n_std": 0.0,
      "mean_oracle_gated_gain_mean": 0.16719500569099235,
      "mean_oracle_gated_gain_std": 0.0,
      "nochange_false_intervention_rate_mean": 0.6690140845070423,
      "nochange_false_intervention_rate_std": 0.0,
      "oracle_recovery_mean": 0.6028359665564976,
      "oracle_recovery_std": 0.0,
      "passes_line": false,
      "precision_gap_vs_shuffled": 0.02159055607331467,
      "residual_low_false_intervention_rate_mean": 0.8055555555555556,
      "residual_low_false_intervention_rate_std": 0.0,
      "sim_delta_vs_official_mean": 0.16719500569099235,
      "sim_delta_vs_official_std": 0.0,
      "split_family": "official_strength_bin",
      "split_group": "official_strength_bin=midhigh_official_q3",
      "splits": 1,
      "strong_nochange_false_intervention_rate_mean": 0.0,
      "strong_nochange_false_intervention_rate_std": 0.0,
      "target_margin": 0.2
    },
    {
      "bootstrap_gain_p05_mean": 0.5681613078281073,
      "bootstrap_gain_p05_std": 0.0,
      "confidence_corr_mean": 0.2520720613952882,
      "confidence_corr_std": 0.0,
      "eligible_for_pass": 1,
      "feature_set": "A_official_output",
      "head": "hgb",
      "ignored_n_mean": 25.0,
      "ignored_n_std": 0.0,
      "intervention_precision_mean": 0.6098654708520179,
      "intervention_precision_std": 0.0,
      "intervention_rate_mean": 0.988,
      "intervention_rate_std": 0.0,
      "labeled_n_mean": 225.0,
      "labeled_n_std": 0.0,
      "mean_oracle_gated_gain_mean": 0.6946451753408356,
      "mean_oracle_gated_gain_std": 0.0,
      "nochange_false_intervention_rate_mean": 0.9886363636363636,
      "nochange_false_intervention_rate_std": 0.0,
      "oracle_recovery_mean": 0.8964841073728885,
      "oracle_recovery_std": 0.0,
      "passes_line": false,
      "precision_gap_vs_shuffled": -0.0027471417605946513,
      "residual_low_false_intervention_rate_mean": 1.0,
      "residual_low_false_intervention_rate_std": 0.0,
      "sim_delta_vs_official_mean": 0.6946451753408356,
      "sim_delta_vs_official_std": 0.0,
      "split_family": "official_strength_bin",
      "split_group": "official_strength_bin=midlow_official_q2",
      "splits": 1,
      "strong_nochange_false_intervention_rate_mean": 0.0,
      "strong_nochange_false_intervention_rate_std": 0.0,
      "target_margin": 0.2
    },
    {
      "bootstrap_gain_p05_mean": 0.061201634305296876,
      "bootstrap_gain_p05_std": 0.0,
      "confidence_corr_mean": 0.22346754558161694,
      "confidence_corr_std": 0.0,
      "eligible_for_pass": 1,
      "feature_set": "A_official_output",
      "head": "hgb",
      "ignored_n_mean": 40.0,
      "ignored_n_std": 0.0,
      "intervention_precision_mean": 0.4624277456647399,
      "intervention_precision_std": 0.0,
      "intervention_rate_mean": 0.832,
      "intervention_rate_std": 0.0,
      "labeled_n_mean": 210.0,
      "labeled_n_std": 0.0,
      "mean_oracle_gated_gain_mean": 0.10096426473998585,
      "mean_oracle_gated_gain_std": 0.0,
      "nochange_false_intervention_rate_mean": 0.744,
      "nochange_false_intervention_rate_std": 0.0,
      "oracle_recovery_mean": 0.49578740155646656,
      "oracle_recovery_std": 0.0,
      "passes_line": false,
      "precision_gap_vs_shuffled": 0.011878295115289317,
      "residual_low_false_intervention_rate_mean": 0.875,
      "residual_low_false_intervention_rate_std": 0.0,
      "sim_delta_vs_official_mean": 0.10096426473998585,
      "sim_delta_vs_official_std": 0.0,
      "split_family": "official_strength_bin",
      "split_group": "official_strength_bin=strong_official_q4",
      "splits": 1,
      "strong_nochange_false_intervention_rate_mean": 0.744,
      "strong_nochange_false_intervention_rate_std": 0.0,
      "target_margin": 0.2
    },
    {
      "bootstrap_gain_p05_mean": 1.1292365741604502,
      "bootstrap_gain_p05_std": 0.0,
      "confidence_corr_mean": 0.13711231547977443,
      "confidence_corr_std": 0.0,
      "eligible_for_pass": 1,
      "feature_set": "A_official_output",
      "head": "hgb",
      "ignored_n_mean": 11.0,
      "ignored_n_std": 0.0,
      "intervention_precision_mean": 0.7669491525423728,
      "intervention_precision_std": 0.0,
      "intervention_rate_mean": 0.984,
      "intervention_rate_std": 0.0,
      "labeled_n_mean": 239.0,
      "labeled_n_std": 0.0,
      "mean_oracle_gated_gain_mean": 1.2837639285203761,
      "mean_oracle_gated_gain_std": 0.0,
      "nochange_false_intervention_rate_mean": 0.9821428571428571,
      "nochange_false_intervention_rate_std": 0.0,
      "oracle_recovery_mean": 0.9667817284119,
      "oracle_recovery_std": 0.0,
      "passes_line": false,
      "precision_gap_vs_shuffled": 0.002243270189431712,
      "residual_low_false_intervention_rate_mean": 1.0,
      "residual_low_false_intervention_rate_std": 0.0,
      "sim_delta_vs_official_mean": 1.2837639285203761,
      "sim_delta_vs_official_std": 0.0,
      "split_family": "official_strength_bin",
      "split_group": "official_strength_bin=weak_official_q1",
      "splits": 1,
      "strong_nochange_false_intervention_rate_mean": 0.0,
      "strong_nochange_false_intervention_rate_std": 0.0,
      "target_margin": 0.2
    },
    {
      "bootstrap_gain_p05_mean": 0.5158461237152601,
      "bootstrap_gain_p05_std": 0.07658658387861329,
      "confidence_corr_mean": 0.47133401892228605,
      "confidence_corr_std": 0.03150699571877436,
      "eligible_for_pass": 1,
      "feature_set": "A_official_output",
      "head": "hgb",
      "ignored_n_mean": 23.666666666666668,
      "ignored_n_std": 5.734883511361751,
      "intervention_precision_mean": 0.6597040262184022,
      "intervention_precision_std": 0.02680947089847677,
      "intervention_rate_mean": 0.7946666666666667,
      "intervention_rate_std": 0.017987650084309352,
      "labeled_n_mean": 226.33333333333334,
      "labeled_n_std": 5.734883511361751,
      "mean_oracle_gated_gain_mean": 0.6439829276619377,
      "mean_oracle_gated_gain_std": 0.08524507664273859,
      "nochange_false_intervention_rate_mean": 0.6050080638315932,
      "nochange_false_intervention_rate_std": 0.03477196607087918,
      "oracle_recovery_mean": 0.9125926630445879,
      "oracle_recovery_std": 0.028720682118538107,
      "passes_line": false,
      "precision_gap_vs_shuffled": 0.04620833176165928,
      "residual_low_false_intervention_rate_mean": 0.7525937339496661,
      "residual_low_false_intervention_rate_std": 0.056207831710575085,
      "sim_delta_vs_official_mean": 0.6439829276619377,
      "sim_delta_vs_official_std": 0.08524507664273859,
      "split_family": "random",
      "split_group": "random",
      "splits": 3,
      "strong_nochange_false_intervention_rate_mean": 0.44991712793570376,
      "strong_nochange_false_intervention_rate_std": 0.09322609187794109,
      "target_margin": 0.2
    },
    {
      "bootstrap_gain_p05_mean": 0.5943054815470934,
      "bootstrap_gain_p05_std": 0.0,
      "confidence_corr_mean": 0.3585564368406319,
      "confidence_corr_std": 0.0,
      "eligible_for_pass": 1,
      "feature_set": "A_official_output",
      "head": "hgb",
      "ignored_n_mean": 26.0,
      "ignored_n_std": 0.0,
      "intervention_precision_mean": 0.5346534653465347,
      "intervention_precision_std": 0.0,
      "intervention_rate_mean": 0.908,
      "intervention_rate_std": 0.0,
      "labeled_n_mean": 224.0,
      "labeled_n_std": 0.0,
      "mean_oracle_gated_gain_mean": 0.7689226059311787,
      "mean_oracle_gated_gain_std": 0.0,
      "nochange_false_intervention_rate_mean": 0.8173913043478261,
      "nochange_false_intervention_rate_std": 0.0,
      "oracle_recovery_mean": 0.8922988062056016,
      "oracle_recovery_std": 0.0,
      "passes_line": false,
      "precision_gap_vs_shuffled": 0.02036775106082045,
      "residual_low_false_intervention_rate_mean": 0.0,
      "residual_low_false_intervention_rate_std": 0.0,
      "sim_delta_vs_official_mean": 0.7689226059311787,
      "sim_delta_vs_official_std": 0.0,
      "split_family": "residual_energy_bin",
      "split_group": "residual_energy_bin=residual_high_q4",
      "splits": 1,
      "strong_nochange_false_intervention_rate_mean": 0.9090909090909091,
      "strong_nochange_false_intervention_rate_std": 0.0,
      "target_margin": 0.2
    },
    {
      "bootstrap_gain_p05_mean": 0.28460827579751913,
      "bootstrap_gain_p05_std": 0.0,
      "confidence_corr_mean": 0.4380869484478756,
      "confidence_corr_std": 0.0,
      "eligible_for_pass": 1,
      "feature_set": "A_official_output",
      "head": "hgb",
      "ignored_n_mean": 33.0,
      "ignored_n_std": 0.0,
      "intervention_precision_mean": 0.6666666666666666,
      "intervention_precision_std": 0.0,
      "intervention_rate_mean": 0.764,
      "intervention_rate_std": 0.0,
      "labeled_n_mean": 217.0,
      "labeled_n_std": 0.0,
      "mean_oracle_gated_gain_mean": 0.3563058896992377,
      "mean_oracle_gated_gain_std": 0.0,
      "nochange_false_intervention_rate_mean": 0.5957446808510638,
      "nochange_false_intervention_rate_std": 0.0,
      "oracle_recovery_mean": 0.829423291312198,
      "oracle_recovery_std": 0.0,
      "passes_line": false,
      "precision_gap_vs_shuffled": 0.035650623885918,
      "residual_low_false_intervention_rate_mean": 0.764,
      "residual_low_false_intervention_rate_std": 0.0,
      "sim_delta_vs_official_mean": 0.3563058896992377,
      "sim_delta_vs_official_std": 0.0,
      "split_family": "residual_energy_bin",
      "split_group": "residual_energy_bin=residual_low_q1",
      "splits": 1,
      "strong_nochange_false_intervention_rate_mean": 0.5588235294117647,
      "strong_nochange_false_intervention_rate_std": 0.0,
      "target_margin": 0.2
    },
    {
      "bootstrap_gain_p05_mean": 0.5891233719552356,
      "bootstrap_gain_p05_std": 0.0,
      "confidence_corr_mean": 0.43485570095994464,
      "confidence_corr_std": 0.0,
      "eligible_for_pass": 1,
      "feature_set": "A_official_output",
      "head": "hgb",
      "ignored_n_mean": 15.0,
      "ignored_n_std": 0.0,
      "intervention_precision_mean": 0.6666666666666666,
      "intervention_precision_std": 0.0,
      "intervention_rate_mean": 0.816,
      "intervention_rate_std": 0.0,
      "labeled_n_mean": 235.0,
      "labeled_n_std": 0.0,
      "mean_oracle_gated_gain_mean": 0.7102264908132956,
      "mean_oracle_gated_gain_std": 0.0,
      "nochange_false_intervention_rate_mean": 0.6213592233009708,
      "nochange_false_intervention_rate_std": 0.0,
      "oracle_recovery_mean": 0.9190589411960643,
      "oracle_recovery_std": 0.0,
      "passes_line": false,
      "precision_gap_vs_shuffled": 0.03166666666666662,
      "residual_low_false_intervention_rate_mean": 0.0,
      "residual_low_false_intervention_rate_std": 0.0,
      "sim_delta_vs_official_mean": 0.7102264908132956,
      "sim_delta_vs_official_std": 0.0,
      "split_family": "residual_energy_bin",
      "split_group": "residual_energy_bin=residual_midhigh_q3",
      "splits": 1,
      "strong_nochange_false_intervention_rate_mean": 0.625,
      "strong_nochange_false_intervention_rate_std": 0.0,
      "target_margin": 0.2
    },
    {
      "bootstrap_gain_p05_mean": 0.3434084633491183,
      "bootstrap_gain_p05_std": 0.0,
      "confidence_corr_mean": 0.4658764880340208,
      "confidence_corr_std": 0.0,
      "eligible_for_pass": 1,
      "feature_set": "A_official_output",
      "head": "hgb",
      "ignored_n_mean": 22.0,
      "ignored_n_std": 0.0,
      "intervention_precision_mean": 0.6740331491712708,
      "intervention_precision_std": 0.0,
      "intervention_rate_mean": 0.792,
      "intervention_rate_std": 0.0,
      "labeled_n_mean": 228.0,
      "labeled_n_std": 0.0,
      "mean_oracle_gated_gain_mean": 0.44021710059873714,
      "mean_oracle_gated_gain_std": 0.0,
      "nochange_false_intervention_rate_mean": 0.5959595959595959,
      "nochange_false_intervention_rate_std": 0.0,
      "oracle_recovery_mean": 0.847174775615306,
      "oracle_recovery_std": 0.0,
      "passes_line": false,
      "precision_gap_vs_shuffled": 0.053520328658450245,
      "residual_low_false_intervention_rate_mean": 0.0,
      "residual_low_false_intervention_rate_std": 0.0,
      "sim_delta_vs_official_mean": 0.44021710059873714,
      "sim_delta_vs_official_std": 0.0,
      "split_family": "residual_energy_bin",
      "split_group": "residual_energy_bin=residual_midlow_q2",
      "splits": 1,
      "strong_nochange_false_intervention_rate_mean": 0.42105263157894735,
      "strong_nochange_false_intervention_rate_std": 0.0,
      "target_margin": 0.2
    },
    {
      "bootstrap_gain_p05_mean": 0.3650373580544574,
      "bootstrap_gain_p05_std": 0.0,
      "confidence_corr_mean": 0.4268798164014963,
      "confidence_corr_std": 0.0,
      "eligible_for_pass": 1,
      "feature_set": "A_output_plus_meta",
      "head": "hgb",
      "ignored_n_mean": 19.0,
      "ignored_n_std": 0.0,
      "intervention_precision_mean": 0.6041666666666666,
      "intervention_precision_std": 0.0,
      "intervention_rate_mean": 0.8402061855670103,
      "intervention_rate_std": 0.0,
      "labeled_n_mean": 175.0,
      "labeled_n_std": 0.0,
      "mean_oracle_gated_gain_mean": 0.5074450626481553,
      "mean_oracle_gated_gain_std": 0.0,
      "nochange_false_intervention_rate_mean": 0.6705882352941176,
      "nochange_false_intervention_rate_std": 0.0,
      "oracle_recovery_mean": 0.8791055679588892,
      "oracle_recovery_std": 0.0,
      "passes_line": false,
      "precision_gap_vs_shuffled": 0.06095679012345678,
      "residual_low_false_intervention_rate_mean": 0.8392857142857143,
      "residual_low_false_intervention_rate_std": 0.0,
      "sim_delta_vs_official_mean": 0.5074450626481553,
      "sim_delta_vs_official_std": 0.0,
      "split_family": "airlight_bin",
      "split_group": "airlight_bin=0.65<=A<0.75",
      "splits": 1,
      "strong_nochange_false_intervention_rate_mean": 0.5925925925925926,
      "strong_nochange_false_intervention_rate_std": 0.0,
      "target_margin": 0.2
    },
    {
      "bootstrap_gain_p05_mean": 0.43348607009151796,
      "bootstrap_gain_p05_std": 0.0,
      "confidence_corr_mean": 0.6090175434861356,
      "confidence_corr_std": 0.0,
      "eligible_for_pass": 1,
      "feature_set": "A_output_plus_meta",
      "head": "hgb",
      "ignored_n_mean": 21.0,
      "ignored_n_std": 0.0,
      "intervention_precision_mean": 0.7310344827586207,
      "intervention_precision_std": 0.0,
      "intervention_rate_mean": 0.7666666666666667,
      "intervention_rate_std": 0.0,
      "labeled_n_mean": 189.0,
      "labeled_n_std": 0.0,
      "mean_oracle_gated_gain_mean": 0.5466755751991653,
      "mean_oracle_gated_gain_std": 0.0,
      "nochange_false_intervention_rate_mean": 0.5,
      "nochange_false_intervention_rate_std": 0.0,
      "oracle_recovery_mean": 0.9104369625084902,
      "oracle_recovery_std": 0.0,
      "passes_line": false,
      "precision_gap_vs_shuffled": 0.060227029342471594,
      "residual_low_false_intervention_rate_mean": 0.7962962962962963,
      "residual_low_false_intervention_rate_std": 0.0,
      "sim_delta_vs_official_mean": 0.5466755751991653,
      "sim_delta_vs_official_std": 0.0,
      "split_family": "airlight_bin",
      "split_group": "airlight_bin=0.75<=A<0.85",
      "splits": 1,
      "strong_nochange_false_intervention_rate_mean": 0.4166666666666667,
      "strong_nochange_false_intervention_rate_std": 0.0,
      "target_margin": 0.2
    },
    {
      "bootstrap_gain_p05_mean": 0.3900385768203725,
      "bootstrap_gain_p05_std": 0.0,
      "confidence_corr_mean": 0.5095155646950321,
      "confidence_corr_std": 0.0,
      "eligible_for_pass": 1,
      "feature_set": "A_output_plus_meta",
      "head": "hgb",
      "ignored_n_mean": 20.0,
      "ignored_n_std": 0.0,
      "intervention_precision_mean": 0.608,
      "intervention_precision_std": 0.0,
      "intervention_rate_mean": 0.8,
      "intervention_rate_std": 0.0,
      "labeled_n_mean": 155.0,
      "labeled_n_std": 0.0,
      "mean_oracle_gated_gain_mean": 0.5079806568842896,
      "mean_oracle_gated_gain_std": 0.0,
      "nochange_false_intervention_rate_mean": 0.6282051282051282,
      "nochange_false_intervention_rate_std": 0.0,
      "oracle_recovery_mean": 0.9096601685162482,
      "oracle_recovery_std": 0.0,
      "passes_line": false,
      "precision_gap_vs_shuffled": 0.049176470588235266,
      "residual_low_false_intervention_rate_mean": 0.875,
      "residual_low_false_intervention_rate_std": 0.0,
      "sim_delta_vs_official_mean": 0.5079806568842896,
      "sim_delta_vs_official_std": 0.0,
      "split_family": "airlight_bin",
      "split_group": "airlight_bin=0.85<=A<0.95",
      "splits": 1,
      "strong_nochange_false_intervention_rate_mean": 0.7857142857142857,
      "strong_nochange_false_intervention_rate_std": 0.0,
      "target_margin": 0.2
    },
    {
      "bootstrap_gain_p05_mean": 0.5896142233348066,
      "bootstrap_gain_p05_std": 0.0,
      "confidence_corr_mean": 0.4029257939466447,
      "confidence_corr_std": 0.0,
      "eligible_for_pass": 1,
      "feature_set": "A_output_plus_meta",
      "head": "hgb",
      "ignored_n_mean": 26.0,
      "ignored_n_std": 0.0,
      "intervention_precision_mean": 0.6470588235294118,
      "intervention_precision_std": 0.0,
      "intervention_rate_mean": 0.8203389830508474,
      "intervention_rate_std": 0.0,
      "labeled_n_mean": 269.0,
      "labeled_n_std": 0.0,
      "mean_oracle_gated_gain_mean": 0.7342827653746496,
      "mean_oracle_gated_gain_std": 0.0,
      "nochange_false_intervention_rate_mean": 0.6902654867256637,
      "nochange_false_intervention_rate_std": 0.0,
      "oracle_recovery_mean": 0.8725885347744158,
      "oracle_recovery_std": 0.0,
      "passes_line": false,
      "precision_gap_vs_shuffled": 0.020449381469325956,
      "residual_low_false_intervention_rate_mean": 0.7446808510638298,
      "residual_low_false_intervention_rate_std": 0.0,
      "sim_delta_vs_official_mean": 0.7342827653746496,
      "sim_delta_vs_official_std": 0.0,
      "split_family": "airlight_bin",
      "split_group": "airlight_bin=A<0.65",
      "splits": 1,
      "strong_nochange_false_intervention_rate_mean": 0.6037735849056604,
      "strong_nochange_false_intervention_rate_std": 0.0,
      "target_margin": 0.2
    },
    {
      "bootstrap_gain_p05_mean": 0.28604623354402353,
      "bootstrap_gain_p05_std": 0.0,
      "confidence_corr_mean": 0.3263223931425905,
      "confidence_corr_std": 0.0,
      "eligible_for_pass": 1,
      "feature_set": "A_output_plus_meta",
      "head": "hgb",
      "ignored_n_mean": 10.0,
      "ignored_n_std": 0.0,
      "intervention_precision_mean": 0.5576923076923077,
      "intervention_precision_std": 0.0,
      "intervention_rate_mean": 0.8968253968253969,
      "intervention_rate_std": 0.0,
      "labeled_n_mean": 116.0,
      "labeled_n_std": 0.0,
      "mean_oracle_gated_gain_mean": 0.4182714617308136,
      "mean_oracle_gated_gain_std": 0.0,
      "nochange_false_intervention_rate_mean": 0.8070175438596491,
      "nochange_false_intervention_rate_std": 0.0,
      "oracle_recovery_mean": 0.8516164261706693,
      "oracle_recovery_std": 0.0,
      "passes_line": false,
      "precision_gap_vs_shuffled": 0.019956458635703944,
      "residual_low_false_intervention_rate_mean": 1.0,
      "residual_low_false_intervention_rate_std": 0.0,
      "sim_delta_vs_official_mean": 0.4182714617308136,
      "sim_delta_vs_official_std": 0.0,
      "split_family": "airlight_bin",
      "split_group": "airlight_bin=A>=0.95",
      "splits": 1,
      "strong_nochange_false_intervention_rate_mean": 1.0,
      "strong_nochange_false_intervention_rate_std": 0.0,
      "target_margin": 0.2
    },
    {
      "bootstrap_gain_p05_mean": 0.339383021669674,
      "bootstrap_gain_p05_std": 0.0,
      "confidence_corr_mean": 0.5064062699252648,
      "confidence_corr_std": 0.0,
      "eligible_for_pass": 1,
      "feature_set": "A_output_plus_meta",
      "head": "hgb",
      "ignored_n_mean": 16.0,
      "ignored_n_std": 0.0,
      "intervention_precision_mean": 0.5833333333333334,
      "intervention_precision_std": 0.0,
      "intervention_rate_mean": 0.7712765957446809,
      "intervention_rate_std": 0.0,
      "labeled_n_mean": 172.0,
      "labeled_n_std": 0.0,
      "mean_oracle_gated_gain_mean": 0.46927449795199006,
      "mean_oracle_gated_gain_std": 0.0,
      "nochange_false_intervention_rate_mean": 0.6043956043956044,
      "nochange_false_intervention_rate_std": 0.0,
      "oracle_recovery_mean": 0.8742238317699804,
      "oracle_recovery_std": 0.0,
      "passes_line": false,
      "precision_gap_vs_shuffled": 0.07017543859649122,
      "residual_low_false_intervention_rate_mean": 0.8333333333333334,
      "residual_low_false_intervention_rate_std": 0.0,
      "sim_delta_vs_official_mean": 0.46927449795199006,
      "sim_delta_vs_official_std": 0.0,
      "split_family": "beta_bin",
      "split_group": "beta_bin=0.8<=beta<1.1",
      "splits": 1,
      "strong_nochange_false_intervention_rate_mean": 0.5588235294117647,
      "strong_nochange_false_intervention_rate_std": 0.0,
      "target_margin": 0.2
    },
    {
      "bootstrap_gain_p05_mean": 0.5883755190615537,
      "bootstrap_gain_p05_std": 0.0,
      "confidence_corr_mean": 0.5226407155651757,
      "confidence_corr_std": 0.0,
      "eligible_for_pass": 1,
      "feature_set": "A_output_plus_meta",
      "head": "hgb",
      "ignored_n_mean": 26.0,
      "ignored_n_std": 0.0,
      "intervention_precision_mean": 0.717391304347826,
      "intervention_precision_std": 0.0,
      "intervention_rate_mean": 0.7889447236180904,
      "intervention_rate_std": 0.0,
      "labeled_n_mean": 173.0,
      "labeled_n_std": 0.0,
      "mean_oracle_gated_gain_mean": 0.731085951634176,
      "mean_oracle_gated_gain_std": 0.0,
      "nochange_false_intervention_rate_mean": 0.5416666666666666,
      "nochange_false_intervention_rate_std": 0.0,
      "oracle_recovery_mean": 0.9406638446340134,
      "oracle_recovery_std": 0.0,
      "passes_line": false,
      "precision_gap_vs_shuffled": 0.06607551487414187,
      "residual_low_false_intervention_rate_mean": 0.8222222222222222,
      "residual_low_false_intervention_rate_std": 0.0,
      "sim_delta_vs_official_mean": 0.731085951634176,
      "sim_delta_vs_official_std": 0.0,
      "split_family": "beta_bin",
      "split_group": "beta_bin=1.1<=beta<1.4",
      "splits": 1,
      "strong_nochange_false_intervention_rate_mean": 0.5,
      "strong_nochange_false_intervention_rate_std": 0.0,
      "target_margin": 0.2
    },
    {
      "bootstrap_gain_p05_mean": 0.4097980620656516,
      "bootstrap_gain_p05_std": 0.0,
      "confidence_corr_mean": 0.5048918635343483,
      "confidence_corr_std": 0.0,
      "eligible_for_pass": 1,
      "feature_set": "A_output_plus_meta",
      "head": "hgb",
      "ignored_n_mean": 17.0,
      "ignored_n_std": 0.0,
      "intervention_precision_mean": 0.6209150326797386,
      "intervention_precision_std": 0.0,
      "intervention_rate_mean": 0.8391959798994975,
      "intervention_rate_std": 0.0,
      "labeled_n_mean": 182.0,
      "labeled_n_std": 0.0,
      "mean_oracle_gated_gain_mean": 0.5200933007187247,
      "mean_oracle_gated_gain_std": 0.0,
      "nochange_false_intervention_rate_mean": 0.6744186046511628,
      "nochange_false_intervention_rate_std": 0.0,
      "oracle_recovery_mean": 0.9078439914560323,
      "oracle_recovery_std": 0.0,
      "passes_line": false,
      "precision_gap_vs_shuffled": 0.05543884220354811,
      "residual_low_false_intervention_rate_mean": 0.8571428571428571,
      "residual_low_false_intervention_rate_std": 0.0,
      "sim_delta_vs_official_mean": 0.5200933007187247,
      "sim_delta_vs_official_std": 0.0,
      "split_family": "beta_bin",
      "split_group": "beta_bin=1.4<=beta<1.7",
      "splits": 1,
      "strong_nochange_false_intervention_rate_mean": 0.6428571428571429,
      "strong_nochange_false_intervention_rate_std": 0.0,
      "target_margin": 0.2
    },
    {
      "bootstrap_gain_p05_mean": 0.545892817433392,
      "bootstrap_gain_p05_std": 0.0,
      "confidence_corr_mean": 0.41559699136837175,
      "confidence_corr_std": 0.0,
      "eligible_for_pass": 1,
      "feature_set": "A_output_plus_meta",
      "head": "hgb",
      "ignored_n_mean": 13.0,
      "ignored_n_std": 0.0,
      "intervention_precision_mean": 0.684931506849315,
      "intervention_precision_std": 0.0,
      "intervention_rate_mean": 0.7806122448979592,
      "intervention_rate_std": 0.0,
      "labeled_n_mean": 183.0,
      "labeled_n_std": 0.0,
      "mean_oracle_gated_gain_mean": 0.6944831836721486,
      "mean_oracle_gated_gain_std": 0.0,
      "nochange_false_intervention_rate_mean": 0.6216216216216216,
      "nochange_false_intervention_rate_std": 0.0,
      "oracle_recovery_mean": 0.9018521054609336,
      "oracle_recovery_std": 0.0,
      "passes_line": false,
      "precision_gap_vs_shuffled": 0.022679851220175906,
      "residual_low_false_intervention_rate_mean": 0.7037037037037037,
      "residual_low_false_intervention_rate_std": 0.0,
      "sim_delta_vs_official_mean": 0.6944831836721486,
      "sim_delta_vs_official_std": 0.0,
      "split_family": "beta_bin",
      "split_group": "beta_bin=beta<0.8",
      "splits": 1,
      "strong_nochange_false_intervention_rate_mean": 0.38461538461538464,
      "strong_nochange_false_intervention_rate_std": 0.0,
      "target_margin": 0.2
    },
    {
      "bootstrap_gain_p05_mean": 0.3801400609001787,
      "bootstrap_gain_p05_std": 0.0,
      "confidence_corr_mean": 0.3847211901216213,
      "confidence_corr_std": 0.0,
      "eligible_for_pass": 1,
      "feature_set": "A_output_plus_meta",
      "head": "hgb",
      "ignored_n_mean": 24.0,
      "ignored_n_std": 0.0,
      "intervention_precision_mean": 0.6144578313253012,
      "intervention_precision_std": 0.0,
      "intervention_rate_mean": 0.8486238532110092,
      "intervention_rate_std": 0.0,
      "labeled_n_mean": 194.0,
      "labeled_n_std": 0.0,
      "mean_oracle_gated_gain_mean": 0.48961548902458674,
      "mean_oracle_gated_gain_std": 0.0,
      "nochange_false_intervention_rate_mean": 0.7272727272727273,
      "nochange_false_intervention_rate_std": 0.0,
      "oracle_recovery_mean": 0.8510764159412822,
      "oracle_recovery_std": 0.0,
      "passes_line": false,
      "precision_gap_vs_shuffled": 0.009667412163624545,
      "residual_low_false_intervention_rate_mean": 0.8888888888888888,
      "residual_low_false_intervention_rate_std": 0.0,
      "sim_delta_vs_official_mean": 0.48961548902458674,
      "sim_delta_vs_official_std": 0.0,
      "split_family": "beta_bin",
      "split_group": "beta_bin=beta>=1.7",
      "splits": 1,
      "strong_nochange_false_intervention_rate_mean": 0.75,
      "strong_nochange_false_intervention_rate_std": 0.0,
      "target_margin": 0.2
    },
    {
      "bootstrap_gain_p05_mean": 0.8712093673855117,
      "bootstrap_gain_p05_std": 0.0,
      "confidence_corr_mean": 0.1853953853769953,
      "confidence_corr_std": 0.0,
      "eligible_for_pass": 1,
      "feature_set": "A_output_plus_meta",
      "head": "hgb",
      "ignored_n_mean": 8.0,
      "ignored_n_std": 0.0,
      "intervention_precision_mean": 0.7120418848167539,
      "intervention_precision_std": 0.0,
      "intervention_rate_mean": 0.9754901960784313,
      "intervention_rate_std": 0.0,
      "labeled_n_mean": 196.0,
      "labeled_n_std": 0.0,
      "mean_oracle_gated_gain_mean": 1.0406537398138533,
      "mean_oracle_gated_gain_std": 0.0,
      "nochange_false_intervention_rate_mean": 0.9166666666666666,
      "nochange_false_intervention_rate_std": 0.0,
      "oracle_recovery_mean": 0.9480834941903783,
      "oracle_recovery_std": 0.0,
      "passes_line": false,
      "precision_gap_vs_shuffled": 0.018164333796345744,
      "residual_low_false_intervention_rate_mean": 0.984375,
      "residual_low_false_intervention_rate_std": 0.0,
      "sim_delta_vs_official_mean": 1.0406537398138533,
      "sim_delta_vs_official_std": 0.0,
      "split_family": "content_cluster",
      "split_group": "content_cluster=content_k5_c0",
      "splits": 1,
      "strong_nochange_false_intervention_rate_mean": 0.0,
      "strong_nochange_false_intervention_rate_std": 0.0,
      "target_margin": 0.2
    },
    {
      "bootstrap_gain_p05_mean": 1.0008867140297035,
      "bootstrap_gain_p05_std": 0.0,
      "confidence_corr_mean": 0.30615094922634656,
      "confidence_corr_std": 0.0,
      "eligible_for_pass": 1,
      "feature_set": "A_output_plus_meta",
      "head": "hgb",
      "ignored_n_mean": 4.0,
      "ignored_n_std": 0.0,
      "intervention_precision_mean": 0.7289719626168224,
      "intervention_precision_std": 0.0,
      "intervention_rate_mean": 0.9910714285714286,
      "intervention_rate_std": 0.0,
      "labeled_n_mean": 108.0,
      "labeled_n_std": 0.0,
      "mean_oracle_gated_gain_mean": 1.2995312669192518,
      "mean_oracle_gated_gain_std": 0.0,
      "nochange_false_intervention_rate_mean": 0.9666666666666667,
      "nochange_false_intervention_rate_std": 0.0,
      "oracle_recovery_mean": 0.9604490976396045,
      "oracle_recovery_std": 0.0,
      "passes_line": false,
      "precision_gap_vs_shuffled": -0.013885180240320483,
      "residual_low_false_intervention_rate_mean": 1.0,
      "residual_low_false_intervention_rate_std": 0.0,
      "sim_delta_vs_official_mean": 1.2995312669192518,
      "sim_delta_vs_official_std": 0.0,
      "split_family": "content_cluster",
      "split_group": "content_cluster=content_k5_c1",
      "splits": 1,
      "strong_nochange_false_intervention_rate_mean": 1.0,
      "strong_nochange_false_intervention_rate_std": 0.0,
      "target_margin": 0.2
    },
    {
      "bootstrap_gain_p05_mean": 0.034737568720967484,
      "bootstrap_gain_p05_std": 0.0,
      "confidence_corr_mean": 0.2845875709934086,
      "confidence_corr_std": 0.0,
      "eligible_for_pass": 1,
      "feature_set": "A_output_plus_meta",
      "head": "hgb",
      "ignored_n_mean": 31.0,
      "ignored_n_std": 0.0,
      "intervention_precision_mean": 0.40404040404040403,
      "intervention_precision_std": 0.0,
      "intervention_rate_mean": 0.8697318007662835,
      "intervention_rate_std": 0.0,
      "labeled_n_mean": 230.0,
      "labeled_n_std": 0.0,
      "mean_oracle_gated_gain_mean": 0.08334734592082095,
      "mean_oracle_gated_gain_std": 0.0,
      "nochange_false_intervention_rate_mean": 0.7919463087248322,
      "nochange_false_intervention_rate_std": 0.0,
      "oracle_recovery_mean": 0.37896059218486927,
      "oracle_recovery_std": 0.0,
      "passes_line": false,
      "precision_gap_vs_shuffled": 0.016785502079619707,
      "residual_low_false_intervention_rate_mean": 0.9083333333333333,
      "residual_low_false_intervention_rate_std": 0.0,
      "sim_delta_vs_official_mean": 0.08334734592082095,
      "sim_delta_vs_official_std": 0.0,
      "split_family": "content_cluster",
      "split_group": "content_cluster=content_k5_c2",
      "splits": 1,
      "strong_nochange_false_intervention_rate_mean": 0.8505747126436781,
      "strong_nochange_false_intervention_rate_std": 0.0,
      "target_margin": 0.2
    },
    {
      "bootstrap_gain_p05_mean": 0.6166383827543516,
      "bootstrap_gain_p05_std": 0.0,
      "confidence_corr_mean": 0.2526541430546727,
      "confidence_corr_std": 0.0,
      "eligible_for_pass": 1,
      "feature_set": "A_output_plus_meta",
      "head": "hgb",
      "ignored_n_mean": 14.0,
      "ignored_n_std": 0.0,
      "intervention_precision_mean": 0.6612021857923497,
      "intervention_precision_std": 0.0,
      "intervention_rate_mean": 1.0,
      "intervention_rate_std": 0.0,
      "labeled_n_mean": 183.0,
      "labeled_n_std": 0.0,
      "mean_oracle_gated_gain_mean": 0.7442064591501355,
      "mean_oracle_gated_gain_std": 0.0,
      "nochange_false_intervention_rate_mean": 1.0,
      "nochange_false_intervention_rate_std": 0.0,
      "oracle_recovery_mean": 0.907336594100946,
      "oracle_recovery_std": 0.0,
      "passes_line": false,
      "precision_gap_vs_shuffled": 0.0,
      "residual_low_false_intervention_rate_mean": 1.0,
      "residual_low_false_intervention_rate_std": 0.0,
      "sim_delta_vs_official_mean": 0.7442064591501355,
      "sim_delta_vs_official_std": 0.0,
      "split_family": "content_cluster",
      "split_group": "content_cluster=content_k5_c3",
      "splits": 1,
      "strong_nochange_false_intervention_rate_mean": 0.0,
      "strong_nochange_false_intervention_rate_std": 0.0,
      "target_margin": 0.2
    },
    {
      "bootstrap_gain_p05_mean": 0.11918013098920634,
      "bootstrap_gain_p05_std": 0.0,
      "confidence_corr_mean": 0.3737594746513557,
      "confidence_corr_std": 0.0,
      "eligible_for_pass": 1,
      "feature_set": "A_output_plus_meta",
      "head": "hgb",
      "ignored_n_mean": 39.0,
      "ignored_n_std": 0.0,
      "intervention_precision_mean": 0.463855421686747,
      "intervention_precision_std": 0.0,
      "intervention_rate_mean": 0.8982300884955752,
      "intervention_rate_std": 0.0,
      "labeled_n_mean": 187.0,
      "labeled_n_std": 0.0,
      "mean_oracle_gated_gain_mean": 0.16573515853136905,
      "mean_oracle_gated_gain_std": 0.0,
      "nochange_false_intervention_rate_mean": 0.8090909090909091,
      "nochange_false_intervention_rate_std": 0.0,
      "oracle_recovery_mean": 0.7275054812487259,
      "oracle_recovery_std": 0.0,
      "passes_line": false,
      "precision_gap_vs_shuffled": 0.006024096385542188,
      "residual_low_false_intervention_rate_mean": 0.9183673469387755,
      "residual_low_false_intervention_rate_std": 0.0,
      "sim_delta_vs_official_mean": 0.16573515853136905,
      "sim_delta_vs_official_std": 0.0,
      "split_family": "content_cluster",
      "split_group": "content_cluster=content_k5_c4",
      "splits": 1,
      "strong_nochange_false_intervention_rate_mean": 0.8571428571428571,
      "strong_nochange_false_intervention_rate_std": 0.0,
      "target_margin": 0.2
    },
    {
      "bootstrap_gain_p05_mean": 0.4601019089838574,
      "bootstrap_gain_p05_std": 0.0,
      "confidence_corr_mean": 0.47887127397382534,
      "confidence_corr_std": 0.0,
      "eligible_for_pass": 1,
      "feature_set": "A_output_plus_meta",
      "head": "hgb",
      "ignored_n_mean": 16.0,
      "ignored_n_std": 0.0,
      "intervention_precision_mean": 0.6153846153846154,
      "intervention_precision_std": 0.0,
      "intervention_rate_mean": 0.76,
      "intervention_rate_std": 0.0,
      "labeled_n_mean": 234.0,
      "labeled_n_std": 0.0,
      "mean_oracle_gated_gain_mean": 0.6098729758478568,
      "mean_oracle_gated_gain_std": 0.0,
      "nochange_false_intervention_rate_mean": 0.6140350877192983,
      "nochange_false_intervention_rate_std": 0.0,
      "oracle_recovery_mean": 0.851067876914546,
      "oracle_recovery_std": 0.0,
      "passes_line": false,
      "precision_gap_vs_shuffled": 0.03291038858049167,
      "residual_low_false_intervention_rate_mean": 0.9166666666666666,
      "residual_low_false_intervention_rate_std": 0.0,
      "sim_delta_vs_official_mean": 0.6098729758478568,
      "sim_delta_vs_official_std": 0.0,
      "split_family": "cr_strength_bin",
      "split_group": "cr_strength_bin=midhigh_cr_q3",
      "splits": 1,
      "strong_nochange_false_intervention_rate_mean": 0.5652173913043478,
      "strong_nochange_false_intervention_rate_std": 0.0,
      "target_margin": 0.2
    },
    {
      "bootstrap_gain_p05_mean": 0.5608023304042792,
      "bootstrap_gain_p05_std": 0.0,
      "confidence_corr_mean": 0.3682847570892608,
      "confidence_corr_std": 0.0,
      "eligible_for_pass": 1,
      "feature_set": "A_output_plus_meta",
      "head": "hgb",
      "ignored_n_mean": 20.0,
      "ignored_n_std": 0.0,
      "intervention_precision_mean": 0.631578947368421,
      "intervention_precision_std": 0.0,
      "intervention_rate_mean": 0.912,
      "intervention_rate_std": 0.0,
      "labeled_n_mean": 230.0,
      "labeled_n_std": 0.0,
      "mean_oracle_gated_gain_mean": 0.7111828297312156,
      "mean_oracle_gated_gain_std": 0.0,
      "nochange_false_intervention_rate_mean": 0.8105263157894737,
      "nochange_false_intervention_rate_std": 0.0,
      "oracle_recovery_mean": 0.9077158239425821,
      "oracle_recovery_std": 0.0,
      "passes_line": false,
      "precision_gap_vs_shuffled": 0.014756517461879004,
      "residual_low_false_intervention_rate_mean": 0.9714285714285714,
      "residual_low_false_intervention_rate_std": 0.0,
      "sim_delta_vs_official_mean": 0.7111828297312156,
      "sim_delta_vs_official_std": 0.0,
      "split_family": "cr_strength_bin",
      "split_group": "cr_strength_bin=midlow_cr_q2",
      "splits": 1,
      "strong_nochange_false_intervention_rate_mean": 1.0,
      "strong_nochange_false_intervention_rate_std": 0.0,
      "target_margin": 0.2
    },
    {
      "bootstrap_gain_p05_mean": 0.1655464118947598,
      "bootstrap_gain_p05_std": 0.0,
      "confidence_corr_mean": 0.48026466356512054,
      "confidence_corr_std": 0.0,
      "eligible_for_pass": 1,
      "feature_set": "A_output_plus_meta",
      "head": "hgb",
      "ignored_n_mean": 42.0,
      "ignored_n_std": 0.0,
      "intervention_precision_mean": 0.5328947368421053,
      "intervention_precision_std": 0.0,
      "intervention_rate_mean": 0.748,
      "intervention_rate_std": 0.0,
      "labeled_n_mean": 208.0,
      "labeled_n_std": 0.0,
      "mean_oracle_gated_gain_mean": 0.23196665803994768,
      "mean_oracle_gated_gain_std": 0.0,
      "nochange_false_intervention_rate_mean": 0.6228070175438597,
      "nochange_false_intervention_rate_std": 0.0,
      "oracle_recovery_mean": 0.737763823504112,
      "oracle_recovery_std": 0.0,
      "passes_line": false,
      "precision_gap_vs_shuffled": 0.018443869790082168,
      "residual_low_false_intervention_rate_mean": 0.7654320987654321,
      "residual_low_false_intervention_rate_std": 0.0,
      "sim_delta_vs_official_mean": 0.23196665803994768,
      "sim_delta_vs_official_std": 0.0,
      "split_family": "cr_strength_bin",
      "split_group": "cr_strength_bin=strong_cr_q4",
      "splits": 1,
      "strong_nochange_false_intervention_rate_mean": 0.6138613861386139,
      "strong_nochange_false_intervention_rate_std": 0.0,
      "target_margin": 0.2
    },
    {
      "bootstrap_gain_p05_mean": 0.5716475069948397,
      "bootstrap_gain_p05_std": 0.0,
      "confidence_corr_mean": 0.20528911228409835,
      "confidence_corr_std": 0.0,
      "eligible_for_pass": 1,
      "feature_set": "A_output_plus_meta",
      "head": "hgb",
      "ignored_n_mean": 18.0,
      "ignored_n_std": 0.0,
      "intervention_precision_mean": 0.6299559471365639,
      "intervention_precision_std": 0.0,
      "intervention_rate_mean": 0.976,
      "intervention_rate_std": 0.0,
      "labeled_n_mean": 232.0,
      "labeled_n_std": 0.0,
      "mean_oracle_gated_gain_mean": 0.6990983160039225,
      "mean_oracle_gated_gain_std": 0.0,
      "nochange_false_intervention_rate_mean": 0.9545454545454546,
      "nochange_false_intervention_rate_std": 0.0,
      "oracle_recovery_mean": 0.9088427289042631,
      "oracle_recovery_std": 0.0,
      "passes_line": false,
      "precision_gap_vs_shuffled": 0.005501798664948154,
      "residual_low_false_intervention_rate_mean": 1.0,
      "residual_low_false_intervention_rate_std": 0.0,
      "sim_delta_vs_official_mean": 0.6990983160039225,
      "sim_delta_vs_official_std": 0.0,
      "split_family": "cr_strength_bin",
      "split_group": "cr_strength_bin=weak_cr_q1",
      "splits": 1,
      "strong_nochange_false_intervention_rate_mean": 0.0,
      "strong_nochange_false_intervention_rate_std": 0.0,
      "target_margin": 0.2
    },
    {
      "bootstrap_gain_p05_mean": 0.11141928246803041,
      "bootstrap_gain_p05_std": 0.0,
      "confidence_corr_mean": 0.4088657663565634,
      "confidence_corr_std": 0.0,
      "eligible_for_pass": 1,
      "feature_set": "A_output_plus_meta",
      "head": "hgb",
      "ignored_n_mean": 20.0,
      "ignored_n_std": 0.0,
      "intervention_precision_mean": 0.4540229885057471,
      "intervention_precision_std": 0.0,
      "intervention_rate_mean": 0.752,
      "intervention_rate_std": 0.0,
      "labeled_n_mean": 230.0,
      "labeled_n_std": 0.0,
      "mean_oracle_gated_gain_mean": 0.16719500569099235,
      "mean_oracle_gated_gain_std": 0.0,
      "nochange_false_intervention_rate_mean": 0.6690140845070423,
      "nochange_false_intervention_rate_std": 0.0,
      "oracle_recovery_mean": 0.6028359665564976,
      "oracle_recovery_std": 0.0,
      "passes_line": false,
      "precision_gap_vs_shuffled": 0.02159055607331467,
      "residual_low_false_intervention_rate_mean": 0.8055555555555556,
      "residual_low_false_intervention_rate_std": 0.0,
      "sim_delta_vs_official_mean": 0.16719500569099235,
      "sim_delta_vs_official_std": 0.0,
      "split_family": "official_strength_bin",
      "split_group": "official_strength_bin=midhigh_official_q3",
      "splits": 1,
      "strong_nochange_false_intervention_rate_mean": 0.0,
      "strong_nochange_false_intervention_rate_std": 0.0,
      "target_margin": 0.2
    },
    {
      "bootstrap_gain_p05_mean": 0.5662546106015957,
      "bootstrap_gain_p05_std": 0.0,
      "confidence_corr_mean": 0.2669774345896979,
      "confidence_corr_std": 0.0,
      "eligible_for_pass": 1,
      "feature_set": "A_output_plus_meta",
      "head": "hgb",
      "ignored_n_mean": 25.0,
      "ignored_n_std": 0.0,
      "intervention_precision_mean": 0.6136363636363636,
      "intervention_precision_std": 0.0,
      "intervention_rate_mean": 0.972,
      "intervention_rate_std": 0.0,
      "labeled_n_mean": 225.0,
      "labeled_n_std": 0.0,
      "mean_oracle_gated_gain_mean": 0.6926584423040281,
      "mean_oracle_gated_gain_std": 0.0,
      "nochange_false_intervention_rate_mean": 0.9659090909090909,
      "nochange_false_intervention_rate_std": 0.0,
      "oracle_recovery_mean": 0.8939201010912401,
      "oracle_recovery_std": 0.0,
      "passes_line": false,
      "precision_gap_vs_shuffled": 0.0010237510237510739,
      "residual_low_false_intervention_rate_mean": 0.9534883720930233,
      "residual_low_false_intervention_rate_std": 0.0,
      "sim_delta_vs_official_mean": 0.6926584423040281,
      "sim_delta_vs_official_std": 0.0,
      "split_family": "official_strength_bin",
      "split_group": "official_strength_bin=midlow_official_q2",
      "splits": 1,
      "strong_nochange_false_intervention_rate_mean": 0.0,
      "strong_nochange_false_intervention_rate_std": 0.0,
      "target_margin": 0.2
    },
    {
      "bootstrap_gain_p05_mean": 0.061201634305296876,
      "bootstrap_gain_p05_std": 0.0,
      "confidence_corr_mean": 0.22346754558161694,
      "confidence_corr_std": 0.0,
      "eligible_for_pass": 1,
      "feature_set": "A_output_plus_meta",
      "head": "hgb",
      "ignored_n_mean": 40.0,
      "ignored_n_std": 0.0,
      "intervention_precision_mean": 0.4624277456647399,
      "intervention_precision_std": 0.0,
      "intervention_rate_mean": 0.832,
      "intervention_rate_std": 0.0,
      "labeled_n_mean": 210.0,
      "labeled_n_std": 0.0,
      "mean_oracle_gated_gain_mean": 0.10096426473998585,
      "mean_oracle_gated_gain_std": 0.0,
      "nochange_false_intervention_rate_mean": 0.744,
      "nochange_false_intervention_rate_std": 0.0,
      "oracle_recovery_mean": 0.49578740155646656,
      "oracle_recovery_std": 0.0,
      "passes_line": false,
      "precision_gap_vs_shuffled": 0.011878295115289317,
      "residual_low_false_intervention_rate_mean": 0.875,
      "residual_low_false_intervention_rate_std": 0.0,
      "sim_delta_vs_official_mean": 0.10096426473998585,
      "sim_delta_vs_official_std": 0.0,
      "split_family": "official_strength_bin",
      "split_group": "official_strength_bin=strong_official_q4",
      "splits": 1,
      "strong_nochange_false_intervention_rate_mean": 0.744,
      "strong_nochange_false_intervention_rate_std": 0.0,
      "target_margin": 0.2
    },
    {
      "bootstrap_gain_p05_mean": 1.12837256492085,
      "bootstrap_gain_p05_std": 0.0,
      "confidence_corr_mean": 0.17817968621555408,
      "confidence_corr_std": 0.0,
      "eligible_for_pass": 1,
      "feature_set": "A_output_plus_meta",
      "head": "hgb",
      "ignored_n_mean": 11.0,
      "ignored_n_std": 0.0,
      "intervention_precision_mean": 0.7669491525423728,
      "intervention_precision_std": 0.0,
      "intervention_rate_mean": 0.984,
      "intervention_rate_std": 0.0,
      "labeled_n_mean": 239.0,
      "labeled_n_std": 0.0,
      "mean_oracle_gated_gain_mean": 1.2729446322020928,
      "mean_oracle_gated_gain_std": 0.0,
      "nochange_false_intervention_rate_mean": 0.9821428571428571,
      "nochange_false_intervention_rate_std": 0.0,
      "oracle_recovery_mean": 0.9586338923788014,
      "oracle_recovery_std": 0.0,
      "passes_line": false,
      "precision_gap_vs_shuffled": 0.002243270189431712,
      "residual_low_false_intervention_rate_mean": 1.0,
      "residual_low_false_intervention_rate_std": 0.0,
      "sim_delta_vs_official_mean": 1.2729446322020928,
      "sim_delta_vs_official_std": 0.0,
      "split_family": "official_strength_bin",
      "split_group": "official_strength_bin=weak_official_q1",
      "splits": 1,
      "strong_nochange_false_intervention_rate_mean": 0.0,
      "strong_nochange_false_intervention_rate_std": 0.0,
      "target_margin": 0.2
    },
    {
      "bootstrap_gain_p05_mean": 0.5173611587402007,
      "bootstrap_gain_p05_std": 0.07514287467119521,
      "confidence_corr_mean": 0.47340760151067834,
      "confidence_corr_std": 0.03409355933947293,
      "eligible_for_pass": 1,
      "feature_set": "A_output_plus_meta",
      "head": "hgb",
      "ignored_n_mean": 23.666666666666668,
      "ignored_n_std": 5.734883511361751,
      "intervention_precision_mean": 0.6576751706327665,
      "intervention_precision_std": 0.02662764289284208,
      "intervention_rate_mean": 0.8039999999999999,
      "intervention_rate_std": 0.021416504538945325,
      "labeled_n_mean": 226.33333333333334,
      "labeled_n_std": 5.734883511361751,
      "mean_oracle_gated_gain_mean": 0.6438155284744471,
      "mean_oracle_gated_gain_std": 0.0841969944732434,
      "nochange_false_intervention_rate_mean": 0.615103415103415,
      "nochange_false_intervention_rate_std": 0.047319496459147244,
      "oracle_recovery_mean": 0.9125269521450821,
      "oracle_recovery_std": 0.027473946242940896,
      "passes_line": false,
      "precision_gap_vs_shuffled": 0.04417947617602358,
      "residual_low_false_intervention_rate_mean": 0.7571391884951207,
      "residual_low_false_intervention_rate_std": 0.060084792831416184,
      "sim_delta_vs_official_mean": 0.6438155284744471,
      "sim_delta_vs_official_std": 0.0841969944732434,
      "split_family": "random",
      "split_group": "random",
      "splits": 3,
      "strong_nochange_false_intervention_rate_mean": 0.44011320636707635,
      "strong_nochange_false_intervention_rate_std": 0.10385002266487928,
      "target_margin": 0.2
    },
    {
      "bootstrap_gain_p05_mean": 0.5943054815470934,
      "bootstrap_gain_p05_std": 0.0,
      "confidence_corr_mean": 0.3585564368406319,
      "confidence_corr_std": 0.0,
      "eligible_for_pass": 1,
      "feature_set": "A_output_plus_meta",
      "head": "hgb",
      "ignored_n_mean": 26.0,
      "ignored_n_std": 0.0,
      "intervention_precision_mean": 0.5346534653465347,
      "intervention_precision_std": 0.0,
      "intervention_rate_mean": 0.908,
      "intervention_rate_std": 0.0,
      "labeled_n_mean": 224.0,
      "labeled_n_std": 0.0,
      "mean_oracle_gated_gain_mean": 0.7689226059311787,
      "mean_oracle_gated_gain_std": 0.0,
      "nochange_false_intervention_rate_mean": 0.8173913043478261,
      "nochange_false_intervention_rate_std": 0.0,
      "oracle_recovery_mean": 0.8922988062056016,
      "oracle_recovery_std": 0.0,
      "passes_line": false,
      "precision_gap_vs_shuffled": 0.02036775106082045,
      "residual_low_false_intervention_rate_mean": 0.0,
      "residual_low_false_intervention_rate_std": 0.0,
      "sim_delta_vs_official_mean": 0.7689226059311787,
      "sim_delta_vs_official_std": 0.0,
      "split_family": "residual_energy_bin",
      "split_group": "residual_energy_bin=residual_high_q4",
      "splits": 1,
      "strong_nochange_false_intervention_rate_mean": 0.9090909090909091,
      "strong_nochange_false_intervention_rate_std": 0.0,
      "target_margin": 0.2
    },
    {
      "bootstrap_gain_p05_mean": 0.29186631919063755,
      "bootstrap_gain_p05_std": 0.0,
      "confidence_corr_mean": 0.4522334710590132,
      "confidence_corr_std": 0.0,
      "eligible_for_pass": 1,
      "feature_set": "A_output_plus_meta",
      "head": "hgb",
      "ignored_n_mean": 33.0,
      "ignored_n_std": 0.0,
      "intervention_precision_mean": 0.6608187134502924,
      "intervention_precision_std": 0.0,
      "intervention_rate_mean": 0.78,
      "intervention_rate_std": 0.0,
      "labeled_n_mean": 217.0,
      "labeled_n_std": 0.0,
      "mean_oracle_gated_gain_mean": 0.3641641089527756,
      "mean_oracle_gated_gain_std": 0.0,
      "nochange_false_intervention_rate_mean": 0.6170212765957447,
      "nochange_false_intervention_rate_std": 0.0,
      "oracle_recovery_mean": 0.8477159725884578,
      "oracle_recovery_std": 0.0,
      "passes_line": false,
      "precision_gap_vs_shuffled": 0.029802670669543785,
      "residual_low_false_intervention_rate_mean": 0.78,
      "residual_low_false_intervention_rate_std": 0.0,
      "sim_delta_vs_official_mean": 0.3641641089527756,
      "sim_delta_vs_official_std": 0.0,
      "split_family": "residual_energy_bin",
      "split_group": "residual_energy_bin=residual_low_q1",
      "splits": 1,
      "strong_nochange_false_intervention_rate_mean": 0.5882352941176471,
      "strong_nochange_false_intervention_rate_std": 0.0,
      "target_margin": 0.2
    },
    {
      "bootstrap_gain_p05_mean": 0.5901063773980564,
      "bootstrap_gain_p05_std": 0.0,
      "confidence_corr_mean": 0.42582152152353386,
      "confidence_corr_std": 0.0,
      "eligible_for_pass": 1,
      "feature_set": "A_output_plus_meta",
      "head": "hgb",
      "ignored_n_mean": 15.0,
      "ignored_n_std": 0.0,
      "intervention_precision_mean": 0.6701570680628273,
      "intervention_precision_std": 0.0,
      "intervention_rate_mean": 0.812,
      "intervention_rate_std": 0.0,
      "labeled_n_mean": 235.0,
      "labeled_n_std": 0.0,
      "mean_oracle_gated_gain_mean": 0.710696946311361,
      "mean_oracle_gated_gain_std": 0.0,
      "nochange_false_intervention_rate_mean": 0.6116504854368932,
      "nochange_false_intervention_rate_std": 0.0,
      "oracle_recovery_mean": 0.9196677277416588,
      "oracle_recovery_std": 0.0,
      "passes_line": false,
      "precision_gap_vs_shuffled": 0.03515706806282726,
      "residual_low_false_intervention_rate_mean": 0.0,
      "residual_low_false_intervention_rate_std": 0.0,
      "sim_delta_vs_official_mean": 0.710696946311361,
      "sim_delta_vs_official_std": 0.0,
      "split_family": "residual_energy_bin",
      "split_group": "residual_energy_bin=residual_midhigh_q3",
      "splits": 1,
      "strong_nochange_false_intervention_rate_mean": 0.5,
      "strong_nochange_false_intervention_rate_std": 0.0,
      "target_margin": 0.2
    },
    {
      "bootstrap_gain_p05_mean": 0.3434084633491183,
      "bootstrap_gain_p05_std": 0.0,
      "confidence_corr_mean": 0.4658764880340208,
      "confidence_corr_std": 0.0,
      "eligible_for_pass": 1,
      "feature_set": "A_output_plus_meta",
      "head": "hgb",
      "ignored_n_mean": 22.0,
      "ignored_n_std": 0.0,
      "intervention_precision_mean": 0.6740331491712708,
      "intervention_precision_std": 0.0,
      "intervention_rate_mean": 0.792,
      "intervention_rate_std": 0.0,
      "labeled_n_mean": 228.0,
      "labeled_n_std": 0.0,
      "mean_oracle_gated_gain_mean": 0.44021710059873714,
      "mean_oracle_gated_gain_std": 0.0,
      "nochange_false_intervention_rate_mean": 0.5959595959595959,
      "nochange_false_intervention_rate_std": 0.0,
      "oracle_recovery_mean": 0.847174775615306,
      "oracle_recovery_std": 0.0,
      "passes_line": false,
      "precision_gap_vs_shuffled": 0.053520328658450245,
      "residual_low_false_intervention_rate_mean": 0.0,
      "residual_low_false_intervention_rate_std": 0.0,
      "sim_delta_vs_official_mean": 0.44021710059873714,
      "sim_delta_vs_official_std": 0.0,
      "split_family": "residual_energy_bin",
      "split_group": "residual_energy_bin=residual_midlow_q2",
      "splits": 1,
      "strong_nochange_false_intervention_rate_mean": 0.42105263157894735,
      "strong_nochange_false_intervention_rate_std": 0.0,
      "target_margin": 0.2
    },
    {
      "bootstrap_gain_p05_mean": 0.3653120233889101,
      "bootstrap_gain_p05_std": 0.0,
      "confidence_corr_mean": 0.43000743424032634,
      "confidence_corr_std": 0.0,
      "eligible_for_pass": 1,
      "feature_set": "B_candidate_output_deltas",
      "head": "hgb",
      "ignored_n_mean": 19.0,
      "ignored_n_std": 0.0,
      "intervention_precision_mean": 0.5958904109589042,
      "intervention_precision_std": 0.0,
      "intervention_rate_mean": 0.845360824742268,
      "intervention_rate_std": 0.0,
      "labeled_n_mean": 175.0,
      "labeled_n_std": 0.0,
      "mean_oracle_gated_gain_mean": 0.5039779408592274,
      "mean_oracle_gated_gain_std": 0.0,
      "nochange_false_intervention_rate_mean": 0.6941176470588235,
      "nochange_false_intervention_rate_std": 0.0,
      "oracle_recovery_mean": 0.8730990732783973,
      "oracle_recovery_std": 0.0,
      "passes_line": false,
      "precision_gap_vs_shuffled": 0.05268053441569431,
      "residual_low_false_intervention_rate_mean": 0.8571428571428571,
      "residual_low_false_intervention_rate_std": 0.0,
      "sim_delta_vs_official_mean": 0.5039779408592274,
      "sim_delta_vs_official_std": 0.0,
      "split_family": "airlight_bin",
      "split_group": "airlight_bin=0.65<=A<0.75",
      "splits": 1,
      "strong_nochange_false_intervention_rate_mean": 0.5925925925925926,
      "strong_nochange_false_intervention_rate_std": 0.0,
      "target_margin": 0.2
    },
    {
      "bootstrap_gain_p05_mean": 0.43729317580816296,
      "bootstrap_gain_p05_std": 0.0,
      "confidence_corr_mean": 0.585033711475789,
      "confidence_corr_std": 0.0,
      "eligible_for_pass": 1,
      "feature_set": "B_candidate_output_deltas",
      "head": "hgb",
      "ignored_n_mean": 21.0,
      "ignored_n_std": 0.0,
      "intervention_precision_mean": 0.7278911564625851,
      "intervention_precision_std": 0.0,
      "intervention_rate_mean": 0.7714285714285715,
      "intervention_rate_std": 0.0,
      "labeled_n_mean": 189.0,
      "labeled_n_std": 0.0,
      "mean_oracle_gated_gain_mean": 0.5486909770870698,
      "mean_oracle_gated_gain_std": 0.0,
      "nochange_false_intervention_rate_mean": 0.5128205128205128,
      "nochange_false_intervention_rate_std": 0.0,
      "oracle_recovery_mean": 0.9137934255668391,
      "oracle_recovery_std": 0.0,
      "passes_line": false,
      "precision_gap_vs_shuffled": 0.05708370304643595,
      "residual_low_false_intervention_rate_mean": 0.7777777777777778,
      "residual_low_false_intervention_rate_std": 0.0,
      "sim_delta_vs_official_mean": 0.5486909770870698,
      "sim_delta_vs_official_std": 0.0,
      "split_family": "airlight_bin",
      "split_group": "airlight_bin=0.75<=A<0.85",
      "splits": 1,
      "strong_nochange_false_intervention_rate_mean": 0.4166666666666667,
      "strong_nochange_false_intervention_rate_std": 0.0,
      "target_margin": 0.2
    },
    {
      "bootstrap_gain_p05_mean": 0.38582882592920414,
      "bootstrap_gain_p05_std": 0.0,
      "confidence_corr_mean": 0.5073733573834369,
      "confidence_corr_std": 0.0,
      "eligible_for_pass": 1,
      "feature_set": "B_candidate_output_deltas",
      "head": "hgb",
      "ignored_n_mean": 20.0,
      "ignored_n_std": 0.0,
      "intervention_precision_mean": 0.5984251968503937,
      "intervention_precision_std": 0.0,
      "intervention_rate_mean": 0.8171428571428572,
      "intervention_rate_std": 0.0,
      "labeled_n_mean": 155.0,
      "labeled_n_std": 0.0,
      "mean_oracle_gated_gain_mean": 0.5046886552803567,
      "mean_oracle_gated_gain_std": 0.0,
      "nochange_false_intervention_rate_mean": 0.6538461538461539,
      "nochange_false_intervention_rate_std": 0.0,
      "oracle_recovery_mean": 0.9037650567768428,
      "oracle_recovery_std": 0.0,
      "passes_line": false,
      "precision_gap_vs_shuffled": 0.03960166743862903,
      "residual_low_false_intervention_rate_mean": 0.875,
      "residual_low_false_intervention_rate_std": 0.0,
      "sim_delta_vs_official_mean": 0.5046886552803567,
      "sim_delta_vs_official_std": 0.0,
      "split_family": "airlight_bin",
      "split_group": "airlight_bin=0.85<=A<0.95",
      "splits": 1,
      "strong_nochange_false_intervention_rate_mean": 0.8571428571428571,
      "strong_nochange_false_intervention_rate_std": 0.0,
      "target_margin": 0.2
    },
    {
      "bootstrap_gain_p05_mean": 0.6075622685891319,
      "bootstrap_gain_p05_std": 0.0,
      "confidence_corr_mean": 0.43040946213171155,
      "confidence_corr_std": 0.0,
      "eligible_for_pass": 1,
      "feature_set": "B_candidate_output_deltas",
      "head": "hgb",
      "ignored_n_mean": 26.0,
      "ignored_n_std": 0.0,
      "intervention_precision_mean": 0.6590909090909091,
      "intervention_precision_std": 0.0,
      "intervention_rate_mean": 0.8169491525423729,
      "intervention_rate_std": 0.0,
      "labeled_n_mean": 269.0,
      "labeled_n_std": 0.0,
      "mean_oracle_gated_gain_mean": 0.7493094312544215,
      "mean_oracle_gated_gain_std": 0.0,
      "nochange_false_intervention_rate_mean": 0.6637168141592921,
      "nochange_false_intervention_rate_std": 0.0,
      "oracle_recovery_mean": 0.8904455470602546,
      "oracle_recovery_std": 0.0,
      "passes_line": false,
      "precision_gap_vs_shuffled": 0.03248146703082322,
      "residual_low_false_intervention_rate_mean": 0.7553191489361702,
      "residual_low_false_intervention_rate_std": 0.0,
      "sim_delta_vs_official_mean": 0.7493094312544215,
      "sim_delta_vs_official_std": 0.0,
      "split_family": "airlight_bin",
      "split_group": "airlight_bin=A<0.65",
      "splits": 1,
      "strong_nochange_false_intervention_rate_mean": 0.5094339622641509,
      "strong_nochange_false_intervention_rate_std": 0.0,
      "target_margin": 0.2
    },
    {
      "bootstrap_gain_p05_mean": 0.291271980182554,
      "bootstrap_gain_p05_std": 0.0,
      "confidence_corr_mean": 0.36413645813203566,
      "confidence_corr_std": 0.0,
      "eligible_for_pass": 1,
      "feature_set": "B_candidate_output_deltas",
      "head": "hgb",
      "ignored_n_mean": 10.0,
      "ignored_n_std": 0.0,
      "intervention_precision_mean": 0.5728155339805825,
      "intervention_precision_std": 0.0,
      "intervention_rate_mean": 0.8968253968253969,
      "intervention_rate_std": 0.0,
      "labeled_n_mean": 116.0,
      "labeled_n_std": 0.0,
      "mean_oracle_gated_gain_mean": 0.42507576704158334,
      "mean_oracle_gated_gain_std": 0.0,
      "nochange_false_intervention_rate_mean": 0.7719298245614035,
      "nochange_false_intervention_rate_std": 0.0,
      "oracle_recovery_mean": 0.865470247675377,
      "oracle_recovery_std": 0.0,
      "passes_line": false,
      "precision_gap_vs_shuffled": 0.03507968492397873,
      "residual_low_false_intervention_rate_mean": 1.0,
      "residual_low_false_intervention_rate_std": 0.0,
      "sim_delta_vs_official_mean": 0.42507576704158334,
      "sim_delta_vs_official_std": 0.0,
      "split_family": "airlight_bin",
      "split_group": "airlight_bin=A>=0.95",
      "splits": 1,
      "strong_nochange_false_intervention_rate_mean": 1.0,
      "strong_nochange_false_intervention_rate_std": 0.0,
      "target_margin": 0.2
    },
    {
      "bootstrap_gain_p05_mean": 0.34153612355606705,
      "bootstrap_gain_p05_std": 0.0,
      "confidence_corr_mean": 0.5035021721936385,
      "confidence_corr_std": 0.0,
      "eligible_for_pass": 1,
      "feature_set": "B_candidate_output_deltas",
      "head": "hgb",
      "ignored_n_mean": 16.0,
      "ignored_n_std": 0.0,
      "intervention_precision_mean": 0.572463768115942,
      "intervention_precision_std": 0.0,
      "intervention_rate_mean": 0.8085106382978723,
      "intervention_rate_std": 0.0,
      "labeled_n_mean": 172.0,
      "labeled_n_std": 0.0,
      "mean_oracle_gated_gain_mean": 0.4722443428391169,
      "mean_oracle_gated_gain_std": 0.0,
      "nochange_false_intervention_rate_mean": 0.6483516483516484,
      "nochange_false_intervention_rate_std": 0.0,
      "oracle_recovery_mean": 0.8797564340918993,
      "oracle_recovery_std": 0.0,
      "passes_line": false,
      "precision_gap_vs_shuffled": 0.05930587337909987,
      "residual_low_false_intervention_rate_mean": 0.8666666666666667,
      "residual_low_false_intervention_rate_std": 0.0,
      "sim_delta_vs_official_mean": 0.4722443428391169,
      "sim_delta_vs_official_std": 0.0,
      "split_family": "beta_bin",
      "split_group": "beta_bin=0.8<=beta<1.1",
      "splits": 1,
      "strong_nochange_false_intervention_rate_mean": 0.6176470588235294,
      "strong_nochange_false_intervention_rate_std": 0.0,
      "target_margin": 0.2
    },
    {
      "bootstrap_gain_p05_mean": 0.5970026699082854,
      "bootstrap_gain_p05_std": 0.0,
      "confidence_corr_mean": 0.535131446708118,
      "confidence_corr_std": 0.0,
      "eligible_for_pass": 1,
      "feature_set": "B_candidate_output_deltas",
      "head": "hgb",
      "ignored_n_mean": 26.0,
      "ignored_n_std": 0.0,
      "intervention_precision_mean": 0.7214285714285714,
      "intervention_precision_std": 0.0,
      "intervention_rate_mean": 0.8040201005025126,
      "intervention_rate_std": 0.0,
      "labeled_n_mean": 173.0,
      "labeled_n_std": 0.0,
      "mean_oracle_gated_gain_mean": 0.7358764380124538,
      "mean_oracle_gated_gain_std": 0.0,
      "nochange_false_intervention_rate_mean": 0.5416666666666666,
      "nochange_false_intervention_rate_std": 0.0,
      "oracle_recovery_mean": 0.9468276032511569,
      "oracle_recovery_std": 0.0,
      "passes_line": false,
      "precision_gap_vs_shuffled": 0.07011278195488724,
      "residual_low_false_intervention_rate_mean": 0.8,
      "residual_low_false_intervention_rate_std": 0.0,
      "sim_delta_vs_official_mean": 0.7358764380124538,
      "sim_delta_vs_official_std": 0.0,
      "split_family": "beta_bin",
      "split_group": "beta_bin=1.1<=beta<1.4",
      "splits": 1,
      "strong_nochange_false_intervention_rate_mean": 0.46153846153846156,
      "strong_nochange_false_intervention_rate_std": 0.0,
      "target_margin": 0.2
    },
    {
      "bootstrap_gain_p05_mean": 0.39422628444252067,
      "bootstrap_gain_p05_std": 0.0,
      "confidence_corr_mean": 0.5188638349222324,
      "confidence_corr_std": 0.0,
      "eligible_for_pass": 1,
      "feature_set": "B_candidate_output_deltas",
      "head": "hgb",
      "ignored_n_mean": 17.0,
      "ignored_n_std": 0.0,
      "intervention_precision_mean": 0.6089743589743589,
      "intervention_precision_std": 0.0,
      "intervention_rate_mean": 0.8442211055276382,
      "intervention_rate_std": 0.0,
      "labeled_n_mean": 182.0,
      "labeled_n_std": 0.0,
      "mean_oracle_gated_gain_mean": 0.5088830209298555,
      "mean_oracle_gated_gain_std": 0.0,
      "nochange_false_intervention_rate_mean": 0.7093023255813954,
      "nochange_false_intervention_rate_std": 0.0,
      "oracle_recovery_mean": 0.8882759925319894,
      "oracle_recovery_std": 0.0,
      "passes_line": false,
      "precision_gap_vs_shuffled": 0.043498168498168455,
      "residual_low_false_intervention_rate_mean": 0.8571428571428571,
      "residual_low_false_intervention_rate_std": 0.0,
      "sim_delta_vs_official_mean": 0.5088830209298555,
      "sim_delta_vs_official_std": 0.0,
      "split_family": "beta_bin",
      "split_group": "beta_bin=1.4<=beta<1.7",
      "splits": 1,
      "strong_nochange_false_intervention_rate_mean": 0.7142857142857143,
      "strong_nochange_false_intervention_rate_std": 0.0,
      "target_margin": 0.2
    },
    {
      "bootstrap_gain_p05_mean": 0.5554109330064859,
      "bootstrap_gain_p05_std": 0.0,
      "confidence_corr_mean": 0.42589048986822614,
      "confidence_corr_std": 0.0,
      "eligible_for_pass": 1,
      "feature_set": "B_candidate_output_deltas",
      "head": "hgb",
      "ignored_n_mean": 13.0,
      "ignored_n_std": 0.0,
      "intervention_precision_mean": 0.6845637583892618,
      "intervention_precision_std": 0.0,
      "intervention_rate_mean": 0.8010204081632653,
      "intervention_rate_std": 0.0,
      "labeled_n_mean": 183.0,
      "labeled_n_std": 0.0,
      "mean_oracle_gated_gain_mean": 0.6983511935141906,
      "mean_oracle_gated_gain_std": 0.0,
      "nochange_false_intervention_rate_mean": 0.6351351351351351,
      "nochange_false_intervention_rate_std": 0.0,
      "oracle_recovery_mean": 0.9068750821175376,
      "oracle_recovery_std": 0.0,
      "passes_line": false,
      "precision_gap_vs_shuffled": 0.022312102760122632,
      "residual_low_false_intervention_rate_mean": 0.7314814814814815,
      "residual_low_false_intervention_rate_std": 0.0,
      "sim_delta_vs_official_mean": 0.6983511935141906,
      "sim_delta_vs_official_std": 0.0,
      "split_family": "beta_bin",
      "split_group": "beta_bin=beta<0.8",
      "splits": 1,
      "strong_nochange_false_intervention_rate_mean": 0.41025641025641024,
      "strong_nochange_false_intervention_rate_std": 0.0,
      "target_margin": 0.2
    },
    {
      "bootstrap_gain_p05_mean": 0.3838046814082774,
      "bootstrap_gain_p05_std": 0.0,
      "confidence_corr_mean": 0.3822303475361007,
      "confidence_corr_std": 0.0,
      "eligible_for_pass": 1,
      "feature_set": "B_candidate_output_deltas",
      "head": "hgb",
      "ignored_n_mean": 24.0,
      "ignored_n_std": 0.0,
      "intervention_precision_mean": 0.6211180124223602,
      "intervention_precision_std": 0.0,
      "intervention_rate_mean": 0.8165137614678899,
      "intervention_rate_std": 0.0,
      "labeled_n_mean": 194.0,
      "labeled_n_std": 0.0,
      "mean_oracle_gated_gain_mean": 0.4922234050066906,
      "mean_oracle_gated_gain_std": 0.0,
      "nochange_false_intervention_rate_mean": 0.6931818181818182,
      "nochange_false_intervention_rate_std": 0.0,
      "oracle_recovery_mean": 0.855609638106183,
      "oracle_recovery_std": 0.0,
      "passes_line": false,
      "precision_gap_vs_shuffled": 0.01632759326068356,
      "residual_low_false_intervention_rate_mean": 0.8888888888888888,
      "residual_low_false_intervention_rate_std": 0.0,
      "sim_delta_vs_official_mean": 0.4922234050066906,
      "sim_delta_vs_official_std": 0.0,
      "split_family": "beta_bin",
      "split_group": "beta_bin=beta>=1.7",
      "splits": 1,
      "strong_nochange_false_intervention_rate_mean": 0.6666666666666666,
      "strong_nochange_false_intervention_rate_std": 0.0,
      "target_margin": 0.2
    },
    {
      "bootstrap_gain_p05_mean": 0.8773221920040616,
      "bootstrap_gain_p05_std": 0.0,
      "confidence_corr_mean": 0.2167481909859616,
      "confidence_corr_std": 0.0,
      "eligible_for_pass": 1,
      "feature_set": "B_candidate_output_deltas",
      "head": "hgb",
      "ignored_n_mean": 8.0,
      "ignored_n_std": 0.0,
      "intervention_precision_mean": 0.7120418848167539,
      "intervention_precision_std": 0.0,
      "intervention_rate_mean": 0.9754901960784313,
      "intervention_rate_std": 0.0,
      "labeled_n_mean": 196.0,
      "labeled_n_std": 0.0,
      "mean_oracle_gated_gain_mean": 1.0430108051349691,
      "mean_oracle_gated_gain_std": 0.0,
      "nochange_false_intervention_rate_mean": 0.9166666666666666,
      "nochange_false_intervention_rate_std": 0.0,
      "oracle_recovery_mean": 0.9502308892750086,
      "oracle_recovery_std": 0.0,
      "passes_line": false,
      "precision_gap_vs_shuffled": 0.018164333796345744,
      "residual_low_false_intervention_rate_mean": 0.984375,
      "residual_low_false_intervention_rate_std": 0.0,
      "sim_delta_vs_official_mean": 1.0430108051349691,
      "sim_delta_vs_official_std": 0.0,
      "split_family": "content_cluster",
      "split_group": "content_cluster=content_k5_c0",
      "splits": 1,
      "strong_nochange_false_intervention_rate_mean": 0.0,
      "strong_nochange_false_intervention_rate_std": 0.0,
      "target_margin": 0.2
    },
    {
      "bootstrap_gain_p05_mean": 0.9998368822784189,
      "bootstrap_gain_p05_std": 0.0,
      "confidence_corr_mean": 0.39890524141870565,
      "confidence_corr_std": 0.0,
      "eligible_for_pass": 1,
      "feature_set": "B_candidate_output_deltas",
      "head": "hgb",
      "ignored_n_mean": 4.0,
      "ignored_n_std": 0.0,
      "intervention_precision_mean": 0.7358490566037735,
      "intervention_precision_std": 0.0,
      "intervention_rate_mean": 0.9821428571428571,
      "intervention_rate_std": 0.0,
      "labeled_n_mean": 108.0,
      "labeled_n_std": 0.0,
      "mean_oracle_gated_gain_mean": 1.2992718759809812,
      "mean_oracle_gated_gain_std": 0.0,
      "nochange_false_intervention_rate_mean": 0.9333333333333333,
      "nochange_false_intervention_rate_std": 0.0,
      "oracle_recovery_mean": 0.9602573886758113,
      "oracle_recovery_std": 0.0,
      "passes_line": false,
      "precision_gap_vs_shuffled": -0.00700808625336935,
      "residual_low_false_intervention_rate_mean": 1.0,
      "residual_low_false_intervention_rate_std": 0.0,
      "sim_delta_vs_official_mean": 1.2992718759809812,
      "sim_delta_vs_official_std": 0.0,
      "split_family": "content_cluster",
      "split_group": "content_cluster=content_k5_c1",
      "splits": 1,
      "strong_nochange_false_intervention_rate_mean": 1.0,
      "strong_nochange_false_intervention_rate_std": 0.0,
      "target_margin": 0.2
    },
    {
      "bootstrap_gain_p05_mean": 0.031550079714479116,
      "bootstrap_gain_p05_std": 0.0,
      "confidence_corr_mean": 0.31722983092904494,
      "confidence_corr_std": 0.0,
      "eligible_for_pass": 1,
      "feature_set": "B_candidate_output_deltas",
      "head": "hgb",
      "ignored_n_mean": 31.0,
      "ignored_n_std": 0.0,
      "intervention_precision_mean": 0.3883495145631068,
      "intervention_precision_std": 0.0,
      "intervention_rate_mean": 0.9042145593869731,
      "intervention_rate_std": 0.0,
      "labeled_n_mean": 230.0,
      "labeled_n_std": 0.0,
      "mean_oracle_gated_gain_mean": 0.08295369090534623,
      "mean_oracle_gated_gain_std": 0.0,
      "nochange_false_intervention_rate_mean": 0.8456375838926175,
      "nochange_false_intervention_rate_std": 0.0,
      "oracle_recovery_mean": 0.37717073629764564,
      "oracle_recovery_std": 0.0,
      "passes_line": false,
      "precision_gap_vs_shuffled": 0.0010946126023224645,
      "residual_low_false_intervention_rate_mean": 0.9666666666666667,
      "residual_low_false_intervention_rate_std": 0.0,
      "sim_delta_vs_official_mean": 0.08295369090534623,
      "sim_delta_vs_official_std": 0.0,
      "split_family": "content_cluster",
      "split_group": "content_cluster=content_k5_c2",
      "splits": 1,
      "strong_nochange_false_intervention_rate_mean": 0.896551724137931,
      "strong_nochange_false_intervention_rate_std": 0.0,
      "target_margin": 0.2
    },
    {
      "bootstrap_gain_p05_mean": 0.6239821736910534,
      "bootstrap_gain_p05_std": 0.0,
      "confidence_corr_mean": 0.24398042263892908,
      "confidence_corr_std": 0.0,
      "eligible_for_pass": 1,
      "feature_set": "B_candidate_output_deltas",
      "head": "hgb",
      "ignored_n_mean": 14.0,
      "ignored_n_std": 0.0,
      "intervention_precision_mean": 0.6759776536312849,
      "intervention_precision_std": 0.0,
      "intervention_rate_mean": 0.9796954314720813,
      "intervention_rate_std": 0.0,
      "labeled_n_mean": 183.0,
      "labeled_n_std": 0.0,
      "mean_oracle_gated_gain_mean": 0.7516908245824567,
      "mean_oracle_gated_gain_std": 0.0,
      "nochange_false_intervention_rate_mean": 0.9354838709677419,
      "nochange_false_intervention_rate_std": 0.0,
      "oracle_recovery_mean": 0.9164615332315794,
      "oracle_recovery_std": 0.0,
      "passes_line": false,
      "precision_gap_vs_shuffled": 0.014775467838935241,
      "residual_low_false_intervention_rate_mean": 1.0,
      "residual_low_false_intervention_rate_std": 0.0,
      "sim_delta_vs_official_mean": 0.7516908245824567,
      "sim_delta_vs_official_std": 0.0,
      "split_family": "content_cluster",
      "split_group": "content_cluster=content_k5_c3",
      "splits": 1,
      "strong_nochange_false_intervention_rate_mean": 0.0,
      "strong_nochange_false_intervention_rate_std": 0.0,
      "target_margin": 0.2
    },
    {
      "bootstrap_gain_p05_mean": 0.12945737042935343,
      "bootstrap_gain_p05_std": 0.0,
      "confidence_corr_mean": 0.3721595784552904,
      "confidence_corr_std": 0.0,
      "eligible_for_pass": 1,
      "feature_set": "B_candidate_output_deltas",
      "head": "hgb",
      "ignored_n_mean": 39.0,
      "ignored_n_std": 0.0,
      "intervention_precision_mean": 0.49032258064516127,
      "intervention_precision_std": 0.0,
      "intervention_rate_mean": 0.8495575221238938,
      "intervention_rate_std": 0.0,
      "labeled_n_mean": 187.0,
      "labeled_n_std": 0.0,
      "mean_oracle_gated_gain_mean": 0.17463337139792687,
      "mean_oracle_gated_gain_std": 0.0,
      "nochange_false_intervention_rate_mean": 0.7181818181818181,
      "nochange_false_intervention_rate_std": 0.0,
      "oracle_recovery_mean": 0.766564777363699,
      "oracle_recovery_std": 0.0,
      "passes_line": false,
      "precision_gap_vs_shuffled": 0.03249125534395647,
      "residual_low_false_intervention_rate_mean": 0.9591836734693877,
      "residual_low_false_intervention_rate_std": 0.0,
      "sim_delta_vs_official_mean": 0.17463337139792687,
      "sim_delta_vs_official_std": 0.0,
      "split_family": "content_cluster",
      "split_group": "content_cluster=content_k5_c4",
      "splits": 1,
      "strong_nochange_false_intervention_rate_mean": 0.8,
      "strong_nochange_false_intervention_rate_std": 0.0,
      "target_margin": 0.2
    },
    {
      "bootstrap_gain_p05_mean": 0.48096650818500813,
      "bootstrap_gain_p05_std": 0.0,
      "confidence_corr_mean": 0.4589420139461407,
      "confidence_corr_std": 0.0,
      "eligible_for_pass": 1,
      "feature_set": "B_candidate_output_deltas",
      "head": "hgb",
      "ignored_n_mean": 16.0,
      "ignored_n_std": 0.0,
      "intervention_precision_mean": 0.6042780748663101,
      "intervention_precision_std": 0.0,
      "intervention_rate_mean": 0.788,
      "intervention_rate_std": 0.0,
      "labeled_n_mean": 234.0,
      "labeled_n_std": 0.0,
      "mean_oracle_gated_gain_mean": 0.6330185753077244,
      "mean_oracle_gated_gain_std": 0.0,
      "nochange_false_intervention_rate_mean": 0.6491228070175439,
      "nochange_false_intervention_rate_std": 0.0,
      "oracle_recovery_mean": 0.8833671867254764,
      "oracle_recovery_std": 0.0,
      "passes_line": false,
      "precision_gap_vs_shuffled": 0.02180384806218638,
      "residual_low_false_intervention_rate_mean": 0.9166666666666666,
      "residual_low_false_intervention_rate_std": 0.0,
      "sim_delta_vs_official_mean": 0.6330185753077244,
      "sim_delta_vs_official_std": 0.0,
      "split_family": "cr_strength_bin",
      "split_group": "cr_strength_bin=midhigh_cr_q3",
      "splits": 1,
      "strong_nochange_false_intervention_rate_mean": 0.5217391304347826,
      "strong_nochange_false_intervention_rate_std": 0.0,
      "target_margin": 0.2
    },
    {
      "bootstrap_gain_p05_mean": 0.5679455194963516,
      "bootstrap_gain_p05_std": 0.0,
      "confidence_corr_mean": 0.4160580744944764,
      "confidence_corr_std": 0.0,
      "eligible_for_pass": 1,
      "feature_set": "B_candidate_output_deltas",
      "head": "hgb",
      "ignored_n_mean": 20.0,
      "ignored_n_std": 0.0,
      "intervention_precision_mean": 0.6398104265402843,
      "intervention_precision_std": 0.0,
      "intervention_rate_mean": 0.92,
      "intervention_rate_std": 0.0,
      "labeled_n_mean": 230.0,
      "labeled_n_std": 0.0,
      "mean_oracle_gated_gain_mean": 0.7177091279645796,
      "mean_oracle_gated_gain_std": 0.0,
      "nochange_false_intervention_rate_mean": 0.8,
      "nochange_false_intervention_rate_std": 0.0,
      "oracle_recovery_mean": 0.9160456428450322,
      "oracle_recovery_std": 0.0,
      "passes_line": false,
      "precision_gap_vs_shuffled": 0.02298799663374229,
      "residual_low_false_intervention_rate_mean": 1.0,
      "residual_low_false_intervention_rate_std": 0.0,
      "sim_delta_vs_official_mean": 0.7177091279645796,
      "sim_delta_vs_official_std": 0.0,
      "split_family": "cr_strength_bin",
      "split_group": "cr_strength_bin=midlow_cr_q2",
      "splits": 1,
      "strong_nochange_false_intervention_rate_mean": 1.0,
      "strong_nochange_false_intervention_rate_std": 0.0,
      "target_margin": 0.2
    },
    {
      "bootstrap_gain_p05_mean": 0.16673360286269298,
      "bootstrap_gain_p05_std": 0.0,
      "confidence_corr_mean": 0.4306539311052981,
      "confidence_corr_std": 0.0,
      "eligible_for_pass": 1,
      "feature_set": "B_candidate_output_deltas",
      "head": "hgb",
      "ignored_n_mean": 42.0,
      "ignored_n_std": 0.0,
      "intervention_precision_mean": 0.5240963855421686,
      "intervention_precision_std": 0.0,
      "intervention_rate_mean": 0.812,
      "intervention_rate_std": 0.0,
      "labeled_n_mean": 208.0,
      "labeled_n_std": 0.0,
      "mean_oracle_gated_gain_mean": 0.23432501967303423,
      "mean_oracle_gated_gain_std": 0.0,
      "nochange_false_intervention_rate_mean": 0.6929824561403509,
      "nochange_false_intervention_rate_std": 0.0,
      "oracle_recovery_mean": 0.7452645303312617,
      "oracle_recovery_std": 0.0,
      "passes_line": false,
      "precision_gap_vs_shuffled": 0.0096455184901455,
      "residual_low_false_intervention_rate_mean": 0.8209876543209876,
      "residual_low_false_intervention_rate_std": 0.0,
      "sim_delta_vs_official_mean": 0.23432501967303423,
      "sim_delta_vs_official_std": 0.0,
      "split_family": "cr_strength_bin",
      "split_group": "cr_strength_bin=strong_cr_q4",
      "splits": 1,
      "strong_nochange_false_intervention_rate_mean": 0.6831683168316832,
      "strong_nochange_false_intervention_rate_std": 0.0,
      "target_margin": 0.2
    },
    {
      "bootstrap_gain_p05_mean": 0.5784578436599915,
      "bootstrap_gain_p05_std": 0.0,
      "confidence_corr_mean": 0.2525597168589637,
      "confidence_corr_std": 0.0,
      "eligible_for_pass": 1,
      "feature_set": "B_candidate_output_deltas",
      "head": "hgb",
      "ignored_n_mean": 18.0,
      "ignored_n_std": 0.0,
      "intervention_precision_mean": 0.6343612334801763,
      "intervention_precision_std": 0.0,
      "intervention_rate_mean": 0.98,
      "intervention_rate_std": 0.0,
      "labeled_n_mean": 232.0,
      "labeled_n_std": 0.0,
      "mean_oracle_gated_gain_mean": 0.7071779870983863,
      "mean_oracle_gated_gain_std": 0.0,
      "nochange_false_intervention_rate_mean": 0.9431818181818182,
      "nochange_false_intervention_rate_std": 0.0,
      "oracle_recovery_mean": 0.9193464737396322,
      "oracle_recovery_std": 0.0,
      "passes_line": false,
      "precision_gap_vs_shuffled": 0.009907085008560523,
      "residual_low_false_intervention_rate_mean": 1.0,
      "residual_low_false_intervention_rate_std": 0.0,
      "sim_delta_vs_official_mean": 0.7071779870983863,
      "sim_delta_vs_official_std": 0.0,
      "split_family": "cr_strength_bin",
      "split_group": "cr_strength_bin=weak_cr_q1",
      "splits": 1,
      "strong_nochange_false_intervention_rate_mean": 0.0,
      "strong_nochange_false_intervention_rate_std": 0.0,
      "target_margin": 0.2
    },
    {
      "bootstrap_gain_p05_mean": 0.10799604865004139,
      "bootstrap_gain_p05_std": 0.0,
      "confidence_corr_mean": 0.4026028346714248,
      "confidence_corr_std": 0.0,
      "eligible_for_pass": 1,
      "feature_set": "B_candidate_output_deltas",
      "head": "hgb",
      "ignored_n_mean": 20.0,
      "ignored_n_std": 0.0,
      "intervention_precision_mean": 0.4502923976608187,
      "intervention_precision_std": 0.0,
      "intervention_rate_mean": 0.748,
      "intervention_rate_std": 0.0,
      "labeled_n_mean": 230.0,
      "labeled_n_std": 0.0,
      "mean_oracle_gated_gain_mean": 0.16469093184125227,
      "mean_oracle_gated_gain_std": 0.0,
      "nochange_false_intervention_rate_mean": 0.6619718309859155,
      "nochange_false_intervention_rate_std": 0.0,
      "oracle_recovery_mean": 0.5938073130192811,
      "oracle_recovery_std": 0.0,
      "passes_line": false,
      "precision_gap_vs_shuffled": 0.017859965228386232,
      "residual_low_false_intervention_rate_mean": 0.8055555555555556,
      "residual_low_false_intervention_rate_std": 0.0,
      "sim_delta_vs_official_mean": 0.16469093184125227,
      "sim_delta_vs_official_std": 0.0,
      "split_family": "official_strength_bin",
      "split_group": "official_strength_bin=midhigh_official_q3",
      "splits": 1,
      "strong_nochange_false_intervention_rate_mean": 0.0,
      "strong_nochange_false_intervention_rate_std": 0.0,
      "target_margin": 0.2
    },
    {
      "bootstrap_gain_p05_mean": 0.5701100491624641,
      "bootstrap_gain_p05_std": 0.0,
      "confidence_corr_mean": 0.27534091180937703,
      "confidence_corr_std": 0.0,
      "eligible_for_pass": 1,
      "feature_set": "B_candidate_output_deltas",
      "head": "hgb",
      "ignored_n_mean": 25.0,
      "ignored_n_std": 0.0,
      "intervention_precision_mean": 0.6181818181818182,
      "intervention_precision_std": 0.0,
      "intervention_rate_mean": 0.976,
      "intervention_rate_std": 0.0,
      "labeled_n_mean": 225.0,
      "labeled_n_std": 0.0,
      "mean_oracle_gated_gain_mean": 0.6980681499747536,
      "mean_oracle_gated_gain_std": 0.0,
      "nochange_false_intervention_rate_mean": 0.9545454545454546,
      "nochange_false_intervention_rate_std": 0.0,
      "oracle_recovery_mean": 0.9009016754611465,
      "oracle_recovery_std": 0.0,
      "passes_line": false,
      "precision_gap_vs_shuffled": 0.005569205569205593,
      "residual_low_false_intervention_rate_mean": 0.9534883720930233,
      "residual_low_false_intervention_rate_std": 0.0,
      "sim_delta_vs_official_mean": 0.6980681499747536,
      "sim_delta_vs_official_std": 0.0,
      "split_family": "official_strength_bin",
      "split_group": "official_strength_bin=midlow_official_q2",
      "splits": 1,
      "strong_nochange_false_intervention_rate_mean": 0.0,
      "strong_nochange_false_intervention_rate_std": 0.0,
      "target_margin": 0.2
    },
    {
      "bootstrap_gain_p05_mean": 0.07418686790224628,
      "bootstrap_gain_p05_std": 0.0,
      "confidence_corr_mean": 0.2196489199428929,
      "confidence_corr_std": 0.0,
      "eligible_for_pass": 1,
      "feature_set": "B_candidate_output_deltas",
      "head": "hgb",
      "ignored_n_mean": 40.0,
      "ignored_n_std": 0.0,
      "intervention_precision_mean": 0.4742857142857143,
      "intervention_precision_std": 0.0,
      "intervention_rate_mean": 0.84,
      "intervention_rate_std": 0.0,
      "labeled_n_mean": 210.0,
      "labeled_n_std": 0.0,
      "mean_oracle_gated_gain_mean": 0.11381554226758632,
      "mean_oracle_gated_gain_std": 0.0,
      "nochange_false_intervention_rate_mean": 0.736,
      "nochange_false_intervention_rate_std": 0.0,
      "oracle_recovery_mean": 0.5588939027378363,
      "oracle_recovery_std": 0.0,
      "passes_line": false,
      "precision_gap_vs_shuffled": 0.023736263736263752,
      "residual_low_false_intervention_rate_mean": 0.8881578947368421,
      "residual_low_false_intervention_rate_std": 0.0,
      "sim_delta_vs_official_mean": 0.11381554226758632,
      "sim_delta_vs_official_std": 0.0,
      "split_family": "official_strength_bin",
      "split_group": "official_strength_bin=strong_official_q4",
      "splits": 1,
      "strong_nochange_false_intervention_rate_mean": 0.736,
      "strong_nochange_false_intervention_rate_std": 0.0,
      "target_margin": 0.2
    },
    {
      "bootstrap_gain_p05_mean": 1.1303216558823252,
      "bootstrap_gain_p05_std": 0.0,
      "confidence_corr_mean": 0.25259865357232203,
      "confidence_corr_std": 0.0,
      "eligible_for_pass": 1,
      "feature_set": "B_candidate_output_deltas",
      "head": "hgb",
      "ignored_n_mean": 11.0,
      "ignored_n_std": 0.0,
      "intervention_precision_mean": 0.7711864406779662,
      "intervention_precision_std": 0.0,
      "intervention_rate_mean": 0.988,
      "intervention_rate_std": 0.0,
      "labeled_n_mean": 239.0,
      "labeled_n_std": 0.0,
      "mean_oracle_gated_gain_mean": 1.2860479263419973,
      "mean_oracle_gated_gain_std": 0.0,
      "nochange_false_intervention_rate_mean": 0.9642857142857143,
      "nochange_false_intervention_rate_std": 0.0,
      "oracle_recovery_mean": 0.9685017700119323,
      "oracle_recovery_std": 0.0,
      "passes_line": false,
      "precision_gap_vs_shuffled": 0.006480558325025032,
      "residual_low_false_intervention_rate_mean": 1.0,
      "residual_low_false_intervention_rate_std": 0.0,
      "sim_delta_vs_official_mean": 1.2860479263419973,
      "sim_delta_vs_official_std": 0.0,
      "split_family": "official_strength_bin",
      "split_group": "official_strength_bin=weak_official_q1",
      "splits": 1,
      "strong_nochange_false_intervention_rate_mean": 0.0,
      "strong_nochange_false_intervention_rate_std": 0.0,
      "target_margin": 0.2
    },
    {
      "bootstrap_gain_p05_mean": 0.515125127955158,
      "bootstrap_gain_p05_std": 0.0776688531059049,
      "confidence_corr_mean": 0.48024063288571145,
      "confidence_corr_std": 0.042204401147229884,
      "eligible_for_pass": 1,
      "feature_set": "B_candidate_output_deltas",
      "head": "hgb",
      "ignored_n_mean": 23.666666666666668,
      "ignored_n_std": 5.734883511361751,
      "intervention_precision_mean": 0.6474402294303189,
      "intervention_precision_std": 0.027428289231381357,
      "intervention_rate_mean": 0.8186666666666668,
      "intervention_rate_std": 0.012364824660660897,
      "labeled_n_mean": 226.33333333333334,
      "labeled_n_std": 5.734883511361751,
      "mean_oracle_gated_gain_mean": 0.6426390787427388,
      "mean_oracle_gated_gain_std": 0.08630339500559629,
      "nochange_false_intervention_rate_mean": 0.6438615850380557,
      "nochange_false_intervention_rate_std": 0.03013476644093335,
      "oracle_recovery_mean": 0.9104821982287458,
      "oracle_recovery_std": 0.030134995578671817,
      "passes_line": false,
      "precision_gap_vs_shuffled": 0.03394453497357597,
      "residual_low_false_intervention_rate_mean": 0.791165896250642,
      "residual_low_false_intervention_rate_std": 0.052726299796442645,
      "sim_delta_vs_official_mean": 0.6426390787427388,
      "sim_delta_vs_official_std": 0.08630339500559629,
      "split_family": "random",
      "split_group": "random",
      "splits": 3,
      "strong_nochange_false_intervention_rate_mean": 0.462082121524846,
      "strong_nochange_false_intervention_rate_std": 0.10333447658354049,
      "target_margin": 0.2
    },
    {
      "bootstrap_gain_p05_mean": 0.5921047850811674,
      "bootstrap_gain_p05_std": 0.0,
      "confidence_corr_mean": 0.3813299705359173,
      "confidence_corr_std": 0.0,
      "eligible_for_pass": 1,
      "feature_set": "B_candidate_output_deltas",
      "head": "hgb",
      "ignored_n_mean": 26.0,
      "ignored_n_std": 0.0,
      "intervention_precision_mean": 0.5240384615384616,
      "intervention_precision_std": 0.0,
      "intervention_rate_mean": 0.932,
      "intervention_rate_std": 0.0,
      "labeled_n_mean": 224.0,
      "labeled_n_std": 0.0,
      "mean_oracle_gated_gain_mean": 0.7685913074862903,
      "mean_oracle_gated_gain_std": 0.0,
      "nochange_false_intervention_rate_mean": 0.8608695652173913,
      "nochange_false_intervention_rate_std": 0.0,
      "oracle_recovery_mean": 0.8919143498187152,
      "oracle_recovery_std": 0.0,
      "passes_line": false,
      "precision_gap_vs_shuffled": 0.009752747252747329,
      "residual_low_false_intervention_rate_mean": 0.0,
      "residual_low_false_intervention_rate_std": 0.0,
      "sim_delta_vs_official_mean": 0.7685913074862903,
      "sim_delta_vs_official_std": 0.0,
      "split_family": "residual_energy_bin",
      "split_group": "residual_energy_bin=residual_high_q4",
      "splits": 1,
      "strong_nochange_false_intervention_rate_mean": 0.9090909090909091,
      "strong_nochange_false_intervention_rate_std": 0.0,
      "target_margin": 0.2
    },
    {
      "bootstrap_gain_p05_mean": 0.29601224387536973,
      "bootstrap_gain_p05_std": 0.0,
      "confidence_corr_mean": 0.4480937575007533,
      "confidence_corr_std": 0.0,
      "eligible_for_pass": 1,
      "feature_set": "B_candidate_output_deltas",
      "head": "hgb",
      "ignored_n_mean": 33.0,
      "ignored_n_std": 0.0,
      "intervention_precision_mean": 0.6536312849162011,
      "intervention_precision_std": 0.0,
      "intervention_rate_mean": 0.804,
      "intervention_rate_std": 0.0,
      "labeled_n_mean": 217.0,
      "labeled_n_std": 0.0,
      "mean_oracle_gated_gain_mean": 0.3612981515878549,
      "mean_oracle_gated_gain_std": 0.0,
      "nochange_false_intervention_rate_mean": 0.6595744680851063,
      "nochange_false_intervention_rate_std": 0.0,
      "oracle_recovery_mean": 0.841044480875594,
      "oracle_recovery_std": 0.0,
      "passes_line": false,
      "precision_gap_vs_shuffled": 0.022615242135452518,
      "residual_low_false_intervention_rate_mean": 0.804,
      "residual_low_false_intervention_rate_std": 0.0,
      "sim_delta_vs_official_mean": 0.3612981515878549,
      "sim_delta_vs_official_std": 0.0,
      "split_family": "residual_energy_bin",
      "split_group": "residual_energy_bin=residual_low_q1",
      "splits": 1,
      "strong_nochange_false_intervention_rate_mean": 0.6176470588235294,
      "strong_nochange_false_intervention_rate_std": 0.0,
      "target_margin": 0.2
    },
    {
      "bootstrap_gain_p05_mean": 0.5901200430719921,
      "bootstrap_gain_p05_std": 0.0,
      "confidence_corr_mean": 0.39973260690706536,
      "confidence_corr_std": 0.0,
      "eligible_for_pass": 1,
      "feature_set": "B_candidate_output_deltas",
      "head": "hgb",
      "ignored_n_mean": 15.0,
      "ignored_n_std": 0.0,
      "intervention_precision_mean": 0.6548223350253807,
      "intervention_precision_std": 0.0,
      "intervention_rate_mean": 0.836,
      "intervention_rate_std": 0.0,
      "labeled_n_mean": 235.0,
      "labeled_n_std": 0.0,
      "mean_oracle_gated_gain_mean": 0.7099712894634536,
      "mean_oracle_gated_gain_std": 0.0,
      "nochange_false_intervention_rate_mean": 0.6601941747572816,
      "nochange_false_intervention_rate_std": 0.0,
      "oracle_recovery_mean": 0.9187287013565042,
      "oracle_recovery_std": 0.0,
      "passes_line": false,
      "precision_gap_vs_shuffled": 0.019822335025380666,
      "residual_low_false_intervention_rate_mean": 0.0,
      "residual_low_false_intervention_rate_std": 0.0,
      "sim_delta_vs_official_mean": 0.7099712894634536,
      "sim_delta_vs_official_std": 0.0,
      "split_family": "residual_energy_bin",
      "split_group": "residual_energy_bin=residual_midhigh_q3",
      "splits": 1,
      "strong_nochange_false_intervention_rate_mean": 0.625,
      "strong_nochange_false_intervention_rate_std": 0.0,
      "target_margin": 0.2
    },
    {
      "bootstrap_gain_p05_mean": 0.34052216309787137,
      "bootstrap_gain_p05_std": 0.0,
      "confidence_corr_mean": 0.4835769979633444,
      "confidence_corr_std": 0.0,
      "eligible_for_pass": 1,
      "feature_set": "B_candidate_output_deltas",
      "head": "hgb",
      "ignored_n_mean": 22.0,
      "ignored_n_std": 0.0,
      "intervention_precision_mean": 0.6666666666666666,
      "intervention_precision_std": 0.0,
      "intervention_rate_mean": 0.788,
      "intervention_rate_std": 0.0,
      "labeled_n_mean": 228.0,
      "labeled_n_std": 0.0,
      "mean_oracle_gated_gain_mean": 0.43460720508823997,
      "mean_oracle_gated_gain_std": 0.0,
      "nochange_false_intervention_rate_mean": 0.6060606060606061,
      "nochange_false_intervention_rate_std": 0.0,
      "oracle_recovery_mean": 0.8363788252447574,
      "oracle_recovery_std": 0.0,
      "passes_line": false,
      "precision_gap_vs_shuffled": 0.0461538461538461,
      "residual_low_false_intervention_rate_mean": 0.0,
      "residual_low_false_intervention_rate_std": 0.0,
      "sim_delta_vs_official_mean": 0.43460720508823997,
      "sim_delta_vs_official_std": 0.0,
      "split_family": "residual_energy_bin",
      "split_group": "residual_energy_bin=residual_midlow_q2",
      "splits": 1,
      "strong_nochange_false_intervention_rate_mean": 0.39473684210526316,
      "strong_nochange_false_intervention_rate_std": 0.0,
      "target_margin": 0.2
    },
    {
      "bootstrap_gain_p05_mean": 0.3522531994241443,
      "bootstrap_gain_p05_std": 0.0,
      "confidence_corr_mean": 0.41589334485125584,
      "confidence_corr_std": 0.0,
      "eligible_for_pass": 1,
      "feature_set": "C_official_internal",
      "head": "hgb",
      "ignored_n_mean": 19.0,
      "ignored_n_std": 0.0,
      "intervention_precision_mean": 0.5771812080536913,
      "intervention_precision_std": 0.0,
      "intervention_rate_mean": 0.865979381443299,
      "intervention_rate_std": 0.0,
      "labeled_n_mean": 175.0,
      "labeled_n_std": 0.0,
      "mean_oracle_gated_gain_mean": 0.49501655706327,
      "mean_oracle_gated_gain_std": 0.0,
      "nochange_false_intervention_rate_mean": 0.7411764705882353,
      "nochange_false_intervention_rate_std": 0.0,
      "oracle_recovery_mean": 0.8575742352781406,
      "oracle_recovery_std": 0.0,
      "passes_line": false,
      "precision_gap_vs_shuffled": 0.033971331510481484,
      "residual_low_false_intervention_rate_mean": 0.8571428571428571,
      "residual_low_false_intervention_rate_std": 0.0,
      "sim_delta_vs_official_mean": 0.49501655706327,
      "sim_delta_vs_official_std": 0.0,
      "split_family": "airlight_bin",
      "split_group": "airlight_bin=0.65<=A<0.75",
      "splits": 1,
      "strong_nochange_false_intervention_rate_mean": 0.6296296296296297,
      "strong_nochange_false_intervention_rate_std": 0.0,
      "target_margin": 0.2
    },
    {
      "bootstrap_gain_p05_mean": 0.42886017320726083,
      "bootstrap_gain_p05_std": 0.0,
      "confidence_corr_mean": 0.5902524236856381,
      "confidence_corr_std": 0.0,
      "eligible_for_pass": 1,
      "feature_set": "C_official_internal",
      "head": "hgb",
      "ignored_n_mean": 21.0,
      "ignored_n_std": 0.0,
      "intervention_precision_mean": 0.7162162162162162,
      "intervention_precision_std": 0.0,
      "intervention_rate_mean": 0.7714285714285715,
      "intervention_rate_std": 0.0,
      "labeled_n_mean": 189.0,
      "labeled_n_std": 0.0,
      "mean_oracle_gated_gain_mean": 0.5431395904133617,
      "mean_oracle_gated_gain_std": 0.0,
      "nochange_false_intervention_rate_mean": 0.5384615384615384,
      "nochange_false_intervention_rate_std": 0.0,
      "oracle_recovery_mean": 0.9045481110691508,
      "oracle_recovery_std": 0.0,
      "passes_line": false,
      "precision_gap_vs_shuffled": 0.045408762800067115,
      "residual_low_false_intervention_rate_mean": 0.8333333333333334,
      "residual_low_false_intervention_rate_std": 0.0,
      "sim_delta_vs_official_mean": 0.5431395904133617,
      "sim_delta_vs_official_std": 0.0,
      "split_family": "airlight_bin",
      "split_group": "airlight_bin=0.75<=A<0.85",
      "splits": 1,
      "strong_nochange_false_intervention_rate_mean": 0.5,
      "strong_nochange_false_intervention_rate_std": 0.0,
      "target_margin": 0.2
    },
    {
      "bootstrap_gain_p05_mean": 0.3900385768203725,
      "bootstrap_gain_p05_std": 0.0,
      "confidence_corr_mean": 0.5095155646950321,
      "confidence_corr_std": 0.0,
      "eligible_for_pass": 1,
      "feature_set": "C_official_internal",
      "head": "hgb",
      "ignored_n_mean": 20.0,
      "ignored_n_std": 0.0,
      "intervention_precision_mean": 0.608,
      "intervention_precision_std": 0.0,
      "intervention_rate_mean": 0.8,
      "intervention_rate_std": 0.0,
      "labeled_n_mean": 155.0,
      "labeled_n_std": 0.0,
      "mean_oracle_gated_gain_mean": 0.5079806568842896,
      "mean_oracle_gated_gain_std": 0.0,
      "nochange_false_intervention_rate_mean": 0.6282051282051282,
      "nochange_false_intervention_rate_std": 0.0,
      "oracle_recovery_mean": 0.9096601685162482,
      "oracle_recovery_std": 0.0,
      "passes_line": false,
      "precision_gap_vs_shuffled": 0.049176470588235266,
      "residual_low_false_intervention_rate_mean": 0.875,
      "residual_low_false_intervention_rate_std": 0.0,
      "sim_delta_vs_official_mean": 0.5079806568842896,
      "sim_delta_vs_official_std": 0.0,
      "split_family": "airlight_bin",
      "split_group": "airlight_bin=0.85<=A<0.95",
      "splits": 1,
      "strong_nochange_false_intervention_rate_mean": 0.7857142857142857,
      "strong_nochange_false_intervention_rate_std": 0.0,
      "target_margin": 0.2
    },
    {
      "bootstrap_gain_p05_mean": 0.6153602005198985,
      "bootstrap_gain_p05_std": 0.0,
      "confidence_corr_mean": 0.40542405093643685,
      "confidence_corr_std": 0.0,
      "eligible_for_pass": 1,
      "feature_set": "C_official_internal",
      "head": "hgb",
      "ignored_n_mean": 26.0,
      "ignored_n_std": 0.0,
      "intervention_precision_mean": 0.6561085972850679,
      "intervention_precision_std": 0.0,
      "intervention_rate_mean": 0.8203389830508474,
      "intervention_rate_std": 0.0,
      "labeled_n_mean": 269.0,
      "labeled_n_std": 0.0,
      "mean_oracle_gated_gain_mean": 0.7539196966620458,
      "mean_oracle_gated_gain_std": 0.0,
      "nochange_false_intervention_rate_mean": 0.672566371681416,
      "nochange_false_intervention_rate_std": 0.0,
      "oracle_recovery_mean": 0.895924178626539,
      "oracle_recovery_std": 0.0,
      "passes_line": false,
      "precision_gap_vs_shuffled": 0.029499155224982032,
      "residual_low_false_intervention_rate_mean": 0.7659574468085106,
      "residual_low_false_intervention_rate_std": 0.0,
      "sim_delta_vs_official_mean": 0.7539196966620458,
      "sim_delta_vs_official_std": 0.0,
      "split_family": "airlight_bin",
      "split_group": "airlight_bin=A<0.65",
      "splits": 1,
      "strong_nochange_false_intervention_rate_mean": 0.6037735849056604,
      "strong_nochange_false_intervention_rate_std": 0.0,
      "target_margin": 0.2
    },
    {
      "bootstrap_gain_p05_mean": 0.2870660442972728,
      "bootstrap_gain_p05_std": 0.0,
      "confidence_corr_mean": 0.3178619700358581,
      "confidence_corr_std": 0.0,
      "eligible_for_pass": 1,
      "feature_set": "C_official_internal",
      "head": "hgb",
      "ignored_n_mean": 10.0,
      "ignored_n_std": 0.0,
      "intervention_precision_mean": 0.5673076923076923,
      "intervention_precision_std": 0.0,
      "intervention_rate_mean": 0.8968253968253969,
      "intervention_rate_std": 0.0,
      "labeled_n_mean": 116.0,
      "labeled_n_std": 0.0,
      "mean_oracle_gated_gain_mean": 0.42407748756997604,
      "mean_oracle_gated_gain_std": 0.0,
      "nochange_false_intervention_rate_mean": 0.7894736842105263,
      "nochange_false_intervention_rate_std": 0.0,
      "oracle_recovery_mean": 0.8634377131285259,
      "oracle_recovery_std": 0.0,
      "passes_line": false,
      "precision_gap_vs_shuffled": 0.029571843251088525,
      "residual_low_false_intervention_rate_mean": 1.0,
      "residual_low_false_intervention_rate_std": 0.0,
      "sim_delta_vs_official_mean": 0.42407748756997604,
      "sim_delta_vs_official_std": 0.0,
      "split_family": "airlight_bin",
      "split_group": "airlight_bin=A>=0.95",
      "splits": 1,
      "strong_nochange_false_intervention_rate_mean": 1.0,
      "strong_nochange_false_intervention_rate_std": 0.0,
      "target_margin": 0.2
    },
    {
      "bootstrap_gain_p05_mean": 0.33858720636781897,
      "bootstrap_gain_p05_std": 0.0,
      "confidence_corr_mean": 0.5081300207200069,
      "confidence_corr_std": 0.0,
      "eligible_for_pass": 1,
      "feature_set": "C_official_internal",
      "head": "hgb",
      "ignored_n_mean": 16.0,
      "ignored_n_std": 0.0,
      "intervention_precision_mean": 0.5789473684210527,
      "intervention_precision_std": 0.0,
      "intervention_rate_mean": 0.7819148936170213,
      "intervention_rate_std": 0.0,
      "labeled_n_mean": 172.0,
      "labeled_n_std": 0.0,
      "mean_oracle_gated_gain_mean": 0.4685986176305212,
      "mean_oracle_gated_gain_std": 0.0,
      "nochange_false_intervention_rate_mean": 0.6153846153846154,
      "nochange_false_intervention_rate_std": 0.0,
      "oracle_recovery_mean": 0.8729647165036892,
      "oracle_recovery_std": 0.0,
      "passes_line": false,
      "precision_gap_vs_shuffled": 0.06578947368421051,
      "residual_low_false_intervention_rate_mean": 0.8166666666666667,
      "residual_low_false_intervention_rate_std": 0.0,
      "sim_delta_vs_official_mean": 0.4685986176305212,
      "sim_delta_vs_official_std": 0.0,
      "split_family": "beta_bin",
      "split_group": "beta_bin=0.8<=beta<1.1",
      "splits": 1,
      "strong_nochange_false_intervention_rate_mean": 0.5588235294117647,
      "strong_nochange_false_intervention_rate_std": 0.0,
      "target_margin": 0.2
    },
    {
      "bootstrap_gain_p05_mean": 0.5797458749154817,
      "bootstrap_gain_p05_std": 0.0,
      "confidence_corr_mean": 0.52688166268794,
      "confidence_corr_std": 0.0,
      "eligible_for_pass": 1,
      "feature_set": "C_official_internal",
      "head": "hgb",
      "ignored_n_mean": 26.0,
      "ignored_n_std": 0.0,
      "intervention_precision_mean": 0.6853146853146853,
      "intervention_precision_std": 0.0,
      "intervention_rate_mean": 0.8140703517587939,
      "intervention_rate_std": 0.0,
      "labeled_n_mean": 173.0,
      "labeled_n_std": 0.0,
      "mean_oracle_gated_gain_mean": 0.721895761098882,
      "mean_oracle_gated_gain_std": 0.0,
      "nochange_false_intervention_rate_mean": 0.625,
      "nochange_false_intervention_rate_std": 0.0,
      "oracle_recovery_mean": 0.9288391338150938,
      "oracle_recovery_std": 0.0,
      "passes_line": false,
      "precision_gap_vs_shuffled": 0.03399889584100113,
      "residual_low_false_intervention_rate_mean": 0.8222222222222222,
      "residual_low_false_intervention_rate_std": 0.0,
      "sim_delta_vs_official_mean": 0.721895761098882,
      "sim_delta_vs_official_std": 0.0,
      "split_family": "beta_bin",
      "split_group": "beta_bin=1.1<=beta<1.4",
      "splits": 1,
      "strong_nochange_false_intervention_rate_mean": 0.5769230769230769,
      "strong_nochange_false_intervention_rate_std": 0.0,
      "target_margin": 0.2
    },
    {
      "bootstrap_gain_p05_mean": 0.4097980620656516,
      "bootstrap_gain_p05_std": 0.0,
      "confidence_corr_mean": 0.5048918635343483,
      "confidence_corr_std": 0.0,
      "eligible_for_pass": 1,
      "feature_set": "C_official_internal",
      "head": "hgb",
      "ignored_n_mean": 17.0,
      "ignored_n_std": 0.0,
      "intervention_precision_mean": 0.6209150326797386,
      "intervention_precision_std": 0.0,
      "intervention_rate_mean": 0.8391959798994975,
      "intervention_rate_std": 0.0,
      "labeled_n_mean": 182.0,
      "labeled_n_std": 0.0,
      "mean_oracle_gated_gain_mean": 0.5200933007187247,
      "mean_oracle_gated_gain_std": 0.0,
      "nochange_false_intervention_rate_mean": 0.6744186046511628,
      "nochange_false_intervention_rate_std": 0.0,
      "oracle_recovery_mean": 0.9078439914560323,
      "oracle_recovery_std": 0.0,
      "passes_line": false,
      "precision_gap_vs_shuffled": 0.05543884220354811,
      "residual_low_false_intervention_rate_mean": 0.8571428571428571,
      "residual_low_false_intervention_rate_std": 0.0,
      "sim_delta_vs_official_mean": 0.5200933007187247,
      "sim_delta_vs_official_std": 0.0,
      "split_family": "beta_bin",
      "split_group": "beta_bin=1.4<=beta<1.7",
      "splits": 1,
      "strong_nochange_false_intervention_rate_mean": 0.6428571428571429,
      "strong_nochange_false_intervention_rate_std": 0.0,
      "target_margin": 0.2
    },
    {
      "bootstrap_gain_p05_mean": 0.545892817433392,
      "bootstrap_gain_p05_std": 0.0,
      "confidence_corr_mean": 0.41559699136837175,
      "confidence_corr_std": 0.0,
      "eligible_for_pass": 1,
      "feature_set": "C_official_internal",
      "head": "hgb",
      "ignored_n_mean": 13.0,
      "ignored_n_std": 0.0,
      "intervention_precision_mean": 0.684931506849315,
      "intervention_precision_std": 0.0,
      "intervention_rate_mean": 0.7806122448979592,
      "intervention_rate_std": 0.0,
      "labeled_n_mean": 183.0,
      "labeled_n_std": 0.0,
      "mean_oracle_gated_gain_mean": 0.6944831836721486,
      "mean_oracle_gated_gain_std": 0.0,
      "nochange_false_intervention_rate_mean": 0.6216216216216216,
      "nochange_false_intervention_rate_std": 0.0,
      "oracle_recovery_mean": 0.9018521054609336,
      "oracle_recovery_std": 0.0,
      "passes_line": false,
      "precision_gap_vs_shuffled": 0.022679851220175906,
      "residual_low_false_intervention_rate_mean": 0.7037037037037037,
      "residual_low_false_intervention_rate_std": 0.0,
      "sim_delta_vs_official_mean": 0.6944831836721486,
      "sim_delta_vs_official_std": 0.0,
      "split_family": "beta_bin",
      "split_group": "beta_bin=beta<0.8",
      "splits": 1,
      "strong_nochange_false_intervention_rate_mean": 0.38461538461538464,
      "strong_nochange_false_intervention_rate_std": 0.0,
      "target_margin": 0.2
    },
    {
      "bootstrap_gain_p05_mean": 0.3801400609001787,
      "bootstrap_gain_p05_std": 0.0,
      "confidence_corr_mean": 0.3847211901216213,
      "confidence_corr_std": 0.0,
      "eligible_for_pass": 1,
      "feature_set": "C_official_internal",
      "head": "hgb",
      "ignored_n_mean": 24.0,
      "ignored_n_std": 0.0,
      "intervention_precision_mean": 0.6144578313253012,
      "intervention_precision_std": 0.0,
      "intervention_rate_mean": 0.8486238532110092,
      "intervention_rate_std": 0.0,
      "labeled_n_mean": 194.0,
      "labeled_n_std": 0.0,
      "mean_oracle_gated_gain_mean": 0.48961548902458674,
      "mean_oracle_gated_gain_std": 0.0,
      "nochange_false_intervention_rate_mean": 0.7272727272727273,
      "nochange_false_intervention_rate_std": 0.0,
      "oracle_recovery_mean": 0.8510764159412822,
      "oracle_recovery_std": 0.0,
      "passes_line": false,
      "precision_gap_vs_shuffled": 0.009667412163624545,
      "residual_low_false_intervention_rate_mean": 0.8888888888888888,
      "residual_low_false_intervention_rate_std": 0.0,
      "sim_delta_vs_official_mean": 0.48961548902458674,
      "sim_delta_vs_official_std": 0.0,
      "split_family": "beta_bin",
      "split_group": "beta_bin=beta>=1.7",
      "splits": 1,
      "strong_nochange_false_intervention_rate_mean": 0.75,
      "strong_nochange_false_intervention_rate_std": 0.0,
      "target_margin": 0.2
    },
    {
      "bootstrap_gain_p05_mean": 0.8712093673855117,
      "bootstrap_gain_p05_std": 0.0,
      "confidence_corr_mean": 0.1631433568282411,
      "confidence_corr_std": 0.0,
      "eligible_for_pass": 1,
      "feature_set": "C_official_internal",
      "head": "hgb",
      "ignored_n_mean": 8.0,
      "ignored_n_std": 0.0,
      "intervention_precision_mean": 0.7120418848167539,
      "intervention_precision_std": 0.0,
      "intervention_rate_mean": 0.9754901960784313,
      "intervention_rate_std": 0.0,
      "labeled_n_mean": 196.0,
      "labeled_n_std": 0.0,
      "mean_oracle_gated_gain_mean": 1.0406537398138533,
      "mean_oracle_gated_gain_std": 0.0,
      "nochange_false_intervention_rate_mean": 0.9166666666666666,
      "nochange_false_intervention_rate_std": 0.0,
      "oracle_recovery_mean": 0.9480834941903783,
      "oracle_recovery_std": 0.0,
      "passes_line": false,
      "precision_gap_vs_shuffled": 0.018164333796345744,
      "residual_low_false_intervention_rate_mean": 0.984375,
      "residual_low_false_intervention_rate_std": 0.0,
      "sim_delta_vs_official_mean": 1.0406537398138533,
      "sim_delta_vs_official_std": 0.0,
      "split_family": "content_cluster",
      "split_group": "content_cluster=content_k5_c0",
      "splits": 1,
      "strong_nochange_false_intervention_rate_mean": 0.0,
      "strong_nochange_false_intervention_rate_std": 0.0,
      "target_margin": 0.2
    },
    {
      "bootstrap_gain_p05_mean": 1.0008867140297035,
      "bootstrap_gain_p05_std": 0.0,
      "confidence_corr_mean": 0.30615094922634656,
      "confidence_corr_std": 0.0,
      "eligible_for_pass": 1,
      "feature_set": "C_official_internal",
      "head": "hgb",
      "ignored_n_mean": 4.0,
      "ignored_n_std": 0.0,
      "intervention_precision_mean": 0.7289719626168224,
      "intervention_precision_std": 0.0,
      "intervention_rate_mean": 0.9910714285714286,
      "intervention_rate_std": 0.0,
      "labeled_n_mean": 108.0,
      "labeled_n_std": 0.0,
      "mean_oracle_gated_gain_mean": 1.2995312669192518,
      "mean_oracle_gated_gain_std": 0.0,
      "nochange_false_intervention_rate_mean": 0.9666666666666667,
      "nochange_false_intervention_rate_std": 0.0,
      "oracle_recovery_mean": 0.9604490976396045,
      "oracle_recovery_std": 0.0,
      "passes_line": false,
      "precision_gap_vs_shuffled": -0.013885180240320483,
      "residual_low_false_intervention_rate_mean": 1.0,
      "residual_low_false_intervention_rate_std": 0.0,
      "sim_delta_vs_official_mean": 1.2995312669192518,
      "sim_delta_vs_official_std": 0.0,
      "split_family": "content_cluster",
      "split_group": "content_cluster=content_k5_c1",
      "splits": 1,
      "strong_nochange_false_intervention_rate_mean": 1.0,
      "strong_nochange_false_intervention_rate_std": 0.0,
      "target_margin": 0.2
    },
    {
      "bootstrap_gain_p05_mean": 0.03270610064503296,
      "bootstrap_gain_p05_std": 0.0,
      "confidence_corr_mean": 0.30448147816708787,
      "confidence_corr_std": 0.0,
      "eligible_for_pass": 1,
      "feature_set": "C_official_internal",
      "head": "hgb",
      "ignored_n_mean": 31.0,
      "ignored_n_std": 0.0,
      "intervention_precision_mean": 0.41025641025641024,
      "intervention_precision_std": 0.0,
      "intervention_rate_mean": 0.8582375478927203,
      "intervention_rate_std": 0.0,
      "labeled_n_mean": 230.0,
      "labeled_n_std": 0.0,
      "mean_oracle_gated_gain_mean": 0.08316664766190078,
      "mean_oracle_gated_gain_std": 0.0,
      "nochange_false_intervention_rate_mean": 0.7718120805369127,
      "nochange_false_intervention_rate_std": 0.0,
      "oracle_recovery_mean": 0.37813900010595397,
      "oracle_recovery_std": 0.0,
      "passes_line": false,
      "precision_gap_vs_shuffled": 0.023001508295625916,
      "residual_low_false_intervention_rate_mean": 0.8833333333333333,
      "residual_low_false_intervention_rate_std": 0.0,
      "sim_delta_vs_official_mean": 0.08316664766190078,
      "sim_delta_vs_official_std": 0.0,
      "split_family": "content_cluster",
      "split_group": "content_cluster=content_k5_c2",
      "splits": 1,
      "strong_nochange_false_intervention_rate_mean": 0.8160919540229885,
      "strong_nochange_false_intervention_rate_std": 0.0,
      "target_margin": 0.2
    },
    {
      "bootstrap_gain_p05_mean": 0.61941250906052,
      "bootstrap_gain_p05_std": 0.0,
      "confidence_corr_mean": 0.22915894364724862,
      "confidence_corr_std": 0.0,
      "eligible_for_pass": 1,
      "feature_set": "C_official_internal",
      "head": "hgb",
      "ignored_n_mean": 14.0,
      "ignored_n_std": 0.0,
      "intervention_precision_mean": 0.6685082872928176,
      "intervention_precision_std": 0.0,
      "intervention_rate_mean": 0.9898477157360406,
      "intervention_rate_std": 0.0,
      "labeled_n_mean": 183.0,
      "labeled_n_std": 0.0,
      "mean_oracle_gated_gain_mean": 0.746825622637527,
      "mean_oracle_gated_gain_std": 0.0,
      "nochange_false_intervention_rate_mean": 0.967741935483871,
      "nochange_false_intervention_rate_std": 0.0,
      "oracle_recovery_mean": 0.9105298785031767,
      "oracle_recovery_std": 0.0,
      "passes_line": false,
      "precision_gap_vs_shuffled": 0.007306101500467954,
      "residual_low_false_intervention_rate_mean": 1.0,
      "residual_low_false_intervention_rate_std": 0.0,
      "sim_delta_vs_official_mean": 0.746825622637527,
      "sim_delta_vs_official_std": 0.0,
      "split_family": "content_cluster",
      "split_group": "content_cluster=content_k5_c3",
      "splits": 1,
      "strong_nochange_false_intervention_rate_mean": 0.0,
      "strong_nochange_false_intervention_rate_std": 0.0,
      "target_margin": 0.2
    },
    {
      "bootstrap_gain_p05_mean": 0.11918013098920634,
      "bootstrap_gain_p05_std": 0.0,
      "confidence_corr_mean": 0.3737594746513557,
      "confidence_corr_std": 0.0,
      "eligible_for_pass": 1,
      "feature_set": "C_official_internal",
      "head": "hgb",
      "ignored_n_mean": 39.0,
      "ignored_n_std": 0.0,
      "intervention_precision_mean": 0.463855421686747,
      "intervention_precision_std": 0.0,
      "intervention_rate_mean": 0.8982300884955752,
      "intervention_rate_std": 0.0,
      "labeled_n_mean": 187.0,
      "labeled_n_std": 0.0,
      "mean_oracle_gated_gain_mean": 0.16573515853136905,
      "mean_oracle_gated_gain_std": 0.0,
      "nochange_false_intervention_rate_mean": 0.8090909090909091,
      "nochange_false_intervention_rate_std": 0.0,
      "oracle_recovery_mean": 0.7275054812487259,
      "oracle_recovery_std": 0.0,
      "passes_line": false,
      "precision_gap_vs_shuffled": 0.006024096385542188,
      "residual_low_false_intervention_rate_mean": 0.9183673469387755,
      "residual_low_false_intervention_rate_std": 0.0,
      "sim_delta_vs_official_mean": 0.16573515853136905,
      "sim_delta_vs_official_std": 0.0,
      "split_family": "content_cluster",
      "split_group": "content_cluster=content_k5_c4",
      "splits": 1,
      "strong_nochange_false_intervention_rate_mean": 0.8571428571428571,
      "strong_nochange_false_intervention_rate_std": 0.0,
      "target_margin": 0.2
    },
    {
      "bootstrap_gain_p05_mean": 0.46985796900305565,
      "bootstrap_gain_p05_std": 0.0,
      "confidence_corr_mean": 0.47628878816978265,
      "confidence_corr_std": 0.0,
      "eligible_for_pass": 1,
      "feature_set": "C_official_internal",
      "head": "hgb",
      "ignored_n_mean": 16.0,
      "ignored_n_std": 0.0,
      "intervention_precision_mean": 0.6277777777777778,
      "intervention_precision_std": 0.0,
      "intervention_rate_mean": 0.752,
      "intervention_rate_std": 0.0,
      "labeled_n_mean": 234.0,
      "labeled_n_std": 0.0,
      "mean_oracle_gated_gain_mean": 0.6172160370216979,
      "mean_oracle_gated_gain_std": 0.0,
      "nochange_false_intervention_rate_mean": 0.5877192982456141,
      "nochange_false_intervention_rate_std": 0.0,
      "oracle_recovery_mean": 0.8613150000545515,
      "oracle_recovery_std": 0.0,
      "passes_line": false,
      "precision_gap_vs_shuffled": 0.045303550973654017,
      "residual_low_false_intervention_rate_mean": 0.9166666666666666,
      "residual_low_false_intervention_rate_std": 0.0,
      "sim_delta_vs_official_mean": 0.6172160370216979,
      "sim_delta_vs_official_std": 0.0,
      "split_family": "cr_strength_bin",
      "split_group": "cr_strength_bin=midhigh_cr_q3",
      "splits": 1,
      "strong_nochange_false_intervention_rate_mean": 0.5217391304347826,
      "strong_nochange_false_intervention_rate_std": 0.0,
      "target_margin": 0.2
    },
    {
      "bootstrap_gain_p05_mean": 0.5588320311268428,
      "bootstrap_gain_p05_std": 0.0,
      "confidence_corr_mean": 0.3766854881298818,
      "confidence_corr_std": 0.0,
      "eligible_for_pass": 1,
      "feature_set": "C_official_internal",
      "head": "hgb",
      "ignored_n_mean": 20.0,
      "ignored_n_std": 0.0,
      "intervention_precision_mean": 0.6298076923076923,
      "intervention_precision_std": 0.0,
      "intervention_rate_mean": 0.908,
      "intervention_rate_std": 0.0,
      "labeled_n_mean": 230.0,
      "labeled_n_std": 0.0,
      "mean_oracle_gated_gain_mean": 0.7089739413292601,
      "mean_oracle_gated_gain_std": 0.0,
      "nochange_false_intervention_rate_mean": 0.8105263157894737,
      "nochange_false_intervention_rate_std": 0.0,
      "oracle_recovery_mean": 0.9048965166253117,
      "oracle_recovery_std": 0.0,
      "passes_line": false,
      "precision_gap_vs_shuffled": 0.012985262401150277,
      "residual_low_false_intervention_rate_mean": 0.9714285714285714,
      "residual_low_false_intervention_rate_std": 0.0,
      "sim_delta_vs_official_mean": 0.7089739413292601,
      "sim_delta_vs_official_std": 0.0,
      "split_family": "cr_strength_bin",
      "split_group": "cr_strength_bin=midlow_cr_q2",
      "splits": 1,
      "strong_nochange_false_intervention_rate_mean": 0.0,
      "strong_nochange_false_intervention_rate_std": 0.0,
      "target_margin": 0.2
    },
    {
      "bootstrap_gain_p05_mean": 0.15955244650237474,
      "bootstrap_gain_p05_std": 0.0,
      "confidence_corr_mean": 0.4694257690166203,
      "confidence_corr_std": 0.0,
      "eligible_for_pass": 1,
      "feature_set": "C_official_internal",
      "head": "hgb",
      "ignored_n_mean": 42.0,
      "ignored_n_std": 0.0,
      "intervention_precision_mean": 0.5414012738853503,
      "intervention_precision_std": 0.0,
      "intervention_rate_mean": 0.764,
      "intervention_rate_std": 0.0,
      "labeled_n_mean": 208.0,
      "labeled_n_std": 0.0,
      "mean_oracle_gated_gain_mean": 0.22883216944313645,
      "mean_oracle_gated_gain_std": 0.0,
      "nochange_false_intervention_rate_mean": 0.631578947368421,
      "nochange_false_intervention_rate_std": 0.0,
      "oracle_recovery_mean": 0.7277946653869344,
      "oracle_recovery_std": 0.0,
      "passes_line": false,
      "precision_gap_vs_shuffled": 0.026950406833327167,
      "residual_low_false_intervention_rate_mean": 0.7654320987654321,
      "residual_low_false_intervention_rate_std": 0.0,
      "sim_delta_vs_official_mean": 0.22883216944313645,
      "sim_delta_vs_official_std": 0.0,
      "split_family": "cr_strength_bin",
      "split_group": "cr_strength_bin=strong_cr_q4",
      "splits": 1,
      "strong_nochange_false_intervention_rate_mean": 0.6237623762376238,
      "strong_nochange_false_intervention_rate_std": 0.0,
      "target_margin": 0.2
    },
    {
      "bootstrap_gain_p05_mean": 0.5770003380562821,
      "bootstrap_gain_p05_std": 0.0,
      "confidence_corr_mean": 0.21084311393527774,
      "confidence_corr_std": 0.0,
      "eligible_for_pass": 1,
      "feature_set": "C_official_internal",
      "head": "hgb",
      "ignored_n_mean": 18.0,
      "ignored_n_std": 0.0,
      "intervention_precision_mean": 0.6343612334801763,
      "intervention_precision_std": 0.0,
      "intervention_rate_mean": 0.976,
      "intervention_rate_std": 0.0,
      "labeled_n_mean": 232.0,
      "labeled_n_std": 0.0,
      "mean_oracle_gated_gain_mean": 0.7058845132842235,
      "mean_oracle_gated_gain_std": 0.0,
      "nochange_false_intervention_rate_mean": 0.9431818181818182,
      "nochange_false_intervention_rate_std": 0.0,
      "oracle_recovery_mean": 0.9176649301797084,
      "oracle_recovery_std": 0.0,
      "passes_line": false,
      "precision_gap_vs_shuffled": 0.009907085008560523,
      "residual_low_false_intervention_rate_mean": 1.0,
      "residual_low_false_intervention_rate_std": 0.0,
      "sim_delta_vs_official_mean": 0.7058845132842235,
      "sim_delta_vs_official_std": 0.0,
      "split_family": "cr_strength_bin",
      "split_group": "cr_strength_bin=weak_cr_q1",
      "splits": 1,
      "strong_nochange_false_intervention_rate_mean": 0.0,
      "strong_nochange_false_intervention_rate_std": 0.0,
      "target_margin": 0.2
    },
    {
      "bootstrap_gain_p05_mean": 0.11141928246803041,
      "bootstrap_gain_p05_std": 0.0,
      "confidence_corr_mean": 0.4088657663565634,
      "confidence_corr_std": 0.0,
      "eligible_for_pass": 1,
      "feature_set": "C_official_internal",
      "head": "hgb",
      "ignored_n_mean": 20.0,
      "ignored_n_std": 0.0,
      "intervention_precision_mean": 0.4540229885057471,
      "intervention_precision_std": 0.0,
      "intervention_rate_mean": 0.752,
      "intervention_rate_std": 0.0,
      "labeled_n_mean": 230.0,
      "labeled_n_std": 0.0,
      "mean_oracle_gated_gain_mean": 0.16719500569099235,
      "mean_oracle_gated_gain_std": 0.0,
      "nochange_false_intervention_rate_mean": 0.6690140845070423,
      "nochange_false_intervention_rate_std": 0.0,
      "oracle_recovery_mean": 0.6028359665564976,
      "oracle_recovery_std": 0.0,
      "passes_line": false,
      "precision_gap_vs_shuffled": 0.02159055607331467,
      "residual_low_false_intervention_rate_mean": 0.8055555555555556,
      "residual_low_false_intervention_rate_std": 0.0,
      "sim_delta_vs_official_mean": 0.16719500569099235,
      "sim_delta_vs_official_std": 0.0,
      "split_family": "official_strength_bin",
      "split_group": "official_strength_bin=midhigh_official_q3",
      "splits": 1,
      "strong_nochange_false_intervention_rate_mean": 0.0,
      "strong_nochange_false_intervention_rate_std": 0.0,
      "target_margin": 0.2
    },
    {
      "bootstrap_gain_p05_mean": 0.5681613078281073,
      "bootstrap_gain_p05_std": 0.0,
      "confidence_corr_mean": 0.2520720613952882,
      "confidence_corr_std": 0.0,
      "eligible_for_pass": 1,
      "feature_set": "C_official_internal",
      "head": "hgb",
      "ignored_n_mean": 25.0,
      "ignored_n_std": 0.0,
      "intervention_precision_mean": 0.6098654708520179,
      "intervention_precision_std": 0.0,
      "intervention_rate_mean": 0.988,
      "intervention_rate_std": 0.0,
      "labeled_n_mean": 225.0,
      "labeled_n_std": 0.0,
      "mean_oracle_gated_gain_mean": 0.6946451753408356,
      "mean_oracle_gated_gain_std": 0.0,
      "nochange_false_intervention_rate_mean": 0.9886363636363636,
      "nochange_false_intervention_rate_std": 0.0,
      "oracle_recovery_mean": 0.8964841073728885,
      "oracle_recovery_std": 0.0,
      "passes_line": false,
      "precision_gap_vs_shuffled": -0.0027471417605946513,
      "residual_low_false_intervention_rate_mean": 1.0,
      "residual_low_false_intervention_rate_std": 0.0,
      "sim_delta_vs_official_mean": 0.6946451753408356,
      "sim_delta_vs_official_std": 0.0,
      "split_family": "official_strength_bin",
      "split_group": "official_strength_bin=midlow_official_q2",
      "splits": 1,
      "strong_nochange_false_intervention_rate_mean": 0.0,
      "strong_nochange_false_intervention_rate_std": 0.0,
      "target_margin": 0.2
    },
    {
      "bootstrap_gain_p05_mean": 0.061201634305296876,
      "bootstrap_gain_p05_std": 0.0,
      "confidence_corr_mean": 0.22346754558161694,
      "confidence_corr_std": 0.0,
      "eligible_for_pass": 1,
      "feature_set": "C_official_internal",
      "head": "hgb",
      "ignored_n_mean": 40.0,
      "ignored_n_std": 0.0,
      "intervention_precision_mean": 0.4624277456647399,
      "intervention_precision_std": 0.0,
      "intervention_rate_mean": 0.832,
      "intervention_rate_std": 0.0,
      "labeled_n_mean": 210.0,
      "labeled_n_std": 0.0,
      "mean_oracle_gated_gain_mean": 0.10096426473998585,
      "mean_oracle_gated_gain_std": 0.0,
      "nochange_false_intervention_rate_mean": 0.744,
      "nochange_false_intervention_rate_std": 0.0,
      "oracle_recovery_mean": 0.49578740155646656,
      "oracle_recovery_std": 0.0,
      "passes_line": false,
      "precision_gap_vs_shuffled": 0.011878295115289317,
      "residual_low_false_intervention_rate_mean": 0.875,
      "residual_low_false_intervention_rate_std": 0.0,
      "sim_delta_vs_official_mean": 0.10096426473998585,
      "sim_delta_vs_official_std": 0.0,
      "split_family": "official_strength_bin",
      "split_group": "official_strength_bin=strong_official_q4",
      "splits": 1,
      "strong_nochange_false_intervention_rate_mean": 0.744,
      "strong_nochange_false_intervention_rate_std": 0.0,
      "target_margin": 0.2
    },
    {
      "bootstrap_gain_p05_mean": 1.1292365741604502,
      "bootstrap_gain_p05_std": 0.0,
      "confidence_corr_mean": 0.13711231547977443,
      "confidence_corr_std": 0.0,
      "eligible_for_pass": 1,
      "feature_set": "C_official_internal",
      "head": "hgb",
      "ignored_n_mean": 11.0,
      "ignored_n_std": 0.0,
      "intervention_precision_mean": 0.7669491525423728,
      "intervention_precision_std": 0.0,
      "intervention_rate_mean": 0.984,
      "intervention_rate_std": 0.0,
      "labeled_n_mean": 239.0,
      "labeled_n_std": 0.0,
      "mean_oracle_gated_gain_mean": 1.2837639285203761,
      "mean_oracle_gated_gain_std": 0.0,
      "nochange_false_intervention_rate_mean": 0.9821428571428571,
      "nochange_false_intervention_rate_std": 0.0,
      "oracle_recovery_mean": 0.9667817284119,
      "oracle_recovery_std": 0.0,
      "passes_line": false,
      "precision_gap_vs_shuffled": 0.002243270189431712,
      "residual_low_false_intervention_rate_mean": 1.0,
      "residual_low_false_intervention_rate_std": 0.0,
      "sim_delta_vs_official_mean": 1.2837639285203761,
      "sim_delta_vs_official_std": 0.0,
      "split_family": "official_strength_bin",
      "split_group": "official_strength_bin=weak_official_q1",
      "splits": 1,
      "strong_nochange_false_intervention_rate_mean": 0.0,
      "strong_nochange_false_intervention_rate_std": 0.0,
      "target_margin": 0.2
    },
    {
      "bootstrap_gain_p05_mean": 0.5158461237152601,
      "bootstrap_gain_p05_std": 0.07658658387861329,
      "confidence_corr_mean": 0.47133401892228605,
      "confidence_corr_std": 0.03150699571877436,
      "eligible_for_pass": 1,
      "feature_set": "C_official_internal",
      "head": "hgb",
      "ignored_n_mean": 23.666666666666668,
      "ignored_n_std": 5.734883511361751,
      "intervention_precision_mean": 0.6597040262184022,
      "intervention_precision_std": 0.02680947089847677,
      "intervention_rate_mean": 0.7946666666666667,
      "intervention_rate_std": 0.017987650084309352,
      "labeled_n_mean": 226.33333333333334,
      "labeled_n_std": 5.734883511361751,
      "mean_oracle_gated_gain_mean": 0.6439829276619377,
      "mean_oracle_gated_gain_std": 0.08524507664273859,
      "nochange_false_intervention_rate_mean": 0.6050080638315932,
      "nochange_false_intervention_rate_std": 0.03477196607087918,
      "oracle_recovery_mean": 0.9125926630445879,
      "oracle_recovery_std": 0.028720682118538107,
      "passes_line": false,
      "precision_gap_vs_shuffled": 0.04620833176165928,
      "residual_low_false_intervention_rate_mean": 0.7525937339496661,
      "residual_low_false_intervention_rate_std": 0.056207831710575085,
      "sim_delta_vs_official_mean": 0.6439829276619377,
      "sim_delta_vs_official_std": 0.08524507664273859,
      "split_family": "random",
      "split_group": "random",
      "splits": 3,
      "strong_nochange_false_intervention_rate_mean": 0.44991712793570376,
      "strong_nochange_false_intervention_rate_std": 0.09322609187794109,
      "target_margin": 0.2
    },
    {
      "bootstrap_gain_p05_mean": 0.5943054815470934,
      "bootstrap_gain_p05_std": 0.0,
      "confidence_corr_mean": 0.3585564368406319,
      "confidence_corr_std": 0.0,
      "eligible_for_pass": 1,
      "feature_set": "C_official_internal",
      "head": "hgb",
      "ignored_n_mean": 26.0,
      "ignored_n_std": 0.0,
      "intervention_precision_mean": 0.5346534653465347,
      "intervention_precision_std": 0.0,
      "intervention_rate_mean": 0.908,
      "intervention_rate_std": 0.0,
      "labeled_n_mean": 224.0,
      "labeled_n_std": 0.0,
      "mean_oracle_gated_gain_mean": 0.7689226059311787,
      "mean_oracle_gated_gain_std": 0.0,
      "nochange_false_intervention_rate_mean": 0.8173913043478261,
      "nochange_false_intervention_rate_std": 0.0,
      "oracle_recovery_mean": 0.8922988062056016,
      "oracle_recovery_std": 0.0,
      "passes_line": false,
      "precision_gap_vs_shuffled": 0.02036775106082045,
      "residual_low_false_intervention_rate_mean": 0.0,
      "residual_low_false_intervention_rate_std": 0.0,
      "sim_delta_vs_official_mean": 0.7689226059311787,
      "sim_delta_vs_official_std": 0.0,
      "split_family": "residual_energy_bin",
      "split_group": "residual_energy_bin=residual_high_q4",
      "splits": 1,
      "strong_nochange_false_intervention_rate_mean": 0.9090909090909091,
      "strong_nochange_false_intervention_rate_std": 0.0,
      "target_margin": 0.2
    },
    {
      "bootstrap_gain_p05_mean": 0.28460827579751913,
      "bootstrap_gain_p05_std": 0.0,
      "confidence_corr_mean": 0.4380869484478756,
      "confidence_corr_std": 0.0,
      "eligible_for_pass": 1,
      "feature_set": "C_official_internal",
      "head": "hgb",
      "ignored_n_mean": 33.0,
      "ignored_n_std": 0.0,
      "intervention_precision_mean": 0.6666666666666666,
      "intervention_precision_std": 0.0,
      "intervention_rate_mean": 0.764,
      "intervention_rate_std": 0.0,
      "labeled_n_mean": 217.0,
      "labeled_n_std": 0.0,
      "mean_oracle_gated_gain_mean": 0.3563058896992377,
      "mean_oracle_gated_gain_std": 0.0,
      "nochange_false_intervention_rate_mean": 0.5957446808510638,
      "nochange_false_intervention_rate_std": 0.0,
      "oracle_recovery_mean": 0.829423291312198,
      "oracle_recovery_std": 0.0,
      "passes_line": false,
      "precision_gap_vs_shuffled": 0.035650623885918,
      "residual_low_false_intervention_rate_mean": 0.764,
      "residual_low_false_intervention_rate_std": 0.0,
      "sim_delta_vs_official_mean": 0.3563058896992377,
      "sim_delta_vs_official_std": 0.0,
      "split_family": "residual_energy_bin",
      "split_group": "residual_energy_bin=residual_low_q1",
      "splits": 1,
      "strong_nochange_false_intervention_rate_mean": 0.5588235294117647,
      "strong_nochange_false_intervention_rate_std": 0.0,
      "target_margin": 0.2
    },
    {
      "bootstrap_gain_p05_mean": 0.5891233719552356,
      "bootstrap_gain_p05_std": 0.0,
      "confidence_corr_mean": 0.43485570095994464,
      "confidence_corr_std": 0.0,
      "eligible_for_pass": 1,
      "feature_set": "C_official_internal",
      "head": "hgb",
      "ignored_n_mean": 15.0,
      "ignored_n_std": 0.0,
      "intervention_precision_mean": 0.6666666666666666,
      "intervention_precision_std": 0.0,
      "intervention_rate_mean": 0.816,
      "intervention_rate_std": 0.0,
      "labeled_n_mean": 235.0,
      "labeled_n_std": 0.0,
      "mean_oracle_gated_gain_mean": 0.7102264908132956,
      "mean_oracle_gated_gain_std": 0.0,
      "nochange_false_intervention_rate_mean": 0.6213592233009708,
      "nochange_false_intervention_rate_std": 0.0,
      "oracle_recovery_mean": 0.9190589411960643,
      "oracle_recovery_std": 0.0,
      "passes_line": false,
      "precision_gap_vs_shuffled": 0.03166666666666662,
      "residual_low_false_intervention_rate_mean": 0.0,
      "residual_low_false_intervention_rate_std": 0.0,
      "sim_delta_vs_official_mean": 0.7102264908132956,
      "sim_delta_vs_official_std": 0.0,
      "split_family": "residual_energy_bin",
      "split_group": "residual_energy_bin=residual_midhigh_q3",
      "splits": 1,
      "strong_nochange_false_intervention_rate_mean": 0.625,
      "strong_nochange_false_intervention_rate_std": 0.0,
      "target_margin": 0.2
    },
    {
      "bootstrap_gain_p05_mean": 0.3434084633491183,
      "bootstrap_gain_p05_std": 0.0,
      "confidence_corr_mean": 0.4658764880340208,
      "confidence_corr_std": 0.0,
      "eligible_for_pass": 1,
      "feature_set": "C_official_internal",
      "head": "hgb",
      "ignored_n_mean": 22.0,
      "ignored_n_std": 0.0,
      "intervention_precision_mean": 0.6740331491712708,
      "intervention_precision_std": 0.0,
      "intervention_rate_mean": 0.792,
      "intervention_rate_std": 0.0,
      "labeled_n_mean": 228.0,
      "labeled_n_std": 0.0,
      "mean_oracle_gated_gain_mean": 0.44021710059873714,
      "mean_oracle_gated_gain_std": 0.0,
      "nochange_false_intervention_rate_mean": 0.5959595959595959,
      "nochange_false_intervention_rate_std": 0.0,
      "oracle_recovery_mean": 0.847174775615306,
      "oracle_recovery_std": 0.0,
      "passes_line": false,
      "precision_gap_vs_shuffled": 0.053520328658450245,
      "residual_low_false_intervention_rate_mean": 0.0,
      "residual_low_false_intervention_rate_std": 0.0,
      "sim_delta_vs_official_mean": 0.44021710059873714,
      "sim_delta_vs_official_std": 0.0,
      "split_family": "residual_energy_bin",
      "split_group": "residual_energy_bin=residual_midlow_q2",
      "splits": 1,
      "strong_nochange_false_intervention_rate_mean": 0.42105263157894735,
      "strong_nochange_false_intervention_rate_std": 0.0,
      "target_margin": 0.2
    },
    {
      "bootstrap_gain_p05_mean": 0.3599731059406508,
      "bootstrap_gain_p05_std": 0.0,
      "confidence_corr_mean": 0.39006980396719204,
      "confidence_corr_std": 0.0,
      "eligible_for_pass": 1,
      "feature_set": "D_internal_contrast",
      "head": "hgb",
      "ignored_n_mean": 19.0,
      "ignored_n_std": 0.0,
      "intervention_precision_mean": 0.5945945945945946,
      "intervention_precision_std": 0.0,
      "intervention_rate_mean": 0.8556701030927835,
      "intervention_rate_std": 0.0,
      "labeled_n_mean": 175.0,
      "labeled_n_std": 0.0,
      "mean_oracle_gated_gain_mean": 0.5029468026048138,
      "mean_oracle_gated_gain_std": 0.0,
      "nochange_false_intervention_rate_mean": 0.7058823529411765,
      "nochange_false_intervention_rate_std": 0.0,
      "oracle_recovery_mean": 0.8713127136357203,
      "oracle_recovery_std": 0.0,
      "passes_line": false,
      "precision_gap_vs_shuffled": 0.05138471805138478,
      "residual_low_false_intervention_rate_mean": 0.875,
      "residual_low_false_intervention_rate_std": 0.0,
      "sim_delta_vs_official_mean": 0.5029468026048138,
      "sim_delta_vs_official_std": 0.0,
      "split_family": "airlight_bin",
      "split_group": "airlight_bin=0.65<=A<0.75",
      "splits": 1,
      "strong_nochange_false_intervention_rate_mean": 0.5555555555555556,
      "strong_nochange_false_intervention_rate_std": 0.0,
      "target_margin": 0.2
    },
    {
      "bootstrap_gain_p05_mean": 0.4241749179727169,
      "bootstrap_gain_p05_std": 0.0,
      "confidence_corr_mean": 0.5682437342108305,
      "confidence_corr_std": 0.0,
      "eligible_for_pass": 1,
      "feature_set": "D_internal_contrast",
      "head": "hgb",
      "ignored_n_mean": 21.0,
      "ignored_n_std": 0.0,
      "intervention_precision_mean": 0.7338129496402878,
      "intervention_precision_std": 0.0,
      "intervention_rate_mean": 0.7380952380952381,
      "intervention_rate_std": 0.0,
      "labeled_n_mean": 189.0,
      "labeled_n_std": 0.0,
      "mean_oracle_gated_gain_mean": 0.5389379898746415,
      "mean_oracle_gated_gain_std": 0.0,
      "nochange_false_intervention_rate_mean": 0.47435897435897434,
      "nochange_false_intervention_rate_std": 0.0,
      "oracle_recovery_mean": 0.8975507389426334,
      "oracle_recovery_std": 0.0,
      "passes_line": false,
      "precision_gap_vs_shuffled": 0.06300549622413865,
      "residual_low_false_intervention_rate_mean": 0.7592592592592593,
      "residual_low_false_intervention_rate_std": 0.0,
      "sim_delta_vs_official_mean": 0.5389379898746415,
      "sim_delta_vs_official_std": 0.0,
      "split_family": "airlight_bin",
      "split_group": "airlight_bin=0.75<=A<0.85",
      "splits": 1,
      "strong_nochange_false_intervention_rate_mean": 0.4583333333333333,
      "strong_nochange_false_intervention_rate_std": 0.0,
      "target_margin": 0.2
    },
    {
      "bootstrap_gain_p05_mean": 0.389700522324073,
      "bootstrap_gain_p05_std": 0.0,
      "confidence_corr_mean": 0.5380481376643204,
      "confidence_corr_std": 0.0,
      "eligible_for_pass": 1,
      "feature_set": "D_internal_contrast",
      "head": "hgb",
      "ignored_n_mean": 20.0,
      "ignored_n_std": 0.0,
      "intervention_precision_mean": 0.5923076923076923,
      "intervention_precision_std": 0.0,
      "intervention_rate_mean": 0.8285714285714286,
      "intervention_rate_std": 0.0,
      "labeled_n_mean": 155.0,
      "labeled_n_std": 0.0,
      "mean_oracle_gated_gain_mean": 0.5087642067134258,
      "mean_oracle_gated_gain_std": 0.0,
      "nochange_false_intervention_rate_mean": 0.6794871794871795,
      "nochange_false_intervention_rate_std": 0.0,
      "oracle_recovery_mean": 0.9110633008205069,
      "oracle_recovery_std": 0.0,
      "passes_line": false,
      "precision_gap_vs_shuffled": 0.033484162895927594,
      "residual_low_false_intervention_rate_mean": 0.875,
      "residual_low_false_intervention_rate_std": 0.0,
      "sim_delta_vs_official_mean": 0.5087642067134258,
      "sim_delta_vs_official_std": 0.0,
      "split_family": "airlight_bin",
      "split_group": "airlight_bin=0.85<=A<0.95",
      "splits": 1,
      "strong_nochange_false_intervention_rate_mean": 0.8571428571428571,
      "strong_nochange_false_intervention_rate_std": 0.0,
      "target_margin": 0.2
    },
    {
      "bootstrap_gain_p05_mean": 0.6117988536216801,
      "bootstrap_gain_p05_std": 0.0,
      "confidence_corr_mean": 0.4403211936386013,
      "confidence_corr_std": 0.0,
      "eligible_for_pass": 1,
      "feature_set": "D_internal_contrast",
      "head": "hgb",
      "ignored_n_mean": 26.0,
      "ignored_n_std": 0.0,
      "intervention_precision_mean": 0.6787330316742082,
      "intervention_precision_std": 0.0,
      "intervention_rate_mean": 0.8169491525423729,
      "intervention_rate_std": 0.0,
      "labeled_n_mean": 269.0,
      "labeled_n_std": 0.0,
      "mean_oracle_gated_gain_mean": 0.7532948090209277,
      "mean_oracle_gated_gain_std": 0.0,
      "nochange_false_intervention_rate_mean": 0.6283185840707964,
      "nochange_false_intervention_rate_std": 0.0,
      "oracle_recovery_mean": 0.8951815903255814,
      "oracle_recovery_std": 0.0,
      "passes_line": false,
      "precision_gap_vs_shuffled": 0.052123589614122334,
      "residual_low_false_intervention_rate_mean": 0.7127659574468085,
      "residual_low_false_intervention_rate_std": 0.0,
      "sim_delta_vs_official_mean": 0.7532948090209277,
      "sim_delta_vs_official_std": 0.0,
      "split_family": "airlight_bin",
      "split_group": "airlight_bin=A<0.65",
      "splits": 1,
      "strong_nochange_false_intervention_rate_mean": 0.49056603773584906,
      "strong_nochange_false_intervention_rate_std": 0.0,
      "target_margin": 0.2
    },
    {
      "bootstrap_gain_p05_mean": 0.27891347029434055,
      "bootstrap_gain_p05_std": 0.0,
      "confidence_corr_mean": 0.3593265075465465,
      "confidence_corr_std": 0.0,
      "eligible_for_pass": 1,
      "feature_set": "D_internal_contrast",
      "head": "hgb",
      "ignored_n_mean": 10.0,
      "ignored_n_std": 0.0,
      "intervention_precision_mean": 0.5714285714285714,
      "intervention_precision_std": 0.0,
      "intervention_rate_mean": 0.8492063492063492,
      "intervention_rate_std": 0.0,
      "labeled_n_mean": 116.0,
      "labeled_n_std": 0.0,
      "mean_oracle_gated_gain_mean": 0.41440847900718936,
      "mean_oracle_gated_gain_std": 0.0,
      "nochange_false_intervention_rate_mean": 0.7368421052631579,
      "nochange_false_intervention_rate_std": 0.0,
      "oracle_recovery_mean": 0.8437512480687764,
      "oracle_recovery_std": 0.0,
      "passes_line": false,
      "precision_gap_vs_shuffled": 0.03369272237196763,
      "residual_low_false_intervention_rate_mean": 1.0,
      "residual_low_false_intervention_rate_std": 0.0,
      "sim_delta_vs_official_mean": 0.41440847900718936,
      "sim_delta_vs_official_std": 0.0,
      "split_family": "airlight_bin",
      "split_group": "airlight_bin=A>=0.95",
      "splits": 1,
      "strong_nochange_false_intervention_rate_mean": 0.8571428571428571,
      "strong_nochange_false_intervention_rate_std": 0.0,
      "target_margin": 0.2
    },
    {
      "bootstrap_gain_p05_mean": 0.3311409769514729,
      "bootstrap_gain_p05_std": 0.0,
      "confidence_corr_mean": 0.4983861579238246,
      "confidence_corr_std": 0.0,
      "eligible_for_pass": 1,
      "feature_set": "D_internal_contrast",
      "head": "hgb",
      "ignored_n_mean": 16.0,
      "ignored_n_std": 0.0,
      "intervention_precision_mean": 0.5588235294117647,
      "intervention_precision_std": 0.0,
      "intervention_rate_mean": 0.776595744680851,
      "intervention_rate_std": 0.0,
      "labeled_n_mean": 172.0,
      "labeled_n_std": 0.0,
      "mean_oracle_gated_gain_mean": 0.4602990331852234,
      "mean_oracle_gated_gain_std": 0.0,
      "nochange_false_intervention_rate_mean": 0.6593406593406593,
      "nochange_false_intervention_rate_std": 0.0,
      "oracle_recovery_mean": 0.8575032018730582,
      "oracle_recovery_std": 0.0,
      "passes_line": false,
      "precision_gap_vs_shuffled": 0.04566563467492257,
      "residual_low_false_intervention_rate_mean": 0.85,
      "residual_low_false_intervention_rate_std": 0.0,
      "sim_delta_vs_official_mean": 0.4602990331852234,
      "sim_delta_vs_official_std": 0.0,
      "split_family": "beta_bin",
      "split_group": "beta_bin=0.8<=beta<1.1",
      "splits": 1,
      "strong_nochange_false_intervention_rate_mean": 0.6764705882352942,
      "strong_nochange_false_intervention_rate_std": 0.0,
      "target_margin": 0.2
    },
    {
      "bootstrap_gain_p05_mean": 0.5908190496605115,
      "bootstrap_gain_p05_std": 0.0,
      "confidence_corr_mean": 0.5361550519021411,
      "confidence_corr_std": 0.0,
      "eligible_for_pass": 1,
      "feature_set": "D_internal_contrast",
      "head": "hgb",
      "ignored_n_mean": 26.0,
      "ignored_n_std": 0.0,
      "intervention_precision_mean": 0.7185185185185186,
      "intervention_precision_std": 0.0,
      "intervention_rate_mean": 0.7788944723618091,
      "intervention_rate_std": 0.0,
      "labeled_n_mean": 173.0,
      "labeled_n_std": 0.0,
      "mean_oracle_gated_gain_mean": 0.7259676377461282,
      "mean_oracle_gated_gain_std": 0.0,
      "nochange_false_intervention_rate_mean": 0.5277777777777778,
      "nochange_false_intervention_rate_std": 0.0,
      "oracle_recovery_mean": 0.9340782813234166,
      "oracle_recovery_std": 0.0,
      "passes_line": false,
      "precision_gap_vs_shuffled": 0.06720272904483438,
      "residual_low_false_intervention_rate_mean": 0.8,
      "residual_low_false_intervention_rate_std": 0.0,
      "sim_delta_vs_official_mean": 0.7259676377461282,
      "sim_delta_vs_official_std": 0.0,
      "split_family": "beta_bin",
      "split_group": "beta_bin=1.1<=beta<1.4",
      "splits": 1,
      "strong_nochange_false_intervention_rate_mean": 0.4230769230769231,
      "strong_nochange_false_intervention_rate_std": 0.0,
      "target_margin": 0.2
    },
    {
      "bootstrap_gain_p05_mean": 0.40484477372065003,
      "bootstrap_gain_p05_std": 0.0,
      "confidence_corr_mean": 0.5094202921025921,
      "confidence_corr_std": 0.0,
      "eligible_for_pass": 1,
      "feature_set": "D_internal_contrast",
      "head": "hgb",
      "ignored_n_mean": 17.0,
      "ignored_n_std": 0.0,
      "intervention_precision_mean": 0.6333333333333333,
      "intervention_precision_std": 0.0,
      "intervention_rate_mean": 0.8090452261306532,
      "intervention_rate_std": 0.0,
      "labeled_n_mean": 182.0,
      "labeled_n_std": 0.0,
      "mean_oracle_gated_gain_mean": 0.5184060330989004,
      "mean_oracle_gated_gain_std": 0.0,
      "nochange_false_intervention_rate_mean": 0.6395348837209303,
      "nochange_false_intervention_rate_std": 0.0,
      "oracle_recovery_mean": 0.9048987972600697,
      "oracle_recovery_std": 0.0,
      "passes_line": false,
      "precision_gap_vs_shuffled": 0.06785714285714284,
      "residual_low_false_intervention_rate_mean": 0.7857142857142857,
      "residual_low_false_intervention_rate_std": 0.0,
      "sim_delta_vs_official_mean": 0.5184060330989004,
      "sim_delta_vs_official_std": 0.0,
      "split_family": "beta_bin",
      "split_group": "beta_bin=1.4<=beta<1.7",
      "splits": 1,
      "strong_nochange_false_intervention_rate_mean": 0.5,
      "strong_nochange_false_intervention_rate_std": 0.0,
      "target_margin": 0.2
    },
    {
      "bootstrap_gain_p05_mean": 0.5414913419140935,
      "bootstrap_gain_p05_std": 0.0,
      "confidence_corr_mean": 0.4022151623868729,
      "confidence_corr_std": 0.0,
      "eligible_for_pass": 1,
      "feature_set": "D_internal_contrast",
      "head": "hgb",
      "ignored_n_mean": 13.0,
      "ignored_n_std": 0.0,
      "intervention_precision_mean": 0.68,
      "intervention_precision_std": 0.0,
      "intervention_rate_mean": 0.8112244897959183,
      "intervention_rate_std": 0.0,
      "labeled_n_mean": 183.0,
      "labeled_n_std": 0.0,
      "mean_oracle_gated_gain_mean": 0.6892821465722453,
      "mean_oracle_gated_gain_std": 0.0,
      "nochange_false_intervention_rate_mean": 0.6486486486486487,
      "nochange_false_intervention_rate_std": 0.0,
      "oracle_recovery_mean": 0.8950980668183759,
      "oracle_recovery_std": 0.0,
      "passes_line": false,
      "precision_gap_vs_shuffled": 0.017748344370860925,
      "residual_low_false_intervention_rate_mean": 0.75,
      "residual_low_false_intervention_rate_std": 0.0,
      "sim_delta_vs_official_mean": 0.6892821465722453,
      "sim_delta_vs_official_std": 0.0,
      "split_family": "beta_bin",
      "split_group": "beta_bin=beta<0.8",
      "splits": 1,
      "strong_nochange_false_intervention_rate_mean": 0.4358974358974359,
      "strong_nochange_false_intervention_rate_std": 0.0,
      "target_margin": 0.2
    },
    {
      "bootstrap_gain_p05_mean": 0.40233378926418684,
      "bootstrap_gain_p05_std": 0.0,
      "confidence_corr_mean": 0.3920786767317571,
      "confidence_corr_std": 0.0,
      "eligible_for_pass": 1,
      "feature_set": "D_internal_contrast",
      "head": "hgb",
      "ignored_n_mean": 24.0,
      "ignored_n_std": 0.0,
      "intervention_precision_mean": 0.6204819277108434,
      "intervention_precision_std": 0.0,
      "intervention_rate_mean": 0.8623853211009175,
      "intervention_rate_std": 0.0,
      "labeled_n_mean": 194.0,
      "labeled_n_std": 0.0,
      "mean_oracle_gated_gain_mean": 0.5078962032302013,
      "mean_oracle_gated_gain_std": 0.0,
      "nochange_false_intervention_rate_mean": 0.7159090909090909,
      "nochange_false_intervention_rate_std": 0.0,
      "oracle_recovery_mean": 0.8828529529907058,
      "oracle_recovery_std": 0.0,
      "passes_line": false,
      "precision_gap_vs_shuffled": 0.01569150854916679,
      "residual_low_false_intervention_rate_mean": 0.8888888888888888,
      "residual_low_false_intervention_rate_std": 0.0,
      "sim_delta_vs_official_mean": 0.5078962032302013,
      "sim_delta_vs_official_std": 0.0,
      "split_family": "beta_bin",
      "split_group": "beta_bin=beta>=1.7",
      "splits": 1,
      "strong_nochange_false_intervention_rate_mean": 0.5833333333333334,
      "strong_nochange_false_intervention_rate_std": 0.0,
      "target_margin": 0.2
    },
    {
      "bootstrap_gain_p05_mean": 0.872331176460286,
      "bootstrap_gain_p05_std": 0.0,
      "confidence_corr_mean": 0.16864456263046537,
      "confidence_corr_std": 0.0,
      "eligible_for_pass": 1,
      "feature_set": "D_internal_contrast",
      "head": "hgb",
      "ignored_n_mean": 8.0,
      "ignored_n_std": 0.0,
      "intervention_precision_mean": 0.6994818652849741,
      "intervention_precision_std": 0.0,
      "intervention_rate_mean": 0.9852941176470589,
      "intervention_rate_std": 0.0,
      "labeled_n_mean": 196.0,
      "labeled_n_std": 0.0,
      "mean_oracle_gated_gain_mean": 1.0386190839589122,
      "mean_oracle_gated_gain_std": 0.0,
      "nochange_false_intervention_rate_mean": 0.9666666666666667,
      "nochange_false_intervention_rate_std": 0.0,
      "oracle_recovery_mean": 0.946229828981072,
      "oracle_recovery_std": 0.0,
      "passes_line": false,
      "precision_gap_vs_shuffled": 0.005604314264565979,
      "residual_low_false_intervention_rate_mean": 0.984375,
      "residual_low_false_intervention_rate_std": 0.0,
      "sim_delta_vs_official_mean": 1.0386190839589122,
      "sim_delta_vs_official_std": 0.0,
      "split_family": "content_cluster",
      "split_group": "content_cluster=content_k5_c0",
      "splits": 1,
      "strong_nochange_false_intervention_rate_mean": 0.0,
      "strong_nochange_false_intervention_rate_std": 0.0,
      "target_margin": 0.2
    },
    {
      "bootstrap_gain_p05_mean": 1.0014124072208699,
      "bootstrap_gain_p05_std": 0.0,
      "confidence_corr_mean": 0.3711518687049572,
      "confidence_corr_std": 0.0,
      "eligible_for_pass": 1,
      "feature_set": "D_internal_contrast",
      "head": "hgb",
      "ignored_n_mean": 4.0,
      "ignored_n_std": 0.0,
      "intervention_precision_mean": 0.7428571428571429,
      "intervention_precision_std": 0.0,
      "intervention_rate_mean": 0.9732142857142857,
      "intervention_rate_std": 0.0,
      "labeled_n_mean": 108.0,
      "labeled_n_std": 0.0,
      "mean_oracle_gated_gain_mean": 1.300040424733396,
      "mean_oracle_gated_gain_std": 0.0,
      "nochange_false_intervention_rate_mean": 0.9,
      "nochange_false_intervention_rate_std": 0.0,
      "oracle_recovery_mean": 0.9608254026778899,
      "oracle_recovery_std": 0.0,
      "passes_line": false,
      "precision_gap_vs_shuffled": 0.0,
      "residual_low_false_intervention_rate_mean": 1.0,
      "residual_low_false_intervention_rate_std": 0.0,
      "sim_delta_vs_official_mean": 1.300040424733396,
      "sim_delta_vs_official_std": 0.0,
      "split_family": "content_cluster",
      "split_group": "content_cluster=content_k5_c1",
      "splits": 1,
      "strong_nochange_false_intervention_rate_mean": 1.0,
      "strong_nochange_false_intervention_rate_std": 0.0,
      "target_margin": 0.2
    },
    {
      "bootstrap_gain_p05_mean": 0.02144831964600119,
      "bootstrap_gain_p05_std": 0.0,
      "confidence_corr_mean": 0.2508065340740374,
      "confidence_corr_std": 0.0,
      "eligible_for_pass": 1,
      "feature_set": "D_internal_contrast",
      "head": "hgb",
      "ignored_n_mean": 31.0,
      "ignored_n_std": 0.0,
      "intervention_precision_mean": 0.39303482587064675,
      "intervention_precision_std": 0.0,
      "intervention_rate_mean": 0.8697318007662835,
      "intervention_rate_std": 0.0,
      "labeled_n_mean": 230.0,
      "labeled_n_std": 0.0,
      "mean_oracle_gated_gain_mean": 0.07439311109193425,
      "mean_oracle_gated_gain_std": 0.0,
      "nochange_false_intervention_rate_mean": 0.8187919463087249,
      "nochange_false_intervention_rate_std": 0.0,
      "oracle_recovery_mean": 0.3382478124817113,
      "oracle_recovery_std": 0.0,
      "passes_line": false,
      "precision_gap_vs_shuffled": 0.005779923909862428,
      "residual_low_false_intervention_rate_mean": 0.875,
      "residual_low_false_intervention_rate_std": 0.0,
      "sim_delta_vs_official_mean": 0.07439311109193425,
      "sim_delta_vs_official_std": 0.0,
      "split_family": "content_cluster",
      "split_group": "content_cluster=content_k5_c2",
      "splits": 1,
      "strong_nochange_false_intervention_rate_mean": 0.8390804597701149,
      "strong_nochange_false_intervention_rate_std": 0.0,
      "target_margin": 0.2
    },
    {
      "bootstrap_gain_p05_mean": 0.6269511933176658,
      "bootstrap_gain_p05_std": 0.0,
      "confidence_corr_mean": 0.25582005109701844,
      "confidence_corr_std": 0.0,
      "eligible_for_pass": 1,
      "feature_set": "D_internal_contrast",
      "head": "hgb",
      "ignored_n_mean": 14.0,
      "ignored_n_std": 0.0,
      "intervention_precision_mean": 0.6722222222222223,
      "intervention_precision_std": 0.0,
      "intervention_rate_mean": 0.9847715736040609,
      "intervention_rate_std": 0.0,
      "labeled_n_mean": 183.0,
      "labeled_n_std": 0.0,
      "mean_oracle_gated_gain_mean": 0.7503825213987204,
      "mean_oracle_gated_gain_std": 0.0,
      "nochange_false_intervention_rate_mean": 0.9516129032258065,
      "nochange_false_intervention_rate_std": 0.0,
      "oracle_recovery_mean": 0.9148664498509026,
      "oracle_recovery_std": 0.0,
      "passes_line": false,
      "precision_gap_vs_shuffled": 0.011020036429872593,
      "residual_low_false_intervention_rate_mean": 1.0,
      "residual_low_false_intervention_rate_std": 0.0,
      "sim_delta_vs_official_mean": 0.7503825213987204,
      "sim_delta_vs_official_std": 0.0,
      "split_family": "content_cluster",
      "split_group": "content_cluster=content_k5_c3",
      "splits": 1,
      "strong_nochange_false_intervention_rate_mean": 0.0,
      "strong_nochange_false_intervention_rate_std": 0.0,
      "target_margin": 0.2
    },
    {
      "bootstrap_gain_p05_mean": 0.11554947922950291,
      "bootstrap_gain_p05_std": 0.0,
      "confidence_corr_mean": 0.39185227521755306,
      "confidence_corr_std": 0.0,
      "eligible_for_pass": 1,
      "feature_set": "D_internal_contrast",
      "head": "hgb",
      "ignored_n_mean": 39.0,
      "ignored_n_std": 0.0,
      "intervention_precision_mean": 0.4838709677419355,
      "intervention_precision_std": 0.0,
      "intervention_rate_mean": 0.831858407079646,
      "intervention_rate_std": 0.0,
      "labeled_n_mean": 187.0,
      "labeled_n_std": 0.0,
      "mean_oracle_gated_gain_mean": 0.16048805758740914,
      "mean_oracle_gated_gain_std": 0.0,
      "nochange_false_intervention_rate_mean": 0.7272727272727273,
      "nochange_false_intervention_rate_std": 0.0,
      "oracle_recovery_mean": 0.7044729833091068,
      "oracle_recovery_std": 0.0,
      "passes_line": false,
      "precision_gap_vs_shuffled": 0.026039642440730704,
      "residual_low_false_intervention_rate_mean": 0.9387755102040817,
      "residual_low_false_intervention_rate_std": 0.0,
      "sim_delta_vs_official_mean": 0.16048805758740914,
      "sim_delta_vs_official_std": 0.0,
      "split_family": "content_cluster",
      "split_group": "content_cluster=content_k5_c4",
      "splits": 1,
      "strong_nochange_false_intervention_rate_mean": 0.7714285714285715,
      "strong_nochange_false_intervention_rate_std": 0.0,
      "target_margin": 0.2
    },
    {
      "bootstrap_gain_p05_mean": 0.48034180747261873,
      "bootstrap_gain_p05_std": 0.0,
      "confidence_corr_mean": 0.48869901765637375,
      "confidence_corr_std": 0.0,
      "eligible_for_pass": 1,
      "feature_set": "D_internal_contrast",
      "head": "hgb",
      "ignored_n_mean": 16.0,
      "ignored_n_std": 0.0,
      "intervention_precision_mean": 0.6277777777777778,
      "intervention_precision_std": 0.0,
      "intervention_rate_mean": 0.756,
      "intervention_rate_std": 0.0,
      "labeled_n_mean": 234.0,
      "labeled_n_std": 0.0,
      "mean_oracle_gated_gain_mean": 0.6215063978105199,
      "mean_oracle_gated_gain_std": 0.0,
      "nochange_false_intervention_rate_mean": 0.5877192982456141,
      "nochange_false_intervention_rate_std": 0.0,
      "oracle_recovery_mean": 0.8673021291655993,
      "oracle_recovery_std": 0.0,
      "passes_line": false,
      "precision_gap_vs_shuffled": 0.045303550973654017,
      "residual_low_false_intervention_rate_mean": 0.8888888888888888,
      "residual_low_false_intervention_rate_std": 0.0,
      "sim_delta_vs_official_mean": 0.6215063978105199,
      "sim_delta_vs_official_std": 0.0,
      "split_family": "cr_strength_bin",
      "split_group": "cr_strength_bin=midhigh_cr_q3",
      "splits": 1,
      "strong_nochange_false_intervention_rate_mean": 0.5217391304347826,
      "strong_nochange_false_intervention_rate_std": 0.0,
      "target_margin": 0.2
    },
    {
      "bootstrap_gain_p05_mean": 0.5674303718166778,
      "bootstrap_gain_p05_std": 0.0,
      "confidence_corr_mean": 0.39693919271377154,
      "confidence_corr_std": 0.0,
      "eligible_for_pass": 1,
      "feature_set": "D_internal_contrast",
      "head": "hgb",
      "ignored_n_mean": 20.0,
      "ignored_n_std": 0.0,
      "intervention_precision_mean": 0.638095238095238,
      "intervention_precision_std": 0.0,
      "intervention_rate_mean": 0.912,
      "intervention_rate_std": 0.0,
      "labeled_n_mean": 230.0,
      "labeled_n_std": 0.0,
      "mean_oracle_gated_gain_mean": 0.7167518807707024,
      "mean_oracle_gated_gain_std": 0.0,
      "nochange_false_intervention_rate_mean": 0.8,
      "nochange_false_intervention_rate_std": 0.0,
      "oracle_recovery_mean": 0.914823863593647,
      "oracle_recovery_std": 0.0,
      "passes_line": false,
      "precision_gap_vs_shuffled": 0.021272808188696035,
      "residual_low_false_intervention_rate_mean": 1.0,
      "residual_low_false_intervention_rate_std": 0.0,
      "sim_delta_vs_official_mean": 0.7167518807707024,
      "sim_delta_vs_official_std": 0.0,
      "split_family": "cr_strength_bin",
      "split_group": "cr_strength_bin=midlow_cr_q2",
      "splits": 1,
      "strong_nochange_false_intervention_rate_mean": 1.0,
      "strong_nochange_false_intervention_rate_std": 0.0,
      "target_margin": 0.2
    },
    {
      "bootstrap_gain_p05_mean": 0.1676867029107878,
      "bootstrap_gain_p05_std": 0.0,
      "confidence_corr_mean": 0.48886476290721054,
      "confidence_corr_std": 0.0,
      "eligible_for_pass": 1,
      "feature_set": "D_internal_contrast",
      "head": "hgb",
      "ignored_n_mean": 42.0,
      "ignored_n_std": 0.0,
      "intervention_precision_mean": 0.5503355704697986,
      "intervention_precision_std": 0.0,
      "intervention_rate_mean": 0.712,
      "intervention_rate_std": 0.0,
      "labeled_n_mean": 208.0,
      "labeled_n_std": 0.0,
      "mean_oracle_gated_gain_mean": 0.2353431794343901,
      "mean_oracle_gated_gain_std": 0.0,
      "nochange_false_intervention_rate_mean": 0.5877192982456141,
      "nochange_false_intervention_rate_std": 0.0,
      "oracle_recovery_mean": 0.7485027605356498,
      "oracle_recovery_std": 0.0,
      "passes_line": false,
      "precision_gap_vs_shuffled": 0.0358847034177755,
      "residual_low_false_intervention_rate_mean": 0.7098765432098766,
      "residual_low_false_intervention_rate_std": 0.0,
      "sim_delta_vs_official_mean": 0.2353431794343901,
      "sim_delta_vs_official_std": 0.0,
      "split_family": "cr_strength_bin",
      "split_group": "cr_strength_bin=strong_cr_q4",
      "splits": 1,
      "strong_nochange_false_intervention_rate_mean": 0.5742574257425742,
      "strong_nochange_false_intervention_rate_std": 0.0,
      "target_margin": 0.2
    },
    {
      "bootstrap_gain_p05_mean": 0.5737410035138989,
      "bootstrap_gain_p05_std": 0.0,
      "confidence_corr_mean": 0.23235484159317077,
      "confidence_corr_std": 0.0,
      "eligible_for_pass": 1,
      "feature_set": "D_internal_contrast",
      "head": "hgb",
      "ignored_n_mean": 18.0,
      "ignored_n_std": 0.0,
      "intervention_precision_mean": 0.6355555555555555,
      "intervention_precision_std": 0.0,
      "intervention_rate_mean": 0.968,
      "intervention_rate_std": 0.0,
      "labeled_n_mean": 232.0,
      "labeled_n_std": 0.0,
      "mean_oracle_gated_gain_mean": 0.7026887032884575,
      "mean_oracle_gated_gain_std": 0.0,
      "nochange_false_intervention_rate_mean": 0.9318181818181818,
      "nochange_false_intervention_rate_std": 0.0,
      "oracle_recovery_mean": 0.9135103089896393,
      "oracle_recovery_std": 0.0,
      "passes_line": false,
      "precision_gap_vs_shuffled": 0.011101407083939807,
      "residual_low_false_intervention_rate_mean": 1.0,
      "residual_low_false_intervention_rate_std": 0.0,
      "sim_delta_vs_official_mean": 0.7026887032884575,
      "sim_delta_vs_official_std": 0.0,
      "split_family": "cr_strength_bin",
      "split_group": "cr_strength_bin=weak_cr_q1",
      "splits": 1,
      "strong_nochange_false_intervention_rate_mean": 0.0,
      "strong_nochange_false_intervention_rate_std": 0.0,
      "target_margin": 0.2
    },
    {
      "bootstrap_gain_p05_mean": 0.12924814622165748,
      "bootstrap_gain_p05_std": 0.0,
      "confidence_corr_mean": 0.42623245630272627,
      "confidence_corr_std": 0.0,
      "eligible_for_pass": 1,
      "feature_set": "D_internal_contrast",
      "head": "hgb",
      "ignored_n_mean": 20.0,
      "ignored_n_std": 0.0,
      "intervention_precision_mean": 0.4878048780487805,
      "intervention_precision_std": 0.0,
      "intervention_rate_mean": 0.724,
      "intervention_rate_std": 0.0,
      "labeled_n_mean": 230.0,
      "labeled_n_std": 0.0,
      "mean_oracle_gated_gain_mean": 0.18554894287800378,
      "mean_oracle_gated_gain_std": 0.0,
      "nochange_false_intervention_rate_mean": 0.5915492957746479,
      "nochange_false_intervention_rate_std": 0.0,
      "oracle_recovery_mean": 0.6690126649484244,
      "oracle_recovery_std": 0.0,
      "passes_line": false,
      "precision_gap_vs_shuffled": 0.05537244561634802,
      "residual_low_false_intervention_rate_mean": 0.7777777777777778,
      "residual_low_false_intervention_rate_std": 0.0,
      "sim_delta_vs_official_mean": 0.18554894287800378,
      "sim_delta_vs_official_std": 0.0,
      "split_family": "official_strength_bin",
      "split_group": "official_strength_bin=midhigh_official_q3",
      "splits": 1,
      "strong_nochange_false_intervention_rate_mean": 0.0,
      "strong_nochange_false_intervention_rate_std": 0.0,
      "target_margin": 0.2
    },
    {
      "bootstrap_gain_p05_mean": 0.5732548061576367,
      "bootstrap_gain_p05_std": 0.0,
      "confidence_corr_mean": 0.2250343057518384,
      "confidence_corr_std": 0.0,
      "eligible_for_pass": 1,
      "feature_set": "D_internal_contrast",
      "head": "hgb",
      "ignored_n_mean": 25.0,
      "ignored_n_std": 0.0,
      "intervention_precision_mean": 0.6284403669724771,
      "intervention_precision_std": 0.0,
      "intervention_rate_mean": 0.964,
      "intervention_rate_std": 0.0,
      "labeled_n_mean": 225.0,
      "labeled_n_std": 0.0,
      "mean_oracle_gated_gain_mean": 0.699042405574022,
      "mean_oracle_gated_gain_std": 0.0,
      "nochange_false_intervention_rate_mean": 0.9204545454545454,
      "nochange_false_intervention_rate_std": 0.0,
      "oracle_recovery_mean": 0.9021590147363161,
      "oracle_recovery_std": 0.0,
      "passes_line": false,
      "precision_gap_vs_shuffled": 0.0158277543598645,
      "residual_low_false_intervention_rate_mean": 0.9302325581395349,
      "residual_low_false_intervention_rate_std": 0.0,
      "sim_delta_vs_official_mean": 0.699042405574022,
      "sim_delta_vs_official_std": 0.0,
      "split_family": "official_strength_bin",
      "split_group": "official_strength_bin=midlow_official_q2",
      "splits": 1,
      "strong_nochange_false_intervention_rate_mean": 0.0,
      "strong_nochange_false_intervention_rate_std": 0.0,
      "target_margin": 0.2
    },
    {
      "bootstrap_gain_p05_mean": 0.0638685959391112,
      "bootstrap_gain_p05_std": 0.0,
      "confidence_corr_mean": 0.2228090071320323,
      "confidence_corr_std": 0.0,
      "eligible_for_pass": 1,
      "feature_set": "D_internal_contrast",
      "head": "hgb",
      "ignored_n_mean": 40.0,
      "ignored_n_std": 0.0,
      "intervention_precision_mean": 0.4768211920529801,
      "intervention_precision_std": 0.0,
      "intervention_rate_mean": 0.732,
      "intervention_rate_std": 0.0,
      "labeled_n_mean": 210.0,
      "labeled_n_std": 0.0,
      "mean_oracle_gated_gain_mean": 0.0999363605763371,
      "mean_oracle_gated_gain_std": 0.0,
      "nochange_false_intervention_rate_mean": 0.632,
      "nochange_false_intervention_rate_std": 0.0,
      "oracle_recovery_mean": 0.4907398539349698,
      "oracle_recovery_std": 0.0,
      "passes_line": false,
      "precision_gap_vs_shuffled": 0.026271741503529566,
      "residual_low_false_intervention_rate_mean": 0.756578947368421,
      "residual_low_false_intervention_rate_std": 0.0,
      "sim_delta_vs_official_mean": 0.0999363605763371,
      "sim_delta_vs_official_std": 0.0,
      "split_family": "official_strength_bin",
      "split_group": "official_strength_bin=strong_official_q4",
      "splits": 1,
      "strong_nochange_false_intervention_rate_mean": 0.632,
      "strong_nochange_false_intervention_rate_std": 0.0,
      "target_margin": 0.2
    },
    {
      "bootstrap_gain_p05_mean": 1.1295445290507704,
      "bootstrap_gain_p05_std": 0.0,
      "confidence_corr_mean": 0.2460509716103914,
      "confidence_corr_std": 0.0,
      "eligible_for_pass": 1,
      "feature_set": "D_internal_contrast",
      "head": "hgb",
      "ignored_n_mean": 11.0,
      "ignored_n_std": 0.0,
      "intervention_precision_mean": 0.7679324894514767,
      "intervention_precision_std": 0.0,
      "intervention_rate_mean": 0.992,
      "intervention_rate_std": 0.0,
      "labeled_n_mean": 239.0,
      "labeled_n_std": 0.0,
      "mean_oracle_gated_gain_mean": 1.2852298980982553,
      "mean_oracle_gated_gain_std": 0.0,
      "nochange_false_intervention_rate_mean": 0.9821428571428571,
      "nochange_false_intervention_rate_std": 0.0,
      "oracle_recovery_mean": 0.9678857262504549,
      "oracle_recovery_std": 0.0,
      "passes_line": false,
      "precision_gap_vs_shuffled": 0.0032266070985356166,
      "residual_low_false_intervention_rate_mean": 1.0,
      "residual_low_false_intervention_rate_std": 0.0,
      "sim_delta_vs_official_mean": 1.2852298980982553,
      "sim_delta_vs_official_std": 0.0,
      "split_family": "official_strength_bin",
      "split_group": "official_strength_bin=weak_official_q1",
      "splits": 1,
      "strong_nochange_false_intervention_rate_mean": 0.0,
      "strong_nochange_false_intervention_rate_std": 0.0,
      "target_margin": 0.2
    },
    {
      "bootstrap_gain_p05_mean": 0.5183911521844365,
      "bootstrap_gain_p05_std": 0.07469568744472886,
      "confidence_corr_mean": 0.4776652262027706,
      "confidence_corr_std": 0.04593976492076243,
      "eligible_for_pass": 1,
      "feature_set": "D_internal_contrast",
      "head": "hgb",
      "ignored_n_mean": 23.666666666666668,
      "ignored_n_std": 5.734883511361751,
      "intervention_precision_mean": 0.6576897314928067,
      "intervention_precision_std": 0.02333696118591109,
      "intervention_rate_mean": 0.8013333333333333,
      "intervention_rate_std": 0.026398653164297747,
      "labeled_n_mean": 226.33333333333334,
      "labeled_n_std": 5.734883511361751,
      "mean_oracle_gated_gain_mean": 0.6441484095641505,
      "mean_oracle_gated_gain_std": 0.08440911551934295,
      "nochange_false_intervention_rate_mean": 0.6121268709504003,
      "nochange_false_intervention_rate_std": 0.04898169511277623,
      "oracle_recovery_mean": 0.9129693056905067,
      "oracle_recovery_std": 0.027626263936297184,
      "passes_line": false,
      "precision_gap_vs_shuffled": 0.04419403703606384,
      "residual_low_false_intervention_rate_mean": 0.7894624208183529,
      "residual_low_false_intervention_rate_std": 0.032886517395583084,
      "sim_delta_vs_official_mean": 0.6441484095641505,
      "sim_delta_vs_official_std": 0.08440911551934295,
      "split_family": "random",
      "split_group": "random",
      "splits": 3,
      "strong_nochange_false_intervention_rate_mean": 0.4891328142102136,
      "strong_nochange_false_intervention_rate_std": 0.06450494034676527,
      "target_margin": 0.2
    },
    {
      "bootstrap_gain_p05_mean": 0.5978920351055307,
      "bootstrap_gain_p05_std": 0.0,
      "confidence_corr_mean": 0.38569204776884697,
      "confidence_corr_std": 0.0,
      "eligible_for_pass": 1,
      "feature_set": "D_internal_contrast",
      "head": "hgb",
      "ignored_n_mean": 26.0,
      "ignored_n_std": 0.0,
      "intervention_precision_mean": 0.5369458128078818,
      "intervention_precision_std": 0.0,
      "intervention_rate_mean": 0.908,
      "intervention_rate_std": 0.0,
      "labeled_n_mean": 224.0,
      "labeled_n_std": 0.0,
      "mean_oracle_gated_gain_mean": 0.7737858417843076,
      "mean_oracle_gated_gain_std": 0.0,
      "nochange_false_intervention_rate_mean": 0.8173913043478261,
      "nochange_false_intervention_rate_std": 0.0,
      "oracle_recovery_mean": 0.8979423644942647,
      "oracle_recovery_std": 0.0,
      "passes_line": false,
      "precision_gap_vs_shuffled": 0.02266009852216755,
      "residual_low_false_intervention_rate_mean": 0.0,
      "residual_low_false_intervention_rate_std": 0.0,
      "sim_delta_vs_official_mean": 0.7737858417843076,
      "sim_delta_vs_official_std": 0.0,
      "split_family": "residual_energy_bin",
      "split_group": "residual_energy_bin=residual_high_q4",
      "splits": 1,
      "strong_nochange_false_intervention_rate_mean": 0.7272727272727273,
      "strong_nochange_false_intervention_rate_std": 0.0,
      "target_margin": 0.2
    },
    {
      "bootstrap_gain_p05_mean": 0.2995776665140527,
      "bootstrap_gain_p05_std": 0.0,
      "confidence_corr_mean": 0.45092728252553965,
      "confidence_corr_std": 0.0,
      "eligible_for_pass": 1,
      "feature_set": "D_internal_contrast",
      "head": "hgb",
      "ignored_n_mean": 33.0,
      "ignored_n_std": 0.0,
      "intervention_precision_mean": 0.6628571428571428,
      "intervention_precision_std": 0.0,
      "intervention_rate_mean": 0.788,
      "intervention_rate_std": 0.0,
      "labeled_n_mean": 217.0,
      "labeled_n_std": 0.0,
      "mean_oracle_gated_gain_mean": 0.36792717813196185,
      "mean_oracle_gated_gain_std": 0.0,
      "nochange_false_intervention_rate_mean": 0.6276595744680851,
      "nochange_false_intervention_rate_std": 0.0,
      "oracle_recovery_mean": 0.8564757975429954,
      "oracle_recovery_std": 0.0,
      "passes_line": false,
      "precision_gap_vs_shuffled": 0.03184110007639418,
      "residual_low_false_intervention_rate_mean": 0.788,
      "residual_low_false_intervention_rate_std": 0.0,
      "sim_delta_vs_official_mean": 0.36792717813196185,
      "sim_delta_vs_official_std": 0.0,
      "split_family": "residual_energy_bin",
      "split_group": "residual_energy_bin=residual_low_q1",
      "splits": 1,
      "strong_nochange_false_intervention_rate_mean": 0.5882352941176471,
      "strong_nochange_false_intervention_rate_std": 0.0,
      "target_margin": 0.2
    },
    {
      "bootstrap_gain_p05_mean": 0.5800285242367732,
      "bootstrap_gain_p05_std": 0.0,
      "confidence_corr_mean": 0.42461426497552246,
      "confidence_corr_std": 0.0,
      "eligible_for_pass": 1,
      "feature_set": "D_internal_contrast",
      "head": "hgb",
      "ignored_n_mean": 15.0,
      "ignored_n_std": 0.0,
      "intervention_precision_mean": 0.649746192893401,
      "intervention_precision_std": 0.0,
      "intervention_rate_mean": 0.84,
      "intervention_rate_std": 0.0,
      "labeled_n_mean": 235.0,
      "labeled_n_std": 0.0,
      "mean_oracle_gated_gain_mean": 0.7051512817254191,
      "mean_oracle_gated_gain_std": 0.0,
      "nochange_false_intervention_rate_mean": 0.6699029126213593,
      "nochange_false_intervention_rate_std": 0.0,
      "oracle_recovery_mean": 0.9124914358284301,
      "oracle_recovery_std": 0.0,
      "passes_line": false,
      "precision_gap_vs_shuffled": 0.014746192893400956,
      "residual_low_false_intervention_rate_mean": 0.0,
      "residual_low_false_intervention_rate_std": 0.0,
      "sim_delta_vs_official_mean": 0.7051512817254191,
      "sim_delta_vs_official_std": 0.0,
      "split_family": "residual_energy_bin",
      "split_group": "residual_energy_bin=residual_midhigh_q3",
      "splits": 1,
      "strong_nochange_false_intervention_rate_mean": 0.5,
      "strong_nochange_false_intervention_rate_std": 0.0,
      "target_margin": 0.2
    },
    {
      "bootstrap_gain_p05_mean": 0.3559632690863082,
      "bootstrap_gain_p05_std": 0.0,
      "confidence_corr_mean": 0.5002026444388757,
      "confidence_corr_std": 0.0,
      "eligible_for_pass": 1,
      "feature_set": "D_internal_contrast",
      "head": "hgb",
      "ignored_n_mean": 22.0,
      "ignored_n_std": 0.0,
      "intervention_precision_mean": 0.6875,
      "intervention_precision_std": 0.0,
      "intervention_rate_mean": 0.776,
      "intervention_rate_std": 0.0,
      "labeled_n_mean": 228.0,
      "labeled_n_std": 0.0,
      "mean_oracle_gated_gain_mean": 0.4508781568875571,
      "mean_oracle_gated_gain_std": 0.0,
      "nochange_false_intervention_rate_mean": 0.5555555555555556,
      "nochange_false_intervention_rate_std": 0.0,
      "oracle_recovery_mean": 0.8676914206002898,
      "oracle_recovery_std": 0.0,
      "passes_line": false,
      "precision_gap_vs_shuffled": 0.06698717948717947,
      "residual_low_false_intervention_rate_mean": 0.0,
      "residual_low_false_intervention_rate_std": 0.0,
      "sim_delta_vs_official_mean": 0.4508781568875571,
      "sim_delta_vs_official_std": 0.0,
      "split_family": "residual_energy_bin",
      "split_group": "residual_energy_bin=residual_midlow_q2",
      "splits": 1,
      "strong_nochange_false_intervention_rate_mean": 0.3684210526315789,
      "strong_nochange_false_intervention_rate_std": 0.0,
      "target_margin": 0.2
    },
    {
      "bootstrap_gain_p05_mean": 0.362691528867158,
      "bootstrap_gain_p05_std": 0.0,
      "confidence_corr_mean": 0.38851152543916606,
      "confidence_corr_std": 0.0,
      "eligible_for_pass": 1,
      "feature_set": "E_all_deployable",
      "head": "hgb",
      "ignored_n_mean": 19.0,
      "ignored_n_std": 0.0,
      "intervention_precision_mean": 0.5918367346938775,
      "intervention_precision_std": 0.0,
      "intervention_rate_mean": 0.8505154639175257,
      "intervention_rate_std": 0.0,
      "labeled_n_mean": 175.0,
      "labeled_n_std": 0.0,
      "mean_oracle_gated_gain_mean": 0.5041543568805644,
      "mean_oracle_gated_gain_std": 0.0,
      "nochange_false_intervention_rate_mean": 0.7058823529411765,
      "nochange_false_intervention_rate_std": 0.0,
      "oracle_recovery_mean": 0.8734046990851105,
      "oracle_recovery_std": 0.0,
      "passes_line": false,
      "precision_gap_vs_shuffled": 0.048626858150667696,
      "residual_low_false_intervention_rate_mean": 0.8571428571428571,
      "residual_low_false_intervention_rate_std": 0.0,
      "sim_delta_vs_official_mean": 0.5041543568805644,
      "sim_delta_vs_official_std": 0.0,
      "split_family": "airlight_bin",
      "split_group": "airlight_bin=0.65<=A<0.75",
      "splits": 1,
      "strong_nochange_false_intervention_rate_mean": 0.5925925925925926,
      "strong_nochange_false_intervention_rate_std": 0.0,
      "target_margin": 0.2
    },
    {
      "bootstrap_gain_p05_mean": 0.43517230459114203,
      "bootstrap_gain_p05_std": 0.0,
      "confidence_corr_mean": 0.5632255096572357,
      "confidence_corr_std": 0.0,
      "eligible_for_pass": 1,
      "feature_set": "E_all_deployable",
      "head": "hgb",
      "ignored_n_mean": 21.0,
      "ignored_n_std": 0.0,
      "intervention_precision_mean": 0.726027397260274,
      "intervention_precision_std": 0.0,
      "intervention_rate_mean": 0.7666666666666667,
      "intervention_rate_std": 0.0,
      "labeled_n_mean": 189.0,
      "labeled_n_std": 0.0,
      "mean_oracle_gated_gain_mean": 0.5468478108145911,
      "mean_oracle_gated_gain_std": 0.0,
      "nochange_false_intervention_rate_mean": 0.5128205128205128,
      "nochange_false_intervention_rate_std": 0.0,
      "oracle_recovery_mean": 0.910723804792393,
      "oracle_recovery_std": 0.0,
      "passes_line": false,
      "precision_gap_vs_shuffled": 0.055219943844124875,
      "residual_low_false_intervention_rate_mean": 0.7962962962962963,
      "residual_low_false_intervention_rate_std": 0.0,
      "sim_delta_vs_official_mean": 0.5468478108145911,
      "sim_delta_vs_official_std": 0.0,
      "split_family": "airlight_bin",
      "split_group": "airlight_bin=0.75<=A<0.85",
      "splits": 1,
      "strong_nochange_false_intervention_rate_mean": 0.5416666666666666,
      "strong_nochange_false_intervention_rate_std": 0.0,
      "target_margin": 0.2
    },
    {
      "bootstrap_gain_p05_mean": 0.38804106478902245,
      "bootstrap_gain_p05_std": 0.0,
      "confidence_corr_mean": 0.5310323776406316,
      "confidence_corr_std": 0.0,
      "eligible_for_pass": 1,
      "feature_set": "E_all_deployable",
      "head": "hgb",
      "ignored_n_mean": 20.0,
      "ignored_n_std": 0.0,
      "intervention_precision_mean": 0.5968992248062015,
      "intervention_precision_std": 0.0,
      "intervention_rate_mean": 0.8228571428571428,
      "intervention_rate_std": 0.0,
      "labeled_n_mean": 155.0,
      "labeled_n_std": 0.0,
      "mean_oracle_gated_gain_mean": 0.5064260175965821,
      "mean_oracle_gated_gain_std": 0.0,
      "nochange_false_intervention_rate_mean": 0.6666666666666666,
      "nochange_false_intervention_rate_std": 0.0,
      "oracle_recovery_mean": 0.9068762171644152,
      "oracle_recovery_std": 0.0,
      "passes_line": false,
      "precision_gap_vs_shuffled": 0.03807569539443678,
      "residual_low_false_intervention_rate_mean": 0.875,
      "residual_low_false_intervention_rate_std": 0.0,
      "sim_delta_vs_official_mean": 0.5064260175965821,
      "sim_delta_vs_official_std": 0.0,
      "split_family": "airlight_bin",
      "split_group": "airlight_bin=0.85<=A<0.95",
      "splits": 1,
      "strong_nochange_false_intervention_rate_mean": 0.8571428571428571,
      "strong_nochange_false_intervention_rate_std": 0.0,
      "target_margin": 0.2
    },
    {
      "bootstrap_gain_p05_mean": 0.6110722403762209,
      "bootstrap_gain_p05_std": 0.0,
      "confidence_corr_mean": 0.4497521346085988,
      "confidence_corr_std": 0.0,
      "eligible_for_pass": 1,
      "feature_set": "E_all_deployable",
      "head": "hgb",
      "ignored_n_mean": 26.0,
      "ignored_n_std": 0.0,
      "intervention_precision_mean": 0.6636363636363637,
      "intervention_precision_std": 0.0,
      "intervention_rate_mean": 0.8101694915254237,
      "intervention_rate_std": 0.0,
      "labeled_n_mean": 269.0,
      "labeled_n_std": 0.0,
      "mean_oracle_gated_gain_mean": 0.7518808385775975,
      "mean_oracle_gated_gain_std": 0.0,
      "nochange_false_intervention_rate_mean": 0.6548672566371682,
      "nochange_false_intervention_rate_std": 0.0,
      "oracle_recovery_mean": 0.8935012915966165,
      "oracle_recovery_std": 0.0,
      "passes_line": false,
      "precision_gap_vs_shuffled": 0.03702692157627785,
      "residual_low_false_intervention_rate_mean": 0.7340425531914894,
      "residual_low_false_intervention_rate_std": 0.0,
      "sim_delta_vs_official_mean": 0.7518808385775975,
      "sim_delta_vs_official_std": 0.0,
      "split_family": "airlight_bin",
      "split_group": "airlight_bin=A<0.65",
      "splits": 1,
      "strong_nochange_false_intervention_rate_mean": 0.5094339622641509,
      "strong_nochange_false_intervention_rate_std": 0.0,
      "target_margin": 0.2
    },
    {
      "bootstrap_gain_p05_mean": 0.2621414194627364,
      "bootstrap_gain_p05_std": 0.0,
      "confidence_corr_mean": 0.3673621561429259,
      "confidence_corr_std": 0.0,
      "eligible_for_pass": 1,
      "feature_set": "E_all_deployable",
      "head": "hgb",
      "ignored_n_mean": 10.0,
      "ignored_n_std": 0.0,
      "intervention_precision_mean": 0.56,
      "intervention_precision_std": 0.0,
      "intervention_rate_mean": 0.873015873015873,
      "intervention_rate_std": 0.0,
      "labeled_n_mean": 116.0,
      "labeled_n_std": 0.0,
      "mean_oracle_gated_gain_mean": 0.40469946009275426,
      "mean_oracle_gated_gain_std": 0.0,
      "nochange_false_intervention_rate_mean": 0.7719298245614035,
      "nochange_false_intervention_rate_std": 0.0,
      "oracle_recovery_mean": 0.8239833204283871,
      "oracle_recovery_std": 0.0,
      "passes_line": false,
      "precision_gap_vs_shuffled": 0.022264150943396288,
      "residual_low_false_intervention_rate_mean": 1.0,
      "residual_low_false_intervention_rate_std": 0.0,
      "sim_delta_vs_official_mean": 0.40469946009275426,
      "sim_delta_vs_official_std": 0.0,
      "split_family": "airlight_bin",
      "split_group": "airlight_bin=A>=0.95",
      "splits": 1,
      "strong_nochange_false_intervention_rate_mean": 0.8571428571428571,
      "strong_nochange_false_intervention_rate_std": 0.0,
      "target_margin": 0.2
    },
    {
      "bootstrap_gain_p05_mean": 0.33736823738722926,
      "bootstrap_gain_p05_std": 0.0,
      "confidence_corr_mean": 0.5069978022399859,
      "confidence_corr_std": 0.0,
      "eligible_for_pass": 1,
      "feature_set": "E_all_deployable",
      "head": "hgb",
      "ignored_n_mean": 16.0,
      "ignored_n_std": 0.0,
      "intervention_precision_mean": 0.5725190839694656,
      "intervention_precision_std": 0.0,
      "intervention_rate_mean": 0.7553191489361702,
      "intervention_rate_std": 0.0,
      "labeled_n_mean": 172.0,
      "labeled_n_std": 0.0,
      "mean_oracle_gated_gain_mean": 0.46604212176523857,
      "mean_oracle_gated_gain_std": 0.0,
      "nochange_false_intervention_rate_mean": 0.6153846153846154,
      "nochange_false_intervention_rate_std": 0.0,
      "oracle_recovery_mean": 0.868202152969968,
      "oracle_recovery_std": 0.0,
      "passes_line": false,
      "precision_gap_vs_shuffled": 0.05936118923262346,
      "residual_low_false_intervention_rate_mean": 0.85,
      "residual_low_false_intervention_rate_std": 0.0,
      "sim_delta_vs_official_mean": 0.46604212176523857,
      "sim_delta_vs_official_std": 0.0,
      "split_family": "beta_bin",
      "split_group": "beta_bin=0.8<=beta<1.1",
      "splits": 1,
      "strong_nochange_false_intervention_rate_mean": 0.6470588235294118,
      "strong_nochange_false_intervention_rate_std": 0.0,
      "target_margin": 0.2
    },
    {
      "bootstrap_gain_p05_mean": 0.5902129167324787,
      "bootstrap_gain_p05_std": 0.0,
      "confidence_corr_mean": 0.5458138718953025,
      "confidence_corr_std": 0.0,
      "eligible_for_pass": 1,
      "feature_set": "E_all_deployable",
      "head": "hgb",
      "ignored_n_mean": 26.0,
      "ignored_n_std": 0.0,
      "intervention_precision_mean": 0.7101449275362319,
      "intervention_precision_std": 0.0,
      "intervention_rate_mean": 0.7989949748743719,
      "intervention_rate_std": 0.0,
      "labeled_n_mean": 173.0,
      "labeled_n_std": 0.0,
      "mean_oracle_gated_gain_mean": 0.726429500934342,
      "mean_oracle_gated_gain_std": 0.0,
      "nochange_false_intervention_rate_mean": 0.5555555555555556,
      "nochange_false_intervention_rate_std": 0.0,
      "oracle_recovery_mean": 0.934672545241837,
      "oracle_recovery_std": 0.0,
      "passes_line": false,
      "precision_gap_vs_shuffled": 0.05882913806254775,
      "residual_low_false_intervention_rate_mean": 0.8,
      "residual_low_false_intervention_rate_std": 0.0,
      "sim_delta_vs_official_mean": 0.726429500934342,
      "sim_delta_vs_official_std": 0.0,
      "split_family": "beta_bin",
      "split_group": "beta_bin=1.1<=beta<1.4",
      "splits": 1,
      "strong_nochange_false_intervention_rate_mean": 0.46153846153846156,
      "strong_nochange_false_intervention_rate_std": 0.0,
      "target_margin": 0.2
    },
    {
      "bootstrap_gain_p05_mean": 0.4066909791447408,
      "bootstrap_gain_p05_std": 0.0,
      "confidence_corr_mean": 0.5178121503232802,
      "confidence_corr_std": 0.0,
      "eligible_for_pass": 1,
      "feature_set": "E_all_deployable",
      "head": "hgb",
      "ignored_n_mean": 17.0,
      "ignored_n_std": 0.0,
      "intervention_precision_mean": 0.631578947368421,
      "intervention_precision_std": 0.0,
      "intervention_rate_mean": 0.8190954773869347,
      "intervention_rate_std": 0.0,
      "labeled_n_mean": 182.0,
      "labeled_n_std": 0.0,
      "mean_oracle_gated_gain_mean": 0.5166999115557133,
      "mean_oracle_gated_gain_std": 0.0,
      "nochange_false_intervention_rate_mean": 0.6511627906976745,
      "nochange_false_intervention_rate_std": 0.0,
      "oracle_recovery_mean": 0.9019206927747097,
      "oracle_recovery_std": 0.0,
      "passes_line": false,
      "precision_gap_vs_shuffled": 0.06610275689223055,
      "residual_low_false_intervention_rate_mean": 0.8214285714285714,
      "residual_low_false_intervention_rate_std": 0.0,
      "sim_delta_vs_official_mean": 0.5166999115557133,
      "sim_delta_vs_official_std": 0.0,
      "split_family": "beta_bin",
      "split_group": "beta_bin=1.4<=beta<1.7",
      "splits": 1,
      "strong_nochange_false_intervention_rate_mean": 0.42857142857142855,
      "strong_nochange_false_intervention_rate_std": 0.0,
      "target_margin": 0.2
    },
    {
      "bootstrap_gain_p05_mean": 0.5596952713267966,
      "bootstrap_gain_p05_std": 0.0,
      "confidence_corr_mean": 0.4567642662201476,
      "confidence_corr_std": 0.0,
      "eligible_for_pass": 1,
      "feature_set": "E_all_deployable",
      "head": "hgb",
      "ignored_n_mean": 13.0,
      "ignored_n_std": 0.0,
      "intervention_precision_mean": 0.7112676056338029,
      "intervention_precision_std": 0.0,
      "intervention_rate_mean": 0.7602040816326531,
      "intervention_rate_std": 0.0,
      "labeled_n_mean": 183.0,
      "labeled_n_std": 0.0,
      "mean_oracle_gated_gain_mean": 0.7003321588018098,
      "mean_oracle_gated_gain_std": 0.0,
      "nochange_false_intervention_rate_mean": 0.5540540540540541,
      "nochange_false_intervention_rate_std": 0.0,
      "oracle_recovery_mean": 0.9094475529238686,
      "oracle_recovery_std": 0.0,
      "passes_line": false,
      "precision_gap_vs_shuffled": 0.049015950004663744,
      "residual_low_false_intervention_rate_mean": 0.7037037037037037,
      "residual_low_false_intervention_rate_std": 0.0,
      "sim_delta_vs_official_mean": 0.7003321588018098,
      "sim_delta_vs_official_std": 0.0,
      "split_family": "beta_bin",
      "split_group": "beta_bin=beta<0.8",
      "splits": 1,
      "strong_nochange_false_intervention_rate_mean": 0.358974358974359,
      "strong_nochange_false_intervention_rate_std": 0.0,
      "target_margin": 0.2
    },
    {
      "bootstrap_gain_p05_mean": 0.40489355506595787,
      "bootstrap_gain_p05_std": 0.0,
      "confidence_corr_mean": 0.387313078549738,
      "confidence_corr_std": 0.0,
      "eligible_for_pass": 1,
      "feature_set": "E_all_deployable",
      "head": "hgb",
      "ignored_n_mean": 24.0,
      "ignored_n_std": 0.0,
      "intervention_precision_mean": 0.6325301204819277,
      "intervention_precision_std": 0.0,
      "intervention_rate_mean": 0.8486238532110092,
      "intervention_rate_std": 0.0,
      "labeled_n_mean": 194.0,
      "labeled_n_std": 0.0,
      "mean_oracle_gated_gain_mean": 0.5117692936275205,
      "mean_oracle_gated_gain_std": 0.0,
      "nochange_false_intervention_rate_mean": 0.6931818181818182,
      "nochange_false_intervention_rate_std": 0.0,
      "oracle_recovery_mean": 0.8895853705057928,
      "oracle_recovery_std": 0.0,
      "passes_line": false,
      "precision_gap_vs_shuffled": 0.027739701320251053,
      "residual_low_false_intervention_rate_mean": 0.8888888888888888,
      "residual_low_false_intervention_rate_std": 0.0,
      "sim_delta_vs_official_mean": 0.5117692936275205,
      "sim_delta_vs_official_std": 0.0,
      "split_family": "beta_bin",
      "split_group": "beta_bin=beta>=1.7",
      "splits": 1,
      "strong_nochange_false_intervention_rate_mean": 0.5833333333333334,
      "strong_nochange_false_intervention_rate_std": 0.0,
      "target_margin": 0.2
    },
    {
      "bootstrap_gain_p05_mean": 0.872331176460286,
      "bootstrap_gain_p05_std": 0.0,
      "confidence_corr_mean": 0.1545735916299069,
      "confidence_corr_std": 0.0,
      "eligible_for_pass": 1,
      "feature_set": "E_all_deployable",
      "head": "hgb",
      "ignored_n_mean": 8.0,
      "ignored_n_std": 0.0,
      "intervention_precision_mean": 0.6994818652849741,
      "intervention_precision_std": 0.0,
      "intervention_rate_mean": 0.9852941176470589,
      "intervention_rate_std": 0.0,
      "labeled_n_mean": 196.0,
      "labeled_n_std": 0.0,
      "mean_oracle_gated_gain_mean": 1.0386190839589122,
      "mean_oracle_gated_gain_std": 0.0,
      "nochange_false_intervention_rate_mean": 0.9666666666666667,
      "nochange_false_intervention_rate_std": 0.0,
      "oracle_recovery_mean": 0.946229828981072,
      "oracle_recovery_std": 0.0,
      "passes_line": false,
      "precision_gap_vs_shuffled": 0.005604314264565979,
      "residual_low_false_intervention_rate_mean": 0.984375,
      "residual_low_false_intervention_rate_std": 0.0,
      "sim_delta_vs_official_mean": 1.0386190839589122,
      "sim_delta_vs_official_std": 0.0,
      "split_family": "content_cluster",
      "split_group": "content_cluster=content_k5_c0",
      "splits": 1,
      "strong_nochange_false_intervention_rate_mean": 0.0,
      "strong_nochange_false_intervention_rate_std": 0.0,
      "target_margin": 0.2
    },
    {
      "bootstrap_gain_p05_mean": 1.0017525436123493,
      "bootstrap_gain_p05_std": 0.0,
      "confidence_corr_mean": 0.3712167068819696,
      "confidence_corr_std": 0.0,
      "eligible_for_pass": 1,
      "feature_set": "E_all_deployable",
      "head": "hgb",
      "ignored_n_mean": 4.0,
      "ignored_n_std": 0.0,
      "intervention_precision_mean": 0.7428571428571429,
      "intervention_precision_std": 0.0,
      "intervention_rate_mean": 0.9732142857142857,
      "intervention_rate_std": 0.0,
      "labeled_n_mean": 108.0,
      "labeled_n_std": 0.0,
      "mean_oracle_gated_gain_mean": 1.3006307745544494,
      "mean_oracle_gated_gain_std": 0.0,
      "nochange_false_intervention_rate_mean": 0.9,
      "nochange_false_intervention_rate_std": 0.0,
      "oracle_recovery_mean": 0.9612617145753839,
      "oracle_recovery_std": 0.0,
      "passes_line": false,
      "precision_gap_vs_shuffled": 0.0,
      "residual_low_false_intervention_rate_mean": 1.0,
      "residual_low_false_intervention_rate_std": 0.0,
      "sim_delta_vs_official_mean": 1.3006307745544494,
      "sim_delta_vs_official_std": 0.0,
      "split_family": "content_cluster",
      "split_group": "content_cluster=content_k5_c1",
      "splits": 1,
      "strong_nochange_false_intervention_rate_mean": 1.0,
      "strong_nochange_false_intervention_rate_std": 0.0,
      "target_margin": 0.2
    },
    {
      "bootstrap_gain_p05_mean": 0.03371270094420092,
      "bootstrap_gain_p05_std": 0.0,
      "confidence_corr_mean": 0.2600146774732962,
      "confidence_corr_std": 0.0,
      "eligible_for_pass": 1,
      "feature_set": "E_all_deployable",
      "head": "hgb",
      "ignored_n_mean": 31.0,
      "ignored_n_std": 0.0,
      "intervention_precision_mean": 0.398989898989899,
      "intervention_precision_std": 0.0,
      "intervention_rate_mean": 0.8659003831417624,
      "intervention_rate_std": 0.0,
      "labeled_n_mean": 230.0,
      "labeled_n_std": 0.0,
      "mean_oracle_gated_gain_mean": 0.0838427194770924,
      "mean_oracle_gated_gain_std": 0.0,
      "nochange_false_intervention_rate_mean": 0.7986577181208053,
      "nochange_false_intervention_rate_std": 0.0,
      "oracle_recovery_mean": 0.38121293812538304,
      "oracle_recovery_std": 0.0,
      "passes_line": false,
      "precision_gap_vs_shuffled": 0.01173499702911468,
      "residual_low_false_intervention_rate_mean": 0.9,
      "residual_low_false_intervention_rate_std": 0.0,
      "sim_delta_vs_official_mean": 0.0838427194770924,
      "sim_delta_vs_official_std": 0.0,
      "split_family": "content_cluster",
      "split_group": "content_cluster=content_k5_c2",
      "splits": 1,
      "strong_nochange_false_intervention_rate_mean": 0.8390804597701149,
      "strong_nochange_false_intervention_rate_std": 0.0,
      "target_margin": 0.2
    },
    {
      "bootstrap_gain_p05_mean": 0.61948927140171,
      "bootstrap_gain_p05_std": 0.0,
      "confidence_corr_mean": 0.24130106052772074,
      "confidence_corr_std": 0.0,
      "eligible_for_pass": 1,
      "feature_set": "E_all_deployable",
      "head": "hgb",
      "ignored_n_mean": 14.0,
      "ignored_n_std": 0.0,
      "intervention_precision_mean": 0.6648351648351648,
      "intervention_precision_std": 0.0,
      "intervention_rate_mean": 0.9949238578680203,
      "intervention_rate_std": 0.0,
      "labeled_n_mean": 183.0,
      "labeled_n_std": 0.0,
      "mean_oracle_gated_gain_mean": 0.7468153312998915,
      "mean_oracle_gated_gain_std": 0.0,
      "nochange_false_intervention_rate_mean": 0.9838709677419355,
      "nochange_false_intervention_rate_std": 0.0,
      "oracle_recovery_mean": 0.9105173313032375,
      "oracle_recovery_std": 0.0,
      "passes_line": false,
      "precision_gap_vs_shuffled": 0.003632979042815121,
      "residual_low_false_intervention_rate_mean": 1.0,
      "residual_low_false_intervention_rate_std": 0.0,
      "sim_delta_vs_official_mean": 0.7468153312998915,
      "sim_delta_vs_official_std": 0.0,
      "split_family": "content_cluster",
      "split_group": "content_cluster=content_k5_c3",
      "splits": 1,
      "strong_nochange_false_intervention_rate_mean": 0.0,
      "strong_nochange_false_intervention_rate_std": 0.0,
      "target_margin": 0.2
    },
    {
      "bootstrap_gain_p05_mean": 0.1243837514079243,
      "bootstrap_gain_p05_std": 0.0,
      "confidence_corr_mean": 0.3791908524023716,
      "confidence_corr_std": 0.0,
      "eligible_for_pass": 1,
      "feature_set": "E_all_deployable",
      "head": "hgb",
      "ignored_n_mean": 39.0,
      "ignored_n_std": 0.0,
      "intervention_precision_mean": 0.4967741935483871,
      "intervention_precision_std": 0.0,
      "intervention_rate_mean": 0.831858407079646,
      "intervention_rate_std": 0.0,
      "labeled_n_mean": 187.0,
      "labeled_n_std": 0.0,
      "mean_oracle_gated_gain_mean": 0.16876257499705175,
      "mean_oracle_gated_gain_std": 0.0,
      "nochange_false_intervention_rate_mean": 0.7090909090909091,
      "nochange_false_intervention_rate_std": 0.0,
      "oracle_recovery_mean": 0.74079452680987,
      "oracle_recovery_std": 0.0,
      "passes_line": false,
      "precision_gap_vs_shuffled": 0.038942868247182294,
      "residual_low_false_intervention_rate_mean": 0.9591836734693877,
      "residual_low_false_intervention_rate_std": 0.0,
      "sim_delta_vs_official_mean": 0.16876257499705175,
      "sim_delta_vs_official_std": 0.0,
      "split_family": "content_cluster",
      "split_group": "content_cluster=content_k5_c4",
      "splits": 1,
      "strong_nochange_false_intervention_rate_mean": 0.7714285714285715,
      "strong_nochange_false_intervention_rate_std": 0.0,
      "target_margin": 0.2
    },
    {
      "bootstrap_gain_p05_mean": 0.48926602046970963,
      "bootstrap_gain_p05_std": 0.0,
      "confidence_corr_mean": 0.49009101670099114,
      "confidence_corr_std": 0.0,
      "eligible_for_pass": 1,
      "feature_set": "E_all_deployable",
      "head": "hgb",
      "ignored_n_mean": 16.0,
      "ignored_n_std": 0.0,
      "intervention_precision_mean": 0.6263736263736264,
      "intervention_precision_std": 0.0,
      "intervention_rate_mean": 0.764,
      "intervention_rate_std": 0.0,
      "labeled_n_mean": 234.0,
      "labeled_n_std": 0.0,
      "mean_oracle_gated_gain_mean": 0.6302609595346899,
      "mean_oracle_gated_gain_std": 0.0,
      "nochange_false_intervention_rate_mean": 0.5964912280701754,
      "nochange_false_intervention_rate_std": 0.0,
      "oracle_recovery_mean": 0.8795189785013952,
      "oracle_recovery_std": 0.0,
      "passes_line": false,
      "precision_gap_vs_shuffled": 0.04389939956950262,
      "residual_low_false_intervention_rate_mean": 0.8611111111111112,
      "residual_low_false_intervention_rate_std": 0.0,
      "sim_delta_vs_official_mean": 0.6302609595346899,
      "sim_delta_vs_official_std": 0.0,
      "split_family": "cr_strength_bin",
      "split_group": "cr_strength_bin=midhigh_cr_q3",
      "splits": 1,
      "strong_nochange_false_intervention_rate_mean": 0.5652173913043478,
      "strong_nochange_false_intervention_rate_std": 0.0,
      "target_margin": 0.2
    },
    {
      "bootstrap_gain_p05_mean": 0.5700671293084865,
      "bootstrap_gain_p05_std": 0.0,
      "confidence_corr_mean": 0.3923013335252562,
      "confidence_corr_std": 0.0,
      "eligible_for_pass": 1,
      "feature_set": "E_all_deployable",
      "head": "hgb",
      "ignored_n_mean": 20.0,
      "ignored_n_std": 0.0,
      "intervention_precision_mean": 0.6428571428571429,
      "intervention_precision_std": 0.0,
      "intervention_rate_mean": 0.912,
      "intervention_rate_std": 0.0,
      "labeled_n_mean": 230.0,
      "labeled_n_std": 0.0,
      "mean_oracle_gated_gain_mean": 0.7191698909080398,
      "mean_oracle_gated_gain_std": 0.0,
      "nochange_false_intervention_rate_mean": 0.7894736842105263,
      "nochange_false_intervention_rate_std": 0.0,
      "oracle_recovery_mean": 0.9179100827378076,
      "oracle_recovery_std": 0.0,
      "passes_line": false,
      "precision_gap_vs_shuffled": 0.02603471295060089,
      "residual_low_false_intervention_rate_mean": 1.0,
      "residual_low_false_intervention_rate_std": 0.0,
      "sim_delta_vs_official_mean": 0.7191698909080398,
      "sim_delta_vs_official_std": 0.0,
      "split_family": "cr_strength_bin",
      "split_group": "cr_strength_bin=midlow_cr_q2",
      "splits": 1,
      "strong_nochange_false_intervention_rate_mean": 0.0,
      "strong_nochange_false_intervention_rate_std": 0.0,
      "target_margin": 0.2
    },
    {
      "bootstrap_gain_p05_mean": 0.16050096825026883,
      "bootstrap_gain_p05_std": 0.0,
      "confidence_corr_mean": 0.49109128596236507,
      "confidence_corr_std": 0.0,
      "eligible_for_pass": 1,
      "feature_set": "E_all_deployable",
      "head": "hgb",
      "ignored_n_mean": 42.0,
      "ignored_n_std": 0.0,
      "intervention_precision_mean": 0.5316455696202531,
      "intervention_precision_std": 0.0,
      "intervention_rate_mean": 0.76,
      "intervention_rate_std": 0.0,
      "labeled_n_mean": 208.0,
      "labeled_n_std": 0.0,
      "mean_oracle_gated_gain_mean": 0.22631756035934913,
      "mean_oracle_gated_gain_std": 0.0,
      "nochange_false_intervention_rate_mean": 0.6491228070175439,
      "nochange_false_intervention_rate_std": 0.0,
      "oracle_recovery_mean": 0.7197970176734703,
      "oracle_recovery_std": 0.0,
      "passes_line": false,
      "precision_gap_vs_shuffled": 0.01719470256822997,
      "residual_low_false_intervention_rate_mean": 0.7716049382716049,
      "residual_low_false_intervention_rate_std": 0.0,
      "sim_delta_vs_official_mean": 0.22631756035934913,
      "sim_delta_vs_official_std": 0.0,
      "split_family": "cr_strength_bin",
      "split_group": "cr_strength_bin=strong_cr_q4",
      "splits": 1,
      "strong_nochange_false_intervention_rate_mean": 0.6435643564356436,
      "strong_nochange_false_intervention_rate_std": 0.0,
      "target_margin": 0.2
    },
    {
      "bootstrap_gain_p05_mean": 0.5741961161862263,
      "bootstrap_gain_p05_std": 0.0,
      "confidence_corr_mean": 0.24396688084581972,
      "confidence_corr_std": 0.0,
      "eligible_for_pass": 1,
      "feature_set": "E_all_deployable",
      "head": "hgb",
      "ignored_n_mean": 18.0,
      "ignored_n_std": 0.0,
      "intervention_precision_mean": 0.6355555555555555,
      "intervention_precision_std": 0.0,
      "intervention_rate_mean": 0.972,
      "intervention_rate_std": 0.0,
      "labeled_n_mean": 232.0,
      "labeled_n_std": 0.0,
      "mean_oracle_gated_gain_mean": 0.702916259624621,
      "mean_oracle_gated_gain_std": 0.0,
      "nochange_false_intervention_rate_mean": 0.9318181818181818,
      "nochange_false_intervention_rate_std": 0.0,
      "oracle_recovery_mean": 0.9138061370824897,
      "oracle_recovery_std": 0.0,
      "passes_line": false,
      "precision_gap_vs_shuffled": 0.011101407083939807,
      "residual_low_false_intervention_rate_mean": 1.0,
      "residual_low_false_intervention_rate_std": 0.0,
      "sim_delta_vs_official_mean": 0.702916259624621,
      "sim_delta_vs_official_std": 0.0,
      "split_family": "cr_strength_bin",
      "split_group": "cr_strength_bin=weak_cr_q1",
      "splits": 1,
      "strong_nochange_false_intervention_rate_mean": 0.0,
      "strong_nochange_false_intervention_rate_std": 0.0,
      "target_margin": 0.2
    },
    {
      "bootstrap_gain_p05_mean": 0.13321382066291057,
      "bootstrap_gain_p05_std": 0.0,
      "confidence_corr_mean": 0.41054411140605285,
      "confidence_corr_std": 0.0,
      "eligible_for_pass": 1,
      "feature_set": "E_all_deployable",
      "head": "hgb",
      "ignored_n_mean": 20.0,
      "ignored_n_std": 0.0,
      "intervention_precision_mean": 0.4827586206896552,
      "intervention_precision_std": 0.0,
      "intervention_rate_mean": 0.76,
      "intervention_rate_std": 0.0,
      "labeled_n_mean": 230.0,
      "labeled_n_std": 0.0,
      "mean_oracle_gated_gain_mean": 0.1879297195800277,
      "mean_oracle_gated_gain_std": 0.0,
      "nochange_false_intervention_rate_mean": 0.6338028169014085,
      "nochange_false_intervention_rate_std": 0.0,
      "oracle_recovery_mean": 0.6775967600198545,
      "oracle_recovery_std": 0.0,
      "passes_line": false,
      "precision_gap_vs_shuffled": 0.05032618825722274,
      "residual_low_false_intervention_rate_mean": 0.7777777777777778,
      "residual_low_false_intervention_rate_std": 0.0,
      "sim_delta_vs_official_mean": 0.1879297195800277,
      "sim_delta_vs_official_std": 0.0,
      "split_family": "official_strength_bin",
      "split_group": "official_strength_bin=midhigh_official_q3",
      "splits": 1,
      "strong_nochange_false_intervention_rate_mean": 0.0,
      "strong_nochange_false_intervention_rate_std": 0.0,
      "target_margin": 0.2
    },
    {
      "bootstrap_gain_p05_mean": 0.5727716078618558,
      "bootstrap_gain_p05_std": 0.0,
      "confidence_corr_mean": 0.23170983841176643,
      "confidence_corr_std": 0.0,
      "eligible_for_pass": 1,
      "feature_set": "E_all_deployable",
      "head": "hgb",
      "ignored_n_mean": 25.0,
      "ignored_n_std": 0.0,
      "intervention_precision_mean": 0.6199095022624435,
      "intervention_precision_std": 0.0,
      "intervention_rate_mean": 0.976,
      "intervention_rate_std": 0.0,
      "labeled_n_mean": 225.0,
      "labeled_n_std": 0.0,
      "mean_oracle_gated_gain_mean": 0.6971548257938912,
      "mean_oracle_gated_gain_std": 0.0,
      "nochange_false_intervention_rate_mean": 0.9545454545454546,
      "nochange_false_intervention_rate_std": 0.0,
      "oracle_recovery_mean": 0.8997229720855406,
      "oracle_recovery_std": 0.0,
      "passes_line": false,
      "precision_gap_vs_shuffled": 0.007296889649830884,
      "residual_low_false_intervention_rate_mean": 0.9767441860465116,
      "residual_low_false_intervention_rate_std": 0.0,
      "sim_delta_vs_official_mean": 0.6971548257938912,
      "sim_delta_vs_official_std": 0.0,
      "split_family": "official_strength_bin",
      "split_group": "official_strength_bin=midlow_official_q2",
      "splits": 1,
      "strong_nochange_false_intervention_rate_mean": 0.0,
      "strong_nochange_false_intervention_rate_std": 0.0,
      "target_margin": 0.2
    },
    {
      "bootstrap_gain_p05_mean": 0.07743140727117498,
      "bootstrap_gain_p05_std": 0.0,
      "confidence_corr_mean": 0.1890899639837422,
      "confidence_corr_std": 0.0,
      "eligible_for_pass": 1,
      "feature_set": "E_all_deployable",
      "head": "hgb",
      "ignored_n_mean": 40.0,
      "ignored_n_std": 0.0,
      "intervention_precision_mean": 0.48366013071895425,
      "intervention_precision_std": 0.0,
      "intervention_rate_mean": 0.752,
      "intervention_rate_std": 0.0,
      "labeled_n_mean": 210.0,
      "labeled_n_std": 0.0,
      "mean_oracle_gated_gain_mean": 0.11414184576182254,
      "mean_oracle_gated_gain_std": 0.0,
      "nochange_false_intervention_rate_mean": 0.632,
      "nochange_false_intervention_rate_std": 0.0,
      "oracle_recovery_mean": 0.5604962237366847,
      "oracle_recovery_std": 0.0,
      "passes_line": false,
      "precision_gap_vs_shuffled": 0.03311068016950369,
      "residual_low_false_intervention_rate_mean": 0.7894736842105263,
      "residual_low_false_intervention_rate_std": 0.0,
      "sim_delta_vs_official_mean": 0.11414184576182254,
      "sim_delta_vs_official_std": 0.0,
      "split_family": "official_strength_bin",
      "split_group": "official_strength_bin=strong_official_q4",
      "splits": 1,
      "strong_nochange_false_intervention_rate_mean": 0.632,
      "strong_nochange_false_intervention_rate_std": 0.0,
      "target_margin": 0.2
    },
    {
      "bootstrap_gain_p05_mean": 1.1294518890173295,
      "bootstrap_gain_p05_std": 0.0,
      "confidence_corr_mean": 0.27508034035704626,
      "confidence_corr_std": 0.0,
      "eligible_for_pass": 1,
      "feature_set": "E_all_deployable",
      "head": "hgb",
      "ignored_n_mean": 11.0,
      "ignored_n_std": 0.0,
      "intervention_precision_mean": 0.7702127659574468,
      "intervention_precision_std": 0.0,
      "intervention_rate_mean": 0.984,
      "intervention_rate_std": 0.0,
      "labeled_n_mean": 239.0,
      "labeled_n_std": 0.0,
      "mean_oracle_gated_gain_mean": 1.2851323822735803,
      "mean_oracle_gated_gain_std": 0.0,
      "nochange_false_intervention_rate_mean": 0.9642857142857143,
      "nochange_false_intervention_rate_std": 0.0,
      "oracle_recovery_mean": 0.9678122886694228,
      "oracle_recovery_std": 0.0,
      "passes_line": false,
      "precision_gap_vs_shuffled": 0.005506883604505686,
      "residual_low_false_intervention_rate_mean": 1.0,
      "residual_low_false_intervention_rate_std": 0.0,
      "sim_delta_vs_official_mean": 1.2851323822735803,
      "sim_delta_vs_official_std": 0.0,
      "split_family": "official_strength_bin",
      "split_group": "official_strength_bin=weak_official_q1",
      "splits": 1,
      "strong_nochange_false_intervention_rate_mean": 0.0,
      "strong_nochange_false_intervention_rate_std": 0.0,
      "target_margin": 0.2
    },
    {
      "bootstrap_gain_p05_mean": 0.5106828801903485,
      "bootstrap_gain_p05_std": 0.07605259714944304,
      "confidence_corr_mean": 0.4796792981237899,
      "confidence_corr_std": 0.04876708725669005,
      "eligible_for_pass": 1,
      "feature_set": "E_all_deployable",
      "head": "hgb",
      "ignored_n_mean": 23.666666666666668,
      "ignored_n_std": 5.734883511361751,
      "intervention_precision_mean": 0.6420715713141759,
      "intervention_precision_std": 0.02354796729146067,
      "intervention_rate_mean": 0.8186666666666668,
      "intervention_rate_std": 0.015434449203720262,
      "labeled_n_mean": 226.33333333333334,
      "labeled_n_std": 5.734883511361751,
      "mean_oracle_gated_gain_mean": 0.6394112177908106,
      "mean_oracle_gated_gain_std": 0.08487886794431704,
      "nochange_false_intervention_rate_mean": 0.6509803921568628,
      "nochange_false_intervention_rate_std": 0.03692665854072035,
      "oracle_recovery_mean": 0.9060909946008598,
      "oracle_recovery_std": 0.029605117276051952,
      "passes_line": false,
      "precision_gap_vs_shuffled": 0.028575876857433014,
      "residual_low_false_intervention_rate_mean": 0.7955230268789591,
      "residual_low_false_intervention_rate_std": 0.025114514970840787,
      "sim_delta_vs_official_mean": 0.6394112177908106,
      "sim_delta_vs_official_std": 0.08487886794431704,
      "split_family": "random",
      "split_group": "random",
      "splits": 3,
      "strong_nochange_false_intervention_rate_mean": 0.4992338243112237,
      "strong_nochange_false_intervention_rate_std": 0.07819810305906502,
      "target_margin": 0.2
    },
    {
      "bootstrap_gain_p05_mean": 0.5973106707868212,
      "bootstrap_gain_p05_std": 0.0,
      "confidence_corr_mean": 0.36543055296033256,
      "confidence_corr_std": 0.0,
      "eligible_for_pass": 1,
      "feature_set": "E_all_deployable",
      "head": "hgb",
      "ignored_n_mean": 26.0,
      "ignored_n_std": 0.0,
      "intervention_precision_mean": 0.5343137254901961,
      "intervention_precision_std": 0.0,
      "intervention_rate_mean": 0.912,
      "intervention_rate_std": 0.0,
      "labeled_n_mean": 224.0,
      "labeled_n_std": 0.0,
      "mean_oracle_gated_gain_mean": 0.774356874862428,
      "mean_oracle_gated_gain_std": 0.0,
      "nochange_false_intervention_rate_mean": 0.8260869565217391,
      "nochange_false_intervention_rate_std": 0.0,
      "oracle_recovery_mean": 0.8986050217369836,
      "oracle_recovery_std": 0.0,
      "passes_line": false,
      "precision_gap_vs_shuffled": 0.020028011204481833,
      "residual_low_false_intervention_rate_mean": 0.0,
      "residual_low_false_intervention_rate_std": 0.0,
      "sim_delta_vs_official_mean": 0.774356874862428,
      "sim_delta_vs_official_std": 0.0,
      "split_family": "residual_energy_bin",
      "split_group": "residual_energy_bin=residual_high_q4",
      "splits": 1,
      "strong_nochange_false_intervention_rate_mean": 0.6363636363636364,
      "strong_nochange_false_intervention_rate_std": 0.0,
      "target_margin": 0.2
    },
    {
      "bootstrap_gain_p05_mean": 0.2878356826972959,
      "bootstrap_gain_p05_std": 0.0,
      "confidence_corr_mean": 0.4150747492642954,
      "confidence_corr_std": 0.0,
      "eligible_for_pass": 1,
      "feature_set": "E_all_deployable",
      "head": "hgb",
      "ignored_n_mean": 33.0,
      "ignored_n_std": 0.0,
      "intervention_precision_mean": 0.6705882352941176,
      "intervention_precision_std": 0.0,
      "intervention_rate_mean": 0.768,
      "intervention_rate_std": 0.0,
      "labeled_n_mean": 217.0,
      "labeled_n_std": 0.0,
      "mean_oracle_gated_gain_mean": 0.353210002409994,
      "mean_oracle_gated_gain_std": 0.0,
      "nochange_false_intervention_rate_mean": 0.5957446808510638,
      "nochange_false_intervention_rate_std": 0.0,
      "oracle_recovery_mean": 0.8222165594023112,
      "oracle_recovery_std": 0.0,
      "passes_line": false,
      "precision_gap_vs_shuffled": 0.039572192513368964,
      "residual_low_false_intervention_rate_mean": 0.768,
      "residual_low_false_intervention_rate_std": 0.0,
      "sim_delta_vs_official_mean": 0.353210002409994,
      "sim_delta_vs_official_std": 0.0,
      "split_family": "residual_energy_bin",
      "split_group": "residual_energy_bin=residual_low_q1",
      "splits": 1,
      "strong_nochange_false_intervention_rate_mean": 0.5441176470588235,
      "strong_nochange_false_intervention_rate_std": 0.0,
      "target_margin": 0.2
    },
    {
      "bootstrap_gain_p05_mean": 0.5885916252398438,
      "bootstrap_gain_p05_std": 0.0,
      "confidence_corr_mean": 0.3968645718477983,
      "confidence_corr_std": 0.0,
      "eligible_for_pass": 1,
      "feature_set": "E_all_deployable",
      "head": "hgb",
      "ignored_n_mean": 15.0,
      "ignored_n_std": 0.0,
      "intervention_precision_mean": 0.6482412060301508,
      "intervention_precision_std": 0.0,
      "intervention_rate_mean": 0.84,
      "intervention_rate_std": 0.0,
      "labeled_n_mean": 235.0,
      "labeled_n_std": 0.0,
      "mean_oracle_gated_gain_mean": 0.709350879224842,
      "mean_oracle_gated_gain_std": 0.0,
      "nochange_false_intervention_rate_mean": 0.6796116504854369,
      "nochange_false_intervention_rate_std": 0.0,
      "oracle_recovery_mean": 0.917925867916213,
      "oracle_recovery_std": 0.0,
      "passes_line": false,
      "precision_gap_vs_shuffled": 0.013241206030150776,
      "residual_low_false_intervention_rate_mean": 0.0,
      "residual_low_false_intervention_rate_std": 0.0,
      "sim_delta_vs_official_mean": 0.709350879224842,
      "sim_delta_vs_official_std": 0.0,
      "split_family": "residual_energy_bin",
      "split_group": "residual_energy_bin=residual_midhigh_q3",
      "splits": 1,
      "strong_nochange_false_intervention_rate_mean": 0.625,
      "strong_nochange_false_intervention_rate_std": 0.0,
      "target_margin": 0.2
    },
    {
      "bootstrap_gain_p05_mean": 0.3474685168745414,
      "bootstrap_gain_p05_std": 0.0,
      "confidence_corr_mean": 0.4957127265603213,
      "confidence_corr_std": 0.0,
      "eligible_for_pass": 1,
      "feature_set": "E_all_deployable",
      "head": "hgb",
      "ignored_n_mean": 22.0,
      "ignored_n_std": 0.0,
      "intervention_precision_mean": 0.68,
      "intervention_precision_std": 0.0,
      "intervention_rate_mean": 0.768,
      "intervention_rate_std": 0.0,
      "labeled_n_mean": 228.0,
      "labeled_n_std": 0.0,
      "mean_oracle_gated_gain_mean": 0.44085725126152664,
      "mean_oracle_gated_gain_std": 0.0,
      "nochange_false_intervention_rate_mean": 0.5656565656565656,
      "nochange_false_intervention_rate_std": 0.0,
      "oracle_recovery_mean": 0.848406712069776,
      "oracle_recovery_std": 0.0,
      "passes_line": false,
      "precision_gap_vs_shuffled": 0.05948717948717952,
      "residual_low_false_intervention_rate_mean": 0.0,
      "residual_low_false_intervention_rate_std": 0.0,
      "sim_delta_vs_official_mean": 0.44085725126152664,
      "sim_delta_vs_official_std": 0.0,
      "split_family": "residual_energy_bin",
      "split_group": "residual_energy_bin=residual_midlow_q2",
      "splits": 1,
      "strong_nochange_false_intervention_rate_mean": 0.34210526315789475,
      "strong_nochange_false_intervention_rate_std": 0.0,
      "target_margin": 0.2
    },
    {
      "bootstrap_gain_p05_mean": 0.35233221499604483,
      "bootstrap_gain_p05_std": 0.0,
      "confidence_corr_mean": 0.3610441080475285,
      "confidence_corr_std": 0.0,
      "eligible_for_pass": 0,
      "feature_set": "E_all_deployable_shuffled",
      "head": "hgb",
      "ignored_n_mean": 19.0,
      "ignored_n_std": 0.0,
      "intervention_precision_mean": 0.5432098765432098,
      "intervention_precision_std": 0.0,
      "intervention_rate_mean": 0.9329896907216495,
      "intervention_rate_std": 0.0,
      "labeled_n_mean": 175.0,
      "labeled_n_std": 0.0,
      "mean_oracle_gated_gain_mean": 0.48954030847166025,
      "mean_oracle_gated_gain_std": 0.0,
      "nochange_false_intervention_rate_mean": 0.8705882352941177,
      "nochange_false_intervention_rate_std": 0.0,
      "oracle_recovery_mean": 0.8480870986740563,
      "oracle_recovery_std": 0.0,
      "passes_line": false,
      "precision_gap_vs_shuffled": 0.0,
      "residual_low_false_intervention_rate_mean": 0.9464285714285714,
      "residual_low_false_intervention_rate_std": 0.0,
      "sim_delta_vs_official_mean": 0.48954030847166025,
      "sim_delta_vs_official_std": 0.0,
      "split_family": "airlight_bin",
      "split_group": "airlight_bin=0.65<=A<0.75",
      "splits": 1,
      "strong_nochange_false_intervention_rate_mean": 0.7037037037037037,
      "strong_nochange_false_intervention_rate_std": 0.0,
      "target_margin": 0.2
    },
    {
      "bootstrap_gain_p05_mean": 0.4174370100981981,
      "bootstrap_gain_p05_std": 0.0,
      "confidence_corr_mean": 0.5666539793399096,
      "confidence_corr_std": 0.0,
      "eligible_for_pass": 0,
      "feature_set": "E_all_deployable_shuffled",
      "head": "hgb",
      "ignored_n_mean": 21.0,
      "ignored_n_std": 0.0,
      "intervention_precision_mean": 0.6708074534161491,
      "intervention_precision_std": 0.0,
      "intervention_rate_mean": 0.8428571428571429,
      "intervention_rate_std": 0.0,
      "labeled_n_mean": 189.0,
      "labeled_n_std": 0.0,
      "mean_oracle_gated_gain_mean": 0.5327444527492153,
      "mean_oracle_gated_gain_std": 0.0,
      "nochange_false_intervention_rate_mean": 0.6794871794871795,
      "nochange_false_intervention_rate_std": 0.0,
      "oracle_recovery_mean": 0.8872359830188806,
      "oracle_recovery_std": 0.0,
      "passes_line": false,
      "precision_gap_vs_shuffled": 0.0,
      "residual_low_false_intervention_rate_mean": 0.8888888888888888,
      "residual_low_false_intervention_rate_std": 0.0,
      "sim_delta_vs_official_mean": 0.5327444527492153,
      "sim_delta_vs_official_std": 0.0,
      "split_family": "airlight_bin",
      "split_group": "airlight_bin=0.75<=A<0.85",
      "splits": 1,
      "strong_nochange_false_intervention_rate_mean": 0.5833333333333334,
      "strong_nochange_false_intervention_rate_std": 0.0,
      "target_margin": 0.2
    },
    {
      "bootstrap_gain_p05_mean": 0.3693624229376496,
      "bootstrap_gain_p05_std": 0.0,
      "confidence_corr_mean": 0.46600920954968983,
      "confidence_corr_std": 0.0,
      "eligible_for_pass": 0,
      "feature_set": "E_all_deployable_shuffled",
      "head": "hgb",
      "ignored_n_mean": 20.0,
      "ignored_n_std": 0.0,
      "intervention_precision_mean": 0.5588235294117647,
      "intervention_precision_std": 0.0,
      "intervention_rate_mean": 0.8685714285714285,
      "intervention_rate_std": 0.0,
      "labeled_n_mean": 155.0,
      "labeled_n_std": 0.0,
      "mean_oracle_gated_gain_mean": 0.49311617979398187,
      "mean_oracle_gated_gain_std": 0.0,
      "nochange_false_intervention_rate_mean": 0.7692307692307693,
      "nochange_false_intervention_rate_std": 0.0,
      "oracle_recovery_mean": 0.8830417873798277,
      "oracle_recovery_std": 0.0,
      "passes_line": false,
      "precision_gap_vs_shuffled": 0.0,
      "residual_low_false_intervention_rate_mean": 0.84375,
      "residual_low_false_intervention_rate_std": 0.0,
      "sim_delta_vs_official_mean": 0.49311617979398187,
      "sim_delta_vs_official_std": 0.0,
      "split_family": "airlight_bin",
      "split_group": "airlight_bin=0.85<=A<0.95",
      "splits": 1,
      "strong_nochange_false_intervention_rate_mean": 0.8571428571428571,
      "strong_nochange_false_intervention_rate_std": 0.0,
      "target_margin": 0.2
    },
    {
      "bootstrap_gain_p05_mean": 0.5971045710245474,
      "bootstrap_gain_p05_std": 0.0,
      "confidence_corr_mean": 0.41165349328996576,
      "confidence_corr_std": 0.0,
      "eligible_for_pass": 0,
      "feature_set": "E_all_deployable_shuffled",
      "head": "hgb",
      "ignored_n_mean": 26.0,
      "ignored_n_std": 0.0,
      "intervention_precision_mean": 0.6266094420600858,
      "intervention_precision_std": 0.0,
      "intervention_rate_mean": 0.864406779661017,
      "intervention_rate_std": 0.0,
      "labeled_n_mean": 269.0,
      "labeled_n_std": 0.0,
      "mean_oracle_gated_gain_mean": 0.7341788830972689,
      "mean_oracle_gated_gain_std": 0.0,
      "nochange_false_intervention_rate_mean": 0.7699115044247787,
      "nochange_false_intervention_rate_std": 0.0,
      "oracle_recovery_mean": 0.8724650857592908,
      "oracle_recovery_std": 0.0,
      "passes_line": false,
      "precision_gap_vs_shuffled": 0.0,
      "residual_low_false_intervention_rate_mean": 0.851063829787234,
      "residual_low_false_intervention_rate_std": 0.0,
      "sim_delta_vs_official_mean": 0.7341788830972689,
      "sim_delta_vs_official_std": 0.0,
      "split_family": "airlight_bin",
      "split_group": "airlight_bin=A<0.65",
      "splits": 1,
      "strong_nochange_false_intervention_rate_mean": 0.660377358490566,
      "strong_nochange_false_intervention_rate_std": 0.0,
      "target_margin": 0.2
    },
    {
      "bootstrap_gain_p05_mean": 0.2664139541143869,
      "bootstrap_gain_p05_std": 0.0,
      "confidence_corr_mean": 0.2717882130194206,
      "confidence_corr_std": 0.0,
      "eligible_for_pass": 0,
      "feature_set": "E_all_deployable_shuffled",
      "head": "hgb",
      "ignored_n_mean": 10.0,
      "ignored_n_std": 0.0,
      "intervention_precision_mean": 0.5377358490566038,
      "intervention_precision_std": 0.0,
      "intervention_rate_mean": 0.9126984126984127,
      "intervention_rate_std": 0.0,
      "labeled_n_mean": 116.0,
      "labeled_n_std": 0.0,
      "mean_oracle_gated_gain_mean": 0.40525884585757466,
      "mean_oracle_gated_gain_std": 0.0,
      "nochange_false_intervention_rate_mean": 0.8596491228070176,
      "nochange_false_intervention_rate_std": 0.0,
      "oracle_recovery_mean": 0.825122250882585,
      "oracle_recovery_std": 0.0,
      "passes_line": false,
      "precision_gap_vs_shuffled": 0.0,
      "residual_low_false_intervention_rate_mean": 1.0,
      "residual_low_false_intervention_rate_std": 0.0,
      "sim_delta_vs_official_mean": 0.40525884585757466,
      "sim_delta_vs_official_std": 0.0,
      "split_family": "airlight_bin",
      "split_group": "airlight_bin=A>=0.95",
      "splits": 1,
      "strong_nochange_false_intervention_rate_mean": 1.0,
      "strong_nochange_false_intervention_rate_std": 0.0,
      "target_margin": 0.2
    },
    {
      "bootstrap_gain_p05_mean": 0.3096024196878017,
      "bootstrap_gain_p05_std": 0.0,
      "confidence_corr_mean": 0.4588656300902145,
      "confidence_corr_std": 0.0,
      "eligible_for_pass": 0,
      "feature_set": "E_all_deployable_shuffled",
      "head": "hgb",
      "ignored_n_mean": 16.0,
      "ignored_n_std": 0.0,
      "intervention_precision_mean": 0.5131578947368421,
      "intervention_precision_std": 0.0,
      "intervention_rate_mean": 0.8776595744680851,
      "intervention_rate_std": 0.0,
      "labeled_n_mean": 172.0,
      "labeled_n_std": 0.0,
      "mean_oracle_gated_gain_mean": 0.4457315317494575,
      "mean_oracle_gated_gain_std": 0.0,
      "nochange_false_intervention_rate_mean": 0.8131868131868132,
      "nochange_false_intervention_rate_std": 0.0,
      "oracle_recovery_mean": 0.8303650194658121,
      "oracle_recovery_std": 0.0,
      "passes_line": false,
      "precision_gap_vs_shuffled": 0.0,
      "residual_low_false_intervention_rate_mean": 0.9166666666666666,
      "residual_low_false_intervention_rate_std": 0.0,
      "sim_delta_vs_official_mean": 0.4457315317494575,
      "sim_delta_vs_official_std": 0.0,
      "split_family": "beta_bin",
      "split_group": "beta_bin=0.8<=beta<1.1",
      "splits": 1,
      "strong_nochange_false_intervention_rate_mean": 0.7941176470588235,
      "strong_nochange_false_intervention_rate_std": 0.0,
      "target_margin": 0.2
    },
    {
      "bootstrap_gain_p05_mean": 0.5780831950211864,
      "bootstrap_gain_p05_std": 0.0,
      "confidence_corr_mean": 0.4613473581012385,
      "confidence_corr_std": 0.0,
      "eligible_for_pass": 0,
      "feature_set": "E_all_deployable_shuffled",
      "head": "hgb",
      "ignored_n_mean": 26.0,
      "ignored_n_std": 0.0,
      "intervention_precision_mean": 0.6513157894736842,
      "intervention_precision_std": 0.0,
      "intervention_rate_mean": 0.8793969849246231,
      "intervention_rate_std": 0.0,
      "labeled_n_mean": 173.0,
      "labeled_n_std": 0.0,
      "mean_oracle_gated_gain_mean": 0.7173492858614298,
      "mean_oracle_gated_gain_std": 0.0,
      "nochange_false_intervention_rate_mean": 0.7361111111111112,
      "nochange_false_intervention_rate_std": 0.0,
      "oracle_recovery_mean": 0.9229893361725108,
      "oracle_recovery_std": 0.0,
      "passes_line": false,
      "precision_gap_vs_shuffled": 0.0,
      "residual_low_false_intervention_rate_mean": 0.8666666666666667,
      "residual_low_false_intervention_rate_std": 0.0,
      "sim_delta_vs_official_mean": 0.7173492858614298,
      "sim_delta_vs_official_std": 0.0,
      "split_family": "beta_bin",
      "split_group": "beta_bin=1.1<=beta<1.4",
      "splits": 1,
      "strong_nochange_false_intervention_rate_mean": 0.6923076923076923,
      "strong_nochange_false_intervention_rate_std": 0.0,
      "target_margin": 0.2
    },
    {
      "bootstrap_gain_p05_mean": 0.3895299946177606,
      "bootstrap_gain_p05_std": 0.0,
      "confidence_corr_mean": 0.45966559084372577,
      "confidence_corr_std": 0.0,
      "eligible_for_pass": 0,
      "feature_set": "E_all_deployable_shuffled",
      "head": "hgb",
      "ignored_n_mean": 17.0,
      "ignored_n_std": 0.0,
      "intervention_precision_mean": 0.5654761904761905,
      "intervention_precision_std": 0.0,
      "intervention_rate_mean": 0.9195979899497487,
      "intervention_rate_std": 0.0,
      "labeled_n_mean": 182.0,
      "labeled_n_std": 0.0,
      "mean_oracle_gated_gain_mean": 0.5015651237414269,
      "mean_oracle_gated_gain_std": 0.0,
      "nochange_false_intervention_rate_mean": 0.8488372093023255,
      "nochange_false_intervention_rate_std": 0.0,
      "oracle_recovery_mean": 0.8755023056119173,
      "oracle_recovery_std": 0.0,
      "passes_line": false,
      "precision_gap_vs_shuffled": 0.0,
      "residual_low_false_intervention_rate_mean": 0.9285714285714286,
      "residual_low_false_intervention_rate_std": 0.0,
      "sim_delta_vs_official_mean": 0.5015651237414269,
      "sim_delta_vs_official_std": 0.0,
      "split_family": "beta_bin",
      "split_group": "beta_bin=1.4<=beta<1.7",
      "splits": 1,
      "strong_nochange_false_intervention_rate_mean": 0.7142857142857143,
      "strong_nochange_false_intervention_rate_std": 0.0,
      "target_margin": 0.2
    },
    {
      "bootstrap_gain_p05_mean": 0.5211666398174576,
      "bootstrap_gain_p05_std": 0.0,
      "confidence_corr_mean": 0.4150743296775411,
      "confidence_corr_std": 0.0,
      "eligible_for_pass": 0,
      "feature_set": "E_all_deployable_shuffled",
      "head": "hgb",
      "ignored_n_mean": 13.0,
      "ignored_n_std": 0.0,
      "intervention_precision_mean": 0.6622516556291391,
      "intervention_precision_std": 0.0,
      "intervention_rate_mean": 0.8061224489795918,
      "intervention_rate_std": 0.0,
      "labeled_n_mean": 183.0,
      "labeled_n_std": 0.0,
      "mean_oracle_gated_gain_mean": 0.6708746567447595,
      "mean_oracle_gated_gain_std": 0.0,
      "nochange_false_intervention_rate_mean": 0.6891891891891891,
      "nochange_false_intervention_rate_std": 0.0,
      "oracle_recovery_mean": 0.8711942001050162,
      "oracle_recovery_std": 0.0,
      "passes_line": false,
      "precision_gap_vs_shuffled": 0.0,
      "residual_low_false_intervention_rate_mean": 0.7222222222222222,
      "residual_low_false_intervention_rate_std": 0.0,
      "sim_delta_vs_official_mean": 0.6708746567447595,
      "sim_delta_vs_official_std": 0.0,
      "split_family": "beta_bin",
      "split_group": "beta_bin=beta<0.8",
      "splits": 1,
      "strong_nochange_false_intervention_rate_mean": 0.46153846153846156,
      "strong_nochange_false_intervention_rate_std": 0.0,
      "target_margin": 0.2
    },
    {
      "bootstrap_gain_p05_mean": 0.38459637608050706,
      "bootstrap_gain_p05_std": 0.0,
      "confidence_corr_mean": 0.35343131055309346,
      "confidence_corr_std": 0.0,
      "eligible_for_pass": 0,
      "feature_set": "E_all_deployable_shuffled",
      "head": "hgb",
      "ignored_n_mean": 24.0,
      "ignored_n_std": 0.0,
      "intervention_precision_mean": 0.6047904191616766,
      "intervention_precision_std": 0.0,
      "intervention_rate_mean": 0.8577981651376146,
      "intervention_rate_std": 0.0,
      "labeled_n_mean": 194.0,
      "labeled_n_std": 0.0,
      "mean_oracle_gated_gain_mean": 0.4921311812102611,
      "mean_oracle_gated_gain_std": 0.0,
      "nochange_false_intervention_rate_mean": 0.75,
      "nochange_false_intervention_rate_std": 0.0,
      "oracle_recovery_mean": 0.855449329660292,
      "oracle_recovery_std": 0.0,
      "passes_line": false,
      "precision_gap_vs_shuffled": 0.0,
      "residual_low_false_intervention_rate_mean": 0.8888888888888888,
      "residual_low_false_intervention_rate_std": 0.0,
      "sim_delta_vs_official_mean": 0.4921311812102611,
      "sim_delta_vs_official_std": 0.0,
      "split_family": "beta_bin",
      "split_group": "beta_bin=beta>=1.7",
      "splits": 1,
      "strong_nochange_false_intervention_rate_mean": 0.8333333333333334,
      "strong_nochange_false_intervention_rate_std": 0.0,
      "target_margin": 0.2
    },
    {
      "bootstrap_gain_p05_mean": 0.8664064254551824,
      "bootstrap_gain_p05_std": 0.0,
      "confidence_corr_mean": 0.17136005160555615,
      "confidence_corr_std": 0.0,
      "eligible_for_pass": 0,
      "feature_set": "E_all_deployable_shuffled",
      "head": "hgb",
      "ignored_n_mean": 8.0,
      "ignored_n_std": 0.0,
      "intervention_precision_mean": 0.6938775510204082,
      "intervention_precision_std": 0.0,
      "intervention_rate_mean": 1.0,
      "intervention_rate_std": 0.0,
      "labeled_n_mean": 196.0,
      "labeled_n_std": 0.0,
      "mean_oracle_gated_gain_mean": 1.0343826270938339,
      "mean_oracle_gated_gain_std": 0.0,
      "nochange_false_intervention_rate_mean": 1.0,
      "nochange_false_intervention_rate_std": 0.0,
      "oracle_recovery_mean": 0.9423702216266134,
      "oracle_recovery_std": 0.0,
      "passes_line": false,
      "precision_gap_vs_shuffled": 0.0,
      "residual_low_false_intervention_rate_mean": 1.0,
      "residual_low_false_intervention_rate_std": 0.0,
      "sim_delta_vs_official_mean": 1.0343826270938339,
      "sim_delta_vs_official_std": 0.0,
      "split_family": "content_cluster",
      "split_group": "content_cluster=content_k5_c0",
      "splits": 1,
      "strong_nochange_false_intervention_rate_mean": 0.0,
      "strong_nochange_false_intervention_rate_std": 0.0,
      "target_margin": 0.2
    },
    {
      "bootstrap_gain_p05_mean": 1.0005725418662854,
      "bootstrap_gain_p05_std": 0.0,
      "confidence_corr_mean": 0.30293040894957557,
      "confidence_corr_std": 0.0,
      "eligible_for_pass": 0,
      "feature_set": "E_all_deployable_shuffled",
      "head": "hgb",
      "ignored_n_mean": 4.0,
      "ignored_n_std": 0.0,
      "intervention_precision_mean": 0.7428571428571429,
      "intervention_precision_std": 0.0,
      "intervention_rate_mean": 0.9732142857142857,
      "intervention_rate_std": 0.0,
      "labeled_n_mean": 108.0,
      "labeled_n_std": 0.0,
      "mean_oracle_gated_gain_mean": 1.2987918386213622,
      "mean_oracle_gated_gain_std": 0.0,
      "nochange_false_intervention_rate_mean": 0.9,
      "nochange_false_intervention_rate_std": 0.0,
      "oracle_recovery_mean": 0.9599026057932322,
      "oracle_recovery_std": 0.0,
      "passes_line": false,
      "precision_gap_vs_shuffled": 0.0,
      "residual_low_false_intervention_rate_mean": 0.9166666666666666,
      "residual_low_false_intervention_rate_std": 0.0,
      "sim_delta_vs_official_mean": 1.2987918386213622,
      "sim_delta_vs_official_std": 0.0,
      "split_family": "content_cluster",
      "split_group": "content_cluster=content_k5_c1",
      "splits": 1,
      "strong_nochange_false_intervention_rate_mean": 1.0,
      "strong_nochange_false_intervention_rate_std": 0.0,
      "target_margin": 0.2
    },
    {
      "bootstrap_gain_p05_mean": 0.027313163745090886,
      "bootstrap_gain_p05_std": 0.0,
      "confidence_corr_mean": 0.31014199834430617,
      "confidence_corr_std": 0.0,
      "eligible_for_pass": 0,
      "feature_set": "E_all_deployable_shuffled",
      "head": "hgb",
      "ignored_n_mean": 31.0,
      "ignored_n_std": 0.0,
      "intervention_precision_mean": 0.3872549019607843,
      "intervention_precision_std": 0.0,
      "intervention_rate_mean": 0.8888888888888888,
      "intervention_rate_std": 0.0,
      "labeled_n_mean": 230.0,
      "labeled_n_std": 0.0,
      "mean_oracle_gated_gain_mean": 0.0755972396291796,
      "mean_oracle_gated_gain_std": 0.0,
      "nochange_false_intervention_rate_mean": 0.8389261744966443,
      "nochange_false_intervention_rate_std": 0.0,
      "oracle_recovery_mean": 0.3437226990362837,
      "oracle_recovery_std": 0.0,
      "passes_line": false,
      "precision_gap_vs_shuffled": 0.0,
      "residual_low_false_intervention_rate_mean": 0.9333333333333333,
      "residual_low_false_intervention_rate_std": 0.0,
      "sim_delta_vs_official_mean": 0.0755972396291796,
      "sim_delta_vs_official_std": 0.0,
      "split_family": "content_cluster",
      "split_group": "content_cluster=content_k5_c2",
      "splits": 1,
      "strong_nochange_false_intervention_rate_mean": 0.8735632183908046,
      "strong_nochange_false_intervention_rate_std": 0.0,
      "target_margin": 0.2
    },
    {
      "bootstrap_gain_p05_mean": 0.6166383827543516,
      "bootstrap_gain_p05_std": 0.0,
      "confidence_corr_mean": 0.15679351737301234,
      "confidence_corr_std": 0.0,
      "eligible_for_pass": 0,
      "feature_set": "E_all_deployable_shuffled",
      "head": "hgb",
      "ignored_n_mean": 14.0,
      "ignored_n_std": 0.0,
      "intervention_precision_mean": 0.6612021857923497,
      "intervention_precision_std": 0.0,
      "intervention_rate_mean": 1.0,
      "intervention_rate_std": 0.0,
      "labeled_n_mean": 183.0,
      "labeled_n_std": 0.0,
      "mean_oracle_gated_gain_mean": 0.7442064591501355,
      "mean_oracle_gated_gain_std": 0.0,
      "nochange_false_intervention_rate_mean": 1.0,
      "nochange_false_intervention_rate_std": 0.0,
      "oracle_recovery_mean": 0.907336594100946,
      "oracle_recovery_std": 0.0,
      "passes_line": false,
      "precision_gap_vs_shuffled": 0.0,
      "residual_low_false_intervention_rate_mean": 1.0,
      "residual_low_false_intervention_rate_std": 0.0,
      "sim_delta_vs_official_mean": 0.7442064591501355,
      "sim_delta_vs_official_std": 0.0,
      "split_family": "content_cluster",
      "split_group": "content_cluster=content_k5_c3",
      "splits": 1,
      "strong_nochange_false_intervention_rate_mean": 0.0,
      "strong_nochange_false_intervention_rate_std": 0.0,
      "target_margin": 0.2
    },
    {
      "bootstrap_gain_p05_mean": 0.11612276684539401,
      "bootstrap_gain_p05_std": 0.0,
      "confidence_corr_mean": 0.2572542438731659,
      "confidence_corr_std": 0.0,
      "eligible_for_pass": 0,
      "feature_set": "E_all_deployable_shuffled",
      "head": "hgb",
      "ignored_n_mean": 39.0,
      "ignored_n_std": 0.0,
      "intervention_precision_mean": 0.4578313253012048,
      "intervention_precision_std": 0.0,
      "intervention_rate_mean": 0.8982300884955752,
      "intervention_rate_std": 0.0,
      "labeled_n_mean": 187.0,
      "labeled_n_std": 0.0,
      "mean_oracle_gated_gain_mean": 0.15570619902787997,
      "mean_oracle_gated_gain_std": 0.0,
      "nochange_false_intervention_rate_mean": 0.8181818181818182,
      "nochange_false_intervention_rate_std": 0.0,
      "oracle_recovery_mean": 0.6834826977025971,
      "oracle_recovery_std": 0.0,
      "passes_line": false,
      "precision_gap_vs_shuffled": 0.0,
      "residual_low_false_intervention_rate_mean": 0.9795918367346939,
      "residual_low_false_intervention_rate_std": 0.0,
      "sim_delta_vs_official_mean": 0.15570619902787997,
      "sim_delta_vs_official_std": 0.0,
      "split_family": "content_cluster",
      "split_group": "content_cluster=content_k5_c4",
      "splits": 1,
      "strong_nochange_false_intervention_rate_mean": 0.9142857142857143,
      "strong_nochange_false_intervention_rate_std": 0.0,
      "target_margin": 0.2
    },
    {
      "bootstrap_gain_p05_mean": 0.4613680590145148,
      "bootstrap_gain_p05_std": 0.0,
      "confidence_corr_mean": 0.48110477309873334,
      "confidence_corr_std": 0.0,
      "eligible_for_pass": 0,
      "feature_set": "E_all_deployable_shuffled",
      "head": "hgb",
      "ignored_n_mean": 16.0,
      "ignored_n_std": 0.0,
      "intervention_precision_mean": 0.5824742268041238,
      "intervention_precision_std": 0.0,
      "intervention_rate_mean": 0.816,
      "intervention_rate_std": 0.0,
      "labeled_n_mean": 234.0,
      "labeled_n_std": 0.0,
      "mean_oracle_gated_gain_mean": 0.6072854346864653,
      "mean_oracle_gated_gain_std": 0.0,
      "nochange_false_intervention_rate_mean": 0.7105263157894737,
      "nochange_false_intervention_rate_std": 0.0,
      "oracle_recovery_mean": 0.8474570050611197,
      "oracle_recovery_std": 0.0,
      "passes_line": false,
      "precision_gap_vs_shuffled": 0.0,
      "residual_low_false_intervention_rate_mean": 0.9444444444444444,
      "residual_low_false_intervention_rate_std": 0.0,
      "sim_delta_vs_official_mean": 0.6072854346864653,
      "sim_delta_vs_official_std": 0.0,
      "split_family": "cr_strength_bin",
      "split_group": "cr_strength_bin=midhigh_cr_q3",
      "splits": 1,
      "strong_nochange_false_intervention_rate_mean": 0.6956521739130435,
      "strong_nochange_false_intervention_rate_std": 0.0,
      "target_margin": 0.2
    },
    {
      "bootstrap_gain_p05_mean": 0.5555217764230533,
      "bootstrap_gain_p05_std": 0.0,
      "confidence_corr_mean": 0.3797417903117584,
      "confidence_corr_std": 0.0,
      "eligible_for_pass": 0,
      "feature_set": "E_all_deployable_shuffled",
      "head": "hgb",
      "ignored_n_mean": 20.0,
      "ignored_n_std": 0.0,
      "intervention_precision_mean": 0.616822429906542,
      "intervention_precision_std": 0.0,
      "intervention_rate_mean": 0.932,
      "intervention_rate_std": 0.0,
      "labeled_n_mean": 230.0,
      "labeled_n_std": 0.0,
      "mean_oracle_gated_gain_mean": 0.7051941904441774,
      "mean_oracle_gated_gain_std": 0.0,
      "nochange_false_intervention_rate_mean": 0.8631578947368421,
      "nochange_false_intervention_rate_std": 0.0,
      "oracle_recovery_mean": 0.9000722442363858,
      "oracle_recovery_std": 0.0,
      "passes_line": false,
      "precision_gap_vs_shuffled": 0.0,
      "residual_low_false_intervention_rate_mean": 1.0,
      "residual_low_false_intervention_rate_std": 0.0,
      "sim_delta_vs_official_mean": 0.7051941904441774,
      "sim_delta_vs_official_std": 0.0,
      "split_family": "cr_strength_bin",
      "split_group": "cr_strength_bin=midlow_cr_q2",
      "splits": 1,
      "strong_nochange_false_intervention_rate_mean": 1.0,
      "strong_nochange_false_intervention_rate_std": 0.0,
      "target_margin": 0.2
    },
    {
      "bootstrap_gain_p05_mean": 0.16576445807444196,
      "bootstrap_gain_p05_std": 0.0,
      "confidence_corr_mean": 0.38512050095269657,
      "confidence_corr_std": 0.0,
      "eligible_for_pass": 0,
      "feature_set": "E_all_deployable_shuffled",
      "head": "hgb",
      "ignored_n_mean": 42.0,
      "ignored_n_std": 0.0,
      "intervention_precision_mean": 0.5144508670520231,
      "intervention_precision_std": 0.0,
      "intervention_rate_mean": 0.84,
      "intervention_rate_std": 0.0,
      "labeled_n_mean": 208.0,
      "labeled_n_std": 0.0,
      "mean_oracle_gated_gain_mean": 0.23802574153525768,
      "mean_oracle_gated_gain_std": 0.0,
      "nochange_false_intervention_rate_mean": 0.7368421052631579,
      "nochange_false_intervention_rate_std": 0.0,
      "oracle_recovery_mean": 0.7570345783798439,
      "oracle_recovery_std": 0.0,
      "passes_line": false,
      "precision_gap_vs_shuffled": 0.0,
      "residual_low_false_intervention_rate_mean": 0.845679012345679,
      "residual_low_false_intervention_rate_std": 0.0,
      "sim_delta_vs_official_mean": 0.23802574153525768,
      "sim_delta_vs_official_std": 0.0,
      "split_family": "cr_strength_bin",
      "split_group": "cr_strength_bin=strong_cr_q4",
      "splits": 1,
      "strong_nochange_false_intervention_rate_mean": 0.7128712871287128,
      "strong_nochange_false_intervention_rate_std": 0.0,
      "target_margin": 0.2
    },
    {
      "bootstrap_gain_p05_mean": 0.5728000320589925,
      "bootstrap_gain_p05_std": 0.0,
      "confidence_corr_mean": 0.1860777459707018,
      "confidence_corr_std": 0.0,
      "eligible_for_pass": 0,
      "feature_set": "E_all_deployable_shuffled",
      "head": "hgb",
      "ignored_n_mean": 18.0,
      "ignored_n_std": 0.0,
      "intervention_precision_mean": 0.6244541484716157,
      "intervention_precision_std": 0.0,
      "intervention_rate_mean": 0.988,
      "intervention_rate_std": 0.0,
      "labeled_n_mean": 232.0,
      "labeled_n_std": 0.0,
      "mean_oracle_gated_gain_mean": 0.7006162644914267,
      "mean_oracle_gated_gain_std": 0.0,
      "nochange_false_intervention_rate_mean": 0.9772727272727273,
      "nochange_false_intervention_rate_std": 0.0,
      "oracle_recovery_mean": 0.9108160943296086,
      "oracle_recovery_std": 0.0,
      "passes_line": false,
      "precision_gap_vs_shuffled": 0.0,
      "residual_low_false_intervention_rate_mean": 1.0,
      "residual_low_false_intervention_rate_std": 0.0,
      "sim_delta_vs_official_mean": 0.7006162644914267,
      "sim_delta_vs_official_std": 0.0,
      "split_family": "cr_strength_bin",
      "split_group": "cr_strength_bin=weak_cr_q1",
      "splits": 1,
      "strong_nochange_false_intervention_rate_mean": 0.0,
      "strong_nochange_false_intervention_rate_std": 0.0,
      "target_margin": 0.2
    },
    {
      "bootstrap_gain_p05_mean": 0.11486013973331304,
      "bootstrap_gain_p05_std": 0.0,
      "confidence_corr_mean": 0.3415193136890302,
      "confidence_corr_std": 0.0,
      "eligible_for_pass": 0,
      "feature_set": "E_all_deployable_shuffled",
      "head": "hgb",
      "ignored_n_mean": 20.0,
      "ignored_n_std": 0.0,
      "intervention_precision_mean": 0.43243243243243246,
      "intervention_precision_std": 0.0,
      "intervention_rate_mean": 0.796,
      "intervention_rate_std": 0.0,
      "labeled_n_mean": 230.0,
      "labeled_n_std": 0.0,
      "mean_oracle_gated_gain_mean": 0.16708709648991396,
      "mean_oracle_gated_gain_std": 0.0,
      "nochange_false_intervention_rate_mean": 0.7394366197183099,
      "nochange_false_intervention_rate_std": 0.0,
      "oracle_recovery_mean": 0.6024468906551955,
      "oracle_recovery_std": 0.0,
      "passes_line": false,
      "precision_gap_vs_shuffled": 0.0,
      "residual_low_false_intervention_rate_mean": 0.8055555555555556,
      "residual_low_false_intervention_rate_std": 0.0,
      "sim_delta_vs_official_mean": 0.16708709648991396,
      "sim_delta_vs_official_std": 0.0,
      "split_family": "official_strength_bin",
      "split_group": "official_strength_bin=midhigh_official_q3",
      "splits": 1,
      "strong_nochange_false_intervention_rate_mean": 0.0,
      "strong_nochange_false_intervention_rate_std": 0.0,
      "target_margin": 0.2
    },
    {
      "bootstrap_gain_p05_mean": 0.5658803118551567,
      "bootstrap_gain_p05_std": 0.0,
      "confidence_corr_mean": 0.23208084447091448,
      "confidence_corr_std": 0.0,
      "eligible_for_pass": 0,
      "feature_set": "E_all_deployable_shuffled",
      "head": "hgb",
      "ignored_n_mean": 25.0,
      "ignored_n_std": 0.0,
      "intervention_precision_mean": 0.6126126126126126,
      "intervention_precision_std": 0.0,
      "intervention_rate_mean": 0.976,
      "intervention_rate_std": 0.0,
      "labeled_n_mean": 225.0,
      "labeled_n_std": 0.0,
      "mean_oracle_gated_gain_mean": 0.6945005741713415,
      "mean_oracle_gated_gain_std": 0.0,
      "nochange_false_intervention_rate_mean": 0.9772727272727273,
      "nochange_false_intervention_rate_std": 0.0,
      "oracle_recovery_mean": 0.8962974902985017,
      "oracle_recovery_std": 0.0,
      "passes_line": false,
      "precision_gap_vs_shuffled": 0.0,
      "residual_low_false_intervention_rate_mean": 1.0,
      "residual_low_false_intervention_rate_std": 0.0,
      "sim_delta_vs_official_mean": 0.6945005741713415,
      "sim_delta_vs_official_std": 0.0,
      "split_family": "official_strength_bin",
      "split_group": "official_strength_bin=midlow_official_q2",
      "splits": 1,
      "strong_nochange_false_intervention_rate_mean": 0.0,
      "strong_nochange_false_intervention_rate_std": 0.0,
      "target_margin": 0.2
    },
    {
      "bootstrap_gain_p05_mean": 0.042430634812169035,
      "bootstrap_gain_p05_std": 0.0,
      "confidence_corr_mean": 0.12666862565925355,
      "confidence_corr_std": 0.0,
      "eligible_for_pass": 0,
      "feature_set": "E_all_deployable_shuffled",
      "head": "hgb",
      "ignored_n_mean": 40.0,
      "ignored_n_std": 0.0,
      "intervention_precision_mean": 0.45054945054945056,
      "intervention_precision_std": 0.0,
      "intervention_rate_mean": 0.88,
      "intervention_rate_std": 0.0,
      "labeled_n_mean": 210.0,
      "labeled_n_std": 0.0,
      "mean_oracle_gated_gain_mean": 0.08809742032706021,
      "mean_oracle_gated_gain_std": 0.0,
      "nochange_false_intervention_rate_mean": 0.8,
      "nochange_false_intervention_rate_std": 0.0,
      "oracle_recovery_mean": 0.43260445881782333,
      "oracle_recovery_std": 0.0,
      "passes_line": false,
      "precision_gap_vs_shuffled": 0.0,
      "residual_low_false_intervention_rate_mean": 0.9078947368421053,
      "residual_low_false_intervention_rate_std": 0.0,
      "sim_delta_vs_official_mean": 0.08809742032706021,
      "sim_delta_vs_official_std": 0.0,
      "split_family": "official_strength_bin",
      "split_group": "official_strength_bin=strong_official_q4",
      "splits": 1,
      "strong_nochange_false_intervention_rate_mean": 0.8,
      "strong_nochange_false_intervention_rate_std": 0.0,
      "target_margin": 0.2
    },
    {
      "bootstrap_gain_p05_mean": 1.1383119053969804,
      "bootstrap_gain_p05_std": 0.0,
      "confidence_corr_mean": 0.14300709046948884,
      "confidence_corr_std": 0.0,
      "eligible_for_pass": 0,
      "feature_set": "E_all_deployable_shuffled",
      "head": "hgb",
      "ignored_n_mean": 11.0,
      "ignored_n_std": 0.0,
      "intervention_precision_mean": 0.7647058823529411,
      "intervention_precision_std": 0.0,
      "intervention_rate_mean": 0.996,
      "intervention_rate_std": 0.0,
      "labeled_n_mean": 239.0,
      "labeled_n_std": 0.0,
      "mean_oracle_gated_gain_mean": 1.2892534293053695,
      "mean_oracle_gated_gain_std": 0.0,
      "nochange_false_intervention_rate_mean": 1.0,
      "nochange_false_intervention_rate_std": 0.0,
      "oracle_recovery_mean": 0.9709157821418184,
      "oracle_recovery_std": 0.0,
      "passes_line": false,
      "precision_gap_vs_shuffled": 0.0,
      "residual_low_false_intervention_rate_mean": 1.0,
      "residual_low_false_intervention_rate_std": 0.0,
      "sim_delta_vs_official_mean": 1.2892534293053695,
      "sim_delta_vs_official_std": 0.0,
      "split_family": "official_strength_bin",
      "split_group": "official_strength_bin=weak_official_q1",
      "splits": 1,
      "strong_nochange_false_intervention_rate_mean": 0.0,
      "strong_nochange_false_intervention_rate_std": 0.0,
      "target_margin": 0.2
    },
    {
      "bootstrap_gain_p05_mean": 0.5002774795550541,
      "bootstrap_gain_p05_std": 0.06853940868395038,
      "confidence_corr_mean": 0.45352969494105916,
      "confidence_corr_std": 0.03413304173127589,
      "eligible_for_pass": 0,
      "feature_set": "E_all_deployable_shuffled",
      "head": "hgb",
      "ignored_n_mean": 23.666666666666668,
      "ignored_n_std": 5.734883511361751,
      "intervention_precision_mean": 0.6134956944567429,
      "intervention_precision_std": 0.021711759880229522,
      "intervention_rate_mean": 0.8733333333333334,
      "intervention_rate_std": 0.015084944665313026,
      "labeled_n_mean": 226.33333333333334,
      "labeled_n_std": 5.734883511361751,
      "mean_oracle_gated_gain_mean": 0.6310399448063962,
      "mean_oracle_gated_gain_std": 0.07941334371119667,
      "nochange_false_intervention_rate_mean": 0.744857538975186,
      "nochange_false_intervention_rate_std": 0.012084068348032728,
      "oracle_recovery_mean": 0.8949090113803186,
      "oracle_recovery_std": 0.021311489282079002,
      "passes_line": false,
      "precision_gap_vs_shuffled": 0.0,
      "residual_low_false_intervention_rate_mean": 0.8442903612395138,
      "residual_low_false_intervention_rate_std": 0.026929346025049136,
      "sim_delta_vs_official_mean": 0.6310399448063962,
      "sim_delta_vs_official_std": 0.07941334371119667,
      "split_family": "random",
      "split_group": "random",
      "splits": 3,
      "strong_nochange_false_intervention_rate_mean": 0.6079682271632736,
      "strong_nochange_false_intervention_rate_std": 0.13221936006399632,
      "target_margin": 0.2
    },
    {
      "bootstrap_gain_p05_mean": 0.5858580595310741,
      "bootstrap_gain_p05_std": 0.0,
      "confidence_corr_mean": 0.3563146247987308,
      "confidence_corr_std": 0.0,
      "eligible_for_pass": 0,
      "feature_set": "E_all_deployable_shuffled",
      "head": "hgb",
      "ignored_n_mean": 26.0,
      "ignored_n_std": 0.0,
      "intervention_precision_mean": 0.5142857142857142,
      "intervention_precision_std": 0.0,
      "intervention_rate_mean": 0.944,
      "intervention_rate_std": 0.0,
      "labeled_n_mean": 224.0,
      "labeled_n_std": 0.0,
      "mean_oracle_gated_gain_mean": 0.7623074043640377,
      "mean_oracle_gated_gain_std": 0.0,
      "nochange_false_intervention_rate_mean": 0.8869565217391304,
      "nochange_false_intervention_rate_std": 0.0,
      "oracle_recovery_mean": 0.8846221734526589,
      "oracle_recovery_std": 0.0,
      "passes_line": false,
      "precision_gap_vs_shuffled": 0.0,
      "residual_low_false_intervention_rate_mean": 0.0,
      "residual_low_false_intervention_rate_std": 0.0,
      "sim_delta_vs_official_mean": 0.7623074043640377,
      "sim_delta_vs_official_std": 0.0,
      "split_family": "residual_energy_bin",
      "split_group": "residual_energy_bin=residual_high_q4",
      "splits": 1,
      "strong_nochange_false_intervention_rate_mean": 1.0,
      "strong_nochange_false_intervention_rate_std": 0.0,
      "target_margin": 0.2
    },
    {
      "bootstrap_gain_p05_mean": 0.2806313025945612,
      "bootstrap_gain_p05_std": 0.0,
      "confidence_corr_mean": 0.43645788206240216,
      "confidence_corr_std": 0.0,
      "eligible_for_pass": 0,
      "feature_set": "E_all_deployable_shuffled",
      "head": "hgb",
      "ignored_n_mean": 33.0,
      "ignored_n_std": 0.0,
      "intervention_precision_mean": 0.6310160427807486,
      "intervention_precision_std": 0.0,
      "intervention_rate_mean": 0.848,
      "intervention_rate_std": 0.0,
      "labeled_n_mean": 217.0,
      "labeled_n_std": 0.0,
      "mean_oracle_gated_gain_mean": 0.3598613553471904,
      "mean_oracle_gated_gain_std": 0.0,
      "nochange_false_intervention_rate_mean": 0.7340425531914894,
      "nochange_false_intervention_rate_std": 0.0,
      "oracle_recovery_mean": 0.8376998483524469,
      "oracle_recovery_std": 0.0,
      "passes_line": false,
      "precision_gap_vs_shuffled": 0.0,
      "residual_low_false_intervention_rate_mean": 0.848,
      "residual_low_false_intervention_rate_std": 0.0,
      "sim_delta_vs_official_mean": 0.3598613553471904,
      "sim_delta_vs_official_std": 0.0,
      "split_family": "residual_energy_bin",
      "split_group": "residual_energy_bin=residual_low_q1",
      "splits": 1,
      "strong_nochange_false_intervention_rate_mean": 0.6764705882352942,
      "strong_nochange_false_intervention_rate_std": 0.0,
      "target_margin": 0.2
    },
    {
      "bootstrap_gain_p05_mean": 0.58146974951163,
      "bootstrap_gain_p05_std": 0.0,
      "confidence_corr_mean": 0.41105975923967214,
      "confidence_corr_std": 0.0,
      "eligible_for_pass": 0,
      "feature_set": "E_all_deployable_shuffled",
      "head": "hgb",
      "ignored_n_mean": 15.0,
      "ignored_n_std": 0.0,
      "intervention_precision_mean": 0.635,
      "intervention_precision_std": 0.0,
      "intervention_rate_mean": 0.848,
      "intervention_rate_std": 0.0,
      "labeled_n_mean": 235.0,
      "labeled_n_std": 0.0,
      "mean_oracle_gated_gain_mean": 0.7015386426927157,
      "mean_oracle_gated_gain_std": 0.0,
      "nochange_false_intervention_rate_mean": 0.7087378640776699,
      "nochange_false_intervention_rate_std": 0.0,
      "oracle_recovery_mean": 0.907816549370002,
      "oracle_recovery_std": 0.0,
      "passes_line": false,
      "precision_gap_vs_shuffled": 0.0,
      "residual_low_false_intervention_rate_mean": 0.0,
      "residual_low_false_intervention_rate_std": 0.0,
      "sim_delta_vs_official_mean": 0.7015386426927157,
      "sim_delta_vs_official_std": 0.0,
      "split_family": "residual_energy_bin",
      "split_group": "residual_energy_bin=residual_midhigh_q3",
      "splits": 1,
      "strong_nochange_false_intervention_rate_mean": 0.625,
      "strong_nochange_false_intervention_rate_std": 0.0,
      "target_margin": 0.2
    },
    {
      "bootstrap_gain_p05_mean": 0.32877297431279634,
      "bootstrap_gain_p05_std": 0.0,
      "confidence_corr_mean": 0.4180088343684254,
      "confidence_corr_std": 0.0,
      "eligible_for_pass": 0,
      "feature_set": "E_all_deployable_shuffled",
      "head": "hgb",
      "ignored_n_mean": 22.0,
      "ignored_n_std": 0.0,
      "intervention_precision_mean": 0.6205128205128205,
      "intervention_precision_std": 0.0,
      "intervention_rate_mean": 0.852,
      "intervention_rate_std": 0.0,
      "labeled_n_mean": 228.0,
      "labeled_n_std": 0.0,
      "mean_oracle_gated_gain_mean": 0.42742536824143995,
      "mean_oracle_gated_gain_std": 0.0,
      "nochange_false_intervention_rate_mean": 0.7474747474747475,
      "nochange_false_intervention_rate_std": 0.0,
      "oracle_recovery_mean": 0.8225577560247785,
      "oracle_recovery_std": 0.0,
      "passes_line": false,
      "precision_gap_vs_shuffled": 0.0,
      "residual_low_false_intervention_rate_mean": 0.0,
      "residual_low_false_intervention_rate_std": 0.0,
      "sim_delta_vs_official_mean": 0.42742536824143995,
      "sim_delta_vs_official_std": 0.0,
      "split_family": "residual_energy_bin",
      "split_group": "residual_energy_bin=residual_midlow_q2",
      "splits": 1,
      "strong_nochange_false_intervention_rate_mean": 0.5789473684210527,
      "strong_nochange_false_intervention_rate_std": 0.0,
      "target_margin": 0.2
    },
    {
      "bootstrap_gain_p05_mean": 0.43894101245251127,
      "bootstrap_gain_p05_std": 0.0,
      "confidence_corr_mean": 0.5612920999616094,
      "confidence_corr_std": 0.0,
      "eligible_for_pass": 0,
      "feature_set": "Z_diagnostic_leakage",
      "head": "hgb",
      "ignored_n_mean": 19.0,
      "ignored_n_std": 0.0,
      "intervention_precision_mean": 1.0,
      "intervention_precision_std": 0.0,
      "intervention_rate_mean": 0.5103092783505154,
      "intervention_rate_std": 0.0,
      "labeled_n_mean": 175.0,
      "labeled_n_std": 0.0,
      "mean_oracle_gated_gain_mean": 0.5712319666591665,
      "mean_oracle_gated_gain_std": 0.0,
      "nochange_false_intervention_rate_mean": 0.0,
      "nochange_false_intervention_rate_std": 0.0,
      "oracle_recovery_mean": 0.9896109735811328,
      "oracle_recovery_std": 0.0,
      "passes_line": false,
      "precision_gap_vs_shuffled": 0.45679012345679015,
      "residual_low_false_intervention_rate_mean": 0.5357142857142857,
      "residual_low_false_intervention_rate_std": 0.0,
      "sim_delta_vs_official_mean": 0.5712319666591665,
      "sim_delta_vs_official_std": 0.0,
      "split_family": "airlight_bin",
      "split_group": "airlight_bin=0.65<=A<0.75",
      "splits": 1,
      "strong_nochange_false_intervention_rate_mean": 0.0,
      "strong_nochange_false_intervention_rate_std": 0.0,
      "target_margin": 0.2
    },
    {
      "bootstrap_gain_p05_mean": 0.4926589157491929,
      "bootstrap_gain_p05_std": 0.0,
      "confidence_corr_mean": 0.5860397767179337,
      "confidence_corr_std": 0.0,
      "eligible_for_pass": 0,
      "feature_set": "Z_diagnostic_leakage",
      "head": "hgb",
      "ignored_n_mean": 21.0,
      "ignored_n_std": 0.0,
      "intervention_precision_mean": 1.0,
      "intervention_precision_std": 0.0,
      "intervention_rate_mean": 0.5619047619047619,
      "intervention_rate_std": 0.0,
      "labeled_n_mean": 189.0,
      "labeled_n_std": 0.0,
      "mean_oracle_gated_gain_mean": 0.5937305350617361,
      "mean_oracle_gated_gain_std": 0.0,
      "nochange_false_intervention_rate_mean": 0.0,
      "nochange_false_intervention_rate_std": 0.0,
      "oracle_recovery_mean": 0.9888025904453706,
      "oracle_recovery_std": 0.0,
      "passes_line": false,
      "precision_gap_vs_shuffled": 0.3291925465838509,
      "residual_low_false_intervention_rate_mean": 0.5740740740740741,
      "residual_low_false_intervention_rate_std": 0.0,
      "sim_delta_vs_official_mean": 0.5937305350617361,
      "sim_delta_vs_official_std": 0.0,
      "split_family": "airlight_bin",
      "split_group": "airlight_bin=0.75<=A<0.85",
      "splits": 1,
      "strong_nochange_false_intervention_rate_mean": 0.0,
      "strong_nochange_false_intervention_rate_std": 0.0,
      "target_margin": 0.2
    },
    {
      "bootstrap_gain_p05_mean": 0.4297873335513776,
      "bootstrap_gain_p05_std": 0.0,
      "confidence_corr_mean": 0.6618170966099045,
      "confidence_corr_std": 0.0,
      "eligible_for_pass": 0,
      "feature_set": "Z_diagnostic_leakage",
      "head": "hgb",
      "ignored_n_mean": 20.0,
      "ignored_n_std": 0.0,
      "intervention_precision_mean": 1.0,
      "intervention_precision_std": 0.0,
      "intervention_rate_mean": 0.46285714285714286,
      "intervention_rate_std": 0.0,
      "labeled_n_mean": 155.0,
      "labeled_n_std": 0.0,
      "mean_oracle_gated_gain_mean": 0.5473155694552505,
      "mean_oracle_gated_gain_std": 0.0,
      "nochange_false_intervention_rate_mean": 0.0,
      "nochange_false_intervention_rate_std": 0.0,
      "oracle_recovery_mean": 0.980098683670227,
      "oracle_recovery_std": 0.0,
      "passes_line": false,
      "precision_gap_vs_shuffled": 0.4411764705882353,
      "residual_low_false_intervention_rate_mean": 0.4375,
      "residual_low_false_intervention_rate_std": 0.0,
      "sim_delta_vs_official_mean": 0.5473155694552505,
      "sim_delta_vs_official_std": 0.0,
      "split_family": "airlight_bin",
      "split_group": "airlight_bin=0.85<=A<0.95",
      "splits": 1,
      "strong_nochange_false_intervention_rate_mean": 0.0,
      "strong_nochange_false_intervention_rate_std": 0.0,
      "target_margin": 0.2
    },
    {
      "bootstrap_gain_p05_mean": 0.705729389321362,
      "bootstrap_gain_p05_std": 0.0,
      "confidence_corr_mean": 0.5749810733850037,
      "confidence_corr_std": 0.0,
      "eligible_for_pass": 0,
      "feature_set": "Z_diagnostic_leakage",
      "head": "hgb",
      "ignored_n_mean": 26.0,
      "ignored_n_std": 0.0,
      "intervention_precision_mean": 1.0,
      "intervention_precision_std": 0.0,
      "intervention_rate_mean": 0.5559322033898305,
      "intervention_rate_std": 0.0,
      "labeled_n_mean": 269.0,
      "labeled_n_std": 0.0,
      "mean_oracle_gated_gain_mean": 0.8347693233891934,
      "mean_oracle_gated_gain_std": 0.0,
      "nochange_false_intervention_rate_mean": 0.0,
      "nochange_false_intervention_rate_std": 0.0,
      "oracle_recovery_mean": 0.9920022300934075,
      "oracle_recovery_std": 0.0,
      "passes_line": false,
      "precision_gap_vs_shuffled": 0.37339055793991416,
      "residual_low_false_intervention_rate_mean": 0.5106382978723404,
      "residual_low_false_intervention_rate_std": 0.0,
      "sim_delta_vs_official_mean": 0.8347693233891934,
      "sim_delta_vs_official_std": 0.0,
      "split_family": "airlight_bin",
      "split_group": "airlight_bin=A<0.65",
      "splits": 1,
      "strong_nochange_false_intervention_rate_mean": 0.0,
      "strong_nochange_false_intervention_rate_std": 0.0,
      "target_margin": 0.2
    },
    {
      "bootstrap_gain_p05_mean": 0.35625086267742506,
      "bootstrap_gain_p05_std": 0.0,
      "confidence_corr_mean": 0.5605961999242272,
      "confidence_corr_std": 0.0,
      "eligible_for_pass": 0,
      "feature_set": "Z_diagnostic_leakage",
      "head": "hgb",
      "ignored_n_mean": 10.0,
      "ignored_n_std": 0.0,
      "intervention_precision_mean": 1.0,
      "intervention_precision_std": 0.0,
      "intervention_rate_mean": 0.5,
      "intervention_rate_std": 0.0,
      "labeled_n_mean": 116.0,
      "labeled_n_std": 0.0,
      "mean_oracle_gated_gain_mean": 0.48643644789439283,
      "mean_oracle_gated_gain_std": 0.0,
      "nochange_false_intervention_rate_mean": 0.0,
      "nochange_false_intervention_rate_std": 0.0,
      "oracle_recovery_mean": 0.9904029015051016,
      "oracle_recovery_std": 0.0,
      "passes_line": false,
      "precision_gap_vs_shuffled": 0.46226415094339623,
      "residual_low_false_intervention_rate_mean": 0.6428571428571429,
      "residual_low_false_intervention_rate_std": 0.0,
      "sim_delta_vs_official_mean": 0.48643644789439283,
      "sim_delta_vs_official_std": 0.0,
      "split_family": "airlight_bin",
      "split_group": "airlight_bin=A>=0.95",
      "splits": 1,
      "strong_nochange_false_intervention_rate_mean": 0.0,
      "strong_nochange_false_intervention_rate_std": 0.0,
      "target_margin": 0.2
    },
    {
      "bootstrap_gain_p05_mean": 0.40569955638147215,
      "bootstrap_gain_p05_std": 0.0,
      "confidence_corr_mean": 0.5851188444959106,
      "confidence_corr_std": 0.0,
      "eligible_for_pass": 0,
      "feature_set": "Z_diagnostic_leakage",
      "head": "hgb",
      "ignored_n_mean": 16.0,
      "ignored_n_std": 0.0,
      "intervention_precision_mean": 1.0,
      "intervention_precision_std": 0.0,
      "intervention_rate_mean": 0.4521276595744681,
      "intervention_rate_std": 0.0,
      "labeled_n_mean": 172.0,
      "labeled_n_std": 0.0,
      "mean_oracle_gated_gain_mean": 0.5295964485745975,
      "mean_oracle_gated_gain_std": 0.0,
      "nochange_false_intervention_rate_mean": 0.0,
      "nochange_false_intervention_rate_std": 0.0,
      "oracle_recovery_mean": 0.9865991836019706,
      "oracle_recovery_std": 0.0,
      "passes_line": false,
      "precision_gap_vs_shuffled": 0.48684210526315785,
      "residual_low_false_intervention_rate_mean": 0.5333333333333333,
      "residual_low_false_intervention_rate_std": 0.0,
      "sim_delta_vs_official_mean": 0.5295964485745975,
      "sim_delta_vs_official_std": 0.0,
      "split_family": "beta_bin",
      "split_group": "beta_bin=0.8<=beta<1.1",
      "splits": 1,
      "strong_nochange_false_intervention_rate_mean": 0.0,
      "strong_nochange_false_intervention_rate_std": 0.0,
      "target_margin": 0.2
    },
    {
      "bootstrap_gain_p05_mean": 0.6326005318853425,
      "bootstrap_gain_p05_std": 0.0,
      "confidence_corr_mean": 0.566333829228786,
      "confidence_corr_std": 0.0,
      "eligible_for_pass": 0,
      "feature_set": "Z_diagnostic_leakage",
      "head": "hgb",
      "ignored_n_mean": 26.0,
      "ignored_n_std": 0.0,
      "intervention_precision_mean": 1.0,
      "intervention_precision_std": 0.0,
      "intervention_rate_mean": 0.542713567839196,
      "intervention_rate_std": 0.0,
      "labeled_n_mean": 173.0,
      "labeled_n_std": 0.0,
      "mean_oracle_gated_gain_mean": 0.7673254784121792,
      "mean_oracle_gated_gain_std": 0.0,
      "nochange_false_intervention_rate_mean": 0.0,
      "nochange_false_intervention_rate_std": 0.0,
      "oracle_recovery_mean": 0.9872920317993052,
      "oracle_recovery_std": 0.0,
      "passes_line": false,
      "precision_gap_vs_shuffled": 0.3486842105263158,
      "residual_low_false_intervention_rate_mean": 0.4888888888888889,
      "residual_low_false_intervention_rate_std": 0.0,
      "sim_delta_vs_official_mean": 0.7673254784121792,
      "sim_delta_vs_official_std": 0.0,
      "split_family": "beta_bin",
      "split_group": "beta_bin=1.1<=beta<1.4",
      "splits": 1,
      "strong_nochange_false_intervention_rate_mean": 0.0,
      "strong_nochange_false_intervention_rate_std": 0.0,
      "target_margin": 0.2
    },
    {
      "bootstrap_gain_p05_mean": 0.4619076662086603,
      "bootstrap_gain_p05_std": 0.0,
      "confidence_corr_mean": 0.5984337949678378,
      "confidence_corr_std": 0.0,
      "eligible_for_pass": 0,
      "feature_set": "Z_diagnostic_leakage",
      "head": "hgb",
      "ignored_n_mean": 17.0,
      "ignored_n_std": 0.0,
      "intervention_precision_mean": 1.0,
      "intervention_precision_std": 0.0,
      "intervention_rate_mean": 0.5125628140703518,
      "intervention_rate_std": 0.0,
      "labeled_n_mean": 182.0,
      "labeled_n_std": 0.0,
      "mean_oracle_gated_gain_mean": 0.5669500970753857,
      "mean_oracle_gated_gain_std": 0.0,
      "nochange_false_intervention_rate_mean": 0.0,
      "nochange_false_intervention_rate_std": 0.0,
      "oracle_recovery_mean": 0.9896344336180227,
      "oracle_recovery_std": 0.0,
      "passes_line": false,
      "precision_gap_vs_shuffled": 0.43452380952380953,
      "residual_low_false_intervention_rate_mean": 0.5357142857142857,
      "residual_low_false_intervention_rate_std": 0.0,
      "sim_delta_vs_official_mean": 0.5669500970753857,
      "sim_delta_vs_official_std": 0.0,
      "split_family": "beta_bin",
      "split_group": "beta_bin=1.4<=beta<1.7",
      "splits": 1,
      "strong_nochange_false_intervention_rate_mean": 0.0,
      "strong_nochange_false_intervention_rate_std": 0.0,
      "target_margin": 0.2
    },
    {
      "bootstrap_gain_p05_mean": 0.6213728836958312,
      "bootstrap_gain_p05_std": 0.0,
      "confidence_corr_mean": 0.5728605150485993,
      "confidence_corr_std": 0.0,
      "eligible_for_pass": 0,
      "feature_set": "Z_diagnostic_leakage",
      "head": "hgb",
      "ignored_n_mean": 13.0,
      "ignored_n_std": 0.0,
      "intervention_precision_mean": 1.0,
      "intervention_precision_std": 0.0,
      "intervention_rate_mean": 0.5816326530612245,
      "intervention_rate_std": 0.0,
      "labeled_n_mean": 183.0,
      "labeled_n_std": 0.0,
      "mean_oracle_gated_gain_mean": 0.7646023626026859,
      "mean_oracle_gated_gain_std": 0.0,
      "nochange_false_intervention_rate_mean": 0.0,
      "nochange_false_intervention_rate_std": 0.0,
      "oracle_recovery_mean": 0.99290849190549,
      "oracle_recovery_std": 0.0,
      "passes_line": false,
      "precision_gap_vs_shuffled": 0.3377483443708609,
      "residual_low_false_intervention_rate_mean": 0.5462962962962963,
      "residual_low_false_intervention_rate_std": 0.0,
      "sim_delta_vs_official_mean": 0.7646023626026859,
      "sim_delta_vs_official_std": 0.0,
      "split_family": "beta_bin",
      "split_group": "beta_bin=beta<0.8",
      "splits": 1,
      "strong_nochange_false_intervention_rate_mean": 0.0,
      "strong_nochange_false_intervention_rate_std": 0.0,
      "target_margin": 0.2
    },
    {
      "bootstrap_gain_p05_mean": 0.4768586089656142,
      "bootstrap_gain_p05_std": 0.0,
      "confidence_corr_mean": 0.5685406295738666,
      "confidence_corr_std": 0.0,
      "eligible_for_pass": 0,
      "feature_set": "Z_diagnostic_leakage",
      "head": "hgb",
      "ignored_n_mean": 24.0,
      "ignored_n_std": 0.0,
      "intervention_precision_mean": 1.0,
      "intervention_precision_std": 0.0,
      "intervention_rate_mean": 0.5504587155963303,
      "intervention_rate_std": 0.0,
      "labeled_n_mean": 194.0,
      "labeled_n_std": 0.0,
      "mean_oracle_gated_gain_mean": 0.570895845390954,
      "mean_oracle_gated_gain_std": 0.0,
      "nochange_false_intervention_rate_mean": 0.0,
      "nochange_false_intervention_rate_std": 0.0,
      "oracle_recovery_mean": 0.992362375910666,
      "oracle_recovery_std": 0.0,
      "passes_line": false,
      "precision_gap_vs_shuffled": 0.39520958083832336,
      "residual_low_false_intervention_rate_mean": 0.5555555555555556,
      "residual_low_false_intervention_rate_std": 0.0,
      "sim_delta_vs_official_mean": 0.570895845390954,
      "sim_delta_vs_official_std": 0.0,
      "split_family": "beta_bin",
      "split_group": "beta_bin=beta>=1.7",
      "splits": 1,
      "strong_nochange_false_intervention_rate_mean": 0.0,
      "strong_nochange_false_intervention_rate_std": 0.0,
      "target_margin": 0.2
    },
    {
      "bootstrap_gain_p05_mean": 0.9338965955531922,
      "bootstrap_gain_p05_std": 0.0,
      "confidence_corr_mean": 0.5802073526038438,
      "confidence_corr_std": 0.0,
      "eligible_for_pass": 0,
      "feature_set": "Z_diagnostic_leakage",
      "head": "hgb",
      "ignored_n_mean": 8.0,
      "ignored_n_std": 0.0,
      "intervention_precision_mean": 1.0,
      "intervention_precision_std": 0.0,
      "intervention_rate_mean": 0.6715686274509803,
      "intervention_rate_std": 0.0,
      "labeled_n_mean": 196.0,
      "labeled_n_std": 0.0,
      "mean_oracle_gated_gain_mean": 1.093393418998087,
      "mean_oracle_gated_gain_std": 0.0,
      "nochange_false_intervention_rate_mean": 0.0,
      "nochange_false_intervention_rate_std": 0.0,
      "oracle_recovery_mean": 0.9961317713554725,
      "oracle_recovery_std": 0.0,
      "passes_line": false,
      "precision_gap_vs_shuffled": 0.30612244897959184,
      "residual_low_false_intervention_rate_mean": 0.75,
      "residual_low_false_intervention_rate_std": 0.0,
      "sim_delta_vs_official_mean": 1.093393418998087,
      "sim_delta_vs_official_std": 0.0,
      "split_family": "content_cluster",
      "split_group": "content_cluster=content_k5_c0",
      "splits": 1,
      "strong_nochange_false_intervention_rate_mean": 0.0,
      "strong_nochange_false_intervention_rate_std": 0.0,
      "target_margin": 0.2
    },
    {
      "bootstrap_gain_p05_mean": 1.0655691820273128,
      "bootstrap_gain_p05_std": 0.0,
      "confidence_corr_mean": 0.4924051771613059,
      "confidence_corr_std": 0.0,
      "eligible_for_pass": 0,
      "feature_set": "Z_diagnostic_leakage",
      "head": "hgb",
      "ignored_n_mean": 4.0,
      "ignored_n_std": 0.0,
      "intervention_precision_mean": 1.0,
      "intervention_precision_std": 0.0,
      "intervention_rate_mean": 0.7142857142857143,
      "intervention_rate_std": 0.0,
      "labeled_n_mean": 108.0,
      "labeled_n_std": 0.0,
      "mean_oracle_gated_gain_mean": 1.3502099522284574,
      "mean_oracle_gated_gain_std": 0.0,
      "nochange_false_intervention_rate_mean": 0.0,
      "nochange_false_intervention_rate_std": 0.0,
      "oracle_recovery_mean": 0.9979043700242223,
      "oracle_recovery_std": 0.0,
      "passes_line": false,
      "precision_gap_vs_shuffled": 0.2571428571428571,
      "residual_low_false_intervention_rate_mean": 0.6666666666666666,
      "residual_low_false_intervention_rate_std": 0.0,
      "sim_delta_vs_official_mean": 1.3502099522284574,
      "sim_delta_vs_official_std": 0.0,
      "split_family": "content_cluster",
      "split_group": "content_cluster=content_k5_c1",
      "splits": 1,
      "strong_nochange_false_intervention_rate_mean": 0.0,
      "strong_nochange_false_intervention_rate_std": 0.0,
      "target_margin": 0.2
    },
    {
      "bootstrap_gain_p05_mean": 0.17382946649719047,
      "bootstrap_gain_p05_std": 0.0,
      "confidence_corr_mean": 0.7209574641243147,
      "confidence_corr_std": 0.0,
      "eligible_for_pass": 0,
      "feature_set": "Z_diagnostic_leakage",
      "head": "hgb",
      "ignored_n_mean": 31.0,
      "ignored_n_std": 0.0,
      "intervention_precision_mean": 1.0,
      "intervention_precision_std": 0.0,
      "intervention_rate_mean": 0.36015325670498083,
      "intervention_rate_std": 0.0,
      "labeled_n_mean": 230.0,
      "labeled_n_std": 0.0,
      "mean_oracle_gated_gain_mean": 0.21250178101679063,
      "mean_oracle_gated_gain_std": 0.0,
      "nochange_false_intervention_rate_mean": 0.0,
      "nochange_false_intervention_rate_std": 0.0,
      "oracle_recovery_mean": 0.9661951425659648,
      "oracle_recovery_std": 0.0,
      "passes_line": false,
      "precision_gap_vs_shuffled": 0.6127450980392157,
      "residual_low_false_intervention_rate_mean": 0.43333333333333335,
      "residual_low_false_intervention_rate_std": 0.0,
      "sim_delta_vs_official_mean": 0.21250178101679063,
      "sim_delta_vs_official_std": 0.0,
      "split_family": "content_cluster",
      "split_group": "content_cluster=content_k5_c2",
      "splits": 1,
      "strong_nochange_false_intervention_rate_mean": 0.0,
      "strong_nochange_false_intervention_rate_std": 0.0,
      "target_margin": 0.2
    },
    {
      "bootstrap_gain_p05_mean": 0.6933028048143288,
      "bootstrap_gain_p05_std": 0.0,
      "confidence_corr_mean": 0.5803204570347391,
      "confidence_corr_std": 0.0,
      "eligible_for_pass": 0,
      "feature_set": "Z_diagnostic_leakage",
      "head": "hgb",
      "ignored_n_mean": 14.0,
      "ignored_n_std": 0.0,
      "intervention_precision_mean": 1.0,
      "intervention_precision_std": 0.0,
      "intervention_rate_mean": 0.649746192893401,
      "intervention_rate_std": 0.0,
      "labeled_n_mean": 183.0,
      "labeled_n_std": 0.0,
      "mean_oracle_gated_gain_mean": 0.816552707864268,
      "mean_oracle_gated_gain_std": 0.0,
      "nochange_false_intervention_rate_mean": 0.0,
      "nochange_false_intervention_rate_std": 0.0,
      "oracle_recovery_mean": 0.9955411482232294,
      "oracle_recovery_std": 0.0,
      "passes_line": false,
      "precision_gap_vs_shuffled": 0.3387978142076503,
      "residual_low_false_intervention_rate_mean": 1.0,
      "residual_low_false_intervention_rate_std": 0.0,
      "sim_delta_vs_official_mean": 0.816552707864268,
      "sim_delta_vs_official_std": 0.0,
      "split_family": "content_cluster",
      "split_group": "content_cluster=content_k5_c3",
      "splits": 1,
      "strong_nochange_false_intervention_rate_mean": 0.0,
      "strong_nochange_false_intervention_rate_std": 0.0,
      "target_margin": 0.2
    },
    {
      "bootstrap_gain_p05_mean": 0.179399060929401,
      "bootstrap_gain_p05_std": 0.0,
      "confidence_corr_mean": 0.7382692284454931,
      "confidence_corr_std": 0.0,
      "eligible_for_pass": 0,
      "feature_set": "Z_diagnostic_leakage",
      "head": "hgb",
      "ignored_n_mean": 39.0,
      "ignored_n_std": 0.0,
      "intervention_precision_mean": 1.0,
      "intervention_precision_std": 0.0,
      "intervention_rate_mean": 0.415929203539823,
      "intervention_rate_std": 0.0,
      "labeled_n_mean": 187.0,
      "labeled_n_std": 0.0,
      "mean_oracle_gated_gain_mean": 0.21836332577626466,
      "mean_oracle_gated_gain_std": 0.0,
      "nochange_false_intervention_rate_mean": 0.0,
      "nochange_false_intervention_rate_std": 0.0,
      "oracle_recovery_mean": 0.958520315264705,
      "oracle_recovery_std": 0.0,
      "passes_line": false,
      "precision_gap_vs_shuffled": 0.5421686746987953,
      "residual_low_false_intervention_rate_mean": 0.4897959183673469,
      "residual_low_false_intervention_rate_std": 0.0,
      "sim_delta_vs_official_mean": 0.21836332577626466,
      "sim_delta_vs_official_std": 0.0,
      "split_family": "content_cluster",
      "split_group": "content_cluster=content_k5_c4",
      "splits": 1,
      "strong_nochange_false_intervention_rate_mean": 0.0,
      "strong_nochange_false_intervention_rate_std": 0.0,
      "target_margin": 0.2
    },
    {
      "bootstrap_gain_p05_mean": 0.5744267990907912,
      "bootstrap_gain_p05_std": 0.0,
      "confidence_corr_mean": 0.5859753348409643,
      "confidence_corr_std": 0.0,
      "eligible_for_pass": 0,
      "feature_set": "Z_diagnostic_leakage",
      "head": "hgb",
      "ignored_n_mean": 16.0,
      "ignored_n_std": 0.0,
      "intervention_precision_mean": 1.0,
      "intervention_precision_std": 0.0,
      "intervention_rate_mean": 0.508,
      "intervention_rate_std": 0.0,
      "labeled_n_mean": 234.0,
      "labeled_n_std": 0.0,
      "mean_oracle_gated_gain_mean": 0.7121420074069201,
      "mean_oracle_gated_gain_std": 0.0,
      "nochange_false_intervention_rate_mean": 0.0,
      "nochange_false_intervention_rate_std": 0.0,
      "oracle_recovery_mean": 0.9937826568932407,
      "oracle_recovery_std": 0.0,
      "passes_line": false,
      "precision_gap_vs_shuffled": 0.41752577319587625,
      "residual_low_false_intervention_rate_mean": 0.6388888888888888,
      "residual_low_false_intervention_rate_std": 0.0,
      "sim_delta_vs_official_mean": 0.7121420074069201,
      "sim_delta_vs_official_std": 0.0,
      "split_family": "cr_strength_bin",
      "split_group": "cr_strength_bin=midhigh_cr_q3",
      "splits": 1,
      "strong_nochange_false_intervention_rate_mean": 0.0,
      "strong_nochange_false_intervention_rate_std": 0.0,
      "target_margin": 0.2
    },
    {
      "bootstrap_gain_p05_mean": 0.6353867024041999,
      "bootstrap_gain_p05_std": 0.0,
      "confidence_corr_mean": 0.5372279953194246,
      "confidence_corr_std": 0.0,
      "eligible_for_pass": 0,
      "feature_set": "Z_diagnostic_leakage",
      "head": "hgb",
      "ignored_n_mean": 20.0,
      "ignored_n_std": 0.0,
      "intervention_precision_mean": 1.0,
      "intervention_precision_std": 0.0,
      "intervention_rate_mean": 0.584,
      "intervention_rate_std": 0.0,
      "labeled_n_mean": 230.0,
      "labeled_n_std": 0.0,
      "mean_oracle_gated_gain_mean": 0.7793525590567625,
      "mean_oracle_gated_gain_std": 0.0,
      "nochange_false_intervention_rate_mean": 0.0,
      "nochange_false_intervention_rate_std": 0.0,
      "oracle_recovery_mean": 0.9947240297594576,
      "oracle_recovery_std": 0.0,
      "passes_line": false,
      "precision_gap_vs_shuffled": 0.383177570093458,
      "residual_low_false_intervention_rate_mean": 0.7714285714285715,
      "residual_low_false_intervention_rate_std": 0.0,
      "sim_delta_vs_official_mean": 0.7793525590567625,
      "sim_delta_vs_official_std": 0.0,
      "split_family": "cr_strength_bin",
      "split_group": "cr_strength_bin=midlow_cr_q2",
      "splits": 1,
      "strong_nochange_false_intervention_rate_mean": 0.0,
      "strong_nochange_false_intervention_rate_std": 0.0,
      "target_margin": 0.2
    },
    {
      "bootstrap_gain_p05_mean": 0.23906581726790305,
      "bootstrap_gain_p05_std": 0.0,
      "confidence_corr_mean": 0.6293621515152275,
      "confidence_corr_std": 0.0,
      "eligible_for_pass": 0,
      "feature_set": "Z_diagnostic_leakage",
      "head": "hgb",
      "ignored_n_mean": 42.0,
      "ignored_n_std": 0.0,
      "intervention_precision_mean": 1.0,
      "intervention_precision_std": 0.0,
      "intervention_rate_mean": 0.42,
      "intervention_rate_std": 0.0,
      "labeled_n_mean": 208.0,
      "labeled_n_std": 0.0,
      "mean_oracle_gated_gain_mean": 0.3009830300447081,
      "mean_oracle_gated_gain_std": 0.0,
      "nochange_false_intervention_rate_mean": 0.0,
      "nochange_false_intervention_rate_std": 0.0,
      "oracle_recovery_mean": 0.9572685701123315,
      "oracle_recovery_std": 0.0,
      "passes_line": false,
      "precision_gap_vs_shuffled": 0.48554913294797686,
      "residual_low_false_intervention_rate_mean": 0.42592592592592593,
      "residual_low_false_intervention_rate_std": 0.0,
      "sim_delta_vs_official_mean": 0.3009830300447081,
      "sim_delta_vs_official_std": 0.0,
      "split_family": "cr_strength_bin",
      "split_group": "cr_strength_bin=strong_cr_q4",
      "splits": 1,
      "strong_nochange_false_intervention_rate_mean": 0.0,
      "strong_nochange_false_intervention_rate_std": 0.0,
      "target_margin": 0.2
    },
    {
      "bootstrap_gain_p05_mean": 0.6396017376444315,
      "bootstrap_gain_p05_std": 0.0,
      "confidence_corr_mean": 0.6193934900008472,
      "confidence_corr_std": 0.0,
      "eligible_for_pass": 0,
      "feature_set": "Z_diagnostic_leakage",
      "head": "hgb",
      "ignored_n_mean": 18.0,
      "ignored_n_std": 0.0,
      "intervention_precision_mean": 1.0,
      "intervention_precision_std": 0.0,
      "intervention_rate_mean": 0.588,
      "intervention_rate_std": 0.0,
      "labeled_n_mean": 232.0,
      "labeled_n_std": 0.0,
      "mean_oracle_gated_gain_mean": 0.7628790960041897,
      "mean_oracle_gated_gain_std": 0.0,
      "nochange_false_intervention_rate_mean": 0.0,
      "nochange_false_intervention_rate_std": 0.0,
      "oracle_recovery_mean": 0.9917591039263424,
      "oracle_recovery_std": 0.0,
      "passes_line": false,
      "precision_gap_vs_shuffled": 0.37554585152838427,
      "residual_low_false_intervention_rate_mean": 0.7058823529411765,
      "residual_low_false_intervention_rate_std": 0.0,
      "sim_delta_vs_official_mean": 0.7628790960041897,
      "sim_delta_vs_official_std": 0.0,
      "split_family": "cr_strength_bin",
      "split_group": "cr_strength_bin=weak_cr_q1",
      "splits": 1,
      "strong_nochange_false_intervention_rate_mean": 0.0,
      "strong_nochange_false_intervention_rate_std": 0.0,
      "target_margin": 0.2
    },
    {
      "bootstrap_gain_p05_mean": 0.2218256395273949,
      "bootstrap_gain_p05_std": 0.0,
      "confidence_corr_mean": 0.7149555756309078,
      "confidence_corr_std": 0.0,
      "eligible_for_pass": 0,
      "feature_set": "Z_diagnostic_leakage",
      "head": "hgb",
      "ignored_n_mean": 20.0,
      "ignored_n_std": 0.0,
      "intervention_precision_mean": 1.0,
      "intervention_precision_std": 0.0,
      "intervention_rate_mean": 0.376,
      "intervention_rate_std": 0.0,
      "labeled_n_mean": 230.0,
      "labeled_n_std": 0.0,
      "mean_oracle_gated_gain_mean": 0.27030394004430536,
      "mean_oracle_gated_gain_std": 0.0,
      "nochange_false_intervention_rate_mean": 0.0,
      "nochange_false_intervention_rate_std": 0.0,
      "oracle_recovery_mean": 0.9746040935086214,
      "oracle_recovery_std": 0.0,
      "passes_line": false,
      "precision_gap_vs_shuffled": 0.5675675675675675,
      "residual_low_false_intervention_rate_mean": 0.5,
      "residual_low_false_intervention_rate_std": 0.0,
      "sim_delta_vs_official_mean": 0.27030394004430536,
      "sim_delta_vs_official_std": 0.0,
      "split_family": "official_strength_bin",
      "split_group": "official_strength_bin=midhigh_official_q3",
      "splits": 1,
      "strong_nochange_false_intervention_rate_mean": 0.0,
      "strong_nochange_false_intervention_rate_std": 0.0,
      "target_margin": 0.2
    },
    {
      "bootstrap_gain_p05_mean": 0.6496783191988075,
      "bootstrap_gain_p05_std": 0.0,
      "confidence_corr_mean": 0.5658165625208395,
      "confidence_corr_std": 0.0,
      "eligible_for_pass": 0,
      "feature_set": "Z_diagnostic_leakage",
      "head": "hgb",
      "ignored_n_mean": 25.0,
      "ignored_n_std": 0.0,
      "intervention_precision_mean": 1.0,
      "intervention_precision_std": 0.0,
      "intervention_rate_mean": 0.58,
      "intervention_rate_std": 0.0,
      "labeled_n_mean": 225.0,
      "labeled_n_std": 0.0,
      "mean_oracle_gated_gain_mean": 0.7681544159128932,
      "mean_oracle_gated_gain_std": 0.0,
      "nochange_false_intervention_rate_mean": 0.0,
      "nochange_false_intervention_rate_std": 0.0,
      "oracle_recovery_mean": 0.9913524923516879,
      "oracle_recovery_std": 0.0,
      "passes_line": false,
      "precision_gap_vs_shuffled": 0.3873873873873874,
      "residual_low_false_intervention_rate_mean": 0.7441860465116279,
      "residual_low_false_intervention_rate_std": 0.0,
      "sim_delta_vs_official_mean": 0.7681544159128932,
      "sim_delta_vs_official_std": 0.0,
      "split_family": "official_strength_bin",
      "split_group": "official_strength_bin=midlow_official_q2",
      "splits": 1,
      "strong_nochange_false_intervention_rate_mean": 0.0,
      "strong_nochange_false_intervention_rate_std": 0.0,
      "target_margin": 0.2
    },
    {
      "bootstrap_gain_p05_mean": 0.16458947103226063,
      "bootstrap_gain_p05_std": 0.0,
      "confidence_corr_mean": 0.7428646748668725,
      "confidence_corr_std": 0.0,
      "eligible_for_pass": 0,
      "feature_set": "Z_diagnostic_leakage",
      "head": "hgb",
      "ignored_n_mean": 40.0,
      "ignored_n_std": 0.0,
      "intervention_precision_mean": 1.0,
      "intervention_precision_std": 0.0,
      "intervention_rate_mean": 0.416,
      "intervention_rate_std": 0.0,
      "labeled_n_mean": 210.0,
      "labeled_n_std": 0.0,
      "mean_oracle_gated_gain_mean": 0.19520405129094048,
      "mean_oracle_gated_gain_std": 0.0,
      "nochange_false_intervention_rate_mean": 0.0,
      "nochange_false_intervention_rate_std": 0.0,
      "oracle_recovery_mean": 0.95855409448153,
      "oracle_recovery_std": 0.0,
      "passes_line": false,
      "precision_gap_vs_shuffled": 0.5494505494505495,
      "residual_low_false_intervention_rate_mean": 0.45394736842105265,
      "residual_low_false_intervention_rate_std": 0.0,
      "sim_delta_vs_official_mean": 0.19520405129094048,
      "sim_delta_vs_official_std": 0.0,
      "split_family": "official_strength_bin",
      "split_group": "official_strength_bin=strong_official_q4",
      "splits": 1,
      "strong_nochange_false_intervention_rate_mean": 0.0,
      "strong_nochange_false_intervention_rate_std": 0.0,
      "target_margin": 0.2
    },
    {
      "bootstrap_gain_p05_mean": 1.1762197575278368,
      "bootstrap_gain_p05_std": 0.0,
      "confidence_corr_mean": 0.5079350590552735,
      "confidence_corr_std": 0.0,
      "eligible_for_pass": 0,
      "feature_set": "Z_diagnostic_leakage",
      "head": "hgb",
      "ignored_n_mean": 11.0,
      "ignored_n_std": 0.0,
      "intervention_precision_mean": 1.0,
      "intervention_precision_std": 0.0,
      "intervention_rate_mean": 0.752,
      "intervention_rate_std": 0.0,
      "labeled_n_mean": 239.0,
      "labeled_n_std": 0.0,
      "mean_oracle_gated_gain_mean": 1.3248955412317165,
      "mean_oracle_gated_gain_std": 0.0,
      "nochange_false_intervention_rate_mean": 0.0,
      "nochange_false_intervention_rate_std": 0.0,
      "oracle_recovery_mean": 0.9977572767553331,
      "oracle_recovery_std": 0.0,
      "passes_line": false,
      "precision_gap_vs_shuffled": 0.23529411764705888,
      "residual_low_false_intervention_rate_mean": 0.9473684210526315,
      "residual_low_false_intervention_rate_std": 0.0,
      "sim_delta_vs_official_mean": 1.3248955412317165,
      "sim_delta_vs_official_std": 0.0,
      "split_family": "official_strength_bin",
      "split_group": "official_strength_bin=weak_official_q1",
      "splits": 1,
      "strong_nochange_false_intervention_rate_mean": 0.0,
      "strong_nochange_false_intervention_rate_std": 0.0,
      "target_margin": 0.2
    },
    {
      "bootstrap_gain_p05_mean": 0.5722308953488601,
      "bootstrap_gain_p05_std": 0.05951869205588,
      "confidence_corr_mean": 0.5841580754781612,
      "confidence_corr_std": 0.01369671327711448,
      "eligible_for_pass": 0,
      "feature_set": "Z_diagnostic_leakage",
      "head": "hgb",
      "ignored_n_mean": 23.666666666666668,
      "ignored_n_std": 5.734883511361751,
      "intervention_precision_mean": 1.0,
      "intervention_precision_std": 0.0,
      "intervention_rate_mean": 0.5306666666666667,
      "intervention_rate_std": 0.015434449203720314,
      "labeled_n_mean": 226.33333333333334,
      "labeled_n_std": 5.734883511361751,
      "mean_oracle_gated_gain_mean": 0.696617600511027,
      "mean_oracle_gated_gain_std": 0.07392278060766656,
      "nochange_false_intervention_rate_mean": 0.0,
      "nochange_false_intervention_rate_std": 0.0,
      "oracle_recovery_mean": 0.9901363807315233,
      "oracle_recovery_std": 0.0017337995678851602,
      "passes_line": false,
      "precision_gap_vs_shuffled": 0.3865043055432571,
      "residual_low_false_intervention_rate_mean": 0.5219226159904126,
      "residual_low_false_intervention_rate_std": 0.04889531591431504,
      "sim_delta_vs_official_mean": 0.696617600511027,
      "sim_delta_vs_official_std": 0.07392278060766656,
      "split_family": "random",
      "split_group": "random",
      "splits": 3,
      "strong_nochange_false_intervention_rate_mean": 0.0,
      "strong_nochange_false_intervention_rate_std": 0.0,
      "target_margin": 0.2
    },
    {
      "bootstrap_gain_p05_mean": 0.6921674350048568,
      "bootstrap_gain_p05_std": 0.0,
      "confidence_corr_mean": 0.5896908180404642,
      "confidence_corr_std": 0.0,
      "eligible_for_pass": 0,
      "feature_set": "Z_diagnostic_leakage",
      "head": "hgb",
      "ignored_n_mean": 26.0,
      "ignored_n_std": 0.0,
      "intervention_precision_mean": 1.0,
      "intervention_precision_std": 0.0,
      "intervention_rate_mean": 0.476,
      "intervention_rate_std": 0.0,
      "labeled_n_mean": 224.0,
      "labeled_n_std": 0.0,
      "mean_oracle_gated_gain_mean": 0.855398264209655,
      "mean_oracle_gated_gain_std": 0.0,
      "nochange_false_intervention_rate_mean": 0.0,
      "nochange_false_intervention_rate_std": 0.0,
      "oracle_recovery_mean": 0.9926497726780769,
      "oracle_recovery_std": 0.0,
      "passes_line": false,
      "precision_gap_vs_shuffled": 0.48571428571428577,
      "residual_low_false_intervention_rate_mean": 0.0,
      "residual_low_false_intervention_rate_std": 0.0,
      "sim_delta_vs_official_mean": 0.855398264209655,
      "sim_delta_vs_official_std": 0.0,
      "split_family": "residual_energy_bin",
      "split_group": "residual_energy_bin=residual_high_q4",
      "splits": 1,
      "strong_nochange_false_intervention_rate_mean": 0.0,
      "strong_nochange_false_intervention_rate_std": 0.0,
      "target_margin": 0.2
    },
    {
      "bootstrap_gain_p05_mean": 0.3515447822834016,
      "bootstrap_gain_p05_std": 0.0,
      "confidence_corr_mean": 0.6643153686654166,
      "confidence_corr_std": 0.0,
      "eligible_for_pass": 0,
      "feature_set": "Z_diagnostic_leakage",
      "head": "hgb",
      "ignored_n_mean": 33.0,
      "ignored_n_std": 0.0,
      "intervention_precision_mean": 1.0,
      "intervention_precision_std": 0.0,
      "intervention_rate_mean": 0.524,
      "intervention_rate_std": 0.0,
      "labeled_n_mean": 217.0,
      "labeled_n_std": 0.0,
      "mean_oracle_gated_gain_mean": 0.41808680896423933,
      "mean_oracle_gated_gain_std": 0.0,
      "nochange_false_intervention_rate_mean": 0.0,
      "nochange_false_intervention_rate_std": 0.0,
      "oracle_recovery_mean": 0.9732394191913226,
      "oracle_recovery_std": 0.0,
      "passes_line": false,
      "precision_gap_vs_shuffled": 0.36898395721925137,
      "residual_low_false_intervention_rate_mean": 0.524,
      "residual_low_false_intervention_rate_std": 0.0,
      "sim_delta_vs_official_mean": 0.41808680896423933,
      "sim_delta_vs_official_std": 0.0,
      "split_family": "residual_energy_bin",
      "split_group": "residual_energy_bin=residual_low_q1",
      "splits": 1,
      "strong_nochange_false_intervention_rate_mean": 0.0,
      "strong_nochange_false_intervention_rate_std": 0.0,
      "target_margin": 0.2
    },
    {
      "bootstrap_gain_p05_mean": 0.656653890615433,
      "bootstrap_gain_p05_std": 0.0,
      "confidence_corr_mean": 0.622523144659751,
      "confidence_corr_std": 0.0,
      "eligible_for_pass": 0,
      "feature_set": "Z_diagnostic_leakage",
      "head": "hgb",
      "ignored_n_mean": 15.0,
      "ignored_n_std": 0.0,
      "intervention_precision_mean": 1.0,
      "intervention_precision_std": 0.0,
      "intervention_rate_mean": 0.556,
      "intervention_rate_std": 0.0,
      "labeled_n_mean": 235.0,
      "labeled_n_std": 0.0,
      "mean_oracle_gated_gain_mean": 0.7690713248739056,
      "mean_oracle_gated_gain_std": 0.0,
      "nochange_false_intervention_rate_mean": 0.0,
      "nochange_false_intervention_rate_std": 0.0,
      "oracle_recovery_mean": 0.995206299237683,
      "oracle_recovery_std": 0.0,
      "passes_line": false,
      "precision_gap_vs_shuffled": 0.365,
      "residual_low_false_intervention_rate_mean": 0.0,
      "residual_low_false_intervention_rate_std": 0.0,
      "sim_delta_vs_official_mean": 0.7690713248739056,
      "sim_delta_vs_official_std": 0.0,
      "split_family": "residual_energy_bin",
      "split_group": "residual_energy_bin=residual_midhigh_q3",
      "splits": 1,
      "strong_nochange_false_intervention_rate_mean": 0.0,
      "strong_nochange_false_intervention_rate_std": 0.0,
      "target_margin": 0.2
    },
    {
      "bootstrap_gain_p05_mean": 0.42123055560964484,
      "bootstrap_gain_p05_std": 0.0,
      "confidence_corr_mean": 0.6271502757412827,
      "confidence_corr_std": 0.0,
      "eligible_for_pass": 0,
      "feature_set": "Z_diagnostic_leakage",
      "head": "hgb",
      "ignored_n_mean": 22.0,
      "ignored_n_std": 0.0,
      "intervention_precision_mean": 1.0,
      "intervention_precision_std": 0.0,
      "intervention_rate_mean": 0.544,
      "intervention_rate_std": 0.0,
      "labeled_n_mean": 228.0,
      "labeled_n_std": 0.0,
      "mean_oracle_gated_gain_mean": 0.5127873537196689,
      "mean_oracle_gated_gain_std": 0.0,
      "nochange_false_intervention_rate_mean": 0.0,
      "nochange_false_intervention_rate_std": 0.0,
      "oracle_recovery_mean": 0.9868324304870797,
      "oracle_recovery_std": 0.0,
      "passes_line": false,
      "precision_gap_vs_shuffled": 0.37948717948717947,
      "residual_low_false_intervention_rate_mean": 0.0,
      "residual_low_false_intervention_rate_std": 0.0,
      "sim_delta_vs_official_mean": 0.5127873537196689,
      "sim_delta_vs_official_std": 0.0,
      "split_family": "residual_energy_bin",
      "split_group": "residual_energy_bin=residual_midlow_q2",
      "splits": 1,
      "strong_nochange_false_intervention_rate_mean": 0.0,
      "strong_nochange_false_intervention_rate_std": 0.0,
      "target_margin": 0.2
    }
  ]
}
summary=/root/autodl-tmp/workspace/Dehaze-Net/experiment/HAZE4K/official_marginal_gain_audit/HAZE4K-official-marginal-gain-audit-autodl-20260530-hgb-full/summary.json
Sat May 30 18:51:31 CST 2026
