index,filename,image_id,airlight,beta,height,width,input_psnr,input_ssim,baseline_psnr,baseline_ssim,current_psnr,current_ssim,delta_psnr,delta_ssim,airlight_bin,beta_bin,airlight_beta_bin,baseline_strength_bin
1,1000_0.73_1.8.png,1000,0.73,1.8,480,640,21.34797847782968,0.9399944543838501,29.904107162371222,0.9895455241203308,29.083606036605914,0.9898658394813538,-0.8205011257653076,0.0003203153610229492,0.65<=A<0.75,beta>=1.7,0.65<=A<0.75 | beta>=1.7,baseline_middle_50
2,100_0.5_1.76.png,100,0.5,1.76,400,400,15.609945657187724,0.7223281264305115,29.721086545084738,0.9864143133163452,28.333793097829883,0.9874917268753052,-1.387293447254855,0.001077413558959961,A<0.65,beta>=1.7,A<0.65 | beta>=1.7,baseline_middle_50
3,101_0.83_1.44.png,101,0.83,1.44,400,400,10.359807369608907,0.720355749130249,24.87746108570493,0.9673864245414734,23.83835743973669,0.9636284112930298,-1.0391036459682397,-0.0037580132484436035,0.75<=A<0.85,1.4<=beta<1.7,0.75<=A<0.85 | 1.4<=beta<1.7,baseline_weakest_25
4,102_0.67_1.36.png,102,0.67,1.36,400,400,11.457589744981323,0.7599693536758423,24.86364373094494,0.9699099063873291,24.236561475140324,0.9634947776794434,-0.6270822558046163,-0.006415128707885742,0.65<=A<0.75,1.1<=beta<1.4,0.65<=A<0.75 | 1.1<=beta<1.4,baseline_weakest_25
5,103_0.94_0.98.png,103,0.94,0.98,400,400,12.420238502475016,0.786376416683197,27.207209807809374,0.9776241183280945,26.528454063404272,0.9736794233322144,-0.6787557444051018,-0.003944694995880127,0.85<=A<0.95,0.8<=beta<1.1,0.85<=A<0.95 | 0.8<=beta<1.1,baseline_weakest_25
6,104_0.91_1.41.png,104,0.91,1.41,400,400,10.346996004583302,0.7144492864608765,25.264576215095573,0.9665979146957397,24.154585982412954,0.962372899055481,-1.1099902326826196,-0.004225015640258789,0.85<=A<0.95,1.4<=beta<1.7,0.85<=A<0.95 | 1.4<=beta<1.7,baseline_weakest_25
7,105_0.84_0.8.png,105,0.84,0.8,400,400,21.790187248062463,0.9608063101768494,26.024787870925135,0.979087769985199,25.794656549643122,0.9795946478843689,-0.23013132128201264,0.0005068778991699219,0.75<=A<0.85,0.8<=beta<1.1,0.75<=A<0.85 | 0.8<=beta<1.1,baseline_weakest_25
8,106_0.59_1.07.png,106,0.59,1.07,400,400,24.377562460410246,0.9747257828712463,28.05635926509309,0.978809654712677,27.96966657098106,0.9809557199478149,-0.08669269411202762,0.0021460652351379395,A<0.65,0.8<=beta<1.1,A<0.65 | 0.8<=beta<1.1,baseline_weakest_25
9,107_0.89_1.5.png,107,0.89,1.5,400,400,12.54811371449331,0.8407064080238342,27.54776384209771,0.9805694222450256,25.340984198773636,0.9759136438369751,-2.2067796433240723,-0.004655778408050537,0.85<=A<0.95,1.4<=beta<1.7,0.85<=A<0.95 | 1.4<=beta<1.7,baseline_weakest_25
10,108_0.73_1.27.png,108,0.73,1.27,400,400,18.199268428950226,0.9230210185050964,27.29433627478447,0.9805951714515686,26.41685705613069,0.9791178703308105,-0.8774792186537788,-0.0014773011207580566,0.65<=A<0.75,1.1<=beta<1.4,0.65<=A<0.75 | 1.1<=beta<1.4,baseline_weakest_25
11,109_0.74_1.74.png,109,0.74,1.74,400,400,14.103398922125699,0.8613152503967285,28.483922764269018,0.9858643412590027,29.29481432792899,0.9889912605285645,0.8108915636599718,0.0031269192695617676,0.65<=A<0.75,beta>=1.7,0.65<=A<0.75 | beta>=1.7,baseline_weakest_25
12,10_0.6_1.67.png,10,0.6,1.67,400,400,16.447699349708618,0.870558500289917,29.360717655453712,0.9910674095153809,28.627184624083398,0.9915305972099304,-0.7335330313703139,0.00046318769454956055,A<0.65,1.4<=beta<1.7,A<0.65 | 1.4<=beta<1.7,baseline_middle_50
13,110_0.68_1.22.png,110,0.68,1.22,400,400,19.501371282483888,0.9362725615501404,28.79382815115132,0.9914843440055847,27.919246995402066,0.9893113970756531,-0.8745811557492544,-0.0021729469299316406,0.65<=A<0.75,1.1<=beta<1.4,0.65<=A<0.75 | 1.1<=beta<1.4,baseline_middle_50
14,111_0.98_0.89.png,111,0.98,0.89,400,400,18.76340486211127,0.9268628358840942,28.569480310995722,0.9852105379104614,27.819009361761154,0.9826988577842712,-0.7504709492345683,-0.0025116801261901855,A>=0.95,0.8<=beta<1.1,A>=0.95 | 0.8<=beta<1.1,baseline_weakest_25
15,112_0.54_0.98.png,112,0.54,0.98,400,400,24.955849219672803,0.9711683988571167,26.979075833243783,0.9920671582221985,26.61383682961699,0.9884142279624939,-0.36523900362679385,-0.00365293025970459,A<0.65,0.8<=beta<1.1,A<0.65 | 0.8<=beta<1.1,baseline_weakest_25
16,113_0.71_1.48.png,113,0.71,1.48,400,400,12.738859149551786,0.7542374730110168,32.05795331867175,0.9853059649467468,31.671157425907758,0.9846225380897522,-0.38679589276399184,-0.0006834268569946289,0.65<=A<0.75,1.4<=beta<1.7,0.65<=A<0.75 | 1.4<=beta<1.7,baseline_middle_50
17,114_0.7_0.91.png,114,0.7,0.91,400,400,15.969496373066253,0.8625573515892029,34.35732628106797,0.9907395243644714,34.63525523520314,0.9911083579063416,0.27792895413517016,0.0003688335418701172,0.65<=A<0.75,0.8<=beta<1.1,0.65<=A<0.75 | 0.8<=beta<1.1,baseline_middle_50
18,115_0.52_0.82.png,115,0.52,0.82,400,400,19.582632142951933,0.9146227836608887,35.023676438151284,0.99349445104599,36.55498225955282,0.9941326975822449,1.5313058214015385,0.0006382465362548828,A<0.65,0.8<=beta<1.1,A<0.65 | 0.8<=beta<1.1,baseline_middle_50
19,116_0.73_1.62.png,116,0.73,1.62,400,400,11.931531955251709,0.7238272428512573,31.41403444007811,0.9832514524459839,30.822697806169835,0.9817607998847961,-0.5913366339082771,-0.0014906525611877441,0.65<=A<0.75,1.4<=beta<1.7,0.65<=A<0.75 | 1.4<=beta<1.7,baseline_middle_50
20,117_0.69_1.13.png,117,0.69,1.13,400,400,20.858106456432594,0.9190354347229004,25.93577115527292,0.9846016764640808,28.49988371718005,0.9869033694267273,2.5641125619071303,0.0023016929626464844,0.65<=A<0.75,1.1<=beta<1.4,0.65<=A<0.75 | 1.1<=beta<1.4,baseline_weakest_25
21,118_0.68_1.96.png,118,0.68,1.96,400,400,17.137817356880298,0.8440964818000793,24.834039775650435,0.9782525300979614,25.649836250110866,0.9784289002418518,0.8157964744604307,0.00017637014389038086,0.65<=A<0.75,beta>=1.7,0.65<=A<0.75 | beta>=1.7,baseline_weakest_25
22,119_0.81_0.75.png,119,0.81,0.75,400,400,23.726289763331533,0.9448643326759338,26.830769905504507,0.9878177642822266,29.38343388350885,0.9902728796005249,2.552663978004343,0.00245511531829834,0.75<=A<0.85,beta<0.8,0.75<=A<0.85 | beta<0.8,baseline_weakest_25
23,11_0.98_0.72.png,11,0.98,0.72,400,400,18.03385224616276,0.9308559894561768,37.55640141314592,0.9956089854240417,35.62888222626584,0.9956389665603638,-1.9275191868800832,2.9981136322021484e-05,A>=0.95,beta<0.8,A>=0.95 | beta<0.8,baseline_strongest_25
24,120_0.8_0.89.png,120,0.8,0.89,400,400,22.402664948881444,0.931528627872467,26.838265545732046,0.9873870015144348,29.38400419183249,0.9892888069152832,2.5457386461004425,0.0019018054008483887,0.75<=A<0.85,0.8<=beta<1.1,0.75<=A<0.85 | 0.8<=beta<1.1,baseline_weakest_25
25,121_0.86_1.21.png,121,0.86,1.21,400,400,12.647723528037101,0.7740514278411865,29.466900372971633,0.9757521152496338,30.14254645889966,0.979453980922699,0.675646085928026,0.0037018656730651855,0.85<=A<0.95,1.1<=beta<1.4,0.85<=A<0.95 | 1.1<=beta<1.4,baseline_middle_50
26,122_0.94_1.72.png,122,0.94,1.72,400,400,9.075501060980086,0.6610303521156311,27.624343178721254,0.9694333672523499,28.73606710809429,0.9717047214508057,1.111723929373035,0.0022713541984558105,0.85<=A<0.95,beta>=1.7,0.85<=A<0.95 | beta>=1.7,baseline_weakest_25
27,123_0.59_0.7.png,123,0.59,0.7,400,400,21.21668506204631,0.9254453182220459,33.42397985804964,0.9851692318916321,32.65924653679059,0.9884242415428162,-0.764733321259051,0.003255009651184082,A<0.65,beta<0.8,A<0.65 | beta<0.8,baseline_middle_50
28,124_1.0_0.82.png,124,1.0,0.82,400,400,13.670452635078593,0.8206385970115662,30.063241098275665,0.9793014526367188,28.973631968942158,0.9825122356414795,-1.0896091293335068,0.003210783004760742,A>=0.95,0.8<=beta<1.1,A>=0.95 | 0.8<=beta<1.1,baseline_middle_50
29,125_0.57_1.94.png,125,0.57,1.94,400,400,11.135551263404846,0.680870771408081,28.40868183708631,0.9826380610466003,27.159577317181572,0.9806712865829468,-1.249104519904737,-0.0019667744636535645,A<0.65,beta>=1.7,A<0.65 | beta>=1.7,baseline_weakest_25
30,126_0.64_1.73.png,126,0.64,1.73,400,400,11.23489240136177,0.6935153603553772,30.066511174114837,0.9857797622680664,29.03276779857179,0.984652042388916,-1.0337433755430467,-0.0011277198791503906,A<0.65,beta>=1.7,A<0.65 | beta>=1.7,baseline_middle_50
31,127_0.57_0.92.png,127,0.57,0.92,400,400,17.4635706871789,0.8673653602600098,30.13418425903073,0.9890972375869751,31.55576480355665,0.991186261177063,1.42158054452592,0.0020890235900878906,A<0.65,0.8<=beta<1.1,A<0.65 | 0.8<=beta<1.1,baseline_middle_50
32,128_0.65_0.67.png,128,0.65,0.67,400,400,19.36721281038843,0.9020578265190125,32.17186395046189,0.9912618398666382,32.88871405175055,0.9924531579017639,0.7168501012886566,0.0011913180351257324,0.65<=A<0.75,beta<0.8,0.65<=A<0.75 | beta<0.8,baseline_middle_50
33,129_0.76_1.71.png,129,0.76,1.71,400,400,11.7347034363892,0.666666567325592,32.516827855049556,0.9737818837165833,30.634799077604697,0.9603674411773682,-1.8820287774448587,-0.013414442539215088,0.75<=A<0.85,beta>=1.7,0.75<=A<0.85 | beta>=1.7,baseline_middle_50
34,12_0.75_1.95.png,12,0.75,1.95,400,400,13.631057796401361,0.8160576224327087,31.690338163965937,0.9886382818222046,31.320394379024485,0.9892316460609436,-0.3699437849414515,0.0005933642387390137,0.75<=A<0.85,beta>=1.7,0.75<=A<0.85 | beta>=1.7,baseline_middle_50
35,130_0.9_0.92.png,130,0.9,0.92,400,400,15.225630339908056,0.7797244191169739,32.79678521702108,0.9814594984054565,31.134469436407755,0.9663097262382507,-1.6623157806133264,-0.01514977216720581,0.85<=A<0.95,0.8<=beta<1.1,0.85<=A<0.95 | 0.8<=beta<1.1,baseline_middle_50
36,131_0.72_0.59.png,131,0.72,0.59,400,400,22.02968220186722,0.8977658748626709,34.51481469889654,0.9801543354988098,33.71254000122812,0.974595844745636,-0.8022746976684161,-0.005558490753173828,0.65<=A<0.75,beta<0.8,0.65<=A<0.75 | beta<0.8,baseline_middle_50
37,132_1.0_1.29.png,132,1.0,1.29,400,400,11.508636285997667,0.683469295501709,30.639331455151904,0.973677933216095,29.1233264055208,0.9531573057174683,-1.5160050496311044,-0.02052062749862671,A>=0.95,1.1<=beta<1.4,A>=0.95 | 1.1<=beta<1.4,baseline_middle_50
38,133_0.67_1.65.png,133,0.67,1.65,400,400,14.54503550957278,0.7812089920043945,29.425342419187253,0.9872965216636658,29.66286769795265,0.9847827553749084,0.2375252787653963,-0.0025137662887573242,0.65<=A<0.75,1.4<=beta<1.7,0.65<=A<0.75 | 1.4<=beta<1.7,baseline_middle_50
39,134_0.53_0.77.png,134,0.53,0.77,400,400,20.059476479201336,0.9260807633399963,31.525369426578052,0.9936665892601013,30.373717473613837,0.990429699420929,-1.1516519529642153,-0.0032368898391723633,A<0.65,beta<0.8,A<0.65 | beta<0.8,baseline_middle_50
40,135_0.54_1.58.png,135,0.54,1.58,400,400,15.87693915722324,0.8100388050079346,28.11136214532891,0.989168643951416,29.81354117379547,0.9870902299880981,1.7021790284665599,-0.002078413963317871,A<0.65,1.4<=beta<1.7,A<0.65 | 1.4<=beta<1.7,baseline_weakest_25
41,136_0.75_0.8.png,136,0.75,0.8,400,400,18.04796452395559,0.8972182869911194,33.24099332079278,0.9937466979026794,30.99422293692513,0.9893423318862915,-2.246770383867652,-0.0044043660163879395,0.75<=A<0.85,0.8<=beta<1.1,0.75<=A<0.85 | 0.8<=beta<1.1,baseline_middle_50
42,137_0.99_1.98.png,137,0.99,1.98,400,400,8.200817841122905,0.6581417322158813,26.787896437283003,0.970044732093811,28.376843854677283,0.9767681360244751,1.5889474173942801,0.0067234039306640625,A>=0.95,beta>=1.7,A>=0.95 | beta>=1.7,baseline_weakest_25
43,138_1.0_1.48.png,138,1.0,1.48,400,400,9.819796892452842,0.7136504054069519,31.63032155270308,0.982083797454834,31.170983646503913,0.9837679862976074,-0.4593379061991669,0.0016841888427734375,A>=0.95,1.4<=beta<1.7,A>=0.95 | 1.4<=beta<1.7,baseline_middle_50
44,139_0.85_0.96.png,139,0.85,0.96,400,400,13.620262144169242,0.8219941258430481,33.15132059181311,0.9880563616752625,33.065269094815,0.989363968372345,-0.08605149699810966,0.0013076066970825195,0.85<=A<0.95,0.8<=beta<1.1,0.85<=A<0.95 | 0.8<=beta<1.1,baseline_middle_50
45,13_0.52_1.9.png,13,0.52,1.9,400,400,17.32064733079445,0.7858678698539734,27.336578953435712,0.9840188026428223,27.748540444493543,0.9826566576957703,0.41196149105783064,-0.001362144947052002,A<0.65,beta>=1.7,A<0.65 | beta>=1.7,baseline_weakest_25
46,140_0.94_1.55.png,140,0.94,1.55,400,400,9.69240697756609,0.7105016708374023,30.581346476364615,0.9807126522064209,30.252163425115903,0.9827725291252136,-0.3291830512487124,0.0020598769187927246,0.85<=A<0.95,1.4<=beta<1.7,0.85<=A<0.95 | 1.4<=beta<1.7,baseline_middle_50
47,141_0.79_1.1.png,141,0.79,1.1,400,400,14.364528648612286,0.7707449197769165,32.172809406143244,0.9872896075248718,32.42687028309973,0.9893539547920227,0.25406087695648694,0.002064347267150879,0.75<=A<0.85,1.1<=beta<1.4,0.75<=A<0.85 | 1.1<=beta<1.4,baseline_middle_50
48,142_0.96_1.88.png,142,0.96,1.88,400,400,9.07990225553592,0.5980791449546814,27.077198830606115,0.9723801016807556,26.91131717850361,0.9734619855880737,-0.16588165210250594,0.0010818839073181152,A>=0.95,beta>=1.7,A>=0.95 | beta>=1.7,baseline_weakest_25
49,143_0.68_1.8.png,143,0.68,1.8,400,400,12.308525886547537,0.6775362491607666,29.118826028896244,0.9810928702354431,28.24678042638267,0.9799852967262268,-0.8720456025135732,-0.0011075735092163086,0.65<=A<0.75,beta>=1.7,0.65<=A<0.75 | beta>=1.7,baseline_middle_50
50,144_0.6_0.66.png,144,0.6,0.66,400,400,20.67142869134932,0.9069802761077881,33.913322070440756,0.9911887645721436,34.39460115193049,0.9921882748603821,0.4812790814897312,0.0009995102882385254,A<0.65,beta<0.8,A<0.65 | beta<0.8,baseline_middle_50
51,145_0.59_1.25.png,145,0.59,1.25,400,400,15.349530322235845,0.8568813800811768,24.829093934686227,0.9653549194335938,22.384835244021154,0.9529694318771362,-2.444258690665073,-0.01238548755645752,A<0.65,1.1<=beta<1.4,A<0.65 | 1.1<=beta<1.4,baseline_weakest_25
52,146_0.72_0.71.png,146,0.72,0.71,400,400,17.16970840773029,0.9002749919891357,26.982118633842212,0.9754713773727417,25.084737649995816,0.9687310457229614,-1.8973809838463964,-0.0067403316497802734,0.65<=A<0.75,beta<0.8,0.65<=A<0.75 | beta<0.8,baseline_weakest_25
53,147_0.87_1.14.png,147,0.87,1.14,400,400,12.163499186667941,0.819038987159729,22.651398100890667,0.9553689956665039,20.70390040935053,0.9444584250450134,-1.9474976915401356,-0.010910570621490479,0.85<=A<0.95,1.1<=beta<1.4,0.85<=A<0.95 | 1.1<=beta<1.4,baseline_weakest_25
54,148_0.51_1.15.png,148,0.51,1.15,400,400,16.439284136602236,0.8797754645347595,25.974784911200196,0.9707325100898743,23.155640987193422,0.9584996104240417,-2.8191439240067737,-0.01223289966583252,A<0.65,1.1<=beta<1.4,A<0.65 | 1.1<=beta<1.4,baseline_weakest_25
55,149_0.8_1.92.png,149,0.8,1.92,400,400,12.565712025395959,0.7993361949920654,29.410283028452074,0.9836395978927612,30.1281091822935,0.9857795834541321,0.7178261538414255,0.0021399855613708496,0.75<=A<0.85,beta>=1.7,0.75<=A<0.85 | beta>=1.7,baseline_middle_50
56,14_0.98_1.76.png,14,0.98,1.76,400,400,9.538012161705163,0.6679147481918335,26.92978206460174,0.9816064834594727,27.19308290538773,0.9820111393928528,0.26330084078599114,0.00040465593338012695,A>=0.95,beta>=1.7,A>=0.95 | beta>=1.7,baseline_weakest_25
57,150_0.6_1.29.png,150,0.6,1.29,400,400,20.452484473455335,0.9328266978263855,30.798038852792907,0.9903894662857056,33.92323138892045,0.9924846291542053,3.1251925361275426,0.002095162868499756,A<0.65,1.1<=beta<1.4,A<0.65 | 1.1<=beta<1.4,baseline_middle_50
58,151_0.86_1.95.png,151,0.86,1.95,400,400,11.838732844426536,0.780813455581665,28.81089626024699,0.9817743301391602,29.18389838797994,0.9836583733558655,0.37300212773294916,0.0018840432167053223,0.85<=A<0.95,beta>=1.7,0.85<=A<0.95 | beta>=1.7,baseline_middle_50
59,152_0.61_1.16.png,152,0.61,1.16,400,400,21.69242685176954,0.9450699090957642,31.618374626671685,0.9909388422966003,34.75150994949513,0.9930137991905212,3.1331353228234455,0.0020749568939208984,A<0.65,1.1<=beta<1.4,A<0.65 | 1.1<=beta<1.4,baseline_middle_50
60,153_0.96_1.61.png,153,0.96,1.61,400,400,11.460543639899164,0.7872135639190674,27.9126588135995,0.9688547253608704,28.364686485769223,0.9689323306083679,0.4520276721697236,7.76052474975586e-05,A>=0.95,1.4<=beta<1.7,A>=0.95 | 1.4<=beta<1.7,baseline_weakest_25
61,154_0.97_1.3.png,154,0.97,1.3,400,400,13.035508836174222,0.823555588722229,28.841386526362356,0.9726530313491821,29.185722553176046,0.974278450012207,0.34433602681368924,0.0016254186630249023,A>=0.95,1.1<=beta<1.4,A>=0.95 | 1.1<=beta<1.4,baseline_middle_50
62,155_0.68_1.77.png,155,0.68,1.77,400,400,13.00674623210969,0.8171200156211853,29.41570049904992,0.9770900011062622,31.127922075397507,0.9797878861427307,1.7122215763475879,0.002697885036468506,0.65<=A<0.75,beta>=1.7,0.65<=A<0.75 | beta>=1.7,baseline_middle_50
63,156_0.53_1.42.png,156,0.53,1.42,400,400,18.15499105136879,0.893946647644043,30.332291190321353,0.9845779538154602,31.83503293041825,0.9844052195549011,1.5027417400968979,-0.00017273426055908203,A<0.65,1.4<=beta<1.7,A<0.65 | 1.4<=beta<1.7,baseline_middle_50
64,157_0.94_0.74.png,157,0.94,0.74,400,400,13.65881405839077,0.7716119885444641,32.217436642210686,0.9843736886978149,33.3803090062642,0.9881221652030945,1.1628723640535128,0.003748476505279541,0.85<=A<0.95,beta<0.8,0.85<=A<0.95 | beta<0.8,baseline_middle_50
65,158_0.83_0.86.png,158,0.83,0.86,400,400,13.75602389467723,0.7638489007949829,32.33891589179973,0.983782172203064,32.738508648592976,0.9867568016052246,0.3995927567932469,0.0029746294021606445,0.75<=A<0.85,0.8<=beta<1.1,0.75<=A<0.85 | 0.8<=beta<1.1,baseline_middle_50
66,159_0.64_0.71.png,159,0.64,0.71,400,400,17.581275951070584,0.8379876613616943,35.83714550618306,0.9895782470703125,35.50800002199475,0.9903479218482971,-0.3291454841883166,0.0007696747779846191,A<0.65,beta<0.8,A<0.65 | beta<0.8,baseline_middle_50
67,15_0.99_1.38.png,15,0.99,1.38,400,400,11.131657516354823,0.7463123798370361,27.38439661666854,0.984320342540741,27.596501023947823,0.9848265647888184,0.21210440727928415,0.0005062222480773926,A>=0.95,1.1<=beta<1.4,A>=0.95 | 1.1<=beta<1.4,baseline_weakest_25
68,160_0.94_1.85.png,160,0.94,1.85,400,400,7.975195154484689,0.541861891746521,27.805491650674867,0.9657911062240601,27.53732021024012,0.9654480218887329,-0.2681714404347453,-0.00034308433532714844,0.85<=A<0.95,beta>=1.7,0.85<=A<0.95 | beta>=1.7,baseline_weakest_25
69,161_0.56_1.13.png,161,0.56,1.13,400,400,18.28716537918541,0.9313605427742004,28.215360470002896,0.9883482456207275,24.31980023922864,0.9785352945327759,-3.8955602307742545,-0.00981295108795166,A<0.65,1.1<=beta<1.4,A<0.65 | 1.1<=beta<1.4,baseline_weakest_25
70,162_0.9_0.74.png,162,0.9,0.74,400,400,18.80407923796513,0.935499906539917,30.360990530357448,0.988838791847229,28.587170985214804,0.9855349063873291,-1.7738195451426435,-0.0033038854598999023,0.85<=A<0.95,beta<0.8,0.85<=A<0.95 | beta<0.8,baseline_middle_50
71,163_0.97_1.57.png,163,0.97,1.57,400,400,13.122649735544229,0.8344894647598267,29.12847712373626,0.9819520115852356,25.15624221840084,0.9704046845436096,-3.9722349053354193,-0.011547327041625977,A>=0.95,1.4<=beta<1.7,A>=0.95 | 1.4<=beta<1.7,baseline_middle_50
72,164_0.84_1.26.png,164,0.84,1.26,400,400,15.262316284016283,0.8844103217124939,28.515126578520807,0.9851474165916443,26.013017191532754,0.9779918193817139,-2.502109386988053,-0.00715559720993042,0.75<=A<0.85,1.1<=beta<1.4,0.75<=A<0.85 | 1.1<=beta<1.4,baseline_weakest_25
73,165_0.8_0.79.png,165,0.8,0.79,400,400,20.983163785717267,0.8692274689674377,29.911209677198602,0.9776408672332764,27.375570688731653,0.9696819186210632,-2.5356389884669497,-0.007958948612213135,0.75<=A<0.85,beta<0.8,0.75<=A<0.85 | beta<0.8,baseline_middle_50
74,166_0.74_1.47.png,166,0.74,1.47,400,400,14.691217530309256,0.731041669845581,31.32595031840424,0.9729002714157104,30.626166318300637,0.9738790392875671,-0.6997840001036018,0.0009787678718566895,0.65<=A<0.75,1.4<=beta<1.7,0.65<=A<0.75 | 1.4<=beta<1.7,baseline_middle_50
75,167_0.53_1.34.png,167,0.53,1.34,400,400,18.80419716937379,0.8476434350013733,31.74036415908189,0.9797860383987427,33.08919319766672,0.9802570343017578,1.348829038584828,0.0004709959030151367,A<0.65,1.1<=beta<1.4,A<0.65 | 1.1<=beta<1.4,baseline_middle_50
76,168_0.8_1.19.png,168,0.8,1.19,400,400,16.07208196238688,0.766139566898346,30.041621204536348,0.9741273522377014,27.656583150074773,0.9695000648498535,-2.3850380544615746,-0.0046272873878479,0.75<=A<0.85,1.1<=beta<1.4,0.75<=A<0.85 | 1.1<=beta<1.4,baseline_middle_50
77,169_0.77_1.51.png,169,0.77,1.51,400,400,9.764712956522159,0.5597204566001892,24.96129466345645,0.9117642641067505,24.680048840828764,0.9314911365509033,-0.28124582262768527,0.019726872444152832,0.75<=A<0.85,1.4<=beta<1.7,0.75<=A<0.85 | 1.4<=beta<1.7,baseline_weakest_25
78,16_0.6_1.46.png,16,0.6,1.46,400,400,17.33629589589791,0.8483312129974365,31.26608888646693,0.9888373017311096,31.41242646803922,0.9874902367591858,0.14633758157228982,-0.0013470649719238281,A<0.65,1.4<=beta<1.7,A<0.65 | 1.4<=beta<1.7,baseline_middle_50
79,170_0.96_1.28.png,170,0.96,1.28,400,400,9.286438153474242,0.5651288032531738,25.179514559740475,0.9158322215080261,25.172942758723305,0.9353654980659485,-0.006571801017170031,0.019533276557922363,A>=0.95,1.1<=beta<1.4,A>=0.95 | 1.1<=beta<1.4,baseline_weakest_25
80,171_0.81_0.74.png,171,0.81,0.74,400,400,14.10760982146786,0.7250635027885437,27.05297448685593,0.9371600151062012,26.37077057790107,0.9463744759559631,-0.682203908954861,0.009214460849761963,0.75<=A<0.85,beta<0.8,0.75<=A<0.85 | beta<0.8,baseline_weakest_25
81,172_0.86_1.47.png,172,0.86,1.47,400,400,9.209361562143927,0.5478372573852539,25.226776325325556,0.9136052131652832,25.003532590553405,0.9321494698524475,-0.22324373477215076,0.018544256687164307,0.85<=A<0.95,1.4<=beta<1.7,0.85<=A<0.95 | 1.4<=beta<1.7,baseline_weakest_25
82,173_0.83_1.31.png,173,0.83,1.31,400,400,17.371454997965692,0.9237631559371948,23.27466917678024,0.9808756709098816,21.723382514907573,0.9797914028167725,-1.5512866618726662,-0.0010842680931091309,0.75<=A<0.85,1.1<=beta<1.4,0.75<=A<0.85 | 1.1<=beta<1.4,baseline_weakest_25
83,174_0.97_0.75.png,174,0.97,0.75,400,400,20.946079557564087,0.9589924812316895,24.681018519777215,0.9855751991271973,24.98860340518039,0.986970067024231,0.3075848854031733,0.0013948678970336914,A>=0.95,beta<0.8,A>=0.95 | beta<0.8,baseline_weakest_25
84,175_0.86_1.38.png,175,0.86,1.38,400,400,15.997387916382511,0.9126349091529846,24.115901245669974,0.9805545806884766,23.503702820279415,0.981102466583252,-0.6121984253905595,0.0005478858947753906,0.85<=A<0.95,1.1<=beta<1.4,0.85<=A<0.95 | 1.1<=beta<1.4,baseline_weakest_25
85,176_0.77_0.84.png,176,0.77,0.84,400,400,23.042713457659477,0.9717004299163818,23.174284798864875,0.9853506088256836,21.558985722589338,0.984186589717865,-1.6152990762755373,-0.0011640191078186035,0.75<=A<0.85,0.8<=beta<1.1,0.75<=A<0.85 | 0.8<=beta<1.1,baseline_weakest_25
86,177_0.65_1.52.png,177,0.65,1.52,400,400,16.9312543520919,0.8757264018058777,26.149755402837517,0.9840871095657349,25.54753831837464,0.9827458262443542,-0.6022170844628754,-0.0013412833213806152,0.65<=A<0.75,1.4<=beta<1.7,0.65<=A<0.75 | 1.4<=beta<1.7,baseline_weakest_25
87,178_0.64_1.88.png,178,0.64,1.88,400,400,15.587535282123177,0.8431252837181091,26.6956987875988,0.981025218963623,25.594135035789588,0.9779140949249268,-1.1015637518092127,-0.003111124038696289,A<0.65,beta>=1.7,A<0.65 | beta>=1.7,baseline_weakest_25
88,179_0.78_1.87.png,179,0.78,1.87,400,400,16.015873701885344,0.8496071696281433,26.153871625961752,0.9818746447563171,24.360851099155937,0.9798929691314697,-1.7930205268058153,-0.001981675624847412,0.75<=A<0.85,beta>=1.7,0.75<=A<0.85 | beta>=1.7,baseline_weakest_25
89,17_0.54_0.92.png,17,0.54,0.92,400,400,18.33325221687098,0.8217495083808899,36.01493478094031,0.9869992733001709,34.09150967232315,0.9804691672325134,-1.9234251086171597,-0.006530106067657471,A<0.65,0.8<=beta<1.1,A<0.65 | 0.8<=beta<1.1,baseline_middle_50
90,180_0.79_1.22.png,180,0.79,1.22,400,400,18.342742250903804,0.8992883563041687,27.926163190742727,0.989613950252533,25.208559948231194,0.9848946928977966,-2.717603242511533,-0.004719257354736328,0.75<=A<0.85,1.1<=beta<1.4,0.75<=A<0.85 | 1.1<=beta<1.4,baseline_weakest_25
91,181_0.82_0.77.png,181,0.82,0.77,400,400,20.55541093363322,0.9557443857192993,28.945210081806827,0.9911717176437378,30.317874699440384,0.9932669997215271,1.372664617633557,0.0020952820777893066,0.75<=A<0.85,beta<0.8,0.75<=A<0.85 | beta<0.8,baseline_middle_50
92,182_0.89_1.0.png,182,0.89,1.0,400,400,17.472162685383314,0.9317448139190674,27.619494794269915,0.9896036982536316,28.209602854410953,0.9914005994796753,0.5901080601410378,0.0017969012260437012,0.85<=A<0.95,0.8<=beta<1.1,0.85<=A<0.95 | 0.8<=beta<1.1,baseline_weakest_25
93,183_0.86_1.21.png,183,0.86,1.21,400,400,16.59120274297408,0.9192861318588257,27.909023262329665,0.9891554713249207,28.482476617512724,0.9903900027275085,0.5734533551830587,0.0012345314025878906,0.85<=A<0.95,1.1<=beta<1.4,0.85<=A<0.95 | 1.1<=beta<1.4,baseline_weakest_25
94,184_0.83_0.77.png,184,0.83,0.77,400,400,20.40631227307715,0.955058753490448,28.707598851137284,0.9911984205245972,29.79603475067263,0.9933291673660278,1.0884358995353445,0.002130746841430664,0.75<=A<0.85,beta<0.8,0.75<=A<0.85 | beta<0.8,baseline_weakest_25
95,185_0.79_1.23.png,185,0.79,1.23,400,400,13.620729116912592,0.8454121351242065,31.765035999058583,0.9889798164367676,31.473530198873767,0.9884849190711975,-0.2915058001848152,-0.0004948973655700684,0.75<=A<0.85,1.1<=beta<1.4,0.75<=A<0.85 | 1.1<=beta<1.4,baseline_middle_50
96,186_0.74_1.02.png,186,0.74,1.02,400,400,15.241509704973268,0.8781782388687134,32.24853682633632,0.9903837442398071,31.868535521232065,0.9897924661636353,-0.3800013051042548,-0.000591278076171875,0.65<=A<0.75,0.8<=beta<1.1,0.65<=A<0.75 | 0.8<=beta<1.1,baseline_middle_50
97,187_0.93_1.99.png,187,0.93,1.99,400,400,10.275639568426083,0.7440600395202637,26.891758791996345,0.978216826915741,28.331836503817847,0.97794508934021,1.4400777118215018,-0.00027173757553100586,0.85<=A<0.95,beta>=1.7,0.85<=A<0.95 | beta>=1.7,baseline_weakest_25
98,188_0.91_0.91.png,188,0.91,0.91,400,400,14.797104780135669,0.8739095330238342,31.6755830728008,0.9903380274772644,30.402503925371647,0.9893432855606079,-1.2730791474291543,-0.0009947419166564941,0.85<=A<0.95,0.8<=beta<1.1,0.85<=A<0.95 | 0.8<=beta<1.1,baseline_middle_50
99,189_0.71_1.65.png,189,0.71,1.65,400,400,12.404016511896657,0.824554443359375,26.550230011617252,0.9748936891555786,28.32709453509747,0.976460874080658,1.7768645234802172,0.0015671849250793457,0.65<=A<0.75,1.4<=beta<1.7,0.65<=A<0.75 | 1.4<=beta<1.7,baseline_weakest_25
100,18_0.67_1.61.png,18,0.67,1.61,400,400,12.872692094187329,0.6914923191070557,33.03009599516545,0.9715498089790344,32.67783154263524,0.9698095321655273,-0.3522644525302141,-0.00174027681350708,0.65<=A<0.75,1.4<=beta<1.7,0.65<=A<0.75 | 1.4<=beta<1.7,baseline_middle_50
101,190_0.67_1.29.png,190,0.67,1.29,400,400,14.719869651207752,0.870384693145752,27.597880031453563,0.980503499507904,28.110368938486033,0.9770538806915283,0.5124889070324699,-0.0034496188163757324,0.65<=A<0.75,1.1<=beta<1.4,0.65<=A<0.75 | 1.1<=beta<1.4,baseline_weakest_25
102,191_0.86_1.88.png,191,0.86,1.88,400,400,10.914899734393265,0.7866133451461792,28.932183410277155,0.9752823114395142,31.862658809810487,0.9781302809715271,2.930475399533332,0.0028479695320129395,0.85<=A<0.95,beta>=1.7,0.85<=A<0.95 | beta>=1.7,baseline_middle_50
103,192_0.78_1.42.png,192,0.78,1.42,400,400,13.132673402250617,0.8403010368347168,28.26775747913957,0.9807642102241516,29.589103144374565,0.9788934588432312,1.3213456652349969,-0.0018707513809204102,0.75<=A<0.85,1.4<=beta<1.7,0.75<=A<0.85 | 1.4<=beta<1.7,baseline_weakest_25
104,193_0.52_0.72.png,193,0.52,0.72,400,400,20.18904516199069,0.9472264647483826,26.852054876621168,0.9917511940002441,26.861149436224807,0.9918606281280518,0.00909455960363914,0.00010943412780761719,A<0.65,beta<0.8,A<0.65 | beta<0.8,baseline_weakest_25
105,194_0.78_1.46.png,194,0.78,1.46,400,400,15.318573956322439,0.8234334588050842,28.789412327644882,0.9865607619285583,28.583295193143947,0.9868109226226807,-0.2061171345009356,0.00025016069412231445,0.75<=A<0.85,1.4<=beta<1.7,0.75<=A<0.85 | 1.4<=beta<1.7,baseline_middle_50
106,195_0.61_1.47.png,195,0.61,1.47,400,400,16.511716874570865,0.8435496091842651,27.18988526226285,0.9864885807037354,26.94331025784588,0.9853631854057312,-0.24657500441697167,-0.0011253952980041504,A<0.65,1.4<=beta<1.7,A<0.65 | 1.4<=beta<1.7,baseline_weakest_25
107,196_0.67_0.7.png,196,0.67,0.7,400,400,21.09002903649749,0.9408908486366272,28.625124103062653,0.991952121257782,29.089086947334874,0.9928021430969238,0.46396284427222056,0.0008500218391418457,0.65<=A<0.75,beta<0.8,0.65<=A<0.75 | beta<0.8,baseline_weakest_25
108,197_0.88_1.9.png,197,0.88,1.9,400,400,9.268437160058271,0.6013458967208862,29.231610532297687,0.9700932502746582,27.104732270991562,0.9583198428153992,-2.126878261306125,-0.011773407459259033,0.85<=A<0.95,beta>=1.7,0.85<=A<0.95 | beta>=1.7,baseline_middle_50
109,198_0.99_0.62.png,198,0.99,0.62,400,400,16.289434434343928,0.8173574209213257,36.26403787104256,0.9900919198989868,35.44163836384102,0.9878243803977966,-0.8223995072015384,-0.0022675395011901855,A>=0.95,beta<0.8,A>=0.95 | beta<0.8,baseline_strongest_25
110,199_0.58_1.12.png,199,0.58,1.12,400,400,15.004043373201114,0.773779571056366,36.04991518956222,0.9896692633628845,34.29239171934777,0.984345555305481,-1.7575234702144513,-0.0053237080574035645,A<0.65,1.1<=beta<1.4,A<0.65 | 1.1<=beta<1.4,baseline_middle_50
111,19_0.7_1.99.png,19,0.7,1.99,400,400,11.306740110058378,0.635794997215271,31.859298105273822,0.9653276801109314,31.914080742942666,0.9643140435218811,0.05478263766884339,-0.001013636589050293,0.65<=A<0.75,beta>=1.7,0.65<=A<0.75 | beta>=1.7,baseline_middle_50
112,1_0.89_1.56.png,1,0.89,1.56,400,400,10.280320370168283,0.6234567761421204,32.36320164033961,0.9793629050254822,30.726897415187935,0.9855181574821472,-1.636304225151676,0.006155252456665039,0.85<=A<0.95,1.4<=beta<1.7,0.85<=A<0.95 | 1.4<=beta<1.7,baseline_middle_50
113,200_0.81_1.52.png,200,0.81,1.52,400,400,10.99159260818617,0.6621325612068176,33.761071406403154,0.9827242493629456,30.950739591979435,0.9727458953857422,-2.8103318144237193,-0.00997835397720337,0.75<=A<0.85,1.4<=beta<1.7,0.75<=A<0.85 | 1.4<=beta<1.7,baseline_middle_50
114,201_0.88_0.95.png,201,0.88,0.95,400,400,19.40699362173263,0.9238725304603577,31.04786337251174,0.9927623867988586,30.12931481951778,0.9906986951828003,-0.9185485529939577,-0.0020636916160583496,0.85<=A<0.95,0.8<=beta<1.1,0.85<=A<0.95 | 0.8<=beta<1.1,baseline_middle_50
115,202_0.92_0.59.png,202,0.92,0.59,400,400,22.39593660935141,0.9566868543624878,32.703453180990564,0.9948773384094238,31.715682705099514,0.993519127368927,-0.9877704758910504,-0.0013582110404968262,0.85<=A<0.95,beta<0.8,0.85<=A<0.95 | beta<0.8,baseline_middle_50
116,203_1.0_1.96.png,203,1.0,1.96,400,400,12.846637231266943,0.7992081046104431,24.74093879520702,0.9798684120178223,25.734783877162645,0.9797811508178711,0.9938450819556266,-8.726119995117188e-05,A>=0.95,beta>=1.7,A>=0.95 | beta>=1.7,baseline_weakest_25
117,204_0.7_1.37.png,204,0.7,1.37,400,400,19.530796617616584,0.9071317911148071,31.017979990808158,0.9920408725738525,29.450952318656643,0.9893059730529785,-1.5670276721515144,-0.0027348995208740234,0.65<=A<0.75,1.1<=beta<1.4,0.65<=A<0.75 | 1.1<=beta<1.4,baseline_middle_50
118,205_0.62_1.05.png,205,0.62,1.05,400,400,20.514862657747933,0.939469039440155,30.86699642696675,0.9847880601882935,30.715840579892692,0.9850502014160156,-0.15115584707405816,0.00026214122772216797,A<0.65,0.8<=beta<1.1,A<0.65 | 0.8<=beta<1.1,baseline_middle_50
119,206_0.58_0.83.png,206,0.58,0.83,400,400,24.13071435248331,0.9683284163475037,31.512557314799068,0.9858424663543701,32.077140026837576,0.9882897138595581,0.5645827120385079,0.0024472475051879883,A<0.65,0.8<=beta<1.1,A<0.65 | 0.8<=beta<1.1,baseline_middle_50
120,207_0.84_0.64.png,207,0.84,0.64,400,400,21.100528877431444,0.9538005590438843,31.463233362302546,0.9874129891395569,30.88374384198228,0.9861658811569214,-0.5794895203202657,-0.001247107982635498,0.75<=A<0.85,beta<0.8,0.75<=A<0.85 | beta<0.8,baseline_middle_50
121,208_0.67_0.92.png,208,0.67,0.92,400,400,20.852546485362428,0.9448012709617615,31.04844646593586,0.985741376876831,30.689263215313716,0.9851545691490173,-0.35918325062214507,-0.0005868077278137207,0.65<=A<0.75,0.8<=beta<1.1,0.65<=A<0.75 | 0.8<=beta<1.1,baseline_middle_50
122,209_0.97_1.99.png,209,0.97,1.99,400,400,10.640463463846874,0.7660452723503113,28.26540039733929,0.9799811244010925,29.31056355771082,0.9818424582481384,1.04516316037153,0.0018613338470458984,A>=0.95,beta>=1.7,A>=0.95 | beta>=1.7,baseline_weakest_25
123,20_0.58_1.76.png,20,0.58,1.76,400,400,13.938556708030296,0.6970716118812561,34.873226228971845,0.9758107662200928,33.874098111705536,0.9696069955825806,-0.9991281172663093,-0.006203770637512207,A<0.65,beta>=1.7,A<0.65 | beta>=1.7,baseline_middle_50
124,210_0.63_1.2.png,210,0.63,1.2,400,400,17.94015613796985,0.9005948901176453,26.316804919379866,0.9882901310920715,27.027240554887207,0.9891560077667236,0.7104356355073413,0.0008658766746520996,A<0.65,1.1<=beta<1.4,A<0.65 | 1.1<=beta<1.4,baseline_weakest_25
125,211_0.94_0.77.png,211,0.94,0.77,400,400,17.182496609097576,0.9100202322006226,33.17948486827885,0.9908625483512878,34.082452654962054,0.9925537705421448,0.902967786683206,0.0016912221908569336,0.85<=A<0.95,beta<0.8,0.85<=A<0.95 | beta<0.8,baseline_middle_50
126,212_0.54_1.78.png,212,0.54,1.78,400,400,16.17461354988308,0.8584255576133728,27.196879173323914,0.9841955900192261,30.719255061017282,0.9877517819404602,3.522375887693368,0.003556191921234131,A<0.65,beta>=1.7,A<0.65 | beta>=1.7,baseline_weakest_25
127,213_0.7_1.14.png,213,0.7,1.14,400,400,19.149824654314067,0.9173517227172852,27.61211229587403,0.9837449789047241,26.139104863969095,0.985383927822113,-1.4730074319049358,0.001638948917388916,0.65<=A<0.75,1.1<=beta<1.4,0.65<=A<0.75 | 1.1<=beta<1.4,baseline_weakest_25
128,214_0.62_0.87.png,214,0.62,0.87,400,400,20.91657505882118,0.9485132694244385,27.50529677329542,0.9863502979278564,26.307055235251507,0.98716139793396,-1.1982415380439129,0.0008111000061035156,A<0.65,0.8<=beta<1.1,A<0.65 | 0.8<=beta<1.1,baseline_weakest_25
129,215_0.91_1.29.png,215,0.91,1.29,400,400,15.258516641490766,0.8733862638473511,25.822445555642165,0.9796789288520813,25.022733637233916,0.9841724038124084,-0.7997119184082493,0.0044934749603271484,0.85<=A<0.95,1.1<=beta<1.4,0.85<=A<0.95 | 1.1<=beta<1.4,baseline_weakest_25
130,216_0.94_0.88.png,216,0.94,0.88,400,400,17.264226986300407,0.9175963401794434,25.51340682344661,0.9814506769180298,25.606485930769168,0.9868940114974976,0.0930791073225592,0.0054433345794677734,0.85<=A<0.95,0.8<=beta<1.1,0.85<=A<0.95 | 0.8<=beta<1.1,baseline_weakest_25
131,217_0.86_1.31.png,217,0.86,1.31,400,400,14.725731184515258,0.8808556199073792,34.69509661664149,0.9916306138038635,33.00189747215398,0.9914183616638184,-1.6931991444875152,-0.00021225214004516602,0.85<=A<0.95,1.1<=beta<1.4,0.85<=A<0.95 | 1.1<=beta<1.4,baseline_middle_50
132,218_0.53_1.18.png,218,0.53,1.18,400,400,21.762918099755687,0.9428542852401733,21.979426199902147,0.9839637875556946,27.661495861333858,0.9925647377967834,5.682069661431711,0.008600950241088867,A<0.65,1.1<=beta<1.4,A<0.65 | 1.1<=beta<1.4,baseline_weakest_25
133,219_0.62_1.27.png,219,0.62,1.27,400,400,20.77383431884607,0.9284816384315491,25.189003674012916,0.9895183444023132,35.18108238813804,0.9942140579223633,9.992078714125121,0.004695713520050049,A<0.65,1.1<=beta<1.4,A<0.65 | 1.1<=beta<1.4,baseline_weakest_25
134,21_0.7_1.86.png,21,0.7,1.86,400,400,13.465128050588383,0.7741098999977112,26.18267780651231,0.9347204566001892,26.304831200039636,0.9514656066894531,0.12215339352732713,0.016745150089263916,0.65<=A<0.75,beta>=1.7,0.65<=A<0.75 | beta>=1.7,baseline_weakest_25
135,220_0.68_1.35.png,220,0.68,1.35,400,400,18.718680850536323,0.9112768173217773,27.393469107542842,0.9905305504798889,38.0077579294186,0.993690013885498,10.61428882187576,0.003159463405609131,0.65<=A<0.75,1.1<=beta<1.4,0.65<=A<0.75 | 1.1<=beta<1.4,baseline_weakest_25
136,221_0.63_0.68.png,221,0.63,0.68,400,400,22.734971976864614,0.9644641876220703,30.721941116767514,0.9933461546897888,26.160880761333452,0.9897608160972595,-4.561060355434062,-0.003585338592529297,A<0.65,beta<0.8,A<0.65 | beta<0.8,baseline_middle_50
137,222_0.76_0.62.png,222,0.76,0.62,400,400,22.74032034988568,0.9615945219993591,33.615644194763895,0.9939277172088623,27.461494832774438,0.9907152056694031,-6.154149361989457,-0.0032125115394592285,0.75<=A<0.85,beta<0.8,0.75<=A<0.85 | beta<0.8,baseline_middle_50
138,223_0.66_1.32.png,223,0.66,1.32,400,400,17.91078899820949,0.900809645652771,30.504836033116526,0.9852959513664246,24.871121910928405,0.9832212328910828,-5.63371412218812,-0.002074718475341797,0.65<=A<0.75,1.1<=beta<1.4,0.65<=A<0.75 | 1.1<=beta<1.4,baseline_middle_50
139,224_0.7_1.92.png,224,0.7,1.92,400,400,15.281574682793968,0.8378002047538757,29.826674463853973,0.9778423309326172,25.07173460434448,0.9793880581855774,-4.754939859509491,0.001545727252960205,0.65<=A<0.75,beta>=1.7,0.65<=A<0.75 | beta>=1.7,baseline_middle_50
140,225_0.7_0.86.png,225,0.7,0.86,400,400,16.447447662638837,0.8803595304489136,29.467874892277027,0.9789717197418213,29.658993048596773,0.98074871301651,0.19111815631974594,0.0017769932746887207,0.65<=A<0.75,0.8<=beta<1.1,0.65<=A<0.75 | 0.8<=beta<1.1,baseline_middle_50
141,226_0.92_1.94.png,226,0.92,1.94,400,400,9.134873156082172,0.6373410224914551,25.64356460955389,0.9556418657302856,25.537485413481967,0.9520798325538635,-0.10607919607192429,-0.003562033176422119,0.85<=A<0.95,beta>=1.7,0.85<=A<0.95 | beta>=1.7,baseline_weakest_25
142,227_0.61_0.93.png,227,0.61,0.93,400,400,16.741285082498358,0.8839338421821594,29.901719170213042,0.9809775948524475,30.01142232296075,0.981943666934967,0.10970315274770925,0.0009660720825195312,A<0.65,0.8<=beta<1.1,A<0.65 | 0.8<=beta<1.1,baseline_middle_50
143,228_0.6_1.2.png,228,0.6,1.2,400,400,14.963864085231652,0.840659499168396,29.389931495018416,0.9797284007072449,29.728706905718013,0.9810614585876465,0.33877541069959705,0.0013330578804016113,A<0.65,1.1<=beta<1.4,A<0.65 | 1.1<=beta<1.4,baseline_middle_50
144,229_0.53_0.63.png,229,0.53,0.63,400,400,23.389875565595005,0.9748921990394592,30.31184914909176,0.9950886964797974,31.719628108154218,0.9959508180618286,1.4077789590624583,0.00086212158203125,A<0.65,beta<0.8,A<0.65 | beta<0.8,baseline_middle_50
145,22_0.77_1.45.png,22,0.77,1.45,400,400,14.589193688571836,0.8012186288833618,28.52554474763014,0.946898341178894,28.541809662255098,0.9611251354217529,0.016264914624958493,0.014226794242858887,0.75<=A<0.85,1.4<=beta<1.7,0.75<=A<0.85 | 1.4<=beta<1.7,baseline_weakest_25
146,230_0.95_0.66.png,230,0.95,0.66,400,400,17.9173072372317,0.9253607392311096,33.351686388473205,0.99419766664505,34.7145900768625,0.9951351284980774,1.362903688389295,0.0009374618530273438,A>=0.95,beta<0.8,A>=0.95 | beta<0.8,baseline_middle_50
147,231_0.55_1.16.png,231,0.55,1.16,400,400,17.6874538829713,0.9009902477264404,34.99539362164155,0.9935035109519958,35.47838064374734,0.9946010112762451,0.4829870221057959,0.0010975003242492676,A<0.65,1.1<=beta<1.4,A<0.65 | 1.1<=beta<1.4,baseline_middle_50
148,232_0.58_1.19.png,232,0.58,1.19,400,400,17.781394335998684,0.8940786719322205,34.73170652619214,0.9930077195167542,35.66540982583452,0.9944648742675781,0.9337032996423815,0.0014571547508239746,A<0.65,1.1<=beta<1.4,A<0.65 | 1.1<=beta<1.4,baseline_middle_50
149,233_0.72_1.98.png,233,0.72,1.98,400,400,10.942313370885426,0.8205994963645935,24.668901807637017,0.9566114544868469,25.975778380362208,0.9667415022850037,1.3068765727251908,0.010130047798156738,0.65<=A<0.75,beta>=1.7,0.65<=A<0.75 | beta>=1.7,baseline_weakest_25
150,234_0.63_1.11.png,234,0.63,1.11,400,400,15.656681256924305,0.9174114465713501,26.42167410127356,0.9682105779647827,27.240801622920337,0.9728054404258728,0.8191275216467773,0.004594862461090088,A<0.65,1.1<=beta<1.4,A<0.65 | 1.1<=beta<1.4,baseline_weakest_25
151,235_0.9_0.72.png,235,0.9,0.72,400,400,18.454864360197494,0.9491826891899109,24.35775630668926,0.9603334069252014,24.574649213351304,0.9628883600234985,0.21689290666204286,0.002554953098297119,0.85<=A<0.95,beta<0.8,0.85<=A<0.95 | beta<0.8,baseline_weakest_25
152,236_0.77_1.96.png,236,0.77,1.96,400,400,10.969687554784851,0.8194621205329895,24.57731968639716,0.9565157890319824,26.2419809388118,0.9687030911445618,1.6646612524146391,0.012187302112579346,0.75<=A<0.85,beta>=1.7,0.75<=A<0.85 | beta>=1.7,baseline_weakest_25
153,237_0.94_0.77.png,237,0.94,0.77,400,400,16.21826079794011,0.7656853199005127,31.403175926419458,0.9832634329795837,33.38853344569847,0.9858604073524475,1.9853575192790132,0.0025969743728637695,0.85<=A<0.95,beta<0.8,0.85<=A<0.95 | beta<0.8,baseline_middle_50
154,238_0.95_1.84.png,238,0.95,1.84,400,400,7.700011520206644,0.4822986125946045,28.268729312507954,0.9732100963592529,29.96446489706253,0.9745408892631531,1.6957355845545763,0.0013307929039001465,A>=0.95,beta>=1.7,A>=0.95 | beta>=1.7,baseline_weakest_25
155,239_0.85_1.8.png,239,0.85,1.8,400,400,8.75800736363981,0.5175477266311646,29.062223042391928,0.9768807291984558,29.82080213957987,0.9788146018981934,0.758579097187944,0.0019338726997375488,0.85<=A<0.95,beta>=1.7,0.85<=A<0.95 | beta>=1.7,baseline_middle_50
156,23_0.58_0.76.png,23,0.58,0.76,400,400,20.66220624504776,0.8859502673149109,30.631719304373117,0.9739574193954468,31.721123259296693,0.9660936594009399,1.0894039549235757,-0.007863759994506836,A<0.65,beta<0.8,A<0.65 | beta<0.8,baseline_middle_50
157,240_0.99_1.13.png,240,0.99,1.13,400,400,11.19945867785579,0.6242799758911133,29.58233023658429,0.9775214195251465,31.563268106782175,0.9832965135574341,1.9809378701978844,0.005775094032287598,A>=0.95,1.1<=beta<1.4,A>=0.95 | 1.1<=beta<1.4,baseline_middle_50
158,241_0.85_0.72.png,241,0.85,0.72,400,400,17.25368628012904,0.9123193621635437,27.60250434061193,0.9852113127708435,28.891930451871914,0.9888355135917664,1.289426111259985,0.0036242008209228516,0.85<=A<0.95,beta<0.8,0.85<=A<0.95 | beta<0.8,baseline_weakest_25
159,242_0.62_1.18.png,242,0.62,1.18,400,400,15.114057420377403,0.8705973029136658,25.466974373726472,0.9846171736717224,25.51047366240247,0.9851948618888855,0.04349928867599928,0.0005776882171630859,A<0.65,1.1<=beta<1.4,A<0.65 | 1.1<=beta<1.4,baseline_weakest_25
160,243_0.7_1.66.png,243,0.7,1.66,400,400,11.912560806409036,0.7776098847389221,25.15173188254874,0.9817773103713989,24.209694126662434,0.9806063771247864,-0.9420377558863073,-0.0011709332466125488,0.65<=A<0.75,1.4<=beta<1.7,0.65<=A<0.75 | 1.4<=beta<1.7,baseline_weakest_25
161,244_0.67_1.65.png,244,0.67,1.65,400,400,12.178878794974446,0.7874085903167725,24.92120410189746,0.9821045398712158,24.117970914025257,0.9809147119522095,-0.8032331878722019,-0.0011898279190063477,0.65<=A<0.75,1.4<=beta<1.7,0.65<=A<0.75 | 1.4<=beta<1.7,baseline_weakest_25
162,245_0.99_1.32.png,245,0.99,1.32,400,400,10.023929040743301,0.6489742398262024,33.16768202641391,0.9772987365722656,33.738324483862606,0.9794800281524658,0.5706424574486988,0.0021812915802001953,A>=0.95,1.1<=beta<1.4,A>=0.95 | 1.1<=beta<1.4,baseline_middle_50
163,246_0.77_1.86.png,246,0.77,1.86,400,400,9.180073909038729,0.5903552174568176,30.98823290820125,0.9741073250770569,31.351039000453298,0.9768578410148621,0.36280609225204685,0.0027505159378051758,0.75<=A<0.85,beta>=1.7,0.75<=A<0.85 | beta>=1.7,baseline_middle_50
164,247_0.59_1.34.png,247,0.59,1.34,400,400,12.826194720966754,0.7385240793228149,31.212797976613558,0.9776796698570251,32.188412435837975,0.9802929759025574,0.9756144592244169,0.0026133060455322266,A<0.65,1.1<=beta<1.4,A<0.65 | 1.1<=beta<1.4,baseline_middle_50
165,248_0.62_1.13.png,248,0.62,1.13,400,400,13.783189898895712,0.7755221724510193,32.645242071455925,0.9801679849624634,33.03270329552445,0.9790704250335693,0.3874612240685238,-0.001097559928894043,A<0.65,1.1<=beta<1.4,A<0.65 | 1.1<=beta<1.4,baseline_middle_50
166,249_0.85_1.68.png,249,0.85,1.68,400,400,12.974674911805542,0.8224896192550659,21.49124552407756,0.968493640422821,21.407112077139978,0.9683089852333069,-0.08413344693758162,-0.00018465518951416016,0.85<=A<0.95,1.4<=beta<1.7,0.85<=A<0.95 | 1.4<=beta<1.7,baseline_weakest_25
167,24_1.0_0.62.png,24,1.0,0.62,400,400,19.329210021951887,0.8757272958755493,33.929959319992676,0.9649767279624939,33.66057097217705,0.9703876376152039,-0.26938834781562804,0.005410909652709961,A>=0.95,beta<0.8,A>=0.95 | beta<0.8,baseline_middle_50
168,250_0.69_1.38.png,250,0.69,1.38,400,400,16.897120234217407,0.8871490359306335,24.949456936109364,0.9796559810638428,24.890906854962182,0.9799352884292603,-0.05855008114718174,0.00027930736541748047,0.65<=A<0.75,1.1<=beta<1.4,0.65<=A<0.75 | 1.1<=beta<1.4,baseline_weakest_25
169,251_0.55_1.12.png,251,0.55,1.12,400,400,19.610284716418427,0.9322816729545593,28.159723488007863,0.9864693880081177,28.866520116562707,0.9872761964797974,0.7067966285548444,0.0008068084716796875,A<0.65,1.1<=beta<1.4,A<0.65 | 1.1<=beta<1.4,baseline_weakest_25
170,252_0.51_0.51.png,252,0.51,0.51,400,400,24.67456549614731,0.9808297157287598,33.75765098282158,0.9927781224250793,33.190002050217046,0.9932859539985657,-0.5676489326045342,0.0005078315734863281,A<0.65,beta<0.8,A<0.65 | beta<0.8,baseline_middle_50
171,253_0.53_1.99.png,253,0.53,1.99,400,400,13.904013397726104,0.7933495044708252,27.092392095342113,0.9782996773719788,25.96771830825629,0.9790759086608887,-1.1246737870858219,0.0007762312889099121,A<0.65,beta>=1.7,A<0.65 | beta>=1.7,baseline_weakest_25
172,254_0.7_0.56.png,254,0.7,0.56,400,400,23.702585665769583,0.9611066579818726,38.443872239024344,0.9944923520088196,39.20873908824559,0.9958328604698181,0.7648668492212494,0.0013405084609985352,0.65<=A<0.75,beta<0.8,0.65<=A<0.75 | beta<0.8,baseline_strongest_25
173,255_0.53_1.86.png,255,0.53,1.86,400,400,14.1645911370906,0.8079404830932617,28.425763410043263,0.9814350605010986,26.989324708994246,0.9827675819396973,-1.436438701049017,0.0013325214385986328,A<0.65,beta>=1.7,A<0.65 | beta>=1.7,baseline_weakest_25
174,256_0.51_1.17.png,256,0.51,1.17,400,400,15.97144496721934,0.8900002241134644,33.67144190136091,0.9899312853813171,33.55816388079628,0.9922273755073547,-0.11327802056462843,0.0022960901260375977,A<0.65,1.1<=beta<1.4,A<0.65 | 1.1<=beta<1.4,baseline_middle_50
175,257_0.57_1.44.png,257,0.57,1.44,400,400,17.847753767551797,0.781534731388092,19.821830873202146,0.9270964860916138,19.39029492127508,0.9296464920043945,-0.4315359519270672,0.0025500059127807617,A<0.65,1.4<=beta<1.7,A<0.65 | 1.4<=beta<1.7,baseline_weakest_25
176,258_0.98_1.6.png,258,0.98,1.6,400,400,11.554256325417649,0.6822091937065125,24.90191460208618,0.9520632028579712,25.37853897017434,0.961854875087738,0.4766243680881601,0.009791672229766846,A>=0.95,1.4<=beta<1.7,A>=0.95 | 1.4<=beta<1.7,baseline_weakest_25
177,259_0.71_0.98.png,259,0.71,0.98,400,400,19.214316822536524,0.8296808004379272,26.489284667042053,0.968064546585083,25.24738248539933,0.9754219055175781,-1.2419021816427218,0.007357358932495117,0.65<=A<0.75,0.8<=beta<1.1,0.65<=A<0.75 | 0.8<=beta<1.1,baseline_weakest_25
178,25_0.5_1.67.png,25,0.5,1.67,400,400,17.53195465030954,0.8607256412506104,31.96058071421809,0.9860340356826782,33.41419774667654,0.9877630472183228,1.4536170324584532,0.0017290115356445312,A<0.65,1.4<=beta<1.7,A<0.65 | 1.4<=beta<1.7,baseline_middle_50
179,260_0.57_1.92.png,260,0.57,1.92,400,400,16.11211451671251,0.7120532393455505,17.0867701812147,0.8750899434089661,17.069561317088283,0.8804405927658081,-0.017208864126416756,0.005350649356842041,A<0.65,beta>=1.7,A<0.65 | beta>=1.7,baseline_weakest_25
180,261_0.79_1.66.png,261,0.79,1.66,400,400,12.955422942283619,0.8364942669868469,22.37923432492675,0.9641368985176086,21.372309114759513,0.9613183736801147,-1.0069252101672355,-0.0028185248374938965,0.75<=A<0.85,1.4<=beta<1.7,0.75<=A<0.85 | 1.4<=beta<1.7,baseline_weakest_25
181,262_0.58_0.98.png,262,0.58,0.98,400,400,22.762294499832127,0.9535022974014282,27.917758649377106,0.9845083951950073,28.25238065834114,0.9853029847145081,0.3346220089640326,0.0007945895195007324,A<0.65,0.8<=beta<1.1,A<0.65 | 0.8<=beta<1.1,baseline_weakest_25
182,263_0.94_1.82.png,263,0.94,1.82,400,400,9.933503525818272,0.7780722975730896,19.30926368674452,0.9485586881637573,20.46207466045621,0.9540836215019226,1.1528109737116914,0.005524933338165283,0.85<=A<0.95,beta>=1.7,0.85<=A<0.95 | beta>=1.7,baseline_weakest_25
183,264_0.77_1.87.png,264,0.77,1.87,400,400,12.72889763966113,0.8238482475280762,21.984211672771266,0.9613978266716003,20.386808390150772,0.9560561180114746,-1.597403282620494,-0.005341708660125732,0.75<=A<0.85,beta>=1.7,0.75<=A<0.85 | beta>=1.7,baseline_weakest_25
184,265_0.72_0.95.png,265,0.72,0.95,400,400,19.601959185374653,0.9321678876876831,33.342695666522346,0.9930898547172546,29.994864062601096,0.9890211224555969,-3.34783160392125,-0.004068732261657715,0.65<=A<0.75,0.8<=beta<1.1,0.65<=A<0.75 | 0.8<=beta<1.1,baseline_middle_50
185,266_0.71_1.06.png,266,0.71,1.06,400,400,18.905325082823396,0.9228031635284424,31.884817681755628,0.9919227957725525,29.860452328150128,0.988701581954956,-2.0243653536055,-0.0032212138175964355,0.65<=A<0.75,0.8<=beta<1.1,0.65<=A<0.75 | 0.8<=beta<1.1,baseline_middle_50
186,267_0.94_0.99.png,267,0.94,0.99,400,400,16.25673926597303,0.8988330960273743,32.148377948179785,0.9921678304672241,28.659589211605415,0.9876418113708496,-3.488788736574371,-0.004526019096374512,0.85<=A<0.95,0.8<=beta<1.1,0.85<=A<0.95 | 0.8<=beta<1.1,baseline_middle_50
187,268_0.7_1.83.png,268,0.7,1.83,400,400,15.687631263008289,0.8553687334060669,26.685812289768723,0.9824821949005127,25.699984957169256,0.9824614524841309,-0.9858273325994666,-2.0742416381835938e-05,0.65<=A<0.75,beta>=1.7,0.65<=A<0.75 | beta>=1.7,baseline_weakest_25
188,269_0.97_1.84.png,269,0.97,1.84,400,400,11.56970218002051,0.7553978562355042,26.52762169309304,0.9767034649848938,22.45895236733717,0.9689067602157593,-4.06866932575587,-0.0077967047691345215,A>=0.95,beta>=1.7,A>=0.95 | beta>=1.7,baseline_weakest_25
189,26_0.93_1.97.png,26,0.93,1.97,400,400,8.920422864168124,0.6258049607276917,29.493339394367013,0.9809747338294983,27.302774608236252,0.9771453738212585,-2.1905647861307607,-0.003829360008239746,0.85<=A<0.95,beta>=1.7,0.85<=A<0.95 | beta>=1.7,baseline_middle_50
190,270_0.73_1.75.png,270,0.73,1.75,400,400,16.279416644489952,0.8137919306755066,31.62206289682466,0.9857543110847473,30.29735703821801,0.9819006323814392,-1.3247058586066487,-0.0038536787033081055,0.65<=A<0.75,beta>=1.7,0.65<=A<0.75 | beta>=1.7,baseline_middle_50
191,271_0.97_1.97.png,271,0.97,1.97,400,400,11.254143755238083,0.7416805028915405,25.56087152171301,0.9722458720207214,21.52706964439064,0.9635498523712158,-4.033801877322372,-0.008696019649505615,A>=0.95,beta>=1.7,A>=0.95 | beta>=1.7,baseline_weakest_25
192,272_0.94_1.17.png,272,0.94,1.17,400,400,14.505540203434958,0.8466655015945435,31.02838990162286,0.988243579864502,27.214562603282427,0.9839909076690674,-3.8138272983404313,-0.00425267219543457,0.85<=A<0.95,1.1<=beta<1.4,0.85<=A<0.95 | 1.1<=beta<1.4,baseline_middle_50
193,273_0.85_0.7.png,273,0.85,0.7,400,400,18.22480766268229,0.910785436630249,33.14993313747949,0.9938574433326721,30.56732513905061,0.9929574728012085,-2.582607998428884,-0.000899970531463623,0.85<=A<0.95,beta<0.8,0.85<=A<0.95 | beta<0.8,baseline_middle_50
194,274_0.71_1.95.png,274,0.71,1.95,400,400,10.892575127631531,0.7097625136375427,30.804581870277815,0.9847326278686523,31.054387731507948,0.9848109483718872,0.24980586123013282,7.832050323486328e-05,0.65<=A<0.75,beta>=1.7,0.65<=A<0.75 | beta>=1.7,baseline_middle_50
195,275_0.63_2.0.png,275,0.63,2.0,400,400,12.152489750335068,0.7256569266319275,30.295603749497573,0.9847949147224426,31.492639685800214,0.9856722950935364,1.1970359363026404,0.00087738037109375,A<0.65,beta>=1.7,A<0.65 | beta>=1.7,baseline_middle_50
196,276_0.83_1.69.png,276,0.83,1.69,400,400,10.916162984746634,0.7216506004333496,29.14775746935011,0.9875115752220154,28.05429050352059,0.9861049652099609,-1.0934669658295206,-0.0014066100120544434,0.75<=A<0.85,1.4<=beta<1.7,0.75<=A<0.85 | 1.4<=beta<1.7,baseline_middle_50
197,277_0.66_1.5.png,277,0.66,1.5,400,400,18.295390748958557,0.9069629907608032,33.49526159003974,0.9939326643943787,30.723190261330465,0.9928600192070007,-2.7720713287092735,-0.0010726451873779297,0.65<=A<0.75,1.4<=beta<1.7,0.65<=A<0.75 | 1.4<=beta<1.7,baseline_middle_50
198,278_0.98_1.19.png,278,0.98,1.19,400,400,16.67428165355869,0.886421799659729,31.252992636518083,0.9927896857261658,27.759887033376835,0.990386962890625,-3.493105603141249,-0.0024027228355407715,A>=0.95,1.1<=beta<1.4,A>=0.95 | 1.1<=beta<1.4,baseline_middle_50
199,279_0.94_1.64.png,279,0.94,1.64,400,400,14.717602901033986,0.8495253920555115,29.732098557522704,0.9904965162277222,26.429355619858335,0.9867680668830872,-3.3027429376643695,-0.0037284493446350098,0.85<=A<0.95,1.4<=beta<1.7,0.85<=A<0.95 | 1.4<=beta<1.7,baseline_middle_50
200,27_0.76_0.89.png,27,0.76,0.89,400,400,20.003972983114853,0.9080857634544373,33.37589860252986,0.9899991154670715,32.080841431434905,0.9904476404190063,-1.2950571710949532,0.00044852495193481445,0.75<=A<0.85,0.8<=beta<1.1,0.75<=A<0.85 | 0.8<=beta<1.1,baseline_middle_50
201,280_0.71_1.47.png,280,0.71,1.47,400,400,18.407510061780275,0.9029117226600647,32.36350787564576,0.9941530227661133,29.886298589740004,0.9926321506500244,-2.4772092859057544,-0.0015208721160888672,0.65<=A<0.75,1.4<=beta<1.7,0.65<=A<0.75 | 1.4<=beta<1.7,baseline_middle_50
202,281_0.8_1.72.png,281,0.8,1.72,400,400,16.822666252524773,0.9039716720581055,23.02317757739417,0.9832203388214111,25.376884887586463,0.9830685257911682,2.353707310192295,-0.00015181303024291992,0.75<=A<0.85,beta>=1.7,0.75<=A<0.85 | beta>=1.7,baseline_weakest_25
203,282_0.78_1.39.png,282,0.78,1.39,400,400,18.37530381830671,0.9320919513702393,22.331540028481342,0.9850639700889587,25.48147019813799,0.9859143495559692,3.149930169656649,0.000850379467010498,0.75<=A<0.85,1.1<=beta<1.4,0.75<=A<0.85 | 1.1<=beta<1.4,baseline_weakest_25
204,283_0.79_1.68.png,283,0.79,1.68,400,400,16.995828921333484,0.9081162810325623,22.64253503584676,0.9830821752548218,25.291917402194475,0.9839658737182617,2.649382366347716,0.0008836984634399414,0.75<=A<0.85,1.4<=beta<1.7,0.75<=A<0.85 | 1.4<=beta<1.7,baseline_weakest_25
205,284_0.8_1.86.png,284,0.8,1.86,400,400,16.279382987095364,0.8931032419204712,23.12695562814938,0.9819880127906799,25.08756355752402,0.9819508194923401,1.9606079293746426,-3.719329833984375e-05,0.75<=A<0.85,beta>=1.7,0.75<=A<0.85 | beta>=1.7,baseline_weakest_25
206,285_0.71_1.94.png,285,0.71,1.94,400,400,10.084738413733703,0.6549056172370911,31.350746072105192,0.9826101660728455,30.25206028291992,0.9858074188232422,-1.0986857891852715,0.0031972527503967285,0.65<=A<0.75,beta>=1.7,0.65<=A<0.75 | beta>=1.7,baseline_middle_50
207,286_0.6_1.07.png,286,0.6,1.07,400,400,15.074400280055876,0.8210034370422363,31.577104992221653,0.9898633360862732,32.100486458826495,0.9924638271331787,0.5233814666048424,0.0026004910469055176,A<0.65,0.8<=beta<1.1,A<0.65 | 0.8<=beta<1.1,baseline_middle_50
208,287_0.77_1.14.png,287,0.77,1.14,400,400,12.978465800365758,0.7728320360183716,32.92781113968453,0.9876811504364014,33.105061624644236,0.991424560546875,0.17725048495970697,0.003743410110473633,0.75<=A<0.85,1.1<=beta<1.4,0.75<=A<0.85 | 1.1<=beta<1.4,baseline_middle_50
209,288_0.82_1.17.png,288,0.82,1.17,400,400,12.393492841588534,0.7575480341911316,32.97977336792377,0.9861613512039185,33.225318521819204,0.991290271282196,0.24554515389543496,0.005128920078277588,0.75<=A<0.85,1.1<=beta<1.4,0.75<=A<0.85 | 1.1<=beta<1.4,baseline_middle_50
210,289_0.61_0.88.png,289,0.61,0.88,400,400,20.528383778522986,0.9420157670974731,28.341590338793303,0.9927170872688293,30.057789264574026,0.9931828379631042,1.7161989257807235,0.00046575069427490234,A<0.65,0.8<=beta<1.1,A<0.65 | 0.8<=beta<1.1,baseline_weakest_25
211,28_0.81_1.96.png,28,0.81,1.96,400,400,9.925085735097268,0.664765477180481,31.1741308628797,0.9849401712417603,28.456870311412462,0.9816349744796753,-2.7172605514672377,-0.003305196762084961,0.75<=A<0.85,beta>=1.7,0.75<=A<0.85 | beta>=1.7,baseline_middle_50
212,290_0.66_1.66.png,290,0.66,1.66,400,400,16.543256500216454,0.8554443717002869,27.986955762548366,0.9894182682037354,28.467157670193295,0.9879550337791443,0.4802019076449291,-0.0014632344245910645,0.65<=A<0.75,1.4<=beta<1.7,0.65<=A<0.75 | 1.4<=beta<1.7,baseline_weakest_25
213,291_0.52_0.89.png,291,0.52,0.89,400,400,19.686222616736654,0.9452973008155823,28.42422675427678,0.9929668307304382,29.35768542721318,0.9933992028236389,0.9334586729363998,0.0004323720932006836,A<0.65,0.8<=beta<1.1,A<0.65 | 0.8<=beta<1.1,baseline_weakest_25
214,292_0.81_0.91.png,292,0.81,0.91,400,400,18.90789724800611,0.9224324226379395,28.336771181682508,0.9929212331771851,30.226995288755802,0.992687463760376,1.8902241070732941,-0.00023376941680908203,0.75<=A<0.85,0.8<=beta<1.1,0.75<=A<0.85 | 0.8<=beta<1.1,baseline_weakest_25
215,293_0.71_1.13.png,293,0.71,1.13,400,400,19.63640339583688,0.9391353130340576,27.694496999709095,0.9908806085586548,28.22688722341144,0.9901747703552246,0.5323902237023432,-0.0007058382034301758,0.65<=A<0.75,1.1<=beta<1.4,0.65<=A<0.75 | 1.1<=beta<1.4,baseline_weakest_25
216,294_0.89_1.44.png,294,0.89,1.44,400,400,16.468675544634735,0.890855073928833,29.572855703035582,0.9894267320632935,29.15734488534868,0.9886372685432434,-0.4155108176869007,-0.0007894635200500488,0.85<=A<0.95,1.4<=beta<1.7,0.85<=A<0.95 | 1.4<=beta<1.7,baseline_middle_50
217,295_0.64_0.73.png,295,0.64,0.73,400,400,21.697228984504097,0.9719729423522949,28.273668866976767,0.9918433427810669,28.21517576746406,0.9921106696128845,-0.05849309951270598,0.00026732683181762695,A<0.65,beta<0.8,A<0.65 | beta<0.8,baseline_weakest_25
218,296_0.97_1.18.png,296,0.97,1.18,400,400,16.613076757047214,0.9094690680503845,30.299434673148696,0.990263044834137,30.226976111099756,0.9902313947677612,-0.07245856204893997,-3.165006637573242e-05,A>=0.95,1.1<=beta<1.4,A>=0.95 | 1.1<=beta<1.4,baseline_middle_50
219,297_0.69_1.91.png,297,0.69,1.91,400,400,11.15138312017432,0.7418334484100342,29.830998336069783,0.9811015725135803,30.852608256543373,0.9843259453773499,1.0216099204735904,0.0032243728637695312,0.65<=A<0.75,beta>=1.7,0.65<=A<0.75 | beta>=1.7,baseline_middle_50
220,298_0.63_1.85.png,298,0.63,1.85,400,400,11.907500469713138,0.7624281048774719,29.86964544203522,0.9831753969192505,30.79879565068,0.9857696890830994,0.9291502086447778,0.002594292163848877,A<0.65,beta>=1.7,A<0.65 | beta>=1.7,baseline_middle_50
221,299_0.72_1.91.png,299,0.72,1.91,400,400,10.893475737862788,0.7357219457626343,29.64444933525911,0.9803127646446228,30.860940955539462,0.9837766885757446,1.216491620280351,0.003463923931121826,0.65<=A<0.75,beta>=1.7,0.65<=A<0.75 | beta>=1.7,baseline_middle_50
222,29_0.85_1.7.png,29,0.85,1.7,400,400,9.920514713041923,0.6583492159843445,30.24320481975436,0.9671923518180847,29.431589473456306,0.9608839154243469,-0.8116153462980549,-0.006308436393737793,0.85<=A<0.95,beta>=1.7,0.85<=A<0.95 | beta>=1.7,baseline_middle_50
223,2_0.93_1.66.png,2,0.93,1.66,400,400,9.608130398311,0.5985805988311768,32.03434918824209,0.9781676530838013,30.26727004013582,0.9832647442817688,-1.7670791481062693,0.005097091197967529,0.85<=A<0.95,1.4<=beta<1.7,0.85<=A<0.95 | 1.4<=beta<1.7,baseline_middle_50
224,300_0.92_0.72.png,300,0.92,0.72,400,400,16.651775041436107,0.8930976390838623,33.09461129158545,0.9916120171546936,34.866840354894194,0.9937841892242432,1.7722290633087425,0.0021721720695495605,0.85<=A<0.95,beta<0.8,0.85<=A<0.95 | beta<0.8,baseline_middle_50
225,301_0.75_0.88.png,301,0.75,0.88,400,400,19.550177187759733,0.9452588558197021,25.747194766112752,0.9655330777168274,26.470299065048483,0.9709532856941223,0.7231042989357306,0.005420207977294922,0.75<=A<0.85,0.8<=beta<1.1,0.75<=A<0.85 | 0.8<=beta<1.1,baseline_weakest_25
226,302_0.69_0.75.png,302,0.69,0.75,400,400,23.0659122461342,0.9678573608398438,25.576026805592612,0.9668786525726318,26.119963298963498,0.971684455871582,0.5439364933708859,0.004805803298950195,0.65<=A<0.75,beta<0.8,0.65<=A<0.75 | beta<0.8,baseline_weakest_25
227,303_0.89_1.94.png,303,0.89,1.94,400,400,9.795707625666903,0.7717025876045227,25.641628539928657,0.9603409171104431,24.79038371649611,0.9541249871253967,-0.8512448234325483,-0.006215929985046387,0.85<=A<0.95,beta>=1.7,0.85<=A<0.95 | beta>=1.7,baseline_weakest_25
228,304_0.91_0.92.png,304,0.91,0.92,400,400,16.032692472521784,0.910420298576355,25.62277204334688,0.9648077487945557,25.541124263822596,0.9651585817337036,-0.08164777952428537,0.0003508329391479492,0.85<=A<0.95,0.8<=beta<1.1,0.85<=A<0.95 | 0.8<=beta<1.1,baseline_weakest_25
229,305_0.84_0.52.png,305,0.84,0.52,400,400,23.7831647698774,0.9654713273048401,34.75815817616536,0.9941245317459106,35.34990637261938,0.9954874515533447,0.5917481964540201,0.001362919807434082,0.75<=A<0.85,beta<0.8,0.75<=A<0.85 | beta<0.8,baseline_middle_50
230,306_0.65_1.44.png,306,0.65,1.44,400,400,18.46105923642164,0.892893373966217,34.11320481173454,0.992839515209198,33.97304395468,0.9926308989524841,-0.14016085705453918,-0.0002086162567138672,0.65<=A<0.75,1.4<=beta<1.7,0.65<=A<0.75 | 1.4<=beta<1.7,baseline_middle_50
231,307_0.77_1.05.png,307,0.77,1.05,400,400,19.123770253692424,0.918074905872345,33.50333868734602,0.9931402206420898,33.405970851026304,0.9932660460472107,-0.09736783631971946,0.0001258254051208496,0.75<=A<0.85,0.8<=beta<1.1,0.75<=A<0.85 | 0.8<=beta<1.1,baseline_middle_50
232,308_0.71_0.58.png,308,0.71,0.58,400,400,24.341109025019918,0.9670577049255371,35.00346530677848,0.9941040873527527,35.43697884508085,0.9953734278678894,0.43351353830237116,0.0012693405151367188,0.65<=A<0.75,beta<0.8,0.65<=A<0.75 | beta<0.8,baseline_middle_50
233,309_0.61_1.02.png,309,0.61,1.02,400,400,21.125535520137184,0.9491609334945679,33.79742079068468,0.9943684935569763,31.900681781853727,0.9944201707839966,-1.8967390088309557,5.167722702026367e-05,A<0.65,0.8<=beta<1.1,A<0.65 | 0.8<=beta<1.1,baseline_middle_50
234,30_0.74_0.8.png,30,0.74,0.8,400,400,16.699559816878423,0.8290809988975525,32.61327875093409,0.9810647964477539,32.10832875284786,0.9765890836715698,-0.5049499980862322,-0.004475712776184082,0.65<=A<0.75,0.8<=beta<1.1,0.65<=A<0.75 | 0.8<=beta<1.1,baseline_middle_50
235,310_0.8_1.12.png,310,0.8,1.12,400,400,18.887768820234186,0.9231533408164978,32.84910001962963,0.9925652742385864,33.32496473613238,0.9940040111541748,0.4758647165027483,0.001438736915588379,0.75<=A<0.85,1.1<=beta<1.4,0.75<=A<0.85 | 1.1<=beta<1.4,baseline_middle_50
236,311_0.75_0.62.png,311,0.75,0.62,400,400,24.470741179491565,0.9703649878501892,34.396499616919264,0.9953415393829346,36.01519432078301,0.996302604675293,1.6186947038637456,0.0009610652923583984,0.75<=A<0.85,beta<0.8,0.75<=A<0.85 | beta<0.8,baseline_middle_50
237,312_0.61_0.79.png,312,0.61,0.79,400,400,22.989587762197576,0.965768039226532,34.35612027155983,0.9950566291809082,33.954337478258864,0.995686411857605,-0.401782793300967,0.0006297826766967773,A<0.65,beta<0.8,A<0.65 | beta<0.8,baseline_middle_50
238,313_0.51_1.58.png,313,0.51,1.58,400,400,19.10233726728567,0.8681613206863403,26.336296252298016,0.9836242198944092,28.684577192660864,0.9864604473114014,2.348280940362848,0.0028362274169921875,A<0.65,1.4<=beta<1.7,A<0.65 | 1.4<=beta<1.7,baseline_weakest_25
239,314_0.99_1.61.png,314,0.99,1.61,400,400,12.11634840973549,0.7796101570129395,25.239425815205138,0.9754911661148071,27.706793381300162,0.9804586172103882,2.4673675660950245,0.004967451095581055,A>=0.95,1.4<=beta<1.7,A>=0.95 | 1.4<=beta<1.7,baseline_weakest_25
240,315_0.52_1.41.png,315,0.52,1.41,400,400,19.788147129655172,0.8859309554100037,27.391454102072007,0.985177755355835,29.479058819858466,0.9874902963638306,2.0876047177864585,0.0023125410079956055,A<0.65,1.4<=beta<1.7,A<0.65 | 1.4<=beta<1.7,baseline_weakest_25
241,316_0.91_0.85.png,316,0.91,0.85,400,400,17.748135842948077,0.9058454036712646,27.96238573080126,0.985380232334137,30.49174109345128,0.9893087148666382,2.5293553626500227,0.003928482532501221,0.85<=A<0.95,0.8<=beta<1.1,0.85<=A<0.95 | 0.8<=beta<1.1,baseline_weakest_25
242,317_0.74_1.28.png,317,0.74,1.28,400,400,13.865313247019227,0.7106910347938538,32.75361961246687,0.9724828004837036,31.894552228951166,0.9712792038917542,-0.8590673835157041,-0.0012035965919494629,0.65<=A<0.75,1.1<=beta<1.4,0.65<=A<0.75 | 1.1<=beta<1.4,baseline_middle_50
243,318_0.87_0.58.png,318,0.87,0.58,400,400,18.859488457667712,0.8423103094100952,34.27981909291341,0.9755030274391174,34.113486379390274,0.9799699187278748,-0.16633271352313272,0.004466891288757324,0.85<=A<0.95,beta<0.8,0.85<=A<0.95 | beta<0.8,baseline_middle_50
244,319_0.83_1.89.png,319,0.83,1.89,400,400,10.11481299368738,0.5767234563827515,30.406033420336552,0.9595181941986084,30.122669750331337,0.9607553482055664,-0.28336367000521534,0.0012371540069580078,0.75<=A<0.85,beta>=1.7,0.75<=A<0.85 | beta>=1.7,baseline_middle_50
245,31_0.58_0.89.png,31,0.58,0.89,400,400,17.630860952606596,0.8428229093551636,32.64665629669919,0.9818165898323059,32.018420256381226,0.9757217168807983,-0.6282360403179652,-0.006094872951507568,A<0.65,0.8<=beta<1.1,A<0.65 | 0.8<=beta<1.1,baseline_middle_50
246,320_0.75_1.18.png,320,0.75,1.18,400,400,14.37160910443141,0.7276062369346619,33.12918888731375,0.9737428426742554,32.352592582386286,0.9731404781341553,-0.776596304927466,-0.0006023645401000977,0.75<=A<0.85,1.1<=beta<1.4,0.75<=A<0.85 | 1.1<=beta<1.4,baseline_middle_50
247,321_0.93_1.28.png,321,0.93,1.28,400,400,13.694952533020174,0.8100565075874329,26.221979490886007,0.9768754839897156,27.067566787571078,0.9770915508270264,0.8455872966850713,0.00021606683731079102,0.85<=A<0.95,1.1<=beta<1.4,0.85<=A<0.95 | 1.1<=beta<1.4,baseline_weakest_25
248,322_0.95_0.58.png,322,0.95,0.58,400,400,18.727900961219746,0.9154198169708252,30.692584510320376,0.9874151349067688,32.08188485735651,0.9881406426429749,1.3893003470361371,0.0007255077362060547,A>=0.95,beta<0.8,A>=0.95 | beta<0.8,baseline_middle_50
249,323_0.82_1.16.png,323,0.82,1.16,400,400,15.620075613443255,0.84617018699646,28.395532845312708,0.981695830821991,28.135016415217326,0.980909526348114,-0.2605164300953824,-0.0007863044738769531,0.75<=A<0.85,1.1<=beta<1.4,0.75<=A<0.85 | 1.1<=beta<1.4,baseline_weakest_25
250,324_0.66_0.57.png,324,0.66,0.57,400,400,23.279614457031045,0.9492241144180298,34.40080179373051,0.9915633201599121,37.160138923961185,0.990743100643158,2.7593371302306764,-0.0008202195167541504,0.65<=A<0.75,beta<0.8,0.65<=A<0.75 | beta<0.8,baseline_middle_50
251,325_0.8_1.68.png,325,0.8,1.68,400,400,19.0440707995231,0.9225678443908691,26.928694129460983,0.9837234616279602,26.376105176977383,0.9844152927398682,-0.5525889524835996,0.000691831111907959,0.75<=A<0.85,1.4<=beta<1.7,0.75<=A<0.85 | 1.4<=beta<1.7,baseline_weakest_25
252,326_0.65_1.18.png,326,0.65,1.18,400,400,23.743551398594505,0.9674846529960632,28.43451631547976,0.9895919561386108,28.65238296162606,0.9910613298416138,0.21786664614629814,0.0014693737030029297,0.65<=A<0.75,1.1<=beta<1.4,0.65<=A<0.75 | 1.1<=beta<1.4,baseline_weakest_25
253,327_0.98_1.23.png,327,0.98,1.23,400,400,22.177247126289576,0.9465336203575134,28.951900542016208,0.9777548313140869,30.32787664951368,0.9839597344398499,1.375976107497472,0.0062049031257629395,A>=0.95,1.1<=beta<1.4,A>=0.95 | 1.1<=beta<1.4,baseline_middle_50
254,328_0.77_1.67.png,328,0.77,1.67,400,400,19.639873536799996,0.9294313192367554,26.54186441755805,0.9835195541381836,26.40766475543402,0.9845751523971558,-0.13419966212402912,0.001055598258972168,0.75<=A<0.85,1.4<=beta<1.7,0.75<=A<0.85 | 1.4<=beta<1.7,baseline_weakest_25
255,329_0.81_1.47.png,329,0.81,1.47,400,400,13.076849409120154,0.8523697853088379,24.97950516100257,0.9596611857414246,26.472196587461525,0.9720154404640198,1.4926914264589541,0.012354254722595215,0.75<=A<0.85,1.4<=beta<1.7,0.75<=A<0.85 | 1.4<=beta<1.7,baseline_weakest_25
256,32_0.6_1.67.png,32,0.6,1.67,400,400,11.761349697128033,0.7090536952018738,28.651142747496188,0.9682031869888306,28.620837064475214,0.962354838848114,-0.030305683020973362,-0.005848348140716553,A<0.65,1.4<=beta<1.7,A<0.65 | 1.4<=beta<1.7,baseline_weakest_25
257,330_0.6_0.81.png,330,0.6,0.81,400,400,22.546907776983886,0.9673973321914673,26.19280206039006,0.9708859324455261,27.821370345897108,0.980357825756073,1.628568285507047,0.009471893310546875,A<0.65,0.8<=beta<1.1,A<0.65 | 0.8<=beta<1.1,baseline_weakest_25
258,331_0.72_0.9.png,331,0.72,0.9,400,400,18.492727116911528,0.943091094493866,25.862498269842682,0.9680233001708984,27.947105108112215,0.9799084663391113,2.084606838269533,0.01188516616821289,0.65<=A<0.75,0.8<=beta<1.1,0.65<=A<0.75 | 0.8<=beta<1.1,baseline_weakest_25
259,332_0.82_1.48.png,332,0.82,1.48,400,400,12.86470093842879,0.8483876585960388,24.99463266717026,0.9599518179893494,26.247092242749037,0.9710366129875183,1.2524595755787757,0.011084794998168945,0.75<=A<0.85,1.4<=beta<1.7,0.75<=A<0.85 | 1.4<=beta<1.7,baseline_weakest_25
260,333_0.76_0.55.png,333,0.76,0.55,400,400,24.20216529108972,0.9743006825447083,30.664462416040617,0.9930383563041687,30.93320549135796,0.9937885403633118,0.2687430753173423,0.0007501840591430664,0.75<=A<0.85,beta<0.8,0.75<=A<0.85 | beta<0.8,baseline_middle_50
261,334_0.93_1.76.png,334,0.93,1.76,400,400,12.226401614874845,0.8204980492591858,24.79438343776944,0.9717795848846436,26.183162758185734,0.9781583547592163,1.388779320416294,0.006378769874572754,0.85<=A<0.95,beta>=1.7,0.85<=A<0.95 | beta>=1.7,baseline_weakest_25
262,335_1.0_1.88.png,335,1.0,1.88,400,400,11.291863869394687,0.7956492304801941,24.982981576212012,0.9691615104675293,26.06304537498891,0.9736523032188416,1.080063798776898,0.004490792751312256,A>=0.95,beta>=1.7,A>=0.95 | beta>=1.7,baseline_weakest_25
263,336_0.94_1.46.png,336,0.94,1.46,400,400,13.686080784747281,0.8548880815505981,25.36506375258599,0.9752384424209595,26.708873396237273,0.9806753993034363,1.3438096436512836,0.005436956882476807,0.85<=A<0.95,1.4<=beta<1.7,0.85<=A<0.95 | 1.4<=beta<1.7,baseline_weakest_25
264,337_0.72_1.65.png,337,0.72,1.65,400,400,10.583609491609185,0.5935299396514893,31.310625484788286,0.9767882823944092,29.890958362569208,0.970212996006012,-1.419667122219078,-0.006575286388397217,0.65<=A<0.75,1.4<=beta<1.7,0.65<=A<0.75 | 1.4<=beta<1.7,baseline_middle_50
265,338_0.99_1.37.png,338,0.99,1.37,400,400,9.249937074080904,0.570411205291748,30.595328277552525,0.9721394777297974,29.349349103305187,0.9611661434173584,-1.2459791742473385,-0.010973334312438965,A>=0.95,1.1<=beta<1.4,A>=0.95 | 1.1<=beta<1.4,baseline_middle_50
266,339_0.64_1.47.png,339,0.64,1.47,400,400,12.692862497532913,0.6573128700256348,31.884995989966498,0.982110857963562,29.231574950079814,0.975071907043457,-2.653421039886684,-0.0070389509201049805,A<0.65,1.4<=beta<1.7,A<0.65 | 1.4<=beta<1.7,baseline_middle_50
267,33_0.55_1.75.png,33,0.55,1.75,400,400,19.046591394530495,0.9444438219070435,23.897222814770803,0.9807096719741821,22.74812680921883,0.9791603088378906,-1.1490960055519714,-0.001549363136291504,A<0.65,beta>=1.7,A<0.65 | beta>=1.7,baseline_weakest_25
268,340_0.55_0.55.png,340,0.55,0.55,400,400,23.546080084502513,0.8946681022644043,33.098780564647456,0.9885886907577515,32.21978725995346,0.9845736026763916,-0.8789933046939922,-0.004015088081359863,A<0.65,beta<0.8,A<0.65 | beta<0.8,baseline_middle_50
269,341_0.68_1.62.png,341,0.68,1.62,400,400,13.656097190678988,0.7945029139518738,25.435250663661144,0.9711721539497375,24.199807508079175,0.9668821692466736,-1.2354431555819687,-0.004289984703063965,0.65<=A<0.75,1.4<=beta<1.7,0.65<=A<0.75 | 1.4<=beta<1.7,baseline_weakest_25
270,342_0.96_1.08.png,342,0.96,1.08,400,400,10.882031304434673,0.7743873000144958,26.576584985425274,0.9769147038459778,24.47943682573108,0.9690414071083069,-2.0971481596941928,-0.007873296737670898,A>=0.95,0.8<=beta<1.1,A>=0.95 | 0.8<=beta<1.1,baseline_weakest_25
271,343_0.83_1.07.png,343,0.83,1.07,400,400,12.93274230415195,0.8126692175865173,26.053747788305607,0.9770756363868713,25.98755078406953,0.9752498865127563,-0.0661970042360771,-0.0018257498741149902,0.75<=A<0.85,0.8<=beta<1.1,0.75<=A<0.85 | 0.8<=beta<1.1,baseline_weakest_25
272,344_0.82_1.51.png,344,0.82,1.51,400,400,11.354840427881081,0.7608848214149475,23.92449850997391,0.9661316275596619,23.340674600525013,0.9622398018836975,-0.5838239094488955,-0.0038918256759643555,0.75<=A<0.85,1.4<=beta<1.7,0.75<=A<0.85 | 1.4<=beta<1.7,baseline_weakest_25
273,345_0.98_1.02.png,345,0.98,1.02,400,400,18.636735397397082,0.9189393520355225,24.707974377729105,0.9703105092048645,24.685543578848236,0.9710153937339783,-0.022430798880868963,0.0007048845291137695,A>=0.95,0.8<=beta<1.1,A>=0.95 | 0.8<=beta<1.1,baseline_weakest_25
274,346_0.77_1.92.png,346,0.77,1.92,400,400,13.83716055787657,0.8172554969787598,23.98239245943733,0.9643730521202087,23.455257806113007,0.9604384303092957,-0.5271346533243246,-0.003934621810913086,0.75<=A<0.85,beta>=1.7,0.75<=A<0.85 | beta>=1.7,baseline_weakest_25
275,347_0.92_1.53.png,347,0.92,1.53,400,400,14.110963806120525,0.8311777710914612,23.83662324768889,0.9661536812782288,24.21040989740229,0.9676600098609924,0.3737866497133986,0.0015063285827636719,0.85<=A<0.95,1.4<=beta<1.7,0.85<=A<0.95 | 1.4<=beta<1.7,baseline_weakest_25
276,348_0.72_1.07.png,348,0.72,1.07,400,400,22.703545045758315,0.9552996158599854,25.417957806547854,0.9711907505989075,25.419212035598576,0.9732289910316467,0.0012542290507226994,0.002038240432739258,0.65<=A<0.75,0.8<=beta<1.1,0.65<=A<0.75 | 0.8<=beta<1.1,baseline_weakest_25
277,349_0.53_1.85.png,349,0.53,1.85,400,400,15.046115217138523,0.8642687797546387,28.258711274928814,0.9859843850135803,29.131313266356344,0.9887306690216064,0.8726019914275298,0.002746284008026123,A<0.65,beta>=1.7,A<0.65 | beta>=1.7,baseline_weakest_25
278,34_0.77_1.56.png,34,0.77,1.56,400,400,19.268034579017183,0.9454007744789124,26.90279891510724,0.9820715188980103,26.54037886612683,0.9806358814239502,-0.362420048980411,-0.0014356374740600586,0.75<=A<0.85,1.4<=beta<1.7,0.75<=A<0.85 | 1.4<=beta<1.7,baseline_weakest_25
279,350_0.84_1.87.png,350,0.84,1.87,400,400,12.693985407189622,0.8180069327354431,28.267334066696385,0.9866047501564026,28.499619582162655,0.9875782132148743,0.23228551546626974,0.0009734630584716797,0.75<=A<0.85,beta>=1.7,0.75<=A<0.85 | beta>=1.7,baseline_weakest_25
280,351_0.75_1.19.png,351,0.75,1.19,400,400,16.47301633664753,0.8998492360115051,32.115995119160196,0.9923023581504822,32.13073184283124,0.9932488203048706,0.014736723671042284,0.0009464621543884277,0.75<=A<0.85,1.1<=beta<1.4,0.75<=A<0.85 | 1.1<=beta<1.4,baseline_middle_50
281,352_0.87_0.77.png,352,0.87,0.77,400,400,18.951031446000044,0.9343131184577942,34.28153489560636,0.9947837591171265,32.51689960935356,0.995245099067688,-1.7646352862528047,0.00046133995056152344,0.85<=A<0.95,beta<0.8,0.85<=A<0.95 | beta<0.8,baseline_middle_50
282,353_0.53_1.07.png,353,0.53,1.07,400,400,21.728954609035505,0.9530631899833679,31.712400042330103,0.98833167552948,33.93478442087215,0.9913806319236755,2.2223843785420456,0.0030489563941955566,A<0.65,0.8<=beta<1.1,A<0.65 | 0.8<=beta<1.1,baseline_middle_50
283,354_0.98_1.12.png,354,0.98,1.12,400,400,15.684125662967027,0.8976887464523315,28.46894093803325,0.9896605014801025,28.32353122896948,0.9906045198440552,-0.14540970906377026,0.0009440183639526367,A>=0.95,1.1<=beta<1.4,A>=0.95 | 1.1<=beta<1.4,baseline_weakest_25
284,355_0.83_0.96.png,355,0.83,0.96,400,400,18.80043231619851,0.934213399887085,30.91117094244996,0.9918462634086609,30.960013955455466,0.9928621649742126,0.04884301300550575,0.0010159015655517578,0.75<=A<0.85,0.8<=beta<1.1,0.75<=A<0.85 | 0.8<=beta<1.1,baseline_middle_50
285,356_0.67_0.95.png,356,0.67,0.95,400,400,21.218205425087007,0.9506170749664307,32.60691633892722,0.9909619688987732,34.34158216773379,0.9933019280433655,1.7346658288065697,0.002339959144592285,0.65<=A<0.75,0.8<=beta<1.1,0.65<=A<0.75 | 0.8<=beta<1.1,baseline_middle_50
286,357_0.86_1.37.png,357,0.86,1.37,400,400,14.573388211928055,0.9153630137443542,19.793031659784713,0.954980731010437,20.76343430804097,0.9599021673202515,0.9704026482562575,0.004921436309814453,0.85<=A<0.95,1.1<=beta<1.4,0.85<=A<0.95 | 1.1<=beta<1.4,baseline_weakest_25
287,358_0.68_1.38.png,358,0.68,1.38,400,400,16.7294068025262,0.9328230023384094,22.641306608783513,0.9713700413703918,22.348140804904,0.9680690765380859,-0.2931658038795142,-0.003300964832305908,0.65<=A<0.75,1.1<=beta<1.4,0.65<=A<0.75 | 1.1<=beta<1.4,baseline_weakest_25
288,359_0.5_1.58.png,359,0.5,1.58,400,400,15.344539411090025,0.929787278175354,19.469002459005903,0.9716751575469971,17.427511564618218,0.9617263078689575,-2.0414908943876853,-0.00994884967803955,A<0.65,1.4<=beta<1.7,A<0.65 | 1.4<=beta<1.7,baseline_weakest_25
289,35_0.77_1.43.png,35,0.77,1.43,400,400,19.97116362030329,0.9519566297531128,27.29468744316808,0.9832700490951538,26.553026395146993,0.9811135530471802,-0.7416610480210863,-0.002156496047973633,0.75<=A<0.85,1.4<=beta<1.7,0.75<=A<0.85 | 1.4<=beta<1.7,baseline_weakest_25
290,360_0.87_0.88.png,360,0.87,0.88,400,400,16.858518548872347,0.9397175908088684,21.399139371888545,0.965234637260437,23.765025295459044,0.9745895862579346,2.3658859235704988,0.009354948997497559,0.85<=A<0.95,0.8<=beta<1.1,0.85<=A<0.95 | 0.8<=beta<1.1,baseline_weakest_25
291,361_0.51_1.62.png,361,0.51,1.62,400,400,12.426325418382953,0.8163831830024719,19.01798381227397,0.9504745006561279,16.991828569444344,0.9374450445175171,-2.0261552428296277,-0.01302945613861084,A<0.65,1.4<=beta<1.7,A<0.65 | 1.4<=beta<1.7,baseline_weakest_25
292,362_0.82_0.88.png,362,0.82,0.88,400,400,21.12589718404218,0.9509037733078003,21.95986302399961,0.961650013923645,21.671425460055815,0.9614050984382629,-0.28843756394379483,-0.0002449154853820801,0.75<=A<0.85,0.8<=beta<1.1,0.75<=A<0.85 | 0.8<=beta<1.1,baseline_weakest_25
293,363_0.56_0.51.png,363,0.56,0.51,400,400,19.980772641166183,0.9812355637550354,21.199384573897902,0.9610360264778137,21.10428907922134,0.9600978493690491,-0.09509549467656342,-0.0009381771087646484,A<0.65,beta<0.8,A<0.65 | beta<0.8,baseline_weakest_25
294,364_0.98_0.89.png,364,0.98,0.89,400,400,18.390896351550378,0.9374829530715942,21.781327391020614,0.9593440890312195,22.31238199169782,0.9645166993141174,0.531054600677205,0.005172610282897949,A>=0.95,0.8<=beta<1.1,A>=0.95 | 0.8<=beta<1.1,baseline_weakest_25
295,365_0.71_0.69.png,365,0.71,0.69,400,400,18.26705113619767,0.8809755444526672,27.041267082663527,0.9687601923942566,27.43575370490877,0.96748948097229,0.39448662224524256,-0.0012707114219665527,0.65<=A<0.75,beta<0.8,0.65<=A<0.75 | beta<0.8,baseline_weakest_25
296,366_0.54_0.64.png,366,0.54,0.64,400,400,21.075906342761886,0.9148434400558472,27.266647214072925,0.9711413383483887,27.397679366538267,0.9692137241363525,0.13103215246534106,-0.0019276142120361328,A<0.65,beta<0.8,A<0.65 | beta<0.8,baseline_weakest_25
297,367_0.88_0.72.png,367,0.88,0.72,400,400,16.148286446631314,0.8508396148681641,26.310992526353274,0.9645542502403259,27.16416641456032,0.9668120741844177,0.8531738882070456,0.002257823944091797,0.85<=A<0.95,beta<0.8,0.85<=A<0.95 | beta<0.8,baseline_weakest_25
298,368_0.79_1.95.png,368,0.79,1.95,400,400,10.26665914223678,0.6567432284355164,22.413439047852528,0.9320337772369385,24.095002644401696,0.9458490610122681,1.681563596549168,0.01381528377532959,0.75<=A<0.85,beta>=1.7,0.75<=A<0.85 | beta>=1.7,baseline_weakest_25
299,369_0.55_1.18.png,369,0.55,1.18,400,400,17.68014987208549,0.8936208486557007,31.999362068372864,0.9877010583877563,32.575327964701856,0.986970067024231,0.5759658963289915,-0.0007309913635253906,A<0.65,1.1<=beta<1.4,A<0.65 | 1.1<=beta<1.4,baseline_middle_50
300,36_0.83_1.99.png,36,0.83,1.99,400,400,16.97057375876549,0.9200527667999268,26.605742224424365,0.9780562520027161,24.941921958241274,0.9723336100578308,-1.663820266183091,-0.005722641944885254,0.75<=A<0.85,beta>=1.7,0.75<=A<0.85 | beta>=1.7,baseline_weakest_25
301,370_0.7_0.68.png,370,0.7,0.68,400,400,18.561622426366213,0.9271594882011414,35.011033462873726,0.9924419522285461,33.86201956799585,0.9892743825912476,-1.149013894877875,-0.003167569637298584,0.65<=A<0.75,beta<0.8,0.65<=A<0.75 | beta<0.8,baseline_middle_50
302,371_0.52_1.3.png,371,0.52,1.3,400,400,17.66363390903098,0.8863864541053772,30.74513056005697,0.9857389330863953,31.046998530421934,0.9855891466140747,0.30186797036496316,-0.00014978647232055664,A<0.65,1.1<=beta<1.4,A<0.65 | 1.1<=beta<1.4,baseline_middle_50
303,372_0.98_1.7.png,372,0.98,1.7,400,400,10.623100887243108,0.7671210765838623,28.01592630547369,0.9790785908699036,28.32324289545781,0.9773682951927185,0.3073165899841186,-0.0017102956771850586,A>=0.95,beta>=1.7,A>=0.95 | beta>=1.7,baseline_weakest_25
304,373_0.53_1.07.png,373,0.53,1.07,400,400,16.59601172185763,0.8739057183265686,28.034479343160758,0.9754936099052429,23.74936914651514,0.9598010778427124,-4.285110196645618,-0.015692532062530518,A<0.65,0.8<=beta<1.1,A<0.65 | 0.8<=beta<1.1,baseline_weakest_25
305,374_0.52_1.1.png,374,0.52,1.1,400,400,16.37046772014953,0.8700515627861023,28.20524558363757,0.9758496284484863,23.600777527739368,0.9591777324676514,-4.604468055898202,-0.01667189598083496,A<0.65,1.1<=beta<1.4,A<0.65 | 1.1<=beta<1.4,baseline_weakest_25
306,375_0.88_0.76.png,375,0.88,0.76,400,400,16.17326971888412,0.8776304721832275,28.285941025225018,0.9731466174125671,25.9342772519665,0.96375572681427,-2.351663773258519,-0.00939089059829712,0.85<=A<0.95,beta<0.8,0.85<=A<0.95 | beta<0.8,baseline_weakest_25
307,376_0.67_0.58.png,376,0.67,0.58,400,400,20.583898004965263,0.9359725117683411,28.405472630745873,0.9750242233276367,25.848930413127967,0.9678910374641418,-2.5565422176179062,-0.007133185863494873,0.65<=A<0.75,beta<0.8,0.65<=A<0.75 | beta<0.8,baseline_weakest_25
308,377_0.53_0.92.png,377,0.53,0.92,400,400,20.90124628552164,0.9820795655250549,24.285959821642614,0.9707807302474976,25.335606360750397,0.9725511074066162,1.0496465391077834,0.0017703771591186523,A<0.65,0.8<=beta<1.1,A<0.65 | 0.8<=beta<1.1,baseline_weakest_25
309,378_0.74_1.24.png,378,0.74,1.24,400,400,19.996131867935038,0.9424132704734802,23.606942930301862,0.971096932888031,22.766973684756255,0.967843234539032,-0.8399692455456069,-0.0032536983489990234,0.65<=A<0.75,1.1<=beta<1.4,0.65<=A<0.75 | 1.1<=beta<1.4,baseline_weakest_25
310,379_0.54_1.57.png,379,0.54,1.57,400,400,17.531464342100964,0.9452162384986877,24.005040850516313,0.9696118831634521,26.02001154889734,0.974999189376831,2.0149706983810276,0.005387306213378906,A<0.65,1.4<=beta<1.7,A<0.65 | 1.4<=beta<1.7,baseline_weakest_25
311,37_0.76_1.34.png,37,0.76,1.34,400,400,13.913368878091728,0.8310230374336243,31.23019564471043,0.9866136908531189,30.29510939480263,0.985741138458252,-0.9350862499078012,-0.0008725523948669434,0.75<=A<0.85,1.1<=beta<1.4,0.75<=A<0.85 | 1.1<=beta<1.4,baseline_middle_50
312,380_0.53_1.36.png,380,0.53,1.36,400,400,18.306467459585157,0.9615881443023682,23.795763930973706,0.9680262207984924,25.809065239224566,0.9742574095726013,2.0133013082508597,0.006231188774108887,A<0.65,1.1<=beta<1.4,A<0.65 | 1.1<=beta<1.4,baseline_weakest_25
313,381_0.63_1.38.png,381,0.63,1.38,400,400,18.184996464933143,0.8770421147346497,33.73818847365373,0.9943380355834961,31.828948280693634,0.992788553237915,-1.9092401929600946,-0.0015494823455810547,A<0.65,1.1<=beta<1.4,A<0.65 | 1.1<=beta<1.4,baseline_middle_50
314,382_0.53_1.12.png,382,0.53,1.12,400,400,20.384501445234203,0.9195266366004944,31.40462642231845,0.9943963885307312,30.351237718159165,0.9933114051818848,-1.0533887041592855,-0.0010849833488464355,A<0.65,1.1<=beta<1.4,A<0.65 | 1.1<=beta<1.4,baseline_middle_50
315,383_0.62_1.77.png,383,0.62,1.77,400,400,16.897657950411336,0.8283949494361877,31.657930809643858,0.9924800395965576,29.94493018459933,0.9908214211463928,-1.713000625044529,-0.001658618450164795,A<0.65,beta>=1.7,A<0.65 | beta>=1.7,baseline_middle_50
316,384_0.97_0.82.png,384,0.97,0.82,400,400,17.152186468044675,0.9052150249481201,34.28112908398497,0.9944108128547668,34.38954483161582,0.9945580959320068,0.10841574763085049,0.00014728307723999023,A>=0.95,0.8<=beta<1.1,A>=0.95 | 0.8<=beta<1.1,baseline_middle_50
317,385_0.84_1.99.png,385,0.84,1.99,400,400,11.752313474843238,0.8113180994987488,24.705347858386247,0.9762887954711914,23.920179786324898,0.9706642627716064,-0.7851680720613494,-0.005624532699584961,0.75<=A<0.85,beta>=1.7,0.75<=A<0.85 | beta>=1.7,baseline_weakest_25
318,386_0.96_1.55.png,386,0.96,1.55,400,400,12.725551095255662,0.8420544266700745,24.5444172517983,0.9775158166885376,23.515433470203565,0.9719831943511963,-1.0289837815947358,-0.005532622337341309,A>=0.95,1.4<=beta<1.7,A>=0.95 | 1.4<=beta<1.7,baseline_weakest_25
319,387_0.66_1.81.png,387,0.66,1.81,400,400,14.554690728566397,0.8709344863891602,26.975463164087632,0.9844777584075928,26.22454257187509,0.9789609313011169,-0.750920592212541,-0.00551682710647583,0.65<=A<0.75,beta>=1.7,0.65<=A<0.75 | beta>=1.7,baseline_weakest_25
320,388_0.55_0.83.png,388,0.55,0.83,400,400,25.489649975766177,0.9746298789978027,29.15419582913733,0.9910951852798462,27.31905725276205,0.9890789985656738,-1.8351385763752788,-0.0020161867141723633,A<0.65,0.8<=beta<1.1,A<0.65 | 0.8<=beta<1.1,baseline_middle_50
321,389_0.75_1.27.png,389,0.75,1.27,400,400,14.860442583942021,0.8151103854179382,21.047499654541507,0.9582066535949707,23.25935427874144,0.9689921140670776,2.2118546241999333,0.010785460472106934,0.75<=A<0.85,1.1<=beta<1.4,0.75<=A<0.85 | 1.1<=beta<1.4,baseline_weakest_25
322,38_0.87_1.94.png,38,0.87,1.94,400,400,9.985564697530947,0.7143183946609497,28.14393496768899,0.973473846912384,28.14073622878597,0.9741789102554321,-0.0031987389030199154,0.0007050633430480957,0.85<=A<0.95,beta>=1.7,0.85<=A<0.95 | beta>=1.7,baseline_weakest_25
323,390_0.55_1.07.png,390,0.55,1.07,400,400,21.00829378372663,0.8891355395317078,18.88683467708266,0.9337906241416931,28.349737664623333,0.9823694229125977,9.462902987540673,0.04857879877090454,A<0.65,0.8<=beta<1.1,A<0.65 | 0.8<=beta<1.1,baseline_weakest_25
324,391_0.87_1.8.png,391,0.87,1.8,400,400,10.82386441146239,0.7010100483894348,22.819361183992058,0.9673031568527222,21.863876538008586,0.9651808738708496,-0.9554846459834714,-0.0021222829818725586,0.85<=A<0.95,beta>=1.7,0.85<=A<0.95 | beta>=1.7,baseline_weakest_25
325,392_0.97_1.81.png,392,0.97,1.81,400,400,9.420816134218077,0.6763436198234558,23.289442148365964,0.9701151847839355,22.07354763935122,0.9664121270179749,-1.2158945090147455,-0.0037030577659606934,A>=0.95,beta>=1.7,A>=0.95 | beta>=1.7,baseline_weakest_25
326,393_0.8_0.84.png,393,0.8,0.84,400,400,17.648730881059212,0.8119093775749207,33.572446681777166,0.9873319864273071,31.769298529733845,0.9869758486747742,-1.8031481520433204,-0.000356137752532959,0.75<=A<0.85,0.8<=beta<1.1,0.75<=A<0.85 | 0.8<=beta<1.1,baseline_middle_50
327,394_0.79_0.57.png,394,0.79,0.57,400,400,20.737346197797155,0.8641012907028198,34.803523359861046,0.9898244738578796,34.30570695344521,0.9912827014923096,-0.49781640641583635,0.0014582276344299316,0.75<=A<0.85,beta<0.8,0.75<=A<0.85 | beta<0.8,baseline_middle_50
328,395_0.95_1.58.png,395,0.95,1.58,400,400,12.231045596442113,0.6859041452407837,30.603470548845856,0.9709238409996033,27.407217145482427,0.9698617458343506,-3.1962534033634284,-0.0010620951652526855,A>=0.95,1.4<=beta<1.7,A>=0.95 | 1.4<=beta<1.7,baseline_middle_50
329,396_0.76_1.73.png,396,0.76,1.73,400,400,12.73751216458609,0.6931975483894348,30.776494985995832,0.9745245575904846,28.27727512689976,0.9725494980812073,-2.4992198590960726,-0.0019750595092773438,0.75<=A<0.85,beta>=1.7,0.75<=A<0.85 | beta>=1.7,baseline_middle_50
330,397_0.61_1.53.png,397,0.61,1.53,400,400,11.84394417789677,0.7722338438034058,26.78790560725804,0.9759451150894165,27.292995316881125,0.9773940443992615,0.5050897096230855,0.0014489293098449707,A<0.65,1.4<=beta<1.7,A<0.65 | 1.4<=beta<1.7,baseline_weakest_25
331,398_0.78_1.13.png,398,0.78,1.13,400,400,12.685126136956066,0.7992040514945984,28.05899227876131,0.9785976409912109,28.03435683606649,0.977003276348114,-0.02463544269481943,-0.0015943646430969238,0.75<=A<0.85,1.1<=beta<1.4,0.75<=A<0.85 | 1.1<=beta<1.4,baseline_weakest_25
332,399_0.98_1.03.png,399,0.98,1.03,400,400,12.806627508369651,0.7957687973976135,28.062328751819564,0.9759654998779297,28.56322409929767,0.9776746034622192,0.5008953474781066,0.0017091035842895508,A>=0.95,0.8<=beta<1.1,A>=0.95 | 0.8<=beta<1.1,baseline_weakest_25
333,39_0.78_1.14.png,39,0.78,1.14,400,400,15.371924117259631,0.8625192642211914,31.255177779275087,0.9870772361755371,30.228609445278547,0.9858904480934143,-1.02656833399654,-0.0011867880821228027,0.75<=A<0.85,1.1<=beta<1.4,0.75<=A<0.85 | 1.1<=beta<1.4,baseline_middle_50
334,3_0.5_0.82.png,3,0.5,0.82,400,400,21.02989028631218,0.8813179731369019,33.16380043134642,0.9913126230239868,34.674331351689254,0.9929448962211609,1.5105309203428376,0.0016322731971740723,A<0.65,0.8<=beta<1.1,A<0.65 | 0.8<=beta<1.1,baseline_middle_50
335,400_0.77_1.32.png,400,0.77,1.32,400,400,11.781104175514926,0.7744696736335754,27.502158409097422,0.9750808477401733,28.36189792754829,0.9767386317253113,0.8597395184508692,0.0016577839851379395,0.75<=A<0.85,1.1<=beta<1.4,0.75<=A<0.85 | 1.1<=beta<1.4,baseline_weakest_25
336,401_0.7_0.6.png,401,0.7,0.6,400,400,16.708937376903375,0.6786662936210632,39.43238108028834,0.9816672205924988,36.53289898833997,0.9788500070571899,-2.8994820919483644,-0.002817213535308838,0.65<=A<0.75,beta<0.8,0.65<=A<0.75 | beta<0.8,baseline_strongest_25
337,402_0.5_1.99.png,402,0.5,1.99,400,400,11.195037258434903,0.47856464982032776,27.379240702346085,0.9560534358024597,20.6244185899042,0.9318709969520569,-6.754822112441886,-0.024182438850402832,A<0.65,beta>=1.7,A<0.65 | beta>=1.7,baseline_weakest_25
338,403_0.91_0.7.png,403,0.91,0.7,400,400,13.133070809669134,0.5947240591049194,37.12945024253797,0.9743080735206604,35.1305824944945,0.9743867516517639,-1.9988677480434731,7.867813110351562e-05,0.85<=A<0.95,beta<0.8,0.85<=A<0.95 | beta<0.8,baseline_strongest_25
339,404_0.71_1.78.png,404,0.71,1.78,400,400,9.260857951496359,0.4456545114517212,31.83067729498456,0.9560597538948059,33.217237016561455,0.9518895149230957,1.3865597215768943,-0.004170238971710205,0.65<=A<0.75,beta>=1.7,0.65<=A<0.75 | beta>=1.7,baseline_middle_50
340,405_0.73_1.88.png,405,0.73,1.88,400,400,12.23833997913604,0.7252489924430847,30.942727933805774,0.9855528473854065,31.82644843731568,0.9864863157272339,0.883720503509906,0.0009334683418273926,0.65<=A<0.75,beta>=1.7,0.65<=A<0.75 | beta>=1.7,baseline_middle_50
341,406_0.86_1.52.png,406,0.86,1.52,400,400,11.84720369705725,0.7475813627243042,30.458972586735964,0.9852946996688843,31.17622497207861,0.9871846437454224,0.7172523853426469,0.001889944076538086,0.85<=A<0.95,1.4<=beta<1.7,0.85<=A<0.95 | 1.4<=beta<1.7,baseline_middle_50
342,407_0.68_1.96.png,407,0.68,1.96,400,400,12.779635408985737,0.7306291460990906,31.63037233101269,0.9861128926277161,32.05587939870338,0.9865327477455139,0.4255070676906918,0.00041985511779785156,0.65<=A<0.75,beta>=1.7,0.65<=A<0.75 | beta>=1.7,baseline_middle_50
343,408_0.56_1.7.png,408,0.56,1.7,400,400,16.509235002571792,0.824329674243927,35.32151881408686,0.9907832145690918,33.702547064456,0.9894828200340271,-1.6189717496308589,-0.0013003945350646973,A<0.65,beta>=1.7,A<0.65 | beta>=1.7,baseline_middle_50
344,409_0.54_1.68.png,409,0.54,1.68,400,400,14.185440358934848,0.7710492014884949,23.153925733216468,0.9763720035552979,23.69047399531411,0.9777700901031494,0.536548262097643,0.0013980865478515625,A<0.65,1.4<=beta<1.7,A<0.65 | 1.4<=beta<1.7,baseline_weakest_25
345,40_0.96_1.08.png,40,0.96,1.08,400,400,14.163842416588777,0.8330597281455994,28.899272593631053,0.9816762208938599,28.263724184577303,0.9801722764968872,-0.6355484090537509,-0.0015039443969726562,A>=0.95,0.8<=beta<1.1,A>=0.95 | 0.8<=beta<1.1,baseline_middle_50
346,410_0.98_1.98.png,410,0.98,1.98,400,400,8.55170975174611,0.635169267654419,20.190950889408974,0.9637882709503174,19.56339914213427,0.9647142291069031,-0.6275517472747048,0.0009259581565856934,A>=0.95,beta>=1.7,A>=0.95 | beta>=1.7,baseline_weakest_25
347,411_0.76_1.73.png,411,0.76,1.73,400,400,11.281655854465292,0.7115141749382019,22.044421494525906,0.9740475416183472,23.490488770497734,0.9777510762214661,1.4460672759718278,0.0037035346031188965,0.75<=A<0.85,beta>=1.7,0.75<=A<0.85 | beta>=1.7,baseline_weakest_25
348,412_0.52_0.64.png,412,0.52,0.64,400,400,21.614408213214723,0.931384801864624,27.5401945486998,0.990332305431366,31.89850703876924,0.9932965040206909,4.358312490069437,0.002964198589324951,A<0.65,beta<0.8,A<0.65 | beta<0.8,baseline_weakest_25
349,413_0.65_1.48.png,413,0.65,1.48,400,400,20.315305758225453,0.9260755181312561,30.254900669098834,0.9907118678092957,29.311718491072696,0.9867361187934875,-0.943182178026138,-0.0039757490158081055,0.65<=A<0.75,1.4<=beta<1.7,0.65<=A<0.75 | 1.4<=beta<1.7,baseline_middle_50
350,414_0.58_1.54.png,414,0.58,1.54,400,400,19.323334242508995,0.9274530410766602,29.93125776705943,0.9906612634658813,28.715358486038774,0.9861778616905212,-1.2158992810206577,-0.004483401775360107,A<0.65,1.4<=beta<1.7,A<0.65 | 1.4<=beta<1.7,baseline_middle_50
351,415_0.56_1.96.png,415,0.56,1.96,400,400,17.348032316655587,0.8914294838905334,28.382883412746068,0.9885786771774292,30.901958184980852,0.9852575659751892,2.5190747722347844,-0.0033211112022399902,A<0.65,beta>=1.7,A<0.65 | beta>=1.7,baseline_weakest_25
352,416_0.95_0.59.png,416,0.95,0.59,400,400,23.946655531955052,0.9676700234413147,30.512138936929837,0.9898898601531982,30.76933285429409,0.990157425403595,0.25719391736425123,0.0002675652503967285,A>=0.95,beta<0.8,A>=0.95 | beta<0.8,baseline_middle_50
353,417_0.88_1.82.png,417,0.88,1.82,400,400,15.47770556453174,0.8781123757362366,30.535259838859012,0.9835743308067322,30.60156776147827,0.9846594929695129,0.06630792261925933,0.0010851621627807617,0.85<=A<0.95,beta>=1.7,0.85<=A<0.95 | beta>=1.7,baseline_middle_50
354,418_0.98_0.77.png,418,0.98,0.77,400,400,19.302317971493117,0.9494767189025879,31.948426408373095,0.9923439025878906,29.70472273120396,0.9917953014373779,-2.243703677169133,-0.0005486011505126953,A>=0.95,beta<0.8,A>=0.95 | beta<0.8,baseline_middle_50
355,419_0.87_0.61.png,419,0.87,0.61,400,400,22.93869322480578,0.967881441116333,35.335272496243924,0.9937101602554321,34.636484704197,0.9935168623924255,-0.6987877920469217,-0.0001932978630065918,0.85<=A<0.95,beta<0.8,0.85<=A<0.95 | beta<0.8,baseline_middle_50
356,41_0.76_1.73.png,41,0.76,1.73,400,400,11.923216619883558,0.7030500173568726,28.21644336704498,0.9681312441825867,25.907718430041346,0.9567503333091736,-2.3087249370036353,-0.011380910873413086,0.75<=A<0.85,beta>=1.7,0.75<=A<0.85 | beta>=1.7,baseline_weakest_25
357,420_0.62_1.38.png,420,0.62,1.38,400,400,20.32459395221856,0.9310217499732971,28.166143430856387,0.9884702563285828,31.531483228571915,0.9894540309906006,3.365339797715528,0.0009837746620178223,A<0.65,1.1<=beta<1.4,A<0.65 | 1.1<=beta<1.4,baseline_weakest_25
358,421_0.58_1.77.png,421,0.58,1.77,400,400,15.394678821062161,0.836327850818634,27.49650972153818,0.9859305024147034,27.35791935429024,0.9852160811424255,-0.13859036724794294,-0.000714421272277832,A<0.65,beta>=1.7,A<0.65 | beta>=1.7,baseline_weakest_25
359,422_0.65_0.92.png,422,0.65,0.92,400,400,19.222798187443757,0.9105566740036011,34.61863481757253,0.9941385388374329,30.245337482886313,0.9921618700027466,-4.373297334686214,-0.0019766688346862793,0.65<=A<0.75,0.8<=beta<1.1,0.65<=A<0.75 | 0.8<=beta<1.1,baseline_middle_50
360,423_0.81_1.79.png,423,0.81,1.79,400,400,12.322284837830482,0.793554425239563,31.71518251180112,0.9855236411094666,31.23374978553073,0.9841039180755615,-0.48143272627039124,-0.0014197230339050293,0.75<=A<0.85,beta>=1.7,0.75<=A<0.85 | beta>=1.7,baseline_middle_50
361,424_0.81_1.5.png,424,0.81,1.5,400,400,13.379180496023245,0.8219202160835266,34.84297217490354,0.9894130229949951,32.79051032044626,0.9885295629501343,-2.0524618544572775,-0.0008834600448608398,0.75<=A<0.85,1.4<=beta<1.7,0.75<=A<0.85 | 1.4<=beta<1.7,baseline_middle_50
362,425_0.95_1.73.png,425,0.95,1.73,400,400,10.719970157699423,0.6969814300537109,24.395846693383618,0.958823561668396,25.402067333928045,0.9669508934020996,1.0062206405444272,0.008127331733703613,A>=0.95,beta>=1.7,A>=0.95 | beta>=1.7,baseline_weakest_25
363,426_0.84_1.85.png,426,0.84,1.85,400,400,10.787796168720005,0.6968492269515991,25.612427699339957,0.9613521099090576,26.924725128738277,0.970446765422821,1.3122974293983205,0.009094655513763428,0.75<=A<0.85,beta>=1.7,0.75<=A<0.85 | beta>=1.7,baseline_weakest_25
364,427_0.69_0.58.png,427,0.69,0.58,400,400,19.516707817316444,0.9298052787780762,29.555351953544907,0.9803767204284668,29.399150439216356,0.9867944121360779,-0.15620151432855067,0.006417691707611084,0.65<=A<0.75,beta<0.8,0.65<=A<0.75 | beta<0.8,baseline_middle_50
365,428_0.92_0.82.png,428,0.92,0.82,400,400,14.991472803192682,0.8612902164459229,29.274017159208068,0.9764776229858398,30.109832103509714,0.9854844808578491,0.8358149443016458,0.009006857872009277,0.85<=A<0.95,0.8<=beta<1.1,0.85<=A<0.95 | 0.8<=beta<1.1,baseline_middle_50
366,429_0.52_1.11.png,429,0.52,1.11,400,400,24.93501520413343,0.9809380173683167,24.020519033606902,0.9761776924133301,23.509681478961358,0.979647159576416,-0.5108375546455441,0.0034694671630859375,A<0.65,1.1<=beta<1.4,A<0.65 | 1.1<=beta<1.4,baseline_weakest_25
367,42_0.58_1.34.png,42,0.58,1.34,400,400,14.826551014639215,0.7834385633468628,31.88514972327232,0.9770429730415344,29.062920967813227,0.9709047675132751,-2.8222287554590935,-0.006138205528259277,A<0.65,1.1<=beta<1.4,A<0.65 | 1.1<=beta<1.4,baseline_middle_50
368,430_0.66_1.24.png,430,0.66,1.24,400,400,25.99199215899487,0.9783449769020081,25.505373321913094,0.9838740229606628,25.857611870942286,0.9852533936500549,0.3522385490291917,0.0013793706893920898,0.65<=A<0.75,1.1<=beta<1.4,0.65<=A<0.75 | 1.1<=beta<1.4,baseline_weakest_25
369,431_0.86_1.86.png,431,0.86,1.86,400,400,15.61908813338087,0.9233854413032532,20.363237578330136,0.9634820222854614,21.80381369174232,0.970962643623352,1.4405761134121846,0.007480621337890625,0.85<=A<0.95,beta>=1.7,0.85<=A<0.95 | beta>=1.7,baseline_weakest_25
370,432_0.67_1.68.png,432,0.67,1.68,400,400,20.963874305788742,0.9615875482559204,25.855186695072348,0.9799556136131287,25.42889608072691,0.9815554022789001,-0.4262906143454366,0.0015997886657714844,0.65<=A<0.75,1.4<=beta<1.7,0.65<=A<0.75 | 1.4<=beta<1.7,baseline_weakest_25
371,433_0.95_1.27.png,433,0.95,1.27,400,400,10.892108998069807,0.7176221609115601,26.97849687802462,0.9539179801940918,25.314455270445926,0.9422606825828552,-1.664041607578696,-0.011657297611236572,A>=0.95,1.1<=beta<1.4,A>=0.95 | 1.1<=beta<1.4,baseline_weakest_25
372,434_0.56_1.76.png,434,0.56,1.76,400,400,15.301746633912906,0.7386762499809265,26.75994434661893,0.9644520282745361,24.91442800932767,0.951193630695343,-1.8455163372912615,-0.013258397579193115,A<0.65,beta>=1.7,A<0.65 | beta>=1.7,baseline_weakest_25
373,435_0.52_0.95.png,435,0.52,0.95,400,400,19.358936275635223,0.848691999912262,31.61810162757696,0.9838605523109436,30.73067742846382,0.9778162837028503,-0.8874241991131377,-0.006044268608093262,A<0.65,0.8<=beta<1.1,A<0.65 | 0.8<=beta<1.1,baseline_middle_50
374,436_0.98_1.16.png,436,0.98,1.16,400,400,11.035116426521206,0.7286959290504456,27.321756824282716,0.9586344361305237,25.363773602529236,0.944982647895813,-1.95798322175348,-0.013651788234710693,A>=0.95,1.1<=beta<1.4,A>=0.95 | 1.1<=beta<1.4,baseline_weakest_25
375,437_0.96_1.74.png,437,0.96,1.74,400,400,8.151726126580478,0.5185379981994629,30.728205980441004,0.983597457408905,32.09290142513643,0.9841411709785461,1.3646954446954283,0.0005437135696411133,A>=0.95,beta>=1.7,A>=0.95 | beta>=1.7,baseline_middle_50
376,438_0.56_1.19.png,438,0.56,1.19,400,400,12.596715837035116,0.6875205636024475,30.57348785491399,0.9793440699577332,31.123064104641493,0.9820226430892944,0.5495762497275045,0.0026785731315612793,A<0.65,1.1<=beta<1.4,A<0.65 | 1.1<=beta<1.4,baseline_middle_50
377,439_0.82_1.6.png,439,0.82,1.6,400,400,9.062370848175206,0.5611078143119812,31.009221815988678,0.984201192855835,31.86368255448533,0.9850773811340332,0.8544607384966518,0.0008761882781982422,0.75<=A<0.85,1.4<=beta<1.7,0.75<=A<0.85 | 1.4<=beta<1.7,baseline_middle_50
378,43_0.96_1.8.png,43,0.96,1.8,400,400,10.718858151487588,0.6705940365791321,25.795129234611768,0.956821084022522,24.161821800473877,0.9472200870513916,-1.6333074341378904,-0.009600996971130371,A>=0.95,beta>=1.7,A>=0.95 | beta>=1.7,baseline_weakest_25
379,440_0.86_1.63.png,440,0.86,1.63,400,400,8.805964374202734,0.5498883128166199,30.98319320487837,0.9845385551452637,32.242366729635236,0.9852268099784851,1.2591735247568678,0.0006882548332214355,0.85<=A<0.95,1.4<=beta<1.7,0.85<=A<0.95 | 1.4<=beta<1.7,baseline_middle_50
380,441_0.7_1.99.png,441,0.7,1.99,400,400,18.673180652163115,0.9520366191864014,16.602909389405188,0.919823944568634,17.051299026790957,0.9245885610580444,0.44838963738576965,0.0047646164894104,0.65<=A<0.75,beta>=1.7,0.65<=A<0.75 | beta>=1.7,baseline_weakest_25
381,442_0.69_0.5.png,442,0.69,0.5,400,400,25.46004423398491,0.9893390536308289,19.706989578185517,0.9308595061302185,21.314487568951623,0.9489749073982239,1.607497990766106,0.01811540126800537,0.65<=A<0.75,beta<0.8,0.65<=A<0.75 | beta<0.8,baseline_weakest_25
382,443_0.56_1.04.png,443,0.56,1.04,400,400,19.42714008605588,0.9714317321777344,12.303448576933945,0.8579538464546204,12.862040171341881,0.8782359957695007,0.558591594407936,0.02028214931488037,A<0.65,0.8<=beta<1.1,A<0.65 | 0.8<=beta<1.1,baseline_weakest_25
383,444_0.75_0.74.png,444,0.75,0.74,400,400,23.582603596256643,0.9853368401527405,20.421328671567615,0.9385101795196533,21.761065073721127,0.9517713189125061,1.3397364021535125,0.013261139392852783,0.75<=A<0.85,beta<0.8,0.75<=A<0.85 | beta<0.8,baseline_weakest_25
384,445_0.81_1.09.png,445,0.81,1.09,400,400,13.892142163271558,0.7508426904678345,30.353684906904977,0.9853665232658386,28.237685104439873,0.9847114682197571,-2.1159998024651046,-0.000655055046081543,0.75<=A<0.85,0.8<=beta<1.1,0.75<=A<0.85 | 0.8<=beta<1.1,baseline_middle_50
385,446_0.73_1.78.png,446,0.73,1.78,400,400,11.082038017371483,0.6559697985649109,28.70414681660445,0.9816061854362488,27.44538707279213,0.9836766123771667,-1.2587597438123197,0.0020704269409179688,0.65<=A<0.75,beta>=1.7,0.65<=A<0.75 | beta>=1.7,baseline_weakest_25
386,447_0.86_1.46.png,447,0.86,1.46,400,400,11.655179409778613,0.6790520548820496,30.44459299493653,0.9823336005210876,28.664207970525553,0.9824395179748535,-1.780385024410979,0.00010591745376586914,0.85<=A<0.95,1.4<=beta<1.7,0.85<=A<0.95 | 1.4<=beta<1.7,baseline_middle_50
387,448_0.7_1.9.png,448,0.7,1.9,400,400,10.91001838130037,0.6471971273422241,27.908452563748632,0.9802951216697693,27.270990573587575,0.9830112457275391,-0.6374619901610572,0.0027161240577697754,0.65<=A<0.75,beta>=1.7,0.65<=A<0.75 | beta>=1.7,baseline_weakest_25
388,449_0.93_0.78.png,449,0.93,0.78,400,400,14.615797646462703,0.7268884181976318,33.72495399931219,0.9846237301826477,34.851649336244904,0.9858052134513855,1.1266953369327126,0.001181483268737793,0.85<=A<0.95,beta<0.8,0.85<=A<0.95 | beta<0.8,baseline_middle_50
389,44_0.73_0.53.png,44,0.73,0.53,400,400,21.468364868464572,0.90814208984375,36.069399946806456,0.9877558946609497,35.02509411892194,0.9880927801132202,-1.0443058278845143,0.0003368854522705078,0.65<=A<0.75,beta<0.8,0.65<=A<0.75 | beta<0.8,baseline_middle_50
390,450_0.55_1.68.png,450,0.55,1.68,400,400,12.437954502493177,0.6505826711654663,30.231245760967838,0.9849717020988464,31.103072359579144,0.9845353364944458,0.8718265986113067,-0.00043636560440063477,A<0.65,1.4<=beta<1.7,A<0.65 | 1.4<=beta<1.7,baseline_middle_50
391,451_0.69_1.79.png,451,0.69,1.79,400,400,10.456777734092814,0.5980139970779419,28.52552638570607,0.9803862571716309,29.70927198354889,0.9822703003883362,1.1837455978428224,0.0018840432167053223,0.65<=A<0.75,beta>=1.7,0.65<=A<0.75 | beta>=1.7,baseline_weakest_25
392,452_0.62_0.88.png,452,0.62,0.88,400,400,16.524756940414132,0.768275260925293,32.917978702276,0.9908457398414612,32.68554280396553,0.990402102470398,-0.23243589831047018,-0.0004436373710632324,A<0.65,0.8<=beta<1.1,A<0.65 | 0.8<=beta<1.1,baseline_middle_50
393,453_0.95_0.6.png,453,0.95,0.6,400,400,14.667473576933201,0.8325104713439941,32.44240487862203,0.9913719892501831,32.65565591661464,0.9910050630569458,0.21325103799261313,-0.0003669261932373047,A>=0.95,beta<0.8,A>=0.95 | beta<0.8,baseline_middle_50
394,454_0.7_1.23.png,454,0.7,1.23,400,400,12.09476118087065,0.7245957851409912,32.671625517219624,0.9890515804290771,30.617518920191387,0.9880445599555969,-2.0541065970282375,-0.0010070204734802246,0.65<=A<0.75,1.1<=beta<1.4,0.65<=A<0.75 | 1.1<=beta<1.4,baseline_middle_50
395,455_0.71_0.53.png,455,0.71,0.53,400,400,17.83594654716068,0.8898128271102905,36.15298293527874,0.9945945143699646,36.059288019158515,0.9938935041427612,-0.09369491612022784,-0.0007010102272033691,0.65<=A<0.75,beta<0.8,0.65<=A<0.75 | beta<0.8,baseline_strongest_25
396,456_0.72_0.84.png,456,0.72,0.84,400,400,14.402518508170473,0.8108808398246765,34.52030610705178,0.9922712445259094,33.65650471575951,0.9914248585700989,-0.8638013912922702,-0.0008463859558105469,0.65<=A<0.75,0.8<=beta<1.1,0.65<=A<0.75 | 0.8<=beta<1.1,baseline_middle_50
397,457_0.61_0.57.png,457,0.61,0.57,400,400,26.351271344700532,0.9851759076118469,38.03542583498114,0.9964922070503235,35.50758713677907,0.9955818057060242,-2.5278386982020677,-0.0009104013442993164,A<0.65,beta<0.8,A<0.65 | beta<0.8,baseline_strongest_25
398,458_0.58_0.65.png,458,0.58,0.65,400,400,26.46240827560547,0.983644962310791,37.927159142941676,0.9962905049324036,33.845754366370656,0.9949573874473572,-4.08140477657102,-0.0013331174850463867,A<0.65,beta<0.8,A<0.65 | beta<0.8,baseline_strongest_25
399,459_0.97_1.71.png,459,0.97,1.71,400,400,11.335234883726415,0.8538459539413452,17.070203633175524,0.9567054510116577,16.83852149908247,0.9558064341545105,-0.23168213409305238,-0.0008990168571472168,A>=0.95,beta>=1.7,A>=0.95 | beta>=1.7,baseline_weakest_25
400,45_0.99_1.02.png,45,0.99,1.02,400,400,11.636482511842392,0.7582800984382629,29.193824679418068,0.9738357067108154,27.5645993637633,0.9700992107391357,-1.629225315654768,-0.0037364959716796875,A>=0.95,0.8<=beta<1.1,A>=0.95 | 0.8<=beta<1.1,baseline_middle_50
401,460_0.99_1.03.png,460,0.99,1.03,400,400,13.591080109202737,0.9077173471450806,20.893769092549917,0.9772656559944153,19.690844241095476,0.9731282591819763,-1.2029248514544406,-0.004137396812438965,A>=0.95,0.8<=beta<1.1,A>=0.95 | 0.8<=beta<1.1,baseline_weakest_25
402,461_0.68_1.75.png,461,0.68,1.75,400,400,12.549521355948457,0.7978988289833069,28.781820693083354,0.9803690910339355,28.105845603587838,0.9789429903030396,-0.6759750894955161,-0.001426100730895996,0.65<=A<0.75,beta>=1.7,0.65<=A<0.75 | beta>=1.7,baseline_middle_50
403,462_0.91_1.52.png,462,0.91,1.52,400,400,10.762660541227733,0.7691597938537598,26.194895763595664,0.9780534505844116,24.774800748423115,0.9732363224029541,-1.4200950151725493,-0.0048171281814575195,0.85<=A<0.95,1.4<=beta<1.7,0.85<=A<0.95 | 1.4<=beta<1.7,baseline_weakest_25
404,463_0.97_1.52.png,463,0.97,1.52,400,400,10.210371421197104,0.7559155225753784,26.003044407214823,0.9762054681777954,24.205267234092553,0.9698830842971802,-1.7977771731222703,-0.006322383880615234,A>=0.95,1.4<=beta<1.7,A>=0.95 | 1.4<=beta<1.7,baseline_weakest_25
405,464_0.68_1.75.png,464,0.68,1.75,400,400,12.549521355948457,0.7978988289833069,28.781820693083354,0.9803690910339355,28.105845603587838,0.9789429903030396,-0.6759750894955161,-0.001426100730895996,0.65<=A<0.75,beta>=1.7,0.65<=A<0.75 | beta>=1.7,baseline_middle_50
406,465_0.94_1.86.png,465,0.94,1.86,400,400,14.246171997685067,0.8186492919921875,30.69042949895177,0.9776604175567627,31.09088682708359,0.9804688692092896,0.40045732813182155,0.0028084516525268555,0.85<=A<0.95,beta>=1.7,0.85<=A<0.95 | beta>=1.7,baseline_middle_50
407,466_0.99_1.63.png,466,0.99,1.63,400,400,14.580020714942998,0.8302552700042725,30.474817321072365,0.9798246622085571,29.972358109949944,0.9825686812400818,-0.5024592111224209,0.002744019031524658,A>=0.95,1.4<=beta<1.7,A>=0.95 | 1.4<=beta<1.7,baseline_middle_50
408,467_0.71_1.76.png,467,0.71,1.76,400,400,17.474972724289447,0.859235942363739,28.725990203477856,0.9837440252304077,27.99862814065755,0.9817067980766296,-0.7273620628203048,-0.002037227153778076,0.65<=A<0.75,beta>=1.7,0.65<=A<0.75 | beta>=1.7,baseline_middle_50
409,468_0.73_1.94.png,468,0.73,1.94,400,400,16.431028876317185,0.842710554599762,27.455912544434952,0.9807530045509338,27.183498352126225,0.9780054688453674,-0.27241419230872665,-0.0027475357055664062,0.65<=A<0.75,beta>=1.7,0.65<=A<0.75 | beta>=1.7,baseline_weakest_25
410,469_0.96_1.99.png,469,0.96,1.99,400,400,8.465499231061298,0.6393591165542603,29.19873013176387,0.9518668055534363,27.932660715058233,0.9492141008377075,-1.266069416705637,-0.0026527047157287598,A>=0.95,beta>=1.7,A>=0.95 | beta>=1.7,baseline_middle_50
411,46_0.57_1.55.png,46,0.57,1.55,400,400,11.799133400219599,0.7513036727905273,30.68493002787552,0.979903519153595,29.17784219247949,0.9725035429000854,-1.5070878353960317,-0.0073999762535095215,A<0.65,1.4<=beta<1.7,A<0.65 | 1.4<=beta<1.7,baseline_middle_50
412,470_0.53_1.34.png,470,0.53,1.34,400,400,13.503909634645979,0.7767052054405212,30.660785195169893,0.981217086315155,33.66090630373808,0.9854645729064941,3.0001211085681874,0.004247486591339111,A<0.65,1.1<=beta<1.4,A<0.65 | 1.1<=beta<1.4,baseline_middle_50
413,471_0.76_0.79.png,471,0.76,0.79,400,400,15.536436285021777,0.8330294489860535,29.75340747579785,0.9706390500068665,32.92600580932032,0.9808182120323181,3.1725983335224726,0.01017916202545166,0.75<=A<0.85,beta<0.8,0.75<=A<0.85 | beta<0.8,baseline_middle_50
414,472_0.69_0.68.png,472,0.69,0.68,400,400,17.53720303955235,0.8678895235061646,29.48091798439298,0.9727930426597595,32.09442105754916,0.982861340045929,2.6135030731561812,0.010068297386169434,0.65<=A<0.75,beta<0.8,0.65<=A<0.75 | beta<0.8,baseline_middle_50
415,473_0.63_0.94.png,473,0.63,0.94,400,400,20.643402887367387,0.9302018880844116,28.33079020318315,0.986737072467804,28.338265817563773,0.9843629598617554,0.007475614380624052,-0.002374112606048584,A<0.65,0.8<=beta<1.1,A<0.65 | 0.8<=beta<1.1,baseline_weakest_25
416,474_0.6_1.43.png,474,0.6,1.43,400,400,16.515155153829944,0.8601334691047668,29.8216046492946,0.9890762567520142,30.101894893774475,0.9859802722930908,0.2802902444798754,-0.00309598445892334,A<0.65,1.4<=beta<1.7,A<0.65 | 1.4<=beta<1.7,baseline_middle_50
417,475_0.94_1.55.png,475,0.94,1.55,400,400,11.218031091661643,0.7484118342399597,28.60450392099633,0.9831713438034058,28.58502058485894,0.9836543798446655,-0.01948333613739095,0.0004830360412597656,0.85<=A<0.95,1.4<=beta<1.7,0.85<=A<0.95 | 1.4<=beta<1.7,baseline_weakest_25
418,476_0.91_1.92.png,476,0.91,1.92,400,400,10.033578939491985,0.7012248635292053,28.394446634430935,0.9811427593231201,28.17920965593725,0.9797225594520569,-0.21523697849368517,-0.0014201998710632324,0.85<=A<0.95,beta>=1.7,0.85<=A<0.95 | beta>=1.7,baseline_weakest_25
419,477_0.9_1.45.png,477,0.9,1.45,400,400,13.036143200677246,0.7770143747329712,27.361655717125988,0.9719882011413574,28.20260464036465,0.9726746082305908,0.8409489232386633,0.0006864070892333984,0.85<=A<0.95,1.4<=beta<1.7,0.85<=A<0.95 | 1.4<=beta<1.7,baseline_weakest_25
420,478_0.84_0.71.png,478,0.84,0.71,400,400,18.059484598301502,0.8966204524040222,27.809268658173817,0.9818375110626221,28.598453375034453,0.9803237318992615,0.7891847168606354,-0.0015137791633605957,0.75<=A<0.85,beta<0.8,0.75<=A<0.85 | beta<0.8,baseline_weakest_25
421,479_0.79_0.62.png,479,0.79,0.62,400,400,19.204681166686616,0.9163724780082703,27.679322651621497,0.981067419052124,28.89771154081192,0.9807015657424927,1.2183888891904218,-0.00036585330963134766,0.75<=A<0.85,beta<0.8,0.75<=A<0.85 | beta<0.8,baseline_weakest_25
422,47_0.78_0.6.png,47,0.78,0.6,400,400,16.972833442468517,0.8752238154411316,30.806833862883774,0.9808557629585266,29.594733745264314,0.9768864512443542,-1.2121001176194603,-0.003969311714172363,0.75<=A<0.85,beta<0.8,0.75<=A<0.85 | beta<0.8,baseline_middle_50
423,480_0.54_0.98.png,480,0.54,0.98,400,400,18.213231202468354,0.8940433859825134,23.655785952317494,0.9779829382896423,24.92173732530641,0.9799755215644836,1.2659513729889156,0.0019925832748413086,A<0.65,0.8<=beta<1.1,A<0.65 | 0.8<=beta<1.1,baseline_weakest_25
424,481_0.81_0.67.png,481,0.81,0.67,400,400,16.70688970502025,0.8555569052696228,33.363872151809616,0.9895244836807251,32.6988939486237,0.9880298376083374,-0.6649782031859175,-0.0014946460723876953,0.75<=A<0.85,beta<0.8,0.75<=A<0.85 | beta<0.8,baseline_middle_50
425,482_0.91_0.62.png,482,0.91,0.62,400,400,16.153896984047137,0.8520427346229553,34.86548579582326,0.9898369908332825,33.40451844777569,0.9883950352668762,-1.4609673480475678,-0.00144195556640625,0.85<=A<0.95,beta<0.8,0.85<=A<0.95 | beta<0.8,baseline_middle_50
426,483_0.64_0.86.png,483,0.64,0.86,400,400,17.231991414237445,0.8459409475326538,29.14160039813881,0.988284707069397,30.000412876551756,0.9861485958099365,0.858812478412947,-0.0021361112594604492,A<0.65,0.8<=beta<1.1,A<0.65 | 0.8<=beta<1.1,baseline_middle_50
427,484_0.94_1.48.png,484,0.94,1.48,400,400,10.249610173244214,0.6651479005813599,31.83872001231527,0.9803890585899353,30.781637447708118,0.9810487031936646,-1.0570825646071533,0.000659644603729248,0.85<=A<0.95,1.4<=beta<1.7,0.85<=A<0.95 | 1.4<=beta<1.7,baseline_middle_50
428,485_0.94_1.87.png,485,0.94,1.87,400,400,12.947819792073398,0.8275609016418457,25.76005107008687,0.9777722954750061,25.821289515827907,0.9711602330207825,0.06123844574103643,-0.006612062454223633,0.85<=A<0.95,beta>=1.7,0.85<=A<0.95 | beta>=1.7,baseline_weakest_25
429,486_0.96_1.3.png,486,0.96,1.3,400,400,15.24736752358642,0.8833626508712769,26.540982509592162,0.9820482134819031,25.829534570279776,0.9760745167732239,-0.7114479393123858,-0.005973696708679199,A>=0.95,1.1<=beta<1.4,A>=0.95 | 1.1<=beta<1.4,baseline_weakest_25
430,487_0.7_0.65.png,487,0.7,0.65,400,400,25.629207379595563,0.9786048531532288,23.018475576153893,0.9837413430213928,21.669568578674273,0.9700860977172852,-1.3489069974796202,-0.013655245304107666,0.65<=A<0.75,beta<0.8,0.65<=A<0.75 | beta<0.8,baseline_weakest_25
431,488_0.99_1.47.png,488,0.99,1.47,400,400,13.938785102918136,0.859430730342865,27.37273724316973,0.9815378785133362,25.963722417891223,0.9736254215240479,-1.4090148252785077,-0.00791245698928833,A>=0.95,1.4<=beta<1.7,A>=0.95 | 1.4<=beta<1.7,baseline_weakest_25
432,489_0.55_1.03.png,489,0.55,1.03,400,400,17.013595815927843,0.8526729345321655,29.07681233427231,0.9872708916664124,28.093941855476317,0.9894110560417175,-0.982870478795995,0.0021401643753051758,A<0.65,0.8<=beta<1.1,A<0.65 | 0.8<=beta<1.1,baseline_middle_50
433,48_0.88_0.81.png,48,0.88,0.81,400,400,13.900962006721675,0.8158961534500122,30.01606968729533,0.9773861169815063,28.520641632004747,0.9735283851623535,-1.495428055290585,-0.003857731819152832,0.85<=A<0.95,0.8<=beta<1.1,0.85<=A<0.95 | 0.8<=beta<1.1,baseline_middle_50
434,490_0.61_1.55.png,490,0.61,1.55,400,400,14.819969734126524,0.7675814032554626,26.502343947548827,0.982593297958374,27.218537314441498,0.9822685122489929,0.7161933668926714,-0.0003247857093811035,A<0.65,1.4<=beta<1.7,A<0.65 | 1.4<=beta<1.7,baseline_weakest_25
435,491_0.68_1.42.png,491,0.68,1.42,400,400,14.794227903822462,0.7751712203025818,29.092246559397612,0.9846451282501221,29.045480012962848,0.9855400919914246,-0.04676654643476397,0.0008949637413024902,0.65<=A<0.75,1.4<=beta<1.7,0.65<=A<0.75 | 1.4<=beta<1.7,baseline_middle_50
436,492_0.53_1.9.png,492,0.53,1.9,400,400,13.923160169571918,0.7309036254882812,24.508839593288908,0.9737575650215149,25.335347626473762,0.9714298248291016,0.8265080331848544,-0.00232774019241333,A<0.65,beta>=1.7,A<0.65 | beta>=1.7,baseline_weakest_25
437,493_0.69_0.5.png,493,0.69,0.5,400,400,23.040768496403736,0.9142971634864807,30.533691399177062,0.9655729532241821,29.814725057291128,0.9640486240386963,-0.7189663418859347,-0.0015243291854858398,0.65<=A<0.75,beta<0.8,0.65<=A<0.75 | beta<0.8,baseline_middle_50
438,494_0.77_0.54.png,494,0.77,0.54,400,400,20.737419053959606,0.8917901515960693,30.014515109526265,0.9632349610328674,29.501047839421396,0.9611079692840576,-0.5134672701048686,-0.0021269917488098145,0.75<=A<0.85,beta<0.8,0.75<=A<0.85 | beta<0.8,baseline_middle_50
439,495_0.74_1.05.png,495,0.74,1.05,400,400,14.456172263759443,0.8011912107467651,27.56932326064547,0.951766312122345,27.092404002060746,0.9483100175857544,-0.47691925858472217,-0.003456294536590576,0.65<=A<0.75,0.8<=beta<1.1,0.65<=A<0.75 | 0.8<=beta<1.1,baseline_weakest_25
440,496_0.61_0.71.png,496,0.61,0.71,400,400,20.27238307722675,0.8860279321670532,29.252177896510496,0.9615853428840637,28.736137401991844,0.9607688784599304,-0.5160404945186521,-0.0008164644241333008,A<0.65,beta<0.8,A<0.65 | beta<0.8,baseline_middle_50
441,497_0.7_0.61.png,497,0.7,0.61,400,400,20.02829890303041,0.8923999667167664,33.175941460575736,0.9932839274406433,31.73197588969014,0.9939576983451843,-1.4439655708855952,0.0006737709045410156,0.65<=A<0.75,beta<0.8,0.65<=A<0.75 | beta<0.8,baseline_middle_50
442,498_0.81_1.42.png,498,0.81,1.42,400,400,13.421904487162708,0.7230120301246643,29.364110536587795,0.9868474006652832,30.36864087756705,0.9879451990127563,1.0045303409792545,0.0010977983474731445,0.75<=A<0.85,1.4<=beta<1.7,0.75<=A<0.85 | 1.4<=beta<1.7,baseline_middle_50
443,499_0.85_1.47.png,499,0.85,1.47,400,400,12.73437669407264,0.707645058631897,29.820628459899588,0.9858689308166504,30.861729758041868,0.9867459535598755,1.04110129814228,0.0008770227432250977,0.85<=A<0.95,1.4<=beta<1.7,0.85<=A<0.95 | 1.4<=beta<1.7,baseline_middle_50
444,49_0.7_1.47.png,49,0.7,1.47,400,400,15.7418559938108,0.8572536110877991,35.25476550241972,0.9922560453414917,34.4629581281327,0.992433488368988,-0.7918073742870249,0.0001774430274963379,0.65<=A<0.75,1.4<=beta<1.7,0.65<=A<0.75 | 1.4<=beta<1.7,baseline_middle_50
445,4_0.85_1.44.png,4,0.85,1.44,400,400,11.138934502627329,0.6531268954277039,32.76060411241362,0.9813238382339478,31.056947533729996,0.9866521954536438,-1.7036565786836206,0.005328357219696045,0.85<=A<0.95,1.4<=beta<1.7,0.85<=A<0.95 | 1.4<=beta<1.7,baseline_middle_50
446,500_0.73_1.2.png,500,0.73,1.2,400,400,15.261010520463682,0.7752312421798706,29.57028444005352,0.9892073273658752,29.612101790469264,0.990614652633667,0.041817350415744414,0.001407325267791748,0.65<=A<0.75,1.1<=beta<1.4,0.65<=A<0.75 | 1.1<=beta<1.4,baseline_middle_50
447,501_0.55_1.96.png,501,0.55,1.96,480,640,17.646766898137223,0.8190103769302368,29.82539941315279,0.9870373606681824,31.61062834129296,0.9883475303649902,1.7852289281401674,0.0013101696968078613,A<0.65,beta>=1.7,A<0.65 | beta>=1.7,baseline_middle_50
448,502_0.8_1.09.png,502,0.8,1.09,480,640,17.416296655692708,0.8823630213737488,34.494635315427125,0.9920692443847656,32.74469025725222,0.9908707737922668,-1.7499450581749016,-0.0011984705924987793,0.75<=A<0.85,0.8<=beta<1.1,0.75<=A<0.85 | 0.8<=beta<1.1,baseline_middle_50
449,503_0.9_0.94.png,503,0.9,0.94,480,640,16.799927284890025,0.8887011408805847,32.33318972632097,0.9914963245391846,31.675816948503396,0.9908577799797058,-0.6573727778175709,-0.0006385445594787598,0.85<=A<0.95,0.8<=beta<1.1,0.85<=A<0.95 | 0.8<=beta<1.1,baseline_middle_50
450,504_0.84_1.72.png,504,0.84,1.72,480,640,13.70386673617115,0.7976094484329224,30.662819825896182,0.9841924905776978,30.264690494445926,0.9845132827758789,-0.39812933145025653,0.00032079219818115234,0.75<=A<0.85,beta>=1.7,0.75<=A<0.85 | beta>=1.7,baseline_middle_50
451,505_1.0_1.88.png,505,1.0,1.88,480,640,11.924003191591721,0.7719061374664307,27.853846419962128,0.9777618050575256,27.76875037598634,0.9740840792655945,-0.0850960439757884,-0.0036777257919311523,A>=0.95,beta>=1.7,A>=0.95 | beta>=1.7,baseline_weakest_25
452,506_0.68_0.66.png,506,0.68,0.66,480,640,23.047924818776956,0.9432827830314636,39.209138885807974,0.9956009984016418,39.06520732653828,0.9956839084625244,-0.1439315592696957,8.291006088256836e-05,0.65<=A<0.75,beta<0.8,0.65<=A<0.75 | beta<0.8,baseline_strongest_25
453,507_0.66_0.7.png,507,0.66,0.7,480,640,22.770567335000376,0.9408226609230042,38.7865477554486,0.99550861120224,38.83770283528127,0.9955901503562927,0.05115507983266809,8.153915405273438e-05,0.65<=A<0.75,beta<0.8,0.65<=A<0.75 | beta<0.8,baseline_strongest_25
454,508_0.72_1.04.png,508,0.72,1.04,480,640,19.330655160859173,0.8997300863265991,37.32140032248379,0.9935464859008789,36.469851951072854,0.9926558136940002,-0.8515483714109351,-0.0008906722068786621,0.65<=A<0.75,0.8<=beta<1.1,0.65<=A<0.75 | 0.8<=beta<1.1,baseline_strongest_25
455,509_0.95_1.52.png,509,0.95,1.52,480,640,14.15255172564545,0.8437962532043457,27.372622938807556,0.9810691475868225,26.076539140402808,0.979273796081543,-1.296083798404748,-0.001795351505279541,A>=0.95,1.4<=beta<1.7,A>=0.95 | 1.4<=beta<1.7,baseline_weakest_25
456,50_0.66_0.83.png,50,0.66,0.83,400,400,20.222851793395883,0.9407013058662415,30.56790592558603,0.9923073053359985,32.02929334455518,0.9931305050849915,1.4613874189691494,0.0008231997489929199,0.65<=A<0.75,0.8<=beta<1.1,0.65<=A<0.75 | 0.8<=beta<1.1,baseline_middle_50
457,510_0.71_1.55.png,510,0.71,1.55,480,640,17.818006653244854,0.8727928400039673,34.119342821536875,0.9889838695526123,29.21329674912316,0.9874773621559143,-4.906046072413716,-0.001506507396697998,0.65<=A<0.75,1.4<=beta<1.7,0.65<=A<0.75 | 1.4<=beta<1.7,baseline_middle_50
458,511_0.79_0.83.png,511,0.79,0.83,480,640,21.055354289741427,0.9251044392585754,34.78374465282092,0.9926068782806396,32.158839050334485,0.9920673966407776,-2.624905602486436,-0.0005394816398620605,0.75<=A<0.85,0.8<=beta<1.1,0.75<=A<0.85 | 0.8<=beta<1.1,baseline_middle_50
459,512_0.94_1.48.png,512,0.94,1.48,480,640,14.475734797497816,0.8485710024833679,27.7844067265059,0.9821547269821167,26.255742600544394,0.9802262783050537,-1.5286641259615052,-0.0019284486770629883,0.85<=A<0.95,1.4<=beta<1.7,0.85<=A<0.95 | 1.4<=beta<1.7,baseline_weakest_25
460,513_0.97_0.99.png,513,0.97,0.99,480,640,15.99185498230344,0.8878510594367981,29.165090907808707,0.9846524596214294,28.958669347757393,0.9849730134010315,-0.2064215600513144,0.0003205537796020508,A>=0.95,0.8<=beta<1.1,A>=0.95 | 0.8<=beta<1.1,baseline_middle_50
461,514_0.92_1.6.png,514,0.92,1.6,480,640,13.91792258626068,0.8309286236763,28.267162406424973,0.9779459238052368,28.06738427890048,0.976689875125885,-0.19977812752449253,-0.0012560486793518066,0.85<=A<0.95,1.4<=beta<1.7,0.85<=A<0.95 | 1.4<=beta<1.7,baseline_weakest_25
462,515_0.62_0.56.png,515,0.62,0.56,480,640,25.502091999843408,0.9631165862083435,35.62728638040078,0.9952681660652161,35.22711576617794,0.9951150417327881,-0.4001706142228443,-0.00015312433242797852,A<0.65,beta<0.8,A<0.65 | beta<0.8,baseline_middle_50
463,516_0.64_0.94.png,516,0.64,0.94,480,640,21.69106273960572,0.9294739961624146,33.51585899693805,0.9927670359611511,33.63887827082972,0.9924870133399963,0.12301927389167133,-0.00028002262115478516,A<0.65,0.8<=beta<1.1,A<0.65 | 0.8<=beta<1.1,baseline_middle_50
464,517_0.8_1.62.png,517,0.8,1.62,480,640,13.382692884536286,0.6061902046203613,38.3128175935801,0.9884387254714966,40.22134740164234,0.9884303212165833,1.9085298080622408,-8.404254913330078e-06,0.75<=A<0.85,1.4<=beta<1.7,0.75<=A<0.85 | 1.4<=beta<1.7,baseline_strongest_25
465,518_0.86_0.85.png,518,0.86,0.85,480,640,17.35765740921314,0.6866487860679626,40.44334523534797,0.992577850818634,42.438793978379096,0.9930674433708191,1.995448743031126,0.0004895925521850586,0.85<=A<0.95,0.8<=beta<1.1,0.85<=A<0.95 | 0.8<=beta<1.1,baseline_strongest_25
466,519_0.58_1.19.png,519,0.58,1.19,480,640,18.677436253745675,0.7035165429115295,41.19298659831958,0.9933652281761169,43.292581641283135,0.9934327006340027,2.099595042963557,6.747245788574219e-05,A<0.65,1.1<=beta<1.4,A<0.65 | 1.1<=beta<1.4,baseline_strongest_25
467,51_0.6_1.79.png,51,0.6,1.79,400,400,16.31166181874469,0.8491923213005066,32.50479758110537,0.9886956214904785,31.66659231746069,0.9893728494644165,-0.8382052636446815,0.0006772279739379883,A<0.65,beta>=1.7,A<0.65 | beta>=1.7,baseline_middle_50
468,520_0.95_0.81.png,520,0.95,0.81,480,640,16.763932154654075,0.6772412061691284,40.685756399325044,0.9924391508102417,40.95839306550451,0.9925890564918518,0.2726366661794657,0.00014990568161010742,A>=0.95,0.8<=beta<1.1,A>=0.95 | 0.8<=beta<1.1,baseline_strongest_25
469,521_0.53_1.56.png,521,0.53,1.56,480,640,19.012573725304016,0.8537161946296692,33.92511835341836,0.9880039095878601,36.68516572990309,0.9891449213027954,2.760047376484728,0.0011410117149353027,A<0.65,1.4<=beta<1.7,A<0.65 | 1.4<=beta<1.7,baseline_middle_50
470,522_0.68_1.78.png,522,0.68,1.78,480,640,16.16967871299636,0.8064994215965271,34.85139942190199,0.984459400177002,34.18109988729618,0.9844500422477722,-0.6702995346058103,-9.357929229736328e-06,0.65<=A<0.75,beta>=1.7,0.65<=A<0.75 | beta>=1.7,baseline_middle_50
471,523_0.5_1.76.png,523,0.5,1.76,480,640,18.4933314722371,0.8417298793792725,31.049274580259542,0.9852914810180664,32.59752463689888,0.9869652390480042,1.5482500566393398,0.0016737580299377441,A<0.65,beta>=1.7,A<0.65 | beta>=1.7,baseline_middle_50
472,524_0.59_1.65.png,524,0.59,1.65,480,640,17.993555587209475,0.8354800939559937,34.74323608655371,0.9870653748512268,36.192149668140786,0.987725019454956,1.4489135815870782,0.000659644603729248,A<0.65,1.4<=beta<1.7,A<0.65 | 1.4<=beta<1.7,baseline_middle_50
473,525_0.74_1.31.png,525,0.74,1.31,480,640,19.142250611666785,0.8842626214027405,38.965755612233764,0.994261622428894,38.53013577393426,0.9936438202857971,-0.4356198382995018,-0.0006178021430969238,0.65<=A<0.75,1.1<=beta<1.4,0.65<=A<0.75 | 1.1<=beta<1.4,baseline_strongest_25
474,526_0.73_0.69.png,526,0.73,0.69,480,640,23.939987379284673,0.936245322227478,41.46287815719414,0.9963131546974182,41.84649426204302,0.9961655139923096,0.3836161048488762,-0.00014764070510864258,0.65<=A<0.75,beta<0.8,0.65<=A<0.75 | beta<0.8,baseline_strongest_25
475,527_0.72_1.87.png,527,0.72,1.87,480,640,17.13362391271422,0.8471214771270752,37.11694946965486,0.9921924471855164,36.841836681265605,0.9916512370109558,-0.2751127883892579,-0.0005412101745605469,0.65<=A<0.75,beta>=1.7,0.65<=A<0.75 | beta>=1.7,baseline_strongest_25
476,528_0.95_0.76.png,528,0.95,0.76,480,640,20.166262855940545,0.9086567163467407,38.61357316267204,0.9951707720756531,38.345800006481056,0.9948615431785583,-0.26777315619098374,-0.00030922889709472656,A>=0.95,beta<0.8,A>=0.95 | beta<0.8,baseline_strongest_25
477,529_0.86_1.47.png,529,0.86,1.47,480,640,18.947834237767008,0.8770046830177307,38.02934874079056,0.9936781525611877,38.31960231308566,0.993162214756012,0.29025357229510007,-0.0005159378051757812,0.85<=A<0.95,1.4<=beta<1.7,0.85<=A<0.95 | 1.4<=beta<1.7,baseline_strongest_25
478,52_0.57_1.57.png,52,0.57,1.57,400,400,17.37227253461698,0.8796200752258301,30.619389935210997,0.9882609248161316,29.850695814192125,0.9889084100723267,-0.7686941210188714,0.0006474852561950684,A<0.65,1.4<=beta<1.7,A<0.65 | 1.4<=beta<1.7,baseline_middle_50
479,530_0.62_1.06.png,530,0.62,1.06,480,640,22.54146617289338,0.9429011344909668,40.01185170271769,0.994596540927887,41.19035941655359,0.9956084489822388,1.1785077138358986,0.0010119080543518066,A<0.65,0.8<=beta<1.1,A<0.65 | 0.8<=beta<1.1,baseline_strongest_25
480,531_0.78_1.72.png,531,0.78,1.72,480,640,18.59844151231638,0.8675720691680908,38.132516980333016,0.9928903579711914,38.26499382919391,0.9929032921791077,0.13247684886089672,1.2934207916259766e-05,0.75<=A<0.85,beta>=1.7,0.75<=A<0.85 | beta>=1.7,baseline_strongest_25
481,532_0.63_1.43.png,532,0.63,1.43,480,640,20.344387662461507,0.9130447506904602,39.29488567687183,0.9937865138053894,40.22509078828768,0.9946778416633606,0.9302051114158516,0.0008913278579711914,A<0.65,1.4<=beta<1.7,A<0.65 | 1.4<=beta<1.7,baseline_strongest_25
482,533_0.75_0.77.png,533,0.75,0.77,480,640,17.69596786130051,0.7960175275802612,36.445922880303016,0.9819948077201843,36.95872716044542,0.9839789867401123,0.5128042801424044,0.0019841790199279785,0.75<=A<0.85,beta<0.8,0.75<=A<0.85 | beta<0.8,baseline_strongest_25
483,534_0.58_0.58.png,534,0.58,0.58,480,640,22.005891552359834,0.8593940138816833,37.94096058247004,0.9866318106651306,38.529687075092916,0.9881681799888611,0.5887264926228752,0.0015363693237304688,A<0.65,beta<0.8,A<0.65 | beta<0.8,baseline_strongest_25
484,535_0.65_1.44.png,535,0.65,1.44,480,640,14.668801189266112,0.7305026650428772,35.32810699009178,0.9756050705909729,34.46219597259781,0.9735116958618164,-0.8659110174939713,-0.002093374729156494,0.65<=A<0.75,1.4<=beta<1.7,0.65<=A<0.75 | 1.4<=beta<1.7,baseline_middle_50
485,536_0.93_0.57.png,536,0.93,0.57,480,640,17.905588333777217,0.8032218813896179,35.21780592540482,0.9809330701828003,36.18714597638224,0.9821735620498657,0.9693400509774222,0.0012404918670654297,0.85<=A<0.95,beta<0.8,0.85<=A<0.95 | beta<0.8,baseline_middle_50
486,537_0.58_1.0.png,537,0.58,1.0,480,640,20.50764138273225,0.8899645805358887,38.39607264537773,0.994823694229126,36.501450260317654,0.9943100810050964,-1.8946223850600745,-0.000513613224029541,A<0.65,0.8<=beta<1.1,A<0.65 | 0.8<=beta<1.1,baseline_strongest_25
487,538_0.61_1.35.png,538,0.61,1.35,480,640,18.1964881954392,0.8496918678283691,37.097308073775274,0.9930428266525269,33.657049792810824,0.9915971755981445,-3.44025828096445,-0.0014456510543823242,A<0.65,1.1<=beta<1.4,A<0.65 | 1.1<=beta<1.4,baseline_strongest_25
488,539_0.86_1.44.png,539,0.86,1.44,480,640,13.622038695869943,0.7991424202919006,32.02319840330344,0.9875977039337158,32.652433738903134,0.9869514107704163,0.6292353355996951,-0.0006462931632995605,0.85<=A<0.95,1.4<=beta<1.7,0.85<=A<0.95 | 1.4<=beta<1.7,baseline_middle_50
489,53_0.72_1.32.png,53,0.72,1.32,400,400,22.827500004618052,0.9527089595794678,30.689037165571726,0.9864009022712708,30.08105101368464,0.9877315759658813,-0.6079861518870864,0.0013306736946105957,0.65<=A<0.75,1.1<=beta<1.4,0.65<=A<0.75 | 1.1<=beta<1.4,baseline_middle_50
490,540_0.65_1.28.png,540,0.65,1.28,480,640,17.858154399916874,0.8511020541191101,36.650681363914174,0.9926880598068237,34.45448975600259,0.9917084574699402,-2.1961916079115866,-0.000979602336883545,0.65<=A<0.75,1.1<=beta<1.4,0.65<=A<0.75 | 1.1<=beta<1.4,baseline_strongest_25
491,541_0.58_1.83.png,541,0.58,1.83,480,640,22.91885940863768,0.9355430603027344,33.557986940329705,0.9904636740684509,35.299047462244395,0.9918246865272522,1.7410605219146902,0.0013610124588012695,A<0.65,beta>=1.7,A<0.65 | beta>=1.7,baseline_middle_50
492,542_0.78_0.72.png,542,0.78,0.72,480,640,28.000949091815333,0.9703272581100464,37.17151517036435,0.9941417574882507,37.98151890961403,0.9946759343147278,0.8100037392496802,0.0005341768264770508,0.75<=A<0.85,beta<0.8,0.75<=A<0.85 | beta<0.8,baseline_strongest_25
493,543_0.82_1.54.png,543,0.82,1.54,480,640,21.40865836218402,0.9191935062408447,36.45164042190119,0.9921838641166687,36.7865390119408,0.9925805926322937,0.3348985900396144,0.000396728515625,0.75<=A<0.85,1.4<=beta<1.7,0.75<=A<0.85 | 1.4<=beta<1.7,baseline_strongest_25
494,544_0.53_0.73.png,544,0.53,0.73,480,640,30.626626824847733,0.9824067950248718,34.44650195866197,0.992396354675293,36.2079449406153,0.993876576423645,1.76144298195333,0.0014802217483520508,A<0.65,beta<0.8,A<0.65 | beta<0.8,baseline_middle_50
495,545_0.65_1.46.png,545,0.65,1.46,480,640,18.035156442071504,0.8401270508766174,39.66043482468271,0.9933246970176697,40.237001384247364,0.9936684966087341,0.5765665595646539,0.0003437995910644531,0.65<=A<0.75,1.4<=beta<1.7,0.65<=A<0.75 | 1.4<=beta<1.7,baseline_strongest_25
496,546_0.93_1.03.png,546,0.93,1.03,480,640,16.11489957984282,0.8381418585777283,38.5164699243008,0.9927418828010559,38.42768279455982,0.9927766919136047,-0.0887871297409788,3.4809112548828125e-05,0.85<=A<0.95,0.8<=beta<1.1,0.85<=A<0.95 | 0.8<=beta<1.1,baseline_strongest_25
497,547_0.86_0.87.png,547,0.86,0.87,480,640,18.299531977366104,0.870421290397644,39.74523088249052,0.9944168925285339,40.32950467953803,0.9944937229156494,0.5842737970475156,7.683038711547852e-05,0.85<=A<0.95,0.8<=beta<1.1,0.85<=A<0.95 | 0.8<=beta<1.1,baseline_strongest_25
498,548_0.7_1.93.png,548,0.7,1.93,480,640,15.431933789571005,0.7848989963531494,37.81501079890194,0.9904220700263977,38.427930093028586,0.9908789396286011,0.6129192941266481,0.00045686960220336914,0.65<=A<0.75,beta>=1.7,0.65<=A<0.75 | beta>=1.7,baseline_strongest_25
499,549_0.6_0.92.png,549,0.6,0.92,480,640,20.606039123548886,0.8709172606468201,40.59093620581847,0.9954990744590759,39.46426983803383,0.9945297837257385,-1.1266663677846438,-0.0009692907333374023,A<0.65,0.8<=beta<1.1,A<0.65 | 0.8<=beta<1.1,baseline_strongest_25
500,54_0.91_0.59.png,54,0.91,0.59,400,400,24.08176808141675,0.9769777655601501,30.25728718236286,0.9886562824249268,30.596104496908243,0.9901379942893982,0.3388173145453841,0.0014817118644714355,0.85<=A<0.95,beta<0.8,0.85<=A<0.95 | beta<0.8,baseline_middle_50
501,550_0.55_1.01.png,550,0.55,1.01,480,640,20.37173618748818,0.8668982982635498,38.443999881704954,0.9952443242073059,36.935149005546755,0.9941110014915466,-1.5088508761581991,-0.0011333227157592773,A<0.65,0.8<=beta<1.1,A<0.65 | 0.8<=beta<1.1,baseline_strongest_25
502,551_0.71_1.31.png,551,0.71,1.31,480,640,16.814301683757712,0.8247793912887573,38.5330083644717,0.9926809668540955,38.051743061433825,0.9930180311203003,-0.4812653030378726,0.000337064266204834,0.65<=A<0.75,1.1<=beta<1.4,0.65<=A<0.75 | 1.1<=beta<1.4,baseline_strongest_25
503,552_0.88_1.88.png,552,0.88,1.88,480,640,11.875234556976274,0.7465157508850098,33.72077077160236,0.9864256978034973,33.72192579044565,0.9872735738754272,0.001155018843292055,0.0008478760719299316,0.85<=A<0.95,beta>=1.7,0.85<=A<0.95 | beta>=1.7,baseline_middle_50
504,553_0.51_1.76.png,553,0.51,1.76,480,640,23.125850592237303,0.916639506816864,37.913466701714455,0.9955319762229919,33.98900840661411,0.9948102235794067,-3.9244582951003437,-0.0007217526435852051,A<0.65,beta>=1.7,A<0.65 | beta>=1.7,baseline_strongest_25
505,554_0.96_1.87.png,554,0.96,1.87,480,640,18.499143463897273,0.8799609541893005,35.36049413945077,0.9924411177635193,34.15827344194871,0.992332935333252,-1.2022206975020637,-0.00010818243026733398,A>=0.95,beta>=1.7,A>=0.95 | beta>=1.7,baseline_middle_50
506,555_0.75_1.55.png,555,0.75,1.55,480,640,22.900331386960985,0.9075355529785156,39.17501371615538,0.9951550364494324,38.24566394659094,0.9945219159126282,-0.929349769564439,-0.0006331205368041992,0.75<=A<0.85,1.4<=beta<1.7,0.75<=A<0.85 | 1.4<=beta<1.7,baseline_strongest_25
507,556_0.61_0.91.png,556,0.61,0.91,480,640,28.357701125035618,0.9413047432899475,43.135485947188,0.9964060187339783,42.13971877308815,0.9964468479156494,-0.9957671740998535,4.082918167114258e-05,A<0.65,0.8<=beta<1.1,A<0.65 | 0.8<=beta<1.1,baseline_strongest_25
508,557_0.68_0.68.png,557,0.68,0.68,480,640,26.28256777112552,0.9072145223617554,41.822966284954816,0.9955151081085205,41.365294978543815,0.9960876703262329,-0.45767130641100096,0.0005725622177124023,0.65<=A<0.75,beta<0.8,0.65<=A<0.75 | beta<0.8,baseline_strongest_25
509,558_0.93_1.03.png,558,0.93,1.03,480,640,19.387617387108975,0.8463919162750244,35.566524102647676,0.9925274848937988,36.02596880121787,0.9926798939704895,0.459444698570195,0.00015240907669067383,0.85<=A<0.95,0.8<=beta<1.1,0.85<=A<0.95 | 0.8<=beta<1.1,baseline_middle_50
510,559_1.0_1.23.png,559,1.0,1.23,480,640,17.216639823688173,0.8220280408859253,32.90463998100932,0.988127589225769,32.789072017763566,0.9887362122535706,-0.11556796324575203,0.0006086230278015137,A>=0.95,1.1<=beta<1.4,A>=0.95 | 1.1<=beta<1.4,baseline_middle_50
511,55_0.56_1.57.png,55,0.56,1.57,400,400,24.850744768581954,0.9582692384719849,32.442292202204776,0.9877716302871704,32.2491609375981,0.9887881875038147,-0.19313126460667718,0.0010165572166442871,A<0.65,1.4<=beta<1.7,A<0.65 | 1.4<=beta<1.7,baseline_middle_50
512,560_0.74_1.77.png,560,0.74,1.77,480,640,18.52707604522805,0.821342945098877,35.81675526302484,0.990780234336853,36.40074646820417,0.9911787509918213,0.5839912051793306,0.0003985166549682617,0.65<=A<0.75,beta>=1.7,0.65<=A<0.75 | beta>=1.7,baseline_middle_50
513,561_0.52_1.24.png,561,0.52,1.24,480,640,22.33294133626807,0.9199670553207397,37.736803511041515,0.9953184723854065,35.56152812237801,0.9945328831672668,-2.1752753886635077,-0.0007855892181396484,A<0.65,1.1<=beta<1.4,A<0.65 | 1.1<=beta<1.4,baseline_strongest_25
514,562_0.83_0.92.png,562,0.83,0.92,480,640,20.006870568543533,0.9187868237495422,37.28709552220221,0.9955880641937256,37.20832102569415,0.9950849413871765,-0.07877449650806057,-0.0005031228065490723,0.75<=A<0.85,0.8<=beta<1.1,0.75<=A<0.85 | 0.8<=beta<1.1,baseline_strongest_25
515,563_0.56_1.5.png,563,0.56,1.5,480,640,20.726576939578806,0.9020367860794067,37.3498341339994,0.9944819808006287,35.27670328571384,0.9937012195587158,-2.073130848285558,-0.0007807612419128418,A<0.65,1.4<=beta<1.7,A<0.65 | 1.4<=beta<1.7,baseline_strongest_25
516,564_0.83_1.95.png,564,0.83,1.95,480,640,15.085642888332497,0.8477099537849426,33.85816749176697,0.9907321333885193,34.46937995287018,0.9907575249671936,0.6112124611032073,2.5391578674316406e-05,0.75<=A<0.85,beta>=1.7,0.75<=A<0.85 | beta>=1.7,baseline_middle_50
517,565_0.8_0.81.png,565,0.8,0.81,480,640,20.634741498278075,0.9277194738388062,33.66002721455902,0.9899137616157532,31.77228004012037,0.9888758659362793,-1.8877471744386511,-0.001037895679473877,0.75<=A<0.85,0.8<=beta<1.1,0.75<=A<0.85 | 0.8<=beta<1.1,baseline_middle_50
518,566_0.82_1.84.png,566,0.82,1.84,480,640,14.868235368278608,0.8486146330833435,30.11512411917311,0.9771180748939514,27.247259747060035,0.9702638387680054,-2.8678643721130754,-0.006854236125946045,0.75<=A<0.85,beta>=1.7,0.75<=A<0.85 | beta>=1.7,baseline_middle_50
519,567_0.56_0.66.png,567,0.56,0.66,480,640,26.42619807488956,0.9611052870750427,36.678977815185135,0.9939508438110352,36.98374780682752,0.9945166110992432,0.30476999164238805,0.0005657672882080078,A<0.65,beta<0.8,A<0.65 | beta<0.8,baseline_strongest_25
520,568_0.51_1.22.png,568,0.51,1.22,480,640,22.79145881320874,0.9335503578186035,34.69716280852799,0.9917833805084229,34.57435074327353,0.9919271469116211,-0.12281206525446464,0.0001437664031982422,A<0.65,1.1<=beta<1.4,A<0.65 | 1.1<=beta<1.4,baseline_middle_50
521,569_0.87_1.21.png,569,0.87,1.21,480,640,20.190636450164703,0.927082896232605,33.387420476063916,0.992220401763916,33.33776633771351,0.9915787577629089,-0.04965413835040522,-0.0006416440010070801,0.85<=A<0.95,1.1<=beta<1.4,0.85<=A<0.95 | 1.1<=beta<1.4,baseline_middle_50
522,56_0.84_1.19.png,56,0.84,1.19,400,400,20.569697288455508,0.9449334740638733,28.473983100819744,0.9838336110115051,28.93606301266776,0.9863381385803223,0.462079911848015,0.0025045275688171387,0.75<=A<0.85,1.1<=beta<1.4,0.75<=A<0.85 | 1.1<=beta<1.4,baseline_weakest_25
523,570_0.63_0.57.png,570,0.63,0.57,480,640,27.589764925015963,0.9748246669769287,40.3988760116312,0.9966722130775452,40.391923004178274,0.9967718720436096,-0.0069530074529282615,9.965896606445312e-05,A<0.65,beta<0.8,A<0.65 | beta<0.8,baseline_strongest_25
524,571_0.95_0.72.png,571,0.95,0.72,480,640,22.472277498429936,0.9522352814674377,33.601216829051765,0.994018018245697,33.597885238138765,0.9941171407699585,-0.0033315909129996157,9.912252426147461e-05,A>=0.95,beta<0.8,A>=0.95 | beta<0.8,baseline_middle_50
525,572_0.61_0.84.png,572,0.61,0.84,480,640,24.88874548922301,0.9617505669593811,39.54860927959044,0.9956815838813782,39.137654524658174,0.9959123730659485,-0.41095475493226274,0.0002307891845703125,A<0.65,0.8<=beta<1.1,A<0.65 | 0.8<=beta<1.1,baseline_strongest_25
526,573_0.91_1.54.png,573,0.91,1.54,480,640,14.272989591875373,0.8206570744514465,32.706217040598105,0.9826952219009399,31.912615449806218,0.9818528890609741,-0.7936015907918872,-0.0008423328399658203,0.85<=A<0.95,1.4<=beta<1.7,0.85<=A<0.95 | 1.4<=beta<1.7,baseline_middle_50
527,574_0.95_1.03.png,574,0.95,1.03,480,640,16.37923475662401,0.8602779507637024,34.41689665785518,0.9882305264472961,33.49399094750001,0.9858297109603882,-0.9229057103551739,-0.002400815486907959,A>=0.95,0.8<=beta<1.1,A>=0.95 | 0.8<=beta<1.1,baseline_middle_50
528,575_0.57_1.51.png,575,0.57,1.51,480,640,18.601684902063152,0.8733975887298584,35.518119659529205,0.9880723357200623,35.81767819800251,0.987237274646759,0.29955853847330616,-0.0008350610733032227,A<0.65,1.4<=beta<1.7,A<0.65 | 1.4<=beta<1.7,baseline_middle_50
529,576_0.53_1.95.png,576,0.53,1.95,480,640,17.4331063808297,0.8508464694023132,34.3119660897353,0.9858390688896179,34.688291548162155,0.985329806804657,0.37632545842685516,-0.0005092620849609375,A<0.65,beta>=1.7,A<0.65 | beta>=1.7,baseline_middle_50
530,577_0.85_0.68.png,577,0.85,0.68,480,640,18.743747659632145,0.923039972782135,35.5200984807979,0.99288409948349,35.64778639424333,0.9936825037002563,0.12768791344543473,0.0007984042167663574,0.85<=A<0.95,beta<0.8,0.85<=A<0.95 | beta<0.8,baseline_middle_50
531,578_0.8_1.52.png,578,0.8,1.52,480,640,14.246581894956936,0.8346021771430969,31.805238511756116,0.9842394590377808,32.95095497354418,0.9867284297943115,1.1457164617880622,0.0024889707565307617,0.75<=A<0.85,1.4<=beta<1.7,0.75<=A<0.85 | 1.4<=beta<1.7,baseline_middle_50
532,579_0.52_0.61.png,579,0.52,0.61,480,640,25.193700348699373,0.9626089334487915,35.552551903448034,0.9952173829078674,36.536858524623625,0.9960240721702576,0.9843066211755911,0.0008066892623901367,A<0.65,beta<0.8,A<0.65 | beta<0.8,baseline_middle_50
533,57_0.67_1.75.png,57,0.67,1.75,400,400,11.188883244609666,0.7626206874847412,29.55708062071964,0.9791767597198486,28.216639524340444,0.9776027202606201,-1.3404410963791946,-0.0015740394592285156,0.65<=A<0.75,beta>=1.7,0.65<=A<0.75 | beta>=1.7,baseline_middle_50
534,580_0.88_1.15.png,580,0.88,1.15,480,640,14.510237555755987,0.8586269617080688,31.241471351037163,0.9853261709213257,32.544186122664016,0.9878112077713013,1.302714771626853,0.002485036849975586,0.85<=A<0.95,1.1<=beta<1.4,0.85<=A<0.95 | 1.1<=beta<1.4,baseline_middle_50
535,581_1.0_1.04.png,581,1.0,1.04,480,640,13.996147894394774,0.8575880527496338,33.81784496137827,0.991453230381012,32.94762228504639,0.9910001754760742,-0.8702226763318777,-0.00045305490493774414,A>=0.95,0.8<=beta<1.1,A>=0.95 | 0.8<=beta<1.1,baseline_middle_50
536,582_0.55_1.63.png,582,0.55,1.63,480,640,18.781229744673375,0.868638277053833,35.962433574072314,0.9929138422012329,36.370697305695494,0.9931639432907104,0.40826373162317964,0.00025010108947753906,A<0.65,1.4<=beta<1.7,A<0.65 | 1.4<=beta<1.7,baseline_middle_50
537,583_0.7_0.93.png,583,0.7,0.93,480,640,20.195944394835287,0.9149928092956543,39.0114766109417,0.9954177737236023,38.02610336863376,0.9955673217773438,-0.9853732423079364,0.00014954805374145508,0.65<=A<0.75,0.8<=beta<1.1,0.65<=A<0.75 | 0.8<=beta<1.1,baseline_strongest_25
538,584_0.74_1.42.png,584,0.74,1.42,480,640,16.679986085321023,0.8603513240814209,35.59888670151374,0.9924374222755432,36.15759726438762,0.992591917514801,0.5587105628738769,0.0001544952392578125,0.65<=A<0.75,1.4<=beta<1.7,0.65<=A<0.75 | 1.4<=beta<1.7,baseline_middle_50
539,585_0.75_1.97.png,585,0.75,1.97,480,640,13.584545675716313,0.7942026853561401,32.45869160328256,0.9840416312217712,30.04845134199718,0.9791379570960999,-2.410240261285381,-0.004903674125671387,0.75<=A<0.85,beta>=1.7,0.75<=A<0.85 | beta>=1.7,baseline_middle_50
540,586_0.98_1.59.png,586,0.98,1.59,480,640,11.044951857386938,0.7807598114013672,29.02277210276447,0.9797854423522949,26.6830732752979,0.9722644686698914,-2.33969882746657,-0.0075209736824035645,A>=0.95,1.4<=beta<1.7,A>=0.95 | 1.4<=beta<1.7,baseline_middle_50
541,587_0.87_1.84.png,587,0.87,1.84,480,640,11.9041492467892,0.7796000242233276,30.60808897115048,0.9809678196907043,28.239468936838144,0.9757293462753296,-2.368620034312336,-0.005238473415374756,0.85<=A<0.95,beta>=1.7,0.85<=A<0.95 | beta>=1.7,baseline_middle_50
542,588_0.71_0.58.png,588,0.71,0.58,480,640,22.1403317225456,0.9407126307487488,37.487313396616486,0.9939656257629395,35.75941308214776,0.992378830909729,-1.7279003144687266,-0.0015867948532104492,0.65<=A<0.75,beta<0.8,0.65<=A<0.75 | beta<0.8,baseline_strongest_25
543,589_0.81_1.82.png,589,0.81,1.82,480,640,8.770056755999919,0.4353843927383423,37.89518514557809,0.9730622172355652,35.17465301709838,0.9732460975646973,-2.720532128479711,0.00018388032913208008,0.75<=A<0.85,beta>=1.7,0.75<=A<0.85 | beta>=1.7,baseline_strongest_25
544,58_0.51_1.21.png,58,0.51,1.21,400,400,16.032316744611418,0.8709778785705566,32.53815352431499,0.9853466749191284,30.813559051147816,0.9855276346206665,-1.7245944731671763,0.00018095970153808594,A<0.65,1.1<=beta<1.4,A<0.65 | 1.1<=beta<1.4,baseline_middle_50
545,590_0.71_1.38.png,590,0.71,1.38,480,640,11.555753764679086,0.5031948089599609,39.99917292449376,0.9828022122383118,38.324729186466215,0.9807460904121399,-1.6744437380275485,-0.002056121826171875,0.65<=A<0.75,1.1<=beta<1.4,0.65<=A<0.75 | 1.1<=beta<1.4,baseline_strongest_25
546,591_0.6_1.21.png,591,0.6,1.21,480,640,13.8818663645159,0.5504094362258911,40.5939031294906,0.9853965640068054,40.21153339134506,0.9858677983283997,-0.38236973814554176,0.0004712343215942383,A<0.65,1.1<=beta<1.4,A<0.65 | 1.1<=beta<1.4,baseline_strongest_25
547,592_0.66_1.53.png,592,0.66,1.53,480,640,11.512773735091063,0.49668383598327637,39.53293162657783,0.9820638298988342,38.059009902216786,0.9808176755905151,-1.4739217243610412,-0.0012461543083190918,0.65<=A<0.75,1.4<=beta<1.7,0.65<=A<0.75 | 1.4<=beta<1.7,baseline_strongest_25
548,593_0.87_1.5.png,593,0.87,1.5,480,640,16.729854428588844,0.7703781127929688,37.6350367955552,0.9906551241874695,35.93430441286326,0.9901889562606812,-1.700732382691939,-0.0004661679267883301,0.85<=A<0.95,1.4<=beta<1.7,0.85<=A<0.95 | 1.4<=beta<1.7,baseline_strongest_25
549,594_0.67_1.12.png,594,0.67,1.12,480,640,21.94575849175045,0.8387957811355591,39.568102031030136,0.9936690926551819,40.43400316203903,0.9945502877235413,0.8659011310088971,0.000881195068359375,0.65<=A<0.75,1.1<=beta<1.4,0.65<=A<0.75 | 1.1<=beta<1.4,baseline_strongest_25
550,595_0.66_0.97.png,595,0.66,0.97,480,640,23.146232155746127,0.8554203510284424,40.12146693102721,0.9942103624343872,41.3778029169017,0.9950214624404907,1.2563359858744931,0.0008111000061035156,0.65<=A<0.75,0.8<=beta<1.1,0.65<=A<0.75 | 0.8<=beta<1.1,baseline_strongest_25
551,596_0.91_0.52.png,596,0.91,0.52,480,640,23.77792323327931,0.8820780515670776,40.948705963232676,0.9944642186164856,40.82883155432551,0.9948986768722534,-0.11987440890716528,0.00043445825576782227,0.85<=A<0.95,beta<0.8,0.85<=A<0.95 | beta<0.8,baseline_strongest_25
552,597_0.87_0.61.png,597,0.87,0.61,480,640,19.826388528496416,0.8816924691200256,39.797395965910916,0.9940994381904602,38.69279647667361,0.9938225150108337,-1.1045994892373088,-0.00027692317962646484,0.85<=A<0.95,beta<0.8,0.85<=A<0.95 | beta<0.8,baseline_strongest_25
553,598_0.58_1.14.png,598,0.58,1.14,480,640,19.770890090980846,0.862553060054779,40.572420688217335,0.9932154417037964,39.27443755682209,0.9933716058731079,-1.2979831313952417,0.00015616416931152344,A<0.65,1.1<=beta<1.4,A<0.65 | 1.1<=beta<1.4,baseline_strongest_25
554,599_0.69_1.58.png,599,0.69,1.58,480,640,15.916630157147845,0.8049095273017883,37.48124827979651,0.9885206818580627,36.34879853480403,0.9894711971282959,-1.1324497449924777,0.0009505152702331543,0.65<=A<0.75,1.4<=beta<1.7,0.65<=A<0.75 | 1.4<=beta<1.7,baseline_strongest_25
555,59_0.83_0.85.png,59,0.83,0.85,400,400,14.459801230792156,0.8621912002563477,29.759194576868502,0.9864212274551392,27.762811683014977,0.9847532510757446,-1.996382893853525,-0.0016679763793945312,0.75<=A<0.85,0.8<=beta<1.1,0.75<=A<0.85 | 0.8<=beta<1.1,baseline_middle_50
556,5_0.89_1.34.png,5,0.89,1.34,400,400,13.064030088570659,0.8295921683311462,28.191036732269374,0.9841631650924683,27.556060257468673,0.9830674529075623,-0.6349764748007019,-0.0010957121849060059,0.85<=A<0.95,1.1<=beta<1.4,0.85<=A<0.95 | 1.1<=beta<1.4,baseline_weakest_25
557,600_0.54_1.56.png,600,0.54,1.56,480,640,18.425501281712656,0.8344005942344666,36.090252102969195,0.9899626970291138,33.815393900492666,0.990088701248169,-2.27485820247653,0.00012600421905517578,A<0.65,1.4<=beta<1.7,A<0.65 | 1.4<=beta<1.7,baseline_middle_50
558,601_0.58_1.51.png,601,0.58,1.51,480,640,19.11367189631756,0.8809483647346497,37.26283101923234,0.9922685027122498,32.3692091878085,0.9881379008293152,-4.893621831423836,-0.00413060188293457,A<0.65,1.4<=beta<1.7,A<0.65 | 1.4<=beta<1.7,baseline_strongest_25
559,602_0.6_1.52.png,602,0.6,1.52,480,640,18.80188856875356,0.8777838945388794,37.242225155271726,0.9920437335968018,33.01174495356717,0.9885522723197937,-4.230480201704559,-0.0034914612770080566,A<0.65,1.4<=beta<1.7,A<0.65 | 1.4<=beta<1.7,baseline_strongest_25
560,603_0.9_0.85.png,603,0.9,0.85,480,640,17.641243988047194,0.8965344429016113,33.91626315581486,0.9897080659866333,33.18885241005634,0.9883873462677002,-0.7274107457585188,-0.0013207197189331055,0.85<=A<0.95,0.8<=beta<1.1,0.85<=A<0.95 | 0.8<=beta<1.1,baseline_middle_50
561,604_0.68_1.26.png,604,0.68,1.26,480,640,18.61806803870279,0.8863921761512756,35.65972141290677,0.9915941953659058,33.56713275733678,0.9886518120765686,-2.0925886555699904,-0.002942383289337158,0.65<=A<0.75,1.1<=beta<1.4,0.65<=A<0.75 | 1.1<=beta<1.4,baseline_middle_50
562,605_0.78_1.73.png,605,0.78,1.73,480,640,14.090005186558095,0.7943549752235413,32.26101442553369,0.9843646287918091,33.24702737021915,0.9858720302581787,0.9860129446854629,0.001507401466369629,0.75<=A<0.85,beta>=1.7,0.75<=A<0.85 | beta>=1.7,baseline_middle_50
563,606_0.55_1.35.png,606,0.55,1.35,480,640,18.640762569596006,0.8776274919509888,35.5560522122741,0.9907457828521729,37.71306588248532,0.9920491576194763,2.1570136702112137,0.0013033747673034668,A<0.65,1.1<=beta<1.4,A<0.65 | 1.1<=beta<1.4,baseline_middle_50
564,607_0.93_1.19.png,607,0.93,1.19,480,640,13.983916397003213,0.825486421585083,32.11395746529826,0.9863152503967285,32.28937913569413,0.9868068695068359,0.17542167039587042,0.0004916191101074219,0.85<=A<0.95,1.1<=beta<1.4,0.85<=A<0.95 | 1.1<=beta<1.4,baseline_middle_50
565,608_0.61_1.18.png,608,0.61,1.18,480,640,18.90900393634681,0.8854491710662842,36.38752698671962,0.9919263124465942,37.82448904747932,0.9929344654083252,1.4369620607596971,0.001008152961730957,A<0.65,1.1<=beta<1.4,A<0.65 | 1.1<=beta<1.4,baseline_strongest_25
566,609_0.88_1.91.png,609,0.88,1.91,480,640,12.770754502050941,0.784955620765686,27.829265115460963,0.9649084806442261,26.243316315620895,0.9600649476051331,-1.585948799840068,-0.004843533039093018,0.85<=A<0.95,beta>=1.7,0.85<=A<0.95 | beta>=1.7,baseline_weakest_25
567,60_0.6_1.68.png,60,0.6,1.68,400,400,12.216022115362133,0.7881020903587341,30.732639141450697,0.9807699918746948,30.139536592506516,0.9800925850868225,-0.5931025489441808,-0.0006774067878723145,A<0.65,1.4<=beta<1.7,A<0.65 | 1.4<=beta<1.7,baseline_middle_50
568,610_0.56_1.07.png,610,0.56,1.07,480,640,21.12372896202094,0.9120666980743408,35.166819061536565,0.9896494150161743,33.20141113852367,0.9871053695678711,-1.9654079230128971,-0.0025440454483032227,A<0.65,0.8<=beta<1.1,A<0.65 | 0.8<=beta<1.1,baseline_middle_50
569,611_0.69_1.58.png,611,0.69,1.58,480,640,16.869797205986504,0.8519020676612854,30.80672488824881,0.978492259979248,29.104196346940153,0.9761642217636108,-1.7025285413086557,-0.002328038215637207,0.65<=A<0.75,1.4<=beta<1.7,0.65<=A<0.75 | 1.4<=beta<1.7,baseline_middle_50
570,612_0.8_0.85.png,612,0.8,0.85,480,640,19.353567675061186,0.8985152244567871,33.07269468505566,0.985832929611206,30.97959749174779,0.9824742674827576,-2.0930971933078695,-0.0033586621284484863,0.75<=A<0.85,0.8<=beta<1.1,0.75<=A<0.85 | 0.8<=beta<1.1,baseline_middle_50
571,613_0.85_1.39.png,613,0.85,1.39,480,640,19.64573944557398,0.914761483669281,34.48200346623749,0.9931607842445374,33.48470868167868,0.9924295544624329,-0.9972947845588038,-0.0007312297821044922,0.85<=A<0.95,1.1<=beta<1.4,0.85<=A<0.95 | 1.1<=beta<1.4,baseline_middle_50
572,614_0.73_0.93.png,614,0.73,0.93,480,640,24.393108628004377,0.9515462517738342,36.72735465867888,0.9956580996513367,35.02550419510865,0.9948777556419373,-1.7018504635702243,-0.0007803440093994141,0.65<=A<0.75,0.8<=beta<1.1,0.65<=A<0.75 | 0.8<=beta<1.1,baseline_strongest_25
573,615_0.52_0.98.png,615,0.52,0.98,480,640,26.28362389755506,0.963119626045227,35.694616555808636,0.9957677125930786,33.46762299413495,0.9948270320892334,-2.2269935616736873,-0.0009406805038452148,A<0.65,0.8<=beta<1.1,A<0.65 | 0.8<=beta<1.1,baseline_middle_50
574,616_0.8_1.72.png,616,0.8,1.72,480,640,18.91977126215052,0.9011756777763367,34.40841603902779,0.9923216104507446,33.22779935584514,0.9915139079093933,-1.1806166831826488,-0.0008077025413513184,0.75<=A<0.85,beta>=1.7,0.75<=A<0.85 | beta>=1.7,baseline_middle_50
575,617_0.98_0.85.png,617,0.98,0.85,480,640,19.382929354688848,0.9189817905426025,31.182820721328362,0.9886186718940735,32.12649391181533,0.9886507987976074,0.9436731904869688,3.212690353393555e-05,A>=0.95,0.8<=beta<1.1,A>=0.95 | 0.8<=beta<1.1,baseline_middle_50
576,618_0.89_1.01.png,618,0.89,1.01,480,640,19.505209003739672,0.9146574139595032,33.16183253201153,0.9904994964599609,32.950344080050435,0.9891680479049683,-0.21148845196109534,-0.0013314485549926758,0.85<=A<0.95,0.8<=beta<1.1,0.85<=A<0.95 | 0.8<=beta<1.1,baseline_middle_50
577,619_0.63_1.97.png,619,0.63,1.97,480,640,18.982217810463705,0.8831997513771057,36.76428509383894,0.9903469681739807,33.66201877982999,0.9882221221923828,-3.1022663140089506,-0.0021248459815979004,A<0.65,beta>=1.7,A<0.65 | beta>=1.7,baseline_strongest_25
578,61_0.98_0.82.png,61,0.98,0.82,400,400,11.274786859862642,0.7329077124595642,29.35419777738868,0.9824346303939819,30.14217553151065,0.9844648838043213,0.7879777541219681,0.0020302534103393555,A>=0.95,0.8<=beta<1.1,A>=0.95 | 0.8<=beta<1.1,baseline_middle_50
579,620_0.56_0.87.png,620,0.56,0.87,480,640,24.494152032444376,0.9472547769546509,40.38786723679128,0.9954653978347778,40.01767717255544,0.9947644472122192,-0.37019006423584244,-0.0007009506225585938,A<0.65,0.8<=beta<1.1,A<0.65 | 0.8<=beta<1.1,baseline_strongest_25
580,621_0.68_1.14.png,621,0.68,1.14,480,640,18.21516557720781,0.8892304301261902,35.79939455683207,0.9911269545555115,35.84294267248772,0.9920527338981628,0.04354811565565342,0.0009257793426513672,0.65<=A<0.75,1.1<=beta<1.4,0.65<=A<0.75 | 1.1<=beta<1.4,baseline_middle_50
581,622_0.55_1.49.png,622,0.55,1.49,480,640,18.665514165945265,0.87811279296875,36.095746121940444,0.9913873076438904,35.05606589512526,0.9908401966094971,-1.039680226815186,-0.0005471110343933105,A<0.65,1.4<=beta<1.7,A<0.65 | 1.4<=beta<1.7,baseline_strongest_25
582,623_0.75_1.05.png,623,0.75,1.05,480,640,17.61567685856372,0.8882423639297485,35.03600930543446,0.990644633769989,34.73561012305548,0.9912835359573364,-0.3003991823789818,0.0006389021873474121,0.75<=A<0.85,0.8<=beta<1.1,0.75<=A<0.85 | 0.8<=beta<1.1,baseline_middle_50
583,624_0.58_0.68.png,624,0.58,0.68,480,640,23.274284474143077,0.9414940476417542,39.94971548520476,0.9957860112190247,37.57865339410131,0.9949380159378052,-2.371062091103454,-0.0008479952812194824,A<0.65,beta<0.8,A<0.65 | beta<0.8,baseline_strongest_25
584,625_0.89_1.64.png,625,0.89,1.64,480,640,12.227385296267347,0.7741613388061523,32.503341518915136,0.987242579460144,32.963236935834644,0.9875632524490356,0.4598954169195082,0.00032067298889160156,0.85<=A<0.95,1.4<=beta<1.7,0.85<=A<0.95 | 1.4<=beta<1.7,baseline_middle_50
585,626_0.78_1.81.png,626,0.78,1.81,480,640,13.263798278828297,0.7797770500183105,33.07090348971847,0.9876188635826111,33.96428929067503,0.9885044097900391,0.8933858009565654,0.0008855462074279785,0.75<=A<0.85,beta>=1.7,0.75<=A<0.85 | beta>=1.7,baseline_middle_50
586,627_0.73_1.69.png,627,0.73,1.69,480,640,14.399935976587479,0.801346480846405,34.23268952851388,0.9895632266998291,35.05756304527645,0.9902995824813843,0.8248735167625725,0.0007363557815551758,0.65<=A<0.75,1.4<=beta<1.7,0.65<=A<0.75 | 1.4<=beta<1.7,baseline_middle_50
587,628_0.94_1.47.png,628,0.94,1.47,480,640,12.190106236213516,0.7826050519943237,32.398048985728146,0.9875248670578003,32.67944100653108,0.9880476593971252,0.281392020802933,0.0005227923393249512,0.85<=A<0.95,1.4<=beta<1.7,0.85<=A<0.95 | 1.4<=beta<1.7,baseline_middle_50
588,629_0.58_1.06.png,629,0.58,1.06,480,640,21.306166583415312,0.9105690121650696,36.86076524869828,0.9938167333602905,38.21864821541855,0.9943145513534546,1.3578829667202683,0.0004978179931640625,A<0.65,0.8<=beta<1.1,A<0.65 | 0.8<=beta<1.1,baseline_strongest_25
589,62_0.6_0.77.png,62,0.6,0.77,400,400,14.813929712143333,0.8324609398841858,28.95405854561986,0.9871509075164795,30.670428619048668,0.9875929951667786,1.7163700734288092,0.00044208765029907227,A<0.65,beta<0.8,A<0.65 | beta<0.8,baseline_middle_50
590,630_0.86_1.53.png,630,0.86,1.53,480,640,14.225780241354741,0.821215033531189,32.727422162384954,0.9873301386833191,32.35260388028378,0.9880468249320984,-0.37481828210117385,0.0007166862487792969,0.85<=A<0.95,1.4<=beta<1.7,0.85<=A<0.95 | 1.4<=beta<1.7,baseline_middle_50
591,631_0.6_1.43.png,631,0.6,1.43,480,640,19.075395534173182,0.8740630745887756,35.615162340856685,0.9915671944618225,36.65335053759068,0.9924535155296326,1.0381881967339979,0.0008863210678100586,A<0.65,1.4<=beta<1.7,A<0.65 | 1.4<=beta<1.7,baseline_middle_50
592,632_0.57_0.74.png,632,0.57,0.74,480,640,23.986539048026398,0.9406583905220032,37.752052262002984,0.9951171278953552,39.39016505835874,0.9955273270606995,1.638112796355756,0.0004101991653442383,A<0.65,beta<0.8,A<0.65 | beta<0.8,baseline_strongest_25
593,633_0.96_0.87.png,633,0.96,0.87,480,640,13.957413222907144,0.8357135057449341,33.654233613345724,0.9898902773857117,32.15966903090719,0.9873908162117004,-1.4945645824385352,-0.0024994611740112305,A>=0.95,0.8<=beta<1.1,A>=0.95 | 0.8<=beta<1.1,baseline_middle_50
594,634_0.93_1.27.png,634,0.93,1.27,480,640,11.976606794819045,0.7854788303375244,32.51607247601236,0.9856322407722473,30.895290529472398,0.981579601764679,-1.6207819465399638,-0.004052639007568359,0.85<=A<0.95,1.1<=beta<1.4,0.85<=A<0.95 | 1.1<=beta<1.4,baseline_middle_50
595,635_0.83_0.65.png,635,0.83,0.65,480,640,17.85889695039937,0.8906980156898499,36.49917987255196,0.9935412406921387,35.47255259131602,0.9922277331352234,-1.026627281235946,-0.0013135075569152832,0.75<=A<0.85,beta<0.8,0.75<=A<0.85 | beta<0.8,baseline_strongest_25
596,636_0.58_1.91.png,636,0.58,1.91,480,640,15.129855912708823,0.8001540303230286,34.08926122825969,0.9840516448020935,32.62526069550633,0.9818483591079712,-1.46400053275336,-0.0022032856941223145,A<0.65,beta>=1.7,A<0.65 | beta>=1.7,baseline_middle_50
597,637_0.63_1.9.png,637,0.63,1.9,480,640,14.905566280865372,0.7967516183853149,34.852535933567935,0.9880387783050537,32.19686046617472,0.9873359203338623,-2.655675467393216,-0.0007028579711914062,A<0.65,beta>=1.7,A<0.65 | beta>=1.7,baseline_middle_50
598,638_0.82_1.07.png,638,0.82,1.07,480,640,15.525606809131506,0.8471013903617859,36.08921751503505,0.9906110763549805,36.90349053704929,0.9917669892311096,0.814273022014234,0.0011559128761291504,0.75<=A<0.85,0.8<=beta<1.1,0.75<=A<0.85 | 0.8<=beta<1.1,baseline_middle_50
599,639_0.78_0.71.png,639,0.78,0.71,480,640,18.922250697691652,0.8980653285980225,37.90586201357875,0.9937967658042908,38.78740714862151,0.994706392288208,0.8815451350427637,0.0009096264839172363,0.75<=A<0.85,beta<0.8,0.75<=A<0.85 | beta<0.8,baseline_strongest_25
600,63_0.51_1.84.png,63,0.51,1.84,400,400,12.600941756772453,0.6429449319839478,29.075006369028415,0.9854251146316528,26.86391128570259,0.9801496267318726,-2.2110950833258265,-0.0052754878997802734,A<0.65,beta>=1.7,A<0.65 | beta>=1.7,baseline_middle_50
601,640_0.64_1.94.png,640,0.64,1.94,480,640,14.635502453643905,0.7913252115249634,34.403884705669824,0.9871081709861755,31.946871118437844,0.9864773750305176,-2.4570135872319803,-0.000630795955657959,A<0.65,beta>=1.7,A<0.65 | beta>=1.7,baseline_middle_50
602,641_0.95_1.18.png,641,0.95,1.18,480,640,12.17254655881229,0.4626326560974121,37.02441169136054,0.9824655652046204,37.99764842471934,0.9832377433776855,0.9732367333587959,0.0007721781730651855,A>=0.95,1.1<=beta<1.4,A>=0.95 | 1.1<=beta<1.4,baseline_strongest_25
603,642_0.99_1.18.png,642,0.99,1.18,480,640,11.789830674263527,0.45506545901298523,35.833571058623626,0.9813822507858276,37.4776358285698,0.9824841022491455,1.6440647699461763,0.001101851463317871,A>=0.95,1.1<=beta<1.4,A>=0.95 | 1.1<=beta<1.4,baseline_middle_50
604,643_0.82_0.72.png,643,0.82,0.72,480,640,17.088836242939472,0.5793390870094299,39.4888119200933,0.9872206449508667,39.28499156735037,0.9888678789138794,-0.2038203527429303,0.0016472339630126953,0.75<=A<0.85,beta<0.8,0.75<=A<0.85 | beta<0.8,baseline_strongest_25
605,644_0.97_1.85.png,644,0.97,1.85,480,640,9.146358991240099,0.3809768557548523,34.68266619295101,0.9713470935821533,34.73005163943183,0.9724122881889343,0.047385446480816995,0.0010651946067810059,A>=0.95,beta>=1.7,A>=0.95 | beta>=1.7,baseline_middle_50
606,645_0.58_1.99.png,645,0.58,1.99,480,640,15.669546791878696,0.8102685809135437,34.54019082699421,0.9859492778778076,34.951992243694136,0.9844066500663757,0.4118014166999231,-0.0015426278114318848,A<0.65,beta>=1.7,A<0.65 | beta>=1.7,baseline_middle_50
607,646_0.52_1.97.png,646,0.52,1.97,480,640,16.537278628245144,0.8226145505905151,32.959798361765664,0.9868728518486023,33.08551715440731,0.9864711165428162,0.1257187926416492,-0.0004017353057861328,A<0.65,beta>=1.7,A<0.65 | beta>=1.7,baseline_middle_50
608,647_0.82_0.94.png,647,0.82,0.94,480,640,16.647653426277124,0.8612379431724548,35.79289518567783,0.9905835390090942,36.36932142077688,0.9900063872337341,0.5764262350990492,-0.0005771517753601074,0.75<=A<0.85,0.8<=beta<1.1,0.75<=A<0.85 | 0.8<=beta<1.1,baseline_middle_50
609,648_0.94_1.95.png,648,0.94,1.95,480,640,10.784964810507613,0.7381727695465088,30.069186748730516,0.9650015830993652,28.97675739513195,0.956615686416626,-1.0924293535985647,-0.008385896682739258,0.85<=A<0.95,beta>=1.7,0.85<=A<0.95 | beta>=1.7,baseline_middle_50
610,649_0.85_1.14.png,649,0.85,1.14,480,640,12.54251937475598,0.695288896560669,39.939606078407984,0.9931846857070923,39.42783862263452,0.9931020736694336,-0.5117674557734659,-8.26120376586914e-05,0.85<=A<0.95,1.1<=beta<1.4,0.85<=A<0.95 | 1.1<=beta<1.4,baseline_strongest_25
611,64_0.62_0.79.png,64,0.62,0.79,400,400,14.354412150890246,0.8218002915382385,28.90614098284333,0.9870125651359558,30.688669230341322,0.9879157543182373,1.7825282474979929,0.0009031891822814941,A<0.65,beta<0.8,A<0.65 | beta<0.8,baseline_middle_50
612,650_0.56_0.65.png,650,0.56,0.65,480,640,19.209165750995435,0.824536144733429,43.85473263481171,0.9963415861129761,42.787322056526655,0.9962798357009888,-1.067410578285056,-6.175041198730469e-05,A<0.65,beta<0.8,A<0.65 | beta<0.8,baseline_strongest_25
613,651_0.89_1.04.png,651,0.89,1.04,480,640,12.645427112587917,0.7045016884803772,39.67357824341041,0.9933785200119019,39.46056540555205,0.993401825428009,-0.21301283785835778,2.3305416107177734e-05,0.85<=A<0.95,0.8<=beta<1.1,0.85<=A<0.95 | 0.8<=beta<1.1,baseline_strongest_25
614,652_0.67_1.73.png,652,0.67,1.73,480,640,12.218864304350213,0.6440449953079224,38.181796739216246,0.9892675280570984,35.43927259991918,0.9903446435928345,-2.7425241392970676,0.001077115535736084,0.65<=A<0.75,beta>=1.7,0.65<=A<0.75 | beta>=1.7,baseline_strongest_25
615,653_0.88_1.66.png,653,0.88,1.66,480,640,10.397878602540036,0.398546427488327,37.72597781951185,0.9715219140052795,36.975381591081124,0.9698845744132996,-0.750596228430723,-0.0016373395919799805,0.85<=A<0.95,1.4<=beta<1.7,0.85<=A<0.95 | 1.4<=beta<1.7,baseline_strongest_25
616,654_0.84_1.35.png,654,0.84,1.35,480,640,12.155081510323456,0.43486303091049194,39.16138835891409,0.977600634098053,38.34117614413563,0.9776623845100403,-0.8202122147784578,6.175041198730469e-05,0.75<=A<0.85,1.1<=beta<1.4,0.75<=A<0.85 | 1.1<=beta<1.4,baseline_strongest_25
617,655_0.8_1.51.png,655,0.8,1.51,480,640,11.838920126533601,0.42661252617836,38.96541395779967,0.9766272902488708,38.569917135843205,0.9765022397041321,-0.3954968219564634,-0.00012505054473876953,0.75<=A<0.85,1.4<=beta<1.7,0.75<=A<0.85 | 1.4<=beta<1.7,baseline_strongest_25
618,656_0.88_1.72.png,656,0.88,1.72,480,640,10.174466708038135,0.3936229348182678,37.40186542868471,0.9709333181381226,36.77037412464299,0.969706118106842,-0.6314913040417167,-0.0012272000312805176,0.85<=A<0.95,beta>=1.7,0.85<=A<0.95 | beta>=1.7,baseline_strongest_25
619,657_0.61_1.25.png,657,0.61,1.25,480,640,18.49399081289662,0.7953914999961853,37.96513815173726,0.9904792308807373,37.27379326983272,0.9894809126853943,-0.6913448819045342,-0.0009983181953430176,A<0.65,1.1<=beta<1.4,A<0.65 | 1.1<=beta<1.4,baseline_strongest_25
620,658_0.67_0.54.png,658,0.67,0.54,480,640,24.077528058602763,0.8751576542854309,42.10411877189409,0.9943145513534546,42.138942547009705,0.994554877281189,0.034823775115611966,0.000240325927734375,0.65<=A<0.75,beta<0.8,0.65<=A<0.75 | beta<0.8,baseline_strongest_25
621,659_0.8_1.18.png,659,0.8,1.18,480,640,16.718152468214477,0.770513117313385,37.367156064418985,0.9886124730110168,36.98370710003131,0.9877030253410339,-0.38344896438767506,-0.0009094476699829102,0.75<=A<0.85,1.1<=beta<1.4,0.75<=A<0.85 | 1.1<=beta<1.4,baseline_strongest_25
622,65_0.89_0.51.png,65,0.89,0.51,400,400,24.715976396602052,0.9741595983505249,32.26101868020597,0.9866412878036499,31.583286289063686,0.9887851476669312,-0.6777323911422855,0.00214385986328125,0.85<=A<0.95,beta<0.8,0.85<=A<0.95 | beta<0.8,baseline_middle_50
623,660_0.62_1.91.png,660,0.62,1.91,480,640,15.697974910760792,0.729274332523346,33.27687671762366,0.9851469397544861,34.246661053566314,0.9840825796127319,0.9697843359426557,-0.0010643601417541504,A<0.65,beta>=1.7,A<0.65 | beta>=1.7,baseline_middle_50
624,661_0.7_0.75.png,661,0.7,0.75,480,640,23.025031070478942,0.9491544961929321,39.57631336561554,0.9960737228393555,38.01899666579292,0.9957247376441956,-1.5573166998226213,-0.0003489851951599121,0.65<=A<0.75,beta<0.8,0.65<=A<0.75 | beta<0.8,baseline_strongest_25
625,662_0.79_1.86.png,662,0.79,1.86,480,640,15.765628674586889,0.8641106486320496,34.300796231854044,0.9900758862495422,34.63621709506323,0.9901436567306519,0.33542086320918685,6.777048110961914e-05,0.75<=A<0.85,beta>=1.7,0.75<=A<0.85 | beta>=1.7,baseline_middle_50
626,663_0.84_1.13.png,663,0.84,1.13,480,640,17.913890772183862,0.9062923789024353,36.53126403664924,0.9936911463737488,33.08382607723753,0.9923133850097656,-3.447437959411708,-0.0013777613639831543,0.75<=A<0.85,1.1<=beta<1.4,0.75<=A<0.85 | 1.1<=beta<1.4,baseline_strongest_25
627,664_0.99_1.07.png,664,0.99,1.07,480,640,16.131104857062496,0.8939344882965088,33.87648008517465,0.9919235706329346,31.30761659753525,0.990403413772583,-2.5688634876393976,-0.0015201568603515625,A>=0.95,0.8<=beta<1.1,A>=0.95 | 0.8<=beta<1.1,baseline_middle_50
628,665_0.78_1.86.png,665,0.78,1.86,480,640,15.409631760392902,0.8177726864814758,34.020816476436096,0.9883028268814087,34.399075817290544,0.988969624042511,0.37825934085444857,0.0006667971611022949,0.75<=A<0.85,beta>=1.7,0.75<=A<0.85 | beta>=1.7,baseline_middle_50
629,666_0.72_0.6.png,666,0.72,0.6,480,640,23.445750013309386,0.9454671740531921,40.519646461144234,0.9961535334587097,40.947780614875384,0.9963389039039612,0.4281341537311505,0.00018537044525146484,0.65<=A<0.75,beta<0.8,0.65<=A<0.75 | beta<0.8,baseline_strongest_25
630,667_0.82_1.98.png,667,0.82,1.98,480,640,14.539380487623399,0.8018532395362854,33.663768246114536,0.9867737889289856,33.61475068495116,0.9871081709861755,-0.04901756116337452,0.0003343820571899414,0.75<=A<0.85,beta>=1.7,0.75<=A<0.85 | beta>=1.7,baseline_middle_50
631,668_0.69_1.25.png,668,0.69,1.25,480,640,18.80151133867027,0.8847453594207764,36.45313982278732,0.9929307699203491,37.32752720361532,0.9935840368270874,0.8743873808279972,0.0006532669067382812,0.65<=A<0.75,1.1<=beta<1.4,0.65<=A<0.75 | 1.1<=beta<1.4,baseline_strongest_25
632,669_0.82_1.33.png,669,0.82,1.33,480,640,15.051730433301513,0.8251163959503174,34.78757580975933,0.9880596995353699,33.828578581547994,0.9871224164962769,-0.9589972282113379,-0.0009372830390930176,0.75<=A<0.85,1.1<=beta<1.4,0.75<=A<0.85 | 1.1<=beta<1.4,baseline_middle_50
633,66_0.62_1.57.png,66,0.62,1.57,400,400,16.800542936574498,0.910861074924469,29.775354819468657,0.9831785559654236,30.33182893292302,0.986068606376648,0.5564741134543638,0.0028900504112243652,A<0.65,1.4<=beta<1.7,A<0.65 | 1.4<=beta<1.7,baseline_middle_50
634,670_0.75_1.02.png,670,0.75,1.02,480,640,17.66755110963583,0.8694291114807129,36.9291101128081,0.9917705655097961,36.07829131860993,0.9914799332618713,-0.8508187941981689,-0.0002906322479248047,0.75<=A<0.85,0.8<=beta<1.1,0.75<=A<0.85 | 0.8<=beta<1.1,baseline_strongest_25
635,671_0.76_1.47.png,671,0.76,1.47,480,640,15.277723255228384,0.8186365365982056,35.045193138960855,0.988101065158844,34.03422925225178,0.9872593879699707,-1.010963886709078,-0.000841677188873291,0.75<=A<0.85,1.4<=beta<1.7,0.75<=A<0.85 | 1.4<=beta<1.7,baseline_middle_50
636,672_0.65_0.76.png,672,0.65,0.76,480,640,20.88739220219614,0.910801112651825,38.91023930591065,0.9938833713531494,38.42694846270769,0.9941113591194153,-0.48329084320295834,0.00022798776626586914,0.65<=A<0.75,beta<0.8,0.65<=A<0.75 | beta<0.8,baseline_strongest_25
637,673_0.85_1.82.png,673,0.85,1.82,480,640,15.106857488084305,0.7543745040893555,37.87922394026819,0.9925037026405334,38.04107063858683,0.9918157458305359,0.16184669831864085,-0.0006879568099975586,0.85<=A<0.95,beta>=1.7,0.85<=A<0.95 | beta>=1.7,baseline_strongest_25
638,674_0.95_1.43.png,674,0.95,1.43,480,640,15.70902806825255,0.7781615257263184,38.04584096859903,0.9930360913276672,36.29441895551685,0.991239607334137,-1.751422013082177,-0.0017964839935302734,A>=0.95,1.4<=beta<1.7,A>=0.95 | 1.4<=beta<1.7,baseline_strongest_25
639,675_0.78_1.9.png,675,0.78,1.9,480,640,15.54035822635516,0.7590535283088684,38.263638594390194,0.9927012324333191,38.50362108782164,0.991860568523407,0.23998249343144806,-0.0008406639099121094,0.75<=A<0.85,beta>=1.7,0.75<=A<0.85 | beta>=1.7,baseline_strongest_25
640,676_0.97_1.88.png,676,0.97,1.88,480,640,13.629152552004555,0.7288967967033386,35.62663112179531,0.990109384059906,34.71029101081793,0.9887654781341553,-0.9163401109773801,-0.0013439059257507324,A>=0.95,beta>=1.7,A>=0.95 | beta>=1.7,baseline_middle_50
641,677_0.58_1.45.png,677,0.58,1.45,480,640,17.901375201996675,0.9004948139190674,38.93673036638763,0.9943186640739441,36.72790857900977,0.99351966381073,-2.2088217873778575,-0.0007990002632141113,A<0.65,1.4<=beta<1.7,A<0.65 | 1.4<=beta<1.7,baseline_strongest_25
642,678_0.62_0.73.png,678,0.62,0.73,480,640,22.854494511230932,0.9556617140769958,41.79938766725254,0.9962731599807739,41.15342042987052,0.9959113597869873,-0.6459672373820169,-0.0003618001937866211,A<0.65,beta<0.8,A<0.65 | beta<0.8,baseline_strongest_25
643,679_0.84_1.04.png,679,0.84,1.04,480,640,20.926291849518392,0.9164073467254639,37.32226263498881,0.9952244758605957,35.89939749450255,0.994067907333374,-1.422865140486259,-0.0011565685272216797,0.75<=A<0.85,0.8<=beta<1.1,0.75<=A<0.85 | 0.8<=beta<1.1,baseline_strongest_25
644,67_0.68_1.12.png,67,0.68,1.12,400,400,19.290104366866235,0.9420136213302612,31.445624439108585,0.985690712928772,31.41556421111349,0.9895307421684265,-0.03006022799509367,0.003840029239654541,0.65<=A<0.75,1.1<=beta<1.4,0.65<=A<0.75 | 1.1<=beta<1.4,baseline_middle_50
645,680_0.72_1.1.png,680,0.72,1.1,480,640,20.81943153900788,0.9199917316436768,38.8263051477943,0.9952436089515686,36.85636411953766,0.9942922592163086,-1.9699410282566419,-0.0009513497352600098,0.65<=A<0.75,1.1<=beta<1.4,0.65<=A<0.75 | 1.1<=beta<1.4,baseline_strongest_25
646,681_0.89_1.64.png,681,0.89,1.64,480,640,16.873974156240024,0.8488722443580627,32.91155058188139,0.9891753196716309,31.688198722340346,0.9889696836471558,-1.2233518595410473,-0.00020563602447509766,0.85<=A<0.95,1.4<=beta<1.7,0.85<=A<0.95 | 1.4<=beta<1.7,baseline_middle_50
647,682_0.58_0.74.png,682,0.58,0.74,480,640,22.747413678331768,0.957123339176178,41.25735701525306,0.9964732527732849,39.93547306697454,0.9965286254882812,-1.3218839482785256,5.537271499633789e-05,A<0.65,beta<0.8,A<0.65 | beta<0.8,baseline_strongest_25
648,683_0.65_0.66.png,683,0.65,0.66,480,640,24.093577868029094,0.9609918594360352,40.84330595441006,0.9966024160385132,38.17229240283944,0.9963629841804504,-2.671013551570624,-0.00023943185806274414,0.65<=A<0.75,beta<0.8,0.65<=A<0.75 | beta<0.8,baseline_strongest_25
649,684_0.89_1.28.png,684,0.89,1.28,480,640,18.214031122137598,0.8833237290382385,33.97238107948673,0.9919150471687317,32.22248367320915,0.9915238618850708,-1.749897406277583,-0.00039118528366088867,0.85<=A<0.95,1.1<=beta<1.4,0.85<=A<0.95 | 1.1<=beta<1.4,baseline_middle_50
650,685_0.95_1.13.png,685,0.95,1.13,480,640,11.294743316377023,0.720256507396698,31.85290865184687,0.9846236109733582,30.54241620312594,0.9828464984893799,-1.3104924487209324,-0.0017771124839782715,A>=0.95,1.1<=beta<1.4,A>=0.95 | 1.1<=beta<1.4,baseline_middle_50
651,686_0.88_1.15.png,686,0.88,1.15,480,640,12.072965975143417,0.7312947511672974,32.944546118592754,0.9860504865646362,31.643221750186463,0.9842448234558105,-1.3013243684062914,-0.0018056631088256836,0.85<=A<0.95,1.1<=beta<1.4,0.85<=A<0.95 | 1.1<=beta<1.4,baseline_middle_50
652,687_0.97_0.94.png,687,0.97,0.94,480,640,12.200408871178382,0.749465823173523,32.1838662428417,0.9866277575492859,30.713123736392376,0.9843354225158691,-1.4707425064493265,-0.002292335033416748,A>=0.95,0.8<=beta<1.1,A>=0.95 | 0.8<=beta<1.1,baseline_middle_50
653,688_0.83_1.51.png,688,0.83,1.51,480,640,11.178067390381354,0.6888772249221802,32.349751225472815,0.9830251932144165,31.611917147344663,0.981879472732544,-0.7378340781281523,-0.0011457204818725586,0.75<=A<0.85,1.4<=beta<1.7,0.75<=A<0.85 | 1.4<=beta<1.7,baseline_middle_50
654,689_0.67_0.91.png,689,0.67,0.91,480,640,22.622308808526665,0.9269591569900513,39.603985027709854,0.9962090849876404,40.964632453378854,0.9961837530136108,1.3606474256690007,-2.5331974029541016e-05,0.65<=A<0.75,0.8<=beta<1.1,0.65<=A<0.75 | 0.8<=beta<1.1,baseline_strongest_25
655,68_0.78_1.68.png,68,0.78,1.68,400,400,15.666028020012464,0.8765204548835754,27.245411443587635,0.9807255268096924,28.324000714001386,0.9825758934020996,1.078589270413751,0.0018503665924072266,0.75<=A<0.85,1.4<=beta<1.7,0.75<=A<0.85 | 1.4<=beta<1.7,baseline_weakest_25
656,690_0.62_0.99.png,690,0.62,0.99,480,640,22.612565460896388,0.9265893697738647,39.59845835136906,0.9960883259773254,40.69087597572241,0.9960833191871643,1.0924176243533523,-5.0067901611328125e-06,A<0.65,0.8<=beta<1.1,A<0.65 | 0.8<=beta<1.1,baseline_strongest_25
657,691_0.84_1.65.png,691,0.84,1.65,480,640,16.104773159260528,0.8428561687469482,34.189798665481106,0.9918819665908813,35.53676387073122,0.9915451407432556,1.3469652052501146,-0.0003368258476257324,0.75<=A<0.85,1.4<=beta<1.7,0.75<=A<0.85 | 1.4<=beta<1.7,baseline_middle_50
658,692_0.92_1.8.png,692,0.92,1.8,480,640,14.518658721028341,0.8176950812339783,31.958667057760337,0.9901658296585083,33.08901660646217,0.9880053997039795,1.1303495487018296,-0.0021604299545288086,0.85<=A<0.95,beta>=1.7,0.85<=A<0.95 | beta>=1.7,baseline_middle_50
659,693_0.8_1.0.png,693,0.8,1.0,480,640,14.392137090989003,0.7701517939567566,37.188017551122876,0.9928662180900574,36.538891487021814,0.9923325181007385,-0.6491260641010612,-0.0005336999893188477,0.75<=A<0.85,0.8<=beta<1.1,0.75<=A<0.85 | 0.8<=beta<1.1,baseline_strongest_25
660,694_0.63_0.82.png,694,0.63,0.82,480,640,18.45585205562601,0.8308980464935303,40.19697187476314,0.9951360821723938,38.91076106481511,0.9946238994598389,-1.286210809948031,-0.0005121827125549316,A<0.65,0.8<=beta<1.1,A<0.65 | 0.8<=beta<1.1,baseline_strongest_25
661,695_0.61_1.6.png,695,0.61,1.6,480,640,14.686076241843075,0.7271093726158142,37.419653321527285,0.990563690662384,36.360752095662015,0.9903677105903625,-1.0589012258652701,-0.00019598007202148438,A<0.65,1.4<=beta<1.7,A<0.65 | 1.4<=beta<1.7,baseline_strongest_25
662,696_0.96_1.81.png,696,0.96,1.81,480,640,8.743694233329887,0.6232584714889526,32.249524584219216,0.9821009635925293,31.829202119135488,0.981269896030426,-0.4203224650837285,-0.0008310675621032715,A>=0.95,beta>=1.7,A>=0.95 | beta>=1.7,baseline_middle_50
663,697_0.85_1.82.png,697,0.85,1.82,480,640,11.29346962184224,0.6968072056770325,36.763101423206024,0.9893732666969299,36.607043018849794,0.9898632168769836,-0.15605840435623008,0.0004899501800537109,0.85<=A<0.95,beta>=1.7,0.85<=A<0.95 | beta>=1.7,baseline_strongest_25
664,698_0.51_1.13.png,698,0.51,1.13,480,640,18.88084484728037,0.8385675549507141,41.4635734588075,0.9951032400131226,40.92500203670877,0.9952829480171204,-0.5385714220987339,0.00017970800399780273,A<0.65,1.1<=beta<1.4,A<0.65 | 1.1<=beta<1.4,baseline_strongest_25
665,699_0.67_1.68.png,699,0.67,1.68,480,640,14.203328772470545,0.7472817897796631,39.94090170509165,0.991740882396698,38.06840821100583,0.9922020435333252,-1.8724934940858162,0.00046116113662719727,0.65<=A<0.75,1.4<=beta<1.7,0.65<=A<0.75 | 1.4<=beta<1.7,baseline_strongest_25
666,69_0.85_0.92.png,69,0.85,0.92,400,400,13.150915348749475,0.7755202054977417,30.500223945728244,0.9867724180221558,32.031807413838095,0.9885799884796143,1.5315834681098508,0.001807570457458496,0.85<=A<0.95,0.8<=beta<1.1,0.85<=A<0.95 | 0.8<=beta<1.1,baseline_middle_50
667,6_0.59_1.99.png,6,0.59,1.99,400,400,15.79632995518021,0.8350812196731567,30.705244764007112,0.9863574504852295,30.611781485983336,0.9853466153144836,-0.0934632780237763,-0.0010108351707458496,A<0.65,beta>=1.7,A<0.65 | beta>=1.7,baseline_middle_50
668,700_0.87_1.42.png,700,0.87,1.42,480,640,12.502917138973292,0.7375316023826599,38.20565420568111,0.9922124147415161,37.78066211271065,0.9918528199195862,-0.4249920929704558,-0.00035959482192993164,0.85<=A<0.95,1.4<=beta<1.7,0.85<=A<0.95 | 1.4<=beta<1.7,baseline_strongest_25
669,701_0.72_0.54.png,701,0.72,0.54,480,640,21.30878894427881,0.7403315305709839,44.036110811877265,0.9920240640640259,42.66856759416065,0.991969883441925,-1.3675432177166158,-5.418062210083008e-05,0.65<=A<0.75,beta<0.8,0.65<=A<0.75 | beta<0.8,baseline_strongest_25
670,702_0.99_1.46.png,702,0.99,1.46,480,640,11.35315084971927,0.553288996219635,38.00408638823604,0.9759329557418823,37.071120985806,0.9770875573158264,-0.9329654024300424,0.0011546015739440918,A>=0.95,1.4<=beta<1.7,A>=0.95 | 1.4<=beta<1.7,baseline_strongest_25
671,703_0.99_1.55.png,703,0.99,1.55,480,640,10.985538959134429,0.5440701246261597,37.69108286967768,0.973686933517456,36.7484385111316,0.9754290580749512,-0.942644358546076,0.0017421245574951172,A>=0.95,1.4<=beta<1.7,A>=0.95 | 1.4<=beta<1.7,baseline_strongest_25
672,704_0.99_1.12.png,704,0.99,1.12,480,640,13.06396293054119,0.5934708714485168,39.28728377706424,0.9822564125061035,37.928949545462324,0.9818992614746094,-1.3583342316019156,-0.0003571510314941406,A>=0.95,1.1<=beta<1.4,A>=0.95 | 1.1<=beta<1.4,baseline_strongest_25
673,705_0.82_1.3.png,705,0.82,1.3,480,640,12.614569614653915,0.7524939775466919,36.278599549709355,0.9894912838935852,36.49282869932481,0.9902433753013611,0.21422914961545558,0.0007520914077758789,0.75<=A<0.85,1.1<=beta<1.4,0.75<=A<0.85 | 1.1<=beta<1.4,baseline_strongest_25
674,706_0.76_0.65.png,706,0.76,0.65,480,640,17.862672928156094,0.8470333218574524,40.322363959508,0.9953375458717346,40.47408651397375,0.9952120184898376,0.15172255446574923,-0.00012552738189697266,0.75<=A<0.85,beta<0.8,0.75<=A<0.85 | beta<0.8,baseline_strongest_25
675,707_0.88_1.27.png,707,0.88,1.27,480,640,11.991694504095838,0.7456238865852356,35.28971647075106,0.9893221259117126,35.86890176334088,0.9895310997962952,0.5791852925898198,0.00020897388458251953,0.85<=A<0.95,1.1<=beta<1.4,0.85<=A<0.95 | 1.1<=beta<1.4,baseline_middle_50
676,708_0.81_0.85.png,708,0.81,0.85,480,640,15.351960798344146,0.8095980286598206,38.176602766250255,0.9927048087120056,39.273019639706035,0.9938462972640991,1.0964168734557802,0.0011414885520935059,0.75<=A<0.85,0.8<=beta<1.1,0.75<=A<0.85 | 0.8<=beta<1.1,baseline_strongest_25
677,709_0.82_0.76.png,709,0.82,0.76,480,640,24.697094888833995,0.9381549954414368,40.66691891890112,0.9958004951477051,39.19332966262862,0.995814859867096,-1.473589256272497,1.436471939086914e-05,0.75<=A<0.85,beta<0.8,0.75<=A<0.85 | beta<0.8,baseline_strongest_25
678,70_0.84_1.08.png,70,0.84,1.08,400,400,12.093175934889926,0.7454672455787659,29.86547017876954,0.9856444597244263,31.78500093977588,0.9867535829544067,1.9195307610063388,0.0011091232299804688,0.75<=A<0.85,0.8<=beta<1.1,0.75<=A<0.85 | 0.8<=beta<1.1,baseline_middle_50
679,710_0.76_0.76.png,710,0.76,0.76,480,640,25.760371813455155,0.9430195093154907,41.58081456979674,0.9962451457977295,39.564597271887095,0.9961212873458862,-2.016217297909648,-0.00012385845184326172,0.75<=A<0.85,beta<0.8,0.75<=A<0.85 | beta<0.8,baseline_strongest_25
680,711_0.55_1.83.png,711,0.55,1.83,480,640,23.347921575597283,0.9057542681694031,39.405450012346435,0.9949936270713806,39.76139424638629,0.9951562285423279,0.3559442340398533,0.00016260147094726562,A<0.65,beta>=1.7,A<0.65 | beta>=1.7,baseline_strongest_25
681,712_0.91_0.63.png,712,0.91,0.63,480,640,24.655301857979946,0.9421048760414124,40.165168418889166,0.9958338737487793,40.078884231097746,0.9959518909454346,-0.08628418779142066,0.00011801719665527344,0.85<=A<0.95,beta<0.8,0.85<=A<0.95 | beta<0.8,baseline_strongest_25
682,713_0.58_0.72.png,713,0.58,0.72,480,640,25.626078269412012,0.9804765582084656,42.30735352389551,0.9974997639656067,42.06440314615349,0.9975546598434448,-0.24295037774201944,5.4895877838134766e-05,A<0.65,beta<0.8,A<0.65 | beta<0.8,baseline_strongest_25
683,714_0.64_1.61.png,714,0.64,1.61,480,640,21.010687134336447,0.9395342469215393,36.78745189770167,0.9951621294021606,37.1041111455429,0.9957142472267151,0.3166592478412298,0.0005521178245544434,A<0.65,1.4<=beta<1.7,A<0.65 | 1.4<=beta<1.7,baseline_strongest_25
684,715_0.63_1.36.png,715,0.63,1.36,480,640,21.94958906337768,0.9514430165290833,38.41758858749801,0.9959970712661743,38.2951170813655,0.9963905215263367,-0.12247150613251279,0.0003934502601623535,A<0.65,1.1<=beta<1.4,A<0.65 | 1.1<=beta<1.4,baseline_strongest_25
685,716_0.87_1.54.png,716,0.87,1.54,480,640,20.541384004324588,0.9282964468002319,32.40576302085577,0.9938152432441711,32.48200706685164,0.9940747022628784,0.07624404599586398,0.0002594590187072754,0.85<=A<0.95,1.4<=beta<1.7,0.85<=A<0.95 | 1.4<=beta<1.7,baseline_middle_50
686,717_0.8_0.81.png,717,0.8,0.81,480,640,22.557444498922056,0.9456332921981812,37.397097572655795,0.9951130747795105,37.07928675541167,0.9949091076850891,-0.31781081724412275,-0.00020396709442138672,0.75<=A<0.85,0.8<=beta<1.1,0.75<=A<0.85 | 0.8<=beta<1.1,baseline_strongest_25
687,718_0.99_0.96.png,718,0.99,0.96,480,640,18.916149458586744,0.9189993739128113,34.68489746910949,0.9924919009208679,34.44373747698174,0.992772102355957,-0.24115999212774852,0.00028020143508911133,A>=0.95,0.8<=beta<1.1,A>=0.95 | 0.8<=beta<1.1,baseline_middle_50
688,719_0.73_1.72.png,719,0.73,1.72,480,640,18.317236441831184,0.8932746648788452,33.31230129741874,0.9913326501846313,35.66847687459027,0.9920847415924072,2.356175577171527,0.0007520914077758789,0.65<=A<0.75,beta>=1.7,0.65<=A<0.75 | beta>=1.7,baseline_middle_50
689,71_0.51_0.85.png,71,0.51,0.85,400,400,17.882908181916097,0.8589959740638733,31.367006018994175,0.9918369650840759,29.78124529449722,0.9912713766098022,-1.5857607244969536,-0.0005655884742736816,A<0.65,0.8<=beta<1.1,A<0.65 | 0.8<=beta<1.1,baseline_middle_50
690,720_0.96_1.96.png,720,0.96,1.96,480,640,14.599786048939063,0.8515491485595703,28.00384053183184,0.9850957989692688,27.330193154139785,0.9834243655204773,-0.6736473776920562,-0.001671433448791504,A>=0.95,beta>=1.7,A>=0.95 | beta>=1.7,baseline_weakest_25
691,721_0.9_1.42.png,721,0.9,1.42,480,640,17.170482507002372,0.8734128475189209,33.91319820688334,0.9916759133338928,31.879356492076315,0.9912030696868896,-2.0338417148070214,-0.00047284364700317383,0.85<=A<0.95,1.4<=beta<1.7,0.85<=A<0.95 | 1.4<=beta<1.7,baseline_middle_50
692,722_0.57_1.91.png,722,0.57,1.91,480,640,17.797034676799978,0.8708146214485168,33.76501663324228,0.9903087019920349,30.4227835394874,0.9902292490005493,-3.3422330937548814,-7.94529914855957e-05,A<0.65,beta>=1.7,A<0.65 | beta>=1.7,baseline_middle_50
693,723_0.75_0.58.png,723,0.75,0.58,480,640,24.77908182334355,0.9621471166610718,38.5355255834121,0.9959132671356201,40.718702597856606,0.9968084096908569,2.183177014444503,0.0008951425552368164,0.75<=A<0.85,beta<0.8,0.75<=A<0.85 | beta<0.8,baseline_strongest_25
694,724_0.53_1.64.png,724,0.53,1.64,480,640,18.354995835412055,0.8927095532417297,34.008376948423816,0.9916506409645081,30.838604578017904,0.9916197061538696,-3.169772370405912,-3.0934810638427734e-05,A<0.65,1.4<=beta<1.7,A<0.65 | 1.4<=beta<1.7,baseline_middle_50
695,725_0.52_1.2.png,725,0.52,1.2,480,640,18.046706520920054,0.8551487922668457,36.532185380937136,0.9880355000495911,37.27509699514252,0.9895174503326416,0.7429116142053829,0.0014819502830505371,A<0.65,1.1<=beta<1.4,A<0.65 | 1.1<=beta<1.4,baseline_strongest_25
696,726_0.61_1.15.png,726,0.61,1.15,480,640,17.703192720159624,0.8425140976905823,36.726637820490765,0.9865947961807251,37.10512314797412,0.9878062605857849,0.37848532748335373,0.0012114644050598145,A<0.65,1.1<=beta<1.4,A<0.65 | 1.1<=beta<1.4,baseline_strongest_25
697,727_0.64_0.73.png,727,0.64,0.73,480,640,20.509360186578476,0.8912550210952759,38.07481407331825,0.9902471899986267,39.08323083147651,0.9913289546966553,1.008416758158262,0.0010817646980285645,A<0.65,beta<0.8,A<0.65 | beta<0.8,baseline_strongest_25
698,728_0.75_1.78.png,728,0.75,1.78,480,640,13.532717869142491,0.7398779392242432,33.323460919449396,0.9754453301429749,32.96251079901068,0.9736055731773376,-0.36095012043871577,-0.001839756965637207,0.75<=A<0.85,beta>=1.7,0.75<=A<0.85 | beta>=1.7,baseline_middle_50
699,729_0.93_1.82.png,729,0.93,1.82,480,640,10.793771693567207,0.7725072503089905,29.49633684809148,0.9772893786430359,30.07352046420612,0.9779756665229797,0.5771836161146382,0.0006862878799438477,0.85<=A<0.95,beta>=1.7,0.85<=A<0.95 | beta>=1.7,baseline_middle_50
700,72_0.99_1.92.png,72,0.99,1.92,400,400,7.894043123401642,0.5870447754859924,24.324419938005768,0.9499493837356567,26.170443047984527,0.9632153511047363,1.8460231099787592,0.01326596736907959,A>=0.95,beta>=1.7,A>=0.95 | beta>=1.7,baseline_weakest_25
701,730_0.73_1.15.png,730,0.73,1.15,480,640,16.22195220695754,0.8706088066101074,31.681543208394373,0.9887641072273254,33.462409068141106,0.9903377294540405,1.7808658597467328,0.0015736222267150879,0.65<=A<0.75,1.1<=beta<1.4,0.65<=A<0.75 | 1.1<=beta<1.4,baseline_middle_50
702,731_0.77_1.95.png,731,0.77,1.95,480,640,12.4783537477254,0.7973532676696777,29.240586132923198,0.9795726537704468,32.18620461060644,0.983635663986206,2.94561847768324,0.004063010215759277,0.75<=A<0.85,beta>=1.7,0.75<=A<0.85 | beta>=1.7,baseline_middle_50
703,732_0.9_0.79.png,732,0.9,0.79,480,640,16.400381753804783,0.8814125061035156,32.63366341173211,0.9904612898826599,33.27797085347747,0.9910733103752136,0.6443074417453616,0.0006120204925537109,0.85<=A<0.95,beta<0.8,0.85<=A<0.95 | beta<0.8,baseline_middle_50
704,733_0.65_1.63.png,733,0.65,1.63,480,640,20.83643529334885,0.9120296835899353,33.16883394109334,0.9947971105575562,34.10183646211016,0.9939422011375427,0.9330025210168174,-0.0008549094200134277,0.65<=A<0.75,1.4<=beta<1.7,0.65<=A<0.75 | 1.4<=beta<1.7,baseline_middle_50
705,734_0.89_1.57.png,734,0.89,1.57,480,640,17.86663037676677,0.8961363434791565,31.602603345584317,0.9935073256492615,31.726593209810858,0.9925624132156372,0.1239898642265409,-0.0009449124336242676,0.85<=A<0.95,1.4<=beta<1.7,0.85<=A<0.95 | 1.4<=beta<1.7,baseline_middle_50
706,735_0.79_1.19.png,735,0.79,1.19,480,640,21.473686290824517,0.9320727586746216,34.38116385071946,0.9956693649291992,34.64154113028003,0.9951363205909729,0.2603772795605721,-0.0005330443382263184,0.75<=A<0.85,1.1<=beta<1.4,0.75<=A<0.85 | 1.1<=beta<1.4,baseline_middle_50
707,736_0.92_0.9.png,736,0.92,0.9,480,640,20.909334244628255,0.9439255595207214,35.745975715246715,0.9960441589355469,34.12910969486417,0.995533287525177,-1.6168660203825453,-0.000510871410369873,0.85<=A<0.95,0.8<=beta<1.1,0.85<=A<0.95 | 0.8<=beta<1.1,baseline_middle_50
708,737_0.97_1.23.png,737,0.97,1.23,480,640,12.56305745309997,0.7019007802009583,29.69792050883095,0.966234564781189,26.327449820757707,0.9603023529052734,-3.370470688073244,-0.005932211875915527,A>=0.95,1.1<=beta<1.4,A>=0.95 | 1.1<=beta<1.4,baseline_middle_50
709,738_0.8_0.91.png,738,0.8,0.91,480,640,16.47093907772572,0.7939605116844177,32.961717788268274,0.9804040789604187,29.625213559328316,0.9785292148590088,-3.3365042289399582,-0.0018748641014099121,0.75<=A<0.85,0.8<=beta<1.1,0.75<=A<0.85 | 0.8<=beta<1.1,baseline_middle_50
710,739_0.58_1.14.png,739,0.58,1.14,480,640,17.68660663153817,0.809037446975708,34.59989154029372,0.9847265481948853,31.71938172058697,0.983177661895752,-2.8805098197067487,-0.0015488862991333008,A<0.65,1.1<=beta<1.4,A<0.65 | 1.1<=beta<1.4,baseline_middle_50
711,73_0.54_1.5.png,73,0.54,1.5,400,400,23.111221687551673,0.9650609493255615,21.45673652760656,0.9809778928756714,22.28707222528193,0.9824471473693848,0.8303356976753697,0.001469254493713379,A<0.65,1.4<=beta<1.7,A<0.65 | 1.4<=beta<1.7,baseline_weakest_25
712,740_0.81_0.75.png,740,0.81,0.75,480,640,17.797286027543255,0.8219448328018188,33.66811661345263,0.9830585718154907,30.941430358163302,0.9825892448425293,-2.72668625528933,-0.0004693269729614258,0.75<=A<0.85,beta<0.8,0.75<=A<0.85 | beta<0.8,baseline_middle_50
713,741_0.56_1.58.png,741,0.56,1.58,480,640,24.43622237178284,0.9528438448905945,38.547683047775784,0.9957210421562195,37.73383360916697,0.9949726462364197,-0.8138494386088126,-0.0007483959197998047,A<0.65,1.4<=beta<1.7,A<0.65 | 1.4<=beta<1.7,baseline_strongest_25
714,742_0.81_1.63.png,742,0.81,1.63,480,640,18.82555833033981,0.9298041462898254,30.894748140774443,0.9925037026405334,28.60378022560065,0.9902201294898987,-2.290967915173791,-0.0022835731506347656,0.75<=A<0.85,1.4<=beta<1.7,0.75<=A<0.85 | 1.4<=beta<1.7,baseline_middle_50
715,743_0.95_1.15.png,743,0.95,1.15,480,640,18.676208099256908,0.9413655996322632,30.369429911517773,0.9928542375564575,28.276458782703923,0.9906889200210571,-2.0929711288138506,-0.0021653175354003906,A>=0.95,1.1<=beta<1.4,A>=0.95 | 1.1<=beta<1.4,baseline_middle_50
716,744_0.73_1.83.png,744,0.73,1.83,480,640,19.795366981861168,0.9289800524711609,31.084944458139447,0.9925095438957214,29.513183074843084,0.9907805919647217,-1.5717613832963622,-0.0017289519309997559,0.65<=A<0.75,beta>=1.7,0.65<=A<0.75 | beta>=1.7,baseline_middle_50
717,745_0.58_1.34.png,745,0.58,1.34,480,640,21.936699356849964,0.9296567440032959,35.396031499987714,0.9927356243133545,36.06247379987538,0.9929507374763489,0.6664422998876631,0.00021511316299438477,A<0.65,1.1<=beta<1.4,A<0.65 | 1.1<=beta<1.4,baseline_middle_50
718,746_0.99_1.16.png,746,0.99,1.16,480,640,16.30825259971943,0.8893165588378906,30.317948409184755,0.987426221370697,29.427334259817872,0.9859287738800049,-0.8906141493668827,-0.0014974474906921387,A>=0.95,1.1<=beta<1.4,A>=0.95 | 1.1<=beta<1.4,baseline_middle_50
719,747_0.72_0.64.png,747,0.72,0.64,480,640,24.786655262740673,0.9572197794914246,34.87042005151744,0.9941985607147217,36.786217270723334,0.9944636821746826,1.915797219205892,0.0002651214599609375,0.65<=A<0.75,beta<0.8,0.65<=A<0.75 | beta<0.8,baseline_middle_50
720,748_0.73_1.16.png,748,0.73,1.16,480,640,20.112885581935203,0.9212395548820496,32.941544287286895,0.9911152124404907,33.99504587568908,0.9915532469749451,1.0535015884021846,0.0004380345344543457,0.65<=A<0.75,1.1<=beta<1.4,0.65<=A<0.75 | 1.1<=beta<1.4,baseline_middle_50
721,749_0.73_1.08.png,749,0.73,1.08,480,640,22.48357448915654,0.9588019847869873,33.62670551143545,0.9937002062797546,34.040249205230594,0.9932569265365601,0.4135436937951411,-0.0004432797431945801,0.65<=A<0.75,0.8<=beta<1.1,0.65<=A<0.75 | 0.8<=beta<1.1,baseline_middle_50
722,74_0.62_1.6.png,74,0.62,1.6,400,400,23.198171251857865,0.9613603353500366,21.991617151244863,0.9818902611732483,23.460894147508213,0.9842294454574585,1.4692769962633498,0.002339184284210205,A<0.65,1.4<=beta<1.7,A<0.65 | 1.4<=beta<1.7,baseline_weakest_25
723,750_0.6_1.27.png,750,0.6,1.27,480,640,23.83496065907101,0.960364043712616,33.81817347760774,0.9942981004714966,36.95659986113372,0.9944781064987183,3.1384263835259745,0.0001800060272216797,A<0.65,1.1<=beta<1.4,A<0.65 | 1.1<=beta<1.4,baseline_middle_50
724,751_0.54_1.86.png,751,0.54,1.86,480,640,22.236993164850603,0.9433640241622925,33.280438375239555,0.9926223754882812,34.47385482541355,0.9921994805335999,1.1934164501739914,-0.0004228949546813965,A<0.65,beta>=1.7,A<0.65 | beta>=1.7,baseline_middle_50
725,752_0.51_1.28.png,752,0.51,1.28,480,640,24.788955549428398,0.9654175043106079,35.237233673337904,0.9952824711799622,36.062807669020195,0.994986891746521,0.8255739956822907,-0.0002955794334411621,A<0.65,1.1<=beta<1.4,A<0.65 | 1.1<=beta<1.4,baseline_middle_50
726,753_0.9_1.18.png,753,0.9,1.18,480,640,19.523999508214157,0.9306402206420898,33.8749907744986,0.9924973249435425,34.05534035920666,0.9912384748458862,0.18034958470806117,-0.00125885009765625,0.85<=A<0.95,1.1<=beta<1.4,0.85<=A<0.95 | 1.1<=beta<1.4,baseline_middle_50
727,754_0.73_1.45.png,754,0.73,1.45,480,640,20.51934314159591,0.9288569092750549,35.41681656866854,0.9937061071395874,36.09880330523526,0.9932805895805359,0.6819867365667207,-0.00042551755905151367,0.65<=A<0.75,1.4<=beta<1.7,0.65<=A<0.75 | 1.4<=beta<1.7,baseline_middle_50
728,755_0.58_0.84.png,755,0.58,0.84,480,640,25.178425620856807,0.9624412059783936,39.699810440687486,0.9961997270584106,39.84841676876493,0.9962724447250366,0.14860632807744167,7.271766662597656e-05,A<0.65,0.8<=beta<1.1,A<0.65 | 0.8<=beta<1.1,baseline_strongest_25
729,756_0.75_1.06.png,756,0.75,1.06,480,640,22.284391546040013,0.9450931549072266,35.88899686735239,0.9944436550140381,36.66267950203158,0.9938374161720276,0.7736826346791901,-0.000606238842010498,0.75<=A<0.85,0.8<=beta<1.1,0.75<=A<0.85 | 0.8<=beta<1.1,baseline_middle_50
730,757_0.64_1.31.png,757,0.64,1.31,480,640,19.3032704583631,0.8780395984649658,32.45800592553484,0.9908370971679688,31.920657279814026,0.9912011027336121,-0.5373486457208152,0.00036400556564331055,A<0.65,1.1<=beta<1.4,A<0.65 | 1.1<=beta<1.4,baseline_middle_50
731,758_0.61_0.98.png,758,0.61,0.98,480,640,21.131156768553314,0.9096591472625732,34.113955699386906,0.9932141900062561,33.05171851568308,0.99314945936203,-1.0622371837038287,-6.473064422607422e-05,A<0.65,0.8<=beta<1.1,A<0.65 | 0.8<=beta<1.1,baseline_middle_50
732,759_0.96_0.76.png,759,0.96,0.76,480,640,19.760112368811832,0.9006861448287964,30.635922729457484,0.9894993901252747,31.324720309447574,0.9904789328575134,0.6887975799900907,0.0009795427322387695,A>=0.95,beta<0.8,A>=0.95 | beta<0.8,baseline_middle_50
733,75_0.99_0.83.png,75,0.99,0.83,400,400,15.388279711411233,0.9482842683792114,24.119299288155844,0.9873640537261963,27.312535397042023,0.9905247688293457,3.193236108886179,0.003160715103149414,A>=0.95,0.8<=beta<1.1,A>=0.95 | 0.8<=beta<1.1,baseline_weakest_25
734,760_0.85_1.01.png,760,0.85,1.01,480,640,19.45952473495051,0.885879397392273,30.652835403688712,0.989096999168396,31.593414548787145,0.9903908371925354,0.9405791450984324,0.0012938380241394043,0.85<=A<0.95,0.8<=beta<1.1,0.85<=A<0.95 | 0.8<=beta<1.1,baseline_middle_50
735,761_0.56_1.17.png,761,0.56,1.17,480,640,18.597440181398706,0.6244369745254517,38.326037426528764,0.990545928478241,39.26411158173367,0.9907932281494141,0.9380741552049088,0.0002472996711730957,A<0.65,1.1<=beta<1.4,A<0.65 | 1.1<=beta<1.4,baseline_strongest_25
736,762_0.57_1.33.png,762,0.57,1.33,480,640,17.614139181758684,0.598421573638916,37.601270971892305,0.9893765449523926,39.14228941178658,0.98968106508255,1.5410184398942732,0.0003045201301574707,A<0.65,1.1<=beta<1.4,A<0.65 | 1.1<=beta<1.4,baseline_strongest_25
737,763_0.82_1.68.png,763,0.82,1.68,480,640,12.362973742103879,0.4898083508014679,34.53910873063603,0.9817902445793152,34.88056555124699,0.980962336063385,0.34145682061095783,-0.0008279085159301758,0.75<=A<0.85,1.4<=beta<1.7,0.75<=A<0.85 | 1.4<=beta<1.7,baseline_middle_50
738,764_0.9_1.49.png,764,0.9,1.49,480,640,12.019330601432571,0.49465155601501465,33.57844271331395,0.9822126030921936,34.46428780579456,0.981103241443634,0.8858450924806149,-0.0011093616485595703,0.85<=A<0.95,1.4<=beta<1.7,0.85<=A<0.95 | 1.4<=beta<1.7,baseline_middle_50
739,765_0.56_1.92.png,765,0.56,1.92,480,640,13.573322619605737,0.6711170673370361,33.16715729084717,0.9862319827079773,30.81400236054312,0.9837197661399841,-2.3531549303040507,-0.002512216567993164,A<0.65,beta>=1.7,A<0.65 | beta>=1.7,baseline_middle_50
740,766_0.58_1.2.png,766,0.58,1.2,480,640,16.002373011117715,0.7558558583259583,40.23041152754904,0.9936943650245667,36.354719330645665,0.9925501346588135,-3.8756921969033726,-0.0011442303657531738,A<0.65,1.1<=beta<1.4,A<0.65 | 1.1<=beta<1.4,baseline_strongest_25
741,767_0.78_1.61.png,767,0.78,1.61,480,640,11.154690072425982,0.6497623920440674,35.65625094275144,0.9879027009010315,33.16088503268278,0.985430121421814,-2.4953659100686636,-0.0024725794792175293,0.75<=A<0.85,1.4<=beta<1.7,0.75<=A<0.85 | 1.4<=beta<1.7,baseline_middle_50
742,768_0.65_1.02.png,768,0.65,1.02,480,640,15.874013161711257,0.7655137181282043,40.90783522046044,0.9942272901535034,37.63352367971558,0.9932960867881775,-3.2743115407448613,-0.0009312033653259277,0.65<=A<0.75,0.8<=beta<1.1,0.65<=A<0.75 | 0.8<=beta<1.1,baseline_strongest_25
743,769_0.81_1.66.png,769,0.81,1.66,480,640,13.01019084865391,0.6237365007400513,35.9677706526524,0.9819260239601135,34.407607945375275,0.979297935962677,-1.5601627072771223,-0.0026280879974365234,0.75<=A<0.85,1.4<=beta<1.7,0.75<=A<0.85 | 1.4<=beta<1.7,baseline_middle_50
744,76_0.64_1.74.png,76,0.64,1.74,400,400,22.221535521954756,0.9556422233581543,21.505364628275654,0.9799039363861084,22.794720609381965,0.9821809530258179,1.2893559811063113,0.0022770166397094727,A<0.65,beta>=1.7,A<0.65 | beta>=1.7,baseline_weakest_25
745,770_0.95_0.52.png,770,0.95,0.52,480,640,19.243233801936725,0.7698010206222534,41.141634339637456,0.9921597838401794,39.80564861491908,0.9918543696403503,-1.3359857247183768,-0.00030541419982910156,A>=0.95,beta<0.8,A>=0.95 | beta<0.8,baseline_strongest_25
746,771_0.84_0.54.png,771,0.84,0.54,480,640,20.24100468826979,0.7828521132469177,41.501018585898244,0.9928022027015686,40.6748158609181,0.9926412105560303,-0.826202724980142,-0.00016099214553833008,0.75<=A<0.85,beta<0.8,0.75<=A<0.85 | beta<0.8,baseline_strongest_25
747,772_0.69_1.76.png,772,0.69,1.76,480,640,14.285594149361742,0.6429789662361145,37.66348583984919,0.9843677282333374,36.69768624773563,0.9823480248451233,-0.9657995921135551,-0.0020197033882141113,0.65<=A<0.75,beta>=1.7,0.65<=A<0.75 | beta>=1.7,baseline_strongest_25
748,773_0.51_0.63.png,773,0.51,0.63,480,640,22.60802935338082,0.7808090448379517,45.11963459310651,0.993614912033081,45.079558496554874,0.9936767816543579,-0.04007609655163691,6.186962127685547e-05,A<0.65,beta<0.8,A<0.65 | beta<0.8,baseline_strongest_25
749,774_0.77_0.95.png,774,0.77,0.95,480,640,15.58849686545421,0.6519282460212708,41.32721885129824,0.987273633480072,40.90379727490686,0.9875674247741699,-0.4234215763913838,0.0002937912940979004,0.75<=A<0.85,0.8<=beta<1.1,0.75<=A<0.85 | 0.8<=beta<1.1,baseline_strongest_25
750,775_0.63_1.13.png,775,0.63,1.13,480,640,16.4112018001581,0.6611725091934204,42.170021674470846,0.987774133682251,42.288711162905386,0.988287627696991,0.11868948843454064,0.0005134940147399902,A<0.65,1.1<=beta<1.4,A<0.65 | 1.1<=beta<1.4,baseline_strongest_25
751,776_0.77_1.8.png,776,0.77,1.8,480,640,11.565235017479377,0.5448978543281555,37.78114058187781,0.9748321175575256,38.90338898502585,0.9800394177436829,1.122248403148042,0.0052073001861572266,0.75<=A<0.85,beta>=1.7,0.75<=A<0.85 | beta>=1.7,baseline_strongest_25
752,777_0.57_0.83.png,777,0.57,0.83,480,640,21.19072738405557,0.874837338924408,39.91591672516045,0.9943386912345886,39.41872702768269,0.9940565824508667,-0.4971896974777579,-0.00028210878372192383,A<0.65,0.8<=beta<1.1,A<0.65 | 0.8<=beta<1.1,baseline_strongest_25
753,778_0.91_1.51.png,778,0.91,1.51,480,640,12.546109820112317,0.757883608341217,33.684615923461415,0.9846133589744568,33.514547960736955,0.9858189821243286,-0.17006796272445968,0.0012056231498718262,0.85<=A<0.95,1.4<=beta<1.7,0.85<=A<0.95 | 1.4<=beta<1.7,baseline_middle_50
754,779_0.85_0.72.png,779,0.85,0.72,480,640,18.696078608914114,0.852910041809082,36.79939921046862,0.9928385615348816,36.92598669333725,0.9931284189224243,0.1265874828686293,0.0002898573875427246,0.85<=A<0.95,beta<0.8,0.85<=A<0.95 | beta<0.8,baseline_strongest_25
755,77_0.92_1.85.png,77,0.92,1.85,400,400,10.843003234829794,0.7071681022644043,20.512058443438814,0.9526488184928894,20.180187120141344,0.9488105773925781,-0.33187132329747016,-0.0038382411003112793,0.85<=A<0.95,beta>=1.7,0.85<=A<0.95 | beta>=1.7,baseline_weakest_25
756,780_0.86_1.18.png,780,0.86,1.18,480,640,14.858885208373545,0.7982755303382874,35.39876593535495,0.9884840250015259,35.40419347557013,0.9898345470428467,0.0054275402151802155,0.0013505220413208008,0.85<=A<0.95,1.1<=beta<1.4,0.85<=A<0.95 | 1.1<=beta<1.4,baseline_middle_50
757,781_0.52_0.96.png,781,0.52,0.96,480,640,25.36368911281146,0.9569253325462341,38.76993870440577,0.9951900243759155,38.55027622878967,0.9956876039505005,-0.2196624756160972,0.0004975795745849609,A<0.65,0.8<=beta<1.1,A<0.65 | 0.8<=beta<1.1,baseline_strongest_25
758,782_0.6_0.51.png,782,0.6,0.51,480,640,28.552310590697125,0.9741499423980713,40.77380957708804,0.9966776967048645,41.894431692960936,0.9968747496604919,1.120622115872898,0.0001970529556274414,A<0.65,beta<0.8,A<0.65 | beta<0.8,baseline_strongest_25
759,783_0.63_0.68.png,783,0.63,0.68,480,640,25.88825697036708,0.9632582068443298,39.069730808758834,0.9956137537956238,40.549442511981496,0.9960404634475708,1.4797117032226623,0.0004267096519470215,A<0.65,beta<0.8,A<0.65 | beta<0.8,baseline_strongest_25
760,784_0.5_0.79.png,784,0.5,0.79,480,640,27.02460784443914,0.9662578701972961,39.50277131013056,0.996189534664154,38.4747320127133,0.9962424039840698,-1.0280392974172656,5.2869319915771484e-05,A<0.65,beta<0.8,A<0.65 | beta<0.8,baseline_strongest_25
761,785_0.54_0.53.png,785,0.54,0.53,480,640,25.63632341805054,0.9465720057487488,40.11656971995775,0.9970394968986511,38.61567342244448,0.9969159960746765,-1.5008962975132718,-0.00012350082397460938,A<0.65,beta<0.8,A<0.65 | beta<0.8,baseline_strongest_25
762,786_0.77_1.16.png,786,0.77,1.16,480,640,16.947885920078694,0.8656273484230042,35.187984977285566,0.9930880665779114,35.30399247602812,0.9930481314659119,0.11600749874255456,-3.993511199951172e-05,0.75<=A<0.85,1.1<=beta<1.4,0.75<=A<0.85 | 1.1<=beta<1.4,baseline_middle_50
763,787_0.84_1.65.png,787,0.84,1.65,480,640,13.839534481528862,0.8130409121513367,32.65570996599783,0.9881979823112488,33.30644466554206,0.9884121417999268,0.6507346995442305,0.00021415948867797852,0.75<=A<0.85,1.4<=beta<1.7,0.75<=A<0.85 | 1.4<=beta<1.7,baseline_middle_50
764,788_0.69_0.73.png,788,0.69,0.73,480,640,21.258726693008096,0.9149977564811707,38.68488428671683,0.9960415959358215,38.701576930743606,0.9957705736160278,0.016692644026775838,-0.00027102231979370117,0.65<=A<0.75,beta<0.8,0.65<=A<0.75 | beta<0.8,baseline_strongest_25
765,789_0.85_1.57.png,789,0.85,1.57,480,640,9.768354297903949,0.5753687620162964,37.85418780595363,0.9860334992408752,37.29333648171885,0.9855356216430664,-0.5608513242347755,-0.0004978775978088379,0.85<=A<0.95,1.4<=beta<1.7,0.85<=A<0.95 | 1.4<=beta<1.7,baseline_strongest_25
766,78_1.0_0.78.png,78,1.0,0.78,400,400,16.247296274622617,0.8466280102729797,27.05303604793487,0.9734605550765991,24.630126243316234,0.9771403074264526,-2.4229098046186373,0.0036797523498535156,A>=0.95,beta<0.8,A>=0.95 | beta<0.8,baseline_weakest_25
767,790_0.93_1.12.png,790,0.93,1.12,480,640,10.833299793379322,0.6154537796974182,38.356327129144134,0.9894048571586609,37.78804216152671,0.9890275597572327,-0.5682849676174229,-0.00037729740142822266,0.85<=A<0.95,1.1<=beta<1.4,0.85<=A<0.95 | 1.1<=beta<1.4,baseline_strongest_25
768,791_0.94_1.39.png,791,0.94,1.39,480,640,9.432182661542193,0.578050971031189,37.00843420297417,0.9861482977867126,36.579754455686896,0.9853755831718445,-0.4286797472872763,-0.0007727146148681641,0.85<=A<0.95,1.1<=beta<1.4,0.85<=A<0.95 | 1.1<=beta<1.4,baseline_strongest_25
769,792_0.71_0.8.png,792,0.71,0.8,480,640,15.773020198266103,0.7110897898674011,41.62355256532813,0.9938313961029053,41.92555733432932,0.9935040473937988,0.30200476900118645,-0.0003273487091064453,0.65<=A<0.75,0.8<=beta<1.1,0.65<=A<0.75 | 0.8<=beta<1.1,baseline_strongest_25
770,793_0.81_1.92.png,793,0.81,1.92,480,640,12.78124875163716,0.643236517906189,35.87889413988063,0.9880930185317993,34.029149577381844,0.9870814681053162,-1.8497445624987847,-0.0010115504264831543,0.75<=A<0.85,beta>=1.7,0.75<=A<0.85 | beta>=1.7,baseline_middle_50
771,794_0.81_1.13.png,794,0.81,1.13,480,640,16.321056281933753,0.7367637753486633,37.86525128896271,0.9928376078605652,37.168025515702496,0.9926580190658569,-0.6972257732602145,-0.00017958879470825195,0.75<=A<0.85,1.1<=beta<1.4,0.75<=A<0.85 | 1.1<=beta<1.4,baseline_strongest_25
772,795_0.9_2.0.png,795,0.9,2.0,480,640,11.574679820481212,0.6167993545532227,35.01877138602726,0.985866129398346,33.735859324776094,0.984856903553009,-1.2829120612511673,-0.001009225845336914,0.85<=A<0.95,beta>=1.7,0.85<=A<0.95 | beta>=1.7,baseline_middle_50
773,796_0.82_1.56.png,796,0.82,1.56,480,640,13.99879561760562,0.6798454523086548,36.85735954024282,0.9904281497001648,35.453693762776936,0.9899635314941406,-1.403665777465882,-0.0004646182060241699,0.75<=A<0.85,1.4<=beta<1.7,0.75<=A<0.85 | 1.4<=beta<1.7,baseline_strongest_25
774,797_0.73_0.63.png,797,0.73,0.63,480,640,20.823255409023858,0.8976485133171082,44.01740630966651,0.9972043037414551,39.63290027385362,0.9969615340232849,-4.3845060358128904,-0.00024276971817016602,0.65<=A<0.75,beta<0.8,0.65<=A<0.75 | beta<0.8,baseline_strongest_25
775,798_0.79_0.52.png,798,0.79,0.52,480,640,21.442486546518683,0.9066882729530334,43.66269498030253,0.997337818145752,40.911055264740995,0.9972107410430908,-2.751639715561538,-0.0001270771026611328,0.75<=A<0.85,beta<0.8,0.75<=A<0.85 | beta<0.8,baseline_strongest_25
776,799_0.52_1.97.png,799,0.52,1.97,480,640,15.360527389130336,0.7792377471923828,33.74926767287084,0.9922002553939819,29.302857487455,0.9901636838912964,-4.446410185415843,-0.002036571502685547,A<0.65,beta>=1.7,A<0.65 | beta>=1.7,baseline_middle_50
777,79_0.63_1.89.png,79,0.63,1.89,400,400,11.73079404222204,0.7287281155586243,18.34120073071814,0.9214262962341309,17.334265475681395,0.9221001267433167,-1.006935255036744,0.000673830509185791,A<0.65,beta>=1.7,A<0.65 | beta>=1.7,baseline_weakest_25
778,7_0.95_1.37.png,7,0.95,1.37,400,400,12.089941470198088,0.8117634057998657,28.295793001625547,0.9834526181221008,27.480166811407635,0.9818501472473145,-0.8156261902179125,-0.001602470874786377,A>=0.95,1.1<=beta<1.4,A>=0.95 | 1.1<=beta<1.4,baseline_weakest_25
779,800_0.55_1.84.png,800,0.55,1.84,480,640,15.623246685554042,0.7878499627113342,36.398518179063316,0.9933497905731201,31.646397489528553,0.9920676946640015,-4.752120689534763,-0.0012820959091186523,A<0.65,beta>=1.7,A<0.65 | beta>=1.7,baseline_strongest_25
780,801_0.62_1.22.png,801,0.62,1.22,480,640,16.539575658026415,0.7957253456115723,38.334598412571,0.989098310470581,37.9342120699653,0.9890124201774597,-0.4003863426056995,-8.589029312133789e-05,A<0.65,1.1<=beta<1.4,A<0.65 | 1.1<=beta<1.4,baseline_strongest_25
781,802_0.67_0.91.png,802,0.67,0.91,480,640,17.90302153083861,0.8274843096733093,38.931999760954355,0.9907587766647339,38.89252788212981,0.9912630319595337,-0.03947187882454273,0.0005042552947998047,0.65<=A<0.75,0.8<=beta<1.1,0.65<=A<0.75 | 0.8<=beta<1.1,baseline_strongest_25
782,803_0.96_1.38.png,803,0.96,1.38,480,640,11.680070909307616,0.7196620106697083,31.376289423735596,0.9777650237083435,31.540534216262873,0.9775728583335876,0.16424479252727764,-0.00019216537475585938,A>=0.95,1.1<=beta<1.4,A>=0.95 | 1.1<=beta<1.4,baseline_middle_50
783,804_0.64_0.58.png,804,0.64,0.58,480,640,21.372991261789892,0.881011962890625,41.16717172857366,0.9942249655723572,41.28499236057727,0.9941927790641785,0.11782063200360682,-3.218650817871094e-05,A<0.65,beta<0.8,A<0.65 | beta<0.8,baseline_strongest_25
784,805_0.64_1.71.png,805,0.64,1.71,480,640,13.970888810093742,0.7437817454338074,35.532051371769526,0.9887268543243408,32.94607272076956,0.9851412773132324,-2.5859786509999694,-0.0035855770111083984,A<0.65,beta>=1.7,A<0.65 | beta>=1.7,baseline_middle_50
785,806_0.86_1.72.png,806,0.86,1.72,480,640,11.765046702358672,0.7119224667549133,33.41452623683641,0.9863559603691101,31.86064191983168,0.9803629517555237,-1.55388431700473,-0.005993008613586426,0.85<=A<0.95,beta>=1.7,0.85<=A<0.95 | beta>=1.7,baseline_middle_50
786,807_0.81_1.1.png,807,0.81,1.1,480,640,14.960988209616396,0.7933033108711243,36.49527905747841,0.9894768595695496,36.753565544402505,0.9918304085731506,0.2582864869240922,0.0023535490036010742,0.75<=A<0.85,1.1<=beta<1.4,0.75<=A<0.85 | 1.1<=beta<1.4,baseline_strongest_25
787,808_0.52_0.78.png,808,0.52,0.78,480,640,18.987515546911993,0.8789412379264832,41.608552511942435,0.9954931735992432,41.07358768267196,0.9952552914619446,-0.5349648292704714,-0.00023788213729858398,A<0.65,beta<0.8,A<0.65 | beta<0.8,baseline_strongest_25
788,809_0.73_1.63.png,809,0.73,1.63,480,640,13.581440832000096,0.7324382662773132,30.980063147342484,0.9835931062698364,31.273588919923647,0.9847572445869446,0.2935257725811624,0.0011641383171081543,0.65<=A<0.75,1.4<=beta<1.7,0.65<=A<0.75 | 1.4<=beta<1.7,baseline_middle_50
789,80_0.74_1.76.png,80,0.74,1.76,400,400,11.516873374932054,0.7274803519248962,19.705135492916636,0.9298733472824097,18.789823327231453,0.9359363317489624,-0.915312165685183,0.006062984466552734,0.65<=A<0.75,beta>=1.7,0.65<=A<0.75 | beta>=1.7,baseline_weakest_25
790,810_0.88_1.95.png,810,0.88,1.95,480,640,10.444451699052369,0.6558341383934021,27.43545200828975,0.973414957523346,27.690859753263013,0.9731155037879944,0.2554077449732617,-0.0002994537353515625,0.85<=A<0.95,beta>=1.7,0.85<=A<0.95 | beta>=1.7,baseline_weakest_25
791,811_0.61_0.62.png,811,0.61,0.62,480,640,22.253393088692583,0.90629643201828,38.78478839406215,0.9944360852241516,39.174967985059844,0.9945700168609619,0.39017959099769683,0.00013393163681030273,A<0.65,beta<0.8,A<0.65 | beta<0.8,baseline_strongest_25
792,812_0.81_1.01.png,812,0.81,1.01,480,640,15.629060868165222,0.7970197200775146,31.94703853572827,0.9875078201293945,31.946717559316596,0.9878512620925903,-0.0003209764116753888,0.0003434419631958008,0.75<=A<0.85,0.8<=beta<1.1,0.75<=A<0.85 | 0.8<=beta<1.1,baseline_middle_50
793,813_0.58_1.0.png,813,0.58,1.0,480,640,20.615567499295267,0.9240666031837463,37.80882401710137,0.996415376663208,37.31888940334223,0.9963428378105164,-0.4899346137591394,-7.253885269165039e-05,A<0.65,0.8<=beta<1.1,A<0.65 | 0.8<=beta<1.1,baseline_strongest_25
794,814_0.74_1.87.png,814,0.74,1.87,480,640,14.945190699175113,0.8427304625511169,33.90614381723381,0.9904658198356628,34.93873101139128,0.9913451671600342,1.0325871941574718,0.0008793473243713379,0.65<=A<0.75,beta>=1.7,0.65<=A<0.75 | beta>=1.7,baseline_middle_50
795,815_0.97_1.1.png,815,0.97,1.1,480,640,14.52991668765694,0.8781803846359253,32.60768353909636,0.9918727874755859,33.612856471058016,0.9926702380180359,1.0051729319616598,0.0007974505424499512,A>=0.95,1.1<=beta<1.4,A>=0.95 | 1.1<=beta<1.4,baseline_middle_50
796,816_0.61_1.87.png,816,0.61,1.87,480,640,16.711820992315324,0.8563010096549988,34.55515279876362,0.9920884370803833,35.59063477497597,0.9930101633071899,1.0354819762123455,0.0009217262268066406,A<0.65,beta>=1.7,A<0.65 | beta>=1.7,baseline_middle_50
797,817_0.59_1.1.png,817,0.59,1.1,480,640,22.221501455442834,0.9253959655761719,38.333257452435625,0.9955205917358398,37.706421347182314,0.9954593181610107,-0.6268361052533109,-6.127357482910156e-05,A<0.65,1.1<=beta<1.4,A<0.65 | 1.1<=beta<1.4,baseline_strongest_25
798,818_0.52_0.76.png,818,0.52,0.76,480,640,26.572192849369053,0.9523329138755798,38.21465706686026,0.9963285326957703,37.130940168774046,0.9961682558059692,-1.083716898086216,-0.0001602768898010254,A<0.65,beta<0.8,A<0.65 | beta<0.8,baseline_strongest_25
799,819_0.63_2.0.png,819,0.63,2.0,480,640,17.446643761903523,0.8686085343360901,34.8687044847438,0.9912123084068298,34.5204721771176,0.9913241863250732,-0.34823230762620483,0.0001118779182434082,A<0.65,beta>=1.7,A<0.65 | beta>=1.7,baseline_middle_50
800,81_0.84_1.33.png,81,0.84,1.33,400,400,20.980233013192375,0.9509750604629517,29.39942693146886,0.9885161519050598,28.059876126602727,0.9828535318374634,-1.339550804866132,-0.0056626200675964355,0.75<=A<0.85,1.1<=beta<1.4,0.75<=A<0.85 | 1.1<=beta<1.4,baseline_middle_50
801,820_0.87_1.24.png,820,0.87,1.24,480,640,16.335584882196347,0.8735414147377014,33.056604548313324,0.9910369515419006,33.34772430881765,0.9910808205604553,0.29111976050432276,4.38690185546875e-05,0.85<=A<0.95,1.1<=beta<1.4,0.85<=A<0.95 | 1.1<=beta<1.4,baseline_middle_50
802,821_0.7_1.3.png,821,0.7,1.3,480,640,18.975764697805822,0.7696858644485474,37.19746325930896,0.989238977432251,38.19110190233343,0.9896709322929382,0.9936386430244681,0.00043195486068725586,0.65<=A<0.75,1.1<=beta<1.4,0.65<=A<0.75 | 1.1<=beta<1.4,baseline_strongest_25
803,822_0.64_0.8.png,822,0.64,0.8,480,640,25.24036354324965,0.8389394283294678,39.337836431413315,0.9926249980926514,38.64307980431804,0.9928488731384277,-0.6947566270952734,0.0002238750457763672,A<0.65,0.8<=beta<1.1,A<0.65 | 0.8<=beta<1.1,baseline_strongest_25
804,823_0.52_1.62.png,823,0.52,1.62,480,640,20.956149472252285,0.7890986800193787,35.03702626454439,0.98847496509552,34.58894526702111,0.9889700412750244,-0.44808099752327735,0.0004950761795043945,A<0.65,1.4<=beta<1.7,A<0.65 | 1.4<=beta<1.7,baseline_middle_50
805,824_0.82_1.95.png,824,0.82,1.95,480,640,12.477723993630367,0.6659152507781982,34.20188383545974,0.9823001027107239,35.091538562522786,0.9818652868270874,0.8896547270630464,-0.0004348158836364746,0.75<=A<0.85,beta>=1.7,0.75<=A<0.85 | beta>=1.7,baseline_middle_50
806,825_0.79_0.64.png,825,0.79,0.64,480,640,17.720925896325966,0.8673297762870789,37.58560713775035,0.9946282505989075,36.83126484561805,0.9945326447486877,-0.7543422921323,-9.560585021972656e-05,0.75<=A<0.85,beta<0.8,0.75<=A<0.85 | beta<0.8,baseline_strongest_25
807,826_0.82_0.58.png,826,0.82,0.58,480,640,18.000260077522114,0.8736650943756104,37.41155441923914,0.9947110414505005,36.9655423460569,0.9945584535598755,-0.44601207318223857,-0.000152587890625,0.75<=A<0.85,beta<0.8,0.75<=A<0.85 | beta<0.8,baseline_strongest_25
808,827_0.72_0.85.png,827,0.72,0.85,480,640,16.808188544084157,0.8445392847061157,37.65373945587248,0.9941546320915222,36.761611344870744,0.9940163493156433,-0.8921281110017389,-0.00013828277587890625,0.65<=A<0.75,0.8<=beta<1.1,0.65<=A<0.75 | 0.8<=beta<1.1,baseline_strongest_25
809,828_0.63_0.64.png,828,0.63,0.64,480,640,20.486432945659814,0.8922421336174011,40.73926366267904,0.9958523511886597,40.01499032812329,0.9954718351364136,-0.7242733345557539,-0.00038051605224609375,A<0.65,beta<0.8,A<0.65 | beta<0.8,baseline_strongest_25
810,829_0.92_1.57.png,829,0.92,1.57,480,640,15.57456346074269,0.8545850515365601,36.21482751304092,0.9928163290023804,35.50225056878838,0.9925713539123535,-0.7125769442525467,-0.00024497509002685547,0.85<=A<0.95,1.4<=beta<1.7,0.85<=A<0.95 | 1.4<=beta<1.7,baseline_strongest_25
811,82_0.83_1.9.png,82,0.83,1.9,400,400,15.85105490420859,0.8806639313697815,28.178098445697174,0.9839580059051514,27.77841598383254,0.9812173247337341,-0.3996824618646322,-0.0027406811714172363,0.75<=A<0.85,beta>=1.7,0.75<=A<0.85 | beta>=1.7,baseline_weakest_25
812,830_0.58_1.52.png,830,0.58,1.52,480,640,20.983339289181714,0.9092264771461487,37.76427852361168,0.995066225528717,37.80513035678269,0.9951205253601074,0.040851833171011265,5.429983139038086e-05,A<0.65,1.4<=beta<1.7,A<0.65 | 1.4<=beta<1.7,baseline_strongest_25
813,831_0.8_1.88.png,831,0.8,1.88,480,640,15.824367302631632,0.8515592813491821,36.805468956316645,0.9926992654800415,36.03800188620438,0.9926959276199341,-0.7674670701122679,-3.337860107421875e-06,0.75<=A<0.85,beta>=1.7,0.75<=A<0.85 | beta>=1.7,baseline_strongest_25
814,832_0.91_1.78.png,832,0.91,1.78,480,640,14.828211909806846,0.8402769565582275,35.81969553952596,0.9919267296791077,35.159005430774144,0.9916921257972717,-0.6606901087518153,-0.0002346038818359375,0.85<=A<0.95,beta>=1.7,0.85<=A<0.95 | beta>=1.7,baseline_middle_50
815,833_0.84_0.74.png,833,0.84,0.74,480,640,19.369548951039896,0.8089800477027893,39.325683784389234,0.9927658438682556,38.67703728167471,0.9926839470863342,-0.6486465027145272,-8.189678192138672e-05,0.75<=A<0.85,beta<0.8,0.75<=A<0.85 | beta<0.8,baseline_strongest_25
816,834_1.0_1.28.png,834,1.0,1.28,480,640,13.649596230549598,0.7167378664016724,33.55547527802176,0.9845125079154968,33.38154626432859,0.983954668045044,-0.1739290136931686,-0.0005578398704528809,A>=0.95,1.1<=beta<1.4,A>=0.95 | 1.1<=beta<1.4,baseline_middle_50
817,835_0.92_1.87.png,835,0.92,1.87,480,640,12.050857480556372,0.6766485571861267,33.5132285214694,0.9802510738372803,35.34241005523307,0.98162841796875,1.8291815337636663,0.0013773441314697266,0.85<=A<0.95,beta>=1.7,0.85<=A<0.95 | beta>=1.7,baseline_middle_50
818,836_0.77_0.51.png,836,0.77,0.51,480,640,23.1750770524736,0.8542890548706055,40.63293654819627,0.9947232604026794,41.64112327849173,0.9947206377983093,1.0081867302954635,-2.6226043701171875e-06,0.75<=A<0.85,beta<0.8,0.75<=A<0.85 | beta<0.8,baseline_strongest_25
819,837_0.58_1.79.png,837,0.58,1.79,480,640,17.16855257514126,0.7763965725898743,31.21720769372415,0.9878054261207581,34.11540211060107,0.9898865222930908,2.898194416876919,0.0020810961723327637,A<0.65,beta>=1.7,A<0.65 | beta>=1.7,baseline_middle_50
820,838_0.95_1.3.png,838,0.95,1.3,480,640,13.432605209755435,0.7513612508773804,32.90392653505924,0.9869870543479919,32.140247472296785,0.9873555302619934,-0.7636790627624563,0.00036847591400146484,A>=0.95,1.1<=beta<1.4,A>=0.95 | 1.1<=beta<1.4,baseline_middle_50
821,839_0.64_0.83.png,839,0.64,0.83,480,640,21.324495542893015,0.8600556254386902,39.23923040925496,0.9938439726829529,39.51367428458458,0.9943732023239136,0.27444387532962367,0.0005292296409606934,A<0.65,0.8<=beta<1.1,A<0.65 | 0.8<=beta<1.1,baseline_strongest_25
822,83_0.9_0.57.png,83,0.9,0.57,400,400,29.83045178182543,0.9925436973571777,30.018444739803407,0.9903225302696228,28.826564740003946,0.9859482645988464,-1.1918799997994611,-0.004374265670776367,0.85<=A<0.95,beta<0.8,0.85<=A<0.95 | beta<0.8,baseline_middle_50
823,840_0.73_1.28.png,840,0.73,1.28,480,640,16.76530202433473,0.7941611409187317,36.40826205990655,0.9902603626251221,36.094555941196546,0.9912126064300537,-0.31370611871000165,0.0009522438049316406,0.65<=A<0.75,1.1<=beta<1.4,0.65<=A<0.75 | 1.1<=beta<1.4,baseline_strongest_25
824,841_0.56_0.7.png,841,0.56,0.7,480,640,24.04411118280807,0.9102330207824707,41.38915333763337,0.9961843490600586,43.099857314300785,0.9965360760688782,1.7107039766674177,0.0003517270088195801,A<0.65,beta<0.8,A<0.65 | beta<0.8,baseline_strongest_25
825,842_0.85_1.49.png,842,0.85,1.49,480,640,13.851198185875273,0.7640138268470764,34.13661073240838,0.9896547198295593,33.96077839054811,0.9897032380104065,-0.1758323418602714,4.851818084716797e-05,0.85<=A<0.95,1.4<=beta<1.7,0.85<=A<0.95 | 1.4<=beta<1.7,baseline_middle_50
826,843_0.54_1.62.png,843,0.54,1.62,480,640,18.306850608905187,0.8253265619277954,36.62113328232077,0.992872953414917,38.61737017431575,0.9936137199401855,1.9962368919949824,0.0007407665252685547,A<0.65,1.4<=beta<1.7,A<0.65 | 1.4<=beta<1.7,baseline_strongest_25
827,844_0.65_0.6.png,844,0.65,0.6,480,640,23.51762493534749,0.9092298746109009,40.78436025697534,0.9959879517555237,42.117652317659555,0.9964441657066345,1.3332920606842151,0.00045621395111083984,0.65<=A<0.75,beta<0.8,0.65<=A<0.75 | beta<0.8,baseline_strongest_25
828,845_0.65_1.14.png,845,0.65,1.14,480,640,20.145183359484996,0.8830056190490723,36.09221870490341,0.993702232837677,35.78314972999385,0.993998110294342,-0.3090689749095574,0.00029587745666503906,0.65<=A<0.75,1.1<=beta<1.4,0.65<=A<0.75 | 1.1<=beta<1.4,baseline_strongest_25
829,846_0.6_1.35.png,846,0.6,1.35,480,640,19.87280235690331,0.8751505613327026,36.49549901457259,0.9933862686157227,35.90815411927105,0.9935250878334045,-0.5873448953015341,0.00013881921768188477,A<0.65,1.1<=beta<1.4,A<0.65 | 1.1<=beta<1.4,baseline_strongest_25
830,847_0.59_0.93.png,847,0.59,0.93,480,640,22.66682477775835,0.9065592885017395,36.882604660775236,0.9946733713150024,37.57158395003996,0.9952319860458374,0.6889792892647222,0.0005586147308349609,A<0.65,0.8<=beta<1.1,A<0.65 | 0.8<=beta<1.1,baseline_strongest_25
831,848_0.68_0.53.png,848,0.68,0.53,480,640,25.300847443277362,0.9318430423736572,37.702879264790596,0.9957752823829651,38.18203000909628,0.9959954619407654,0.4791507443056844,0.00022017955780029297,0.65<=A<0.75,beta<0.8,0.65<=A<0.75 | beta<0.8,baseline_strongest_25
832,849_0.69_1.0.png,849,0.69,1.0,480,640,25.496112425953342,0.9454829692840576,36.835141074563396,0.9936584830284119,34.67050984016207,0.9915390610694885,-2.1646312344013268,-0.00211942195892334,0.65<=A<0.75,0.8<=beta<1.1,0.65<=A<0.75 | 0.8<=beta<1.1,baseline_strongest_25
833,84_0.62_1.05.png,84,0.62,1.05,400,400,28.61190139849329,0.987945556640625,31.816621668231964,0.9906423091888428,30.706169070831976,0.9875192642211914,-1.1104525973999877,-0.003123044967651367,A<0.65,0.8<=beta<1.1,A<0.65 | 0.8<=beta<1.1,baseline_middle_50
834,850_0.52_0.65.png,850,0.52,0.65,480,640,31.949467009973507,0.9761567115783691,40.41034582891786,0.9960974454879761,39.13533427367915,0.9953393936157227,-1.275011555238713,-0.000758051872253418,A<0.65,beta<0.8,A<0.65 | beta<0.8,baseline_strongest_25
835,851_0.77_1.87.png,851,0.77,1.87,480,640,19.528756403849712,0.8901559114456177,32.93472097745226,0.9882522225379944,31.786422270061422,0.9864575266838074,-1.1482987073908362,-0.0017946958541870117,0.75<=A<0.85,beta>=1.7,0.75<=A<0.85 | beta>=1.7,baseline_middle_50
836,852_0.78_1.79.png,852,0.78,1.79,480,640,19.629876999188284,0.892601490020752,32.795586389332,0.9881933927536011,31.59694839521518,0.9865000247955322,-1.1986379941168224,-0.0016933679580688477,0.75<=A<0.85,beta>=1.7,0.75<=A<0.85 | beta>=1.7,baseline_middle_50
837,853_1.0_1.75.png,853,1.0,1.75,480,640,13.264050408643849,0.8543428182601929,26.246507217028796,0.9782618880271912,25.97639571056879,0.9772453308105469,-0.2701115064600046,-0.0010165572166442871,A>=0.95,beta>=1.7,A>=0.95 | beta>=1.7,baseline_weakest_25
838,854_0.72_1.32.png,854,0.72,1.32,480,640,18.815334917235983,0.9065964221954346,30.69517757312033,0.9904877543449402,31.190123343213134,0.9890902638435364,0.49494577009280505,-0.0013974905014038086,0.65<=A<0.75,1.1<=beta<1.4,0.65<=A<0.75 | 1.1<=beta<1.4,baseline_middle_50
839,855_0.94_1.42.png,855,0.94,1.42,480,640,15.28310234027715,0.8788685202598572,27.022622641457644,0.9837010502815247,27.109974493930373,0.9831008315086365,0.08735185247272881,-0.0006002187728881836,0.85<=A<0.95,1.4<=beta<1.7,0.85<=A<0.95 | 1.4<=beta<1.7,baseline_weakest_25
840,856_0.91_1.07.png,856,0.91,1.07,480,640,17.56785128832555,0.901616632938385,27.955956033270528,0.9872889518737793,28.44314064058917,0.9870848059654236,0.48718460731864255,-0.0002041459083557129,0.85<=A<0.95,0.8<=beta<1.1,0.85<=A<0.95 | 0.8<=beta<1.1,baseline_weakest_25
841,857_0.8_1.07.png,857,0.8,1.07,480,640,15.986429251156185,0.8186748623847961,38.030147312742656,0.9895384907722473,36.362031740681566,0.9886695742607117,-1.6681155720610903,-0.0008689165115356445,0.75<=A<0.85,0.8<=beta<1.1,0.75<=A<0.85 | 0.8<=beta<1.1,baseline_strongest_25
842,858_0.8_1.72.png,858,0.8,1.72,480,640,13.11147289629269,0.7470235824584961,35.893085591689115,0.9830377697944641,34.444080347362615,0.9814650416374207,-1.4490052443265,-0.001572728157043457,0.75<=A<0.85,beta>=1.7,0.75<=A<0.85 | beta>=1.7,baseline_middle_50
843,859_0.97_1.76.png,859,0.97,1.76,480,640,10.602527182530254,0.7119013071060181,32.77881300981343,0.9764752388000488,31.973676200232383,0.9740626811981201,-0.8051368095810503,-0.002412557601928711,A>=0.95,beta>=1.7,A>=0.95 | beta>=1.7,baseline_middle_50
844,85_0.81_1.32.png,85,0.81,1.32,400,400,17.086218873539224,0.8848021030426025,28.493272290872483,0.9880886673927307,28.961956393731917,0.9851727485656738,0.4686841028594344,-0.0029159188270568848,0.75<=A<0.85,1.1<=beta<1.4,0.75<=A<0.85 | 1.1<=beta<1.4,baseline_weakest_25
845,860_0.84_0.88.png,860,0.84,0.88,480,640,16.682550174869846,0.8365838527679443,38.15822262564424,0.9906781911849976,36.85655595319387,0.9900268912315369,-1.3016666724503736,-0.0006512999534606934,0.75<=A<0.85,0.8<=beta<1.1,0.75<=A<0.85 | 0.8<=beta<1.1,baseline_strongest_25
846,861_0.58_1.68.png,861,0.58,1.68,480,640,17.819599640487894,0.8287612795829773,35.29537768936413,0.9907024502754211,35.251364176099926,0.9911037683486938,-0.04401351326420411,0.0004013180732727051,A<0.65,1.4<=beta<1.7,A<0.65 | 1.4<=beta<1.7,baseline_middle_50
847,862_0.81_1.83.png,862,0.81,1.83,480,640,13.357449127488813,0.7752395272254944,30.88106918898765,0.9848519563674927,30.362374430186794,0.9849194288253784,-0.518694758800855,6.747245788574219e-05,0.75<=A<0.85,beta>=1.7,0.75<=A<0.85 | beta>=1.7,baseline_middle_50
848,863_0.96_0.8.png,863,0.96,0.8,480,640,16.76669461114621,0.8590360283851624,33.03220325536561,0.9910937547683716,31.43480072209977,0.9897701740264893,-1.5974025332658393,-0.0013235807418823242,A>=0.95,0.8<=beta<1.1,A>=0.95 | 0.8<=beta<1.1,baseline_middle_50
849,864_0.76_1.26.png,864,0.76,1.26,480,640,16.515196128026332,0.8367780447006226,33.97175300315648,0.9910441040992737,32.72015736559816,0.9902207255363464,-1.2515956375583173,-0.0008233785629272461,0.75<=A<0.85,1.1<=beta<1.4,0.75<=A<0.85 | 1.1<=beta<1.4,baseline_middle_50
850,865_0.73_1.24.png,865,0.73,1.24,480,640,20.68217784362985,0.9106132388114929,39.733469476020204,0.994422435760498,39.68695795787874,0.994804322719574,-0.04651151814146459,0.00038188695907592773,0.65<=A<0.75,1.1<=beta<1.4,0.65<=A<0.75 | 1.1<=beta<1.4,baseline_strongest_25
851,866_0.62_0.59.png,866,0.62,0.59,480,640,27.830855672515046,0.9625121355056763,42.55556871338069,0.9970102906227112,43.69344058235661,0.9973278641700745,1.137871868975921,0.00031757354736328125,A<0.65,beta<0.8,A<0.65 | beta<0.8,baseline_strongest_25
852,867_0.6_1.88.png,867,0.6,1.88,480,640,19.541514667071027,0.8885329961776733,38.219088547780096,0.9926249980926514,38.63398340683254,0.993568480014801,0.4148948590524455,0.0009434819221496582,A<0.65,beta>=1.7,A<0.65 | beta>=1.7,baseline_strongest_25
853,868_0.67_1.22.png,868,0.67,1.22,480,640,21.665038446741516,0.9182463884353638,40.097602396582694,0.9949846863746643,40.354938782258245,0.9953217506408691,0.2573363856755506,0.000337064266204834,0.65<=A<0.75,1.1<=beta<1.4,0.65<=A<0.75 | 1.1<=beta<1.4,baseline_strongest_25
854,869_0.55_0.51.png,869,0.55,0.51,480,640,27.87537431371338,0.947943389415741,42.24033530194238,0.9957373738288879,42.43464801574294,0.9962056875228882,0.19431271380055648,0.00046831369400024414,A<0.65,beta<0.8,A<0.65 | beta<0.8,baseline_strongest_25
855,86_0.65_0.51.png,86,0.65,0.51,400,400,26.36924466679721,0.9773866534233093,28.79289071475682,0.9907773733139038,30.26034249217039,0.9890851378440857,1.4674517774135722,-0.0016922354698181152,0.65<=A<0.75,beta<0.8,0.65<=A<0.75 | beta<0.8,baseline_middle_50
856,870_0.92_0.7.png,870,0.92,0.7,480,640,20.82228702851873,0.8996132016181946,36.51261137483647,0.9923951625823975,38.55666420007988,0.9941767454147339,2.044052825243412,0.0017815828323364258,0.85<=A<0.95,beta<0.8,0.85<=A<0.95 | beta<0.8,baseline_strongest_25
857,871_0.51_1.24.png,871,0.51,1.24,480,640,21.261761580342554,0.893851637840271,38.476615315282494,0.9935711026191711,36.553384700492636,0.993950366973877,-1.9232306147898584,0.00037926435470581055,A<0.65,1.1<=beta<1.4,A<0.65 | 1.1<=beta<1.4,baseline_strongest_25
858,872_0.58_1.62.png,872,0.58,1.62,480,640,18.99940042887042,0.8547778129577637,37.78621248581567,0.9912894368171692,37.232284047157684,0.992057740688324,-0.5539284386579837,0.0007683038711547852,A<0.65,1.4<=beta<1.7,A<0.65 | 1.4<=beta<1.7,baseline_strongest_25
859,873_0.7_1.86.png,873,0.7,1.86,480,640,17.02285280919536,0.8673096299171448,33.49459683031235,0.9874445199966431,32.511151740713665,0.9879942536354065,-0.9834450895986819,0.0005497336387634277,0.65<=A<0.75,beta>=1.7,0.65<=A<0.75 | beta>=1.7,baseline_middle_50
860,874_0.77_1.02.png,874,0.77,1.02,480,640,19.835647507899775,0.9157062768936157,33.625095264305614,0.9903109669685364,33.7658459383822,0.9924975633621216,0.14075067407658537,0.002186596393585205,0.75<=A<0.85,0.8<=beta<1.1,0.75<=A<0.85 | 0.8<=beta<1.1,baseline_middle_50
861,875_0.61_1.58.png,875,0.61,1.58,480,640,19.683746672963565,0.8978015780448914,35.79330300077385,0.9907515645027161,36.23990802330235,0.9921015501022339,0.44660502252850165,0.0013499855995178223,A<0.65,1.4<=beta<1.7,A<0.65 | 1.4<=beta<1.7,baseline_middle_50
862,876_0.63_0.98.png,876,0.63,0.98,480,640,22.627007610681467,0.9333606362342834,36.013432885100684,0.9926720857620239,37.93016736243906,0.9947147965431213,1.9167344773383732,0.002042710781097412,A<0.65,0.8<=beta<1.1,A<0.65 | 0.8<=beta<1.1,baseline_middle_50
863,877_0.67_1.49.png,877,0.67,1.49,480,640,18.10788380791334,0.8884032964706421,35.88570199443356,0.9938341379165649,35.35815913388883,0.9934209585189819,-0.5275428605447274,-0.0004131793975830078,0.65<=A<0.75,1.4<=beta<1.7,0.65<=A<0.75 | 1.4<=beta<1.7,baseline_middle_50
864,878_0.77_1.29.png,878,0.77,1.29,480,640,17.553916184143734,0.8959255218505859,34.691517395442126,0.993850588798523,34.51337941480605,0.9934181571006775,-0.17813798063607322,-0.000432431697845459,0.75<=A<0.85,1.1<=beta<1.4,0.75<=A<0.85 | 1.1<=beta<1.4,baseline_middle_50
865,879_0.87_1.64.png,879,0.87,1.64,480,640,14.497236460746763,0.8476767539978027,31.666883966680437,0.9903547763824463,31.98833500364,0.9903762936592102,0.32145103695956223,2.1517276763916016e-05,0.85<=A<0.95,1.4<=beta<1.7,0.85<=A<0.95 | 1.4<=beta<1.7,baseline_middle_50
866,87_0.87_0.93.png,87,0.87,0.93,400,400,19.211513166754003,0.9223760366439819,30.565321791152478,0.9899224042892456,29.884521939222722,0.9869536757469177,-0.6807998519297556,-0.002968728542327881,0.85<=A<0.95,0.8<=beta<1.1,0.85<=A<0.95 | 0.8<=beta<1.1,baseline_middle_50
867,880_0.7_0.67.png,880,0.7,0.67,480,640,23.011187143207536,0.9603509902954102,39.05018804299991,0.9967500567436218,38.47498778783621,0.9963722229003906,-0.5752002551637005,-0.00037783384323120117,0.65<=A<0.75,beta<0.8,0.65<=A<0.75 | beta<0.8,baseline_strongest_25
868,881_0.71_1.55.png,881,0.71,1.55,480,640,16.32056426748153,0.7300390601158142,34.11220448171447,0.985694169998169,33.391973155003306,0.985069990158081,-0.7202313267111649,-0.0006241798400878906,0.65<=A<0.75,1.4<=beta<1.7,0.65<=A<0.75 | 1.4<=beta<1.7,baseline_middle_50
869,882_0.99_1.67.png,882,0.99,1.67,480,640,11.670942951072828,0.6629796028137207,27.940288287604275,0.9728378057479858,28.38704185950067,0.9735721349716187,0.4467535718963944,0.0007343292236328125,A>=0.95,1.4<=beta<1.7,A>=0.95 | 1.4<=beta<1.7,baseline_weakest_25
870,883_0.79_0.54.png,883,0.79,0.54,480,640,22.578046784690105,0.8189714550971985,39.52715307598129,0.9928576946258545,39.413961918901464,0.9930915236473083,-0.11319115707982519,0.00023382902145385742,0.75<=A<0.85,beta<0.8,0.75<=A<0.85 | beta<0.8,baseline_strongest_25
871,884_0.73_1.32.png,884,0.73,1.32,480,640,17.024115637394733,0.7434823513031006,35.05038571313398,0.9874666333198547,34.39553445727798,0.987088143825531,-0.6548512558559949,-0.00037848949432373047,0.65<=A<0.75,1.1<=beta<1.4,0.65<=A<0.75 | 1.1<=beta<1.4,baseline_middle_50
872,885_0.82_0.54.png,885,0.82,0.54,480,640,21.547940247512827,0.9152551293373108,36.18444047672744,0.9946867823600769,38.90607633244241,0.9950370788574219,2.721635855714972,0.0003502964973449707,0.75<=A<0.85,beta<0.8,0.75<=A<0.85 | beta<0.8,baseline_strongest_25
873,886_0.51_0.87.png,886,0.51,0.87,480,640,23.115392027474925,0.9163775444030762,33.025231053988136,0.9940110445022583,39.56087856093743,0.9955006241798401,6.535647506949296,0.0014895796775817871,A<0.65,0.8<=beta<1.1,A<0.65 | 0.8<=beta<1.1,baseline_middle_50
874,887_0.61_1.36.png,887,0.61,1.36,480,640,18.278369425208957,0.8592634797096252,32.87546379367101,0.9912691712379456,37.061858110289016,0.9920908808708191,4.186394316618006,0.0008217096328735352,A<0.65,1.1<=beta<1.4,A<0.65 | 1.1<=beta<1.4,baseline_middle_50
875,888_0.85_1.91.png,888,0.85,1.91,480,640,12.287414318339733,0.7621492743492126,31.82060029960214,0.9827510714530945,31.24390215952112,0.9818124771118164,-0.5766981400810209,-0.0009385943412780762,0.85<=A<0.95,beta>=1.7,0.85<=A<0.95 | beta>=1.7,baseline_middle_50
876,889_0.63_1.04.png,889,0.63,1.04,480,640,21.558073963524418,0.928499698638916,37.89450635544215,0.9962067604064941,37.04778936785618,0.9959068894386292,-0.8467169875859639,-0.00029987096786499023,A<0.65,0.8<=beta<1.1,A<0.65 | 0.8<=beta<1.1,baseline_strongest_25
877,88_0.63_0.94.png,88,0.63,0.94,400,400,21.533277236796447,0.943333089351654,26.634609189803847,0.9899009466171265,29.43111888068065,0.9885873794555664,2.7965096908768032,-0.0013135671615600586,A<0.65,0.8<=beta<1.1,A<0.65 | 0.8<=beta<1.1,baseline_weakest_25
878,890_0.8_0.6.png,890,0.8,0.6,480,640,22.56533437036267,0.947485089302063,37.57529278902003,0.9966419339179993,36.74742231760298,0.9964779019355774,-0.8278704714170502,-0.000164031982421875,0.75<=A<0.85,beta<0.8,0.75<=A<0.85 | beta<0.8,baseline_strongest_25
879,891_0.81_0.99.png,891,0.81,0.99,480,640,18.763870383494115,0.9139771461486816,35.194292012003814,0.9952282309532166,35.001095438858606,0.995000422000885,-0.1931965731452081,-0.00022780895233154297,0.75<=A<0.85,0.8<=beta<1.1,0.75<=A<0.85 | 0.8<=beta<1.1,baseline_middle_50
880,892_0.86_1.73.png,892,0.86,1.73,480,640,14.35787054608236,0.8457013964653015,32.02509316245045,0.9912752509117126,31.391268964491378,0.9904581904411316,-0.6338241979590755,-0.0008170604705810547,0.85<=A<0.95,beta>=1.7,0.85<=A<0.95 | beta>=1.7,baseline_middle_50
881,893_1.0_1.91.png,893,1.0,1.91,480,640,13.216370341458978,0.8368914127349854,32.30355435671262,0.989667534828186,30.19810979868334,0.9862880706787109,-2.1054445580292764,-0.0033794641494750977,A>=0.95,beta>=1.7,A>=0.95 | beta>=1.7,baseline_middle_50
882,894_0.8_0.61.png,894,0.8,0.61,480,640,24.171791337545198,0.9595025777816772,41.53634914748658,0.997381865978241,40.4922627349649,0.9969363212585449,-1.044086412521679,-0.0004455447196960449,0.75<=A<0.85,beta<0.8,0.75<=A<0.85 | beta<0.8,baseline_strongest_25
883,895_0.51_1.82.png,895,0.51,1.82,480,640,20.086259007497382,0.9061017632484436,34.79309755286194,0.9946577548980713,30.558903537850167,0.9924087524414062,-4.23419401501177,-0.002249002456665039,A<0.65,beta>=1.7,A<0.65 | beta>=1.7,baseline_middle_50
884,896_0.98_0.62.png,896,0.98,0.62,480,640,21.24813756645089,0.9478237628936768,37.045310412475985,0.9964802861213684,36.676025619881514,0.9958239793777466,-0.36928479259447045,-0.0006563067436218262,A>=0.95,beta<0.8,A>=0.95 | beta<0.8,baseline_strongest_25
885,897_0.57_1.69.png,897,0.57,1.69,480,640,17.041529349195468,0.8016365170478821,38.67140530795869,0.9916187524795532,38.55435940669659,0.992108166217804,-0.11704590126210235,0.0004894137382507324,A<0.65,1.4<=beta<1.7,A<0.65 | 1.4<=beta<1.7,baseline_strongest_25
886,898_0.57_1.86.png,898,0.57,1.86,480,640,16.467634242014597,0.7890815734863281,38.08480330457563,0.9906163215637207,38.12252129574862,0.9912137985229492,0.037717991172989684,0.0005974769592285156,A<0.65,beta>=1.7,A<0.65 | beta>=1.7,baseline_strongest_25
887,899_0.98_1.65.png,899,0.98,1.65,480,640,10.967091293529002,0.7207818627357483,30.949138593879745,0.9833211302757263,31.685063450578802,0.9837820529937744,0.7359248566990573,0.0004609227180480957,A>=0.95,1.4<=beta<1.7,A>=0.95 | 1.4<=beta<1.7,baseline_middle_50
888,89_0.63_1.05.png,89,0.63,1.05,400,400,14.797750801760268,0.8317185044288635,25.58258955376285,0.9725876450538635,24.30359497588174,0.9656904935836792,-1.278994577881111,-0.006897151470184326,A<0.65,0.8<=beta<1.1,A<0.65 | 0.8<=beta<1.1,baseline_weakest_25
889,8_0.74_1.34.png,8,0.74,1.34,400,400,15.535689884237433,0.8642924427986145,29.55527071809496,0.987223207950592,29.29527295875107,0.986879289150238,-0.25999775934388936,-0.0003439188003540039,0.65<=A<0.75,1.1<=beta<1.4,0.65<=A<0.75 | 1.1<=beta<1.4,baseline_middle_50
890,900_0.95_1.75.png,900,0.95,1.75,480,640,10.968180159318845,0.7173827886581421,31.202170806227247,0.983296275138855,31.87920062574767,0.9838370084762573,0.6770298195204241,0.0005407333374023438,A>=0.95,beta>=1.7,A>=0.95 | beta>=1.7,baseline_middle_50
891,901_0.64_0.74.png,901,0.64,0.74,480,640,30.59846648355034,0.9768995642662048,38.70960507251791,0.9967606663703918,37.62909549442598,0.9967694878578186,-1.0805095780919274,8.821487426757812e-06,A<0.65,beta<0.8,A<0.65 | beta<0.8,baseline_strongest_25
892,902_0.83_0.82.png,902,0.83,0.82,480,640,28.442453582004003,0.9675354361534119,35.06856999147578,0.9959825277328491,34.69949665553331,0.9960078597068787,-0.36907333594247405,2.5331974029541016e-05,0.75<=A<0.85,0.8<=beta<1.1,0.75<=A<0.85 | 0.8<=beta<1.1,baseline_middle_50
893,903_0.56_1.15.png,903,0.56,1.15,480,640,26.77518232773156,0.9687718749046326,36.13051731655381,0.9958096742630005,35.506922739063654,0.9960108995437622,-0.6235945774901523,0.00020122528076171875,A<0.65,1.1<=beta<1.4,A<0.65 | 1.1<=beta<1.4,baseline_strongest_25
894,904_0.82_1.3.png,904,0.82,1.3,480,640,24.950220605276563,0.9529494047164917,33.07466210768766,0.9947214126586914,32.7756117040512,0.9946920871734619,-0.29905040363645696,-2.9325485229492188e-05,0.75<=A<0.85,1.1<=beta<1.4,0.75<=A<0.85 | 1.1<=beta<1.4,baseline_middle_50
895,905_0.76_0.64.png,905,0.76,0.64,480,640,18.617573167146162,0.8019053339958191,37.05361373857302,0.9926781058311462,38.885546998726305,0.9930019974708557,1.831933260153285,0.00032389163970947266,0.75<=A<0.85,beta<0.8,0.75<=A<0.85 | beta<0.8,baseline_strongest_25
896,906_0.95_1.42.png,906,0.95,1.42,480,640,11.038748209697896,0.6764160394668579,33.09144678174748,0.9843552112579346,33.42216675459661,0.9834262728691101,0.33071997284913124,-0.0009289383888244629,A>=0.95,1.4<=beta<1.7,A>=0.95 | 1.4<=beta<1.7,baseline_middle_50
897,907_0.51_1.15.png,907,0.51,1.15,480,640,17.843962174603192,0.7733549475669861,35.79537433299803,0.9908637404441833,36.56740430973331,0.991862416267395,0.7720299767352827,0.00099867582321167,A<0.65,1.1<=beta<1.4,A<0.65 | 1.1<=beta<1.4,baseline_middle_50
898,908_0.68_1.49.png,908,0.68,1.49,480,640,13.909973346340557,0.7088384628295898,34.03056673451799,0.9864358305931091,34.92030769301432,0.9880046248435974,0.8897409584963327,0.0015687942504882812,0.65<=A<0.75,1.4<=beta<1.7,0.65<=A<0.75 | 1.4<=beta<1.7,baseline_middle_50
899,909_0.51_1.37.png,909,0.51,1.37,480,640,19.6663158900385,0.8763558268547058,37.49369820891389,0.9943825006484985,38.04094464467237,0.99505215883255,0.5472464357584812,0.0006696581840515137,A<0.65,1.1<=beta<1.4,A<0.65 | 1.1<=beta<1.4,baseline_strongest_25
900,90_0.89_0.67.png,90,0.89,0.67,400,400,16.49949762152489,0.8718492388725281,28.79527682701958,0.9861528873443604,26.440103487648795,0.979290246963501,-2.3551733393707863,-0.006862640380859375,0.85<=A<0.95,beta<0.8,0.85<=A<0.95 | beta<0.8,baseline_middle_50
901,910_0.92_1.51.png,910,0.92,1.51,480,640,13.027810763635534,0.800223708152771,32.450831505561155,0.9884901642799377,33.995223472824904,0.9899889826774597,1.5443919672637492,0.0014988183975219727,0.85<=A<0.95,1.4<=beta<1.7,0.85<=A<0.95 | 1.4<=beta<1.7,baseline_middle_50
902,911_0.54_0.67.png,911,0.54,0.67,480,640,24.17086764205729,0.9338633418083191,41.79252703547305,0.9967513084411621,42.48396956829669,0.9970700740814209,0.6914425328236433,0.00031876564025878906,A<0.65,beta<0.8,A<0.65 | beta<0.8,baseline_strongest_25
903,912_0.87_1.22.png,912,0.87,1.22,480,640,14.990412389839749,0.8377917408943176,34.564606294443195,0.9917823672294617,35.66772167907065,0.9927287101745605,1.1031153846274577,0.000946342945098877,0.85<=A<0.95,1.1<=beta<1.4,0.85<=A<0.95 | 1.1<=beta<1.4,baseline_middle_50
904,913_0.51_1.08.png,913,0.51,1.08,480,640,20.723258102793316,0.8940812945365906,39.58893262355848,0.9943051934242249,37.87266547966931,0.9943949580192566,-1.7162671438891692,8.976459503173828e-05,A<0.65,0.8<=beta<1.1,A<0.65 | 0.8<=beta<1.1,baseline_strongest_25
905,914_0.82_1.11.png,914,0.82,1.11,480,640,16.958011880142266,0.8535183668136597,36.86825142752417,0.991654634475708,36.792645455195874,0.9916126132011414,-0.07560597232829736,-4.202127456665039e-05,0.75<=A<0.85,1.1<=beta<1.4,0.75<=A<0.85 | 1.1<=beta<1.4,baseline_strongest_25
906,915_0.8_0.83.png,915,0.8,0.83,480,640,19.22747351198319,0.8849555850028992,38.67243121469786,0.9937216639518738,38.17358580975502,0.9935582280158997,-0.49884540494284124,-0.0001634359359741211,0.75<=A<0.85,0.8<=beta<1.1,0.75<=A<0.85 | 0.8<=beta<1.1,baseline_strongest_25
907,916_0.53_0.72.png,916,0.53,0.72,480,640,23.481956270801465,0.9233647584915161,41.773006535163134,0.9957214593887329,40.62094968176619,0.9957693815231323,-1.1520568533969424,4.792213439941406e-05,A<0.65,beta<0.8,A<0.65 | beta<0.8,baseline_strongest_25
908,917_0.81_0.57.png,917,0.81,0.57,480,640,19.539818650046332,0.7767190933227539,42.894533837226845,0.9945730566978455,43.025179941142156,0.994462251663208,0.13064610391531062,-0.00011080503463745117,0.75<=A<0.85,beta<0.8,0.75<=A<0.85 | beta<0.8,baseline_strongest_25
909,918_0.58_1.11.png,918,0.58,1.11,480,640,17.577879884518836,0.7346007227897644,40.41393217514613,0.9931114315986633,39.62318405081436,0.9928585886955261,-0.7907481243317704,-0.00025284290313720703,A<0.65,1.1<=beta<1.4,A<0.65 | 1.1<=beta<1.4,baseline_strongest_25
910,919_0.82_1.44.png,919,0.82,1.44,480,640,12.717502852650293,0.6471500992774963,40.12914684350956,0.9888492226600647,39.53620132865674,0.9882059693336487,-0.592945514852822,-0.0006432533264160156,0.75<=A<0.85,1.4<=beta<1.7,0.75<=A<0.85 | 1.4<=beta<1.7,baseline_strongest_25
911,91_0.78_1.41.png,91,0.78,1.41,400,400,11.779445596280771,0.7466439008712769,25.584709099627744,0.9728557467460632,24.708605839952483,0.967612624168396,-0.8761032596752614,-0.005243122577667236,0.75<=A<0.85,1.4<=beta<1.7,0.75<=A<0.85 | 1.4<=beta<1.7,baseline_weakest_25
912,920_0.84_0.76.png,920,0.84,0.76,480,640,16.99809368229426,0.7367714643478394,41.966620153593574,0.9931048154830933,41.66407283480663,0.9929739236831665,-0.3025473187869423,-0.0001308917999267578,0.75<=A<0.85,beta<0.8,0.75<=A<0.85 | beta<0.8,baseline_strongest_25
913,921_0.97_1.13.png,921,0.97,1.13,480,640,16.65286145029004,0.8344922065734863,31.317433156403816,0.9877780079841614,31.94518978352103,0.9878802299499512,0.6277566271172148,0.00010222196578979492,A>=0.95,1.1<=beta<1.4,A>=0.95 | 1.1<=beta<1.4,baseline_middle_50
914,922_0.72_1.69.png,922,0.72,1.69,480,640,17.17586369459278,0.8247783780097961,33.50263588214266,0.9882339835166931,33.42650395063513,0.9874007105827332,-0.07613193150753261,-0.0008332729339599609,0.65<=A<0.75,1.4<=beta<1.7,0.65<=A<0.75 | 1.4<=beta<1.7,baseline_middle_50
915,923_1.0_0.51.png,923,1.0,0.51,480,640,22.50653829695137,0.9148714542388916,33.207154186877915,0.9921408891677856,34.27612121208676,0.9932396411895752,1.068967025208842,0.0010987520217895508,A>=0.95,beta<0.8,A>=0.95 | beta<0.8,baseline_middle_50
916,924_0.79_1.01.png,924,0.79,1.01,480,640,19.86558919223611,0.876660168170929,34.058220605281015,0.991247296333313,34.750872822445736,0.9916020035743713,0.6926522171647207,0.0003547072410583496,0.75<=A<0.85,0.8<=beta<1.1,0.75<=A<0.85 | 0.8<=beta<1.1,baseline_middle_50
917,925_0.65_1.68.png,925,0.65,1.68,480,640,19.38984152184108,0.8889987468719482,30.74944074795458,0.9843559265136719,30.95028934009526,0.984765350818634,0.20084859214068018,0.0004094243049621582,0.65<=A<0.75,1.4<=beta<1.7,0.65<=A<0.75 | 1.4<=beta<1.7,baseline_middle_50
918,926_0.82_1.0.png,926,0.82,1.0,480,640,20.0703994654626,0.905265212059021,32.729920719998596,0.9888930916786194,31.456126643850336,0.9866770505905151,-1.2737940761482598,-0.002216041088104248,0.75<=A<0.85,0.8<=beta<1.1,0.75<=A<0.85 | 0.8<=beta<1.1,baseline_middle_50
919,927_0.99_0.84.png,927,0.99,0.84,480,640,18.94507017558014,0.8981025218963623,31.62810775413211,0.9876863360404968,31.74993270216124,0.9879117012023926,0.12182494802912913,0.00022536516189575195,A>=0.95,0.8<=beta<1.1,A>=0.95 | 0.8<=beta<1.1,baseline_middle_50
920,928_0.52_1.63.png,928,0.52,1.63,480,640,21.594100361671835,0.9115487337112427,35.812498696079935,0.991922914981842,34.66892069606281,0.9918831586837769,-1.143578000017122,-3.975629806518555e-05,A<0.65,1.4<=beta<1.7,A<0.65 | 1.4<=beta<1.7,baseline_middle_50
921,929_0.65_0.89.png,929,0.65,0.89,480,640,16.24034141763518,0.7248929738998413,38.50590940852512,0.9905540943145752,40.30092832495448,0.9915050268173218,1.7950189164293562,0.000950932502746582,0.65<=A<0.75,0.8<=beta<1.1,0.65<=A<0.75 | 0.8<=beta<1.1,baseline_strongest_25
922,92_0.97_1.46.png,92,0.97,1.46,400,400,10.8014759517865,0.7122363448143005,26.79347874075949,0.9780508279800415,24.86903117757473,0.9696634411811829,-1.92444756318476,-0.008387386798858643,A>=0.95,1.4<=beta<1.7,A>=0.95 | 1.4<=beta<1.7,baseline_weakest_25
923,930_0.99_1.54.png,930,0.99,1.54,480,640,8.691116979048463,0.5434350967407227,35.42292975491661,0.9777471423149109,33.65159330784846,0.9755306243896484,-1.7713364470681512,-0.002216517925262451,A>=0.95,1.4<=beta<1.7,A>=0.95 | 1.4<=beta<1.7,baseline_middle_50
924,931_0.95_0.99.png,931,0.95,0.99,480,640,11.87141321946627,0.6336379647254944,38.11737433885805,0.9861001372337341,36.88640234353686,0.9857810139656067,-1.230971995321191,-0.0003191232681274414,A>=0.95,0.8<=beta<1.1,A>=0.95 | 0.8<=beta<1.1,baseline_strongest_25
925,932_0.72_1.79.png,932,0.72,1.79,480,640,10.616276153689556,0.5804439187049866,35.49274666494502,0.9814376831054688,34.85035279627642,0.981104850769043,-0.6423938686685986,-0.00033283233642578125,0.65<=A<0.75,beta>=1.7,0.65<=A<0.75 | beta>=1.7,baseline_middle_50
926,933_0.73_1.5.png,933,0.73,1.5,480,640,13.974518165598457,0.5653198957443237,40.85940791668959,0.9870253801345825,39.177130678271034,0.9865559935569763,-1.682277238418557,-0.00046938657760620117,0.65<=A<0.75,1.4<=beta<1.7,0.65<=A<0.75 | 1.4<=beta<1.7,baseline_strongest_25
927,934_0.94_1.97.png,934,0.94,1.97,480,640,9.86413576507038,0.4690127968788147,35.25072259518864,0.9757769107818604,34.37997754006638,0.9773861169815063,-0.8707450551222635,0.001609206199645996,0.85<=A<0.95,beta>=1.7,0.85<=A<0.95 | beta>=1.7,baseline_middle_50
928,935_0.58_0.55.png,935,0.58,0.55,480,640,23.45516325689219,0.7609660029411316,46.416630938172005,0.9936513900756836,44.769424043177075,0.9936435222625732,-1.6472068949949303,-7.867813110351562e-06,A<0.65,beta<0.8,A<0.65 | beta<0.8,baseline_strongest_25
929,936_0.99_0.55.png,936,0.99,0.55,480,640,18.029903975646413,0.6733261346817017,42.466455881483974,0.9910866618156433,41.61384795803539,0.9914378523826599,-0.8526079234485806,0.00035119056701660156,A>=0.95,beta<0.8,A>=0.95 | beta<0.8,baseline_strongest_25
930,937_0.69_1.84.png,937,0.69,1.84,480,640,15.846707635240733,0.7640286087989807,31.915978779045076,0.9729052782058716,31.19729006074701,0.9716805815696716,-0.7186887182980648,-0.0012246966361999512,0.65<=A<0.75,beta>=1.7,0.65<=A<0.75 | beta>=1.7,baseline_middle_50
931,938_0.64_0.6.png,938,0.64,0.6,480,640,24.378043470811143,0.9100316166877747,37.027032362766384,0.988486647605896,36.4823592227756,0.9855294823646545,-0.5446731399907847,-0.002957165241241455,A<0.65,beta<0.8,A<0.65 | beta<0.8,baseline_strongest_25
932,939_1.0_1.16.png,939,1.0,1.16,480,640,14.886990315339245,0.773176372051239,29.686645665813387,0.9729386568069458,29.056996039340728,0.9674177765846252,-0.6296496264726592,-0.005520880222320557,A>=0.95,1.1<=beta<1.4,A>=0.95 | 1.1<=beta<1.4,baseline_middle_50
933,93_0.63_1.76.png,93,0.63,1.76,400,400,9.295496420203538,0.5297738313674927,28.311907223691403,0.9578000903129578,28.64007583555352,0.9542214274406433,0.3281686118621181,-0.003578662872314453,A<0.65,beta>=1.7,A<0.65 | beta>=1.7,baseline_weakest_25
934,940_0.56_1.47.png,940,0.56,1.47,480,640,19.011386858205707,0.8286696076393127,34.655701131931224,0.9822178483009338,34.111213828169966,0.9805386662483215,-0.5444873037612581,-0.0016791820526123047,A<0.65,1.4<=beta<1.7,A<0.65 | 1.4<=beta<1.7,baseline_middle_50
935,941_0.67_0.92.png,941,0.67,0.92,480,640,22.904219497505608,0.9409797787666321,33.78029678883238,0.9937686324119568,31.35186717334058,0.9926148653030396,-2.428429615491801,-0.0011537671089172363,0.65<=A<0.75,0.8<=beta<1.1,0.65<=A<0.75 | 0.8<=beta<1.1,baseline_middle_50
936,942_0.76_1.39.png,942,0.76,1.39,480,640,17.482586820323363,0.8862287402153015,30.87537968865263,0.9889973998069763,29.669517739328644,0.9881784915924072,-1.2058619493239853,-0.0008189082145690918,0.75<=A<0.85,1.1<=beta<1.4,0.75<=A<0.85 | 1.1<=beta<1.4,baseline_middle_50
937,943_0.71_1.63.png,943,0.71,1.63,480,640,17.30686811751276,0.8765679597854614,31.396152784075916,0.989142119884491,29.62930606231033,0.9879938364028931,-1.7668467217655852,-0.0011482834815979004,0.65<=A<0.75,1.4<=beta<1.7,0.65<=A<0.75 | 1.4<=beta<1.7,baseline_middle_50
938,944_0.59_1.45.png,944,0.59,1.45,480,640,20.472901341045635,0.9123708605766296,33.16497908430665,0.9924977421760559,30.365243917214762,0.9911255836486816,-2.799735167091889,-0.0013721585273742676,A<0.65,1.4<=beta<1.7,A<0.65 | 1.4<=beta<1.7,baseline_middle_50
939,945_0.94_1.2.png,945,0.94,1.2,480,640,12.746986084404718,0.6712757349014282,31.079920348681465,0.9785433411598206,32.368014601097876,0.9778503179550171,1.2880942524164105,-0.0006930232048034668,0.85<=A<0.95,1.1<=beta<1.4,0.85<=A<0.95 | 1.1<=beta<1.4,baseline_middle_50
940,946_0.65_0.58.png,946,0.65,0.58,480,640,22.22495365008527,0.8258258700370789,37.98286157768317,0.9915927648544312,39.63728720455907,0.9913594722747803,1.6544256268759057,-0.0002332925796508789,0.65<=A<0.75,beta<0.8,0.65<=A<0.75 | beta<0.8,baseline_strongest_25
941,947_0.79_1.07.png,947,0.79,1.07,480,640,15.488640249573075,0.7221851944923401,33.29423982542247,0.9840326905250549,33.51125011387931,0.9832465052604675,0.21701028845684078,-0.0007861852645874023,0.75<=A<0.85,0.8<=beta<1.1,0.75<=A<0.85 | 0.8<=beta<1.1,baseline_middle_50
942,948_0.89_0.6.png,948,0.89,0.6,480,640,18.300459806252412,0.7805226445198059,34.07858470201399,0.9885145425796509,35.52935500413186,0.9894782304763794,1.450770302117867,0.0009636878967285156,0.85<=A<0.95,beta<0.8,0.85<=A<0.95 | beta<0.8,baseline_middle_50
943,949_0.8_0.6.png,949,0.8,0.6,480,640,26.05232031501614,0.957367479801178,35.791678205236856,0.9947024583816528,37.354096372619125,0.9951053261756897,1.562418167382269,0.00040286779403686523,0.75<=A<0.85,beta<0.8,0.75<=A<0.85 | beta<0.8,baseline_middle_50
944,94_0.95_1.64.png,94,0.95,1.64,400,400,7.720275667640219,0.48265939950942993,27.546041174674517,0.9519757628440857,26.361966600923445,0.9445812106132507,-1.1840745737510723,-0.007394552230834961,A>=0.95,1.4<=beta<1.7,A>=0.95 | 1.4<=beta<1.7,baseline_weakest_25
945,950_0.57_1.28.png,950,0.57,1.28,480,640,20.746032358054816,0.9347694516181946,34.09634050112673,0.9937490820884705,29.391573569314016,0.9934201240539551,-4.704766931812717,-0.00032895803451538086,A<0.65,1.1<=beta<1.4,A<0.65 | 1.1<=beta<1.4,baseline_middle_50
946,951_0.57_0.85.png,951,0.57,0.85,480,640,23.68113479594095,0.9550599455833435,35.835209183765365,0.9946384429931641,31.523744840355683,0.9949914813041687,-4.311464343409682,0.00035303831100463867,A<0.65,0.8<=beta<1.1,A<0.65 | 0.8<=beta<1.1,baseline_middle_50
947,952_0.97_1.33.png,952,0.97,1.33,480,640,17.377203984191848,0.9052741527557373,28.51488126835255,0.9823924899101257,31.311389571661074,0.986535370349884,2.7965083033085243,0.004142880439758301,A>=0.95,1.1<=beta<1.4,A>=0.95 | 1.1<=beta<1.4,baseline_weakest_25
948,953_0.96_1.7.png,953,0.96,1.7,480,640,15.995082796351024,0.8710479140281677,29.558990851721397,0.9628701210021973,29.075745583768757,0.9689154028892517,-0.4832452679526398,0.006045281887054443,A>=0.95,beta>=1.7,A>=0.95 | beta>=1.7,baseline_middle_50
949,954_0.75_1.19.png,954,0.75,1.19,480,640,21.83866249218614,0.9145307540893555,36.23141967492172,0.9865748882293701,35.96973202427908,0.9877249598503113,-0.2616876506426351,0.0011500716209411621,0.75<=A<0.85,1.1<=beta<1.4,0.75<=A<0.85 | 1.1<=beta<1.4,baseline_strongest_25
950,955_0.87_0.65.png,955,0.87,0.65,480,640,24.377166830496016,0.9356508851051331,36.21289603764601,0.9890018701553345,35.870022884574375,0.9911397099494934,-0.34287315307163624,0.0021378397941589355,0.85<=A<0.95,beta<0.8,0.85<=A<0.95 | beta<0.8,baseline_strongest_25
951,956_0.51_0.81.png,956,0.51,0.81,480,640,25.000324290965036,0.9464190006256104,35.22272403607821,0.9913628697395325,33.546721194640575,0.9917104840278625,-1.6760028414376364,0.0003476142883300781,A<0.65,0.8<=beta<1.1,A<0.65 | 0.8<=beta<1.1,baseline_middle_50
952,957_0.55_0.69.png,957,0.55,0.69,480,640,21.617857190530252,0.8755776882171631,42.36737622726557,0.9961357116699219,41.36332785985644,0.9961064457893372,-1.0040483674091263,-2.9265880584716797e-05,A<0.65,beta<0.8,A<0.65 | beta<0.8,baseline_strongest_25
953,958_0.9_0.64.png,958,0.9,0.64,480,640,17.14002048469987,0.8437485098838806,38.104658563184714,0.9948616623878479,38.84820404264066,0.9949787259101868,0.7435454794559462,0.00011706352233886719,0.85<=A<0.95,beta<0.8,0.85<=A<0.95 | beta<0.8,baseline_strongest_25
954,959_0.93_1.27.png,959,0.93,1.27,480,640,12.291168633512894,0.7382639646530151,33.96928920916273,0.9899490475654602,34.49966167121195,0.9903476238250732,0.5303724620492218,0.0003985762596130371,0.85<=A<0.95,1.1<=beta<1.4,0.85<=A<0.95 | 1.1<=beta<1.4,baseline_middle_50
955,95_0.86_0.62.png,95,0.86,0.62,400,400,14.823715489099587,0.737946629524231,30.105824126140615,0.9679418206214905,30.13875822116416,0.966651201248169,0.032934095023545495,-0.0012906193733215332,0.85<=A<0.95,beta<0.8,0.85<=A<0.95 | beta<0.8,baseline_middle_50
956,960_0.78_0.97.png,960,0.78,0.97,480,640,16.14852971077773,0.805455207824707,38.77975650459588,0.9942548274993896,38.96564952714898,0.9942594766616821,0.18589302255310258,4.649162292480469e-06,0.75<=A<0.85,0.8<=beta<1.1,0.75<=A<0.85 | 0.8<=beta<1.1,baseline_strongest_25
957,961_0.68_1.73.png,961,0.68,1.73,480,640,16.606594333254417,0.8194050192832947,33.25773074066462,0.9885783195495605,33.78612845940512,0.9888290762901306,0.5283977187405,0.00025075674057006836,0.65<=A<0.75,beta>=1.7,0.65<=A<0.75 | beta>=1.7,baseline_middle_50
958,962_0.83_0.89.png,962,0.83,0.89,480,640,18.809934836225313,0.8983485698699951,33.49539189713469,0.9913578033447266,33.25771736002505,0.9929728507995605,-0.23767453710964048,0.0016150474548339844,0.75<=A<0.85,0.8<=beta<1.1,0.75<=A<0.85 | 0.8<=beta<1.1,baseline_middle_50
959,963_0.66_0.84.png,963,0.66,0.84,480,640,21.085665954993175,0.9223059415817261,36.64934943720909,0.9931677579879761,36.64496584811095,0.9947009682655334,-0.004383589098139851,0.001533210277557373,0.65<=A<0.75,0.8<=beta<1.1,0.65<=A<0.75 | 0.8<=beta<1.1,baseline_strongest_25
960,964_0.9_0.92.png,964,0.9,0.92,480,640,17.610720129593034,0.8861514329910278,32.599195671314405,0.991557776927948,31.368418500936173,0.9916361570358276,-1.2307771703782322,7.838010787963867e-05,0.85<=A<0.95,0.8<=beta<1.1,0.85<=A<0.95 | 0.8<=beta<1.1,baseline_middle_50
961,965_0.88_1.49.png,965,0.88,1.49,480,640,14.49682636045048,0.8169651031494141,36.5427912066936,0.9911249876022339,37.5762359557894,0.9920897483825684,1.0334447490957999,0.0009647607803344727,0.85<=A<0.95,1.4<=beta<1.7,0.85<=A<0.95 | 1.4<=beta<1.7,baseline_strongest_25
962,966_0.54_1.62.png,966,0.54,1.62,480,640,18.017356505429206,0.8462769985198975,38.952017015845264,0.9936093688011169,37.366673534793186,0.9938843846321106,-1.5853434810520781,0.00027501583099365234,A<0.65,1.4<=beta<1.7,A<0.65 | 1.4<=beta<1.7,baseline_strongest_25
963,967_0.89_0.68.png,967,0.89,0.68,480,640,19.854872244482703,0.889506995677948,38.26809067404295,0.9952630400657654,39.93363006972794,0.9956359267234802,1.6655393956849878,0.00037288665771484375,0.85<=A<0.95,beta<0.8,0.85<=A<0.95 | beta<0.8,baseline_strongest_25
964,968_0.9_1.83.png,968,0.9,1.83,480,640,12.919531384150794,0.7874813079833984,34.76303512374885,0.9879302978515625,35.973338843117915,0.9896080493927002,1.2103037193690653,0.0016777515411376953,0.85<=A<0.95,beta>=1.7,0.85<=A<0.95 | beta>=1.7,baseline_middle_50
965,969_0.54_1.07.png,969,0.54,1.07,480,640,25.47172145248837,0.9554774761199951,32.1698736637028,0.9902090430259705,32.92734832825503,0.9916548132896423,0.7574746645522268,0.001445770263671875,A<0.65,0.8<=beta<1.1,A<0.65 | 0.8<=beta<1.1,baseline_middle_50
966,96_0.6_1.11.png,96,0.6,1.11,400,400,12.952717840581284,0.666964054107666,29.39854996571821,0.9614659547805786,30.754492607901867,0.9661877751350403,1.3559426421836562,0.00472182035446167,A<0.65,1.1<=beta<1.4,A<0.65 | 1.1<=beta<1.4,baseline_middle_50
967,970_0.74_1.09.png,970,0.74,1.09,480,640,22.89110500101406,0.9425447583198547,31.388911602399176,0.9875071048736572,33.832917412793144,0.9906322956085205,2.4440058103939677,0.0031251907348632812,0.65<=A<0.75,0.8<=beta<1.1,0.65<=A<0.75 | 0.8<=beta<1.1,baseline_middle_50
968,971_0.63_1.38.png,971,0.63,1.38,480,640,22.922422468515528,0.938774824142456,32.32160078973823,0.9882113933563232,32.56806182561243,0.989574134349823,0.24646103587420498,0.0013627409934997559,A<0.65,1.1<=beta<1.4,A<0.65 | 1.1<=beta<1.4,baseline_middle_50
969,972_0.99_0.62.png,972,0.99,0.62,480,640,23.28002373359056,0.9516398310661316,27.80363776450224,0.9820199012756348,34.54153753270365,0.9914816617965698,6.737899768201409,0.009461760520935059,A>=0.95,beta<0.8,A>=0.95 | beta<0.8,baseline_weakest_25
970,973_0.76_1.96.png,973,0.76,1.96,480,640,19.322398107843853,0.8972834348678589,32.983351403016876,0.9901905655860901,31.878109328489362,0.9900859594345093,-1.1052420745275136,-0.00010460615158081055,0.75<=A<0.85,beta>=1.7,0.75<=A<0.85 | beta>=1.7,baseline_middle_50
971,974_0.6_1.86.png,974,0.6,1.86,480,640,18.6336809982416,0.9139330983161926,34.506148028030665,0.9916298389434814,35.65155659593614,0.9925978779792786,1.145408567905477,0.0009680390357971191,A<0.65,beta>=1.7,A<0.65 | beta>=1.7,baseline_middle_50
972,975_0.9_1.51.png,975,0.9,1.51,480,640,19.606641948889084,0.9073198437690735,33.44171121864407,0.9917256832122803,33.02032696181412,0.9909675121307373,-0.4213842568299526,-0.0007581710815429688,0.85<=A<0.95,1.4<=beta<1.7,0.85<=A<0.95 | 1.4<=beta<1.7,baseline_middle_50
973,976_0.95_1.78.png,976,0.95,1.78,480,640,17.692261744446647,0.8866508603096008,32.84256380059056,0.9900152087211609,31.77672056347926,0.989226758480072,-1.0658432371113022,-0.0007884502410888672,A>=0.95,beta>=1.7,A>=0.95 | beta>=1.7,baseline_middle_50
974,977_0.64_0.58.png,977,0.64,0.58,480,640,27.316929549541786,0.9319697022438049,41.77935796503168,0.9961859583854675,42.76183545776452,0.9963864684104919,0.9824774927328406,0.00020051002502441406,A<0.65,beta<0.8,A<0.65 | beta<0.8,baseline_strongest_25
975,978_0.6_0.57.png,978,0.6,0.57,480,640,28.252575064529438,0.936100959777832,41.761178930705015,0.9962451457977295,42.69326701790435,0.9965727925300598,0.9320880871993324,0.00032764673233032227,A<0.65,beta<0.8,A<0.65 | beta<0.8,baseline_strongest_25
976,979_0.72_1.66.png,979,0.72,1.66,480,640,17.74782471073177,0.8410917520523071,35.57420883282691,0.9917497038841248,36.09383653893118,0.9916976094245911,0.5196277061042665,-5.2094459533691406e-05,0.65<=A<0.75,1.4<=beta<1.7,0.65<=A<0.75 | 1.4<=beta<1.7,baseline_middle_50
977,97_0.61_1.21.png,97,0.61,1.21,400,400,17.065765393491105,0.7973477840423584,34.42940932678287,0.9907353520393372,33.808280482833354,0.9916297197341919,-0.6211288439495135,0.0008943676948547363,A<0.65,1.1<=beta<1.4,A<0.65 | 1.1<=beta<1.4,baseline_middle_50
978,980_0.83_1.9.png,980,0.83,1.9,480,640,15.214577853061893,0.8070942163467407,35.43750663739755,0.9888712167739868,35.38957126950309,0.9886872172355652,-0.04793536789446051,-0.00018399953842163086,0.75<=A<0.85,beta>=1.7,0.75<=A<0.85 | beta>=1.7,baseline_middle_50
979,981_0.69_0.63.png,981,0.69,0.63,480,640,23.68863802533916,0.8518256545066833,41.4314309527269,0.9934961795806885,40.9444841408359,0.9929007291793823,-0.4869468118910021,-0.0005954504013061523,0.65<=A<0.75,beta<0.8,0.65<=A<0.75 | beta<0.8,baseline_strongest_25
980,982_0.81_0.68.png,982,0.81,0.68,480,640,21.241114803302494,0.8279421925544739,39.66742375543551,0.9926038980484009,39.77566671435964,0.9919971227645874,0.10824295892413005,-0.0006067752838134766,0.75<=A<0.85,beta<0.8,0.75<=A<0.85 | beta<0.8,baseline_strongest_25
981,983_0.6_1.97.png,983,0.6,1.97,480,640,16.704878604571853,0.74403977394104,38.61964611257076,0.9883153438568115,38.15392756496236,0.9869047403335571,-0.4657185476084038,-0.0014106035232543945,A<0.65,beta>=1.7,A<0.65 | beta>=1.7,baseline_strongest_25
982,984_0.75_1.79.png,984,0.75,1.79,480,640,14.938064133312645,0.7214066982269287,36.526358043068356,0.9862803816795349,36.788997938059744,0.9858555197715759,0.26263989499138773,-0.0004248619079589844,0.75<=A<0.85,beta>=1.7,0.75<=A<0.85 | beta>=1.7,baseline_strongest_25
983,985_0.51_1.94.png,985,0.51,1.94,480,640,18.185561873457935,0.7903346419334412,39.565008339856995,0.9921332597732544,40.43571667741066,0.9924278855323792,0.8707083375536655,0.00029462575912475586,A<0.65,beta>=1.7,A<0.65 | beta>=1.7,baseline_strongest_25
984,986_0.75_1.85.png,986,0.75,1.85,480,640,14.105118098097364,0.7302121520042419,35.17524184129134,0.9881167411804199,37.66292496160428,0.989879846572876,2.487683120312944,0.0017631053924560547,0.75<=A<0.85,beta>=1.7,0.75<=A<0.85 | beta>=1.7,baseline_middle_50
985,987_0.98_0.84.png,987,0.98,0.84,480,640,16.53017176893821,0.8086914420127869,37.836627059613775,0.992160439491272,38.208565924844315,0.9927634000778198,0.37193886523053976,0.0006029605865478516,A>=0.95,0.8<=beta<1.1,A>=0.95 | 0.8<=beta<1.1,baseline_strongest_25
986,988_0.99_1.47.png,988,0.99,1.47,480,640,12.46518087217001,0.7138090133666992,34.12402308323466,0.9863753318786621,33.766274640230726,0.9869998097419739,-0.3577484430039348,0.0006244778633117676,A>=0.95,1.4<=beta<1.7,A>=0.95 | 1.4<=beta<1.7,baseline_middle_50
987,989_0.52_1.33.png,989,0.52,1.33,480,640,13.986808672852803,0.6734723448753357,37.79664425345809,0.9851906299591064,38.132771874912265,0.9874173998832703,0.33612762145417463,0.0022267699241638184,A<0.65,1.1<=beta<1.4,A<0.65 | 1.1<=beta<1.4,baseline_strongest_25
988,98_0.88_0.57.png,98,0.88,0.57,400,400,18.634600046002067,0.8864022493362427,34.66754687000613,0.9914537072181702,33.58710773525534,0.9895462989807129,-1.0804391347507902,-0.0019074082374572754,0.85<=A<0.95,beta<0.8,0.85<=A<0.95 | beta<0.8,baseline_middle_50
989,990_0.83_0.56.png,990,0.83,0.56,480,640,16.659500696065766,0.751977801322937,38.757617111917654,0.9904060959815979,40.389984695471746,0.9911457300186157,1.6323675835540925,0.0007396340370178223,0.75<=A<0.85,beta<0.8,0.75<=A<0.85 | beta<0.8,baseline_strongest_25
990,991_0.56_1.71.png,991,0.56,1.71,480,640,11.553788452591105,0.6058938503265381,35.942562655548436,0.9791675209999084,36.1020862163016,0.98369961977005,0.15952356075316487,0.0045320987701416016,A<0.65,beta>=1.7,A<0.65 | beta>=1.7,baseline_middle_50
991,992_0.7_0.53.png,992,0.7,0.53,480,640,18.59125719605998,0.7868024706840515,40.42628989222837,0.9916875958442688,41.797906443769676,0.9924481511116028,1.3716165515413081,0.0007605552673339844,0.65<=A<0.75,beta<0.8,0.65<=A<0.75 | beta<0.8,baseline_strongest_25
992,993_0.73_0.6.png,993,0.73,0.6,480,640,22.716345572323636,0.930212140083313,38.04777250077293,0.9956096410751343,35.09308392893623,0.9949625730514526,-2.954688571836698,-0.0006470680236816406,0.65<=A<0.75,beta<0.8,0.65<=A<0.75 | beta<0.8,baseline_strongest_25
993,994_0.53_1.75.png,994,0.53,1.75,480,640,18.04195334254795,0.865784227848053,35.609736173734035,0.9924004673957825,36.63629756158838,0.9919331669807434,1.0265613878543434,-0.0004673004150390625,A<0.65,beta>=1.7,A<0.65 | beta>=1.7,baseline_middle_50
994,995_0.53_1.8.png,995,0.53,1.8,480,640,17.87043736193414,0.8624981641769409,35.742906582167784,0.991990327835083,36.452099680582634,0.9918254017829895,0.7091930984148505,-0.00016492605209350586,A<0.65,beta>=1.7,A<0.65 | beta>=1.7,baseline_middle_50
995,996_0.71_1.66.png,996,0.71,1.66,480,640,15.824133493605856,0.8403168320655823,31.020536003686296,0.99033123254776,35.14405357653107,0.9906566143035889,4.123517572844776,0.0003253817558288574,0.65<=A<0.75,1.4<=beta<1.7,0.65<=A<0.75 | 1.4<=beta<1.7,baseline_middle_50
996,997_1.0_0.71.png,997,1.0,0.71,480,640,23.176595172174807,0.9708265066146851,33.52581698293098,0.9940283298492432,32.64041894651974,0.994010329246521,-0.8853980364112388,-1.800060272216797e-05,A>=0.95,beta<0.8,A>=0.95 | beta<0.8,baseline_middle_50
997,998_0.7_0.93.png,998,0.7,0.93,480,640,26.16513759208876,0.9753846526145935,35.71733777573877,0.994839608669281,35.7807416569329,0.9955275058746338,0.06340388119413376,0.0006878972053527832,0.65<=A<0.75,0.8<=beta<1.1,0.65<=A<0.75 | 0.8<=beta<1.1,baseline_middle_50
998,999_0.88_0.61.png,999,0.88,0.61,480,640,26.836168487838542,0.9809148907661438,36.33809493215882,0.9957129955291748,36.43566030462371,0.9959573745727539,0.09756537246489216,0.00024437904357910156,0.85<=A<0.95,beta<0.8,0.85<=A<0.95 | beta<0.8,baseline_strongest_25
999,99_0.75_1.69.png,99,0.75,1.69,400,400,13.212457622012476,0.6709049940109253,32.41233682066476,0.987056314945221,31.4251570748012,0.9872817993164062,-0.987179745863564,0.00022548437118530273,0.75<=A<0.85,1.4<=beta<1.7,0.75<=A<0.85 | 1.4<=beta<1.7,baseline_middle_50
1000,9_0.85_1.67.png,9,0.85,1.67,400,400,13.515392123859172,0.8282961249351501,32.80453721333305,0.9905915260314941,34.19488790096835,0.9908676147460938,1.3903506876352978,0.0002760887145996094,0.85<=A<0.95,1.4<=beta<1.7,0.85<=A<0.95 | 1.4<=beta<1.7,baseline_middle_50
