index,filename,image_id,airlight,beta,height,width,input_psnr,input_ssim,baseline_psnr,baseline_ssim,current_psnr,current_ssim,delta_psnr,delta_ssim,airlight_bin,beta_bin,airlight_beta_bin,baseline_strength_bin
1,1000_0.73_1.8.png,1000,0.73,1.8,480,640,21.34797847782968,0.9399944543838501,29.276544649578057,0.9898760318756104,28.24249804090565,0.9886918663978577,-1.034046608672405,-0.0011841654777526855,0.65<=A<0.75,beta>=1.7,0.65<=A<0.75 | beta>=1.7,baseline_middle_50
2,100_0.5_1.76.png,100,0.5,1.76,400,400,15.609945657187724,0.7223281264305115,30.763515921282988,0.9860671758651733,30.57648415912629,0.9862955808639526,-0.18703176215669615,0.00022840499877929688,A<0.65,beta>=1.7,A<0.65 | beta>=1.7,baseline_middle_50
3,101_0.83_1.44.png,101,0.83,1.44,400,400,10.359807369608907,0.720355749130249,24.82007373244601,0.9667182564735413,25.578229724978566,0.9686010479927063,0.7581559925325578,0.001882791519165039,0.75<=A<0.85,1.4<=beta<1.7,0.75<=A<0.85 | 1.4<=beta<1.7,baseline_weakest_25
4,102_0.67_1.36.png,102,0.67,1.36,400,400,11.457589744981323,0.7599693536758423,25.43641408109729,0.9698611497879028,25.183861705696152,0.9696736931800842,-0.2525523754011374,-0.00018745660781860352,0.65<=A<0.75,1.1<=beta<1.4,0.65<=A<0.75 | 1.1<=beta<1.4,baseline_weakest_25
5,103_0.94_0.98.png,103,0.94,0.98,400,400,12.420238502475016,0.786376416683197,28.30194274778668,0.9779810905456543,27.040612252937407,0.9762679934501648,-1.2613304948492718,-0.001713097095489502,0.85<=A<0.95,0.8<=beta<1.1,0.85<=A<0.95 | 0.8<=beta<1.1,baseline_weakest_25
6,104_0.91_1.41.png,104,0.91,1.41,400,400,10.346996004583302,0.7144492864608765,25.36829672251354,0.9662331938743591,26.112627759678823,0.9677022695541382,0.7443310371652814,0.0014690756797790527,0.85<=A<0.95,1.4<=beta<1.7,0.85<=A<0.95 | 1.4<=beta<1.7,baseline_weakest_25
7,105_0.84_0.8.png,105,0.84,0.8,400,400,21.790187248062463,0.9608063101768494,25.77411515456191,0.9798886775970459,25.959153518009266,0.9803422093391418,0.18503836344735802,0.00045353174209594727,0.75<=A<0.85,0.8<=beta<1.1,0.75<=A<0.85 | 0.8<=beta<1.1,baseline_weakest_25
8,106_0.59_1.07.png,106,0.59,1.07,400,400,24.377562460410246,0.9747257828712463,28.469115431336824,0.9819873571395874,28.131729861637677,0.9805872440338135,-0.3373855696991477,-0.0014001131057739258,A<0.65,0.8<=beta<1.1,A<0.65 | 0.8<=beta<1.1,baseline_weakest_25
9,107_0.89_1.5.png,107,0.89,1.5,400,400,12.54811371449331,0.8407064080238342,27.87759836047469,0.9823389649391174,27.3630775518492,0.9818595051765442,-0.5145208086254875,-0.0004794597625732422,0.85<=A<0.95,1.4<=beta<1.7,0.85<=A<0.95 | 1.4<=beta<1.7,baseline_weakest_25
10,108_0.73_1.27.png,108,0.73,1.27,400,400,18.199268428950226,0.9230210185050964,27.24645269367477,0.9827321767807007,27.61934867528982,0.9833579659461975,0.3728959816150521,0.0006257891654968262,0.65<=A<0.75,1.1<=beta<1.4,0.65<=A<0.75 | 1.1<=beta<1.4,baseline_weakest_25
11,109_0.74_1.74.png,109,0.74,1.74,400,400,14.103398922125699,0.8613152503967285,28.09817576841244,0.983495831489563,27.188750301080894,0.9832786321640015,-0.9094254673315447,-0.00021719932556152344,0.65<=A<0.75,beta>=1.7,0.65<=A<0.75 | beta>=1.7,baseline_weakest_25
12,10_0.6_1.67.png,10,0.6,1.67,400,400,16.447699349708618,0.870558500289917,31.13352711842708,0.9915494322776794,30.85020942395621,0.9921467304229736,-0.2833176944708704,0.0005972981452941895,A<0.65,1.4<=beta<1.7,A<0.65 | 1.4<=beta<1.7,baseline_middle_50
13,110_0.68_1.22.png,110,0.68,1.22,400,400,19.501371282483888,0.9362725615501404,28.092756760223715,0.9878865480422974,28.24326214173192,0.9899033904075623,0.15050538150820358,0.0020168423652648926,0.65<=A<0.75,1.1<=beta<1.4,0.65<=A<0.75 | 1.1<=beta<1.4,baseline_weakest_25
14,111_0.98_0.89.png,111,0.98,0.89,400,400,18.76340486211127,0.9268628358840942,26.925266074640408,0.9785400629043579,29.202982082698206,0.9874264001846313,2.277716008057798,0.008886337280273438,A>=0.95,0.8<=beta<1.1,A>=0.95 | 0.8<=beta<1.1,baseline_weakest_25
15,112_0.54_0.98.png,112,0.54,0.98,400,400,24.955849219672803,0.9711683988571167,26.023734152150286,0.989223301410675,26.03360085926944,0.9913222193717957,0.009866707119154938,0.0020989179611206055,A<0.65,0.8<=beta<1.1,A<0.65 | 0.8<=beta<1.1,baseline_weakest_25
16,113_0.71_1.48.png,113,0.71,1.48,400,400,12.738859149551786,0.7542374730110168,30.889649086045377,0.9823632836341858,30.2270530885925,0.9784660935401917,-0.662595997452879,-0.0038971900939941406,0.65<=A<0.75,1.4<=beta<1.7,0.65<=A<0.75 | 1.4<=beta<1.7,baseline_middle_50
17,114_0.7_0.91.png,114,0.7,0.91,400,400,15.969496373066253,0.8625573515892029,33.730186319697374,0.989467442035675,32.39491490011828,0.9861091375350952,-1.3352714195790938,-0.003358304500579834,0.65<=A<0.75,0.8<=beta<1.1,0.65<=A<0.75 | 0.8<=beta<1.1,baseline_middle_50
18,115_0.52_0.82.png,115,0.52,0.82,400,400,19.582632142951933,0.9146227836608887,35.22781957981877,0.9928041696548462,36.03144236213285,0.992007851600647,0.8036227823140791,-0.0007963180541992188,A<0.65,0.8<=beta<1.1,A<0.65 | 0.8<=beta<1.1,baseline_middle_50
19,116_0.73_1.62.png,116,0.73,1.62,400,400,11.931531955251709,0.7238272428512573,29.722424289296583,0.9783832430839539,29.800785991836012,0.9762475490570068,0.07836170253942853,-0.0021356940269470215,0.65<=A<0.75,1.4<=beta<1.7,0.65<=A<0.75 | 1.4<=beta<1.7,baseline_middle_50
20,117_0.69_1.13.png,117,0.69,1.13,400,400,20.858106456432594,0.9190354347229004,28.04887948821717,0.9866617321968079,27.72746619942145,0.9852119088172913,-0.3214132887957213,-0.0014498233795166016,0.65<=A<0.75,1.1<=beta<1.4,0.65<=A<0.75 | 1.1<=beta<1.4,baseline_weakest_25
21,118_0.68_1.96.png,118,0.68,1.96,400,400,17.137817356880298,0.8440964818000793,26.58907851973174,0.9797402024269104,25.473171013320485,0.9768790602684021,-1.1159075064112542,-0.0028611421585083008,0.65<=A<0.75,beta>=1.7,0.65<=A<0.75 | beta>=1.7,baseline_weakest_25
22,119_0.81_0.75.png,119,0.81,0.75,400,400,23.726289763331533,0.9448643326759338,29.36992676846396,0.9896746277809143,29.585575888314793,0.9899871945381165,0.21564911985083413,0.00031256675720214844,0.75<=A<0.85,beta<0.8,0.75<=A<0.85 | beta<0.8,baseline_middle_50
23,11_0.98_0.72.png,11,0.98,0.72,400,400,18.03385224616276,0.9308559894561768,34.57800439006828,0.9950124025344849,32.349558422861705,0.9950039982795715,-2.228445967206575,-8.404254913330078e-06,A>=0.95,beta<0.8,A>=0.95 | beta<0.8,baseline_middle_50
24,120_0.8_0.89.png,120,0.8,0.89,400,400,22.402664948881444,0.931528627872467,29.292137870202374,0.9890537858009338,29.073123145583985,0.9887459874153137,-0.21901472461838978,-0.0003077983856201172,0.75<=A<0.85,0.8<=beta<1.1,0.75<=A<0.85 | 0.8<=beta<1.1,baseline_middle_50
25,121_0.86_1.21.png,121,0.86,1.21,400,400,12.647723528037101,0.7740514278411865,30.099330486413713,0.9791867136955261,32.067017681217244,0.9834564328193665,1.9676871948035313,0.004269719123840332,0.85<=A<0.95,1.1<=beta<1.4,0.85<=A<0.95 | 1.1<=beta<1.4,baseline_middle_50
26,122_0.94_1.72.png,122,0.94,1.72,400,400,9.075501060980086,0.6610303521156311,30.3920092558525,0.9739630222320557,32.06126048651521,0.97845458984375,1.6692512306627094,0.004491567611694336,0.85<=A<0.95,beta>=1.7,0.85<=A<0.95 | beta>=1.7,baseline_middle_50
27,123_0.59_0.7.png,123,0.59,0.7,400,400,21.21668506204631,0.9254453182220459,32.10929170140751,0.9816542863845825,31.95781430145071,0.9881306290626526,-0.15147739995679643,0.006476342678070068,A<0.65,beta<0.8,A<0.65 | beta<0.8,baseline_middle_50
28,124_1.0_0.82.png,124,1.0,0.82,400,400,13.670452635078593,0.8206385970115662,29.440304872445765,0.9801253080368042,31.469272664069354,0.9845576882362366,2.0289677916235895,0.004432380199432373,A>=0.95,0.8<=beta<1.1,A>=0.95 | 0.8<=beta<1.1,baseline_middle_50
29,125_0.57_1.94.png,125,0.57,1.94,400,400,11.135551263404846,0.680870771408081,32.28083187504555,0.9889993071556091,29.572335647308744,0.9854758977890015,-2.7084962277368057,-0.003523409366607666,A<0.65,beta>=1.7,A<0.65 | beta>=1.7,baseline_middle_50
30,126_0.64_1.73.png,126,0.64,1.73,400,400,11.23489240136177,0.6935153603553772,33.83230612921554,0.9898461103439331,31.154538966674338,0.9879656434059143,-2.677767162541201,-0.0018804669380187988,A<0.65,beta>=1.7,A<0.65 | beta>=1.7,baseline_middle_50
31,127_0.57_0.92.png,127,0.57,0.92,400,400,17.4635706871789,0.8673653602600098,36.19220857561447,0.9939585328102112,32.13347927670212,0.9921829700469971,-4.058729298912354,-0.0017755627632141113,A<0.65,0.8<=beta<1.1,A<0.65 | 0.8<=beta<1.1,baseline_strongest_25
32,128_0.65_0.67.png,128,0.65,0.67,400,400,19.36721281038843,0.9020578265190125,37.02456745363627,0.9943735599517822,34.097944395095666,0.9940375089645386,-2.9266230585406063,-0.00033605098724365234,0.65<=A<0.75,beta<0.8,0.65<=A<0.75 | beta<0.8,baseline_strongest_25
33,129_0.76_1.71.png,129,0.76,1.71,400,400,11.7347034363892,0.666666567325592,30.256021630710535,0.9556193351745605,32.01009311452526,0.9684204459190369,1.7540714838147267,0.012801110744476318,0.75<=A<0.85,beta>=1.7,0.75<=A<0.85 | beta>=1.7,baseline_middle_50
34,12_0.75_1.95.png,12,0.75,1.95,400,400,13.631057796401361,0.8160576224327087,34.30935102516704,0.9893993735313416,33.39421497063852,0.9895017743110657,-0.9151360545285172,0.0001024007797241211,0.75<=A<0.85,beta>=1.7,0.75<=A<0.85 | beta>=1.7,baseline_middle_50
35,130_0.9_0.92.png,130,0.9,0.92,400,400,15.225630339908056,0.7797244191169739,30.260026853469203,0.9627422094345093,32.7766981872188,0.9757996201515198,2.5166713337495956,0.013057410717010498,0.85<=A<0.95,0.8<=beta<1.1,0.85<=A<0.95 | 0.8<=beta<1.1,baseline_middle_50
36,131_0.72_0.59.png,131,0.72,0.59,400,400,22.02968220186722,0.8977658748626709,32.22620853851407,0.9721187353134155,34.73305005918795,0.9814453721046448,2.5068415206738806,0.009326636791229248,0.65<=A<0.75,beta<0.8,0.65<=A<0.75 | beta<0.8,baseline_middle_50
37,132_1.0_1.29.png,132,1.0,1.29,400,400,11.508636285997667,0.683469295501709,28.818733448797403,0.9524396061897278,30.662620177349694,0.9637113213539124,1.8438867285522917,0.01127171516418457,A>=0.95,1.1<=beta<1.4,A>=0.95 | 1.1<=beta<1.4,baseline_weakest_25
38,133_0.67_1.65.png,133,0.67,1.65,400,400,14.54503550957278,0.7812089920043945,29.46336862297016,0.9859359264373779,29.770044821935116,0.9845234751701355,0.30667619896495424,-0.0014124512672424316,0.65<=A<0.75,1.4<=beta<1.7,0.65<=A<0.75 | 1.4<=beta<1.7,baseline_middle_50
39,134_0.53_0.77.png,134,0.53,0.77,400,400,20.059476479201336,0.9260807633399963,32.21557735764853,0.9916658401489258,31.70011930616348,0.9907902479171753,-0.515458051485048,-0.0008755922317504883,A<0.65,beta<0.8,A<0.65 | beta<0.8,baseline_middle_50
40,135_0.54_1.58.png,135,0.54,1.58,400,400,15.87693915722324,0.8100388050079346,28.67243223886378,0.9872890114784241,29.26740011118494,0.9855383038520813,0.5949678723211598,-0.0017507076263427734,A<0.65,1.4<=beta<1.7,A<0.65 | 1.4<=beta<1.7,baseline_weakest_25
41,136_0.75_0.8.png,136,0.75,0.8,400,400,18.04796452395559,0.8972182869911194,31.96449679088748,0.9911322593688965,31.847143929357795,0.9901724457740784,-0.11735286152968527,-0.0009598135948181152,0.75<=A<0.85,0.8<=beta<1.1,0.75<=A<0.85 | 0.8<=beta<1.1,baseline_middle_50
42,137_0.99_1.98.png,137,0.99,1.98,400,400,8.200817841122905,0.6581417322158813,29.382670664937407,0.9768816232681274,28.271463760360902,0.9761341214179993,-1.1112069045765054,-0.0007475018501281738,A>=0.95,beta>=1.7,A>=0.95 | beta>=1.7,baseline_middle_50
43,138_1.0_1.48.png,138,1.0,1.48,400,400,9.819796892452842,0.7136504054069519,32.169949907887904,0.9841094017028809,32.890747405971176,0.9843940734863281,0.7207974980832716,0.0002846717834472656,A>=0.95,1.4<=beta<1.7,A>=0.95 | 1.4<=beta<1.7,baseline_middle_50
44,139_0.85_0.96.png,139,0.85,0.96,400,400,13.620262144169242,0.8219941258430481,32.204466892509764,0.9884433150291443,33.54610771069155,0.9885581731796265,1.3416408181817872,0.00011485815048217773,0.85<=A<0.95,0.8<=beta<1.1,0.85<=A<0.95 | 0.8<=beta<1.1,baseline_middle_50
45,13_0.52_1.9.png,13,0.52,1.9,400,400,17.32064733079445,0.7858678698539734,25.925987441654428,0.9812366366386414,30.878326244870003,0.9879580736160278,4.952338803215575,0.006721436977386475,A<0.65,beta>=1.7,A<0.65 | beta>=1.7,baseline_weakest_25
46,140_0.94_1.55.png,140,0.94,1.55,400,400,9.69240697756609,0.7105016708374023,31.643422149617084,0.9834430813789368,31.86886087791864,0.9833967089653015,0.22543872830155465,-4.6372413635253906e-05,0.85<=A<0.95,1.4<=beta<1.7,0.85<=A<0.95 | 1.4<=beta<1.7,baseline_middle_50
47,141_0.79_1.1.png,141,0.79,1.1,400,400,14.364528648612286,0.7707449197769165,33.745801730951925,0.9903691411018372,31.546255804890585,0.9868234395980835,-2.19954592606134,-0.003545701503753662,0.75<=A<0.85,1.1<=beta<1.4,0.75<=A<0.85 | 1.1<=beta<1.4,baseline_middle_50
48,142_0.96_1.88.png,142,0.96,1.88,400,400,9.07990225553592,0.5980791449546814,29.14219500568237,0.9774559736251831,27.509540257178507,0.9729070663452148,-1.6326547485038638,-0.004548907279968262,A>=0.95,beta>=1.7,A>=0.95 | beta>=1.7,baseline_middle_50
49,143_0.68_1.8.png,143,0.68,1.8,400,400,12.308525886547537,0.6775362491607666,30.041217964631137,0.9838500618934631,29.23705762488607,0.9806509613990784,-0.8041603397450672,-0.0031991004943847656,0.65<=A<0.75,beta>=1.7,0.65<=A<0.75 | beta>=1.7,baseline_middle_50
50,144_0.6_0.66.png,144,0.6,0.66,400,400,20.67142869134932,0.9069802761077881,35.01261377764599,0.9930039644241333,33.110848813431666,0.9898967146873474,-1.9017649642143226,-0.0031072497367858887,A<0.65,beta<0.8,A<0.65 | beta<0.8,baseline_middle_50
51,145_0.59_1.25.png,145,0.59,1.25,400,400,15.349530322235845,0.8568813800811768,23.254449971834156,0.9580361843109131,23.603866554204057,0.959263026714325,0.34941658236990136,0.0012268424034118652,A<0.65,1.1<=beta<1.4,A<0.65 | 1.1<=beta<1.4,baseline_weakest_25
52,146_0.72_0.71.png,146,0.72,0.71,400,400,17.16970840773029,0.9002749919891357,24.542458999116924,0.9653512239456177,25.73606409403714,0.9709088206291199,1.1936050949202155,0.005557596683502197,0.65<=A<0.75,beta<0.8,0.65<=A<0.75 | beta<0.8,baseline_weakest_25
53,147_0.87_1.14.png,147,0.87,1.14,400,400,12.163499186667941,0.819038987159729,21.662879101728343,0.9508435130119324,22.207241635095883,0.9522393941879272,0.5443625333675399,0.001395881175994873,0.85<=A<0.95,1.1<=beta<1.4,0.85<=A<0.95 | 1.1<=beta<1.4,baseline_weakest_25
54,148_0.51_1.15.png,148,0.51,1.15,400,400,16.439284136602236,0.8797754645347595,23.85492191930972,0.9617291688919067,24.363326975483695,0.9653105139732361,0.5084050561739737,0.0035813450813293457,A<0.65,1.1<=beta<1.4,A<0.65 | 1.1<=beta<1.4,baseline_weakest_25
55,149_0.8_1.92.png,149,0.8,1.92,400,400,12.565712025395959,0.7993361949920654,33.27574389198069,0.9867354035377502,31.175959176327417,0.9862514138221741,-2.0997847156532714,-0.0004839897155761719,0.75<=A<0.85,beta>=1.7,0.75<=A<0.85 | beta>=1.7,baseline_middle_50
56,14_0.98_1.76.png,14,0.98,1.76,400,400,9.538012161705163,0.6679147481918335,27.36113084117038,0.9821534156799316,27.863449390153505,0.9831972122192383,0.5023185489831263,0.0010437965393066406,A>=0.95,beta>=1.7,A>=0.95 | beta>=1.7,baseline_weakest_25
57,150_0.6_1.29.png,150,0.6,1.29,400,400,20.452484473455335,0.9328266978263855,31.968515044100883,0.9925158023834229,33.93514598789849,0.9925143718719482,1.966630943797604,-1.430511474609375e-06,A<0.65,1.1<=beta<1.4,A<0.65 | 1.1<=beta<1.4,baseline_middle_50
58,151_0.86_1.95.png,151,0.86,1.95,400,400,11.838732844426536,0.780813455581665,32.401317163647725,0.9854691624641418,29.074167600548854,0.9845964908599854,-3.327149563098871,-0.0008726716041564941,0.85<=A<0.95,beta>=1.7,0.85<=A<0.95 | beta>=1.7,baseline_middle_50
59,152_0.61_1.16.png,152,0.61,1.16,400,400,21.69242685176954,0.9450699090957642,33.37518037576678,0.9932037591934204,34.697406239647684,0.9931742548942566,1.3222258638809024,-2.950429916381836e-05,A<0.65,1.1<=beta<1.4,A<0.65 | 1.1<=beta<1.4,baseline_middle_50
60,153_0.96_1.61.png,153,0.96,1.61,400,400,11.460543639899164,0.7872135639190674,28.24611664843314,0.9685911536216736,28.11467917094182,0.9685016870498657,-0.13143747749132118,-8.946657180786133e-05,A>=0.95,1.4<=beta<1.7,A>=0.95 | 1.4<=beta<1.7,baseline_weakest_25
61,154_0.97_1.3.png,154,0.97,1.3,400,400,13.035508836174222,0.823555588722229,28.41590491453355,0.9704409241676331,28.923144591214786,0.9718631505966187,0.5072396766812375,0.0014222264289855957,A>=0.95,1.1<=beta<1.4,A>=0.95 | 1.1<=beta<1.4,baseline_weakest_25
62,155_0.68_1.77.png,155,0.68,1.77,400,400,13.00674623210969,0.8171200156211853,30.07122303583983,0.9767075777053833,28.956803285684096,0.9762974977493286,-1.114419750155733,-0.0004100799560546875,0.65<=A<0.75,beta>=1.7,0.65<=A<0.75 | beta>=1.7,baseline_middle_50
63,156_0.53_1.42.png,156,0.53,1.42,400,400,18.15499105136879,0.893946647644043,31.589676153556514,0.9843698143959045,30.904392629073477,0.9852278828620911,-0.6852835244830366,0.0008580684661865234,A<0.65,1.4<=beta<1.7,A<0.65 | 1.4<=beta<1.7,baseline_middle_50
64,157_0.94_0.74.png,157,0.94,0.74,400,400,13.65881405839077,0.7716119885444641,33.79955581406962,0.9864739179611206,32.79760644373448,0.9837653636932373,-1.00194937033514,-0.0027085542678833008,0.85<=A<0.95,beta<0.8,0.85<=A<0.95 | beta<0.8,baseline_middle_50
65,158_0.83_0.86.png,158,0.83,0.86,400,400,13.75602389467723,0.7638489007949829,34.187173909882446,0.9866652488708496,33.26865747366054,0.9839484691619873,-0.9185164362219069,-0.0027167797088623047,0.75<=A<0.85,0.8<=beta<1.1,0.75<=A<0.85 | 0.8<=beta<1.1,baseline_middle_50
66,159_0.64_0.71.png,159,0.64,0.71,400,400,17.581275951070584,0.8379876613616943,35.635091046737685,0.9891884922981262,34.42508363358188,0.9855318665504456,-1.2100074131558074,-0.003656625747680664,A<0.65,beta<0.8,A<0.65 | beta<0.8,baseline_middle_50
67,15_0.99_1.38.png,15,0.99,1.38,400,400,11.131657516354823,0.7463123798370361,27.603511087309695,0.9841506481170654,27.84311128214422,0.9843974113464355,0.23960019483452655,0.0002467632293701172,A>=0.95,1.1<=beta<1.4,A>=0.95 | 1.1<=beta<1.4,baseline_weakest_25
68,160_0.94_1.85.png,160,0.94,1.85,400,400,7.975195154484689,0.541861891746521,29.576993165739648,0.9676931500434875,29.915821391183886,0.9709837436676025,0.33882822544423874,0.0032905936241149902,0.85<=A<0.95,beta>=1.7,0.85<=A<0.95 | beta>=1.7,baseline_middle_50
69,161_0.56_1.13.png,161,0.56,1.13,400,400,18.28716537918541,0.9313605427742004,25.01755321185614,0.9803255200386047,28.439077800488867,0.9882044792175293,3.421524588632728,0.00787895917892456,A<0.65,1.1<=beta<1.4,A<0.65 | 1.1<=beta<1.4,baseline_weakest_25
70,162_0.9_0.74.png,162,0.9,0.74,400,400,18.80407923796513,0.935499906539917,28.818180745488156,0.9860170483589172,32.7785498588608,0.9912295937538147,3.960369113372643,0.005212545394897461,0.85<=A<0.95,beta<0.8,0.85<=A<0.95 | beta<0.8,baseline_weakest_25
71,163_0.97_1.57.png,163,0.97,1.57,400,400,13.122649735544229,0.8344894647598267,27.508187872970318,0.9787312746047974,29.638289673558074,0.9821630716323853,2.130101800587756,0.0034317970275878906,A>=0.95,1.4<=beta<1.7,A>=0.95 | 1.4<=beta<1.7,baseline_weakest_25
72,164_0.84_1.26.png,164,0.84,1.26,400,400,15.262316284016283,0.8844103217124939,27.49126246855186,0.9815158843994141,29.418386122131498,0.9860591888427734,1.9271236535796383,0.004543304443359375,0.75<=A<0.85,1.1<=beta<1.4,0.75<=A<0.85 | 1.1<=beta<1.4,baseline_weakest_25
73,165_0.8_0.79.png,165,0.8,0.79,400,400,20.983163785717267,0.8692274689674377,28.196624240961256,0.9706705808639526,28.02199112611746,0.9795738458633423,-0.17463311484379673,0.008903264999389648,0.75<=A<0.85,beta<0.8,0.75<=A<0.85 | beta<0.8,baseline_weakest_25
74,166_0.74_1.47.png,166,0.74,1.47,400,400,14.691217530309256,0.731041669845581,31.01164599277434,0.9716339707374573,27.87104204275043,0.9634413123130798,-3.140603950023909,-0.008192658424377441,0.65<=A<0.75,1.4<=beta<1.7,0.65<=A<0.75 | 1.4<=beta<1.7,baseline_middle_50
75,167_0.53_1.34.png,167,0.53,1.34,400,400,18.80419716937379,0.8476434350013733,32.52933460215213,0.9720075726509094,29.400639654759026,0.9796637296676636,-3.1286949473931074,0.00765615701675415,A<0.65,1.1<=beta<1.4,A<0.65 | 1.1<=beta<1.4,baseline_middle_50
76,168_0.8_1.19.png,168,0.8,1.19,400,400,16.07208196238688,0.766139566898346,28.848367118250977,0.9730207324028015,26.047183176457764,0.9685554504394531,-2.8011839417932123,-0.004465281963348389,0.75<=A<0.85,1.1<=beta<1.4,0.75<=A<0.85 | 1.1<=beta<1.4,baseline_middle_50
77,169_0.77_1.51.png,169,0.77,1.51,400,400,9.764712956522159,0.5597204566001892,24.82174049954926,0.9196789264678955,23.029082050098154,0.904515266418457,-1.7926584494511069,-0.015163660049438477,0.75<=A<0.85,1.4<=beta<1.7,0.75<=A<0.85 | 1.4<=beta<1.7,baseline_weakest_25
78,16_0.6_1.46.png,16,0.6,1.46,400,400,17.33629589589791,0.8483312129974365,31.348772684752106,0.9881719946861267,31.855191651839057,0.9892427325248718,0.506418967086951,0.0010707378387451172,A<0.65,1.4<=beta<1.7,A<0.65 | 1.4<=beta<1.7,baseline_middle_50
79,170_0.96_1.28.png,170,0.96,1.28,400,400,9.286438153474242,0.5651288032531738,25.433685791434833,0.9228552579879761,23.727844936584983,0.9118860363960266,-1.7058408548498498,-0.010969221591949463,A>=0.95,1.1<=beta<1.4,A>=0.95 | 1.1<=beta<1.4,baseline_weakest_25
80,171_0.81_0.74.png,171,0.81,0.74,400,400,14.10760982146786,0.7250635027885437,26.757207073565393,0.9372380971908569,24.90607756073533,0.9296591281890869,-1.851129512830063,-0.0075789690017700195,0.75<=A<0.85,beta<0.8,0.75<=A<0.85 | beta<0.8,baseline_weakest_25
81,172_0.86_1.47.png,172,0.86,1.47,400,400,9.209361562143927,0.5478372573852539,25.1352735299735,0.9212587475776672,23.298118165474023,0.9052196145057678,-1.837155364499477,-0.016039133071899414,0.85<=A<0.95,1.4<=beta<1.7,0.85<=A<0.95 | 1.4<=beta<1.7,baseline_weakest_25
82,173_0.83_1.31.png,173,0.83,1.31,400,400,17.371454997965692,0.9237631559371948,21.49063946919384,0.9784189462661743,22.129521326354368,0.9788908362388611,0.638881857160527,0.0004718899726867676,0.75<=A<0.85,1.1<=beta<1.4,0.75<=A<0.85 | 1.1<=beta<1.4,baseline_weakest_25
83,174_0.97_0.75.png,174,0.97,0.75,400,400,20.946079557564087,0.9589924812316895,24.07640446101847,0.9843230843544006,25.07123205087896,0.9863472580909729,0.9948275898604919,0.0020241737365722656,A>=0.95,beta<0.8,A>=0.95 | beta<0.8,baseline_weakest_25
84,175_0.86_1.38.png,175,0.86,1.38,400,400,15.997387916382511,0.9126349091529846,23.690529341853896,0.9809238314628601,24.208396443255516,0.9825429320335388,0.5178671014016203,0.001619100570678711,0.85<=A<0.95,1.1<=beta<1.4,0.85<=A<0.95 | 1.1<=beta<1.4,baseline_weakest_25
85,176_0.77_0.84.png,176,0.77,0.84,400,400,23.042713457659477,0.9717004299163818,21.542172596018474,0.9820160269737244,21.605900622163276,0.980330765247345,0.06372802614480122,-0.0016852617263793945,0.75<=A<0.85,0.8<=beta<1.1,0.75<=A<0.85 | 0.8<=beta<1.1,baseline_weakest_25
86,177_0.65_1.52.png,177,0.65,1.52,400,400,16.9312543520919,0.8757264018058777,24.657934331170075,0.9856621026992798,28.515536058278293,0.9846926927566528,3.857601727108218,-0.0009694099426269531,0.65<=A<0.75,1.4<=beta<1.7,0.65<=A<0.75 | 1.4<=beta<1.7,baseline_weakest_25
87,178_0.64_1.88.png,178,0.64,1.88,400,400,15.587535282123177,0.8431252837181091,22.59654374400645,0.9783858060836792,27.62415798629453,0.9794257283210754,5.027614242288081,0.0010399222373962402,A<0.65,beta>=1.7,A<0.65 | beta>=1.7,baseline_weakest_25
88,179_0.78_1.87.png,179,0.78,1.87,400,400,16.015873701885344,0.8496071696281433,25.192964518283816,0.9810303449630737,26.10405715477598,0.9821368455886841,0.9110926364921639,0.0011065006256103516,0.75<=A<0.85,beta>=1.7,0.75<=A<0.85 | beta>=1.7,baseline_weakest_25
89,17_0.54_0.92.png,17,0.54,0.92,400,400,18.33325221687098,0.8217495083808899,34.72739424545607,0.9837379455566406,34.76811079811749,0.9844865798950195,0.040716552661422156,0.0007486343383789062,A<0.65,0.8<=beta<1.1,A<0.65 | 0.8<=beta<1.1,baseline_middle_50
90,180_0.79_1.22.png,180,0.79,1.22,400,400,18.342742250903804,0.8992883563041687,29.146457982258738,0.9900813698768616,29.08324331732329,0.9889882206916809,-0.06321466493544747,-0.001093149185180664,0.75<=A<0.85,1.1<=beta<1.4,0.75<=A<0.85 | 1.1<=beta<1.4,baseline_middle_50
91,181_0.82_0.77.png,181,0.82,0.77,400,400,20.55541093363322,0.9557443857192993,27.61240901222039,0.9891216158866882,28.011386999683,0.9902372360229492,0.3989779874626116,0.0011156201362609863,0.75<=A<0.85,beta<0.8,0.75<=A<0.85 | beta<0.8,baseline_weakest_25
92,182_0.89_1.0.png,182,0.89,1.0,400,400,17.472162685383314,0.9317448139190674,27.827948323505236,0.9878626465797424,26.929913213595384,0.9878251552581787,-0.898035109909852,-3.74913215637207e-05,0.85<=A<0.95,0.8<=beta<1.1,0.85<=A<0.95 | 0.8<=beta<1.1,baseline_weakest_25
93,183_0.86_1.21.png,183,0.86,1.21,400,400,16.59120274297408,0.9192861318588257,27.36043890596183,0.9866560697555542,26.021422776732315,0.9844364523887634,-1.3390161292295133,-0.0022196173667907715,0.85<=A<0.95,1.1<=beta<1.4,0.85<=A<0.95 | 1.1<=beta<1.4,baseline_weakest_25
94,184_0.83_0.77.png,184,0.83,0.77,400,400,20.40631227307715,0.955058753490448,27.447226993228348,0.9890769720077515,27.987045452465644,0.9904117584228516,0.5398184592372957,0.0013347864151000977,0.75<=A<0.85,beta<0.8,0.75<=A<0.85 | beta<0.8,baseline_weakest_25
95,185_0.79_1.23.png,185,0.79,1.23,400,400,13.620729116912592,0.8454121351242065,30.94186932995597,0.9878204464912415,31.574847670119006,0.988918125629425,0.6329783401630351,0.0010976791381835938,0.75<=A<0.85,1.1<=beta<1.4,0.75<=A<0.85 | 1.1<=beta<1.4,baseline_middle_50
96,186_0.74_1.02.png,186,0.74,1.02,400,400,15.241509704973268,0.8781782388687134,31.33215128488707,0.9888088703155518,32.186545457680914,0.9907094240188599,0.854394172793846,0.0019005537033081055,0.65<=A<0.75,0.8<=beta<1.1,0.65<=A<0.75 | 0.8<=beta<1.1,baseline_middle_50
97,187_0.93_1.99.png,187,0.93,1.99,400,400,10.275639568426083,0.7440600395202637,29.445516977161557,0.979520320892334,28.41848634501404,0.9790786504745483,-1.0270306321475182,-0.00044167041778564453,0.85<=A<0.95,beta>=1.7,0.85<=A<0.95 | beta>=1.7,baseline_middle_50
98,188_0.91_0.91.png,188,0.91,0.91,400,400,14.797104780135669,0.8739095330238342,30.280500897569183,0.9880704283714294,31.618015034674887,0.9902470707893372,1.3375141371057033,0.002176642417907715,0.85<=A<0.95,0.8<=beta<1.1,0.85<=A<0.95 | 0.8<=beta<1.1,baseline_middle_50
99,189_0.71_1.65.png,189,0.71,1.65,400,400,12.404016511896657,0.824554443359375,31.421466352603858,0.9816940426826477,28.82384244664282,0.9795600175857544,-2.5976239059610364,-0.0021340250968933105,0.65<=A<0.75,1.4<=beta<1.7,0.65<=A<0.75 | 1.4<=beta<1.7,baseline_middle_50
100,18_0.67_1.61.png,18,0.67,1.61,400,400,12.872692094187329,0.6914923191070557,34.43793353776294,0.9784435033798218,34.05692660643717,0.9736901521682739,-0.38100693132576424,-0.0047533512115478516,0.65<=A<0.75,1.4<=beta<1.7,0.65<=A<0.75 | 1.4<=beta<1.7,baseline_middle_50
101,190_0.67_1.29.png,190,0.67,1.29,400,400,14.719869651207752,0.870384693145752,29.98926332128777,0.9821685552597046,29.1126389183447,0.9825862050056458,-0.8766244029430688,0.0004176497459411621,0.65<=A<0.75,1.1<=beta<1.4,0.65<=A<0.75 | 1.1<=beta<1.4,baseline_middle_50
102,191_0.86_1.88.png,191,0.86,1.88,400,400,10.914899734393265,0.7866133451461792,34.656651650584216,0.9816129803657532,30.989612169313343,0.9799134135246277,-3.667039481270873,-0.0016995668411254883,0.85<=A<0.95,beta>=1.7,0.85<=A<0.95 | beta>=1.7,baseline_middle_50
103,192_0.78_1.42.png,192,0.78,1.42,400,400,13.132673402250617,0.8403010368347168,32.661238203053856,0.9838865995407104,30.200437766931216,0.9830809831619263,-2.460800436122639,-0.0008056163787841797,0.75<=A<0.85,1.4<=beta<1.7,0.75<=A<0.85 | 1.4<=beta<1.7,baseline_middle_50
104,193_0.52_0.72.png,193,0.52,0.72,400,400,20.18904516199069,0.9472264647483826,27.770689886958436,0.9923082590103149,26.87810319052806,0.992098331451416,-0.8925866964303779,-0.00020992755889892578,A<0.65,beta<0.8,A<0.65 | beta<0.8,baseline_weakest_25
105,194_0.78_1.46.png,194,0.78,1.46,400,400,15.318573956322439,0.8234334588050842,28.5281601344844,0.9858235716819763,28.70087633366376,0.9865981936454773,0.1727161991793622,0.0007746219635009766,0.75<=A<0.85,1.4<=beta<1.7,0.75<=A<0.85 | 1.4<=beta<1.7,baseline_weakest_25
106,195_0.61_1.47.png,195,0.61,1.47,400,400,16.511716874570865,0.8435496091842651,26.80599894460704,0.985252857208252,27.659056800964215,0.9873335957527161,0.8530578563571751,0.0020807385444641113,A<0.65,1.4<=beta<1.7,A<0.65 | 1.4<=beta<1.7,baseline_weakest_25
107,196_0.67_0.7.png,196,0.67,0.7,400,400,21.09002903649749,0.9408908486366272,31.513606354713616,0.993491530418396,30.670735419504027,0.9942631721496582,-0.8428709352095893,0.000771641731262207,0.65<=A<0.75,beta<0.8,0.65<=A<0.75 | beta<0.8,baseline_middle_50
108,197_0.88_1.9.png,197,0.88,1.9,400,400,9.268437160058271,0.6013458967208862,27.207999233680784,0.9617409706115723,29.796291871936678,0.9718430042266846,2.5882926382558935,0.010102033615112305,0.85<=A<0.95,beta>=1.7,0.85<=A<0.95 | beta>=1.7,baseline_weakest_25
109,198_0.99_0.62.png,198,0.99,0.62,400,400,16.289434434343928,0.8173574209213257,34.18920600052489,0.9866899847984314,35.22021424593723,0.9894158840179443,1.0310082454123375,0.0027258992195129395,A>=0.95,beta<0.8,A>=0.95 | beta<0.8,baseline_middle_50
110,199_0.58_1.12.png,199,0.58,1.12,400,400,15.004043373201114,0.773779571056366,33.38434998266686,0.986322820186615,33.89754083200594,0.9879196882247925,0.5131908493390753,0.0015968680381774902,A<0.65,1.1<=beta<1.4,A<0.65 | 1.1<=beta<1.4,baseline_middle_50
111,19_0.7_1.99.png,19,0.7,1.99,400,400,11.306740110058378,0.635794997215271,32.98724066003643,0.9714077711105347,33.37448508483537,0.9712690114974976,0.3872444247989435,-0.00013875961303710938,0.65<=A<0.75,beta>=1.7,0.65<=A<0.75 | beta>=1.7,baseline_middle_50
112,1_0.89_1.56.png,1,0.89,1.56,400,400,10.280320370168283,0.6234567761421204,33.42630530769358,0.9874434471130371,32.77993817194257,0.9847835302352905,-0.6463671357510137,-0.002659916877746582,0.85<=A<0.95,1.4<=beta<1.7,0.85<=A<0.95 | 1.4<=beta<1.7,baseline_middle_50
113,200_0.81_1.52.png,200,0.81,1.52,400,400,10.99159260818617,0.6621325612068176,30.63377136630956,0.9760562777519226,34.343160713291695,0.982027530670166,3.7093893469821353,0.005971252918243408,0.75<=A<0.85,1.4<=beta<1.7,0.75<=A<0.85 | 1.4<=beta<1.7,baseline_middle_50
114,201_0.88_0.95.png,201,0.88,0.95,400,400,19.40699362173263,0.9238725304603577,29.59124701154795,0.9900593757629395,30.261938482898486,0.9915314316749573,0.670691471350537,0.0014720559120178223,0.85<=A<0.95,0.8<=beta<1.1,0.85<=A<0.95 | 0.8<=beta<1.1,baseline_middle_50
115,202_0.92_0.59.png,202,0.92,0.59,400,400,22.39593660935141,0.9566868543624878,30.807724635186176,0.992822527885437,31.835414034632677,0.9942426681518555,1.0276893994465013,0.001420140266418457,0.85<=A<0.95,beta<0.8,0.85<=A<0.95 | beta<0.8,baseline_middle_50
116,203_1.0_1.96.png,203,1.0,1.96,400,400,12.846637231266943,0.7992081046104431,24.673068731883756,0.9788788557052612,25.11959773877631,0.9801099300384521,0.44652900689255404,0.001231074333190918,A>=0.95,beta>=1.7,A>=0.95 | beta>=1.7,baseline_weakest_25
117,204_0.7_1.37.png,204,0.7,1.37,400,400,19.530796617616584,0.9071317911148071,28.823246292754938,0.988153338432312,29.953535683302167,0.9897807240486145,1.1302893905472295,0.0016273856163024902,0.65<=A<0.75,1.1<=beta<1.4,0.65<=A<0.75 | 1.1<=beta<1.4,baseline_middle_50
118,205_0.62_1.05.png,205,0.62,1.05,400,400,20.514862657747933,0.939469039440155,29.066965275608464,0.978718638420105,29.2472359675715,0.9829729199409485,0.18027069196303458,0.004254281520843506,A<0.65,0.8<=beta<1.1,A<0.65 | 0.8<=beta<1.1,baseline_middle_50
119,206_0.58_0.83.png,206,0.58,0.83,400,400,24.13071435248331,0.9683284163475037,29.957225261526762,0.9815096259117126,30.979595274459637,0.9864165186882019,1.0223700129328748,0.004906892776489258,A<0.65,0.8<=beta<1.1,A<0.65 | 0.8<=beta<1.1,baseline_middle_50
120,207_0.84_0.64.png,207,0.84,0.64,400,400,21.100528877431444,0.9538005590438843,28.206883648209224,0.9779155254364014,29.275458936423533,0.9826551079750061,1.0685752882143085,0.004739582538604736,0.75<=A<0.85,beta<0.8,0.75<=A<0.85 | beta<0.8,baseline_weakest_25
121,208_0.67_0.92.png,208,0.67,0.92,400,400,20.852546485362428,0.9448012709617615,28.73873718560276,0.9784390926361084,28.984902369609088,0.9826838374137878,0.2461651840063297,0.004244744777679443,0.65<=A<0.75,0.8<=beta<1.1,0.65<=A<0.75 | 0.8<=beta<1.1,baseline_weakest_25
122,209_0.97_1.99.png,209,0.97,1.99,400,400,10.640463463846874,0.7660452723503113,28.9457315973912,0.9821457266807556,29.429490606266242,0.9830749034881592,0.4837590088750403,0.0009291768074035645,A>=0.95,beta>=1.7,A>=0.95 | beta>=1.7,baseline_middle_50
123,20_0.58_1.76.png,20,0.58,1.76,400,400,13.938556708030296,0.6970716118812561,35.616242400020454,0.9775984287261963,35.20960940595803,0.9761431217193604,-0.40663299406242714,-0.0014553070068359375,A<0.65,beta>=1.7,A<0.65 | beta>=1.7,baseline_middle_50
124,210_0.63_1.2.png,210,0.63,1.2,400,400,17.94015613796985,0.9005948901176453,26.2542535798514,0.9881522059440613,27.482756331494524,0.9898692965507507,1.2285027516431235,0.0017170906066894531,A<0.65,1.1<=beta<1.4,A<0.65 | 1.1<=beta<1.4,baseline_weakest_25
125,211_0.94_0.77.png,211,0.94,0.77,400,400,17.182496609097576,0.9100202322006226,34.212036348445736,0.9920117259025574,32.563862800224584,0.9914219975471497,-1.648173548221152,-0.0005897283554077148,0.85<=A<0.95,beta<0.8,0.85<=A<0.95 | beta<0.8,baseline_middle_50
126,212_0.54_1.78.png,212,0.54,1.78,400,400,16.17461354988308,0.8584255576133728,25.92166876854378,0.9843587279319763,26.689988227141058,0.9856049418449402,0.7683194585972792,0.0012462139129638672,A<0.65,beta>=1.7,A<0.65 | beta>=1.7,baseline_weakest_25
127,213_0.7_1.14.png,213,0.7,1.14,400,400,19.149824654314067,0.9173517227172852,26.611224839993127,0.9855592846870422,27.667593306471314,0.9872523546218872,1.0563684664781867,0.0016930699348449707,0.65<=A<0.75,1.1<=beta<1.4,0.65<=A<0.75 | 1.1<=beta<1.4,baseline_weakest_25
128,214_0.62_0.87.png,214,0.62,0.87,400,400,20.91657505882118,0.9485132694244385,26.10589606098822,0.9867878556251526,27.9127657416843,0.9898170828819275,1.8068696806960816,0.0030292272567749023,A<0.65,0.8<=beta<1.1,A<0.65 | 0.8<=beta<1.1,baseline_weakest_25
129,215_0.91_1.29.png,215,0.91,1.29,400,400,15.258516641490766,0.8733862638473511,25.919102857853087,0.9832054972648621,26.036179726762498,0.9829270839691162,0.11707686890941105,-0.0002784132957458496,0.85<=A<0.95,1.1<=beta<1.4,0.85<=A<0.95 | 1.1<=beta<1.4,baseline_weakest_25
130,216_0.94_0.88.png,216,0.94,0.88,400,400,17.264226986300407,0.9175963401794434,26.057696463654153,0.9854257702827454,27.797150060085478,0.9885613918304443,1.739453596431325,0.0031356215476989746,0.85<=A<0.95,0.8<=beta<1.1,0.85<=A<0.95 | 0.8<=beta<1.1,baseline_weakest_25
131,217_0.86_1.31.png,217,0.86,1.31,400,400,14.725731184515258,0.8808556199073792,29.72210842879597,0.989273726940155,32.34243377144362,0.9912419319152832,2.6203253426476536,0.001968204975128174,0.85<=A<0.95,1.1<=beta<1.4,0.85<=A<0.95 | 1.1<=beta<1.4,baseline_middle_50
132,218_0.53_1.18.png,218,0.53,1.18,400,400,21.762918099755687,0.9428542852401733,28.04966964031111,0.9904899001121521,24.6898848946592,0.989970862865448,-3.3597847456519077,-0.0005190372467041016,A<0.65,1.1<=beta<1.4,A<0.65 | 1.1<=beta<1.4,baseline_weakest_25
133,219_0.62_1.27.png,219,0.62,1.27,400,400,20.77383431884607,0.9284816384315491,34.019633397318515,0.9924083948135376,30.75273715155456,0.9932229518890381,-3.266896245763956,0.0008145570755004883,A<0.65,1.1<=beta<1.4,A<0.65 | 1.1<=beta<1.4,baseline_middle_50
134,21_0.7_1.86.png,21,0.7,1.86,400,400,13.465128050588383,0.7741098999977112,25.900030222279796,0.955655038356781,26.19500607510664,0.9476673007011414,0.2949758528268447,-0.007987737655639648,0.65<=A<0.75,beta>=1.7,0.65<=A<0.75 | beta>=1.7,baseline_weakest_25
135,220_0.68_1.35.png,220,0.68,1.35,400,400,18.718680850536323,0.9112768173217773,34.96631366309501,0.9920759201049805,36.28487021430579,0.99327552318573,1.3185565512107829,0.0011996030807495117,0.65<=A<0.75,1.1<=beta<1.4,0.65<=A<0.75 | 1.1<=beta<1.4,baseline_middle_50
136,221_0.63_0.68.png,221,0.63,0.68,400,400,22.734971976864614,0.9644641876220703,31.447611646078983,0.9958648085594177,28.785029272647535,0.9911692142486572,-2.662582373431448,-0.004695594310760498,A<0.65,beta<0.8,A<0.65 | beta<0.8,baseline_middle_50
137,222_0.76_0.62.png,222,0.76,0.62,400,400,22.74032034988568,0.9615945219993591,33.41299858010468,0.9961280226707458,30.149143546125295,0.9904179573059082,-3.2638550339793824,-0.0057100653648376465,0.75<=A<0.85,beta<0.8,0.75<=A<0.85 | beta<0.8,baseline_middle_50
138,223_0.66_1.32.png,223,0.66,1.32,400,400,17.91078899820949,0.900809645652771,28.463102121837323,0.9891747236251831,27.51743961522424,0.9838500618934631,-0.9456625066130826,-0.005324661731719971,0.65<=A<0.75,1.1<=beta<1.4,0.65<=A<0.75 | 1.1<=beta<1.4,baseline_weakest_25
139,224_0.7_1.92.png,224,0.7,1.92,400,400,15.281574682793968,0.8378002047538757,28.822301329011182,0.9841192960739136,25.57534993909812,0.9772374033927917,-3.246951389913061,-0.006881892681121826,0.65<=A<0.75,beta>=1.7,0.65<=A<0.75 | beta>=1.7,baseline_weakest_25
140,225_0.7_0.86.png,225,0.7,0.86,400,400,16.447447662638837,0.8803595304489136,27.83251740674769,0.9718722701072693,29.889214797461605,0.9811432361602783,2.0566973907139143,0.009270966053009033,0.65<=A<0.75,0.8<=beta<1.1,0.65<=A<0.75 | 0.8<=beta<1.1,baseline_weakest_25
141,226_0.92_1.94.png,226,0.92,1.94,400,400,9.134873156082172,0.6373410224914551,24.766469104028182,0.945332407951355,25.978361182495426,0.9584833383560181,1.211892078467244,0.013150930404663086,0.85<=A<0.95,beta>=1.7,0.85<=A<0.95 | beta>=1.7,baseline_weakest_25
142,227_0.61_0.93.png,227,0.61,0.93,400,400,16.741285082498358,0.8839338421821594,27.94298061046137,0.9733509421348572,30.259832543092053,0.9833061099052429,2.3168519326306836,0.009955167770385742,A<0.65,0.8<=beta<1.1,A<0.65 | 0.8<=beta<1.1,baseline_weakest_25
143,228_0.6_1.2.png,228,0.6,1.2,400,400,14.963864085231652,0.840659499168396,27.640896366707864,0.9723812341690063,29.73935640491128,0.9820986390113831,2.0984600382034166,0.009717404842376709,A<0.65,1.1<=beta<1.4,A<0.65 | 1.1<=beta<1.4,baseline_weakest_25
144,229_0.53_0.63.png,229,0.53,0.63,400,400,23.389875565595005,0.9748921990394592,32.12744769435525,0.9955524206161499,28.953156201224537,0.9954248666763306,-3.17429149313071,-0.00012755393981933594,A<0.65,beta<0.8,A<0.65 | beta<0.8,baseline_middle_50
145,22_0.77_1.45.png,22,0.77,1.45,400,400,14.589193688571836,0.8012186288833618,29.499194005473992,0.9621827602386475,27.892591758187493,0.9520931243896484,-1.6066022472864994,-0.010089635848999023,0.75<=A<0.85,1.4<=beta<1.7,0.75<=A<0.85 | 1.4<=beta<1.7,baseline_middle_50
146,230_0.95_0.66.png,230,0.95,0.66,400,400,17.9173072372317,0.9253607392311096,34.04452129321193,0.9949212074279785,34.97458772676326,0.9954900145530701,0.9300664335513318,0.0005688071250915527,A>=0.95,beta<0.8,A>=0.95 | beta<0.8,baseline_middle_50
147,231_0.55_1.16.png,231,0.55,1.16,400,400,17.6874538829713,0.9009902477264404,32.96194877645119,0.9935483336448669,30.08821900821557,0.9937201738357544,-2.8737297682356164,0.00017184019088745117,A<0.65,1.1<=beta<1.4,A<0.65 | 1.1<=beta<1.4,baseline_middle_50
148,232_0.58_1.19.png,232,0.58,1.19,400,400,17.781394335998684,0.8940786719322205,32.092048911676045,0.9928316473960876,31.36712619023458,0.9939144849777222,-0.724922721441466,0.0010828375816345215,A<0.65,1.1<=beta<1.4,A<0.65 | 1.1<=beta<1.4,baseline_middle_50
149,233_0.72_1.98.png,233,0.72,1.98,400,400,10.942313370885426,0.8205994963645935,26.014569532657305,0.9668424129486084,25.006423016688334,0.9583258032798767,-1.0081465159689706,-0.00851660966873169,0.65<=A<0.75,beta>=1.7,0.65<=A<0.75 | beta>=1.7,baseline_weakest_25
150,234_0.63_1.11.png,234,0.63,1.11,400,400,15.656681256924305,0.9174114465713501,28.102070227836386,0.9778368473052979,26.072675229898575,0.9683979749679565,-2.0293949979378105,-0.009438872337341309,A<0.65,1.1<=beta<1.4,A<0.65 | 1.1<=beta<1.4,baseline_weakest_25
151,235_0.9_0.72.png,235,0.9,0.72,400,400,18.454864360197494,0.9491826891899109,24.976481838193813,0.9675696492195129,24.244052160258278,0.9616501331329346,-0.732429677935535,-0.005919516086578369,0.85<=A<0.95,beta<0.8,0.85<=A<0.95 | beta<0.8,baseline_weakest_25
152,236_0.77_1.96.png,236,0.77,1.96,400,400,10.969687554784851,0.8194621205329895,25.80394457196403,0.9661566019058228,24.80176611497367,0.9577743411064148,-1.002178456990361,-0.008382260799407959,0.75<=A<0.85,beta>=1.7,0.75<=A<0.85 | beta>=1.7,baseline_weakest_25
153,237_0.94_0.77.png,237,0.94,0.77,400,400,16.21826079794011,0.7656853199005127,33.793555626218684,0.9875160455703735,33.7631047513834,0.9798838496208191,-0.03045087483528164,-0.007632195949554443,0.85<=A<0.95,beta<0.8,0.85<=A<0.95 | beta<0.8,baseline_middle_50
154,238_0.95_1.84.png,238,0.95,1.84,400,400,7.700011520206644,0.4822986125946045,29.649655452674992,0.9759915471076965,31.478719233491816,0.9730557799339294,1.8290637808168242,-0.00293576717376709,A>=0.95,beta>=1.7,A>=0.95 | beta>=1.7,baseline_middle_50
155,239_0.85_1.8.png,239,0.85,1.8,400,400,8.75800736363981,0.5175477266311646,30.371718287590888,0.979833722114563,32.223839679179974,0.9776820540428162,1.8521213915890868,-0.002151668071746826,0.85<=A<0.95,beta>=1.7,0.85<=A<0.95 | beta>=1.7,baseline_middle_50
156,23_0.58_0.76.png,23,0.58,0.76,400,400,20.66220624504776,0.8859502673149109,33.50317331118352,0.9756472706794739,32.36899371049488,0.9588857293128967,-1.1341796006886398,-0.01676154136657715,A<0.65,beta<0.8,A<0.65 | beta<0.8,baseline_middle_50
157,240_0.99_1.13.png,240,0.99,1.13,400,400,11.19945867785579,0.6242799758911133,31.491998435579287,0.9839372634887695,33.3009491751053,0.9794225096702576,1.808950739526015,-0.004514753818511963,A>=0.95,1.1<=beta<1.4,A>=0.95 | 1.1<=beta<1.4,baseline_middle_50
158,241_0.85_0.72.png,241,0.85,0.72,400,400,17.25368628012904,0.9123193621635437,28.412608281094066,0.9847348928451538,28.039340936757064,0.9864552021026611,-0.3732673443370018,0.0017203092575073242,0.85<=A<0.95,beta<0.8,0.85<=A<0.95 | beta<0.8,baseline_weakest_25
159,242_0.62_1.18.png,242,0.62,1.18,400,400,15.114057420377403,0.8705973029136658,25.28986012252778,0.9829518795013428,23.703543040680373,0.9809510707855225,-1.5863170818474082,-0.0020008087158203125,A<0.65,1.1<=beta<1.4,A<0.65 | 1.1<=beta<1.4,baseline_weakest_25
160,243_0.7_1.66.png,243,0.7,1.66,400,400,11.912560806409036,0.7776098847389221,23.359930507540874,0.977302610874176,22.97079506290138,0.9782809615135193,-0.3891354446394928,0.0009783506393432617,0.65<=A<0.75,1.4<=beta<1.7,0.65<=A<0.75 | 1.4<=beta<1.7,baseline_weakest_25
161,244_0.67_1.65.png,244,0.67,1.65,400,400,12.178878794974446,0.7874085903167725,23.205384203341367,0.977317214012146,22.67009598852372,0.9779161810874939,-0.5352882148176477,0.0005989670753479004,0.65<=A<0.75,1.4<=beta<1.7,0.65<=A<0.75 | 1.4<=beta<1.7,baseline_weakest_25
162,245_0.99_1.32.png,245,0.99,1.32,400,400,10.023929040743301,0.6489742398262024,33.547673481937714,0.9811872243881226,32.3697557804464,0.9727043509483337,-1.1779177014913174,-0.008482873439788818,A>=0.95,1.1<=beta<1.4,A>=0.95 | 1.1<=beta<1.4,baseline_middle_50
163,246_0.77_1.86.png,246,0.77,1.86,400,400,9.180073909038729,0.5903552174568176,32.759457223657364,0.975503146648407,28.303489071977648,0.964579701423645,-4.455968151679716,-0.010923445224761963,0.75<=A<0.85,beta>=1.7,0.75<=A<0.85 | beta>=1.7,baseline_middle_50
164,247_0.59_1.34.png,247,0.59,1.34,400,400,12.826194720966754,0.7385240793228149,33.2823714171618,0.983909010887146,32.33295959085274,0.981187105178833,-0.9494118263090598,-0.0027219057083129883,A<0.65,1.1<=beta<1.4,A<0.65 | 1.1<=beta<1.4,baseline_middle_50
165,248_0.62_1.13.png,248,0.62,1.13,400,400,13.783189898895712,0.7755221724510193,35.07111999198618,0.9863911271095276,33.61439304197338,0.9831893444061279,-1.4567269500128006,-0.003201782703399658,A<0.65,1.1<=beta<1.4,A<0.65 | 1.1<=beta<1.4,baseline_middle_50
166,249_0.85_1.68.png,249,0.85,1.68,400,400,12.974674911805542,0.8224896192550659,19.849152723353704,0.9622712135314941,19.91307904902271,0.9631569385528564,0.06392632566900502,0.0008857250213623047,0.85<=A<0.95,1.4<=beta<1.7,0.85<=A<0.95 | 1.4<=beta<1.7,baseline_weakest_25
167,24_1.0_0.62.png,24,1.0,0.62,400,400,19.329210021951887,0.8757272958755493,35.37742504615021,0.979881763458252,33.613501822718696,0.9591721892356873,-1.7639232234315116,-0.020709574222564697,A>=0.95,beta<0.8,A>=0.95 | beta<0.8,baseline_middle_50
168,250_0.69_1.38.png,250,0.69,1.38,400,400,16.897120234217407,0.8871490359306335,23.82980281116172,0.9778630137443542,22.61611738475951,0.9746015667915344,-1.2136854264022112,-0.0032614469528198242,0.65<=A<0.75,1.1<=beta<1.4,0.65<=A<0.75 | 1.1<=beta<1.4,baseline_weakest_25
169,251_0.55_1.12.png,251,0.55,1.12,400,400,19.610284716418427,0.9322816729545593,29.05953587510067,0.9872115254402161,27.73373354728878,0.9859113097190857,-1.3258023278118927,-0.001300215721130371,A<0.65,1.1<=beta<1.4,A<0.65 | 1.1<=beta<1.4,baseline_middle_50
170,252_0.51_0.51.png,252,0.51,0.51,400,400,24.67456549614731,0.9808297157287598,32.61940236062825,0.9914621710777283,33.0724146498923,0.9922029972076416,0.453012289264052,0.0007408261299133301,A<0.65,beta<0.8,A<0.65 | beta<0.8,baseline_middle_50
171,253_0.53_1.99.png,253,0.53,1.99,400,400,13.904013397726104,0.7933495044708252,31.195001362417347,0.9820392727851868,19.947114399247155,0.9721939563751221,-11.247886963170192,-0.009845316410064697,A<0.65,beta>=1.7,A<0.65 | beta>=1.7,baseline_middle_50
172,254_0.7_0.56.png,254,0.7,0.56,400,400,23.702585665769583,0.9611066579818726,39.54804684195017,0.9960156083106995,36.83487852663321,0.9955981373786926,-2.713168315316956,-0.00041747093200683594,0.65<=A<0.75,beta<0.8,0.65<=A<0.75 | beta<0.8,baseline_strongest_25
173,255_0.53_1.86.png,255,0.53,1.86,400,400,14.1645911370906,0.8079404830932617,32.671062962840466,0.9845666289329529,21.740919801598764,0.9784173369407654,-10.930143161241702,-0.0061492919921875,A<0.65,beta>=1.7,A<0.65 | beta>=1.7,baseline_middle_50
174,256_0.51_1.17.png,256,0.51,1.17,400,400,15.97144496721934,0.8900002241134644,33.37196466065383,0.9922522902488708,27.709233450724334,0.9911487102508545,-5.662731209929497,-0.0011035799980163574,A<0.65,1.1<=beta<1.4,A<0.65 | 1.1<=beta<1.4,baseline_middle_50
175,257_0.57_1.44.png,257,0.57,1.44,400,400,17.847753767551797,0.781534731388092,18.07548129316817,0.9047150611877441,19.061758472844257,0.9243372678756714,0.9862771796760867,0.019622206687927246,A<0.65,1.4<=beta<1.7,A<0.65 | 1.4<=beta<1.7,baseline_weakest_25
176,258_0.98_1.6.png,258,0.98,1.6,400,400,11.554256325417649,0.6822091937065125,25.825872981687187,0.9603230953216553,25.670865835227307,0.9592701196670532,-0.15500714645988012,-0.0010529756546020508,A>=0.95,1.4<=beta<1.7,A>=0.95 | 1.4<=beta<1.7,baseline_weakest_25
177,259_0.71_0.98.png,259,0.71,0.98,400,400,19.214316822536524,0.8296808004379272,24.854001475915766,0.9728003144264221,24.54910965365004,0.96816486120224,-0.3048918222657271,-0.004635453224182129,0.65<=A<0.75,0.8<=beta<1.1,0.65<=A<0.75 | 0.8<=beta<1.1,baseline_weakest_25
178,25_0.5_1.67.png,25,0.5,1.67,400,400,17.53195465030954,0.8607256412506104,31.5546541842384,0.9856371283531189,31.395886429735725,0.9847670793533325,-0.15876775450267644,-0.000870048999786377,A<0.65,1.4<=beta<1.7,A<0.65 | 1.4<=beta<1.7,baseline_middle_50
179,260_0.57_1.92.png,260,0.57,1.92,400,400,16.11211451671251,0.7120532393455505,15.907304417984559,0.8424034714698792,16.711449196906884,0.8717606663703918,0.8041447789223248,0.029357194900512695,A<0.65,beta>=1.7,A<0.65 | beta>=1.7,baseline_weakest_25
180,261_0.79_1.66.png,261,0.79,1.66,400,400,12.955422942283619,0.8364942669868469,20.475058548951242,0.9601085186004639,22.629315941569125,0.9642186164855957,2.1542573926178825,0.004110097885131836,0.75<=A<0.85,1.4<=beta<1.7,0.75<=A<0.85 | 1.4<=beta<1.7,baseline_weakest_25
181,262_0.58_0.98.png,262,0.58,0.98,400,400,22.762294499832127,0.9535022974014282,30.21561864987399,0.9881086945533752,29.92330371991999,0.9856866002082825,-0.2923149299539993,-0.0024220943450927734,A<0.65,0.8<=beta<1.1,A<0.65 | 0.8<=beta<1.1,baseline_middle_50
182,263_0.94_1.82.png,263,0.94,1.82,400,400,9.933503525818272,0.7780722975730896,18.93897388172476,0.9476612210273743,19.907846636308044,0.9505914449691772,0.968872754583284,0.0029302239418029785,0.85<=A<0.95,beta>=1.7,0.85<=A<0.95 | beta>=1.7,baseline_weakest_25
183,264_0.77_1.87.png,264,0.77,1.87,400,400,12.72889763966113,0.8238482475280762,20.284252446226247,0.9577024579048157,21.785998224860013,0.9603270292282104,1.5017457786337651,0.0026245713233947754,0.75<=A<0.85,beta>=1.7,0.75<=A<0.85 | beta>=1.7,baseline_weakest_25
184,265_0.72_0.95.png,265,0.72,0.95,400,400,19.601959185374653,0.9321678876876831,31.127947968557343,0.990114152431488,28.94348020897086,0.9891398549079895,-2.1844677595864823,-0.0009742975234985352,0.65<=A<0.75,0.8<=beta<1.1,0.65<=A<0.75 | 0.8<=beta<1.1,baseline_middle_50
185,266_0.71_1.06.png,266,0.71,1.06,400,400,18.905325082823396,0.9228031635284424,30.57050284145541,0.9894100427627563,28.70742915018115,0.9881795644760132,-1.8630736912742627,-0.001230478286743164,0.65<=A<0.75,0.8<=beta<1.1,0.65<=A<0.75 | 0.8<=beta<1.1,baseline_middle_50
186,267_0.94_0.99.png,267,0.94,0.99,400,400,16.25673926597303,0.8988330960273743,29.09211693113165,0.9894243478775024,28.515283182009124,0.9887561202049255,-0.5768337491225246,-0.0006682276725769043,0.85<=A<0.95,0.8<=beta<1.1,0.85<=A<0.95 | 0.8<=beta<1.1,baseline_middle_50
187,268_0.7_1.83.png,268,0.7,1.83,400,400,15.687631263008289,0.8553687334060669,27.18981828920118,0.9849156141281128,25.1071110894595,0.9800422191619873,-2.08270719974168,-0.004873394966125488,0.65<=A<0.75,beta>=1.7,0.65<=A<0.75 | beta>=1.7,baseline_weakest_25
188,269_0.97_1.84.png,269,0.97,1.84,400,400,11.56970218002051,0.7553978562355042,23.16384526669063,0.9717128872871399,22.12610057877823,0.9675161838531494,-1.0377446879123973,-0.0041967034339904785,A>=0.95,beta>=1.7,A>=0.95 | beta>=1.7,baseline_weakest_25
189,26_0.93_1.97.png,26,0.93,1.97,400,400,8.920422864168124,0.6258049607276917,29.181490808306116,0.9804390668869019,29.09664061991412,0.9793573617935181,-0.08485018839199654,-0.001081705093383789,0.85<=A<0.95,beta>=1.7,0.85<=A<0.95 | beta>=1.7,baseline_middle_50
190,270_0.73_1.75.png,270,0.73,1.75,400,400,16.279416644489952,0.8137919306755066,29.05546715586194,0.9809070229530334,28.923308729711298,0.9807167649269104,-0.13215842615064233,-0.00019025802612304688,0.65<=A<0.75,beta>=1.7,0.65<=A<0.75 | beta>=1.7,baseline_middle_50
191,271_0.97_1.97.png,271,0.97,1.97,400,400,11.254143755238083,0.7416805028915405,22.502071237958585,0.9668962359428406,21.295968760802104,0.9619006514549255,-1.206102477156481,-0.004995584487915039,A>=0.95,beta>=1.7,A>=0.95 | beta>=1.7,baseline_weakest_25
192,272_0.94_1.17.png,272,0.94,1.17,400,400,14.505540203434958,0.8466655015945435,27.294826833703794,0.9864675998687744,27.593053531616576,0.9851118326187134,0.29822669791278145,-0.0013557672500610352,0.85<=A<0.95,1.1<=beta<1.4,0.85<=A<0.95 | 1.1<=beta<1.4,baseline_weakest_25
193,273_0.85_0.7.png,273,0.85,0.7,400,400,18.22480766268229,0.910785436630249,31.321090624541807,0.9927696585655212,31.12042185588285,0.9931368231773376,-0.20066876865895722,0.00036716461181640625,0.85<=A<0.95,beta<0.8,0.85<=A<0.95 | beta<0.8,baseline_middle_50
194,274_0.71_1.95.png,274,0.71,1.95,400,400,10.892575127631531,0.7097625136375427,29.129181227923844,0.9824828505516052,29.50777857869069,0.9845786094665527,0.37859735076684586,0.0020957589149475098,0.65<=A<0.75,beta>=1.7,0.65<=A<0.75 | beta>=1.7,baseline_middle_50
195,275_0.63_2.0.png,275,0.63,2.0,400,400,12.152489750335068,0.7256569266319275,28.95298814986151,0.9829736351966858,29.411185765374377,0.9846705794334412,0.45819761551286575,0.001696944236755371,A<0.65,beta>=1.7,A<0.65 | beta>=1.7,baseline_middle_50
196,276_0.83_1.69.png,276,0.83,1.69,400,400,10.916162984746634,0.7216506004333496,29.112433671057065,0.985546350479126,28.84408419811458,0.9864246845245361,-0.2683494729424858,0.0008783340454101562,0.75<=A<0.85,1.4<=beta<1.7,0.75<=A<0.85 | 1.4<=beta<1.7,baseline_middle_50
197,277_0.66_1.5.png,277,0.66,1.5,400,400,18.295390748958557,0.9069629907608032,33.45542450453976,0.9908419251441956,31.96942719276096,0.9911445379257202,-1.485997311778796,0.0003026127815246582,0.65<=A<0.75,1.4<=beta<1.7,0.65<=A<0.75 | 1.4<=beta<1.7,baseline_middle_50
198,278_0.98_1.19.png,278,0.98,1.19,400,400,16.67428165355869,0.886421799659729,27.34360736570098,0.9892151355743408,27.229961770150478,0.9890487194061279,-0.11364559555050135,-0.00016641616821289062,A>=0.95,1.1<=beta<1.4,A>=0.95 | 1.1<=beta<1.4,baseline_weakest_25
199,279_0.94_1.64.png,279,0.94,1.64,400,400,14.717602901033986,0.8495253920555115,26.646100700475937,0.9865034818649292,26.449407637175266,0.9868247509002686,-0.19669306330067116,0.00032126903533935547,0.85<=A<0.95,1.4<=beta<1.7,0.85<=A<0.95 | 1.4<=beta<1.7,baseline_weakest_25
200,27_0.76_0.89.png,27,0.76,0.89,400,400,20.003972983114853,0.9080857634544373,33.15173555652608,0.9913054704666138,31.8206429722509,0.9897463917732239,-1.3310925842751757,-0.0015590786933898926,0.75<=A<0.85,0.8<=beta<1.1,0.75<=A<0.85 | 0.8<=beta<1.1,baseline_middle_50
201,280_0.71_1.47.png,280,0.71,1.47,400,400,18.407510061780275,0.9029117226600647,31.381930583626524,0.991087794303894,30.523768133162474,0.9908058643341064,-0.8581624504640502,-0.00028192996978759766,0.65<=A<0.75,1.4<=beta<1.7,0.65<=A<0.75 | 1.4<=beta<1.7,baseline_middle_50
202,281_0.8_1.72.png,281,0.8,1.72,400,400,16.822666252524773,0.9039716720581055,22.872914594265694,0.9852566719055176,23.498119746118277,0.9846569299697876,0.6252051518525832,-0.0005997419357299805,0.75<=A<0.85,beta>=1.7,0.75<=A<0.85 | beta>=1.7,baseline_weakest_25
203,282_0.78_1.39.png,282,0.78,1.39,400,400,18.37530381830671,0.9320919513702393,22.13811825476717,0.9872754216194153,22.811995667381986,0.9868114590644836,0.6738774126148144,-0.0004639625549316406,0.75<=A<0.85,1.1<=beta<1.4,0.75<=A<0.85 | 1.1<=beta<1.4,baseline_weakest_25
204,283_0.79_1.68.png,283,0.79,1.68,400,400,16.995828921333484,0.9081162810325623,22.239691140212848,0.9850145578384399,22.959748088191525,0.9847628474235535,0.7200569479786765,-0.0002517104148864746,0.75<=A<0.85,1.4<=beta<1.7,0.75<=A<0.85 | 1.4<=beta<1.7,baseline_weakest_25
205,284_0.8_1.86.png,284,0.8,1.86,400,400,16.279382987095364,0.8931032419204712,22.932356454549392,0.9842349290847778,23.31266943543899,0.9837790727615356,0.38031298088959886,-0.0004558563232421875,0.75<=A<0.85,beta>=1.7,0.75<=A<0.85 | beta>=1.7,baseline_weakest_25
206,285_0.71_1.94.png,285,0.71,1.94,400,400,10.084738413733703,0.6549056172370911,32.5935069461893,0.984348714351654,33.12367016558931,0.9842345714569092,0.5301632194000092,-0.00011414289474487305,0.65<=A<0.75,beta>=1.7,0.65<=A<0.75 | beta>=1.7,baseline_middle_50
207,286_0.6_1.07.png,286,0.6,1.07,400,400,15.074400280055876,0.8210034370422363,34.61134678968943,0.9925932884216309,33.93464774636755,0.9920779466629028,-0.6766990433218751,-0.0005153417587280273,A<0.65,0.8<=beta<1.1,A<0.65 | 0.8<=beta<1.1,baseline_middle_50
208,287_0.77_1.14.png,287,0.77,1.14,400,400,12.978465800365758,0.7728320360183716,36.23766930955419,0.9914846420288086,33.19601627518311,0.9889629483222961,-3.0416530343710804,-0.002521693706512451,0.75<=A<0.85,1.1<=beta<1.4,0.75<=A<0.85 | 1.1<=beta<1.4,baseline_strongest_25
209,288_0.82_1.17.png,288,0.82,1.17,400,400,12.393492841588534,0.7575480341911316,35.96092079819797,0.9909683465957642,32.61044151016917,0.9872963428497314,-3.350479288028801,-0.003672003746032715,0.75<=A<0.85,1.1<=beta<1.4,0.75<=A<0.85 | 1.1<=beta<1.4,baseline_strongest_25
210,289_0.61_0.88.png,289,0.61,0.88,400,400,20.528383778522986,0.9420157670974731,28.209982172553705,0.9921292066574097,29.463370410245233,0.9923102855682373,1.253388237691528,0.00018107891082763672,A<0.65,0.8<=beta<1.1,A<0.65 | 0.8<=beta<1.1,baseline_weakest_25
211,28_0.81_1.96.png,28,0.81,1.96,400,400,9.925085735097268,0.664765477180481,30.76222439383737,0.9837497472763062,29.98390854807246,0.9823437333106995,-0.7783158457649115,-0.0014060139656066895,0.75<=A<0.85,beta>=1.7,0.75<=A<0.85 | beta>=1.7,baseline_middle_50
212,290_0.66_1.66.png,290,0.66,1.66,400,400,16.543256500216454,0.8554443717002869,28.777016460577887,0.9887169003486633,28.41149183926948,0.987352728843689,-0.36552462130840624,-0.0013641715049743652,0.65<=A<0.75,1.4<=beta<1.7,0.65<=A<0.75 | 1.4<=beta<1.7,baseline_weakest_25
213,291_0.52_0.89.png,291,0.52,0.89,400,400,19.686222616736654,0.9452973008155823,26.669121340927717,0.9919682145118713,27.987110017630727,0.991950511932373,1.3179886767030098,-1.7702579498291016e-05,A<0.65,0.8<=beta<1.1,A<0.65 | 0.8<=beta<1.1,baseline_weakest_25
214,292_0.81_0.91.png,292,0.81,0.91,400,400,18.90789724800611,0.9224324226379395,29.558010286343887,0.9928149580955505,30.160837156831906,0.9925938844680786,0.6028268704880198,-0.00022107362747192383,0.75<=A<0.85,0.8<=beta<1.1,0.75<=A<0.85 | 0.8<=beta<1.1,baseline_middle_50
215,293_0.71_1.13.png,293,0.71,1.13,400,400,19.63640339583688,0.9391353130340576,29.713710038472193,0.9888661503791809,28.374810045328786,0.9892352819442749,-1.3388999931434071,0.00036913156509399414,0.65<=A<0.75,1.1<=beta<1.4,0.65<=A<0.75 | 1.1<=beta<1.4,baseline_middle_50
216,294_0.89_1.44.png,294,0.89,1.44,400,400,16.468675544634735,0.890855073928833,29.178617952136975,0.9858078360557556,28.14026077245426,0.986089825630188,-1.0383571796827162,0.00028198957443237305,0.85<=A<0.95,1.4<=beta<1.7,0.85<=A<0.95 | 1.4<=beta<1.7,baseline_middle_50
217,295_0.64_0.73.png,295,0.64,0.73,400,400,21.697228984504097,0.9719729423522949,29.848048465979453,0.9910237193107605,28.138739530144154,0.9913687705993652,-1.709308935835299,0.00034505128860473633,A<0.65,beta<0.8,A<0.65 | beta<0.8,baseline_middle_50
218,296_0.97_1.18.png,296,0.97,1.18,400,400,16.613076757047214,0.9094690680503845,29.60377157876035,0.9858644604682922,28.478706991737212,0.9875110983848572,-1.1250645870231395,0.0016466379165649414,A>=0.95,1.1<=beta<1.4,A>=0.95 | 1.1<=beta<1.4,baseline_middle_50
219,297_0.69_1.91.png,297,0.69,1.91,400,400,11.15138312017432,0.7418334484100342,31.411003450918827,0.9856703877449036,31.76218310600872,0.9864019751548767,0.35117965508989357,0.0007315874099731445,0.65<=A<0.75,beta>=1.7,0.65<=A<0.75 | beta>=1.7,baseline_middle_50
220,298_0.63_1.85.png,298,0.63,1.85,400,400,11.907500469713138,0.7624281048774719,31.431446242378005,0.9870228171348572,32.58100939981952,0.9884236454963684,1.1495631574415164,0.0014008283615112305,A<0.65,beta>=1.7,A<0.65 | beta>=1.7,baseline_middle_50
221,299_0.72_1.91.png,299,0.72,1.91,400,400,10.893475737862788,0.7357219457626343,31.22323310339833,0.9850938320159912,31.391738779401372,0.9855313897132874,0.16850567600304345,0.0004375576972961426,0.65<=A<0.75,beta>=1.7,0.65<=A<0.75 | beta>=1.7,baseline_middle_50
222,29_0.85_1.7.png,29,0.85,1.7,400,400,9.920514713041923,0.6583492159843445,28.688114617998046,0.9569553732872009,29.34294925618735,0.9665235877037048,0.6548346381893033,0.009568214416503906,0.85<=A<0.95,beta>=1.7,0.85<=A<0.95 | beta>=1.7,baseline_weakest_25
223,2_0.93_1.66.png,2,0.93,1.66,400,400,9.608130398311,0.5985805988311768,33.204703355908556,0.9861164093017578,32.68931459169171,0.9832623600959778,-0.5153887642168442,-0.0028540492057800293,0.85<=A<0.95,1.4<=beta<1.7,0.85<=A<0.95 | 1.4<=beta<1.7,baseline_middle_50
224,300_0.92_0.72.png,300,0.92,0.72,400,400,16.651775041436107,0.8930976390838623,36.7708911937647,0.9949012994766235,35.93096856131426,0.9949609637260437,-0.8399226324504383,5.9664249420166016e-05,0.85<=A<0.95,beta<0.8,0.85<=A<0.95 | beta<0.8,baseline_strongest_25
225,301_0.75_0.88.png,301,0.75,0.88,400,400,19.550177187759733,0.9452588558197021,25.822468741406396,0.9690647125244141,26.382663511442317,0.9712930917739868,0.5601947700359204,0.002228379249572754,0.75<=A<0.85,0.8<=beta<1.1,0.75<=A<0.85 | 0.8<=beta<1.1,baseline_weakest_25
226,302_0.69_0.75.png,302,0.69,0.75,400,400,23.0659122461342,0.9678573608398438,25.95336779982423,0.9707341194152832,26.77822373350352,0.9736108779907227,0.8248559336792916,0.002876758575439453,0.65<=A<0.75,beta<0.8,0.65<=A<0.75 | beta<0.8,baseline_weakest_25
227,303_0.89_1.94.png,303,0.89,1.94,400,400,9.795707625666903,0.7717025876045227,25.786815032280906,0.9614222049713135,26.315142885204175,0.9660070538520813,0.5283278529232689,0.004584848880767822,0.85<=A<0.95,beta>=1.7,0.85<=A<0.95 | beta>=1.7,baseline_weakest_25
228,304_0.91_0.92.png,304,0.91,0.92,400,400,16.032692472521784,0.910420298576355,25.27596339493464,0.9644438624382019,25.183553481179274,0.9644307494163513,-0.09240991375536467,-1.3113021850585938e-05,0.85<=A<0.95,0.8<=beta<1.1,0.85<=A<0.95 | 0.8<=beta<1.1,baseline_weakest_25
229,305_0.84_0.52.png,305,0.84,0.52,400,400,23.7831647698774,0.9654713273048401,34.2127538390842,0.9935851693153381,35.50088448130951,0.9945682287216187,1.2881306422253118,0.0009830594062805176,0.75<=A<0.85,beta<0.8,0.75<=A<0.85 | beta<0.8,baseline_middle_50
230,306_0.65_1.44.png,306,0.65,1.44,400,400,18.46105923642164,0.892893373966217,34.481961959500204,0.9921878576278687,33.17717017303127,0.991741955280304,-1.3047917864689325,-0.00044590234756469727,0.65<=A<0.75,1.4<=beta<1.7,0.65<=A<0.75 | 1.4<=beta<1.7,baseline_middle_50
231,307_0.77_1.05.png,307,0.77,1.05,400,400,19.123770253692424,0.918074905872345,33.52060469498539,0.9920799732208252,33.16463671813966,0.9925156235694885,-0.3559679768457258,0.0004356503486633301,0.75<=A<0.85,0.8<=beta<1.1,0.75<=A<0.85 | 0.8<=beta<1.1,baseline_middle_50
232,308_0.71_0.58.png,308,0.71,0.58,400,400,24.341109025019918,0.9670577049255371,34.626921670084144,0.9936705827713013,35.92788914983619,0.9946036338806152,1.300967479752046,0.0009330511093139648,0.65<=A<0.75,beta<0.8,0.65<=A<0.75 | beta<0.8,baseline_middle_50
233,309_0.61_1.02.png,309,0.61,1.02,400,400,21.125535520137184,0.9491609334945679,32.90647001721053,0.9936295747756958,31.767216676943214,0.9942326545715332,-1.1392533402673166,0.0006030797958374023,A<0.65,0.8<=beta<1.1,A<0.65 | 0.8<=beta<1.1,baseline_middle_50
234,30_0.74_0.8.png,30,0.74,0.8,400,400,16.699559816878423,0.8290809988975525,30.84802702258823,0.9736634492874146,29.862153524955055,0.9778492450714111,-0.9858734976331753,0.004185795783996582,0.65<=A<0.75,0.8<=beta<1.1,0.65<=A<0.75 | 0.8<=beta<1.1,baseline_middle_50
235,310_0.8_1.12.png,310,0.8,1.12,400,400,18.887768820234186,0.9231533408164978,31.524764265415964,0.992321252822876,32.66853400513574,0.9935356974601746,1.143769739719776,0.001214444637298584,0.75<=A<0.85,1.1<=beta<1.4,0.75<=A<0.85 | 1.1<=beta<1.4,baseline_middle_50
236,311_0.75_0.62.png,311,0.75,0.62,400,400,24.470741179491565,0.9703649878501892,35.05333210347879,0.9957529902458191,34.876661228342705,0.9961032271385193,-0.17667087513608237,0.0003502368927001953,0.75<=A<0.85,beta<0.8,0.75<=A<0.85 | beta<0.8,baseline_middle_50
237,312_0.61_0.79.png,312,0.61,0.79,400,400,22.989587762197576,0.965768039226532,35.24819573069979,0.9953664541244507,32.68609785285224,0.9952684640884399,-2.562097877847549,-9.799003601074219e-05,A<0.65,beta<0.8,A<0.65 | beta<0.8,baseline_middle_50
238,313_0.51_1.58.png,313,0.51,1.58,400,400,19.10233726728567,0.8681613206863403,30.006837653591838,0.9882418513298035,27.38789594196948,0.9858812689781189,-2.618941711622359,-0.0023605823516845703,A<0.65,1.4<=beta<1.7,A<0.65 | 1.4<=beta<1.7,baseline_middle_50
239,314_0.99_1.61.png,314,0.99,1.61,400,400,12.11634840973549,0.7796101570129395,28.242751714219708,0.9799942970275879,27.764645500044306,0.9798645973205566,-0.47810621417540133,-0.00012969970703125,A>=0.95,1.4<=beta<1.7,A>=0.95 | 1.4<=beta<1.7,baseline_weakest_25
240,315_0.52_1.41.png,315,0.52,1.41,400,400,19.788147129655172,0.8859309554100037,31.318432334764452,0.9892783761024475,28.62320558764861,0.9875480532646179,-2.695226747115843,-0.0017303228378295898,A<0.65,1.4<=beta<1.7,A<0.65 | 1.4<=beta<1.7,baseline_middle_50
241,316_0.91_0.85.png,316,0.91,0.85,400,400,17.748135842948077,0.9058454036712646,33.041627814168805,0.9911319017410278,29.692259646432646,0.9890141487121582,-3.3493681677361593,-0.002117753028869629,0.85<=A<0.95,0.8<=beta<1.1,0.85<=A<0.95 | 0.8<=beta<1.1,baseline_middle_50
242,317_0.74_1.28.png,317,0.74,1.28,400,400,13.865313247019227,0.7106910347938538,31.488781494560854,0.9792752861976624,30.861213120909955,0.9591588377952576,-0.6275683736508988,-0.020116448402404785,0.65<=A<0.75,1.1<=beta<1.4,0.65<=A<0.75 | 1.1<=beta<1.4,baseline_middle_50
243,318_0.87_0.58.png,318,0.87,0.58,400,400,18.859488457667712,0.8423103094100952,34.35621814609759,0.9802588820457458,34.102626347128194,0.9753791093826294,-0.25359179896939565,-0.004879772663116455,0.85<=A<0.95,beta<0.8,0.85<=A<0.95 | beta<0.8,baseline_middle_50
244,319_0.83_1.89.png,319,0.83,1.89,400,400,10.11481299368738,0.5767234563827515,29.899729685236657,0.9669778943061829,29.5325248886259,0.941902756690979,-0.367204796610757,-0.025075137615203857,0.75<=A<0.85,beta>=1.7,0.75<=A<0.85 | beta>=1.7,baseline_middle_50
245,31_0.58_0.89.png,31,0.58,0.89,400,400,17.630860952606596,0.8428229093551636,30.841333280077713,0.9718854427337646,30.233504333756432,0.9784596562385559,-0.6078289463212805,0.00657421350479126,A<0.65,0.8<=beta<1.1,A<0.65 | 0.8<=beta<1.1,baseline_middle_50
246,320_0.75_1.18.png,320,0.75,1.18,400,400,14.37160910443141,0.7276062369346619,32.28465719522993,0.9799594879150391,31.546865412204323,0.9616158604621887,-0.7377917830256102,-0.018343627452850342,0.75<=A<0.85,1.1<=beta<1.4,0.75<=A<0.85 | 1.1<=beta<1.4,baseline_middle_50
247,321_0.93_1.28.png,321,0.93,1.28,400,400,13.694952533020174,0.8100565075874329,26.901087060808532,0.9781880974769592,27.45932324664103,0.9767747521400452,0.5582361858324987,-0.0014133453369140625,0.85<=A<0.95,1.1<=beta<1.4,0.85<=A<0.95 | 1.1<=beta<1.4,baseline_weakest_25
248,322_0.95_0.58.png,322,0.95,0.58,400,400,18.727900961219746,0.9154198169708252,30.292507586914454,0.988771378993988,32.476701302966696,0.9888384938240051,2.184193716052242,6.711483001708984e-05,A>=0.95,beta<0.8,A>=0.95 | beta<0.8,baseline_middle_50
249,323_0.82_1.16.png,323,0.82,1.16,400,400,15.620075613443255,0.84617018699646,28.386476941506157,0.9831820130348206,29.72399444739187,0.982761800289154,1.3375175058857138,-0.0004202127456665039,0.75<=A<0.85,1.1<=beta<1.4,0.75<=A<0.85 | 1.1<=beta<1.4,baseline_weakest_25
250,324_0.66_0.57.png,324,0.66,0.57,400,400,23.279614457031045,0.9492241144180298,34.09976166675544,0.9923473000526428,37.21985134313514,0.9916069507598877,3.120089676379699,-0.000740349292755127,0.65<=A<0.75,beta<0.8,0.65<=A<0.75 | beta<0.8,baseline_middle_50
251,325_0.8_1.68.png,325,0.8,1.68,400,400,19.0440707995231,0.9225678443908691,26.686714205047384,0.9839783906936646,26.496847595065457,0.984951376914978,-0.18986660998192662,0.0009729862213134766,0.75<=A<0.85,1.4<=beta<1.7,0.75<=A<0.85 | 1.4<=beta<1.7,baseline_weakest_25
252,326_0.65_1.18.png,326,0.65,1.18,400,400,23.743551398594505,0.9674846529960632,28.974241943195224,0.9909389615058899,29.35011301767705,0.9917697906494141,0.3758710744818252,0.0008308291435241699,0.65<=A<0.75,1.1<=beta<1.4,0.65<=A<0.75 | 1.1<=beta<1.4,baseline_middle_50
253,327_0.98_1.23.png,327,0.98,1.23,400,400,22.177247126289576,0.9465336203575134,29.472982282621246,0.9823496341705322,30.60814654714189,0.9852803349494934,1.1351642645206432,0.0029307007789611816,A>=0.95,1.1<=beta<1.4,A>=0.95 | 1.1<=beta<1.4,baseline_middle_50
254,328_0.77_1.67.png,328,0.77,1.67,400,400,19.639873536799996,0.9294313192367554,26.27529143616112,0.9837543368339539,26.447202326410178,0.9850167632102966,0.17191089024905892,0.0012624263763427734,0.75<=A<0.85,1.4<=beta<1.7,0.75<=A<0.85 | 1.4<=beta<1.7,baseline_weakest_25
255,329_0.81_1.47.png,329,0.81,1.47,400,400,13.076849409120154,0.8523697853088379,24.90036553669058,0.962841272354126,23.33886507188359,0.9563226699829102,-1.56150046480699,-0.00651860237121582,0.75<=A<0.85,1.4<=beta<1.7,0.75<=A<0.85 | 1.4<=beta<1.7,baseline_weakest_25
256,32_0.6_1.67.png,32,0.6,1.67,400,400,11.761349697128033,0.7090536952018738,27.89600769803892,0.9588271975517273,29.506817179294927,0.9708243012428284,1.6108094812560054,0.011997103691101074,A<0.65,1.4<=beta<1.7,A<0.65 | 1.4<=beta<1.7,baseline_weakest_25
257,330_0.6_0.81.png,330,0.6,0.81,400,400,22.546907776983886,0.9673973321914673,23.936731483130803,0.9633965492248535,23.9081822746204,0.9644239544868469,-0.02854920851040177,0.0010274052619934082,A<0.65,0.8<=beta<1.1,A<0.65 | 0.8<=beta<1.1,baseline_weakest_25
258,331_0.72_0.9.png,331,0.72,0.9,400,400,18.492727116911528,0.943091094493866,24.125954581409353,0.9642165303230286,23.703367964782565,0.9622520804405212,-0.42258661662678776,-0.0019644498825073242,0.65<=A<0.75,0.8<=beta<1.1,0.65<=A<0.75 | 0.8<=beta<1.1,baseline_weakest_25
259,332_0.82_1.48.png,332,0.82,1.48,400,400,12.86470093842879,0.8483876585960388,24.85620346258767,0.9622409343719482,23.37293555568323,0.9557764530181885,-1.4832679069044374,-0.006464481353759766,0.75<=A<0.85,1.4<=beta<1.7,0.75<=A<0.85 | 1.4<=beta<1.7,baseline_weakest_25
260,333_0.76_0.55.png,333,0.76,0.55,400,400,24.20216529108972,0.9743006825447083,30.304276414974822,0.9925495982170105,31.571966674338125,0.99422287940979,1.2676902593633024,0.001673281192779541,0.75<=A<0.85,beta<0.8,0.75<=A<0.85 | beta<0.8,baseline_middle_50
261,334_0.93_1.76.png,334,0.93,1.76,400,400,12.226401614874845,0.8204980492591858,24.39192926633766,0.968382716178894,26.212866707408256,0.9778837561607361,1.8209374410705976,0.009501039981842041,0.85<=A<0.95,beta>=1.7,0.85<=A<0.95 | beta>=1.7,baseline_weakest_25
262,335_1.0_1.88.png,335,1.0,1.88,400,400,11.291863869394687,0.7956492304801941,24.518464729757973,0.964266300201416,26.229545104542154,0.974250853061676,1.7110803747841814,0.00998455286026001,A>=0.95,beta>=1.7,A>=0.95 | beta>=1.7,baseline_weakest_25
263,336_0.94_1.46.png,336,0.94,1.46,400,400,13.686080784747281,0.8548880815505981,25.024634397188766,0.972851574420929,27.039780045453057,0.9811031222343445,2.0151456482642907,0.008251547813415527,0.85<=A<0.95,1.4<=beta<1.7,0.85<=A<0.95 | 1.4<=beta<1.7,baseline_weakest_25
264,337_0.72_1.65.png,337,0.72,1.65,400,400,10.583609491609185,0.5935299396514893,31.813805322814382,0.9769667983055115,28.501974099946423,0.9716513752937317,-3.3118312228679585,-0.005315423011779785,0.65<=A<0.75,1.4<=beta<1.7,0.65<=A<0.75 | 1.4<=beta<1.7,baseline_middle_50
265,338_0.99_1.37.png,338,0.99,1.37,400,400,9.249937074080904,0.570411205291748,30.226548897496535,0.9619469046592712,30.403741044620926,0.9652127623558044,0.1771921471243907,0.003265857696533203,A>=0.95,1.1<=beta<1.4,A>=0.95 | 1.1<=beta<1.4,baseline_middle_50
266,339_0.64_1.47.png,339,0.64,1.47,400,400,12.692862497532913,0.6573128700256348,32.605305429300095,0.9824163913726807,28.361370938626887,0.9765001535415649,-4.243934490673208,-0.005916237831115723,A<0.65,1.4<=beta<1.7,A<0.65 | 1.4<=beta<1.7,baseline_middle_50
267,33_0.55_1.75.png,33,0.55,1.75,400,400,19.046591394530495,0.9444438219070435,21.60091562604218,0.9781070947647095,19.81630820645385,0.9653235673904419,-1.7846074195883297,-0.012783527374267578,A<0.65,beta>=1.7,A<0.65 | beta>=1.7,baseline_weakest_25
268,340_0.55_0.55.png,340,0.55,0.55,400,400,23.546080084502513,0.8946681022644043,33.23353059067366,0.9891201853752136,30.271271931413928,0.9859809875488281,-2.9622586592597315,-0.003139197826385498,A<0.65,beta<0.8,A<0.65 | beta<0.8,baseline_middle_50
269,341_0.68_1.62.png,341,0.68,1.62,400,400,13.656097190678988,0.7945029139518738,25.23056744009562,0.9708282947540283,26.353887443777666,0.9731911420822144,1.1233200036820463,0.002362847328186035,0.65<=A<0.75,1.4<=beta<1.7,0.65<=A<0.75 | 1.4<=beta<1.7,baseline_weakest_25
270,342_0.96_1.08.png,342,0.96,1.08,400,400,10.882031304434673,0.7743873000144958,29.15851017775509,0.9814919233322144,30.186331630567373,0.9827393293380737,1.027821452812283,0.001247406005859375,A>=0.95,0.8<=beta<1.1,A>=0.95 | 0.8<=beta<1.1,baseline_middle_50
271,343_0.83_1.07.png,343,0.83,1.07,400,400,12.93274230415195,0.8126692175865173,30.083276857001884,0.984563946723938,32.888607369968014,0.9874969124794006,2.8053305129661297,0.0029329657554626465,0.75<=A<0.85,0.8<=beta<1.1,0.75<=A<0.85 | 0.8<=beta<1.1,baseline_middle_50
272,344_0.82_1.51.png,344,0.82,1.51,400,400,11.354840427881081,0.7608848214149475,28.485615181996316,0.9778848886489868,28.059229958907164,0.9767868518829346,-0.4263852230891523,-0.001098036766052246,0.75<=A<0.85,1.4<=beta<1.7,0.75<=A<0.85 | 1.4<=beta<1.7,baseline_weakest_25
273,345_0.98_1.02.png,345,0.98,1.02,400,400,18.636735397397082,0.9189393520355225,24.45611623408241,0.9729539752006531,24.73750958335412,0.9688157439231873,0.28139334927171333,-0.00413823127746582,A>=0.95,0.8<=beta<1.1,A>=0.95 | 0.8<=beta<1.1,baseline_weakest_25
274,346_0.77_1.92.png,346,0.77,1.92,400,400,13.83716055787657,0.8172554969787598,25.824111381366713,0.9736698865890503,23.802742721466522,0.9559390544891357,-2.0213686599001903,-0.01773083209991455,0.75<=A<0.85,beta>=1.7,0.75<=A<0.85 | beta>=1.7,baseline_weakest_25
275,347_0.92_1.53.png,347,0.92,1.53,400,400,14.110963806120525,0.8311777710914612,25.21189768519608,0.9745601415634155,24.388143961547655,0.9631977081298828,-0.8237537236484265,-0.011362433433532715,0.85<=A<0.95,1.4<=beta<1.7,0.85<=A<0.95 | 1.4<=beta<1.7,baseline_weakest_25
276,348_0.72_1.07.png,348,0.72,1.07,400,400,22.703545045758315,0.9552996158599854,25.72445029601139,0.9758332371711731,24.81791298116722,0.9668330550193787,-0.9065373148441722,-0.009000182151794434,0.65<=A<0.75,0.8<=beta<1.1,0.65<=A<0.75 | 0.8<=beta<1.1,baseline_weakest_25
277,349_0.53_1.85.png,349,0.53,1.85,400,400,15.046115217138523,0.8642687797546387,29.78459404510768,0.9887230396270752,31.589025153572017,0.9899224042892456,1.8044311084643354,0.0011993646621704102,A<0.65,beta>=1.7,A<0.65 | beta>=1.7,baseline_middle_50
278,34_0.77_1.56.png,34,0.77,1.56,400,400,19.268034579017183,0.9454007744789124,25.416906674018445,0.9785230755805969,24.258162302968486,0.9702778458595276,-1.1587443710499592,-0.008245229721069336,0.75<=A<0.85,1.4<=beta<1.7,0.75<=A<0.85 | 1.4<=beta<1.7,baseline_weakest_25
279,350_0.84_1.87.png,350,0.84,1.87,400,400,12.693985407189622,0.8180069327354431,30.788152449104224,0.9883943200111389,31.04024626756062,0.9886372089385986,0.25209381845639456,0.0002428889274597168,0.75<=A<0.85,beta>=1.7,0.75<=A<0.85 | beta>=1.7,baseline_middle_50
280,351_0.75_1.19.png,351,0.75,1.19,400,400,16.47301633664753,0.8998492360115051,32.591576394964584,0.9929713606834412,33.769074727877936,0.9932626485824585,1.177498332913352,0.000291287899017334,0.75<=A<0.85,1.1<=beta<1.4,0.75<=A<0.85 | 1.1<=beta<1.4,baseline_middle_50
281,352_0.87_0.77.png,352,0.87,0.77,400,400,18.951031446000044,0.9343131184577942,32.822185978485656,0.9951817989349365,32.5977453200588,0.9946610927581787,-0.22444065842685745,-0.0005207061767578125,0.85<=A<0.95,beta<0.8,0.85<=A<0.95 | beta<0.8,baseline_middle_50
282,353_0.53_1.07.png,353,0.53,1.07,400,400,21.728954609035505,0.9530631899833679,32.141303615192584,0.9892860651016235,32.678610905848004,0.988798201084137,0.5373072906554199,-0.00048786401748657227,A<0.65,0.8<=beta<1.1,A<0.65 | 0.8<=beta<1.1,baseline_middle_50
283,354_0.98_1.12.png,354,0.98,1.12,400,400,15.684125662967027,0.8976887464523315,27.23119307237894,0.9876002669334412,28.257647914856356,0.9891833662986755,1.026454842477417,0.001583099365234375,A>=0.95,1.1<=beta<1.4,A>=0.95 | 1.1<=beta<1.4,baseline_weakest_25
284,355_0.83_0.96.png,355,0.83,0.96,400,400,18.80043231619851,0.934213399887085,29.428505601530652,0.9907073974609375,30.149373782001124,0.9907459616661072,0.7208681804704717,3.8564205169677734e-05,0.75<=A<0.85,0.8<=beta<1.1,0.75<=A<0.85 | 0.8<=beta<1.1,baseline_middle_50
285,356_0.67_0.95.png,356,0.67,0.95,400,400,21.218205425087007,0.9506170749664307,32.29250395106819,0.9917536377906799,32.81842283188375,0.9909382462501526,0.5259188808155599,-0.0008153915405273438,0.65<=A<0.75,0.8<=beta<1.1,0.65<=A<0.75 | 0.8<=beta<1.1,baseline_middle_50
286,357_0.86_1.37.png,357,0.86,1.37,400,400,14.573388211928055,0.9153630137443542,19.623559927503862,0.954352080821991,18.983221985381633,0.9507431387901306,-0.6403379421222297,-0.0036089420318603516,0.85<=A<0.95,1.1<=beta<1.4,0.85<=A<0.95 | 1.1<=beta<1.4,baseline_weakest_25
287,358_0.68_1.38.png,358,0.68,1.38,400,400,16.7294068025262,0.9328230023384094,22.2174693289409,0.9699189066886902,20.85173837284028,0.9630950689315796,-1.3657309561006201,-0.006823837757110596,0.65<=A<0.75,1.1<=beta<1.4,0.65<=A<0.75 | 1.1<=beta<1.4,baseline_weakest_25
288,359_0.5_1.58.png,359,0.5,1.58,400,400,15.344539411090025,0.929787278175354,17.21977199176029,0.9602577090263367,18.010872215282216,0.9640379548072815,0.7911002235219264,0.0037802457809448242,A<0.65,1.4<=beta<1.7,A<0.65 | 1.4<=beta<1.7,baseline_weakest_25
289,35_0.77_1.43.png,35,0.77,1.43,400,400,19.97116362030329,0.9519566297531128,25.601724111522795,0.9804781079292297,24.725839314634893,0.9732186198234558,-0.8758847968879024,-0.007259488105773926,0.75<=A<0.85,1.4<=beta<1.7,0.75<=A<0.85 | 1.4<=beta<1.7,baseline_weakest_25
290,360_0.87_0.88.png,360,0.87,0.88,400,400,16.858518548872347,0.9397175908088684,21.65338468083572,0.9663318991661072,21.830718910763174,0.9677725434303284,0.17733422992745318,0.0014406442642211914,0.85<=A<0.95,0.8<=beta<1.1,0.85<=A<0.95 | 0.8<=beta<1.1,baseline_weakest_25
291,361_0.51_1.62.png,361,0.51,1.62,400,400,12.426325418382953,0.8163831830024719,17.191342724787052,0.9397258162498474,16.907629237614206,0.9459699392318726,-0.2837134871728466,0.0062441229820251465,A<0.65,1.4<=beta<1.7,A<0.65 | 1.4<=beta<1.7,baseline_weakest_25
292,362_0.82_0.88.png,362,0.82,0.88,400,400,21.12589718404218,0.9509037733078003,22.650646689374852,0.9699884653091431,23.33203214440679,0.9735087156295776,0.6813854550319363,0.0035202503204345703,0.75<=A<0.85,0.8<=beta<1.1,0.75<=A<0.85 | 0.8<=beta<1.1,baseline_weakest_25
293,363_0.56_0.51.png,363,0.56,0.51,400,400,19.980772641166183,0.9812355637550354,22.009730903056763,0.9708588719367981,22.824893240068604,0.975071132183075,0.8151623370118415,0.0042122602462768555,A<0.65,beta<0.8,A<0.65 | beta<0.8,baseline_weakest_25
294,364_0.98_0.89.png,364,0.98,0.89,400,400,18.390896351550378,0.9374829530715942,23.260861444659792,0.9712173342704773,23.248105626391066,0.9714572429656982,-0.01275581826872596,0.00023990869522094727,A>=0.95,0.8<=beta<1.1,A>=0.95 | 0.8<=beta<1.1,baseline_weakest_25
295,365_0.71_0.69.png,365,0.71,0.69,400,400,18.26705113619767,0.8809755444526672,27.813877105336502,0.9682089686393738,27.716014738881974,0.9671778678894043,-0.09786236645452817,-0.0010311007499694824,0.65<=A<0.75,beta<0.8,0.65<=A<0.75 | beta<0.8,baseline_weakest_25
296,366_0.54_0.64.png,366,0.54,0.64,400,400,21.075906342761886,0.9148434400558472,27.62912463704251,0.9704573154449463,27.72777929217732,0.9695737361907959,0.09865465513481197,-0.0008835792541503906,A<0.65,beta<0.8,A<0.65 | beta<0.8,baseline_weakest_25
297,367_0.88_0.72.png,367,0.88,0.72,400,400,16.148286446631314,0.8508396148681641,27.729004315960797,0.9666522145271301,27.389323900472974,0.9657537937164307,-0.33968041548782324,-0.0008984208106994629,0.85<=A<0.95,beta<0.8,0.85<=A<0.95 | beta<0.8,baseline_weakest_25
298,368_0.79_1.95.png,368,0.79,1.95,400,400,10.26665914223678,0.6567432284355164,24.364435061502093,0.9485118389129639,23.759806554078338,0.9433042407035828,-0.6046285074237545,-0.0052075982093811035,0.75<=A<0.85,beta>=1.7,0.75<=A<0.85 | beta>=1.7,baseline_weakest_25
299,369_0.55_1.18.png,369,0.55,1.18,400,400,17.68014987208549,0.8936208486557007,32.11132511155426,0.9864282011985779,31.48476411110327,0.9874497652053833,-0.6265610004509874,0.00102156400680542,A<0.65,1.1<=beta<1.4,A<0.65 | 1.1<=beta<1.4,baseline_middle_50
300,36_0.83_1.99.png,36,0.83,1.99,400,400,16.97057375876549,0.9200527667999268,25.02727343423405,0.9745780825614929,23.290980504596916,0.9626256227493286,-1.736292929637134,-0.011952459812164307,0.75<=A<0.85,beta>=1.7,0.75<=A<0.85 | beta>=1.7,baseline_weakest_25
301,370_0.7_0.68.png,370,0.7,0.68,400,400,18.561622426366213,0.9271594882011414,32.478548345896186,0.9890088438987732,33.86235913264522,0.9900637269020081,1.3838107867490308,0.0010548830032348633,0.65<=A<0.75,beta<0.8,0.65<=A<0.75 | beta<0.8,baseline_middle_50
302,371_0.52_1.3.png,371,0.52,1.3,400,400,17.66363390903098,0.8863864541053772,31.073946664712714,0.9854820370674133,29.63148427056445,0.9856680035591125,-1.442462394148265,0.00018596649169921875,A<0.65,1.1<=beta<1.4,A<0.65 | 1.1<=beta<1.4,baseline_middle_50
303,372_0.98_1.7.png,372,0.98,1.7,400,400,10.623100887243108,0.7671210765838623,26.621307396028033,0.9776653051376343,28.83421070937329,0.979430615901947,2.212903313345258,0.0017653107643127441,A>=0.95,beta>=1.7,A>=0.95 | beta>=1.7,baseline_weakest_25
304,373_0.53_1.07.png,373,0.53,1.07,400,400,16.59601172185763,0.8739057183265686,25.3609129928277,0.9644328355789185,24.637380285453553,0.9687616229057312,-0.7235327073741473,0.004328787326812744,A<0.65,0.8<=beta<1.1,A<0.65 | 0.8<=beta<1.1,baseline_weakest_25
305,374_0.52_1.1.png,374,0.52,1.1,400,400,16.37046772014953,0.8700515627861023,25.361346655475995,0.9645616412162781,24.600274815524124,0.9689856767654419,-0.761071839951871,0.004424035549163818,A<0.65,1.1<=beta<1.4,A<0.65 | 1.1<=beta<1.4,baseline_weakest_25
306,375_0.88_0.76.png,375,0.88,0.76,400,400,16.17326971888412,0.8776304721832275,27.930962737312967,0.9703154563903809,27.459623507689464,0.9738097190856934,-0.47133922962350283,0.0034942626953125,0.85<=A<0.95,beta<0.8,0.85<=A<0.95 | beta<0.8,baseline_weakest_25
307,376_0.67_0.58.png,376,0.67,0.58,400,400,20.583898004965263,0.9359725117683411,28.460274143560365,0.9757075905799866,27.758375056036524,0.9765088558197021,-0.7018990875238416,0.0008012652397155762,0.65<=A<0.75,beta<0.8,0.65<=A<0.75 | beta<0.8,baseline_weakest_25
308,377_0.53_0.92.png,377,0.53,0.92,400,400,20.90124628552164,0.9820795655250549,24.143838692789785,0.968174159526825,24.999160432770886,0.9714928865432739,0.8553217399811004,0.0033187270164489746,A<0.65,0.8<=beta<1.1,A<0.65 | 0.8<=beta<1.1,baseline_weakest_25
309,378_0.74_1.24.png,378,0.74,1.24,400,400,19.996131867935038,0.9424132704734802,22.859888288509378,0.9676897525787354,23.09621199648337,0.9690385460853577,0.23632370797399105,0.0013487935066223145,0.65<=A<0.75,1.1<=beta<1.4,0.65<=A<0.75 | 1.1<=beta<1.4,baseline_weakest_25
310,379_0.54_1.57.png,379,0.54,1.57,400,400,17.531464342100964,0.9452162384986877,23.26077060575088,0.9632576704025269,25.36633689083552,0.9708773493766785,2.105566285084638,0.007619678974151611,A<0.65,1.4<=beta<1.7,A<0.65 | 1.4<=beta<1.7,baseline_weakest_25
311,37_0.76_1.34.png,37,0.76,1.34,400,400,13.913368878091728,0.8310230374336243,29.8508570219865,0.9842393398284912,31.32570950283483,0.9865149259567261,1.4748524808483303,0.0022755861282348633,0.75<=A<0.85,1.1<=beta<1.4,0.75<=A<0.85 | 1.1<=beta<1.4,baseline_middle_50
312,380_0.53_1.36.png,380,0.53,1.36,400,400,18.306467459585157,0.9615881443023682,23.469432531291133,0.9632329940795898,25.080515914656402,0.9697213768959045,1.6110833833652691,0.006488382816314697,A<0.65,1.1<=beta<1.4,A<0.65 | 1.1<=beta<1.4,baseline_weakest_25
313,381_0.63_1.38.png,381,0.63,1.38,400,400,18.184996464933143,0.8770421147346497,33.60041721103475,0.9944149851799011,30.584097190298664,0.9924106597900391,-3.0163200207360887,-0.0020043253898620605,A<0.65,1.1<=beta<1.4,A<0.65 | 1.1<=beta<1.4,baseline_middle_50
314,382_0.53_1.12.png,382,0.53,1.12,400,400,20.384501445234203,0.9195266366004944,31.989499920048804,0.9945859313011169,29.28033543244352,0.9927876591682434,-2.7091644876052854,-0.0017982721328735352,A<0.65,1.1<=beta<1.4,A<0.65 | 1.1<=beta<1.4,baseline_middle_50
315,383_0.62_1.77.png,383,0.62,1.77,400,400,16.897657950411336,0.8283949494361877,32.349847629988226,0.9931427836418152,28.957928315365997,0.990671694278717,-3.3919193146222284,-0.0024710893630981445,A<0.65,beta>=1.7,A<0.65 | beta>=1.7,baseline_middle_50
316,384_0.97_0.82.png,384,0.97,0.82,400,400,17.152186468044675,0.9052150249481201,34.89451136721047,0.9941835999488831,33.77456608033637,0.994140088558197,-1.119945286874099,-4.3511390686035156e-05,A>=0.95,0.8<=beta<1.1,A>=0.95 | 0.8<=beta<1.1,baseline_middle_50
317,385_0.84_1.99.png,385,0.84,1.99,400,400,11.752313474843238,0.8113180994987488,23.322680520473853,0.9691745042800903,24.131412510627325,0.9708362221717834,0.808731990153472,0.0016617178916931152,0.75<=A<0.85,beta>=1.7,0.75<=A<0.85 | beta>=1.7,baseline_weakest_25
318,386_0.96_1.55.png,386,0.96,1.55,400,400,12.725551095255662,0.8420544266700745,23.308806624858953,0.9708441495895386,23.58639921029877,0.9719380736351013,0.277592585439816,0.0010939240455627441,A>=0.95,1.4<=beta<1.7,A>=0.95 | 1.4<=beta<1.7,baseline_weakest_25
319,387_0.66_1.81.png,387,0.66,1.81,400,400,14.554690728566397,0.8709344863891602,25.161289512275392,0.9774185419082642,26.670482951385228,0.9806444048881531,1.5091934391098363,0.003225862979888916,0.65<=A<0.75,beta>=1.7,0.65<=A<0.75 | beta>=1.7,baseline_weakest_25
320,388_0.55_0.83.png,388,0.55,0.83,400,400,25.489649975766177,0.9746298789978027,29.373626655317086,0.990618109703064,26.591661073964627,0.987939715385437,-2.781965581352459,-0.002678394317626953,A<0.65,0.8<=beta<1.1,A<0.65 | 0.8<=beta<1.1,baseline_middle_50
321,389_0.75_1.27.png,389,0.75,1.27,400,400,14.860442583942021,0.8151103854179382,24.260371564336335,0.9735732078552246,22.27991670944903,0.9611220359802246,-1.9804548548873058,-0.012451171875,0.75<=A<0.85,1.1<=beta<1.4,0.75<=A<0.85 | 1.1<=beta<1.4,baseline_weakest_25
322,38_0.87_1.94.png,38,0.87,1.94,400,400,9.985564697530947,0.7143183946609497,28.020005005287256,0.9732091426849365,30.258085482158723,0.978771448135376,2.238080476871467,0.005562305450439453,0.85<=A<0.95,beta>=1.7,0.85<=A<0.95 | beta>=1.7,baseline_weakest_25
323,390_0.55_1.07.png,390,0.55,1.07,400,400,21.00829378372663,0.8891355395317078,26.89309512036992,0.9824028611183167,22.744383892437163,0.9669486880302429,-4.148711227932758,-0.01545417308807373,A<0.65,0.8<=beta<1.1,A<0.65 | 0.8<=beta<1.1,baseline_weakest_25
324,391_0.87_1.8.png,391,0.87,1.8,400,400,10.82386441146239,0.7010100483894348,24.704091946571083,0.9771550297737122,22.979628580842892,0.9678995013237,-1.724463365728191,-0.009255528450012207,0.85<=A<0.95,beta>=1.7,0.85<=A<0.95 | beta>=1.7,baseline_weakest_25
325,392_0.97_1.81.png,392,0.97,1.81,400,400,9.420816134218077,0.6763436198234558,24.64532035424014,0.9776203036308289,24.791314044602146,0.9776185154914856,0.1459936903620047,-1.7881393432617188e-06,A>=0.95,beta>=1.7,A>=0.95 | beta>=1.7,baseline_weakest_25
326,393_0.8_0.84.png,393,0.8,0.84,400,400,17.648730881059212,0.8119093775749207,32.95482429855078,0.9860048890113831,33.94274429061481,0.9898371696472168,0.9879199920640289,0.0038322806358337402,0.75<=A<0.85,0.8<=beta<1.1,0.75<=A<0.85 | 0.8<=beta<1.1,baseline_middle_50
327,394_0.79_0.57.png,394,0.79,0.57,400,400,20.737346197797155,0.8641012907028198,34.891441127177465,0.9896907210350037,35.52156887879597,0.9929813742637634,0.6301277516185024,0.0032906532287597656,0.75<=A<0.85,beta<0.8,0.75<=A<0.85 | beta<0.8,baseline_middle_50
328,395_0.95_1.58.png,395,0.95,1.58,400,400,12.231045596442113,0.6859041452407837,30.039937033076704,0.9695462584495544,29.359488106768268,0.9689171314239502,-0.6804489263084363,-0.000629127025604248,A>=0.95,1.4<=beta<1.7,A>=0.95 | 1.4<=beta<1.7,baseline_middle_50
329,396_0.76_1.73.png,396,0.76,1.73,400,400,12.73751216458609,0.6931975483894348,29.56132829425379,0.9709373712539673,30.21899730055448,0.9736777544021606,0.65766900630069,0.0027403831481933594,0.75<=A<0.85,beta>=1.7,0.75<=A<0.85 | beta>=1.7,baseline_middle_50
330,397_0.61_1.53.png,397,0.61,1.53,400,400,11.84394417789677,0.7722338438034058,30.174170332276656,0.9821826815605164,29.063684210216056,0.9788596630096436,-1.1104861220605997,-0.0033230185508728027,A<0.65,1.4<=beta<1.7,A<0.65 | 1.4<=beta<1.7,baseline_middle_50
331,398_0.78_1.13.png,398,0.78,1.13,400,400,12.685126136956066,0.7992040514945984,29.745831904593018,0.9821324348449707,30.12355942042238,0.9807429909706116,0.37772751582936337,-0.0013894438743591309,0.75<=A<0.85,1.1<=beta<1.4,0.75<=A<0.85 | 1.1<=beta<1.4,baseline_middle_50
332,399_0.98_1.03.png,399,0.98,1.03,400,400,12.806627508369651,0.7957687973976135,29.187910634231613,0.9792203307151794,29.851798497315887,0.9770949482917786,0.6638878630842733,-0.002125382423400879,A>=0.95,0.8<=beta<1.1,A>=0.95 | 0.8<=beta<1.1,baseline_middle_50
333,39_0.78_1.14.png,39,0.78,1.14,400,400,15.371924117259631,0.8625192642211914,29.64026296101278,0.984137773513794,30.798104471153547,0.9855443239212036,1.1578415101407664,0.001406550407409668,0.75<=A<0.85,1.1<=beta<1.4,0.75<=A<0.85 | 1.1<=beta<1.4,baseline_middle_50
334,3_0.5_0.82.png,3,0.5,0.82,400,400,21.02989028631218,0.8813179731369019,33.26801121749834,0.9898464679718018,38.486255494451704,0.9942866563796997,5.218244276953364,0.004440188407897949,A<0.65,0.8<=beta<1.1,A<0.65 | 0.8<=beta<1.1,baseline_middle_50
335,400_0.77_1.32.png,400,0.77,1.32,400,400,11.781104175514926,0.7744696736335754,29.614310707444602,0.9797075390815735,29.847661339273806,0.9786422252655029,0.2333506318292038,-0.0010653138160705566,0.75<=A<0.85,1.1<=beta<1.4,0.75<=A<0.85 | 1.1<=beta<1.4,baseline_middle_50
336,401_0.7_0.6.png,401,0.7,0.6,400,400,16.708937376903375,0.6786662936210632,29.791505545388155,0.9762161374092102,31.738006432132458,0.9769778847694397,1.9465008867443032,0.0007617473602294922,0.65<=A<0.75,beta<0.8,0.65<=A<0.75 | beta<0.8,baseline_middle_50
337,402_0.5_1.99.png,402,0.5,1.99,400,400,11.195037258434903,0.47856464982032776,17.641570135967516,0.9183050394058228,17.721527107060524,0.9272080659866333,0.07995697109300792,0.008903026580810547,A<0.65,beta>=1.7,A<0.65 | beta>=1.7,baseline_weakest_25
338,403_0.91_0.7.png,403,0.91,0.7,400,400,13.133070809669134,0.5947240591049194,29.54456323131832,0.9715576767921448,29.863658420168417,0.9704911708831787,0.31909518885009547,-0.0010665059089660645,0.85<=A<0.95,beta<0.8,0.85<=A<0.95 | beta<0.8,baseline_middle_50
339,404_0.71_1.78.png,404,0.71,1.78,400,400,9.260857951496359,0.4456545114517212,27.34154079449688,0.9539551138877869,32.08743318475867,0.9558656215667725,4.745892390261794,0.0019105076789855957,0.65<=A<0.75,beta>=1.7,0.65<=A<0.75 | beta>=1.7,baseline_weakest_25
340,405_0.73_1.88.png,405,0.73,1.88,400,400,12.23833997913604,0.7252489924430847,32.46145945776257,0.9875528812408447,31.27216187633735,0.9875426292419434,-1.1892975814252225,-1.0251998901367188e-05,0.65<=A<0.75,beta>=1.7,0.65<=A<0.75 | beta>=1.7,baseline_middle_50
341,406_0.86_1.52.png,406,0.86,1.52,400,400,11.84720369705725,0.7475813627243042,32.84492849670353,0.9882586002349854,31.209162417694717,0.9876534342765808,-1.635766079008814,-0.000605165958404541,0.85<=A<0.95,1.4<=beta<1.7,0.85<=A<0.95 | 1.4<=beta<1.7,baseline_middle_50
342,407_0.68_1.96.png,407,0.68,1.96,400,400,12.779635408985737,0.7306291460990906,32.781230526449065,0.9882166981697083,32.088427901943774,0.9881866574287415,-0.6928026245052905,-3.0040740966796875e-05,0.65<=A<0.75,beta>=1.7,0.65<=A<0.75 | beta>=1.7,baseline_middle_50
343,408_0.56_1.7.png,408,0.56,1.7,400,400,16.509235002571792,0.824329674243927,34.13249066161085,0.9907761812210083,34.772379515000466,0.9912997484207153,0.6398888533896141,0.0005235671997070312,A<0.65,beta>=1.7,A<0.65 | beta>=1.7,baseline_middle_50
344,409_0.54_1.68.png,409,0.54,1.68,400,400,14.185440358934848,0.7710492014884949,24.084604402860666,0.9813941121101379,27.602974204330906,0.9855213761329651,3.5183698014702394,0.0041272640228271484,A<0.65,1.4<=beta<1.7,A<0.65 | 1.4<=beta<1.7,baseline_weakest_25
345,40_0.96_1.08.png,40,0.96,1.08,400,400,14.163842416588777,0.8330597281455994,27.596792896236188,0.9775382876396179,29.895808236592984,0.9829902648925781,2.299015340356796,0.005451977252960205,A>=0.95,0.8<=beta<1.1,A>=0.95 | 0.8<=beta<1.1,baseline_weakest_25
346,410_0.98_1.98.png,410,0.98,1.98,400,400,8.55170975174611,0.635169267654419,21.897143398207003,0.9763468503952026,22.477655942717544,0.9734591245651245,0.5805125445105404,-0.002887725830078125,A>=0.95,beta>=1.7,A>=0.95 | beta>=1.7,baseline_weakest_25
347,411_0.76_1.73.png,411,0.76,1.73,400,400,11.281655854465292,0.7115141749382019,24.199877986245898,0.9839848875999451,27.02549169434374,0.9863827228546143,2.8256137080978405,0.0023978352546691895,0.75<=A<0.85,beta>=1.7,0.75<=A<0.85 | beta>=1.7,baseline_weakest_25
348,412_0.52_0.64.png,412,0.52,0.64,400,400,21.614408213214723,0.931384801864624,30.372706196856463,0.9947199821472168,34.66049905511899,0.995272696018219,4.287792858262527,0.0005527138710021973,A<0.65,beta<0.8,A<0.65 | beta<0.8,baseline_middle_50
349,413_0.65_1.48.png,413,0.65,1.48,400,400,20.315305758225453,0.9260755181312561,29.00195540963955,0.9835304617881775,30.480148099596136,0.9906940460205078,1.478192689956586,0.007163584232330322,0.65<=A<0.75,1.4<=beta<1.7,0.65<=A<0.75 | 1.4<=beta<1.7,baseline_middle_50
350,414_0.58_1.54.png,414,0.58,1.54,400,400,19.323334242508995,0.9274530410766602,29.906617205186773,0.9859960675239563,28.42723549292346,0.9901300668716431,-1.4793817122633115,0.004133999347686768,A<0.65,1.4<=beta<1.7,A<0.65 | 1.4<=beta<1.7,baseline_middle_50
351,415_0.56_1.96.png,415,0.56,1.96,400,400,17.348032316655587,0.8914294838905334,28.525802542838676,0.9819060564041138,27.545447280106035,0.9873943328857422,-0.9803552627326404,0.005488276481628418,A<0.65,beta>=1.7,A<0.65 | beta>=1.7,baseline_weakest_25
352,416_0.95_0.59.png,416,0.95,0.59,400,400,23.946655531955052,0.9676700234413147,29.577044077638522,0.9874676465988159,32.249590782212636,0.9923591017723083,2.6725467045741134,0.004891455173492432,A>=0.95,beta<0.8,A>=0.95 | beta<0.8,baseline_middle_50
353,417_0.88_1.82.png,417,0.88,1.82,400,400,15.47770556453174,0.8781123757362366,30.328148729294384,0.9836132526397705,30.178448674116556,0.9823260307312012,-0.1497000551778278,-0.001287221908569336,0.85<=A<0.95,beta>=1.7,0.85<=A<0.95 | beta>=1.7,baseline_middle_50
354,418_0.98_0.77.png,418,0.98,0.77,400,400,19.302317971493117,0.9494767189025879,28.15384345047706,0.9892660975456238,29.81763915333036,0.9908871650695801,1.663795702853303,0.0016210675239562988,A>=0.95,beta<0.8,A>=0.95 | beta<0.8,baseline_weakest_25
355,419_0.87_0.61.png,419,0.87,0.61,400,400,22.93869322480578,0.967881441116333,31.498324538439853,0.9911620020866394,35.26439202250823,0.9928553104400635,3.7660674840683797,0.0016933083534240723,0.85<=A<0.95,beta<0.8,0.85<=A<0.95 | beta<0.8,baseline_middle_50
356,41_0.76_1.73.png,41,0.76,1.73,400,400,11.923216619883558,0.7030500173568726,27.92741379394901,0.9744768738746643,27.56337252835069,0.9700009226799011,-0.3640412655983205,-0.004475951194763184,0.75<=A<0.85,beta>=1.7,0.75<=A<0.85 | beta>=1.7,baseline_weakest_25
357,420_0.62_1.38.png,420,0.62,1.38,400,400,20.32459395221856,0.9310217499732971,30.652507831903325,0.9876400232315063,29.235276215136395,0.988269567489624,-1.41723161676693,0.0006295442581176758,A<0.65,1.1<=beta<1.4,A<0.65 | 1.1<=beta<1.4,baseline_middle_50
358,421_0.58_1.77.png,421,0.58,1.77,400,400,15.394678821062161,0.836327850818634,25.185518286787413,0.9840716123580933,23.829419381936525,0.9834648370742798,-1.3560989048508887,-0.0006067752838134766,A<0.65,beta>=1.7,A<0.65 | beta>=1.7,baseline_weakest_25
359,422_0.65_0.92.png,422,0.65,0.92,400,400,19.222798187443757,0.9105566740036011,28.034646871579145,0.9918501973152161,28.350570322003335,0.99213045835495,0.3159234504241901,0.0002802610397338867,0.65<=A<0.75,0.8<=beta<1.1,0.65<=A<0.75 | 0.8<=beta<1.1,baseline_weakest_25
360,423_0.81_1.79.png,423,0.81,1.79,400,400,12.322284837830482,0.793554425239563,29.42129952440602,0.9849397540092468,29.055103931919845,0.9840853810310364,-0.36619559248617506,-0.0008543729782104492,0.75<=A<0.85,beta>=1.7,0.75<=A<0.85 | beta>=1.7,baseline_middle_50
361,424_0.81_1.5.png,424,0.81,1.5,400,400,13.379180496023245,0.8219202160835266,30.39610925788168,0.9885448813438416,30.800746433557244,0.9883290529251099,0.404637175675564,-0.00021582841873168945,0.75<=A<0.85,1.4<=beta<1.7,0.75<=A<0.85 | 1.4<=beta<1.7,baseline_middle_50
362,425_0.95_1.73.png,425,0.95,1.73,400,400,10.719970157699423,0.6969814300537109,25.169853271175548,0.9670820832252502,24.92900957514893,0.9609495997428894,-0.24084369602661937,-0.00613248348236084,A>=0.95,beta>=1.7,A>=0.95 | beta>=1.7,baseline_weakest_25
363,426_0.84_1.85.png,426,0.84,1.85,400,400,10.787796168720005,0.6968492269515991,26.429903137472568,0.9697563648223877,25.468447283218353,0.9628812074661255,-0.9614558542542149,-0.006875157356262207,0.75<=A<0.85,beta>=1.7,0.75<=A<0.85 | beta>=1.7,baseline_weakest_25
364,427_0.69_0.58.png,427,0.69,0.58,400,400,19.516707817316444,0.9298052787780762,29.955242718178155,0.9881457686424255,30.572362935002452,0.9871638417243958,0.6171202168242971,-0.0009819269180297852,0.65<=A<0.75,beta<0.8,0.65<=A<0.75 | beta<0.8,baseline_middle_50
365,428_0.92_0.82.png,428,0.92,0.82,400,400,14.991472803192682,0.8612902164459229,29.5232941788557,0.9838910102844238,31.731066324766868,0.9841206669807434,2.207772145911168,0.00022965669631958008,0.85<=A<0.95,0.8<=beta<1.1,0.85<=A<0.95 | 0.8<=beta<1.1,baseline_middle_50
366,429_0.52_1.11.png,429,0.52,1.11,400,400,24.93501520413343,0.9809380173683167,28.99338062096113,0.9796062111854553,26.333033502638976,0.9786221385002136,-2.6603471183221536,-0.0009840726852416992,A<0.65,1.1<=beta<1.4,A<0.65 | 1.1<=beta<1.4,baseline_middle_50
367,42_0.58_1.34.png,42,0.58,1.34,400,400,14.826551014639215,0.7834385633468628,32.87145638387136,0.9853213429450989,30.862042976107613,0.9810266494750977,-2.0094134077637484,-0.004294693470001221,A<0.65,1.1<=beta<1.4,A<0.65 | 1.1<=beta<1.4,baseline_middle_50
368,430_0.66_1.24.png,430,0.66,1.24,400,400,25.99199215899487,0.9783449769020081,25.978408448069693,0.9820736050605774,26.7558084227013,0.983074963092804,0.7773999746316065,0.0010013580322265625,0.65<=A<0.75,1.1<=beta<1.4,0.65<=A<0.75 | 1.1<=beta<1.4,baseline_weakest_25
369,431_0.86_1.86.png,431,0.86,1.86,400,400,15.61908813338087,0.9233854413032532,23.447172999776058,0.9778646230697632,22.370470686100866,0.9735626578330994,-1.0767023136751916,-0.004301965236663818,0.85<=A<0.95,beta>=1.7,0.85<=A<0.95 | beta>=1.7,baseline_weakest_25
370,432_0.67_1.68.png,432,0.67,1.68,400,400,20.963874305788742,0.9615875482559204,25.369209431747443,0.9776178598403931,26.096384139604595,0.9801640510559082,0.7271747078571522,0.0025461912155151367,0.65<=A<0.75,1.4<=beta<1.7,0.65<=A<0.75 | 1.4<=beta<1.7,baseline_weakest_25
371,433_0.95_1.27.png,433,0.95,1.27,400,400,10.892108998069807,0.7176221609115601,27.050090815319592,0.9536672234535217,25.57338930111287,0.949008584022522,-1.4767015142067237,-0.004658639430999756,A>=0.95,1.1<=beta<1.4,A>=0.95 | 1.1<=beta<1.4,baseline_weakest_25
372,434_0.56_1.76.png,434,0.56,1.76,400,400,15.301746633912906,0.7386762499809265,23.67898099349175,0.954071044921875,23.368736334846865,0.9466860890388489,-0.3102446586448835,-0.007384955883026123,A<0.65,beta>=1.7,A<0.65 | beta>=1.7,baseline_weakest_25
373,435_0.52_0.95.png,435,0.52,0.95,400,400,19.358936275635223,0.848691999912262,28.340123882602043,0.9780483245849609,29.616124561255038,0.9744653701782227,1.276000678652995,-0.0035829544067382812,A<0.65,0.8<=beta<1.1,A<0.65 | 0.8<=beta<1.1,baseline_weakest_25
374,436_0.98_1.16.png,436,0.98,1.16,400,400,11.035116426521206,0.7286959290504456,27.033771096830783,0.9532672762870789,25.58307957252005,0.9502894878387451,-1.4506915243107343,-0.0029777884483337402,A>=0.95,1.1<=beta<1.4,A>=0.95 | 1.1<=beta<1.4,baseline_weakest_25
375,437_0.96_1.74.png,437,0.96,1.74,400,400,8.151726126580478,0.5185379981994629,30.870274275591342,0.9837605357170105,31.784637577961774,0.9804350137710571,0.9143633023704325,-0.003325521945953369,A>=0.95,beta>=1.7,A>=0.95 | beta>=1.7,baseline_middle_50
376,438_0.56_1.19.png,438,0.56,1.19,400,400,12.596715837035116,0.6875205636024475,30.658666200642287,0.976624608039856,30.338168657649952,0.9798288941383362,-0.3204975429923351,0.0032042860984802246,A<0.65,1.1<=beta<1.4,A<0.65 | 1.1<=beta<1.4,baseline_middle_50
377,439_0.82_1.6.png,439,0.82,1.6,400,400,9.062370848175206,0.5611078143119812,30.30814268056547,0.9832541346549988,31.26658189853425,0.9801036715507507,0.9584392179687775,-0.003150463104248047,0.75<=A<0.85,1.4<=beta<1.7,0.75<=A<0.85 | 1.4<=beta<1.7,baseline_middle_50
378,43_0.96_1.8.png,43,0.96,1.8,400,400,10.718858151487588,0.6705940365791321,25.216995661261826,0.9606170058250427,24.460332045269038,0.9527565240859985,-0.7566636159927889,-0.00786048173904419,A>=0.95,beta>=1.7,A>=0.95 | beta>=1.7,baseline_weakest_25
379,440_0.86_1.63.png,440,0.86,1.63,400,400,8.805964374202734,0.5498883128166199,30.750017265241,0.9840911626815796,31.757943085966446,0.9805983901023865,1.007925820725447,-0.0034927725791931152,0.85<=A<0.95,1.4<=beta<1.7,0.85<=A<0.95 | 1.4<=beta<1.7,baseline_middle_50
380,441_0.7_1.99.png,441,0.7,1.99,400,400,18.673180652163115,0.9520366191864014,16.567804783685617,0.915661096572876,16.80093173265954,0.9229187965393066,0.23312694897392205,0.007257699966430664,0.65<=A<0.75,beta>=1.7,0.65<=A<0.75 | beta>=1.7,baseline_weakest_25
381,442_0.69_0.5.png,442,0.69,0.5,400,400,25.46004423398491,0.9893390536308289,20.7221111512691,0.9403567314147949,21.650268148639768,0.948677659034729,0.9281569973706674,0.008320927619934082,0.65<=A<0.75,beta<0.8,0.65<=A<0.75 | beta<0.8,baseline_weakest_25
382,443_0.56_1.04.png,443,0.56,1.04,400,400,19.42714008605588,0.9714317321777344,12.712201219476533,0.8661157488822937,13.105915587572722,0.8811737298965454,0.3937143680961892,0.015057981014251709,A<0.65,0.8<=beta<1.1,A<0.65 | 0.8<=beta<1.1,baseline_weakest_25
383,444_0.75_0.74.png,444,0.75,0.74,400,400,23.582603596256643,0.9853368401527405,21.167078428915453,0.9439787864685059,22.387697464797306,0.9538711905479431,1.2206190358818532,0.009892404079437256,0.75<=A<0.85,beta<0.8,0.75<=A<0.85 | beta<0.8,baseline_weakest_25
384,445_0.81_1.09.png,445,0.81,1.09,400,400,13.892142163271558,0.7508426904678345,27.81996443551843,0.9842652678489685,28.921418356237055,0.9861732125282288,1.101453920718626,0.001907944679260254,0.75<=A<0.85,0.8<=beta<1.1,0.75<=A<0.85 | 0.8<=beta<1.1,baseline_weakest_25
385,446_0.73_1.78.png,446,0.73,1.78,400,400,11.082038017371483,0.6559697985649109,27.038656537024387,0.9817532896995544,27.96686680001212,0.9839885234832764,0.9282102629877329,0.002235233783721924,0.65<=A<0.75,beta>=1.7,0.65<=A<0.75 | beta>=1.7,baseline_weakest_25
386,447_0.86_1.46.png,447,0.86,1.46,400,400,11.655179409778613,0.6790520548820496,28.663295495212815,0.9829599857330322,29.06716389876263,0.983140230178833,0.403868403549815,0.00018024444580078125,0.85<=A<0.95,1.4<=beta<1.7,0.85<=A<0.95 | 1.4<=beta<1.7,baseline_weakest_25
387,448_0.7_1.9.png,448,0.7,1.9,400,400,10.91001838130037,0.6471971273422241,26.679547900303767,0.9807721376419067,27.97967575027631,0.9837945699691772,1.3001278499725437,0.003022432327270508,0.65<=A<0.75,beta>=1.7,0.65<=A<0.75 | beta>=1.7,baseline_weakest_25
388,449_0.93_0.78.png,449,0.93,0.78,400,400,14.615797646462703,0.7268884181976318,31.837332792863492,0.9899519681930542,34.190063351166835,0.9885412454605103,2.3527305583033424,-0.0014107227325439453,0.85<=A<0.95,beta<0.8,0.85<=A<0.95 | beta<0.8,baseline_middle_50
389,44_0.73_0.53.png,44,0.73,0.53,400,400,21.468364868464572,0.90814208984375,38.421775580663734,0.9928805828094482,33.976364269920246,0.9880757331848145,-4.445411310743488,-0.004804849624633789,0.65<=A<0.75,beta<0.8,0.65<=A<0.75 | beta<0.8,baseline_strongest_25
390,450_0.55_1.68.png,450,0.55,1.68,400,400,12.437954502493177,0.6505826711654663,28.006551149305174,0.9770656228065491,28.80169097161081,0.9807416796684265,0.7951398223056358,0.0036760568618774414,A<0.65,1.4<=beta<1.7,A<0.65 | 1.4<=beta<1.7,baseline_weakest_25
391,451_0.69_1.79.png,451,0.69,1.79,400,400,10.456777734092814,0.5980139970779419,27.30498699109219,0.9783953428268433,28.64581008328358,0.9819371104240417,1.340823092191389,0.0035417675971984863,0.65<=A<0.75,beta>=1.7,0.65<=A<0.75 | beta>=1.7,baseline_weakest_25
392,452_0.62_0.88.png,452,0.62,0.88,400,400,16.524756940414132,0.768275260925293,29.98218920376166,0.9879854321479797,31.35551335678741,0.989465057849884,1.3733241530257487,0.0014796257019042969,A<0.65,0.8<=beta<1.1,A<0.65 | 0.8<=beta<1.1,baseline_middle_50
393,453_0.95_0.6.png,453,0.95,0.6,400,400,14.667473576933201,0.8325104713439941,31.12127330070365,0.9889408946037292,32.32718337994027,0.9903801083564758,1.2059100792366237,0.001439213752746582,A>=0.95,beta<0.8,A>=0.95 | beta<0.8,baseline_middle_50
394,454_0.7_1.23.png,454,0.7,1.23,400,400,12.09476118087065,0.7245957851409912,30.416945507639483,0.9860561490058899,30.68717677578823,0.9874568581581116,0.2702312681487484,0.0014007091522216797,0.65<=A<0.75,1.1<=beta<1.4,0.65<=A<0.75 | 1.1<=beta<1.4,baseline_middle_50
395,455_0.71_0.53.png,455,0.71,0.53,400,400,17.83594654716068,0.8898128271102905,33.89396417022293,0.9910184741020203,35.27132714620285,0.9928867816925049,1.3773629759799206,0.0018683075904846191,0.65<=A<0.75,beta<0.8,0.65<=A<0.75 | beta<0.8,baseline_middle_50
396,456_0.72_0.84.png,456,0.72,0.84,400,400,14.402518508170473,0.8108808398246765,33.69559612307431,0.9900376796722412,33.09517425007641,0.9903932809829712,-0.6004218729978987,0.00035560131072998047,0.65<=A<0.75,0.8<=beta<1.1,0.65<=A<0.75 | 0.8<=beta<1.1,baseline_middle_50
397,457_0.61_0.57.png,457,0.61,0.57,400,400,26.351271344700532,0.9851759076118469,33.15048895371539,0.9957671165466309,33.63045934346395,0.9952552914619446,0.47997038974855855,-0.0005118250846862793,A<0.65,beta<0.8,A<0.65 | beta<0.8,baseline_middle_50
398,458_0.58_0.65.png,458,0.58,0.65,400,400,26.46240827560547,0.983644962310791,35.14977907257509,0.9960319399833679,33.86711182453695,0.9949967265129089,-1.2826672480381447,-0.0010352134704589844,A<0.65,beta<0.8,A<0.65 | beta<0.8,baseline_middle_50
399,459_0.97_1.71.png,459,0.97,1.71,400,400,11.335234883726415,0.8538459539413452,16.661561768681764,0.9549239873886108,17.1445847608655,0.957798957824707,0.48302299218373435,0.0028749704360961914,A>=0.95,beta>=1.7,A>=0.95 | beta>=1.7,baseline_weakest_25
400,45_0.99_1.02.png,45,0.99,1.02,400,400,11.636482511842392,0.7582800984382629,28.955838354566808,0.9716420769691467,30.379995906628263,0.9789644479751587,1.4241575520614553,0.007322371006011963,A>=0.95,0.8<=beta<1.1,A>=0.95 | 0.8<=beta<1.1,baseline_middle_50
401,460_0.99_1.03.png,460,0.99,1.03,400,400,13.591080109202737,0.9077173471450806,19.033070238725198,0.970887303352356,19.869714916582538,0.9746160507202148,0.8366446778573398,0.0037287473678588867,A>=0.95,0.8<=beta<1.1,A>=0.95 | 0.8<=beta<1.1,baseline_weakest_25
402,461_0.68_1.75.png,461,0.68,1.75,400,400,12.549521355948457,0.7978988289833069,29.284265443924056,0.9805923104286194,28.633835291357876,0.9820113182067871,-0.6504301525661802,0.0014190077781677246,0.65<=A<0.75,beta>=1.7,0.65<=A<0.75 | beta>=1.7,baseline_middle_50
403,462_0.91_1.52.png,462,0.91,1.52,400,400,10.762660541227733,0.7691597938537598,27.939823579182832,0.9792845249176025,27.638712768706775,0.98063063621521,-0.30111081047605737,0.0013461112976074219,0.85<=A<0.95,1.4<=beta<1.7,0.85<=A<0.95 | 1.4<=beta<1.7,baseline_weakest_25
404,463_0.97_1.52.png,463,0.97,1.52,400,400,10.210371421197104,0.7559155225753784,27.47891832386474,0.9780289530754089,27.387002217343806,0.9797227382659912,-0.09191610652093374,0.0016937851905822754,A>=0.95,1.4<=beta<1.7,A>=0.95 | 1.4<=beta<1.7,baseline_weakest_25
405,464_0.68_1.75.png,464,0.68,1.75,400,400,12.549521355948457,0.7978988289833069,29.284265443924056,0.9805923104286194,28.633835291357876,0.9820113182067871,-0.6504301525661802,0.0014190077781677246,0.65<=A<0.75,beta>=1.7,0.65<=A<0.75 | beta>=1.7,baseline_middle_50
406,465_0.94_1.86.png,465,0.94,1.86,400,400,14.246171997685067,0.8186492919921875,30.386746821816235,0.9807683229446411,30.523318119426616,0.9799310564994812,0.13657129761038078,-0.0008372664451599121,0.85<=A<0.95,beta>=1.7,0.85<=A<0.95 | beta>=1.7,baseline_middle_50
407,466_0.99_1.63.png,466,0.99,1.63,400,400,14.580020714942998,0.8302552700042725,29.031890622749646,0.9831365346908569,29.37772615366289,0.9815620183944702,0.34583553091324504,-0.0015745162963867188,A>=0.95,1.4<=beta<1.7,A>=0.95 | 1.4<=beta<1.7,baseline_middle_50
408,467_0.71_1.76.png,467,0.71,1.76,400,400,17.474972724289447,0.859235942363739,29.72173663445932,0.9829211831092834,27.370834494984855,0.9851221442222595,-2.3509021394744636,0.0022009611129760742,0.65<=A<0.75,beta>=1.7,0.65<=A<0.75 | beta>=1.7,baseline_middle_50
409,468_0.73_1.94.png,468,0.73,1.94,400,400,16.431028876317185,0.842710554599762,28.536723916947967,0.9810574054718018,26.248153415474192,0.9828066229820251,-2.2885705014737745,0.0017492175102233887,0.65<=A<0.75,beta>=1.7,0.65<=A<0.75 | beta>=1.7,baseline_weakest_25
410,469_0.96_1.99.png,469,0.96,1.99,400,400,8.465499231061298,0.6393591165542603,28.706521437757615,0.9517707228660583,28.846247418978127,0.955239474773407,0.13972598122051139,0.003468751907348633,A>=0.95,beta>=1.7,A>=0.95 | beta>=1.7,baseline_weakest_25
411,46_0.57_1.55.png,46,0.57,1.55,400,400,11.799133400219599,0.7513036727905273,30.299027082655037,0.9749182462692261,30.56453176540952,0.9785350561141968,0.26550468275448225,0.003616809844970703,A<0.65,1.4<=beta<1.7,A<0.65 | 1.4<=beta<1.7,baseline_middle_50
412,470_0.53_1.34.png,470,0.53,1.34,400,400,13.503909634645979,0.7767052054405212,31.170679443761777,0.9847151041030884,28.11028844468597,0.9820076823234558,-3.060390999075807,-0.0027074217796325684,A<0.65,1.1<=beta<1.4,A<0.65 | 1.1<=beta<1.4,baseline_middle_50
413,471_0.76_0.79.png,471,0.76,0.79,400,400,15.536436285021777,0.8330294489860535,32.91048072933701,0.9811497330665588,31.002045270628088,0.9735883474349976,-1.9084354587089223,-0.007561385631561279,0.75<=A<0.85,beta<0.8,0.75<=A<0.85 | beta<0.8,baseline_middle_50
414,472_0.69_0.68.png,472,0.69,0.68,400,400,17.53720303955235,0.8678895235061646,31.695789998453584,0.9839025139808655,29.974554055134423,0.9774218797683716,-1.7212359433191615,-0.0064806342124938965,0.65<=A<0.75,beta<0.8,0.65<=A<0.75 | beta<0.8,baseline_middle_50
415,473_0.63_0.94.png,473,0.63,0.94,400,400,20.643402887367387,0.9302018880844116,30.407400930560613,0.9876021146774292,31.010733457915308,0.9881060123443604,0.603332527354695,0.0005038976669311523,A<0.65,0.8<=beta<1.1,A<0.65 | 0.8<=beta<1.1,baseline_middle_50
416,474_0.6_1.43.png,474,0.6,1.43,400,400,16.515155153829944,0.8601334691047668,30.882123056505677,0.9869570136070251,31.241042743709873,0.9873075485229492,0.358919687204196,0.00035053491592407227,A<0.65,1.4<=beta<1.7,A<0.65 | 1.4<=beta<1.7,baseline_middle_50
417,475_0.94_1.55.png,475,0.94,1.55,400,400,11.218031091661643,0.7484118342399597,29.15195770380987,0.9835718870162964,28.940302971647228,0.9835836887359619,-0.21165473216264274,1.1801719665527344e-05,0.85<=A<0.95,1.4<=beta<1.7,0.85<=A<0.95 | 1.4<=beta<1.7,baseline_middle_50
418,476_0.91_1.92.png,476,0.91,1.92,400,400,10.033578939491985,0.7012248635292053,28.63386851308097,0.9813620448112488,28.273829572394146,0.9811142086982727,-0.36003894068682385,-0.0002478361129760742,0.85<=A<0.95,beta>=1.7,0.85<=A<0.95 | beta>=1.7,baseline_weakest_25
419,477_0.9_1.45.png,477,0.9,1.45,400,400,13.036143200677246,0.7770143747329712,27.99217421594388,0.9715445041656494,27.643245613508753,0.9693354964256287,-0.3489286024351266,-0.002209007740020752,0.85<=A<0.95,1.4<=beta<1.7,0.85<=A<0.95 | 1.4<=beta<1.7,baseline_weakest_25
420,478_0.84_0.71.png,478,0.84,0.71,400,400,18.059484598301502,0.8966204524040222,30.8998401276843,0.9865506887435913,29.061489791498744,0.9850268363952637,-1.838350336185556,-0.0015238523483276367,0.75<=A<0.85,beta<0.8,0.75<=A<0.85 | beta<0.8,baseline_middle_50
421,479_0.79_0.62.png,479,0.79,0.62,400,400,19.204681166686616,0.9163724780082703,30.913113915356305,0.9872231483459473,29.319741605357883,0.9852799773216248,-1.593372309998422,-0.0019431710243225098,0.75<=A<0.85,beta<0.8,0.75<=A<0.85 | beta<0.8,baseline_middle_50
422,47_0.78_0.6.png,47,0.78,0.6,400,400,16.972833442468517,0.8752238154411316,28.940541837465684,0.9721933603286743,29.740042093419454,0.9760404229164124,0.7995002559537703,0.003847062587738037,0.75<=A<0.85,beta<0.8,0.75<=A<0.85 | beta<0.8,baseline_middle_50
423,480_0.54_0.98.png,480,0.54,0.98,400,400,18.213231202468354,0.8940433859825134,26.793754202287868,0.9865531325340271,24.4806223208691,0.9819546937942505,-2.3131318814187694,-0.004598438739776611,A<0.65,0.8<=beta<1.1,A<0.65 | 0.8<=beta<1.1,baseline_weakest_25
424,481_0.81_0.67.png,481,0.81,0.67,400,400,16.70688970502025,0.8555569052696228,34.44547144796541,0.9885603189468384,34.22839200530823,0.992350161075592,-0.21707944265718027,0.003789842128753662,0.75<=A<0.85,beta<0.8,0.75<=A<0.85 | beta<0.8,baseline_middle_50
425,482_0.91_0.62.png,482,0.91,0.62,400,400,16.153896984047137,0.8520427346229553,34.898882783587155,0.9884518980979919,36.53757717159935,0.9925293326377869,1.6386943880121976,0.004077434539794922,0.85<=A<0.95,beta<0.8,0.85<=A<0.95 | beta<0.8,baseline_middle_50
426,483_0.64_0.86.png,483,0.64,0.86,400,400,17.231991414237445,0.8459409475326538,32.00637405416038,0.9882239699363708,30.646502518783056,0.9911314845085144,-1.3598715353773265,0.0029075145721435547,A<0.65,0.8<=beta<1.1,A<0.65 | 0.8<=beta<1.1,baseline_middle_50
427,484_0.94_1.48.png,484,0.94,1.48,400,400,10.249610173244214,0.6651479005813599,31.57896420304462,0.9816334843635559,30.074295972804173,0.9843699932098389,-1.5046682302404477,0.002736508846282959,0.85<=A<0.95,1.4<=beta<1.7,0.85<=A<0.95 | 1.4<=beta<1.7,baseline_middle_50
428,485_0.94_1.87.png,485,0.94,1.87,400,400,12.947819792073398,0.8275609016418457,25.45936174448016,0.9706996083259583,24.212316529103553,0.9693892002105713,-1.2470452153766054,-0.0013104081153869629,0.85<=A<0.95,beta>=1.7,0.85<=A<0.95 | beta>=1.7,baseline_weakest_25
429,486_0.96_1.3.png,486,0.96,1.3,400,400,15.24736752358642,0.8833626508712769,25.22940528425712,0.9745814204216003,25.343465198043656,0.9748574495315552,0.11405991378653724,0.000276029109954834,A>=0.95,1.1<=beta<1.4,A>=0.95 | 1.1<=beta<1.4,baseline_weakest_25
430,487_0.7_0.65.png,487,0.7,0.65,400,400,25.629207379595563,0.9786048531532288,22.70392722404933,0.9753971099853516,21.745575165433486,0.9779072999954224,-0.9583520586158443,0.0025101900100708008,0.65<=A<0.75,beta<0.8,0.65<=A<0.75 | beta<0.8,baseline_weakest_25
431,488_0.99_1.47.png,488,0.99,1.47,400,400,13.938785102918136,0.859430730342865,26.183945093071948,0.9744436740875244,26.246182568147596,0.9748531579971313,0.06223747507564781,0.0004094839096069336,A>=0.95,1.4<=beta<1.7,A>=0.95 | 1.4<=beta<1.7,baseline_weakest_25
432,489_0.55_1.03.png,489,0.55,1.03,400,400,17.013595815927843,0.8526729345321655,28.411121859822547,0.985887885093689,26.598057659654486,0.9880950450897217,-1.8130642001680606,0.002207159996032715,A<0.65,0.8<=beta<1.1,A<0.65 | 0.8<=beta<1.1,baseline_weakest_25
433,48_0.88_0.81.png,48,0.88,0.81,400,400,13.900962006721675,0.8158961534500122,29.418701874826425,0.9724313616752625,30.422068330570504,0.9789783954620361,1.0033664557440787,0.006547033786773682,0.85<=A<0.95,0.8<=beta<1.1,0.85<=A<0.95 | 0.8<=beta<1.1,baseline_middle_50
434,490_0.61_1.55.png,490,0.61,1.55,400,400,14.819969734126524,0.7675814032554626,25.802405701894706,0.9791887998580933,25.633275747609275,0.984633207321167,-0.16912995428543098,0.0054444074630737305,A<0.65,1.4<=beta<1.7,A<0.65 | 1.4<=beta<1.7,baseline_weakest_25
435,491_0.68_1.42.png,491,0.68,1.42,400,400,14.794227903822462,0.7751712203025818,28.126279359077557,0.9814927577972412,27.615280943492863,0.987075924873352,-0.5109984155846945,0.00558316707611084,0.65<=A<0.75,1.4<=beta<1.7,0.65<=A<0.75 | 1.4<=beta<1.7,baseline_weakest_25
436,492_0.53_1.9.png,492,0.53,1.9,400,400,13.923160169571918,0.7309036254882812,24.59614506970805,0.971547544002533,23.473320807390063,0.9747984409332275,-1.1228242623179874,0.00325089693069458,A<0.65,beta>=1.7,A<0.65 | beta>=1.7,baseline_weakest_25
437,493_0.69_0.5.png,493,0.69,0.5,400,400,23.040768496403736,0.9142971634864807,27.974788477674576,0.9510191679000854,30.233725480464997,0.9645332098007202,2.2589370027904216,0.013514041900634766,0.65<=A<0.75,beta<0.8,0.65<=A<0.75 | beta<0.8,baseline_weakest_25
438,494_0.77_0.54.png,494,0.77,0.54,400,400,20.737419053959606,0.8917901515960693,28.10606232577713,0.9510399699211121,30.017585733528982,0.9623765349388123,1.9115234077518508,0.011336565017700195,0.75<=A<0.85,beta<0.8,0.75<=A<0.85 | beta<0.8,baseline_weakest_25
439,495_0.74_1.05.png,495,0.74,1.05,400,400,14.456172263759443,0.8011912107467651,27.804869737511424,0.951836347579956,27.251496755996985,0.9496957659721375,-0.553372981514439,-0.0021405816078186035,0.65<=A<0.75,0.8<=beta<1.1,0.65<=A<0.75 | 0.8<=beta<1.1,baseline_weakest_25
440,496_0.61_0.71.png,496,0.61,0.71,400,400,20.27238307722675,0.8860279321670532,27.983514277793358,0.9520185589790344,29.10636306935163,0.9623364806175232,1.1228487915582726,0.01031792163848877,A<0.65,beta<0.8,A<0.65 | beta<0.8,baseline_weakest_25
441,497_0.7_0.61.png,497,0.7,0.61,400,400,20.02829890303041,0.8923999667167664,32.426593139297694,0.9937790036201477,33.59071970619042,0.9919155240058899,1.164126566892726,-0.0018634796142578125,0.65<=A<0.75,beta<0.8,0.65<=A<0.75 | beta<0.8,baseline_middle_50
442,498_0.81_1.42.png,498,0.81,1.42,400,400,13.421904487162708,0.7230120301246643,30.003379429318876,0.986842691898346,30.258274617017996,0.9867421984672546,0.2548951876991197,-0.0001004934310913086,0.75<=A<0.85,1.4<=beta<1.7,0.75<=A<0.85 | 1.4<=beta<1.7,baseline_middle_50
443,499_0.85_1.47.png,499,0.85,1.47,400,400,12.73437669407264,0.707645058631897,29.46056440085885,0.9856938123703003,30.45178006526351,0.9858039021492004,0.9912156644046597,0.00011008977890014648,0.85<=A<0.95,1.4<=beta<1.7,0.85<=A<0.95 | 1.4<=beta<1.7,baseline_middle_50
444,49_0.7_1.47.png,49,0.7,1.47,400,400,15.7418559938108,0.8572536110877991,35.30950666279662,0.9928760528564453,31.53646545498401,0.9891319870948792,-3.7730412078126108,-0.003744065761566162,0.65<=A<0.75,1.4<=beta<1.7,0.65<=A<0.75 | 1.4<=beta<1.7,baseline_middle_50
445,4_0.85_1.44.png,4,0.85,1.44,400,400,11.138934502627329,0.6531268954277039,33.56114857897809,0.9885283708572388,33.361858368276366,0.987101137638092,-0.1992902107017258,-0.0014272332191467285,0.85<=A<0.95,1.4<=beta<1.7,0.85<=A<0.95 | 1.4<=beta<1.7,baseline_middle_50
446,500_0.73_1.2.png,500,0.73,1.2,400,400,15.261010520463682,0.7752312421798706,30.029928676179374,0.9892374277114868,30.794031329304687,0.9888550639152527,0.7641026531253132,-0.00038236379623413086,0.65<=A<0.75,1.1<=beta<1.4,0.65<=A<0.75 | 1.1<=beta<1.4,baseline_middle_50
447,501_0.55_1.96.png,501,0.55,1.96,480,640,17.646766898137223,0.8190103769302368,31.108624844980923,0.987908661365509,32.30632694611165,0.989084780216217,1.19770210113073,0.0011761188507080078,A<0.65,beta>=1.7,A<0.65 | beta>=1.7,baseline_middle_50
448,502_0.8_1.09.png,502,0.8,1.09,480,640,17.416296655692708,0.8823630213737488,35.294577719108524,0.9929532408714294,33.75517363188052,0.9916025400161743,-1.5394040872280073,-0.001350700855255127,0.75<=A<0.85,0.8<=beta<1.1,0.75<=A<0.85 | 0.8<=beta<1.1,baseline_middle_50
449,503_0.9_0.94.png,503,0.9,0.94,480,640,16.799927284890025,0.8887011408805847,34.25940854788086,0.9924177527427673,32.51927539127567,0.9912859797477722,-1.7401331566051894,-0.0011317729949951172,0.85<=A<0.95,0.8<=beta<1.1,0.85<=A<0.95 | 0.8<=beta<1.1,baseline_middle_50
450,504_0.84_1.72.png,504,0.84,1.72,480,640,13.70386673617115,0.7976094484329224,32.022804890210296,0.9860945343971252,31.392736390403023,0.9852878451347351,-0.6300684998072725,-0.0008066892623901367,0.75<=A<0.85,beta>=1.7,0.75<=A<0.85 | beta>=1.7,baseline_middle_50
451,505_1.0_1.88.png,505,1.0,1.88,480,640,11.924003191591721,0.7719061374664307,27.405269190817663,0.9747521281242371,28.556737904768177,0.9783770442008972,1.1514687139505142,0.0036249160766601562,A>=0.95,beta>=1.7,A>=0.95 | beta>=1.7,baseline_weakest_25
452,506_0.68_0.66.png,506,0.68,0.66,480,640,23.047924818776956,0.9432827830314636,38.850148841853155,0.9956455230712891,37.950226835171414,0.995128870010376,-0.8999220066817415,-0.0005166530609130859,0.65<=A<0.75,beta<0.8,0.65<=A<0.75 | beta<0.8,baseline_strongest_25
453,507_0.66_0.7.png,507,0.66,0.7,480,640,22.770567335000376,0.9408226609230042,38.68794941423889,0.9955856800079346,37.868410725345996,0.9952002167701721,-0.8195386888928908,-0.00038546323776245117,0.65<=A<0.75,beta<0.8,0.65<=A<0.75 | beta<0.8,baseline_strongest_25
454,508_0.72_1.04.png,508,0.72,1.04,480,640,19.330655160859173,0.8997300863265991,36.0386542207765,0.992845892906189,36.42270892231929,0.9929851293563843,0.3840547015427873,0.0001392364501953125,0.65<=A<0.75,0.8<=beta<1.1,0.65<=A<0.75 | 0.8<=beta<1.1,baseline_strongest_25
455,509_0.95_1.52.png,509,0.95,1.52,480,640,14.15255172564545,0.8437962532043457,27.595496482033013,0.9823422431945801,26.47633641266929,0.978803813457489,-1.1191600693637227,-0.0035384297370910645,A>=0.95,1.4<=beta<1.7,A>=0.95 | 1.4<=beta<1.7,baseline_weakest_25
456,50_0.66_0.83.png,50,0.66,0.83,400,400,20.222851793395883,0.9407013058662415,32.49789281846543,0.9942453503608704,30.799361740288617,0.9908773303031921,-1.6985310781768135,-0.0033680200576782227,0.65<=A<0.75,0.8<=beta<1.1,0.65<=A<0.75 | 0.8<=beta<1.1,baseline_middle_50
457,510_0.71_1.55.png,510,0.71,1.55,480,640,17.818006653244854,0.8727928400039673,31.09276722829105,0.9888768196105957,31.25269039326165,0.9874230027198792,0.15992316497059988,-0.0014538168907165527,0.65<=A<0.75,1.4<=beta<1.7,0.65<=A<0.75 | 1.4<=beta<1.7,baseline_middle_50
458,511_0.79_0.83.png,511,0.79,0.83,480,640,21.055354289741427,0.9251044392585754,34.99273206120906,0.9932804107666016,32.53319413127332,0.9910528063774109,-2.459537929935742,-0.002227604389190674,0.75<=A<0.85,0.8<=beta<1.1,0.75<=A<0.85 | 0.8<=beta<1.1,baseline_middle_50
459,512_0.94_1.48.png,512,0.94,1.48,480,640,14.475734797497816,0.8485710024833679,27.730955238259718,0.9827993512153625,26.67684952717694,0.979698657989502,-1.0541057110827765,-0.0031006932258605957,0.85<=A<0.95,1.4<=beta<1.7,0.85<=A<0.95 | 1.4<=beta<1.7,baseline_weakest_25
460,513_0.97_0.99.png,513,0.97,0.99,480,640,15.99185498230344,0.8878510594367981,29.479135951511665,0.9864374399185181,29.779687944866453,0.9863840341567993,0.30055199335478733,-5.340576171875e-05,A>=0.95,0.8<=beta<1.1,A>=0.95 | 0.8<=beta<1.1,baseline_middle_50
461,514_0.92_1.6.png,514,0.92,1.6,480,640,13.91792258626068,0.8309286236763,28.74862921662096,0.9797415137290955,28.42322723488005,0.9790884256362915,-0.3254019817409102,-0.0006530880928039551,0.85<=A<0.95,1.4<=beta<1.7,0.85<=A<0.95 | 1.4<=beta<1.7,baseline_weakest_25
462,515_0.62_0.56.png,515,0.62,0.56,480,640,25.502091999843408,0.9631165862083435,35.11650185930837,0.9952365756034851,36.51206754156024,0.9953898191452026,1.3955656822518705,0.0001532435417175293,A<0.65,beta<0.8,A<0.65 | beta<0.8,baseline_middle_50
463,516_0.64_0.94.png,516,0.64,0.94,480,640,21.69106273960572,0.9294739961624146,33.34448871875546,0.9929942488670349,34.73860824435401,0.9927186369895935,1.3941195255985548,-0.00027561187744140625,A<0.65,0.8<=beta<1.1,A<0.65 | 0.8<=beta<1.1,baseline_middle_50
464,517_0.8_1.62.png,517,0.8,1.62,480,640,13.382692884536286,0.6061902046203613,38.24023419058978,0.9879693388938904,38.7106405134747,0.9878895878791809,0.47040632288491935,-7.975101470947266e-05,0.75<=A<0.85,1.4<=beta<1.7,0.75<=A<0.85 | 1.4<=beta<1.7,baseline_strongest_25
465,518_0.86_0.85.png,518,0.86,0.85,480,640,17.35765740921314,0.6866487860679626,42.82338569494062,0.9927197694778442,41.55940903973089,0.9924816489219666,-1.2639766552097313,-0.00023812055587768555,0.85<=A<0.95,0.8<=beta<1.1,0.85<=A<0.95 | 0.8<=beta<1.1,baseline_strongest_25
466,519_0.58_1.19.png,519,0.58,1.19,480,640,18.677436253745675,0.7035165429115295,41.797841430684805,0.993187427520752,43.00413251485687,0.9932909607887268,1.206291084172065,0.00010353326797485352,A<0.65,1.1<=beta<1.4,A<0.65 | 1.1<=beta<1.4,baseline_strongest_25
467,51_0.6_1.79.png,51,0.6,1.79,400,400,16.31166181874469,0.8491923213005066,29.801838396836608,0.989969789981842,29.092703160656484,0.9869940280914307,-0.7091352361801242,-0.002975761890411377,A<0.65,beta>=1.7,A<0.65 | beta>=1.7,baseline_middle_50
468,520_0.95_0.81.png,520,0.95,0.81,480,640,16.763932154654075,0.6772412061691284,41.09222333972639,0.9922409653663635,40.83667587472838,0.9919212460517883,-0.25554746499800984,-0.0003197193145751953,A>=0.95,0.8<=beta<1.1,A>=0.95 | 0.8<=beta<1.1,baseline_strongest_25
469,521_0.53_1.56.png,521,0.53,1.56,480,640,19.012573725304016,0.8537161946296692,36.04575551968962,0.9898817539215088,37.822709031444795,0.9886446595191956,1.776953511755174,-0.0012370944023132324,A<0.65,1.4<=beta<1.7,A<0.65 | 1.4<=beta<1.7,baseline_strongest_25
470,522_0.68_1.78.png,522,0.68,1.78,480,640,16.16967871299636,0.8064994215965271,35.31756769018888,0.9855297803878784,34.12129182792722,0.9825373291969299,-1.1962758622616576,-0.0029924511909484863,0.65<=A<0.75,beta>=1.7,0.65<=A<0.75 | beta>=1.7,baseline_middle_50
471,523_0.5_1.76.png,523,0.5,1.76,480,640,18.4933314722371,0.8417298793792725,32.70424940687538,0.9878407120704651,34.75279430124953,0.9868631958961487,2.048544894374153,-0.0009775161743164062,A<0.65,beta>=1.7,A<0.65 | beta>=1.7,baseline_middle_50
472,524_0.59_1.65.png,524,0.59,1.65,480,640,17.993555587209475,0.8354800939559937,37.04988556198545,0.9885551333427429,36.13418549477439,0.9863083362579346,-0.9157000672110556,-0.0022467970848083496,A<0.65,1.4<=beta<1.7,A<0.65 | 1.4<=beta<1.7,baseline_strongest_25
473,525_0.74_1.31.png,525,0.74,1.31,480,640,19.142250611666785,0.8842626214027405,37.60140229626431,0.9931257963180542,38.16705963583128,0.9936470985412598,0.5656573395669682,0.0005213022232055664,0.65<=A<0.75,1.1<=beta<1.4,0.65<=A<0.75 | 1.1<=beta<1.4,baseline_strongest_25
474,526_0.73_0.69.png,526,0.73,0.69,480,640,23.939987379284673,0.936245322227478,41.23033683837414,0.9960864782333374,41.267452165883384,0.9959675669670105,0.03711532750924107,-0.0001189112663269043,0.65<=A<0.75,beta<0.8,0.65<=A<0.75 | beta<0.8,baseline_strongest_25
475,527_0.72_1.87.png,527,0.72,1.87,480,640,17.13362391271422,0.8471214771270752,35.90231555610383,0.9904720187187195,36.43622859104425,0.9911043643951416,0.5339130349404186,0.0006323456764221191,0.65<=A<0.75,beta>=1.7,0.65<=A<0.75 | beta>=1.7,baseline_strongest_25
476,528_0.95_0.76.png,528,0.95,0.76,480,640,20.166262855940545,0.9086567163467407,38.19982325633546,0.9947507381439209,38.932183607966294,0.9951109886169434,0.732360351630831,0.00036025047302246094,A>=0.95,beta<0.8,A>=0.95 | beta<0.8,baseline_strongest_25
477,529_0.86_1.47.png,529,0.86,1.47,480,640,18.947834237767008,0.8770046830177307,35.26777296260316,0.9925135374069214,36.3748201723086,0.9923330545425415,1.107047209705442,-0.0001804828643798828,0.85<=A<0.95,1.4<=beta<1.7,0.85<=A<0.95 | 1.4<=beta<1.7,baseline_middle_50
478,52_0.57_1.57.png,52,0.57,1.57,400,400,17.37227253461698,0.8796200752258301,30.06116650313515,0.9905237555503845,28.059854456758657,0.98623126745224,-2.001312046376494,-0.004292488098144531,A<0.65,1.4<=beta<1.7,A<0.65 | 1.4<=beta<1.7,baseline_middle_50
479,530_0.62_1.06.png,530,0.62,1.06,480,640,22.54146617289338,0.9429011344909668,38.13667033657505,0.9936507940292358,39.46094943864291,0.9954245090484619,1.3242791020678624,0.0017737150192260742,A<0.65,0.8<=beta<1.1,A<0.65 | 0.8<=beta<1.1,baseline_strongest_25
480,531_0.78_1.72.png,531,0.78,1.72,480,640,18.59844151231638,0.8675720691680908,35.40645154083853,0.9920058846473694,36.87703859151373,0.9922220706939697,1.4705870506751992,0.0002161860466003418,0.75<=A<0.85,beta>=1.7,0.75<=A<0.85 | beta>=1.7,baseline_middle_50
481,532_0.63_1.43.png,532,0.63,1.43,480,640,20.344387662461507,0.9130447506904602,37.18363032022547,0.9926985502243042,39.68460852737191,0.9947867393493652,2.5009782071464386,0.002088189125061035,A<0.65,1.4<=beta<1.7,A<0.65 | 1.4<=beta<1.7,baseline_strongest_25
482,533_0.75_0.77.png,533,0.75,0.77,480,640,17.69596786130051,0.7960175275802612,37.171538894460035,0.9821003079414368,35.716781458610136,0.9820129871368408,-1.4547574358498991,-8.732080459594727e-05,0.75<=A<0.85,beta<0.8,0.75<=A<0.85 | beta<0.8,baseline_strongest_25
483,534_0.58_0.58.png,534,0.58,0.58,480,640,22.005891552359834,0.8593940138816833,38.768540147314766,0.9873022437095642,37.9510622455714,0.9873287677764893,-0.8174779017433664,2.6524066925048828e-05,A<0.65,beta<0.8,A<0.65 | beta<0.8,baseline_strongest_25
484,535_0.65_1.44.png,535,0.65,1.44,480,640,14.668801189266112,0.7305026650428772,35.68535568589218,0.9757221341133118,34.60592565142241,0.9764561057090759,-1.0794300344697731,0.0007339715957641602,0.65<=A<0.75,1.4<=beta<1.7,0.65<=A<0.75 | 1.4<=beta<1.7,baseline_middle_50
485,536_0.93_0.57.png,536,0.93,0.57,480,640,17.905588333777217,0.8032218813896179,36.97540773207082,0.9832201600074768,35.40521573433662,0.9831005930900574,-1.5701919977341987,-0.0001195669174194336,0.85<=A<0.95,beta<0.8,0.85<=A<0.95 | beta<0.8,baseline_strongest_25
486,537_0.58_1.0.png,537,0.58,1.0,480,640,20.50764138273225,0.8899645805358887,37.20126362523354,0.9945854544639587,37.292802110461864,0.9945104718208313,0.09153848522832675,-7.49826431274414e-05,A<0.65,0.8<=beta<1.1,A<0.65 | 0.8<=beta<1.1,baseline_strongest_25
487,538_0.61_1.35.png,538,0.61,1.35,480,640,18.1964881954392,0.8496918678283691,34.34613832265014,0.992455005645752,35.45274032450258,0.9929166436195374,1.106602001852437,0.0004616379737854004,A<0.65,1.1<=beta<1.4,A<0.65 | 1.1<=beta<1.4,baseline_middle_50
488,539_0.86_1.44.png,539,0.86,1.44,480,640,13.622038695869943,0.7991424202919006,33.59527924754641,0.9888563752174377,33.170287509289615,0.9885733723640442,-0.42499173825679293,-0.0002830028533935547,0.85<=A<0.95,1.4<=beta<1.7,0.85<=A<0.95 | 1.4<=beta<1.7,baseline_middle_50
489,53_0.72_1.32.png,53,0.72,1.32,400,400,22.827500004618052,0.9527089595794678,30.106426408221637,0.9871425628662109,28.225040012225328,0.9830043315887451,-1.8813863959963086,-0.00413823127746582,0.65<=A<0.75,1.1<=beta<1.4,0.65<=A<0.75 | 1.1<=beta<1.4,baseline_middle_50
490,540_0.65_1.28.png,540,0.65,1.28,480,640,17.858154399916874,0.8511020541191101,35.07193957573621,0.9925711154937744,36.2775271576453,0.9928848743438721,1.2055875819090929,0.00031375885009765625,0.65<=A<0.75,1.1<=beta<1.4,0.65<=A<0.75 | 1.1<=beta<1.4,baseline_middle_50
491,541_0.58_1.83.png,541,0.58,1.83,480,640,22.91885940863768,0.9355430603027344,35.35124961366606,0.9919444918632507,36.85400458460424,0.9927703142166138,1.5027549709381773,0.0008258223533630371,A<0.65,beta>=1.7,A<0.65 | beta>=1.7,baseline_middle_50
492,542_0.78_0.72.png,542,0.78,0.72,480,640,28.000949091815333,0.9703272581100464,38.661258913772905,0.9947051405906677,39.82819845832056,0.9949830770492554,1.1669395445476525,0.0002779364585876465,0.75<=A<0.85,beta<0.8,0.75<=A<0.85 | beta<0.8,baseline_strongest_25
493,543_0.82_1.54.png,543,0.82,1.54,480,640,21.40865836218402,0.9191935062408447,36.98610566532135,0.9924708604812622,37.9902343850217,0.9928513169288635,1.004128719700354,0.00038045644760131836,0.75<=A<0.85,1.4<=beta<1.7,0.75<=A<0.85 | 1.4<=beta<1.7,baseline_strongest_25
494,544_0.53_0.73.png,544,0.53,0.73,480,640,30.626626824847733,0.9824067950248718,36.75738618994997,0.9942114353179932,38.23899788401414,0.9948177933692932,1.4816116940641706,0.0006063580513000488,A<0.65,beta<0.8,A<0.65 | beta<0.8,baseline_strongest_25
495,545_0.65_1.46.png,545,0.65,1.46,480,640,18.035156442071504,0.8401270508766174,40.00291452285172,0.9933686852455139,37.44372249297947,0.992925226688385,-2.55919202987225,-0.00044345855712890625,0.65<=A<0.75,1.4<=beta<1.7,0.65<=A<0.75 | 1.4<=beta<1.7,baseline_strongest_25
496,546_0.93_1.03.png,546,0.93,1.03,480,640,16.11489957984282,0.8381418585777283,38.13645924139781,0.9925107955932617,38.53417479815659,0.9926061034202576,0.3977155567587829,9.530782699584961e-05,0.85<=A<0.95,0.8<=beta<1.1,0.85<=A<0.95 | 0.8<=beta<1.1,baseline_strongest_25
497,547_0.86_0.87.png,547,0.86,0.87,480,640,18.299531977366104,0.870421290397644,39.52369337042005,0.9942885041236877,39.689198640111016,0.9941726326942444,0.1655052696909678,-0.00011587142944335938,0.85<=A<0.95,0.8<=beta<1.1,0.85<=A<0.95 | 0.8<=beta<1.1,baseline_strongest_25
498,548_0.7_1.93.png,548,0.7,1.93,480,640,15.431933789571005,0.7848989963531494,38.06764347939706,0.9906468391418457,36.083564512593846,0.9896225333213806,-1.9840789668032173,-0.0010243058204650879,0.65<=A<0.75,beta>=1.7,0.65<=A<0.75 | beta>=1.7,baseline_strongest_25
499,549_0.6_0.92.png,549,0.6,0.92,480,640,20.606039123548886,0.8709172606468201,39.95874781944293,0.9952200055122375,40.806094608862864,0.9955885410308838,0.8473467894199374,0.00036853551864624023,A<0.65,0.8<=beta<1.1,A<0.65 | 0.8<=beta<1.1,baseline_strongest_25
500,54_0.91_0.59.png,54,0.91,0.59,400,400,24.08176808141675,0.9769777655601501,30.525332136644984,0.9899796843528748,28.76579270889109,0.9873243570327759,-1.759539427753893,-0.002655327320098877,0.85<=A<0.95,beta<0.8,0.85<=A<0.95 | beta<0.8,baseline_middle_50
501,550_0.55_1.01.png,550,0.55,1.01,480,640,20.37173618748818,0.8668982982635498,37.12130890637509,0.9947945475578308,39.493688315795595,0.9954802989959717,2.3723794094205033,0.0006857514381408691,A<0.65,0.8<=beta<1.1,A<0.65 | 0.8<=beta<1.1,baseline_strongest_25
502,551_0.71_1.31.png,551,0.71,1.31,480,640,16.814301683757712,0.8247793912887573,37.63821759673422,0.993381142616272,37.88648956120636,0.9934816956520081,0.2482719644721385,0.00010055303573608398,0.65<=A<0.75,1.1<=beta<1.4,0.65<=A<0.75 | 1.1<=beta<1.4,baseline_strongest_25
503,552_0.88_1.88.png,552,0.88,1.88,480,640,11.875234556976274,0.7465157508850098,33.99087126406274,0.9869259595870972,34.316520632797406,0.9877631664276123,0.3256493687346662,0.0008372068405151367,0.85<=A<0.95,beta>=1.7,0.85<=A<0.95 | beta>=1.7,baseline_middle_50
504,553_0.51_1.76.png,553,0.51,1.76,480,640,23.125850592237303,0.916639506816864,34.19803469357112,0.9953527450561523,35.9206981725019,0.9952430725097656,1.7226634789307838,-0.00010967254638671875,A<0.65,beta>=1.7,A<0.65 | beta>=1.7,baseline_middle_50
505,554_0.96_1.87.png,554,0.96,1.87,480,640,18.499143463897273,0.8799609541893005,35.19015339687761,0.9920729994773865,34.339844541709006,0.9925042390823364,-0.8503088551686062,0.00043123960494995117,A>=0.95,beta>=1.7,A>=0.95 | beta>=1.7,baseline_middle_50
506,555_0.75_1.55.png,555,0.75,1.55,480,640,22.900331386960985,0.9075355529785156,40.996475304260905,0.9956600069999695,38.23489665950318,0.994902491569519,-2.7615786447577264,-0.0007575154304504395,0.75<=A<0.85,1.4<=beta<1.7,0.75<=A<0.85 | 1.4<=beta<1.7,baseline_strongest_25
507,556_0.61_0.91.png,556,0.61,0.91,480,640,28.357701125035618,0.9413047432899475,40.99708906624614,0.9970586895942688,41.756552162677394,0.9965439438819885,0.7594630964312543,-0.0005147457122802734,A<0.65,0.8<=beta<1.1,A<0.65 | 0.8<=beta<1.1,baseline_strongest_25
508,557_0.68_0.68.png,557,0.68,0.68,480,640,26.28256777112552,0.9072145223617554,40.07262524026055,0.9962121248245239,40.34499610833198,0.9959105253219604,0.27237086807143385,-0.00030159950256347656,0.65<=A<0.75,beta<0.8,0.65<=A<0.75 | beta<0.8,baseline_strongest_25
509,558_0.93_1.03.png,558,0.93,1.03,480,640,19.387617387108975,0.8463919162750244,37.3991412411035,0.9940488338470459,35.62328894820338,0.992211639881134,-1.7758522929001188,-0.0018371939659118652,0.85<=A<0.95,0.8<=beta<1.1,0.85<=A<0.95 | 0.8<=beta<1.1,baseline_strongest_25
510,559_1.0_1.23.png,559,1.0,1.23,480,640,17.216639823688173,0.8220280408859253,34.223933586388846,0.9906133413314819,32.96781759600194,0.9890256524085999,-1.2561159903869026,-0.00158768892288208,A>=0.95,1.1<=beta<1.4,A>=0.95 | 1.1<=beta<1.4,baseline_middle_50
511,55_0.56_1.57.png,55,0.56,1.57,400,400,24.850744768581954,0.9582692384719849,34.08947253762572,0.9895778298377991,30.622617355160276,0.9849056005477905,-3.4668551824654408,-0.004672229290008545,A<0.65,1.4<=beta<1.7,A<0.65 | 1.4<=beta<1.7,baseline_middle_50
512,560_0.74_1.77.png,560,0.74,1.77,480,640,18.52707604522805,0.821342945098877,37.591880122725165,0.992255449295044,36.71940348871815,0.9913526773452759,-0.8724766340070147,-0.0009027719497680664,0.65<=A<0.75,beta>=1.7,0.65<=A<0.75 | beta>=1.7,baseline_strongest_25
513,561_0.52_1.24.png,561,0.52,1.24,480,640,22.33294133626807,0.9199670553207397,37.18435928988934,0.995002269744873,37.17354470815269,0.9953215718269348,-0.010814581736653395,0.0003193020820617676,A<0.65,1.1<=beta<1.4,A<0.65 | 1.1<=beta<1.4,baseline_strongest_25
514,562_0.83_0.92.png,562,0.83,0.92,480,640,20.006870568543533,0.9187868237495422,37.77430635758041,0.9954720735549927,36.907835517109426,0.9953718781471252,-0.8664708404709813,-0.00010019540786743164,0.75<=A<0.85,0.8<=beta<1.1,0.75<=A<0.85 | 0.8<=beta<1.1,baseline_strongest_25
515,563_0.56_1.5.png,563,0.56,1.5,480,640,20.726576939578806,0.9020367860794067,36.60760755826019,0.9939091205596924,35.824271813628584,0.9941863417625427,-0.7833357446316072,0.0002772212028503418,A<0.65,1.4<=beta<1.7,A<0.65 | 1.4<=beta<1.7,baseline_strongest_25
516,564_0.83_1.95.png,564,0.83,1.95,480,640,15.085642888332497,0.8477099537849426,34.4245980153243,0.9913418292999268,33.851455585794675,0.9906432032585144,-0.573142429529625,-0.0006986260414123535,0.75<=A<0.85,beta>=1.7,0.75<=A<0.85 | beta>=1.7,baseline_middle_50
517,565_0.8_0.81.png,565,0.8,0.81,480,640,20.634741498278075,0.9277194738388062,32.83821534350598,0.9900323152542114,31.34068981596306,0.987998902797699,-1.4975255275429191,-0.002033412456512451,0.75<=A<0.85,0.8<=beta<1.1,0.75<=A<0.85 | 0.8<=beta<1.1,baseline_middle_50
518,566_0.82_1.84.png,566,0.82,1.84,480,640,14.868235368278608,0.8486146330833435,29.152023416704385,0.9759080410003662,27.945475504424895,0.9728215932846069,-1.2065479122794898,-0.0030864477157592773,0.75<=A<0.85,beta>=1.7,0.75<=A<0.85 | beta>=1.7,baseline_middle_50
519,567_0.56_0.66.png,567,0.56,0.66,480,640,26.42619807488956,0.9611052870750427,38.00734889508343,0.9948508143424988,35.62413290314494,0.993445634841919,-2.383215991938492,-0.001405179500579834,A<0.65,beta<0.8,A<0.65 | beta<0.8,baseline_strongest_25
520,568_0.51_1.22.png,568,0.51,1.22,480,640,22.79145881320874,0.9335503578186035,35.111709485712396,0.9925506711006165,34.07219407368595,0.9901875257492065,-1.0395154120264465,-0.002363145351409912,A<0.65,1.1<=beta<1.4,A<0.65 | 1.1<=beta<1.4,baseline_middle_50
521,569_0.87_1.21.png,569,0.87,1.21,480,640,20.190636450164703,0.927082896232605,32.757171031788126,0.9923428297042847,33.58004958737683,0.9918531179428101,0.8228785555887015,-0.0004897117614746094,0.85<=A<0.95,1.1<=beta<1.4,0.85<=A<0.95 | 1.1<=beta<1.4,baseline_middle_50
522,56_0.84_1.19.png,56,0.84,1.19,400,400,20.569697288455508,0.9449334740638733,28.542788053583926,0.9858033061027527,27.038445879591798,0.9820084571838379,-1.5043421739921286,-0.003794848918914795,0.75<=A<0.85,1.1<=beta<1.4,0.75<=A<0.85 | 1.1<=beta<1.4,baseline_weakest_25
523,570_0.63_0.57.png,570,0.63,0.57,480,640,27.589764925015963,0.9748246669769287,40.07147121418704,0.9969280362129211,40.37562992892555,0.9967675805091858,0.30415871473850586,-0.00016045570373535156,A<0.65,beta<0.8,A<0.65 | beta<0.8,baseline_strongest_25
524,571_0.95_0.72.png,571,0.95,0.72,480,640,22.472277498429936,0.9522352814674377,33.22729361515175,0.99417644739151,33.838598735209466,0.993869423866272,0.6113051200577146,-0.0003070235252380371,A>=0.95,beta<0.8,A>=0.95 | beta<0.8,baseline_middle_50
525,572_0.61_0.84.png,572,0.61,0.84,480,640,24.88874548922301,0.9617505669593811,38.91530168495321,0.9961003661155701,38.83149656217319,0.9954392313957214,-0.08380512278001362,-0.0006611347198486328,A<0.65,0.8<=beta<1.1,A<0.65 | 0.8<=beta<1.1,baseline_strongest_25
526,573_0.91_1.54.png,573,0.91,1.54,480,640,14.272989591875373,0.8206570744514465,30.260982965678235,0.9783927798271179,31.524795509061363,0.9806151390075684,1.2638125433831284,0.0022223591804504395,0.85<=A<0.95,1.4<=beta<1.7,0.85<=A<0.95 | 1.4<=beta<1.7,baseline_middle_50
527,574_0.95_1.03.png,574,0.95,1.03,480,640,16.37923475662401,0.8602779507637024,31.61743608073591,0.9843431711196899,33.14227617453679,0.9852415919303894,1.5248400938008793,0.0008984208106994629,A>=0.95,0.8<=beta<1.1,A>=0.95 | 0.8<=beta<1.1,baseline_middle_50
528,575_0.57_1.51.png,575,0.57,1.51,480,640,18.601684902063152,0.8733975887298584,35.72416553366249,0.9892480969429016,35.866852168447906,0.9896363019943237,0.142686634785413,0.00038820505142211914,A<0.65,1.4<=beta<1.7,A<0.65 | 1.4<=beta<1.7,baseline_middle_50
529,576_0.53_1.95.png,576,0.53,1.95,480,640,17.4331063808297,0.8508464694023132,34.92239240356874,0.9861329793930054,35.04849208265223,0.9875084161758423,0.12609967908348807,0.001375436782836914,A<0.65,beta>=1.7,A<0.65 | beta>=1.7,baseline_middle_50
530,577_0.85_0.68.png,577,0.85,0.68,480,640,18.743747659632145,0.923039972782135,36.09408335401354,0.9934031963348389,36.526686376058876,0.9938689470291138,0.43260302204533474,0.00046575069427490234,0.85<=A<0.95,beta<0.8,0.85<=A<0.95 | beta<0.8,baseline_strongest_25
531,578_0.8_1.52.png,578,0.8,1.52,480,640,14.246581894956936,0.8346021771430969,32.71763842191366,0.986072301864624,33.16103107020881,0.9861522912979126,0.4433926482951449,7.998943328857422e-05,0.75<=A<0.85,1.4<=beta<1.7,0.75<=A<0.85 | 1.4<=beta<1.7,baseline_middle_50
532,579_0.52_0.61.png,579,0.52,0.61,480,640,25.193700348699373,0.9626089334487915,38.33241493497182,0.996168851852417,37.128725862878895,0.9958674311637878,-1.2036890720929279,-0.0003014206886291504,A<0.65,beta<0.8,A<0.65 | beta<0.8,baseline_strongest_25
533,57_0.67_1.75.png,57,0.67,1.75,400,400,11.188883244609666,0.7626206874847412,29.554832164186372,0.9821690320968628,28.732414525178285,0.9807254076004028,-0.8224176390080871,-0.001443624496459961,0.65<=A<0.75,beta>=1.7,0.65<=A<0.75 | beta>=1.7,baseline_middle_50
534,580_0.88_1.15.png,580,0.88,1.15,480,640,14.510237555755987,0.8586269617080688,32.84859534789434,0.9877235889434814,33.120426857023205,0.9878591895103455,0.2718315091288659,0.00013560056686401367,0.85<=A<0.95,1.1<=beta<1.4,0.85<=A<0.95 | 1.1<=beta<1.4,baseline_middle_50
535,581_1.0_1.04.png,581,1.0,1.04,480,640,13.996147894394774,0.8575880527496338,32.54263508130477,0.9913829565048218,33.87260005973588,0.9917240738868713,1.3299649784311072,0.00034111738204956055,A>=0.95,0.8<=beta<1.1,A>=0.95 | 0.8<=beta<1.1,baseline_middle_50
536,582_0.55_1.63.png,582,0.55,1.63,480,640,18.781229744673375,0.868638277053833,37.03986635335341,0.9929270148277283,36.62285382506739,0.9929271340370178,-0.41701252828602264,1.1920928955078125e-07,A<0.65,1.4<=beta<1.7,A<0.65 | 1.4<=beta<1.7,baseline_strongest_25
537,583_0.7_0.93.png,583,0.7,0.93,480,640,20.195944394835287,0.9149928092956543,36.57699995003041,0.9953017830848694,36.922339681245006,0.9953396320343018,0.3453397312145938,3.784894943237305e-05,0.65<=A<0.75,0.8<=beta<1.1,0.65<=A<0.75 | 0.8<=beta<1.1,baseline_strongest_25
538,584_0.74_1.42.png,584,0.74,1.42,480,640,16.679986085321023,0.8603513240814209,34.44950657682048,0.9925583004951477,32.768517924291956,0.992002546787262,-1.6809886525285265,-0.0005557537078857422,0.65<=A<0.75,1.4<=beta<1.7,0.65<=A<0.75 | 1.4<=beta<1.7,baseline_middle_50
539,585_0.75_1.97.png,585,0.75,1.97,480,640,13.584545675716313,0.7942026853561401,28.434929900477727,0.9755586385726929,28.809078007278266,0.977393627166748,0.3741481068005399,0.0018349885940551758,0.75<=A<0.85,beta>=1.7,0.75<=A<0.85 | beta>=1.7,baseline_weakest_25
540,586_0.98_1.59.png,586,0.98,1.59,480,640,11.044951857386938,0.7807598114013672,26.66603757327551,0.9731014370918274,26.71013564823638,0.9732131958007812,0.04409807496087126,0.00011175870895385742,A>=0.95,1.4<=beta<1.7,A>=0.95 | 1.4<=beta<1.7,baseline_weakest_25
541,587_0.87_1.84.png,587,0.87,1.84,480,640,11.9041492467892,0.7796000242233276,26.74989584872307,0.9725815653800964,26.913924807767632,0.9726556539535522,0.16402895904456116,7.408857345581055e-05,0.85<=A<0.95,beta>=1.7,0.85<=A<0.95 | beta>=1.7,baseline_weakest_25
542,588_0.71_0.58.png,588,0.71,0.58,480,640,22.1403317225456,0.9407126307487488,34.569807370258225,0.991401731967926,35.65244833119202,0.9928202033042908,1.0826409609337944,0.001418471336364746,0.65<=A<0.75,beta<0.8,0.65<=A<0.75 | beta<0.8,baseline_middle_50
543,589_0.81_1.82.png,589,0.81,1.82,480,640,8.770056755999919,0.4353843927383423,36.4985152422556,0.9751866459846497,36.33129160516059,0.9732517600059509,-0.1672236370950131,-0.0019348859786987305,0.75<=A<0.85,beta>=1.7,0.75<=A<0.85 | beta>=1.7,baseline_strongest_25
544,58_0.51_1.21.png,58,0.51,1.21,400,400,16.032316744611418,0.8709778785705566,31.851640793878325,0.986339807510376,32.63751056539954,0.9871432185173035,0.7858697715212131,0.0008034110069274902,A<0.65,1.1<=beta<1.4,A<0.65 | 1.1<=beta<1.4,baseline_middle_50
545,590_0.71_1.38.png,590,0.71,1.38,480,640,11.555753764679086,0.5031948089599609,38.08552632856184,0.9828553199768066,38.28453317226941,0.9820270538330078,0.19900684370757205,-0.0008282661437988281,0.65<=A<0.75,1.1<=beta<1.4,0.65<=A<0.75 | 1.1<=beta<1.4,baseline_strongest_25
546,591_0.6_1.21.png,591,0.6,1.21,480,640,13.8818663645159,0.5504094362258911,39.67122695639019,0.9863335490226746,38.3591857438476,0.9852718114852905,-1.3120412125425958,-0.0010617375373840332,A<0.65,1.1<=beta<1.4,A<0.65 | 1.1<=beta<1.4,baseline_strongest_25
547,592_0.66_1.53.png,592,0.66,1.53,480,640,11.512773735091063,0.49668383598327637,37.45030277935557,0.9819736480712891,37.63051917138036,0.9811885356903076,0.18021639202478923,-0.0007851123809814453,0.65<=A<0.75,1.4<=beta<1.7,0.65<=A<0.75 | 1.4<=beta<1.7,baseline_strongest_25
548,593_0.87_1.5.png,593,0.87,1.5,480,640,16.729854428588844,0.7703781127929688,38.29137103768579,0.9910850524902344,37.351892428577635,0.9914697408676147,-0.9394786091081571,0.0003846883773803711,0.85<=A<0.95,1.4<=beta<1.7,0.85<=A<0.95 | 1.4<=beta<1.7,baseline_strongest_25
549,594_0.67_1.12.png,594,0.67,1.12,480,640,21.94575849175045,0.8387957811355591,41.02506538357717,0.9942877888679504,41.265737772153955,0.9946251511573792,0.2406723885767832,0.00033736228942871094,0.65<=A<0.75,1.1<=beta<1.4,0.65<=A<0.75 | 1.1<=beta<1.4,baseline_strongest_25
550,595_0.66_0.97.png,595,0.66,0.97,480,640,23.146232155746127,0.8554203510284424,41.86736131072444,0.994670569896698,41.76446794597395,0.9950617551803589,-0.10289336475049282,0.00039118528366088867,0.65<=A<0.75,0.8<=beta<1.1,0.65<=A<0.75 | 0.8<=beta<1.1,baseline_strongest_25
551,596_0.91_0.52.png,596,0.91,0.52,480,640,23.77792323327931,0.8820780515670776,42.46660448350067,0.9950579404830933,40.8322526351564,0.9950883388519287,-1.6343518483442665,3.039836883544922e-05,0.85<=A<0.95,beta<0.8,0.85<=A<0.95 | beta<0.8,baseline_strongest_25
552,597_0.87_0.61.png,597,0.87,0.61,480,640,19.826388528496416,0.8816924691200256,39.73972727038361,0.993797779083252,38.78683069593554,0.9933010935783386,-0.9528965744480686,-0.0004966855049133301,0.85<=A<0.95,beta<0.8,0.85<=A<0.95 | beta<0.8,baseline_strongest_25
553,598_0.58_1.14.png,598,0.58,1.14,480,640,19.770890090980846,0.862553060054779,38.53007585463997,0.9931433200836182,39.66935568624562,0.9929351210594177,1.1392798316056556,-0.00020819902420043945,A<0.65,1.1<=beta<1.4,A<0.65 | 1.1<=beta<1.4,baseline_strongest_25
554,599_0.69_1.58.png,599,0.69,1.58,480,640,15.916630157147845,0.8049095273017883,35.3995594760131,0.9886457324028015,36.85270864194459,0.9892482161521912,1.4531491659314852,0.0006024837493896484,0.65<=A<0.75,1.4<=beta<1.7,0.65<=A<0.75 | 1.4<=beta<1.7,baseline_middle_50
555,59_0.83_0.85.png,59,0.83,0.85,400,400,14.459801230792156,0.8621912002563477,29.071122349607677,0.9870886206626892,29.05659281424713,0.9870584607124329,-0.014529535360548351,-3.0159950256347656e-05,0.75<=A<0.85,0.8<=beta<1.1,0.75<=A<0.85 | 0.8<=beta<1.1,baseline_middle_50
556,5_0.89_1.34.png,5,0.89,1.34,400,400,13.064030088570659,0.8295921683311462,28.38581796337341,0.983623206615448,28.863856348910517,0.9853671789169312,0.47803838553710776,0.0017439723014831543,0.85<=A<0.95,1.1<=beta<1.4,0.85<=A<0.95 | 1.1<=beta<1.4,baseline_weakest_25
557,600_0.54_1.56.png,600,0.54,1.56,480,640,18.425501281712656,0.8344005942344666,34.334886515896905,0.9900810122489929,35.13342677740749,0.9899834990501404,0.7985402615105883,-9.751319885253906e-05,A<0.65,1.4<=beta<1.7,A<0.65 | 1.4<=beta<1.7,baseline_middle_50
558,601_0.58_1.51.png,601,0.58,1.51,480,640,19.11367189631756,0.8809483647346497,33.15957379384109,0.9889468550682068,36.92090779731759,0.9916874170303345,3.761334003476499,0.0027405619621276855,A<0.65,1.4<=beta<1.7,A<0.65 | 1.4<=beta<1.7,baseline_middle_50
559,602_0.6_1.52.png,602,0.6,1.52,480,640,18.80188856875356,0.8777838945388794,33.7813463827644,0.9892538189888,36.88556405712766,0.9914828538894653,3.1042176743632623,0.002229034900665283,A<0.65,1.4<=beta<1.7,A<0.65 | 1.4<=beta<1.7,baseline_middle_50
560,603_0.9_0.85.png,603,0.9,0.85,480,640,17.641243988047194,0.8965344429016113,32.51716497519213,0.9878118634223938,33.24287314353698,0.9893162250518799,0.7257081683448519,0.001504361629486084,0.85<=A<0.95,0.8<=beta<1.1,0.85<=A<0.95 | 0.8<=beta<1.1,baseline_middle_50
561,604_0.68_1.26.png,604,0.68,1.26,480,640,18.61806803870279,0.8863921761512756,33.47347621962107,0.9885358810424805,35.279115514814436,0.9911921620368958,1.805639295193366,0.002656280994415283,0.65<=A<0.75,1.1<=beta<1.4,0.65<=A<0.75 | 1.1<=beta<1.4,baseline_middle_50
562,605_0.78_1.73.png,605,0.78,1.73,480,640,14.090005186558095,0.7943549752235413,33.08328721046448,0.9852368235588074,31.42383057973315,0.9815417528152466,-1.6594566307313343,-0.003695070743560791,0.75<=A<0.85,beta>=1.7,0.75<=A<0.85 | beta>=1.7,baseline_middle_50
563,606_0.55_1.35.png,606,0.55,1.35,480,640,18.640762569596006,0.8776274919509888,36.621936562624285,0.9921483397483826,36.01123877924204,0.9910733103752136,-0.6106977833822427,-0.0010750293731689453,A<0.65,1.1<=beta<1.4,A<0.65 | 1.1<=beta<1.4,baseline_strongest_25
564,607_0.93_1.19.png,607,0.93,1.19,480,640,13.983916397003213,0.825486421585083,32.739382103974336,0.9864961504936218,30.461358687101136,0.9818975925445557,-2.2780234168732,-0.004598557949066162,0.85<=A<0.95,1.1<=beta<1.4,0.85<=A<0.95 | 1.1<=beta<1.4,baseline_middle_50
565,608_0.61_1.18.png,608,0.61,1.18,480,640,18.90900393634681,0.8854491710662842,37.538115984932915,0.9930576086044312,36.77512019078464,0.9916144013404846,-0.7629957941482743,-0.0014432072639465332,A<0.65,1.1<=beta<1.4,A<0.65 | 1.1<=beta<1.4,baseline_strongest_25
566,609_0.88_1.91.png,609,0.88,1.91,480,640,12.770754502050941,0.784955620765686,26.877188233022334,0.9636166095733643,28.018655692211656,0.9621856212615967,1.1414674591893217,-0.0014309883117675781,0.85<=A<0.95,beta>=1.7,0.85<=A<0.95 | beta>=1.7,baseline_weakest_25
567,60_0.6_1.68.png,60,0.6,1.68,400,400,12.216022115362133,0.7881020903587341,30.081636732676323,0.9827567934989929,29.895870924263743,0.9820289611816406,-0.1857658084125795,-0.0007278323173522949,A<0.65,1.4<=beta<1.7,A<0.65 | 1.4<=beta<1.7,baseline_middle_50
568,610_0.56_1.07.png,610,0.56,1.07,480,640,21.12372896202094,0.9120666980743408,32.061384422249304,0.9883540272712708,33.833757342496554,0.9901565313339233,1.7723729202472498,0.0018025040626525879,A<0.65,0.8<=beta<1.1,A<0.65 | 0.8<=beta<1.1,baseline_middle_50
569,611_0.69_1.58.png,611,0.69,1.58,480,640,16.869797205986504,0.8519020676612854,29.109527454598847,0.9778626561164856,30.549412819426113,0.9795658588409424,1.4398853648272656,0.0017032027244567871,0.65<=A<0.75,1.4<=beta<1.7,0.65<=A<0.75 | 1.4<=beta<1.7,baseline_middle_50
570,612_0.8_0.85.png,612,0.8,0.85,480,640,19.353567675061186,0.8985152244567871,30.70241626327793,0.9842796921730042,32.68312778317257,0.9872710108757019,1.9807115198946441,0.002991318702697754,0.75<=A<0.85,0.8<=beta<1.1,0.75<=A<0.85 | 0.8<=beta<1.1,baseline_middle_50
571,613_0.85_1.39.png,613,0.85,1.39,480,640,19.64573944557398,0.914761483669281,32.11215716089312,0.9919164180755615,36.05780844406182,0.993468165397644,3.9456512831687007,0.0015517473220825195,0.85<=A<0.95,1.1<=beta<1.4,0.85<=A<0.95 | 1.1<=beta<1.4,baseline_middle_50
572,614_0.73_0.93.png,614,0.73,0.93,480,640,24.393108628004377,0.9515462517738342,34.003373158367324,0.9944043159484863,38.66836531820388,0.9952710270881653,4.664992159836558,0.0008667111396789551,0.65<=A<0.75,0.8<=beta<1.1,0.65<=A<0.75 | 0.8<=beta<1.1,baseline_middle_50
573,615_0.52_0.98.png,615,0.52,0.98,480,640,26.28362389755506,0.963119626045227,33.259886096932064,0.9944725632667542,37.80358311141964,0.9953480362892151,4.543697014487577,0.0008754730224609375,A<0.65,0.8<=beta<1.1,A<0.65 | 0.8<=beta<1.1,baseline_middle_50
574,616_0.8_1.72.png,616,0.8,1.72,480,640,18.91977126215052,0.9011756777763367,32.066476564673835,0.991393506526947,36.24302372782951,0.9930158257484436,4.176547163155675,0.001622319221496582,0.75<=A<0.85,beta>=1.7,0.75<=A<0.85 | beta>=1.7,baseline_middle_50
575,617_0.98_0.85.png,617,0.98,0.85,480,640,19.382929354688848,0.9189817905426025,31.66546857504024,0.9883189797401428,31.448754154979216,0.9891639351844788,-0.21671442006102382,0.0008449554443359375,A>=0.95,0.8<=beta<1.1,A>=0.95 | 0.8<=beta<1.1,baseline_middle_50
576,618_0.89_1.01.png,618,0.89,1.01,480,640,19.505209003739672,0.9146574139595032,32.94644137725905,0.9893413782119751,32.80798431057852,0.9901221394538879,-0.13845706668053026,0.0007807612419128418,0.85<=A<0.95,0.8<=beta<1.1,0.85<=A<0.95 | 0.8<=beta<1.1,baseline_middle_50
577,619_0.63_1.97.png,619,0.63,1.97,480,640,18.982217810463705,0.8831997513771057,34.50220572353057,0.9882557988166809,34.88935796959756,0.9873888492584229,0.3871522460669894,-0.0008669495582580566,A<0.65,beta>=1.7,A<0.65 | beta>=1.7,baseline_middle_50
578,61_0.98_0.82.png,61,0.98,0.82,400,400,11.274786859862642,0.7329077124595642,30.850786867940002,0.9854090213775635,29.410882919261148,0.9797759056091309,-1.4399039486788539,-0.005633115768432617,A>=0.95,0.8<=beta<1.1,A>=0.95 | 0.8<=beta<1.1,baseline_middle_50
579,620_0.56_0.87.png,620,0.56,0.87,480,640,24.494152032444376,0.9472547769546509,39.93914894565761,0.9948204159736633,39.3352470527678,0.9955072999000549,-0.6039018928898088,0.0006868839263916016,A<0.65,0.8<=beta<1.1,A<0.65 | 0.8<=beta<1.1,baseline_strongest_25
580,621_0.68_1.14.png,621,0.68,1.14,480,640,18.21516557720781,0.8892304301261902,35.19245158350397,0.9918128848075867,36.4789083350226,0.9926794767379761,1.2864567515186351,0.0008665919303894043,0.65<=A<0.75,1.1<=beta<1.4,0.65<=A<0.75 | 1.1<=beta<1.4,baseline_middle_50
581,622_0.55_1.49.png,622,0.55,1.49,480,640,18.665514165945265,0.87811279296875,33.589608010528174,0.9900279641151428,36.481411002322126,0.9917086958885193,2.891802991793952,0.0016807317733764648,A<0.65,1.4<=beta<1.7,A<0.65 | 1.4<=beta<1.7,baseline_middle_50
582,623_0.75_1.05.png,623,0.75,1.05,480,640,17.61567685856372,0.8882423639297485,34.22846094103058,0.9912721514701843,35.00885651218684,0.9921800494194031,0.7803955711562551,0.00090789794921875,0.75<=A<0.85,0.8<=beta<1.1,0.75<=A<0.85 | 0.8<=beta<1.1,baseline_middle_50
583,624_0.58_0.68.png,624,0.58,0.68,480,640,23.274284474143077,0.9414940476417542,36.24396999964564,0.9947202205657959,39.983860569436736,0.995774507522583,3.7398905697910934,0.0010542869567871094,A<0.65,beta<0.8,A<0.65 | beta<0.8,baseline_strongest_25
584,625_0.89_1.64.png,625,0.89,1.64,480,640,12.227385296267347,0.7741613388061523,31.617591268041743,0.9857723116874695,33.17755004632892,0.9876851439476013,1.559958778287175,0.001912832260131836,0.85<=A<0.95,1.4<=beta<1.7,0.85<=A<0.95 | 1.4<=beta<1.7,baseline_middle_50
585,626_0.78_1.81.png,626,0.78,1.81,480,640,13.263798278828297,0.7797770500183105,32.678739251904545,0.9868429899215698,33.83427653634193,0.9879786968231201,1.1555372844373863,0.001135706901550293,0.75<=A<0.85,beta>=1.7,0.75<=A<0.85 | beta>=1.7,baseline_middle_50
586,627_0.73_1.69.png,627,0.73,1.69,480,640,14.399935976587479,0.801346480846405,34.0010164854498,0.9888894557952881,34.93143681292854,0.9896936416625977,0.9304203274787355,0.0008041858673095703,0.65<=A<0.75,1.4<=beta<1.7,0.65<=A<0.75 | 1.4<=beta<1.7,baseline_middle_50
587,628_0.94_1.47.png,628,0.94,1.47,480,640,12.190106236213516,0.7826050519943237,31.89143598714026,0.9865133762359619,33.27325325234337,0.9880878329277039,1.3818172652031144,0.0015744566917419434,0.85<=A<0.95,1.4<=beta<1.7,0.85<=A<0.95 | 1.4<=beta<1.7,baseline_middle_50
588,629_0.58_1.06.png,629,0.58,1.06,480,640,21.306166583415312,0.9105690121650696,37.49853286450417,0.9941161274909973,37.74806750994943,0.9941390156745911,0.24953464544525872,2.288818359375e-05,A<0.65,0.8<=beta<1.1,A<0.65 | 0.8<=beta<1.1,baseline_strongest_25
589,62_0.6_0.77.png,62,0.6,0.77,400,400,14.813929712143333,0.8324609398841858,30.74602047132788,0.9891923069953918,28.975369902672547,0.9836856722831726,-1.7706505686553342,-0.005506634712219238,A<0.65,beta<0.8,A<0.65 | beta<0.8,baseline_middle_50
590,630_0.86_1.53.png,630,0.86,1.53,480,640,14.225780241354741,0.821215033531189,30.848101697921297,0.986467719078064,32.065122034698,0.9879427552223206,1.2170203367767023,0.0014750361442565918,0.85<=A<0.95,1.4<=beta<1.7,0.85<=A<0.95 | 1.4<=beta<1.7,baseline_middle_50
591,631_0.6_1.43.png,631,0.6,1.43,480,640,19.075395534173182,0.8740630745887756,35.82777912574053,0.9921442866325378,36.77687065148061,0.9923558235168457,0.94909152574008,0.00021153688430786133,A<0.65,1.4<=beta<1.7,A<0.65 | 1.4<=beta<1.7,baseline_strongest_25
592,632_0.57_0.74.png,632,0.57,0.74,480,640,23.986539048026398,0.9406583905220032,38.6448807409782,0.9952368140220642,38.67510883694544,0.9953657984733582,0.030228095967238744,0.0001289844512939453,A<0.65,beta<0.8,A<0.65 | beta<0.8,baseline_strongest_25
593,633_0.96_0.87.png,633,0.96,0.87,480,640,13.957413222907144,0.8357135057449341,32.17547179440775,0.9880292415618896,32.21833940870381,0.987467885017395,0.042867614296064005,-0.0005613565444946289,A>=0.95,0.8<=beta<1.1,A>=0.95 | 0.8<=beta<1.1,baseline_middle_50
594,634_0.93_1.27.png,634,0.93,1.27,480,640,11.976606794819045,0.7854788303375244,30.10885399830903,0.9824408888816833,30.73861650266617,0.9821602702140808,0.6297625043571387,-0.00028061866760253906,0.85<=A<0.95,1.1<=beta<1.4,0.85<=A<0.95 | 1.1<=beta<1.4,baseline_middle_50
595,635_0.83_0.65.png,635,0.83,0.65,480,640,17.85889695039937,0.8906980156898499,35.36616581291851,0.9922866225242615,35.06967624298667,0.9928503632545471,-0.2964895699318433,0.0005637407302856445,0.75<=A<0.85,beta<0.8,0.75<=A<0.85 | beta<0.8,baseline_middle_50
596,636_0.58_1.91.png,636,0.58,1.91,480,640,15.129855912708823,0.8001540303230286,32.76330858965723,0.9820573329925537,34.502930017640104,0.9861096143722534,1.7396214279828754,0.004052281379699707,A<0.65,beta>=1.7,A<0.65 | beta>=1.7,baseline_middle_50
597,637_0.63_1.9.png,637,0.63,1.9,480,640,14.905566280865372,0.7967516183853149,33.47828504662744,0.9878344535827637,32.83933558829869,0.9888929724693298,-0.6389494583287529,0.0010585188865661621,A<0.65,beta>=1.7,A<0.65 | beta>=1.7,baseline_middle_50
598,638_0.82_1.07.png,638,0.82,1.07,480,640,15.525606809131506,0.8471013903617859,37.08149955080577,0.9917083382606506,36.920560085328844,0.9922838807106018,-0.16093946547692894,0.0005755424499511719,0.75<=A<0.85,0.8<=beta<1.1,0.75<=A<0.85 | 0.8<=beta<1.1,baseline_strongest_25
599,639_0.78_0.71.png,639,0.78,0.71,480,640,18.922250697691652,0.8980653285980225,39.12548326688197,0.9946791529655457,37.84264362692288,0.9945532083511353,-1.282839639959093,-0.0001259446144104004,0.75<=A<0.85,beta<0.8,0.75<=A<0.85 | beta<0.8,baseline_strongest_25
600,63_0.51_1.84.png,63,0.51,1.84,400,400,12.600941756772453,0.6429449319839478,29.561478653693847,0.9836987257003784,26.958396861988568,0.9772908687591553,-2.6030817917052786,-0.0064078569412231445,A<0.65,beta>=1.7,A<0.65 | beta>=1.7,baseline_middle_50
601,640_0.64_1.94.png,640,0.64,1.94,480,640,14.635502453643905,0.7913252115249634,33.42340710022489,0.9873584508895874,32.643476563491596,0.9883306622505188,-0.7799305367332963,0.0009722113609313965,A<0.65,beta>=1.7,A<0.65 | beta>=1.7,baseline_middle_50
602,641_0.95_1.18.png,641,0.95,1.18,480,640,12.17254655881229,0.4626326560974121,36.141822291218816,0.9822943806648254,36.94325073283808,0.9831361174583435,0.8014284416192652,0.0008417367935180664,A>=0.95,1.1<=beta<1.4,A>=0.95 | 1.1<=beta<1.4,baseline_strongest_25
603,642_0.99_1.18.png,642,0.99,1.18,480,640,11.789830674263527,0.45506545901298523,35.38112818334006,0.980956494808197,36.34864804195158,0.9822868704795837,0.9675198586115172,0.0013303756713867188,A>=0.95,1.1<=beta<1.4,A>=0.95 | 1.1<=beta<1.4,baseline_middle_50
604,643_0.82_0.72.png,643,0.82,0.72,480,640,17.088836242939472,0.5793390870094299,39.090004043731874,0.9884697794914246,39.21726105454487,0.9882587194442749,0.1272570108129969,-0.0002110600471496582,0.75<=A<0.85,beta<0.8,0.75<=A<0.85 | beta<0.8,baseline_strongest_25
605,644_0.97_1.85.png,644,0.97,1.85,480,640,9.146358991240099,0.3809768557548523,33.966642495788776,0.9731194376945496,34.730020839345094,0.9733319878578186,0.7633783435563188,0.00021255016326904297,A>=0.95,beta>=1.7,A>=0.95 | beta>=1.7,baseline_middle_50
606,645_0.58_1.99.png,645,0.58,1.99,480,640,15.669546791878696,0.8102685809135437,33.6629790629059,0.9839195609092712,34.26389916708416,0.9847359657287598,0.6009201041782646,0.0008164048194885254,A<0.65,beta>=1.7,A<0.65 | beta>=1.7,baseline_middle_50
607,646_0.52_1.97.png,646,0.52,1.97,480,640,16.537278628245144,0.8226145505905151,32.39682712566725,0.9849000573158264,32.6431276364682,0.9854371547698975,0.24630051080094972,0.0005370974540710449,A<0.65,beta>=1.7,A<0.65 | beta>=1.7,baseline_middle_50
608,647_0.82_0.94.png,647,0.82,0.94,480,640,16.647653426277124,0.8612379431724548,36.6100827331043,0.9903907775878906,35.97348137772868,0.9908532500267029,-0.6366013553756176,0.00046247243881225586,0.75<=A<0.85,0.8<=beta<1.1,0.75<=A<0.85 | 0.8<=beta<1.1,baseline_strongest_25
609,648_0.94_1.95.png,648,0.94,1.95,480,640,10.784964810507613,0.7381727695465088,28.468268617982012,0.9541574716567993,27.533649160072514,0.9508103132247925,-0.9346194579094984,-0.003347158432006836,0.85<=A<0.95,beta>=1.7,0.85<=A<0.95 | beta>=1.7,baseline_weakest_25
610,649_0.85_1.14.png,649,0.85,1.14,480,640,12.54251937475598,0.695288896560669,37.723137646568844,0.9929255247116089,39.191095676941984,0.9919505715370178,1.4679580303731399,-0.0009749531745910645,0.85<=A<0.95,1.1<=beta<1.4,0.85<=A<0.95 | 1.1<=beta<1.4,baseline_strongest_25
611,64_0.62_0.79.png,64,0.62,0.79,400,400,14.354412150890246,0.8218002915382385,30.87542267389473,0.9896445274353027,28.893634422494397,0.9835127592086792,-1.9817882514003315,-0.006131768226623535,A<0.65,beta<0.8,A<0.65 | beta<0.8,baseline_middle_50
612,650_0.56_0.65.png,650,0.56,0.65,480,640,19.209165750995435,0.824536144733429,41.17612156830701,0.9959729909896851,41.74253663425383,0.9960814714431763,0.5664150659468206,0.00010848045349121094,A<0.65,beta<0.8,A<0.65 | beta<0.8,baseline_strongest_25
613,651_0.89_1.04.png,651,0.89,1.04,480,640,12.645427112587917,0.7045016884803772,38.00067318264281,0.9930841326713562,39.33923659191674,0.9924334287643433,1.338563409273931,-0.0006507039070129395,0.85<=A<0.95,0.8<=beta<1.1,0.85<=A<0.95 | 0.8<=beta<1.1,baseline_strongest_25
614,652_0.67_1.73.png,652,0.67,1.73,480,640,12.218864304350213,0.6440449953079224,34.93013196959205,0.989322304725647,37.16555135528102,0.9904640316963196,2.235419385688971,0.0011417269706726074,0.65<=A<0.75,beta>=1.7,0.65<=A<0.75 | beta>=1.7,baseline_middle_50
615,653_0.88_1.66.png,653,0.88,1.66,480,640,10.397878602540036,0.398546427488327,37.73427843987336,0.9711940288543701,37.83741862125923,0.9733574390411377,0.103140181385875,0.002163410186767578,0.85<=A<0.95,1.4<=beta<1.7,0.85<=A<0.95 | 1.4<=beta<1.7,baseline_strongest_25
616,654_0.84_1.35.png,654,0.84,1.35,480,640,12.155081510323456,0.43486303091049194,39.19023020158845,0.9772891402244568,38.938366286707044,0.9786397814750671,-0.2518639148814046,0.0013506412506103516,0.75<=A<0.85,1.1<=beta<1.4,0.75<=A<0.85 | 1.1<=beta<1.4,baseline_strongest_25
617,655_0.8_1.51.png,655,0.8,1.51,480,640,11.838920126533601,0.42661252617836,39.016308237964594,0.9760656952857971,38.92130013661385,0.9774845838546753,-0.09500810135074289,0.0014188885688781738,0.75<=A<0.85,1.4<=beta<1.7,0.75<=A<0.85 | 1.4<=beta<1.7,baseline_strongest_25
618,656_0.88_1.72.png,656,0.88,1.72,480,640,10.174466708038135,0.3936229348182678,37.21660597028802,0.9708595275878906,37.22194860274095,0.9725686311721802,0.005342632452929763,0.0017091035842895508,0.85<=A<0.95,beta>=1.7,0.85<=A<0.95 | beta>=1.7,baseline_strongest_25
619,657_0.61_1.25.png,657,0.61,1.25,480,640,18.49399081289662,0.7953914999961853,38.01512674263153,0.9888066053390503,38.18868784606043,0.9898028373718262,0.17356110342890219,0.000996232032775879,A<0.65,1.1<=beta<1.4,A<0.65 | 1.1<=beta<1.4,baseline_strongest_25
620,658_0.67_0.54.png,658,0.67,0.54,480,640,24.077528058602763,0.8751576542854309,42.136787320820204,0.9940163493156433,41.90133833369231,0.9943155646324158,-0.23544898712789575,0.00029921531677246094,0.65<=A<0.75,beta<0.8,0.65<=A<0.75 | beta<0.8,baseline_strongest_25
621,659_0.8_1.18.png,659,0.8,1.18,480,640,16.718152468214477,0.770513117313385,37.95243378672996,0.9872245788574219,36.99643502922452,0.9875017404556274,-0.9559987575054407,0.0002771615982055664,0.75<=A<0.85,1.1<=beta<1.4,0.75<=A<0.85 | 1.1<=beta<1.4,baseline_strongest_25
622,65_0.89_0.51.png,65,0.89,0.51,400,400,24.715976396602052,0.9741595983505249,29.03191044626118,0.9830749034881592,30.418162532182954,0.9840105772018433,1.3862520859217753,0.000935673713684082,0.85<=A<0.95,beta<0.8,0.85<=A<0.95 | beta<0.8,baseline_middle_50
623,660_0.62_1.91.png,660,0.62,1.91,480,640,15.697974910760792,0.729274332523346,36.00238128813746,0.9844546318054199,36.4138361065703,0.9849449396133423,0.41145481843284415,0.0004903078079223633,A<0.65,beta>=1.7,A<0.65 | beta>=1.7,baseline_strongest_25
624,661_0.7_0.75.png,661,0.7,0.75,480,640,23.025031070478942,0.9491544961929321,39.966784731172595,0.9962792992591858,40.47383593755674,0.9962266683578491,0.5070512063841477,-5.263090133666992e-05,0.65<=A<0.75,beta<0.8,0.65<=A<0.75 | beta<0.8,baseline_strongest_25
625,662_0.79_1.86.png,662,0.79,1.86,480,640,15.765628674586889,0.8641106486320496,34.4804534410939,0.9901355504989624,31.32994046913197,0.9879149198532104,-3.1505129719619305,-0.002220630645751953,0.75<=A<0.85,beta>=1.7,0.75<=A<0.85 | beta>=1.7,baseline_middle_50
626,663_0.84_1.13.png,663,0.84,1.13,480,640,17.913890772183862,0.9062923789024353,37.2799529677401,0.9940188527107239,35.28767757230163,0.9931785464286804,-1.9922753954384689,-0.000840306282043457,0.75<=A<0.85,1.1<=beta<1.4,0.75<=A<0.85 | 1.1<=beta<1.4,baseline_strongest_25
627,664_0.99_1.07.png,664,0.99,1.07,480,640,16.131104857062496,0.8939344882965088,34.78213444537658,0.9926470518112183,32.172117385761204,0.9909465312957764,-2.610017059615373,-0.0017005205154418945,A>=0.95,0.8<=beta<1.1,A>=0.95 | 0.8<=beta<1.1,baseline_middle_50
628,665_0.78_1.86.png,665,0.78,1.86,480,640,15.409631760392902,0.8177726864814758,35.25911594606373,0.9888449907302856,34.77339158101676,0.9887826442718506,-0.4857243650469698,-6.23464584350586e-05,0.75<=A<0.85,beta>=1.7,0.75<=A<0.85 | beta>=1.7,baseline_middle_50
629,666_0.72_0.6.png,666,0.72,0.6,480,640,23.445750013309386,0.9454671740531921,41.31653595796721,0.9961825013160706,40.48299859630431,0.9960713982582092,-0.8335373616628985,-0.00011110305786132812,0.65<=A<0.75,beta<0.8,0.65<=A<0.75 | beta<0.8,baseline_strongest_25
630,667_0.82_1.98.png,667,0.82,1.98,480,640,14.539380487623399,0.8018532395362854,34.47116312041133,0.9870616793632507,33.94064451388507,0.9866080284118652,-0.5305186065262646,-0.00045365095138549805,0.75<=A<0.85,beta>=1.7,0.75<=A<0.85 | beta>=1.7,baseline_middle_50
631,668_0.69_1.25.png,668,0.69,1.25,480,640,18.80151133867027,0.8847453594207764,37.52725023247378,0.9932368397712708,37.53567764296279,0.9935899972915649,0.008427410489005638,0.00035315752029418945,0.65<=A<0.75,1.1<=beta<1.4,0.65<=A<0.75 | 1.1<=beta<1.4,baseline_strongest_25
632,669_0.82_1.33.png,669,0.82,1.33,480,640,15.051730433301513,0.8251163959503174,34.62182873671627,0.9879425168037415,34.48588166129087,0.9882858991622925,-0.13594707542539908,0.0003433823585510254,0.75<=A<0.85,1.1<=beta<1.4,0.75<=A<0.85 | 1.1<=beta<1.4,baseline_middle_50
633,66_0.62_1.57.png,66,0.62,1.57,400,400,16.800542936574498,0.910861074924469,28.267396490295553,0.9829990863800049,25.11246120911943,0.9817476272583008,-3.1549352811761224,-0.0012514591217041016,A<0.65,1.4<=beta<1.7,A<0.65 | 1.4<=beta<1.7,baseline_weakest_25
634,670_0.75_1.02.png,670,0.75,1.02,480,640,17.66755110963583,0.8694291114807129,36.89292873669534,0.9920134544372559,36.26236581063724,0.9912694096565247,-0.6305629260580972,-0.0007440447807312012,0.75<=A<0.85,0.8<=beta<1.1,0.75<=A<0.85 | 0.8<=beta<1.1,baseline_strongest_25
635,671_0.76_1.47.png,671,0.76,1.47,480,640,15.277723255228384,0.8186365365982056,34.760998266896465,0.9876810908317566,34.60158179266645,0.9880816340446472,-0.1594164742300137,0.000400543212890625,0.75<=A<0.85,1.4<=beta<1.7,0.75<=A<0.85 | 1.4<=beta<1.7,baseline_middle_50
636,672_0.65_0.76.png,672,0.65,0.76,480,640,20.88739220219614,0.910801112651825,39.329523462123895,0.9946214556694031,38.45582463235539,0.9933587312698364,-0.8736988297685073,-0.0012627243995666504,0.65<=A<0.75,beta<0.8,0.65<=A<0.75 | beta<0.8,baseline_strongest_25
637,673_0.85_1.82.png,673,0.85,1.82,480,640,15.106857488084305,0.7543745040893555,36.91426689587771,0.9919071793556213,38.14276359787141,0.9913628697395325,1.2284967019936985,-0.0005443096160888672,0.85<=A<0.95,beta>=1.7,0.85<=A<0.95 | beta>=1.7,baseline_strongest_25
638,674_0.95_1.43.png,674,0.95,1.43,480,640,15.70902806825255,0.7781615257263184,36.813306033142645,0.9922236800193787,37.06285131539326,0.991891086101532,0.24954528225061523,-0.0003325939178466797,A>=0.95,1.4<=beta<1.7,A>=0.95 | 1.4<=beta<1.7,baseline_strongest_25
639,675_0.78_1.9.png,675,0.78,1.9,480,640,15.54035822635516,0.7590535283088684,36.25440916033593,0.9915146231651306,38.911970055349286,0.9919437170028687,2.6575608950133542,0.0004290938377380371,0.75<=A<0.85,beta>=1.7,0.75<=A<0.85 | beta>=1.7,baseline_strongest_25
640,676_0.97_1.88.png,676,0.97,1.88,480,640,13.629152552004555,0.7288967967033386,35.533940729662504,0.9894102811813354,35.649262612528524,0.9896732568740845,0.11532188286602008,0.00026297569274902344,A>=0.95,beta>=1.7,A>=0.95 | beta>=1.7,baseline_middle_50
641,677_0.58_1.45.png,677,0.58,1.45,480,640,17.901375201996675,0.9004948139190674,36.96822456701587,0.994388997554779,38.350592195242925,0.994884192943573,1.3823676282270583,0.0004951953887939453,A<0.65,1.4<=beta<1.7,A<0.65 | 1.4<=beta<1.7,baseline_strongest_25
642,678_0.62_0.73.png,678,0.62,0.73,480,640,22.854494511230932,0.9556617140769958,39.886197008574484,0.9964263439178467,42.654423621762085,0.9971030354499817,2.7682266131876005,0.0006766915321350098,A<0.65,beta<0.8,A<0.65 | beta<0.8,baseline_strongest_25
643,679_0.84_1.04.png,679,0.84,1.04,480,640,20.926291849518392,0.9164073467254639,33.937897510547316,0.9945307374000549,36.505847322885685,0.99559086561203,2.5679498123383695,0.0010601282119750977,0.75<=A<0.85,0.8<=beta<1.1,0.75<=A<0.85 | 0.8<=beta<1.1,baseline_middle_50
644,67_0.68_1.12.png,67,0.68,1.12,400,400,19.290104366866235,0.9420136213302612,26.174169945821024,0.983041524887085,27.82928351780461,0.9863225817680359,1.655113571983584,0.0032810568809509277,0.65<=A<0.75,1.1<=beta<1.4,0.65<=A<0.75 | 1.1<=beta<1.4,baseline_weakest_25
645,680_0.72_1.1.png,680,0.72,1.1,480,640,20.81943153900788,0.9199917316436768,35.585521805570565,0.9949145317077637,37.66184363045332,0.9958317279815674,2.076321824882754,0.0009171962738037109,0.65<=A<0.75,1.1<=beta<1.4,0.65<=A<0.75 | 1.1<=beta<1.4,baseline_middle_50
646,681_0.89_1.64.png,681,0.89,1.64,480,640,16.873974156240024,0.8488722443580627,30.012087448735166,0.9872701168060303,33.05814294496757,0.989874005317688,3.0460554962324053,0.002603888511657715,0.85<=A<0.95,1.4<=beta<1.7,0.85<=A<0.95 | 1.4<=beta<1.7,baseline_middle_50
647,682_0.58_0.74.png,682,0.58,0.74,480,640,22.747413678331768,0.957123339176178,40.652070789728604,0.9967560768127441,41.81452814496291,0.996941864490509,1.1624573552343023,0.00018578767776489258,A<0.65,beta<0.8,A<0.65 | beta<0.8,baseline_strongest_25
648,683_0.65_0.66.png,683,0.65,0.66,480,640,24.093577868029094,0.9609918594360352,39.57510514567772,0.9966704845428467,41.32882338256036,0.9969549775123596,1.7537182368826407,0.00028449296951293945,0.65<=A<0.75,beta<0.8,0.65<=A<0.75 | beta<0.8,baseline_strongest_25
649,684_0.89_1.28.png,684,0.89,1.28,480,640,18.214031122137598,0.8833237290382385,30.889682594530797,0.9899288415908813,34.37513480828868,0.9925779700279236,3.485452213757881,0.0026491284370422363,0.85<=A<0.95,1.1<=beta<1.4,0.85<=A<0.95 | 1.1<=beta<1.4,baseline_middle_50
650,685_0.95_1.13.png,685,0.95,1.13,480,640,11.294743316377023,0.720256507396698,31.21627334403493,0.9840401411056519,32.33470581055283,0.9856162071228027,1.118432466517902,0.001576066017150879,A>=0.95,1.1<=beta<1.4,A>=0.95 | 1.1<=beta<1.4,baseline_middle_50
651,686_0.88_1.15.png,686,0.88,1.15,480,640,12.072965975143417,0.7312947511672974,32.201559621256635,0.9857590198516846,33.407078337231646,0.9870554208755493,1.2055187159750105,0.001296401023864746,0.85<=A<0.95,1.1<=beta<1.4,0.85<=A<0.95 | 1.1<=beta<1.4,baseline_middle_50
652,687_0.97_0.94.png,687,0.97,0.94,480,640,12.200408871178382,0.749465823173523,30.988832809149507,0.985205352306366,32.384489067718725,0.9873483777046204,1.3956562585692183,0.0021430253982543945,A>=0.95,0.8<=beta<1.1,A>=0.95 | 0.8<=beta<1.1,baseline_middle_50
653,688_0.83_1.51.png,688,0.83,1.51,480,640,11.178067390381354,0.6888772249221802,32.385613759970376,0.9831689596176147,32.52596507391938,0.9840816259384155,0.14035131394900446,0.0009126663208007812,0.75<=A<0.85,1.4<=beta<1.7,0.75<=A<0.85 | 1.4<=beta<1.7,baseline_middle_50
654,689_0.67_0.91.png,689,0.67,0.91,480,640,22.622308808526665,0.9269591569900513,41.99157236527771,0.9963971972465515,40.36626927224091,0.9960324168205261,-1.6253030930367984,-0.0003647804260253906,0.65<=A<0.75,0.8<=beta<1.1,0.65<=A<0.75 | 0.8<=beta<1.1,baseline_strongest_25
655,68_0.78_1.68.png,68,0.78,1.68,400,400,15.666028020012464,0.8765204548835754,29.36867974593444,0.9805731773376465,29.475571389448906,0.9806247353553772,0.10689164351446578,5.155801773071289e-05,0.75<=A<0.85,1.4<=beta<1.7,0.75<=A<0.85 | 1.4<=beta<1.7,baseline_middle_50
656,690_0.62_0.99.png,690,0.62,0.99,480,640,22.612565460896388,0.9265893697738647,41.9024958141039,0.9962446093559265,40.35189386316665,0.9959654808044434,-1.5506019509372493,-0.0002791285514831543,A<0.65,0.8<=beta<1.1,A<0.65 | 0.8<=beta<1.1,baseline_strongest_25
657,691_0.84_1.65.png,691,0.84,1.65,480,640,16.104773159260528,0.8428561687469482,35.78772692970598,0.992638111114502,35.640649062548924,0.9923131465911865,-0.1470778671570585,-0.0003249645233154297,0.75<=A<0.85,1.4<=beta<1.7,0.75<=A<0.85 | 1.4<=beta<1.7,baseline_middle_50
658,692_0.92_1.8.png,692,0.92,1.8,480,640,14.518658721028341,0.8176950812339783,32.70016805536373,0.9898613095283508,32.91774162715082,0.9898794293403625,0.21757357178708503,1.811981201171875e-05,0.85<=A<0.95,beta>=1.7,0.85<=A<0.95 | beta>=1.7,baseline_middle_50
659,693_0.8_1.0.png,693,0.8,1.0,480,640,14.392137090989003,0.7701517939567566,36.974336395372134,0.9931097626686096,36.08739345988207,0.9925752878189087,-0.8869429354900618,-0.0005344748497009277,0.75<=A<0.85,0.8<=beta<1.1,0.75<=A<0.85 | 0.8<=beta<1.1,baseline_strongest_25
660,694_0.63_0.82.png,694,0.63,0.82,480,640,18.45585205562601,0.8308980464935303,40.415627704131545,0.9953017830848694,38.83820289318082,0.994968056678772,-1.577424810950724,-0.0003337264060974121,A<0.65,0.8<=beta<1.1,A<0.65 | 0.8<=beta<1.1,baseline_strongest_25
661,695_0.61_1.6.png,695,0.61,1.6,480,640,14.686076241843075,0.7271093726158142,36.40186711340284,0.9910438656806946,36.645920977267764,0.9907557964324951,0.24405386386492722,-0.0002880692481994629,A<0.65,1.4<=beta<1.7,A<0.65 | 1.4<=beta<1.7,baseline_strongest_25
662,696_0.96_1.81.png,696,0.96,1.81,480,640,8.743694233329887,0.6232584714889526,31.599223082141474,0.981024980545044,31.227021970284085,0.9810131192207336,-0.3722011118573896,-1.1861324310302734e-05,A>=0.95,beta>=1.7,A>=0.95 | beta>=1.7,baseline_middle_50
663,697_0.85_1.82.png,697,0.85,1.82,480,640,11.29346962184224,0.6968072056770325,36.02396315130423,0.989108681678772,36.973649077754146,0.9886887073516846,0.9496859264499165,-0.00041997432708740234,0.85<=A<0.95,beta>=1.7,0.85<=A<0.95 | beta>=1.7,baseline_strongest_25
664,698_0.51_1.13.png,698,0.51,1.13,480,640,18.88084484728037,0.8385675549507141,37.87303956169889,0.995132565498352,39.43308070446854,0.995293915271759,1.5600411427696486,0.00016134977340698242,A<0.65,1.1<=beta<1.4,A<0.65 | 1.1<=beta<1.4,baseline_strongest_25
665,699_0.67_1.68.png,699,0.67,1.68,480,640,14.203328772470545,0.7472817897796631,37.67211847376104,0.992423951625824,38.73351405668076,0.9920864701271057,1.0613955829197224,-0.0003374814987182617,0.65<=A<0.75,1.4<=beta<1.7,0.65<=A<0.75 | 1.4<=beta<1.7,baseline_strongest_25
666,69_0.85_0.92.png,69,0.85,0.92,400,400,13.150915348749475,0.7755202054977417,30.846838229011986,0.988641619682312,31.7304280482307,0.9868099093437195,0.883589819218713,-0.0018317103385925293,0.85<=A<0.95,0.8<=beta<1.1,0.85<=A<0.95 | 0.8<=beta<1.1,baseline_middle_50
667,6_0.59_1.99.png,6,0.59,1.99,400,400,15.79632995518021,0.8350812196731567,31.437604086208285,0.9853079319000244,32.73085739796424,0.9869743585586548,1.293253311755958,0.001666426658630371,A<0.65,beta>=1.7,A<0.65 | beta>=1.7,baseline_middle_50
668,700_0.87_1.42.png,700,0.87,1.42,480,640,12.502917138973292,0.7375316023826599,36.88212683151568,0.9916777610778809,37.88370592657458,0.9912360310554504,1.0015790950589007,-0.0004417300224304199,0.85<=A<0.95,1.4<=beta<1.7,0.85<=A<0.95 | 1.4<=beta<1.7,baseline_strongest_25
669,701_0.72_0.54.png,701,0.72,0.54,480,640,21.30878894427881,0.7403315305709839,43.049282278039136,0.9920770525932312,43.8240603054996,0.9924407601356506,0.7747780274604636,0.0003637075424194336,0.65<=A<0.75,beta<0.8,0.65<=A<0.75 | beta<0.8,baseline_strongest_25
670,702_0.99_1.46.png,702,0.99,1.46,480,640,11.35315084971927,0.553288996219635,37.046942400384125,0.9781941771507263,37.6788417888048,0.9784025549888611,0.6318993884206776,0.00020837783813476562,A>=0.95,1.4<=beta<1.7,A>=0.95 | 1.4<=beta<1.7,baseline_strongest_25
671,703_0.99_1.55.png,703,0.99,1.55,480,640,10.985538959134429,0.5440701246261597,36.791822655014286,0.9762011170387268,37.4962959542527,0.976695716381073,0.7044732992384155,0.0004945993423461914,A>=0.95,1.4<=beta<1.7,A>=0.95 | 1.4<=beta<1.7,baseline_strongest_25
672,704_0.99_1.12.png,704,0.99,1.12,480,640,13.06396293054119,0.5934708714485168,37.68341554727938,0.9823203086853027,38.522726920649,0.9822192192077637,0.8393113733696183,-0.0001010894775390625,A>=0.95,1.1<=beta<1.4,A>=0.95 | 1.1<=beta<1.4,baseline_strongest_25
673,705_0.82_1.3.png,705,0.82,1.3,480,640,12.614569614653915,0.7524939775466919,35.84232538854904,0.989402711391449,36.10777577489226,0.9899054765701294,0.26545038634321827,0.0005027651786804199,0.75<=A<0.85,1.1<=beta<1.4,0.75<=A<0.85 | 1.1<=beta<1.4,baseline_strongest_25
674,706_0.76_0.65.png,706,0.76,0.65,480,640,17.862672928156094,0.8470333218574524,41.21433812668498,0.995471715927124,39.45664329155373,0.9944776892662048,-1.7576948351312467,-0.0009940266609191895,0.75<=A<0.85,beta<0.8,0.75<=A<0.85 | beta<0.8,baseline_strongest_25
675,707_0.88_1.27.png,707,0.88,1.27,480,640,11.991694504095838,0.7456238865852356,34.696402407157876,0.9884340763092041,35.669854279129616,0.9896154999732971,0.97345187197174,0.0011814236640930176,0.85<=A<0.95,1.1<=beta<1.4,0.85<=A<0.95 | 1.1<=beta<1.4,baseline_middle_50
676,708_0.81_0.85.png,708,0.81,0.85,480,640,15.351960798344146,0.8095980286598206,39.061960381765104,0.9937141537666321,37.6286301909445,0.9923478364944458,-1.4333301908206053,-0.0013663172721862793,0.75<=A<0.85,0.8<=beta<1.1,0.75<=A<0.85 | 0.8<=beta<1.1,baseline_strongest_25
677,709_0.82_0.76.png,709,0.82,0.76,480,640,24.697094888833995,0.9381549954414368,39.147659152962646,0.995756983757019,40.39977567285999,0.9960386157035828,1.252116519897342,0.0002816319465637207,0.75<=A<0.85,beta<0.8,0.75<=A<0.85 | beta<0.8,baseline_strongest_25
678,70_0.84_1.08.png,70,0.84,1.08,400,400,12.093175934889926,0.7454672455787659,31.03706103250962,0.9880883693695068,31.310997084296982,0.9859793186187744,0.2739360517873628,-0.002109050750732422,0.75<=A<0.85,0.8<=beta<1.1,0.75<=A<0.85 | 0.8<=beta<1.1,baseline_middle_50
679,710_0.76_0.76.png,710,0.76,0.76,480,640,25.760371813455155,0.9430195093154907,40.18184346413351,0.9961729645729065,41.31988845467761,0.9963928461074829,1.1380449905441026,0.00021988153457641602,0.75<=A<0.85,beta<0.8,0.75<=A<0.85 | beta<0.8,baseline_strongest_25
680,711_0.55_1.83.png,711,0.55,1.83,480,640,23.347921575597283,0.9057542681694031,37.65835465982049,0.9948264360427856,37.8773977061436,0.9951615929603577,0.21904304632310811,0.0003351569175720215,A<0.65,beta>=1.7,A<0.65 | beta>=1.7,baseline_strongest_25
681,712_0.91_0.63.png,712,0.91,0.63,480,640,24.655301857979946,0.9421048760414124,39.983828143231136,0.9958915710449219,40.71194642907241,0.995988667011261,0.7281182858412762,9.709596633911133e-05,0.85<=A<0.95,beta<0.8,0.85<=A<0.95 | beta<0.8,baseline_strongest_25
682,713_0.58_0.72.png,713,0.58,0.72,480,640,25.626078269412012,0.9804765582084656,42.69748813477881,0.997385561466217,42.880120252433386,0.9974089860916138,0.18263211765457754,2.3424625396728516e-05,A<0.65,beta<0.8,A<0.65 | beta<0.8,baseline_strongest_25
683,714_0.64_1.61.png,714,0.64,1.61,480,640,21.010687134336447,0.9395342469215393,38.40263921971982,0.9958661794662476,34.47579322054302,0.9945683479309082,-3.9268459991768054,-0.0012978315353393555,A<0.65,1.4<=beta<1.7,A<0.65 | 1.4<=beta<1.7,baseline_strongest_25
684,715_0.63_1.36.png,715,0.63,1.36,480,640,21.94958906337768,0.9514430165290833,40.12455150955639,0.9965767860412598,36.24444986697966,0.9955719709396362,-3.880101642576733,-0.0010048151016235352,A<0.65,1.1<=beta<1.4,A<0.65 | 1.1<=beta<1.4,baseline_strongest_25
685,716_0.87_1.54.png,716,0.87,1.54,480,640,20.541384004324588,0.9282964468002319,31.888048653704764,0.993486225605011,31.920750122315194,0.9936488270759583,0.032701468610429885,0.00016260147094726562,0.85<=A<0.95,1.4<=beta<1.7,0.85<=A<0.95 | 1.4<=beta<1.7,baseline_middle_50
686,717_0.8_0.81.png,717,0.8,0.81,480,640,22.557444498922056,0.9456332921981812,36.77184918116682,0.9951676726341248,37.933055942622794,0.995041012763977,1.161206761455972,-0.00012665987014770508,0.75<=A<0.85,0.8<=beta<1.1,0.75<=A<0.85 | 0.8<=beta<1.1,baseline_strongest_25
687,718_0.99_0.96.png,718,0.99,0.96,480,640,18.916149458586744,0.9189993739128113,35.263597738978575,0.9933033585548401,36.551826867524014,0.992989718914032,1.2882291285454386,-0.00031363964080810547,A>=0.95,0.8<=beta<1.1,A>=0.95 | 0.8<=beta<1.1,baseline_middle_50
688,719_0.73_1.72.png,719,0.73,1.72,480,640,18.317236441831184,0.8932746648788452,34.88687234969484,0.9919765591621399,34.923313197799104,0.9921770095825195,0.03644084810426307,0.00020045042037963867,0.65<=A<0.75,beta>=1.7,0.65<=A<0.75 | beta>=1.7,baseline_middle_50
689,71_0.51_0.85.png,71,0.51,0.85,400,400,17.882908181916097,0.8589959740638733,31.980780027538202,0.9923179745674133,31.296913601181963,0.9883264303207397,-0.6838664263562393,-0.003991544246673584,A<0.65,0.8<=beta<1.1,A<0.65 | 0.8<=beta<1.1,baseline_middle_50
690,720_0.96_1.96.png,720,0.96,1.96,480,640,14.599786048939063,0.8515491485595703,31.167110377456126,0.9877974390983582,28.979722379035195,0.9864208102226257,-2.187387998420931,-0.0013766288757324219,A>=0.95,beta>=1.7,A>=0.95 | beta>=1.7,baseline_middle_50
691,721_0.9_1.42.png,721,0.9,1.42,480,640,17.170482507002372,0.8734128475189209,33.39333660424713,0.9917670488357544,32.96239128812525,0.9915242791175842,-0.43094531612188547,-0.00024276971817016602,0.85<=A<0.95,1.4<=beta<1.7,0.85<=A<0.95 | 1.4<=beta<1.7,baseline_middle_50
692,722_0.57_1.91.png,722,0.57,1.91,480,640,17.797034676799978,0.8708146214485168,31.53876848067325,0.9896613955497742,31.388468195060785,0.9904941320419312,-0.15030028561246667,0.0008327364921569824,A<0.65,beta>=1.7,A<0.65 | beta>=1.7,baseline_middle_50
693,723_0.75_0.58.png,723,0.75,0.58,480,640,24.77908182334355,0.9621471166610718,40.28576681676344,0.9965118765830994,39.49622789537633,0.9965165257453918,-0.7895389213871127,4.649162292480469e-06,0.75<=A<0.85,beta<0.8,0.75<=A<0.85 | beta<0.8,baseline_strongest_25
694,724_0.53_1.64.png,724,0.53,1.64,480,640,18.354995835412055,0.8927095532417297,32.632566241039925,0.9914895296096802,32.29197984992676,0.9920375943183899,-0.34058639111316324,0.0005480647087097168,A<0.65,1.4<=beta<1.7,A<0.65 | 1.4<=beta<1.7,baseline_middle_50
695,725_0.52_1.2.png,725,0.52,1.2,480,640,18.046706520920054,0.8551487922668457,37.638378293957444,0.9892550110816956,36.83845005083833,0.9888289570808411,-0.7999282431191119,-0.0004260540008544922,A<0.65,1.1<=beta<1.4,A<0.65 | 1.1<=beta<1.4,baseline_strongest_25
696,726_0.61_1.15.png,726,0.61,1.15,480,640,17.703192720159624,0.8425140976905823,37.257893305815884,0.9881768226623535,36.52700138320158,0.9871652126312256,-0.7308919226143047,-0.0010116100311279297,A<0.65,1.1<=beta<1.4,A<0.65 | 1.1<=beta<1.4,baseline_strongest_25
697,727_0.64_0.73.png,727,0.64,0.73,480,640,20.509360186578476,0.8912550210952759,39.11660068975958,0.9914050698280334,37.96331023325279,0.9906054735183716,-1.153290456506788,-0.0007995963096618652,A<0.65,beta<0.8,A<0.65 | beta<0.8,baseline_strongest_25
698,728_0.75_1.78.png,728,0.75,1.78,480,640,13.532717869142491,0.7398779392242432,32.45602430213471,0.975018322467804,32.44947695617839,0.9732913374900818,-0.0065473459563207825,-0.001726984977722168,0.75<=A<0.85,beta>=1.7,0.75<=A<0.85 | beta>=1.7,baseline_middle_50
699,729_0.93_1.82.png,729,0.93,1.82,480,640,10.793771693567207,0.7725072503089905,30.780089410713437,0.9789878129959106,28.0047109899525,0.974107563495636,-2.775378420760937,-0.004880249500274658,0.85<=A<0.95,beta>=1.7,0.85<=A<0.95 | beta>=1.7,baseline_middle_50
700,72_0.99_1.92.png,72,0.99,1.92,400,400,7.894043123401642,0.5870447754859924,25.073698566177054,0.9617658853530884,25.49250713989734,0.95904141664505,0.41880857372028757,-0.00272446870803833,A>=0.95,beta>=1.7,A>=0.95 | beta>=1.7,baseline_weakest_25
701,730_0.73_1.15.png,730,0.73,1.15,480,640,16.22195220695754,0.8706088066101074,31.688359442234262,0.9884262681007385,32.836544018670544,0.9896042346954346,1.1481845764362824,0.001177966594696045,0.65<=A<0.75,1.1<=beta<1.4,0.65<=A<0.75 | 1.1<=beta<1.4,baseline_middle_50
702,731_0.77_1.95.png,731,0.77,1.95,480,640,12.4783537477254,0.7973532676696777,32.52993476823836,0.9832066297531128,29.62420865555842,0.9793949127197266,-2.905726112679943,-0.0038117170333862305,0.75<=A<0.85,beta>=1.7,0.75<=A<0.85 | beta>=1.7,baseline_middle_50
703,732_0.9_0.79.png,732,0.9,0.79,480,640,16.400381753804783,0.8814125061035156,33.42771659293875,0.9914878010749817,32.571010415074085,0.9904823303222656,-0.8567061778646661,-0.0010054707527160645,0.85<=A<0.95,beta<0.8,0.85<=A<0.95 | beta<0.8,baseline_middle_50
704,733_0.65_1.63.png,733,0.65,1.63,480,640,20.83643529334885,0.9120296835899353,31.054206626486447,0.9924941658973694,30.109373743192265,0.9925516843795776,-0.9448328832941826,5.751848220825195e-05,0.65<=A<0.75,1.4<=beta<1.7,0.65<=A<0.75 | 1.4<=beta<1.7,baseline_middle_50
705,734_0.89_1.57.png,734,0.89,1.57,480,640,17.86663037676677,0.8961363434791565,30.182155712002054,0.9902857542037964,28.23497756006949,0.9909372925758362,-1.9471781519325653,0.0006515383720397949,0.85<=A<0.95,1.4<=beta<1.7,0.85<=A<0.95 | 1.4<=beta<1.7,baseline_middle_50
706,735_0.79_1.19.png,735,0.79,1.19,480,640,21.473686290824517,0.9320727586746216,32.38845239645415,0.9935383200645447,31.733863044088828,0.9946798086166382,-0.6545893523653206,0.0011414885520935059,0.75<=A<0.85,1.1<=beta<1.4,0.75<=A<0.85 | 1.1<=beta<1.4,baseline_middle_50
707,736_0.92_0.9.png,736,0.92,0.9,480,640,20.909334244628255,0.9439255595207214,33.328303036959625,0.9941614270210266,32.28009465033456,0.9950855374336243,-1.0482083866250633,0.0009241104125976562,0.85<=A<0.95,0.8<=beta<1.1,0.85<=A<0.95 | 0.8<=beta<1.1,baseline_middle_50
708,737_0.97_1.23.png,737,0.97,1.23,480,640,12.56305745309997,0.7019007802009583,27.722393947176535,0.9638643860816956,29.2044274067094,0.9629337191581726,1.4820334595328646,-0.0009306669235229492,A>=0.95,1.1<=beta<1.4,A>=0.95 | 1.1<=beta<1.4,baseline_weakest_25
709,738_0.8_0.91.png,738,0.8,0.91,480,640,16.47093907772572,0.7939605116844177,30.439701450037223,0.9791414737701416,31.794565266900193,0.9737659096717834,1.35486381686297,-0.005375564098358154,0.75<=A<0.85,0.8<=beta<1.1,0.75<=A<0.85 | 0.8<=beta<1.1,baseline_middle_50
710,739_0.58_1.14.png,739,0.58,1.14,480,640,17.68660663153817,0.809037446975708,32.30902085926686,0.9830425381660461,31.94093217964534,0.978171706199646,-0.36808867962151837,-0.0048708319664001465,A<0.65,1.1<=beta<1.4,A<0.65 | 1.1<=beta<1.4,baseline_middle_50
711,73_0.54_1.5.png,73,0.54,1.5,400,400,23.111221687551673,0.9650609493255615,22.7673033518225,0.9839721322059631,20.757507285228694,0.9801406860351562,-2.009796066593804,-0.0038314461708068848,A<0.65,1.4<=beta<1.7,A<0.65 | 1.4<=beta<1.7,baseline_weakest_25
712,740_0.81_0.75.png,740,0.81,0.75,480,640,17.797286027543255,0.8219448328018188,30.807205553924867,0.9819957613945007,32.44107202401185,0.9758324027061462,1.6338664700869856,-0.006163358688354492,0.75<=A<0.85,beta<0.8,0.75<=A<0.85 | beta<0.8,baseline_middle_50
713,741_0.56_1.58.png,741,0.56,1.58,480,640,24.43622237178284,0.9528438448905945,37.1034869948719,0.9948725700378418,36.97905704624657,0.9950765371322632,-0.12442994862533396,0.00020396709442138672,A<0.65,1.4<=beta<1.7,A<0.65 | 1.4<=beta<1.7,baseline_strongest_25
714,742_0.81_1.63.png,742,0.81,1.63,480,640,18.82555833033981,0.9298041462898254,27.507982787221017,0.9893751740455627,27.6541135585581,0.9898030757904053,0.1461307713370843,0.0004279017448425293,0.75<=A<0.85,1.4<=beta<1.7,0.75<=A<0.85 | 1.4<=beta<1.7,baseline_weakest_25
715,743_0.95_1.15.png,743,0.95,1.15,480,640,18.676208099256908,0.9413655996322632,28.9737936357108,0.9914446473121643,27.899949391250946,0.9907126426696777,-1.0738442444598526,-0.0007320046424865723,A>=0.95,1.1<=beta<1.4,A>=0.95 | 1.1<=beta<1.4,baseline_middle_50
716,744_0.73_1.83.png,744,0.73,1.83,480,640,19.795366981861168,0.9289800524711609,28.28319540674114,0.9901180267333984,28.065111105410928,0.9901297688484192,-0.21808430133021162,1.1742115020751953e-05,0.65<=A<0.75,beta>=1.7,0.65<=A<0.75 | beta>=1.7,baseline_weakest_25
717,745_0.58_1.34.png,745,0.58,1.34,480,640,21.936699356849964,0.9296567440032959,34.68923471547058,0.9915168881416321,37.41108956378377,0.9927691221237183,2.7218548483131855,0.0012522339820861816,A<0.65,1.1<=beta<1.4,A<0.65 | 1.1<=beta<1.4,baseline_middle_50
718,746_0.99_1.16.png,746,0.99,1.16,480,640,16.30825259971943,0.8893165588378906,28.386073174786553,0.9839181900024414,29.653386401732412,0.986082136631012,1.2673132269458591,0.0021639466285705566,A>=0.95,1.1<=beta<1.4,A>=0.95 | 1.1<=beta<1.4,baseline_weakest_25
719,747_0.72_0.64.png,747,0.72,0.64,480,640,24.786655262740673,0.9572197794914246,34.51018068138298,0.9936089515686035,37.00660819818512,0.9947856068611145,2.496427516802143,0.0011766552925109863,0.65<=A<0.75,beta<0.8,0.65<=A<0.75 | beta<0.8,baseline_middle_50
720,748_0.73_1.16.png,748,0.73,1.16,480,640,20.112885581935203,0.9212395548820496,32.22258108907091,0.9892086982727051,34.19991794654474,0.9915425777435303,1.97733685747383,0.0023338794708251953,0.65<=A<0.75,1.1<=beta<1.4,0.65<=A<0.75 | 1.1<=beta<1.4,baseline_middle_50
721,749_0.73_1.08.png,749,0.73,1.08,480,640,22.48357448915654,0.9588019847869873,34.98337129026527,0.9937472343444824,33.43741599421809,0.9931610822677612,-1.5459552960471754,-0.0005861520767211914,0.65<=A<0.75,0.8<=beta<1.1,0.65<=A<0.75 | 0.8<=beta<1.1,baseline_middle_50
722,74_0.62_1.6.png,74,0.62,1.6,400,400,23.198171251857865,0.9613603353500366,24.396242915688184,0.985651433467865,22.24630501545959,0.9825855493545532,-2.1499379002285934,-0.0030658841133117676,A<0.65,1.4<=beta<1.7,A<0.65 | 1.4<=beta<1.7,baseline_weakest_25
723,750_0.6_1.27.png,750,0.6,1.27,480,640,23.83496065907101,0.960364043712616,36.30125802475697,0.9943910241127014,35.60358459774266,0.9943320155143738,-0.6976734270143083,-5.900859832763672e-05,A<0.65,1.1<=beta<1.4,A<0.65 | 1.1<=beta<1.4,baseline_strongest_25
724,751_0.54_1.86.png,751,0.54,1.86,480,640,22.236993164850603,0.9433640241622925,34.214593450440056,0.9920223355293274,34.51797535387342,0.9922130107879639,0.3033819034333618,0.0001906752586364746,A<0.65,beta>=1.7,A<0.65 | beta>=1.7,baseline_middle_50
725,752_0.51_1.28.png,752,0.51,1.28,480,640,24.788955549428398,0.9654175043106079,35.47445725299745,0.9949596524238586,36.31391987372348,0.9951145052909851,0.8394626207260245,0.00015485286712646484,A<0.65,1.1<=beta<1.4,A<0.65 | 1.1<=beta<1.4,baseline_middle_50
726,753_0.9_1.18.png,753,0.9,1.18,480,640,19.523999508214157,0.9306402206420898,34.70867827561581,0.9926478862762451,33.66760631989132,0.9913213849067688,-1.0410719557244903,-0.0013265013694763184,0.85<=A<0.95,1.1<=beta<1.4,0.85<=A<0.95 | 1.1<=beta<1.4,baseline_middle_50
727,754_0.73_1.45.png,754,0.73,1.45,480,640,20.51934314159591,0.9288569092750549,35.76802334272722,0.9935795068740845,35.19566573733881,0.9931765794754028,-0.5723576053884116,-0.0004029273986816406,0.65<=A<0.75,1.4<=beta<1.7,0.65<=A<0.75 | 1.4<=beta<1.7,baseline_middle_50
728,755_0.58_0.84.png,755,0.58,0.84,480,640,25.178425620856807,0.9624412059783936,39.836160258292516,0.9966173768043518,40.05863505757767,0.9968093633651733,0.2224747992851519,0.0001919865608215332,A<0.65,0.8<=beta<1.1,A<0.65 | 0.8<=beta<1.1,baseline_strongest_25
729,756_0.75_1.06.png,756,0.75,1.06,480,640,22.284391546040013,0.9450931549072266,36.72357043540437,0.9948657751083374,35.89588298070201,0.9945589303970337,-0.8276874547023567,-0.00030684471130371094,0.75<=A<0.85,0.8<=beta<1.1,0.75<=A<0.85 | 0.8<=beta<1.1,baseline_strongest_25
730,757_0.64_1.31.png,757,0.64,1.31,480,640,19.3032704583631,0.8780395984649658,32.606830642098274,0.9913964867591858,34.64032678609547,0.9919269680976868,2.0334961439971977,0.0005304813385009766,A<0.65,1.1<=beta<1.4,A<0.65 | 1.1<=beta<1.4,baseline_middle_50
731,758_0.61_0.98.png,758,0.61,0.98,480,640,21.131156768553314,0.9096591472625732,34.2157287553634,0.9937520623207092,36.308100048112124,0.9941655397415161,2.092371292748723,0.00041347742080688477,A<0.65,0.8<=beta<1.1,A<0.65 | 0.8<=beta<1.1,baseline_middle_50
732,759_0.96_0.76.png,759,0.96,0.76,480,640,19.760112368811832,0.9006861448287964,31.142781252925523,0.9902833700180054,30.764774972731963,0.9897258877754211,-0.37800628019356,-0.0005574822425842285,A>=0.95,beta<0.8,A>=0.95 | beta<0.8,baseline_middle_50
733,75_0.99_0.83.png,75,0.99,0.83,400,400,15.388279711411233,0.9482842683792114,26.679298887050976,0.9899794459342957,25.4382176228806,0.988932192325592,-1.2410812641703757,-0.0010472536087036133,A>=0.95,0.8<=beta<1.1,A>=0.95 | 0.8<=beta<1.1,baseline_weakest_25
734,760_0.85_1.01.png,760,0.85,1.01,480,640,19.45952473495051,0.885879397392273,31.814483612877243,0.9902909994125366,30.97835377087875,0.9895253777503967,-0.8361298419984919,-0.0007656216621398926,0.85<=A<0.95,0.8<=beta<1.1,0.85<=A<0.95 | 0.8<=beta<1.1,baseline_middle_50
735,761_0.56_1.17.png,761,0.56,1.17,480,640,18.597440181398706,0.6244369745254517,39.475081502084095,0.9908692836761475,40.12161218765272,0.9915183186531067,0.6465306855686279,0.0006490349769592285,A<0.65,1.1<=beta<1.4,A<0.65 | 1.1<=beta<1.4,baseline_strongest_25
736,762_0.57_1.33.png,762,0.57,1.33,480,640,17.614139181758684,0.598421573638916,38.29309882468109,0.9894098043441772,39.21098296089561,0.9905582666397095,0.9178841362145249,0.0011484622955322266,A<0.65,1.1<=beta<1.4,A<0.65 | 1.1<=beta<1.4,baseline_strongest_25
737,763_0.82_1.68.png,763,0.82,1.68,480,640,12.362973742103879,0.4898083508014679,35.69475351330803,0.9829040765762329,35.18990660836293,0.9826181530952454,-0.5048469049450972,-0.00028592348098754883,0.75<=A<0.85,1.4<=beta<1.7,0.75<=A<0.85 | 1.4<=beta<1.7,baseline_middle_50
738,764_0.9_1.49.png,764,0.9,1.49,480,640,12.019330601432571,0.49465155601501465,35.335535457734785,0.983193039894104,35.11397719211574,0.9831569194793701,-0.2215582656190449,-3.612041473388672e-05,0.85<=A<0.95,1.4<=beta<1.7,0.85<=A<0.95 | 1.4<=beta<1.7,baseline_middle_50
739,765_0.56_1.92.png,765,0.56,1.92,480,640,13.573322619605737,0.6711170673370361,31.323846892201495,0.9841682314872742,28.38596997273688,0.9812292456626892,-2.937876919464614,-0.002938985824584961,A<0.65,beta>=1.7,A<0.65 | beta>=1.7,baseline_middle_50
740,766_0.58_1.2.png,766,0.58,1.2,480,640,16.002373011117715,0.7558558583259583,37.80436447957469,0.9923473596572876,34.03732096520724,0.9915153980255127,-3.767043514367444,-0.0008319616317749023,A<0.65,1.1<=beta<1.4,A<0.65 | 1.1<=beta<1.4,baseline_strongest_25
741,767_0.78_1.61.png,767,0.78,1.61,480,640,11.154690072425982,0.6497623920440674,33.99245853835517,0.9855515360832214,32.47466197112919,0.985177218914032,-1.5177965672259859,-0.0003743171691894531,0.75<=A<0.85,1.4<=beta<1.7,0.75<=A<0.85 | 1.4<=beta<1.7,baseline_middle_50
742,768_0.65_1.02.png,768,0.65,1.02,480,640,15.874013161711257,0.7655137181282043,39.27700376278906,0.9934244751930237,36.31135265390646,0.9930806756019592,-2.9656511088825965,-0.0003437995910644531,0.65<=A<0.75,0.8<=beta<1.1,0.65<=A<0.75 | 0.8<=beta<1.1,baseline_strongest_25
743,769_0.81_1.66.png,769,0.81,1.66,480,640,13.01019084865391,0.6237365007400513,36.54341560098274,0.9822394251823425,36.70938971155502,0.9819029569625854,0.16597411057227873,-0.0003364682197570801,0.75<=A<0.85,1.4<=beta<1.7,0.75<=A<0.85 | 1.4<=beta<1.7,baseline_strongest_25
744,76_0.64_1.74.png,76,0.64,1.74,400,400,22.221535521954756,0.9556422233581543,23.150978099518245,0.9830029606819153,22.37597887198401,0.9815607666969299,-0.7749992275342343,-0.0014421939849853516,A<0.65,beta>=1.7,A<0.65 | beta>=1.7,baseline_weakest_25
745,770_0.95_0.52.png,770,0.95,0.52,480,640,19.243233801936725,0.7698010206222534,41.43553428834394,0.9923427104949951,40.60556808022926,0.9922213554382324,-0.8299662081146764,-0.00012135505676269531,A>=0.95,beta<0.8,A>=0.95 | beta<0.8,baseline_strongest_25
746,771_0.84_0.54.png,771,0.84,0.54,480,640,20.24100468826979,0.7828521132469177,41.30111710495938,0.9927945137023926,41.58677701990632,0.9928479194641113,0.2856599149469403,5.340576171875e-05,0.75<=A<0.85,beta<0.8,0.75<=A<0.85 | beta<0.8,baseline_strongest_25
747,772_0.69_1.76.png,772,0.69,1.76,480,640,14.285594149361742,0.6429789662361145,37.51555979809879,0.9844344258308411,37.81515906596543,0.9844985604286194,0.2995992678666397,6.413459777832031e-05,0.65<=A<0.75,beta>=1.7,0.65<=A<0.75 | beta>=1.7,baseline_strongest_25
748,773_0.51_0.63.png,773,0.51,0.63,480,640,22.60802935338082,0.7808090448379517,44.3659884321212,0.9929184317588806,43.205567652764884,0.993023693561554,-1.1604207793563148,0.00010526180267333984,A<0.65,beta<0.8,A<0.65 | beta<0.8,baseline_strongest_25
749,774_0.77_0.95.png,774,0.77,0.95,480,640,15.58849686545421,0.6519282460212708,40.91663492207659,0.988450825214386,39.81173720771999,0.9863775372505188,-1.1048977143565963,-0.0020732879638671875,0.75<=A<0.85,0.8<=beta<1.1,0.75<=A<0.85 | 0.8<=beta<1.1,baseline_strongest_25
750,775_0.63_1.13.png,775,0.63,1.13,480,640,16.4112018001581,0.6611725091934204,41.83049985440362,0.9884160757064819,41.812981306454915,0.9872746467590332,-0.01751854794870411,-0.0011414289474487305,A<0.65,1.1<=beta<1.4,A<0.65 | 1.1<=beta<1.4,baseline_strongest_25
751,776_0.77_1.8.png,776,0.77,1.8,480,640,11.565235017479377,0.5448978543281555,38.92983371990704,0.97968590259552,37.14929786717719,0.9751155972480774,-1.780535852729848,-0.004570305347442627,0.75<=A<0.85,beta>=1.7,0.75<=A<0.85 | beta>=1.7,baseline_strongest_25
752,777_0.57_0.83.png,777,0.57,0.83,480,640,21.19072738405557,0.874837338924408,39.99796750042828,0.9936171174049377,40.0814238401845,0.9946497082710266,0.0834563397562178,0.0010325908660888672,A<0.65,0.8<=beta<1.1,A<0.65 | 0.8<=beta<1.1,baseline_strongest_25
753,778_0.91_1.51.png,778,0.91,1.51,480,640,12.546109820112317,0.757883608341217,33.82192592726971,0.9849535226821899,32.09532359094452,0.984947144985199,-1.7266023363251932,-6.377696990966797e-06,0.85<=A<0.95,1.4<=beta<1.7,0.85<=A<0.95 | 1.4<=beta<1.7,baseline_middle_50
754,779_0.85_0.72.png,779,0.85,0.72,480,640,18.696078608914114,0.852910041809082,37.346661381835176,0.9925645589828491,35.32005952556073,0.9924854040145874,-2.0266018562744463,-7.915496826171875e-05,0.85<=A<0.95,beta<0.8,0.85<=A<0.95 | beta<0.8,baseline_strongest_25
755,77_0.92_1.85.png,77,0.92,1.85,400,400,10.843003234829794,0.7071681022644043,19.607888631917174,0.9490436315536499,20.816646265547334,0.9594468474388123,1.2087576336301602,0.010403215885162354,0.85<=A<0.95,beta>=1.7,0.85<=A<0.95 | beta>=1.7,baseline_weakest_25
756,780_0.86_1.18.png,780,0.86,1.18,480,640,14.858885208373545,0.7982755303382874,35.86536890225555,0.9887564182281494,33.52904786030119,0.9889499545097351,-2.3363210419543563,0.00019353628158569336,0.85<=A<0.95,1.1<=beta<1.4,0.85<=A<0.95 | 1.1<=beta<1.4,baseline_strongest_25
757,781_0.52_0.96.png,781,0.52,0.96,480,640,25.36368911281146,0.9569253325462341,38.89214835748566,0.99521404504776,38.9860445104832,0.9958319067955017,0.09389615299753729,0.0006178617477416992,A<0.65,0.8<=beta<1.1,A<0.65 | 0.8<=beta<1.1,baseline_strongest_25
758,782_0.6_0.51.png,782,0.6,0.51,480,640,28.552310590697125,0.9741499423980713,40.943544769958955,0.9966330528259277,41.44146823048952,0.9969364404678345,0.4979234605305649,0.0003033876419067383,A<0.65,beta<0.8,A<0.65 | beta<0.8,baseline_strongest_25
759,783_0.63_0.68.png,783,0.63,0.68,480,640,25.88825697036708,0.9632582068443298,39.64613700398437,0.9956689476966858,39.89806513087047,0.9961192011833191,0.25192812688609934,0.0004502534866333008,A<0.65,beta<0.8,A<0.65 | beta<0.8,baseline_strongest_25
760,784_0.5_0.79.png,784,0.5,0.79,480,640,27.02460784443914,0.9662578701972961,39.053336750143444,0.9959797859191895,39.18932766829724,0.9964777827262878,0.13599091815379438,0.0004979968070983887,A<0.65,beta<0.8,A<0.65 | beta<0.8,baseline_strongest_25
761,785_0.54_0.53.png,785,0.54,0.53,480,640,25.63632341805054,0.9465720057487488,38.10353171429652,0.9970903396606445,38.83583320627105,0.9967817068099976,0.7323014919745248,-0.00030863285064697266,A<0.65,beta<0.8,A<0.65 | beta<0.8,baseline_strongest_25
762,786_0.77_1.16.png,786,0.77,1.16,480,640,16.947885920078694,0.8656273484230042,36.35524818059053,0.9936673045158386,35.05929369246461,0.9927467703819275,-1.295954488125922,-0.0009205341339111328,0.75<=A<0.85,1.1<=beta<1.4,0.75<=A<0.85 | 1.1<=beta<1.4,baseline_strongest_25
763,787_0.84_1.65.png,787,0.84,1.65,480,640,13.839534481528862,0.8130409121513367,34.042415662603965,0.9892130494117737,32.451583622852475,0.9879314303398132,-1.59083203975149,-0.0012816190719604492,0.75<=A<0.85,1.4<=beta<1.7,0.75<=A<0.85 | 1.4<=beta<1.7,baseline_middle_50
764,788_0.69_0.73.png,788,0.69,0.73,480,640,21.258726693008096,0.9149977564811707,39.081267827425506,0.9961684942245483,37.958698377304984,0.9954807162284851,-1.1225694501205226,-0.0006877779960632324,0.65<=A<0.75,beta<0.8,0.65<=A<0.75 | beta<0.8,baseline_strongest_25
765,789_0.85_1.57.png,789,0.85,1.57,480,640,9.768354297903949,0.5753687620162964,38.1401682737452,0.9863561391830444,36.46468746113625,0.9838265180587769,-1.6754808126089529,-0.002529621124267578,0.85<=A<0.95,1.4<=beta<1.7,0.85<=A<0.95 | 1.4<=beta<1.7,baseline_strongest_25
766,78_1.0_0.78.png,78,1.0,0.78,400,400,16.247296274622617,0.8466280102729797,24.475919690777786,0.9783088564872742,26.55024646104426,0.9739518165588379,2.074326770266474,-0.004357039928436279,A>=0.95,beta<0.8,A>=0.95 | beta<0.8,baseline_weakest_25
767,790_0.93_1.12.png,790,0.93,1.12,480,640,10.833299793379322,0.6154537796974182,38.16440337251416,0.989372193813324,36.59907611498892,0.987695038318634,-1.5653272575252402,-0.0016771554946899414,0.85<=A<0.95,1.1<=beta<1.4,0.85<=A<0.95 | 1.1<=beta<1.4,baseline_strongest_25
768,791_0.94_1.39.png,791,0.94,1.39,480,640,9.432182661542193,0.578050971031189,37.26279467717513,0.9858760833740234,35.19581626318033,0.983673095703125,-2.0669784139947964,-0.0022029876708984375,0.85<=A<0.95,1.1<=beta<1.4,0.85<=A<0.95 | 1.1<=beta<1.4,baseline_strongest_25
769,792_0.71_0.8.png,792,0.71,0.8,480,640,15.773020198266103,0.7110897898674011,40.82378939995736,0.9938209652900696,42.032247354085676,0.9936734437942505,1.2084579541283134,-0.0001475214958190918,0.65<=A<0.75,0.8<=beta<1.1,0.65<=A<0.75 | 0.8<=beta<1.1,baseline_strongest_25
770,793_0.81_1.92.png,793,0.81,1.92,480,640,12.78124875163716,0.643236517906189,34.24192066828822,0.9875997304916382,34.60610269395718,0.9878542423248291,0.36418202566895985,0.00025451183319091797,0.75<=A<0.85,beta>=1.7,0.75<=A<0.85 | beta>=1.7,baseline_middle_50
771,794_0.81_1.13.png,794,0.81,1.13,480,640,16.321056281933753,0.7367637753486633,37.18579544709994,0.9926809668540955,37.4257999617393,0.9929287433624268,0.24000451463935946,0.00024777650833129883,0.75<=A<0.85,1.1<=beta<1.4,0.75<=A<0.85 | 1.1<=beta<1.4,baseline_strongest_25
772,795_0.9_2.0.png,795,0.9,2.0,480,640,11.574679820481212,0.6167993545532227,33.40870255179102,0.984992265701294,33.88267235317294,0.9851540923118591,0.47396980138191935,0.00016182661056518555,0.85<=A<0.95,beta>=1.7,0.85<=A<0.95 | beta>=1.7,baseline_middle_50
773,796_0.82_1.56.png,796,0.82,1.56,480,640,13.99879561760562,0.6798454523086548,35.384052359012976,0.9900553822517395,36.05357192661825,0.9904723167419434,0.6695195676052705,0.0004169344902038574,0.75<=A<0.85,1.4<=beta<1.7,0.75<=A<0.85 | 1.4<=beta<1.7,baseline_middle_50
774,797_0.73_0.63.png,797,0.73,0.63,480,640,20.823255409023858,0.8976485133171082,40.25587080283734,0.9969101548194885,41.00634974274149,0.9969797134399414,0.7504789399041485,6.955862045288086e-05,0.65<=A<0.75,beta<0.8,0.65<=A<0.75 | beta<0.8,baseline_strongest_25
775,798_0.79_0.52.png,798,0.79,0.52,480,640,21.442486546518683,0.9066882729530334,40.785067803782724,0.9971150755882263,40.654484948814115,0.9970886707305908,-0.13058285496860833,-2.6404857635498047e-05,0.75<=A<0.85,beta<0.8,0.75<=A<0.85 | beta<0.8,baseline_strongest_25
776,799_0.52_1.97.png,799,0.52,1.97,480,640,15.360527389130336,0.7792377471923828,27.215001099890745,0.9876565933227539,32.03970000988106,0.991867184638977,4.824698909990314,0.0042105913162231445,A<0.65,beta>=1.7,A<0.65 | beta>=1.7,baseline_weakest_25
777,79_0.63_1.89.png,79,0.63,1.89,400,400,11.73079404222204,0.7287281155586243,18.02386434833996,0.9370700716972351,17.83174492044814,0.9474532604217529,-0.1921194278918179,0.010383188724517822,A<0.65,beta>=1.7,A<0.65 | beta>=1.7,baseline_weakest_25
778,7_0.95_1.37.png,7,0.95,1.37,400,400,12.089941470198088,0.8117634057998657,28.216061472530427,0.9828224182128906,28.83745437531164,0.9843920469284058,0.6213929027812135,0.0015696287155151367,A>=0.95,1.1<=beta<1.4,A>=0.95 | 1.1<=beta<1.4,baseline_weakest_25
779,800_0.55_1.84.png,800,0.55,1.84,480,640,15.623246685554042,0.7878499627113342,28.81681373285035,0.9899126887321472,35.188104349970615,0.9932053089141846,6.371290617120266,0.0032926201820373535,A<0.65,beta>=1.7,A<0.65 | beta>=1.7,baseline_weakest_25
780,801_0.62_1.22.png,801,0.62,1.22,480,640,16.539575658026415,0.7957253456115723,37.85755799359891,0.9903936386108398,36.84550930318031,0.9878702163696289,-1.0120486904186023,-0.0025234222412109375,A<0.65,1.1<=beta<1.4,A<0.65 | 1.1<=beta<1.4,baseline_strongest_25
781,802_0.67_0.91.png,802,0.67,0.91,480,640,17.90302153083861,0.8274843096733093,38.14935197204534,0.9920697808265686,37.29905399639857,0.9904229044914246,-0.8502979756467681,-0.001646876335144043,0.65<=A<0.75,0.8<=beta<1.1,0.65<=A<0.75 | 0.8<=beta<1.1,baseline_strongest_25
782,803_0.96_1.38.png,803,0.96,1.38,480,640,11.680070909307616,0.7196620106697083,30.80643480988028,0.9782034158706665,30.388122922055544,0.9777401089668274,-0.4183118878247356,-0.00046330690383911133,A>=0.95,1.1<=beta<1.4,A>=0.95 | 1.1<=beta<1.4,baseline_middle_50
783,804_0.64_0.58.png,804,0.64,0.58,480,640,21.372991261789892,0.881011962890625,40.719104185659674,0.9947508573532104,40.300518223846936,0.9945294260978699,-0.4185859618127381,-0.00022143125534057617,A<0.65,beta<0.8,A<0.65 | beta<0.8,baseline_strongest_25
784,805_0.64_1.71.png,805,0.64,1.71,480,640,13.970888810093742,0.7437817454338074,34.32688135633696,0.9866474270820618,35.74341408009596,0.9888354539871216,1.4165327237589977,0.0021880269050598145,A<0.65,beta>=1.7,A<0.65 | beta>=1.7,baseline_middle_50
785,806_0.86_1.72.png,806,0.86,1.72,480,640,11.765046702358672,0.7119224667549133,32.14916944241497,0.9811466932296753,34.37798722087645,0.9855583310127258,2.228817778461476,0.004411637783050537,0.85<=A<0.95,beta>=1.7,0.85<=A<0.95 | beta>=1.7,baseline_middle_50
786,807_0.81_1.1.png,807,0.81,1.1,480,640,14.960988209616396,0.7933033108711243,36.74423779256472,0.9924768209457397,36.59977538005314,0.9913904070854187,-0.14446241251157943,-0.001086413860321045,0.75<=A<0.85,1.1<=beta<1.4,0.75<=A<0.85 | 1.1<=beta<1.4,baseline_strongest_25
787,808_0.52_0.78.png,808,0.52,0.78,480,640,18.987515546911993,0.8789412379264832,40.68840448142016,0.9953449964523315,40.12123427058239,0.9957062602043152,-0.5671702108377659,0.0003612637519836426,A<0.65,beta<0.8,A<0.65 | beta<0.8,baseline_strongest_25
788,809_0.73_1.63.png,809,0.73,1.63,480,640,13.581440832000096,0.7324382662773132,30.572222196301762,0.9838468432426453,29.321259617840596,0.9804912209510803,-1.2509625784611664,-0.0033556222915649414,0.65<=A<0.75,1.4<=beta<1.7,0.65<=A<0.75 | 1.4<=beta<1.7,baseline_middle_50
789,80_0.74_1.76.png,80,0.74,1.76,400,400,11.516873374932054,0.7274803519248962,19.3311804384263,0.9422178268432617,19.728487380655345,0.9500073790550232,0.3973069422290436,0.007789552211761475,0.65<=A<0.75,beta>=1.7,0.65<=A<0.75 | beta>=1.7,baseline_weakest_25
790,810_0.88_1.95.png,810,0.88,1.95,480,640,10.444451699052369,0.6558341383934021,27.480828553452362,0.9738885164260864,27.58775396410172,0.9740795493125916,0.10692541064935668,0.00019103288650512695,0.85<=A<0.95,beta>=1.7,0.85<=A<0.95 | beta>=1.7,baseline_weakest_25
791,811_0.61_0.62.png,811,0.61,0.62,480,640,22.253393088692583,0.90629643201828,39.02645834621836,0.9946860074996948,36.59815490911005,0.992413341999054,-2.428303437108312,-0.002272665500640869,A<0.65,beta<0.8,A<0.65 | beta<0.8,baseline_strongest_25
792,812_0.81_1.01.png,812,0.81,1.01,480,640,15.629060868165222,0.7970197200775146,30.940556628634155,0.9863590598106384,29.483407685339014,0.9829120635986328,-1.4571489432951417,-0.0034469962120056152,0.75<=A<0.85,0.8<=beta<1.1,0.75<=A<0.85 | 0.8<=beta<1.1,baseline_middle_50
793,813_0.58_1.0.png,813,0.58,1.0,480,640,20.615567499295267,0.9240666031837463,36.42243605167617,0.9962301254272461,39.80553651439633,0.9969186186790466,3.383100462720158,0.0006884932518005371,A<0.65,0.8<=beta<1.1,A<0.65 | 0.8<=beta<1.1,baseline_strongest_25
794,814_0.74_1.87.png,814,0.74,1.87,480,640,14.945190699175113,0.8427304625511169,35.24365877058834,0.990807056427002,36.42736728272673,0.9916566610336304,1.183708512138388,0.000849604606628418,0.65<=A<0.75,beta>=1.7,0.65<=A<0.75 | beta>=1.7,baseline_middle_50
795,815_0.97_1.1.png,815,0.97,1.1,480,640,14.52991668765694,0.8781803846359253,33.15820410160537,0.9925945401191711,34.16291280217158,0.9933285713195801,1.004708700566212,0.0007340312004089355,A>=0.95,1.1<=beta<1.4,A>=0.95 | 1.1<=beta<1.4,baseline_middle_50
796,816_0.61_1.87.png,816,0.61,1.87,480,640,16.711820992315324,0.8563010096549988,34.611044178942024,0.9924294948577881,36.800144797921526,0.9935526847839355,2.189100618979502,0.001123189926147461,A<0.65,beta>=1.7,A<0.65 | beta>=1.7,baseline_middle_50
797,817_0.59_1.1.png,817,0.59,1.1,480,640,22.221501455442834,0.9253959655761719,36.110769173603586,0.9950526356697083,38.62797148736835,0.9956960082054138,2.5172023137647628,0.0006433725357055664,A<0.65,1.1<=beta<1.4,A<0.65 | 1.1<=beta<1.4,baseline_strongest_25
798,818_0.52_0.76.png,818,0.52,0.76,480,640,26.572192849369053,0.9523329138755798,35.49057530495248,0.995464026927948,38.02913717795534,0.9963817000389099,2.5385618730028625,0.0009176731109619141,A<0.65,beta<0.8,A<0.65 | beta<0.8,baseline_middle_50
799,819_0.63_2.0.png,819,0.63,2.0,480,640,17.446643761903523,0.8686085343360901,35.35611345404233,0.991704523563385,35.83518447652034,0.9917008876800537,0.4790710224780099,-3.635883331298828e-06,A<0.65,beta>=1.7,A<0.65 | beta>=1.7,baseline_middle_50
800,81_0.84_1.33.png,81,0.84,1.33,400,400,20.980233013192375,0.9509750604629517,28.153714224716904,0.9840812087059021,27.124182060690988,0.9797548651695251,-1.029532164025916,-0.004326343536376953,0.75<=A<0.85,1.1<=beta<1.4,0.75<=A<0.85 | 1.1<=beta<1.4,baseline_weakest_25
801,820_0.87_1.24.png,820,0.87,1.24,480,640,16.335584882196347,0.8735414147377014,33.80631059745015,0.991530179977417,32.675763910411334,0.9906483292579651,-1.130546687038816,-0.0008818507194519043,0.85<=A<0.95,1.1<=beta<1.4,0.85<=A<0.95 | 1.1<=beta<1.4,baseline_middle_50
802,821_0.7_1.3.png,821,0.7,1.3,480,640,18.975764697805822,0.7696858644485474,37.15957173105411,0.9883066415786743,37.84016389603164,0.9906020760536194,0.6805921649775328,0.0022954344749450684,0.65<=A<0.75,1.1<=beta<1.4,0.65<=A<0.75 | 1.1<=beta<1.4,baseline_strongest_25
803,822_0.64_0.8.png,822,0.64,0.8,480,640,25.24036354324965,0.8389394283294678,37.92168387765195,0.9928408861160278,39.173004615366246,0.9932100772857666,1.2513207377142948,0.00036919116973876953,A<0.65,0.8<=beta<1.1,A<0.65 | 0.8<=beta<1.1,baseline_strongest_25
804,823_0.52_1.62.png,823,0.52,1.62,480,640,20.956149472252285,0.7890986800193787,35.11869977305261,0.9885546565055847,35.33699606898225,0.9898927211761475,0.2182962959296404,0.0013380646705627441,A<0.65,1.4<=beta<1.7,A<0.65 | 1.4<=beta<1.7,baseline_middle_50
805,824_0.82_1.95.png,824,0.82,1.95,480,640,12.477723993630367,0.6659152507781982,35.82924428523888,0.9808950424194336,34.95595897644578,0.9841701984405518,-0.8732853087931005,0.003275156021118164,0.75<=A<0.85,beta>=1.7,0.75<=A<0.85 | beta>=1.7,baseline_strongest_25
806,825_0.79_0.64.png,825,0.79,0.64,480,640,17.720925896325966,0.8673297762870789,35.39176181432702,0.9938262104988098,38.42730043372149,0.9950278997421265,3.0355386193944724,0.0012016892433166504,0.75<=A<0.85,beta<0.8,0.75<=A<0.85 | beta<0.8,baseline_middle_50
807,826_0.82_0.58.png,826,0.82,0.58,480,640,18.000260077522114,0.8736650943756104,35.51810704985604,0.9941024780273438,38.545600032039566,0.9951890707015991,3.0274929821835244,0.001086592674255371,0.75<=A<0.85,beta<0.8,0.75<=A<0.85 | beta<0.8,baseline_middle_50
808,827_0.72_0.85.png,827,0.72,0.85,480,640,16.808188544084157,0.8445392847061157,35.31781280996071,0.9932544231414795,38.282565787283254,0.9944557547569275,2.964752977322547,0.001201331615447998,0.65<=A<0.75,0.8<=beta<1.1,0.65<=A<0.75 | 0.8<=beta<1.1,baseline_middle_50
809,828_0.63_0.64.png,828,0.63,0.64,480,640,20.486432945659814,0.8922421336174011,37.598643136706244,0.9950757026672363,40.92483000094096,0.9958900809288025,3.326186864234714,0.0008143782615661621,A<0.65,beta<0.8,A<0.65 | beta<0.8,baseline_strongest_25
810,829_0.92_1.57.png,829,0.92,1.57,480,640,15.57456346074269,0.8545850515365601,34.58925579617989,0.991827130317688,34.861682887017565,0.991924524307251,0.2724270908376738,9.739398956298828e-05,0.85<=A<0.95,1.4<=beta<1.7,0.85<=A<0.95 | 1.4<=beta<1.7,baseline_middle_50
811,82_0.83_1.9.png,82,0.83,1.9,400,400,15.85105490420859,0.8806639313697815,27.548506691006676,0.9815167188644409,26.86839191669727,0.9773359298706055,-0.6801147743094056,-0.004180788993835449,0.75<=A<0.85,beta>=1.7,0.75<=A<0.85 | beta>=1.7,baseline_weakest_25
812,830_0.58_1.52.png,830,0.58,1.52,480,640,20.983339289181714,0.9092264771461487,37.004236014741295,0.9946768879890442,38.491092326999876,0.9950633645057678,1.4868563122585812,0.0003864765167236328,A<0.65,1.4<=beta<1.7,A<0.65 | 1.4<=beta<1.7,baseline_strongest_25
813,831_0.8_1.88.png,831,0.8,1.88,480,640,15.824367302631632,0.8515592813491821,35.08929355547321,0.9917635917663574,35.89722337985692,0.9921731352806091,0.8079298243837059,0.000409543514251709,0.75<=A<0.85,beta>=1.7,0.75<=A<0.85 | beta>=1.7,baseline_middle_50
814,832_0.91_1.78.png,832,0.91,1.78,480,640,14.828211909806846,0.8402769565582275,34.085893010138385,0.9909672141075134,34.437590098851,0.9910517334938049,0.35169708871261207,8.45193862915039e-05,0.85<=A<0.95,beta>=1.7,0.85<=A<0.95 | beta>=1.7,baseline_middle_50
815,833_0.84_0.74.png,833,0.84,0.74,480,640,19.369548951039896,0.8089800477027893,38.1159321045824,0.992647111415863,36.79350465514559,0.9921924471855164,-1.322427449436809,-0.0004546642303466797,0.75<=A<0.85,beta<0.8,0.75<=A<0.85 | beta<0.8,baseline_strongest_25
816,834_1.0_1.28.png,834,1.0,1.28,480,640,13.649596230549598,0.7167378664016724,32.208636607516326,0.9833683967590332,32.80988751230705,0.9842369556427002,0.6012509047907244,0.0008685588836669922,A>=0.95,1.1<=beta<1.4,A>=0.95 | 1.1<=beta<1.4,baseline_middle_50
817,835_0.92_1.87.png,835,0.92,1.87,480,640,12.050857480556372,0.6766485571861267,34.987137248283716,0.9809213280677795,34.62755627650678,0.9809364676475525,-0.3595809717769356,1.5139579772949219e-05,0.85<=A<0.95,beta>=1.7,0.85<=A<0.95 | beta>=1.7,baseline_middle_50
818,836_0.77_0.51.png,836,0.77,0.51,480,640,23.1750770524736,0.8542890548706055,40.69367250061154,0.9946727156639099,39.954742908249415,0.9947330951690674,-0.7389295923621262,6.03795051574707e-05,0.75<=A<0.85,beta<0.8,0.75<=A<0.85 | beta<0.8,baseline_strongest_25
819,837_0.58_1.79.png,837,0.58,1.79,480,640,17.16855257514126,0.7763965725898743,34.901183446884936,0.9886804223060608,36.42415786422462,0.9898276329040527,1.5229744173396824,0.0011472105979919434,A<0.65,beta>=1.7,A<0.65 | beta>=1.7,baseline_middle_50
820,838_0.95_1.3.png,838,0.95,1.3,480,640,13.432605209755435,0.7513612508773804,33.38445826744871,0.9868651628494263,32.205164927300295,0.9870983958244324,-1.179293340148412,0.00023323297500610352,A>=0.95,1.1<=beta<1.4,A>=0.95 | 1.1<=beta<1.4,baseline_middle_50
821,839_0.64_0.83.png,839,0.64,0.83,480,640,21.324495542893015,0.8600556254386902,39.13140319334745,0.9940224885940552,39.56206568804412,0.994110107421875,0.4306624946966693,8.761882781982422e-05,A<0.65,0.8<=beta<1.1,A<0.65 | 0.8<=beta<1.1,baseline_strongest_25
822,83_0.9_0.57.png,83,0.9,0.57,400,400,29.83045178182543,0.9925436973571777,28.59629701639953,0.9854100346565247,27.62358841548231,0.9827188849449158,-0.972708600917219,-0.0026911497116088867,0.85<=A<0.95,beta<0.8,0.85<=A<0.95 | beta<0.8,baseline_weakest_25
823,840_0.73_1.28.png,840,0.73,1.28,480,640,16.76530202433473,0.7941611409187317,36.518473298368086,0.9901735186576843,36.53991758451936,0.9909060597419739,0.02144428615127225,0.0007325410842895508,0.65<=A<0.75,1.1<=beta<1.4,0.65<=A<0.75 | 1.1<=beta<1.4,baseline_strongest_25
824,841_0.56_0.7.png,841,0.56,0.7,480,640,24.04411118280807,0.9102330207824707,41.17125989694291,0.9960681200027466,43.91180685189556,0.996608555316925,2.7405469549526558,0.0005404353141784668,A<0.65,beta<0.8,A<0.65 | beta<0.8,baseline_strongest_25
825,842_0.85_1.49.png,842,0.85,1.49,480,640,13.851198185875273,0.7640138268470764,32.73067772595484,0.9885167479515076,33.14319329672935,0.9889997243881226,0.4125155707745094,0.00048297643661499023,0.85<=A<0.95,1.4<=beta<1.7,0.85<=A<0.95 | 1.4<=beta<1.7,baseline_middle_50
826,843_0.54_1.62.png,843,0.54,1.62,480,640,18.306850608905187,0.8253265619277954,37.041928663263846,0.9929567575454712,40.54860166004886,0.994171142578125,3.5066729967850137,0.0012143850326538086,A<0.65,1.4<=beta<1.7,A<0.65 | 1.4<=beta<1.7,baseline_strongest_25
827,844_0.65_0.6.png,844,0.65,0.6,480,640,23.51762493534749,0.9092298746109009,39.936705176833655,0.9958378076553345,41.90035148745484,0.9963242411613464,1.9636463106211863,0.0004864335060119629,0.65<=A<0.75,beta<0.8,0.65<=A<0.75 | beta<0.8,baseline_strongest_25
828,845_0.65_1.14.png,845,0.65,1.14,480,640,20.145183359484996,0.8830056190490723,37.4308135057862,0.9945908784866333,37.488583582599425,0.9944313168525696,0.05777007681322743,-0.0001595616340637207,0.65<=A<0.75,1.1<=beta<1.4,0.65<=A<0.75 | 1.1<=beta<1.4,baseline_strongest_25
829,846_0.6_1.35.png,846,0.6,1.35,480,640,19.87280235690331,0.8751505613327026,37.531519527649344,0.994218111038208,37.172981694853554,0.9940477609634399,-0.35853783279578977,-0.0001703500747680664,A<0.65,1.1<=beta<1.4,A<0.65 | 1.1<=beta<1.4,baseline_strongest_25
830,847_0.59_0.93.png,847,0.59,0.93,480,640,22.66682477775835,0.9065592885017395,39.35087102535973,0.9954205751419067,38.92086090840584,0.9954084157943726,-0.4300101169538877,-1.2159347534179688e-05,A<0.65,0.8<=beta<1.1,A<0.65 | 0.8<=beta<1.1,baseline_strongest_25
831,848_0.68_0.53.png,848,0.68,0.53,480,640,25.300847443277362,0.9318430423736572,40.529884443145534,0.996221125125885,40.70662386154802,0.996208667755127,0.17673941840248375,-1.245737075805664e-05,0.65<=A<0.75,beta<0.8,0.65<=A<0.75 | beta<0.8,baseline_strongest_25
832,849_0.69_1.0.png,849,0.69,1.0,480,640,25.496112425953342,0.9454829692840576,37.1436807150531,0.9931280016899109,37.870885352728635,0.9934428334236145,0.7272046376755341,0.0003148317337036133,0.65<=A<0.75,0.8<=beta<1.1,0.65<=A<0.75 | 0.8<=beta<1.1,baseline_strongest_25
833,84_0.62_1.05.png,84,0.62,1.05,400,400,28.61190139849329,0.987945556640625,31.30739934123911,0.9879883527755737,28.42659669618095,0.9820544123649597,-2.880802645058157,-0.005933940410614014,A<0.65,0.8<=beta<1.1,A<0.65 | 0.8<=beta<1.1,baseline_middle_50
834,850_0.52_0.65.png,850,0.52,0.65,480,640,31.949467009973507,0.9761567115783691,39.79483201848211,0.9954429268836975,39.830464909991235,0.995673418045044,0.035632891509123965,0.00023049116134643555,A<0.65,beta<0.8,A<0.65 | beta<0.8,baseline_strongest_25
835,851_0.77_1.87.png,851,0.77,1.87,480,640,19.528756403849712,0.8901559114456177,33.3957233255863,0.9887292981147766,33.05597503612173,0.9886513352394104,-0.33974828946457336,-7.796287536621094e-05,0.75<=A<0.85,beta>=1.7,0.75<=A<0.85 | beta>=1.7,baseline_middle_50
836,852_0.78_1.79.png,852,0.78,1.79,480,640,19.629876999188284,0.892601490020752,33.2393602687685,0.988618791103363,33.07408333126654,0.9887699484825134,-0.16527693750195738,0.00015115737915039062,0.75<=A<0.85,beta>=1.7,0.75<=A<0.85 | beta>=1.7,baseline_middle_50
837,853_1.0_1.75.png,853,1.0,1.75,480,640,13.264050408643849,0.8543428182601929,26.94311517893203,0.9808207154273987,26.305776135471007,0.9792486429214478,-0.6373390434610222,-0.0015720725059509277,A>=0.95,beta>=1.7,A>=0.95 | beta>=1.7,baseline_weakest_25
838,854_0.72_1.32.png,854,0.72,1.32,480,640,18.815334917235983,0.9065964221954346,30.61363954862548,0.9900691509246826,31.714662867102724,0.9914067387580872,1.101023318477246,0.001337587833404541,0.65<=A<0.75,1.1<=beta<1.4,0.65<=A<0.75 | 1.1<=beta<1.4,baseline_middle_50
839,855_0.94_1.42.png,855,0.94,1.42,480,640,15.28310234027715,0.8788685202598572,27.88365957365762,0.9856659173965454,27.511065791553126,0.9851382374763489,-0.3725937821044951,-0.0005276799201965332,0.85<=A<0.95,1.4<=beta<1.7,0.85<=A<0.95 | 1.4<=beta<1.7,baseline_weakest_25
840,856_0.91_1.07.png,856,0.91,1.07,480,640,17.56785128832555,0.901616632938385,28.63292474595734,0.9878793954849243,28.707259080433264,0.9885836243629456,0.07433433447592463,0.0007042288780212402,0.85<=A<0.95,0.8<=beta<1.1,0.85<=A<0.95 | 0.8<=beta<1.1,baseline_weakest_25
841,857_0.8_1.07.png,857,0.8,1.07,480,640,15.986429251156185,0.8186748623847961,36.167161206163264,0.9886321425437927,37.409539708727884,0.989294171333313,1.2423785025646197,0.0006620287895202637,0.75<=A<0.85,0.8<=beta<1.1,0.75<=A<0.85 | 0.8<=beta<1.1,baseline_strongest_25
842,858_0.8_1.72.png,858,0.8,1.72,480,640,13.11147289629269,0.7470235824584961,34.09393998791421,0.9826200604438782,35.54769619758865,0.9833440780639648,1.453756209674438,0.0007240176200866699,0.75<=A<0.85,beta>=1.7,0.75<=A<0.85 | beta>=1.7,baseline_middle_50
843,859_0.97_1.76.png,859,0.97,1.76,480,640,10.602527182530254,0.7119013071060181,30.5055757964086,0.974753737449646,30.82395824337069,0.9756454229354858,0.31838244696209017,0.0008916854858398438,A>=0.95,beta>=1.7,A>=0.95 | beta>=1.7,baseline_middle_50
844,85_0.81_1.32.png,85,0.81,1.32,400,400,17.086218873539224,0.8848021030426025,32.50736577771963,0.9905948638916016,28.70333093413337,0.9871776103973389,-3.8040348435862583,-0.0034172534942626953,0.75<=A<0.85,1.1<=beta<1.4,0.75<=A<0.85 | 1.1<=beta<1.4,baseline_middle_50
845,860_0.84_0.88.png,860,0.84,0.88,480,640,16.682550174869846,0.8365838527679443,36.159269917385764,0.9897329807281494,37.11850151475386,0.990415632724762,0.9592315973680954,0.0006826519966125488,0.75<=A<0.85,0.8<=beta<1.1,0.75<=A<0.85 | 0.8<=beta<1.1,baseline_strongest_25
846,861_0.58_1.68.png,861,0.58,1.68,480,640,17.819599640487894,0.8287612795829773,34.04855004154235,0.9902402758598328,35.00715905568042,0.9906596541404724,0.9586090141380694,0.00041937828063964844,A<0.65,1.4<=beta<1.7,A<0.65 | 1.4<=beta<1.7,baseline_middle_50
847,862_0.81_1.83.png,862,0.81,1.83,480,640,13.357449127488813,0.7752395272254944,31.47043117139328,0.9848766922950745,31.024022418199166,0.9848423600196838,-0.4464087531941132,-3.4332275390625e-05,0.75<=A<0.85,beta>=1.7,0.75<=A<0.85 | beta>=1.7,baseline_middle_50
848,863_0.96_0.8.png,863,0.96,0.8,480,640,16.76669461114621,0.8590360283851624,33.2381852350576,0.9906121492385864,31.53263614667912,0.9903173446655273,-1.7055490883784792,-0.00029480457305908203,A>=0.95,0.8<=beta<1.1,A>=0.95 | 0.8<=beta<1.1,baseline_middle_50
849,864_0.76_1.26.png,864,0.76,1.26,480,640,16.515196128026332,0.8367780447006226,34.55958406830108,0.9903000593185425,33.51957276564648,0.9904530644416809,-1.040011302654598,0.00015300512313842773,0.75<=A<0.85,1.1<=beta<1.4,0.75<=A<0.85 | 1.1<=beta<1.4,baseline_middle_50
850,865_0.73_1.24.png,865,0.73,1.24,480,640,20.68217784362985,0.9106132388114929,40.32069151866451,0.9948233366012573,40.131125857200786,0.9943634271621704,-0.18956566146372467,-0.00045990943908691406,0.65<=A<0.75,1.1<=beta<1.4,0.65<=A<0.75 | 1.1<=beta<1.4,baseline_strongest_25
851,866_0.62_0.59.png,866,0.62,0.59,480,640,27.830855672515046,0.9625121355056763,44.319858423354866,0.9972066283226013,43.8884837773195,0.996959924697876,-0.43137464603536557,-0.0002467036247253418,A<0.65,beta<0.8,A<0.65 | beta<0.8,baseline_strongest_25
852,867_0.6_1.88.png,867,0.6,1.88,480,640,19.541514667071027,0.8885329961776733,39.24205719113082,0.9933805465698242,37.232914955699215,0.992018461227417,-2.0091422354316038,-0.0013620853424072266,A<0.65,beta>=1.7,A<0.65 | beta>=1.7,baseline_strongest_25
853,868_0.67_1.22.png,868,0.67,1.22,480,640,21.665038446741516,0.9182463884353638,41.00703941220459,0.9952709674835205,40.06402336763393,0.994781494140625,-0.9430160445706619,-0.0004894733428955078,0.65<=A<0.75,1.1<=beta<1.4,0.65<=A<0.75 | 1.1<=beta<1.4,baseline_strongest_25
854,869_0.55_0.51.png,869,0.55,0.51,480,640,27.87537431371338,0.947943389415741,41.76812786325803,0.9961841106414795,39.89811420815929,0.9961940050125122,-1.870013655098738,9.894371032714844e-06,A<0.65,beta<0.8,A<0.65 | beta<0.8,baseline_strongest_25
855,86_0.65_0.51.png,86,0.65,0.51,400,400,26.36924466679721,0.9773866534233093,33.060605002185845,0.9912267923355103,28.721815680195498,0.9890093207359314,-4.3387893219903475,-0.0022174715995788574,0.65<=A<0.75,beta<0.8,0.65<=A<0.75 | beta<0.8,baseline_middle_50
856,870_0.92_0.7.png,870,0.92,0.7,480,640,20.82228702851873,0.8996132016181946,36.0498688699347,0.9932544231414795,37.18809560996922,0.9940028190612793,1.1382267400345185,0.0007483959197998047,0.85<=A<0.95,beta<0.8,0.85<=A<0.95 | beta<0.8,baseline_strongest_25
857,871_0.51_1.24.png,871,0.51,1.24,480,640,21.261761580342554,0.893851637840271,37.26567370823857,0.9938052296638489,35.92589909090368,0.9940091967582703,-1.3397746173348963,0.00020396709442138672,A<0.65,1.1<=beta<1.4,A<0.65 | 1.1<=beta<1.4,baseline_strongest_25
858,872_0.58_1.62.png,872,0.58,1.62,480,640,18.99940042887042,0.8547778129577637,36.07540111042388,0.9913218021392822,36.35263158940545,0.9918134212493896,0.27723047898156494,0.0004916191101074219,A<0.65,1.4<=beta<1.7,A<0.65 | 1.4<=beta<1.7,baseline_strongest_25
859,873_0.7_1.86.png,873,0.7,1.86,480,640,17.02285280919536,0.8673096299171448,32.36283488336946,0.9878123998641968,31.800262868821477,0.9875068068504333,-0.5625720145479818,-0.00030559301376342773,0.65<=A<0.75,beta>=1.7,0.65<=A<0.75 | beta>=1.7,baseline_middle_50
860,874_0.77_1.02.png,874,0.77,1.02,480,640,19.835647507899775,0.9157062768936157,33.090904393352936,0.9918811321258545,32.73784571871191,0.9919880032539368,-0.35305867464102647,0.00010687112808227539,0.75<=A<0.85,0.8<=beta<1.1,0.75<=A<0.85 | 0.8<=beta<1.1,baseline_middle_50
861,875_0.61_1.58.png,875,0.61,1.58,480,640,19.683746672963565,0.8978015780448914,35.47880057978635,0.9915875196456909,34.34938429292758,0.9912647604942322,-1.1294162868587705,-0.00032275915145874023,A<0.65,1.4<=beta<1.7,A<0.65 | 1.4<=beta<1.7,baseline_middle_50
862,876_0.63_0.98.png,876,0.63,0.98,480,640,22.627007610681467,0.9333606362342834,36.62617605814279,0.993873655796051,36.057251120244715,0.9942260980606079,-0.5689249378980747,0.00035244226455688477,A<0.65,0.8<=beta<1.1,A<0.65 | 0.8<=beta<1.1,baseline_strongest_25
863,877_0.67_1.49.png,877,0.67,1.49,480,640,18.10788380791334,0.8884032964706421,37.012399164803824,0.9943864345550537,36.2474676189438,0.9939476847648621,-0.7649315458600228,-0.0004387497901916504,0.65<=A<0.75,1.4<=beta<1.7,0.65<=A<0.75 | 1.4<=beta<1.7,baseline_strongest_25
864,878_0.77_1.29.png,878,0.77,1.29,480,640,17.553916184143734,0.8959255218505859,36.30260495825169,0.9945392608642578,35.292674211353976,0.9940730929374695,-1.009930746897716,-0.0004661679267883301,0.75<=A<0.85,1.1<=beta<1.4,0.75<=A<0.85 | 1.1<=beta<1.4,baseline_strongest_25
865,879_0.87_1.64.png,879,0.87,1.64,480,640,14.497236460746763,0.8476767539978027,32.82628045734789,0.9911695718765259,32.49373951294029,0.9911084771156311,-0.3325409444076044,-6.109476089477539e-05,0.85<=A<0.95,1.4<=beta<1.7,0.85<=A<0.95 | 1.4<=beta<1.7,baseline_middle_50
866,87_0.87_0.93.png,87,0.87,0.93,400,400,19.211513166754003,0.9223760366439819,33.254451308889955,0.9911458492279053,30.754865861638017,0.9894464015960693,-2.4995854472519383,-0.0016994476318359375,0.85<=A<0.95,0.8<=beta<1.1,0.85<=A<0.95 | 0.8<=beta<1.1,baseline_middle_50
867,880_0.7_0.67.png,880,0.7,0.67,480,640,23.011187143207536,0.9603509902954102,40.36820321405951,0.9970532059669495,39.69351769158886,0.9968841075897217,-0.6746855224706536,-0.0001690983772277832,0.65<=A<0.75,beta<0.8,0.65<=A<0.75 | beta<0.8,baseline_strongest_25
868,881_0.71_1.55.png,881,0.71,1.55,480,640,16.32056426748153,0.7300390601158142,34.968083706411235,0.985845685005188,35.18299262872213,0.9858941435813904,0.2149089223108973,4.845857620239258e-05,0.65<=A<0.75,1.4<=beta<1.7,0.65<=A<0.75 | 1.4<=beta<1.7,baseline_middle_50
869,882_0.99_1.67.png,882,0.99,1.67,480,640,11.670942951072828,0.6629796028137207,28.58900130708281,0.9742242097854614,28.597663330215415,0.9738562703132629,0.008662023132604446,-0.00036793947219848633,A>=0.95,1.4<=beta<1.7,A>=0.95 | 1.4<=beta<1.7,baseline_weakest_25
870,883_0.79_0.54.png,883,0.79,0.54,480,640,22.578046784690105,0.8189714550971985,40.1228605550401,0.9934041500091553,38.96491497148449,0.992929995059967,-1.157945583555609,-0.0004741549491882324,0.75<=A<0.85,beta<0.8,0.75<=A<0.85 | beta<0.8,baseline_strongest_25
871,884_0.73_1.32.png,884,0.73,1.32,480,640,17.024115637394733,0.7434823513031006,35.5344180570136,0.9874416589736938,35.652977885645775,0.9873254895210266,0.11855982863217207,-0.00011616945266723633,0.65<=A<0.75,1.1<=beta<1.4,0.65<=A<0.75 | 1.1<=beta<1.4,baseline_middle_50
872,885_0.82_0.54.png,885,0.82,0.54,480,640,21.547940247512827,0.9152551293373108,37.494643696393766,0.9946380853652954,37.33413477471913,0.9941842555999756,-0.1605089216746336,-0.0004538297653198242,0.75<=A<0.85,beta<0.8,0.75<=A<0.85 | beta<0.8,baseline_strongest_25
873,886_0.51_0.87.png,886,0.51,0.87,480,640,23.115392027474925,0.9163775444030762,39.93710723726529,0.9952542185783386,39.48128856682671,0.9951622486114502,-0.4558186704385747,-9.196996688842773e-05,A<0.65,0.8<=beta<1.1,A<0.65 | 0.8<=beta<1.1,baseline_strongest_25
874,887_0.61_1.36.png,887,0.61,1.36,480,640,18.278369425208957,0.8592634797096252,36.583779985463906,0.9916828274726868,37.04639812284232,0.9920977354049683,0.4626181373784135,0.00041490793228149414,A<0.65,1.1<=beta<1.4,A<0.65 | 1.1<=beta<1.4,baseline_strongest_25
875,888_0.85_1.91.png,888,0.85,1.91,480,640,12.287414318339733,0.7621492743492126,30.90626965734223,0.9809368252754211,31.868007694490675,0.9824851155281067,0.9617380371484465,0.0015482902526855469,0.85<=A<0.95,beta>=1.7,0.85<=A<0.95 | beta>=1.7,baseline_middle_50
876,889_0.63_1.04.png,889,0.63,1.04,480,640,21.558073963524418,0.928499698638916,35.13990846259261,0.9954981207847595,36.43201258093161,0.9957352876663208,1.2921041183390045,0.0002371668815612793,A<0.65,0.8<=beta<1.1,A<0.65 | 0.8<=beta<1.1,baseline_middle_50
877,88_0.63_0.94.png,88,0.63,0.94,400,400,21.533277236796447,0.943333089351654,32.82939470926179,0.9920641183853149,27.368853960870666,0.9890034794807434,-5.460540748391125,-0.003060638904571533,A<0.65,0.8<=beta<1.1,A<0.65 | 0.8<=beta<1.1,baseline_middle_50
878,890_0.8_0.6.png,890,0.8,0.6,480,640,22.56533437036267,0.947485089302063,37.33081930727492,0.9963802099227905,37.94359616998485,0.9966225028038025,0.6127768627099286,0.0002422928810119629,0.75<=A<0.85,beta<0.8,0.75<=A<0.85 | beta<0.8,baseline_strongest_25
879,891_0.81_0.99.png,891,0.81,0.99,480,640,18.763870383494115,0.9139771461486816,34.90250697807201,0.9948882460594177,35.90639320638117,0.995184600353241,1.003886228309156,0.0002963542938232422,0.75<=A<0.85,0.8<=beta<1.1,0.75<=A<0.85 | 0.8<=beta<1.1,baseline_middle_50
880,892_0.86_1.73.png,892,0.86,1.73,480,640,14.35787054608236,0.8457013964653015,31.759227468981482,0.9906161427497864,31.27239770776359,0.9905147552490234,-0.4868297612178907,-0.00010138750076293945,0.85<=A<0.95,beta>=1.7,0.85<=A<0.95 | beta>=1.7,baseline_middle_50
881,893_1.0_1.91.png,893,1.0,1.91,480,640,13.216370341458978,0.8368914127349854,32.046764926207224,0.9890475869178772,31.017712840685654,0.9893131852149963,-1.0290520855215703,0.0002655982971191406,A>=0.95,beta>=1.7,A>=0.95 | beta>=1.7,baseline_middle_50
882,894_0.8_0.61.png,894,0.8,0.61,480,640,24.171791337545198,0.9595025777816772,41.98661876997265,0.9972404837608337,39.07780851118065,0.9971149563789368,-2.908810258792002,-0.00012552738189697266,0.75<=A<0.85,beta<0.8,0.75<=A<0.85 | beta<0.8,baseline_strongest_25
883,895_0.51_1.82.png,895,0.51,1.82,480,640,20.086259007497382,0.9061017632484436,31.914591807051824,0.9932276606559753,31.49124431245356,0.9934046864509583,-0.42334749459826426,0.00017702579498291016,A<0.65,beta>=1.7,A<0.65 | beta>=1.7,baseline_middle_50
884,896_0.98_0.62.png,896,0.98,0.62,480,640,21.24813756645089,0.9478237628936768,37.8333099080877,0.996494710445404,36.41220137358626,0.9963223934173584,-1.4211085345014425,-0.0001723170280456543,A>=0.95,beta<0.8,A>=0.95 | beta<0.8,baseline_strongest_25
885,897_0.57_1.69.png,897,0.57,1.69,480,640,17.041529349195468,0.8016365170478821,39.62354883570874,0.9916658997535706,38.92212596647654,0.9919131994247437,-0.7014228692321964,0.0002472996711730957,A<0.65,1.4<=beta<1.7,A<0.65 | 1.4<=beta<1.7,baseline_strongest_25
886,898_0.57_1.86.png,898,0.57,1.86,480,640,16.467634242014597,0.7890815734863281,38.913050463440555,0.9907553791999817,38.386678751766674,0.9909489154815674,-0.5263717116738817,0.00019353628158569336,A<0.65,beta>=1.7,A<0.65 | beta>=1.7,baseline_strongest_25
887,899_0.98_1.65.png,899,0.98,1.65,480,640,10.967091293529002,0.7207818627357483,30.640114701121675,0.9815374612808228,29.821970534255847,0.9834253191947937,-0.818144166865828,0.0018878579139709473,A>=0.95,1.4<=beta<1.7,A>=0.95 | 1.4<=beta<1.7,baseline_middle_50
888,89_0.63_1.05.png,89,0.63,1.05,400,400,14.797750801760268,0.8317185044288635,23.795352480130813,0.9610490202903748,23.725266324321645,0.9630988240242004,-0.0700861558091681,0.0020498037338256836,A<0.65,0.8<=beta<1.1,A<0.65 | 0.8<=beta<1.1,baseline_weakest_25
889,8_0.74_1.34.png,8,0.74,1.34,400,400,15.535689884237433,0.8642924427986145,29.034120323581043,0.9858009219169617,30.018734667384987,0.9883115291595459,0.9846143438039441,0.0025106072425842285,0.65<=A<0.75,1.1<=beta<1.4,0.65<=A<0.75 | 1.1<=beta<1.4,baseline_middle_50
890,900_0.95_1.75.png,900,0.95,1.75,480,640,10.968180159318845,0.7173827886581421,31.690987366166276,0.9825142621994019,30.127658521360388,0.9835554957389832,-1.5633288448058877,0.0010412335395812988,A>=0.95,beta>=1.7,A>=0.95 | beta>=1.7,baseline_middle_50
891,901_0.64_0.74.png,901,0.64,0.74,480,640,30.59846648355034,0.9768995642662048,37.01477581250063,0.9967209696769714,37.91441079623391,0.9969523549079895,0.8996349837332787,0.0002313852310180664,A<0.65,beta<0.8,A<0.65 | beta<0.8,baseline_strongest_25
892,902_0.83_0.82.png,902,0.83,0.82,480,640,28.442453582004003,0.9675354361534119,34.1391123209104,0.9959278702735901,33.872148710222994,0.9958754181861877,-0.26696361068740515,-5.245208740234375e-05,0.75<=A<0.85,0.8<=beta<1.1,0.75<=A<0.85 | 0.8<=beta<1.1,baseline_middle_50
893,903_0.56_1.15.png,903,0.56,1.15,480,640,26.77518232773156,0.9687718749046326,36.31301529296185,0.9960750341415405,36.78576409929944,0.9962701201438904,0.47274880633759153,0.00019508600234985352,A<0.65,1.1<=beta<1.4,A<0.65 | 1.1<=beta<1.4,baseline_strongest_25
894,904_0.82_1.3.png,904,0.82,1.3,480,640,24.950220605276563,0.9529494047164917,32.41901765592738,0.9945583939552307,32.1464435613284,0.9944838881492615,-0.27257409459897985,-7.450580596923828e-05,0.75<=A<0.85,1.1<=beta<1.4,0.75<=A<0.85 | 1.1<=beta<1.4,baseline_middle_50
895,905_0.76_0.64.png,905,0.76,0.64,480,640,18.617573167146162,0.8019053339958191,37.68916031513654,0.993086040019989,38.364750758171596,0.9928098320960999,0.6755904430350554,-0.00027620792388916016,0.75<=A<0.85,beta<0.8,0.75<=A<0.85 | beta<0.8,baseline_strongest_25
896,906_0.95_1.42.png,906,0.95,1.42,480,640,11.038748209697896,0.6764160394668579,30.19126915553636,0.9814649224281311,31.831409868026952,0.9818912744522095,1.6401407124905916,0.00042635202407836914,A>=0.95,1.4<=beta<1.7,A>=0.95 | 1.4<=beta<1.7,baseline_middle_50
897,907_0.51_1.15.png,907,0.51,1.15,480,640,17.843962174603192,0.7733549475669861,33.6465437410781,0.9909586310386658,34.701585092829525,0.9908604621887207,1.0550413517514272,-9.816884994506836e-05,A<0.65,1.1<=beta<1.4,A<0.65 | 1.1<=beta<1.4,baseline_middle_50
898,908_0.68_1.49.png,908,0.68,1.49,480,640,13.909973346340557,0.7088384628295898,32.28527625083733,0.9872537851333618,31.71515061845831,0.9843423962593079,-0.5701256323790176,-0.002911388874053955,0.65<=A<0.75,1.4<=beta<1.7,0.65<=A<0.75 | 1.4<=beta<1.7,baseline_middle_50
899,909_0.51_1.37.png,909,0.51,1.37,480,640,19.6663158900385,0.8763558268547058,38.86573623392339,0.9951606392860413,38.66644769281492,0.99503093957901,-0.19928854110847283,-0.00012969970703125,A<0.65,1.1<=beta<1.4,A<0.65 | 1.1<=beta<1.4,baseline_strongest_25
900,90_0.89_0.67.png,90,0.89,0.67,400,400,16.49949762152489,0.8718492388725281,25.273437215498156,0.9733715057373047,25.314130418447427,0.9739832282066345,0.04069320294927081,0.000611722469329834,0.85<=A<0.95,beta<0.8,0.85<=A<0.95 | beta<0.8,baseline_weakest_25
901,910_0.92_1.51.png,910,0.92,1.51,480,640,13.027810763635534,0.800223708152771,33.924639982759054,0.9899138808250427,32.31492199581233,0.9888280034065247,-1.6097179869467269,-0.0010858774185180664,0.85<=A<0.95,1.4<=beta<1.7,0.85<=A<0.95 | 1.4<=beta<1.7,baseline_middle_50
902,911_0.54_0.67.png,911,0.54,0.67,480,640,24.17086764205729,0.9338633418083191,42.279060342720676,0.9969136714935303,42.53065577875493,0.9971312284469604,0.2515954360342505,0.00021755695343017578,A<0.65,beta<0.8,A<0.65 | beta<0.8,baseline_strongest_25
903,912_0.87_1.22.png,912,0.87,1.22,480,640,14.990412389839749,0.8377917408943176,35.29629163250266,0.9926444888114929,34.17847310427422,0.9921146631240845,-1.1178185282284403,-0.0005298256874084473,0.85<=A<0.95,1.1<=beta<1.4,0.85<=A<0.95 | 1.1<=beta<1.4,baseline_middle_50
904,913_0.51_1.08.png,913,0.51,1.08,480,640,20.723258102793316,0.8940812945365906,38.31344029947349,0.9942108392715454,39.409951170820825,0.9946064949035645,1.0965108713473342,0.00039565563201904297,A<0.65,0.8<=beta<1.1,A<0.65 | 0.8<=beta<1.1,baseline_strongest_25
905,914_0.82_1.11.png,914,0.82,1.11,480,640,16.958011880142266,0.8535183668136597,37.54859387771718,0.9919043779373169,36.77675511557307,0.9914533495903015,-0.7718387621441138,-0.00045102834701538086,0.75<=A<0.85,1.1<=beta<1.4,0.75<=A<0.85 | 1.1<=beta<1.4,baseline_strongest_25
906,915_0.8_0.83.png,915,0.8,0.83,480,640,19.22747351198319,0.8849555850028992,39.24020093810028,0.993720293045044,38.51383310958812,0.9936506152153015,-0.72636782851216,-6.967782974243164e-05,0.75<=A<0.85,0.8<=beta<1.1,0.75<=A<0.85 | 0.8<=beta<1.1,baseline_strongest_25
907,916_0.53_0.72.png,916,0.53,0.72,480,640,23.481956270801465,0.9233647584915161,41.639148413029126,0.9956850409507751,40.678862085786946,0.9958218336105347,-0.96028632724218,0.00013679265975952148,A<0.65,beta<0.8,A<0.65 | beta<0.8,baseline_strongest_25
908,917_0.81_0.57.png,917,0.81,0.57,480,640,19.539818650046332,0.7767190933227539,43.16276930688652,0.9943933486938477,43.14673303055243,0.994487464427948,-0.01603627633408422,9.41157341003418e-05,0.75<=A<0.85,beta<0.8,0.75<=A<0.85 | beta<0.8,baseline_strongest_25
909,918_0.58_1.11.png,918,0.58,1.11,480,640,17.577879884518836,0.7346007227897644,39.146953916285796,0.9926592707633972,39.90333469111306,0.9929094910621643,0.7563807748272637,0.00025022029876708984,A<0.65,1.1<=beta<1.4,A<0.65 | 1.1<=beta<1.4,baseline_strongest_25
910,919_0.82_1.44.png,919,0.82,1.44,480,640,12.717502852650293,0.6471500992774963,38.89632740462436,0.9886744022369385,39.74989062283763,0.9892152547836304,0.8535632182132744,0.0005408525466918945,0.75<=A<0.85,1.4<=beta<1.7,0.75<=A<0.85 | 1.4<=beta<1.7,baseline_strongest_25
911,91_0.78_1.41.png,91,0.78,1.41,400,400,11.779445596280771,0.7466439008712769,25.31280170018554,0.9706259369850159,24.7073510782244,0.9707377552986145,-0.6054506219611397,0.00011181831359863281,0.75<=A<0.85,1.4<=beta<1.7,0.75<=A<0.85 | 1.4<=beta<1.7,baseline_weakest_25
912,920_0.84_0.76.png,920,0.84,0.76,480,640,16.99809368229426,0.7367714643478394,41.77050950960048,0.9928895831108093,41.97767007531651,0.9929948449134827,0.20716056571603048,0.00010526180267333984,0.75<=A<0.85,beta<0.8,0.75<=A<0.85 | beta<0.8,baseline_strongest_25
913,921_0.97_1.13.png,921,0.97,1.13,480,640,16.65286145029004,0.8344922065734863,31.760774235293493,0.9872599244117737,32.21681412490263,0.9883908629417419,0.45603988960914066,0.0011309385299682617,A>=0.95,1.1<=beta<1.4,A>=0.95 | 1.1<=beta<1.4,baseline_middle_50
914,922_0.72_1.69.png,922,0.72,1.69,480,640,17.17586369459278,0.8247783780097961,32.4571618891245,0.9864320158958435,33.72007743143448,0.9884253144264221,1.2629155423099832,0.0019932985305786133,0.65<=A<0.75,1.4<=beta<1.7,0.65<=A<0.75 | 1.4<=beta<1.7,baseline_middle_50
915,923_1.0_0.51.png,923,1.0,0.51,480,640,22.50653829695137,0.9148714542388916,34.33699853511125,0.9927458763122559,34.99986022907062,0.9931893348693848,0.6628616939593712,0.00044345855712890625,A>=0.95,beta<0.8,A>=0.95 | beta<0.8,baseline_middle_50
916,924_0.79_1.01.png,924,0.79,1.01,480,640,19.86558919223611,0.876660168170929,33.990318753679254,0.9904439449310303,34.49620963112639,0.9914469122886658,0.5058908774471362,0.001002967357635498,0.75<=A<0.85,0.8<=beta<1.1,0.75<=A<0.85 | 0.8<=beta<1.1,baseline_middle_50
917,925_0.65_1.68.png,925,0.65,1.68,480,640,19.38984152184108,0.8889987468719482,30.289757894743925,0.9835407137870789,30.231862224921663,0.9835611581802368,-0.05789566982226191,2.0444393157958984e-05,0.65<=A<0.75,1.4<=beta<1.7,0.65<=A<0.75 | 1.4<=beta<1.7,baseline_middle_50
918,926_0.82_1.0.png,926,0.82,1.0,480,640,20.0703994654626,0.905265212059021,31.406046302810275,0.9874148368835449,31.301442692952833,0.9871830344200134,-0.10460360985744188,-0.00023180246353149414,0.75<=A<0.85,0.8<=beta<1.1,0.75<=A<0.85 | 0.8<=beta<1.1,baseline_middle_50
919,927_0.99_0.84.png,927,0.99,0.84,480,640,18.94507017558014,0.8981025218963623,31.282074782508392,0.9873882532119751,30.813385581316282,0.9866847395896912,-0.46868920119210955,-0.0007035136222839355,A>=0.95,0.8<=beta<1.1,A>=0.95 | 0.8<=beta<1.1,baseline_middle_50
920,928_0.52_1.63.png,928,0.52,1.63,480,640,21.594100361671835,0.9115487337112427,34.23410533434605,0.9902952909469604,35.32559200919745,0.991112470626831,1.091486674851403,0.0008171796798706055,A<0.65,1.4<=beta<1.7,A<0.65 | 1.4<=beta<1.7,baseline_middle_50
921,929_0.65_0.89.png,929,0.65,0.89,480,640,16.24034141763518,0.7248929738998413,39.67979576833667,0.9913468956947327,40.42591622968714,0.9914427399635315,0.7461204613504719,9.584426879882812e-05,0.65<=A<0.75,0.8<=beta<1.1,0.65<=A<0.75 | 0.8<=beta<1.1,baseline_strongest_25
922,92_0.97_1.46.png,92,0.97,1.46,400,400,10.8014759517865,0.7122363448143005,25.830522846020266,0.9737630486488342,24.505460933820068,0.9694182276725769,-1.3250619122001979,-0.004344820976257324,A>=0.95,1.4<=beta<1.7,A>=0.95 | 1.4<=beta<1.7,baseline_weakest_25
923,930_0.99_1.54.png,930,0.99,1.54,480,640,8.691116979048463,0.5434350967407227,35.09759905802851,0.9771125912666321,34.66825076270594,0.9760819673538208,-0.42934829532256913,-0.0010306239128112793,A>=0.95,1.4<=beta<1.7,A>=0.95 | 1.4<=beta<1.7,baseline_middle_50
924,931_0.95_0.99.png,931,0.95,0.99,480,640,11.87141321946627,0.6336379647254944,37.576473949706056,0.9861788153648376,38.43836333000572,0.9861388802528381,0.8618893802996652,-3.993511199951172e-05,A>=0.95,0.8<=beta<1.1,A>=0.95 | 0.8<=beta<1.1,baseline_strongest_25
925,932_0.72_1.79.png,932,0.72,1.79,480,640,10.616276153689556,0.5804439187049866,35.163065901112674,0.982157289981842,35.22727875775213,0.9813726544380188,0.06421285663945753,-0.0007846355438232422,0.65<=A<0.75,beta>=1.7,0.65<=A<0.75 | beta>=1.7,baseline_middle_50
926,933_0.73_1.5.png,933,0.73,1.5,480,640,13.974518165598457,0.5653198957443237,38.40644004785029,0.9871640801429749,40.498122588011675,0.9869844317436218,2.0916825401613863,-0.00017964839935302734,0.65<=A<0.75,1.4<=beta<1.7,0.65<=A<0.75 | 1.4<=beta<1.7,baseline_strongest_25
927,934_0.94_1.97.png,934,0.94,1.97,480,640,9.86413576507038,0.4690127968788147,34.80573314717502,0.9786515831947327,34.4798250759213,0.9760745167732239,-0.32590807125372123,-0.002577066421508789,0.85<=A<0.95,beta>=1.7,0.85<=A<0.95 | beta>=1.7,baseline_middle_50
928,935_0.58_0.55.png,935,0.58,0.55,480,640,23.45516325689219,0.7609660029411316,44.48283111179716,0.9938414692878723,45.824596622538714,0.9941233396530151,1.3417655107415527,0.00028187036514282227,A<0.65,beta<0.8,A<0.65 | beta<0.8,baseline_strongest_25
929,936_0.99_0.55.png,936,0.99,0.55,480,640,18.029903975646413,0.6733261346817017,42.543743535831815,0.9919639825820923,42.19245598298065,0.9914653301239014,-0.3512875528511685,-0.000498652458190918,A>=0.95,beta<0.8,A>=0.95 | beta<0.8,baseline_strongest_25
930,937_0.69_1.84.png,937,0.69,1.84,480,640,15.846707635240733,0.7640286087989807,30.310873898965202,0.9667972922325134,31.592065204496016,0.9762222766876221,1.2811913055308146,0.009424984455108643,0.65<=A<0.75,beta>=1.7,0.65<=A<0.75 | beta>=1.7,baseline_middle_50
931,938_0.64_0.6.png,938,0.64,0.6,480,640,24.378043470811143,0.9100316166877747,36.58462100237319,0.9855251908302307,35.961751687340104,0.9886558651924133,-0.6228693150330855,0.003130674362182617,A<0.65,beta<0.8,A<0.65 | beta<0.8,baseline_strongest_25
932,939_1.0_1.16.png,939,1.0,1.16,480,640,14.886990315339245,0.773176372051239,29.384374054877853,0.9662827849388123,29.76079244255193,0.9741019010543823,0.37641838767407876,0.007819116115570068,A>=0.95,1.1<=beta<1.4,A>=0.95 | 1.1<=beta<1.4,baseline_middle_50
933,93_0.63_1.76.png,93,0.63,1.76,400,400,9.295496420203538,0.5297738313674927,28.715510066396668,0.9542871117591858,28.201532873591578,0.9537326693534851,-0.5139771928050898,-0.0005544424057006836,A<0.65,beta>=1.7,A<0.65 | beta>=1.7,baseline_weakest_25
934,940_0.56_1.47.png,940,0.56,1.47,480,640,19.011386858205707,0.8286696076393127,34.01163939844834,0.9805567264556885,33.40231585262806,0.9828222990036011,-0.6093235458202813,0.0022655725479125977,A<0.65,1.4<=beta<1.7,A<0.65 | 1.4<=beta<1.7,baseline_middle_50
935,941_0.67_0.92.png,941,0.67,0.92,480,640,22.904219497505608,0.9409797787666321,32.582610404592174,0.9936231970787048,32.26341940543913,0.9926263689994812,-0.3191909991530437,-0.0009968280792236328,0.65<=A<0.75,0.8<=beta<1.1,0.65<=A<0.75 | 0.8<=beta<1.1,baseline_middle_50
936,942_0.76_1.39.png,942,0.76,1.39,480,640,17.482586820323363,0.8862287402153015,30.499709146671524,0.9894382953643799,30.060594817358187,0.9878946542739868,-0.4391143293133375,-0.0015436410903930664,0.75<=A<0.85,1.1<=beta<1.4,0.75<=A<0.85 | 1.1<=beta<1.4,baseline_middle_50
937,943_0.71_1.63.png,943,0.71,1.63,480,640,17.30686811751276,0.8765679597854614,30.520981535494023,0.9887723922729492,30.509596575313935,0.9882979393005371,-0.011384960180087944,-0.0004744529724121094,0.65<=A<0.75,1.4<=beta<1.7,0.65<=A<0.75 | 1.4<=beta<1.7,baseline_middle_50
938,944_0.59_1.45.png,944,0.59,1.45,480,640,20.472901341045635,0.9123708605766296,31.37679823042387,0.9914677739143372,32.732692943419856,0.9923540949821472,1.3558947129959869,0.0008863210678100586,A<0.65,1.4<=beta<1.7,A<0.65 | 1.4<=beta<1.7,baseline_middle_50
939,945_0.94_1.2.png,945,0.94,1.2,480,640,12.746986084404718,0.6712757349014282,32.337828343929885,0.9784165024757385,31.177377162689748,0.9802504181861877,-1.1604511812401377,0.0018339157104492188,0.85<=A<0.95,1.1<=beta<1.4,0.85<=A<0.95 | 1.1<=beta<1.4,baseline_middle_50
940,946_0.65_0.58.png,946,0.65,0.58,480,640,22.22495365008527,0.8258258700370789,41.9176709542146,0.9927020072937012,38.6566217663174,0.9915035367012024,-3.2610491878972,-0.0011984705924987793,0.65<=A<0.75,beta<0.8,0.65<=A<0.75 | beta<0.8,baseline_strongest_25
941,947_0.79_1.07.png,947,0.79,1.07,480,640,15.488640249573075,0.7221851944923401,35.52776281076228,0.9830068349838257,32.65349914977011,0.9844125509262085,-2.8742636609921703,0.0014057159423828125,0.75<=A<0.85,0.8<=beta<1.1,0.75<=A<0.85 | 0.8<=beta<1.1,baseline_middle_50
942,948_0.89_0.6.png,948,0.89,0.6,480,640,18.300459806252412,0.7805226445198059,35.17117163940529,0.9890357851982117,33.750398222002204,0.9884398579597473,-1.4207734174030833,-0.0005959272384643555,0.85<=A<0.95,beta<0.8,0.85<=A<0.95 | beta<0.8,baseline_middle_50
943,949_0.8_0.6.png,949,0.8,0.6,480,640,26.05232031501614,0.957367479801178,40.94013262078404,0.9952007532119751,40.0884401028668,0.995493471622467,-0.8516925179172432,0.00029271841049194336,0.75<=A<0.85,beta<0.8,0.75<=A<0.85 | beta<0.8,baseline_strongest_25
944,94_0.95_1.64.png,94,0.95,1.64,400,400,7.720275667640219,0.48265939950942993,27.348963309642215,0.9484239816665649,26.313142707108284,0.9427052140235901,-1.0358206025339314,-0.0057187676429748535,A>=0.95,1.4<=beta<1.7,A>=0.95 | 1.4<=beta<1.7,baseline_weakest_25
945,950_0.57_1.28.png,950,0.57,1.28,480,640,20.746032358054816,0.9347694516181946,37.10638791468064,0.9944716095924377,34.90320427038103,0.9940612316131592,-2.2031836442996067,-0.00041037797927856445,A<0.65,1.1<=beta<1.4,A<0.65 | 1.1<=beta<1.4,baseline_strongest_25
946,951_0.57_0.85.png,951,0.57,0.85,480,640,23.68113479594095,0.9550599455833435,39.31612560108042,0.9951928853988647,35.965768729120605,0.9952405095100403,-3.350356871959818,4.762411117553711e-05,A<0.65,0.8<=beta<1.1,A<0.65 | 0.8<=beta<1.1,baseline_strongest_25
947,952_0.97_1.33.png,952,0.97,1.33,480,640,17.377203984191848,0.9052741527557373,33.21063394943801,0.990393877029419,31.184987437035154,0.9886597990989685,-2.025646512402858,-0.0017340779304504395,A>=0.95,1.1<=beta<1.4,A>=0.95 | 1.1<=beta<1.4,baseline_middle_50
948,953_0.96_1.7.png,953,0.96,1.7,480,640,15.995082796351024,0.8710479140281677,28.602078513558165,0.9686365127563477,30.870194584897575,0.9753810167312622,2.26811607133941,0.006744503974914551,A>=0.95,beta>=1.7,A>=0.95 | beta>=1.7,baseline_weakest_25
949,954_0.75_1.19.png,954,0.75,1.19,480,640,21.83866249218614,0.9145307540893555,33.60003873982529,0.9800644516944885,37.71603020235552,0.9884756803512573,4.115991462530232,0.008411228656768799,0.75<=A<0.85,1.1<=beta<1.4,0.75<=A<0.85 | 1.1<=beta<1.4,baseline_middle_50
950,955_0.87_0.65.png,955,0.87,0.65,480,640,24.377166830496016,0.9356508851051331,33.3196680932907,0.9849565625190735,37.59975029937793,0.9879399538040161,4.280082206087229,0.002983391284942627,0.85<=A<0.95,beta<0.8,0.85<=A<0.95 | beta<0.8,baseline_middle_50
951,956_0.51_0.81.png,956,0.51,0.81,480,640,25.000324290965036,0.9464190006256104,35.72339587149911,0.9859904646873474,35.07725538567985,0.9909077286720276,-0.6461404858192594,0.004917263984680176,A<0.65,0.8<=beta<1.1,A<0.65 | 0.8<=beta<1.1,baseline_middle_50
952,957_0.55_0.69.png,957,0.55,0.69,480,640,21.617857190530252,0.8755776882171631,37.9072568232678,0.9957199692726135,41.21129537544618,0.9957959651947021,3.304038552178376,7.599592208862305e-05,A<0.65,beta<0.8,A<0.65 | beta<0.8,baseline_strongest_25
953,958_0.9_0.64.png,958,0.9,0.64,480,640,17.14002048469987,0.8437485098838806,36.936343683996185,0.9945400357246399,34.24508561299007,0.9937328100204468,-2.691258071006118,-0.0008072257041931152,0.85<=A<0.95,beta<0.8,0.85<=A<0.95 | beta<0.8,baseline_strongest_25
954,959_0.93_1.27.png,959,0.93,1.27,480,640,12.291168633512894,0.7382639646530151,34.06907034696931,0.9900047779083252,32.201059389033,0.9890941381454468,-1.8680109579363133,-0.000910639762878418,0.85<=A<0.95,1.1<=beta<1.4,0.85<=A<0.95 | 1.1<=beta<1.4,baseline_middle_50
955,95_0.86_0.62.png,95,0.86,0.62,400,400,14.823715489099587,0.737946629524231,30.367502576478714,0.9703734517097473,30.434557518203697,0.9714546799659729,0.06705494172498305,0.001081228256225586,0.85<=A<0.95,beta<0.8,0.85<=A<0.95 | beta<0.8,baseline_middle_50
956,960_0.78_0.97.png,960,0.78,0.97,480,640,16.14852971077773,0.805455207824707,36.51669668898481,0.993308961391449,35.623898941850996,0.9931640625,-0.8927977471338124,-0.0001448988914489746,0.75<=A<0.85,0.8<=beta<1.1,0.75<=A<0.85 | 0.8<=beta<1.1,baseline_strongest_25
957,961_0.68_1.73.png,961,0.68,1.73,480,640,16.606594333254417,0.8194050192832947,33.34505443854572,0.9895259141921997,31.940450807566506,0.988836407661438,-1.4046036309792171,-0.0006895065307617188,0.65<=A<0.75,beta>=1.7,0.65<=A<0.75 | beta>=1.7,baseline_middle_50
958,962_0.83_0.89.png,962,0.83,0.89,480,640,18.809934836225313,0.8983485698699951,34.00708817327156,0.9925482869148254,34.900661491757944,0.9940187335014343,0.8935733184863821,0.0014704465866088867,0.75<=A<0.85,0.8<=beta<1.1,0.75<=A<0.85 | 0.8<=beta<1.1,baseline_middle_50
959,963_0.66_0.84.png,963,0.66,0.84,480,640,21.085665954993175,0.9223059415817261,38.2508922179737,0.9942585229873657,37.081654146596755,0.9950296878814697,-1.1692380713769452,0.0007711648941040039,0.65<=A<0.75,0.8<=beta<1.1,0.65<=A<0.75 | 0.8<=beta<1.1,baseline_strongest_25
960,964_0.9_0.92.png,964,0.9,0.92,480,640,17.610720129593034,0.8861514329910278,32.22969920030018,0.9915306568145752,33.46677149662191,0.9932343363761902,1.2370722963217275,0.0017036795616149902,0.85<=A<0.95,0.8<=beta<1.1,0.85<=A<0.95 | 0.8<=beta<1.1,baseline_middle_50
961,965_0.88_1.49.png,965,0.88,1.49,480,640,14.49682636045048,0.8169651031494141,35.95899430565437,0.9900218844413757,37.24564625947936,0.9917187690734863,1.286651953824986,0.0016968846321105957,0.85<=A<0.95,1.4<=beta<1.7,0.85<=A<0.95 | 1.4<=beta<1.7,baseline_strongest_25
962,966_0.54_1.62.png,966,0.54,1.62,480,640,18.017356505429206,0.8462769985198975,39.51679098086811,0.9929115176200867,38.67515402143126,0.9940783381462097,-0.8416369594368476,0.0011668205261230469,A<0.65,1.4<=beta<1.7,A<0.65 | 1.4<=beta<1.7,baseline_strongest_25
963,967_0.89_0.68.png,967,0.89,0.68,480,640,19.854872244482703,0.889506995677948,39.49711940699807,0.9951868057250977,39.44581117836311,0.9954736828804016,-0.05130822863495865,0.0002868771553039551,0.85<=A<0.95,beta<0.8,0.85<=A<0.95 | beta<0.8,baseline_strongest_25
964,968_0.9_1.83.png,968,0.9,1.83,480,640,12.919531384150794,0.7874813079833984,34.439088717195844,0.9879547953605652,35.864465041399114,0.9891965985298157,1.4253763242032704,0.0012418031692504883,0.85<=A<0.95,beta>=1.7,0.85<=A<0.95 | beta>=1.7,baseline_middle_50
965,969_0.54_1.07.png,969,0.54,1.07,480,640,25.47172145248837,0.9554774761199951,33.38390419742244,0.9912113547325134,35.454763690756906,0.993254542350769,2.070859493334467,0.0020431876182556152,A<0.65,0.8<=beta<1.1,A<0.65 | 0.8<=beta<1.1,baseline_middle_50
966,96_0.6_1.11.png,96,0.6,1.11,400,400,12.952717840581284,0.666964054107666,29.78556120498928,0.9628818035125732,29.622124001619433,0.964496374130249,-0.16343720336984546,0.0016145706176757812,A<0.65,1.1<=beta<1.4,A<0.65 | 1.1<=beta<1.4,baseline_middle_50
967,970_0.74_1.09.png,970,0.74,1.09,480,640,22.89110500101406,0.9425447583198547,34.05708873732715,0.9898120164871216,36.99590748704076,0.9918156862258911,2.9388187497136116,0.0020036697387695312,0.65<=A<0.75,0.8<=beta<1.1,0.65<=A<0.75 | 0.8<=beta<1.1,baseline_middle_50
968,971_0.63_1.38.png,971,0.63,1.38,480,640,22.922422468515528,0.938774824142456,34.2047085317789,0.9899828433990479,36.04189348484162,0.9916513562202454,1.8371849530627244,0.0016685128211975098,A<0.65,1.1<=beta<1.4,A<0.65 | 1.1<=beta<1.4,baseline_middle_50
969,972_0.99_0.62.png,972,0.99,0.62,480,640,23.28002373359056,0.9516398310661316,31.264987002127825,0.9879856109619141,35.48970455934666,0.9917517900466919,4.224717557218838,0.003766179084777832,A>=0.95,beta<0.8,A>=0.95 | beta<0.8,baseline_middle_50
970,973_0.76_1.96.png,973,0.76,1.96,480,640,19.322398107843853,0.8972834348678589,32.497608409534365,0.9903748035430908,32.272369655459926,0.9900259375572205,-0.22523875407443938,-0.00034886598587036133,0.75<=A<0.85,beta>=1.7,0.75<=A<0.85 | beta>=1.7,baseline_middle_50
971,974_0.6_1.86.png,974,0.6,1.86,480,640,18.6336809982416,0.9139330983161926,35.758174510502485,0.9922493696212769,35.23653086496415,0.9923927187919617,-0.5216436455383331,0.00014334917068481445,A<0.65,beta>=1.7,A<0.65 | beta>=1.7,baseline_middle_50
972,975_0.9_1.51.png,975,0.9,1.51,480,640,19.606641948889084,0.9073198437690735,32.060559605070964,0.9907580614089966,33.329737244088,0.9904069304466248,1.2691776390170375,-0.00035113096237182617,0.85<=A<0.95,1.4<=beta<1.7,0.85<=A<0.95 | 1.4<=beta<1.7,baseline_middle_50
973,976_0.95_1.78.png,976,0.95,1.78,480,640,17.692261744446647,0.8866508603096008,30.629770202577483,0.9884359836578369,32.3711485284833,0.9888057112693787,1.7413783259058206,0.00036972761154174805,A>=0.95,beta>=1.7,A>=0.95 | beta>=1.7,baseline_middle_50
974,977_0.64_0.58.png,977,0.64,0.58,480,640,27.316929549541786,0.9319697022438049,42.99347396075163,0.9960479140281677,43.23151169491507,0.9965676665306091,0.23803773416344143,0.0005197525024414062,A<0.65,beta<0.8,A<0.65 | beta<0.8,baseline_strongest_25
975,978_0.6_0.57.png,978,0.6,0.57,480,640,28.252575064529438,0.936100959777832,43.11270412186709,0.9960858225822449,43.00425242262503,0.996596097946167,-0.10845169924206033,0.0005102753639221191,A<0.65,beta<0.8,A<0.65 | beta<0.8,baseline_strongest_25
976,979_0.72_1.66.png,979,0.72,1.66,480,640,17.74782471073177,0.8410917520523071,36.90743892987199,0.9917463064193726,36.28426739909778,0.9922342896461487,-0.6231715307742078,0.00048798322677612305,0.65<=A<0.75,1.4<=beta<1.7,0.65<=A<0.75 | 1.4<=beta<1.7,baseline_strongest_25
977,97_0.61_1.21.png,97,0.61,1.21,400,400,17.065765393491105,0.7973477840423584,35.24146263236416,0.9913522005081177,35.632767825443736,0.9916291236877441,0.39130519307957456,0.00027692317962646484,A<0.65,1.1<=beta<1.4,A<0.65 | 1.1<=beta<1.4,baseline_middle_50
978,980_0.83_1.9.png,980,0.83,1.9,480,640,15.214577853061893,0.8070942163467407,34.46978287055346,0.9883990287780762,35.088035047242954,0.9895179271697998,0.6182521766894951,0.0011188983917236328,0.75<=A<0.85,beta>=1.7,0.75<=A<0.85 | beta>=1.7,baseline_middle_50
979,981_0.69_0.63.png,981,0.69,0.63,480,640,23.68863802533916,0.8518256545066833,40.13538128266742,0.9922147989273071,41.59330582696021,0.99346923828125,1.4579245442927942,0.001254439353942871,0.65<=A<0.75,beta<0.8,0.65<=A<0.75 | beta<0.8,baseline_strongest_25
980,982_0.81_0.68.png,982,0.81,0.68,480,640,21.241114803302494,0.8279421925544739,39.69916468633432,0.9911516904830933,41.20369718560357,0.9930182099342346,1.5045324992692528,0.0018665194511413574,0.75<=A<0.85,beta<0.8,0.75<=A<0.85 | beta<0.8,baseline_strongest_25
981,983_0.6_1.97.png,983,0.6,1.97,480,640,16.704878604571853,0.74403977394104,37.740963887029004,0.9865307807922363,38.45869367639721,0.9874856472015381,0.7177297893682066,0.0009548664093017578,A<0.65,beta>=1.7,A<0.65 | beta>=1.7,baseline_strongest_25
982,984_0.75_1.79.png,984,0.75,1.79,480,640,14.938064133312645,0.7214066982269287,35.793551546872266,0.9841764569282532,37.720909173948755,0.9863771200180054,1.9273576270764892,0.0022006630897521973,0.75<=A<0.85,beta>=1.7,0.75<=A<0.85 | beta>=1.7,baseline_strongest_25
983,985_0.51_1.94.png,985,0.51,1.94,480,640,18.185561873457935,0.7903346419334412,39.31485728044249,0.9908413887023926,38.05792110097426,0.9910960793495178,-1.2569361794682266,0.00025469064712524414,A<0.65,beta>=1.7,A<0.65 | beta>=1.7,baseline_strongest_25
984,986_0.75_1.85.png,986,0.75,1.85,480,640,14.105118098097364,0.7302121520042419,36.64396890800806,0.9885870218276978,35.97590618293131,0.9887356758117676,-0.6680627250767515,0.00014865398406982422,0.75<=A<0.85,beta>=1.7,0.75<=A<0.85 | beta>=1.7,baseline_strongest_25
985,987_0.98_0.84.png,987,0.98,0.84,480,640,16.53017176893821,0.8086914420127869,39.147906116735996,0.9922352433204651,35.604197342196905,0.9909893870353699,-3.543708774539091,-0.0012458562850952148,A>=0.95,0.8<=beta<1.1,A>=0.95 | 0.8<=beta<1.1,baseline_strongest_25
986,988_0.99_1.47.png,988,0.99,1.47,480,640,12.46518087217001,0.7138090133666992,35.10594177218322,0.9870919585227966,31.84969403200563,0.9837023615837097,-3.256247740177592,-0.003389596939086914,A>=0.95,1.4<=beta<1.7,A>=0.95 | 1.4<=beta<1.7,baseline_middle_50
987,989_0.52_1.33.png,989,0.52,1.33,480,640,13.986808672852803,0.6734723448753357,34.35032995702922,0.9852137565612793,35.274600230280335,0.9863030314445496,0.9242702732511177,0.0010892748832702637,A<0.65,1.1<=beta<1.4,A<0.65 | 1.1<=beta<1.4,baseline_middle_50
988,98_0.88_0.57.png,98,0.88,0.57,400,400,18.634600046002067,0.8864022493362427,34.324926508080026,0.9923480153083801,35.87967962540788,0.9919252991676331,1.5547531173278557,-0.0004227161407470703,0.85<=A<0.95,beta<0.8,0.85<=A<0.95 | beta<0.8,baseline_middle_50
989,990_0.83_0.56.png,990,0.83,0.56,480,640,16.659500696065766,0.751977801322937,39.82174797887201,0.9909505844116211,41.49150081010227,0.9916068315505981,1.6697528312302623,0.0006562471389770508,0.75<=A<0.85,beta<0.8,0.75<=A<0.85 | beta<0.8,baseline_strongest_25
990,991_0.56_1.71.png,991,0.56,1.71,480,640,11.553788452591105,0.6058938503265381,32.592868538612315,0.9801548719406128,34.258645567113426,0.9816263914108276,1.665777028501111,0.0014715194702148438,A<0.65,beta>=1.7,A<0.65 | beta>=1.7,baseline_middle_50
991,992_0.7_0.53.png,992,0.7,0.53,480,640,18.59125719605998,0.7868024706840515,40.787405155302324,0.9921180605888367,42.72276826897674,0.992812991142273,1.9353631136744198,0.0006949305534362793,0.65<=A<0.75,beta<0.8,0.65<=A<0.75 | beta<0.8,baseline_strongest_25
992,993_0.73_0.6.png,993,0.73,0.6,480,640,22.716345572323636,0.930212140083313,34.97902263396484,0.995164692401886,37.31087264178601,0.9957781434059143,2.331850007821174,0.0006134510040283203,0.65<=A<0.75,beta<0.8,0.65<=A<0.75 | beta<0.8,baseline_middle_50
993,994_0.53_1.75.png,994,0.53,1.75,480,640,18.04195334254795,0.865784227848053,31.343042838357942,0.9907623529434204,35.20898780378099,0.9924778938293457,3.8659449654230507,0.001715540885925293,A<0.65,beta>=1.7,A<0.65 | beta>=1.7,baseline_middle_50
994,995_0.53_1.8.png,995,0.53,1.8,480,640,17.87043736193414,0.8624981641769409,31.861721850444876,0.9907404780387878,34.848779084372076,0.9921035766601562,2.9870572339271995,0.0013630986213684082,A<0.65,beta>=1.7,A<0.65 | beta>=1.7,baseline_middle_50
995,996_0.71_1.66.png,996,0.71,1.66,480,640,15.824133493605856,0.8403168320655823,29.280309729789934,0.9891805052757263,34.13114882297553,0.9918009042739868,4.8508390931855985,0.002620398998260498,0.65<=A<0.75,1.4<=beta<1.7,0.65<=A<0.75 | 1.4<=beta<1.7,baseline_middle_50
996,997_1.0_0.71.png,997,1.0,0.71,480,640,23.176595172174807,0.9708265066146851,32.57205832016239,0.9941577315330505,32.221139894676305,0.9934591054916382,-0.35091842548608554,-0.0006986260414123535,A>=0.95,beta<0.8,A>=0.95 | beta<0.8,baseline_middle_50
997,998_0.7_0.93.png,998,0.7,0.93,480,640,26.16513759208876,0.9753846526145935,35.548753256539925,0.9953880906105042,35.479775827012624,0.9948782920837402,-0.06897742952730113,-0.000509798526763916,0.65<=A<0.75,0.8<=beta<1.1,0.65<=A<0.75 | 0.8<=beta<1.1,baseline_middle_50
998,999_0.88_0.61.png,999,0.88,0.61,480,640,26.836168487838542,0.9809148907661438,36.152681411863455,0.9958512187004089,35.17054595282228,0.9952566623687744,-0.9821354590411744,-0.0005945563316345215,0.85<=A<0.95,beta<0.8,0.85<=A<0.95 | beta<0.8,baseline_strongest_25
999,99_0.75_1.69.png,99,0.75,1.69,400,400,13.212457622012476,0.6709049940109253,32.4936133771237,0.986925482749939,34.07395215782459,0.9886344075202942,1.5803387807008917,0.0017089247703552246,0.75<=A<0.85,1.4<=beta<1.7,0.75<=A<0.85 | 1.4<=beta<1.7,baseline_middle_50
1000,9_0.85_1.67.png,9,0.85,1.67,400,400,13.515392123859172,0.8282961249351501,35.71463653320213,0.9909101128578186,34.90706407230774,0.9911543130874634,-0.8075724608943915,0.0002442002296447754,0.85<=A<0.95,1.4<=beta<1.7,0.85<=A<0.95 | 1.4<=beta<1.7,baseline_middle_50
